# Blender 5.2.1 LTS
# www.blender.org
mtllib Cannons.mtl
o cannons
v -14.792980 27.880295 15.045537
v -13.466379 27.524048 14.702860
v -13.927806 28.046539 14.170184
v -14.972800 28.565651 14.655361
v -13.927806 28.046539 17.088034
v -13.466379 27.524048 16.555357
v -14.792980 27.880295 16.212675
v -14.972800 28.565651 16.602858
v -13.446021 28.426559 17.848030
v -14.358696 28.776009 17.335709
v -13.686913 29.118706 17.912495
v -14.358696 28.776009 13.925896
v -13.446021 28.426559 13.410187
v -13.686913 29.118706 13.349117
v -12.804774 28.246742 18.136423
v -12.994773 27.876900 17.386600
v -12.994773 27.876900 13.875007
v -12.804774 28.246742 13.125189
v -6.270154 30.713348 15.863212
v -5.673013 29.169601 15.126966
v -5.673013 29.166214 16.182144
v -6.307475 30.679398 14.970895
v -6.354974 30.686180 16.460354
v -8.455148 30.903343 17.773384
v -8.061575 30.017815 17.732672
v -8.224433 30.421547 17.912495
v -8.061575 30.017815 17.732672
v -8.176930 29.943169 18.160172
v -8.224433 30.421547 17.912495
v -8.444968 30.221382 18.401062
v -10.429782 29.980484 17.783566
v -11.488349 31.079765 17.328924
v -11.026922 31.408867 17.769995
v -11.009957 30.234940 17.878567
v -11.318707 30.543694 17.915888
v -11.488349 31.079765 17.328924
v -10.429782 29.980484 17.783566
v -11.695312 31.273163 17.953207
v -11.742812 33.135818 17.763208
v -12.567272 33.695648 17.742851
v -10.979423 33.705826 17.742851
v -10.399246 32.036545 17.780170
v -13.038878 33.325836 17.518923
v -13.846375 35.005280 17.569817
v -13.568163 36.087616 17.759815
v -13.038878 33.325836 17.518923
v -12.244953 32.782974 17.308569
v -12.275490 32.687973 17.966780
v -15.047443 35.877243 17.298388
v -15.512263 36.362427 17.315351
v -14.206016 35.551529 17.515530
v -15.539407 36.277618 16.368750
v -15.478334 36.057068 16.914995
v -15.929585 36.135101 16.239819
v -16.011013 36.175827 15.673213
v -15.539407 36.277618 16.368750
v -16.122976 36.447250 15.958216
v -15.929585 36.135101 15.021788
v -16.207798 36.420105 15.076074
v -15.383333 36.705109 13.488218
v -14.891373 35.856903 13.946256
v -14.121198 36.023163 13.478042
v -14.117804 35.585464 13.830900
v -16.000834 36.423492 13.973399
v -15.658155 35.989212 14.275364
v -16.143332 36.420105 14.356790
v -12.272097 32.762634 13.488218
v -13.388343 35.615997 13.478042
v -13.062628 33.308868 13.606972
v -13.842982 35.005280 13.695184
v -11.379778 37.441345 13.461080
v -10.053175 37.068146 13.478042
v -11.532456 38.286163 13.481437
v -12.353524 37.152969 13.505185
v -11.620671 37.305634 13.291437
v -13.113522 36.647430 13.298223
v -13.367987 36.572769 13.461080
v -10.389068 31.680298 13.457686
v -10.321212 29.966904 13.457686
v -8.611217 31.035652 13.501792
v -8.234612 32.073883 13.467863
v -11.318707 30.543694 13.345724
v -11.023529 30.231544 13.298223
v -11.695312 31.273163 13.305011
v -8.251576 30.414757 13.461080
v -8.411039 30.228157 12.877511
v -8.312647 31.005135 13.182865
v -7.586579 30.591179 13.193045
v -8.112469 30.017815 13.461080
v -7.016579 30.363869 13.593402
v -8.163360 29.970306 13.172688
v -6.500866 30.499580 14.210897
v -6.022478 31.612450 14.455182
v -5.991939 31.639587 15.232141
v -6.382116 31.486893 13.705364
v -6.802829 29.217102 13.525546
v -6.378725 29.420670 13.813937
v -6.015691 29.552979 14.441612
v -5.764619 29.251030 14.896252
v -6.561938 30.591179 17.108391
v -7.552651 30.221382 17.379814
v -6.952115 30.475838 16.338217
v -7.182828 30.340118 17.803921
v -7.569614 30.167091 18.000706
v -8.176930 29.943169 18.160172
v -10.053175 31.178162 17.783566
v -8.112469 31.927979 17.736065
v -8.265147 32.837265 17.746244
v -7.712111 33.006897 17.308569
v -7.545864 32.134933 17.315351
v -7.796933 30.920311 17.284819
v -7.647648 30.689575 16.368750
v -7.484790 32.202789 16.368750
v -6.541582 31.564926 16.338217
v -6.531403 31.819397 16.328032
v -7.769793 33.088318 16.368750
v -6.782473 32.721909 16.341606
v -6.144618 31.626030 15.978572
v -6.012295 31.968704 14.461969
v -5.988545 31.972092 15.232141
v -6.487297 33.040833 13.712147
v -6.287118 31.849945 13.705364
v -6.154796 32.094223 14.540005
v -6.259975 33.132431 15.205000
v -7.121759 31.799057 13.182865
v -7.929255 32.151901 13.176082
v -7.033543 32.155304 13.193045
v -7.152294 32.728683 13.162508
v -6.134439 31.921188 15.971786
v -6.399081 33.040833 15.951428
v -12.244953 32.782974 17.308569
v -8.848719 34.469223 17.729279
v -10.945494 37.627945 17.695353
v -10.351747 35.894211 17.742851
v -11.987097 36.152069 17.753029
v -9.313536 35.056198 17.739458
v -15.162799 36.803513 17.715708
v -14.691194 37.173325 17.749636
v -13.507092 36.857788 17.746244
v -12.316202 37.176697 17.749636
v -11.427279 38.014740 17.763208
v -8.424611 34.852600 17.294994
v -7.159079 33.838135 16.338217
v -8.390681 34.886536 16.368750
v -7.830862 35.429382 16.334822
v -6.721402 33.984039 15.948035
v -7.461041 35.687241 15.951428
v -6.616222 34.099396 15.218574
v -7.383007 35.782242 15.208393
v -7.545864 35.731354 13.820721
v -6.813007 34.011185 13.729114
v -7.511934 33.777069 13.162508
v -8.088718 35.354752 13.216795
v -8.180325 33.352982 13.179471
v -9.008178 35.273315 13.169295
v -8.485682 33.179932 13.467863
v -10.426389 35.778839 13.464468
v -9.252462 35.001892 13.457686
v -10.494245 36.107971 13.464468
v -11.223707 36.470993 13.461080
v -12.540131 35.887421 13.461080
v -10.178711 36.050278 13.199828
v -9.846211 36.172424 17.339102
v -8.889431 35.439575 17.305176
v -9.768177 36.236893 16.368750
v -8.865681 35.466721 16.368750
v -8.122646 35.778839 16.341606
v -7.796933 36.080826 15.954822
v -7.712111 36.141891 15.211786
v -8.383894 35.748322 13.196439
v -7.864790 36.101181 13.824114
v -9.605321 36.467606 13.176082
v -9.795321 36.698318 13.498399
v -9.052284 36.796722 13.844470
v -9.506929 37.234390 13.980186
v -9.350857 36.565994 16.338217
v -9.031927 36.830643 15.951428
v -8.909787 36.850998 15.208393
v -10.453532 37.760284 17.308569
v -10.368710 37.828140 16.368750
v -9.456035 37.312424 15.961609
v -9.340679 37.346359 15.059111
v -11.546026 36.538849 13.298223
v -12.472273 36.084213 13.315187
v -12.075312 39.538147 13.162508
v -12.913345 38.096161 13.159115
v -13.754767 39.531357 12.908048
v -14.565661 38.096161 13.159115
v -13.714055 37.024033 13.481437
v -14.524944 40.969910 13.148938
v -15.413871 39.527954 13.155722
v -15.909226 40.803650 13.481437
v -16.245119 39.541534 13.481437
v -15.902442 38.282776 13.481437
v -12.879416 40.946167 13.155722
v -13.710661 42.052231 13.481437
v -14.986372 41.726517 13.481437
v -11.539243 40.810440 13.481437
v -12.455310 41.726517 13.481437
v -11.196564 39.548309 13.481437
v -16.631905 37.950287 13.932682
v -10.199070 38.842606 13.956436
v -10.765673 38.818848 13.498399
v -10.565496 39.958847 13.963223
v -11.220314 41.624725 13.932682
v -13.303520 42.859711 13.963223
v -14.341733 42.761337 13.932682
v -16.268869 41.628128 13.915719
v -16.920294 40.508499 13.912326
v -17.059402 39.320969 13.932682
v -15.318871 42.415268 13.956436
v -12.004062 42.506866 13.932682
v -14.976193 37.359909 13.481437
v -10.049784 38.883316 14.366965
v -10.433176 40.016510 14.350002
v -11.057456 41.736694 14.333039
v -11.888703 42.686691 14.312683
v -13.283163 43.039551 14.305896
v -14.365482 42.988647 14.305896
v -15.430836 42.601868 14.326253
v -16.445297 41.801147 14.309289
v -17.134045 40.583130 14.295719
v -17.266365 39.307404 14.322859
v -16.764225 37.912949 14.339826
v -10.015856 38.927429 15.059111
v -10.406031 40.050446 15.059111
v -10.121034 38.859558 15.978572
v -10.501030 39.931702 15.971786
v -11.081209 41.777405 15.059111
v -11.871740 42.747757 15.059111
v -13.256022 43.090439 15.059111
v -14.392623 43.036163 15.059111
v -15.457977 42.656143 15.059111
v -16.475832 41.852036 15.059111
v -17.181545 40.610260 15.059111
v -17.252792 39.358307 15.059111
v -16.842258 37.916351 15.059111
v -11.155849 41.597580 15.965002
v -11.905669 42.584900 15.920896
v -13.211913 43.039551 15.927679
v -14.355304 42.995438 15.941252
v -15.424049 42.598480 15.941252
v -16.431725 41.787582 15.954822
v -17.117079 40.586533 15.934465
v -17.181545 39.344727 15.948035
v -16.764225 37.984207 15.961609
v -10.674067 38.754379 16.368750
v -10.809779 39.779022 16.368750
v -11.098172 41.156509 16.368750
v -12.153347 42.364365 16.368750
v -13.741199 42.642578 16.368750
v -15.254408 42.249008 16.368750
v -16.367260 41.102219 16.368750
v -16.743866 39.531357 16.368750
v -16.258690 37.784042 16.368750
v -10.735136 38.666168 17.244102
v -10.901387 39.673843 17.257675
v -11.203349 41.044556 17.261068
v -12.173703 42.177780 17.308569
v -12.153347 42.364365 16.368750
v -13.646197 42.544189 17.274639
v -13.741199 42.642578 16.368750
v -15.128871 42.204895 17.281425
v -15.254408 42.249008 16.368750
v -16.234941 41.088654 17.298388
v -16.367260 41.102219 16.368750
v -16.642082 39.565262 17.305176
v -16.743866 39.531357 16.368750
v -16.258690 37.784042 16.368750
v -16.224762 37.929932 17.318745
v -15.569942 38.014740 17.746244
v -11.189780 38.594910 17.644459
v -11.254242 39.555084 17.742851
v -11.552814 38.394730 18.146599
v -15.878692 39.446533 17.753029
v -15.556369 40.698471 17.749636
v -11.566384 40.705261 17.746244
v -12.407811 41.543304 17.749636
v -13.561376 41.855438 17.749636
v -14.714944 41.550095 17.749636
v -15.569942 38.387955 18.146599
v -14.714944 37.539734 18.149992
v -13.561376 37.227600 18.146599
v -12.397632 37.546524 18.149992
v -13.557982 39.551697 20.131414
v -12.479059 37.682251 20.131414
v -13.557982 37.393845 20.131414
v -14.636909 37.682251 20.131414
v -15.427443 38.472763 20.131414
v -15.715835 39.551697 20.131414
v -15.427443 40.630615 20.131414
v -14.640302 41.421158 20.131414
v -13.557982 41.706146 20.131414
v -12.479059 41.417770 20.131414
v -11.691918 40.627228 20.131414
v -11.400136 39.551697 20.131414
v -11.691918 38.472763 20.131414
v -13.561376 41.855438 17.749636
v -12.407811 41.543304 17.749636
v -13.557982 41.930069 19.754805
v -12.370488 41.611145 19.754805
v -11.566384 40.705261 17.746244
v -11.498529 40.739197 19.754805
v -11.254242 39.555084 17.742851
v -11.179601 39.551697 19.754805
v -11.552814 38.394730 18.146599
v -11.498529 38.360809 19.754805
v -12.397632 37.546524 18.149992
v -12.370488 37.488846 19.754805
v -13.561376 37.227600 18.146599
v -13.557982 37.169922 19.754805
v -14.714944 37.539734 18.149992
v -14.748873 37.488846 19.754805
v -15.569942 38.387955 18.146599
v -15.617441 38.360809 19.754805
v -15.936370 39.551697 19.754805
v -15.878692 39.446533 17.753029
v -15.556369 40.698471 17.749636
v -15.620834 40.739197 19.754805
v -14.714944 41.550095 17.749636
v -14.748873 41.611145 19.754805
v -13.561376 41.855438 17.749636
v -13.557982 41.930069 19.754805
v -13.557982 41.706146 20.131414
v -12.479059 41.417770 20.131414
v -11.691918 40.627228 20.131414
v -11.400136 39.551697 20.131414
v -13.557982 37.393845 20.131414
v -14.636909 37.682251 20.131414
v -15.427443 38.472763 20.131414
v -15.715835 39.551697 20.131414
v -15.427443 40.630615 20.131414
v -14.640302 41.421158 20.131414
v -13.557982 41.706146 20.131414
v -7.796933 28.857430 18.173740
v -8.153181 29.054245 18.299278
v -7.766399 28.881180 13.142152
v -8.146397 29.061028 12.965723
v -6.392294 29.050850 14.271970
v -5.822299 28.840469 14.774110
v -6.392294 29.050850 17.040533
v -6.015691 29.569939 16.884460
v -5.822299 28.840469 16.538391
v -5.744260 29.244247 16.399286
v -12.692808 27.378174 16.823393
v -11.057456 27.479958 17.776779
v -11.715671 27.371376 16.565535
v -11.766562 27.157616 15.629107
v -13.055844 26.872627 15.629107
v -15.654762 35.999390 16.982855
v -15.478334 36.057068 16.914995
v -15.047443 35.877243 17.298388
v -15.105121 35.694031 17.522316
v -14.206016 35.551529 17.515530
v -14.412981 35.412430 17.922674
v -16.241726 35.317444 15.629107
v -16.197618 35.700806 15.629107
v -16.184048 35.327606 16.032858
v -16.106010 35.666901 16.365356
v -15.814227 35.524384 17.101603
v -15.912620 33.621017 16.124464
v -15.977084 33.607437 15.629107
v -15.301908 33.834747 16.972675
v -15.478334 33.671890 17.016785
v -16.150118 33.553162 16.341606
v -16.577618 33.464951 15.629107
v -16.818508 32.613327 15.629107
v -16.296013 32.704941 16.419641
v -15.580119 32.877975 17.098209
v -17.022079 31.520836 15.629107
v -16.458868 31.605667 16.551964
v -15.675121 31.748154 17.291601
v -16.092442 29.434250 15.629107
v -15.614048 29.641190 16.589285
v -14.918514 29.895668 17.342495
v -15.461370 28.311195 15.629107
v -14.908336 31.863510 17.803921
v -15.050835 32.375824 17.678389
v -14.165304 30.116203 17.929457
v -14.996550 27.707260 15.629107
v -13.812448 27.086365 15.629107
v -11.013351 27.839592 18.577492
v -14.871016 34.316544 17.579992
v -15.244228 35.242783 17.573210
v -14.141554 34.832245 18.051600
v -13.479949 33.257965 18.075354
v -14.100839 32.660828 17.932850
v -13.846375 35.005280 17.569817
v -14.338339 32.056915 17.997313
v -13.697091 30.309601 18.170349
v -13.239057 29.410484 18.248384
v -13.724234 32.386002 18.129635
v -13.076200 30.642090 18.211065
v -12.553702 29.403702 18.336601
v -12.692808 29.257812 18.377314
v -11.793705 29.312096 18.781063
v -9.683354 28.487617 18.550350
v -10.226211 29.688705 18.713205
v -11.871740 29.413887 18.631775
v -12.570665 30.947441 18.543562
v -13.310307 32.874573 18.451956
v -11.946383 31.130653 18.502850
v -12.516380 32.671021 18.496063
v -11.542635 30.407974 18.499453
v -11.203349 30.078873 18.492670
v -10.395853 29.763336 18.499453
v -11.715671 27.371376 14.692683
v -11.060850 27.517265 13.508578
v -12.692808 27.378174 14.438219
v -15.105121 35.694031 13.739294
v -14.412981 35.412430 13.338937
v -16.106010 35.666901 14.896252
v -16.184048 35.327606 15.228749
v -15.814227 35.524384 14.160007
v -15.912620 33.621017 15.137143
v -15.301908 33.834747 14.285540
v -15.478334 33.671890 14.241434
v -16.150118 33.553162 14.916608
v -16.296013 32.704941 14.838576
v -15.580119 32.877975 14.163402
v -16.458868 31.605667 14.706253
v -15.675121 31.748154 13.966616
v -15.614048 29.641190 14.672323
v -14.918514 29.895668 13.915719
v -14.908336 31.863510 13.454293
v -15.050835 32.375824 13.579828
v -14.165304 30.116203 13.332150
v -11.013351 27.839592 12.684119
v -15.244228 35.242783 13.688397
v -14.871016 34.316544 13.678221
v -14.141554 34.832245 13.206614
v -13.479949 33.257965 13.182865
v -14.100839 32.660828 13.325367
v -14.338339 32.056915 13.264295
v -13.697091 30.309601 13.091258
v -13.239057 29.410484 13.009830
v -13.724234 32.386002 13.128582
v -13.076200 30.642090 13.047150
v -12.553702 29.403702 12.925010
v -12.692808 29.257812 12.880904
v -11.793705 29.312096 12.477154
v -9.683354 28.487617 12.707870
v -10.226211 29.688705 12.545010
v -11.871740 29.413887 12.626439
v -12.570665 30.947441 12.714656
v -13.310307 32.874573 12.806257
v -11.946383 31.130653 12.755368
v -12.516380 32.671021 12.765545
v -11.542635 30.407974 12.758761
v -11.203349 30.078873 12.768938
v -10.395853 29.763336 12.762151
v -6.341403 29.451195 17.461246
v -6.789258 29.251030 17.837851
v -6.826579 28.803162 17.803921
v -6.826579 28.803162 13.505185
v -8.064968 28.609764 12.830008
v -7.220150 29.084770 18.031242
v -7.796933 28.857430 18.173740
v -8.064968 28.609764 18.482489
v -8.841931 23.398346 15.995535
v -6.164974 22.852089 15.656249
v -8.875859 23.405136 14.214291
v -8.577288 23.510315 16.640177
v -7.813899 23.853004 17.009998
v -6.802829 24.311028 17.030354
v -5.937654 24.707993 16.982855
v -5.567832 24.881027 16.596071
v -5.377835 24.976028 15.917502
v -8.638362 23.520500 13.573042
v -7.881755 23.869972 13.216795
v -6.860507 24.334778 13.226972
v -5.981761 24.731743 13.301619
v -5.601764 24.901382 13.708754
v -5.394800 24.986206 14.400900
v -6.114083 27.391739 17.254282
v -6.585688 27.398521 17.593565
v -5.774797 27.727623 16.551964
v -6.114083 27.391739 14.058217
v -6.585688 27.398521 13.715540
v -5.774797 27.727623 14.757147
v -8.064968 28.609764 18.482489
v -9.147287 28.511375 18.434990
v -9.147287 28.511375 12.877511
v -10.110855 28.053322 13.067510
v -10.110855 28.053322 18.241598
v -10.629961 26.686028 13.440723
v -10.752103 26.743698 14.305896
v -10.117640 25.814072 13.644292
v -10.239782 25.885307 14.455182
v -10.239782 25.372986 14.746966
v -10.806387 25.854767 14.740179
v -10.239782 25.885307 16.853924
v -10.752103 26.743698 17.003212
v -10.117640 25.814072 17.668209
v -10.629961 26.686028 17.868387
v -10.246569 25.389961 16.592678
v -10.806387 25.854767 16.568928
v -11.484956 26.723335 16.555357
v -11.488349 26.692810 14.767323
v -6.565331 27.093155 17.661423
v -7.494969 26.509605 17.939638
v -7.291399 27.123695 18.204277
v -7.494969 26.509605 17.939638
v -8.061575 26.394241 18.112673
v -7.291399 27.123695 18.204277
v -8.645146 25.902275 17.881958
v -9.062466 26.153343 18.180527
v -9.883533 25.552818 17.440887
v -9.747821 26.821732 18.455345
v -9.832640 27.747978 18.475702
v -9.574785 26.852272 18.631775
v -9.038714 28.345123 18.889633
v -7.623898 27.788689 18.774277
v -8.183716 28.348526 18.896416
v -9.639248 27.676743 18.784452
v -8.899610 26.373878 18.529993
v -8.146397 26.502808 18.540169
v -7.627292 27.042267 18.641954
v -7.376222 27.951538 18.455345
v -7.376222 27.951538 18.455345
v -9.137110 23.873360 16.246605
v -9.147287 23.876755 14.533217
v -9.147287 23.876755 14.533217
v -9.883533 25.552818 13.868220
v -8.892824 24.002281 13.912326
v -5.404979 25.719070 16.182144
v -5.411764 25.719070 14.635004
v -5.639085 25.610497 13.939472
v -6.565331 27.093155 13.651078
v -6.066584 25.400124 13.545902
v -7.494969 26.509605 13.372867
v -7.026758 24.925140 13.508578
v -8.645146 25.902275 13.427150
v -8.109075 24.392464 13.539116
v -5.411764 25.719070 14.635004
v -5.404979 25.719070 16.182144
v -5.639085 25.610497 13.939472
v -6.066584 25.400124 13.545902
v -7.026758 24.925140 13.508578
v -8.109075 24.392464 13.539116
v -8.892824 24.002281 13.912326
v -7.376222 27.951538 12.853758
v -7.623898 27.788689 12.538226
v -8.183716 28.348526 12.416080
v -7.291399 27.123695 13.108227
v -8.899610 26.373878 12.782508
v -8.061575 26.394241 13.196439
v -8.146397 26.502808 12.768938
v -9.062466 26.153343 13.128582
v -7.627292 27.042267 12.667156
v -9.574785 26.852272 12.677333
v -9.747821 26.821732 12.853758
v -9.639248 27.676743 12.528047
v -9.832640 27.747978 12.836794
v -9.038714 28.345123 12.422872
v -9.137110 23.873360 16.246605
v -8.879252 23.998886 16.870888
v -5.625514 25.607094 16.874281
v -6.046227 25.400124 17.264462
v -7.006399 24.925140 17.291601
v -7.006399 24.925140 17.291601
v -8.092112 24.389061 17.250889
v -5.625514 25.607094 16.874281
v -6.046227 25.400124 17.264462
v -7.006399 24.925140 17.291601
v -8.092112 24.389061 17.250889
v -8.879252 23.998886 16.870888
v -11.559594 50.052536 22.553902
v -11.359415 50.466446 22.275690
v -11.359415 49.835403 22.374079
v -13.378160 53.323257 21.865152
v -15.481723 53.676102 21.529263
v -14.379050 53.591278 22.608183
v -15.342618 53.648956 22.296045
v -13.337443 53.543777 22.733725
v -12.767447 53.363968 22.014439
v -11.505310 53.489487 22.231583
v -11.128702 53.496277 21.519081
v -12.085485 53.357162 22.004263
v -11.050666 52.956802 21.770155
v -12.285664 53.513260 22.614969
v -13.330660 53.543777 17.831060
v -14.375656 53.594666 17.949812
v -13.432445 53.397888 18.791237
v -14.117801 53.462357 18.865881
v -13.462981 52.834671 18.475700
v -12.285664 53.516647 17.953205
v -12.458698 53.377533 18.686058
v -12.465485 52.780396 18.394274
v -11.498526 52.793961 18.458736
v -11.128702 53.499664 19.049091
v -11.505310 53.489487 18.339993
v -11.064240 52.946625 18.699629
v -15.342618 53.648956 18.272131
v -15.481723 53.676102 19.038916
v -14.168694 52.776993 18.865881
v -15.122083 52.776993 19.055880
v -14.511371 52.810913 21.712473
v -14.155121 52.787170 21.722654
v -10.623168 53.038239 21.183193
v -10.667275 53.031448 19.364626
v -15.647974 52.732895 21.217121
v -15.671725 52.770218 19.347662
v -16.173866 53.598083 19.371418
v -15.597081 53.927170 18.977848
v -16.173866 53.604843 21.206944
v -15.597081 53.923782 21.593729
v -16.306187 54.487000 21.189980
v -16.007616 55.565918 21.196766
v -15.549581 54.894119 21.549623
v -15.651366 56.217346 21.193371
v -15.461367 56.006989 21.474976
v -10.297457 53.832169 19.378199
v -10.891204 53.757538 18.977848
v -10.294064 53.845734 21.196766
v -10.891204 53.754150 21.593729
v -10.691026 54.680374 21.719261
v -10.321208 54.985733 21.217121
v -10.707992 56.010376 21.203548
v -11.155846 56.234299 21.970333
v -10.687633 54.537872 18.899807
v -10.263528 54.968765 19.401949
v -10.687633 55.993408 19.388380
v -11.135489 56.156281 18.686058
v -11.664774 56.237701 18.278915
v -11.552810 55.949326 18.343382
v -12.743697 56.373413 18.000704
v -12.306021 55.905197 17.736063
v -13.303516 56.237701 17.827667
v -14.032979 56.437866 18.058380
v -14.304405 56.034134 17.756420
v -15.295115 56.230911 18.499451
v -15.396902 55.895035 18.272131
v -11.827632 56.264832 22.414797
v -11.559594 55.956100 22.207832
v -14.538514 56.268234 22.401222
v -13.853157 56.278412 22.608183
v -14.426547 56.044296 22.716757
v -13.300125 56.220734 22.726938
v -12.719948 56.254669 22.560688
v -12.214416 55.945923 22.716757
v -15.267975 56.203781 22.048368
v -15.386724 55.898422 22.302830
v -15.474937 55.779663 19.086416
v -15.576724 54.785553 18.937130
v -15.488510 54.887344 18.071957
v -13.334053 56.169830 23.215506
v -12.519772 55.803421 23.303724
v -14.134765 55.895035 23.201931
v -12.319592 55.080750 23.432648
v -12.319592 55.087524 23.432648
v -12.699591 54.344482 23.524258
v -13.425658 54.052719 23.520864
v -13.395123 53.798233 23.015327
v -14.199228 54.415741 23.412292
v -14.562264 54.429306 23.062832
v -14.453693 55.189331 23.283365
v -14.748869 55.321625 22.967827
v -15.488510 54.924667 22.489437
v -15.495295 53.913605 22.411402
v -11.936201 55.202866 22.984791
v -14.640298 55.138412 17.484991
v -14.450299 53.869492 17.698744
v -14.328156 54.263062 17.464634
v -15.498688 53.913605 18.160170
v -16.275654 54.514130 19.361233
v -11.356025 53.771103 22.363903
v -12.187272 53.791458 22.849079
v -12.177093 54.354675 23.073008
v -11.193167 54.724487 22.452114
v -14.450299 53.869492 22.869434
v -15.644580 56.220734 19.368019
v -15.997438 55.569305 19.371418
v -14.467264 55.175751 17.288206
v -13.364590 54.056107 17.030352
v -12.292449 55.172348 17.145708
v -12.591020 54.415741 17.043924
v -13.391730 53.859299 17.505352
v -14.192442 54.419128 17.145708
v -12.377272 54.229126 17.457851
v -12.187272 53.791458 17.719099
v -11.182989 54.575211 18.136419
v -11.356025 53.771103 18.207668
v -14.073692 55.962891 17.362848
v -13.313696 56.213959 17.359455
v -12.574056 55.888229 17.271242
v -12.034592 55.118057 17.484991
v -13.082984 58.022324 20.423195
v -14.942261 58.073227 21.013552
v -14.945654 58.073227 19.564804
v -14.694584 58.066437 19.042309
v -13.924409 58.046066 18.726776
v -12.855661 58.015549 18.696236
v -11.909057 57.991806 18.723383
v -11.495130 57.978226 19.052486
v -11.274594 57.974838 19.636059
v -11.305131 57.974838 21.084799
v -11.576560 57.981613 21.614084
v -12.071914 57.995209 21.892298
v -12.726734 58.012146 21.943190
v -13.568159 58.035919 21.943190
v -14.212799 58.052872 21.878725
v -14.731906 58.066437 21.522476
v -12.726734 58.012146 21.943190
v -12.071914 57.995209 21.892298
v -13.568159 58.035919 21.943190
v -14.212799 58.052872 21.878725
v -14.731906 58.066437 21.522476
v -14.694584 58.066437 19.042309
v -13.924409 58.046066 18.726776
v -12.855661 58.015549 18.696236
v -11.909057 57.991806 18.723383
v -11.576560 57.981613 21.614084
v -11.495130 57.978226 19.052486
v -11.305131 57.974838 21.084799
v -11.274594 57.974838 19.636059
v -14.945654 58.073227 19.564804
v -14.942261 58.073227 21.013552
v -14.945654 58.073227 19.564804
v -15.644580 56.220734 19.368019
v -11.016741 52.268051 21.196766
v -11.020132 52.312164 19.283201
v -15.983869 52.793961 20.609800
v -16.173866 53.598083 19.371418
v -15.949938 52.797348 19.863377
v -15.997438 55.569305 19.371418
v -16.275654 54.514130 19.361233
v -15.949938 52.797348 19.863377
v -11.539239 52.315552 18.431593
v -12.482449 52.332535 18.373917
v -13.476554 52.356277 18.451954
v -14.175478 52.264679 18.865881
v -15.118690 52.274857 19.049091
v -15.569938 52.261292 19.323914
v -15.878690 52.285034 19.710697
v -16.017794 52.281647 20.311234
v -15.983869 52.793961 20.609800
v -15.875296 52.271469 20.904980
v -15.875296 52.271469 20.904980
v -15.512259 52.268051 21.349445
v -14.552085 52.274857 21.695511
v -14.063514 52.274857 21.722654
v -13.364590 52.726105 22.055155
v -12.760662 52.749847 22.224796
v -11.362809 52.743057 21.970333
v -12.082094 52.756622 22.221405
v -13.398518 51.358780 22.048368
v -13.910836 51.365555 21.736223
v -13.486732 50.476624 22.319796
v -14.114408 50.463058 21.851583
v -14.070300 49.821838 21.878725
v -14.538514 49.631836 21.770155
v -13.442624 50.083084 22.645512
v -12.777625 50.520737 22.530151
v -12.160129 50.524155 22.526758
v -12.801377 51.365555 22.234972
v -12.109235 51.372360 22.231583
v -11.430668 51.324860 22.007656
v -11.026918 51.321472 21.739618
v -10.755490 50.361282 21.773546
v -11.030311 51.379150 18.764095
v -11.267810 51.277359 18.536777
v -10.731741 50.429153 18.784451
v -11.512095 50.045761 18.363741
v -12.529949 50.106812 18.278915
v -13.496909 50.103424 18.407846
v -14.226371 50.106812 18.791237
v -15.237438 50.110214 18.899807
v -15.695476 50.110214 19.286594
v -15.932974 50.110214 19.697128
v -15.593687 50.059326 21.383371
v -15.926189 50.106812 20.888020
v -15.926189 50.106812 20.888020
v -16.075474 50.106812 20.294270
v -10.830133 48.987198 21.590336
v -10.870848 49.041473 18.926950
v -11.054059 49.340042 18.621595
v -15.977081 39.270081 20.446945
v -16.581007 38.632233 20.087305
v -15.861726 38.489731 20.613194
v -16.750650 38.812057 19.988913
v -17.052614 40.121674 20.022842
v -16.014404 40.393112 20.362125
v -16.502974 41.078461 20.318020
v -17.049221 40.389725 20.066948
v -16.041544 41.410965 20.491056
v -11.759772 40.094528 21.512295
v -11.176204 40.362579 21.111942
v -11.474773 40.389725 20.908375
v -14.918510 40.169174 19.992302
v -14.419763 38.978302 19.982124
v -12.787804 40.209900 19.988913
v -12.855661 39.242935 19.985518
v -11.797094 39.049545 19.999088
v -11.712272 40.237045 19.995695
v -12.312807 38.330261 19.985518
v -13.011731 37.882401 19.999088
v -13.876906 37.770447 20.019449
v -14.694584 38.031708 20.016052
v -15.376546 38.737411 19.988913
v -15.627618 39.354904 19.992302
v -15.678511 40.203110 20.005875
v -14.942261 37.594009 20.446945
v -14.942261 37.594009 20.446945
v -15.861726 38.489731 20.613194
v -14.891369 37.726334 20.986406
v -13.859944 37.237778 20.446945
v -12.801377 37.397232 20.426588
v -11.942986 37.987595 20.440159
v -11.454416 38.856155 20.460518
v -11.339060 40.213287 20.416409
v -11.583344 38.974899 21.013552
v -11.942986 37.987595 20.440159
v -12.068522 38.058823 20.986406
v -12.801377 37.397232 20.426588
v -12.835305 37.526169 20.989801
v -13.809051 37.376877 20.999979
v -13.859944 37.237778 20.446945
v -15.142440 38.323471 21.447832
v -14.032979 37.845093 21.471582
v -13.161017 37.872253 21.464794
v -12.417985 38.340439 21.471582
v -12.027807 39.120789 21.488544
v -12.282270 39.816330 21.705692
v -12.923519 39.449921 21.814264
v -14.528334 38.584732 21.712473
v -13.703874 39.008835 21.838011
v -14.776011 41.472046 19.137306
v -15.424046 40.969894 19.564804
v -11.902272 40.983459 19.537663
v -12.641913 41.509354 19.123735
v -15.817618 41.492386 19.615702
v -15.413867 42.055618 19.188202
v -14.735297 42.360962 18.869274
v -12.652091 42.350800 18.876057
v -11.817451 41.984344 19.289984
v -11.440845 41.271866 19.795517
v -11.332274 41.889343 20.287483
v -11.332274 43.202393 20.287483
v -11.444239 43.219360 19.741234
v -11.284775 43.429703 19.683554
v -11.793701 43.195587 19.259451
v -11.152452 43.439896 20.287483
v -11.108346 44.332199 20.297665
v -11.271201 44.322021 19.289984
v -11.430668 41.665421 20.837122
v -11.481559 41.957214 20.921944
v -11.525666 43.215958 21.003370
v -11.712272 42.330429 21.251047
v -11.695309 43.226135 21.230690
v -11.661381 43.446655 19.157665
v -11.362809 43.422913 21.054262
v -11.586738 43.504349 21.461405
v -11.542631 42.310074 21.458014
v -11.244061 41.916504 21.125517
v -11.166023 41.638290 21.044085
v -11.237273 45.058273 20.952480
v -11.712272 44.206680 19.052486
v -12.648698 43.080246 18.886238
v -11.247454 44.664703 21.149267
v -10.619777 44.522202 21.437656
v -11.237273 47.005768 20.959265
v -11.101562 47.107544 20.301054
v -11.101562 47.697906 20.178909
v -11.257631 47.097382 19.293377
v -11.244061 47.728424 19.283201
v -11.678344 47.107544 19.045702
v -10.609598 44.953094 21.234085
v -10.592633 47.158432 21.278191
v -10.592633 48.043976 20.165340
v -10.596027 48.098267 19.038916
v -11.447630 48.064331 18.631771
v -11.535844 47.758972 19.042309
v -12.675840 47.107544 18.882843
v -12.767447 47.725067 18.794630
v -14.796371 47.100769 18.889631
v -14.837084 47.731812 18.848913
v -14.769227 43.073456 18.882843
v -15.424046 43.107391 19.164452
v -15.844761 43.134552 19.625877
v -16.007616 43.134552 20.480875
v -15.563152 43.199005 21.305334
v -15.739584 42.133636 21.115335
v -15.318868 42.398270 21.478369
v -14.429940 43.202393 21.936401
v -15.396902 48.230591 19.171240
v -15.902439 48.573273 19.588558
v -15.858333 47.165222 19.649628
v -15.447796 47.134674 19.184807
v -16.068689 48.661469 20.324802
v -16.004225 47.185593 20.504625
v -15.956725 48.586838 20.928730
v -15.536010 47.229706 21.329086
v -15.593687 48.352722 21.424082
v -15.064403 47.898087 21.637835
v -14.457084 47.270432 22.021225
v -16.180653 48.692017 18.648739
v -14.457084 47.270432 22.021225
v -15.064403 47.898087 21.637835
v -15.176367 47.948975 22.082294
v -15.593687 48.352722 21.424082
v -16.078869 48.647903 21.814264
v -16.604759 48.702179 19.418913
v -16.774401 48.719147 20.263733
v -16.581007 48.719147 21.166229
v -15.956725 48.586838 20.928730
v -16.581007 48.719147 21.166229
v -15.780296 48.471466 18.353561
v -15.525831 48.352722 18.265345
v -15.159404 48.047363 18.306063
v -12.736912 48.054153 18.401060
v -14.111014 50.011826 17.905704
v -12.675840 50.018600 17.946421
v -11.522273 49.943970 18.194096
v -15.128867 50.011826 17.881954
v -15.067796 49.010941 17.844631
v -12.658876 49.024521 17.983742
v -15.759939 50.008423 18.051596
v -15.549581 50.005051 17.922672
v -16.370651 49.991470 18.750525
v -16.669222 49.920227 19.418913
v -16.882973 49.943970 20.301054
v -16.560650 49.937180 21.257835
v -16.560650 49.937180 21.257835
v -15.885473 49.974518 22.082294
v -14.854047 49.496109 22.421583
v -13.982086 49.852356 22.601400
v -16.068689 49.065216 22.034794
v -16.676008 49.078796 21.230690
v -16.676008 49.078796 21.230690
v -16.940649 49.085587 20.277304
v -16.757435 49.058441 19.388380
v -16.370651 49.068604 18.682665
v -14.999940 48.580048 22.645512
v -14.915119 48.339157 22.611578
v -14.107621 48.746292 22.988184
v -15.759939 49.041473 17.946421
v -15.532618 49.007553 17.844631
v -11.393346 49.041473 18.272131
v -10.986204 49.167023 18.468916
v -10.579062 48.586838 18.950705
v -15.810832 38.092758 20.983015
v -16.329937 38.153824 20.653908
v -16.581007 38.632233 20.087305
v -16.869400 38.320084 20.348553
v -16.750650 38.812057 19.988913
v -17.062792 38.527054 20.216230
v -17.052614 40.121674 20.022842
v -17.459755 40.159012 20.290876
v -16.041544 41.410965 20.491056
v -15.739584 42.133636 21.115335
v -16.194223 41.767212 20.854086
v -16.502974 41.078461 20.318020
v -16.832079 41.275269 20.599625
v -17.049221 40.389725 20.066948
v -17.469933 40.430435 20.321409
v -14.823511 42.293091 22.346935
v -15.434226 41.801147 22.143368
v -15.318868 42.398270 21.478369
v -16.058512 41.343124 21.905865
v -16.662437 40.929184 21.651405
v -14.429940 43.202393 21.936401
v -14.114408 42.903824 22.550508
v -14.185656 47.630066 22.526758
v -14.026194 48.430740 23.028898
v -13.703874 47.792908 23.140863
v -13.714051 44.942917 23.066223
v -13.490123 43.745255 22.988184
v -13.429051 42.656143 22.998363
v -14.012623 42.137024 22.903366
v -14.755656 41.577209 22.733725
v -15.386724 41.139542 22.543722
v -16.031366 40.773117 22.289259
v -16.621723 40.423645 21.987299
v -17.195112 40.274368 21.420691
v -11.583344 48.692017 23.171400
v -11.834415 47.789520 23.391933
v -13.605480 48.461288 23.232468
v -13.313696 47.806473 23.402111
v -11.875129 49.882904 22.818542
v -11.583344 49.041473 23.073008
v -13.483338 49.848969 22.825329
v -13.666550 48.770035 23.147650
v -10.612990 48.559677 21.671761
v -10.921740 48.800568 22.659081
v -11.121919 48.977020 22.859259
v -11.159240 48.630920 22.954258
v -11.549417 47.806473 23.242649
v -13.374767 44.919159 23.324080
v -11.861559 45.007370 23.344437
v -11.579950 45.034515 23.201931
v -12.560483 43.657028 22.981398
v -12.557090 41.617935 23.001759
v -12.879412 41.085251 23.018721
v -13.439230 40.667938 22.998363
v -14.233158 40.213287 22.923721
v -15.030476 39.823105 22.750687
v -15.715832 39.477051 22.475864
v -16.319759 39.215790 22.119617
v -11.837810 40.555969 22.343544
v -12.319592 40.250626 22.530151
v -13.035483 39.843475 22.638725
v -13.866729 39.358292 22.648903
v -14.738690 38.913834 22.536938
v -15.417260 38.615265 22.285868
v -16.014404 38.421860 21.970333
v -16.523329 38.496521 21.627655
v -16.804935 38.588120 21.413908
v -16.933865 38.866333 21.396944
v -17.222256 40.040253 21.373196
v -11.610487 40.545792 22.055155
v -10.606205 47.738617 22.435152
v -10.609598 47.416306 22.536938
v -10.616384 44.983643 22.472475
v -11.953164 43.609528 22.441938
v -11.929415 41.987747 22.343544
v -11.620667 41.600967 22.017832
v -21.012058 54.846649 11.360908
v -21.368309 54.917877 10.991087
v -21.744915 54.181641 11.516975
v -22.209734 53.991638 11.472870
v -22.247055 54.419128 13.311792
v -21.816166 54.860199 12.941972
v -22.640625 53.930573 13.254113
v -21.317417 54.975555 12.473760
v -22.579556 54.005203 14.048041
v -22.793306 53.788071 13.790186
v -21.663486 54.945023 16.816605
v -22.148663 54.473434 16.304281
v -22.725445 53.713425 16.341604
v -22.457409 54.130753 15.815712
v -23.309015 53.140030 15.571429
v -22.718662 53.852539 14.852143
v -23.105446 53.404678 14.787678
v -19.753317 54.568420 16.389105
v -19.919565 55.168961 16.809818
v -19.709211 54.106995 15.754642
v -19.715996 53.886459 14.821612
v -19.732958 54.022171 14.014111
v -19.814388 54.446274 13.308399
v -20.245279 55.050217 12.830007
v -14.691189 54.476822 13.352506
v -14.837082 55.043427 12.877510
v -14.826903 54.928070 16.453566
v -14.891368 55.311447 16.755531
v -19.525995 54.341095 15.859818
v -19.485283 54.185043 13.841076
v -18.070467 54.110382 15.473036
v -18.080645 54.052719 14.244826
v -18.341894 53.920380 14.421255
v -18.335108 53.944138 15.279644
v -13.961728 54.242706 15.578213
v -13.995656 54.056107 14.346608
v -15.434224 55.603241 17.746244
v -13.089767 55.637177 16.850531
v -11.199952 55.562515 17.712315
v -15.627616 55.314850 17.216963
v -13.120301 54.870377 16.385712
v -13.110123 55.382706 12.826616
v -14.399405 55.426819 12.120906
v -12.136377 55.433594 12.093762
v -14.864223 55.080750 12.148045
v -13.123694 54.666824 13.410186
v -12.170305 55.603241 16.019283
v -12.126200 55.396271 13.718932
v -13.140660 54.344498 15.605355
v -13.150838 54.232529 14.394112
v -9.958173 55.531998 17.590172
v -9.025138 55.341995 17.641064
v -7.444072 55.939148 17.413746
v -7.118360 55.141815 17.617313
v -9.255851 54.883957 12.036082
v -7.539073 55.939148 12.151438
v -8.567102 54.229141 12.005549
v -7.193000 54.168076 11.978402
v -9.883529 55.545563 12.053049
v -12.099056 55.019669 15.269464
v -12.092271 54.955185 14.556967
v -9.934423 54.972168 14.472147
v -9.924245 54.995911 15.184642
v -9.961564 55.664307 13.535721
v -9.931030 55.406448 15.849641
v -9.951386 55.878052 16.141430
v -9.961564 55.260574 13.878398
v -9.048887 55.789841 13.288044
v -9.062461 55.151993 13.752863
v -9.096390 54.819489 14.445004
v -9.082818 54.839844 15.225354
v -9.082818 55.223251 15.893747
v -9.038710 55.840729 16.307674
v -11.847985 55.056992 12.015726
v -9.608709 55.040024 12.029300
v -6.972466 55.009491 11.991976
v -6.639966 55.464127 11.991976
v -2.568554 56.064682 12.097156
v -5.924077 55.684662 11.995369
v -2.487124 55.664307 12.015726
v -2.375162 55.688049 17.586777
v -2.510874 56.068069 17.383207
v -6.188719 55.623596 17.647850
v -6.188719 55.623596 17.647850
v -2.510874 56.068069 17.383207
v -2.717836 54.985733 15.133749
v -2.690696 55.413239 15.849641
v -2.561767 56.064682 16.209286
v -2.507481 56.068069 13.366079
v -2.666947 55.559128 13.637507
v -2.700873 55.009491 14.356788
v -2.375162 55.688049 17.586777
v -6.205681 55.681274 18.692846
v -2.375162 55.677887 13.369473
v -2.215697 54.961990 14.041254
v -2.368376 55.705032 16.195713
v -2.222483 54.982346 15.544286
v -19.634567 55.253784 17.155888
v -20.418316 55.077362 12.148045
v -11.223702 54.144318 17.926062
v -15.444402 54.134140 17.919279
v -13.262802 53.910202 18.295887
v -12.275485 53.910202 18.529991
v -14.250120 53.910202 18.529991
v -14.823510 53.910202 18.943918
v -16.160294 54.134140 18.736954
v -16.543686 54.134140 19.636059
v -15.237437 53.910202 19.517307
v -15.471543 53.910202 20.494450
v -16.618328 54.144318 20.494450
v -11.698700 53.910202 18.943918
v -10.443349 54.130753 18.899809
v -11.284774 53.910202 19.517307
v -10.154956 54.113785 19.703917
v -10.032814 54.157867 20.494450
v -11.054058 53.910202 20.494450
v -11.681736 53.340225 18.926952
v -12.282269 53.258789 18.536777
v -13.262802 53.214676 18.326420
v -14.239941 53.258789 18.536777
v -14.840475 53.340225 18.926952
v -15.230653 53.258789 19.527487
v -15.441009 53.214676 20.494450
v -11.081203 53.214676 20.494450
v -11.291559 53.258789 19.527487
v -12.360303 52.576813 18.703024
v -12.526554 52.006836 19.035524
v -11.790307 52.743073 19.035524
v -11.790307 52.006836 19.771770
v -14.735295 52.006836 19.771770
v -13.999049 52.006836 19.035524
v -14.735295 52.743073 19.035524
v -14.165299 52.576813 18.703024
v -14.165299 51.677719 19.605522
v -13.262802 51.504684 19.517307
v -13.262802 51.918610 18.943918
v -15.064402 52.576813 19.605522
v -14.250120 51.504684 20.494450
v -13.262802 51.270569 20.494450
v -11.698700 51.918610 20.494450
v -11.284774 52.492004 20.494450
v -11.457808 52.576813 19.605522
v -12.275485 51.504684 20.494450
v -12.360303 51.677719 19.605522
v -14.823510 51.918610 20.494450
v -13.262802 52.492004 18.529991
v -15.237437 52.492004 20.494450
v -16.944042 55.630386 20.494450
v -16.825293 55.630386 19.551237
v -16.394400 55.630386 18.543562
v -17.398684 55.338593 20.494450
v -17.286718 55.331818 19.442663
v -16.835470 55.321625 18.255169
v -19.939924 54.755035 17.264462
v -19.488676 55.331818 20.494450
v -19.519211 55.270752 19.361235
v -19.251177 54.880554 18.336599
v -19.909388 54.741455 18.339993
v -19.936531 54.751648 19.283203
v -19.902603 54.856812 20.494450
v -9.917457 55.620209 19.642843
v -9.815673 55.671082 20.494450
v -10.148171 55.559128 18.730169
v -9.059068 55.403061 18.665703
v -9.276212 56.040924 19.880344
v -9.299961 56.139313 20.494450
v -2.432838 55.688049 18.631773
v -1.805163 55.684662 18.526598
v -1.805163 55.613419 16.165180
v -3.114799 55.722000 18.672489
v -6.205681 55.681274 18.692846
v -7.142110 55.158783 18.662310
v -1.567665 60.899475 12.154831
v -2.795876 59.464310 14.858931
v -1.564271 62.185364 13.301617
v -1.547308 62.175186 16.324638
v -1.574448 60.865540 17.410349
v -1.608378 62.385544 14.794465
v -1.581234 59.725540 12.039475
v -1.588021 59.837509 17.515530
v -1.574448 57.778061 12.053049
v -1.588021 57.757690 17.488386
v -1.588021 57.167343 12.599295
v -1.601591 57.163940 16.952316
v -1.326773 57.649139 17.742851
v -1.588021 57.757690 17.488386
v -1.330163 57.051987 17.142315
v -1.601591 57.163940 16.952316
v -1.588021 57.167343 12.599295
v -1.574448 57.778061 12.053049
v -1.326773 57.024841 12.480546
v -1.326773 57.666092 11.815547
v -1.330163 57.051987 17.142315
v -1.601591 57.163940 16.952316
v -1.326773 57.024841 12.480546
v -1.588021 57.167343 12.599295
v -1.330163 62.707855 14.767322
v -1.326773 62.402512 16.490891
v -1.326773 62.443207 13.142151
v -1.581234 59.725540 12.039475
v -1.567665 60.899475 12.154831
v -1.330163 59.613586 11.805371
v -1.326773 61.157333 11.998763
v -1.330163 61.086075 17.573210
v -1.574448 60.865540 17.410349
v -1.330163 59.725540 17.769995
v -1.588021 59.837509 17.515530
v -1.567665 60.899475 12.154831
v -1.326773 61.157333 11.998763
v -1.211414 56.770386 11.211622
v -1.197844 57.435364 11.041980
v -1.197844 57.435364 18.516422
v -1.218201 56.773788 18.346777
v -1.191058 59.752686 11.052156
v -1.191058 59.752686 18.509634
v -1.191058 60.689117 18.431595
v -1.191058 61.530533 18.099102
v -1.191058 62.232849 17.498566
v -1.194451 62.840179 16.786068
v -1.191058 60.689117 11.126803
v -1.191058 61.530533 11.462694
v -1.191058 62.232849 12.063226
v -1.191058 62.232849 12.063226
v -1.191058 62.840179 12.775723
v -1.194451 63.060715 15.798749
v -1.191058 62.840179 12.775723
v -1.326773 62.443207 13.142151
v -1.194451 63.060715 13.763042
v -1.194451 63.060715 13.763042
v -1.191058 63.148926 14.780895
v -1.469272 56.305557 16.032856
v -1.462485 56.322525 13.474648
v -1.455699 55.610031 15.568036
v -1.452305 55.640549 14.020898
v -1.506592 56.271637 11.343944
v -1.211414 56.770386 11.211622
v -1.218201 56.773788 18.346777
v -1.330163 57.051987 17.142315
v -1.479452 56.325928 18.214453
v -1.479452 56.325928 18.214453
v -25.354902 61.259125 12.375366
v -23.784012 60.482147 10.875728
v -24.513477 62.019119 12.443227
v -22.834017 61.323593 10.814658
v -23.587229 62.606064 12.382153
v -24.374369 62.857147 13.875006
v -24.927402 62.521240 14.139647
v -25.870615 61.483047 13.942864
v -9.276212 56.040924 19.880344
v -9.299961 56.139313 20.494450
v -9.096390 57.282700 19.781948
v -8.960675 57.353943 20.494450
v -9.059068 55.403061 18.665703
v -9.276212 56.040924 19.880344
v -8.940317 56.356445 18.903202
v -8.940317 56.356445 18.903202
v -9.096390 57.282700 19.781948
v -8.794425 57.974838 19.442663
v -7.695142 57.465912 18.831951
v -7.695142 57.465912 18.831951
v -8.794425 57.974838 19.442663
v -7.674785 57.920563 19.357840
v -7.142110 55.158783 18.662310
v -6.338004 57.503220 18.736954
v -6.205681 55.681274 18.692846
v -6.338004 57.503220 18.736954
v -6.558539 57.947693 19.283203
v -3.114799 55.722000 18.672489
v -2.968907 57.445557 18.557135
v -2.432838 55.688049 18.631773
v -2.490518 57.336975 19.018560
v -8.780853 60.851959 19.479988
v -10.294062 60.492325 19.887127
v -10.324598 60.424469 20.494450
v -7.695142 60.424469 19.337484
v -6.490683 60.224289 19.232309
v -2.673729 58.687347 18.533384
v -6.188719 59.806976 18.692846
v -2.253016 59.735733 18.624990
v -2.215697 60.526260 18.584272
v -6.188719 59.806976 18.692846
v -2.673729 58.687347 18.533384
v -6.558539 57.947693 19.283203
v -6.490683 60.224289 19.232309
v -2.361589 58.785736 19.062668
v -2.253016 59.735733 18.624990
v -2.015518 59.851089 19.035524
v -2.215697 60.526260 18.584272
v -2.001948 60.872330 18.923557
v -7.613714 61.632324 19.150885
v -8.889426 61.628937 18.964275
v -6.483898 61.489822 19.066061
v -6.202290 61.126801 18.635166
v -2.181771 61.571243 18.309456
v -2.181771 61.571243 18.309456
v -1.998555 61.822311 18.526598
v -6.181934 62.321060 17.898922
v -2.208910 62.361786 17.600348
v -2.208910 62.361786 17.600348
v -2.001948 62.619629 17.848030
v -2.001948 63.298203 17.043926
v -2.147840 63.111603 16.806423
v -6.507648 62.707855 18.367132
v -7.623892 62.565353 18.624990
v -8.628179 62.399109 18.462132
v -9.839422 62.012329 19.225523
v -10.429777 62.517853 18.462132
v -10.436563 62.256607 19.843021
v -11.132094 62.426254 19.079630
v -10.378884 62.212509 20.494450
v -11.054058 62.270172 20.494450
v -2.147840 63.111603 16.806423
v -6.185325 63.162521 17.037138
v -6.497470 63.712158 17.244101
v -3.830691 65.839447 14.448399
v -3.409981 64.197311 14.031077
v -3.260696 65.822495 14.482324
v -3.250516 65.880173 15.069285
v -3.376047 64.305878 15.459462
v -3.783191 65.876785 15.093036
v -5.079259 65.052307 14.224469
v -5.062295 65.086243 15.303394
v -4.383728 63.807144 15.825891
v -4.468547 63.783401 13.661258
v -3.155512 63.708740 13.936074
v -3.138550 63.708740 15.618924
v -6.507648 64.017502 13.735899
v -6.711218 65.021790 14.244826
v -2.161414 63.108215 12.779117
v -6.202290 63.223572 12.507689
v -4.383728 63.807144 15.825891
v -3.138550 63.708740 15.618924
v -6.500861 64.007309 15.842854
v -2.110521 63.376251 15.951427
v -2.001948 63.556061 15.920895
v -2.147840 63.359283 13.749469
v -2.113914 63.481430 14.814825
v -2.110521 63.376251 15.951427
v -6.701039 65.018402 15.323750
v -7.698535 63.796967 17.328924
v -7.661214 64.112488 15.805535
v -7.729070 64.092133 13.739293
v -8.411035 64.967499 15.340714
v -8.478890 64.957306 14.214290
v -8.658712 64.645172 15.581606
v -8.682463 64.665543 14.048041
v -10.144778 64.692673 14.081966
v -10.154956 64.950531 14.238039
v -10.087098 64.957306 15.296607
v -10.962453 64.658768 15.574819
v -11.641023 65.171066 15.296607
v -11.712270 65.164291 14.238039
v -10.992990 64.651962 13.986971
v -11.596915 64.383926 15.791965
v -11.739416 64.343216 13.763042
v -14.487619 65.004807 14.163400
v -14.463869 65.018402 15.378034
v -14.280657 64.271942 15.832678
v -14.558869 64.261765 13.685002
v -19.078140 64.692673 15.500179
v -19.040819 64.692673 14.037861
v -19.342783 64.234650 15.808928
v -19.342783 64.234650 13.759649
v -20.350458 54.802521 20.494450
v -20.333494 54.785553 19.463024
v -20.557421 54.676987 19.001595
v -21.388666 54.609131 18.278915
v -21.409023 54.612534 17.240711
v -23.400623 52.970398 15.961608
v -23.376873 53.092529 14.709645
v -23.173300 53.350388 13.895361
v -23.502411 52.909332 15.340714
v -22.688126 53.106094 16.674101
v -23.560087 52.081467 16.199106
v -21.924736 53.995026 18.038025
v -22.966337 52.780396 17.423922
v -24.150440 51.440201 16.623213
v -21.225809 55.593063 20.494450
v -20.350458 54.802521 20.494450
v -21.202061 55.576080 19.737843
v -20.333494 54.785553 19.463024
v -21.083311 55.097717 19.252665
v -20.557421 54.676987 19.001595
v -21.690628 54.629501 18.869276
v -21.741524 54.619308 18.424812
v -21.388666 54.609131 18.278915
v -22.118126 55.610031 19.303558
v -23.482052 55.616806 19.035524
v -23.390442 55.626999 20.494450
v -22.498127 55.328415 18.940525
v -22.552412 55.335205 18.543562
v -23.024019 55.331818 18.428205
v -22.155449 54.056107 18.170347
v -23.295444 55.331818 18.747133
v -24.387939 51.436813 16.650351
v -25.371868 53.363968 16.843746
v -23.207232 52.824493 17.559635
v -24.398119 53.886459 17.518923
v -21.924736 53.995026 18.038025
v -22.966337 52.780396 17.423922
v -24.150440 51.440201 16.623213
v -24.829010 55.243591 17.780169
v -26.077578 55.104507 17.081245
v -25.049545 55.253784 18.004097
v -25.310797 55.538773 18.156778
v -26.362577 55.396271 17.189816
v -23.427765 52.298615 15.588392
v -23.519373 52.481812 15.408570
v -23.397228 52.668427 14.679109
v -23.230982 52.827881 13.837683
v -22.962948 52.848251 13.617147
v -23.655085 52.376648 13.739293
v -23.807762 52.257889 14.692682
v -24.001154 52.017014 15.581606
v -24.035086 51.562378 15.836072
v -23.573658 52.105209 13.389829
v -24.035086 51.562378 15.836072
v -24.001154 52.017014 15.581606
v -24.265799 51.633621 15.880177
v -23.807762 52.196823 13.308399
v -23.655085 52.376648 13.739293
v -23.573658 52.105209 13.389829
v -24.442225 53.187515 14.723215
v -24.615261 53.014496 15.642674
v -23.807762 52.257889 14.692682
v -24.197941 53.180740 13.756256
v -24.666153 53.520035 13.400005
v -25.042761 53.686295 14.692682
v -25.212402 53.309677 16.009108
v -24.425261 53.645569 12.466976
v -23.634729 52.369858 12.545008
v -23.407408 52.278244 12.653582
v -25.120794 55.063782 12.466976
v -25.415974 55.168961 13.389829
v -25.707756 55.124847 14.875894
v -25.935078 55.145218 16.283924
v -26.325253 55.396271 16.266962
v -26.087755 55.409851 14.821612
v -25.707756 55.453964 13.230364
v -25.426151 55.443771 12.161618
v -23.967230 55.321625 11.645905
v -24.214907 55.643936 11.028406
v -8.651928 63.990356 17.230530
v -10.633347 63.973404 17.281424
v -12.048164 63.067520 18.136421
v -8.706212 64.373749 16.575712
v -10.945488 64.377136 16.524817
v -11.871736 63.970016 17.220350
v -15.071188 62.276978 20.494450
v -15.061010 62.416061 19.147486
v -14.704762 63.162521 18.092314
v -14.470654 63.942856 17.298388
v -20.767778 62.253220 19.174633
v -20.757599 62.226089 20.494450
v -19.994211 63.237152 18.133028
v -19.651533 63.973404 17.298388
v -20.516708 63.596786 17.583385
v -21.537951 63.148926 18.112671
v -21.561701 63.169296 17.651245
v -22.342054 61.652679 20.494450
v -22.413303 61.662857 19.235703
v -24.486332 57.296280 19.194988
v -24.248833 57.313217 20.494450
v -24.007940 56.824677 19.310341
v -23.821337 56.692352 20.494450
v -25.276865 57.113068 18.282312
v -25.670435 56.787338 18.373919
v -26.874897 56.668594 17.254280
v -26.647575 57.045197 17.183027
v -26.447397 56.064682 14.200720
v -26.477934 55.850906 14.787678
v -26.637398 56.074844 15.316964
v -27.041147 57.377701 16.304281
v -26.830790 56.570206 15.500179
v -26.593290 56.634659 13.959828
v -26.491505 57.526978 13.040365
v -26.980076 57.856094 15.462856
v -26.959717 57.099487 15.289821
v -26.715431 57.883224 13.919111
v -26.810431 57.160553 14.210896
v -26.868111 57.968063 14.740178
v -26.959717 57.336975 14.791072
v -26.047043 56.800919 12.100546
v -23.424374 60.756958 20.494450
v -23.556696 60.770538 19.194988
v -24.289551 59.169113 20.494450
v -24.442225 59.128403 19.174633
v -25.181866 58.449844 18.329813
v -24.903652 59.718765 18.312849
v -24.096157 61.028381 18.197489
v -23.197050 61.757858 18.190702
v -22.226700 62.338028 18.228025
v -21.948486 63.505173 17.074459
v -23.621157 62.606064 17.159279
v -24.642403 61.924103 17.125351
v -25.507580 61.198044 17.118565
v -26.216684 60.047852 17.149101
v -26.606863 58.697525 17.172852
v -26.579718 58.171631 14.797858
v -26.416861 58.656799 13.983578
v -26.613647 58.683960 15.510356
v -26.630613 58.120728 15.523930
v -26.729006 57.642349 16.300888
v -26.023293 58.354843 12.371973
v -26.223469 57.815384 13.074295
v -26.433826 58.120728 13.983578
v -25.901148 57.113068 12.154831
v -26.416861 60.455017 15.469643
v -26.342218 60.431259 13.942864
v -25.907932 60.214111 12.378759
v -24.398119 62.843582 15.707142
v -24.951153 62.500885 15.432320
v -25.904543 61.486435 15.466249
v -25.154724 62.385544 14.797858
v -23.848478 63.189651 15.428927
v -23.834908 63.182861 14.115896
v -22.040094 63.803772 15.659641
v -23.573658 63.335541 14.767322
v -22.094376 63.817307 14.132859
v -22.002771 63.437332 12.395722
v -20.906883 64.024292 15.673212
v -20.876348 63.854645 16.623213
v -20.917061 64.044647 14.075185
v -20.971346 63.813919 12.779117
v -19.902603 63.593384 16.843746
v -19.973852 63.569626 12.640012
v -20.662600 63.528931 12.124294
v -19.726173 63.817307 15.781786
v -19.712603 63.895370 13.847862
v -21.772058 61.805344 10.641623
v -21.805984 62.473755 11.320191
v -23.227587 60.550018 10.322696
v -24.024906 59.460907 10.417695
v -24.418474 59.521973 10.974124
v -24.279369 58.351440 10.526268
v -24.696690 58.568588 11.065730
v -24.876511 57.594818 11.204835
v -24.398119 57.123245 10.933412
v -20.313137 62.711243 11.299835
v -22.067236 61.218399 10.210733
v -19.587069 63.915726 12.185368
v -20.475992 63.640900 11.985189
v -14.962618 63.925903 12.219298
v -12.200842 63.946243 12.283761
v -10.948880 64.349991 12.975902
v -22.878124 59.545731 10.132697
v -20.682957 60.203934 10.041092
v -20.689741 61.445709 10.166624
v -21.727949 60.200546 10.058055
v -23.627945 58.371796 10.265020
v -23.702587 57.133408 10.678943
v -24.337051 56.828064 10.563586
v -23.108839 56.804306 10.183591
v -23.037590 55.664307 10.516091
v -22.874729 55.338593 11.184479
v -20.971346 55.341995 10.794302
v -21.276703 55.633774 10.176804
v -8.913176 55.436996 10.756982
v -9.194780 55.552338 10.203947
v -9.449243 55.304672 10.902875
v -9.174423 55.012878 10.977517
v -21.276703 56.828064 9.990199
v -23.071516 57.041824 10.336269
v -21.358130 57.072342 10.200553
v -22.990088 58.093597 9.956268
v -21.470093 58.012146 9.878237
v -20.469206 62.059830 10.526268
v -21.660091 59.386276 9.806983
v -22.392948 58.962158 9.851093
v -19.682068 59.498245 9.769664
v -18.324928 60.217484 10.034305
v -18.335108 59.423584 9.752697
v -16.146723 59.477875 9.786627
v -17.225647 58.962158 9.749304
v -12.217805 55.230026 11.822334
v -14.345121 55.185928 11.835904
v -14.809938 54.856812 11.832515
v -20.367422 54.853409 11.890191
v -21.276703 54.761810 12.280368
v -22.789911 53.011108 13.009829
v -20.655813 55.338593 11.181086
v -20.289387 55.338593 11.082693
v -20.177422 55.542175 10.197160
v -18.382608 55.515030 10.210733
v -14.782797 55.284302 11.055550
v -14.806546 55.525208 10.210733
v -20.224924 54.900909 11.069119
v -14.864223 54.873764 11.082693
v -11.997270 55.542175 10.200553
v -12.343340 55.589661 10.427876
v -11.875128 55.304672 10.974124
v -12.227983 55.548965 11.041980
v -11.810663 55.104507 11.055550
v -12.204234 55.226639 11.082693
v -14.392618 55.199478 11.160728
v -14.446905 55.555740 11.055550
v -14.399405 55.596451 10.427876
v -9.598531 55.094330 11.018230
v -19.495461 58.951981 9.769664
v -15.193330 60.183578 10.027518
v -9.903885 57.455734 10.332876
v -9.401744 57.981628 10.220910
v -11.121917 58.819656 10.034305
v -9.401744 59.650909 10.146267
v -14.552084 58.843414 10.034305
v -11.512094 58.012146 9.827343
v -14.857437 58.018936 9.803590
v -10.660490 57.072342 10.125911
v -8.858891 57.109665 10.193767
v -16.743864 57.842514 9.796803
v -20.255457 63.003036 11.350731
v -19.566711 63.074295 11.394837
v -18.386000 62.840179 11.381264
v -18.389395 63.098038 11.411800
v -18.324928 62.168396 10.556804
v -18.321535 61.445709 10.159841
v -14.921903 63.074295 11.405014
v -14.904940 62.816422 11.391444
v -14.857437 62.144638 10.536448
v -14.854045 61.421982 10.153054
v -20.153671 57.964661 9.854486
v -19.943316 57.130020 10.149660
v -19.848316 56.834854 9.908770
v -19.458139 56.661804 9.790020
v -19.929747 57.839111 9.732340
v -16.241722 57.116455 10.112342
v -12.109234 63.067520 11.411800
v -11.963342 62.816422 11.394837
v -11.515488 62.161606 10.587337
v -11.535843 61.455902 10.170017
v -11.498525 60.268402 10.027518
v -8.767282 63.712158 12.317690
v -10.562097 63.617157 12.215904
v -8.706212 62.711243 11.313405
v -8.723176 62.114120 10.831621
v -8.729962 61.506790 10.533054
v -9.384780 60.566971 10.159841
v -7.841035 63.264282 12.419473
v -7.837644 62.514465 11.639119
v -7.834249 61.951248 11.150552
v -7.841035 61.310013 10.902875
v -8.261748 60.417694 10.600910
v -8.679069 64.034470 12.351616
v -7.725677 63.786789 12.239655
v -10.192278 64.024292 12.331260
v -10.721560 63.942856 12.246441
v -10.114244 64.390717 13.060721
v -8.648535 64.377136 13.020008
v -7.732461 62.904648 11.272692
v -7.732461 62.185364 10.702697
v -7.732461 61.510193 10.404125
v -8.007286 60.471970 10.577160
v -8.614603 59.474487 10.573767
v -7.722283 60.604294 10.251451
v -7.776572 59.410019 10.186984
v -19.566711 56.573593 9.952875
v -6.229431 56.268234 10.478767
v -5.920683 55.701630 10.889301
v -5.303185 56.095200 10.550016
v -5.418545 56.811096 10.363413
v -4.834974 55.708420 10.872334
v -4.834974 56.492157 10.706090
v -14.477441 55.901810 10.112342
v -12.336554 55.911987 10.112342
v -18.413143 56.139313 10.054662
v -17.242611 56.492157 9.973232
v -16.238329 56.797531 9.901982
v -18.386000 56.220749 9.769664
v -17.225647 56.675385 9.779840
v -10.653706 56.828064 9.898593
v -8.553534 54.188431 11.041980
v -1.805163 55.684662 18.526598
v -1.818733 54.955185 15.578213
v -1.798376 54.978958 13.949648
v -1.801769 55.671082 13.230364
v -1.866232 55.671082 11.547512
v -3.162299 55.705032 10.868945
v -4.834974 55.708420 10.872334
v -2.409088 55.691452 10.913052
v -1.805163 55.664307 10.936800
v -5.920683 55.701630 10.889301
v -6.687469 55.487885 10.957157
v -6.979253 55.023071 10.963943
v -7.226929 54.178253 10.994480
v -6.687469 55.487885 10.957157
v -6.979253 55.023071 10.963943
v -8.889426 56.163055 10.061448
v -9.059068 56.841644 9.901982
v -17.469931 58.724655 9.566092
v -18.379215 59.101257 9.566092
v -17.093327 57.818771 9.566092
v -19.285103 58.724655 9.566092
v -19.661711 57.818771 9.566092
v -19.285103 56.909485 9.566092
v -17.469931 56.909485 9.566092
v -18.379215 56.532867 9.566092
v -25.317581 64.048035 14.780895
v -25.063118 64.231247 14.780895
v -25.181866 64.139648 14.943750
v -24.829010 63.579819 15.320357
v -24.510082 63.780014 15.164286
v -25.151329 63.383041 15.164286
v -24.829010 63.579819 14.241433
v -25.181866 64.139648 14.618040
v -25.151329 63.383041 14.397505
v -25.317581 64.048035 14.780895
v -24.506693 63.780014 14.397505
v -27.885963 56.135925 14.780895
v -27.923285 56.281799 14.628217
v -27.923285 56.281799 14.933574
v -27.963997 56.427704 14.780895
v -27.923285 56.281799 14.933574
v -27.180254 56.095200 15.154109
v -27.278646 56.454834 15.310177
v -27.278646 56.454834 15.310177
v -27.373644 56.814499 15.154109
v -27.278646 56.454834 14.251613
v -27.180254 56.095200 14.407681
v -27.373644 56.814499 14.407681
v -18.101000 57.815384 7.418421
v -18.358858 58.069839 7.418421
v -18.613321 57.815384 7.418421
v -18.358858 57.560913 7.418421
v -18.613321 57.815384 7.418421
v -18.918676 57.255554 8.514314
v -19.152782 57.818771 8.514314
v -19.152782 57.818771 8.514314
v -18.918676 58.378571 8.514314
v -17.795647 58.378571 8.514314
v -17.561539 57.818771 8.514314
v -17.795647 57.255554 8.514314
v -19.285103 56.909485 9.566092
v -18.379215 56.532867 9.566092
v -18.355465 57.021454 8.514314
v -19.661711 57.818771 9.566092
v -19.661711 57.818771 9.566092
v -19.285103 58.724655 9.566092
v -18.379215 59.101257 9.566092
v -18.355465 58.612701 8.514314
v -17.469931 58.724655 9.566092
v -17.093327 57.818771 9.566092
v -17.469931 56.909485 9.566092
v -24.384548 63.864838 14.780895
v -26.477934 55.850906 14.787678
v -27.142931 55.945923 14.780895
v -26.637398 56.074844 15.316964
v -26.830790 56.570206 15.500179
v -26.959717 57.099487 15.289821
v -26.830790 56.570206 15.500179
v -26.959717 57.336975 14.791072
v -27.414360 56.963760 14.780895
v -23.573658 63.335541 14.767322
v -23.848478 63.189651 15.428927
v -24.951153 62.500885 15.432320
v -24.398119 62.843582 15.707142
v -25.154724 62.385544 14.797858
v -24.927402 62.521240 14.139647
v -25.290436 63.291428 14.780895
v -24.374369 62.857147 13.875006
v -23.834908 63.182861 14.115896
v -26.447397 56.064682 14.200720
v -26.593290 56.634659 13.959828
v -26.810431 57.160553 14.210896
v -25.290436 63.291428 14.780895
v -25.154724 62.385544 14.797858
v -8.234608 56.851822 9.922343
v -8.407643 56.403946 9.996982
v -7.786749 57.130020 10.214123
v -8.132820 56.420929 10.397339
v -8.723176 55.922165 10.570374
v -7.786749 57.615189 10.170017
v -8.641748 57.971451 10.543230
v -6.521219 63.712158 12.266798
v -6.521219 62.908035 11.367694
v -6.504254 62.195541 10.794302
v -6.521219 61.520370 10.468592
v -6.195503 61.561081 11.092870
v -6.188719 62.338028 11.676442
v -6.517826 60.678925 10.326089
v -6.188719 60.743393 10.906268
v -6.534789 59.399841 10.275196
v -6.205681 59.762878 10.835014
v -6.212468 58.901077 10.814658
v -6.185325 57.703415 10.807872
v -6.470326 57.615189 10.292164
v -6.131041 57.197876 10.271807
v -2.174984 62.378754 11.907154
v -2.212303 61.649277 11.374477
v -2.256409 60.814651 11.096263
v -2.256409 59.810364 11.052156
v -6.015685 57.445557 10.801088
v -5.499972 57.126633 10.760371
v -2.636410 58.931610 11.021624
v -2.785695 57.316620 10.865552
v -3.376047 56.807709 11.028406
v -4.899437 56.760193 11.028406
v -2.001948 63.556061 15.920895
v -2.001948 63.661240 14.780895
v -2.001948 63.556061 13.640897
v -2.001948 63.298203 12.517865
v -2.001948 62.619629 11.710367
v -2.001948 61.825714 11.031800
v -2.001948 60.872330 10.638229
v -2.015518 59.851089 10.526268
v -3.192836 56.498947 10.706090
v -2.361589 58.785736 10.499125
v -2.500694 57.313217 10.570374
v -3.162299 55.705032 10.868945
v -2.409088 55.691452 10.913052
v -1.326773 63.623932 14.780895
v -1.326773 63.522156 15.910714
v -1.326773 63.264282 17.006601
v -1.326773 62.585724 17.814100
v -1.326773 61.798569 18.489275
v -1.326773 62.585724 11.747691
v -1.326773 61.798569 11.072514
v -1.326773 63.623932 14.780895
v -1.326773 63.522156 13.651077
v -2.001948 63.661240 14.780895
v -1.326773 63.522156 15.910714
v -1.326773 63.264282 12.551795
v -1.191058 63.148926 14.780895
v -1.326773 59.806976 10.580553
v -1.326773 60.851959 10.682336
v -1.336950 57.282700 18.964275
v -1.326773 59.806976 18.981237
v -1.326773 60.851959 18.879452
v -1.370880 56.515915 18.747133
v -1.370880 56.515915 18.747133
v -1.370880 56.495560 10.719660
v -1.336950 57.275909 10.563586
v -1.370880 56.495560 10.719660
v -5.004616 59.569489 17.617313
v -5.004616 60.987686 17.240711
v -0.532846 60.468582 17.586777
v -0.970522 59.725540 17.624098
v -1.085882 58.168228 12.358403
v -0.943379 57.415009 12.032693
v -0.967129 58.938416 11.927509
v -0.532846 61.136978 12.243048
v -5.004616 60.987686 12.334653
v -0.532846 60.468582 11.975009
v -0.970522 59.725540 11.937689
v -5.004616 59.569489 11.954653
v 5.343564 56.593948 16.375534
v 5.438563 56.821274 16.765711
v 12.098720 56.424316 16.090532
v 12.098720 56.868759 16.860710
v 12.105503 57.316620 17.356064
v 5.017850 57.180908 17.535885
v 3.087321 56.481979 15.191429
v 3.080534 56.889130 16.331429
v 3.898211 56.224136 15.452676
v 3.921961 56.607529 16.395891
v -0.298737 59.013046 11.883404
v -0.522666 59.756088 11.900371
v -0.532846 61.136978 17.318743
v -0.234274 56.973953 14.770715
v -0.112132 57.262344 16.243212
v 2.323930 56.970551 14.787678
v 2.340897 57.241989 16.266962
v -0.522666 59.756088 17.661421
v 3.087321 56.481979 14.380542
v 3.898211 56.224136 14.119289
v 3.080534 56.895920 13.230364
v 3.921961 56.600739 13.186257
v 3.864281 57.303055 17.501959
v 3.769282 57.353943 17.674994
v 12.353180 56.481979 16.066782
v 12.353180 56.916275 16.823391
v -0.281774 56.834854 14.780895
v -0.671951 56.865387 14.780895
v -0.264811 56.834854 16.412853
v -0.661775 56.848419 17.315350
v -0.281774 56.834854 14.780895
v -0.112132 57.262344 13.318579
v -0.268204 56.834854 13.148937
v -0.658382 56.834854 12.178581
v -0.671951 56.865387 14.780895
v 0.240722 57.431976 17.546066
v 0.400187 57.632156 17.284817
v 2.303573 57.411621 17.539278
v 2.323930 57.618591 17.281424
v 2.476609 57.228409 13.291436
v 2.680181 56.923065 13.233757
v 2.323930 56.766998 13.121794
v -1.085882 57.140198 16.188927
v -0.943379 57.428589 17.464636
v 0.244115 57.431976 12.022512
v -0.169812 58.270020 12.534832
v -0.146058 59.053757 12.202334
v -0.054452 58.120728 12.219298
v -0.329274 59.555908 17.386599
v -0.298737 59.013046 17.678389
v -0.146058 59.053757 17.359457
v -0.329274 59.559311 12.188761
v -0.213918 58.008774 11.930902
v 0.403581 57.632156 12.276975
v 2.310360 57.822174 16.592676
v 2.683574 57.652542 17.067671
v -1.085882 57.140198 13.383042
v -5.004616 58.154663 12.334653
v 2.310360 56.766998 16.439997
v 2.306967 56.780563 17.403563
v 2.320536 56.783951 12.168401
v 2.283217 57.415009 12.022512
v 2.870179 56.444656 12.202334
v 2.673394 57.655914 12.504295
v 2.303573 57.828949 12.975902
v 2.320536 57.618591 12.280368
v 2.323930 58.270020 12.534832
v -0.203742 57.842514 12.962328
v 3.063571 57.594818 12.405903
v -0.230881 58.253052 17.023565
v -0.213918 57.842514 16.609640
v -0.054452 58.120728 17.342493
v -0.213918 58.001984 17.651245
v 3.796425 57.326797 12.090369
v 5.265527 56.417526 17.396780
v 2.876962 56.434479 17.403563
v 5.017850 57.191101 12.070013
v 5.265527 56.437866 12.249835
v 10.633007 59.569489 12.918221
v 9.842477 59.569489 14.787678
v 10.633007 60.505890 13.169293
v 10.633007 61.187866 13.851255
v 10.633007 61.438934 14.787678
v 10.633007 61.187866 15.720716
v 10.633007 60.505890 16.402678
v 10.633007 59.569489 16.653746
v 10.633007 58.636444 16.406071
v 10.633007 57.951080 15.720716
v 10.633007 57.703415 14.787678
v 10.633007 57.951080 13.851255
v 10.633007 58.636444 13.169293
v 16.882631 61.377869 15.534106
v 16.787634 61.303223 15.503572
v 16.882631 61.120010 15.975178
v 16.787634 61.055527 15.927677
v 16.882631 61.510193 14.529823
v 16.787634 61.428757 14.540004
v 16.882631 61.510193 15.042148
v 16.787634 61.428757 15.031967
v 16.882631 61.120010 13.596790
v 16.787634 61.055527 13.644291
v 16.882631 61.377869 14.037861
v 16.787634 61.299820 14.068398
v 16.882631 60.319290 12.979296
v 16.787634 60.288773 13.053935
v 16.882631 60.760361 13.233757
v 16.787634 60.712860 13.298223
v 16.882631 58.381973 13.233757
v 16.787634 58.429474 13.298223
v 16.882631 58.823044 12.979296
v 16.787634 58.853592 13.053935
v 16.787634 59.813766 12.928402
v 16.882631 59.827332 12.846973
v 16.787634 59.325195 12.928402
v 16.882631 59.315018 12.846973
v 16.787634 58.083405 13.644291
v 16.882631 58.018936 13.596790
v 16.787634 57.839111 14.068398
v 16.882631 57.764481 14.037861
v 16.787634 58.429474 16.273748
v 16.882631 58.378571 16.338215
v 16.787634 58.853592 16.518034
v 16.882631 58.823044 16.592676
v 16.787634 59.325195 16.643568
v 16.882631 59.315018 16.724995
v 16.787634 59.813766 16.643568
v 16.882631 59.827332 16.724995
v 16.787634 60.288773 16.518034
v 16.882631 60.319290 16.592676
v 16.787634 60.709473 16.273748
v 16.882631 60.760361 16.338215
v 10.633007 58.636444 13.169293
v 10.633007 59.569489 12.918221
v 16.787634 58.083405 15.927677
v 10.633007 57.951080 15.720716
v 16.787634 57.839111 15.503572
v 16.882631 58.018936 15.975178
v 16.882631 57.764481 15.534106
v 10.633007 58.636444 16.406071
v 10.633007 60.505890 13.169293
v 16.787634 57.713593 15.031967
v 10.633007 57.703415 14.787678
v 16.787634 57.713593 14.540004
v 16.882631 57.632156 14.529823
v 16.882631 57.632156 15.042148
v 10.633007 57.951080 13.851255
v 10.633007 59.569489 16.653746
v 10.633007 60.505890 16.402678
v 13.123359 62.582321 14.390718
v 13.262465 62.334641 14.238039
v 16.316027 62.422852 14.411075
v 16.516205 62.148026 14.271968
v 13.123359 62.582321 15.184642
v 16.316027 62.422852 15.160892
v 13.262465 62.334641 15.337320
v 16.516205 62.148026 15.300001
v 13.252284 62.141251 15.853034
v 16.519594 61.995361 15.788572
v 13.252284 61.778229 16.480709
v 16.519594 61.652679 16.382320
v 13.262465 61.428757 16.904818
v 16.516205 61.303223 16.762314
v 13.123359 61.421982 17.196602
v 16.316027 61.323593 17.067671
v 13.123359 60.733231 17.593565
v 16.316027 60.672150 17.444279
v 13.262465 60.475357 17.454458
v 16.516205 60.414291 17.274637
v 13.252284 59.932510 17.546066
v 16.519594 59.912155 17.386599
v 13.252284 59.206436 17.546066
v 16.519594 59.226791 17.386599
v 13.262465 58.663589 17.454458
v 16.516205 58.724655 17.274637
v 13.123359 58.409119 17.593565
v 16.316027 58.470184 17.444279
v 13.123359 57.720383 17.196602
v 16.316027 57.818771 17.067671
v 13.262465 57.713593 16.904818
v 16.516205 57.835724 16.762314
v 13.252284 57.360733 16.480709
v 16.519594 57.489655 16.382320
v 13.252284 56.997696 15.853034
v 16.519594 57.146988 15.791965
v 13.262465 56.807709 15.337320
v 16.516205 56.990921 15.300001
v 13.123359 56.556625 15.184642
v 13.262465 56.807709 15.337320
v 16.316027 56.719467 15.160892
v 16.516205 56.990921 15.300001
v 13.123359 56.556625 14.390718
v 16.316027 56.719467 14.411075
v 13.262465 56.807709 14.238039
v 16.516205 56.990921 14.271968
v 13.252284 56.997696 13.722326
v 16.519594 57.146988 13.783400
v 13.252284 57.360733 13.091257
v 16.519594 57.489655 13.189651
v 13.262465 57.713593 12.667155
v 16.516205 57.835724 12.809649
v 13.123359 57.720383 12.375366
v 16.316027 57.818771 12.504295
v 13.123359 58.409119 11.978402
v 16.316027 58.470184 12.127687
v 13.262465 58.663589 12.117512
v 16.516205 58.724655 12.297335
v 13.252284 59.206436 12.025907
v 16.519594 59.226791 12.185368
v 13.252284 59.932510 12.025907
v 16.519594 59.912155 12.185368
v 13.262465 60.475357 12.117512
v 16.516205 60.414291 12.297335
v 13.123359 60.733231 11.978402
v 16.316027 60.672150 12.127687
v 13.123359 61.421982 12.375366
v 16.316027 61.323593 12.504295
v 13.262465 61.428757 12.667155
v 16.516205 61.303223 12.809649
v 13.252284 61.778229 13.091257
v 16.519594 61.652679 13.189651
v 13.252284 62.141251 13.722326
v 16.519594 61.995361 13.783400
v 2.673394 61.106415 12.127687
v 3.087321 60.763748 11.910546
v 3.087321 61.466080 12.314298
v 2.673394 56.498947 14.787678
v 3.087321 56.481979 15.191429
v 2.673394 59.569489 17.858206
v 3.080534 59.976608 17.881956
v 3.080534 59.162323 17.881956
v 2.673394 58.035919 17.444279
v 3.087321 58.378571 17.664814
v 3.083927 57.588043 17.172852
v 3.087321 58.378571 11.910546
v 2.673394 58.035919 12.127687
v 2.673394 62.229462 13.250720
v 3.080534 62.046265 12.887691
v 3.080534 62.453400 13.593401
v 2.673394 59.569489 11.713762
v 3.080534 59.162323 11.693405
v 3.080534 59.976608 11.693405
v 2.876962 56.420929 16.439997
v 5.346957 56.597351 13.189651
v 5.438563 56.821274 12.806256
v 5.445345 56.828064 12.382153
v 2.673394 61.106415 17.444279
v 3.087321 61.466080 17.257673
v 3.087321 60.763748 17.664814
v 2.673394 62.639999 14.787678
v 3.087321 62.656967 14.380542
v 3.087321 62.656967 15.191429
v 3.080534 62.453400 15.981964
v 3.080534 62.046265 16.687675
v 2.673394 62.229462 16.321247
v 3.769282 63.182861 14.309288
v 3.898211 62.918228 14.119289
v 12.136040 63.186264 14.309288
v 12.105503 62.921631 14.119289
v 3.898211 58.473572 18.017668
v 3.769282 58.178406 18.149990
v 3.653926 58.497330 17.943029
v 16.628166 60.543228 12.439833
v 16.628166 61.116623 12.772330
v 5.445345 56.828064 17.183027
v 12.098720 56.424316 13.484828
v 12.105503 56.220749 14.119289
v 16.628166 62.086975 14.455181
v 2.323930 60.872330 17.037138
v 2.323930 59.569489 17.386599
v -0.322487 60.872330 17.037138
v 16.628166 62.086975 15.116785
v 12.098720 62.273575 12.714655
v 3.921961 62.266785 12.714655
v 12.105503 61.822311 12.215904
v 3.898211 61.822311 12.219298
v 16.628166 61.584824 13.240543
v 16.628166 61.917313 13.813936
v 3.921961 60.013947 11.415194
v 3.898211 60.668747 11.554299
v 3.677676 60.003754 11.493227
v 3.653926 60.641617 11.628942
v -1.085882 58.168228 17.216963
v -0.967129 58.938416 17.627491
v -5.004616 58.154663 17.240711
v 2.323930 58.270020 17.037138
v -5.004616 62.402512 14.787678
v -0.532846 62.416061 14.780895
v -5.004616 62.022507 16.202499
v -0.532846 62.164993 16.311068
v 12.393893 61.751068 11.944476
v 12.393893 60.940186 11.479657
v 13.072462 61.367676 12.735010
v 12.356574 61.781616 12.263405
v -5.008009 57.116455 16.202499
v 13.065680 61.703583 13.148937
v 12.353180 62.222687 12.751973
v -5.004616 56.736435 14.787678
v 2.676787 56.933243 16.341604
v 2.673394 56.498947 14.787678
v 16.628166 61.584824 16.331429
v 16.628166 61.116623 16.799643
v 12.098720 62.718048 13.484828
v 12.353180 62.660355 13.505184
v 12.356574 56.278412 15.439106
v 13.072462 56.895920 15.316964
v 13.065680 57.085907 15.815712
v 16.628166 57.557510 16.331429
v 16.628166 57.225021 15.758036
v 3.518210 61.737503 17.607134
v 3.518210 60.933380 18.071959
v 12.136040 61.791794 11.893584
v 12.136040 60.967331 11.418584
v 12.356574 57.357330 12.263405
v 12.105503 57.316620 12.215904
v 12.353180 56.916275 12.751973
v 12.098720 56.868759 12.714655
v 2.323930 56.970551 14.787678
v -0.234274 56.973953 14.770715
v 2.873569 56.420929 13.121794
v -5.004616 57.116455 13.369473
v -5.004616 56.736435 14.787678
v 12.356574 57.357330 17.308567
v 12.393893 57.391281 17.627491
v 12.136040 57.350555 17.678389
v 16.628166 59.240372 12.270191
v 16.628166 59.901978 12.270191
v 16.882631 57.632156 15.042148
v 16.787634 57.713593 15.031967
v 2.829462 57.353943 17.539278
v -0.532846 62.164993 13.247327
v -0.322487 61.822311 13.484828
v -0.322487 62.171799 14.787678
v -0.322487 61.822311 16.087139
v 5.265527 56.390381 13.115007
v 3.769282 63.182861 15.262682
v 12.136040 63.186264 15.262682
v 12.098720 62.273575 16.860710
v 12.098720 62.718048 16.090532
v 12.353180 62.222687 16.823391
v 12.353180 62.660355 16.066782
v 3.898211 58.473572 11.554299
v 12.105503 58.473572 11.550905
v 3.921961 59.125015 11.415194
v 12.098720 59.125015 11.411800
v 3.518210 63.098038 14.322858
v 3.518210 63.098038 15.249108
v 16.628166 57.225021 13.813936
v 16.628166 57.557510 13.240543
v 12.136040 55.956100 15.262682
v 12.136040 55.956100 14.309288
v 3.769282 55.959488 15.262682
v 3.769282 55.959488 14.309288
v 12.105503 60.668747 11.550905
v 12.356574 60.648407 11.608585
v 2.323930 59.569489 12.185368
v 5.265527 56.390381 16.450176
v 3.233212 60.488937 12.080189
v 3.518210 60.933380 11.500013
v 3.769282 60.963928 18.149990
v 12.136040 60.963928 18.153385
v 3.898211 60.668747 18.017668
v 12.105503 60.668747 18.021061
v 3.653926 62.840179 14.136252
v 16.628166 58.025726 16.799643
v 3.769282 57.353943 11.896977
v 12.136040 57.350555 11.893584
v -0.322487 60.872330 12.534832
v 2.323930 60.872330 12.534832
v 3.518210 61.737503 11.964832
v 3.653926 61.768036 12.280368
v 3.233212 61.455902 12.636619
v 13.072462 57.771271 16.836960
v 3.921961 62.711243 13.484828
v 3.677676 62.639999 13.515365
v 12.105503 56.220749 15.452676
v 12.393893 56.020569 15.252501
v 12.356574 56.278412 15.439106
v 12.393893 58.202148 11.479657
v 12.393893 57.391281 11.944476
v 2.323930 61.822311 13.484828
v -5.004616 62.022507 13.369473
v 2.323930 62.171799 14.787678
v 3.677676 62.639999 16.056606
v 3.677676 62.205719 16.806423
v 3.233212 62.375366 15.344108
v 3.233212 61.455902 16.935354
v 3.921961 60.013947 18.156778
v 12.098720 60.013947 18.163565
v 3.921961 59.125015 18.156778
v 3.677676 59.135193 18.078741
v 16.628166 58.025726 12.772330
v 12.353180 60.007141 11.469477
v 12.098720 60.013947 11.411800
v 16.628166 58.599121 12.439833
v 13.072462 62.246429 14.255003
v 13.065680 62.056427 13.756256
v 16.628166 59.901978 17.305174
v 16.628166 59.240372 17.305174
v 13.072462 62.246429 15.316964
v 12.353180 59.135193 11.469477
v 12.098720 59.125015 18.163565
v 13.072462 57.771271 12.735010
v 13.072462 56.895920 15.316964
v 12.105503 58.473572 18.021061
v 12.136040 58.175018 18.153385
v 12.353180 59.135193 18.102491
v 12.353180 60.007141 18.102491
v 16.628166 61.917313 15.758036
v 16.628166 57.051987 15.116785
v 12.393893 63.118378 15.252501
v 12.393893 63.118378 14.319468
v 10.633007 57.703415 14.787678
v 12.359967 60.648407 17.963387
v 13.065680 57.435364 16.423035
v 13.065680 62.056427 15.815712
v 13.065680 61.703583 16.423035
v 16.628166 58.599121 17.132139
v 3.653926 61.768036 17.291601
v 2.323930 61.822311 16.087139
v 13.065680 57.435364 13.148937
v 13.072462 58.694122 12.202334
v 12.356574 58.490540 11.608585
v 3.769282 60.963928 11.421977
v 13.072462 61.367676 16.836960
v 3.769282 61.788391 11.896977
v 3.233212 58.650009 17.491779
v 3.233212 62.375366 14.227863
v 12.393893 61.751068 17.627491
v 12.359967 61.781616 17.308567
v 12.393893 60.940186 18.092314
v 13.072462 60.448227 17.369637
v 12.105503 56.220749 15.452676
v 12.393893 58.202148 18.092314
v 3.677676 62.205719 12.765543
v 3.653926 60.641617 17.943029
v 3.233212 60.488937 17.491779
v 13.065680 59.922333 17.454458
v 13.065680 59.220016 17.454458
v 16.628166 60.543228 17.132139
v 12.353180 56.481979 13.505184
v 13.072462 58.694122 17.369637
v 3.898211 56.224136 15.452676
v 12.356574 56.278412 14.132859
v 12.359967 58.490540 17.963387
v 3.898211 62.918228 15.452676
v 12.105503 62.921631 15.452676
v 3.921961 62.711243 16.087139
v 12.136040 58.175018 11.418584
v 3.769282 58.178406 11.421977
v 12.359967 62.860535 15.439106
v 12.136040 61.791794 17.678389
v 3.769282 61.788391 17.674994
v 12.393893 56.020569 14.319468
v 3.653926 58.497330 11.628942
v 3.233212 58.650009 12.080189
v 13.065680 59.220016 12.117512
v 3.921961 62.266785 16.857317
v 3.653926 62.840179 15.435714
v 3.677676 59.138580 11.493227
v 13.072462 60.448227 12.202334
v 13.065680 59.922333 12.117512
v 13.072462 56.895920 14.255003
v 12.359967 62.860535 14.132859
v 16.628166 57.051987 14.455181
v 3.677676 60.003754 18.078741
v 13.065680 57.085907 13.756256
v 3.898211 61.822311 17.352674
v 12.105503 61.822311 17.356064
v 16.628166 57.051987 15.116785
v -25.181866 64.139648 26.370855
v -25.317581 64.048035 26.207998
v -25.063118 64.231247 26.207998
v -21.012058 54.846649 29.627987
v -21.744915 54.181641 29.471914
v -21.368309 54.917877 29.997805
v -22.209734 53.991638 29.516022
v -22.247055 54.419128 27.677097
v -22.640625 53.930573 27.734774
v -21.816166 54.860199 28.046915
v -21.317417 54.975555 28.515131
v -22.579556 54.005203 26.940849
v -22.793306 53.788071 27.198711
v -22.148663 54.473434 24.684608
v -21.663486 54.945023 24.172291
v -22.725445 53.713425 24.647289
v -22.457409 54.130753 25.169785
v -22.718662 53.852539 26.136747
v -23.309015 53.140030 25.417465
v -23.105446 53.404678 26.201214
v -19.919565 55.168961 24.175682
v -19.753317 54.568420 24.599791
v -19.709211 54.106995 25.230858
v -19.715996 53.886459 26.167282
v -19.732958 54.022171 26.974781
v -19.814388 54.446274 27.680494
v -20.245279 55.050217 28.158882
v -14.837082 55.043427 28.111382
v -14.691189 54.476822 27.636387
v -14.826903 54.928070 24.535324
v -14.891368 55.311447 24.229971
v -19.525995 54.341095 25.129072
v -19.485283 54.185043 27.147814
v -18.070467 54.110382 25.515856
v -18.080645 54.052719 26.744066
v -18.341894 53.920380 26.567638
v -18.335108 53.944138 25.709248
v -13.961728 54.242706 25.410675
v -13.995656 54.056107 26.642281
v -11.199952 55.562515 23.276577
v -15.434224 55.603241 23.242649
v -13.089767 55.637177 24.138359
v -15.627616 55.314850 23.771933
v -13.120301 54.870377 24.603182
v -12.136377 55.433594 28.895130
v -13.110123 55.382706 28.162279
v -14.399405 55.426819 28.867989
v -14.864223 55.080750 28.840845
v -13.123694 54.666824 27.578707
v -12.170305 55.603241 24.966215
v -12.126200 55.396271 27.269957
v -13.140660 54.344498 25.383533
v -13.150838 54.232529 26.594782
v -9.025138 55.341995 23.347832
v -9.958173 55.531998 23.398718
v -7.444072 55.939148 23.575150
v -7.118360 55.141815 23.371582
v -9.255851 54.883957 28.952806
v -8.567102 54.229141 28.983345
v -7.539073 55.939148 28.837448
v -7.193000 54.168076 29.010489
v -9.883529 55.545563 28.935846
v -12.099056 55.019669 25.719429
v -12.092271 54.955185 26.431923
v -9.924245 54.995911 25.804249
v -9.934423 54.972168 26.516747
v -9.961564 55.664307 27.453173
v -9.931030 55.406448 25.139250
v -9.951386 55.878052 24.847471
v -9.961564 55.260574 27.110497
v -9.062461 55.151993 27.236031
v -9.048887 55.789841 27.700848
v -9.096390 54.819489 26.543890
v -9.082818 54.839844 25.763533
v -9.082818 55.223251 25.095142
v -9.038710 55.840729 24.681215
v -11.847985 55.056992 28.973169
v -9.608709 55.040024 28.956203
v -6.972466 55.009491 28.996914
v -6.639966 55.464127 28.996914
v -5.924077 55.684662 28.993523
v -2.568554 56.064682 28.891739
v -2.487124 55.664307 28.973169
v -2.510874 56.068069 23.605684
v -6.188719 55.623596 23.341042
v -2.375162 55.688049 23.402111
v -2.717836 54.985733 25.855141
v -2.690696 55.413239 25.139250
v -2.561767 56.064682 24.779608
v -2.666947 55.559128 27.351387
v -2.507481 56.068069 27.622814
v -2.700873 55.009491 26.632099
v -6.205681 55.681274 22.296049
v -2.375162 55.677887 27.619421
v -2.215697 54.961990 26.947634
v -2.368376 55.705032 24.793177
v -2.222483 54.982346 25.444601
v -19.634567 55.253784 23.833006
v -20.418316 55.077362 28.840845
v -15.444402 54.134140 23.069616
v -11.223702 54.144318 23.062832
v -13.262802 53.910202 22.689617
v -12.275485 53.910202 22.458900
v -14.250120 53.910202 22.458900
v -14.823510 53.910202 22.044975
v -16.543686 54.134140 21.352835
v -16.160294 54.134140 22.251942
v -15.237437 53.910202 21.471584
v -16.618328 54.144318 20.494450
v -15.471543 53.910202 20.494450
v -11.698700 53.910202 22.044975
v -11.284774 53.910202 21.471584
v -10.443349 54.130753 22.089083
v -10.154956 54.113785 21.284977
v -10.032814 54.157867 20.494450
v -11.054058 53.910202 20.494450
v -11.681736 53.340225 22.061941
v -12.282269 53.258789 22.452118
v -13.262802 53.214676 22.662474
v -14.239941 53.258789 22.452118
v -14.840475 53.340225 22.061941
v -15.230653 53.258789 21.461409
v -15.441009 53.214676 20.494450
v -11.291559 53.258789 21.461409
v -11.081203 53.214676 20.494450
v -12.526554 52.006836 21.953367
v -12.360303 52.576813 22.285868
v -11.790307 52.743073 21.953367
v -11.790307 52.006836 21.217125
v -13.999049 52.006836 21.953367
v -14.735295 52.006836 21.217125
v -14.735295 52.743073 21.953367
v -14.165299 52.576813 22.285868
v -13.262802 51.918610 22.044975
v -13.262802 51.504684 21.471584
v -14.165299 51.677719 21.383373
v -15.064402 52.576813 21.383373
v -13.262802 51.270569 20.494450
v -14.250120 51.504684 20.494450
v -11.457808 52.576813 21.383373
v -11.284774 52.492004 20.494450
v -11.698700 51.918610 20.494450
v -12.275485 51.504684 20.494450
v -12.360303 51.677719 21.383373
v -14.823510 51.918610 20.494450
v -13.262802 52.492004 22.458900
v -15.237437 52.492004 20.494450
v -16.944042 55.630386 20.494450
v -16.825293 55.630386 21.437658
v -16.394400 55.630386 22.445333
v -17.398684 55.338593 20.494450
v -17.286718 55.331818 21.546232
v -16.835470 55.321625 22.733725
v -19.939924 54.755035 23.724438
v -19.519211 55.270752 21.627657
v -19.488676 55.331818 20.494450
v -19.251177 54.880554 22.648907
v -19.909388 54.741455 22.645514
v -19.936531 54.751648 21.705692
v -19.902603 54.856812 20.494450
v -9.917457 55.620209 21.346050
v -9.815673 55.671082 20.494450
v -10.148171 55.559128 22.258724
v -9.059068 55.403061 22.323185
v -9.276212 56.040924 21.108555
v -9.299961 56.139313 20.494450
v -2.432838 55.688049 22.357117
v -1.805163 55.684662 22.462297
v -1.805163 55.613419 24.823721
v -3.114799 55.722000 22.316406
v -7.142110 55.158783 22.326582
v -2.795876 59.464310 26.129963
v -1.567665 60.899475 28.834057
v -1.564271 62.185364 27.687275
v -1.547308 62.175186 24.664255
v -1.574448 60.865540 23.578541
v -1.608378 62.385544 26.194424
v -1.581234 59.725540 28.949419
v -1.588021 59.837509 23.473360
v -1.574448 57.778061 28.935846
v -1.588021 57.757690 23.497116
v -1.588021 57.167343 28.389597
v -1.601591 57.163940 24.036575
v -1.601591 57.163940 24.036575
v -1.588021 57.757690 23.497116
v -1.330163 57.051987 23.846575
v -1.326773 57.649139 23.246042
v -1.588021 57.167343 28.389597
v -1.326773 57.024841 28.504955
v -1.574448 57.778061 28.935846
v -1.326773 57.666092 29.173346
v -1.588021 57.167343 28.389597
v -1.601591 57.163940 24.036575
v -1.326773 57.024841 28.504955
v -1.330163 57.051987 23.846575
v -1.330163 62.707855 26.221567
v -1.326773 62.402512 24.498001
v -1.326773 62.443207 27.846745
v -1.581234 59.725540 28.949419
v -1.330163 59.613586 29.183521
v -1.567665 60.899475 28.834057
v -1.326773 61.157333 28.990129
v -1.588021 59.837509 23.473360
v -1.574448 60.865540 23.578541
v -1.330163 59.725540 23.218901
v -1.330163 61.086075 23.412292
v -1.211414 56.770386 29.777271
v -1.197844 57.435364 29.946913
v -1.218201 56.773788 22.642117
v -1.197844 57.435364 22.472475
v -1.191058 59.752686 29.936731
v -1.191058 59.752686 22.479259
v -1.191058 60.689117 22.553902
v -1.191058 61.530533 22.889797
v -1.191058 62.232849 23.490326
v -1.194451 62.840179 24.202826
v -1.191058 60.689117 29.862095
v -1.191058 61.530533 29.526197
v -1.191058 62.232849 28.925669
v -1.191058 62.840179 28.213165
v -1.194451 63.060715 25.190142
v -1.194451 63.060715 27.225849
v -1.191058 63.148926 26.207998
v -1.469272 56.305557 24.956039
v -1.462485 56.322525 27.514240
v -1.452305 55.640549 26.967997
v -1.455699 55.610031 25.420856
v -1.211414 56.770386 29.777271
v -1.506592 56.271637 29.641556
v -1.218201 56.773788 22.642117
v -1.479452 56.325928 22.774435
v -25.354902 61.259125 28.613523
v -24.513477 62.019119 28.545670
v -23.784012 60.482147 30.113163
v -22.834017 61.323593 30.174231
v -23.587229 62.606064 28.606739
v -24.927402 62.521240 26.849241
v -24.374369 62.857147 27.113884
v -25.870615 61.483047 27.046030
v -8.960675 57.353943 20.494450
v -9.299961 56.139313 20.494450
v -9.096390 57.282700 21.206944
v -9.276212 56.040924 21.108555
v -8.940317 56.356445 22.085691
v -9.059068 55.403061 22.323185
v -8.794425 57.974838 21.542839
v -7.695142 57.465912 22.156940
v -7.674785 57.920563 21.631050
v -7.142110 55.158783 22.326582
v -6.205681 55.681274 22.296049
v -6.338004 57.503220 22.251942
v -6.558539 57.947693 21.705692
v -3.114799 55.722000 22.316406
v -2.968907 57.445557 22.431759
v -2.490518 57.336975 21.970333
v -2.432838 55.688049 22.357117
v -8.780853 60.851959 21.508904
v -10.294062 60.492325 21.101761
v -10.324598 60.424469 20.494450
v -7.695142 60.424469 21.651407
v -6.490683 60.224289 21.756584
v -6.188719 59.806976 22.296049
v -2.673729 58.687347 22.452118
v -2.253016 59.735733 22.363907
v -2.215697 60.526260 22.404617
v -2.361589 58.785736 21.926226
v -2.015518 59.851089 21.953367
v -2.001948 60.872330 22.065332
v -8.889426 61.628937 22.024618
v -7.613714 61.632324 21.838011
v -6.483898 61.489822 21.922834
v -6.202290 61.126801 22.353725
v -2.181771 61.571243 22.679440
v -1.998555 61.822311 22.462297
v -6.181934 62.321060 23.086582
v -2.208910 62.361786 23.388542
v -2.001948 62.619629 23.140865
v -2.147840 63.111603 24.182472
v -2.001948 63.298203 23.944973
v -6.507648 62.707855 22.621759
v -7.623892 62.565353 22.363907
v -8.628179 62.399109 22.526758
v -9.839422 62.012329 21.763372
v -10.429777 62.517853 22.526758
v -10.436563 62.256607 21.145874
v -11.132094 62.426254 21.909260
v -10.378884 62.212509 20.494450
v -11.054058 62.270172 20.494450
v -6.185325 63.162521 23.951757
v -6.497470 63.712158 23.744797
v -3.409981 64.197311 26.957815
v -3.830691 65.839447 26.540497
v -3.260696 65.822495 26.506565
v -3.376047 64.305878 25.529430
v -3.250516 65.880173 25.919605
v -3.783191 65.876785 25.895857
v -5.079259 65.052307 26.764423
v -5.062295 65.086243 25.685499
v -4.383728 63.807144 25.163000
v -4.468547 63.783401 27.327639
v -3.155512 63.708740 27.052814
v -3.138550 63.708740 25.369965
v -6.507648 64.017502 27.252996
v -6.711218 65.021790 26.744066
v -2.161414 63.108215 28.209778
v -6.202290 63.223572 28.481205
v -6.500861 64.007309 25.146034
v -2.110521 63.376251 25.037466
v -2.001948 63.556061 25.067999
v -2.147840 63.359283 27.239422
v -2.113914 63.481430 26.170673
v -6.701039 65.018402 25.665140
v -7.698535 63.796967 23.659973
v -7.661214 64.112488 25.183357
v -7.729070 64.092133 27.249599
v -8.411035 64.967499 25.648174
v -8.478890 64.957306 26.774605
v -8.658712 64.645172 25.407284
v -8.682463 64.665543 26.940849
v -10.144778 64.692673 26.906923
v -10.154956 64.950531 26.750849
v -10.087098 64.957306 25.692287
v -10.962453 64.658768 25.414072
v -11.641023 65.171066 25.692287
v -11.712270 65.164291 26.750849
v -10.992990 64.651962 27.001923
v -11.596915 64.383926 25.196930
v -11.739416 64.343216 27.225849
v -14.487619 65.004807 26.825497
v -14.463869 65.018402 25.610857
v -14.280657 64.271942 25.156216
v -14.558869 64.261765 27.303888
v -19.040819 64.692673 26.951031
v -19.078140 64.692673 25.488714
v -19.342783 64.234650 25.179960
v -19.342783 64.234650 27.229246
v -20.350458 54.802521 20.494450
v -20.333494 54.785553 21.525869
v -20.557421 54.676987 21.987299
v -21.388666 54.609131 22.709974
v -21.409023 54.612534 23.748188
v -23.400623 52.970398 25.027288
v -23.173300 53.350388 27.093525
v -23.376873 53.092529 26.279243
v -23.502411 52.909332 25.648174
v -22.688126 53.106094 24.314791
v -23.560087 52.081467 24.789783
v -21.924736 53.995026 22.950867
v -22.966337 52.780396 23.564974
v -24.150440 51.440201 24.365683
v -21.225809 55.593063 20.494450
v -21.202061 55.576080 21.251051
v -20.350458 54.802521 20.494450
v -20.333494 54.785553 21.525869
v -21.083311 55.097717 21.736225
v -20.557421 54.676987 21.987299
v -21.690628 54.629501 22.119617
v -21.388666 54.609131 22.709974
v -21.741524 54.619308 22.564077
v -22.118126 55.610031 21.685333
v -23.390442 55.626999 20.494450
v -23.482052 55.616806 21.953367
v -22.498127 55.328415 22.044975
v -22.552412 55.335205 22.445333
v -22.155449 54.056107 22.818542
v -23.024019 55.331818 22.560690
v -23.295444 55.331818 22.241760
v -24.398119 53.886459 23.469969
v -25.371868 53.363968 24.145149
v -23.207232 52.824493 23.429258
v -24.387939 51.436813 24.338541
v -21.924736 53.995026 22.950867
v -22.966337 52.780396 23.564974
v -24.150440 51.440201 24.365683
v -24.829010 55.243591 23.208719
v -26.077578 55.104507 23.907644
v -25.049545 55.253784 22.981400
v -25.310797 55.538773 22.832111
v -26.362577 55.396271 23.795683
v -23.427765 52.298615 25.400499
v -23.519373 52.481812 25.580317
v -23.397228 52.668427 26.309782
v -23.230982 52.827881 27.151207
v -22.962948 52.848251 27.371740
v -23.655085 52.376648 27.249599
v -23.807762 52.257889 26.296207
v -24.001154 52.017014 25.407284
v -24.035086 51.562378 25.152822
v -23.573658 52.105209 27.599058
v -24.001154 52.017014 25.407284
v -24.035086 51.562378 25.152822
v -24.265799 51.633621 25.108715
v -23.655085 52.376648 27.249599
v -23.807762 52.196823 27.680494
v -23.573658 52.105209 27.599058
v -24.615261 53.014496 25.346214
v -23.807762 52.257889 26.296207
v -24.442225 53.187515 26.265675
v -24.197941 53.180740 27.232637
v -25.042761 53.686295 26.296207
v -24.666153 53.520035 27.588882
v -25.212402 53.309677 24.979790
v -23.634729 52.369858 28.443880
v -24.425261 53.645569 28.521919
v -23.407408 52.278244 28.335312
v -25.120794 55.063782 28.521919
v -25.415974 55.168961 27.599058
v -25.707756 55.124847 26.112997
v -25.935078 55.145218 24.704966
v -26.325253 55.396271 24.721926
v -26.087755 55.409851 26.167282
v -25.707756 55.453964 27.758524
v -25.426151 55.443771 28.827272
v -23.967230 55.321625 29.342983
v -24.214907 55.643936 29.960482
v -8.651928 63.990356 23.758366
v -10.633347 63.973404 23.704075
v -12.048164 63.067520 22.852474
v -8.706212 64.373749 24.413181
v -10.945488 64.377136 24.464075
v -11.871736 63.970016 23.765148
v -15.071188 62.276978 20.494450
v -15.061010 62.416061 21.841402
v -14.704762 63.162521 22.896582
v -14.470654 63.942856 23.690502
v -20.757599 62.226089 20.494450
v -20.767778 62.253220 21.814264
v -19.994211 63.237152 22.855865
v -19.651533 63.973404 23.690502
v -20.516708 63.596786 23.405508
v -21.537951 63.148926 22.876225
v -21.561701 63.169296 23.337650
v -22.342054 61.652679 20.494450
v -22.413303 61.662857 21.753187
v -23.821337 56.692352 20.494450
v -24.248833 57.313217 20.494450
v -24.007940 56.824677 21.678549
v -24.486332 57.296280 21.793901
v -25.276865 57.113068 22.706583
v -25.670435 56.787338 22.614969
v -26.874897 56.668594 23.734615
v -26.647575 57.045197 23.805864
v -26.447397 56.064682 26.788174
v -26.477934 55.850906 26.201214
v -26.637398 56.074844 25.671930
v -26.830790 56.570206 25.488714
v -27.041147 57.377701 24.684608
v -26.491505 57.526978 27.948524
v -26.593290 56.634659 27.029064
v -26.980076 57.856094 25.526037
v -26.959717 57.099487 25.699072
v -26.715431 57.883224 27.069775
v -26.810431 57.160553 26.777996
v -26.868111 57.968063 26.248713
v -26.959717 57.336975 26.197817
v -26.047043 56.800919 28.888346
v -23.424374 60.756958 20.494450
v -23.556696 60.770538 21.793901
v -24.289551 59.169113 20.494450
v -24.442225 59.128403 21.814264
v -25.181866 58.449844 22.659082
v -24.903652 59.718765 22.676043
v -24.096157 61.028381 22.791401
v -23.197050 61.757858 22.798185
v -22.226700 62.338028 22.760862
v -21.948486 63.505173 23.914433
v -23.621157 62.606064 23.829615
v -24.642403 61.924103 23.863541
v -25.507580 61.198044 23.870325
v -26.216684 60.047852 23.836399
v -26.606863 58.697525 23.816042
v -26.416861 58.656799 27.005316
v -26.579718 58.171631 26.191032
v -26.613647 58.683960 25.478539
v -26.630613 58.120728 25.464964
v -26.729006 57.642349 24.688005
v -26.023293 58.354843 28.616915
v -26.223469 57.815384 27.914598
v -26.433826 58.120728 27.005316
v -25.901148 57.113068 28.834057
v -26.416861 60.455017 25.519249
v -26.342218 60.431259 27.046030
v -25.907932 60.214111 28.610130
v -24.398119 62.843582 25.281754
v -24.951153 62.500885 25.556568
v -25.904543 61.486435 25.522640
v -25.154724 62.385544 26.191032
v -23.848478 63.189651 25.559965
v -23.834908 63.182861 26.872992
v -23.573658 63.335541 26.221567
v -22.040094 63.803772 25.329248
v -22.094376 63.817307 26.856031
v -22.002771 63.437332 28.593164
v -20.876348 63.854645 24.365683
v -20.906883 64.024292 25.315676
v -20.917061 64.044647 26.913708
v -20.971346 63.813919 28.209778
v -19.902603 63.593384 24.145149
v -20.662600 63.528931 28.861198
v -19.973852 63.569626 28.345490
v -19.726173 63.817307 25.207108
v -19.712603 63.895370 27.141026
v -21.805984 62.473755 29.668697
v -21.772058 61.805344 30.347269
v -23.227587 60.550018 30.666195
v -24.024906 59.460907 30.571196
v -24.418474 59.521973 30.014771
v -24.279369 58.351440 30.462627
v -24.696690 58.568588 29.923162
v -24.876511 57.594818 29.784056
v -24.398119 57.123245 30.055487
v -20.313137 62.711243 29.689054
v -22.067236 61.218399 30.774769
v -19.587069 63.915726 28.803522
v -20.475992 63.640900 29.003704
v -14.962618 63.925903 28.769596
v -12.200842 63.946243 28.705130
v -10.948880 64.349991 28.012989
v -22.878124 59.545731 30.856190
v -20.689741 61.445709 30.822264
v -21.727949 60.200546 30.930838
v -20.682957 60.203934 30.947803
v -23.627945 58.371796 30.723871
v -23.702587 57.133408 30.309946
v -24.337051 56.828064 30.425304
v -23.108839 56.804306 30.805304
v -23.037590 55.664307 30.472803
v -22.874729 55.338593 29.804413
v -21.276703 55.633774 30.812088
v -20.971346 55.341995 30.194590
v -9.194780 55.552338 30.784946
v -8.913176 55.436996 30.231913
v -9.449243 55.304672 30.086020
v -9.174423 55.012878 30.011377
v -21.276703 56.828064 30.998695
v -23.071516 57.041824 30.652622
v -21.358130 57.072342 30.788338
v -21.470093 58.012146 31.110661
v -22.990088 58.093597 31.032621
v -20.469206 62.059830 30.462627
v -22.392948 58.962158 31.134411
v -21.660091 59.386276 31.181911
v -19.682068 59.498245 31.219229
v -18.324928 60.217484 30.954588
v -18.335108 59.423584 31.236195
v -16.146723 59.477875 31.202263
v -17.225647 58.962158 31.239588
v -12.217805 55.230026 29.166561
v -14.345121 55.185928 29.152988
v -14.809938 54.856812 29.156380
v -20.367422 54.853409 29.098698
v -21.276703 54.761810 28.708529
v -22.789911 53.011108 27.979063
v -20.655813 55.338593 29.804413
v -20.289387 55.338593 29.906197
v -20.177422 55.542175 30.791729
v -18.382608 55.515030 30.778156
v -14.806546 55.525208 30.778156
v -14.782797 55.284302 29.933340
v -20.224924 54.900909 29.919771
v -14.864223 54.873764 29.906197
v -12.227983 55.548965 29.946913
v -12.343340 55.589661 30.561014
v -11.875128 55.304672 30.011377
v -11.997270 55.542175 30.788338
v -12.204234 55.226639 29.906197
v -11.810663 55.104507 29.933340
v -14.392618 55.199478 29.828163
v -14.446905 55.555740 29.933340
v -14.399405 55.596451 30.561014
v -9.598531 55.094330 29.970663
v -19.495461 58.951981 31.215837
v -15.193330 60.183578 30.961372
v -9.401744 59.650909 30.842623
v -9.401744 57.981628 30.767981
v -11.121917 58.819656 30.954588
v -9.903885 57.455734 30.656013
v -14.857437 58.018936 31.185297
v -14.552084 58.843414 30.954588
v -11.512094 58.012146 31.161552
v -10.660490 57.072342 30.862980
v -8.858891 57.109665 30.795122
v -16.743864 57.842514 31.192087
v -20.255457 63.003036 29.638163
v -19.566711 63.074295 29.594055
v -18.386000 62.840179 29.607630
v -18.389395 63.098038 29.577095
v -18.324928 62.168396 30.432089
v -18.321535 61.445709 30.829054
v -14.921903 63.074295 29.583879
v -14.904940 62.816422 29.597452
v -14.857437 62.144638 30.452446
v -14.854045 61.421982 30.835838
v -20.153671 57.964661 31.134411
v -19.943316 57.130020 30.839230
v -19.848316 56.834854 31.080122
v -19.458139 56.661804 31.198872
v -19.929747 57.839111 31.253155
v -16.241722 57.116455 30.873156
v -12.109234 63.067520 29.577095
v -11.963342 62.816422 29.594055
v -11.515488 62.161606 30.401554
v -11.535843 61.455902 30.818872
v -11.498525 60.268402 30.961372
v -10.562097 63.617157 28.772987
v -8.706212 62.711243 29.675488
v -8.767282 63.712158 28.671200
v -8.723176 62.114120 30.157270
v -9.384780 60.566971 30.829054
v -8.729962 61.506790 30.455843
v -7.841035 63.264282 28.566023
v -7.837644 62.514465 29.349771
v -7.834249 61.951248 29.838345
v -7.841035 61.310013 30.086020
v -8.261748 60.417694 30.387981
v -8.679069 64.034470 28.637272
v -7.725677 63.786789 28.749239
v -10.192278 64.024292 28.657631
v -10.721560 63.942856 28.739061
v -10.114244 64.390717 27.928165
v -8.648535 64.377136 27.968887
v -7.732461 62.904648 29.712805
v -7.732461 62.185364 30.286196
v -7.732461 61.510193 30.584764
v -8.007286 60.471970 30.411730
v -8.614603 59.474487 30.415123
v -7.776572 59.410019 30.801907
v -7.722283 60.604294 30.737446
v -19.566711 56.573593 31.036015
v -5.920683 55.701630 30.099588
v -6.229431 56.268234 30.510128
v -5.303185 56.095200 30.438873
v -5.418545 56.811096 30.625481
v -4.834974 55.708420 30.116554
v -4.834974 56.492157 30.282804
v -14.477441 55.901810 30.876553
v -12.336554 55.911987 30.876553
v -18.413143 56.139313 30.934229
v -17.242611 56.492157 31.015656
v -16.238329 56.797531 31.086906
v -18.386000 56.220749 31.219229
v -17.225647 56.675385 31.209047
v -10.653706 56.828064 31.090298
v -8.553534 54.188431 29.946913
v -1.818733 54.955185 25.410675
v -1.798376 54.978958 27.039246
v -1.801769 55.671082 27.755133
v -1.866232 55.671082 29.441380
v -4.834974 55.708420 30.116554
v -3.162299 55.705032 30.119947
v -2.409088 55.691452 30.075838
v -1.805163 55.664307 30.052090
v -5.920683 55.701630 30.099588
v -6.687469 55.487885 30.031736
v -6.979253 55.023071 30.021555
v -7.226929 54.178253 29.994413
v -6.979253 55.023071 30.021555
v -6.687469 55.487885 30.031736
v -9.059068 56.841644 31.086906
v -8.889426 56.163055 30.927444
v -17.469931 58.724655 31.422802
v -18.379215 59.101257 31.422802
v -17.093327 57.818771 31.422802
v -19.285103 58.724655 31.422802
v -19.661711 57.818771 31.422802
v -19.285103 56.909485 31.422802
v -17.469931 56.909485 31.422802
v -18.379215 56.532867 31.422802
v -25.317581 64.048035 26.207998
v -25.181866 64.139648 26.045139
v -24.829010 63.579819 25.668537
v -24.510082 63.780014 25.824606
v -25.151329 63.383041 25.824606
v -24.829010 63.579819 26.747458
v -25.151329 63.383041 26.591389
v -24.506693 63.780014 26.591389
v -27.923285 56.281799 26.360680
v -27.885963 56.135925 26.207998
v -27.923285 56.281799 26.055321
v -27.963997 56.427704 26.207998
v -27.923285 56.281799 26.055321
v -27.180254 56.095200 25.834782
v -27.278646 56.454834 25.678715
v -27.278646 56.454834 25.678715
v -27.373644 56.814499 25.834782
v -27.278646 56.454834 26.737282
v -27.180254 56.095200 26.581213
v -27.373644 56.814499 26.581213
v -18.358858 58.069839 33.567081
v -18.101000 57.815384 33.567081
v -18.613321 57.815384 33.567081
v -18.358858 57.560913 33.567081
v -18.613321 57.815384 33.567081
v -18.918676 57.255554 32.471191
v -19.152782 57.818771 32.471191
v -19.152782 57.818771 32.471191
v -18.918676 58.378571 32.471191
v -17.795647 58.378571 32.471191
v -17.561539 57.818771 32.471191
v -17.795647 57.255554 32.471191
v -18.355465 57.021454 32.471191
v -18.379215 56.532867 31.422802
v -19.285103 56.909485 31.422802
v -19.661711 57.818771 31.422802
v -19.661711 57.818771 31.422802
v -19.285103 58.724655 31.422802
v -18.379215 59.101257 31.422802
v -18.355465 58.612701 32.471191
v -17.469931 58.724655 31.422802
v -17.093327 57.818771 31.422802
v -17.469931 56.909485 31.422802
v -24.384548 63.864838 26.207998
v -26.477934 55.850906 26.201214
v -26.637398 56.074844 25.671930
v -27.142931 55.945923 26.207998
v -26.830790 56.570206 25.488714
v -26.830790 56.570206 25.488714
v -26.959717 57.099487 25.699072
v -27.414360 56.963760 26.207998
v -26.959717 57.336975 26.197817
v -23.848478 63.189651 25.559965
v -23.573658 63.335541 26.221567
v -24.951153 62.500885 25.556568
v -24.398119 62.843582 25.281754
v -25.154724 62.385544 26.191032
v -25.290436 63.291428 26.207998
v -24.927402 62.521240 26.849241
v -24.374369 62.857147 27.113884
v -23.834908 63.182861 26.872992
v -26.447397 56.064682 26.788174
v -26.593290 56.634659 27.029064
v -26.810431 57.160553 26.777996
v -25.290436 63.291428 26.207998
v -25.154724 62.385544 26.191032
v -8.234608 56.851822 31.063156
v -8.407643 56.403946 30.991905
v -7.786749 57.130020 30.774769
v -8.132820 56.420929 30.591549
v -8.723176 55.922165 30.418514
v -8.641748 57.971451 30.445662
v -7.786749 57.615189 30.818872
v -6.521219 63.712158 28.722095
v -6.521219 62.908035 29.621202
v -6.504254 62.195541 30.194590
v -6.521219 61.520370 30.520304
v -6.195503 61.561081 29.896021
v -6.188719 62.338028 29.309055
v -6.517826 60.678925 30.662804
v -6.188719 60.743393 30.082628
v -6.534789 59.399841 30.713696
v -6.205681 59.762878 30.153873
v -6.212468 58.901077 30.174231
v -6.185325 57.703415 30.181021
v -6.470326 57.615189 30.696735
v -6.131041 57.197876 30.717089
v -2.174984 62.378754 29.081738
v -2.212303 61.649277 29.614412
v -2.256409 60.814651 29.892628
v -2.256409 59.810364 29.936731
v -6.015685 57.445557 30.187805
v -5.499972 57.126633 30.228519
v -2.636410 58.931610 29.967266
v -2.785695 57.316620 30.123339
v -4.899437 56.760193 29.960482
v -3.376047 56.807709 29.960482
v -2.001948 63.661240 26.207998
v -2.001948 63.556061 27.347990
v -2.001948 63.298203 28.471024
v -2.001948 62.619629 29.275129
v -2.001948 61.825714 29.957088
v -2.001948 60.872330 30.350662
v -2.015518 59.851089 30.462627
v -3.192836 56.498947 30.282804
v -2.361589 58.785736 30.489769
v -2.500694 57.313217 30.415123
v -3.162299 55.705032 30.119947
v -2.409088 55.691452 30.075838
v -1.326773 63.623932 26.207998
v -1.326773 63.522156 25.078180
v -1.326773 63.264282 23.982290
v -1.326773 62.585724 23.174791
v -1.326773 61.798569 22.499617
v -1.326773 62.585724 29.241198
v -1.326773 61.798569 29.916378
v -1.326773 63.522156 27.337814
v -1.326773 63.264282 28.433704
v -1.326773 60.851959 30.306555
v -1.326773 59.806976 30.408339
v -1.326773 59.806976 22.007656
v -1.336950 57.282700 22.024618
v -1.326773 60.851959 22.109442
v -1.370880 56.515915 22.241760
v -1.370880 56.515915 22.241760
v -1.370880 56.495560 30.269236
v -1.336950 57.275909 30.425304
v -1.370880 56.495560 30.269236
v -5.004616 60.987686 23.748188
v -5.004616 59.569489 23.371582
v -0.532846 60.468582 23.402111
v -0.970522 59.725540 23.364792
v -0.943379 57.415009 28.956203
v -1.085882 58.168228 28.630489
v -0.967129 58.938416 29.061380
v -5.004616 60.987686 28.654238
v -0.532846 61.136978 28.745846
v -0.532846 60.468582 29.013880
v -0.970522 59.725540 29.051203
v -5.004616 59.569489 29.034237
v 5.343564 56.593948 24.613358
v 12.098720 56.424316 24.898357
v 5.438563 56.821274 24.223183
v 12.098720 56.868759 24.128178
v 12.105503 57.316620 23.632826
v 5.017850 57.180908 23.453007
v 3.087321 56.481979 25.797459
v 3.898211 56.224136 25.536215
v 3.080534 56.889130 24.657467
v 3.921961 56.607529 24.589609
v -0.522666 59.756088 29.088522
v -0.298737 59.013046 29.105488
v -0.532846 61.136978 23.670149
v 2.340897 57.241989 24.718534
v -0.112132 57.262344 24.745676
v 2.323930 56.970551 26.201214
v -0.234274 56.973953 26.218174
v -0.522666 59.756088 23.327473
v 3.087321 56.481979 26.608351
v 3.080534 56.895920 27.758524
v 3.898211 56.224136 26.869604
v 3.921961 56.600739 27.802631
v 3.769282 57.353943 23.313900
v 3.864281 57.303055 23.486935
v 12.353180 56.481979 24.922108
v 12.353180 56.916275 24.165506
v -0.281774 56.834854 26.207998
v -0.264811 56.834854 24.576035
v -0.671951 56.865387 26.204605
v -0.661775 56.848419 23.673542
v -0.112132 57.262344 27.670313
v -0.281774 56.834854 26.207998
v -0.268204 56.834854 27.839956
v -0.658382 56.834854 28.810312
v -0.671951 56.865387 26.204605
v 0.240722 57.431976 23.442825
v 2.303573 57.411621 23.446218
v 0.400187 57.632156 23.704075
v 2.323930 57.618591 23.707468
v 2.680181 56.923065 27.755133
v 2.476609 57.228409 27.697456
v 2.323930 56.766998 27.867098
v -1.085882 57.140198 24.799971
v -0.943379 57.428589 23.524258
v 0.244115 57.431976 28.966379
v -0.146058 59.053757 28.786562
v -0.169812 58.270020 28.454058
v -0.054452 58.120728 28.769596
v -0.298737 59.013046 23.310507
v -0.329274 59.555908 23.602291
v -0.146058 59.053757 23.629433
v -0.329274 59.559311 28.800131
v -0.213918 58.008774 29.057987
v 0.403581 57.632156 28.711920
v 2.683574 57.652542 23.921217
v 2.310360 57.822174 24.396217
v -1.085882 57.140198 27.605848
v -5.004616 58.154663 28.654238
v 2.306967 56.780563 23.585325
v 2.310360 56.766998 24.548893
v 2.283217 57.415009 28.966379
v 2.320536 56.783951 28.820488
v 2.870179 56.444656 28.786562
v 2.303573 57.828949 28.012989
v 2.673394 57.655914 28.484592
v 2.320536 57.618591 28.708529
v -0.203742 57.842514 28.026564
v 2.323930 58.270020 28.454058
v 3.063571 57.594818 28.582989
v -0.213918 57.842514 24.379255
v -0.230881 58.253052 23.965330
v -0.054452 58.120728 23.646399
v -0.213918 58.001984 23.337650
v 3.796425 57.326797 28.898521
v 5.265527 56.417526 23.592115
v 2.876962 56.434479 23.585325
v 5.017850 57.191101 28.918880
v 5.265527 56.437866 28.739061
v 9.842477 59.569489 26.201214
v 10.633007 59.569489 28.070671
v 10.633007 60.505890 27.819597
v 10.633007 61.187866 27.137632
v 10.633007 61.438934 26.201214
v 10.633007 61.187866 25.268181
v 10.633007 60.505890 24.582829
v 10.633007 59.569489 24.335142
v 10.633007 58.636444 24.582829
v 10.633007 57.951080 25.268181
v 10.633007 57.703415 26.201214
v 10.633007 57.951080 27.137632
v 10.633007 58.636444 27.819597
v 16.882631 61.377869 25.454788
v 16.882631 61.120010 25.013716
v 16.787634 61.303223 25.485323
v 16.787634 61.055527 25.061214
v 16.882631 61.510193 26.459066
v 16.882631 61.510193 25.946749
v 16.787634 61.428757 26.445498
v 16.787634 61.428757 25.956924
v 16.882631 61.120010 27.392099
v 16.882631 61.377869 26.951031
v 16.787634 61.055527 27.344599
v 16.787634 61.299820 26.920492
v 16.882631 60.319290 28.009598
v 16.882631 60.760361 27.751740
v 16.787634 60.288773 27.934956
v 16.787634 60.712860 27.687275
v 16.882631 58.381973 27.751740
v 16.882631 58.823044 28.009598
v 16.787634 58.429474 27.687275
v 16.787634 58.853592 27.934956
v 16.787634 59.813766 28.060490
v 16.787634 59.325195 28.060490
v 16.882631 59.827332 28.141920
v 16.882631 59.315018 28.141920
v 16.787634 58.083405 27.344599
v 16.787634 57.839111 26.920492
v 16.882631 58.018936 27.392099
v 16.882631 57.764481 26.951031
v 16.787634 58.429474 24.715147
v 16.787634 58.853592 24.470863
v 16.882631 58.378571 24.650682
v 16.882631 58.823044 24.396217
v 16.787634 59.325195 24.345320
v 16.787634 59.813766 24.345320
v 16.882631 59.315018 24.263899
v 16.882631 59.827332 24.263899
v 16.787634 60.288773 24.470863
v 16.787634 60.709473 24.715147
v 16.882631 60.319290 24.396217
v 16.882631 60.760361 24.650682
v 10.633007 58.636444 27.819597
v 10.633007 59.569489 28.070671
v 10.633007 57.951080 25.268181
v 16.787634 58.083405 25.061214
v 16.787634 57.839111 25.485323
v 16.882631 58.018936 25.013716
v 16.882631 57.764481 25.454788
v 10.633007 58.636444 24.582829
v 10.633007 60.505890 27.819597
v 10.633007 57.703415 26.201214
v 16.787634 57.713593 25.956924
v 16.787634 57.713593 26.445498
v 16.882631 57.632156 26.459066
v 16.882631 57.632156 25.946749
v 10.633007 57.951080 27.137632
v 10.633007 59.569489 24.335142
v 10.633007 60.505890 24.582829
v 16.516205 62.148026 26.716923
v 13.262465 62.334641 26.750849
v 16.316027 62.422852 26.577820
v 13.123359 62.582321 26.598173
v 13.123359 62.582321 25.804249
v 16.316027 62.422852 25.827999
v 13.262465 62.334641 25.651567
v 16.516205 62.148026 25.688890
v 16.519594 61.995361 25.196930
v 13.252284 62.141251 25.135857
v 13.252284 61.778229 24.508183
v 16.519594 61.652679 24.606573
v 13.262465 61.428757 24.084074
v 16.516205 61.303223 24.226574
v 16.316027 61.323593 23.921217
v 13.123359 61.421982 23.792292
v 13.123359 60.733231 23.395330
v 16.316027 60.672150 23.544615
v 13.262465 60.475357 23.534433
v 16.516205 60.414291 23.714256
v 16.519594 59.912155 23.602291
v 13.252284 59.932510 23.442825
v 13.252284 59.206436 23.442825
v 16.519594 59.226791 23.602291
v 13.262465 58.663589 23.534433
v 16.516205 58.724655 23.714256
v 16.316027 58.470184 23.544615
v 13.123359 58.409119 23.395330
v 13.123359 57.720383 23.792292
v 16.316027 57.818771 23.921217
v 13.262465 57.713593 24.084074
v 16.516205 57.835724 24.226574
v 16.519594 57.489655 24.606573
v 13.252284 57.360733 24.508183
v 13.252284 56.997696 25.135857
v 16.519594 57.146988 25.196930
v 13.262465 56.807709 25.651567
v 16.516205 56.990921 25.688890
v 16.516205 56.990921 25.688890
v 13.262465 56.807709 25.651567
v 16.316027 56.719467 25.827999
v 13.123359 56.556625 25.804249
v 13.123359 56.556625 26.598173
v 16.316027 56.719467 26.577820
v 13.262465 56.807709 26.750849
v 16.516205 56.990921 26.716923
v 16.519594 57.146988 27.205496
v 13.252284 56.997696 27.266565
v 13.252284 57.360733 27.897636
v 16.519594 57.489655 27.799240
v 13.262465 57.713593 28.321739
v 16.516205 57.835724 28.179239
v 16.316027 57.818771 28.484592
v 13.123359 57.720383 28.613523
v 13.123359 58.409119 29.010489
v 16.316027 58.470184 28.861198
v 13.262465 58.663589 28.871380
v 16.516205 58.724655 28.691557
v 16.519594 59.226791 28.803522
v 13.252284 59.206436 28.962988
v 13.252284 59.932510 28.962988
v 16.519594 59.912155 28.803522
v 13.262465 60.475357 28.871380
v 16.516205 60.414291 28.691557
v 16.316027 60.672150 28.861198
v 13.123359 60.733231 29.010489
v 13.123359 61.421982 28.613523
v 16.316027 61.323593 28.484592
v 13.262465 61.428757 28.321739
v 16.516205 61.303223 28.179239
v 16.519594 61.652679 27.799240
v 13.252284 61.778229 27.897636
v 13.252284 62.141251 27.266565
v 16.519594 61.995361 27.205496
v 3.087321 60.763748 29.078341
v 2.673394 61.106415 28.861198
v 3.087321 61.466080 28.674597
v 3.087321 56.481979 25.797459
v 2.673394 56.498947 26.201214
v 3.080534 59.976608 23.106939
v 2.673394 59.569489 23.130690
v 3.080534 59.162323 23.106939
v 3.087321 58.378571 23.324081
v 2.673394 58.035919 23.541224
v 3.083927 57.588043 23.816042
v 3.087321 58.378571 29.078341
v 2.673394 58.035919 28.861198
v 3.080534 62.046265 28.101206
v 2.673394 62.229462 27.738171
v 3.080534 62.453400 27.395491
v 3.080534 59.162323 29.295483
v 2.673394 59.569489 29.275129
v 3.080534 59.976608 29.295483
v 2.876962 56.420929 24.548893
v 5.438563 56.821274 28.182631
v 5.346957 56.597351 27.799240
v 5.445345 56.828064 28.606739
v 3.087321 61.466080 23.731222
v 2.673394 61.106415 23.541224
v 3.087321 60.763748 23.324081
v 3.087321 62.656967 26.608351
v 2.673394 62.639999 26.201214
v 3.087321 62.656967 25.797459
v 3.080534 62.046265 24.301216
v 3.080534 62.453400 25.006926
v 2.673394 62.229462 24.667648
v 3.769282 63.182861 26.679600
v 12.136040 63.186264 26.679600
v 3.898211 62.918228 26.869604
v 12.105503 62.921631 26.869604
v 3.769282 58.178406 22.838902
v 3.898211 58.473572 22.971224
v 3.653926 58.497330 23.045866
v 16.628166 60.543228 28.549063
v 16.628166 61.116623 28.216558
v 5.445345 56.828064 23.805864
v 12.098720 56.424316 27.504065
v 12.105503 56.220749 26.869604
v 16.628166 62.086975 26.533712
v 2.323930 60.872330 23.951757
v 2.323930 59.569489 23.602291
v -0.322487 60.872330 23.951757
v 16.628166 62.086975 25.872107
v 3.898211 61.822311 28.769596
v 3.921961 62.266785 28.270847
v 12.105503 61.822311 28.772987
v 12.098720 62.273575 28.274244
v 16.628166 61.584824 27.748348
v 16.628166 61.917313 27.174957
v 3.921961 60.013947 29.573702
v 3.677676 60.003754 29.495663
v 3.898211 60.668747 29.434595
v 3.653926 60.641617 29.359953
v -1.085882 58.168228 23.771933
v -0.967129 58.938416 23.358007
v -5.004616 58.154663 23.748188
v 2.323930 58.270020 23.951757
v -5.004616 62.402512 26.201214
v -5.004616 62.022507 24.786392
v -0.532846 62.416061 26.207998
v -0.532846 62.164993 24.674431
v 12.393893 61.751068 29.041021
v 12.393893 60.940186 29.509237
v 12.356574 61.781616 28.725489
v 13.072462 61.367676 28.253881
v -5.008009 57.116455 24.786392
v 12.353180 62.222687 28.236916
v 13.065680 61.703583 27.839956
v -5.004616 56.736435 26.201214
v 2.676787 56.933243 24.647289
v 2.673394 56.498947 26.201214
v 16.628166 61.584824 24.657467
v 16.628166 61.116623 24.189251
v 12.098720 62.718048 27.504065
v 12.353180 62.660355 27.480314
v 12.356574 56.278412 25.546391
v 13.072462 56.895920 25.671930
v 13.065680 57.085907 25.173182
v 16.628166 57.557510 24.657467
v 16.628166 57.225021 25.230858
v 3.518210 61.737503 23.381758
v 3.518210 60.933380 22.916935
v 12.136040 61.791794 29.095306
v 12.136040 60.967331 29.570305
v 12.098720 56.868759 28.274244
v 12.105503 57.316620 28.772987
v 12.353180 56.916275 28.236916
v 12.356574 57.357330 28.725489
v 2.323930 56.970551 26.201214
v -0.234274 56.973953 26.218174
v 2.873569 56.420929 27.867098
v -5.004616 56.736435 26.201214
v -5.004616 57.116455 27.619421
v 12.136040 57.350555 23.310507
v 12.393893 57.391281 23.361401
v 12.356574 57.357330 23.680326
v 16.628166 59.240372 28.718704
v 16.628166 59.901978 28.718704
v 16.882631 57.632156 25.946749
v 16.787634 57.713593 25.956924
v 2.829462 57.353943 23.446218
v -0.322487 62.171799 26.201214
v -0.322487 61.822311 27.504065
v -0.532846 62.164993 27.741564
v -0.322487 61.822311 24.901751
v 5.265527 56.390381 27.873886
v 3.769282 63.182861 25.726213
v 12.136040 63.186264 25.726213
v 12.098720 62.273575 24.128178
v 12.353180 62.222687 24.165506
v 12.098720 62.718048 24.898357
v 12.353180 62.660355 24.922108
v 12.098720 59.125015 29.577095
v 12.105503 58.473572 29.437986
v 3.921961 59.125015 29.573702
v 3.898211 58.473572 29.434595
v 3.518210 63.098038 26.666031
v 3.518210 63.098038 25.736391
v 16.628166 57.225021 27.174957
v 16.628166 57.557510 27.748348
v 12.136040 55.956100 25.726213
v 3.769282 55.959488 25.726213
v 12.136040 55.956100 26.679600
v 3.769282 55.959488 26.676208
v 12.105503 60.668747 29.437986
v 12.356574 60.648407 29.380310
v 2.323930 59.569489 28.803522
v 5.265527 56.390381 24.538715
v 3.518210 60.933380 29.488878
v 3.233212 60.488937 28.908699
v 12.105503 60.668747 22.967827
v 12.136040 60.963928 22.835508
v 3.898211 60.668747 22.971224
v 3.769282 60.963928 22.838902
v 3.653926 62.840179 26.852638
v 16.628166 58.025726 24.189251
v 3.769282 57.353943 29.091913
v 12.136040 57.350555 29.095306
v -0.322487 60.872330 28.454058
v 2.323930 60.872330 28.454058
v 3.518210 61.737503 29.024055
v 3.653926 61.768036 28.708529
v 3.233212 61.455902 28.352274
v 13.072462 57.771271 24.151932
v 3.921961 62.711243 27.504065
v 3.677676 62.639999 27.473530
v 12.393893 56.020569 25.736391
v 12.105503 56.220749 25.536215
v 12.356574 56.278412 25.546391
v 12.393893 58.202148 29.509237
v 12.393893 57.391281 29.041021
v 2.323930 61.822311 27.504065
v -5.004616 62.022507 27.619421
v 2.323930 62.171799 26.201214
v 3.677676 62.639999 24.932289
v 3.233212 62.375366 25.644783
v 3.677676 62.205719 24.179075
v 3.233212 61.455902 24.053541
v 12.098720 60.013947 22.825333
v 3.921961 60.013947 22.832111
v 3.921961 59.125015 22.832111
v 3.677676 59.135193 22.910156
v 16.628166 58.025726 28.216558
v 12.098720 60.013947 29.577095
v 12.353180 60.007141 29.516022
v 16.628166 58.599121 28.549063
v 13.072462 62.246429 26.733889
v 13.065680 62.056427 27.232637
v 16.628166 59.901978 23.683723
v 16.628166 59.240372 23.683723
v 13.072462 62.246429 25.671930
v 12.353180 59.135193 29.516022
v 12.098720 59.125015 22.825333
v 13.072462 57.771271 28.253881
v 13.072462 56.895920 25.671930
v 12.105503 58.473572 22.967827
v 12.136040 58.175018 22.835508
v 12.353180 59.135193 22.886406
v 12.353180 60.007141 22.886406
v 16.628166 61.917313 25.230858
v 16.628166 57.051987 25.872107
v 12.393893 63.118378 25.736391
v 12.393893 63.118378 26.669424
v 10.633007 57.703415 26.201214
v 12.359967 60.648407 23.025503
v 13.065680 57.435364 24.565859
v 13.065680 62.056427 25.173182
v 13.065680 61.703583 24.565859
v 16.628166 58.599121 23.856756
v 3.653926 61.768036 23.697290
v 2.323930 61.822311 24.901751
v 13.065680 57.435364 27.839956
v 12.356574 58.490540 29.380310
v 13.072462 58.694122 28.786562
v 3.769282 60.963928 29.566914
v 13.072462 61.367676 24.151932
v 3.769282 61.788391 29.091913
v 3.233212 58.650009 23.493723
v 3.233212 62.375366 26.761030
v 12.393893 61.751068 23.361401
v 12.359967 61.781616 23.680326
v 12.393893 60.940186 22.893185
v 13.072462 60.448227 23.619251
v 12.105503 56.220749 25.536215
v 12.393893 58.202148 22.893185
v 3.677676 62.205719 28.223347
v 3.653926 60.641617 23.045866
v 3.233212 60.488937 23.497116
v 13.065680 59.922333 23.534433
v 13.065680 59.220016 23.534433
v 16.628166 60.543228 23.856756
v 12.353180 56.481979 27.480314
v 13.072462 58.694122 23.619251
v 3.898211 56.224136 25.536215
v 12.356574 56.278412 26.856031
v 12.359967 58.490540 23.025503
v 12.105503 62.921631 25.536215
v 3.921961 62.711243 24.901751
v 3.898211 62.918228 25.536215
v 12.136040 58.175018 29.570305
v 3.769282 58.178406 29.566914
v 12.359967 62.860535 25.549788
v 12.136040 61.791794 23.310507
v 3.769282 61.788391 23.313900
v 12.393893 56.020569 26.669424
v 3.653926 58.497330 29.359953
v 3.233212 58.650009 28.908699
v 13.065680 59.220016 28.871380
v 3.921961 62.266785 24.131575
v 3.653926 62.840179 25.553175
v 3.677676 59.138580 29.495663
v 13.072462 60.448227 28.786562
v 13.065680 59.922333 28.871380
v 13.072462 56.895920 26.733889
v 12.359967 62.860535 26.856031
v 16.628166 57.051987 26.533712
v 3.677676 60.003754 22.910156
v 13.065680 57.085907 27.232637
v 3.898211 61.822311 23.636223
v 12.105503 61.822311 23.632826
v 16.628166 57.051987 25.872107
v -14.358688 28.776001 -13.925966
v -13.686905 29.118706 -13.349184
v -13.446013 28.426544 -13.410251
v -13.927798 28.046524 -14.170252
v -13.466372 27.524048 -14.702927
v -14.792974 27.880295 -15.045606
v -14.972793 28.565636 -14.655428
v -13.446013 28.426544 -17.848099
v -13.686905 29.118706 -17.912565
v -14.358688 28.776001 -17.335775
v -13.927798 28.046524 -17.088104
v -14.792974 27.880295 -16.212751
v -13.466372 27.524048 -16.555422
v -14.972793 28.565636 -16.602928
v -12.994765 27.876892 -17.386669
v -12.804767 28.246727 -18.136490
v -12.804767 28.246727 -13.125260
v -12.994765 27.876892 -13.875074
v -8.875852 23.405121 -14.214358
v -6.164967 22.852081 -15.656313
v -8.841924 23.398346 -15.995606
v -8.577281 23.510307 -16.636854
v -7.813891 23.853004 -17.010065
v -6.802822 24.311028 -17.030426
v -5.937647 24.707985 -16.982918
v -5.567824 24.881027 -16.596142
v -5.377828 24.976028 -15.917565
v -8.638354 23.520485 -13.573116
v -7.881747 23.869965 -13.216866
v -6.860500 24.334778 -13.227046
v -5.981753 24.731735 -13.301685
v -5.601757 24.901375 -13.708830
v -5.394793 24.986206 -14.400970
v -6.392287 29.050842 -17.040606
v -6.826571 28.803162 -17.803993
v -6.114075 27.391731 -17.254349
v -6.585680 27.398521 -17.593634
v -5.774790 27.727615 -16.552029
v -5.822291 28.840454 -16.538454
v -6.585680 27.398521 -13.715608
v -6.826571 28.803162 -13.505249
v -6.114075 27.391731 -14.058293
v -6.392287 29.050842 -14.272038
v -5.822291 28.840454 -14.774173
v -5.774790 27.727615 -14.757214
v -9.147280 28.511368 -18.435061
v -8.064961 28.609749 -18.482559
v -7.796926 28.857430 -18.173809
v -8.153174 29.054245 -18.299341
v -7.766392 28.881180 -13.142219
v -8.064961 28.609749 -12.830082
v -9.147280 28.511368 -12.877583
v -8.146389 29.061020 -12.965794
v -9.683347 28.487617 -12.707936
v -10.110847 28.053322 -13.067574
v -11.013344 27.839592 -12.684191
v -11.064236 27.517258 -13.515429
v -9.683347 28.487617 -18.550421
v -10.110847 28.053322 -18.241669
v -11.013344 27.839592 -18.577560
v -11.057449 27.479958 -17.776846
v -10.239775 25.885300 -14.455257
v -10.752095 26.743690 -14.305964
v -10.117633 25.814072 -13.644362
v -10.629953 26.686028 -13.440791
v -10.239775 25.372986 -14.747033
v -10.806379 25.854759 -14.740247
v -10.629953 26.686028 -17.868450
v -10.752095 26.743690 -17.003286
v -10.117633 25.814072 -17.668280
v -10.239775 25.885300 -16.853992
v -10.246561 25.389961 -16.592749
v -10.806379 25.854759 -16.568995
v -11.715664 27.371368 -16.565601
v -11.484948 26.723328 -16.555422
v -11.488341 26.692802 -14.767394
v -11.715664 27.371368 -14.692747
v -11.766555 27.157616 -15.629174
v -11.488341 26.692802 -14.767394
v -11.766555 27.157616 -15.629174
v -10.806379 25.854759 -14.740247
v -6.565324 27.093140 -17.661493
v -7.494961 26.509598 -17.939705
v -7.291391 27.123688 -18.204342
v -8.061567 26.394234 -18.112736
v -8.645139 25.902275 -17.882032
v -9.062459 26.153343 -18.180595
v -9.883526 25.552818 -17.440962
v -9.747813 26.821732 -18.455421
v -9.832632 27.747978 -18.475773
v -8.183708 28.348526 -18.896490
v -9.038707 28.345116 -18.889704
v -7.623891 27.788689 -18.774345
v -9.574779 26.852272 -18.631845
v -9.639240 27.676727 -18.784525
v -8.899602 26.373871 -18.530060
v -8.146389 26.502800 -18.540239
v -7.376215 27.951530 -18.455421
v -7.627284 27.042252 -18.642017
v -9.147280 23.876755 -14.533289
v -9.137102 23.873352 -16.246677
v -8.879245 23.998871 -16.870958
v -8.092104 24.389053 -17.250956
v -7.006392 24.925140 -17.291668
v -6.046219 25.400124 -17.264528
v -5.625506 25.607094 -16.874352
v -5.404971 25.719070 -16.182211
v -10.239775 25.372986 -14.747033
v -6.565324 27.093140 -13.651150
v -7.494961 26.509598 -13.372931
v -7.291391 27.123688 -13.108294
v -8.061567 26.394234 -13.196506
v -8.645139 25.902275 -13.427217
v -9.062459 26.153343 -13.128654
v -9.883526 25.552818 -13.868287
v -9.747813 26.821732 -12.853828
v -9.832632 27.747978 -12.836862
v -9.574779 26.852272 -12.677403
v -9.038707 28.345116 -12.422938
v -7.623891 27.788689 -12.538290
v -8.183708 28.348526 -12.416152
v -9.639240 27.676727 -12.528118
v -8.899602 26.373871 -12.782582
v -8.146389 26.502800 -12.769009
v -7.627284 27.042252 -12.667224
v -7.376215 27.951530 -12.853828
v -8.638354 23.520485 -13.573116
v -8.875852 23.405121 -14.214358
v -8.892817 24.002281 -13.912393
v -9.147280 23.876755 -14.533289
v -7.881747 23.869965 -13.216866
v -8.109068 24.392464 -13.539183
v -6.860500 24.334778 -13.227046
v -7.026750 24.925140 -13.508642
v -5.981753 24.731735 -13.301685
v -6.066576 25.400124 -13.545969
v -6.066576 25.400124 -13.545969
v -5.639077 25.610481 -13.939532
v -5.411756 25.719070 -14.635076
v -6.565324 27.093140 -13.651150
v -6.114075 27.391731 -14.058293
v -5.774790 27.727615 -14.757214
v -5.822291 28.840454 -14.774173
v -5.673006 29.166206 -16.182211
v -5.673006 29.169586 -15.127030
v -5.764611 29.251022 -14.896328
v -5.673006 29.169586 -15.127030
v -5.744253 29.244247 -16.399349
v -6.015683 29.569931 -16.881140
v -6.341395 29.451180 -17.461315
v -6.789250 29.251022 -17.837917
v -6.802822 29.217087 -13.522216
v -6.378717 29.420654 -13.814001
v -6.015683 29.552979 -14.441684
v -7.220142 29.084770 -18.031309
v -11.695305 31.273155 -13.305079
v -12.275482 32.687973 -13.291506
v -11.725842 31.476700 -14.197398
v -11.695305 31.273155 -17.953278
v -11.807269 31.588699 -17.352743
v -12.275482 32.687973 -17.966852
v -12.255123 32.715103 -17.322203
v -11.047272 31.710831 -17.393456
v -11.413698 30.787971 -17.451134
v -11.318700 30.543678 -17.915958
v -8.455140 30.211205 -18.407923
v -8.183708 29.946564 -18.150063
v -8.346568 30.343498 -18.255234
v -7.583178 30.262085 -18.078810
v -7.182821 30.340111 -17.803993
v -7.186214 30.346909 -13.508642
v -6.568716 30.587791 -14.197398
v -6.558537 30.584404 -17.111851
v -6.341395 30.692978 -14.964179
v -6.351573 30.686180 -16.460421
v -7.036929 31.683701 -16.962564
v -7.087819 31.269768 -13.990433
v -7.050498 31.619240 -14.299176
v -8.411032 30.228157 -12.877583
v -8.204068 30.455475 -13.349184
v -8.170138 29.970291 -13.155792
v -8.064961 30.065292 -13.335610
v -10.389060 29.926201 -13.182940
v -8.679067 30.876198 -13.355971
v -11.023521 30.231544 -13.298292
v -7.501746 31.385109 -13.637576
v -9.405134 31.907608 -13.932754
v -8.648532 32.318146 -14.014187
v -9.184599 31.731171 -13.776681
v -8.200677 32.545471 -14.326324
v -7.983533 32.260452 -14.004006
v -7.827463 32.738861 -15.551141
v -7.942817 32.650650 -14.655428
v -8.183708 32.647263 -15.479888
v -10.572273 31.419044 -14.004006
v -11.532450 30.947426 -14.173645
v -10.969237 31.968704 -14.197398
v -11.410308 30.672615 -13.678289
v -8.621389 33.129044 -16.212751
v -8.241390 33.308853 -16.328104
v -7.501746 33.200287 -17.909172
v -8.187105 32.450470 -18.614878
v -7.484783 31.866898 -18.323103
v -7.359250 32.911896 -17.803993
v -7.196392 31.815994 -18.027916
v -7.019963 32.165451 -17.040606
v -7.589962 33.441193 -16.650429
v -7.220142 32.640472 -15.537568
v -7.199785 32.589584 -14.411151
v -9.815670 30.024590 -18.190777
v -10.107454 30.516541 -18.350243
v -10.392452 29.939774 -18.044884
v -10.986200 30.289223 -18.010958
v -7.101391 31.456360 -13.841148
v -6.975857 32.151901 -14.319537
v -10.650310 31.497063 -17.898991
v -10.168526 30.838882 -18.397741
v -10.144775 31.551361 -18.513094
v -7.844427 31.636177 -18.540239
v -8.451747 32.348679 -18.760778
v -9.771564 30.988152 -18.604698
v -9.785135 31.707443 -18.770952
v -7.695140 31.317245 -18.441847
v -9.700311 30.682793 -18.513094
v -7.304961 31.571701 -18.231489
v -12.692801 27.378159 -14.438291
v -13.055837 26.872620 -15.629174
v -13.812441 27.086365 -15.629174
v -14.996543 27.707253 -15.629174
v -15.461363 28.311188 -15.629174
v -14.165297 30.116203 -13.332217
v -14.918508 29.895660 -13.915786
v -14.908328 31.863510 -13.454357
v -15.675114 31.748154 -13.966687
v -15.050827 32.375809 -13.579904
v -15.580112 32.877975 -14.163465
v -15.614040 29.641182 -14.672395
v -16.092434 29.434250 -15.629174
v -16.458860 31.605652 -14.706321
v -17.022072 31.520836 -15.629174
v -16.296005 32.704926 -14.838648
v -16.818501 32.613327 -15.629174
v -14.338332 32.056900 -13.264366
v -12.692801 27.378159 -16.823460
v -13.055837 26.872620 -15.629174
v -14.100831 32.660828 -13.325431
v -13.697084 30.309586 -13.091327
v -13.239049 29.410477 -13.009901
v -13.724226 32.386002 -13.128654
v -13.076193 30.642090 -13.047220
v -12.553695 29.403702 -12.925074
v -12.692801 29.257812 -12.880968
v -16.458860 31.605652 -16.552029
v -15.614040 29.641182 -16.589355
v -15.675114 31.748154 -17.291668
v -11.793697 29.312088 -12.477225
v -11.542627 30.407974 -18.499527
v -11.871733 29.413887 -18.631845
v -11.203342 30.078865 -18.492741
v -10.226203 29.688705 -18.713272
v -10.395845 29.763336 -18.499527
v -11.793697 29.312088 -18.781132
v -11.946377 31.130653 -18.502920
v -12.570659 30.947426 -18.543634
v -12.516373 32.671021 -18.496134
v -10.226203 29.688705 -12.545076
v -13.310299 32.874557 -18.452026
v -11.871733 29.413887 -12.626503
v -12.570659 30.947426 -12.714724
v -13.724226 32.386002 -18.129704
v -13.310299 32.874557 -12.806329
v -13.076193 30.642090 -18.211128
v -12.553695 29.403702 -18.336668
v -12.692801 29.257812 -18.377382
v -11.946377 31.130653 -12.755435
v -12.516373 32.671021 -12.765615
v -11.542627 30.407974 -12.758829
v -11.318700 30.543678 -13.345791
v -11.203342 30.078865 -12.769009
v -13.239049 29.410477 -18.248447
v -10.395845 29.763336 -12.762222
v -14.338332 32.056900 -17.997385
v -13.697084 30.309586 -18.170416
v -14.100831 32.660828 -17.932924
v -14.165297 30.116203 -17.929531
v -14.908328 31.863510 -17.803993
v -15.050827 32.375809 -17.678452
v -13.812441 27.086365 -15.629174
v -14.996543 27.707253 -15.629174
v -15.461363 28.311188 -15.629174
v -14.918508 29.895660 -17.342562
v -16.092434 29.434250 -15.629174
v -15.580112 32.877975 -17.098284
v -17.022072 31.520836 -15.629174
v -16.296005 32.704926 -16.419710
v -16.818501 32.613327 -15.629174
v -15.478327 33.671875 -14.241505
v -15.301901 33.834747 -14.285611
v -14.871010 34.316544 -13.678289
v -14.141548 34.832245 -13.206686
v -14.412976 35.412430 -13.339005
v -13.842978 35.005280 -13.695256
v -15.244224 35.242783 -13.688469
v -15.105117 35.694031 -13.739362
v -15.814222 35.524384 -14.160071
v -15.654758 35.999390 -14.275432
v -14.117801 35.585464 -13.830968
v -13.479941 33.257950 -13.182940
v -16.150110 33.553146 -14.916679
v -16.577610 33.464951 -15.629174
v -15.977077 33.607422 -15.629174
v -15.912612 33.621017 -15.137211
v -16.184044 35.327606 -15.228817
v -16.241720 35.317444 -15.629174
v -16.106009 35.666901 -14.896328
v -15.929582 36.135101 -15.021859
v -16.197615 35.700806 -15.629174
v -16.034760 36.128326 -15.629174
v -14.796371 35.884018 -14.163465
v -15.247620 36.101196 -14.485790
v -15.366368 36.179214 -14.906499
v -15.664940 36.348846 -15.612207
v -9.388171 34.950989 -18.570774
v -9.652812 34.855988 -18.716665
v -13.062621 33.308853 -17.651312
v -13.479941 33.257950 -18.075417
v -13.846371 35.005280 -17.569887
v -14.141549 34.832245 -18.051670
v -11.169418 39.436371 -14.780960
v -11.522274 38.781525 -16.080425
v -11.712273 38.584732 -14.791140
v -11.033706 39.365097 -16.521496
v -15.478327 33.671875 -17.016851
v -15.301903 33.834747 -16.972738
v -14.871010 34.316544 -17.580069
v -14.412977 35.412430 -17.922745
v -14.121194 35.585464 -17.440962
v -15.244224 35.242783 -17.573280
v -15.105117 35.694031 -17.522388
v -15.814224 35.524384 -17.101671
v -15.654759 35.999390 -16.982918
v -12.075309 38.971527 -17.902384
v -11.512096 38.900284 -17.715780
v -12.109237 39.154739 -17.491856
v -11.311919 39.005463 -17.427380
v -14.127979 36.739029 -14.180431
v -14.640300 38.167419 -14.183825
v -13.904053 38.079208 -14.092219
v -12.869234 37.393845 -14.180431
v -13.167806 38.167419 -14.183825
v -12.285666 37.675461 -14.282218
v -12.078702 37.359924 -14.163465
v -13.954944 36.396347 -14.092219
v -11.006562 37.865463 -15.958279
v -11.223705 37.773865 -14.838648
v -11.518884 38.004578 -14.835254
v -12.248339 32.732086 -14.187219
v -14.647082 36.057068 -14.268644
v -13.388338 35.185120 -14.183825
v -13.856551 36.175827 -14.180431
v -13.062621 33.308853 -13.607043
v -14.789585 36.352264 -14.400970
v -15.929583 36.135101 -16.239891
v -15.559760 36.260651 -16.518101
v -16.041544 36.267441 -15.876853
v -16.034760 36.128326 -15.629174
v -16.041544 36.267441 -15.876853
v -13.873515 35.483688 -17.020245
v -14.792976 35.884018 -17.088104
v -14.412979 36.124924 -17.091497
v -15.247620 36.101196 -16.775961
v -15.726010 36.525284 -17.020245
v -15.003334 36.403152 -17.278095
v -12.909942 33.339401 -17.179710
v -11.946377 33.729584 -17.359529
v -12.584234 35.812775 -17.922745
v -12.740304 35.405655 -17.308636
v -16.150110 33.553146 -16.341677
v -16.577610 33.464951 -15.629174
v -15.977077 33.607422 -15.629174
v -15.912612 33.621017 -16.124531
v -16.184044 35.327606 -16.032927
v -16.241720 35.317444 -15.629174
v -16.106009 35.666901 -16.365423
v -16.197615 35.700806 -15.629174
v -10.504419 37.431183 -16.823460
v -10.327991 36.084213 -17.814163
v -10.036206 36.331879 -16.833641
v -10.989598 37.563492 -17.715780
v -10.874241 38.045273 -17.386669
v -10.399243 37.916351 -16.497742
v -8.733352 35.822952 -16.809887
v -8.533175 35.402267 -17.841311
v -10.443352 38.204758 -16.416317
v -10.002276 32.718491 -14.163465
v -11.508703 36.053680 -14.278825
v -11.104953 37.529572 -16.002394
v -11.264417 37.417603 -14.808107
v -11.898880 37.811172 -14.431503
v -12.431557 38.903671 -14.183825
v -15.539405 37.943512 -14.394176
v -16.038153 37.767075 -14.818279
v -16.055115 37.210648 -15.449356
v -16.448687 37.054581 -15.401855
v -11.668166 37.522781 -14.336496
v -11.603701 37.152969 -14.424717
v -11.959952 37.051193 -14.278825
v -16.662437 36.620285 -15.707214
v -11.288168 36.956177 -14.404364
v -11.166023 36.759369 -14.397577
v -9.727458 33.732971 -14.394176
v -10.711382 36.962967 -14.631682
v -9.282994 33.929749 -14.638469
v -10.894598 37.176697 -14.675789
v -10.925133 37.220810 -16.124531
v -10.589239 37.071548 -15.754714
v -10.762277 37.203857 -16.524889
v -9.177814 34.031525 -15.635961
v -10.311028 36.213135 -16.596142
v -10.083704 35.734756 -16.511314
v -9.510314 34.554031 -16.175425
v -9.235492 33.946701 -16.165253
v -9.008171 34.988312 -16.311136
v -11.712273 37.634735 -18.370602
v -10.853881 35.785629 -18.353636
v -9.242277 35.425995 -16.521496
v -8.543353 35.436172 -16.606321
v -16.486008 36.891739 -16.789534
v -15.726010 36.525284 -17.020245
v -13.483339 36.063873 -17.715780
v -14.243337 36.250458 -17.515600
v -11.359411 34.129929 -18.438454
v -11.661378 35.314041 -18.360422
v -12.065128 36.321701 -18.370602
v -12.818342 36.549026 -18.275595
v -13.724231 36.742416 -18.105957
v -14.480835 36.871368 -17.912565
v -15.220476 36.929031 -17.661493
v -12.916735 38.123322 -18.370602
v -12.899770 39.039368 -18.007565
v -13.826016 38.197968 -18.295948
v -12.231379 37.980804 -18.390955
v -14.714941 38.214920 -18.122915
v -11.060843 34.296173 -18.696304
v -11.759774 39.351532 -16.945599
v -16.703150 38.866348 -16.558815
v -16.628510 38.784912 -16.999886
v -16.139936 39.293823 -16.847204
v -16.201010 39.069916 -17.339169
v -13.049056 39.205627 -17.634346
v -13.856552 39.127594 -18.017744
v -13.856552 39.246353 -17.664886
v -14.833692 39.161530 -17.909172
v -14.789585 39.273483 -17.610601
v -15.576725 39.144547 -17.658100
v -15.508867 39.246353 -17.318815
v -16.017794 43.802948 -16.460421
v -15.749762 43.809723 -16.986311
v -15.251010 43.823318 -17.264528
v -15.508867 39.246353 -17.318815
v -15.088155 39.561890 -18.027916
v -13.988872 39.500824 -18.119522
v -12.947270 39.480453 -17.970245
v -11.922629 39.650101 -17.725952
v -15.088155 39.561890 -18.027916
v -15.899046 39.568665 -17.610601
v -13.473162 42.106522 -13.318652
v -12.784413 42.092941 -13.529012
v -12.896378 41.872406 -13.210079
v -14.022801 42.048843 -13.203293
v -14.606371 42.082779 -13.366144
v -15.108512 41.774002 -13.210079
v -15.495296 42.092941 -13.515429
v -15.763333 41.780792 -13.722394
v -15.749762 43.809723 -14.316143
v -16.017794 43.802948 -14.842041
v -15.251010 43.823318 -14.034540
v -12.380665 43.901337 -14.913285
v -12.380665 43.901337 -16.389177
v -13.110126 43.880981 -14.051507
v -12.591022 43.894547 -14.407757
v -15.576725 39.144547 -17.658100
v -12.309415 39.463486 -14.065081
v -11.953166 39.483841 -14.407757
v -16.333330 39.568665 -14.394176
v -15.865117 39.578842 -13.634183
v -15.481725 39.504211 -14.075253
v -14.884585 39.419388 -13.685076
v -14.993156 39.548309 -13.250793
v -13.904053 39.378662 -13.474717
v -13.863338 39.504211 -13.169366
v -12.923520 39.419388 -13.685076
v -12.913342 39.494034 -13.315259
v -12.078702 39.466888 -13.634183
v -16.581007 38.896896 -14.835254
v -16.662437 38.540649 -15.371323
v -13.944766 39.677231 -18.326496
v -12.950664 40.108124 -18.428274
v -13.897266 39.880829 -18.896490
v -13.123696 40.243851 -18.784525
v -15.006726 40.912231 -18.804886
v -12.872627 41.017410 -18.658985
v -12.577450 41.146347 -18.343454
v -11.837811 40.752777 -17.861664
v -11.776737 40.722229 -16.921852
v -11.674953 42.045456 -16.568995
v -12.054953 42.031891 -17.420593
v -11.807274 41.807953 -16.864172
v -11.939594 41.726517 -17.675058
v -12.896378 41.872406 -18.092382
v -11.016742 40.315109 -16.565601
v -13.191556 41.723114 -18.574167
v -13.992265 41.997940 -18.587740
v -15.006726 40.912231 -18.804886
v -13.992265 41.997940 -18.587740
v -14.803156 41.631531 -18.675951
v -15.108512 41.774002 -18.092382
v -15.390118 41.030975 -18.360422
v -16.435116 39.582230 -16.965960
v -16.099224 40.050461 -17.780239
v -14.918512 40.118301 -18.462208
v -14.626727 40.169189 -18.896490
v -14.918512 40.118301 -18.462208
v -14.626727 40.169189 -18.896490
v -16.116190 40.810440 -17.844704
v -16.635294 40.508499 -17.091497
v -15.763333 41.780792 -17.580069
v -16.170473 42.062408 -17.342562
v -15.495296 42.092941 -17.787025
v -12.784413 42.092941 -17.773453
v -13.473162 42.106522 -17.983810
v -13.110126 43.880981 -17.250956
v -14.022801 42.048843 -18.099171
v -12.380665 43.901337 -16.389177
v -13.110126 43.880981 -17.250956
v -12.591022 43.894547 -16.894705
v -14.606371 42.082779 -17.936312
v -13.473162 42.106522 -17.983810
v -16.662437 41.875793 -16.528282
v -16.696365 41.838486 -15.466323
v -12.380665 43.901337 -14.913285
v -11.674953 42.045456 -14.733460
v -17.140825 40.813843 -16.521496
v -17.191721 40.874908 -15.459536
v -17.140825 39.646713 -15.493462
v -17.083151 39.660278 -16.521496
v -16.801542 38.998672 -15.822575
v -11.318705 41.394028 -16.568995
v -11.318705 41.394028 -14.730066
v -11.016742 40.315109 -14.736854
v -11.729239 39.751892 -14.336496
v -11.776737 40.722229 -14.377216
v -11.800487 41.794373 -14.434896
v -16.964399 39.690826 -14.848827
v -16.574223 40.002945 -14.265251
v -16.635294 40.508499 -14.210964
v -17.005114 40.810440 -14.814894
v -16.614937 41.835098 -14.723288
v -16.170473 42.062408 -13.959892
v -11.939594 41.726517 -13.624010
v -12.054953 42.031891 -13.881861
v -14.803156 41.631531 -12.626503
v -13.992265 41.997940 -12.714724
v -13.191556 41.723114 -12.728297
v -15.006726 40.912231 -12.497578
v -13.897266 39.880829 -12.405972
v -14.626727 40.169189 -12.402578
v -12.787806 40.203125 -12.894542
v -13.822623 39.779022 -12.884361
v -13.123696 40.243851 -12.517939
v -12.872627 41.017410 -12.643470
v -12.577450 41.146347 -12.959007
v -11.827633 39.741714 -13.518823
v -11.837811 40.752777 -13.440791
v -15.390118 41.030975 -12.942040
v -16.041544 40.023300 -13.471324
v -15.135655 40.196350 -12.880968
v -16.129759 40.552597 -13.478110
v -15.376547 38.903671 -14.183825
v -17.008507 38.805283 -15.673281
v -17.103508 38.530457 -15.588461
v -14.022801 42.048843 -18.099171
v -13.001554 38.740829 -13.851320
v -14.806549 38.740829 -13.851320
v -13.904053 38.652618 -13.678289
v -16.777792 36.881546 -15.663099
v -16.845650 38.584732 -16.786140
v -16.842257 38.275986 -16.765779
v -16.611544 37.091888 -16.745428
v -16.139936 38.221710 -17.491856
v -15.905832 37.000275 -17.356136
v -16.139936 38.221710 -17.491856
v -16.201010 39.069916 -17.339169
v -15.485118 38.238663 -17.848099
v -15.905832 37.000275 -17.356136
v -18.318140 49.618240 -16.097383
v -19.135818 49.177200 -16.955778
v -18.301178 49.472382 -17.742918
v -19.973850 48.597015 -17.220423
v -19.332603 48.929489 -17.637737
v -19.763496 48.865036 -16.294176
v -18.888140 49.390945 -16.321316
v -18.687962 49.044861 -18.156841
v -20.177422 48.223816 -17.766665
v -18.888140 49.414673 -15.449354
v -18.538675 49.567352 -15.449354
v -20.319921 48.390045 -16.803099
v -20.530277 48.267899 -16.267029
v -19.787243 48.861649 -15.449354
v -20.645634 48.189880 -15.449354
v -20.845812 47.745407 -17.183104
v -21.120630 47.524887 -16.375603
v -21.208845 47.419693 -15.449354
v -18.019571 49.916840 -15.897212
v -18.094215 50.011826 -15.449354
v -17.134039 50.133972 -15.449354
v -17.123859 50.032181 -15.883638
v -17.103504 49.696289 -16.294176
v -16.567432 50.127182 -15.449354
v -16.567432 50.032181 -15.873458
v -16.570827 49.767532 -16.216145
v -16.404577 49.645401 -16.524887
v -16.407972 49.597900 -16.155071
v -16.387615 49.974518 -15.449354
v -16.387615 49.879517 -15.832747
v -16.173864 49.604675 -17.088102
v -13.710656 49.974518 -15.449354
v -13.690300 49.872726 -15.859893
v -13.741193 49.577545 -16.158464
v -13.534227 50.123795 -15.449354
v -13.547800 49.916840 -16.032925
v -13.741193 49.648788 -16.521494
v -9.381387 49.960953 -16.015957
v -9.361031 50.140762 -15.449354
v -9.391565 49.658966 -16.463814
v -11.535843 49.496109 -17.793812
v -13.985476 49.608063 -17.071136
v -14.124586 49.730225 -16.769173
v -16.027971 49.730225 -16.792919
v -16.428328 49.506287 -17.790419
v -9.520496 49.492722 -17.793812
v -15.729402 48.719147 -18.703091
v -11.932808 48.708969 -18.703091
v -16.614935 48.827728 -18.597910
v -18.270643 48.878616 -18.563986
v -17.385111 48.861649 -18.584345
v -18.447071 48.613968 -18.577559
v -19.780458 47.864151 -18.316315
v -20.547241 47.362015 -17.892202
v -21.110453 47.009155 -17.274708
v -21.392057 46.775040 -16.467207
v -21.476879 46.666489 -15.449354
v -18.406355 47.440063 -18.747204
v -17.985641 48.217010 -18.638632
v -21.700806 44.617203 -15.449354
v -21.524382 44.657913 -16.697926
v -21.096880 44.776688 -17.698811
v -20.452242 45.377182 -18.292553
v -21.561701 43.148117 -15.449354
v -21.470093 43.249893 -16.477386
v -21.252951 43.528091 -17.437559
v -21.032417 43.555237 -17.780237
v -18.413141 44.820770 -19.096661
v -19.566710 45.797913 -18.675951
v -19.583673 43.653641 -18.716663
v -20.014566 42.859711 -18.228094
v -18.341894 42.774887 -18.927023
v -18.782963 42.157394 -18.672558
v -21.341166 42.829163 -15.449354
v -21.259737 42.951324 -16.545240
v -21.052774 43.219360 -17.556313
v -20.068850 42.591660 -17.960064
v -18.844032 41.790955 -18.489346
v -18.623497 42.489883 -19.113628
v -18.830462 41.916504 -18.981310
v -18.637070 41.461868 -18.645411
v -17.758322 42.537384 -19.741302
v -7.949606 42.296509 -17.230602
v -8.139605 42.384705 -18.200954
v -7.790143 41.689178 -17.203455
v -8.139605 41.855408 -19.045767
v -8.234608 42.422028 -18.821842
v -8.522997 42.730774 -18.937202
v -8.319427 42.438995 -19.171299
v -9.581566 42.442383 -19.795588
v -9.802101 42.615433 -19.683630
v -10.361919 42.469528 -19.914343
v -17.795645 41.492386 -19.218807
v -16.977968 41.536499 -19.351126
v -17.863503 41.926682 -19.693804
v -16.927076 41.960602 -19.853268
v -8.343177 41.414352 -18.723450
v -9.584959 41.410965 -19.307020
v -9.530675 41.828278 -19.751484
v -16.116186 42.422028 -19.340954
v -11.372987 42.445801 -19.422379
v -16.061899 42.835953 -19.853268
v -11.410310 42.859711 -19.887196
v -10.368705 41.431320 -19.425772
v -10.406026 41.845230 -19.887196
v -8.136213 41.207413 -17.362921
v -16.988148 42.591660 -19.866842
v -11.050665 43.463638 -19.897375
v -16.462255 43.412750 -19.883802
v -9.218530 42.883453 -18.974522
v -8.142999 43.460236 -19.032202
v -7.908891 43.334702 -18.787918
v -8.163354 42.713821 -17.675058
v -7.746034 43.358459 -17.797205
v -16.021185 43.657028 -19.697197
v -11.546021 43.680771 -19.687023
v -17.734571 44.864883 -20.002554
v -17.670107 47.032913 -19.608984
v -11.583343 44.861496 -19.795588
v -15.970295 44.854706 -19.805769
v -16.486006 44.864883 -20.141661
v -17.110289 44.885254 -20.165413
v -11.047274 44.864883 -20.134872
v -10.409419 44.898819 -20.162020
v -9.774958 44.858093 -19.999161
v -9.221924 45.020950 -19.232380
v -11.037096 47.110947 -19.629343
v -11.600306 47.216125 -19.130587
v -11.593522 47.480774 -18.943989
v -15.936364 47.233093 -19.171299
v -16.000830 47.484161 -18.998268
v -16.509756 47.138062 -19.629343
v -12.438340 47.477356 -18.923630
v -15.301904 47.494339 -18.937202
v -17.035646 47.151657 -19.670057
v -10.467098 47.158432 -19.670057
v -9.866563 47.036301 -19.615770
v -17.517431 47.847183 -19.161127
v -16.489399 47.898087 -19.127193
v -10.171919 47.809875 -19.232380
v -11.006559 47.830231 -19.181488
v -17.432610 48.403625 -18.791311
v -9.310140 47.558792 -19.001661
v -10.246564 48.437546 -18.825235
v -9.384780 48.274704 -18.662376
v -11.026917 48.407013 -18.777737
v -16.536898 48.464691 -18.743811
v -11.315309 47.887909 -18.889704
v -11.661380 47.758972 -19.110233
v -16.228149 47.870956 -18.950769
v -15.980473 47.731812 -19.103447
v -12.496020 47.738617 -19.120415
v -15.271364 47.755585 -19.123808
v -15.807437 48.318817 -19.049160
v -16.122972 48.383270 -18.994875
v -15.563150 48.305222 -18.716663
v -12.095663 48.315399 -18.804884
v -11.912449 48.301834 -19.038980
v -10.256742 48.824341 -18.580952
v -9.415316 48.831116 -18.580952
v -11.152452 48.817535 -18.594526
v -11.542629 48.383270 -18.981310
v -7.535677 45.292358 -19.249348
v -7.077643 45.156662 -18.757385
v -8.068357 47.650406 -18.828629
v -8.187108 48.271286 -18.652197
v -8.363533 49.635223 -16.409529
v -8.360140 49.954147 -16.015957
v -8.339784 50.133972 -15.449354
v -7.952998 49.591110 -15.937924
v -7.942820 49.801468 -15.449354
v -7.810500 49.258606 -16.355242
v -7.576394 49.211121 -16.195784
v -8.387282 49.608063 -16.911671
v -7.623893 49.055038 -16.962564
v -6.388898 49.808243 -15.449354
v -6.385504 49.591110 -15.941319
v -6.243007 49.153427 -16.110956
v -6.198897 49.336655 -15.449354
v -8.679069 49.577545 -17.325594
v -8.801209 49.492722 -17.742918
v -8.746925 48.824341 -18.533453
v -8.031035 48.681839 -17.810770
v -7.678177 48.298447 -18.146669
v -7.752822 48.739502 -17.800598
v -8.000501 48.878616 -17.332380
v -3.688193 49.197556 -15.449354
v -3.715336 49.017746 -15.988818
v -1.645698 49.034698 -15.449354
v -1.703378 48.970215 -15.829352
v -6.327826 48.977020 -17.006678
v -6.212469 48.688629 -17.708992
v -5.486401 48.868454 -17.149170
v -3.365872 48.749680 -17.006678
v -1.316594 48.797180 -16.345068
v -1.357307 48.600403 -16.982916
v -1.289451 48.905746 -15.449354
v -1.170702 48.732727 -15.449354
v -1.180878 48.671646 -16.324709
v -1.218202 48.451111 -17.091496
v -3.301409 48.566467 -17.094891
v -5.360863 48.661469 -17.240774
v -6.100507 48.301834 -17.983810
v -4.519440 48.271286 -17.844704
v -2.741586 48.149170 -17.759886
v -2.853553 47.511307 -18.061850
v -4.539796 47.626648 -18.163628
v -6.086935 47.677536 -18.285774
v -7.389786 47.677536 -18.394346
v -6.826574 45.434891 -18.669165
v -6.307469 45.540070 -18.614878
v -4.719619 45.631653 -18.407921
v -3.108017 45.648636 -18.204340
v -6.809609 44.908997 -17.858269
v -6.578896 45.227905 -17.844704
v -6.809609 44.908997 -17.858269
v -4.777298 45.458618 -17.763271
v -6.578896 45.227905 -17.844704
v -4.777298 45.458618 -17.763271
v -3.108017 45.519699 -17.698811
v -0.627846 48.047363 -17.620779
v -0.610883 47.416306 -17.892202
v -1.588022 45.655411 -18.078808
v -1.038383 45.635071 -18.024521
v -1.224985 45.499359 -17.627558
v 0.213577 48.732727 -15.449354
v 0.203401 48.654678 -16.317923
v 0.213577 48.407013 -17.047392
v 0.237327 47.979523 -17.580067
v 0.305187 47.368820 -17.810770
v -0.705882 45.468796 -17.977030
v -0.193563 45.075241 -17.878637
v 0.328937 45.088791 -17.807377
v -0.797488 45.285583 -17.590239
v -0.291955 44.932724 -17.620779
v -0.200350 44.895432 -17.237381
v 0.559652 44.946320 -17.261135
v 0.580008 44.976837 -17.603813
v 0.837863 45.204163 -17.444355
v 0.837863 47.026108 -17.379881
v 0.831076 47.579163 -17.220423
v 0.837863 47.993088 -16.843811
v 0.807326 48.217010 -16.216145
v 0.820900 48.291656 -15.449354
v 0.929469 45.197372 -17.281487
v 0.875182 46.971832 -17.196669
v 0.851433 48.057541 -15.449354
v 0.851433 47.989700 -16.161858
v 0.858219 47.786118 -16.735247
v 0.865006 47.450241 -17.057562
v -10.317814 41.940231 -15.449354
v -8.845320 41.858795 -15.449354
v -8.841927 41.980957 -16.579174
v -10.375491 41.960602 -16.392569
v -10.005671 41.940231 -16.979523
v -10.300849 41.940231 -16.959171
v -8.841927 41.980957 -16.579174
v -8.746925 41.699356 -17.349348
v -8.332998 41.712936 -17.142389
v -7.949606 42.296509 -17.230602
v -7.790143 41.689178 -17.203455
v -10.317814 41.940231 -15.449354
v -10.769061 41.702759 -17.318815
v -17.809216 41.139542 -17.502026
v -17.795645 40.980072 -16.433281
v -17.425823 41.237930 -16.378996
v -17.025469 41.353302 -17.373095
v -10.769061 41.824890 -18.550419
v -11.478166 42.418640 -18.784525
v -15.373151 41.760422 -18.404528
v -10.351742 41.220978 -17.312027
v -10.351742 41.326157 -18.543633
v -10.368705 41.431320 -19.425772
v -11.372987 42.445801 -19.422379
v -16.119579 41.556870 -18.153456
v -16.177258 42.344009 -18.652197
v -11.793700 41.665421 -18.146669
v -16.971184 41.332932 -18.401134
v -17.782072 40.976669 -15.449354
v -17.524216 41.214188 -15.449354
v -18.616713 40.973282 -15.449354
v -18.637070 41.122574 -17.094891
v -13.934585 39.918106 -17.654705
v -11.898878 40.155624 -18.027916
v -16.112793 40.138657 -18.034702
v -12.947268 39.918106 -17.420593
v -14.921903 39.918106 -17.420593
v -15.498687 39.918106 -17.006678
v -15.912615 39.918106 -16.433281
v -16.832077 40.142044 -17.217030
v -17.218861 40.145432 -16.314528
v -16.143328 39.918106 -15.449354
v -17.290112 40.152222 -15.449354
v -12.373877 39.918106 -17.006678
v -10.830132 40.121674 -16.246677
v -11.115131 40.142044 -17.054169
v -11.959949 39.918106 -16.433281
v -10.707990 40.165802 -15.449354
v -11.725843 39.918106 -15.449354
v -12.356913 39.521164 -17.023638
v -12.954052 39.439728 -17.417198
v -13.934585 39.395615 -17.627558
v -14.915117 39.439728 -17.417198
v -15.515650 39.521164 -17.023638
v -15.905830 39.439728 -16.426495
v -16.116186 39.395615 -15.449354
v -11.752985 39.395615 -15.449354
v -11.966736 39.439728 -16.426495
v -12.462090 38.924011 -16.918457
v -13.032089 38.757751 -17.250954
v -13.198338 38.187759 -16.918457
v -12.462090 38.187759 -16.182209
v -15.407082 38.924011 -16.918457
v -15.407082 38.187759 -16.182209
v -14.670833 38.187759 -16.918457
v -14.837082 38.757751 -17.250954
v -14.837082 37.855270 -16.348463
v -13.934585 37.682251 -16.433281
v -13.934585 38.096161 -17.006678
v -15.739582 38.757751 -16.348463
v -14.921903 37.682251 -15.449354
v -13.934585 37.451508 -15.449354
v -12.373877 38.096161 -15.449354
v -11.959949 38.672943 -15.449354
v -12.132984 38.757751 -16.348463
v -12.947268 37.682251 -15.449354
v -13.032089 37.855270 -16.348463
v -15.498687 38.096161 -15.449354
v -13.934585 38.672943 -17.420593
v -15.912615 38.672943 -15.449354
v -8.584068 41.214188 -17.315422
v -8.136213 41.207413 -17.362921
v -8.729962 41.356689 -18.597910
v -8.343177 41.414352 -18.723450
v -9.673171 41.373657 -19.049160
v -9.584959 41.410965 -19.307020
v -10.022635 41.346512 -18.855776
v -10.053170 41.207413 -17.312027
v -9.798707 41.410965 -17.468100
v -8.889426 41.400787 -17.491854
v -16.116186 42.422028 -19.340954
v -16.977968 41.536499 -19.351126
v -17.795645 41.492386 -19.218807
v -18.637070 41.461868 -18.645411
v -9.686743 41.488998 -18.645411
v -8.892819 41.461868 -18.397741
v -21.341166 42.829163 -15.449354
v -20.231707 42.208282 -15.449354
v -21.259737 42.951324 -16.545240
v -20.245279 42.357574 -16.786139
v -21.052774 43.219360 -17.556313
v -20.068850 42.591660 -17.960064
v -18.837248 41.448303 -15.449354
v -18.833855 41.611145 -17.247561
v -18.844032 41.790955 -18.489346
v -4.777298 43.589188 -17.712385
v -4.777298 45.458618 -17.763271
v -6.809609 44.908997 -17.858269
v -4.777298 45.458618 -17.763271
v -6.578896 45.227905 -17.844704
v -6.809609 44.908997 -17.858269
v -0.794095 43.860596 -17.549526
v -0.196956 44.284698 -17.203455
v -0.797488 45.285583 -17.590239
v -0.200350 44.895432 -17.237381
v -1.523559 43.806320 -17.586845
v -1.224985 45.499359 -17.627558
v -3.108017 45.519699 -17.698811
v -3.108017 43.701111 -17.647919
v -0.410704 43.104004 -16.212749
v -0.196956 43.351669 -16.165251
v -0.441241 43.161667 -16.572388
v -0.196956 43.534882 -16.742033
v -0.417491 43.032745 -15.449354
v -0.699095 43.246475 -15.449354
v -0.699095 43.246475 -16.507919
v -0.196956 43.287201 -15.449354
v -3.108017 42.479706 -16.372208
v -1.526949 42.632370 -16.345068
v -3.108017 42.723984 -17.101669
v -1.523559 42.859711 -17.057562
v -3.108017 42.391510 -15.449354
v -1.513379 42.547546 -15.449354
v -1.279275 42.822372 -15.449354
v -1.286058 42.978455 -16.504526
v 0.929469 45.197372 -17.281487
v 2.181429 44.291504 -17.189882
v 2.181429 45.652023 -17.261135
v 0.559652 44.946320 -17.261135
v 2.181429 47.779343 -16.731852
v 2.181429 47.982910 -16.158464
v 0.858219 47.786118 -16.735247
v 0.851433 47.989700 -16.161858
v 2.181429 48.050766 -15.449354
v 0.851433 48.057541 -15.449354
v 2.181429 46.968430 -17.189882
v 0.875182 46.971832 -17.196669
v -7.746034 43.358459 -17.797205
v 0.865006 47.450241 -17.057562
v 2.181429 47.443451 -17.050785
v -0.437848 43.294006 -16.857384
v -0.563380 43.144714 -16.738640
v -1.448913 42.771484 -16.742033
v -1.340344 42.818985 -16.840418
v -0.882311 42.869904 -15.449354
v -0.895881 43.046326 -16.514708
v -0.797488 42.873291 -16.833639
v -0.797488 42.934372 -17.027031
v -0.196956 43.830063 -17.064350
v -0.794095 43.297394 -17.403635
v 2.385001 47.175400 -16.260250
v 0.060898 46.914154 -16.317923
v 2.381608 47.328094 -15.887032
v 0.060898 47.178787 -15.449354
v 2.381608 45.652023 -16.721672
v 0.060898 45.662201 -16.592747
v 2.385001 46.547745 -16.633461
v 0.060898 44.393280 -16.317923
v 2.385001 44.712204 -16.633461
v 0.060898 46.914154 -16.317923
v 0.060898 45.662201 -16.592747
v 0.060898 47.178787 -15.449354
v 0.060898 44.393280 -16.317923
v 0.060898 44.172745 -15.449354
v -4.777298 42.327026 -16.395962
v -4.777298 42.235428 -15.449354
v -4.777298 42.578094 -17.149170
v -3.108017 43.104004 -17.491854
v -4.777298 42.971680 -17.552919
v -1.523559 43.229538 -17.434166
v -7.949606 42.296509 -17.230602
v -8.163354 42.713821 -17.675058
v 2.388391 44.379700 -16.501133
v 2.385001 44.155777 -16.260250
v 2.181429 43.843643 -17.050785
v 2.181429 43.548462 -16.731852
v 0.060898 44.172745 -15.449354
v 2.381608 44.020065 -15.887032
v 2.381608 43.975952 -15.449354
v 2.181429 43.365234 -16.158464
v 2.181429 43.300781 -15.449354
v 2.388391 46.907379 -16.501133
v 2.381608 47.375580 -15.449354
v -8.841927 41.980957 -14.319535
v -10.300849 41.940231 -13.939531
v -10.005671 41.940231 -13.919178
v -10.375491 41.960602 -14.506141
v -8.746925 41.699356 -13.549361
v -8.332998 41.712936 -13.756327
v -7.790143 41.689178 -13.695254
v -7.949606 42.296509 -13.668116
v -10.769061 41.702759 -13.579902
v -17.425823 41.237930 -14.519714
v -17.795645 40.980072 -14.465428
v -17.809216 41.139542 -13.396683
v -17.025469 41.353302 -13.525608
v -15.373151 41.760422 -12.494184
v -11.478166 42.418640 -12.114186
v -10.769061 41.824890 -12.348299
v -10.351742 41.220978 -13.586681
v -10.351742 41.326157 -12.355077
v -10.368705 41.431320 -11.476331
v -11.372987 42.445801 -11.476331
v -16.177258 42.344009 -12.246512
v -16.119579 41.556870 -12.748648
v -11.793700 41.665421 -12.752041
v -16.971184 41.332932 -12.497577
v -17.524216 41.214188 -15.449354
v -17.782072 40.976669 -15.449354
v -18.616713 40.973282 -15.449354
v -18.637070 41.122574 -13.803827
v -16.112793 40.138657 -12.864007
v -11.898878 40.155624 -12.870794
v -13.934585 39.918106 -13.244004
v -12.947268 39.918106 -13.478109
v -14.921903 39.918106 -13.478109
v -15.498687 39.918106 -13.892040
v -17.218861 40.145432 -14.584181
v -16.832077 40.142044 -13.681682
v -15.912615 39.918106 -14.465428
v -17.290112 40.152222 -15.449354
v -12.373877 39.918106 -13.892040
v -11.959949 39.918106 -14.465428
v -11.115131 40.142044 -13.844540
v -10.830132 40.121674 -14.652034
v -10.707990 40.165802 -15.449354
v -12.356913 39.521164 -13.875073
v -12.954052 39.439728 -13.481503
v -13.934585 39.395615 -13.271152
v -14.915117 39.439728 -13.481503
v -15.515650 39.521164 -13.875073
v -15.905830 39.439728 -14.472216
v -11.966736 39.439728 -14.472216
v -13.198338 38.187759 -13.980251
v -13.032089 38.757751 -13.647755
v -12.462090 38.924011 -13.980251
v -12.462090 38.187759 -14.716499
v -14.670833 38.187759 -13.980251
v -15.407082 38.187759 -14.716499
v -15.407082 38.924011 -13.980251
v -14.837082 38.757751 -13.647755
v -13.934585 38.096161 -13.892040
v -13.934585 37.682251 -14.465428
v -14.837082 37.855270 -14.550247
v -15.739582 38.757751 -14.550247
v -12.132984 38.757751 -14.550247
v -13.032089 37.855270 -14.550247
v -13.934585 38.672943 -13.478109
v -8.343177 41.414352 -12.175259
v -8.136213 41.207413 -13.535797
v -8.729962 41.356689 -12.300799
v -8.584068 41.214188 -13.583288
v -9.584959 41.410965 -11.591690
v -9.673171 41.373657 -11.849548
v -10.022635 41.346512 -12.042940
v -10.053170 41.207413 -13.590075
v -9.798707 41.410965 -13.434003
v -8.889426 41.400787 -13.406863
v -16.116186 42.422028 -11.557765
v -16.977968 41.536499 -11.547585
v -17.795645 41.492386 -11.679903
v -18.637070 41.461868 -12.253299
v -18.301178 49.472382 -13.159184
v -19.135818 49.177200 -13.942924
v -18.318140 49.618240 -14.801319
v -18.888140 49.390945 -14.577394
v -19.332603 48.929489 -13.260971
v -19.973850 48.597015 -13.678288
v -19.763496 48.865036 -14.604534
v -18.687962 49.044861 -12.741869
v -20.177422 48.223816 -13.132047
v -18.888140 49.414673 -15.449354
v -18.538675 49.567352 -15.449354
v -20.319921 48.390045 -14.095612
v -20.530277 48.267899 -14.631680
v -19.787243 48.861649 -15.449354
v -20.645634 48.189880 -15.449354
v -9.686743 41.488998 -12.253299
v -20.845812 47.745407 -13.715607
v -21.120630 47.524887 -14.523108
v -21.208845 47.419693 -15.449354
v -18.019571 49.916840 -15.001497
v -18.094215 50.011826 -15.449354
v -17.134039 50.133972 -15.449354
v -17.123859 50.032181 -15.015071
v -17.103504 49.696289 -14.607927
v -16.567432 50.127182 -15.449354
v -16.567432 50.032181 -15.025251
v -16.570827 49.767532 -14.682574
v -16.404577 49.645401 -14.373822
v -16.407972 49.597900 -14.743639
v -16.387615 49.879517 -15.065965
v -16.387615 49.974518 -15.449354
v -16.173864 49.604675 -13.810606
v -8.892819 41.461868 -12.500970
v -13.710656 49.974518 -15.449354
v -13.690300 49.872726 -15.038817
v -13.741193 49.577545 -14.740246
v -13.534227 50.123795 -15.449354
v -13.547800 49.916840 -14.865786
v -13.741193 49.648788 -14.377215
v -9.381387 49.960953 -14.882752
v -9.361031 50.140762 -15.449354
v -9.391565 49.658966 -14.434896
v -11.535843 49.496109 -13.104899
v -13.985476 49.608063 -13.827573
v -14.124586 49.730225 -14.129537
v -16.027971 49.730225 -14.105792
v -16.428328 49.506287 -13.108293
v -9.520496 49.492722 -13.104899
v -15.729402 48.719147 -12.195611
v -11.932808 48.708969 -12.195611
v -16.614935 48.827728 -12.300799
v -18.270643 48.878616 -12.338119
v -17.385111 48.861649 -12.314365
v -18.447071 48.613968 -12.324545
v -19.780458 47.864151 -12.582396
v -20.547241 47.362015 -13.006506
v -21.110453 47.009155 -13.624008
v -21.392057 46.775040 -14.431502
v -21.476879 46.666489 -15.449354
v -18.406355 47.440063 -12.151505
v -17.985641 48.217010 -12.260086
v -21.700806 44.617203 -15.449354
v -21.524382 44.657913 -14.200783
v -21.096880 44.776688 -13.199898
v -20.452242 45.377182 -12.606149
v -21.561701 43.148117 -15.449354
v -21.470093 43.249893 -14.421322
v -21.252951 43.528091 -13.461143
v -21.032417 43.555237 -13.118473
v -19.566710 45.797913 -12.222758
v -18.413141 44.820770 -11.802049
v -19.583673 43.653641 -12.185431
v -20.014566 42.859711 -12.670615
v -18.341894 42.774887 -11.971686
v -18.782963 42.157394 -12.229546
v -21.341166 42.829163 -15.449354
v -21.259737 42.951324 -14.353462
v -20.231707 42.208282 -15.449354
v -20.245279 42.357574 -14.112570
v -21.052774 43.219360 -13.342397
v -20.068850 42.591660 -12.938645
v -18.837248 41.448303 -15.449354
v -18.833855 41.611145 -13.651148
v -18.844032 41.790955 -12.409364
v -18.623497 42.489883 -11.785074
v -18.830462 41.916504 -11.917401
v -17.758322 42.537384 -11.157408
v -8.139605 42.384705 -12.697762
v -8.139605 41.855408 -11.852942
v -8.234608 42.422028 -12.076867
v -8.319427 42.438995 -11.727403
v -8.522997 42.730774 -11.961507
v -9.802101 42.615433 -11.215079
v -9.581566 42.442383 -11.103121
v -10.361919 42.469528 -10.984376
v -16.927076 41.960602 -11.045441
v -17.863503 41.926682 -11.204906
v -9.530675 41.828278 -11.147227
v -11.410310 42.859711 -11.011515
v -16.061899 42.835953 -11.048834
v -10.406026 41.845230 -11.011515
v -16.988148 42.591660 -11.031875
v -11.050665 43.463638 -11.001334
v -16.462255 43.412750 -11.014908
v -9.218530 42.883453 -11.924188
v -8.142999 43.460236 -11.866515
v -7.908891 43.334702 -12.110793
v -8.163354 42.713821 -13.223652
v -7.746034 43.358459 -13.101506
v -11.546021 43.680771 -11.211685
v -16.021185 43.657028 -11.204906
v -17.734571 44.864883 -10.896155
v -17.670107 47.032913 -11.289726
v -11.583343 44.861496 -11.103121
v -15.970295 44.854706 -11.092940
v -16.486006 44.864883 -10.757051
v -17.110289 44.885254 -10.733296
v -11.047274 44.864883 -10.763837
v -10.409419 44.898819 -10.736690
v -9.774958 44.858093 -10.899549
v -9.221924 45.020950 -11.666329
v -11.600306 47.216125 -11.768115
v -11.037096 47.110947 -11.272758
v -11.593522 47.480774 -11.954728
v -16.000830 47.484161 -11.903835
v -15.936364 47.233093 -11.730796
v -16.509756 47.138062 -11.269365
v -12.438340 47.477356 -11.975080
v -15.301904 47.494339 -11.961507
v -17.035646 47.151657 -11.228652
v -10.467098 47.158432 -11.228652
v -9.866563 47.036301 -11.282939
v -17.517431 47.847183 -11.737583
v -16.489399 47.898087 -11.771508
v -10.171919 47.809875 -11.666329
v -11.006559 47.830231 -11.717222
v -17.432610 48.403625 -12.107400
v -9.310140 47.558792 -11.897048
v -9.384780 48.274704 -12.236332
v -10.246564 48.437546 -12.076867
v -11.026917 48.407013 -12.120974
v -16.536898 48.464691 -12.154899
v -11.315309 47.887909 -12.009007
v -11.661380 47.758972 -11.788467
v -16.228149 47.870956 -11.947942
v -15.980473 47.731812 -11.795261
v -12.496020 47.738617 -11.778295
v -15.271364 47.755585 -11.778295
v -16.122972 48.383270 -11.903835
v -15.807437 48.318817 -11.849548
v -15.563150 48.305222 -12.182038
v -12.095663 48.315399 -12.093826
v -11.912449 48.301834 -11.859729
v -9.415316 48.831116 -12.317759
v -10.256742 48.824341 -12.317759
v -11.152452 48.817535 -12.304193
v -11.542629 48.383270 -11.917401
v -7.535677 45.292358 -11.652756
v -7.077643 45.156662 -12.141325
v -8.068357 47.650406 -12.070080
v -8.187108 48.271286 -12.246512
v -8.363533 49.635223 -14.489182
v -8.360140 49.954147 -14.882752
v -8.339784 50.133972 -15.449354
v -7.952998 49.591110 -14.960784
v -7.942820 49.801468 -15.449354
v -7.810500 49.258606 -14.543468
v -7.576394 49.211121 -14.702926
v -8.387282 49.608063 -13.987039
v -7.623893 49.055038 -13.939531
v -6.385504 49.591110 -14.957391
v -6.388898 49.808243 -15.449354
v -6.243007 49.153427 -14.787745
v -6.198897 49.336655 -15.449354
v -8.679069 49.577545 -13.573115
v -8.801209 49.492722 -13.159184
v -8.746925 48.824341 -12.365257
v -8.031035 48.681839 -13.087933
v -7.678177 48.298447 -12.752041
v -7.752822 48.739502 -13.098112
v -8.000501 48.878616 -13.566329
v -3.715336 49.017746 -14.909891
v -3.688193 49.197556 -15.449354
v -1.703378 48.970215 -15.069358
v -1.645698 49.034698 -15.449354
v -6.327826 48.977020 -13.892040
v -5.486401 48.868454 -13.749540
v -6.212469 48.688629 -13.189717
v -3.365872 48.749680 -13.892040
v -1.316594 48.797180 -14.553640
v -1.357307 48.600403 -13.919178
v -1.289451 48.905746 -15.449354
v -1.170702 48.732727 -15.449354
v -1.180878 48.671646 -14.574000
v -3.301409 48.566467 -13.803827
v -1.218202 48.451111 -13.807213
v -5.360863 48.661469 -13.657935
v -6.100507 48.301834 -12.914901
v -4.519440 48.271286 -13.054006
v -2.741586 48.149170 -13.138833
v -2.853553 47.511307 -12.836861
v -4.539796 47.626648 -12.735083
v -6.086935 47.677536 -12.612936
v -7.389786 47.677536 -12.507757
v -6.826574 45.434891 -12.229546
v -6.307469 45.540070 -12.283832
v -4.719619 45.631653 -12.490789
v -3.108017 45.648636 -12.694369
v -6.809609 44.908997 -13.040432
v -4.777298 45.458618 -13.135440
v -4.777298 43.589188 -13.186324
v -6.578896 45.227905 -13.054006
v -3.108017 45.519699 -13.203291
v -0.610883 47.416306 -13.006506
v -0.627846 48.047363 -13.281324
v -1.588022 45.655411 -12.819901
v -1.224985 45.499359 -13.274545
v -1.038383 45.635071 -12.877581
v 0.203401 48.654678 -14.580788
v 0.213577 48.732727 -15.449354
v 0.213577 48.407013 -13.851319
v 0.237327 47.979523 -13.318651
v 0.305187 47.368820 -13.091326
v -0.705882 45.468796 -12.921687
v -0.193563 45.075241 -13.020072
v 0.328937 45.088791 -13.091326
v -0.797488 45.285583 -13.308471
v -0.291955 44.932724 -13.277930
v -0.200350 44.895432 -13.664721
v 0.559652 44.946320 -13.637575
v 0.580008 44.976837 -13.294898
v 0.837863 45.204163 -13.454355
v 0.837863 47.026108 -13.518821
v 0.831076 47.579163 -13.678288
v 0.837863 47.993088 -14.054899
v 0.807326 48.217010 -14.682574
v 0.820900 48.291656 -15.449354
v 0.929469 45.197372 -13.617222
v 0.875182 46.971832 -13.702042
v 0.851433 47.989700 -14.736852
v 0.851433 48.057541 -15.449354
v 0.858219 47.786118 -14.163464
v 0.865006 47.450241 -13.841146
v -0.794095 43.860596 -13.349183
v -0.196956 44.284698 -13.695254
v -1.523559 43.806320 -13.315258
v -3.108017 43.701111 -13.250791
v -0.410704 43.104004 -14.685959
v -0.441241 43.161667 -14.326323
v -0.196956 43.351669 -14.733459
v -0.196956 43.534882 -14.156676
v -0.699095 43.246475 -14.390781
v -1.523559 42.859711 -13.841146
v -1.526949 42.632370 -14.553640
v -3.108017 42.723984 -13.797040
v -3.108017 42.479706 -14.529894
v -1.286058 42.978455 -14.394175
v 2.181429 45.652023 -13.637575
v 2.181429 44.291504 -13.708828
v 2.181429 47.982910 -14.740246
v 2.181429 47.779343 -14.166857
v 2.181429 48.050766 -15.449354
v 2.181429 46.968430 -13.708828
v 2.181429 47.443451 -13.847934
v -0.437848 43.294006 -14.041326
v -0.563380 43.144714 -14.160070
v -1.448913 42.771484 -14.156676
v -1.340344 42.818985 -14.058292
v -0.895881 43.046326 -14.383995
v -0.797488 42.873291 -14.065079
v -0.797488 42.934372 -13.871679
v -0.196956 43.830063 -13.834360
v -0.794095 43.297394 -13.495076
v 2.385001 47.175400 -14.638468
v 2.381608 47.328094 -15.011678
v 0.060898 46.914154 -14.580788
v 0.060898 47.178787 -15.449354
v 2.381608 45.652023 -14.177037
v 2.385001 46.547745 -14.265250
v 0.060898 45.662201 -14.305962
v 0.060898 44.393280 -14.580788
v 2.385001 44.712204 -14.265250
v 0.060898 45.662201 -14.305962
v 0.060898 46.914154 -14.580788
v 0.060898 44.393280 -14.580788
v -4.777298 42.327026 -14.502756
v -4.777298 42.578094 -13.749540
v -3.108017 43.104004 -13.406863
v -4.777298 42.971680 -13.349183
v -1.523559 43.229538 -13.464536
v 2.388391 44.379700 -14.397576
v 2.385001 44.155777 -14.638468
v 2.181429 43.843643 -13.847934
v 2.181429 43.548462 -14.166857
v 2.381608 44.020065 -15.011678
v 2.181429 43.365234 -14.740246
v 2.388391 46.907379 -14.397576
v 2.381608 47.375580 -15.449354
v -11.101556 22.573875 13.742687
v -11.166018 22.556908 15.103217
v -10.989592 22.251556 14.947145
v -10.989592 22.136192 12.531440
v -11.050660 22.594215 12.606083
v -10.928520 22.007263 12.938580
v -11.030304 22.441544 13.416973
v -10.616378 21.613686 16.124466
v -10.314416 21.159073 16.959103
v -10.378881 20.921547 16.324640
v -10.263522 20.721390 16.789463
v -7.379604 21.471199 13.976792
v -10.494234 21.528870 13.193045
v -10.290666 21.138695 14.390719
v -2.202123 24.229591 16.650354
v -2.314085 23.510292 17.339102
v -2.948547 24.070122 16.925177
v -3.158902 23.140480 17.664816
v -2.158017 23.316910 17.179636
v -2.768729 22.163345 17.617317
v -3.121583 22.397453 17.803923
v -3.006227 25.766541 12.154832
v -3.789974 25.742783 12.039477
v -3.606759 25.464577 10.933413
v -4.295507 25.396721 10.967339
v -3.325155 25.271179 10.997875
v -2.741582 25.406883 12.076800
v -2.001945 23.988678 16.382324
v -2.402302 24.962433 15.836075
v -2.107124 24.687614 15.557857
v -2.514264 25.461182 13.196439
v -2.880691 25.861542 13.226972
v -2.741582 25.406883 12.076800
v -2.344622 24.830124 14.268578
v -2.514264 25.461182 13.196439
v -2.317479 25.166008 14.387326
v -2.683906 25.529053 14.587501
v -2.317479 25.166008 14.387326
v -2.001945 23.988678 16.382324
v -2.107124 24.687614 15.557857
v -9.313526 20.270126 15.493394
v -9.778346 20.195496 17.318747
v -9.286385 19.924065 17.403564
v -7.199783 20.894409 15.612144
v -3.627115 22.923347 13.827507
v -4.431220 21.440659 17.447676
v -5.126754 22.784218 17.946424
v -4.509260 22.750305 17.776779
v -4.963899 21.888504 17.885351
v -4.502473 22.010651 17.814102
v -9.757990 21.216743 12.721438
v -10.368700 21.963158 11.086088
v -10.769056 22.102272 11.452515
v -5.574609 25.725838 12.962330
v -5.123361 25.864929 13.634115
v -6.195500 25.790291 13.827507
v -6.171750 25.878510 14.506075
v -5.282825 25.851357 12.545010
v -4.807827 25.956543 13.457686
v -4.831576 25.461182 15.208393
v -4.505866 25.529053 15.052323
v -9.686739 23.947975 12.589116
v -8.353351 24.524750 12.321081
v -9.296563 24.171898 12.914830
v -7.902102 24.765663 12.718044
v -9.187991 24.582428 13.820721
v -10.110846 23.839409 13.423757
v -9.778346 24.263496 14.071791
v -6.483894 25.339035 12.724832
v -6.365143 25.369576 12.307512
v -10.548521 23.215111 12.969116
v -9.931026 23.388145 12.358404
v -10.378881 23.673149 13.125189
v -11.206733 22.906387 13.515366
v -10.945483 23.439056 13.881789
v -10.891198 23.048874 15.286428
v -8.655314 23.961555 12.015727
v -8.153172 25.020119 13.790187
v -4.129259 25.376358 14.862327
v -4.424437 25.715652 13.332150
v -5.018186 25.566360 12.063227
v -10.596021 23.595116 14.292326
v -10.612984 23.262627 15.442497
v -8.251567 25.077789 14.553575
v -8.058175 24.762268 15.886963
v -5.978358 25.546021 15.805538
v -9.327099 24.663872 14.570538
v -9.788525 24.358498 15.065897
v -10.504414 22.617981 11.476265
v -9.011562 23.869949 11.357515
v -10.769056 22.102272 11.452515
v -8.791027 23.137093 10.655194
v -9.978525 22.285492 10.940196
v -5.489789 23.629044 10.376984
v -4.292118 24.148155 10.214125
v -5.632289 24.314407 10.458408
v -4.349794 24.887794 10.400733
v -9.781740 21.837624 10.896086
v -8.088709 22.634941 10.682338
v -6.137822 24.355110 10.404126
v -10.249950 20.884239 15.758039
v -10.076915 20.728172 15.564644
v -10.453523 21.284592 14.499288
v -10.290666 21.138695 14.390719
v -10.494234 21.528870 13.193045
v -10.657092 21.691742 13.237151
v -5.550859 24.918335 10.991088
v -4.166578 23.829224 17.216965
v -10.368700 21.963158 11.086088
v -10.107452 21.759590 10.994481
v -6.402462 24.992973 11.062338
v -6.361750 24.979393 11.900372
v -3.905330 24.629944 10.319304
v -10.769056 21.878342 15.951430
v -10.731735 21.959763 16.429823
v -8.726564 19.825676 17.278032
v -9.286385 19.924065 17.403564
v -8.977633 20.114059 17.549461
v -9.092991 19.751038 17.247496
v -8.726564 19.825676 17.278032
v -9.700309 24.114227 15.948036
v -10.236380 22.879219 16.446785
v -9.425488 23.802101 16.714821
v -9.534062 22.696014 16.959103
v -9.181206 23.276199 17.033749
v -8.584064 22.733330 17.240713
v -8.475494 23.408508 17.244102
v -4.465149 24.266899 17.230534
v -5.523716 23.693512 17.420532
v -5.472825 23.187988 17.417143
v -7.613710 20.884239 17.824278
v -7.912281 21.674774 17.844635
v -5.737466 23.866554 17.257677
v -4.834970 24.327972 17.098211
v -7.790139 22.221024 17.434105
v -7.152284 23.259239 17.318747
v -7.518710 22.841911 17.495174
v -5.622111 24.602791 17.176249
v -7.508531 23.795303 17.294996
v -5.727288 24.999756 17.030354
v -7.800317 24.226189 17.054104
v -4.573722 24.840302 16.677498
v -4.258184 24.921722 16.511250
v -8.909778 22.380486 17.362852
v -9.907274 21.939407 16.860712
v -9.741025 22.397453 17.026960
v -9.143885 21.810471 17.223745
v -10.517984 22.584038 16.534998
v -3.935867 24.735123 16.236427
v -8.801206 23.815659 17.030354
v -9.540848 20.531387 17.563032
v -9.778346 20.195496 17.318747
v -7.053889 20.592445 17.386600
v -4.431220 21.440659 17.447676
v -7.752818 21.997086 12.355011
v -10.076915 20.728172 15.564644
v -10.752093 22.142982 14.886075
v -2.768729 22.163345 17.617317
v -3.905330 24.629944 10.319304
v -3.325155 25.271179 10.997875
v -10.107452 21.759590 10.994481
v -9.092991 19.751038 17.247496
v -7.053889 20.592445 17.386600
v -3.084263 21.759590 17.484995
v -2.158017 23.316910 17.179636
v -3.084263 21.759590 17.484995
v -11.101558 22.573875 -13.742755
v -11.166019 22.556923 -15.103284
v -11.206736 22.906395 -13.515429
v -11.030307 22.441559 -13.417037
v -11.050662 22.594215 -12.606150
v -10.928523 22.007263 -12.938647
v -10.989594 22.136192 -12.531503
v -10.263524 20.721397 -16.789536
v -10.314418 21.159081 -16.959173
v -10.378882 20.921562 -16.324711
v -10.616380 21.613693 -16.124533
v -10.494237 21.528877 -13.193112
v -7.379606 21.471199 -13.976860
v -10.290668 21.138695 -14.390783
v -2.202126 24.229599 -16.650431
v -2.948550 24.070122 -16.925247
v -2.314088 23.510307 -17.339170
v -3.158904 23.140488 -17.664888
v -2.158020 23.316917 -17.179712
v -2.768731 22.163353 -17.617390
v -3.121585 22.397461 -17.803993
v -3.006229 25.766548 -12.154900
v -3.606761 25.464577 -10.933484
v -3.789976 25.742783 -12.039548
v -4.295509 25.396736 -10.967410
v -3.325157 25.271187 -10.997942
v -2.741584 25.406898 -12.076868
v -2.001947 23.988693 -16.382391
v -2.107126 24.687622 -15.557928
v -2.402304 24.962440 -15.836142
v -2.514266 25.461189 -13.196506
v -2.880693 25.861549 -13.227046
v -2.741584 25.406898 -12.076868
v -2.514266 25.461189 -13.196506
v -2.344625 24.830124 -14.268644
v -2.317481 25.166008 -14.387389
v -2.683908 25.529053 -14.587576
v -2.317481 25.166008 -14.387389
v -2.001947 23.988693 -16.382391
v -2.107126 24.687622 -15.557928
v -9.778348 20.195503 -17.318817
v -9.313529 20.270142 -15.493462
v -9.286387 19.924072 -17.403637
v -3.627118 22.923347 -13.827575
v -7.199785 20.894424 -15.612207
v -4.431221 21.440674 -17.447750
v -4.502475 22.010651 -17.814165
v -4.509262 22.750305 -17.776846
v -4.963901 21.888512 -17.885426
v -5.126757 22.784218 -17.946493
v -10.368702 21.963173 -11.086155
v -9.757992 21.216743 -12.721510
v -10.769058 22.102280 -11.452586
v -5.574611 25.725845 -12.962400
v -6.195502 25.790298 -13.827575
v -5.123363 25.864937 -13.634183
v -6.171751 25.878510 -14.506142
v -5.282827 25.851372 -12.545076
v -4.807829 25.956551 -13.457750
v -4.505868 25.529053 -15.052392
v -4.831579 25.461189 -15.208464
v -9.686741 23.947983 -12.589183
v -9.296565 24.171898 -12.914902
v -8.353353 24.524757 -12.321153
v -7.902104 24.765663 -12.718117
v -10.110847 23.839417 -13.423823
v -9.187993 24.582443 -13.820787
v -9.778348 24.263512 -14.071859
v -6.483896 25.339035 -12.724903
v -6.365145 25.369576 -12.304193
v -9.931027 23.388145 -12.358472
v -10.378882 23.673149 -13.125260
v -10.548523 23.215126 -12.969188
v -10.945486 23.439056 -13.881861
v -10.945486 23.439056 -13.881861
v -11.166019 22.556923 -15.103284
v -10.891200 23.048874 -15.286505
v -8.655316 23.961555 -12.015795
v -8.153174 25.020119 -13.790255
v -4.424439 25.715668 -13.332217
v -4.129261 25.376373 -14.862393
v -5.018188 25.566368 -12.063294
v -10.596024 23.595123 -14.292390
v -10.612987 23.262627 -15.439176
v -10.548523 23.215126 -12.969188
v -8.251569 25.077805 -14.553641
v -8.058177 24.762276 -15.887034
v -5.978360 25.546028 -15.805609
v -9.327101 24.663872 -14.570609
v -9.788527 24.358513 -15.065966
v -10.504416 22.617989 -11.476332
v -9.931027 23.388145 -12.358472
v -9.011564 23.869965 -11.357578
v -9.011564 23.869965 -11.357578
v -10.769058 22.102280 -11.452586
v -9.978527 22.285492 -10.940270
v -8.791029 23.137100 -10.655265
v -4.349796 24.887802 -10.400801
v -4.292120 24.148170 -10.214196
v -5.632290 24.314415 -10.458480
v -5.489790 23.629059 -10.377048
v -9.781742 21.837624 -10.892763
v -8.088711 22.634941 -10.682405
v -8.791029 23.137100 -10.655265
v -6.137824 24.355125 -10.404194
v -8.088711 22.634941 -10.682405
v -10.290668 21.138695 -14.390783
v -10.076918 20.728180 -15.564708
v -10.453525 21.284607 -14.499364
v -10.249953 20.884254 -15.758109
v -10.494237 21.528877 -13.193112
v -10.657094 21.691742 -13.237219
v -5.550861 24.918350 -10.991156
v -4.166580 23.829239 -17.217031
v -10.368702 21.963173 -11.086155
v -10.107454 21.759605 -10.994549
v -6.361752 24.979393 -11.900443
v -6.402464 24.992981 -11.062408
v -3.905332 24.629944 -10.319375
v -10.731737 21.959763 -16.429892
v -10.769058 21.878349 -15.951501
v -10.769058 21.878349 -15.951501
v -10.989594 22.251556 -14.947212
v -8.726566 19.825684 -17.278097
v -8.977635 20.114075 -17.549528
v -9.286387 19.924072 -17.403637
v -9.092994 19.751045 -17.247564
v -8.726566 19.825684 -17.278097
v -9.425490 23.802101 -16.714888
v -9.700311 24.114235 -15.948108
v -10.236382 22.879219 -16.446850
v -8.475496 23.408508 -17.244169
v -9.181208 23.276215 -17.033819
v -8.584065 22.733330 -17.240776
v -9.534063 22.696014 -16.959173
v -4.465151 24.266899 -17.230606
v -5.523718 23.693512 -17.420595
v -5.472827 23.187988 -17.417202
v -7.613712 20.884254 -17.824345
v -7.912282 21.674782 -17.844706
v -4.834972 24.327988 -17.098286
v -5.737468 23.866554 -17.257744
v -7.790141 22.221031 -17.434168
v -7.518711 22.841919 -17.495241
v -7.152286 23.259239 -17.318817
v -7.508533 23.795303 -17.295063
v -5.622113 24.602806 -17.176319
v -5.727290 24.999756 -17.030426
v -7.800319 24.226189 -17.054173
v -4.573724 24.840302 -16.677568
v -4.258186 24.921738 -16.511316
v -8.909780 22.380486 -17.362925
v -9.907276 21.939423 -16.860781
v -9.143887 21.810471 -17.223818
v -9.741027 22.397461 -17.027033
v -10.517986 22.584038 -16.535063
v -3.935869 24.735123 -16.236500
v -8.801208 23.815666 -17.030426
v -9.540851 20.531403 -17.563103
v -9.778348 20.195503 -17.318817
v -7.053892 20.592461 -17.386669
v -4.431221 21.440674 -17.447750
v -7.752820 21.997086 -12.355078
v -10.076918 20.728180 -15.564708
v -3.627118 22.923347 -13.827575
v -7.752820 21.997086 -12.355078
v -10.752095 22.142990 -14.886147
v -10.616380 21.613693 -16.124533
v -10.378882 20.921562 -16.324711
v -10.263524 20.721397 -16.789536
v -2.768731 22.163353 -17.617390
v -3.905332 24.629944 -10.319375
v -3.325157 25.271187 -10.997942
v -10.107454 21.759605 -10.994549
v -9.778348 20.195503 -17.318817
v -9.092994 19.751045 -17.247564
v -7.053892 20.592461 -17.386669
v -4.431221 21.440674 -17.447750
v -3.084265 21.759605 -17.485069
v -2.158020 23.316917 -17.179712
v -3.084265 21.759605 -17.485069
vn 0.4024 0.6706 0.6232
vn 0.0866 0.6845 0.7239
vn 0.4968 0.2602 0.8280
vn 0.0710 0.5201 0.8511
vn -0.0702 0.5694 0.8190
vn 0.2424 -0.0391 0.9694
vn 0.2584 0.2819 0.9240
vn -0.1718 0.4374 0.8827
vn 0.2183 0.6783 0.7017
vn 0.1572 -0.1573 0.9750
vn 0.0236 0.2757 0.9610
vn -0.0708 -0.4957 0.8656
vn -0.0078 -0.4535 0.8912
vn -0.3838 -0.7598 0.5248
vn -0.5647 0.1255 0.8157
vn -0.4237 0.0785 0.9024
vn -0.6993 -0.3929 0.5972
vn -0.4618 -0.3522 0.8140
vn -0.5554 -0.6258 0.5476
vn -0.7130 -0.5406 0.4466
vn -0.7581 -0.4689 0.4533
vn -0.4406 -0.5900 0.6766
vn -0.0939 -0.6961 0.7118
vn -0.0315 -0.6060 0.7949
vn -0.0782 -0.2344 0.9690
vn -0.1022 0.0865 0.9910
vn 0.1654 0.4252 0.8898
vn 0.2196 -0.0784 0.9724
vn 0.6453 0.1574 0.7476
vn 0.6552 -0.3315 0.6788
vn 0.5157 -0.4141 0.7501
vn 0.1250 -0.3671 0.9217
vn 0.3907 -0.7345 0.5548
vn 0.2658 -0.3049 0.9146
vn 0.0078 -0.4535 0.8912
vn -0.0393 -0.4087 0.9118
vn 0.1649 -0.3377 0.9267
vn -0.4390 -0.5565 0.7054
vn -0.7619 -0.6284 0.1571
vn -0.7117 -0.6648 0.2268
vn -0.7844 -0.6040 -0.1412
vn -0.7935 -0.5971 0.1179
vn -0.8279 -0.5467 -0.1250
vn -0.5207 -0.4497 -0.7257
vn -0.5848 -0.2495 -0.7719
vn -0.1015 -0.2578 -0.9609
vn -0.2202 0.0157 -0.9753
vn -0.0157 0.0550 -0.9984
vn 0.1573 -0.0944 -0.9830
vn 0.2747 0.1492 -0.9499
vn 0.4311 0.1254 -0.8936
vn 0.8013 0.2357 -0.5499
vn 0.7801 0.1812 -0.5988
vn 0.9793 0.1645 -0.1175
vn 0.9723 0.1490 -0.1803
vn 0.9866 0.1331 0.0939
vn 0.8046 0.0156 -0.5937
vn 0.9730 0.1334 0.1883
vn 0.9518 -0.0000 -0.3068
vn 0.8083 0.0157 0.5886
vn 0.9568 -0.0157 0.2902
vn 0.8036 0.1092 0.5851
vn 0.8572 0.0629 0.5112
vn 0.5172 -0.0548 0.8541
vn 0.4176 -0.1812 0.8904
vn 0.6624 0.0079 0.7491
vn 0.7277 0.1330 0.6729
vn 0.2183 0.6783 0.7016
vn 0.3044 0.0234 0.9523
vn 0.6013 0.0625 0.7966
vn 0.8725 0.2122 0.4402
vn 0.7575 0.0781 0.6482
vn 0.9226 0.2523 0.2918
vn 0.9918 0.1259 0.0236
vn 0.5887 0.7853 0.1914
vn 0.4655 0.7575 0.4576
vn 0.3312 0.6308 0.7017
vn 0.1408 0.4615 0.8759
vn 0.4968 0.2602 0.8279
vn 0.4024 0.6706 0.6233
vn 0.2280 0.9040 0.3616
vn 0.9605 0.1968 0.1968
vn 0.0787 0.6768 0.7319
vn 0.6753 0.2356 0.6989
vn 0.2679 -0.0630 0.9614
vn 0.8912 0.0156 0.4534
vn 0.6750 0.0078 0.7378
vn 0.1487 0.0782 0.9858
vn 0.0866 0.6845 0.7238
vn -0.0702 0.5694 0.8191
vn 0.0157 0.0157 0.9998
vn 0.2351 -0.0235 0.9717
vn 0.9258 -0.0314 0.3766
vn 0.1641 0.0625 0.9845
vn 0.8892 0.2990 0.3462
vn 0.3594 0.0780 0.9299
vn 0.7485 0.2679 0.6067
vn 0.3286 0.1017 0.9390
vn 0.8821 0.1654 0.4410
vn 0.8966 -0.1258 0.4247
vn 0.9798 -0.1960 0.0392
vn 0.9830 0.1808 0.0315
vn 0.8431 0.2498 0.4762
vn 0.2811 0.1171 0.9525
vn 0.6717 0.3124 0.6717
vn 0.8416 0.4011 0.3618
vn 0.1802 0.0940 0.9791
vn 0.0079 0.0158 0.9998
vn 0.0157 0.0236 0.9996
vn -0.3136 -0.1255 0.9412
vn 0.0236 0.0785 0.9966
vn 0.0939 0.0626 0.9936
vn -0.2040 -0.1099 0.9728
vn -0.0782 -0.0860 0.9932
vn 0.3514 0.3124 0.8825
vn 0.0862 0.0548 0.9948
vn -0.0550 -0.0550 0.9970
vn -0.0940 -0.0313 0.9951
vn 0.1101 0.0786 0.9908
vn 0.1261 0.1182 0.9850
vn 0.6394 0.6628 0.3898
vn 0.7238 0.4957 0.4800
vn 0.2505 0.1018 0.9628
vn 0.1172 -0.1797 0.9767
vn 0.0157 -0.2664 0.9637
vn -0.1573 -0.2910 0.9437
vn -0.3284 -0.2346 0.9149
vn -0.7603 -0.4311 0.4860
vn -0.3449 0.1019 0.9331
vn -0.9107 0.0628 0.4083
vn -0.9138 -0.2499 0.3202
vn -0.8788 -0.3295 0.3452
vn -0.8573 -0.2910 0.4247
vn -0.5808 -0.2668 0.7691
vn -0.5018 -0.8546 0.1333
vn 0.0078 -0.9851 0.1720
vn 0.5086 -0.8452 0.1644
vn 0.3677 -0.2347 0.8998
vn 0.8911 -0.4455 0.0860
vn 0.7026 0.0390 0.7105
vn 0.9880 0.0627 0.1412
vn 0.9061 0.2048 0.3703
vn 0.8497 0.3226 0.4170
vn 0.7394 0.4877 0.4641
vn 0.8130 0.3157 0.4893
vn 0.8753 0.1971 0.4416
vn 0.9290 0.1811 0.3228
vn 0.8594 0.4810 0.1734
vn 0.9192 0.1885 0.3457
vn 0.8241 0.4160 0.3845
vn 0.5027 0.8247 0.2592
vn 0.8660 0.4409 0.2362
vn 0.4717 0.7547 0.4560
vn -0.0000 0.9591 0.2830
vn 0.4796 0.8098 0.3380
vn 0.0078 0.8912 0.4535
vn -0.4649 0.8274 0.3152
vn -0.0236 0.9288 0.3699
vn -0.4212 0.7722 0.4758
vn -0.8111 0.4679 0.3510
vn -0.4726 0.8034 0.3623
vn -0.7421 0.4375 0.5078
vn -0.7893 0.4420 0.4262
vn -0.8782 0.0078 0.4783
vn -0.9300 0.0156 0.3673
vn -0.9191 -0.0314 0.3928
vn -0.8887 -0.4561 0.0472
vn 0.8490 0.3145 0.4245
vn 0.9016 0.3136 0.2979
vn 0.7723 0.4492 0.4492
vn 0.9283 0.3697 0.0393
vn 0.9365 0.3463 0.0551
vn 0.8391 0.4784 0.2588
vn 0.4796 0.8098 0.3381
vn 0.8704 0.4861 0.0784
vn 0.5502 0.7703 0.3223
vn 0.1340 0.9223 0.3626
vn 0.5269 0.8493 0.0315
vn 0.5008 0.8374 -0.2191
vn 0.8658 0.4723 -0.1653
vn 0.9291 0.3307 -0.1654
vn 0.9180 0.3531 -0.1805
vn 0.8810 0.4720 -0.0315
vn 0.7723 0.4413 -0.4570
vn 0.7201 0.2818 -0.6341
vn 0.7039 0.2503 -0.6648
vn 0.5892 0.3614 -0.7227
vn 0.3133 0.5483 -0.7754
vn 0.1176 0.9719 -0.2038
vn 0.1173 0.9931 -0.0078
vn -0.1872 0.9049 0.3822
vn -0.4680 0.8268 0.3120
vn -0.1886 0.9821 -0.0000
vn -0.1880 0.9555 -0.2271
vn 0.0861 0.6262 -0.7749
vn 0.2040 0.3609 -0.9100
vn 0.3932 0.2044 -0.8964
vn 0.3066 0.1258 -0.9435
vn 0.3848 0.0864 -0.9189
vn 0.2992 0.1338 -0.9448
vn 0.1411 -0.0627 -0.9880
vn 0.2277 -0.0000 -0.9737
vn 0.1178 0.1963 -0.9735
vn 0.0078 0.3996 -0.9167
vn -0.1259 0.6139 -0.7792
vn -0.3278 0.5854 -0.7415
vn -0.4719 0.8495 -0.2359
vn -0.4877 0.8730 -0.0000
vn -0.7598 0.6501 0.0078
vn -0.7015 0.5990 0.3862
vn -0.8669 0.2655 0.4218
vn -0.9525 0.3045 0.0078
vn -0.7407 0.6238 -0.2495
vn -0.2042 0.3771 -0.9034
vn -0.4816 0.4263 -0.7657
vn -0.1021 0.2041 -0.9736
vn -0.0000 -0.0000 -1.0000
vn 0.1103 -0.1813 -0.9772
vn 0.0236 0.0393 -0.9989
vn 0.0236 -0.0000 -0.9997
vn -0.0000 -0.1644 -0.9864
vn -0.1100 -0.1964 -0.9743
vn -0.2277 -0.0000 -0.9737
vn -0.3307 0.2047 -0.9213
vn -0.5934 0.1952 -0.7809
vn -0.9246 0.3056 -0.2272
vn -0.9920 -0.1172 0.0469
vn -0.9234 -0.1330 0.3600
vn -0.8775 -0.2977 0.3761
vn -0.8058 -0.4068 0.4303
vn -0.9386 -0.3442 0.0235
vn -0.9771 -0.1251 -0.1720
vn -0.6473 -0.0936 -0.7565
vn -0.4156 -0.0000 -0.9096
vn -0.3592 -0.1483 -0.9214
vn -0.6451 -0.2203 -0.7316
vn -0.9153 -0.3520 -0.1956
vn -0.8990 -0.4378 0.0078
vn -0.9901 -0.0629 0.1257
vn -0.9650 -0.1648 -0.2040
vn -0.8603 -0.4770 -0.1799
vn -0.6713 -0.2967 -0.6792
vn -0.5928 -0.4212 -0.6864
vn -0.2830 -0.2437 -0.9276
vn -0.1405 -0.2419 -0.9601
vn -0.3228 -0.2756 -0.9055
vn -0.0707 -0.1257 -0.9896
vn -0.0550 0.0079 -0.9985
vn -0.0940 -0.0392 -0.9948
vn -0.0550 0.0393 -0.9977
vn 0.0392 0.4468 -0.8938
vn -0.3308 0.5199 -0.7876
vn -0.9289 0.2108 -0.3044
vn -0.8347 -0.1482 -0.5305
vn -0.5928 -0.1248 -0.7956
vn -0.0000 0.0472 -0.9989
vn 0.1096 0.1252 -0.9861
vn 0.1101 0.2281 -0.9674
vn 0.0314 0.3066 -0.9513
vn -0.5636 -0.1800 -0.8062
vn -0.7570 -0.0946 -0.6466
vn -0.9205 -0.1716 -0.3510
vn -0.9590 0.2830 -0.0157
vn -0.7327 0.6382 0.2364
vn -0.9311 0.2113 0.2973
vn -0.6237 0.5527 0.5527
vn -0.3450 0.1020 0.9331
vn -0.2973 0.5242 0.7980
vn -0.0940 -0.0314 0.9951
vn -0.8381 -0.1488 0.5248
vn -0.9230 -0.1721 0.3442
vn -0.9948 -0.1018 -0.0078
vn -0.9569 0.2902 -0.0078
vn -0.8910 0.0631 -0.4495
vn -0.5279 0.3861 -0.7565
vn -0.3690 0.1413 -0.9186
vn 0.4169 0.3619 -0.8338
vn -0.3861 -0.0315 -0.9219
vn -0.2985 0.1492 -0.9427
vn -0.2422 -0.0547 -0.9687
vn -0.2994 -0.0394 -0.9533
vn -0.2591 0.0236 -0.9656
vn -0.4494 0.2444 -0.8593
vn -0.6765 0.1731 -0.7158
vn -0.7176 0.4603 -0.5226
vn -0.8609 0.5087 -0.0078
vn -0.7652 0.1893 -0.6153
vn -0.6295 -0.0945 -0.7712
vn -0.4604 -0.1014 -0.8819
vn -0.5073 -0.1795 -0.8429
vn -0.2499 -0.0156 -0.9682
vn -0.2663 -0.1253 -0.9557
vn -0.3279 -0.0078 -0.9447
vn -0.3769 -0.1178 -0.9187
vn -0.1647 0.1647 -0.9725
vn 0.3215 0.2352 -0.9172
vn 0.4773 0.2113 -0.8529
vn 0.3852 0.2201 -0.8962
vn 0.0945 0.0788 -0.9924
vn -0.0000 -0.0236 -0.9997
vn -0.2118 0.0941 -0.9728
vn -0.0000 -0.1734 -0.9849
vn 0.0392 0.2662 -0.9631
vn 0.1813 -0.1655 -0.9694
vn 0.0550 -0.0157 -0.9984
vn -0.0158 -0.0158 -0.9998
vn -0.0707 -0.0157 -0.9974
vn 0.0157 0.0236 -0.9996
vn 0.3378 0.2357 -0.9112
vn 0.2271 0.4071 -0.8847
vn 0.2986 0.3693 -0.8800
vn 0.0940 0.8308 -0.5486
vn 0.0157 0.4628 -0.8863
vn -0.0629 0.0079 -0.9980
vn -0.1491 0.0079 -0.9888
vn -0.2036 -0.0000 -0.9791
vn -0.2827 -0.0471 -0.9581
vn -0.1413 0.3690 -0.9186
vn 0.0942 0.5339 -0.8403
vn 0.0393 0.2516 -0.9670
vn -0.1406 -0.1094 -0.9840
vn -0.0703 -0.5075 -0.8588
vn -0.3383 -0.5507 -0.7631
vn -0.4913 -0.2496 -0.8345
vn -0.4728 -0.5122 -0.7171
vn -0.5873 -0.3837 -0.7126
vn -0.6054 -0.2517 -0.7551
vn -0.7256 -0.3355 -0.6008
vn -0.6703 -0.4365 -0.6001
vn -0.4338 -0.6863 -0.5838
vn -0.2818 -0.7983 -0.5322
vn -0.3703 -0.7643 -0.5279
vn 0.1647 -0.1647 -0.9725
vn 0.0314 -0.5027 -0.8639
vn 0.4958 0.2675 -0.8262
vn 0.2588 -0.0471 -0.9648
vn -0.1177 0.3140 -0.9421
vn -0.5599 0.1183 -0.8201
vn -0.4175 0.0709 -0.9059
vn -0.4569 -0.3466 -0.8192
vn -0.6960 -0.3910 -0.6022
vn -0.5527 -0.6238 -0.5527
vn -0.7096 -0.5361 -0.4573
vn -0.2809 -0.9128 -0.2965
vn -0.1172 -0.8989 -0.4221
vn -0.3203 -0.8046 -0.5000
vn -0.5200 -0.6776 -0.5200
vn -0.8554 -0.5179 -0.0078
vn -0.9021 -0.4315 -0.0078
vn -0.7652 -0.1561 -0.6246
vn -0.9719 0.2351 -0.0078
vn -0.9737 -0.2277 -0.0079
vn -0.7689 -0.1569 0.6198
vn -0.7290 -0.3371 0.5958
vn -0.6338 -0.1017 0.7668
vn -0.7673 0.1957 0.6107
vn -0.7206 0.4621 0.5169
vn -0.6798 0.1797 0.7110
vn -0.5319 0.3911 0.7510
vn -0.4547 0.2509 0.8546
vn -0.4636 -0.1022 0.8801
vn -0.6093 -0.2578 0.7499
vn -0.6734 -0.4385 0.5951
vn -0.6025 -0.7981 -0.0078
vn -0.5229 -0.6791 0.5152
vn -0.3605 -0.9327 -0.0078
vn -0.4379 -0.6881 0.5786
vn -0.3215 -0.8078 0.4941
vn -0.5906 -0.3859 0.7087
vn -0.5107 -0.1807 0.8406
vn -0.2663 0.0313 0.9634
vn -0.3753 0.1486 0.9149
vn -0.7597 -0.1018 0.6422
vn -0.8922 0.0704 0.4461
vn -0.5965 -0.1256 0.7927
vn -0.5636 -0.1800 0.8062
vn 0.1024 0.3545 0.9295
vn -0.3927 -0.0392 0.9188
vn -0.3064 -0.0472 0.9507
vn -0.2518 -0.0157 0.9677
vn -0.2733 -0.1328 0.9527
vn -0.4945 -0.2512 0.8321
vn -0.4769 -0.5160 0.7115
vn -0.2973 -0.7980 0.5242
vn -0.3452 -0.5492 0.7610
vn -0.3833 -0.1251 0.9151
vn -0.3304 -0.0078 0.9438
vn -0.2422 -0.0547 0.9687
vn -0.3053 0.1565 0.9393
vn 0.3667 0.3589 0.8583
vn 0.3515 0.3124 0.8825
vn 0.0862 0.0549 0.9948
vn 0.0078 0.0550 0.9985
vn 0.0079 0.4628 0.8864
vn -0.1721 0.1721 0.9699
vn -0.1406 -0.1094 0.9840
vn 0.0788 0.8355 0.5438
vn 0.2444 0.4336 0.8673
vn 0.4632 0.7458 0.4789
vn 0.0235 0.0785 0.9966
vn 0.7719 0.5302 0.3509
vn 0.3278 0.2420 0.9132
vn 0.4765 0.2187 0.8515
vn 0.8094 0.5343 0.2436
vn 0.0938 0.0626 0.9936
vn 0.8724 0.3930 0.2908
vn -0.1257 -0.9040 0.4087
vn -0.2819 -0.9240 0.2584
vn 0.0079 -0.9999 -0.0079
vn -0.3068 -0.9517 -0.0079
vn -0.8013 -0.5185 0.2985
vn -0.7903 -0.5400 -0.2895
vn -0.7066 -0.6673 -0.2355
vn -0.7520 -0.4700 -0.4622
vn -0.0866 -0.6926 -0.7161
vn 0.3863 -0.7331 -0.5597
vn -0.0313 -0.6022 -0.7977
vn -0.0781 -0.2344 -0.9690
vn 0.1250 -0.3671 -0.9217
vn 0.5116 -0.4093 -0.7555
vn 0.6517 -0.3298 -0.6831
vn 0.6585 0.0078 -0.7525
vn 0.6415 0.1565 -0.7510
vn 0.7000 0.1416 -0.7000
vn 0.4855 0.0940 -0.8692
vn 0.3231 0.2443 -0.9143
vn 0.2119 0.6671 -0.7142
vn 0.2122 -0.0708 -0.9747
vn -0.0945 0.0788 -0.9924
vn 0.1642 0.4223 -0.8915
vn 0.5502 -0.0550 -0.8332
vn 0.8864 -0.0079 -0.4628
vn 0.7060 0.0549 -0.7060
vn 0.8604 0.1565 -0.4850
vn 0.9107 0.2591 -0.3219
vn 0.9795 0.1959 -0.0470
vn 0.9869 0.0783 -0.1410
vn 0.9484 -0.2430 -0.2038
vn 0.7076 -0.2516 -0.6604
vn 0.2820 -0.0861 -0.9556
vn 0.8271 0.0552 -0.5593
vn 0.9332 0.2902 -0.2118
vn 0.9508 0.2515 -0.1808
vn 0.9588 0.2829 -0.0236
vn 0.8660 0.2362 -0.4408
vn 0.4088 0.0314 -0.9121
vn 0.3060 0.0706 -0.9494
vn 0.8458 0.3446 -0.4072
vn 0.3063 0.1335 -0.9425
vn -0.2344 -0.0781 -0.9690
vn 0.3372 0.1725 -0.9255
vn 0.9231 0.3833 -0.0313
vn 0.8230 0.4389 -0.3606
vn 0.8262 0.3305 0.4564
vn 0.3467 0.1734 0.9218
vn 0.8032 0.4173 0.4252
vn 0.5366 0.7417 0.4024
vn 0.2284 0.3149 0.9212
vn 0.5220 0.5376 0.6622
vn 0.2361 0.2597 0.9364
vn 0.5504 0.7234 0.4168
vn 0.5886 0.8084 -0.0078
vn 0.5797 0.8147 -0.0157
vn 0.5483 0.7754 -0.3133
vn 0.4953 0.7862 -0.3695
vn 0.1101 0.5033 -0.8571
vn -0.0945 0.0866 -0.9918
vn -0.2899 -0.0470 -0.9559
vn 0.1099 0.4160 -0.9027
vn 0.2991 0.4014 -0.8657
vn -0.1340 -0.1103 -0.9848
vn -0.2264 -0.1639 -0.9602
vn 0.2120 -0.2591 -0.9423
vn 0.0158 0.4409 -0.8974
vn -0.0000 0.9989 0.0472
vn 0.5023 0.8634 0.0471
vn 0.0078 0.2111 0.9774
vn 0.8594 0.4809 0.1735
vn 0.1095 0.1799 0.9776
vn 0.8634 0.5023 0.0471
vn 0.9880 0.0627 0.1411
vn 0.1874 0.1093 0.9762
vn 0.9988 0.0157 0.0472
vn 0.8911 -0.4456 0.0860
vn 0.2111 0.0078 0.9774
vn 0.8660 -0.4960 0.0630
vn 0.5087 -0.8451 0.1643
vn 0.1800 -0.1018 0.9784
vn 0.5075 -0.8588 0.0702
vn 0.0078 -0.9975 0.0707
vn 0.1095 -0.1799 0.9776
vn 0.0079 0.0079 0.9999
vn -0.1016 0.1876 0.9770
vn -0.1724 0.1019 0.9797
vn -0.2036 0.0078 0.9790
vn -0.1800 -0.1017 0.9784
vn -0.1019 -0.1724 0.9797
vn 0.0078 -0.2036 0.9790
vn 0.0079 -0.2036 0.9790
vn -0.5016 -0.8622 0.0705
vn -0.8656 -0.4957 0.0708
vn -0.9975 0.0314 0.0629
vn -0.9300 0.0157 0.3673
vn -0.8634 0.5023 0.0471
vn -0.4964 0.8668 0.0473
vn 0.0079 0.2111 0.9774
vn -0.9142 0.3829 -0.1328
vn -0.6477 0.7570 -0.0859
vn -0.4092 0.7555 -0.5115
vn -0.6442 0.4242 -0.6364
vn -0.1964 0.4479 -0.8722
vn -0.0864 0.8091 -0.5813
vn 0.0156 0.8147 -0.5797
vn 0.1095 0.4066 -0.9070
vn 0.2199 0.7462 -0.6284
vn 0.4385 0.2819 -0.8534
vn 0.5478 0.7514 -0.3678
vn 0.7687 0.2510 -0.5883
vn 0.7170 0.6934 -0.0709
vn 0.6031 0.2663 -0.7519
vn 0.4790 0.5967 -0.6438
vn 0.0393 0.8890 -0.4563
vn -0.3913 0.6104 -0.6887
vn -0.7651 0.3313 -0.5521
vn -0.8849 0.1331 -0.4463
vn -0.9129 0.3384 -0.2283
vn -0.8737 0.0787 -0.4801
vn -0.9617 0.0867 -0.2601
vn -0.9239 -0.1957 -0.3289
vn -0.8037 -0.1182 -0.5831
vn -0.8038 0.0468 -0.5931
vn -0.7647 -0.1655 -0.6228
vn -0.4643 -0.3384 -0.8185
vn -0.5742 0.1180 -0.8102
vn -0.3138 0.5571 -0.7689
vn -0.1962 0.1727 -0.9652
vn -0.0315 0.3928 -0.9191
vn 0.3535 0.6126 -0.7069
vn 0.1651 0.1494 -0.9749
vn 0.6661 0.1175 -0.7366
vn 0.7299 0.0314 -0.6828
vn 0.4638 -0.3931 -0.7940
vn 0.3467 -0.3388 -0.8746
vn -0.0472 -0.1181 -0.9919
vn -0.3708 -0.2604 -0.8915
vn -0.0157 -0.7636 -0.6455
vn 0.3538 -0.4245 -0.8334
vn -0.0313 -0.9231 -0.3833
vn -0.1255 -0.9331 -0.3371
vn -0.2656 -0.5312 -0.8046
vn -0.3056 -0.9246 -0.2272
vn -0.1093 -0.6950 -0.7106
vn -0.2207 -0.6857 -0.6936
vn -0.3663 -0.5533 -0.7481
vn -0.6188 -0.2272 -0.7520
vn -0.9468 -0.2426 -0.2113
vn -0.2514 -0.0550 -0.9663
vn -0.2049 0.2522 -0.9457
vn -0.3277 0.0312 -0.9442
vn -0.2898 0.0548 -0.9555
vn -0.6537 0.0315 -0.7561
vn -0.9094 0.0157 -0.4155
vn -0.9997 0.0236 -0.0079
vn -0.9687 -0.2188 0.1172
vn -0.8988 0.0235 0.4377
vn -0.8485 0.3457 0.4007
vn -0.8832 0.4690 0.0078
vn -0.8605 0.3755 -0.3442
vn -0.6792 0.4528 -0.5777
vn -0.2672 0.5107 -0.8172
vn -0.3372 0.0314 -0.9409
vn -0.2515 0.3851 -0.8880
vn -0.2756 0.0315 -0.9608
vn -0.2596 0.3382 -0.9046
vn 0.0393 0.3697 -0.9283
vn -0.0000 0.6832 -0.7303
vn -0.1891 0.6621 -0.7251
vn -0.5492 0.6433 -0.5335
vn -0.6631 0.6240 -0.4134
vn -0.7809 0.5679 -0.2603
vn -0.7977 0.6022 0.0313
vn -0.7362 0.5404 0.4073
vn -0.8942 -0.0235 0.4471
vn -0.9970 -0.0706 0.0314
vn -0.5493 -0.8083 0.2119
vn -0.9378 -0.0469 -0.3439
vn -0.4936 -0.8697 0.0078
vn -0.8338 -0.5506 -0.0393
vn -0.8230 -0.5016 0.2665
vn -0.4850 -0.8604 -0.1564
vn -0.8195 -0.0624 -0.5697
vn -0.6811 -0.0783 -0.7280
vn -0.1492 -0.2120 -0.9658
vn 0.0315 -0.2442 -0.9692
vn 0.1099 -0.2355 -0.9656
vn 0.1019 0.2431 -0.9646
vn -0.0000 0.1720 -0.9851
vn 0.3150 0.1496 -0.9372
vn 0.2985 -0.2278 -0.9268
vn 0.0788 -0.5198 -0.8506
vn -0.0946 -0.6466 -0.7570
vn -0.4418 -0.6943 -0.5681
vn -0.5773 -0.7334 -0.3589
vn -0.6250 -0.7188 -0.3047
vn -0.7675 -0.5796 -0.2741
vn -0.7192 -0.4378 -0.5394
vn -0.1951 -0.5386 -0.8196
vn 0.0546 -0.4528 -0.8900
vn 0.2748 -0.4947 -0.8245
vn 0.9276 0.1887 -0.3223
vn 0.6668 -0.0000 -0.7452
vn 0.2674 0.0865 -0.9597
vn 0.7584 0.0626 -0.6488
vn 0.9958 0.0862 -0.0314
vn 0.9852 0.0704 -0.1564
vn 0.5174 0.0470 -0.8545
vn 0.1959 0.0392 -0.9798
vn -0.0000 0.2758 -0.9612
vn 0.0552 -0.4809 -0.8750
vn 0.0862 -0.9091 -0.4075
vn 0.2682 -0.9230 -0.2761
vn 0.6530 -0.3069 -0.6924
vn 0.5028 -0.1178 -0.8563
vn 0.1880 0.3916 -0.9007
vn 0.7678 0.1332 -0.6267
vn 0.9768 0.1733 -0.1261
vn 0.9869 0.0783 0.1410
vn 0.9885 0.1334 0.0706
vn 0.8429 0.1795 0.5073
vn 0.9776 0.2033 0.0547
vn 0.8980 0.3151 0.3072
vn 0.9562 0.0784 0.2821
vn 0.9679 -0.2361 -0.0866
vn 0.7412 -0.5598 -0.3706
vn 0.6942 -0.6390 -0.3313
vn 0.2836 -0.4570 -0.8430
vn 0.9095 -0.0000 -0.4156
vn 0.2737 -0.0156 -0.9617
vn 0.0472 -0.0078 -0.9989
vn -0.1019 -0.0000 -0.9948
vn -0.5937 0.0078 -0.8046
vn -0.9224 -0.0000 -0.3863
vn -0.9832 -0.0236 0.1809
vn -0.6990 -0.0236 0.7147
vn -0.7687 -0.5334 0.3530
vn -0.6693 -0.3386 0.6614
vn -0.6978 -0.0627 0.7135
vn -0.6821 0.0549 0.7292
vn -0.6872 0.0156 0.7263
vn -0.9910 0.0079 0.1337
vn -0.9138 -0.0078 -0.4061
vn -0.5655 -0.0000 -0.8247
vn -0.0941 -0.0000 -0.9956
vn 0.0472 -0.0000 -0.9989
vn 0.2425 -0.0078 -0.9701
vn 0.8862 -0.0235 -0.4627
vn 0.5033 -0.1966 -0.8414
vn 0.1337 -0.1258 -0.9830
vn -0.0940 -0.1331 -0.9866
vn -0.5422 -0.1100 -0.8330
vn -0.8659 -0.0936 -0.4915
vn -0.9229 0.1564 -0.3519
vn -0.8464 0.2900 0.4467
vn -0.6711 0.3316 0.6631
vn 0.9189 -0.2278 -0.3220
vn 0.9999 -0.0157 -0.0000
vn 0.7061 -0.1883 -0.6826
vn 0.5986 -0.0945 -0.7955
vn 0.0709 -0.4334 -0.8984
vn -0.0472 -0.4404 -0.8966
vn -0.3435 -0.4293 -0.8353
vn -0.2126 -0.0394 -0.9763
vn 0.0470 0.3370 -0.9403
vn -0.0784 0.3293 -0.9410
vn 0.0394 0.0079 -0.9992
vn 0.0628 -0.0471 -0.9969
vn 0.0393 -0.0000 -0.9992
vn 0.4083 -0.3377 -0.8481
vn -0.2658 -0.6332 -0.7270
vn -0.3696 -0.2438 -0.8966
vn -0.5102 -0.8007 -0.3140
vn -0.3064 -0.0472 -0.9507
vn -0.4405 -0.1730 -0.8809
vn -0.0078 -0.3045 -0.9525
vn -0.1734 -0.2996 -0.9382
vn -0.0393 -0.3065 -0.9511
vn -0.0942 -0.9421 -0.3219
vn 0.0705 -0.2272 -0.9713
vn 0.3356 -0.8741 -0.3512
vn 0.2435 -0.2278 -0.9428
vn 0.7022 -0.6320 -0.3277
vn 0.9399 -0.2741 -0.2036
vn 0.3613 -0.1021 -0.9268
vn 0.0078 -0.3373 -0.9414
vn 0.2665 -0.4310 -0.8621
vn 0.3522 -0.2270 -0.9080
vn 0.9837 -0.0866 -0.1574
vn 0.8776 -0.0940 -0.4701
vn 0.9019 -0.1176 -0.4156
vn 0.9922 -0.1181 0.0394
vn 0.9997 -0.0000 -0.0236
vn 0.9960 0.0236 -0.0863
vn 0.9794 0.1175 0.1645
vn 0.9287 -0.1102 0.3542
vn 0.9155 0.3599 0.1799
vn 0.9760 0.1417 0.1653
vn 0.9940 -0.1096 -0.0000
vn 0.9204 -0.1872 0.3432
vn 0.9838 -0.1731 0.0472
vn 0.9786 -0.0313 -0.2035
vn 0.9995 -0.0000 -0.0315
vn 0.7531 -0.5648 -0.3373
vn 0.9718 -0.0627 -0.2273
vn 0.8302 -0.1645 -0.5326
vn 0.9283 -0.0393 -0.3698
vn 0.6452 -0.3227 -0.6925
vn 0.8969 -0.3462 0.2754
vn 0.9496 0.1177 0.2904
vn 0.9955 0.0392 0.0862
vn 0.8585 0.0945 0.5041
vn 0.7949 0.0315 0.6060
vn 0.7354 -0.3521 0.5790
vn 0.7977 -0.6022 -0.0313
vn 0.8510 -0.2285 0.4728
vn 0.5681 -0.2052 0.7970
vn 0.2978 -0.2038 0.9326
vn 0.4566 -0.0079 0.8896
vn 0.6657 -0.2663 0.6971
vn 0.8582 -0.1717 0.4837
vn 0.7411 -0.4213 0.5227
vn 0.9674 -0.2281 0.1101
vn 0.9901 -0.1257 0.0629
vn 0.8594 -0.2287 0.4573
vn 0.6583 -0.5878 0.4702
vn 0.7023 -0.6320 -0.3277
vn 0.3431 -0.8189 0.4601
vn 0.3595 -0.3439 0.8675
vn 0.5008 -0.2191 0.8373
vn 0.4929 -0.5320 0.6885
vn 0.3689 -0.5101 0.7770
vn 0.2672 -0.5579 0.7857
vn 0.1484 -0.4609 0.8750
vn -0.0704 -0.8842 0.4617
vn -0.0940 -0.5248 0.8460
vn -0.4628 -0.7608 0.4549
vn -0.2658 -0.6332 -0.7269
vn -0.1567 -0.8462 0.5093
vn 0.1254 -0.6817 0.7208
vn 0.1096 -0.6026 0.7905
vn 0.2575 -0.5697 0.7804
vn 0.3679 -0.5479 0.7514
vn 0.4849 -0.5083 0.7117
vn 0.1640 -0.1406 0.9764
vn 0.0156 -0.1173 0.9930
vn -0.1022 -0.0943 0.9903
vn -0.2343 -0.0859 0.9684
vn -0.0705 -0.6733 0.7360
vn -0.2440 -0.7634 0.5981
vn 0.1489 -0.9873 -0.0548
vn -0.1093 -0.9840 -0.1406
vn -0.4878 -0.7239 0.4879
vn -0.5733 -0.1727 0.8010
vn -0.6812 -0.6186 0.3915
vn -0.4701 -0.8776 -0.0941
vn -0.8913 -0.2424 0.3831
vn -0.9406 -0.3214 -0.1097
vn -0.9743 -0.1964 -0.1100
vn 0.0393 0.0079 -0.9992
vn -0.0784 0.3293 -0.9409
vn -0.8684 0.4929 -0.0547
vn -0.8790 -0.1648 0.4474
vn -0.6127 0.0864 0.7856
vn -0.4777 0.1723 0.8615
vn -0.3993 0.1723 0.9005
vn -0.3291 0.1489 0.9325
vn -0.2741 0.1096 0.9554
vn -0.1414 0.0314 0.9895
vn -0.2511 -0.1413 0.9576
vn -0.7446 0.1097 0.6584
vn -0.6097 0.4768 0.6331
vn -0.6105 0.5401 0.5792
vn -0.6251 0.5860 0.5157
vn -0.6984 0.5650 0.4394
vn -0.8292 0.4068 0.3833
vn -0.7186 0.6952 0.0156
vn -0.6063 0.7952 0.0079
vn -0.6710 0.3316 0.6631
vn -0.6979 -0.0627 0.7135
vn -0.7637 -0.1417 0.6298
vn -0.7301 -0.0235 0.6830
vn -0.1408 -0.0939 0.9856
vn -0.6866 -0.0468 0.7256
vn -0.1259 0.0394 0.9913
vn 0.0943 -0.1022 0.9903
vn 0.0861 0.0626 0.9943
vn -0.1021 0.2042 0.9736
vn -0.4696 -0.2270 0.8532
vn -0.4926 -0.4535 0.7428
vn -0.6261 -0.6340 0.4540
vn -0.6693 -0.3385 0.6614
vn -0.6263 -0.6498 0.4306
vn -0.6023 -0.0234 0.7979
vn -0.4238 0.1413 0.8947
vn -0.3614 0.2593 0.8956
vn -0.0788 0.2915 0.9533
vn 0.1176 0.2353 0.9648
vn 0.5745 -0.0000 0.8185
vn 0.8554 -0.0000 0.5180
vn 0.6325 0.0469 0.7731
vn 0.6253 0.3830 0.6800
vn 0.1252 0.3208 0.9388
vn -0.0859 0.3592 0.9293
vn -0.4212 0.6864 0.5928
vn -0.2502 0.5709 0.7820
vn -0.3044 0.6167 0.7260
vn -0.7363 0.5404 0.4073
vn -0.4011 0.3618 0.8416
vn -0.5083 0.0391 0.8603
vn -0.8988 0.0234 0.4377
vn -0.5663 -0.1888 0.8023
vn -0.9687 -0.2187 0.1172
vn -0.2202 -0.0157 0.9753
vn -0.2829 0.0314 0.9586
vn -0.2499 0.3983 0.8825
vn -0.5468 0.6406 0.5391
vn -0.2964 0.5928 0.7488
vn 0.0865 0.4798 0.8731
vn 0.3867 0.4499 0.8050
vn 0.5085 0.2582 0.8214
vn 0.9712 0.1645 0.1723
vn 0.9918 -0.1259 0.0236
vn 0.9889 -0.1413 -0.0471
vn 0.9101 -0.3766 -0.1726
vn 0.6613 -0.3228 -0.6771
vn 0.7950 0.0236 -0.6061
vn 0.9605 -0.1968 -0.1968
vn 0.9109 -0.3848 0.1492
vn 0.7170 0.1261 0.6855
vn 0.4137 0.0937 0.9056
vn 0.4213 0.1326 0.8972
vn 0.1805 0.1413 0.9734
vn 0.1418 0.2678 0.9530
vn -0.0628 0.2825 0.9572
vn -0.1488 0.1409 0.9788
vn -0.5077 0.3280 0.7967
vn -0.3457 0.0786 0.9350
vn -0.2427 0.1174 0.9630
vn -0.3923 0.1333 0.9101
vn -0.3138 -0.0157 0.9493
vn -0.3378 0.1100 0.9348
vn -0.1251 0.1173 0.9852
vn 0.1813 0.1103 0.9772
vn 0.2279 -0.4480 0.8645
vn -0.0707 -0.6524 0.7546
vn -0.2194 -0.7054 0.6740
vn -0.2202 -0.0315 0.9750
vn -0.3700 -0.5511 0.7479
vn -0.9240 -0.2193 0.3132
vn -0.9239 -0.1957 -0.3288
vn -0.9616 0.0938 0.2580
vn -0.8164 -0.0707 0.5731
vn -0.1728 -0.9503 0.2591
vn -0.3144 -0.9195 0.2358
vn -0.8136 -0.1721 0.5554
vn -0.8544 0.1019 0.5095
vn -0.9095 0.3371 0.2430
vn -0.9129 0.3384 -0.2282
vn -0.9138 0.3860 0.1260
vn -0.9142 0.3829 -0.1329
vn -0.6138 0.7869 0.0630
vn -0.4919 0.7574 0.4294
vn -0.6959 0.4144 0.5865
vn -0.9012 0.0940 0.4232
vn -0.8213 0.3129 0.4771
vn -0.8537 0.0627 0.5169
vn -0.5004 -0.2502 0.8288
vn -0.2505 -0.4854 0.8376
vn -0.0157 -0.7525 0.6584
vn -0.0234 -0.9063 0.4219
vn 0.2681 -0.4652 0.8436
vn 0.1021 -0.8718 0.4791
vn 0.3749 -0.8513 0.3671
vn 0.5718 -0.1488 0.8068
vn 0.6709 -0.3157 0.6709
vn 0.6785 -0.2998 0.6706
vn 0.5070 -0.3120 0.8035
vn 0.7258 0.0390 0.6868
vn 0.8117 0.0315 0.5832
vn 0.9665 -0.1650 0.1964
vn 0.9625 0.1956 -0.1878
vn 0.9639 0.1959 0.1802
vn 0.9382 0.2996 -0.1735
vn 0.9403 0.2978 0.1645
vn 0.7570 0.2602 0.5993
vn 0.6882 0.7194 0.0939
vn 0.4943 0.7454 0.4473
vn 0.2051 0.7415 0.6389
vn 0.3676 0.2894 0.8838
vn 0.5300 0.2728 0.8029
vn 0.6714 0.2108 0.7105
vn 0.4562 0.6213 0.6371
vn 0.1019 0.3843 0.9176
vn 0.0469 0.7661 0.6410
vn -0.0000 0.7565 0.6540
vn -0.0783 0.3917 0.9167
vn -0.2107 0.7648 0.6088
vn 0.0548 0.9555 0.2898
vn 0.3386 0.5907 0.7324
vn 0.6540 0.0236 0.7561
vn -0.0391 0.4217 0.9059
vn -0.2968 0.6013 0.7419
vn -0.3832 0.6648 0.6413
vn -0.3674 0.4222 0.8287
vn -0.5803 0.2196 0.7842
vn -0.2269 0.1487 0.9625
vn -0.0621 0.1567 0.9857
vn 0.3359 -0.4765 0.8125
vn -0.0783 -0.1487 0.9858
vn -0.3922 -0.3765 0.8393
vn -0.0860 -0.9770 -0.1954
vn 0.0937 -0.9056 -0.4137
vn -0.0706 -0.9654 -0.2512
vn -0.0860 -0.9769 -0.1954
vn 0.5830 -0.7642 0.2758
vn 0.0471 -0.6278 0.7769
vn 0.0235 -0.5563 0.8306
vn 0.0782 -0.4768 0.8755
vn 0.3284 -0.3127 0.8913
vn 0.9124 -0.4090 -0.0157
vn 0.9798 -0.1960 -0.0392
vn 0.9965 0.0628 -0.0550
vn 0.8589 -0.4412 0.2600
vn 0.9290 -0.3700 -0.0000
vn 0.8272 -0.5619 -0.0078
vn 0.8497 -0.5272 -0.0000
vn 0.0315 -0.8811 0.4720
vn 0.7775 -0.6047 -0.1728
vn 0.5437 -0.7643 -0.3467
vn -0.0078 -0.9876 -0.1568
vn -0.1177 -0.8944 -0.4315
vn 0.0942 -0.6123 0.7850
vn 0.0547 -0.9849 -0.1641
vn 0.0943 -0.8725 -0.4795
vn 0.0937 -0.9056 -0.4138
vn 0.0781 -0.4769 0.8755
vn -0.0706 -0.9654 -0.2511
vn 0.0627 -0.9245 0.3761
vn -0.0235 -0.9093 0.4155
vn -0.4322 -0.8329 0.3457
vn 0.0392 -0.6987 0.7144
vn 0.0078 -0.7378 0.6750
vn 0.0236 -0.9675 0.2517
vn -0.2201 -0.8962 0.3852
vn 0.6555 -0.7180 0.2341
vn 0.9771 -0.2128 0.0079
vn 0.9965 0.0628 -0.0549
vn 0.6012 -0.7729 0.2030
vn 0.9646 -0.2431 0.1020
vn -0.1724 -0.9167 -0.3604
vn 0.9772 -0.1970 -0.0788
vn 0.6067 -0.7564 -0.2443
vn -0.4452 -0.8202 -0.3593
vn 0.6470 -0.7328 -0.2105
vn 0.9766 -0.2126 -0.0315
vn 0.9955 0.0862 0.0392
vn 0.8528 0.5163 -0.0782
vn 0.8698 0.4858 0.0862
vn 0.8986 -0.4376 0.0312
vn 0.9767 -0.2110 0.0391
vn 0.3072 -0.2914 -0.9059
vn 0.5327 -0.8461 -0.0157
vn 0.4365 -0.7093 -0.5534
vn -0.0000 -0.6371 -0.7708
vn -0.1099 -0.9575 0.2668
vn 0.0157 -0.8608 -0.5087
vn 0.0235 -0.9567 -0.2902
vn 0.0627 -0.8537 0.5169
vn 0.0936 -0.9286 -0.3590
vn 0.2263 -0.6320 -0.7412
vn 0.4156 -0.6509 0.6353
vn 0.4692 -0.2580 -0.8445
vn 0.7092 -0.2994 0.6382
vn 0.3671 -0.7029 -0.6092
vn 0.0626 -0.9857 0.1564
vn -0.0628 -0.9735 0.2198
vn -0.0314 -0.9409 -0.3372
vn 0.0784 -0.9097 -0.4078
vn 0.0235 -0.6666 -0.7450
vn 0.0235 -0.9325 -0.3605
vn 0.0078 -0.9774 -0.2111
vn -0.0000 -0.7637 -0.6456
vn 0.0705 -0.9796 -0.1881
vn 0.0859 -0.8750 0.4765
vn -0.2584 -0.3289 0.9083
vn -0.1797 -0.5547 0.8124
vn 0.3049 -0.5863 0.7505
vn -0.2441 -0.6535 -0.7165
vn -0.3363 -0.5474 -0.7663
vn 0.1183 -0.4969 -0.8597
vn 0.0078 -0.8912 -0.4535
vn -0.0469 -0.9537 -0.2971
vn -0.0706 -0.9494 0.3060
vn -0.0470 -0.9086 0.4151
vn 0.0629 -0.9829 0.1730
vn 0.2030 -0.9447 -0.2576
vn -0.0473 -0.8112 -0.5828
vn 0.2509 -0.9409 -0.2274
vn -0.0547 -0.9776 -0.2033
vn -0.0547 -0.9533 0.2969
vn 0.0078 -0.9638 0.2664
vn -0.0549 -0.7292 0.6821
vn 0.2658 -0.8912 0.3674
vn 0.4144 -0.8992 -0.1407
vn 0.3436 -0.7341 -0.5857
vn 0.1411 -0.9250 -0.3527
vn 0.1886 -0.9820 -0.0079
vn -0.0703 -0.9766 0.2031
vn -0.0394 -0.9689 -0.2442
vn -0.0552 -0.9068 -0.4179
vn -0.0551 -0.9210 -0.3857
vn 0.1408 -0.9618 0.2346
vn 0.0547 -0.8596 -0.5080
vn 0.0704 -0.9781 0.1957
vn 0.0628 -0.9815 0.1806
vn 0.1408 -0.8760 -0.4614
vn -0.1098 -0.8625 -0.4940
vn -0.0782 -0.9385 -0.3363
vn 0.1095 -0.8762 -0.4694
vn 0.0470 -0.7517 -0.6578
vn 0.0940 -0.9249 -0.3684
vn -0.0078 -0.3279 -0.9447
vn -0.0236 -0.6148 -0.7883
vn 0.0710 -0.5678 -0.8201
vn -0.0000 0.0315 -0.9995
vn 0.0079 -0.2757 -0.9612
vn 0.0236 -0.7706 -0.6369
vn 0.0079 0.0707 -0.9975
vn 0.0708 0.2047 -0.9763
vn 0.0079 0.0941 -0.9955
vn 0.2444 -0.4493 -0.8593
vn 0.2524 -0.4733 -0.8440
vn 0.1495 -0.4327 -0.8890
vn 0.3590 -0.4996 -0.7884
vn 0.3209 0.1722 -0.9313
vn -0.0000 0.3139 -0.9495
vn 0.0626 -0.0939 -0.9936
vn 0.0157 -0.3767 -0.9262
vn 0.1416 -0.4013 -0.9049
vn 0.0236 -0.9567 -0.2901
vn 0.3134 0.1332 -0.9402
vn 0.1727 0.1492 -0.9736
vn -0.0236 -0.0079 -0.9997
vn -0.1410 -0.0783 -0.9869
vn 0.3072 -0.2915 -0.9059
vn 0.3922 -0.0628 -0.9177
vn -0.1023 0.0865 -0.9910
vn -0.2198 0.0628 -0.9735
vn -0.0230 0.0161 -0.9996
vn 0.1566 0.0392 -0.9869
vn 0.1021 0.1021 -0.9895
vn -0.0627 0.0706 -0.9955
vn 0.2201 0.0393 -0.9747
vn -0.1024 0.0630 -0.9927
vn 0.2034 0.0469 -0.9780
vn 0.1807 0.1336 -0.9744
vn -0.0629 0.1730 -0.9829
vn -0.3864 0.1183 -0.9147
vn 0.5085 0.0235 -0.8607
vn 0.9989 -0.0000 -0.0472
vn 0.9682 0.0551 0.2440
vn 1.0000 -0.0000 -0.0000
vn 0.5017 0.2116 -0.8388
vn -0.3778 0.2283 -0.8973
vn -0.3145 0.4953 -0.8098
vn 0.4955 0.4561 -0.7392
vn 0.9996 0.0157 -0.0236
vn 0.9369 -0.1717 0.3045
vn 0.9998 -0.0157 0.0157
vn 0.5158 0.6097 -0.6018
vn 0.9988 0.0472 -0.0157
vn -0.2751 0.6841 -0.6755
vn -0.0472 0.4717 -0.8805
vn 0.1882 0.4235 -0.8861
vn 0.3606 0.2666 -0.8938
vn 0.3524 0.0861 -0.9319
vn 0.3302 0.0236 -0.9436
vn -0.1733 0.1260 -0.9768
vn -0.2983 0.2591 -0.9186
vn -0.2835 0.5118 -0.8110
vn 0.3995 0.5013 -0.7676
vn 0.1725 0.6352 -0.7528
vn -0.0157 0.6912 -0.7225
vn -0.2518 0.8656 -0.4328
vn 0.4939 0.7839 -0.3763
vn -0.1891 0.9692 -0.1576
vn 0.5018 0.8547 -0.1333
vn 0.9997 -0.0236 -0.0000
vn 0.9204 -0.3432 0.1872
vn 0.4936 0.8697 -0.0000
vn 0.9999 0.0157 -0.0000
vn -0.1644 0.9864 -0.0000
vn 0.0705 0.9796 -0.1881
vn -0.0078 0.8247 -0.5655
vn 0.2042 0.7697 -0.6048
vn 0.3832 0.6413 -0.6648
vn -0.2750 0.6679 -0.6915
vn -0.2113 0.5166 -0.8297
vn -0.1486 0.2582 -0.9546
vn -0.1180 0.0551 -0.9915
vn -0.5433 0.2441 -0.8032
vn 0.0707 0.0079 -0.9975
vn 0.3132 0.0626 -0.9476
vn 0.2113 0.3208 -0.9233
vn 0.1575 0.1496 -0.9761
vn 0.1961 -0.0157 -0.9805
vn 0.1337 -0.0236 -0.9907
vn 0.0079 0.1886 -0.9820
vn -0.1018 -0.0078 -0.9948
vn 0.2755 0.0472 -0.9602
vn 0.7073 0.1022 -0.6995
vn 0.1877 0.2894 -0.9386
vn 0.1568 0.0078 -0.9876
vn 0.0394 0.2994 -0.9533
vn 0.0157 0.0550 -0.9984
vn 0.0628 0.0393 -0.9973
vn 0.0706 0.0471 -0.9964
vn 0.0629 -0.0314 -0.9975
vn 0.0469 0.1017 -0.9937
vn 0.0235 -0.1491 -0.9885
vn 0.0629 -0.0000 -0.9980
vn 0.3353 -0.3898 -0.8577
vn 0.1483 -0.1015 -0.9837
vn 0.0469 0.1642 -0.9853
vn 0.0157 0.0863 -0.9961
vn -0.0000 0.2518 -0.9678
vn -0.0000 0.2591 -0.9658
vn -0.0000 0.6585 -0.7526
vn 0.0314 0.6665 -0.7449
vn 0.1568 0.5333 -0.8313
vn 0.1254 0.6897 -0.7132
vn 0.0235 0.7224 -0.6910
vn -0.0630 0.6611 -0.7477
vn -0.0000 0.1809 -0.9835
vn -0.0315 0.2756 -0.9607
vn -0.2603 0.6547 -0.7097
vn -0.2750 0.6759 -0.6837
vn -0.0861 0.7199 -0.6887
vn -0.0000 0.6831 -0.7303
vn 0.0079 0.5975 -0.8019
vn 0.0394 0.5830 -0.8115
vn 0.0470 0.6494 -0.7590
vn 0.0627 0.7135 -0.6978
vn -0.0157 0.8781 -0.4782
vn -0.0000 0.9021 -0.4315
vn -0.0000 0.6332 -0.7740
vn -0.0000 0.5475 -0.8368
vn -0.0471 0.9253 -0.3764
vn -0.1496 0.9448 -0.2914
vn -0.0000 0.8730 -0.4876
vn -0.0548 0.8541 -0.5172
vn -0.0944 0.9363 -0.3383
vn 0.0157 0.6991 -0.7148
vn 0.1022 0.5893 -0.8014
vn 0.0473 0.7483 -0.6617
vn -0.0000 0.9354 -0.3537
vn -0.0313 0.7911 -0.6109
vn 0.0079 0.9195 -0.3930
vn -0.0391 0.9160 -0.3993
vn -0.1335 0.9345 -0.3299
vn -0.0393 0.9118 0.4087
vn -0.1650 0.9349 0.3142
vn -0.0000 0.8815 0.4722
vn -0.1495 0.9519 0.2675
vn -0.1640 0.9845 -0.0625
vn -0.2202 0.9673 -0.1258
vn -0.2595 0.8336 -0.4876
vn -0.2510 0.5333 -0.8078
vn -0.1331 0.7985 -0.5871
vn -0.0709 0.9609 -0.2678
vn -0.0157 0.9984 -0.0550
vn -0.1806 0.9815 0.0628
vn -0.2741 0.9554 -0.1097
vn -0.0000 0.9980 0.0629
vn -0.3142 0.8328 -0.4557
vn -0.4179 0.7334 -0.5362
vn -0.2589 0.9021 -0.3452
vn -0.1337 0.9910 -0.0000
vn -0.2985 0.9427 0.1493
vn -0.0393 0.9747 0.2201
vn -0.2590 0.9654 0.0314
vn -0.0315 0.9121 0.4088
vn -0.0000 0.9021 0.4314
vn -0.0312 0.8745 0.4841
vn 0.0313 0.7736 0.6329
vn 0.0157 0.7707 0.6370
vn -0.0079 0.7491 0.6624
vn -0.0000 0.9414 0.3373
vn 0.0627 0.9639 0.2586
vn -0.0785 0.9262 0.3689
vn -0.0079 1.0000 -0.0000
vn 0.0157 0.9999 -0.0000
vn -0.0785 0.9969 -0.0000
vn -0.4690 0.8832 -0.0078
vn -0.4652 0.8358 0.2917
vn -0.2737 0.7741 0.5708
vn -0.1025 0.9064 0.4098
vn -0.3511 0.8582 0.3745
vn -0.3782 0.7959 0.4728
vn -0.4816 0.7105 0.5131
vn -0.4702 0.6583 0.5878
vn -0.4132 0.7718 0.4834
vn -0.2361 0.9049 0.3541
vn -0.4496 0.7258 0.5207
vn -0.5391 0.6719 0.5079
vn -0.7277 0.5634 0.3912
vn -0.8036 0.5699 0.1715
vn -0.8695 0.4935 -0.0235
vn -0.8033 0.5592 -0.2048
vn -0.7170 0.5751 -0.3939
vn -0.4485 0.7160 -0.5350
vn -0.5118 0.6456 -0.5669
vn -0.4255 0.5909 -0.6854
vn -0.1970 0.3546 -0.9140
vn -0.5461 0.4447 -0.7100
vn -0.3697 0.3383 -0.8654
vn -0.0941 0.1726 -0.9805
vn -0.0079 0.1961 -0.9805
vn -0.0630 0.1102 -0.9919
vn -0.0079 0.2203 -0.9754
vn 0.0078 0.3209 -0.9471
vn -0.0785 0.0314 -0.9964
vn -0.0000 0.8019 -0.5975
vn 0.5718 0.5561 -0.6031
vn 0.0861 0.0704 -0.9938
vn 0.7981 -0.0000 -0.6025
vn 0.5772 -0.5616 -0.5928
vn -0.0236 -0.8017 -0.5973
vn 0.0079 -0.8121 -0.5834
vn 0.0236 -0.2829 -0.9589
vn -0.0078 -0.8663 -0.4995
vn -0.0156 -0.4534 -0.8912
vn -0.4533 -0.5159 -0.7269
vn -0.5747 -0.5826 -0.5747
vn -0.5772 -0.0936 -0.8112
vn -0.8210 0.0078 -0.5708
vn -0.5616 0.5850 -0.5851
vn -0.0628 -0.1334 -0.9891
vn -0.2837 -0.1025 -0.9534
vn -0.0472 -0.0000 -0.9989
vn -0.0314 -0.2829 -0.9586
vn -0.0156 -0.6246 -0.7808
vn -0.0078 -0.6953 -0.7187
vn 0.0394 -0.8582 -0.5118
vn -0.0000 -0.8589 -0.5122
vn 0.0469 -0.6018 -0.7972
vn 0.0078 -0.8663 -0.4995
vn 0.3760 -0.8851 -0.2742
vn 0.0314 -0.9830 0.1809
vn 0.0393 -0.9747 0.2201
vn 0.6843 -0.6843 0.2517
vn 0.6953 -0.7032 -0.1484
vn -0.0314 -0.3928 -0.9191
vn -0.2599 -0.5590 -0.7874
vn -0.0789 -0.5047 -0.8597
vn -0.0707 -0.0000 -0.9975
vn -0.0549 -0.0784 -0.9954
vn -0.0314 -0.1885 -0.9816
vn -0.2187 -0.1172 -0.9687
vn -0.2040 -0.1098 -0.9728
vn -0.2188 -0.5627 -0.7972
vn -0.5310 -0.1406 -0.8356
vn -0.4389 -0.5565 -0.7054
vn -0.3626 -0.5439 -0.7567
vn -0.6778 -0.4753 -0.5609
vn -0.6863 -0.4733 -0.5522
vn -0.5773 -0.3745 -0.7256
vn -0.1875 -0.4141 -0.8907
vn 0.5895 -0.7702 -0.2437
vn 0.8104 -0.5665 0.1495
vn 0.7729 -0.3591 0.5231
vn 0.3843 -0.8862 0.2588
vn 0.0235 -0.8988 -0.4377
vn 0.2991 -0.8422 -0.4486
vn 0.0156 -0.7338 -0.6792
vn 0.1482 -0.8582 -0.4915
vn 0.1171 -0.9525 -0.2811
vn 0.8528 -0.5007 0.1486
vn 0.8364 -0.4735 0.2762
vn 0.8347 -0.4368 0.3354
vn 0.2423 -0.9691 0.0469
vn 0.7636 -0.6455 -0.0158
vn -0.0079 -0.9989 0.0472
vn 0.0156 -0.9446 -0.3279
vn 0.1098 -0.9802 -0.1647
vn 0.0938 -0.8516 -0.5157
vn 0.0234 -0.9680 -0.2498
vn 0.0391 -0.8204 -0.5704
vn 0.0630 -0.9927 -0.1024
vn 0.0471 -0.9253 0.3764
vn 0.0391 -0.9294 0.3671
vn 0.4005 -0.8716 0.2827
vn 0.2981 -0.6591 0.6905
vn 0.0235 -0.7450 0.6666
vn 0.0860 -0.8054 0.5865
vn 0.0393 -0.7066 0.7066
vn 0.1096 -0.8294 0.5477
vn 0.1254 -0.9639 0.2351
vn 0.0235 -0.9233 0.3834
vn 0.2344 -0.8517 0.4688
vn 0.2508 -0.9328 0.2587
vn 0.8190 -0.5694 -0.0702
vn 0.7546 -0.4480 -0.4795
vn 0.3368 -0.9321 0.1332
vn 0.0860 -0.7818 0.6176
vn 0.4893 -0.8129 -0.3157
vn 0.7875 -0.5513 -0.2756
vn 0.8585 -0.3465 -0.3780
vn 0.9496 -0.2904 -0.1177
vn 0.8961 -0.4088 -0.1729
vn 0.8036 -0.5909 -0.0709
vn 0.7240 -0.6768 0.1338
vn 0.6873 -0.6951 0.2109
vn 0.2651 -0.9124 -0.3119
vn 0.0864 -0.9902 0.1100
vn 0.1876 -0.9770 -0.1016
vn 0.1806 -0.9815 -0.0628
vn 0.1414 -0.9898 -0.0157
vn -0.0078 -0.9820 0.1885
vn 0.4609 -0.8749 0.1484
vn -0.4139 -0.8981 0.1484
vn 0.5511 -0.8345 -0.0000
vn -0.4783 -0.8782 -0.0079
vn 0.2187 -0.9527 0.2109
vn 0.1173 -0.9931 -0.0078
vn 0.1800 -0.9784 0.1018
vn 0.1259 -0.9913 0.0393
vn -0.0781 -0.4921 -0.8670
vn -0.6362 -0.6283 -0.4477
vn -0.7762 -0.5880 -0.2274
vn -0.8209 -0.5710 -0.0018
vn -0.7521 -0.6268 -0.2037
vn -0.7739 -0.6332 -0.0078
vn -0.5565 -0.8308 -0.0078
vn -0.4925 -0.8443 -0.2111
vn -0.6757 -0.5972 -0.4322
vn -0.1650 -0.3142 -0.9349
vn -0.3531 -0.8632 -0.3610
vn -0.2196 -0.7842 -0.5803
vn -0.7000 -0.0944 -0.7079
vn -0.9223 -0.1340 -0.3626
vn -0.9876 -0.1568 -0.0078
vn -0.8442 -0.3945 -0.3629
vn -0.9125 -0.4090 -0.0078
vn -0.6419 -0.4071 -0.6498
vn -0.3531 -0.1334 -0.9260
vn 0.0078 -0.7187 -0.6953
vn 0.1962 -0.3218 -0.9262
vn 0.1484 -0.6795 -0.7185
vn 0.1720 -0.9463 0.2737
vn 0.0470 -0.9877 0.1489
vn 0.6945 -0.5774 -0.4292
vn 0.3830 -0.8441 -0.3752
vn 0.2280 -0.7626 -0.6054
vn 0.5554 -0.7978 -0.2347
vn 0.7040 -0.0938 -0.7040
vn 0.3600 -0.1330 -0.9234
vn -0.0000 -0.1491 -0.9888
vn -0.3468 -0.3941 -0.8512
vn 0.0078 -0.4062 -0.9138
vn -0.3592 -0.6560 -0.6638
vn -0.6575 -0.6575 -0.3679
vn -0.7071 -0.7071 -0.0078
vn -0.3606 -0.9327 -0.0078
vn -0.0000 -0.9290 -0.3700
vn 0.0078 -0.7032 -0.7110
vn 0.3630 -0.6549 -0.6628
vn 0.3537 -0.3930 -0.8488
vn 0.6473 -0.4026 -0.6473
vn 0.6628 -0.6549 -0.3630
vn 0.3599 -0.8608 -0.3599
vn 0.3673 -0.9301 -0.0078
vn 0.7110 -0.7032 -0.0078
vn 0.9138 -0.4061 -0.0078
vn 0.8464 -0.3919 -0.3605
vn 0.9888 -0.1491 -0.0000
vn 0.9234 -0.1330 -0.3600
vn 0.6247 -0.7808 -0.0078
vn 0.9965 0.0627 -0.0549
vn 0.8528 0.5164 -0.0782
vn 0.9005 0.1018 -0.4228
vn 0.9628 0.0470 -0.2661
vn 0.9290 -0.0000 -0.3700
vn 0.8944 -0.0078 -0.4472
vn 0.9007 -0.2036 -0.3838
vn 0.9326 -0.1646 -0.3213
vn 0.9136 -0.3465 -0.2126
vn 1.0000 0.0079 -0.0000
vn 1.0000 -0.0000 0.0079
vn 0.9992 -0.0000 0.0393
vn 0.5120 0.0236 0.8587
vn 0.4072 -0.0940 0.9085
vn 0.3283 -0.3127 0.8913
vn -0.2349 -0.0470 0.9709
vn 0.0235 -0.5564 0.8306
vn -0.0627 0.0627 0.9961
vn -0.0785 -0.0078 0.9969
vn -0.2033 0.0548 0.9776
vn 0.5050 0.2130 0.8364
vn -0.2813 0.1094 0.9534
vn -0.1173 0.0234 0.9928
vn -0.0703 0.1640 0.9840
vn -0.3509 0.2418 0.9047
vn -0.0470 0.4777 0.8772
vn -0.2888 0.5074 0.8118
vn -0.0312 0.7029 0.7106
vn 0.4995 0.4605 0.7337
vn 0.9998 0.0079 0.0158
vn 0.9995 -0.0079 -0.0315
vn 0.9300 -0.3152 -0.1891
vn 0.9988 0.0472 0.0157
vn 0.5183 0.6125 0.5968
vn -0.3157 0.6788 0.6630
vn -0.2501 0.8676 0.4299
vn -0.0235 0.8082 0.5885
vn -0.1498 0.9773 0.1498
vn 0.4953 0.7862 0.3695
vn 0.5081 0.8521 0.1251
vn 0.9995 -0.0315 -0.0079
vn 0.8897 -0.4566 -0.0000
vn 0.9999 0.0158 -0.0000
vn 0.0626 0.9787 0.1957
vn 0.3353 0.8968 0.2885
vn 0.0629 0.7550 0.6527
vn 0.9149 -0.3441 0.2111
vn 0.9125 -0.4090 -0.0079
vn 0.9920 0.1260 -0.0079
vn 0.8944 -0.0079 -0.4472
vn 0.9135 0.1024 0.3937
vn 0.9051 -0.0079 0.4250
vn 0.9115 -0.1807 0.3694
vn 0.9116 -0.1807 0.3693
vn 0.9369 -0.1718 0.3045
vn 0.9998 -0.0158 0.0158
vn 0.9135 0.1024 0.3938
vn 0.9354 -0.0000 0.3537
vn 0.0315 -0.8810 0.4720
vn 0.4212 -0.1794 0.8891
vn 0.8589 -0.4413 0.2600
vn 0.1405 -0.2420 0.9601
vn 0.3603 -0.0392 0.9320
vn 0.9751 0.1022 0.1966
vn 0.1018 -0.0313 0.9943
vn 0.1885 0.0236 0.9818
vn 0.4368 -0.1794 0.8815
vn 0.3669 0.0468 0.9291
vn 0.4211 -0.1794 0.8891
vn 0.9701 0.2425 -0.0000
vn 0.9658 0.2591 -0.0000
vn 0.6473 0.1794 0.7409
vn 0.9263 0.3768 -0.0007
vn 0.7091 0.6697 0.2206
vn 0.3552 0.6077 0.7103
vn 0.1957 0.1409 0.9705
vn 0.1181 0.0394 0.9922
vn 0.0785 -0.1728 0.9818
vn 0.3670 0.0469 0.9291
vn 0.4247 0.2910 0.8573
vn 0.0468 0.3669 0.9291
vn 0.1562 0.5388 0.8278
vn -0.0079 0.6371 0.7708
vn 0.0787 0.7243 0.6850
vn 0.0156 0.7338 0.6792
vn 0.0468 0.7102 0.7024
vn -0.0546 0.6323 0.7728
vn 0.0943 0.8402 0.5340
vn 0.1338 0.9370 0.3228
vn -0.0629 0.9361 0.3461
vn -0.0624 0.8503 0.5226
vn -0.0079 0.8588 0.5122
vn 0.0157 0.9289 0.3700
vn 0.0630 0.9768 -0.2048
vn 0.0547 0.9604 0.2733
vn 0.0941 0.8857 0.4546
vn 0.1638 0.8268 0.5382
vn -0.0000 0.9518 0.3067
vn -0.0079 0.9438 -0.3303
vn 0.1101 0.8571 -0.5033
vn 0.0067 0.8990 -0.4378
vn 0.1882 0.9333 -0.3059
vn 0.1572 0.8253 -0.5423
vn -0.0078 0.8697 -0.4936
vn -0.0079 0.8730 0.4876
vn -0.0861 0.6966 -0.7123
vn 0.0708 0.7399 -0.6690
vn 0.3365 0.8529 -0.3991
vn 0.0158 0.8643 -0.5028
vn -0.1415 0.5346 -0.8332
vn -0.1569 0.6904 -0.7062
vn 0.0707 0.7618 -0.6440
vn 0.3136 0.9016 -0.2979
vn 0.6429 0.2980 -0.7056
vn -0.1723 0.6268 -0.7599
vn -0.0709 0.7014 0.7093
vn 0.0865 0.7314 0.6764
vn 0.3766 0.8317 0.4080
vn 0.2127 0.7721 0.5988
vn 0.3862 0.5990 0.7015
vn 0.1797 0.6174 0.7659
vn 0.1646 0.2978 0.9403
vn -0.0470 0.4778 0.8772
vn -0.0312 0.7028 0.7107
vn 0.6792 0.2967 0.6714
vn -0.1484 0.5859 0.7967
vn 0.8831 0.1971 -0.4258
vn 0.7787 0.3146 0.5428
vn 0.1018 0.9948 -0.0000
vn -0.1497 0.9773 0.1497
vn 0.5082 0.8521 0.1251
vn -0.1173 0.0235 0.9928
vn 0.5478 -0.7982 0.2504
vn 0.5356 -0.8034 -0.2600
vn -0.4534 -0.5941 -0.6644
vn 0.8111 -0.5615 -0.1637
vn -0.4600 -0.8498 -0.2573
vn 0.8830 -0.4652 0.0631
vn -0.3296 -0.9182 0.2197
vn 0.8362 -0.4611 0.2970
vn 0.9282 -0.3618 0.0865
vn 0.5622 -0.8121 0.1562
vn -0.4678 -0.4444 -0.7640
vn -0.7844 -0.6118 -0.1020
vn -0.7514 -0.6575 0.0548
vn -0.8415 -0.5033 -0.1966
vn -0.8443 -0.4925 -0.2111
vn -0.8461 -0.4858 -0.2194
vn -0.7340 -0.6403 -0.2265
vn -0.6885 -0.5320 -0.4929
vn -0.8754 -0.4259 -0.2287
vn -0.7574 -0.4919 -0.4294
vn 0.5356 -0.8035 -0.2599
vn -0.6112 -0.4623 0.6425
vn -0.2431 -0.3371 0.9095
vn -0.7147 -0.4006 0.5733
vn -0.8720 -0.4635 -0.1571
vn -0.8603 -0.4771 -0.1799
vn -0.7062 -0.6905 -0.1569
vn -0.8231 -0.5095 -0.2508
vn -0.8198 -0.2655 -0.5075
vn -0.9244 -0.1253 -0.3604
vn -0.5465 0.1717 -0.8197
vn -0.7168 0.1654 -0.6774
vn -0.9142 0.1875 -0.3594
vn -0.6700 -0.0473 -0.7409
vn -0.8450 0.0548 -0.5320
vn -0.7183 0.1093 -0.6871
vn -0.5548 -0.0781 -0.8283
vn -0.3858 0.0473 -0.9214
vn -0.2203 -0.1731 -0.9599
vn -0.3691 -0.0707 -0.9267
vn -0.1654 0.0551 -0.9847
vn -0.2274 0.1333 -0.9646
vn -0.5073 0.1795 -0.8429
vn -0.6600 0.2043 -0.7229
vn -0.8098 0.1808 -0.5582
vn -0.9781 0.0704 -0.1956
vn -0.9305 0.2346 -0.2815
vn -0.9003 0.3445 -0.2662
vn -0.9331 0.3371 -0.1255
vn -0.8926 0.4228 -0.1566
vn -0.9378 0.3468 0.0158
vn -0.9895 0.1413 -0.0314
vn -0.9639 0.1959 -0.1802
vn -0.9615 0.2658 0.0703
vn -0.6305 0.5123 -0.5832
vn -0.6632 0.5448 0.5132
vn -0.8223 0.3211 0.4699
vn -0.9646 0.2274 0.1333
vn -0.8485 0.1650 0.5028
vn -0.9249 0.3762 0.0549
vn -0.9223 0.3626 -0.1340
vn -0.8278 0.1892 -0.5282
vn -0.8059 -0.2895 -0.5164
vn -0.6876 -0.6017 -0.4064
vn -0.5007 -0.8605 -0.0939
vn -0.7850 -0.6123 0.0942
vn -0.8481 -0.5261 -0.0628
vn -0.9233 -0.3208 0.2113
vn -0.9918 -0.0781 0.1015
vn -0.9852 0.0704 0.1564
vn -0.7435 0.1878 0.6418
vn -0.6887 0.0861 0.7200
vn -0.6479 0.3122 0.6947
vn -0.5623 0.5232 0.6404
vn -0.7329 0.6147 0.2916
vn -0.7739 0.6332 -0.0078
vn -0.9682 0.2499 -0.0078
vn -0.9007 0.2428 0.3603
vn -0.8907 -0.1484 0.4297
vn -0.6352 0.2039 0.7450
vn -0.5791 -0.0470 0.8139
vn -0.9014 -0.2273 0.3684
vn -0.7779 -0.4243 0.4636
vn -0.7210 -0.5015 0.4781
vn -0.3446 -0.3133 0.8849
vn -0.1648 -0.3609 0.9179
vn 0.7240 -0.6767 0.1338
vn -0.2118 -0.6590 0.7217
vn -0.2661 -0.7984 0.5401
vn -0.0079 -0.9820 0.1886
vn -0.2744 -0.6271 0.7290
vn -0.0944 -0.9672 0.2359
vn -0.3373 -0.7531 0.5648
vn -0.3453 -0.6356 0.6905
vn -0.2348 -0.4932 0.8376
vn -0.1021 -0.9268 0.3613
vn -0.4799 -0.7239 0.4957
vn -0.3289 -0.4778 0.8146
vn -0.2121 -0.8561 0.4713
vn -0.4939 -0.3920 0.7762
vn -0.7030 -0.4452 0.5546
vn -0.9851 -0.1720 -0.0078
vn -0.8944 -0.4472 -0.0079
vn -0.4534 -0.8912 -0.0078
vn -0.2425 -0.9701 -0.0078
vn -0.4315 -0.8787 0.2040
vn -0.4783 -0.8782 -0.0078
vn -0.8975 -0.0000 -0.4409
vn -0.7739 0.0078 -0.6332
vn -0.6145 -0.6540 -0.4412
vn 0.0079 -0.8121 -0.5835
vn 0.0390 -0.8984 -0.4375
vn 0.0078 -0.7739 -0.6332
vn 0.7778 -0.0000 -0.6285
vn 0.6629 -0.6156 -0.4262
vn 0.9052 -0.0000 -0.4250
vn 0.6597 0.6204 -0.4241
vn 0.0314 0.9017 -0.4312
vn -0.0017 0.7778 -0.6285
vn -0.6114 0.6584 -0.4389
vn -0.8976 -0.0000 -0.4409
vn -0.9932 -0.1095 -0.0391
vn -0.7663 0.0391 -0.6412
vn -0.9864 0.1644 -0.0078
vn -0.2435 0.3534 -0.9032
vn -0.3463 0.5667 -0.7476
vn 0.2736 0.9618 -0.0000
vn 0.2981 0.6981 -0.6510
vn 0.5328 0.8462 -0.0000
vn 0.3221 0.7149 0.6206
vn -0.3516 0.5704 0.7423
vn -0.2038 0.3998 0.8937
vn -0.4497 0.7258 0.5206
vn -0.7699 0.0471 0.6364
vn -0.8694 0.4935 -0.0235
vn 0.0157 0.9898 -0.1414
vn 0.2351 0.9720 -0.0000
vn 0.2357 0.8409 -0.4872
vn 0.0157 0.9262 -0.3768
vn 0.9656 -0.2591 0.0236
vn 0.0157 0.7846 -0.6198
vn 0.2358 0.4872 -0.8409
vn 0.9662 -0.2043 0.1572
vn 0.9679 -0.2360 0.0866
vn 0.8600 -0.5082 0.0469
vn 0.8797 -0.4398 0.1807
vn 0.1331 -0.8769 0.4619
vn 0.0782 -0.9068 0.4143
vn 0.0313 -0.8144 0.5795
vn 0.8742 -0.3903 0.2888
vn 0.9662 -0.1571 0.2042
vn 0.0156 0.6111 -0.7914
vn 0.0157 0.3768 -0.9262
vn 0.2352 -0.0000 -0.9720
vn 0.0157 0.1337 -0.9909
vn 0.9672 -0.0944 0.2359
vn 0.8650 -0.2909 0.4089
vn 0.1329 -0.8365 0.5316
vn 0.0785 -0.8160 0.5727
vn 0.0313 -0.8986 0.4376
vn 0.5014 -0.7051 0.5014
vn 0.5408 -0.7524 0.3762
vn 0.0314 -0.8304 0.5562
vn 0.0313 -0.9091 0.4154
vn 0.1256 -0.7615 0.6359
vn 0.8582 -0.2106 0.4681
vn 0.9654 -0.0314 0.2590
vn 0.0157 -0.1337 -0.9909
vn 0.2367 -0.4812 -0.8441
vn 0.0157 -0.3700 -0.9289
vn 0.9654 0.0314 0.2590
vn 0.8801 -0.0550 0.4715
vn 0.1336 -0.0393 0.9903
vn 0.1251 -0.1720 0.9771
vn 0.2119 -0.6752 0.7066
vn 0.4996 -0.7884 0.3590
vn 0.5378 -0.7015 0.4677
vn 0.5869 -0.6651 0.4617
vn 0.5857 -0.7341 0.3436
vn 0.5351 -0.7005 0.4722
vn 0.0078 -0.8519 0.5236
vn 0.0078 -0.9095 0.4156
vn 0.0236 -0.9260 0.3767
vn -0.0625 -0.8132 0.5786
vn 0.0549 -0.8931 0.4466
vn 0.0313 -0.8207 0.5706
vn 0.5392 -0.7579 0.3673
vn 0.0471 -0.8634 0.5023
vn 0.5204 -0.5756 0.6308
vn 0.2036 -0.2741 0.9399
vn 0.5153 -0.2498 0.8198
vn 0.0157 -0.3067 0.9517
vn 0.0235 -0.6500 0.7596
vn 0.0157 -0.7302 0.6831
vn 0.9148 0.2523 0.3154
vn 0.0940 -0.8776 0.4701
vn 0.0863 -0.9883 -0.1255
vn -0.1257 -0.9896 -0.0707
vn -0.1253 -0.9784 -0.1644
vn -0.2578 -0.9608 -0.1015
vn -0.3992 -0.8922 0.2113
vn -0.5087 -0.8451 -0.1644
vn -0.6062 -0.7952 -0.0079
vn -0.1720 -0.9851 -0.0078
vn -0.1175 -0.9870 -0.1097
vn -0.1096 -0.9234 -0.3678
vn -0.1022 -0.8488 0.5187
vn -0.0235 -0.2036 0.9788
vn -0.0707 -0.5259 0.8476
vn -0.0548 -0.3368 0.9400
vn -0.0079 0.0393 0.9992
vn 0.0158 0.0079 0.9998
vn 0.5353 0.0630 0.8423
vn 0.5010 0.0861 0.8611
vn 0.5875 -0.0627 0.8068
vn 0.0157 -0.0941 0.9954
vn -0.0078 -0.0941 0.9955
vn -0.7225 -0.0235 0.6910
vn -0.5706 0.1172 0.8128
vn -0.4070 -0.2818 0.8689
vn -0.3927 0.0393 0.9188
vn 0.0393 0.1884 0.9813
vn -0.1098 -0.8625 0.4940
vn 0.0709 -0.9850 -0.1576
vn 0.1566 -0.9787 -0.1331
vn 0.0707 -0.9975 -0.0078
vn 0.3210 -0.9471 -0.0078
vn -0.0078 -0.9999 -0.0079
vn -0.2515 -0.8880 0.3851
vn 0.0157 0.1491 0.9887
vn 0.0157 -0.1491 0.9887
vn 0.1257 0.9269 0.3535
vn 0.0236 0.9193 0.3929
vn -0.5881 0.1646 0.7919
vn -0.5737 -0.3537 0.7387
vn -0.0942 0.3219 0.9421
vn 0.2032 -0.0703 0.9766
vn 0.9124 0.4090 0.0157
vn 0.1652 -0.5270 0.8336
vn -0.1806 -0.4241 0.8874
vn 0.1336 -0.2199 0.9663
vn 0.2898 0.0548 0.9555
vn 0.0861 -0.0704 0.9938
vn -0.6838 -0.2751 0.6759
vn -0.1021 -0.9106 0.4004
vn 0.0236 -0.9997 -0.0079
vn 0.0157 -0.8642 0.5028
vn -0.1095 -0.4694 0.8762
vn 0.0157 -0.5028 0.8642
vn -0.0157 -0.0079 0.9998
vn -0.4685 -0.0469 0.8822
vn -0.0078 -0.1250 0.9921
vn 0.3054 0.0940 0.9476
vn 0.1253 0.2036 0.9710
vn -0.1809 0.0314 0.9830
vn -0.6112 -0.0078 0.7914
vn 0.4861 -0.1411 0.8624
vn -0.3532 0.0549 0.9339
vn -0.3367 -0.0626 0.9395
vn 0.4069 0.1565 0.9000
vn -0.3758 0.2192 0.9004
vn -0.6085 0.3979 0.6866
vn -0.1802 0.5014 0.8462
vn 0.1410 0.5013 0.8537
vn 0.1176 0.2666 0.9566
vn -0.0391 0.5083 0.8603
vn 0.0393 0.6058 0.7946
vn -0.0234 0.8746 0.4842
vn 0.0314 0.8940 0.4470
vn 0.1716 0.8582 0.4837
vn -0.1735 0.8594 0.4810
vn -0.6085 0.6866 0.3979
vn 0.4794 0.6838 0.5501
vn -0.4069 0.6652 0.6260
vn -0.5944 0.1877 0.7820
vn -0.5789 -0.1252 0.8058
vn -0.6785 0.0468 0.7331
vn -0.0078 0.1018 0.9948
vn -0.0079 -0.0315 0.9995
vn -0.0079 0.3373 0.9414
vn -0.5952 0.5874 0.5483
vn -0.5770 0.7641 0.2885
vn -0.3515 0.8358 0.4218
vn 0.4021 0.8595 0.3154
vn -0.3357 0.7885 0.5153
vn -0.3708 0.8915 0.2604
vn -0.6063 0.7953 -0.0000
vn -0.1733 0.9849 -0.0000
vn 0.0236 0.9997 -0.0000
vn 0.0941 0.9956 -0.0000
vn 0.1728 0.8561 -0.4870
vn -0.1733 0.8507 -0.4962
vn -0.6055 0.6920 -0.3932
vn 0.4771 0.8213 -0.3129
vn -0.4060 0.8745 -0.2654
vn -0.5916 0.7731 0.2288
vn -0.5751 0.6381 0.5120
vn -0.6796 0.6561 0.3281
vn -0.7173 0.5926 0.3665
vn -0.0078 0.8832 0.4689
vn -0.0000 0.6540 0.7565
vn 0.0157 0.3138 0.9493
vn 0.0156 0.6792 0.7338
vn 0.0079 0.8697 0.4936
vn -0.0000 0.8185 0.5745
vn -0.0000 0.9125 0.4091
vn -0.0078 0.8519 0.5237
vn -0.0000 0.9849 0.1734
vn -0.5916 0.7731 -0.2287
vn -0.5727 0.6355 -0.5178
vn -0.3461 0.7866 -0.5113
vn 0.3988 0.7115 -0.5786
vn -0.3355 0.8426 -0.4213
vn -0.7184 0.6158 -0.3237
vn -0.0000 0.8498 -0.5272
vn -0.0000 0.9835 -0.1810
vn 0.0078 0.9790 0.2036
vn 0.0156 0.8662 0.4995
vn 0.0079 0.9125 0.4091
vn 0.0079 0.8185 0.5745
vn 0.5838 0.6706 0.4576
vn 0.5821 0.7394 0.3383
vn 0.5322 0.7044 0.4696
vn 0.5164 0.8372 0.1800
vn 0.0078 0.9774 -0.2111
vn 0.0079 0.8643 -0.5029
vn -0.0000 0.9096 -0.4156
vn -0.6782 0.6151 -0.4022
vn -0.5752 0.7643 -0.2915
vn -0.3696 0.6764 -0.6371
vn -0.6069 0.4019 -0.6857
vn -0.1728 0.4870 -0.8561
vn -0.6062 0.0079 -0.7952
vn 0.1338 0.4959 -0.8580
vn -0.1720 0.0234 -0.9848
vn 0.0391 0.6020 -0.7975
vn 0.0315 0.8892 -0.4564
vn -0.0158 0.8729 -0.4876
vn -0.0393 0.5025 -0.8637
vn 0.1101 0.2595 -0.9594
vn 0.1176 0.2038 -0.9719
vn 0.1255 -0.1961 -0.9725
vn 0.3056 0.0862 -0.9482
vn 0.2900 0.0314 -0.9565
vn -0.4686 -0.0391 -0.8826
vn -0.0078 -0.1250 -0.9921
vn -0.0157 -0.0000 -0.9999
vn -0.1326 -0.4680 -0.8737
vn 0.0156 -0.4994 -0.8662
vn -0.1095 -0.9070 -0.4066
vn -0.0079 -0.9999 -0.0079
vn -0.6793 -0.2577 -0.6871
vn -0.2424 -0.8913 -0.3831
vn 0.0781 -0.9846 0.1563
vn 0.3209 -0.9471 -0.0078
vn 0.1567 -0.9797 0.1254
vn 0.0707 -0.9975 -0.0079
vn -0.1256 -0.9890 0.0785
vn -0.1094 -0.9140 0.3906
vn -0.1018 -0.8769 -0.4697
vn 0.0314 -0.0862 -0.9958
vn 0.1259 -0.0236 -0.9918
vn 0.9173 0.3920 -0.0705
vn 0.1575 -0.5277 -0.8347
vn -0.1571 -0.4163 -0.8955
vn -0.5319 -0.3598 -0.7666
vn -0.5997 0.1736 -0.7812
vn -0.1096 0.1723 -0.9789
vn 0.1880 0.0783 -0.9790
vn 0.1024 0.9295 -0.3544
vn 0.0235 0.9093 -0.4155
vn -0.3827 -0.2734 -0.8825
vn 0.4801 0.1417 -0.8657
vn 0.4013 -0.1416 -0.9049
vn -0.3297 0.0628 -0.9420
vn -0.3465 -0.0393 -0.9372
vn -0.4020 0.2128 -0.8906
vn -0.5902 0.5902 -0.5508
vn -0.5935 0.1952 -0.7808
vn -0.5742 -0.1180 -0.8102
vn -0.7184 0.0312 -0.6949
vn -0.6787 -0.0390 -0.7334
vn -0.5658 0.1100 -0.8172
vn -0.0471 -0.3300 -0.9428
vn -0.0550 -0.5264 -0.8485
vn -0.0000 -0.2127 -0.9771
vn 0.0235 0.1095 -0.9937
vn -0.0705 -0.7827 -0.6184
vn 0.1329 -0.8600 -0.4926
vn -0.1254 -0.9796 0.1567
vn 0.0079 -0.7565 -0.6540
vn 0.0079 -0.6456 -0.7637
vn 0.0156 -0.3044 -0.9524
vn -0.0000 -0.0863 -0.9963
vn -0.0000 0.0941 -0.9956
vn -0.0000 0.3304 -0.9438
vn -0.0000 0.6501 -0.7598
vn -0.0000 0.8815 -0.4722
vn 0.0079 0.6750 -0.7378
vn 0.0078 0.3068 -0.9518
vn 0.0079 -0.0000 -1.0000
vn 0.0078 0.0941 -0.9955
vn 0.0079 -0.0863 -0.9962
vn 0.5186 -0.2514 -0.8172
vn 0.0391 -0.8603 -0.5083
vn 0.5122 -0.5832 -0.6305
vn 0.2041 -0.2669 -0.9419
vn 0.5318 0.0626 -0.8446
vn 0.5786 -0.0625 -0.8132
vn 0.5823 0.0630 -0.8105
vn 0.5095 0.2509 -0.8231
vn 0.5320 -0.0548 -0.8450
vn 0.5358 0.0473 -0.8430
vn 0.4957 -0.0708 -0.8656
vn 0.1961 0.2745 -0.9414
vn 0.5155 0.5780 -0.6327
vn 0.2044 0.6763 -0.7077
vn 0.0078 0.8697 -0.4936
vn -0.0000 0.8148 -0.5797
vn 0.0079 0.9095 -0.4157
vn 0.0078 0.8148 -0.5797
vn 0.5805 0.7374 -0.3452
vn 0.5817 0.6682 -0.4638
vn 0.5336 0.7611 -0.3688
vn 0.4937 0.7914 -0.3605
vn 0.5322 0.7044 -0.4696
vn 0.5352 0.7556 -0.3778
vn 0.0235 0.8306 -0.5564
vn 0.1174 0.1721 -0.9781
vn 0.1179 0.7622 -0.6365
vn 0.1252 0.8373 -0.5321
vn 0.0707 0.8164 -0.5731
vn 0.0236 0.8973 -0.4408
vn 0.4955 0.7079 -0.5034
vn 0.5332 0.6978 -0.4783
vn 0.5091 0.8381 -0.1958
vn 0.2049 0.9536 0.2207
vn 0.1966 0.9517 -0.2359
vn 0.0235 0.8146 -0.5796
vn 0.0709 0.9059 -0.4175
vn 0.8724 0.3930 -0.2908
vn 0.8581 0.2992 -0.4173
vn 0.8561 0.2121 -0.4713
vn 0.9646 0.1023 -0.2430
vn 0.9634 0.1641 -0.2118
vn 0.9647 0.2117 -0.1569
vn 0.8735 0.4486 -0.1889
vn 0.1254 0.8778 -0.4624
vn 0.1177 0.9339 -0.3375
vn 0.8579 0.5116 -0.0472
vn 0.9628 0.2505 -0.1017
vn 0.0235 -0.7845 0.6197
vn 0.0235 -0.6111 0.7912
vn 0.0236 -0.3767 0.9260
vn 0.2431 -0.4863 0.8393
vn 0.2425 0.0078 0.9701
vn 0.2431 -0.8393 0.4863
vn 0.0235 -0.9260 0.3767
vn 0.9634 0.2663 -0.0313
vn 0.0235 -0.9897 0.1414
vn 0.9634 0.2663 0.0314
vn 0.8600 0.5082 0.0469
vn 0.1181 0.9364 0.3305
vn 0.1258 0.8809 0.4562
vn 0.0236 0.8183 0.5744
vn 0.4979 0.7113 0.4962
vn 0.5335 0.7611 0.3688
vn 0.0235 0.9019 0.4314
vn 0.0782 0.9068 0.4143
vn 0.8748 0.4492 0.1813
vn 0.0236 -0.9897 -0.1414
vn 0.9653 0.2434 0.0942
vn 0.2425 -0.9701 -0.0078
vn 0.0235 -0.9233 -0.3834
vn 0.9646 0.2118 0.1569
vn 0.8789 0.3845 0.2825
vn 0.0710 0.8201 0.5678
vn 0.0236 0.8342 0.5509
vn 0.5361 0.7096 0.4573
vn 0.4950 0.7936 0.3536
vn 0.0236 0.9123 0.4089
vn 0.1257 0.8408 0.5265
vn 0.8581 0.2992 0.4173
vn 0.1178 0.7622 0.6365
vn 0.1969 0.6853 0.7011
vn 0.5351 0.7633 0.3620
vn 0.5124 0.5912 0.6228
vn 0.2107 0.2809 0.9363
vn 0.1249 0.1796 0.9758
vn 0.9662 0.1571 0.2042
vn 0.8644 0.2122 0.4558
vn 0.0313 -0.0940 0.9951
vn 0.1335 0.0471 0.9899
vn 0.0781 0.1015 0.9918
vn 0.8765 0.0626 0.4773
vn 0.9646 0.1019 0.2431
vn 0.0158 -0.6150 -0.7884
vn 0.0158 -0.7884 -0.6150
vn 0.2422 -0.8361 -0.4923
vn 0.0782 -0.0938 0.9925
vn 0.0313 0.1018 0.9943
vn 0.0314 -0.0707 0.9970
vn 0.0314 0.0784 0.9964
vn 0.5414 -0.0471 0.8395
vn 0.5820 0.0708 0.8101
vn 0.5355 0.0552 0.8427
vn 0.5014 -0.0784 0.8617
vn 0.5355 -0.0551 0.8427
vn 0.0156 0.1018 0.9947
vn 0.0157 0.0079 0.9998
vn 0.5209 0.2605 0.8129
vn 1.0000 0.0001 -0.0003
vn 0.2366 -0.4812 -0.8441
vn 0.2351 -0.0000 -0.9720
vn 0.2422 0.4923 0.8361
vn 0.2357 0.4872 -0.8409
vn 0.2366 0.8441 0.4812
vn 0.2352 0.9720 -0.0000
vn -0.0000 1.0000 -0.0000
vn 0.9290 -0.3701 -0.0000
vn 0.8571 -0.4403 -0.2673
vn 0.0314 -0.8778 -0.4781
vn 0.7785 -0.6055 0.1651
vn 0.5459 -0.7643 0.3432
vn 0.6968 -0.5794 0.4228
vn 0.5564 -0.7993 0.2272
vn 0.9260 -0.1334 0.3532
vn 0.8488 -0.3930 0.3537
vn 0.6498 -0.4071 0.6419
vn 0.6638 -0.6560 0.3592
vn 0.3609 -0.8632 0.3531
vn 0.3679 -0.6575 0.6575
vn 0.0078 -0.9301 0.3673
vn -0.3517 -0.8675 0.3517
vn -0.3611 -0.6594 0.6594
vn -0.6594 -0.6594 0.3611
vn -0.7071 -0.7071 -0.0079
vn -0.9125 -0.4090 -0.0079
vn -0.8438 -0.3985 0.3594
vn -0.6452 -0.4091 0.6452
vn -0.9224 -0.1407 0.3596
vn -0.4933 -0.8457 0.2036
vn -0.7034 -0.1016 0.7034
vn -0.3596 -0.1407 0.9224
vn -0.3526 -0.3996 0.8462
vn 0.0079 -0.4090 0.9125
vn 0.0079 -0.7071 0.7071
vn 0.3594 -0.3985 0.8438
vn 0.0078 -0.1568 0.9876
vn 0.0079 -0.7226 0.6912
vn -0.2192 -0.7907 0.5716
vn -0.3516 -0.8675 0.3518
vn -0.1722 -0.3209 0.9313
vn -0.6823 -0.5960 0.4235
vn -0.7533 -0.6278 0.1962
vn -0.8210 -0.5708 -0.0078
vn -0.7776 -0.5891 0.2200
vn -0.6384 -0.6305 0.4414
vn 0.1799 -0.9776 -0.1095
vn 0.2128 -0.9536 -0.2128
vn 0.1807 -0.9820 0.0550
vn 0.4603 -0.8739 -0.1561
vn 0.1258 -0.9909 -0.0472
vn -0.0786 -0.4955 0.8651
vn 0.2032 -0.3283 0.9225
vn 0.2340 -0.7645 0.6007
vn 0.3626 -0.1340 0.9223
vn 0.7079 -0.0944 0.7000
vn 0.3841 -0.8466 0.3684
vn 0.1492 -0.6833 0.7147
vn -0.0079 -0.9888 0.1491
vn -0.1173 -0.8989 0.4221
vn 0.0936 -0.6085 -0.7880
vn 0.0548 -0.9862 0.1565
vn 0.1014 -0.8737 0.4758
vn 0.0940 -0.9085 0.4073
vn 0.0781 -0.4768 -0.8755
vn -0.0861 -0.9784 0.1878
vn 0.0157 -0.5510 -0.8344
vn 0.0468 -0.6240 -0.7800
vn 0.5818 -0.7625 -0.2830
vn 0.3222 -0.3064 -0.8957
vn 0.6547 -0.7179 -0.2367
vn 0.9125 -0.4090 0.0079
vn 0.9801 -0.1960 0.0314
vn 0.9969 0.0628 0.0471
vn 0.9770 -0.2127 -0.0158
vn 0.8533 0.5167 0.0704
vn 0.9952 0.0862 -0.0470
vn 0.8692 0.4855 -0.0940
vn 0.9768 -0.2127 0.0236
vn 0.8984 -0.4375 -0.0391
vn 0.9764 -0.2109 -0.0469
vn 0.3136 -0.2979 0.9016
vn 0.0078 -0.6417 0.7669
vn 0.4384 -0.7124 0.5480
vn 0.5328 -0.8462 0.0078
vn 0.6481 -0.7340 0.2030
vn 0.9761 -0.2030 0.0781
vn 0.9638 -0.2429 -0.1097
vn 0.5998 -0.7734 -0.2052
vn 0.6081 -0.7562 0.2417
vn -0.4465 -0.8225 0.3525
vn -0.1096 -0.9554 -0.2741
vn 0.0236 -0.9589 0.2829
vn 0.0624 -0.8503 -0.5227
vn 0.0939 -0.9312 0.3522
vn 0.2276 -0.6356 0.7377
vn 0.4136 -0.6477 -0.6399
vn 0.4723 -0.2598 0.8423
vn 0.0625 -0.9845 -0.1641
vn 0.7057 -0.2979 -0.6429
vn 0.3689 -0.7063 0.6043
vn 0.2992 -0.5826 -0.7557
vn -0.2502 -0.6567 0.7114
vn -0.1728 -0.5500 -0.8171
vn -0.2517 -0.3225 -0.9125
vn -0.3383 -0.5507 0.7631
vn 0.1256 -0.5023 0.8555
vn 0.2276 -0.6357 0.7377
vn 0.0078 -0.8944 0.4472
vn -0.0470 -0.9559 0.2899
vn -0.0705 -0.9471 -0.3131
vn 0.0787 -0.8737 -0.4801
vn -0.0468 -0.9056 -0.4215
vn -0.0469 -0.9691 0.2423
vn -0.0625 -0.9078 0.4148
vn 0.0785 -0.5728 0.8160
vn -0.0314 -0.6196 0.7843
vn -0.0784 -0.9410 0.3293
vn 0.0079 0.0393 0.9992
vn -0.0079 -0.3303 0.9438
vn 0.0943 -0.9275 0.3616
vn 0.0157 -0.2830 0.9590
vn 0.0157 0.0785 0.9968
vn 0.0312 -0.7736 0.6329
vn 0.0472 -0.7556 0.6533
vn 0.1099 -0.8794 0.4633
vn -0.1094 -0.8678 0.4847
vn -0.0625 -0.9217 0.3828
vn -0.0707 -0.9747 -0.2122
vn 0.0628 -0.9815 -0.1806
vn 0.1885 -0.9820 -0.0079
vn 0.1405 -0.9601 -0.2420
vn 0.1413 -0.8791 0.4552
vn 0.0469 -0.8600 0.5082
vn 0.0627 -0.9801 -0.1882
vn 0.0703 -0.9766 -0.2032
vn 0.0549 -0.8630 0.5021
vn 0.1415 -0.9276 0.3459
vn 0.3452 -0.7374 0.5805
vn 0.2034 -0.9466 0.2503
vn 0.0706 -0.9810 0.1805
vn 0.0787 -0.9126 0.4012
vn 0.0078 -0.7669 0.6417
vn -0.0547 -0.8136 0.5789
vn 0.2514 -0.9426 0.2199
vn -0.0548 -0.9791 0.1958
vn 0.0078 -0.9790 0.2036
vn -0.0473 -0.9530 -0.2993
vn 0.4148 -0.9001 0.1331
vn 0.2604 -0.8915 -0.3708
vn 0.0703 -0.9923 0.1016
vn 0.0392 -0.8241 0.5651
vn 0.0157 -0.7377 0.6749
vn 0.0235 -0.9019 0.4313
vn 0.0392 -0.9730 -0.2276
vn 0.0314 -0.9816 -0.1885
vn -0.0079 -0.8609 0.5087
vn -0.0078 -0.6992 0.7149
vn -0.0078 -0.8697 0.4936
vn 0.0314 -0.2901 0.9565
vn -0.0156 -0.4534 0.8912
vn 0.3375 -0.3925 0.8556
vn -0.0312 -0.8043 0.5934
vn 0.0707 -0.0078 0.9975
vn 0.0709 0.2047 0.9763
vn 0.0157 0.1018 0.9947
vn 0.2509 -0.4547 0.8546
vn 0.2588 -0.4784 0.8391
vn 0.1566 -0.4386 0.8849
vn 0.3613 -0.5026 0.7854
vn 0.3232 0.1735 0.9303
vn -0.0078 0.3209 0.9471
vn 0.0703 -0.1016 0.9923
vn 0.0235 -0.3834 0.9233
vn 0.0939 -0.9312 0.3521
vn 0.1489 -0.4074 0.9010
vn 0.3201 0.1405 0.9369
vn 0.1644 0.0156 0.9863
vn 0.1098 0.1098 0.9879
vn 0.2826 0.0549 0.9577
vn 0.1891 0.2916 0.9377
vn 0.2275 0.0471 0.9726
vn 0.7106 0.1093 0.6950
vn 0.3372 0.0314 0.9409
vn -0.1096 -0.0157 0.9939
vn 0.0157 0.1961 0.9805
vn 0.1413 -0.0314 0.9895
vn 0.0784 0.0549 0.9954
vn 0.0706 0.0471 0.9964
vn 0.0706 -0.0393 0.9967
vn 0.0313 -0.1567 0.9871
vn 0.0547 0.1094 0.9925
vn 0.0236 0.0629 0.9977
vn 0.2036 -0.0235 0.9788
vn 0.0785 0.0157 0.9968
vn -0.1257 0.0629 0.9901
vn -0.1807 0.1336 0.9744
vn -0.5478 0.2504 0.7983
vn 0.3201 0.0703 0.9448
vn 0.1649 0.1571 0.9737
vn 0.2128 0.3231 0.9221
vn 0.0471 0.3064 0.9507
vn -0.0000 0.2518 0.9678
vn 0.0235 0.0941 0.9953
vn 0.0546 0.1718 0.9836
vn 0.1495 -0.1023 0.9835
vn 0.8019 -0.0000 0.5975
vn 0.0938 0.0781 0.9925
vn 0.0156 0.3279 0.9446
vn 0.5745 0.5588 0.5981
vn 0.0078 0.8046 0.5937
vn -0.0862 0.0392 0.9955
vn -0.5642 0.5877 0.5799
vn -0.5809 -0.0942 0.8085
vn -0.8247 0.0078 0.5655
vn -0.5773 -0.5851 0.5695
vn -0.4559 -0.5188 0.7232
vn 0.0157 -0.8147 0.5797
vn 0.5799 -0.5642 0.5877
vn -0.0392 -0.2900 0.9562
vn -0.0550 0.0078 0.9985
vn -0.2906 -0.1100 0.9505
vn -0.0705 -0.1411 0.9875
vn -0.0708 0.1179 0.9905
vn -0.0157 0.2277 0.9736
vn 0.0079 0.1886 0.9820
vn 0.0078 0.2664 0.9638
vn -0.0000 0.6624 0.7491
vn 0.0315 0.6704 0.7414
vn 0.0312 0.7260 0.6870
vn 0.1638 0.5382 0.8268
vn 0.1261 0.6935 0.7093
vn -0.2127 0.5200 0.8273
vn -0.1498 0.2602 0.9539
vn -0.3048 0.2658 0.9146
vn 0.3590 0.0937 0.9286
vn 0.2108 0.0546 0.9760
vn -0.0705 0.0783 0.9944
vn 0.1881 0.1411 0.9720
vn -0.1102 0.0708 0.9914
vn -0.2271 0.0705 0.9713
vn -0.1099 0.0942 0.9895
vn 0.1642 0.0469 0.9853
vn -0.0315 0.0236 0.9992
vn 0.1801 0.1566 0.9711
vn -0.0315 -0.0158 0.9994
vn -0.1485 -0.0860 0.9852
vn 0.3986 -0.0703 0.9144
vn -0.3927 0.1257 0.9110
vn -0.0706 0.1805 0.9810
vn -0.3838 0.2350 0.8930
vn 0.5050 0.2128 0.8365
vn 1.0000 -0.0000 -0.0079
vn 0.9999 -0.0000 0.0158
vn 0.9663 0.0550 -0.2514
vn 0.9106 0.1021 -0.4004
vn 0.9327 -0.0000 -0.3605
vn 0.9372 -0.1654 -0.3071
vn 0.9998 0.0157 0.0157
vn 0.4996 0.4605 0.7337
vn -0.3203 0.5000 0.8046
vn -0.0548 0.4776 0.8769
vn -0.2808 0.6864 0.6708
vn 0.9996 -0.0158 -0.0236
vn 0.9217 -0.3387 -0.1891
vn 0.9989 0.0472 0.0079
vn -0.2574 0.8658 0.4290
vn -0.0234 0.6951 0.7186
vn 0.1951 0.4292 0.8819
vn 0.1735 0.6389 0.7494
vn 0.2052 0.7734 0.5998
vn -0.0156 0.8271 0.5618
vn -0.1952 0.9682 0.1562
vn 0.5023 0.8555 0.1256
vn 0.9997 -0.0236 -0.0079
vn 0.9134 -0.3435 -0.2186
vn 0.9089 -0.1802 -0.3761
vn 0.9021 -0.0078 -0.4315
vn 0.3852 0.6446 0.6604
vn 0.4019 0.5043 0.7643
vn 0.3667 0.2731 0.8894
vn -0.2895 0.5164 0.8059
vn -0.2808 0.6708 0.6864
vn -0.1578 0.6943 0.7022
vn -0.1486 0.5395 0.8288
vn 0.0234 0.8661 0.4994
vn 0.1022 0.5893 0.8014
vn 0.0472 0.6533 0.7556
vn 0.0234 0.7030 0.7108
vn 0.0548 0.7515 0.6575
vn 0.1887 0.9355 0.2987
vn -0.0000 0.9379 0.3468
vn -0.1015 0.9365 0.3356
vn 0.0631 0.7174 0.6938
vn 0.0471 0.5880 0.8075
vn -0.0157 0.8814 0.4721
vn -0.0315 0.7949 0.6060
vn -0.0551 0.8576 0.5114
vn 0.0078 0.9021 0.4314
vn 0.1171 0.8584 0.4995
vn 0.3375 0.8556 0.3925
vn 0.0782 0.7429 0.6648
vn -0.0156 0.9446 0.3279
vn 0.0079 0.9223 0.3863
vn -0.0393 0.9188 0.3927
vn -0.0000 0.8782 0.4783
vn -0.0000 0.9052 0.4250
vn 0.0157 0.6024 0.7980
vn 0.0078 0.6873 0.7263
vn -0.0000 0.6371 0.7708
vn -0.0472 0.9280 0.3696
vn -0.1488 0.9478 0.2820
vn -0.1339 0.9369 0.3228
vn -0.0392 0.9089 -0.4153
vn 0.0472 0.9602 -0.2755
vn -0.0000 0.9495 -0.3139
vn -0.0866 0.7005 0.7084
vn 0.1572 0.8253 -0.5424
vn 0.0944 0.8808 -0.4640
vn -0.0078 0.8554 -0.5179
vn 0.1335 0.9345 -0.3298
vn -0.0550 0.8485 -0.5264
vn -0.0628 0.9335 -0.3530
vn 0.0079 0.7303 -0.6831
vn -0.0236 0.8728 -0.4875
vn -0.0000 0.8782 -0.4783
vn -0.1646 0.9326 -0.3213
vn -0.1491 0.9499 -0.2747
vn -0.0000 0.8991 -0.4378
vn 0.0236 0.7706 -0.6369
vn 0.0783 0.7204 -0.6891
vn 0.0393 0.7066 -0.7065
vn 0.0938 0.8367 -0.5395
vn -0.0078 0.6332 -0.7739
vn 0.3532 0.6043 -0.7142
vn 0.0626 0.9620 -0.2659
vn -0.0000 0.9389 -0.3442
vn 0.0157 0.7668 -0.6416
vn -0.0314 0.9091 -0.4154
vn -0.0079 0.7452 -0.6668
vn -0.0783 0.9235 -0.3756
vn 0.0158 0.9999 -0.0000
vn 0.7078 0.6685 -0.2281
vn 0.9263 0.3768 -0.0000
vn 0.6436 0.1727 -0.7456
vn 0.9736 0.1021 -0.2042
vn 0.9701 0.2426 -0.0000
vn 0.8571 -0.4404 -0.2673
vn 0.4153 -0.1724 -0.8932
vn 0.1331 -0.2348 -0.9629
vn 0.0782 -0.4768 -0.8755
vn 0.3535 -0.0314 -0.9349
vn 0.1883 0.1334 -0.9730
vn 0.1492 0.5339 -0.8323
vn 0.0392 0.3603 -0.9320
vn 0.1181 0.0393 -0.9922
vn 0.0708 -0.1653 -0.9837
vn 0.0940 -0.0235 -0.9953
vn 0.4311 -0.1724 -0.8857
vn 0.3603 0.0392 -0.9320
vn 0.4247 0.2910 -0.8573
vn -0.0471 0.6278 -0.7769
vn 0.3841 0.5957 -0.7054
vn 0.3754 0.8290 -0.4145
vn 0.2117 0.7685 -0.6038
vn 0.0861 0.7276 -0.6806
vn 0.0626 0.7511 -0.6572
vn -0.0705 0.6974 -0.7132
vn -0.1734 0.6305 0.7566
vn -0.1414 0.5814 -0.8013
vn 0.6765 0.2911 -0.6765
vn 0.3307 0.8976 -0.2913
vn -0.0236 0.8017 -0.5973
vn -0.0235 0.6990 -0.7147
vn 0.1730 0.6134 -0.7706
vn 0.1573 0.2910 -0.9437
vn 0.1809 0.0157 -0.9834
vn -0.1096 0.0157 -0.9939
vn -0.0626 0.1564 -0.9857
vn -0.0393 0.4719 -0.8808
vn -0.3447 0.2350 -0.9088
vn -0.2828 0.5027 -0.8169
vn -0.3141 0.6752 -0.6674
vn -0.2444 0.8673 -0.4337
vn -0.1496 0.9761 -0.1574
vn 0.3143 0.9037 0.2907
vn 0.0706 0.9810 0.1805
vn 0.5111 0.8491 -0.1337
vn 0.5159 0.6097 -0.6018
vn 0.4954 0.4561 -0.7392
vn 0.5017 0.2133 -0.8384
vn -0.2813 0.1094 -0.9534
vn -0.1959 0.0470 -0.9795
vn 0.5086 0.0235 -0.8607
vn 0.9997 0.0079 -0.0236
vn 0.9997 -0.0079 0.0236
vn 0.9986 0.0472 -0.0236
vn 0.9995 -0.0315 -0.0000
vn 0.0780 0.7646 0.6398
vn 0.6465 0.2996 0.7017
vn 0.8834 0.2033 0.4221
vn 0.7754 0.3133 -0.5483
vn 0.9349 -0.1650 0.3142
vn 0.9287 -0.3200 0.1873
vn 0.9125 -0.4090 -0.0000
vn 0.9124 -0.3509 0.2106
vn 0.9034 -0.2043 0.3771
vn 0.9327 -0.0000 0.3605
vn 0.8975 -0.0079 0.4409
vn 0.9034 0.1021 0.4164
vn 0.9648 0.0471 0.2588
vn 0.9999 -0.0000 -0.0157
vn 0.4010 -0.0865 -0.9120
vn 0.8533 0.5167 0.0705
vn 0.9920 0.1260 -0.0000
vn 0.9107 0.1021 -0.4004
vn -0.2276 -0.0392 -0.9730
vn -0.0550 0.0550 -0.9970
vn 0.0157 -0.5510 -0.8343
vn -0.4134 -0.8971 -0.1560
vn -0.0078 -0.9806 -0.1961
vn 0.1414 -0.9899 0.0078
vn 0.2422 -0.9687 -0.0547
vn 0.2658 -0.9146 0.3049
vn 0.1877 -0.9777 0.0939
vn 0.0864 -0.9893 -0.1177
vn 0.0787 -0.7792 -0.6218
vn 0.4922 -0.8125 0.3125
vn 0.7232 -0.6760 -0.1415
vn 0.7892 -0.5524 0.2683
vn 0.6862 -0.6939 -0.2183
vn 0.8041 -0.5912 0.0631
vn 0.5467 -0.7966 -0.2578
vn 0.5378 -0.8029 0.2572
vn 0.8973 -0.4093 0.1653
vn -0.4558 -0.5971 0.6601
vn 0.8582 -0.3511 0.3745
vn 0.7574 -0.4497 0.4734
vn 0.3364 -0.9311 -0.1409
vn 0.0390 -0.7026 -0.7105
vn 0.0788 -0.8031 -0.5906
vn 0.0234 -0.7411 -0.6709
vn 0.2966 -0.6554 -0.6946
vn 0.1717 -0.9443 -0.2809
vn 0.0470 -0.9865 -0.1566
vn -0.0546 -0.7253 -0.6863
vn 0.0625 -0.9217 -0.3828
vn 0.0078 -0.7339 -0.6792
vn -0.0235 -0.9063 -0.4220
vn 0.0390 -0.6948 -0.7182
vn 0.0235 -0.9656 -0.2591
vn -0.4310 -0.8306 -0.3526
vn -0.0708 -0.9672 0.2438
vn -0.2194 -0.8935 -0.3919
vn -0.1728 -0.9193 0.3536
vn 0.0236 -0.9351 0.3536
vn 0.0078 -0.9618 -0.2737
vn 0.0312 -0.6708 0.7410
vn -0.0315 -0.9434 0.3302
vn -0.0627 -0.9718 -0.2273
vn 0.3996 -0.8697 -0.2899
vn 0.0315 -0.9286 -0.3698
vn 0.0469 -0.9225 -0.3831
vn 0.0234 -0.9699 0.2425
vn 0.0941 -0.8551 0.5099
vn 0.1099 -0.9815 0.1570
vn 0.1251 -0.9621 -0.2425
vn 0.1025 -0.8277 -0.5518
vn 0.0158 -0.9223 -0.3863
vn -0.0079 -0.9985 -0.0550
vn 0.0157 -0.9470 0.3209
vn 0.1488 -0.8614 0.4856
vn 0.1174 -0.9546 0.2738
vn 0.2503 -0.9309 -0.2660
vn 0.2285 -0.8510 -0.4728
vn 0.8195 -0.5697 0.0624
vn 0.7637 -0.6456 0.0079
vn 0.9505 -0.2907 0.1100
vn 0.8121 -0.5622 0.1562
vn -0.4610 -0.8515 0.2500
vn 0.8825 -0.4649 -0.0709
vn -0.3290 -0.9166 -0.2272
vn 0.9276 -0.3616 -0.0943
vn 0.8342 -0.4600 -0.3041
vn 0.8351 -0.4333 -0.3388
vn 0.8517 -0.5001 -0.1563
vn 0.7719 -0.3544 -0.5277
vn 0.3042 -0.8424 0.4447
vn 0.3835 -0.8844 -0.2661
vn 0.6830 -0.6830 -0.2590
vn 0.8094 -0.5658 -0.1572
vn 0.8346 -0.4724 -0.2834
vn 0.5615 -0.8111 -0.1638
vn 0.5906 -0.7717 0.2362
vn 0.6961 -0.7040 0.1408
vn 0.3768 -0.8870 0.2669
vn 0.0472 -0.6056 0.7944
vn 0.0078 -0.8697 0.4936
vn -0.0392 -0.3993 0.9160
vn -0.1875 -0.4141 0.8907
vn -0.2660 -0.5633 0.7823
vn -0.0864 -0.5102 0.8557
vn -0.0157 -0.6284 0.7777
vn -0.0785 0.0078 0.9969
vn -0.0626 -0.0861 0.9943
vn -0.2113 -0.1174 0.9704
vn -0.2202 -0.5662 0.7943
vn -0.5345 -0.1415 0.8332
vn -0.4389 -0.5565 0.7054
vn -0.3679 -0.5478 0.7514
vn -0.5806 -0.3766 0.7218
vn -0.4706 -0.4470 0.7608
vn -0.8450 -0.5007 0.1878
vn -0.7511 -0.6572 -0.0626
vn -0.4609 -0.8515 0.2500
vn -0.8476 -0.4866 0.2119
vn -0.7353 -0.6414 0.2190
vn -0.6911 -0.5341 0.4869
vn -0.4557 -0.5972 0.6601
vn -0.8743 -0.4294 0.2264
vn -0.7599 -0.4936 0.4231
vn 0.5467 -0.7966 -0.2577
vn -0.6081 -0.4599 -0.6471
vn -0.2363 -0.3308 -0.9136
vn -0.7115 -0.3988 -0.5786
vn -0.8731 -0.4641 0.1495
vn -0.8614 -0.4777 0.1723
vn -0.8457 -0.4933 0.2036
vn -0.6879 -0.4768 0.5472
vn -0.8247 -0.5105 0.2435
vn -0.6808 -0.4773 0.5556
vn -0.8230 -0.2665 0.5016
vn -0.5500 0.1729 0.8171
vn -0.3924 0.0549 0.9182
vn -0.2187 -0.1172 0.9687
vn -0.0392 -0.1960 0.9798
vn -0.1730 0.0629 0.9829
vn -0.2275 -0.1804 0.9569
vn -0.3756 -0.0783 0.9235
vn -0.5584 -0.0787 0.8258
vn -0.6740 -0.0549 0.7367
vn -0.7196 0.1721 0.6727
vn -0.9269 -0.1257 0.3535
vn -0.9167 0.1880 0.3526
vn -0.8485 0.0550 0.5264
vn -0.7222 0.1099 0.6829
vn -0.6634 0.2107 0.7180
vn -0.5106 0.1807 0.8406
vn -0.2346 0.1408 0.9619
vn -0.3755 0.3442 0.8605
vn -0.1017 0.1800 0.9784
vn -0.0157 0.2036 0.9789
vn -0.0393 0.2828 0.9584
vn -0.0704 0.6651 0.7434
vn -0.0866 0.7238 0.6845
vn -0.0000 0.5511 0.8345
vn -0.2651 0.8343 0.4834
vn -0.2572 0.5378 0.8029
vn -0.1337 0.8022 0.5820
vn -0.2808 0.6787 0.6787
vn -0.2662 0.6577 0.7047
vn -0.2040 0.3609 0.9100
vn -0.4299 0.5940 0.6800
vn -0.5492 0.4472 0.7060
vn -0.5149 0.6476 0.5617
vn -0.6326 0.5155 0.5780
vn -0.4220 0.7345 0.5314
vn -0.3154 0.8358 0.4494
vn -0.0781 0.9609 0.2656
vn -0.2204 0.9682 0.1181
vn -0.1641 0.9849 0.0547
vn -0.0157 0.9988 0.0472
vn -0.1805 0.9810 -0.0706
vn -0.2589 0.9651 -0.0392
vn -0.1021 0.9034 -0.4164
vn -0.0392 0.9730 -0.2276
vn -0.0000 0.9975 -0.0707
vn -0.2743 0.9562 0.1019
vn -0.2596 0.9046 0.3382
vn -0.4522 0.7173 0.5302
vn -0.7175 0.5771 0.3900
vn -0.8046 0.5601 0.1972
vn -0.8113 0.1872 0.5539
vn -0.9796 0.0705 0.1881
vn -0.9652 0.1962 0.1726
vn -0.8046 0.5679 -0.1735
vn -0.8696 0.4935 0.0157
vn -0.7255 0.5617 -0.3978
vn -0.5363 0.6704 -0.5127
vn -0.4478 0.7228 -0.5264
vn -0.4091 0.7711 -0.4878
vn -0.2354 0.9024 -0.3610
vn -0.2981 0.9415 -0.1569
vn -0.3465 0.8585 -0.3781
vn -0.4796 0.7076 -0.5189
vn -0.4681 0.6553 -0.5929
vn -0.5592 0.5198 -0.6458
vn -0.6605 0.5426 -0.5190
vn -0.9609 0.2656 -0.0781
vn -0.9897 0.1414 0.0236
vn -0.8192 0.3199 -0.4759
vn -0.6449 0.3067 -0.7000
vn -0.7312 0.6133 -0.2988
vn -0.4641 0.8338 -0.2989
vn -0.2680 0.7726 -0.5755
vn -0.3768 0.7929 -0.4789
vn -0.8981 0.2421 -0.3670
vn -0.6850 0.0787 -0.7243
vn -0.8451 0.1643 -0.5087
vn -0.7411 0.1813 -0.6465
vn -0.9636 0.2272 -0.1410
vn -0.9377 0.3467 -0.0236
vn -0.9340 0.3375 0.1177
vn -0.9021 0.3452 0.2589
vn -0.8937 0.4233 0.1489
vn -0.9245 0.3760 -0.0627
vn -0.9922 -0.0709 -0.1024
vn -0.9840 0.0703 -0.1640
vn -0.9208 0.3668 0.1327
vn -0.8290 0.1955 0.5240
vn -0.9325 0.2351 0.2743
vn -0.8092 -0.2907 0.5106
vn -0.6898 -0.6036 0.3998
vn -0.7070 -0.6913 0.1492
vn -0.5010 -0.8611 0.0861
vn -0.8485 -0.5263 0.0550
vn -0.9217 -0.3203 -0.2187
vn -0.8988 -0.2267 -0.3752
vn -0.7750 -0.4227 -0.4697
vn -0.7183 -0.4997 -0.4841
vn -0.3385 -0.3070 -0.8895
vn -0.1576 -0.3545 -0.9217
vn -0.3231 -0.4729 -0.8197
vn -0.2283 -0.4881 -0.8424
vn -0.2113 -0.8530 -0.4773
vn -0.1018 -0.9242 -0.3681
vn -0.3358 -0.7498 -0.5702
vn -0.4781 -0.7210 -0.5016
vn -0.4894 -0.3868 -0.7815
vn -0.5741 -0.0393 -0.8179
vn -0.6315 0.2027 -0.7484
vn -0.7015 -0.4414 -0.5596
vn -0.0942 -0.9654 -0.2433
vn -0.8944 -0.4472 -0.0078
vn -0.8860 -0.1490 -0.4391
vn -0.3434 -0.6322 -0.6946
vn -0.2106 -0.6553 -0.7255
vn -0.2650 -0.7950 -0.5456
vn -0.2728 -0.6235 -0.7327
vn -0.4308 -0.8773 -0.2115
vn -0.0079 -0.9805 -0.1961
vn 0.6861 -0.6939 -0.2183
vn -0.8990 0.0078 0.4378
vn -0.8247 0.0079 0.5655
vn -0.6163 -0.6553 0.4369
vn -0.7778 0.0078 0.6285
vn 0.0079 -0.7778 0.6285
vn 0.7808 0.0078 0.6247
vn 0.0392 -0.9014 0.4311
vn 0.6641 -0.6172 0.4219
vn 0.9096 -0.0000 0.4156
vn 0.6619 0.6225 0.4176
vn 0.0078 0.7809 0.6247
vn 0.0314 0.9047 0.4248
vn -0.6135 0.6607 0.4326
vn -0.8696 0.4935 0.0156
vn -0.7176 0.5771 0.3899
vn -0.9935 -0.1095 0.0313
vn -0.7702 0.0393 0.6366
vn -0.9864 0.1644 -0.0079
vn -0.2502 0.3596 0.8990
vn -0.3517 0.5704 0.7423
vn 0.2737 0.9618 -0.0000
vn 0.2996 0.7016 0.6465
vn -0.2596 0.9045 0.3383
vn -0.2354 0.9024 -0.3609
vn 0.3205 0.7114 -0.6254
vn -0.3463 0.5667 -0.7477
vn -0.1969 0.3938 -0.8979
vn -0.4478 0.7228 -0.5263
vn -0.7661 0.0469 -0.6410
vn -0.7255 0.5616 -0.3978
vn 0.2367 0.8441 0.4812
vn 0.0157 0.9909 0.1337
vn 0.0158 0.9301 0.3670
vn 0.9654 -0.2590 -0.0314
vn 0.0157 0.7884 0.6149
vn 0.9650 -0.2041 -0.1647
vn 0.9672 -0.2359 -0.0944
vn 0.8596 -0.5080 -0.0547
vn 0.8784 -0.4392 -0.1883
vn 0.1326 -0.8737 -0.4680
vn 0.0785 -0.9024 -0.4237
vn 0.0236 -0.8119 -0.5833
vn 0.8751 -0.3863 -0.2917
vn 0.9647 -0.1569 -0.2117
vn 0.0158 0.6150 0.7884
vn 0.0235 0.3834 0.9233
vn 0.0235 0.1414 0.9897
vn 0.9654 -0.0942 -0.2433
vn 0.8622 -0.2900 -0.4154
vn 0.1260 -0.8350 -0.5356
vn 0.0781 -0.8123 -0.5780
vn 0.0236 -0.8973 -0.4408
vn 0.4994 -0.7023 -0.5072
vn 0.5392 -0.7501 -0.3829
vn 0.0312 -0.8268 -0.5616
vn 0.0312 -0.9061 -0.4218
vn 0.1250 -0.7577 -0.6405
vn 0.8575 -0.2045 -0.4720
vn 0.9634 -0.0313 -0.2663
vn 0.0235 -0.1414 0.9897
vn 0.2432 -0.4863 0.8393
vn 0.0235 -0.3767 0.9260
vn 0.9634 0.0313 -0.2663
vn 0.8769 -0.0554 -0.4775
vn 0.1259 -0.0314 -0.9915
vn 0.1175 -0.1645 -0.9793
vn 0.2108 -0.6714 -0.7105
vn 0.4967 -0.7885 -0.3627
vn 0.5351 -0.7005 -0.4722
vn 0.5848 -0.6627 -0.4678
vn 0.5839 -0.7338 -0.3472
vn 0.5332 -0.6978 -0.4783
vn -0.0000 -0.8498 -0.5272
vn 0.0078 -0.9066 -0.4220
vn -0.0551 -0.8109 -0.5826
vn 0.0546 -0.8900 -0.4527
vn 0.0236 -0.8183 -0.5744
vn 0.5368 -0.7578 -0.3710
vn 0.0469 -0.8600 -0.5082
vn 0.0156 -0.7263 -0.6872
vn 0.9125 0.2517 -0.3225
vn 0.0937 -0.8743 -0.4762
vn -0.0157 -0.1961 -0.9805
vn -0.0631 -0.5204 -0.8516
vn 0.0157 -0.6455 -0.7636
vn 0.5178 -0.5727 -0.6355
vn 0.5105 -0.2435 -0.8247
vn 0.1965 -0.2673 -0.9434
vn 0.0235 0.0941 -0.9953
vn 0.0704 -0.0861 -0.9938
vn 0.8751 0.0552 -0.4809
vn 0.9628 0.1018 -0.2505
vn 0.0235 -0.6197 0.7845
vn 0.2432 -0.8393 0.4863
vn 0.0235 -0.7912 0.6111
vn 0.9647 0.1569 -0.2118
vn 0.8613 0.2114 -0.4620
vn 0.1259 0.0394 -0.9913
vn 0.0704 0.0939 -0.9931
vn 0.0236 -0.0629 -0.9977
vn 0.4955 0.0786 -0.8651
vn 0.0156 -0.3045 -0.9524
vn -0.0472 -0.3300 -0.9428
vn -0.4014 -0.2754 -0.8735
vn -0.3861 0.0315 -0.9219
vn -0.5704 -0.3516 -0.7423
vn 0.4806 -0.1339 -0.8667
vn -0.3464 0.0472 -0.9369
vn -0.7185 -0.0234 -0.6951
vn 0.0078 -0.0863 -0.9962
vn 0.5826 -0.0551 -0.8109
vn 0.5360 -0.0394 -0.8433
vn 0.0236 0.0707 -0.9972
vn 0.0236 -0.0863 -0.9960
vn 0.1174 0.1722 -0.9781
vn 0.8553 0.2982 -0.4237
vn 0.9634 0.2115 -0.1645
vn 0.9646 0.2431 -0.1020
vn 0.8769 0.3836 -0.2897
vn 0.1252 0.8373 -0.5322
vn 0.1173 0.7584 -0.6411
vn 0.2036 0.2741 -0.9399
vn 0.4958 -0.0708 -0.8656
vn 0.5320 0.0548 -0.8450
vn 0.5783 0.0703 -0.8128
vn 0.5176 0.2588 -0.8156
vn 0.5099 0.5883 -0.6276
vn 0.1958 0.6816 -0.7051
vn 0.0707 0.8165 -0.5731
vn 0.8736 0.4486 -0.1889
vn 0.9631 0.2663 -0.0392
vn 0.0236 -0.9907 0.1337
vn 0.2425 -0.9701 -0.0079
vn 0.0234 -0.9888 -0.1472
vn 0.9636 0.2664 0.0235
vn 0.8576 0.5114 -0.0551
vn 0.4936 0.7914 -0.3605
vn -0.0000 0.8148 -0.5798
vn 0.5342 0.7070 -0.4635
vn 0.8582 0.5118 0.0394
vn 0.9635 0.2507 0.0940
vn 0.0233 -0.7825 -0.6222
vn 0.9658 0.2120 0.1492
vn 0.8767 0.4461 0.1800
vn 0.1180 0.9364 0.3305
vn 0.2045 0.9519 -0.2281
vn 0.5320 0.7589 -0.3755
vn 0.5191 0.8336 -0.1888
vn 0.0078 0.9095 -0.4156
vn -0.6789 0.6552 -0.3315
vn -0.7168 0.5908 -0.3703
vn -0.3308 0.7876 -0.5198
vn -0.3469 0.8357 -0.4257
vn -0.4025 0.6629 -0.6313
vn 0.4773 0.6808 -0.5556
vn 0.4012 0.8574 -0.3225
vn -0.5728 0.6355 -0.5178
vn -0.3700 0.8896 -0.2677
vn 0.0078 0.9774 -0.2112
vn -0.0000 0.9849 0.1733
vn 0.0078 0.9790 0.2037
vn 0.5099 0.8394 0.1883
vn 0.1970 0.9534 0.2285
vn 0.0236 0.8183 0.5743
vn 0.8744 0.3938 0.2836
vn 0.0235 0.9019 0.4313
vn 0.4987 0.7090 0.4987
vn -0.0078 0.8519 0.5236
vn -0.5931 0.7726 0.2263
vn -0.5906 0.7716 -0.2362
vn -0.4068 0.8763 0.2582
vn -0.7187 0.6171 0.3203
vn -0.3509 0.7875 0.5067
vn 0.4783 0.8233 0.3058
vn -0.3366 0.8453 0.4148
vn -0.6791 0.6167 0.3981
vn 0.0079 0.9125 0.4090
vn 0.5821 0.7394 0.3382
vn 0.5368 0.7578 0.3710
vn 0.5342 0.7070 0.4635
vn 0.0079 0.8730 0.4876
vn -0.0079 0.8832 0.4689
vn -0.3744 0.6787 0.6319
vn 0.4006 0.7147 0.5733
vn -0.6073 0.6941 0.3865
vn -0.6062 0.7952 -0.0079
vn -0.6069 0.6857 -0.4019
vn -0.6055 0.3932 -0.6920
vn -0.1733 0.4962 -0.8507
vn -0.1728 0.8562 -0.4870
vn -0.1733 0.9849 -0.0004
vn -0.1797 0.8521 0.4916
vn -0.6099 0.4066 0.6802
vn -0.4078 0.2196 0.8863
vn -0.5925 0.5925 0.5457
vn 0.0157 0.6792 0.7338
vn -0.0079 0.3374 0.9413
vn -0.5971 0.1964 0.7778
vn -0.5789 -0.1252 0.8057
vn -0.3533 -0.0471 0.9343
vn 0.4855 0.1488 0.8615
vn -0.6112 0.0157 0.7914
vn -0.1797 0.4922 0.8517
vn 0.1735 0.8594 0.4809
vn 0.1652 0.8573 -0.4877
vn -0.1733 0.0236 -0.9846
vn -0.6063 0.0007 -0.7952
vn -0.3697 0.2124 -0.9046
vn -0.5927 0.5849 -0.5537
vn -0.5901 0.1810 -0.7868
vn -0.0000 0.3303 -0.9439
vn -0.6745 0.0392 -0.7372
vn -0.3299 -0.0550 -0.9424
vn 0.4008 0.1493 -0.9039
vn -0.1794 -0.4212 -0.8891
vn -0.0866 0.3150 -0.9451
vn -0.5836 0.1577 -0.7966
vn 0.0235 0.9164 -0.3995
vn 0.0315 0.1809 -0.9830
vn -0.1018 -0.8454 -0.5244
vn 0.0078 0.1414 -0.9899
vn -0.1093 -0.8592 -0.4999
vn 0.0079 -0.1414 -0.9899
vn 0.1254 0.9244 -0.3603
vn 0.1957 -0.0626 -0.9787
vn 0.1640 -0.5235 -0.8361
vn 0.1260 -0.2127 -0.9690
vn 0.9123 0.4089 -0.0236
vn 0.0783 -0.0627 -0.9950
vn 0.2827 0.0471 -0.9581
vn 0.1178 0.1962 -0.9735
vn 0.2985 0.0864 -0.9505
vn 0.1101 0.2595 -0.9595
vn -0.4625 -0.0392 -0.8858
vn -0.6801 -0.2736 -0.6801
vn -0.2507 -0.8853 -0.3917
vn -0.1099 -0.9261 0.3610
vn 0.0863 -0.9893 0.1178
vn -0.1257 -0.9901 0.0629
vn -0.2580 -0.9616 0.0938
vn -0.3985 -0.8907 -0.2188
vn -0.5093 -0.8462 0.1567
vn -0.1176 -0.9878 0.1019
vn 0.1568 -0.9797 0.1254
vn -0.1017 -0.9078 -0.4069
vn -0.1095 -0.4694 -0.8762
vn -0.0000 -0.1173 -0.9931
vn -0.0079 -0.0000 -1.0000
vn -0.0314 0.5026 -0.8639
vn -0.0157 0.8729 -0.4876
vn -0.0469 0.5082 0.8600
vn -0.0236 -0.0079 0.9997
vn -0.1335 -0.4712 0.8718
vn 0.0157 -0.5028 0.8643
vn -0.1098 -0.9099 0.4000
vn -0.2431 -0.8940 0.3764
vn -0.6830 -0.2591 0.6830
vn -0.4719 -0.0393 0.8808
vn 0.3125 0.0938 0.9453
vn 0.1251 0.2111 0.9694
vn -0.1720 0.0234 0.9848
vn -0.1642 -0.4223 0.8915
vn -0.5351 -0.3620 0.7633
vn 0.1330 -0.2034 0.9700
vn 0.2972 0.0391 0.9540
vn 0.1336 -0.0315 0.9905
vn 0.0392 -0.0940 0.9948
vn 0.9177 0.3922 0.0628
vn 0.1645 -0.5327 0.8302
vn -0.1172 0.1797 0.9767
vn -0.6039 0.1804 0.7764
vn -0.3371 0.2117 0.9173
vn -0.3853 -0.2752 0.8808
vn 0.4074 -0.1489 0.9010
vn -0.3365 0.0704 0.9390
vn -0.7223 0.0314 0.6909
vn 0.0157 0.3138 0.9494
vn 0.5180 0.5808 0.6279
vn 0.4950 0.7937 0.3536
vn 0.2108 0.6794 0.7028
vn 0.5128 0.2525 0.8205
vn -0.6826 -0.0392 0.7297
vn -0.5705 0.1173 0.8128
vn 0.5872 0.0705 0.8064
vn 0.2032 0.2813 0.9378
vn 0.1249 0.1795 0.9758
vn 0.1248 0.7648 0.6321
vn 0.8630 0.2981 0.4079
vn 0.8593 0.2129 0.4651
vn 0.0314 0.0785 0.9964
vn 0.5411 0.0549 0.8391
vn 0.5823 -0.0630 0.8105
vn -0.0626 -0.5317 0.8446
vn -0.0079 -0.2202 0.9754
vn 0.0157 -0.7597 0.6501
vn 0.0157 -0.6501 0.7597
vn 0.5233 -0.2578 0.8122
vn 0.5358 -0.0473 0.8430
vn 0.2111 -0.2737 0.9384
vn 0.5157 -0.5860 0.6251
vn 0.0393 -0.8637 0.5025
vn 0.2033 -0.6805 0.7040
vn 0.5392 -0.7579 0.3672
vn 0.1250 -0.7577 0.6405
vn 0.8769 -0.0548 0.4776
vn 0.8658 -0.2046 0.4566
vn 0.8601 -0.2920 0.4182
vn 0.0784 -0.8160 0.5727
vn 0.5398 -0.7040 0.4615
vn 0.8754 -0.4455 0.1876
vn 0.8815 -0.3778 0.2833
vn 0.9662 -0.2043 0.1571
vn 0.9674 -0.1495 0.2045
vn 0.9654 -0.0995 0.2411
vn 0.8797 0.0628 0.4713
vn 0.9656 -0.0235 0.2590
vn 0.0157 0.6198 -0.7846
vn 0.0157 0.3767 -0.9262
vn 0.0157 0.7914 -0.6112
vn 0.9672 -0.2359 0.0944
vn 0.0157 0.9909 -0.1337
vn 0.9673 -0.2517 0.0315
vn 0.8634 -0.5023 0.0471
vn 0.1254 -0.9331 0.3372
vn 0.8596 -0.5079 -0.0547
vn 0.2358 0.8408 -0.4872
vn 0.0157 0.1414 -0.9898
vn 0.9651 0.0392 0.2590
vn 0.0158 -0.1260 -0.9919
vn 0.9664 0.1021 0.2358
vn 0.9650 0.1647 0.2040
vn 0.0157 -0.6062 -0.7951
vn 1.0000 0.0002 0.0002
vn 0.4937 -0.4623 0.7366
vn 0.8740 -0.3150 0.3701
vn 0.9866 0.1331 0.0940
vn 0.9682 -0.2440 0.0551
vn 0.4057 -0.9128 0.0468
vn 0.2583 -0.5323 0.8062
vn 0.1019 -0.6506 0.7525
vn -0.1652 -0.8573 0.4876
vn -0.3365 -0.9390 0.0704
vn -0.8279 -0.5468 -0.1249
vn -0.2976 -0.9474 -0.1175
vn -0.0862 -0.8466 -0.5252
vn 0.1732 -0.7003 -0.6925
vn 0.3074 -0.6069 -0.7330
vn 0.4735 -0.5209 -0.7103
vn 0.2748 0.1491 -0.9499
vn 0.8265 -0.3779 -0.4172
vn 0.9546 -0.2738 -0.1174
vn 0.0237 0.9997 -0.0000
vn -0.6478 0.7570 -0.0858
vn -0.6138 0.7869 0.0629
vn -0.4919 0.7574 0.4295
vn -0.4092 0.7555 -0.5116
vn 0.0157 0.8147 -0.5797
vn 0.5479 0.7513 -0.3679
vn 0.6882 0.7195 0.0938
vn 0.4943 0.7454 0.4472
vn -0.2108 0.7649 0.6087
vn -0.4315 -0.1177 0.8944
vn -0.6352 -0.1725 0.7528
vn -0.2674 -0.7158 0.6451
vn -0.1886 -0.9820 0.0078
vn -0.4378 -0.8990 -0.0078
vn -0.6315 -0.1715 -0.7562
vn -0.2500 -0.7189 -0.6486
vn -0.6877 -0.6017 -0.4063
vn -0.4170 -0.0866 -0.9048
vn -0.5832 0.5123 -0.6305
vn -0.6624 0.7491 -0.0000
vn -0.8247 0.5655 -0.0000
vn -0.5916 0.4812 0.6468
vn -0.5575 -0.8167 0.1492
vn -0.6063 -0.7952 -0.0079
vn -0.2505 -0.9628 0.1017
vn -0.3912 -0.8919 -0.2269
vn -0.3991 -0.8922 0.2113
vn -0.0548 -0.9791 -0.1958
vn -0.0549 -0.9806 0.1883
vn -0.0626 -0.8132 0.5786
vn 0.0079 -0.9771 -0.2127
vn 0.0156 -0.9773 0.2111
vn 0.0078 -0.8519 0.5237
vn 0.5149 -0.8348 0.1950
vn 0.5352 -0.7004 0.4722
vn 0.5191 -0.8336 -0.1888
vn 0.0156 -0.9234 -0.3834
vn -0.1258 -0.9909 0.0472
vn 0.1097 -0.9879 0.1098
vn 0.9388 0.1252 -0.3208
vn 0.0236 -0.8813 -0.4720
vn 0.0157 -0.8184 -0.5745
vn 0.2116 -0.9486 -0.2352
vn 0.2042 -0.9502 0.2356
vn 0.1251 -0.9306 -0.3441
vn 0.8631 -0.5021 -0.0549
vn 0.1326 -0.8737 -0.4681
vn 0.5352 -0.7556 -0.3778
vn 0.5378 -0.7015 -0.4676
vn 0.8741 -0.4448 -0.1951
vn 0.9670 -0.2516 -0.0393
vn 0.0157 0.9919 0.1259
vn 0.9664 -0.2357 -0.1021
vn 0.8795 -0.3769 -0.2905
vn 0.1260 -0.8350 -0.5357
vn 0.9650 -0.2040 -0.1648
vn 0.8573 -0.2910 -0.4247
vn 0.1180 -0.7551 -0.6449
vn 0.1969 -0.6773 -0.7088
vn 0.8627 -0.2039 -0.4628
vn 0.9658 -0.1492 -0.2120
vn 0.0157 0.7951 0.6062
vn 0.0234 0.6245 0.7807
vn 0.9635 -0.0940 -0.2507
vn 0.0234 0.3834 0.9233
vn 0.0235 0.1491 0.9885
vn 0.9636 -0.0235 -0.2664
vn 0.8754 -0.0473 -0.4811
vn 0.1259 -0.0315 -0.9915
vn 0.8765 0.0626 -0.4774
vn 0.9631 0.0392 -0.2662
vn 0.0236 -0.1337 0.9907
vn 0.1259 0.0393 -0.9913
vn 0.0235 -0.0863 -0.9960
vn 0.0236 -0.0628 -0.9977
vn 0.4955 0.0787 -0.8651
vn 0.5322 -0.0469 -0.8453
vn -0.2661 -0.7122 -0.6496
vn -0.4255 -0.1103 -0.8982
vn -0.9218 -0.3202 -0.2187
vn -0.1885 -0.9819 -0.0157
vn -0.2513 -0.7226 0.6440
vn -0.4232 -0.0940 0.9012
vn -0.5860 0.5157 0.6250
vn -0.6624 0.7491 -0.0079
vn -0.5886 0.4787 -0.6514
vn -0.1022 -0.8801 0.4636
vn -0.1098 -0.9099 -0.4000
vn -0.1255 -0.9883 -0.0863
vn -0.5568 -0.8157 -0.1569
vn -0.3985 -0.8907 -0.2187
vn -0.3919 -0.8935 0.2194
vn -0.1252 -0.9784 -0.1644
vn -0.2503 -0.9620 -0.1095
vn -0.1257 -0.9905 -0.0551
vn 0.1097 -0.9870 -0.1175
vn 0.0157 -0.9262 0.3768
vn 0.9412 0.1255 0.3137
vn 0.1334 -0.8633 0.4867
vn -0.0708 -0.7865 0.6135
vn 0.0313 0.1172 0.9926
vn 0.0312 -0.8828 0.4687
vn 0.0235 -0.8208 0.5707
vn 0.5367 -0.7578 0.3710
vn 0.2121 -0.9504 0.2277
vn 0.5351 -0.7004 0.4722
vn 0.5198 -0.8349 0.1811
vn -0.0549 -0.9806 0.1882
vn 0.0079 -0.9771 -0.2128
vn 0.5125 -0.8358 -0.1971
vn 0.2038 -0.9484 -0.2430
vn 0.4994 -0.7023 -0.5073
vn 0.1019 0.9330 0.3450
vn 0.1954 0.0860 0.9770
vn 0.9803 0.1961 -0.0235
vn 0.9717 0.2351 0.0235
vn 0.9538 0.0236 0.2995
vn 0.9547 0.0078 -0.2974
vn 0.9715 0.1332 -0.1959
vn 0.9736 0.1492 0.1727
vn 0.8183 0.0236 -0.5744
vn 0.8964 0.2045 -0.3932
vn 0.8845 0.1800 -0.4305
vn 0.8155 0.5723 -0.0862
vn 0.6733 0.7360 0.0704
vn -0.0391 0.9783 -0.2035
vn 0.7546 0.0707 -0.6524
vn 0.9233 0.2113 -0.3208
vn 0.5878 0.0548 -0.8072
vn 0.7247 0.1260 -0.6775
vn 0.8014 0.1021 -0.5893
vn 0.9859 0.1330 -0.1017
vn 0.9802 0.1647 0.1098
vn 0.7820 0.1877 0.5943
vn 0.8048 0.2367 0.5444
vn 0.4370 0.1327 0.8896
vn 0.2817 0.1565 0.9467
vn 0.4776 -0.5246 0.7047
vn 0.8266 -0.3821 0.4133
vn 0.9554 -0.2741 0.1096
vn 0.9678 -0.2439 -0.0629
vn 0.4020 -0.9144 -0.0473
vn 0.3130 -0.6103 0.7277
vn 0.1797 -0.7034 0.6877
vn -0.0860 -0.8522 0.5160
vn -0.2978 -0.9483 0.1097
vn -0.3363 -0.9385 -0.0782
vn -0.8287 -0.5473 0.1173
vn -0.1645 -0.8540 -0.4936
vn -0.7927 -0.5965 -0.1256
vn -0.7852 -0.6046 0.1335
vn -0.4365 -0.5534 -0.7093
vn -0.7609 -0.6276 -0.1647
vn -0.7078 -0.6685 0.2281
vn -0.7105 -0.6636 -0.2343
vn -0.7921 -0.5412 0.2823
vn -0.3068 -0.9518 -0.0079
vn -0.7994 -0.5172 -0.3057
vn -0.7575 -0.4655 -0.4577
vn -0.7105 -0.5387 -0.4528
vn -0.2813 -0.9221 -0.2657
vn 0.0078 -0.9999 -0.0079
vn -0.1254 -0.9010 -0.4153
vn -0.3845 -0.7533 -0.5336
vn -0.5527 -0.6237 -0.5527
vn -0.4382 -0.5869 -0.6808
vn 0.0946 -0.6466 -0.7570
vn -0.0390 -0.4058 -0.9131
vn 0.2520 -0.5277 -0.8112
vn 0.1577 -0.3311 -0.9303
vn 0.4895 -0.4579 -0.7421
vn 0.8714 -0.3140 -0.3768
vn 0.8537 0.0627 -0.5169
vn 0.4147 -0.1800 -0.8920
vn 0.5116 -0.0473 -0.8579
vn 0.2591 -0.2984 -0.9186
vn 0.0078 -0.4535 -0.8912
vn -0.0866 -0.6925 -0.7162
vn -0.0000 -0.4472 -0.8944
vn -0.1648 0.4317 -0.8869
vn -0.0946 0.0788 -0.9924
vn -0.0782 -0.2344 -0.9690
vn 0.3863 -0.7332 -0.5597
vn 0.6585 0.0078 -0.7526
vn 0.2120 0.6752 -0.7066
vn 0.5115 -0.4092 -0.7555
vn 0.2511 0.2825 -0.9258
vn 0.2350 -0.0313 -0.9715
vn 0.1498 -0.1497 -0.9773
vn -0.0704 -0.4924 -0.8675
vn 0.1725 0.1568 -0.9724
vn 0.3604 0.0313 -0.9323
vn 0.2974 0.0078 -0.9547
vn 0.3381 -0.1022 -0.9356
vn 0.1335 -0.2200 -0.9663
vn -0.1493 0.4009 -0.9039
vn -0.0000 0.8084 -0.5886
vn -0.3432 -0.5459 -0.7643
vn -0.2920 -0.7970 -0.5287
vn -0.8554 -0.5179 -0.0079
vn -0.9021 -0.4314 -0.0079
vn -0.7652 -0.1562 -0.6246
vn -0.9737 -0.2277 -0.0078
vn -0.8609 0.5087 -0.0079
vn -0.6296 -0.0944 -0.7712
vn -0.6055 -0.2517 -0.7550
vn -0.4913 -0.2495 -0.8345
vn -0.2591 0.0235 -0.9656
vn -0.2498 -0.0156 -0.9682
vn -0.5280 0.3860 -0.7565
vn -0.7176 0.4602 -0.5226
vn -0.8910 0.0630 -0.4495
vn -0.7570 -0.0947 -0.6466
vn 0.4713 0.2121 -0.8561
vn 0.3214 0.2352 -0.9173
vn 0.3614 0.3299 -0.8721
vn 0.8090 0.5419 -0.2278
vn 0.6808 0.5869 -0.4382
vn 0.8056 0.3989 -0.4380
vn 0.0236 0.4875 -0.8728
vn 0.4877 0.7945 -0.3618
vn -0.2128 0.6462 -0.7329
vn -0.8347 -0.1482 -0.5304
vn -0.9569 0.2902 -0.0079
vn -0.9612 0.2758 -0.0000
vn -0.5036 0.6453 -0.5744
vn -0.8034 0.5071 -0.3120
vn -0.8383 0.5406 0.0705
vn -0.6016 -0.7969 0.0547
vn -0.6477 -0.4683 -0.6010
vn -0.4172 -0.7715 -0.4803
vn -0.3383 0.3304 -0.8811
vn 0.0470 0.7444 -0.6661
vn 0.0628 0.0627 -0.9961
vn -0.2525 -0.5919 -0.7655
vn -0.3119 -0.7097 -0.6317
vn -0.3551 -0.3472 -0.8680
vn -0.5223 -0.3274 -0.7874
vn -0.5864 -0.0860 -0.8054
vn -0.3927 -0.0393 -0.9188
vn -0.2498 -0.0234 -0.9680
vn -0.2907 -0.3143 -0.9037
vn -0.3279 -0.6948 -0.6402
vn -0.3473 -0.6709 -0.6551
vn -0.4601 -0.2808 -0.8423
vn 0.1799 0.2034 -0.9624
vn 0.2660 0.2503 -0.9309
vn -0.6368 -0.2673 -0.7233
vn -0.5832 -0.4098 -0.7014
vn -0.1965 -0.2044 -0.9590
vn -0.2361 -0.2597 -0.9364
vn -0.1181 0.0394 -0.9922
vn -0.0391 0.1095 -0.9932
vn 0.0783 0.1880 -0.9790
vn -0.1101 -0.0786 -0.9908
vn -0.2757 0.0236 -0.9610
vn -0.6701 -0.2838 -0.6859
vn -0.7269 -0.1407 -0.6722
vn -0.5747 -0.1102 -0.8109
vn 0.5963 0.2981 -0.7454
vn -0.0472 0.6449 -0.7629
vn 0.8781 0.3920 -0.2744
vn 0.0861 0.5953 -0.7989
vn -0.4811 0.0473 -0.8754
vn -0.6370 -0.2438 -0.7313
vn -0.1644 0.0235 -0.9861
vn 0.1806 0.3063 -0.9346
vn 0.4092 0.2046 -0.8892
vn 0.2192 0.5715 -0.7908
vn 0.5177 0.4471 -0.7295
vn 0.0864 0.5581 -0.8253
vn 0.5027 0.2592 -0.8247
vn -0.0236 0.4875 -0.8728
vn 0.1101 0.1494 -0.9826
vn 0.0236 -0.2996 -0.9538
vn 0.1812 -0.6381 -0.7483
vn 0.7672 -0.2192 -0.6028
vn 0.7075 0.3066 -0.6368
vn 0.6668 0.5647 -0.4863
vn 0.8154 0.2744 -0.5097
vn 0.7295 0.3059 -0.6118
vn 0.9414 0.2746 -0.1961
vn 0.5097 0.6352 -0.5803
vn 0.9920 -0.0625 0.1094
vn 0.8877 0.4085 0.2121
vn 0.9903 0.0943 -0.1022
vn 0.9429 0.1100 -0.3143
vn 0.8453 0.0470 -0.5322
vn 0.8344 -0.0079 -0.5510
vn 0.4575 -0.4102 -0.7889
vn 0.0236 -0.8342 -0.5509
vn -0.0393 -0.7946 -0.6058
vn -0.1805 0.4082 -0.8949
vn -0.1794 -0.4524 -0.8736
vn -0.3779 0.4172 -0.8265
vn -0.5447 0.4579 -0.7026
vn -0.5037 -0.2756 -0.8187
vn -0.4605 -0.4761 -0.7492
vn -0.3387 -0.4489 -0.8269
vn 0.0705 -0.1881 -0.9796
vn -0.1879 0.0861 -0.9784
vn 0.2520 0.1181 -0.9605
vn 0.0392 0.4153 -0.9089
vn 0.4179 -0.2129 -0.8832
vn 0.5718 0.1488 -0.8068
vn 0.8145 0.3054 -0.4934
vn 0.3852 0.6603 -0.6446
vn 0.2981 0.5963 -0.7454
vn -0.0472 0.9530 -0.2993
vn 0.0628 0.4082 -0.9107
vn 0.3687 0.4157 -0.8314
vn 0.1099 0.7297 -0.6749
vn 0.3991 0.9157 -0.0470
vn 0.6780 0.4572 -0.5755
vn 0.6919 0.4167 -0.5897
vn 0.9138 0.3860 -0.1260
vn 0.4311 0.9014 0.0392
vn 0.9160 0.3836 0.1174
vn 0.6798 0.4610 0.5704
vn 0.9173 0.3214 -0.2352
vn 0.8952 0.1099 -0.4319
vn 0.9189 0.3220 0.2278
vn 0.8982 0.1103 0.4255
vn 0.6937 0.4209 0.5845
vn 0.3742 0.4210 0.8263
vn 0.8118 0.3074 0.4965
vn 0.8597 0.0789 0.5048
vn 0.9634 0.0705 0.2585
vn 0.9037 -0.3143 0.2908
vn 0.8048 -0.1641 0.5704
vn 0.7800 -0.2418 0.5772
vn 0.8488 0.0472 0.5266
vn 0.3898 0.6628 0.6393
vn 0.5832 0.1970 0.7881
vn 0.4631 -0.3453 0.8163
vn 0.3754 -0.8605 0.3443
vn 0.2120 -0.7066 0.6752
vn 0.2822 -0.6585 0.6977
vn 0.4212 -0.7722 0.4758
vn 0.5617 -0.3978 0.7254
vn 0.8662 -0.1248 0.4838
vn 0.8984 -0.0709 0.4334
vn 0.7921 0.2824 0.5411
vn 0.7881 0.4729 0.3941
vn 0.5158 0.2188 0.8283
vn 0.4915 -0.1482 0.8582
vn -0.0078 -0.5798 0.8148
vn -0.0078 -0.8210 0.5708
vn 0.0548 -0.7835 0.6190
vn -0.2268 -0.7118 0.6648
vn -0.3209 -0.6418 0.6965
vn 0.0079 -0.4091 0.9125
vn 0.1727 -0.1962 0.9652
vn 0.1728 0.0785 0.9818
vn 0.1643 -0.0391 0.9856
vn 0.5243 0.2504 0.8139
vn 0.8630 0.3688 0.3452
vn 0.9262 -0.0157 0.3768
vn 0.8019 0.5031 0.3223
vn 0.3899 0.1716 0.9047
vn 0.0393 0.0550 0.9977
vn -0.0236 -0.0629 0.9977
vn -0.0157 -0.2202 0.9753
vn -0.1491 -0.0157 0.9887
vn -0.2112 -0.2112 0.9543
vn -0.4298 -0.0860 0.8988
vn -0.2032 0.4064 0.8908
vn 0.1017 0.0470 0.9937
vn 0.1485 0.0937 0.9845
vn 0.0783 0.0627 0.9950
vn 0.1718 0.3279 0.9290
vn 0.5343 0.7937 0.2908
vn 0.6443 0.7543 0.1257
vn 0.8936 0.1881 0.4076
vn 0.6749 0.7377 -0.0157
vn 0.8847 0.4071 0.2270
vn 0.8111 0.4016 0.4252
vn 0.2981 0.1569 0.9415
vn 0.2664 0.2116 0.9403
vn 0.1171 0.3903 0.9132
vn 0.7693 0.4710 0.4317
vn 0.8746 0.4807 0.0630
vn 0.8678 0.4847 0.1094
vn 0.1331 0.4148 0.9001
vn 0.4628 0.8863 0.0157
vn 0.6663 0.5722 -0.4782
vn 0.8258 0.4326 0.3618
vn 0.8543 0.4781 0.2038
vn 0.2825 0.2197 0.9338
vn 0.7217 0.4315 0.5413
vn 0.5678 0.3233 0.7570
vn 0.2582 0.4226 0.8687
vn 0.6749 0.6750 0.2982
vn 0.6437 0.7536 0.1334
vn 0.0552 0.9140 0.4019
vn -0.0392 0.9798 0.1960
vn 0.7722 0.6304 0.0788
vn 0.9255 0.3372 -0.1726
vn 0.7611 0.3688 -0.5336
vn 0.4159 0.4316 -0.8004
vn 0.0315 0.1336 -0.9905
vn 0.0941 -0.0078 -0.9955
vn -0.0938 -0.0782 -0.9925
vn -0.0000 -0.2277 -0.9737
vn 0.0470 -0.3370 -0.9403
vn 0.1967 -0.1574 -0.9678
vn 0.5105 0.2435 -0.8247
vn 0.5796 0.1958 -0.7910
vn 0.2835 -0.2363 -0.9294
vn 0.7276 -0.0861 -0.6806
vn 0.9540 0.0782 -0.2893
vn 0.9718 0.2273 -0.0627
vn 0.4326 0.8258 0.3618
vn 0.9229 0.2208 0.3155
vn 0.9966 -0.0785 -0.0236
vn -0.2364 -0.3073 -0.9218
vn -0.0000 0.3373 -0.9414
vn -0.0392 0.3371 -0.9407
vn 0.2042 0.3770 -0.9034
vn 0.1093 0.5387 0.8354
vn 0.5916 0.6941 0.4102
vn -0.0937 0.4452 0.8905
vn 0.0078 0.3139 0.9494
vn 0.1951 0.3589 0.9128
vn 0.9931 -0.1173 -0.0000
vn 0.6231 0.2918 0.7256
vn 0.9955 -0.0941 0.0078
vn 0.7258 0.2888 0.6243
vn 0.1024 0.3545 0.9294
vn -0.0469 0.6410 0.7661
vn -0.0314 0.5562 0.8304
vn -0.2428 0.4307 0.8692
vn 0.0314 0.7068 0.7068
vn -0.1255 0.2901 0.9487
vn -0.0706 0.0549 0.9960
vn 0.2285 0.6225 0.7486
vn 0.6859 0.2838 0.6701
vn 0.8930 0.3838 0.2350
vn 0.8001 0.5334 0.2746
vn 0.2350 0.3838 0.8930
vn 0.8170 0.5421 0.1964
vn 0.2348 0.1331 0.9629
vn 0.6607 0.4641 0.5899
vn 0.3672 0.3360 0.8673
vn 0.0314 0.8015 0.5972
vn 0.1173 0.4535 0.8835
vn 0.0626 0.1957 0.9787
vn -0.3303 -0.0079 0.9438
vn -0.3927 -0.0393 0.9188
vn 0.0392 0.3136 0.9487
vn -0.2517 -0.0157 0.9677
vn -0.5106 -0.1807 0.8406
vn -0.3437 -0.5547 0.7578
vn -0.0707 -0.5109 0.8567
vn 0.1721 -0.1721 0.9699
vn 0.0391 -0.5083 0.8603
vn -0.3764 -0.7684 0.5175
vn -0.2829 -0.8017 0.5266
vn -0.1099 -0.9027 0.4160
vn 0.0079 -0.9999 -0.0078
vn -0.2815 -0.9149 0.2893
vn -0.7105 -0.5387 0.4528
vn -0.7079 -0.6685 0.2281
vn -0.1252 0.3208 0.9388
vn 0.2660 -0.0548 0.9624
vn 0.3308 0.2363 0.9136
vn 0.5073 0.1795 0.8429
vn 0.1577 0.4573 0.8752
vn 0.4773 0.0626 0.8765
vn 0.2131 0.6709 0.7103
vn 0.7032 0.1485 0.6953
vn 0.8204 0.0391 0.5704
vn 0.7402 0.0630 0.6694
vn 0.8861 0.1882 0.4235
vn 0.1021 0.9583 0.2671
vn 0.8935 0.2194 0.3919
vn 0.9538 0.0237 0.2995
vn 0.6552 -0.3316 0.6788
vn 0.1648 -0.1020 0.9810
vn -0.0236 0.0628 0.9977
vn -0.2277 0.0236 0.9735
vn -0.0859 -0.8522 0.5160
vn -0.5883 -0.2510 0.7687
vn -0.2978 -0.9483 0.1098
vn -0.8287 -0.5473 0.1172
vn -0.5245 -0.4540 0.7202
vn -0.1016 -0.2578 0.9608
vn -0.7547 -0.4717 0.4560
vn -0.0315 -0.6060 0.7948
vn -0.0781 -0.2344 0.9690
vn 0.1653 0.4252 0.8898
vn -0.1023 0.0865 0.9910
vn -0.6798 0.1797 0.7111
vn -0.5306 0.3919 0.7516
vn -0.7206 0.4621 0.5170
vn -0.9021 -0.4314 -0.0078
vn -0.9719 0.2352 -0.0078
vn -0.8381 -0.1489 0.5248
vn -0.5981 0.7554 0.2676
vn -0.4757 0.7018 0.5303
vn -0.2128 0.6462 0.7329
vn 0.0315 0.4967 0.8673
vn 0.6672 0.3611 0.6515
vn 0.3626 0.5754 0.7331
vn 0.0078 0.7952 0.6063
vn -0.1951 0.8741 0.4448
vn -0.7260 0.0312 0.6870
vn -0.8125 -0.1796 0.5547
vn -0.2346 -0.1876 0.9538
vn -0.6437 -0.3454 0.6829
vn -0.7200 -0.3443 0.6026
vn -0.7558 -0.2047 0.6220
vn -0.7290 -0.3371 0.5957
vn -0.3932 -0.2045 0.8964
vn -0.3603 -0.2115 0.9086
vn -0.5577 -0.4084 0.7226
vn -0.8710 -0.2197 0.4394
vn -0.9707 -0.2270 0.0783
vn -0.9580 -0.2827 0.0472
vn -0.8381 0.5327 0.1175
vn -0.9848 -0.1016 0.1407
vn -0.6033 -0.7835 0.1489
vn -0.9648 -0.2353 0.1176
vn -0.9081 -0.1488 -0.3914
vn -0.8614 -0.2271 -0.4542
vn -0.5947 -0.6887 -0.4148
vn -0.4173 -0.7715 -0.4802
vn -0.5865 -0.0860 -0.8054
vn -0.8915 0.1642 -0.4223
vn -0.9048 0.0866 -0.4170
vn -0.9048 -0.2028 -0.3744
vn -0.9215 0.1952 -0.3358
vn -0.9730 0.2197 0.0706
vn -0.9377 0.3467 0.0236
vn -0.8961 0.1729 0.4087
vn -0.7503 -0.3204 0.5783
vn -0.8319 0.0785 0.5494
vn -0.9093 0.2822 0.3057
vn -0.7519 0.2663 0.6031
vn -0.4370 0.8973 0.0624
vn -0.4336 0.8989 -0.0631
vn -0.9148 0.3154 -0.2523
vn -0.7909 0.0392 -0.6107
vn -0.6227 -0.3468 -0.7015
vn -0.6225 -0.0630 -0.7801
vn -0.7410 0.3432 -0.5772
vn -0.5038 -0.2755 -0.8187
vn -0.4685 -0.6324 -0.6169
vn -0.6391 -0.2338 -0.7327
vn -0.6995 0.1022 -0.7073
vn -0.7485 0.2679 -0.6067
vn -0.6552 0.4263 -0.6237
vn -0.0865 0.8026 -0.5902
vn 0.3992 0.9157 -0.0469
vn 0.1099 0.7298 -0.6748
vn -0.0551 0.3857 -0.9210
vn -0.4476 0.6204 -0.6440
vn -0.3548 0.2838 -0.8908
vn -0.4874 0.3066 -0.8176
vn -0.6443 0.1257 -0.7543
vn -0.3297 0.5888 -0.7380
vn 0.0392 0.4153 -0.9088
vn -0.1878 0.0861 -0.9784
vn -0.3386 -0.4489 -0.8269
vn -0.0938 0.8048 0.5860
vn 0.1104 0.7336 0.6705
vn 0.0704 0.4145 0.9073
vn -0.0628 0.3922 0.9177
vn -0.0470 0.9559 0.2899
vn 0.2999 0.5998 0.7418
vn 0.2420 0.1405 0.9601
vn 0.0469 0.4216 0.9056
vn -0.3352 0.5924 0.7326
vn -0.4499 0.6236 0.6393
vn -0.3608 0.2902 0.8863
vn -0.6575 0.4305 0.6184
vn -0.5244 0.2740 0.8062
vn -0.6693 0.1968 0.7165
vn -0.1812 0.1104 0.9772
vn 0.0707 -0.1257 0.9896
vn 0.3914 -0.3444 0.8533
vn -0.3209 -0.5557 0.7670
vn -0.4605 -0.4370 0.7726
vn -0.7228 0.1021 0.6835
vn -0.6250 -0.3047 0.7187
vn -0.3906 -0.7968 0.4609
vn -0.3377 -0.7146 0.6126
vn 0.5702 -0.8202 0.0469
vn 0.5533 -0.7403 -0.3818
vn 0.9771 -0.1655 0.1339
vn 0.2110 -0.8048 -0.5547
vn 0.7471 -0.2909 -0.5976
vn 0.2362 -0.8660 -0.4408
vn 0.9905 0.0314 -0.1336
vn 0.3628 -0.5205 -0.7730
vn 0.3938 -0.3071 -0.8664
vn 0.8418 -0.3933 -0.3697
vn 0.2996 -0.1734 -0.9382
vn 0.9414 -0.0000 -0.3373
vn 0.3143 -0.3928 -0.8642
vn 0.5333 0.2510 -0.8078
vn 0.2743 0.2900 -0.9169
vn -0.4856 -0.8067 -0.3368
vn -0.2575 -0.4994 -0.8272
vn -0.1872 -0.9049 -0.3822
vn -0.0394 -0.3465 -0.9372
vn 0.1335 -0.0550 -0.9895
vn 0.5882 0.0392 -0.8078
vn 0.4929 0.0548 -0.8684
vn 0.1571 -0.1649 -0.9737
vn 0.7770 -0.3689 -0.5101
vn 0.4467 0.0471 -0.8934
vn 0.2838 -0.8908 -0.3548
vn 0.2424 0.0313 -0.9697
vn 0.3303 0.0157 -0.9437
vn 0.5974 0.0157 -0.8018
vn 0.1017 0.0470 -0.9937
vn -0.1096 -0.0000 -0.9940
vn 0.0394 -0.3860 -0.9217
vn 0.1648 -0.9179 -0.3609
vn 0.4257 -0.8357 -0.3469
vn 0.2508 -0.5095 -0.8231
vn -0.3709 -0.3867 -0.8443
vn -0.1411 -0.9091 -0.3919
vn -0.3470 -0.8913 -0.2919
vn -0.6865 -0.3157 -0.6550
vn -0.7263 -0.6404 -0.2499
vn -0.6990 0.3691 -0.6125
vn -0.5547 -0.1797 -0.8124
vn -0.5716 -0.7517 -0.3289
vn -0.5147 -0.3198 -0.7955
vn -0.6328 -0.6640 -0.3984
vn -0.6021 -0.1173 -0.7898
vn -0.3978 -0.0936 -0.9127
vn -0.5796 -0.0235 -0.8146
vn -0.5231 -0.0468 -0.8510
vn -0.0627 -0.0783 -0.9950
vn 0.1018 -0.0157 -0.9947
vn -0.0470 0.1566 -0.9865
vn -0.2749 0.0786 -0.9583
vn -0.3853 0.2752 -0.8808
vn -0.0626 0.1488 -0.9869
vn 0.0705 0.1410 -0.9875
vn 0.0626 0.0939 -0.9936
vn 0.2821 0.0784 -0.9562
vn -0.1017 0.0470 -0.9937
vn -0.6060 0.0315 -0.7948
vn -0.5508 0.0315 -0.8341
vn -0.5592 0.2048 -0.8034
vn 0.3760 0.2741 -0.8851
vn -0.0235 0.3372 -0.9411
vn -0.2673 0.5345 -0.8018
vn 0.1884 0.5574 -0.8086
vn 0.3619 0.3462 -0.8655
vn 0.0783 0.2821 -0.9562
vn -0.0626 0.2897 -0.9551
vn -0.2676 0.2834 -0.9209
vn 0.0157 0.3138 -0.9494
vn 0.5109 0.2122 -0.8331
vn 0.2283 0.2361 -0.9445
vn 0.1645 0.5326 -0.8302
vn 0.1178 0.3769 -0.9187
vn 0.1018 0.5482 -0.8301
vn 0.0235 0.4627 -0.8862
vn -0.0626 0.2896 -0.9551
vn 0.1731 -0.1338 -0.9758
vn 0.1887 0.4010 -0.8964
vn 0.0156 0.7031 -0.7109
vn 0.0235 0.5796 -0.8146
vn 0.3053 0.5949 -0.7436
vn 0.3441 0.4692 -0.8133
vn 0.2752 0.2516 -0.9279
vn 0.2755 0.2755 -0.9210
vn 0.2277 0.5652 -0.7929
vn 0.5256 0.7139 -0.4628
vn 0.3618 0.7945 -0.4877
vn -0.0000 0.9389 -0.3443
vn -0.0000 0.9439 -0.3303
vn -0.0000 0.6912 -0.7226
vn -0.1415 0.3852 -0.9119
vn -0.0157 0.2036 -0.9789
vn -0.0787 0.4012 -0.9126
vn 0.0786 0.3223 -0.9434
vn 0.0079 0.6912 -0.7226
vn 0.0236 0.2591 -0.9656
vn 0.2361 0.4092 -0.8814
vn 0.0078 0.2351 -0.9719
vn -0.1418 -0.1024 -0.9846
vn -0.2039 0.4157 -0.8863
vn -0.0000 0.2737 -0.9618
vn -0.0944 0.4326 -0.8966
vn -0.0236 0.6990 -0.7147
vn -0.1414 0.5105 -0.8482
vn -0.2363 0.2835 -0.9294
vn -0.4158 0.1648 -0.8944
vn -0.3311 0.1025 -0.9380
vn -0.5694 0.0702 -0.8190
vn -0.4019 0.2443 -0.8825
vn -0.6436 0.1727 -0.7456
vn -0.8657 0.1560 -0.4757
vn -0.8360 0.0710 -0.5442
vn -0.9295 -0.1024 -0.3545
vn -0.5952 -0.7753 -0.2114
vn -0.9668 -0.1807 -0.1808
vn -0.5708 -0.8210 -0.0078
vn -0.9790 -0.2036 -0.0078
vn -0.9989 0.0472 -0.0079
vn -0.9686 0.0472 -0.2441
vn -0.9705 0.1409 -0.1957
vn -0.9888 0.1491 -0.0079
vn -0.8832 0.4690 -0.0078
vn -0.8632 0.4944 -0.1020
vn -0.7965 0.5205 -0.3076
vn -0.6159 0.5764 -0.5370
vn -0.6596 0.7382 -0.1414
vn -0.6941 0.7178 -0.0552
vn -0.7110 0.7032 -0.0078
vn -0.5655 0.8247 -0.0000
vn -0.5593 0.8271 -0.0551
vn -0.4722 0.8815 -0.0000
vn -0.4396 0.8948 -0.0785
vn -0.2364 0.9613 -0.1418
vn -0.5272 0.8498 -0.0000
vn -0.2834 0.8346 -0.4724
vn -0.3768 0.9263 -0.0000
vn -0.0629 0.9980 -0.0000
vn -0.0550 0.8883 -0.4559
vn 0.1961 0.9806 -0.0000
vn -0.0394 0.9763 -0.2126
vn -0.1569 0.9415 -0.2982
vn -0.4566 0.8818 -0.1181
vn -0.5847 0.7875 -0.1949
vn -0.5122 0.7958 -0.3231
vn -0.4262 0.6629 -0.6156
vn -0.2965 0.2809 -0.9128
vn -0.0864 0.6127 -0.7856
vn -0.0078 0.9864 -0.1644
vn 0.0157 0.9979 0.0628
vn 0.1726 0.8474 -0.5021
vn 0.1964 0.8877 -0.4164
vn 0.0629 0.9980 -0.0000
vn 0.0628 0.8797 -0.4713
vn -0.0472 0.9989 -0.0000
vn 0.0630 0.9444 -0.3227
vn -0.0786 0.9434 -0.3223
vn -0.0548 0.8769 -0.4776
vn -0.0236 0.9997 -0.0000
vn -0.0235 0.9093 -0.4154
vn -0.0000 0.9876 -0.1568
vn -0.0314 0.9975 -0.0629
vn 0.0315 0.9995 0.0079
vn 0.0079 0.9888 -0.1491
vn -0.0000 0.9548 -0.2974
vn 0.2669 0.9027 -0.3375
vn 0.2197 0.8630 -0.4550
vn 0.2203 0.9754 -0.0000
vn 0.2111 0.9775 -0.0000
vn 0.2357 0.8170 -0.5263
vn 0.2037 0.9790 -0.0000
vn 0.2425 0.7277 -0.6416
vn 0.0786 0.8414 -0.5347
vn 0.0940 0.9476 -0.3054
vn 0.0550 0.9985 -0.0000
vn 0.0549 0.9644 -0.2587
vn 0.0942 0.9654 -0.2433
vn 0.1259 0.9920 -0.0000
vn 0.3055 0.9247 -0.2273
vn 0.1260 0.9920 -0.0000
vn 0.1098 0.9099 -0.4000
vn 0.0940 0.9791 -0.1802
vn 0.2036 0.9790 -0.0000
vn 0.2197 0.9572 -0.1883
vn 0.7000 0.7000 -0.1416
vn 0.2436 0.8722 -0.4243
vn 0.0706 0.8709 -0.4864
vn 0.0626 0.9309 -0.3599
vn 0.0705 0.8064 -0.5872
vn 0.0705 0.6733 -0.7360
vn 0.0705 0.6270 -0.7758
vn 0.3303 0.5663 -0.7551
vn 0.0866 0.1574 -0.9837
vn 0.0785 0.1728 -0.9818
vn 0.0787 0.7166 -0.6930
vn 0.1097 0.7837 -0.6113
vn 0.0862 0.9482 -0.3056
vn 0.1260 0.8030 -0.5825
vn 0.0629 0.9593 -0.2752
vn 0.1100 0.5658 -0.8172
vn 0.0866 0.1969 -0.9766
vn 0.0941 -0.1725 -0.9805
vn 0.0787 -0.1652 -0.9831
vn 0.0784 -0.1256 -0.9890
vn 0.0865 -0.1023 -0.9910
vn 0.3447 0.1097 -0.9323
vn 0.7483 0.3308 -0.5750
vn 0.7234 0.5976 -0.3459
vn 0.2191 0.8373 -0.5009
vn 0.1880 0.4856 -0.8537
vn 0.7066 0.0393 -0.7066
vn 0.1799 0.1095 -0.9776
vn 0.6665 -0.0314 -0.7449
vn 0.0940 -0.0156 -0.9954
vn 0.0315 -0.2126 -0.9766
vn 0.3386 -0.8582 -0.3858
vn 0.1806 -0.4399 -0.8797
vn 0.3521 -0.0939 -0.9312
vn 0.0944 -0.1496 -0.9842
vn 0.0473 -0.2441 -0.9686
vn 0.0236 -0.2202 -0.9752
vn 0.0471 -0.2588 -0.9648
vn 0.0702 -0.3201 -0.9448
vn 0.1252 -0.1644 -0.9784
vn 0.1495 -0.2361 -0.9602
vn 0.0863 0.2120 -0.9735
vn 0.0313 0.8364 -0.5472
vn 0.1565 0.9314 -0.3287
vn 0.5191 0.8259 -0.2202
vn 0.3465 0.9057 -0.2441
vn 0.4317 0.7693 -0.4710
vn 0.2282 0.9445 -0.2361
vn 0.0393 0.0158 -0.9991
vn 0.7110 0.7032 -0.0000
vn 0.1810 0.9835 -0.0001
vn 0.1889 0.9604 -0.2047
vn -0.4876 -0.8730 -0.0079
vn -0.5178 -0.8395 -0.1647
vn -0.6247 -0.7809 -0.0078
vn -0.6417 -0.7591 -0.1096
vn -0.4773 -0.8686 -0.1330
vn 0.1331 -0.9866 -0.0940
vn 0.2127 -0.9771 -0.0000
vn -0.7021 -0.6474 -0.2964
vn -0.8519 -0.5236 -0.0078
vn 0.0470 -0.9877 -0.1489
vn 0.4730 -0.8751 -0.1025
vn -0.4296 -0.7186 -0.5468
vn 0.1881 -0.8936 -0.4076
vn -0.0704 -0.7827 -0.6184
vn -0.0156 -0.5618 -0.8271
vn -0.3900 -0.8267 -0.4055
vn 0.1561 -0.4604 -0.8739
vn -0.1729 -0.1886 -0.9667
vn -0.1496 -0.2913 -0.9449
vn -0.6320 -0.6554 -0.4135
vn -0.6826 -0.7061 -0.1883
vn -0.6992 -0.7149 -0.0079
vn -0.4241 -0.8874 -0.1806
vn -0.2965 -0.9052 -0.3043
vn -0.1814 -0.8439 -0.5048
vn -0.6976 -0.1254 -0.7054
vn -0.9165 -0.1567 -0.3682
vn -0.3549 -0.1499 -0.9228
vn -0.0000 -0.7565 -0.6540
vn 0.1970 -0.2599 -0.9453
vn 0.5982 -0.6296 -0.4958
vn 0.6905 -0.5492 -0.4708
vn 0.3276 -0.8891 -0.3198
vn 0.1973 -0.8205 -0.5365
vn 0.3618 -0.1494 -0.9202
vn -0.0000 -0.1733 -0.9849
vn 0.0078 -0.4061 -0.9138
vn -0.8438 -0.3985 -0.3594
vn -0.9835 -0.1809 -0.0079
vn -0.9125 -0.4091 -0.0079
vn -0.9191 -0.1571 0.3614
vn -0.8462 -0.3996 0.3526
vn -0.3472 -0.8680 -0.3551
vn 0.0078 -0.9301 -0.3673
vn 0.7021 -0.1183 -0.7021
vn 0.4841 -0.8511 -0.2030
vn 0.9202 -0.1494 -0.3618
vn 0.8488 -0.3930 -0.3537
vn 0.3541 -0.8656 -0.3541
vn -0.6452 -0.4092 0.6452
vn -0.7015 -0.1261 0.7015
vn -0.4247 -0.8887 0.1730
vn -0.6836 -0.7072 0.1807
vn -0.7037 -0.6489 0.2893
vn -0.6340 -0.6575 0.4070
vn -0.2972 -0.9074 0.2972
vn -0.1878 -0.8450 0.5008
vn -0.3614 -0.1571 0.9191
vn 0.0079 -0.1810 0.9835
vn 0.0078 -0.7598 0.6501
vn -0.1569 -0.2981 0.9415
vn -0.4315 -0.7217 0.5413
vn 0.0471 -0.9889 0.1413
vn 0.1332 -0.9873 0.0862
vn -0.4778 -0.8695 0.1253
vn -0.6247 -0.7808 -0.0078
vn -0.6422 -0.7597 0.1018
vn -0.5185 -0.8405 0.1571
vn -0.5961 -0.7765 0.2039
vn -0.9686 -0.1797 0.1719
vn -0.9687 0.0547 0.2422
vn -0.9888 0.1491 -0.0078
vn -0.9297 -0.1094 0.3516
vn -0.6347 -0.6660 0.3918
vn -0.5731 -0.7536 0.3219
vn -0.7277 -0.6416 0.2425
vn -0.3515 -0.8905 0.2890
vn -0.1415 -0.9119 0.3852
vn 0.4758 -0.8737 0.1014
vn 0.1887 -0.8964 0.4010
vn 0.4294 -0.8353 0.3435
vn -0.3765 -0.3922 0.8393
vn -0.6890 -0.3210 0.6498
vn -0.5582 -0.1808 0.8098
vn -0.5179 -0.3217 0.7926
vn -0.6058 -0.1180 0.7868
vn -0.8378 0.0783 0.5403
vn -0.9720 0.1411 0.1881
vn -0.8639 0.4948 0.0942
vn -0.8689 0.1566 0.4696
vn -0.5731 0.0707 0.8165
vn -0.4007 -0.0943 0.9114
vn -0.5796 -0.0235 0.8146
vn -0.7023 0.3709 0.6076
vn -0.5266 -0.0472 0.8488
vn 0.2524 -0.5128 0.8205
vn 0.1640 -0.9217 0.3515
vn 0.0471 -0.3925 0.9185
vn -0.0704 -0.0861 0.9938
vn -0.6108 0.0392 0.7908
vn -0.5561 0.0392 0.8302
vn -0.6473 0.1794 0.7409
vn -0.7961 0.5230 0.3044
vn -0.6943 0.7177 0.0546
vn -0.5595 0.8275 0.0473
vn -0.6604 0.7390 0.1336
vn -0.6180 0.5789 0.5320
vn -0.4077 0.2509 0.8780
vn -0.4217 0.1718 0.8903
vn -0.5637 0.2114 0.7985
vn -0.1094 0.0547 0.9925
vn 0.1095 -0.0235 0.9937
vn -0.1173 0.0078 0.9931
vn -0.0471 -0.3533 0.9343
vn -0.1878 -0.9076 0.3755
vn -0.3912 -0.8293 0.3990
vn -0.0157 -0.5655 0.8246
vn -0.1803 -0.1959 0.9639
vn 0.2041 -0.2669 0.9419
vn 0.1571 -0.4635 0.8721
vn 0.6002 -0.6314 0.4911
vn 0.6930 -0.5513 0.4646
vn 0.2035 -0.8218 0.5322
vn 0.3284 -0.8913 0.3127
vn 0.3682 -0.1567 0.9165
vn 0.7054 -0.1254 0.6976
vn 0.4849 -0.8524 0.1955
vn 0.7898 -0.5864 0.1798
vn 0.5474 -0.8368 -0.0078
vn 0.9228 -0.1499 0.3549
vn 0.0078 -0.9327 0.3606
vn 0.3551 -0.8680 0.3472
vn 0.8512 -0.3940 0.3467
vn 0.9849 -0.1733 -0.0000
vn 0.3674 -0.9300 -0.0078
vn 0.7886 -0.5856 -0.1874
vn 0.7261 -0.6714 -0.1483
vn 0.6332 -0.7739 -0.0078
vn 0.8498 -0.5272 -0.0000
vn 0.0705 -0.9950 -0.0705
vn 0.1023 -0.8578 0.5037
vn 0.0548 -0.9153 0.3990
vn 0.3437 -0.8828 0.3203
vn -0.5333 -0.8078 0.2510
vn -0.5160 -0.8522 -0.0860
vn 0.1256 -0.9890 -0.0785
vn 0.2885 -0.8968 0.3353
vn -0.1250 -0.7890 0.6015
vn 0.2501 -0.4299 0.8676
vn 0.2363 -0.8659 -0.4409
vn 0.9771 -0.1655 0.1340
vn -0.2276 -0.9342 0.2748
vn -0.2191 -0.9470 0.2348
vn -0.0157 -0.9954 -0.0940
vn 0.5533 -0.7403 -0.3819
vn 0.2110 -0.8048 -0.5548
vn -0.0079 -0.9998 0.0157
vn 0.1018 -0.9940 0.0391
vn -0.1337 -0.9910 0.0079
vn 0.6332 -0.7740 -0.0078
vn 0.7269 -0.6722 0.1407
vn 0.0706 -0.9955 0.0627
vn 0.1019 -0.8544 -0.5095
vn 0.0473 -0.9144 -0.4020
vn 0.3392 -0.8834 -0.3234
vn -0.5322 -0.8062 -0.2583
vn -0.5163 -0.8528 0.0782
vn -0.4868 -0.8088 0.3298
vn 0.1256 -0.9896 0.0707
vn 0.2834 -0.8973 -0.3384
vn -0.1180 -0.7868 -0.6058
vn 0.2436 -0.4243 -0.8722
vn -0.2187 -0.9453 -0.2422
vn -0.2272 -0.9321 -0.2820
vn 0.5700 -0.8198 -0.0546
vn -0.0157 -0.9961 0.0863
vn -0.1337 -0.9909 -0.0157
vn 0.1017 -0.9937 -0.0470
vn -0.0079 -0.9997 -0.0236
vn 0.2119 -0.8083 0.5493
vn 0.5549 -0.7425 0.3752
vn 0.9760 -0.1653 -0.1417
vn 0.2420 -0.8663 0.4370
vn 0.9915 0.0315 0.1259
vn 0.7488 -0.2964 0.5928
vn 0.3203 -0.3985 0.8594
vn -0.2592 -0.5027 0.8247
vn 0.1411 -0.0627 0.9880
vn 0.3441 0.2424 0.9071
vn 0.5378 0.2572 0.8029
vn 0.9439 -0.0000 0.3303
vn 0.2809 0.2965 0.9128
vn 0.5931 0.0468 0.8038
vn 0.1094 0.0547 0.9925
vn 0.6023 0.0235 0.7979
vn 0.4962 0.0551 0.8664
vn 0.1645 -0.1723 0.9712
vn 0.3372 0.0235 0.9411
vn 0.5109 0.2122 0.8331
vn 0.2283 0.2361 0.9445
vn 0.2443 0.0315 0.9692
vn 0.7801 -0.3703 0.5043
vn 0.8442 -0.3945 0.3629
vn 0.3676 -0.5281 0.7655
vn 0.3998 -0.3126 0.8616
vn 0.2974 -0.1722 0.9391
vn 0.4527 0.0546 0.8900
vn 0.2755 0.2755 0.9210
vn 0.2819 0.2584 0.9240
vn 0.2340 0.5695 0.7880
vn 0.3463 0.4722 0.8106
vn 0.1251 0.3833 0.9151
vn 0.1655 0.5361 0.8278
vn 0.0235 0.3208 0.9468
vn -0.3911 0.2816 0.8762
vn -0.2820 0.0862 0.9555
vn -0.0547 0.1642 0.9849
vn -0.0704 0.1564 0.9852
vn -0.0703 0.2967 0.9524
vn -0.2743 0.2900 0.9169
vn 0.0860 0.2891 0.9534
vn 0.0782 0.1486 0.9858
vn 0.0703 0.1016 0.9923
vn 0.2892 0.0860 0.9534
vn 0.3786 0.2761 0.8834
vn 0.3677 0.3521 0.8607
vn 0.0156 0.2425 0.9700
vn 0.1805 -0.1413 0.9734
vn -0.0235 0.2111 0.9772
vn -0.0703 0.2966 0.9524
vn 0.1025 0.5518 0.8277
vn 0.0312 0.4687 0.8828
vn 0.1957 0.4070 0.8922
vn -0.1488 0.3914 0.9081
vn -0.0863 0.4075 0.9091
vn -0.0078 0.6953 0.7187
vn 0.0157 0.7070 0.7070
vn 0.0078 0.9447 0.3279
vn 0.0156 0.6952 0.7186
vn 0.0862 0.3292 0.9403
vn 0.0314 0.2663 0.9634
vn -0.1493 -0.1101 0.9826
vn 0.2361 0.4092 0.8814
vn -0.2107 0.4215 0.8820
vn -0.0000 0.2758 0.9612
vn 0.1951 0.5619 0.8039
vn -0.1018 0.4386 0.8929
vn -0.1485 0.5157 0.8438
vn -0.2734 0.5389 0.7967
vn -0.2431 0.2902 0.9256
vn -0.1573 0.9437 0.2910
vn -0.0938 0.6172 0.7812
vn -0.2986 0.2829 0.9115
vn -0.4304 0.6651 0.6103
vn -0.0313 0.3441 0.9384
vn -0.5147 0.7955 0.3198
vn -0.5856 0.7886 0.1874
vn -0.4571 0.8826 0.1103
vn -0.4398 0.8953 0.0707
vn -0.2420 0.9601 0.1405
vn -0.2888 0.8351 0.4683
vn -0.0624 0.8895 0.4526
vn -0.0391 0.9783 0.2035
vn -0.0078 0.9876 0.1568
vn 0.0079 0.9899 0.1414
vn -0.0314 0.9980 0.0550
vn 0.0157 0.9974 -0.0706
vn 0.1733 0.8507 0.4962
vn 0.1970 0.8906 0.4098
vn 0.0631 0.8830 0.4651
vn -0.0550 0.8801 0.4715
vn -0.0788 0.9457 0.3152
vn -0.0236 0.9123 0.4089
vn -0.0000 0.9052 0.4251
vn 0.2204 0.8660 0.4488
vn 0.2366 0.8203 0.5206
vn 0.2676 0.9051 0.3306
vn -0.0000 0.9570 0.2902
vn -0.0000 0.9888 0.1491
vn 0.0627 0.9476 0.3132
vn 0.0315 0.9994 -0.0158
vn 0.2270 0.9471 0.2270
vn 0.3447 0.9088 0.2350
vn 0.5200 0.8273 0.2127
vn 0.0858 0.8431 0.5309
vn 0.2438 0.7313 0.6370
vn 0.2112 0.9775 -0.0000
vn 0.0942 0.9498 0.2983
vn 0.1569 0.9337 0.3217
vn 0.4333 0.7721 0.4648
vn 0.3664 0.7951 0.4833
vn 0.0237 0.5833 0.8119
vn 0.3071 0.5984 0.7401
vn 0.5275 0.7164 0.4566
vn 0.0314 0.8400 0.5417
vn 0.1329 0.8049 0.5783
vn 0.0630 0.9614 0.2679
vn 0.0864 0.9505 0.2985
vn 0.0550 0.9663 0.2514
vn 0.0551 0.9985 -0.0000
vn 0.0944 0.9672 0.2359
vn 0.3061 0.9263 0.2198
vn 0.1101 0.9127 0.3934
vn 0.0941 0.9805 0.1726
vn 0.2200 0.9586 0.1807
vn 0.2444 0.8751 0.4178
vn 0.7007 0.7008 0.1339
vn 0.1892 0.9619 0.1971
vn 0.1809 0.9835 -0.0000
vn 0.2200 0.8406 0.4949
vn 0.3850 0.9035 0.1885
vn 0.3537 0.9354 -0.0000
vn 0.4379 -0.8679 -0.2345
vn 0.4061 -0.9138 -0.0078
vn 0.4096 -0.5436 -0.7326
vn 0.5054 -0.7106 -0.4896
vn 0.4007 0.7857 0.4714
vn 0.1892 0.4889 0.8516
vn 0.3906 0.4609 0.7969
vn 0.4449 -0.4528 -0.7727
vn 0.4212 -0.1793 -0.8891
vn 0.5420 -0.0000 -0.8404
vn 0.3208 0.1252 0.9389
vn 0.1812 0.1103 0.9772
vn 0.2758 0.0158 0.9611
vn 0.3139 -0.0000 -0.9495
vn 0.4241 0.1807 -0.8874
vn 0.6645 0.4534 -0.5941
vn 0.4535 0.4926 -0.7428
vn 0.3053 -0.1566 0.9393
vn 0.1018 -0.0235 0.9945
vn 0.7102 0.0468 0.7024
vn 0.6704 -0.0315 0.7413
vn 0.0393 -0.2201 0.9747
vn 0.2269 -0.1487 0.9625
vn 0.2435 -0.5105 0.8247
vn 0.4931 0.7515 -0.4383
vn 0.4251 0.8817 -0.2046
vn 0.7847 0.6199 -0.0000
vn 0.2419 -0.9521 0.1873
vn 0.2582 -0.8528 0.4538
vn 0.1172 -0.8754 0.4690
vn 0.1093 -0.9762 0.1875
vn 0.2278 -0.9737 -0.0078
vn 0.3995 0.9167 -0.0000
vn 0.4258 0.8831 0.1972
vn 0.6675 0.4555 0.5890
vn 0.4948 0.7540 0.4320
vn 0.2363 -0.9531 -0.1890
vn 0.1024 -0.9766 -0.1890
vn 0.0471 -0.9969 0.0628
vn 0.5354 -0.8266 0.1732
vn 0.7334 -0.5362 0.4179
vn 0.2036 -0.4933 0.8457
vn 0.3829 -0.4533 0.8049
vn 0.2981 -0.1020 0.9491
vn 0.0550 -0.2514 0.9663
vn 0.0548 -0.0862 0.9948
vn 0.0784 -0.4862 0.8703
vn 0.3689 -0.7379 0.5652
vn 0.6083 -0.7798 -0.1482
vn 0.2980 -0.9491 -0.1020
vn 0.4409 -0.8975 -0.0000
vn 0.0785 -0.9969 -0.0078
vn 0.0470 -0.9964 -0.0706
vn 0.5346 -0.8255 -0.1808
vn 0.2983 -0.9498 0.0942
vn 0.4458 -0.8917 0.0782
vn 0.6089 -0.7807 0.1405
vn 0.7309 -0.5344 -0.4244
vn 0.1103 -0.8743 -0.4726
vn 0.2573 -0.8498 -0.4600
vn 0.2419 -0.5073 -0.8271
vn 0.1968 -0.4881 -0.8503
vn 0.3673 -0.7346 -0.5705
vn 0.3776 -0.4484 -0.8102
vn 0.3435 -0.9134 0.2186
vn 0.1733 -0.9848 0.0079
vn 0.4623 -0.8855 -0.0470
vn 0.5797 -0.8148 -0.0078
vn 0.4456 -0.8911 -0.0860
vn 0.3390 -0.9145 -0.2207
vn 0.1733 -0.9847 -0.0157
vn 0.4625 -0.8858 0.0392
vn 0.4628 -0.8864 -0.0078
vn 0.2419 -0.9521 -0.1873
vn 0.5230 -0.8432 -0.1249
vn 0.1015 -0.8510 -0.5153
vn 0.0709 -0.4804 -0.8742
vn 0.0471 -0.0784 -0.9958
vn 0.2911 -0.0944 -0.9520
vn 0.2197 -0.1413 -0.9653
vn 0.1807 -0.4398 -0.8797
vn 0.0471 -0.2589 -0.9648
vn 0.0470 -0.0784 -0.9958
vn 0.0711 -0.4804 -0.8742
vn 0.0946 -0.8672 -0.4888
vn 0.0470 -0.0940 -0.9945
vn 0.0703 -0.3201 -0.9448
vn 0.3938 -0.3072 -0.8664
vn 0.3628 -0.5205 -0.7729
vn 0.0936 -0.8659 -0.4914
vn 0.1021 -0.9736 -0.2041
vn 0.0946 -0.9774 -0.1892
vn 0.0550 -0.9985 -0.0079
vn 0.1016 -0.9770 0.1876
vn 0.1018 -0.9948 -0.0078
vn 0.1022 -0.9751 0.1966
vn 0.0940 -0.8692 0.4855
vn 0.0784 -0.4861 0.8704
vn 0.0547 -0.1017 0.9933
vn 0.1017 -0.8685 0.4851
vn 0.2423 -0.9534 0.1797
vn 0.1020 -0.8544 0.5095
vn 0.0703 -0.3201 0.9448
vn 0.2502 -0.7114 0.6567
vn 0.1569 -0.2432 0.9572
vn 0.1328 -0.1718 0.9761
vn 0.0940 0.2193 0.9711
vn 0.0866 0.1969 0.9766
vn 0.1173 0.5706 0.8128
vn 0.1103 0.7875 0.6064
vn 0.0861 0.7200 0.6886
vn 0.0862 0.1803 0.9798
vn 0.1018 -0.1800 0.9784
vn 0.0547 -0.2660 0.9624
vn 0.5235 -0.8439 0.1172
vn 0.2352 -0.9719 -0.0078
vn 0.0863 -0.1727 0.9812
vn 0.0314 -0.2276 0.9732
vn 0.0862 -0.1332 0.9873
vn 0.0942 0.1650 0.9818
vn 0.0709 0.6772 0.7324
vn 0.0708 0.8101 0.5820
vn 0.0628 0.9335 0.3530
vn 0.0709 0.8742 0.4804
vn 0.0711 0.6308 0.7727
vn 0.3358 0.5701 0.7498
vn 0.3513 0.1171 0.9289
vn 0.0942 -0.1100 0.9895
vn 0.1021 -0.1571 0.9823
vn -0.2815 -0.9305 0.2346
vn 0.3547 -0.0946 0.9302
vn 0.7498 0.3359 0.5702
vn 0.7253 0.5991 0.3390
vn 0.3432 -0.8580 0.3822
vn 0.1876 -0.4455 0.8754
vn 0.0393 0.0157 -0.9991
vn 0.0315 -0.2127 -0.9766
vn 0.2985 -0.1492 -0.9427
vn 0.0940 -0.0157 -0.9954
vn 0.4561 0.4954 0.7393
vn 0.4299 0.1876 0.8832
vn 0.2737 0.0157 -0.9617
vn 0.3140 0.1178 -0.9421
vn 0.3853 0.4561 -0.8022
vn 0.2191 0.8373 -0.5008
vn 0.3992 0.7827 -0.4775
vn 0.3844 0.9021 -0.1961
vn 0.5083 -0.7117 0.4849
vn 0.4476 -0.4554 0.7696
vn 0.4241 -0.1806 0.8874
vn 0.3209 0.0078 0.9471
vn 0.5420 -0.0000 0.8404
vn 0.4144 -0.5473 0.7271
vn 0.4387 -0.8695 0.2271
vn 0.1810 0.9835 -0.0000
vn 0.1890 0.9604 -0.2047
vn 0.6676 0.4555 0.5890
vn 0.6644 0.4534 -0.5941
vn 0.4096 -0.5435 -0.7326
vn -0.2810 -0.9287 -0.2420
vn 0.7949 -0.4407 -0.4171
vn 0.8253 0.0864 -0.5581
vn 0.8497 -0.4132 -0.3274
vn 0.5386 -0.7728 -0.3357
vn 0.4522 -0.7173 -0.5301
vn 0.8493 -0.4404 -0.2910
vn 0.9339 0.3375 -0.1177
vn 0.8896 0.4566 -0.0079
vn 0.9591 0.2830 -0.0000
vn 0.8507 -0.4569 -0.2600
vn 0.8337 -0.5270 -0.1652
vn 0.9369 -0.3464 0.0472
vn 0.4305 -0.8845 -0.1800
vn 0.3311 -0.9303 -0.1577
vn 0.2965 -0.9052 -0.3043
vn 0.3590 -0.9286 0.0937
vn 0.3359 -0.9372 -0.0937
vn 0.0391 -0.7592 -0.6497
vn -0.2186 -0.9678 -0.1249
vn -0.5254 -0.8391 0.1412
vn -0.6370 -0.7629 0.1101
vn -0.1497 -0.9136 -0.3781
vn 0.2344 -0.9063 -0.3516
vn 0.0078 -0.9447 -0.3279
vn -0.1093 -0.9679 -0.2264
vn 0.2818 -0.8924 -0.3523
vn 0.2839 -0.8201 -0.4968
vn -0.1179 0.3931 -0.9119
vn -0.1495 0.5430 -0.8263
vn 0.1413 0.8482 -0.5105
vn 0.8253 0.0865 -0.5581
vn 0.3220 0.9189 -0.2278
vn 0.1331 0.9866 0.0939
vn -0.0862 0.9873 -0.1332
vn -0.2122 0.8803 -0.4244
vn -0.2496 0.8345 -0.4913
vn -0.1806 0.3298 -0.9266
vn 0.2269 -0.7042 -0.6728
vn 0.2425 -0.8214 -0.5163
vn 0.1640 -0.9840 0.0703
vn -0.7885 -0.5153 -0.3357
vn -0.6577 -0.5950 -0.4620
vn -0.2991 -0.8657 -0.4014
vn -0.4241 0.3377 -0.8403
vn -0.2835 0.3150 -0.9057
vn -0.2990 -0.8657 -0.4014
vn -0.3063 0.8483 -0.4320
vn -0.4522 0.7641 -0.4600
vn -0.6325 0.6168 -0.4685
vn -0.6577 -0.5950 -0.4619
vn -0.8678 -0.4535 -0.2033
vn -0.1093 -0.9679 -0.2263
vn -0.5992 0.7253 -0.3390
vn -0.8115 0.4838 -0.3277
vn -0.8934 -0.4467 0.0470
vn -0.8721 -0.4871 0.0472
vn -0.9086 -0.4151 0.0470
vn -0.9153 0.3677 -0.1643
vn -0.6530 0.6216 -0.4327
vn -0.7777 0.6284 -0.0157
vn -0.6389 0.6784 -0.3628
vn -0.4876 0.7078 -0.5112
vn -0.4136 0.8819 -0.2263
vn -0.3299 0.8874 -0.3220
vn -0.3626 0.7568 -0.5439
vn -0.4315 0.8709 -0.2354
vn -0.5228 0.8350 -0.1717
vn -0.6561 0.7498 0.0859
vn -0.8119 0.5074 0.2888
vn -0.9740 0.1257 0.1885
vn -0.8940 -0.4470 -0.0314
vn -0.8693 -0.4933 -0.0313
vn -0.9065 -0.4220 0.0078
vn -0.1496 -0.9136 -0.3780
vn -0.8869 -0.4552 -0.0785
vn -0.9136 -0.4060 -0.0234
vn -0.8990 -0.4378 -0.0156
vn -0.7985 -0.5871 0.1331
vn -0.6206 0.1493 0.7698
vn -0.3535 0.1257 0.9269
vn -0.5254 -0.8391 0.1411
vn -0.0235 -0.2973 0.9545
vn -0.2185 -0.9678 -0.1249
vn 0.3358 -0.9373 -0.0937
vn 0.0706 -0.3060 0.9494
vn 0.3590 -0.9286 0.0936
vn -0.1798 0.2423 0.9534
vn -0.3667 0.2731 0.8894
vn -0.4386 0.1566 0.8849
vn -0.8227 0.0705 0.5641
vn -0.8814 -0.4721 0.0157
vn -0.7372 -0.6667 -0.1098
vn -0.7114 0.3205 0.6254
vn -0.4535 0.1173 0.8835
vn -0.2121 0.0785 0.9741
vn -0.2114 0.4150 0.8849
vn -0.0471 0.3064 0.9507
vn 0.1017 -0.3052 0.9468
vn 0.1097 -0.2429 0.9638
vn -0.0078 0.3443 0.9388
vn -0.1099 0.4319 0.8952
vn -0.0547 0.1094 0.9925
vn -0.2120 0.2591 0.9423
vn -0.4340 0.2920 0.8523
vn -0.6242 0.4994 0.6008
vn -0.7259 0.6088 0.3200
vn -0.5539 0.8113 0.1872
vn -0.5305 0.7567 0.3822
vn -0.4845 0.6564 0.5783
vn -0.3993 0.1722 0.9005
vn -0.1564 0.1408 0.9776
vn -0.0938 0.2580 0.9616
vn 0.0236 0.1885 0.9818
vn 0.0708 0.5350 0.8419
vn 0.0709 0.4175 0.9059
vn 0.1881 -0.0705 0.9796
vn 0.3512 0.4527 0.8196
vn 0.9369 -0.3464 0.0473
vn 0.4260 0.6705 0.6074
vn 0.8507 -0.4568 -0.2599
vn 0.0552 0.7100 0.7021
vn 0.1575 0.8347 0.5276
vn 0.3387 0.4017 0.8508
vn 0.0789 0.5047 0.8597
vn -0.0235 0.2425 0.9699
vn -0.0788 0.2362 0.9685
vn 0.0470 0.2349 0.9709
vn -0.0938 0.8211 0.5631
vn 0.2185 0.8429 0.4917
vn 0.4247 0.7865 0.4483
vn 0.1577 0.9458 0.2838
vn 0.2522 0.9299 0.2679
vn 0.0784 0.9489 0.3058
vn 0.1970 0.8589 0.4728
vn 0.1576 0.9458 0.2838
vn 0.0393 0.9977 0.0550
vn 0.2351 0.9718 0.0157
vn -0.0000 0.9940 0.1096
vn -0.1496 0.9761 0.1574
vn -0.1183 0.9304 0.3469
vn -0.2808 0.7487 0.6005
vn -0.3053 0.6888 0.6575
vn -0.3146 0.8808 0.3539
vn -0.3469 0.9304 0.1183
vn -0.3690 0.9030 -0.2199
vn -0.2839 0.9384 -0.1971
vn -0.2832 0.9518 -0.1180
vn -0.0236 0.9492 -0.3138
vn -0.1806 0.9346 -0.3063
vn -0.3140 0.8243 -0.4710
vn -0.3460 0.9121 -0.2202
vn -0.3771 0.8957 -0.2357
vn -0.4255 0.8668 -0.2600
vn -0.4012 0.9126 0.0787
vn -0.5983 0.7872 -0.1496
vn 0.8519 -0.4142 0.3204
vn 0.8272 0.0936 0.5540
vn 0.7950 -0.4443 0.4131
vn 0.5400 -0.7748 0.3287
vn 0.4540 -0.7202 0.5245
vn 0.8513 -0.4414 0.2838
vn 0.9348 0.3378 0.1100
vn 0.8897 0.4566 -0.0000
vn 0.9591 0.2830 -0.0078
vn 0.8498 -0.4600 0.2573
vn 0.8348 -0.5276 0.1575
vn 0.9365 -0.3463 -0.0551
vn 0.4311 -0.8857 0.1724
vn 0.3356 -0.9290 0.1561
vn 0.2892 -0.8208 0.4925
vn 0.2826 -0.8949 0.3454
vn 0.2281 -0.7079 0.6685
vn -0.1253 0.3993 0.9082
vn -0.1877 0.3363 0.9229
vn -0.2900 0.3214 0.9014
vn -0.3074 0.8511 0.4256
vn -0.4538 0.7668 0.4538
vn -0.2505 0.8377 0.4854
vn -0.1565 0.5479 0.8218
vn 0.8272 0.0936 0.5541
vn 0.1419 0.8516 0.5046
vn -0.2129 0.8832 0.4179
vn -0.1811 0.9369 0.2992
vn -0.3307 0.8897 0.3149
vn -0.4143 0.8834 0.2189
vn -0.6008 0.7256 0.3355
vn -0.4895 0.7106 0.5053
vn -0.3672 0.7579 0.5392
vn -0.3152 0.8274 0.4649
vn -0.3778 0.8973 0.2282
vn -0.4323 0.8725 0.2279
vn -0.5235 0.8361 0.1641
vn -0.6401 0.6792 0.3591
vn -0.6552 0.6237 0.4263
vn -0.7778 0.6285 0.0079
vn -0.4290 0.8658 0.2574
vn -0.6556 0.7493 -0.0936
vn -0.5990 0.7881 0.1419
vn -0.4010 0.9120 -0.0865
vn -0.5519 0.8121 -0.1892
vn -0.7257 0.6073 -0.3234
vn -0.8124 0.5048 -0.2918
vn -0.9725 0.1255 -0.1961
vn -0.7093 0.3152 -0.6305
vn -0.8190 0.0702 -0.5694
vn -0.8812 -0.4721 -0.0236
vn -0.9137 -0.4061 0.0156
vn -0.6168 0.1483 -0.7730
vn -0.7948 -0.5902 -0.1416
vn -0.3469 0.1183 -0.9304
vn -0.6365 -0.7623 -0.1178
vn -0.5248 -0.8381 -0.1488
vn -0.0157 -0.2902 -0.9568
vn -0.2187 -0.9687 0.1172
vn 0.3361 -0.9379 0.0860
vn 0.0630 -0.2990 -0.9522
vn 0.3548 -0.9302 -0.0946
vn -0.1725 0.2352 -0.9565
vn -0.3607 0.2666 -0.8938
vn -0.4327 0.1495 -0.8890
vn -0.4535 0.1173 -0.8835
vn -0.6219 0.4959 -0.6061
vn -0.5279 0.7564 -0.3861
vn -0.3137 0.8783 -0.3607
vn -0.4810 0.6544 -0.5835
vn -0.4311 0.2900 -0.8544
vn -0.2047 0.0708 -0.9763
vn -0.2046 0.4092 -0.8892
vn -0.0394 0.2994 -0.9533
vn 0.0942 -0.2988 -0.9496
vn 0.3357 -0.9290 0.1561
vn 0.1022 -0.2357 -0.9664
vn -0.1025 0.4258 -0.8990
vn -0.0470 0.1017 -0.9937
vn -0.3931 0.1654 -0.9045
vn -0.2998 0.6863 -0.6626
vn -0.1489 0.1333 -0.9798
vn -0.0862 0.2508 -0.9642
vn 0.0157 0.1809 -0.9834
vn 0.0704 0.5315 -0.8441
vn 0.0704 0.4146 -0.9073
vn 0.1806 -0.0628 -0.9815
vn 0.3456 0.4477 -0.8247
vn 0.4239 0.6673 -0.6124
vn 0.0549 0.7061 -0.7060
vn 0.1569 0.8313 -0.5333
vn 0.3365 0.3991 -0.8529
vn 0.0783 0.5013 -0.8617
vn -0.0157 0.2351 -0.9718
vn -0.0787 0.2362 -0.9685
vn -0.2752 0.7469 -0.6054
vn -0.1179 0.9278 -0.3538
vn -0.0866 0.8191 -0.5670
vn 0.0392 0.2275 -0.9730
vn 0.2125 0.8420 -0.4958
vn 0.1573 0.9437 -0.2910
vn -0.1494 0.9749 -0.1651
vn 0.4232 0.7837 -0.4546
vn 0.2516 0.9279 -0.2752
vn -0.0000 0.9931 -0.1173
vn 0.2351 0.9717 -0.0235
vn 0.0782 0.9466 -0.3129
vn 0.1962 0.8557 -0.4789
vn 0.9591 0.2830 -0.0079
vn 0.1330 0.9859 -0.1017
vn 0.0393 0.9973 -0.0628
vn -0.0236 0.9515 0.3067
vn -0.2834 0.9526 0.1102
vn -0.2890 0.9372 0.1953
vn -0.3466 0.9295 -0.1260
vn -0.3697 0.9046 0.2124
vn -0.3466 0.9136 0.2127
vn -0.0863 0.9883 0.1255
vn 0.3226 0.9205 0.2203
vn -0.1562 -0.9138 0.3749
vn -0.6365 -0.7622 -0.1179
vn -0.8874 -0.4555 0.0707
vn -0.9065 -0.4220 -0.0156
vn 0.0078 -0.9471 0.3209
vn -0.8694 -0.4935 0.0235
vn -0.7379 -0.6672 0.1020
vn -0.8942 -0.4470 0.0236
vn -0.9165 0.3681 0.1567
vn -0.7778 0.6285 0.0078
vn -0.6552 0.6236 0.4263
vn -0.8136 0.4850 0.3207
vn -0.9082 -0.4150 -0.0548
vn -0.8717 -0.4869 -0.0550
vn -0.1094 -0.9696 0.2190
vn -0.8931 -0.4466 -0.0548
vn -0.8691 -0.4542 0.1957
vn -0.7906 -0.5166 0.3288
vn -0.6348 0.6191 0.4624
vn -0.4538 0.7669 0.4538
vn -0.4294 0.3435 0.8353
vn -0.6600 -0.5972 0.4558
vn -0.3042 -0.8656 0.3977
vn 0.2435 -0.8247 0.5105
vn 0.1576 -0.9850 -0.0709
vn -0.6601 -0.5972 0.4557
vn -0.1095 -0.9696 0.2189
vn 0.2350 -0.9088 0.3447
vn 0.2972 -0.9074 0.2972
vn 0.3547 -0.9302 -0.0946
vn 0.0393 -0.7631 0.6451
vt 0.639545 0.383625
vt 0.642630 0.390060
vt 0.633929 0.387578
vt 0.635472 0.393217
vt 0.640991 0.422692
vt 0.620506 0.385288
vt 0.618746 0.379191
vt 0.609661 0.398519
vt 0.612553 0.381842
vt 0.607949 0.406424
vt 0.626482 0.417751
vt 0.596406 0.422017
vt 0.597514 0.410256
vt 0.581897 0.421511
vt 0.594092 0.404954
vt 0.593513 0.400375
vt 0.572330 0.411943
vt 0.579800 0.400495
vt 0.559388 0.403026
vt 0.562738 0.419028
vt 0.550398 0.409581
vt 0.553459 0.400254
vt 0.569871 0.390566
vt 0.576089 0.388807
vt 0.581777 0.397868
vt 0.603780 0.394109
vt 0.605708 0.383312
vt 0.598936 0.374275
vt 0.601852 0.369262
vt 0.587127 0.365743
vt 0.587946 0.373407
vt 0.579487 0.379601
vt 0.574089 0.376805
vt 0.575583 0.368659
vt 0.564907 0.385023
vt 0.541746 0.375070
vt 0.554977 0.367526
vt 0.529841 0.381842
vt 0.541072 0.407846
vt 0.546639 0.416474
vt 0.514995 0.422113
vt 0.520346 0.387264
vt 0.495474 0.401411
vt 0.500559 0.430090
vt 0.485111 0.407316
vt 0.478339 0.437344
vt 0.470507 0.415654
vt 0.451877 0.426258
vt 0.458963 0.449202
vt 0.435730 0.435465
vt 0.444093 0.461493
vt 0.426813 0.440526
vt 0.435586 0.468530
vt 0.416450 0.446430
vt 0.425632 0.477833
vt 0.396085 0.458046
vt 0.439707 0.495040
vt 0.401701 0.489473
vt 0.429006 0.495136
vt 0.396688 0.512922
vt 0.405798 0.505283
vt 0.390350 0.490750
vt 0.387000 0.463204
vt 0.381553 0.491738
vt 0.380107 0.467132
vt 0.367358 0.490919
vt 0.369599 0.473109
vt 0.369840 0.497956
vt 0.383047 0.495474
vt 0.384300 0.516345
vt 0.369503 0.509789
vt 0.364996 0.523623
vt 0.371383 0.525069
vt 0.379963 0.523912
vt 0.386470 0.522394
vt 0.403340 0.518032
vt 0.394567 0.521116
vt 0.409172 0.510392
vt 0.411871 0.508223
vt 0.410931 0.533552
vt 0.401363 0.534998
vt 0.388952 0.539842
vt 0.383047 0.542180
vt 0.374203 0.544783
vt 0.379649 0.551916
vt 0.389699 0.548952
vt 0.419800 0.532805
vt 0.408015 0.542445
vt 0.402930 0.552037
vt 0.419559 0.550036
vt 0.392663 0.561315
vt 0.414667 0.567437
vt 0.382589 0.570955
vt 0.378806 0.562593
vt 0.354585 0.591055
vt 0.371624 0.595995
vt 0.395290 0.579342
vt 0.404038 0.575149
vt 0.403243 0.590886
vt 0.410835 0.585440
vt 0.421294 0.553073
vt 0.421246 0.579680
vt 0.425704 0.565581
vt 0.427078 0.549579
vt 0.425198 0.545988
vt 0.433441 0.540565
vt 0.435272 0.544975
vt 0.433344 0.564087
vt 0.433320 0.580475
vt 0.436381 0.603659
vt 0.426259 0.609491
vt 0.417679 0.612335
vt 0.394302 0.632097
vt 0.378541 0.609106
vt 0.366539 0.611106
vt 0.357140 0.615107
vt 0.371889 0.641039
vt 0.381915 0.636893
vt 0.383891 0.652751
vt 0.375624 0.656487
vt 0.392663 0.680635
vt 0.408858 0.684732
vt 0.397411 0.690637
vt 0.420234 0.663765
vt 0.428090 0.641014
vt 0.422282 0.622409
vt 0.431006 0.618987
vt 0.437224 0.635447
vt 0.447828 0.660415
vt 0.431681 0.674899
vt 0.419583 0.688901
vt 0.416763 0.707458
vt 0.409533 0.712061
vt 0.400640 0.716038
vt 0.396519 0.706326
vt 0.393772 0.716882
vt 0.390952 0.725533
vt 0.409148 0.744307
vt 0.418306 0.734788
vt 0.423174 0.724979
vt 0.424114 0.709338
vt 0.426379 0.692902
vt 0.437417 0.680490
vt 0.449491 0.669043
vt 0.453203 0.675622
vt 0.459758 0.669983
vt 0.470820 0.679213
vt 0.465831 0.663717
vt 0.454890 0.654173
vt 0.449660 0.628555
vt 0.466506 0.645810
vt 0.476291 0.656390
vt 0.477520 0.674007
vt 0.482773 0.691143
vt 0.488075 0.667235
vt 0.492245 0.688636
vt 0.487907 0.706350
vt 0.504488 0.684443
vt 0.498752 0.707723
vt 0.484846 0.721918
vt 0.512055 0.708278
vt 0.494920 0.727871
vt 0.474604 0.733896
vt 0.505669 0.734643
vt 0.481617 0.744042
vt 0.459131 0.739078
vt 0.487883 0.755032
vt 0.461035 0.751321
vt 0.461879 0.764190
vt 0.439056 0.748236
vt 0.441418 0.736113
vt 0.434621 0.760358
vt 0.430283 0.724232
vt 0.483328 0.649715
vt 0.494197 0.663644
vt 0.468530 0.629639
vt 0.494341 0.642003
vt 0.504464 0.656366
vt 0.514465 0.685335
vt 0.533769 0.704735
vt 0.522972 0.677116
vt 0.534782 0.696878
vt 0.559315 0.701337
vt 0.569582 0.709965
vt 0.539119 0.686684
vt 0.541698 0.678153
vt 0.527913 0.669115
vt 0.511814 0.649618
vt 0.502511 0.635664
vt 0.480653 0.621855
vt 0.494920 0.611733
vt 0.508054 0.632146
vt 0.516345 0.645979
vt 0.531335 0.664560
vt 0.543482 0.673092
vt 0.560135 0.680804
vt 0.560014 0.690275
vt 0.578957 0.699120
vt 0.603226 0.698276
vt 0.598358 0.691504
vt 0.576716 0.688202
vt 0.573800 0.678852
vt 0.559966 0.675863
vt 0.547482 0.661258
vt 0.533601 0.651956
vt 0.518249 0.628651
vt 0.525623 0.637086
vt 0.505958 0.606334
vt 0.528708 0.619493
vt 0.538396 0.634266
vt 0.551459 0.650196
vt 0.563485 0.663644
vt 0.572522 0.673429
vt 0.584355 0.668898
vt 0.587272 0.673550
vt 0.591947 0.681286
vt 0.606552 0.668898
vt 0.615637 0.675791
vt 0.628603 0.672923
vt 0.626940 0.655547
vt 0.641400 0.639834
vt 0.617108 0.650871
vt 0.599707 0.662439
vt 0.578885 0.658752
vt 0.595441 0.658391
vt 0.572257 0.648775
vt 0.561364 0.631278
vt 0.549242 0.614553
vt 0.526130 0.608552
vt 0.540758 0.603491
vt 0.560834 0.599032
vt 0.572811 0.612335
vt 0.583391 0.630362
vt 0.589898 0.646967
vt 0.603563 0.644412
vt 0.608648 0.646678
vt 0.621879 0.632869
vt 0.632989 0.635351
vt 0.633568 0.610431
vt 0.641111 0.603756
vt 0.629374 0.582355
vt 0.638075 0.574185
vt 0.620771 0.609925
vt 0.612553 0.630507
vt 0.606961 0.629687
vt 0.594743 0.631182
vt 0.592043 0.614504
vt 0.604599 0.611082
vt 0.610600 0.610335
vt 0.615589 0.585175
vt 0.624145 0.577679
vt 0.612287 0.579824
vt 0.604551 0.588163
vt 0.597104 0.580861
vt 0.598502 0.589561
vt 0.586621 0.593634
vt 0.567076 0.585849
vt 0.581584 0.581102
vt 0.579800 0.602189
vt 0.555483 0.593826
vt 0.555001 0.581222
vt 0.567678 0.579077
vt 0.572185 0.573414
vt 0.583777 0.577005
vt 0.608889 0.572980
vt 0.596502 0.573775
vt 0.584910 0.570835
vt 0.567148 0.566907
vt 0.560882 0.572305
vt 0.545627 0.551916
vt 0.552977 0.548494
vt 0.578234 0.559002
vt 0.587488 0.551145
vt 0.612649 0.566762
vt 0.620578 0.570184
vt 0.632290 0.571534
vt 0.630652 0.563822
vt 0.643425 0.562400
vt 0.645353 0.564063
vt 0.653740 0.554664
vt 0.652414 0.550446
vt 0.665404 0.541626
vt 0.640460 0.555580
vt 0.624289 0.561725
vt 0.618553 0.564448
vt 0.610673 0.541963
vt 0.603081 0.544831
vt 0.587922 0.548181
vt 0.560183 0.539963
vt 0.539071 0.539288
vt 0.554158 0.535962
vt 0.549001 0.541698
vt 0.534565 0.517381
vt 0.540999 0.513212
vt 0.560472 0.531383
vt 0.571245 0.534034
vt 0.583681 0.538372
vt 0.599659 0.542011
vt 0.608046 0.535528
vt 0.594116 0.532443
vt 0.576788 0.525093
vt 0.566762 0.528081
vt 0.553218 0.506247
vt 0.547579 0.508849
vt 0.540469 0.496823
vt 0.532251 0.496510
vt 0.533552 0.494269
vt 0.523141 0.496607
vt 0.520755 0.510223
vt 0.527455 0.520249
vt 0.521816 0.524996
vt 0.533167 0.545409
vt 0.542710 0.585488
vt 0.550856 0.594694
vt 0.541722 0.588765
vt 0.529721 0.605298
vt 0.528491 0.595971
vt 0.523479 0.595272
vt 0.512802 0.586620
vt 0.485690 0.550687
vt 0.506464 0.531046
vt 0.515646 0.515573
vt 0.515525 0.505379
vt 0.511718 0.511476
vt 0.504367 0.500149
vt 0.502801 0.509163
vt 0.482099 0.521695
vt 0.480219 0.535938
vt 0.475206 0.537288
vt 0.476532 0.521478
vt 0.476001 0.512609
vt 0.477857 0.504487
vt 0.501933 0.496896
vt 0.521743 0.494293
vt 0.513501 0.472507
vt 0.535553 0.480315
vt 0.546566 0.492919
vt 0.543843 0.483303
vt 0.556255 0.488533
vt 0.563774 0.502849
vt 0.574836 0.498101
vt 0.566835 0.485424
vt 0.553266 0.477543
vt 0.542204 0.471735
vt 0.517261 0.460336
vt 0.495306 0.479809
vt 0.501282 0.470627
vt 0.472603 0.503620
vt 0.472627 0.490003
vt 0.487328 0.480628
vt 0.496559 0.466843
vt 0.492004 0.465855
vt 0.494486 0.453299
vt 0.509115 0.449443
vt 0.502295 0.435995
vt 0.520201 0.443635
vt 0.536469 0.450503
vt 0.543674 0.461011
vt 0.553170 0.466530
vt 0.567437 0.476314
vt 0.578620 0.480026
vt 0.586235 0.492293
vt 0.587874 0.520321
vt 0.603997 0.526346
vt 0.598671 0.515236
vt 0.609299 0.509621
vt 0.597442 0.486123
vt 0.620048 0.503475
vt 0.614890 0.522442
vt 0.618264 0.533383
vt 0.626217 0.517959
vt 0.630844 0.528563
vt 0.631037 0.504536
vt 0.628772 0.496872
vt 0.607636 0.479423
vt 0.589416 0.473061
vt 0.574041 0.473133
vt 0.580162 0.469253
vt 0.565341 0.460842
vt 0.587681 0.458263
vt 0.576330 0.453419
vt 0.597466 0.465783
vt 0.616409 0.472073
vt 0.635616 0.493546
vt 0.643521 0.499113
vt 0.633327 0.530419
vt 0.617830 0.538035
vt 0.647980 0.545168
vt 0.645546 0.529720
vt 0.656029 0.499089
vt 0.643666 0.490943
vt 0.629640 0.464577
vt 0.621831 0.468385
vt 0.613179 0.455853
vt 0.606407 0.459516
vt 0.597683 0.452841
vt 0.586259 0.446623
vt 0.598092 0.444382
vt 0.613613 0.448286
vt 0.616529 0.448069
vt 0.637207 0.460529
vt 0.652173 0.490244
vt 0.655571 0.478941
vt 0.666199 0.495064
vt 0.667886 0.529094
vt 0.659403 0.528588
vt 0.659789 0.538661
vt 0.620530 0.439248
vt 0.618385 0.437007
vt 0.629784 0.421077
vt 0.632845 0.434910
vt 0.642388 0.432741
vt 0.657716 0.444502
vt 0.644991 0.439513
vt 0.636291 0.442646
vt 0.643738 0.455034
vt 0.661982 0.476146
vt 0.670947 0.475471
vt 0.651546 0.451997
vt 0.573920 0.443659
vt 0.564521 0.434211
vt 0.559894 0.453588
vt 0.549314 0.440815
vt 0.556544 0.428355
vt 0.533095 0.441562
vt 0.522756 0.430114
vt 0.513164 0.430620
vt 0.484677 0.442791
vt 0.468603 0.446743
vt 0.482075 0.448720
vt 0.491233 0.454673
vt 0.471880 0.451780
vt 0.465108 0.459999
vt 0.457227 0.460288
vt 0.443972 0.466819
vt 0.460818 0.473109
vt 0.451467 0.488774
vt 0.451925 0.495522
vt 0.466144 0.488075
vt 0.470892 0.482412
vt 0.465518 0.469855
vt 0.484147 0.474917
vt 0.473374 0.476314
vt 0.455878 0.513067
vt 0.444117 0.518345
vt 0.445274 0.500390
vt 0.436068 0.504752
vt 0.428548 0.502535
vt 0.425271 0.502608
vt 0.432814 0.525238
vt 0.442309 0.536034
vt 0.452094 0.531359
vt 0.464096 0.533504
vt 0.452504 0.536468
vt 0.443587 0.540638
vt 0.443948 0.543385
vt 0.441731 0.559990
vt 0.457999 0.551555
vt 0.464240 0.538468
vt 0.467253 0.545843
vt 0.463493 0.563822
vt 0.473615 0.559339
vt 0.481086 0.553507
vt 0.482605 0.579993
vt 0.447611 0.572474
vt 0.474073 0.585970
vt 0.439417 0.576281
vt 0.445659 0.601201
vt 0.451974 0.597923
vt 0.459878 0.593947
vt 0.455299 0.603852
vt 0.448768 0.606816
vt 0.442068 0.613757
vt 0.456553 0.625084
vt 0.463903 0.621421
vt 0.473495 0.615709
vt 0.463180 0.599490
vt 0.477688 0.591127
vt 0.490220 0.604286
vt 0.502415 0.601611
vt 0.513453 0.591513
vt 0.508271 0.590717
vt 0.500391 0.596188
vt 0.486244 0.585391
vt 0.493643 0.579583
vt 0.497378 0.575390
vt 0.466217 0.516682
vt 0.471904 0.507765
vt 0.991551 0.338028
vt 0.991551 0.362417
vt 0.976151 0.338028
vt 0.976151 0.362417
vt 0.991551 0.368201
vt 0.960172 0.338028
vt 0.976151 0.368201
vt 0.960172 0.362417
vt 0.944146 0.338028
vt 0.960172 0.368201
vt 0.944146 0.362417
vt 0.928023 0.338028
vt 0.944146 0.368201
vt 0.928023 0.362417
vt 0.911924 0.338028
vt 0.928023 0.368201
vt 0.911924 0.362417
vt 0.895801 0.338028
vt 0.895801 0.362417
vt 0.879726 0.338028
vt 0.911924 0.368177
vt 0.941977 0.376251
vt 0.919973 0.398254
vt 0.950026 0.390205
vt 0.950026 0.406304
vt 0.941953 0.420258
vt 0.928023 0.428331
vt 0.911900 0.428307
vt 0.897970 0.420233
vt 0.889921 0.406279
vt 0.889921 0.390181
vt 0.897970 0.376227
vt 0.895801 0.368201
vt 0.879726 0.362417
vt 0.863603 0.338028
vt 0.879726 0.368177
vt 0.863603 0.362417
vt 0.863603 0.368177
vt 0.848059 0.362417
vt 0.848059 0.338028
vt 0.848059 0.368201
vt 0.831406 0.338028
vt 0.831406 0.362417
vt 0.831406 0.368201
vt 0.815355 0.338028
vt 0.815355 0.368201
vt 0.815355 0.362417
vt 0.799401 0.338028
vt 0.799401 0.362417
vt 0.799401 0.368201
vt 0.968150 0.453443
vt 0.994973 0.467518
vt 0.994973 0.475423
vt 0.966029 0.466457
vt 0.971307 0.486677
vt 0.994973 0.488943
vt 0.994973 0.507090
vt 0.970776 0.506223
vt 0.994973 0.523358
vt 0.967306 0.521839
vt 0.994973 0.532323
vt 0.965161 0.530684
vt 0.994973 0.542541
vt 0.962823 0.523623
vt 0.962245 0.511308
vt 0.968415 0.497643
vt 0.963715 0.483135
vt 0.960317 0.466602
vt 0.959859 0.455829
vt 0.955545 0.446936
vt 0.942628 0.455275
vt 0.936000 0.444815
vt 0.920672 0.448792
vt 0.927227 0.457854
vt 0.945616 0.466602
vt 0.932385 0.466674
vt 0.937807 0.482845
vt 0.950026 0.479110
vt 0.960172 0.487569
vt 0.950484 0.482219
vt 0.962751 0.496848
vt 0.958799 0.505403
vt 0.950147 0.508151
vt 0.949568 0.512657
vt 0.940772 0.524394
vt 0.936844 0.507909
vt 0.941013 0.503981
vt 0.937350 0.495112
vt 0.941109 0.485762
vt 0.931132 0.494703
vt 0.930385 0.510295
vt 0.925613 0.495402
vt 0.927155 0.481183
vt 0.932120 0.480917
vt 0.928384 0.467759
vt 0.913804 0.492510
vt 0.914599 0.481520
vt 0.922094 0.460071
vt 0.906887 0.455829
vt 0.905682 0.447274
vt 0.906935 0.465180
vt 0.905730 0.492992
vt 0.905634 0.480435
vt 0.899223 0.465445
vt 0.898669 0.457420
vt 0.898404 0.450142
vt 0.897777 0.441104
vt 0.905080 0.436646
vt 0.897729 0.432283
vt 0.864953 0.430886
vt 0.864808 0.439875
vt 0.865387 0.449419
vt 0.866399 0.456817
vt 0.867748 0.465975
vt 0.898741 0.480435
vt 0.869676 0.480917
vt 0.899512 0.492968
vt 0.868375 0.493184
vt 0.859362 0.487232
vt 0.856156 0.474965
vt 0.854710 0.470482
vt 0.854517 0.467735
vt 0.854349 0.457468
vt 0.853554 0.449081
vt 0.852180 0.438164
vt 0.852903 0.425246
vt 0.837238 0.426331
vt 0.839600 0.439321
vt 0.830538 0.428693
vt 0.840756 0.450166
vt 0.833912 0.440815
vt 0.823597 0.443852
vt 0.820127 0.435850
vt 0.835213 0.451419
vt 0.841528 0.459179
vt 0.842564 0.470000
vt 0.842564 0.472868
vt 0.843191 0.478098
vt 0.848854 0.507861
vt 0.863266 0.505596
vt 0.868182 0.507669
vt 0.864905 0.521478
vt 0.852059 0.524418
vt 0.833093 0.509259
vt 0.828345 0.476772
vt 0.832731 0.472217
vt 0.834153 0.468651
vt 0.836153 0.461806
vt 0.825140 0.455154
vt 0.822272 0.466409
vt 0.819500 0.479737
vt 0.825790 0.510223
vt 0.837021 0.526635
vt 0.846878 0.537022
vt 0.854686 0.530154
vt 0.867508 0.522659
vt 0.857964 0.531190
vt 0.854180 0.536565
vt 0.873581 0.534588
vt 0.885703 0.527358
vt 0.900115 0.522635
vt 0.899512 0.508199
vt 0.905682 0.508416
vt 0.914840 0.508464
vt 0.925492 0.509332
vt 0.924697 0.520490
vt 0.929204 0.521912
vt 0.919636 0.530636
vt 0.906791 0.523093
vt 0.909851 0.530323
vt 0.887703 0.532660
vt 0.872496 0.577993
vt 0.852565 0.573896
vt 0.864037 0.589609
vt 0.845408 0.573775
vt 0.847673 0.588115
vt 0.833454 0.583198
vt 0.838370 0.552133
vt 0.840395 0.537697
vt 0.830080 0.535143
vt 0.830008 0.528925
vt 0.820753 0.534805
vt 0.820006 0.527696
vt 0.817307 0.512898
vt 0.810318 0.482026
vt 0.807884 0.471470
vt 0.805643 0.462240
vt 0.802172 0.449852
vt 0.798316 0.436525
vt 0.813379 0.429440
vt 0.804293 0.425150
vt 0.792918 0.418763
vt 0.736933 0.436356
vt 0.742356 0.454070
vt 0.745489 0.467036
vt 0.749393 0.478700
vt 0.751634 0.487184
vt 0.753948 0.496920
vt 0.760575 0.525840
vt 0.778771 0.534950
vt 0.781422 0.541192
vt 0.768528 0.538951
vt 0.750694 0.528298
vt 0.744380 0.500125
vt 0.737246 0.491811
vt 0.726811 0.487232
vt 0.720931 0.476146
vt 0.728402 0.462601
vt 0.729968 0.453636
vt 0.769348 0.548036
vt 0.782627 0.554688
vt 0.764359 0.539457
vt 0.747368 0.541770
vt 0.738765 0.531624
vt 0.731486 0.502487
vt 0.720907 0.494847
vt 0.707386 0.485135
vt 0.713074 0.473615
vt 0.701361 0.470482
vt 0.697915 0.471711
vt 0.691553 0.491136
vt 0.681455 0.480484
vt 0.679840 0.483737
vt 0.680491 0.496028
vt 0.688588 0.504150
vt 0.671863 0.513212
vt 0.696059 0.498173
vt 0.707603 0.493257
vt 0.709724 0.504921
vt 0.695023 0.516562
vt 0.681021 0.515959
vt 0.679888 0.528154
vt 0.670345 0.530347
vt 0.684130 0.539915
vt 0.676153 0.545409
vt 0.692444 0.548422
vt 0.687191 0.556495
vt 0.701217 0.562520
vt 0.703868 0.553724
vt 0.703506 0.537962
vt 0.717002 0.535697
vt 0.732692 0.544421
vt 0.721437 0.551482
vt 0.721967 0.559966
vt 0.737777 0.551266
vt 0.765709 0.548446
vt 0.766142 0.556953
vt 0.747296 0.557893
vt 0.744428 0.565581
vt 0.749224 0.567196
vt 0.767010 0.568425
vt 0.747802 0.571076
vt 0.755201 0.572715
vt 0.767251 0.572739
vt 0.770649 0.568618
vt 0.770312 0.556616
vt 0.793520 0.561701
vt 0.821693 0.549097
vt 0.830008 0.548663
vt 0.825405 0.567003
vt 0.820536 0.558038
vt 0.794942 0.570064
vt 0.787809 0.565629
vt 0.771782 0.576523
vt 0.754526 0.576498
vt 0.744043 0.569991
vt 0.744742 0.584451
vt 0.750429 0.590934
vt 0.772963 0.593850
vt 0.789833 0.573389
vt 0.797280 0.584692
vt 0.795906 0.599562
vt 0.773348 0.607154
vt 0.744886 0.603539
vt 0.730402 0.589006
vt 0.730041 0.584283
vt 0.720714 0.578354
vt 0.726956 0.571413
vt 0.725004 0.567316
vt 0.704109 0.570666
vt 0.689697 0.576065
vt 0.685745 0.569317
vt 0.672851 0.581150
vt 0.679792 0.585801
vt 0.694348 0.584090
vt 0.706109 0.580234
vt 0.715412 0.586066
vt 0.708519 0.594622
vt 0.699698 0.604575
vt 0.685600 0.593152
vt 0.673694 0.599177
vt 0.665790 0.597658
vt 0.681672 0.605081
vt 0.672200 0.616336
vt 0.664320 0.615926
vt 0.668248 0.637448
vt 0.681527 0.623445
vt 0.689769 0.614986
vt 0.701120 0.621108
vt 0.709965 0.611974
vt 0.718713 0.603009
vt 0.725799 0.595007
vt 0.737030 0.606431
vt 0.729824 0.612167
vt 0.721172 0.620240
vt 0.712978 0.628362
vt 0.705410 0.635255
vt 0.694324 0.628290
vt 0.689504 0.635399
vt 0.676056 0.636002
vt 0.674104 0.644798
vt 0.669188 0.657692
vt 0.687576 0.642967
vt 0.699048 0.641978
vt 0.686853 0.647473
vt 0.675141 0.654438
vt 0.689504 0.650510
vt 0.676008 0.658632
vt 0.673164 0.663910
vt 0.696566 0.673887
vt 0.692806 0.678490
vt 0.699554 0.680731
vt 0.700180 0.674586
vt 0.702422 0.660053
vt 0.712062 0.652534
vt 0.720208 0.646871
vt 0.728570 0.640388
vt 0.737487 0.633953
vt 0.748333 0.625928
vt 0.757635 0.619035
vt 0.773204 0.622361
vt 0.759057 0.632507
vt 0.746959 0.640870
vt 0.736909 0.647690
vt 0.726859 0.653860
vt 0.717147 0.658921
vt 0.705531 0.660801
vt 0.717002 0.674417
vt 0.729655 0.670200
vt 0.739102 0.664825
vt 0.746091 0.656583
vt 0.762383 0.643111
vt 0.823766 0.650148
vt 0.829935 0.642581
vt 0.790773 0.627808
vt 0.791134 0.622313
vt 0.832972 0.631423
vt 0.833309 0.624891
vt 0.795159 0.603491
vt 0.833358 0.604479
vt 0.842925 0.628121
vt 0.842781 0.634772
vt 0.843383 0.648485
vt 0.837407 0.656920
vt 0.832900 0.661765
vt 0.840732 0.669404
vt 0.850421 0.667741
vt 0.843962 0.678611
vt 0.854084 0.678996
vt 0.859699 0.678056
vt 0.856060 0.664512
vt 0.847119 0.648582
vt 0.847673 0.634989
vt 0.847528 0.628434
vt 0.845866 0.599659
vt 0.833791 0.600116
vt 0.829116 0.584355
vt 0.845143 0.593272
vt 0.849842 0.592043
vt 0.850854 0.598839
vt 0.864037 0.623638
vt 0.864423 0.631206
vt 0.860759 0.645401
vt 0.867724 0.660102
vt 0.872038 0.673309
vt 0.877991 0.658439
vt 0.881052 0.666681
vt 0.908454 0.651594
vt 0.910116 0.659909
vt 0.915684 0.653715
vt 0.918118 0.665042
vt 0.912671 0.634604
vt 0.905513 0.636435
vt 0.870568 0.642894
vt 0.871870 0.636170
vt 0.868496 0.622747
vt 0.863145 0.600165
vt 0.866857 0.594067
vt 0.873533 0.589247
vt 0.886860 0.578692
vt 0.901151 0.569606
vt 0.901681 0.540059
vt 0.914021 0.540927
vt 0.925083 0.532853
vt 0.938410 0.534757
vt 0.927179 0.542156
vt 0.914406 0.567967
vt 0.910936 0.578523
vt 0.907417 0.584355
vt 0.886643 0.586789
vt 0.887342 0.598502
vt 0.874256 0.602141
vt 0.874762 0.611612
vt 0.887920 0.609757
vt 0.876208 0.622891
vt 0.880160 0.634339
vt 0.891535 0.628892
vt 0.889294 0.619758
vt 0.903971 0.629013
vt 0.907610 0.616143
vt 0.907248 0.606455
vt 0.907369 0.596044
vt 0.916696 0.594646
vt 0.916021 0.605973
vt 0.915298 0.616264
vt 0.911032 0.629254
vt 0.927999 0.646702
vt 0.929782 0.657523
vt 0.932337 0.683503
vt 0.919323 0.676466
vt 0.942242 0.658005
vt 0.946676 0.682491
vt 0.932963 0.647642
vt 0.929855 0.625301
vt 0.933253 0.638074
vt 0.936819 0.638508
vt 0.948243 0.648148
vt 0.957786 0.654438
vt 0.963113 0.678562
vt 0.967716 0.649931
vt 0.973427 0.674923
vt 0.994973 0.661258
vt 0.994973 0.641231
vt 0.994973 0.632652
vt 0.967185 0.637086
vt 0.964583 0.645979
vt 0.962366 0.636363
vt 0.949448 0.636845
vt 0.942411 0.625012
vt 0.934674 0.624819
vt 0.930915 0.612094
vt 0.926143 0.612142
vt 0.929951 0.597128
vt 0.924842 0.598502
vt 0.923926 0.587633
vt 0.919973 0.577631
vt 0.925444 0.575245
vt 0.928577 0.585753
vt 0.938241 0.596140
vt 0.943013 0.582523
vt 0.940916 0.572474
vt 0.927637 0.566015
vt 0.944218 0.542855
vt 0.945158 0.564738
vt 0.961594 0.541264
vt 0.962221 0.564955
vt 0.966438 0.575944
vt 0.994973 0.565364
vt 0.994973 0.575125
vt 0.994973 0.584717
vt 0.968222 0.586404
vt 0.963137 0.582282
vt 0.951014 0.591730
vt 0.963763 0.592597
vt 0.970053 0.598622
vt 0.994973 0.595995
vt 0.994973 0.610528
vt 0.970270 0.614938
vt 0.994973 0.621951
vt 0.969065 0.607057
vt 0.958461 0.599153
vt 0.949351 0.597972
vt 0.963209 0.608094
vt 0.960944 0.617734
vt 0.965788 0.622795
vt 0.969740 0.625446
vt 0.954750 0.626458
vt 0.952533 0.621951
vt 0.949303 0.597996
vt 0.940820 0.603225
vt 0.938169 0.611371
vt 0.942965 0.619517
vt 0.727944 0.678611
vt 0.717292 0.680659
vt -0.493425 1.348425
vt -0.521116 1.295308
vt -0.499860 1.347364
vt -0.478724 1.350907
vt -0.479013 1.340954
vt -0.483978 1.330976
vt -0.506487 1.288464
vt -0.467783 1.360595
vt -0.477061 1.362740
vt -0.471036 1.368211
vt -0.485761 1.381562
vt 0.484798 1.253253
vt 0.493956 1.254145
vt 0.493185 1.244433
vt 0.480122 1.241637
vt 0.497306 1.224743
vt 0.469109 1.250747
vt 0.485738 1.222188
vt 0.464626 1.237588
vt 0.448359 1.245927
vt 0.458191 1.257543
vt 0.488220 1.272991
vt 0.463542 1.281740
vt 0.475278 1.280005
vt 0.478893 1.295308
vt 0.493522 1.288464
vt 0.506584 1.348425
vt 0.500150 1.347364
vt 0.436959 1.267834
vt 0.485545 1.353823
vt 0.485762 1.359246
vt 0.475833 1.357221
vt 0.426885 1.272413
vt 0.464891 1.361848
vt 0.473519 1.365728
vt 0.489015 1.368018
vt 0.521261 1.350907
vt 0.522924 1.362740
vt 0.493402 1.380598
vt 0.514248 1.381562
vt 0.476291 1.370115
vt 0.482051 1.376983
vt 0.455589 1.375923
vt 0.461565 1.389732
vt 0.457203 1.381297
vt 0.443780 1.384189
vt 0.448045 1.392913
vt 0.457806 1.401758
vt 0.449395 1.418966
vt 0.513718 1.386985
vt 0.453299 1.421882
vt 0.427632 1.417375
vt 0.429633 1.426172
vt 0.419969 1.425376
vt 0.424499 1.406578
vt 0.418426 1.411422
vt 0.410690 1.406265
vt 0.423487 1.395709
vt 0.403653 1.396432
vt 0.390591 1.374477
vt 0.394905 1.350015
vt 0.382613 1.362523
vt 0.376805 1.355414
vt 0.386470 1.342472
vt 0.370925 1.352907
vt 0.378685 1.339773
vt 0.359405 1.348714
vt 0.386277 1.326156
vt 0.425488 1.390479
vt 0.439827 1.381466
vt 0.387867 1.296826
vt 0.445346 1.375802
vt 0.455420 1.367729
vt 0.406882 1.283644
vt 0.397483 1.290151
vt 0.383746 1.282222
vt 0.363791 1.296296
vt 0.359333 1.310057
vt 0.361454 1.323312
vt 0.368322 1.339676
vt 0.352392 1.330109
vt 0.348777 1.357269
vt 0.342800 1.319987
vt 0.336775 1.326855
vt 0.343764 1.364499
vt 0.339065 1.315841
vt 0.342149 1.312178
vt 0.358152 1.304442
vt 0.344511 1.271087
vt 0.347162 1.263809
vt 0.370877 1.249952
vt 0.390952 1.277474
vt 0.384662 1.240770
vt 0.400231 1.272172
vt 0.410160 1.266291
vt 0.416956 1.277980
vt 0.420957 1.260170
vt 0.395507 1.234407
vt 0.373190 1.223875
vt 0.360369 1.233708
vt 0.350151 1.243686
vt 0.330967 1.231009
vt 0.341161 1.265448
vt 0.331521 1.277787
vt 0.328123 1.277956
vt 0.330003 1.271111
vt 0.326243 1.234190
vt 0.336751 1.217103
vt 0.327352 1.222429
vt 0.322966 1.225876
vt 0.316362 1.238697
vt 0.325111 1.272413
vt 0.315495 1.275377
vt 0.311060 1.241251
vt 0.309470 1.235010
vt 0.302553 1.246481
vt 0.308650 1.278751
vt 0.316049 1.281426
vt 0.329352 1.323095
vt 0.304842 1.308635
vt 0.295733 1.248891
vt 0.298311 1.241276
vt 0.272139 1.231660
vt 0.300119 1.310636
vt 0.311590 1.332470
vt 0.322026 1.331169
vt 0.330123 1.333410
vt 0.323882 1.345653
vt 0.320050 1.339580
vt 0.314989 1.344569
vt 0.307084 1.337821
vt 0.313133 1.354426
vt 0.332389 1.376019
vt 0.343957 1.378670
vt 0.338390 1.391010
vt 0.346849 1.398432
vt 0.327521 1.391082
vt 0.334895 1.401156
vt 0.339739 1.428798
vt 0.351814 1.426702
vt 0.354320 1.438559
vt 0.329328 1.443355
vt 0.345379 1.458321
vt 0.343668 1.468564
vt 0.333859 1.461310
vt 0.327183 1.437282
vt 0.308915 1.452658
vt 0.332919 1.426340
vt 0.328943 1.403011
vt 0.320845 1.395275
vt 0.303975 1.445259
vt 0.292937 1.392552
vt 0.292214 1.453863
vt 0.280429 1.396601
vt 0.265945 1.401445
vt 0.277609 1.458273
vt 0.294696 1.461888
vt 0.297034 1.472082
vt 0.333256 1.469455
vt 0.332558 1.482252
vt 0.345041 1.488904
vt 0.298625 1.479240
vt 0.284261 1.482012
vt 0.282429 1.475167
vt 0.280357 1.465575
vt 0.266596 1.468997
vt 0.268885 1.478686
vt 0.271006 1.485602
vt 0.274525 1.495435
vt 0.257341 1.489699
vt 0.255100 1.482710
vt 0.243122 1.493700
vt 0.252521 1.472853
vt 0.264788 1.462876
vt 0.253389 1.405349
vt 0.254714 1.395179
vt 0.266210 1.391347
vt 0.284116 1.385370
vt 0.262354 1.373971
vt 0.250208 1.379176
vt 0.240519 1.382478
vt 0.244954 1.398529
vt 0.238905 1.410169
vt 0.251678 1.467624
vt 0.238495 1.477095
vt 0.241049 1.486591
vt 0.222782 1.482180
vt 0.226469 1.491844
vt 0.229024 1.498930
vt 0.243098 1.502545
vt 0.211093 1.497821
vt 0.214395 1.504449
vt 0.206394 1.488470
vt 0.220420 1.479023
vt 0.235169 1.473311
vt 0.220781 1.414700
vt 0.232590 1.402120
vt 0.228445 1.386696
vt 0.237868 1.375899
vt 0.248063 1.372380
vt 0.279152 1.367440
vt 0.261366 1.367416
vt 0.274091 1.354667
vt 0.261245 1.363511
vt 0.243363 1.360258
vt 0.254859 1.347171
vt 0.268042 1.342858
vt 0.292262 1.334615
vt 0.295419 1.346979
vt 0.305830 1.357872
vt 0.310940 1.378188
vt 0.310072 1.387780
vt 0.314145 1.389154
vt 0.318796 1.381635
vt 0.232349 1.323698
vt 0.249605 1.317721
vt 0.272042 1.314926
vt 0.297564 1.324300
vt 0.281610 1.304683
vt 0.253003 1.269521
vt 0.262547 1.259616
vt 0.267198 1.234431
vt 0.264668 1.218067
vt 0.253726 1.233781
vt 0.235796 1.252916
vt 0.231265 1.269738
vt 0.215985 1.281691
vt 0.197477 1.239661
vt 0.204634 1.286511
vt 0.220733 1.328470
vt 0.233675 1.363680
vt 0.222902 1.367873
vt 0.203550 1.328952
vt 0.189210 1.292127
vt 0.186752 1.244481
vt 0.176509 1.218911
vt 0.213069 1.231491
vt 0.183980 1.212235
vt 0.171135 1.202981
vt 0.159398 1.207222
vt 0.164363 1.225610
vt 0.172461 1.249518
vt 0.185451 1.293332
vt 0.199260 1.328398
vt 0.194609 1.353172
vt 0.189186 1.352690
vt 0.181209 1.334206
vt 0.168677 1.299019
vt 0.168966 1.250819
vt 0.163592 1.236552
vt 0.148674 1.241083
vt 0.127851 1.249229
vt 0.149349 1.311311
vt 0.161591 1.348015
vt 0.176051 1.354787
vt 0.190343 1.360210
vt 0.202610 1.376116
vt 0.198754 1.379345
vt 0.178799 1.366042
vt 0.160121 1.359993
vt 0.148529 1.353076
vt 0.137009 1.316323
vt 0.122911 1.255929
vt 0.119344 1.321553
vt 0.103679 1.257326
vt 0.106981 1.326807
vt 0.096111 1.252410
vt 0.124911 1.242866
vt 0.141106 1.235950
vt 0.149083 1.229274
vt 0.161254 1.228165
vt 0.147180 1.226406
vt 0.136479 1.224261
vt 0.119031 1.227177
vt 0.096039 1.244360
vt 0.117054 1.211584
vt 0.096907 1.227563
vt 0.140480 1.210524
vt 0.141468 1.188328
vt 0.117922 1.187894
vt 0.109511 1.190979
vt 0.096473 1.211753
vt 0.083579 1.226984
vt 0.080880 1.240697
vt 0.075000 1.246843
vt 0.084351 1.328253
vt 0.097316 1.367295
vt 0.076952 1.371006
vt 0.067481 1.327313
vt 0.059576 1.239227
vt 0.047622 1.324300
vt 0.063359 1.391082
vt 0.039428 1.222550
vt 0.004989 1.325843
vt 0.004989 1.395010
vt 0.004989 1.222212
vt 0.004989 1.187749
vt 0.042682 1.187412
vt 0.061142 1.214163
vt 0.069481 1.231853
vt 0.077289 1.210138
vt 0.067456 1.213392
vt 0.058082 1.196353
vt 0.060636 1.176880
vt 0.078374 1.181411
vt 0.101703 1.185845
vt 0.099558 1.176736
vt 0.082977 1.163023
vt 0.104474 1.168710
vt 0.108788 1.150129
vt 0.112741 1.166903
vt 0.126237 1.154539
vt 0.119995 1.171530
vt 0.121971 1.180110
vt 0.141853 1.174663
vt 0.168532 1.188328
vt 0.178221 1.195775
vt 0.170364 1.172108
vt 0.177184 1.179146
vt 0.191861 1.192256
vt 0.198609 1.203896
vt 0.201525 1.186592
vt 0.213720 1.209897
vt 0.223336 1.225514
vt 0.221143 1.207656
vt 0.227433 1.222333
vt 0.237772 1.230647
vt 0.236061 1.235998
vt 0.251099 1.228430
vt 0.259004 1.216838
vt 0.260089 1.199703
vt 0.256305 1.202619
vt 0.267728 1.215754
vt 0.269873 1.192063
vt 0.262884 1.196883
vt 0.247773 1.188810
vt 0.246038 1.194280
vt 0.230831 1.193606
vt 0.233313 1.197148
vt 0.225818 1.208644
vt 0.227650 1.191509
vt 0.238326 1.185098
vt 0.243460 1.184134
vt 0.248520 1.185508
vt 0.254666 1.167843
vt 0.263222 1.158251
vt 0.313446 1.230575
vt 0.268596 1.155720
vt 0.260619 1.152322
vt 0.253582 1.150515
vt 0.262185 1.141911
vt 0.276380 1.147333
vt 0.280092 1.144321
vt 0.271440 1.130415
vt 0.255028 1.124487
vt 0.253244 1.140417
vt 0.230614 1.127017
vt 0.243990 1.155021
vt 0.231795 1.166782
vt 0.227674 1.168662
vt 0.217190 1.176928
vt 0.211599 1.149840
vt 0.214178 1.147020
vt 0.224445 1.135259
vt 0.201405 1.134657
vt 0.210057 1.121619
vt 0.214684 1.113690
vt 0.192705 1.102893
vt 0.196874 1.096868
vt 0.216588 1.085999
vt 0.248737 1.117618
vt 0.243652 1.077347
vt 0.259293 1.090505
vt 0.273392 1.100868
vt 0.275730 1.129885
vt 0.289876 1.142007
vt 0.278742 1.120269
vt 0.303035 1.142224
vt 0.279634 1.109400
vt 0.286430 1.097832
vt 0.279634 1.094988
vt 0.266668 1.083878
vt 0.276742 1.086119
vt 0.296311 1.089831
vt 0.290262 1.082022
vt 0.323159 1.131066
vt 0.313326 1.136994
vt 0.330557 1.152828
vt 0.312892 1.142200
vt 0.330533 1.158299
vt 0.346994 1.212596
vt 0.366177 1.212669
vt 0.346536 1.148755
vt 0.382469 1.203366
vt 0.388566 1.214621
vt 0.401219 1.209030
vt 0.390952 1.183170
vt 0.397170 1.178615
vt 0.344535 1.118052
vt 0.339619 1.125450
vt 0.341041 1.146538
vt 0.335040 1.124246
vt 0.322966 1.086987
vt 0.312410 1.086432
vt 0.297853 1.071514
vt 0.314964 1.075371
vt 0.335570 1.089638
vt 0.352199 1.110026
vt 0.342655 1.084914
vt 0.317013 1.064983
vt 0.301685 1.066140
vt 0.292214 1.069538
vt 0.292431 1.059826
vt 0.299010 1.052162
vt 0.344993 1.067875
vt 0.322460 1.053126
vt 0.355549 1.076166
vt 0.357453 1.102748
vt 0.396519 1.164589
vt 0.359019 1.111135
vt 0.376131 1.104050
vt 0.370154 1.094747
vt 0.371768 1.080648
vt 0.380469 1.085709
vt 0.379071 1.079251
vt 0.395362 1.074816
vt 0.391048 1.069466
vt 0.387675 1.092024
vt 0.401412 1.082335
vt 0.416474 1.107496
vt 0.406111 1.119498
vt 0.397628 1.137959
vt 0.406858 1.163143
vt 0.406593 1.140851
vt 0.412666 1.123860
vt 0.420378 1.111400
vt 0.433031 1.128921
vt 0.438429 1.117473
vt 0.451395 1.126149
vt 0.447009 1.141236
vt 0.429247 1.141718
vt 0.428500 1.155672
vt 0.445828 1.152925
vt 0.445900 1.165288
vt 0.453733 1.152202
vt 0.456312 1.141598
vt 0.460529 1.127089
vt 0.466361 1.141863
vt 0.471350 1.129162
vt 0.462529 1.151093
vt 0.455396 1.162541
vt 0.450624 1.181218
vt 0.458794 1.211898
vt 0.441852 1.225707
vt 0.414257 1.205125
vt 0.409822 1.226044
vt 0.428452 1.255904
vt 0.474242 1.218766
vt 0.471591 1.200715
vt 0.461324 1.193919
vt 0.482219 1.206041
vt 0.476580 1.194497
vt 0.468844 1.187460
vt 0.460433 1.175916
vt 0.465421 1.159552
vt 0.470531 1.170445
vt 0.475061 1.156949
vt 0.476098 1.142610
vt 0.481761 1.133596
vt 0.491426 1.140320
vt 0.482002 1.149816
vt 0.502053 1.153286
vt 0.488726 1.160564
vt 0.479640 1.165505
vt 0.484316 1.173988
vt 0.476869 1.180688
vt 0.482364 1.187725
vt 0.496896 1.180929
vt 0.494076 1.172036
vt 0.507163 1.169265
vt 0.507524 1.181074
vt 0.505596 1.192232
vt 0.492221 1.189533
vt 0.501451 1.202499
vt 0.486967 1.198088
vt 0.497282 1.210741
vt 0.130261 0.595465
vt 0.135419 0.596718
vt 0.136648 0.585030
vt 0.131322 0.582596
vt 0.114114 0.584186
vt 0.154434 0.559821
vt 0.159808 0.562087
vt 0.172388 0.549097
vt 0.170605 0.543843
vt 0.197404 0.528997
vt 0.155422 0.542541
vt 0.145854 0.552302
vt 0.120645 0.576040
vt 0.140817 0.546879
vt 0.114211 0.572329
vt 0.105872 0.580571
vt 0.102667 0.558905
vt 0.084664 0.576257
vt 0.078012 0.567557
vt 0.097003 0.550157
vt 0.112524 0.539987
vt 0.119320 0.546253
vt 0.150795 0.536998
vt 0.133539 0.538999
vt 0.127972 0.534131
vt 0.136865 0.526876
vt 0.144023 0.529600
vt 0.149517 0.517405
vt 0.154193 0.520731
vt 0.161736 0.507934
vt 0.160844 0.528419
vt 0.165279 0.534251
vt 0.176509 0.526563
vt 0.193548 0.525021
vt 0.187788 0.518586
vt 0.172147 0.520634
vt 0.165713 0.512730
vt 0.177208 0.504680
vt 0.175979 0.500222
vt 0.190849 0.496269
vt 0.183378 0.512561
vt 0.196488 0.505066
vt 0.200610 0.511452
vt 0.217648 0.510705
vt 0.214395 0.504463
vt 0.211093 0.497812
vt 0.206394 0.488485
vt 0.188270 0.494197
vt 0.183643 0.478507
vt 0.167809 0.463830
vt 0.229024 0.498920
vt 0.243098 0.502535
vt 0.244062 0.508416
vt 0.219890 0.516417
vt 0.237121 0.557917
vt 0.190921 0.554953
vt 0.195862 0.570497
vt 0.210659 0.599827
vt 0.222179 0.605033
vt 0.284261 0.577631
vt 0.288238 0.565340
vt 0.277176 0.536757
vt 0.268162 0.520562
vt 0.278549 0.499788
vt 0.274525 0.495450
vt 0.257341 0.489714
vt 0.243122 0.493690
vt 0.342655 1.493122
vt 0.331762 1.487771
vt 0.301830 1.490398
vt 0.300649 1.495869
vt 0.278549 1.499773
vt 0.011014 0.511790
vt 0.021377 0.500728
vt 0.009930 0.493594
vt 0.030029 0.531696
vt 0.044778 0.498559
vt 0.045116 0.534155
vt 0.036681 0.477592
vt 0.024631 0.480363
vt 0.061648 0.511838
vt 0.088062 0.488485
vt 0.062058 0.500390
vt 0.085387 0.477037
vt 0.021377 1.500737
vt 0.024631 1.480373
vt 0.009930 1.493604
vt 0.004989 1.489097
vt 0.004989 1.477553
vt 0.004989 1.430630
vt 0.045646 1.431016
vt 0.036681 1.477601
vt 0.004989 1.404698
vt 0.055286 1.404313
vt 0.067505 1.414869
vt 0.066830 1.443210
vt 0.074036 1.460924
vt 0.049719 1.489410
vt 0.044778 1.498544
vt 0.061648 1.511823
vt 0.062058 1.500400
vt 0.085387 1.477047
vt 0.098208 1.464973
vt 0.087893 1.449621
vt 0.076277 1.431618
vt 0.090062 1.426533
vt 0.076976 1.399782
vt 0.103848 1.385442
vt 0.117994 1.412290
vt 0.099967 1.440294
vt 0.122043 1.426364
vt 0.128598 1.406891
vt 0.114910 1.376622
vt 0.120838 1.363897
vt 0.129852 1.370982
vt 0.133852 1.359149
vt 0.157928 1.373441
vt 0.141878 1.380237
vt 0.144601 1.401951
vt 0.144095 1.418990
vt 0.152265 1.402698
vt 0.168629 1.395251
vt 0.172557 1.390672
vt 0.162700 1.371874
vt 0.188343 1.384213
vt 0.187788 1.400264
vt 0.179305 1.418074
vt 0.163929 1.424653
vt 0.189475 1.436703
vt 0.197452 1.415592
vt 0.216491 1.406602
vt 0.208779 1.391034
vt 0.212780 1.384647
vt 0.227047 1.379634
vt 0.210322 1.444150
vt 0.212009 1.465527
vt 0.206321 1.460562
vt 0.190247 1.449741
vt 0.173907 1.443355
vt 0.149879 1.435715
vt 0.130864 1.442439
vt 0.134358 1.451935
vt 0.113174 1.452947
vt 0.119489 1.461936
vt 0.102329 1.474299
vt 0.088062 1.488470
vt 0.136865 1.526886
vt 0.149517 1.517415
vt 0.161736 1.507943
vt 0.175979 1.500231
vt 0.167809 1.463816
vt 0.183739 1.470540
vt 0.184535 1.452609
vt 0.192753 1.455839
vt 0.187716 1.456128
vt 0.183643 1.478493
vt 0.204393 1.485843
vt 0.188270 1.494182
vt 0.190849 1.496255
vt 0.196488 1.505075
vt 0.127972 1.534140
vt 0.112524 1.539972
vt 0.296817 1.037606
vt 0.288551 1.046089
vt 0.285900 1.053391
vt 0.290141 1.063224
vt 0.277802 1.063875
vt 0.281586 1.071659
vt 0.264957 1.071539
vt 0.270428 1.079877
vt 0.285635 1.076913
vt 0.256763 1.071177
vt 0.238736 1.077564
vt 0.228758 1.064333
vt 0.231289 1.061561
vt 0.220540 1.056500
vt 0.207068 1.062983
vt 0.203309 1.040498
vt 0.204417 1.072237
vt 0.183330 1.086432
vt 0.181570 1.057295
vt 0.190343 1.050620
vt 0.175811 1.037124
vt 0.185884 1.024857
vt 0.163640 1.037172
vt 0.177329 1.014614
vt 0.180221 1.012855
vt 0.159567 1.004998
vt 0.160145 1.007601
vt 0.115416 1.009216
vt 0.113512 1.005384
vt 0.145468 1.034159
vt 0.144312 1.057055
vt 0.163616 1.070165
vt 0.159302 1.074864
vt 0.180149 1.091036
vt 0.176967 1.114123
vt 0.159808 1.112003
vt 0.195404 1.135982
vt 0.174750 1.117835
vt 0.158025 1.116654
vt 0.185547 1.135235
vt 0.162314 1.127620
vt 0.179401 1.146152
vt 0.187861 1.150298
vt 0.203261 1.143646
vt 0.203092 1.161793
vt 0.194271 1.157287
vt 0.200152 1.175434
vt 0.190030 1.175049
vt 0.181040 1.162733
vt 0.174196 1.157528
vt 0.149662 1.146851
vt 0.141347 1.118992
vt 0.147252 1.109014
vt 0.144962 1.113232
vt 0.134744 1.108894
vt 0.137274 1.104845
vt 0.126357 1.104459
vt 0.123200 1.111810
vt 0.131201 1.140465
vt 0.113873 1.135018
vt 0.144962 1.160805
vt 0.088592 1.146779
vt 0.095388 1.127451
vt 0.120019 1.094675
vt 0.103390 1.107906
vt 0.129948 1.099302
vt 0.141010 1.097229
vt 0.149180 1.099157
vt 0.156916 1.095687
vt 0.159350 1.087975
vt 0.154096 1.080938
vt 0.145517 1.079034
vt 0.140456 1.062236
vt 0.139010 1.083709
vt 0.123417 1.089397
vt 0.137106 1.091204
vt 0.113488 1.083709
vt 0.079073 1.108195
vt 0.072035 1.129668
vt 0.065480 1.156636
vt 0.048948 1.158106
vt 0.004989 1.159118
vt 0.004989 1.124029
vt 0.059287 1.122534
vt 0.068951 1.090288
vt 0.088520 1.087541
vt 0.095268 1.080504
vt 0.117440 1.077515
vt 0.125851 1.060139
vt 0.129056 1.055102
vt 0.118693 1.031653
vt 0.083845 1.019145
vt 0.081603 1.015675
vt 0.071987 1.022736
vt 0.069288 1.017193
vt 0.066010 1.025724
vt 0.052876 1.014518
vt 0.054009 1.025411
vt 0.045308 1.015843
vt 0.061046 1.042570
vt 0.069143 1.042233
vt 0.074590 1.039558
vt 0.079868 1.043751
vt 0.077265 1.050596
vt 0.072855 1.058139
vt 0.106378 1.052258
vt 0.104715 1.056548
vt 0.103125 1.062091
vt 0.068276 1.080311
vt 0.004989 1.091445
vt 0.004989 1.079974
vt 0.004989 1.064236
vt 0.004989 1.036352
vt 0.049237 1.033388
vt 0.004989 1.021772
vt -0.007688 1.007288
vt -0.022292 1.007288
vt -0.010025 1.021362
vt -0.037885 1.007288
vt -0.024052 1.015409
vt -0.018171 1.033075
vt -0.028872 1.022206
vt -0.030125 1.040690
vt -0.039427 1.011433
vt -0.044031 1.012228
vt -0.035909 1.026640
vt -0.043958 1.043365
vt -0.043982 1.028038
vt -0.052056 1.026664
vt -0.057840 1.040715
vt -0.059117 1.022230
vt -0.069794 1.033123
vt -0.048610 1.011433
vt -0.050200 1.007288
vt -0.063937 1.015458
vt -0.077939 1.021386
vt -0.065648 1.007288
vt -0.080253 1.007288
vt -0.084302 1.007288
vt -0.095918 1.007288
vt -0.085917 1.017241
vt -0.097051 1.012517
vt -0.105944 1.007288
vt -0.099846 1.016952
vt -0.091436 1.025532
vt -0.106643 1.010132
vt -0.109390 1.010638
vt -0.104184 1.019940
vt -0.099340 1.031099
vt -0.109366 1.020856
vt -0.109221 1.033340
vt -0.119319 1.030954
vt -0.114523 1.019868
vt -0.112788 1.007288
vt -0.112113 1.010132
vt -0.118910 1.016976
vt -0.127682 1.025315
vt -0.121850 1.012566
vt -0.122742 1.007288
vt -0.134358 1.007288
vt -0.133080 1.016831
vt 0.345258 0.934433
vt 0.424837 0.925540
vt 0.424837 0.911659
vt 0.343258 0.927661
vt 0.345234 0.935686
vt 0.341282 0.920527
vt 0.424837 0.897777
vt 0.339715 0.921877
vt 0.342029 0.929179
vt 0.341499 0.944025
vt 0.336148 0.936915
vt 0.338703 0.944507
vt 0.334823 0.938458
vt 0.293274 0.971571
vt 0.332389 0.928866
vt 0.337835 0.914237
vt 0.339547 0.913080
vt 0.337980 0.905272
vt 0.424837 0.883847
vt 0.336751 0.897271
vt 0.336197 0.906212
vt 0.329690 0.920214
vt 0.328509 0.924167
vt 0.330822 0.930312
vt 0.289250 0.964727
vt 0.289491 0.973283
vt 0.285755 0.966462
vt 0.285370 0.954894
vt 0.282863 0.947182
vt 0.324171 0.922600
vt 0.327497 0.910695
vt 0.334895 0.898042
vt 0.335691 0.889053
vt 0.424837 0.869869
vt 0.334919 0.880690
vt 0.333835 0.889751
vt 0.325761 0.901946
vt 0.324653 0.909200
vt 0.321857 0.913924
vt 0.279296 0.944145
vt 0.280622 0.949110
vt 0.282285 0.956581
vt 0.267270 0.962341
vt 0.269102 0.974487
vt 0.272958 0.981886
vt 0.264161 0.986586
vt 0.264234 0.976391
vt 0.161254 0.971716
vt 0.139419 0.986586
vt 0.163110 0.964606
vt 0.263149 0.963546
vt 0.266644 0.952701
vt 0.262354 0.954171
vt 0.265704 0.948725
vt 0.277296 0.931975
vt 0.264451 0.935855
vt 0.260980 0.936699
vt 0.262113 0.949761
vt 0.156723 0.951159
vt 0.159495 0.960027
vt 0.155832 0.960100
vt 0.158049 0.970463
vt 0.137925 0.973837
vt 0.122501 0.971330
vt 0.124019 0.977163
vt 0.124405 0.994997
vt 0.117826 0.975933
vt 0.116862 0.994997
vt 0.107173 0.994997
vt 0.111319 0.975692
vt 0.112885 0.969426
vt 0.123248 0.959063
vt 0.138335 0.949134
vt 0.138431 0.947399
vt 0.139950 0.934554
vt 0.142119 0.930240
vt 0.260257 0.932288
vt 0.264330 0.931541
vt 0.276838 0.926625
vt 0.262860 0.922600
vt 0.259341 0.923251
vt 0.143299 0.921419
vt 0.140118 0.920624
vt 0.138238 0.929227
vt 0.128237 0.928408
vt 0.125586 0.941350
vt 0.122140 0.947399
vt 0.114379 0.956340
vt 0.074277 0.961570
vt 0.076976 0.967691
vt 0.067746 0.985357
vt 0.065721 0.983790
vt 0.061046 0.979790
vt 0.072301 0.948291
vt 0.114379 0.947423
vt 0.085122 0.942217
vt 0.088207 0.938940
vt 0.114548 0.942965
vt 0.119657 0.939084
vt 0.122188 0.931710
vt 0.114090 0.934144
vt 0.083796 0.930915
vt 0.080037 0.929975
vt 0.082640 0.925371
vt 0.114813 0.926576
vt 0.079555 0.914599
vt 0.074470 0.916671
vt 0.076783 0.932577
vt 0.068155 0.940916
vt 0.059744 0.957232
vt 0.004989 0.971089
vt 0.004989 0.950291
vt 0.061046 0.933083
vt 0.004989 0.929011
vt 0.004989 0.907513
vt 0.064998 0.919660
vt 0.063239 0.907513
vt 0.070300 0.906116
vt 0.076133 0.907320
vt 0.113753 0.907441
vt 0.121200 0.909562
vt 0.126574 0.916623
vt 0.130960 0.924745
vt 0.131804 0.900066
vt 0.126911 0.905923
vt 0.129346 0.895005
vt 0.123200 0.887968
vt 0.114403 0.886835
vt 0.075723 0.886161
vt 0.069433 0.896186
vt 0.004989 0.885558
vt 0.069481 0.885655
vt 0.004989 0.863482
vt 0.069409 0.864615
vt 0.075650 0.864061
vt 0.113198 0.864832
vt 0.120669 0.865290
vt 0.126622 0.871098
vt 0.129080 0.882570
vt 0.138263 0.896114
vt 0.139564 0.900356
vt 0.140600 0.909080
vt 0.143830 0.909755
vt 0.143492 0.901030
vt 0.141829 0.896837
vt 0.138407 0.884401
vt 0.139636 0.880377
vt 0.131563 0.878208
vt 0.126502 0.860373
vt 0.131370 0.853577
vt 0.128912 0.848733
vt 0.122766 0.842467
vt 0.113994 0.842467
vt 0.070204 0.841865
vt 0.074976 0.842033
vt 0.075747 0.819765
vt 0.113271 0.820126
vt 0.120694 0.819813
vt 0.126550 0.825019
vt 0.128791 0.836273
vt 0.138070 0.848468
vt 0.139419 0.852541
vt 0.140745 0.860880
vt 0.140793 0.872110
vt 0.143613 0.880738
vt 0.141902 0.884811
vt 0.257968 0.898331
vt 0.257365 0.886040
vt 0.256859 0.881871
vt 0.144119 0.872303
vt 0.144095 0.861097
vt 0.143444 0.852686
vt 0.141733 0.848637
vt 0.138214 0.836876
vt 0.139468 0.832851
vt 0.131370 0.831670
vt 0.126574 0.814294
vt 0.131514 0.807016
vt 0.140697 0.824561
vt 0.143468 0.832779
vt 0.141781 0.836828
vt 0.256208 0.849239
vt 0.255992 0.853336
vt 0.256040 0.861844
vt 0.256377 0.873243
vt 0.259823 0.873050
vt 0.259510 0.861651
vt 0.259848 0.853023
vt 0.259462 0.849167
vt 0.256184 0.837237
vt 0.255871 0.833140
vt 0.144047 0.824416
vt 0.140769 0.813306
vt 0.139564 0.805040
vt 0.129177 0.802437
vt 0.123224 0.796966
vt 0.114548 0.798075
vt 0.121296 0.775276
vt 0.075940 0.797786
vt 0.114066 0.777132
vt 0.069601 0.798002
vt 0.069457 0.819042
vt 0.004989 0.819452
vt 0.004989 0.797352
vt 0.069601 0.787423
vt 0.076518 0.776602
vt 0.079940 0.769372
vt 0.070541 0.777541
vt 0.074928 0.767130
vt 0.065432 0.763756
vt 0.063456 0.775951
vt 0.004989 0.775373
vt 0.061359 0.750116
vt 0.004989 0.753779
vt 0.061022 0.725871
vt 0.004989 0.732595
vt 0.004989 0.711748
vt 0.062926 0.703506
vt 0.069481 0.742837
vt 0.073795 0.735463
vt 0.075867 0.721388
vt 0.067866 0.699553
vt 0.078880 0.715170
vt 0.070083 0.698276
vt 0.111078 0.685045
vt 0.114765 0.707145
vt 0.114428 0.714255
vt 0.115584 0.727919
vt 0.086134 0.741632
vt 0.077820 0.751465
vt 0.081001 0.754092
vt 0.083604 0.758767
vt 0.115319 0.757828
vt 0.122718 0.753008
vt 0.120332 0.745561
vt 0.114548 0.750236
vt 0.084809 0.753176
vt 0.088930 0.744862
vt 0.115367 0.741608
vt 0.126140 0.743175
vt 0.128647 0.756454
vt 0.127032 0.779373
vt 0.126695 0.768649
vt 0.131177 0.760430
vt 0.131828 0.785109
vt 0.129225 0.790001
vt 0.138238 0.801015
vt 0.138407 0.789230
vt 0.139636 0.785061
vt 0.140673 0.776409
vt 0.140311 0.764817
vt 0.138552 0.756189
vt 0.140359 0.751007
vt 0.139082 0.738066
vt 0.137877 0.736475
vt 0.114910 0.737174
vt 0.123947 0.725148
vt 0.156530 0.725654
vt 0.123778 0.713411
vt 0.157133 0.734499
vt 0.260667 0.738162
vt 0.259558 0.750790
vt 0.142432 0.755321
vt 0.143492 0.764118
vt 0.143902 0.775806
vt 0.143540 0.784482
vt 0.141878 0.788652
vt 0.141829 0.800702
vt 0.143540 0.804775
vt 0.256739 0.800629
vt 0.257221 0.788483
vt 0.257100 0.784314
vt 0.257413 0.775638
vt 0.258161 0.763973
vt 0.258932 0.755104
vt 0.262908 0.751538
vt 0.260884 0.733872
vt 0.264186 0.739054
vt 0.275609 0.754767
vt 0.262908 0.755731
vt 0.261679 0.764527
vt 0.260908 0.776168
vt 0.260571 0.788844
vt 0.261004 0.784964
vt 0.273633 0.777807
vt 0.273392 0.785374
vt 0.272862 0.790363
vt 0.259992 0.800919
vt 0.272331 0.802196
vt 0.256305 0.804775
vt 0.144095 0.813210
vt 0.255799 0.824633
vt 0.255992 0.813306
vt 0.259221 0.824778
vt 0.259462 0.813451
vt 0.260209 0.804871
vt 0.272428 0.807281
vt 0.271970 0.814728
vt 0.271825 0.824754
vt 0.274741 0.814704
vt 0.274693 0.806703
vt 0.317374 0.799159
vt 0.317061 0.808269
vt 0.320291 0.812149
vt 0.320146 0.818729
vt 0.274525 0.825091
vt 0.271970 0.832176
vt 0.259751 0.833357
vt 0.259510 0.837237
vt 0.271777 0.848926
vt 0.271705 0.837189
vt 0.274211 0.833020
vt 0.320001 0.827621
vt 0.322219 0.818897
vt 0.322701 0.809667
vt 0.323399 0.799714
vt 0.332533 0.802051
vt 0.332052 0.810872
vt 0.331666 0.819644
vt 0.322050 0.827790
vt 0.319736 0.834225
vt 0.316194 0.837599
vt 0.322170 0.836996
vt 0.331449 0.828417
vt 0.333522 0.819837
vt 0.333931 0.811137
vt 0.334389 0.802509
vt 0.424837 0.813523
vt 0.424837 0.799521
vt 0.424837 0.827838
vt 0.333329 0.828561
vt 0.331329 0.837286
vt 0.333184 0.837310
vt 0.331401 0.846251
vt 0.322098 0.847022
vt 0.316435 0.846733
vt 0.319857 0.849962
vt 0.274356 0.852999
vt 0.272115 0.853915
vt 0.272018 0.861386
vt 0.274790 0.860952
vt 0.320122 0.856542
vt 0.322170 0.856301
vt 0.333281 0.846130
vt 0.331545 0.855096
vt 0.423584 0.841720
vt 0.333425 0.854879
vt 0.331907 0.863820
vt 0.322508 0.865169
vt 0.320459 0.865410
vt 0.275103 0.871387
vt 0.272380 0.871435
vt 0.272934 0.878931
vt 0.275199 0.879413
vt 0.320604 0.872014
vt 0.323207 0.874279
vt 0.317278 0.876014
vt 0.272910 0.884088
vt 0.260763 0.881678
vt 0.260691 0.885679
vt 0.273609 0.896042
vt 0.318170 0.885052
vt 0.332365 0.872544
vt 0.323857 0.884184
vt 0.276428 0.899753
vt 0.321833 0.887558
vt 0.322580 0.894041
vt 0.324605 0.893294
vt 0.333040 0.881244
vt 0.334245 0.872158
vt 0.333811 0.863555
vt 0.424837 0.855578
vt 0.323785 0.902717
vt 0.279224 0.926697
vt 0.278477 0.918479
vt 0.277392 0.907803
vt 0.275681 0.919009
vt 0.261920 0.910743
vt 0.274621 0.908694
vt 0.274235 0.901055
vt 0.261824 0.901802
vt 0.258402 0.911345
vt 0.257920 0.902549
vt 0.261245 0.897921
vt 0.450070 0.841720
vt 0.435320 0.817403
vt 0.435296 0.865989
vt 0.449539 0.813475
vt 0.449515 0.869965
vt 0.463831 0.817138
vt 0.463807 0.866302
vt 0.474338 0.827477
vt 0.474338 0.855963
vt 0.478194 0.841720
vt 0.004989 0.841479
vt 0.493185 0.244423
vt 0.493956 0.254135
vt 0.484798 0.253244
vt 0.480122 0.241628
vt 0.469085 0.250737
vt 0.497306 0.224757
vt 0.485738 0.222179
vt 0.497282 0.210755
vt 0.464626 0.237603
vt 0.474242 0.218781
vt 0.482219 0.206032
vt 0.486967 0.198103
vt 0.501451 0.202489
vt 0.492221 0.189523
vt 0.505596 0.192222
vt 0.482364 0.187740
vt 0.496896 0.180919
vt 0.507524 0.181064
vt 0.507163 0.169279
vt 0.494076 0.172051
vt 0.502053 0.153301
vt 0.484316 0.174003
vt 0.488726 0.160555
vt 0.482026 0.149806
vt 0.491426 0.140311
vt 0.475061 0.156964
vt 0.476098 0.142600
vt 0.481737 0.133587
vt 0.471350 0.129176
vt 0.466361 0.141853
vt 0.460529 0.127080
vt 0.462529 0.151107
vt 0.456312 0.141588
vt 0.451395 0.126140
vt 0.447033 0.141227
vt 0.453733 0.152216
vt 0.455396 0.162555
vt 0.465421 0.159543
vt 0.470531 0.170460
vt 0.479640 0.165495
vt 0.476869 0.180678
vt 0.460433 0.175907
vt 0.450624 0.181233
vt 0.445900 0.165303
vt 0.445828 0.152939
vt 0.428500 0.155662
vt 0.429247 0.141733
vt 0.433031 0.128936
vt 0.438429 0.117464
vt 0.420378 0.111391
vt 0.412666 0.123874
vt 0.416474 0.107510
vt 0.406593 0.140841
vt 0.406111 0.119488
vt 0.387675 0.092014
vt 0.401412 0.082350
vt 0.395362 0.074831
vt 0.376131 0.104064
vt 0.380469 0.085724
vt 0.397628 0.137973
vt 0.406858 0.163133
vt 0.458794 0.211888
vt 0.461324 0.193933
vt 0.468844 0.187475
vt 0.476604 0.194488
vt 0.471591 0.200730
vt 0.441852 0.225722
vt 0.448359 0.245917
vt 0.458191 0.257534
vt 0.488220 0.272982
vt 0.463542 0.281730
vt 0.475278 0.280019
vt 0.478893 0.295323
vt 0.493522 0.288454
vt 0.506584 0.348415
vt 0.516032 0.330967
vt 0.520996 0.340944
vt 0.521261 0.350897
vt 0.532203 0.360610
vt 0.489015 0.368033
vt 0.522924 0.362731
vt 0.528973 0.368201
vt 0.514248 0.381577
vt 0.493402 0.380589
vt 0.513718 0.386975
vt 0.449395 0.418956
vt 0.453299 0.421896
vt 0.457806 0.401749
vt 0.427632 0.417390
vt 0.429633 0.426162
vt 0.419969 0.425367
vt 0.410690 0.406255
vt 0.418426 0.411413
vt 0.424499 0.406569
vt 0.448045 0.392904
vt 0.461565 0.389747
vt 0.482026 0.376974
vt 0.476291 0.370129
vt 0.457203 0.381288
vt 0.443780 0.384204
vt 0.423487 0.395699
vt 0.403653 0.396422
vt 0.390591 0.374467
vt 0.394905 0.350030
vt 0.382613 0.362538
vt 0.376805 0.355404
vt 0.386470 0.342462
vt 0.370925 0.352922
vt 0.386277 0.326147
vt 0.378685 0.339787
vt 0.359405 0.348704
vt 0.368322 0.339667
vt 0.352392 0.330123
vt 0.348777 0.357260
vt 0.361454 0.323327
vt 0.359333 0.310048
vt 0.342800 0.320001
vt 0.336775 0.326870
vt 0.343764 0.364490
vt 0.339065 0.315856
vt 0.342125 0.312169
vt 0.358152 0.304457
vt 0.363791 0.296287
vt 0.344511 0.271102
vt 0.331521 0.277802
vt 0.328123 0.277946
vt 0.329352 0.323086
vt 0.316049 0.281417
vt 0.315495 0.275368
vt 0.304842 0.308626
vt 0.308626 0.278766
vt 0.302553 0.246472
vt 0.295733 0.248906
vt 0.272139 0.231650
vt 0.298311 0.241290
vt 0.309494 0.235000
vt 0.311036 0.241242
vt 0.325111 0.272403
vt 0.330003 0.271102
vt 0.341161 0.265438
vt 0.347162 0.263800
vt 0.330967 0.231023
vt 0.326243 0.234205
vt 0.316362 0.238711
vt 0.313446 0.230566
vt 0.322966 0.225890
vt 0.327376 0.222444
vt 0.336751 0.217094
vt 0.350151 0.243700
vt 0.360369 0.233723
vt 0.370877 0.249942
vt 0.383746 0.282212
vt 0.387867 0.296817
vt 0.397483 0.290141
vt 0.390952 0.277464
vt 0.384662 0.240784
vt 0.400231 0.272186
vt 0.406882 0.283658
vt 0.410136 0.266282
vt 0.373190 0.223890
vt 0.395507 0.234422
vt 0.366177 0.212683
vt 0.346994 0.212587
vt 0.303035 0.142239
vt 0.289876 0.142022
vt 0.280092 0.144311
vt 0.276380 0.147324
vt 0.268596 0.155735
vt 0.263197 0.158241
vt 0.269873 0.192054
vt 0.267728 0.215768
vt 0.262884 0.196898
vt 0.264668 0.218058
vt 0.260113 0.199717
vt 0.267198 0.234446
vt 0.300119 0.310626
vt 0.311566 0.332461
vt 0.322026 0.331159
vt 0.330123 0.333425
vt 0.323882 0.345644
vt 0.320050 0.339570
vt 0.314989 0.344583
vt 0.307084 0.337811
vt 0.313133 0.354416
vt 0.332389 0.376010
vt 0.343957 0.378661
vt 0.338390 0.391000
vt 0.346849 0.398423
vt 0.327521 0.391072
vt 0.318796 0.381625
vt 0.320845 0.395266
vt 0.310940 0.378179
vt 0.314145 0.389144
vt 0.292937 0.392567
vt 0.310072 0.387795
vt 0.284116 0.385361
vt 0.305830 0.357862
vt 0.295419 0.346969
vt 0.292262 0.334606
vt 0.297564 0.324315
vt 0.272042 0.314916
vt 0.281610 0.304673
vt 0.262547 0.259630
vt 0.253003 0.269535
vt 0.249605 0.317736
vt 0.268017 0.342848
vt 0.274091 0.354657
vt 0.279128 0.367454
vt 0.262354 0.373985
vt 0.261366 0.367406
vt 0.261245 0.363526
vt 0.254859 0.347186
vt 0.243363 0.360248
vt 0.232349 0.323688
vt 0.215985 0.281682
vt 0.231265 0.269728
vt 0.235796 0.252930
vt 0.253726 0.233795
vt 0.251099 0.228445
vt 0.236061 0.236012
vt 0.223336 0.225505
vt 0.237772 0.230662
vt 0.227433 0.222323
vt 0.221143 0.207671
vt 0.225818 0.208659
vt 0.230855 0.193620
vt 0.233313 0.197163
vt 0.246038 0.194271
vt 0.247773 0.188800
vt 0.256305 0.202634
vt 0.259004 0.216829
vt 0.248520 0.185498
vt 0.243460 0.184125
vt 0.238326 0.185089
vt 0.227650 0.191499
vt 0.201525 0.186607
vt 0.213720 0.209888
vt 0.213069 0.231481
vt 0.197477 0.239675
vt 0.204634 0.286502
vt 0.220733 0.328460
vt 0.203550 0.328966
vt 0.233675 0.363670
vt 0.222878 0.367864
vt 0.237868 0.375889
vt 0.248063 0.372371
vt 0.250208 0.379167
vt 0.266210 0.391337
vt 0.280405 0.396591
vt 0.303975 0.445249
vt 0.265945 0.401459
vt 0.292214 0.453853
vt 0.308915 0.452672
vt 0.327183 0.437272
vt 0.328943 0.403002
vt 0.332919 0.426355
vt 0.334895 0.401146
vt 0.339739 0.428789
vt 0.329328 0.443369
vt 0.351814 0.426716
vt 0.354320 0.438549
vt 0.345379 0.458336
vt 0.333859 0.461300
vt 0.343668 0.468578
vt 0.333256 0.469470
vt 0.297034 0.472073
vt 0.294696 0.461878
vt 0.277633 0.458263
vt 0.280357 0.465566
vt 0.282429 0.475182
vt 0.284261 0.482002
vt 0.298625 0.479230
vt 0.332558 0.482243
vt 0.345041 0.488919
vt 0.342655 0.493112
vt 0.331762 0.487762
vt 0.301854 0.490389
vt 0.271006 0.485593
vt 0.268885 0.478700
vt 0.266596 0.468988
vt 0.264812 0.462866
vt 0.252521 0.472844
vt 0.255124 0.482701
vt 0.241074 0.486605
vt 0.238495 0.477086
vt 0.251678 0.467614
vt 0.253389 0.405364
vt 0.238905 0.410184
vt 0.220757 0.414690
vt 0.235169 0.473302
vt 0.222782 0.482195
vt 0.226469 0.491859
vt 0.300649 0.495859
vt 0.232590 0.402134
vt 0.244954 0.398519
vt 0.254714 0.395169
vt 0.240519 0.382469
vt 0.228445 0.386686
vt 0.227047 0.379625
vt 0.212780 0.384638
vt 0.208779 0.391024
vt 0.202634 0.376130
vt 0.194633 0.353187
vt 0.190343 0.360224
vt 0.198754 0.379360
vt 0.188343 0.384204
vt 0.178775 0.366032
vt 0.176027 0.354778
vt 0.189186 0.352705
vt 0.199260 0.328412
vt 0.181233 0.334220
vt 0.160121 0.359983
vt 0.161591 0.348005
vt 0.162700 0.371864
vt 0.172557 0.390687
vt 0.187788 0.400254
vt 0.216491 0.406593
vt 0.197452 0.415582
vt 0.179305 0.418088
vt 0.168629 0.395242
vt 0.157928 0.373455
vt 0.148529 0.353066
vt 0.137009 0.316314
vt 0.149349 0.311325
vt 0.168677 0.299010
vt 0.185475 0.293322
vt 0.189210 0.292117
vt 0.186752 0.244495
vt 0.172461 0.249508
vt 0.168966 0.250810
vt 0.148674 0.241073
vt 0.127851 0.249243
vt 0.122911 0.255943
vt 0.119344 0.321568
vt 0.133852 0.359164
vt 0.141878 0.380227
vt 0.152265 0.402713
vt 0.189475 0.436718
vt 0.163929 0.424668
vt 0.144095 0.418980
vt 0.144601 0.401941
vt 0.129852 0.370997
vt 0.128598 0.406906
vt 0.120862 0.363887
vt 0.114910 0.376612
vt 0.103824 0.385433
vt 0.097316 0.367286
vt 0.106981 0.326797
vt 0.103679 0.257317
vt 0.096111 0.252424
vt 0.084375 0.328267
vt 0.076952 0.370997
vt 0.076976 0.399772
vt 0.117994 0.412280
vt 0.122043 0.426379
vt 0.090062 0.426524
vt 0.067505 0.414859
vt 0.063359 0.391072
vt 0.047622 0.324291
vt 0.067481 0.327328
vt 0.075000 0.246857
vt 0.059576 0.239242
vt 0.039428 0.222540
vt 0.004989 0.325833
vt 0.004989 0.395025
vt 0.055286 0.404303
vt 0.004989 0.404689
vt 0.045646 0.431006
vt 0.004989 0.430645
vt 0.024655 0.480363
vt 0.004989 0.477567
vt 0.004989 0.489111
vt 0.066806 0.443201
vt 0.076277 0.431609
vt 0.087893 0.449636
vt 0.074036 0.460914
vt 0.049719 0.489425
vt 0.098208 0.464963
vt 0.099967 0.440309
vt 0.113174 0.452937
vt 0.130864 0.442454
vt 0.134358 0.451949
vt 0.149879 0.435730
vt 0.173907 0.443369
vt 0.190247 0.449732
vt 0.184535 0.452600
vt 0.183715 0.470530
vt 0.119489 0.461927
vt 0.102329 0.474290
vt 0.188246 0.494197
vt 0.204393 0.485858
vt 0.212009 0.465517
vt 0.220420 0.479014
vt 0.155446 0.542541
vt 0.210298 0.444141
vt 0.206321 0.460553
vt 0.192753 0.455829
vt 0.187716 0.456118
vt 0.136624 0.585030
vt 0.135443 0.596718
vt 0.391048 0.069456
vt 0.379071 0.079241
vt 0.371768 0.080663
vt 0.370154 0.094737
vt 0.355549 0.076156
vt 0.357453 0.102739
vt 0.359019 0.111126
vt 0.396519 0.164604
vt 0.352199 0.110017
vt 0.342655 0.084929
vt 0.344993 0.067890
vt 0.317013 0.064974
vt 0.322460 0.053117
vt 0.299010 0.052152
vt 0.296817 0.037596
vt 0.288527 0.046079
vt 0.292431 0.059816
vt 0.285900 0.053382
vt 0.301685 0.066131
vt 0.314964 0.075385
vt 0.335570 0.089652
vt 0.344535 0.118066
vt 0.397170 0.178606
vt 0.414257 0.205116
vt 0.390952 0.183185
vt 0.401243 0.209020
vt 0.409822 0.226035
vt 0.428452 0.255919
vt 0.420957 0.260161
vt 0.436959 0.267824
vt 0.426885 0.272427
vt 0.485545 0.353838
vt 0.475833 0.357212
vt 0.464891 0.361863
vt 0.485738 0.359236
vt 0.500150 0.347355
vt 0.473543 0.365743
vt 0.455589 0.375937
vt 0.455420 0.367719
vt 0.416956 0.277970
vt 0.445346 0.375793
vt 0.439827 0.381456
vt 0.425488 0.390470
vt 0.388566 0.214635
vt 0.382469 0.203357
vt 0.346536 0.148746
vt 0.330533 0.158289
vt 0.312892 0.142215
vt 0.330557 0.152819
vt 0.341041 0.146529
vt 0.339619 0.125441
vt 0.335040 0.124260
vt 0.323183 0.131056
vt 0.313326 0.137009
vt 0.279634 0.109414
vt 0.286430 0.097846
vt 0.296287 0.089821
vt 0.312434 0.086423
vt 0.322966 0.087001
vt 0.297853 0.071505
vt 0.290262 0.082037
vt 0.292214 0.069553
vt 0.290141 0.063214
vt 0.277802 0.063865
vt 0.281586 0.071650
vt 0.264957 0.071529
vt 0.285635 0.076903
vt 0.270428 0.079892
vt 0.276742 0.086134
vt 0.279634 0.095002
vt 0.273392 0.100859
vt 0.278742 0.120284
vt 0.275730 0.129875
vt 0.271440 0.130406
vt 0.259293 0.090496
vt 0.266668 0.083868
vt 0.256763 0.071168
vt 0.243652 0.077361
vt 0.255028 0.124501
vt 0.262185 0.141901
vt 0.260619 0.152337
vt 0.253582 0.150505
vt 0.253244 0.140431
vt 0.248737 0.117608
vt 0.230614 0.127008
vt 0.243990 0.155036
vt 0.254666 0.167857
vt 0.231795 0.166797
vt 0.227674 0.168677
vt 0.214178 0.147035
vt 0.224445 0.135250
vt 0.201405 0.134647
vt 0.210057 0.121609
vt 0.214684 0.113704
vt 0.216588 0.085989
vt 0.238736 0.077554
vt 0.204417 0.072252
vt 0.228783 0.064347
vt 0.231313 0.061576
vt 0.220540 0.056515
vt 0.207068 0.062998
vt 0.203309 0.040488
vt 0.181570 0.057310
vt 0.190343 0.050610
vt 0.175811 0.037114
vt 0.185884 0.024847
vt 0.163640 0.037162
vt 0.177329 0.014605
vt 0.180197 0.012845
vt 0.159567 0.004989
vt 0.160145 0.007591
vt 0.115416 0.009206
vt 0.145468 0.034150
vt 0.144312 0.057069
vt 0.163616 0.070179
vt 0.183330 0.086423
vt 0.196874 0.096858
vt 0.180173 0.091026
vt 0.192705 0.102883
vt 0.176967 0.114114
vt 0.195404 0.135973
vt 0.203261 0.143661
vt 0.211599 0.149830
vt 0.217190 0.176943
vt 0.200128 0.175425
vt 0.203092 0.161808
vt 0.194271 0.157301
vt 0.187861 0.150288
vt 0.185547 0.135226
vt 0.174774 0.117849
vt 0.159808 0.111993
vt 0.158025 0.116644
vt 0.162314 0.127634
vt 0.179401 0.146167
vt 0.174196 0.157518
vt 0.181040 0.162724
vt 0.190030 0.175039
vt 0.177184 0.179136
vt 0.191861 0.192246
vt 0.198609 0.203887
vt 0.183980 0.212249
vt 0.176509 0.218901
vt 0.164363 0.225601
vt 0.163592 0.236566
vt 0.149083 0.229288
vt 0.161254 0.228180
vt 0.147204 0.226396
vt 0.159398 0.207213
vt 0.171135 0.202995
vt 0.178221 0.195765
vt 0.168532 0.188342
vt 0.170364 0.172099
vt 0.141853 0.174677
vt 0.144962 0.160796
vt 0.141468 0.188342
vt 0.140456 0.210514
vt 0.136455 0.224251
vt 0.141106 0.235964
vt 0.124911 0.242857
vt 0.119007 0.227168
vt 0.096039 0.244375
vt 0.080904 0.240688
vt 0.069481 0.231843
vt 0.083604 0.226975
vt 0.096907 0.227553
vt 0.117054 0.211575
vt 0.117922 0.187908
vt 0.121971 0.180100
vt 0.119995 0.171520
vt 0.126237 0.154530
vt 0.149638 0.146842
vt 0.141323 0.118982
vt 0.131201 0.140455
vt 0.108788 0.150144
vt 0.112741 0.166917
vt 0.104474 0.168701
vt 0.082977 0.163037
vt 0.099558 0.176726
vt 0.078374 0.181426
vt 0.101703 0.185836
vt 0.096473 0.211743
vt 0.109511 0.190969
vt 0.077289 0.210129
vt 0.058082 0.196343
vt 0.060636 0.176895
vt 0.065480 0.156626
vt 0.088592 0.146794
vt 0.113873 0.135033
vt 0.123200 0.111800
vt 0.095388 0.127441
vt 0.072035 0.129659
vt 0.048948 0.158121
vt 0.042682 0.187426
vt 0.061142 0.214178
vt 0.067456 0.213406
vt 0.004989 0.187764
vt 0.004989 0.159109
vt 0.004989 0.124043
vt 0.059287 0.122525
vt 0.079073 0.108185
vt 0.103366 0.107896
vt 0.113488 0.083724
vt 0.120019 0.094665
vt 0.126357 0.104450
vt 0.134744 0.108884
vt 0.144962 0.113222
vt 0.137274 0.104835
vt 0.129948 0.099316
vt 0.123417 0.089387
vt 0.137106 0.091219
vt 0.141034 0.097244
vt 0.149180 0.099172
vt 0.147252 0.109005
vt 0.156916 0.095702
vt 0.159350 0.087965
vt 0.159302 0.074855
vt 0.154096 0.080928
vt 0.145517 0.079024
vt 0.140456 0.062226
vt 0.138986 0.083700
vt 0.117440 0.077506
vt 0.125851 0.060154
vt 0.129056 0.055117
vt 0.118693 0.031643
vt 0.083845 0.019159
vt 0.106378 0.052249
vt 0.079892 0.043742
vt 0.104715 0.056563
vt 0.077265 0.050610
vt 0.069143 0.042223
vt 0.072855 0.058153
vt 0.103125 0.062082
vt 0.095268 0.080518
vt 0.088520 0.087556
vt 0.068276 0.080301
vt 0.004989 0.064227
vt 0.061046 0.042585
vt 0.004989 0.036343
vt 0.004989 0.079964
vt 0.004989 0.091436
vt 0.068951 0.090279
vt 0.074590 0.039548
vt 0.071987 0.022726
vt 0.066010 0.025715
vt 0.054009 0.025401
vt 0.049237 0.033403
vt 0.004989 0.021762
vt 0.045308 0.015834
vt 0.052876 0.014532
vt 0.069288 0.017183
vt 0.081603 0.015665
vt 0.113488 0.005398
vt 0.004989 0.222203
vt 0.977717 0.007278
vt 0.992322 0.007278
vt 0.989960 0.021353
vt 0.975958 0.015424
vt 0.981814 0.033065
vt 0.962100 0.007278
vt 0.960582 0.011447
vt 0.955979 0.012219
vt 0.971114 0.022196
vt 0.969885 0.040681
vt 0.964077 0.026631
vt 0.956003 0.028053
vt 0.956027 0.043356
vt 0.947930 0.026655
vt 0.942170 0.040729
vt 0.951376 0.011447
vt 0.949809 0.007278
vt 0.940892 0.022244
vt 0.930216 0.033113
vt 0.936072 0.015448
vt 0.934361 0.007278
vt 0.922070 0.021377
vt 0.919757 0.007278
vt 0.915684 0.007278
vt 0.914093 0.017232
vt 0.904067 0.007278
vt 0.902959 0.012508
vt 0.894066 0.007278
vt 0.900139 0.016942
vt 0.893343 0.010146
vt 0.890619 0.010628
vt 0.895825 0.019931
vt 0.908550 0.025546
vt 0.900669 0.031089
vt 0.890619 0.020847
vt 0.890764 0.033330
vt 0.880666 0.030945
vt 0.885462 0.019883
vt 0.887872 0.010146
vt 0.887197 0.007278
vt 0.881076 0.016990
vt 0.872303 0.025329
vt 0.878160 0.012580
vt 0.877268 0.007278
vt 0.865628 0.007278
vt 0.866929 0.016822
vt 0.332413 0.928866
vt 0.289226 0.964727
vt 0.264137 0.986586
vt 0.139395 0.986586
vt 0.163134 0.964606
vt 0.264427 0.935855
vt 0.333787 0.863555
vt 0.260956 0.936699
vt 0.259317 0.923251
vt 0.276453 0.899753
vt 0.272934 0.884088
vt 0.322122 0.847022
vt 0.144143 0.872303
vt 0.131346 0.853577
vt 0.139443 0.852541
vt 0.256233 0.849239
vt 0.141757 0.836828
vt 0.271994 0.832176
vt 0.126526 0.825019
vt 0.140793 0.813306
vt 0.259245 0.824778
vt 0.271946 0.814728
vt 0.255967 0.813306
vt 0.120694 0.865290
vt 0.113247 0.820126
vt 0.127008 0.779373
vt 0.075675 0.864061
vt 0.121224 0.909562
vt 0.141805 0.896837
vt 0.126887 0.905923
vt 0.114572 0.942965
vt 0.122477 0.971330
vt 0.123995 0.977163
vt 0.065697 0.983790
vt 0.063215 0.907513
vt 0.069433 0.864615
vt 0.075964 0.797786
vt 0.070517 0.777541
vt 0.076494 0.776602
vt 0.077844 0.751465
vt 0.257124 0.784314
vt 0.142408 0.755321
vt 0.275585 0.786579
vt 0.320267 0.812149
vt 0.322725 0.809667
vt 0.321158 0.796484
vt 0.321857 0.789977
vt 0.276356 0.778554
vt 0.261703 0.764527
vt 0.275344 0.760069
vt 0.274380 0.767612
vt 0.277200 0.768022
vt 0.322676 0.781181
vt 0.277706 0.759876
vt 0.277103 0.742765
vt 0.264981 0.735125
vt 0.265463 0.725847
vt 0.278115 0.737752
vt 0.280333 0.739463
vt 0.321929 0.761105
vt 0.320532 0.770143
vt 0.323399 0.774650
vt 0.324725 0.781807
vt 0.326075 0.772794
vt 0.327882 0.763130
vt 0.326195 0.759322
vt 0.327930 0.753008
vt 0.282044 0.731510
vt 0.279176 0.730112
vt 0.284406 0.721195
vt 0.330630 0.744452
vt 0.332365 0.745802
vt 0.329738 0.754237
vt 0.338293 0.760141
vt 0.336582 0.768167
vt 0.335233 0.776481
vt 0.323882 0.790580
vt 0.334100 0.784892
vt 0.338390 0.769203
vt 0.337088 0.777276
vt 0.340005 0.761346
vt 0.341884 0.753851
vt 0.340270 0.752477
vt 0.344053 0.746645
vt 0.342728 0.745079
vt 0.336148 0.737294
vt 0.333136 0.738138
vt 0.286430 0.713315
vt 0.331497 0.732956
vt 0.342318 0.728642
vt 0.346078 0.738499
vt 0.346319 0.739849
vt 0.424837 0.757972
vt 0.424837 0.771757
vt 0.424837 0.785591
vt 0.335956 0.785543
vt 0.333232 0.793375
vt 0.335112 0.793954
vt 0.334413 0.802509
vt 0.435296 0.817403
vt 0.024823 0.680442
vt 0.018774 0.673381
vt 0.026293 0.666970
vt 0.014147 0.656101
vt 0.031740 0.672995
vt 0.034584 0.686057
vt 0.040778 0.677478
vt 0.058130 0.689142
vt 0.046827 0.653233
vt 0.023185 0.653546
vt 0.017328 0.635013
vt 0.025836 0.637207
vt 0.026848 0.621204
vt 0.033524 0.626145
vt 0.038368 0.615348
vt 0.043139 0.622385
vt 0.066854 0.616987
vt 0.069240 0.624940
vt 0.079651 0.623349
vt 0.076831 0.630531
vt 0.089725 0.639520
vt 0.081314 0.642123
vt 0.081097 0.657909
vt 0.089677 0.661331
vt 0.077217 0.670850
vt 0.080880 0.679502
vt 0.071674 0.676393
vt 0.062275 0.679454
vt 0.070879 0.686732
vt 0.263872 0.040440
vt 0.253027 0.009423
vt 0.273753 0.013833
vt 0.280622 0.017617
vt 0.247002 0.013713
vt 0.243170 0.024751
vt 0.241363 0.039548
vt 0.239628 0.052779
vt 0.241435 0.060082
vt 0.245894 0.067673
vt 0.268620 0.067287
vt 0.276814 0.064058
vt 0.281947 0.057214
vt 0.284044 0.047646
vt 0.285345 0.035162
vt 0.285129 0.025618
vt -0.149276 1.007288
vt -0.159229 1.007288
vt -0.150216 1.012228
vt -0.142817 1.007288
vt -0.143636 1.015168
vt -0.153084 1.016470
vt -0.159807 1.009842
vt -0.162362 1.010517
vt -0.157349 1.019289
vt -0.147227 1.022567
vt -0.153686 1.028086
vt -0.162121 1.029845
vt -0.162314 1.020205
vt -0.170219 1.027508
vt -0.167303 1.019314
vt -0.176726 1.021941
vt -0.171592 1.016542
vt -0.180389 1.015241
vt -0.164917 1.009842
vt -0.165519 1.007288
vt -0.174509 1.012300
vt -0.181907 1.007288
vt -0.175424 1.007288
vt 0.119561 0.707989
vt 0.121417 0.683648
vt 0.125682 0.707820
vt 0.127731 0.691119
vt 0.128960 0.677333
vt 0.141227 0.699698
vt 0.139853 0.695240
vt 0.140938 0.682756
vt 0.142866 0.678562
vt 0.265294 0.698252
vt 0.265535 0.683888
vt 0.264161 0.678562
vt 0.272380 0.687407
vt 0.278429 0.687287
vt 0.269488 0.699915
vt 0.264595 0.702976
vt 0.162266 0.714978
vt 0.139299 0.711796
vt 0.159085 0.716110
vt 0.160555 0.726160
vt 0.163592 0.721822
vt 0.263342 0.712495
vt 0.261727 0.724786
vt 0.267270 0.713652
vt 0.269343 0.704590
vt 0.285080 0.707940
vt 0.290190 0.697818
vt 0.294238 0.694059
vt 0.295371 0.696107
vt 0.336486 0.724353
vt 0.341836 0.723003
vt 0.346102 0.738499
vt 0.283634 0.712809
vt 0.281297 0.720063
vt 0.344029 0.746645
vt 0.329762 0.754237
vt 0.338269 0.760141
vt 0.340029 0.761346
vt 0.849794 0.012243
vt 0.840780 0.007278
vt 0.850710 0.007278
vt 0.857193 0.007278
vt 0.856373 0.015159
vt 0.846926 0.016460
vt 0.840202 0.009833
vt 0.837647 0.010508
vt 0.842660 0.019304
vt 0.852758 0.022582
vt 0.846299 0.028101
vt 0.837888 0.029836
vt 0.837672 0.020220
vt 0.829767 0.027498
vt 0.832683 0.019328
vt 0.823284 0.021931
vt 0.828393 0.016533
vt 0.819597 0.015231
vt 0.835093 0.009857
vt 0.834466 0.007278
vt 0.825501 0.012291
vt 0.818102 0.007278
vt 0.824561 0.007278
vt 0.114885 0.737174
vt 0.272404 0.687407
vt 0.264137 0.678562
vt 0.863652 0.750019
vt 0.859145 0.733896
vt 0.862567 0.726787
vt 0.871026 0.752983
vt 0.885317 0.745537
vt 0.878353 0.718761
vt 0.874569 0.765178
vt 0.865098 0.753899
vt 0.866351 0.764527
vt 0.853071 0.772191
vt 0.835744 0.761105
vt 0.847384 0.741970
vt 0.859338 0.779590
vt 0.871966 0.773276
vt 0.864832 0.792917
vt 0.877871 0.779759
vt 0.883076 0.776457
vt 0.894018 0.754381
vt 0.908454 0.729944
vt 0.908429 0.709097
vt 0.882305 0.704639
vt 0.911466 0.698758
vt 0.884643 0.694420
vt 0.914744 0.690154
vt 0.932554 0.691408
vt 0.924625 0.696372
vt 0.919467 0.705145
vt 0.917298 0.724786
vt 0.943206 0.723533
vt 0.950412 0.693504
vt 0.969041 0.701915
vt 0.979380 0.714447
vt 0.980609 0.726160
vt 0.966246 0.746260
vt 0.984321 0.739391
vt 0.958365 0.750429
vt 0.966318 0.754887
vt 0.992394 0.773396
vt 0.957329 0.757900
vt 0.966390 0.782048
vt 0.993792 0.786025
vt 0.968728 0.792218
vt 0.994997 0.803497
vt 0.982489 0.814342
vt 0.969499 0.808269
vt 0.961209 0.788796
vt 0.958799 0.803449
vt 0.967812 0.818319
vt 0.987839 0.834032
vt 0.968487 0.833189
vt 0.946122 0.815041
vt 0.946797 0.802268
vt 0.950315 0.788338
vt 0.952605 0.783036
vt 0.946917 0.749802
vt 0.944676 0.757032
vt 0.933855 0.744862
vt 0.929613 0.751706
vt 0.923468 0.739102
vt 0.919443 0.733342
vt 0.912261 0.738909
vt 0.917322 0.744934
vt 0.901609 0.760647
vt 0.916479 0.768167
vt 0.934361 0.775493
vt 0.934723 0.782723
vt 0.933807 0.795858
vt 0.925372 0.805690
vt 0.925974 0.811474
vt 0.923034 0.801545
vt 0.908767 0.805980
vt 0.911225 0.800316
vt 0.930698 0.794580
vt 0.929276 0.784386
vt 0.923034 0.773734
vt 0.907610 0.771372
vt 0.897633 0.762093
vt 0.899488 0.779807
vt 0.897319 0.792869
vt 0.904212 0.782675
vt 0.911587 0.777445
vt 0.921251 0.778578
vt 0.903658 0.792170
vt 0.890716 0.791206
vt 0.892114 0.797593
vt 0.914768 0.812005
vt 0.934650 0.821235
vt 0.906236 0.827525
vt 0.882425 0.810390
vt 0.881172 0.804076
vt 0.883100 0.784940
vt 0.871219 0.798822
vt 0.879003 0.810366
vt 0.895271 0.827549
vt 0.905779 0.831429
vt 0.925058 0.841720
vt 0.947978 0.843287
vt 0.960100 0.841527
vt 0.974102 0.844540
vt 0.989382 0.845938
vt 0.966270 0.854734
vt 0.980778 0.864808
vt 0.989574 0.866591
vt 0.986755 0.878352
vt 0.972005 0.872472
vt 0.979356 0.897102
vt 0.965691 0.890041
vt 0.950195 0.917876
vt 0.961618 0.927685
vt 0.947375 0.937928
vt 0.937494 0.928649
vt 0.935446 0.944579
vt 0.938868 0.908429
vt 0.952918 0.882835
vt 0.959931 0.865989
vt 0.953063 0.851890
vt 0.947713 0.860976
vt 0.941615 0.875629
vt 0.929493 0.900139
vt 0.925492 0.906839
vt 0.922166 0.895993
vt 0.934843 0.872255
vt 0.939253 0.858542
vt 0.925998 0.869242
vt 0.913491 0.892740
vt 0.913081 0.899584
vt 0.916937 0.926986
vt 0.926480 0.919901
vt 0.926770 0.936265
vt 0.923227 0.939856
vt 0.913418 0.927565
vt 0.901344 0.922600
vt 0.899898 0.897536
vt 0.904694 0.891439
vt 0.917612 0.866326
vt 0.932433 0.851553
vt 0.935349 0.851143
vt 0.924408 0.844251
vt 0.910020 0.862470
vt 0.911322 0.850396
vt 0.901055 0.882184
vt 0.894620 0.879991
vt 0.891849 0.893439
vt 0.880642 0.915129
vt 0.888667 0.917153
vt 0.890812 0.931903
vt 0.883896 0.923419
vt 0.876400 0.922528
vt 0.883655 0.933325
vt 0.891101 0.941591
vt 0.900645 0.953569
vt 0.926239 0.946339
vt 0.903176 0.958654
vt 0.897392 0.960678
vt 0.893728 0.951351
vt 0.884137 0.943856
vt 0.886667 0.954340
vt 0.890836 0.962486
vt 0.887342 0.959979
vt 0.880257 0.949664
vt 0.871677 0.950749
vt 0.877051 0.942965
vt 0.875171 0.933686
vt 0.870399 0.918864
vt 0.868399 0.930674
vt 0.867315 0.940265
vt 0.859554 0.945953
vt 0.865025 0.955232
vt 0.853071 0.966896
vt 0.846516 0.958557
vt 0.839576 0.949255
vt 0.853192 0.936506
vt 0.861169 0.929613
vt 0.855168 0.918961
vt 0.860036 0.905971
vt 0.885052 0.891029
vt 0.886306 0.878979
vt 0.872352 0.884209
vt 0.848709 0.905634
vt 0.840467 0.914069
vt 0.847143 0.926480
vt 0.831261 0.939109
vt 0.823211 0.928360
vt 0.818126 0.919346
vt 0.835864 0.903103
vt 0.844468 0.890065
vt 0.856421 0.877292
vt 0.884811 0.850179
vt 0.887486 0.858494
vt 0.893921 0.864326
vt 0.898042 0.854469
vt 0.902549 0.861241
vt 0.902043 0.849408
vt 0.887535 0.837695
vt 0.878425 0.842853
vt 0.851770 0.874761
vt 0.830152 0.884016
vt 0.816921 0.910285
vt 0.803642 0.927589
vt 0.798147 0.920142
vt 0.812294 0.937373
vt 0.797617 0.931613
vt 0.821958 0.948387
vt 0.809499 0.942965
vt 0.818608 0.952098
vt 0.804992 0.947110
vt 0.792195 0.938386
vt 0.786989 0.926601
vt 0.792894 0.918358
vt 0.797930 0.902669
vt 0.806076 0.899488
vt 0.792845 0.888016
vt 0.817693 0.878690
vt 0.786073 0.893511
vt 0.783663 0.896982
vt 0.776433 0.916286
vt 0.770023 0.929637
vt 0.773638 0.942458
vt 0.781928 0.951255
vt 0.799039 0.956605
vt 0.813210 0.961377
vt 0.815740 0.958895
vt 0.831333 0.959280
vt 0.828514 0.962437
vt 0.838322 0.967643
vt 0.844540 0.975210
vt 0.835623 0.970969
vt 0.826079 0.969981
vt 0.819307 0.975909
vt 0.812921 0.977187
vt 0.808703 0.967523
vt 0.808944 0.988851
vt 0.789809 0.966968
vt 0.788242 0.987550
vt 0.799304 0.962678
vt 0.785037 0.963980
vt 0.771541 0.960895
vt 0.777711 0.973692
vt 0.784965 0.976247
vt 0.781470 0.989719
vt 0.777301 0.982706
vt 0.772240 0.973933
vt 0.751200 0.991213
vt 0.739488 0.980705
vt 0.746163 0.984128
vt 0.766745 0.963835
vt 0.756792 0.956003
vt 0.718593 0.973307
vt 0.735752 0.946218
vt 0.708760 0.972053
vt 0.762045 0.945640
vt 0.762552 0.955762
vt 0.741994 0.936289
vt 0.733872 0.941061
vt 0.725751 0.942121
vt 0.716400 0.940916
vt 0.726570 0.936433
vt 0.738982 0.924697
vt 0.748646 0.921009
vt 0.751538 0.908381
vt 0.741440 0.909200
vt 0.732740 0.909321
vt 0.729414 0.922528
vt 0.715195 0.935903
vt 0.720135 0.925347
vt 0.720232 0.911321
vt 0.732113 0.904525
vt 0.721991 0.900524
vt 0.724064 0.896379
vt 0.734186 0.899512
vt 0.740620 0.903079
vt 0.750405 0.892451
vt 0.769059 0.903007
vt 0.774047 0.888980
vt 0.753924 0.883871
vt 0.744983 0.878135
vt 0.734836 0.891414
vt 0.724305 0.887390
vt 0.709652 0.892764
vt 0.709700 0.896716
vt 0.709772 0.901127
vt 0.694782 0.896548
vt 0.694878 0.891390
vt 0.696541 0.883148
vt 0.710447 0.883799
vt 0.723220 0.878111
vt 0.737994 0.874376
vt 0.740693 0.869676
vt 0.747537 0.873243
vt 0.757274 0.879654
vt 0.775710 0.884257
vt 0.757973 0.874255
vt 0.749007 0.867796
vt 0.742693 0.865266
vt 0.727872 0.868375
vt 0.709989 0.851722
vt 0.710712 0.875050
vt 0.706591 0.856252
vt 0.698373 0.874882
vt 0.694011 0.850444
vt 0.697746 0.846323
vt 0.711869 0.848540
vt 0.721220 0.835647
vt 0.749104 0.850468
vt 0.753249 0.864567
vt 0.760431 0.868278
vt 0.779904 0.880907
vt 0.787085 0.882546
vt 0.801305 0.870881
vt 0.777445 0.873604
vt 0.794556 0.868206
vt 0.762190 0.864856
vt 0.754719 0.861362
vt 0.775084 0.816825
vt 0.771155 0.801955
vt 0.789038 0.792363
vt 0.781880 0.820006
vt 0.793135 0.828176
vt 0.794870 0.860518
vt 0.802293 0.851722
vt 0.809595 0.854180
vt 0.822995 0.853047
vt 0.809981 0.848155
vt 0.823043 0.820126
vt 0.803473 0.843817
vt 0.796581 0.839768
vt 0.799738 0.831068
vt 0.813017 0.820440
vt 0.807402 0.820102
vt 0.805908 0.808197
vt 0.811065 0.806630
vt 0.801690 0.798653
vt 0.818247 0.801545
vt 0.840419 0.820922
vt 0.839142 0.825115
vt 0.834563 0.861024
vt 0.837527 0.863338
vt 0.857795 0.830128
vt 0.873677 0.839696
vt 0.882329 0.833839
vt 0.885534 0.830538
vt 0.861049 0.816993
vt 0.854517 0.827838
vt 0.855289 0.815041
vt 0.863218 0.812197
vt 0.856735 0.810390
vt 0.852300 0.810800
vt 0.839214 0.806486
vt 0.807763 0.792026
vt 0.809981 0.786603
vt 0.842925 0.800678
vt 0.890788 0.834635
vt 0.902091 0.843648
vt 0.900211 0.834369
vt 0.910599 0.843383
vt 0.797039 0.789423
vt 0.795906 0.796677
vt 0.781615 0.783880
vt 0.787567 0.768890
vt 0.803160 0.774529
vt 0.812897 0.780506
vt 0.808583 0.776096
vt 0.811402 0.774288
vt 0.811137 0.759490
vt 0.794243 0.761925
vt 0.762214 0.758767
vt 0.754406 0.764238
vt 0.763082 0.783350
vt 0.750911 0.772770
vt 0.778674 0.787760
vt 0.758165 0.791905
vt 0.751104 0.779783
vt 0.748598 0.785784
vt 0.741512 0.776192
vt 0.749706 0.768022
vt 0.749056 0.757394
vt 0.743320 0.761732
vt 0.735487 0.771083
vt 0.731583 0.794146
vt 0.739632 0.801666
vt 0.723799 0.806293
vt 0.725847 0.790965
vt 0.727558 0.767781
vt 0.739705 0.747633
vt 0.761130 0.752694
vt 0.790315 0.755225
vt 0.763540 0.749441
vt 0.741199 0.745416
vt 0.727582 0.744115
vt 0.729101 0.746573
vt 0.719509 0.746067
vt 0.719967 0.763226
vt 0.709989 0.788218
vt 0.716545 0.794436
vt 0.715171 0.802413
vt 0.705049 0.792869
vt 0.701988 0.783301
vt 0.711965 0.758310
vt 0.705073 0.755249
vt 0.712206 0.741247
vt 0.725534 0.729534
vt 0.750839 0.724232
vt 0.770047 0.731872
vt 0.763901 0.722666
vt 0.748164 0.711652
vt 0.715677 0.731414
vt 0.718979 0.719677
vt 0.700566 0.735149
vt 0.704952 0.723316
vt 0.707555 0.711097
vt 0.719678 0.708374
vt 0.706495 0.694300
vt 0.731366 0.699361
vt 0.724015 0.687600
vt 0.736933 0.690444
vt 0.748357 0.694324
vt 0.748646 0.679936
vt 0.757876 0.701289
vt 0.768938 0.718882
vt 0.778409 0.732065
vt 0.794291 0.739825
vt 0.800702 0.737029
vt 0.795617 0.753321
vt 0.797352 0.756141
vt 0.816174 0.741102
vt 0.795376 0.732306
vt 0.815885 0.734957
vt 0.829068 0.737680
vt 0.823236 0.743609
vt 0.834225 0.744958
vt 0.825019 0.758189
vt 0.843094 0.741946
vt 0.840467 0.735366
vt 0.840274 0.719243
vt 0.829020 0.713652
vt 0.820753 0.713628
vt 0.804895 0.722159
vt 0.807715 0.709603
vt 0.820030 0.708784
vt 0.805787 0.699361
vt 0.826224 0.684419
vt 0.812559 0.677213
vt 0.827863 0.674586
vt 0.815885 0.668320
vt 0.797280 0.668561
vt 0.802534 0.660680
vt 0.791881 0.655474
vt 0.785206 0.661668
vt 0.783832 0.652004
vt 0.777084 0.656366
vt 0.768962 0.682973
vt 0.757900 0.674321
vt 0.788363 0.689600
vt 0.796918 0.697842
vt 0.782000 0.695071
vt 0.766408 0.688540
vt 0.757346 0.682322
vt 0.771734 0.705530
vt 0.784025 0.700614
vt 0.774794 0.706832
vt 0.793737 0.702879
vt 0.800244 0.710182
vt 0.800027 0.719749
vt 0.792484 0.726666
vt 0.781518 0.726232
vt 0.773662 0.717749
vt 0.696662 0.700277
vt 0.688010 0.718496
vt 0.681021 0.712857
vt 0.673960 0.722304
vt 0.687889 0.729968
vt 0.678635 0.745609
vt 0.692324 0.751031
vt 0.694107 0.779976
vt 0.681696 0.777517
vt 0.691408 0.787109
vt 0.680394 0.793881
vt 0.680563 0.805522
vt 0.667067 0.802847
vt 0.666609 0.790363
vt 0.667139 0.774312
vt 0.664512 0.739487
vt 0.652294 0.771492
vt 0.653161 0.788314
vt 0.655161 0.801039
vt 0.659162 0.808679
vt 0.666199 0.807498
vt 0.682250 0.808655
vt 0.666416 0.832008
vt 0.660704 0.832586
vt 0.661572 0.838394
vt 0.682009 0.833478
vt 0.671791 0.836225
vt 0.672514 0.843142
vt 0.662946 0.844901
vt 0.683190 0.840081
vt 0.693191 0.835840
vt 0.691023 0.829212
vt 0.693553 0.815933
vt 0.705868 0.823982
vt 0.702856 0.831502
vt 0.712640 0.829815
vt 0.707724 0.838418
vt 0.695963 0.843070
vt 0.686709 0.845576
vt 0.680177 0.848420
vt 0.666537 0.849745
vt 0.658078 0.848444
vt 0.660126 0.862181
vt 0.665910 0.862470
vt 0.672803 0.871002
vt 0.657837 0.882015
vt 0.664633 0.886402
vt 0.683118 0.872375
vt 0.686202 0.883823
vt 0.671381 0.894210
vt 0.660584 0.897512
vt 0.651402 0.897970
vt 0.647570 0.889125
vt 0.649209 0.885606
vt 0.650848 0.882136
vt 0.654631 0.857771
vt 0.654101 0.861193
vt 0.634194 0.879027
vt 0.639087 0.861265
vt 0.639352 0.857771
vt 0.635978 0.846612
vt 0.628651 0.854276
vt 0.620795 0.874352
vt 0.633014 0.883799
vt 0.634749 0.889173
vt 0.637352 0.901368
vt 0.639810 0.916454
vt 0.652703 0.913538
vt 0.655113 0.926793
vt 0.660704 0.911779
vt 0.669453 0.900813
vt 0.669188 0.907489
vt 0.664079 0.924673
vt 0.674972 0.926842
vt 0.670899 0.948098
vt 0.653981 0.954364
vt 0.642774 0.931975
vt 0.629688 0.917298
vt 0.626410 0.903055
vt 0.623398 0.897560
vt 0.628121 0.886257
vt 0.618891 0.890740
vt 0.611227 0.902043
vt 0.608239 0.897753
vt 0.614938 0.909996
vt 0.617589 0.917659
vt 0.602310 0.916744
vt 0.601250 0.929975
vt 0.621325 0.929059
vt 0.633929 0.941663
vt 0.649859 0.958726
vt 0.648992 0.964968
vt 0.680683 0.994997
vt 0.702590 0.981476
vt 0.660777 0.990442
vt 0.624072 0.964486
vt 0.625326 0.981115
vt 0.621855 0.972584
vt 0.620867 0.953207
vt 0.627856 0.951327
vt 0.627687 0.943880
vt 0.612986 0.940458
vt 0.612866 0.955424
vt 0.613444 0.970656
vt 0.605130 0.944362
vt 0.595417 0.935060
vt 0.683841 0.948749
vt 0.704398 0.965378
vt 0.708206 0.938169
vt 0.695794 0.933059
vt 0.702566 0.934626
vt 0.712134 0.929396
vt 0.716761 0.921925
vt 0.703820 0.929469
vt 0.696084 0.923323
vt 0.690275 0.926408
vt 0.684901 0.928986
vt 0.677430 0.946869
vt 0.680756 0.924697
vt 0.689239 0.915611
vt 0.695240 0.914960
vt 0.708206 0.906646
vt 0.715195 0.911996
vt 0.700253 0.908140
vt 0.693167 0.905272
vt 0.679527 0.908863
vt 0.681069 0.902741
vt 0.682515 0.897126
vt 0.684708 0.890836
vt -0.211767 1.164203
vt -0.221239 1.174904
vt -0.204875 1.166613
vt -0.237121 1.174325
vt -0.219552 1.181556
vt -0.198392 1.167963
vt -0.207959 1.181242
vt -0.200970 1.178350
vt -0.196608 1.190183
vt -0.208658 1.198281
vt -0.186004 1.215802
vt -0.215165 1.186906
vt -0.237868 1.181580
vt -0.219937 1.187918
vt -0.218973 1.192497
vt -0.238253 1.188858
vt -0.246327 1.172783
vt -0.248014 1.180543
vt -0.262932 1.179170
vt -0.263631 1.188665
vt -0.248568 1.188255
vt -0.240278 1.191653
vt -0.227625 1.196040
vt -0.212683 1.201631
vt -0.195717 1.225538
vt -0.191788 1.230575
vt -0.183353 1.220694
vt -0.204610 1.228189
vt -0.228107 1.223827
vt -0.241218 1.220501
vt -0.250183 1.219971
vt -0.258955 1.198136
vt -0.328821 1.185363
vt -0.329930 1.175362
vt -0.346149 1.169939
vt -0.343306 1.177748
vt -0.354705 1.178206
vt -0.356440 1.170445
vt -0.369334 1.168879
vt -0.369382 1.176037
vt -0.374371 1.172373
vt -0.366851 1.183122
vt -0.373383 1.178639
vt -0.393530 1.183146
vt -0.391120 1.188063
vt -0.407653 1.193389
vt -0.405749 1.198594
vt -0.383167 1.199944
vt -0.367020 1.188424
vt -0.353163 1.185821
vt -0.342293 1.185243
vt -0.334003 1.194015
vt -0.266065 1.201968
vt -0.258546 1.219007
vt -0.257847 1.250916
vt -0.266957 1.219079
vt -0.326508 1.215874
vt -0.327641 1.198618
vt -0.334485 1.215272
vt -0.342438 1.215392
vt -0.351018 1.215561
vt -0.366177 1.215802
vt -0.351307 1.244746
vt -0.336220 1.247180
vt -0.343113 1.246698
vt -0.350969 1.257326
vt -0.336871 1.259688
vt -0.328364 1.255350
vt -0.327255 1.250916
vt -0.267583 1.253976
vt -0.279248 1.258122
vt -0.267583 1.258652
vt -0.257678 1.262701
vt -0.249990 1.251663
vt -0.241724 1.250506
vt -0.231602 1.260218
vt -0.245532 1.262339
vt -0.233626 1.271425
vt -0.246978 1.272919
vt -0.258642 1.272871
vt -0.263052 1.264870
vt -0.268668 1.262990
vt -0.266475 1.271762
vt -0.260666 1.279619
vt -0.247291 1.279450
vt -0.234735 1.279281
vt -0.224902 1.279402
vt -0.215888 1.272051
vt -0.213310 1.262918
vt -0.201597 1.265665
vt -0.206152 1.276197
vt -0.211044 1.284921
vt -0.225673 1.293621
vt -0.236253 1.293862
vt -0.266836 1.295139
vt -0.272283 1.277980
vt -0.271487 1.270413
vt -0.280139 1.262701
vt -0.274789 1.272220
vt -0.323809 1.269858
vt -0.327255 1.275233
vt -0.318916 1.260676
vt -0.327930 1.267280
vt -0.318868 1.256194
vt -0.328532 1.259086
vt -0.332075 1.268027
vt -0.332774 1.260676
vt -0.338606 1.269497
vt -0.340221 1.275184
vt -0.339980 1.291042
vt -0.351042 1.273859
vt -0.350921 1.266677
vt -0.359115 1.263616
vt -0.365189 1.252313
vt -0.381986 1.229732
vt -0.395362 1.224309
vt -0.384348 1.258507
vt -0.396880 1.252747
vt -0.408954 1.249566
vt -0.407581 1.215946
vt -0.410955 1.197847
vt -0.419872 1.186424
vt -0.422908 1.191533
vt -0.433271 1.179531
vt -0.435995 1.186496
vt -0.440164 1.213657
vt -0.422547 1.214476
vt -0.421173 1.248578
vt -0.435681 1.250024
vt -0.430355 1.264532
vt -0.417558 1.261279
vt -0.405339 1.260604
vt -0.392060 1.265231
vt -0.401941 1.273907
vt -0.410232 1.275498
vt -0.420980 1.280414
vt -0.406833 1.295766
vt -0.398423 1.287283
vt -0.391120 1.307575
vt -0.384011 1.297332
vt -0.376443 1.305213
vt -0.385143 1.311045
vt -0.372394 1.311383
vt -0.375744 1.317070
vt -0.360007 1.322734
vt -0.358127 1.316612
vt -0.350439 1.325144
vt -0.355910 1.309334
vt -0.367020 1.285041
vt -0.383818 1.287283
vt -0.393530 1.274461
vt -0.381769 1.276896
vt -0.370394 1.275835
vt -0.365598 1.268509
vt -0.363261 1.272027
vt -0.338389 1.301237
vt -0.343764 1.308635
vt -0.347812 1.312925
vt -0.349234 1.319071
vt -0.346077 1.325361
vt -0.345330 1.319746
vt -0.302239 1.329482
vt -0.344390 1.313745
vt -0.302384 1.317697
vt -0.301516 1.323457
vt -0.298263 1.329940
vt -0.298383 1.320926
vt -0.301371 1.312708
vt -0.336919 1.305551
vt -0.307083 1.308467
vt -0.304456 1.304008
vt -0.233048 1.312973
vt -0.232614 1.320637
vt -0.231939 1.329145
vt -0.216684 1.311262
vt -0.216684 1.318637
vt -0.215551 1.327096
vt -0.207935 1.324180
vt -0.208490 1.316371
vt -0.184799 1.322855
vt -0.185161 1.315215
vt -0.178654 1.318541
vt -0.202537 1.309527
vt -0.181570 1.308708
vt -0.141130 1.313190
vt -0.142600 1.305117
vt -0.111077 1.303116
vt -0.109318 1.308443
vt -0.103172 1.306948
vt -0.106498 1.294416
vt -0.099895 1.305888
vt -0.108860 1.285306
vt -0.103654 1.293693
vt -0.078084 1.298899
vt -0.082735 1.287692
vt -0.071842 1.282607
vt -0.085820 1.278028
vt -0.106980 1.282535
vt -0.139298 1.289548
vt -0.138551 1.286632
vt -0.131297 1.274702
vt -0.099798 1.271931
vt -0.087314 1.269473
vt -0.100232 1.262411
vt -0.133514 1.264749
vt -0.158145 1.276751
vt -0.170002 1.288150
vt -0.171882 1.291524
vt -0.183763 1.283981
vt -0.184486 1.295380
vt -0.182196 1.276799
vt -0.158819 1.266243
vt -0.137129 1.238263
vt -0.114547 1.238408
vt -0.106137 1.237998
vt -0.100955 1.235901
vt -0.086664 1.261255
vt -0.075987 1.265641
vt -0.074855 1.273522
vt -0.071577 1.272003
vt -0.072951 1.264605
vt -0.076132 1.257254
vt -0.073288 1.256603
vt -0.076397 1.231346
vt -0.073722 1.230479
vt -0.079602 1.225707
vt -0.081217 1.229442
vt -0.091484 1.223080
vt -0.085242 1.231563
vt -0.092809 1.231491
vt -0.102232 1.229539
vt -0.108715 1.232262
vt -0.136189 1.230937
vt -0.159591 1.227418
vt -0.160820 1.236913
vt -0.184028 1.233347
vt -0.182172 1.266316
vt -0.206827 1.284921
vt -0.204344 1.298369
vt -0.206441 1.308346
vt -0.218154 1.304201
vt -0.209984 1.292561
vt -0.223215 1.299188
vt -0.067239 1.292633
vt -0.064130 1.290560
vt -0.068516 1.280896
vt 0.572209 0.032414
vt 0.578692 0.017979
vt 0.588983 0.039259
vt 0.595706 0.021039
vt 0.585175 0.004989
vt 0.609227 0.047646
vt 0.602961 0.004989
vt 0.619421 0.023473
vt 0.625085 0.004989
vt 0.625109 0.029209
vt 0.615469 0.051020
vt 0.632074 0.043693
vt 0.625012 0.056129
vt 0.637737 0.047670
vt 0.628627 0.058684
vt 0.638219 0.028510
vt 0.630941 0.004989
vt 0.643569 0.004989
vt 0.654752 0.004989
vt 0.652535 0.018991
vt 0.650317 0.034776
vt 0.671212 0.014629
vt 0.672490 0.004989
vt 0.742452 0.013327
vt 0.744332 0.004989
vt 0.682443 0.023498
vt 0.754526 0.021184
vt 0.761973 0.004989
vt 0.739102 0.027787
vt 0.669911 0.027474
vt 0.669838 0.046224
vt 0.656945 0.052996
vt 0.646895 0.062757
vt 0.638508 0.071963
vt 0.653571 0.089194
vt 0.663428 0.070252
vt 0.673405 0.061503
vt 0.685070 0.055189
vt 0.675647 0.064950
vt 0.667669 0.073819
vt 0.686323 0.060250
vt 0.679503 0.070011
vt 0.702084 0.052707
vt 0.733198 0.047959
vt 0.759949 0.039404
vt 0.746838 0.059093
vt 0.729607 0.062877
vt 0.718786 0.056033
vt 0.716834 0.060997
vt 0.701699 0.058346
vt 0.688588 0.067191
vt 0.701241 0.066155
vt 0.691408 0.073433
vt 0.681214 0.081338
vt 0.674610 0.077771
vt 0.661476 0.089339
vt 0.671405 0.089532
vt 0.666320 0.105125
vt 0.673646 0.101437
vt 0.680539 0.098160
vt 0.680105 0.089725
vt 0.688251 0.089893
vt 0.689528 0.080470
vt 0.700542 0.080133
vt 0.700879 0.073264
vt 0.710302 0.073891
vt 0.713749 0.067818
vt 0.722521 0.071071
vt 0.726932 0.066227
vt 0.738500 0.072228
vt 0.733872 0.075481
vt 0.726594 0.079048
vt 0.719702 0.082254
vt 0.711508 0.081000
vt 0.700132 0.090158
vt 0.688805 0.099365
vt 0.690179 0.106474
vt 0.677960 0.109390
vt 0.673743 0.114283
vt 0.661644 0.108499
vt 0.643425 0.115608
vt 0.635399 0.106209
vt 0.622361 0.120645
vt 0.632483 0.130912
vt 0.617614 0.124212
vt 0.653884 0.125345
vt 0.671236 0.117681
vt 0.682612 0.124405
vt 0.684154 0.119392
vt 0.686901 0.112572
vt 0.699506 0.114138
vt 0.699409 0.121922
vt 0.699361 0.127562
vt 0.667163 0.132840
vt 0.647136 0.142793
vt 0.634725 0.148794
vt 0.626193 0.135539
vt 0.605877 0.132936
vt 0.620313 0.151107
vt 0.598888 0.139154
vt 0.615710 0.158410
vt 0.593513 0.172581
vt 0.579608 0.159808
vt 0.580138 0.186438
vt 0.566738 0.179522
vt 0.577077 0.191523
vt 0.564015 0.186511
vt 0.559846 0.213647
vt 0.577463 0.214491
vt 0.564304 0.250039
vt 0.589055 0.197862
vt 0.592333 0.193379
vt 0.606455 0.183137
vt 0.625639 0.172364
vt 0.630676 0.168893
vt 0.643545 0.170460
vt 0.650342 0.157518
vt 0.669019 0.164965
vt 0.653860 0.169930
vt 0.645280 0.178196
vt 0.630603 0.176027
vt 0.626603 0.178654
vt 0.608889 0.188077
vt 0.594261 0.198585
vt 0.592405 0.215961
vt 0.578837 0.248592
vt 0.569630 0.264547
vt 0.582451 0.261269
vt 0.579029 0.280405
vt 0.591055 0.249556
vt 0.604648 0.224299
vt 0.616842 0.199934
vt 0.632989 0.188415
vt 0.633158 0.183137
vt 0.646847 0.185812
vt 0.656704 0.177738
vt 0.670079 0.175352
vt 0.671188 0.185354
vt 0.657716 0.185233
vt 0.648992 0.215551
vt 0.633833 0.215816
vt 0.618023 0.229746
vt 0.603129 0.252738
vt 0.594670 0.260618
vt 0.589778 0.275512
vt 0.593176 0.295756
vt 0.601587 0.287297
vt 0.608865 0.307565
vt 0.598044 0.273898
vt 0.607925 0.265222
vt 0.615662 0.258522
vt 0.634797 0.252304
vt 0.648703 0.244761
vt 0.657547 0.215407
vt 0.666007 0.194006
vt 0.741054 0.198127
vt 0.736379 0.188656
vt 0.737078 0.179184
vt 0.735776 0.169689
vt 0.747513 0.161061
vt 0.679382 0.156361
vt 0.667091 0.151758
vt 0.729751 0.133490
vt 0.733728 0.153951
vt 0.755538 0.143275
vt 0.744452 0.123320
vt 0.716207 0.124935
vt 0.727510 0.118669
vt 0.714665 0.119946
vt 0.725124 0.115247
vt 0.737174 0.109921
vt 0.752719 0.113343
vt 0.746043 0.091363
vt 0.732788 0.106450
vt 0.721099 0.110234
vt 0.712110 0.113054
vt 0.709098 0.106860
vt 0.699626 0.107053
vt 0.699795 0.100184
vt 0.710809 0.099847
vt 0.719099 0.099003
vt 0.725751 0.102546
vt 0.738403 0.091147
vt 0.728691 0.090881
vt 0.720111 0.090640
vt 0.711990 0.090448
vt 0.753875 0.069794
vt 0.773131 0.050562
vt 0.780554 0.062202
vt 0.761033 0.079000
vt 0.792869 0.041500
vt 0.770649 0.042874
vt 0.775180 0.041163
vt 0.771782 0.032752
vt 0.767853 0.034174
vt 0.763612 0.018340
vt 0.767516 0.012725
vt 0.776072 0.030270
vt 0.791857 0.030294
vt 0.798894 0.031812
vt 0.807860 0.036753
vt 0.806390 0.028559
vt 0.800389 0.023040
vt 0.794484 0.025401
vt 0.789062 0.025787
vt 0.786820 0.009182
vt 0.791399 0.004989
vt 0.771975 0.004989
vt 0.771806 0.008748
vt 0.773348 0.014026
vt 0.785157 0.013159
vt 0.760696 0.104932
vt 0.779590 0.124501
vt 0.771011 0.134623
vt 0.791737 0.150722
vt 0.767299 0.141275
vt 0.771758 0.143540
vt 0.765950 0.150047
vt 0.762431 0.148384
vt 0.756020 0.162290
vt 0.753683 0.172774
vt 0.759057 0.167110
vt 0.769661 0.152698
vt 0.785182 0.157181
vt 0.791905 0.160266
vt 0.780482 0.159229
vt 0.784555 0.160796
vt 0.788218 0.164194
vt 0.775204 0.171279
vt 0.774505 0.168026
vt 0.764431 0.166411
vt 0.762744 0.170990
vt 0.762865 0.174316
vt 0.778747 0.174918
vt 0.795111 0.166604
vt 0.801618 0.167954
vt 0.792026 0.181257
vt 0.780458 0.181546
vt 0.762142 0.181570
vt 0.751996 0.180558
vt 0.751441 0.188246
vt 0.761756 0.188848
vt 0.780072 0.187908
vt 0.784820 0.186896
vt 0.781036 0.192487
vt 0.759732 0.191668
vt 0.749827 0.219986
vt 0.758792 0.220516
vt 0.772384 0.196030
vt 0.787326 0.201646
vt 0.771902 0.223842
vt 0.758286 0.250496
vt 0.768408 0.260209
vt 0.795376 0.228180
vt 0.804293 0.225529
vt 0.791327 0.198271
vt 0.799015 0.178341
vt 0.803401 0.190174
vt 0.813981 0.215792
vt 0.808197 0.230566
vt 0.798412 0.265679
vt 0.786676 0.262932
vt 0.793858 0.276187
vt 0.784097 0.272042
vt 0.766383 0.271415
vt 0.754478 0.262354
vt 0.749995 0.251677
vt 0.742307 0.262691
vt 0.742139 0.250930
vt 0.741464 0.218998
vt 0.733921 0.201983
vt 0.733053 0.219094
vt 0.732426 0.253991
vt 0.732402 0.258642
vt 0.720762 0.258136
vt 0.672755 0.250906
vt 0.673502 0.215889
vt 0.672345 0.198633
vt 0.665525 0.215286
vt 0.663765 0.247171
vt 0.671646 0.255341
vt 0.681117 0.256208
vt 0.731318 0.262980
vt 0.719870 0.262715
vt 0.736957 0.264860
vt 0.753032 0.272909
vt 0.741368 0.272885
vt 0.733511 0.271777
vt 0.728522 0.270403
vt 0.725220 0.272211
vt 0.727703 0.277970
vt 0.739343 0.279609
vt 0.752719 0.279465
vt 0.733174 0.295130
vt 0.672755 0.275223
vt 0.676177 0.269849
vt 0.681093 0.260667
vt 0.671477 0.259100
vt 0.672080 0.267294
vt 0.667935 0.268017
vt 0.667212 0.260691
vt 0.663115 0.259703
vt 0.661379 0.269487
vt 0.659789 0.275175
vt 0.660030 0.291033
vt 0.648968 0.273849
vt 0.649088 0.266668
vt 0.649040 0.257341
vt 0.640870 0.263631
vt 0.632989 0.285032
vt 0.636749 0.272018
vt 0.634411 0.268499
vt 0.629615 0.275826
vt 0.656897 0.246689
vt 0.618216 0.276910
vt 0.606455 0.274476
vt 0.616192 0.287273
vt 0.615975 0.297347
vt 0.623566 0.305204
vt 0.614866 0.311060
vt 0.627615 0.311397
vt 0.624241 0.317061
vt 0.639979 0.322724
vt 0.641858 0.316603
vt 0.649570 0.325134
vt 0.644099 0.309325
vt 0.661620 0.301227
vt 0.695529 0.303999
vt 0.663066 0.305541
vt 0.656246 0.308650
vt 0.652197 0.312916
vt 0.650751 0.319061
vt 0.653932 0.325375
vt 0.654655 0.319736
vt 0.697770 0.329472
vt 0.698469 0.323471
vt 0.701747 0.329930
vt 0.697626 0.317712
vt 0.701602 0.320917
vt 0.767396 0.320628
vt 0.768070 0.329159
vt 0.783302 0.318651
vt 0.784459 0.327087
vt 0.792050 0.324170
vt 0.791520 0.316386
vt 0.783302 0.311253
vt 0.766938 0.312964
vt 0.698638 0.312699
vt 0.655619 0.313735
vt 0.692902 0.308457
vt 0.763757 0.293853
vt 0.776795 0.299179
vt 0.781856 0.304191
vt 0.793568 0.308337
vt 0.797473 0.309542
vt 0.814825 0.315205
vt 0.815210 0.322845
vt 0.821332 0.318555
vt 0.818416 0.308698
vt 0.795665 0.298359
vt 0.790026 0.292551
vt 0.774336 0.293611
vt 0.765251 0.279272
vt 0.775108 0.279417
vt 0.788941 0.284911
vt 0.793183 0.284935
vt 0.816222 0.283971
vt 0.815524 0.295395
vt 0.828104 0.291515
vt 0.857410 0.305131
vt 0.858880 0.313205
vt 0.888932 0.303107
vt 0.890668 0.308433
vt 0.896837 0.306939
vt 0.893512 0.294407
vt 0.900115 0.305878
vt 0.891126 0.285297
vt 0.896355 0.293684
vt 0.917274 0.287683
vt 0.921925 0.298889
vt 0.914189 0.278019
vt 0.928143 0.282622
vt 0.932746 0.292647
vt 0.931469 0.280911
vt 0.935879 0.290551
vt 0.928432 0.272018
vt 0.949954 0.272572
vt 0.954702 0.280863
vt 0.959642 0.266957
vt 0.961859 0.273151
vt 0.993165 0.265993
vt 0.993165 0.252665
vt 0.958172 0.260956
vt 0.947014 0.265559
vt 0.927059 0.264619
vt 0.946098 0.259895
vt 0.957184 0.255268
vt 0.956581 0.249050
vt 0.993165 0.232686
vt 0.946459 0.253678
vt 0.926697 0.256618
vt 0.946725 0.235627
vt 0.955907 0.234807
vt 0.955738 0.219672
vt 0.993165 0.211261
vt 0.955931 0.213551
vt 0.944989 0.218347
vt 0.926288 0.230493
vt 0.923878 0.257244
vt 0.923613 0.231337
vt 0.920383 0.225697
vt 0.909104 0.214901
vt 0.944435 0.212707
vt 0.956533 0.207936
vt 0.957304 0.201236
vt 0.993165 0.195862
vt 0.946459 0.200561
vt 0.944821 0.207526
vt 0.910791 0.201525
vt 0.912960 0.192897
vt 0.948002 0.192174
vt 0.958124 0.193789
vt 0.959184 0.186487
vt 0.993165 0.180389
vt 0.960052 0.179811
vt 0.949207 0.183763
vt 0.918021 0.173039
vt 0.915973 0.183016
vt 0.908791 0.191138
vt 0.906550 0.195500
vt 0.905682 0.199621
vt 0.909755 0.207936
vt 0.897898 0.203501
vt 0.898404 0.210587
vt 0.897753 0.229529
vt 0.887655 0.209502
vt 0.887824 0.201718
vt 0.898283 0.197428
vt 0.903947 0.196609
vt 0.903609 0.192753
vt 0.907514 0.179907
vt 0.911803 0.181498
vt 0.913924 0.171641
vt 0.914286 0.166532
vt 0.910719 0.166724
vt 0.907224 0.165351
vt 0.912888 0.163808
vt 0.915611 0.162555
vt 0.920263 0.164580
vt 0.949737 0.176943
vt 0.950942 0.172316
vt 0.922504 0.158771
vt 0.909201 0.159157
vt 0.912237 0.153903
vt 0.908526 0.161254
vt 0.901922 0.158289
vt 0.902236 0.163278
vt 0.902380 0.177907
vt 0.899946 0.191331
vt 0.898886 0.195355
vt 0.891632 0.192825
vt 0.894692 0.189306
vt 0.897464 0.175979
vt 0.896620 0.163230
vt 0.899970 0.158868
vt 0.900934 0.154433
vt 0.904308 0.148312
vt 0.908984 0.141877
vt 0.916599 0.148553
vt 0.925300 0.153012
vt 0.929734 0.133731
vt 0.931276 0.145926
vt 0.927227 0.126815
vt 0.905152 0.108812
vt 0.890258 0.130189
vt 0.885607 0.137587
vt 0.881943 0.144384
vt 0.864808 0.127417
vt 0.869363 0.119392
vt 0.883679 0.096304
vt 0.853915 0.088303
vt 0.830996 0.101317
vt 0.821259 0.106836
vt 0.820175 0.116138
vt 0.861121 0.134792
vt 0.877533 0.154313
vt 0.856566 0.145420
vt 0.804606 0.120404
vt 0.798051 0.135394
vt 0.847504 0.171737
vt 0.851722 0.158410
vt 0.872882 0.166435
vt 0.869532 0.178847
vt 0.844926 0.182799
vt 0.843576 0.190849
vt 0.842757 0.200199
vt 0.867291 0.189306
vt 0.866206 0.196825
vt 0.890017 0.185354
vt 0.888619 0.194922
vt 0.865483 0.205405
vt 0.840419 0.227433
vt 0.816632 0.220709
vt 0.815957 0.233361
vt 0.839190 0.236928
vt 0.817837 0.266330
vt 0.841190 0.266234
vt 0.817813 0.276790
vt 0.830008 0.288165
vt 0.841841 0.276741
vt 0.866495 0.264740
vt 0.862880 0.238254
vt 0.863820 0.230927
vt 0.890330 0.190993
vt 0.893005 0.174220
vt 0.885462 0.238398
vt 0.891270 0.232277
vt 0.893849 0.238013
vt 0.899778 0.262426
vt 0.868713 0.274717
vt 0.861458 0.286622
vt 0.860711 0.289563
vt 0.893030 0.282550
vt 0.900211 0.271921
vt 0.912671 0.269463
vt 0.913346 0.261245
vt 0.899055 0.235916
vt 0.907200 0.231506
vt 0.906694 0.227915
vt 0.914768 0.231554
vt 0.923998 0.265655
vt 0.925155 0.273536
vt 0.918792 0.229433
vt 0.908526 0.223070
vt 0.859169 0.086037
vt 0.936771 0.151228
vt 0.953207 0.167713
vt 0.940989 0.151276
vt 0.960751 0.174268
vt 0.961643 0.168291
vt 0.956726 0.150770
vt 0.937350 0.131008
vt 0.955280 0.134069
vt 0.955063 0.128164
vt 0.937567 0.123826
vt 0.938892 0.117030
vt 0.956075 0.122766
vt 0.959136 0.116042
vt 0.965764 0.127658
vt 0.964703 0.133129
vt 0.964125 0.139154
vt 0.963329 0.153132
vt 0.993165 0.158627
vt 0.993165 0.138696
vt 0.967427 0.121898
vt 0.993165 0.125610
vt 0.970270 0.116018
vt 0.964197 0.108017
vt 0.946628 0.099100
vt 0.942146 0.108643
vt 0.982658 0.089869
vt 0.971668 0.096039
vt 0.982802 0.072059
vt 0.975548 0.055406
vt 0.963329 0.055912
vt 0.951472 0.060539
vt 0.951472 0.078880
vt 0.959088 0.095027
vt -0.093315 1.227924
vt 0.580210 0.903199
vt 0.585633 0.913972
vt 0.586862 0.930312
vt 0.547386 0.944917
vt 0.572691 0.899199
vt 0.575631 0.958340
vt 0.585512 0.945037
vt 0.579945 0.960485
vt 0.571486 0.975259
vt 0.561364 0.984971
vt 0.532106 0.994997
vt 0.550326 0.993454
vt 0.526057 0.991502
vt 0.510151 0.982248
vt 0.487569 0.944218
vt 0.477881 0.966077
vt 0.455082 0.955424
vt 0.461132 0.932577
vt 0.450648 0.952436
vt 0.446623 0.951110
vt 0.441249 0.945037
vt 0.455468 0.922335
vt 0.498173 0.922624
vt 0.462409 0.907128
vt 0.468627 0.891342
vt 0.506898 0.900235
vt 0.554544 0.893849
vt 0.559629 0.885148
vt 0.579849 0.889318
vt 0.583488 0.895560
vt 0.595417 0.882762
vt 0.599611 0.885028
vt 0.610456 0.867194
vt 0.615324 0.871194
vt 0.624410 0.853746
vt 0.617083 0.851938
vt 0.599201 0.866158
vt 0.586018 0.879654
vt 0.567317 0.875460
vt 0.553821 0.881268
vt 0.516008 0.878979
vt 0.490461 0.865989
vt 0.480388 0.888450
vt 0.475278 0.865603
vt 0.483256 0.864760
vt 0.485521 0.865410
vt 0.493691 0.858855
vt 0.514079 0.867387
vt 0.486485 0.861048
vt 0.557026 0.869652
vt 0.519863 0.855312
vt 0.493137 0.845817
vt 0.486629 0.855240
vt 0.485159 0.845118
vt 0.486943 0.825404
vt 0.477255 0.810245
vt 0.509356 0.837599
vt 0.492703 0.825766
vt 0.485545 0.817933
vt 0.480942 0.786507
vt 0.480532 0.810607
vt 0.492389 0.813017
vt 0.498921 0.813981
vt 0.504391 0.825983
vt 0.507669 0.812655
vt 0.511139 0.825067
vt 0.518056 0.835189
vt 0.527142 0.848492
vt 0.561099 0.859747
vt 0.536059 0.844733
vt 0.525358 0.833261
vt 0.516490 0.822946
vt 0.513983 0.809378
vt 0.512055 0.793737
vt 0.504560 0.792170
vt 0.496053 0.809257
vt 0.496679 0.789881
vt 0.484219 0.786965
vt 0.490413 0.764865
vt 0.494462 0.765443
vt 0.505596 0.771059
vt 0.503548 0.761274
vt 0.509259 0.754357
vt 0.515718 0.740090
vt 0.513573 0.757996
vt 0.522129 0.742404
vt 0.522515 0.732595
vt 0.528250 0.733824
vt 0.524298 0.728209
vt 0.529961 0.726931
vt 0.553074 0.737704
vt 0.560713 0.729462
vt 0.551941 0.748429
vt 0.533576 0.757587
vt 0.523117 0.764696
vt 0.511766 0.772360
vt 0.506271 0.776144
vt 0.499933 0.791086
vt 0.519068 0.776722
vt 0.528660 0.768528
vt 0.539891 0.763467
vt 0.554712 0.757563
vt 0.594694 0.759780
vt 0.596285 0.748067
vt 0.605081 0.740162
vt 0.603515 0.750164
vt 0.625542 0.748959
vt 0.603539 0.761491
vt 0.589826 0.768215
vt 0.560279 0.765299
vt 0.545385 0.767419
vt 0.532372 0.771516
vt 0.523406 0.779590
vt 0.516996 0.793640
vt 0.530564 0.805594
vt 0.533817 0.794556
vt 0.538228 0.784675
vt 0.539818 0.776602
vt 0.549290 0.775445
vt 0.566136 0.770938
vt 0.589392 0.775011
vt 0.608287 0.780096
vt 0.622385 0.769757
vt 0.623614 0.758767
vt 0.629350 0.756141
vt 0.633978 0.778168
vt 0.637809 0.776770
vt 0.635062 0.793448
vt 0.640822 0.794363
vt 0.624892 0.787856
vt 0.611034 0.801280
vt 0.603178 0.785037
vt 0.598358 0.786073
vt 0.586308 0.777975
vt 0.562665 0.778361
vt 0.587850 0.787591
vt 0.586308 0.792749
vt 0.601225 0.796123
vt 0.605202 0.798894
vt 0.596526 0.818391
vt 0.600551 0.821235
vt 0.605877 0.823838
vt 0.631182 0.810028
vt 0.637544 0.812414
vt 0.624820 0.831092
vt 0.632025 0.833719
vt 0.596815 0.846010
vt 0.591272 0.843046
vt 0.587729 0.839696
vt 0.576788 0.826031
vt 0.582090 0.809522
vt 0.559556 0.785085
vt 0.546422 0.781879
vt 0.554905 0.801352
vt 0.549145 0.818150
vt 0.547121 0.827862
vt 0.574233 0.834418
vt 0.578812 0.847311
vt 0.581512 0.853481
vt 0.582210 0.861916
vt 0.564955 0.853336
vt 0.564762 0.847576
vt 0.544470 0.841937
vt 0.533022 0.823091
vt 0.535191 0.813716
vt 0.525792 0.817138
vt -0.413148 0.930312
vt -0.414353 0.913972
vt -0.419799 0.903199
vt -0.452624 0.944917
vt -0.427319 0.899199
vt -0.424378 0.958340
vt -0.414473 0.945037
vt -0.420064 0.960485
vt -0.428499 0.975259
vt -0.438622 0.984971
vt -0.467879 0.994997
vt -0.449683 0.993454
vt -0.473928 0.991502
vt -0.489858 0.982248
vt -0.445466 0.893849
vt -0.493112 0.900235
vt -0.484002 0.878979
vt -0.440381 0.885148
vt -0.446189 0.881268
vt -0.485930 0.867387
vt -0.442960 0.869652
vt -0.480146 0.855312
vt -0.432669 0.875460
vt -0.420161 0.889318
vt -0.416498 0.895560
vt -0.400375 0.885028
vt -0.404592 0.882762
vt -0.413991 0.879654
vt -0.417799 0.861916
vt -0.438911 0.859747
vt -0.472868 0.848492
vt -0.490654 0.837599
vt -0.481954 0.835189
vt -0.463951 0.844733
vt -0.435031 0.853336
vt -0.455540 0.841937
vt -0.474651 0.833261
vt -0.483520 0.822946
vt -0.488846 0.825067
vt -0.495594 0.825983
vt -0.492341 0.812655
vt -0.466987 0.823091
vt -0.486002 0.809378
vt -0.474193 0.817138
vt -0.464794 0.813716
vt -0.469421 0.805594
vt -0.483014 0.793640
vt -0.487954 0.793737
vt -0.495450 0.792170
vt -0.480941 0.776722
vt -0.488244 0.772360
vt -0.493738 0.776144
vt -0.494389 0.771059
vt -0.496462 0.761274
vt -0.486436 0.757996
vt -0.490750 0.754357
vt -0.477881 0.742404
vt -0.484291 0.740090
vt -0.477471 0.732595
vt -0.471759 0.733824
vt -0.475712 0.728209
vt -0.470048 0.726931
vt -0.446912 0.737704
vt -0.439272 0.729462
vt -0.448045 0.748429
vt -0.466433 0.757587
vt -0.476893 0.764696
vt -0.471349 0.768528
vt -0.476579 0.779590
vt -0.466168 0.794556
vt -0.445104 0.801352
vt -0.461782 0.784675
vt -0.467614 0.771516
vt -0.460119 0.763467
vt -0.445273 0.757563
vt -0.405315 0.759780
vt -0.403725 0.748067
vt -0.394904 0.740162
vt -0.396495 0.750164
vt -0.374467 0.748959
vt -0.396470 0.761491
vt -0.410183 0.768215
vt -0.439730 0.765299
vt -0.454624 0.767419
vt -0.460191 0.776602
vt -0.453588 0.781879
vt -0.450720 0.775445
vt -0.433850 0.770938
vt -0.410617 0.775011
vt -0.391699 0.780096
vt -0.377624 0.769757
vt -0.376371 0.758767
vt -0.370659 0.756141
vt -0.366008 0.778168
vt -0.362200 0.776770
vt -0.364948 0.793448
vt -0.359188 0.794363
vt -0.375118 0.787856
vt -0.388975 0.801280
vt -0.396832 0.785037
vt -0.401652 0.786073
vt -0.413678 0.777975
vt -0.437344 0.778361
vt -0.440429 0.785085
vt -0.417920 0.809522
vt -0.413702 0.792749
vt -0.412136 0.787591
vt -0.398760 0.796123
vt -0.403484 0.818391
vt -0.423197 0.826031
vt -0.394783 0.798894
vt -0.399435 0.821235
vt -0.412280 0.839696
vt -0.408713 0.843046
vt -0.394109 0.823838
vt -0.368804 0.810028
vt -0.362441 0.812414
vt -0.375190 0.831092
vt -0.367960 0.833719
vt -0.375600 0.853746
vt -0.382926 0.851938
vt -0.403194 0.846010
vt -0.418498 0.853481
vt -0.421173 0.847311
vt -0.425776 0.834418
vt -0.450864 0.818150
vt -0.452889 0.827862
vt -0.435223 0.847576
vt -0.400784 0.866158
vt -0.389530 0.867194
vt -0.384661 0.871194
vt 0.480508 0.810607
vt 0.485521 0.817933
vt 0.486919 0.825404
vt 0.483231 0.864760
vt 0.446599 0.951110
s 1
usemtl models_monsters_darklord_mech_darklord_mech_cannon
f 27/1/1 29/2/2 28/3/3
f 29/2/2 30/4/4 28/3/3
f 29/2/2 37/5/5 30/4/4
f 28/3/3 30/4/4 336/6/6
f 335/7/7 28/3/3 336/6/6
f 482/8/8 335/7/7 336/6/6
f 335/7/7 482/8/8 481/9/9
f 336/6/6 30/4/4 397/10/10
f 482/8/8 336/6/6 397/10/10
f 30/4/4 398/11/11 397/10/10
f 37/5/5 398/11/11 30/4/4
f 397/10/10 398/11/11 382/12/12
f 485/13/13 397/10/10 382/12/12
f 482/8/8 397/10/10 485/13/13
f 382/12/12 346/14/14 485/13/13
f 510/15/15 482/8/8 485/13/13
f 485/13/13 346/14/14 510/15/15
f 510/15/15 515/16/16 482/8/8
f 346/14/14 495/17/17 510/15/15
f 515/16/16 510/15/15 509/18/18
f 509/18/18 510/15/15 495/17/17
f 495/17/17 494/19/19 509/18/18
f 494/19/19 495/17/17 493/20/20
f 493/20/20 495/17/17 346/14/14
f 493/20/20 492/21/21 494/19/19
f 494/19/19 492/21/21 508/22/22
f 507/23/23 494/19/19 508/22/22
f 494/19/19 507/23/23 509/18/18
f 507/23/23 516/24/24 509/18/18
f 511/25/25 515/16/16 509/18/18
f 516/24/24 511/25/25 509/18/18
f 515/16/16 512/26/26 482/8/8
f 515/16/16 511/25/25 512/26/26
f 512/26/26 514/27/27 482/8/8
f 514/27/27 481/9/9 482/8/8
f 512/26/26 513/28/28 514/27/27
f 514/27/27 513/28/28 481/9/9
f 512/26/26 511/25/25 513/28/28
f 513/28/28 519/29/29 481/9/9
f 505/30/30 519/29/29 513/28/28
f 518/31/31 505/30/30 513/28/28
f 517/32/32 518/31/31 513/28/28
f 511/25/25 517/32/32 513/28/28
f 516/24/24 517/32/32 511/25/25
f 507/23/23 504/33/33 516/24/24
f 504/33/33 517/32/32 516/24/24
f 517/32/32 504/33/33 518/31/31
f 504/33/33 505/30/30 518/31/31
f 503/34/34 505/30/30 504/33/33
f 503/34/34 504/33/33 506/35/35
f 506/35/35 504/33/33 507/23/23
f 506/35/35 507/23/23 508/22/22
f 562/36/36 506/35/35 508/22/22
f 562/36/36 561/37/37 506/35/35
f 561/37/37 503/34/34 506/35/35
f 562/36/36 508/22/22 557/38/38
f 492/21/21 496/39/39 508/22/22
f 508/22/22 496/39/39 557/38/38
f 492/21/21 497/40/40 496/39/39
f 492/21/21 493/20/20 497/40/40
f 496/39/39 497/40/40 490/41/41
f 556/42/42 496/39/39 490/41/41
f 496/39/39 556/42/42 557/38/38
f 490/41/41 523/43/43 556/42/42
f 523/43/43 490/41/41 524/44/44
f 525/45/45 523/43/43 524/44/44
f 524/44/44 533/46/46 525/45/45
f 533/46/46 534/47/47 525/45/45
f 532/48/48 534/47/47 533/46/46
f 531/49/49 532/48/48 533/46/46
f 530/50/50 532/48/48 531/49/49
f 529/51/51 530/50/50 531/49/49
f 528/52/52 530/50/50 529/51/51
f 478/53/53 528/52/52 529/51/51
f 527/54/54 528/52/52 478/53/53
f 480/55/55 527/54/54 478/53/53
f 527/54/54 480/55/55 526/56/56
f 478/53/53 339/57/57 480/55/55
f 480/55/55 477/58/58 526/56/56
f 339/57/57 340/59/59 480/55/55
f 480/55/55 340/59/59 477/58/58
f 341/60/60 477/58/58 343/61/61
f 340/59/59 343/61/61 477/58/58
f 341/60/60 475/62/62 477/58/58
f 526/56/56 477/58/58 475/62/62
f 558/63/63 526/56/56 475/62/62
f 558/63/63 475/62/62 500/64/64
f 559/65/65 558/63/63 500/64/64
f 559/65/65 500/64/64 501/66/34
f 560/67/37 559/65/65 501/66/34
f 500/64/64 502/68/30 501/66/34
f 475/62/62 476/69/66 500/64/64
f 500/64/64 476/69/66 502/68/30
f 475/62/62 341/60/60 454/70/67
f 454/70/67 476/69/66 475/62/62
f 476/69/66 454/70/67 520/71/29
f 502/68/30 476/69/66 520/71/29
f 454/70/67 459/72/68 520/71/29
f 458/73/7 459/72/68 454/70/67
f 457/74/69 458/73/7 454/70/67
f 457/74/69 454/70/67 453/75/70
f 341/60/60 453/75/70 454/70/67
f 341/60/60 342/76/71 452/77/72
f 453/75/70 341/60/60 452/77/72
f 341/60/60 343/61/61 342/76/71
f 343/61/61 344/78/73 342/76/71
f 344/78/73 343/61/61 21/79/74
f 21/79/74 343/61/61 340/59/59
f 21/79/74 23/80/75 344/78/73
f 344/78/73 23/80/75 342/76/71
f 100/81/76 452/77/72 342/76/71
f 23/80/75 100/81/76 342/76/71
f 452/77/72 103/82/77 453/75/70
f 452/77/72 100/81/76 103/82/77
f 453/75/70 103/82/77 104/83/78
f 457/74/69 453/75/70 104/83/78
f 457/74/69 104/83/78 105/84/79
f 458/73/7 457/74/69 105/84/79
f 104/83/78 25/85/80 105/84/79
f 103/82/77 101/86/81 104/83/78
f 104/83/78 101/86/81 25/85/80
f 103/82/77 100/81/76 101/86/81
f 100/81/76 23/80/75 101/86/81
f 21/79/74 19/87/82 23/80/75
f 23/80/75 102/88/83 101/86/81
f 23/80/75 19/87/82 102/88/83
f 101/86/81 102/88/83 112/89/84
f 19/87/82 114/90/85 102/88/83
f 102/88/83 114/90/85 112/89/84
f 111/91/86 112/89/84 113/92/87
f 114/90/85 113/92/87 112/89/84
f 111/91/86 101/86/81 112/89/84
f 25/85/80 101/86/81 111/91/86
f 24/93/88 25/85/80 111/91/86
f 24/93/88 26/94/89 25/85/80
f 24/93/88 31/95/90 26/94/89
f 31/95/90 24/93/88 106/96/91
f 24/93/88 111/91/86 107/97/92
f 24/93/88 107/97/92 106/96/91
f 111/91/86 110/98/93 107/97/92
f 110/98/93 111/91/86 113/92/87
f 110/98/93 108/99/94 107/97/92
f 109/100/95 108/99/94 110/98/93
f 110/98/93 113/92/87 109/100/95
f 114/90/85 115/101/96 113/92/87
f 113/92/87 116/102/97 109/100/95
f 115/101/96 117/103/98 113/92/87
f 116/102/97 113/92/87 117/103/98
f 115/101/96 129/104/99 117/103/98
f 114/90/85 118/105/100 115/101/96
f 118/105/100 129/104/99 115/101/96
f 114/90/85 19/87/82 118/105/100
f 129/104/99 118/105/100 94/106/101
f 118/105/100 19/87/82 94/106/101
f 94/106/101 120/107/102 129/104/99
f 129/104/99 130/108/103 117/103/98
f 130/108/103 129/104/99 120/107/102
f 130/108/103 143/109/104 117/103/98
f 116/102/97 117/103/98 143/109/104
f 116/102/97 143/109/104 144/110/105
f 116/102/97 144/110/105 142/111/106
f 109/100/95 116/102/97 142/111/106
f 109/100/95 142/111/106 132/112/107
f 108/99/94 109/100/95 132/112/107
f 108/99/94 132/112/107 41/113/108
f 42/114/109 108/99/94 41/113/108
f 107/97/92 108/99/94 42/114/109
f 106/96/91 107/97/92 42/114/109
f 106/96/91 42/114/109 33/115/110
f 31/95/90 106/96/91 33/115/110
f 32/116/111 31/95/90 33/115/110
f 32/116/111 33/115/110 131/117/112
f 42/114/109 39/118/113 33/115/110
f 33/115/110 39/118/113 131/117/112
f 42/114/109 41/113/108 39/118/113
f 131/117/112 39/118/113 40/119/114
f 39/118/113 41/113/108 40/119/114
f 40/119/114 43/120/115 131/117/112
f 40/119/114 44/121/116 43/120/115
f 40/119/114 45/122/117 44/121/116
f 44/121/116 45/122/117 51/123/118
f 40/119/114 41/113/108 135/124/91
f 135/124/91 45/122/117 40/119/114
f 41/113/108 134/125/119 135/124/91
f 41/113/108 132/112/107 136/126/120
f 41/113/108 136/126/120 134/125/119
f 132/112/107 142/111/106 136/126/120
f 142/111/106 164/127/121 136/126/120
f 142/111/106 144/110/105 164/127/121
f 136/126/120 164/127/121 163/128/122
f 134/125/119 136/126/120 163/128/122
f 134/125/119 163/128/122 133/129/123
f 133/129/123 135/124/91 134/125/119
f 135/124/91 133/129/123 140/130/124
f 45/122/117 135/124/91 140/130/124
f 139/131/125 45/122/117 140/130/124
f 45/122/117 139/131/125 138/132/126
f 137/133/127 45/122/117 138/132/126
f 51/123/118 45/122/117 137/133/127
f 50/134/128 51/123/118 137/133/127
f 49/135/129 51/123/118 50/134/128
f 50/134/128 53/136/130 49/135/129
f 52/137/131 53/136/130 50/134/128
f 52/137/131 50/134/128 269/138/132
f 50/134/128 270/139/133 269/138/132
f 50/134/128 137/133/127 270/139/133
f 137/133/127 271/140/134 270/139/133
f 137/133/127 138/132/126 271/140/134
f 271/140/134 138/132/126 282/141/135
f 138/132/126 139/131/125 283/142/136
f 282/141/135 138/132/126 283/142/136
f 139/131/125 140/130/124 283/142/136
f 284/143/137 283/142/136 140/130/124
f 284/143/137 140/130/124 141/144/138
f 133/129/123 141/144/138 140/130/124
f 141/144/138 274/145/139 284/143/137
f 133/129/123 272/146/140 141/144/138
f 272/146/140 274/145/139 141/144/138
f 274/145/139 272/146/140 273/147/141
f 256/148/142 272/146/140 133/129/123
f 273/147/141 272/146/140 256/148/142
f 133/129/123 179/149/143 256/148/142
f 163/128/122 179/149/143 133/129/123
f 164/127/121 165/150/144 163/128/122
f 163/128/122 165/150/144 179/149/143
f 165/150/144 180/151/145 179/149/143
f 179/149/143 180/151/145 256/148/142
f 180/151/145 247/152/146 256/148/142
f 257/153/147 273/147/141 256/148/142
f 256/148/142 247/152/146 257/153/147
f 257/153/147 277/154/148 273/147/141
f 247/152/146 248/155/149 257/153/147
f 257/153/147 258/156/150 277/154/148
f 257/153/147 248/155/149 258/156/150
f 258/156/150 278/157/151 277/154/148
f 248/155/149 249/158/152 258/156/150
f 258/156/150 259/159/153 278/157/151
f 258/156/150 249/158/152 259/159/153
f 259/159/153 279/160/154 278/157/151
f 249/158/152 260/161/155 259/159/153
f 259/159/153 261/162/156 279/160/154
f 259/159/153 260/161/155 261/162/156
f 261/162/156 280/163/157 279/160/154
f 260/161/155 262/164/158 261/162/156
f 261/162/156 263/165/159 280/163/157
f 261/162/156 262/164/158 263/165/159
f 263/165/159 276/166/160 280/163/157
f 262/164/158 264/167/161 263/165/159
f 263/165/159 265/168/162 276/166/160
f 263/165/159 264/167/161 265/168/162
f 264/167/161 266/169/163 265/168/162
f 265/168/162 266/169/163 267/170/164
f 265/168/162 267/170/164 276/166/160
f 267/170/164 275/171/165 276/166/160
f 266/169/163 268/172/166 267/170/164
f 267/170/164 270/139/133 275/171/165
f 270/139/133 267/170/164 268/172/166
f 269/138/132 270/139/133 268/172/166
f 270/139/133 271/140/134 275/171/165
f 281/173/167 275/171/165 271/140/134
f 281/173/167 271/140/134 282/141/135
f 248/155/149 227/174/168 228/175/169
f 249/158/152 248/155/149 228/175/169
f 248/155/149 247/152/146 227/174/168
f 227/174/168 247/152/146 180/151/145
f 181/176/170 227/174/168 180/151/145
f 225/177/171 227/174/168 181/176/170
f 227/174/168 225/177/171 228/175/169
f 225/177/171 226/178/172 228/175/169
f 238/179/173 249/158/152 228/175/169
f 238/179/173 228/175/169 226/178/172
f 238/179/173 250/180/174 249/158/152
f 226/178/172 229/181/175 238/179/173
f 238/179/173 239/182/176 250/180/174
f 239/182/176 238/179/173 229/181/175
f 239/182/176 240/183/177 250/180/174
f 240/183/177 251/184/158 250/180/174
f 239/182/176 230/185/178 240/183/177
f 230/185/178 239/182/176 229/181/175
f 217/186/179 230/185/178 229/181/175
f 216/187/180 217/186/179 229/181/175
f 216/187/180 229/181/175 226/178/172
f 215/188/181 216/187/180 226/178/172
f 215/188/181 226/178/172 225/177/171
f 214/189/182 215/188/181 225/177/171
f 214/189/182 225/177/171 182/190/183
f 182/190/183 225/177/171 181/176/170
f 182/190/183 175/191/184 214/189/182
f 202/192/185 214/189/182 175/191/184
f 214/189/182 202/192/185 215/188/181
f 204/193/186 205/194/187 215/188/181
f 202/192/185 204/193/186 215/188/181
f 205/194/187 216/187/180 215/188/181
f 205/194/187 212/195/188 216/187/180
f 212/195/188 217/186/179 216/187/180
f 218/196/189 217/186/179 212/195/188
f 218/196/189 231/197/190 217/186/179
f 231/197/190 230/185/178 217/186/179
f 231/197/190 240/183/177 230/185/178
f 241/198/191 240/183/177 231/197/190
f 241/198/191 251/184/158 240/183/177
f 252/199/161 251/184/158 241/198/191
f 242/200/192 252/199/161 241/198/191
f 242/200/192 241/198/191 232/201/193
f 232/201/193 241/198/191 231/197/190
f 232/201/193 231/197/190 218/196/189
f 219/202/194 232/201/193 218/196/189
f 219/202/194 218/196/189 206/203/195
f 206/203/195 218/196/189 212/195/188
f 212/195/188 199/204/196 206/203/195
f 199/204/196 212/195/188 205/194/187
f 198/205/197 199/204/196 205/194/187
f 205/194/187 204/193/186 198/205/197
f 202/192/185 203/206/198 204/193/186
f 204/193/186 200/207/199 198/205/197
f 203/206/198 200/207/199 204/193/186
f 202/192/185 72/208/200 203/206/198
f 203/206/198 73/209/201 200/207/199
f 203/206/198 72/208/200 73/209/201
f 73/209/201 185/210/202 200/207/199
f 185/210/202 198/205/197 200/207/199
f 185/210/202 195/211/203 198/205/197
f 198/205/197 195/211/203 199/204/196
f 195/211/203 196/212/204 199/204/196
f 199/204/196 196/212/204 206/203/195
f 206/203/195 196/212/204 207/213/205
f 207/213/205 219/202/194 206/203/195
f 207/213/205 211/214/206 219/202/194
f 219/202/194 220/215/207 232/201/193
f 211/214/206 220/215/207 219/202/194
f 220/215/207 233/216/208 232/201/193
f 233/216/208 242/200/192 232/201/193
f 220/215/207 234/217/209 233/216/208
f 233/216/208 234/217/209 242/200/192
f 234/217/209 243/218/210 242/200/192
f 242/200/192 243/218/210 252/199/161
f 243/218/210 253/219/163 252/199/161
f 244/220/211 253/219/163 243/218/210
f 244/220/211 254/221/166 253/219/163
f 243/218/210 235/222/212 244/220/211
f 234/217/209 235/222/212 243/218/210
f 220/215/207 221/223/213 234/217/209
f 235/222/212 234/217/209 221/223/213
f 220/215/207 211/214/206 221/223/213
f 211/214/206 197/224/214 208/225/215
f 208/225/215 221/223/213 211/214/206
f 197/224/214 211/214/206 207/213/205
f 196/212/204 197/224/214 207/213/205
f 195/211/203 190/226/216 196/212/204
f 196/212/204 190/226/216 197/224/214
f 195/211/203 187/227/217 190/226/216
f 187/227/217 195/211/203 185/210/202
f 185/210/202 186/228/218 187/227/217
f 73/209/201 186/228/218 185/210/202
f 72/208/200 71/229/219 73/209/201
f 73/209/201 74/230/220 186/228/218
f 73/209/201 71/229/219 74/230/220
f 74/230/220 189/231/221 186/228/218
f 186/228/218 189/231/221 188/232/222
f 187/227/217 186/228/218 188/232/222
f 188/232/222 191/233/223 187/227/217
f 187/227/217 191/233/223 190/226/216
f 190/226/216 191/233/223 192/234/224
f 190/226/216 192/234/224 197/224/214
f 197/224/214 192/234/224 208/225/215
f 208/225/215 192/234/224 209/235/225
f 209/235/225 222/236/226 208/225/215
f 222/236/226 221/223/213 208/225/215
f 222/236/226 235/222/212 221/223/213
f 236/237/227 235/222/212 222/236/226
f 235/222/212 236/237/227 244/220/211
f 236/237/227 245/238/228 244/220/211
f 245/238/228 254/221/166 244/220/211
f 236/237/227 246/239/229 245/238/228
f 245/238/228 246/239/229 254/221/166
f 246/239/229 255/240/132 254/221/166
f 246/239/229 57/241/230 255/240/132
f 57/241/230 56/242/131 255/240/132
f 246/239/229 237/243/231 57/241/230
f 237/243/231 246/239/229 236/237/227
f 237/243/231 236/237/227 223/244/232
f 223/244/232 236/237/227 222/236/226
f 210/245/233 223/244/232 222/236/226
f 209/235/225 210/245/233 222/236/226
f 192/234/224 193/246/234 209/235/225
f 193/246/234 210/245/233 209/235/225
f 192/234/224 191/233/223 193/246/234
f 191/233/223 194/247/235 193/246/234
f 194/247/235 191/233/223 188/232/222
f 194/247/235 210/245/233 193/246/234
f 194/247/235 201/248/236 210/245/233
f 224/249/237 223/244/232 210/245/233
f 201/248/236 224/249/237 210/245/233
f 224/249/237 237/243/231 223/244/232
f 59/250/238 237/243/231 224/249/237
f 59/250/238 57/241/230 237/243/231
f 59/250/238 55/251/239 57/241/230
f 57/241/230 55/251/239 56/242/131
f 59/250/238 58/252/240 55/251/239
f 224/249/237 66/253/241 59/250/238
f 59/250/238 66/253/241 58/252/240
f 224/249/237 201/248/236 66/253/241
f 66/253/241 65/254/242 58/252/240
f 201/248/236 64/255/243 66/253/241
f 64/255/243 65/254/242 66/253/241
f 201/248/236 60/256/244 64/255/243
f 194/247/235 60/256/244 201/248/236
f 64/255/243 60/256/244 65/254/242
f 60/256/244 62/257/245 61/258/246
f 60/256/244 61/258/246 65/254/242
f 60/256/244 213/259/247 62/257/245
f 60/256/244 194/247/235 213/259/247
f 194/247/235 188/232/222 213/259/247
f 188/232/222 189/231/221 213/259/247
f 189/231/221 62/257/245 213/259/247
f 62/257/245 189/231/221 77/260/248
f 77/260/248 189/231/221 74/230/220
f 77/260/248 68/261/249 62/257/245
f 62/257/245 63/262/250 61/258/246
f 62/257/245 68/261/249 63/262/250
f 63/262/250 411/263/251 61/258/246
f 61/258/246 410/264/252 65/254/242
f 411/263/251 410/264/252 61/258/246
f 65/254/242 412/265/253 58/252/240
f 410/264/252 414/266/254 65/254/242
f 65/254/242 414/266/254 412/265/253
f 410/264/252 429/267/255 414/266/254
f 410/264/252 411/263/251 429/267/255
f 411/263/251 431/268/256 429/267/255
f 70/269/257 431/268/256 411/263/251
f 63/262/250 70/269/257 411/263/251
f 68/261/249 70/269/257 63/262/250
f 69/270/258 70/269/257 68/261/249
f 70/269/257 69/270/258 432/271/259
f 431/268/256 70/269/257 432/271/259
f 432/271/259 430/272/260 431/268/256
f 429/267/255 431/268/256 430/272/260
f 429/267/255 430/272/260 416/273/261
f 414/266/254 429/267/255 416/273/261
f 414/266/254 416/273/261 413/274/262
f 413/274/262 412/265/253 414/266/254
f 412/265/253 413/274/262 357/275/263
f 58/252/240 412/265/253 357/275/263
f 55/251/239 58/252/240 357/275/263
f 54/276/264 55/251/239 357/275/263
f 54/276/264 56/242/131 55/251/239
f 357/275/263 359/277/265 54/276/264
f 54/276/264 350/278/266 56/242/131
f 350/278/266 54/276/264 359/277/265
f 350/278/266 351/279/130 56/242/131
f 351/279/130 350/278/266 352/280/267
f 350/278/266 353/281/268 352/280/267
f 352/280/267 353/281/268 354/282/269
f 350/278/266 359/277/265 360/283/270
f 353/281/268 350/278/266 360/283/270
f 359/277/265 358/284/271 360/283/270
f 358/284/271 359/277/265 357/275/263
f 356/285/272 358/284/271 357/275/263
f 413/274/262 356/285/272 357/275/263
f 358/284/271 356/285/272 362/286/273
f 356/285/272 413/274/262 362/286/273
f 413/274/262 415/287/274 362/286/273
f 413/274/262 416/273/261 415/287/274
f 416/273/261 417/288/275 415/287/274
f 416/273/261 433/289/276 417/288/275
f 430/272/260 433/289/276 416/273/261
f 432/271/259 433/289/276 430/272/260
f 69/270/258 448/290/277 432/271/259
f 433/289/276 432/271/259 437/291/278
f 448/290/277 446/292/279 432/271/259
f 432/271/259 446/292/279 437/291/278
f 448/290/277 445/293/280 446/292/279
f 437/291/278 446/292/279 445/293/280
f 438/294/281 437/291/278 445/293/280
f 434/295/282 437/291/278 438/294/281
f 433/289/276 437/291/278 434/295/282
f 433/289/276 434/295/282 426/296/283
f 417/288/275 433/289/276 426/296/283
f 420/297/284 417/288/275 426/296/283
f 417/288/275 420/297/284 418/298/285
f 417/288/275 418/298/285 415/287/274
f 415/287/274 418/298/285 362/286/273
f 418/298/285 366/299/286 362/286/273
f 420/297/284 419/300/287 418/298/285
f 418/298/285 419/300/287 366/299/286
f 420/297/284 422/301/288 419/300/287
f 422/301/288 420/297/284 426/296/283
f 425/302/289 422/301/288 426/296/283
f 434/295/282 425/302/289 426/296/283
f 425/302/289 434/295/282 427/303/290
f 435/304/291 434/295/282 438/294/281
f 434/295/282 435/304/291 427/303/290
f 438/294/281 436/305/292 435/304/291
f 427/303/290 435/304/291 436/305/292
f 438/294/281 439/306/293 436/305/292
f 438/294/281 445/293/280 439/306/293
f 439/306/293 440/307/294 436/305/292
f 445/293/280 444/308/295 439/306/293
f 440/307/294 439/306/293 444/308/295
f 445/293/280 449/309/296 444/308/295
f 448/290/277 447/310/297 445/293/280
f 445/293/280 447/310/297 449/309/296
f 448/290/277 84/311/298 447/310/297
f 447/310/297 84/311/298 449/309/296
f 448/290/277 69/270/258 67/312/299
f 448/290/277 67/312/299 84/311/298
f 69/270/258 68/261/249 67/312/299
f 67/312/299 68/261/249 161/313/300
f 161/313/300 68/261/249 77/260/248
f 161/313/300 77/260/248 76/314/301
f 77/260/248 74/230/220 76/314/301
f 76/314/301 184/315/302 161/313/300
f 74/230/220 75/316/303 76/314/301
f 184/315/302 76/314/301 75/316/303
f 74/230/220 71/229/219 75/316/303
f 183/317/304 75/316/303 71/229/219
f 183/317/304 184/315/302 75/316/303
f 161/313/300 184/315/302 183/317/304
f 160/318/305 161/313/300 183/317/304
f 160/318/305 183/317/304 71/229/219
f 160/318/305 157/319/306 161/313/300
f 157/319/306 67/312/299 161/313/300
f 67/312/299 157/319/306 156/320/307
f 67/312/299 156/320/307 78/321/308
f 78/321/308 84/311/298 67/312/299
f 78/321/308 82/322/309 84/311/298
f 84/311/298 82/322/309 449/309/296
f 449/309/296 82/322/309 450/323/310
f 449/309/296 450/323/310 444/308/295
f 82/322/309 78/321/308 83/324/311
f 82/322/309 83/324/311 450/323/310
f 444/308/295 450/323/310 451/325/312
f 450/323/310 83/324/311 451/325/312
f 78/321/308 79/326/313 83/324/311
f 83/324/311 79/326/313 451/325/312
f 78/321/308 80/327/314 79/326/313
f 156/320/307 81/328/315 78/321/308
f 78/321/308 81/328/315 80/327/314
f 156/320/307 126/329/316 81/328/315
f 80/327/314 81/328/315 87/330/317
f 81/328/315 126/329/316 87/330/317
f 80/327/314 87/330/317 85/331/318
f 80/327/314 85/331/318 79/326/313
f 79/326/313 85/331/318 86/332/319
f 79/326/313 86/332/319 443/333/320
f 79/326/313 443/333/320 451/325/312
f 444/308/295 451/325/312 441/334/321
f 451/325/312 443/333/320 441/334/321
f 441/334/321 440/307/294 444/308/295
f 443/333/320 428/335/322 441/334/321
f 441/334/321 18/336/323 440/307/294
f 428/335/322 18/336/323 441/334/321
f 440/307/294 14/337/324 436/305/292
f 440/307/294 18/336/323 14/337/324
f 14/337/324 427/303/290 436/305/292
f 18/336/323 13/338/325 14/337/324
f 427/303/290 14/337/324 12/339/326
f 13/338/325 12/339/326 14/337/324
f 427/303/290 424/340/327 425/302/289
f 424/340/327 427/303/290 12/339/326
f 424/340/327 422/301/288 425/302/289
f 422/301/288 424/340/327 423/341/328
f 424/340/327 12/339/326 4/342/329
f 423/341/328 424/340/327 4/342/329
f 12/339/326 3/343/330 4/342/329
f 12/339/326 13/338/325 3/343/330
f 13/338/325 18/336/323 17/344/331
f 3/343/330 13/338/325 17/344/331
f 18/336/323 408/345/332 17/344/331
f 18/336/323 428/335/322 408/345/332
f 442/346/333 484/347/334 428/335/322
f 484/347/334 408/345/332 428/335/322
f 442/346/333 428/335/322 443/333/320
f 442/346/333 443/333/320 86/332/319
f 85/331/318 91/348/335 86/332/319
f 338/349/336 442/346/333 86/332/319
f 338/349/336 86/332/319 91/348/335
f 338/349/336 483/350/337 442/346/333
f 484/347/334 442/346/333 483/350/337
f 483/350/337 554/351/338 484/347/334
f 408/345/332 484/347/334 554/351/338
f 483/350/337 553/352/339 554/351/338
f 554/351/338 553/352/339 552/353/340
f 554/351/338 552/353/340 486/354/341
f 486/354/341 408/345/332 554/351/338
f 552/353/340 488/355/342 486/354/341
f 486/354/341 487/356/343 408/345/332
f 486/354/341 488/355/342 487/356/343
f 487/356/343 407/357/344 408/345/332
f 407/357/344 409/358/345 408/345/332
f 409/358/345 17/344/331 408/345/332
f 409/358/345 2/359/346 17/344/331
f 2/359/346 3/343/330 17/344/331
f 1/360/347 3/343/330 2/359/346
f 3/343/330 1/360/347 4/342/329
f 423/341/328 4/342/329 376/361/348
f 376/361/348 4/342/329 1/360/347
f 376/361/348 373/362/349 423/341/328
f 423/341/328 421/363/350 422/301/288
f 421/363/350 423/341/328 373/362/349
f 421/363/350 419/300/287 422/301/288
f 419/300/287 421/363/350 367/364/351
f 419/300/287 367/364/351 366/299/286
f 421/363/350 370/365/352 367/364/351
f 370/365/352 421/363/350 373/362/349
f 370/365/352 371/366/353 367/364/351
f 370/365/352 373/362/349 371/366/353
f 373/362/349 374/367/354 371/366/353
f 373/362/349 376/361/348 374/367/354
f 371/366/353 374/367/354 372/368/355
f 371/366/353 372/368/355 368/369/356
f 371/366/353 368/369/356 367/364/351
f 367/364/351 368/369/356 366/299/286
f 366/299/286 365/370/357 362/286/273
f 368/369/356 365/370/357 366/299/286
f 368/369/356 369/371/358 365/370/357
f 372/368/355 369/371/358 368/369/356
f 369/371/358 364/372/359 365/370/357
f 369/371/358 378/373/360 364/372/359
f 378/373/360 369/371/358 372/368/355
f 377/374/361 378/373/360 372/368/355
f 377/374/361 372/368/355 375/375/362
f 374/367/354 375/375/362 372/368/355
f 376/361/348 8/376/363 374/367/354
f 374/367/354 8/376/363 375/375/362
f 376/361/348 380/377/364 7/378/365
f 7/378/365 8/376/363 376/361/348
f 380/377/364 376/361/348 1/360/347
f 2/359/346 381/379/366 1/360/347
f 380/377/364 1/360/347 381/379/366
f 380/377/364 381/379/366 7/378/365
f 5/380/367 7/378/365 6/381/368
f 381/379/366 6/381/368 7/378/365
f 5/380/367 8/376/363 7/378/365
f 5/380/367 10/382/369 8/376/363
f 8/376/363 10/382/369 375/375/362
f 379/383/370 377/374/361 375/375/362
f 379/383/370 375/375/362 10/382/369
f 379/383/370 389/384/371 377/374/361
f 377/374/361 389/384/371 378/373/360
f 378/373/360 387/385/372 364/372/359
f 389/384/371 387/385/372 378/373/360
f 364/372/359 363/386/373 361/387/374
f 387/385/372 363/386/373 364/372/359
f 361/387/374 365/370/357 364/372/359
f 365/370/357 361/387/374 362/286/273
f 361/387/374 358/284/271 362/286/273
f 363/386/373 358/284/271 361/387/374
f 363/386/373 360/283/270 358/284/271
f 384/388/375 360/283/270 363/386/373
f 384/388/375 353/281/268 360/283/270
f 363/386/373 383/389/376 384/388/375
f 387/385/372 383/389/376 363/386/373
f 387/385/372 386/390/377 383/389/376
f 386/390/377 387/385/372 392/391/378
f 392/391/378 387/385/372 389/384/371
f 393/392/379 392/391/378 389/384/371
f 390/393/380 393/392/379 389/384/371
f 379/383/370 390/393/380 389/384/371
f 391/394/381 390/393/380 379/383/370
f 393/392/379 390/393/380 391/394/381
f 379/383/370 11/395/382 391/394/381
f 11/395/382 379/383/370 10/382/369
f 10/382/369 9/396/383 11/395/382
f 9/396/383 10/382/369 5/380/367
f 16/397/384 9/396/383 5/380/367
f 6/381/368 16/397/384 5/380/367
f 9/396/383 15/398/385 11/395/382
f 15/398/385 9/396/383 16/397/384
f 15/398/385 395/399/386 11/395/382
f 395/399/386 391/394/381 11/395/382
f 395/399/386 394/400/387 391/394/381
f 394/400/387 393/392/379 391/394/381
f 400/401/388 393/392/379 394/400/387
f 393/392/379 400/401/388 392/391/378
f 400/401/388 401/402/389 392/391/378
f 401/402/389 386/390/377 392/391/378
f 400/401/388 403/403/390 401/402/389
f 386/390/377 401/402/389 403/403/390
f 386/390/377 403/403/390 46/404/391
f 46/404/391 388/405/392 386/390/377
f 383/389/376 386/390/377 385/406/393
f 388/405/392 385/406/393 386/390/377
f 385/406/393 384/388/375 383/389/376
f 385/406/393 355/407/394 384/388/375
f 355/407/394 353/281/268 384/388/375
f 385/406/393 388/405/392 355/407/394
f 353/281/268 355/407/394 354/282/269
f 388/405/392 354/282/269 355/407/394
f 399/408/395 394/400/387 395/399/386
f 399/408/395 400/401/388 394/400/387
f 395/399/386 396/409/396 399/408/395
f 396/409/396 395/399/386 15/398/385
f 382/12/12 396/409/396 15/398/385
f 382/12/12 15/398/385 346/14/14
f 15/398/385 16/397/384 346/14/14
f 382/12/12 398/11/11 396/409/396
f 398/11/11 406/410/397 396/409/396
f 406/410/397 399/408/395 396/409/396
f 398/11/11 37/5/5 406/410/397
f 406/410/397 405/411/398 399/408/395
f 37/5/5 34/412/399 406/410/397
f 405/411/398 406/410/397 34/412/399
f 37/5/5 36/413/400 34/412/399
f 34/412/399 36/413/400 35/414/401
f 405/411/398 34/412/399 35/414/401
f 404/415/402 405/411/398 35/414/401
f 405/411/398 404/415/402 399/408/395
f 399/408/395 404/415/402 400/401/388
f 402/416/403 403/403/390 400/401/388
f 404/415/402 402/416/403 400/401/388
f 403/403/390 48/417/404 46/404/391
f 48/417/404 403/403/390 402/416/403
f 48/417/404 47/418/405 46/404/391
f 48/417/404 38/419/406 47/418/405
f 38/419/406 48/417/404 402/416/403
f 402/416/403 404/415/402 38/419/406
f 404/415/402 35/414/401 38/419/406
f 35/414/401 36/413/400 38/419/406
f 38/419/406 36/413/400 47/418/405
f 345/420/407 347/421/408 346/14/14
f 347/421/408 493/20/20 346/14/14
f 346/14/14 16/397/384 345/420/407
f 6/381/368 345/420/407 16/397/384
f 345/420/407 6/381/368 349/422/409
f 345/420/407 349/422/409 348/423/410
f 347/421/408 345/420/407 348/423/410
f 348/423/410 498/424/411 347/421/408
f 493/20/20 347/421/408 498/424/411
f 493/20/20 498/424/411 497/40/40
f 498/424/411 348/423/410 499/425/412
f 498/424/411 499/425/412 497/40/40
f 497/40/40 499/425/412 491/426/413
f 497/40/40 491/426/413 490/41/41
f 499/425/412 487/356/343 491/426/413
f 490/41/41 491/426/413 489/427/414
f 491/426/413 487/356/343 489/427/414
f 489/427/414 524/44/44 490/41/41
f 487/356/343 488/355/342 489/427/414
f 488/355/342 524/44/44 489/427/414
f 487/356/343 499/425/412 407/357/344
f 499/425/412 348/423/410 407/357/344
f 349/422/409 409/358/345 348/423/410
f 409/358/345 407/357/344 348/423/410
f 349/422/409 2/359/346 409/358/345
f 6/381/368 381/379/366 349/422/409
f 381/379/366 2/359/346 349/422/409
f 549/428/415 488/355/342 552/353/340
f 488/355/342 549/428/415 524/44/44
f 549/428/415 533/46/46 524/44/44
f 547/429/416 533/46/46 549/428/415
f 547/429/416 531/49/49 533/46/46
f 549/428/415 546/430/417 547/429/416
f 549/428/415 552/353/340 546/430/417
f 552/353/340 551/431/418 546/430/417
f 553/352/339 551/431/418 552/353/340
f 546/430/417 548/432/419 547/429/416
f 548/432/419 546/430/417 551/431/418
f 548/432/419 550/433/420 547/429/416
f 545/434/421 531/49/49 547/429/416
f 545/434/421 547/429/416 550/433/420
f 545/434/421 529/51/51 531/49/49
f 545/434/421 479/435/422 529/51/51
f 479/435/422 478/53/53 529/51/51
f 545/434/421 542/436/423 479/435/422
f 478/53/53 479/435/422 455/437/424
f 455/437/424 479/435/422 542/436/423
f 455/437/424 339/57/57 478/53/53
f 96/438/425 339/57/57 455/437/424
f 337/439/426 96/438/425 455/437/424
f 456/440/427 337/439/426 455/437/424
f 455/437/424 542/436/423 456/440/427
f 456/440/427 542/436/423 543/441/428
f 542/436/423 545/434/421 543/441/428
f 545/434/421 550/433/420 543/441/428
f 543/441/428 550/433/420 548/432/419
f 551/431/418 543/441/428 548/432/419
f 543/441/428 551/431/418 555/442/429
f 551/431/418 553/352/339 555/442/429
f 555/442/429 553/352/339 483/350/337
f 544/443/430 555/442/429 483/350/337
f 544/443/430 543/441/428 555/442/429
f 544/443/430 456/440/427 543/441/428
f 456/440/427 544/443/430 483/350/337
f 483/350/337 337/439/426 456/440/427
f 337/439/426 483/350/337 338/349/336
f 337/439/426 338/349/336 91/348/335
f 96/438/425 337/439/426 91/348/335
f 90/444/431 96/438/425 91/348/335
f 92/445/432 96/438/425 90/444/431
f 96/438/425 92/445/432 97/446/433
f 339/57/57 96/438/425 97/446/433
f 92/445/432 98/447/434 97/446/433
f 97/446/433 98/447/434 339/57/57
f 339/57/57 98/447/434 340/59/59
f 92/445/432 99/448/435 98/447/434
f 98/447/434 99/448/435 340/59/59
f 20/449/436 21/79/74 340/59/59
f 20/449/436 340/59/59 99/448/435
f 20/449/436 19/87/82 21/79/74
f 20/449/436 22/450/437 19/87/82
f 22/450/437 20/449/436 99/448/435
f 99/448/435 92/445/432 22/450/437
f 92/445/432 93/451/438 22/450/437
f 90/444/431 95/452/439 92/445/432
f 92/445/432 95/452/439 93/451/438
f 90/444/431 125/453/440 95/452/439
f 95/452/439 122/454/441 93/451/438
f 122/454/441 95/452/439 125/453/440
f 122/454/441 119/455/442 93/451/438
f 94/106/101 22/450/437 93/451/438
f 93/451/438 119/455/442 94/106/101
f 94/106/101 19/87/82 22/450/437
f 119/455/442 120/107/102 94/106/101
f 122/454/441 123/456/443 119/455/442
f 120/107/102 119/455/442 123/456/443
f 124/457/444 120/107/102 123/456/443
f 124/457/444 130/108/103 120/107/102
f 123/456/443 121/458/445 124/457/444
f 121/458/445 123/456/443 122/454/441
f 121/458/445 122/454/441 127/459/446
f 127/459/446 122/454/441 125/453/440
f 125/453/440 126/329/316 127/459/446
f 128/460/447 121/458/445 127/459/446
f 126/329/316 128/460/447 127/459/446
f 121/458/445 151/461/448 124/457/444
f 128/460/447 152/462/449 121/458/445
f 152/462/449 151/461/448 121/458/445
f 128/460/447 154/463/450 152/462/449
f 128/460/447 126/329/316 154/463/450
f 152/462/449 154/463/450 153/464/451
f 152/462/449 153/464/451 151/461/448
f 148/465/452 151/461/448 150/466/453
f 153/464/451 150/466/453 151/461/448
f 148/465/452 124/457/444 151/461/448
f 124/457/444 148/465/452 146/467/454
f 130/108/103 124/457/444 146/467/454
f 130/108/103 146/467/454 143/109/104
f 143/109/104 145/468/455 144/110/105
f 143/109/104 146/467/454 145/468/455
f 146/467/454 147/469/456 145/468/455
f 146/467/454 148/465/452 147/469/456
f 148/465/452 149/470/183 147/469/456
f 149/470/183 148/465/452 150/466/453
f 149/470/183 168/471/457 147/469/456
f 145/468/455 147/469/456 168/471/457
f 167/472/458 145/468/455 168/471/457
f 144/110/105 145/468/455 167/472/458
f 166/473/459 144/110/105 167/472/458
f 144/110/105 166/473/459 164/127/121
f 164/127/121 166/473/459 165/150/144
f 165/150/144 166/473/459 176/474/460
f 166/473/459 167/472/458 176/474/460
f 165/150/144 176/474/460 180/151/145
f 180/151/145 176/474/460 181/176/170
f 176/474/460 167/472/458 177/475/461
f 176/474/460 177/475/461 181/176/170
f 167/472/458 168/471/457 177/475/461
f 177/475/461 178/476/462 181/176/170
f 177/475/461 168/471/457 178/476/462
f 149/470/183 169/477/463 168/471/457
f 168/471/457 169/477/463 178/476/462
f 149/470/183 150/466/453 169/477/463
f 171/478/464 150/466/453 153/464/451
f 150/466/453 171/478/464 169/477/463
f 169/477/463 171/478/464 178/476/462
f 171/478/464 174/479/465 178/476/462
f 178/476/462 174/479/465 182/190/183
f 178/476/462 182/190/183 181/176/170
f 174/479/465 175/191/184 182/190/183
f 173/480/466 175/191/184 174/479/465
f 173/480/466 72/208/200 175/191/184
f 175/191/184 72/208/200 202/192/185
f 173/480/466 159/481/467 72/208/200
f 72/208/200 160/318/305 71/229/219
f 160/318/305 72/208/200 159/481/467
f 159/481/467 157/319/306 160/318/305
f 157/319/306 159/481/467 162/482/468
f 159/481/467 173/480/466 162/482/468
f 173/480/466 172/483/469 162/482/468
f 172/483/469 173/480/466 174/479/465
f 170/484/470 172/483/469 174/479/465
f 171/478/464 170/484/470 174/479/465
f 170/484/470 171/478/464 153/464/451
f 155/485/471 170/484/470 153/464/451
f 172/483/469 170/484/470 155/485/471
f 162/482/468 172/483/469 155/485/471
f 162/482/468 155/485/471 158/486/472
f 157/319/306 162/482/468 158/486/472
f 157/319/306 158/486/472 156/320/307
f 156/320/307 158/486/472 154/463/450
f 158/486/472 155/485/471 154/463/450
f 154/463/450 155/485/471 153/464/451
f 126/329/316 156/320/307 154/463/450
f 125/453/440 87/330/317 126/329/316
f 88/487/473 87/330/317 125/453/440
f 87/330/317 88/487/473 85/331/318
f 125/453/440 90/444/431 88/487/473
f 88/487/473 89/488/474 85/331/318
f 89/488/474 88/487/473 90/444/431
f 89/488/474 91/348/335 85/331/318
f 90/444/431 91/348/335 89/488/474
f 298/489/154 300/490/475 299/491/151
f 300/490/475 301/492/476 299/491/151
f 300/490/475 324/493/477 301/492/476
f 299/491/151 301/492/476 302/494/478
f 324/493/477 325/495/479 301/492/476
f 301/492/476 303/496/480 302/494/478
f 301/492/476 325/495/479 303/496/480
f 302/494/478 303/496/480 304/497/481
f 325/495/479 326/498/482 303/496/480
f 303/496/480 305/499/483 304/497/481
f 303/496/480 326/498/482 305/499/483
f 304/497/481 305/499/483 306/500/484
f 326/498/482 327/501/485 305/499/483
f 305/499/483 307/502/486 306/500/484
f 305/499/483 327/501/485 307/502/486
f 306/500/484 307/502/486 308/503/487
f 327/501/485 297/504/488 307/502/486
f 307/502/486 309/505/489 308/503/487
f 307/502/486 297/504/488 309/505/489
f 308/503/487 309/505/489 310/506/136
f 309/505/489 311/507/490 310/506/136
f 310/506/136 311/507/490 312/508/135
f 309/505/489 297/504/488 286/509/491
f 309/505/489 286/509/491 311/507/490
f 297/504/488 296/510/485 285/511/492
f 285/511/492 286/509/491 297/504/488
f 296/510/485 295/512/482 285/511/492
f 285/511/492 295/512/482 294/513/479
f 285/511/492 294/513/479 293/514/477
f 285/511/492 293/514/477 292/515/493
f 285/511/492 292/515/493 291/516/494
f 285/511/492 291/516/494 290/517/495
f 285/511/492 290/517/495 289/518/496
f 285/511/492 289/518/496 288/519/497
f 285/511/492 288/519/497 287/520/498
f 285/511/492 287/520/498 286/509/491
f 286/509/491 328/521/499 311/507/490
f 311/507/490 313/522/500 312/508/135
f 311/507/490 328/521/499 313/522/500
f 312/508/135 313/522/500 314/523/167
f 328/521/499 329/524/497 313/522/500
f 313/522/500 315/525/501 314/523/167
f 313/522/500 329/524/497 315/525/501
f 329/524/497 330/526/496 315/525/501
f 315/525/501 316/527/502 314/523/167
f 315/525/501 330/526/496 316/527/502
f 316/527/502 317/528/503 314/523/167
f 330/526/496 331/529/495 316/527/502
f 317/528/503 316/527/502 318/530/160
f 331/529/495 319/531/504 316/527/502
f 316/527/502 319/531/504 318/530/160
f 331/529/495 332/532/494 319/531/504
f 318/530/160 319/531/504 320/533/157
f 332/532/494 333/534/493 319/531/504
f 319/531/504 321/535/505 320/533/157
f 333/534/493 321/535/505 319/531/504
f 320/533/157 321/535/505 322/536/154
f 321/535/505 323/537/475 322/536/154
f 321/535/505 333/534/493 323/537/475
f 333/534/493 334/538/506 323/537/475
f 672/539/507 717/540/508 709/541/509
f 632/542/510 672/539/507 709/541/509
f 632/542/510 709/541/509 630/543/511
f 709/541/509 710/544/512 630/543/511
f 710/544/512 711/545/513 630/543/511
f 711/545/513 627/546/514 630/543/511
f 711/545/513 712/547/515 627/546/514
f 712/547/515 625/548/516 627/546/514
f 712/547/515 714/549/517 625/548/516
f 714/549/517 624/550/518 625/548/516
f 714/549/517 716/551/519 624/550/518
f 624/550/518 626/552/520 625/548/516
f 625/548/516 626/552/520 628/553/521
f 627/546/514 625/548/516 628/553/521
f 627/546/514 628/553/521 629/554/522
f 627/546/514 629/554/522 630/543/511
f 630/543/511 629/554/522 631/555/523
f 630/543/511 631/555/523 632/542/510
f 631/555/523 633/556/524 632/542/510
f 644/557/525 672/539/507 632/542/510
f 633/556/524 644/557/525 632/542/510
f 672/539/507 644/557/525 673/558/526
f 644/557/525 633/556/524 645/559/527
f 644/557/525 645/559/527 673/558/526
f 673/558/526 645/559/527 666/560/528
f 604/561/529 666/560/528 605/562/530
f 666/560/528 645/559/527 605/562/530
f 633/556/524 646/563/531 645/559/527
f 645/559/527 665/564/532 605/562/530
f 646/563/531 665/564/532 645/559/527
f 665/564/532 646/563/531 664/565/533
f 646/563/531 633/556/524 662/566/534
f 662/566/534 664/565/533 646/563/531
f 633/556/524 631/555/523 662/566/534
f 684/567/535 674/568/536 631/555/523
f 674/568/536 662/566/534 631/555/523
f 631/555/523 629/554/522 684/567/535
f 684/567/535 685/569/537 674/568/536
f 629/554/522 685/569/537 684/567/535
f 685/569/537 629/554/522 686/570/538
f 629/554/522 628/553/521 686/570/538
f 685/569/537 686/570/538 676/571/539
f 686/570/538 628/553/521 676/571/539
f 676/571/539 674/568/536 685/569/537
f 628/553/521 687/572/540 676/571/539
f 628/553/521 626/552/520 687/572/540
f 624/550/518 682/573/541 626/552/520
f 626/552/520 682/573/541 687/572/540
f 676/571/539 687/572/540 680/574/542
f 687/572/540 682/573/541 680/574/542
f 680/574/542 677/575/543 676/571/539
f 674/568/536 676/571/539 675/576/544
f 676/571/539 677/575/543 675/576/544
f 675/576/544 679/577/545 674/568/536
f 674/568/536 679/577/545 662/566/534
f 679/577/545 664/565/533 662/566/534
f 664/565/533 679/577/545 678/578/546
f 679/577/545 675/576/544 678/578/546
f 675/576/544 677/575/543 678/578/546
f 677/575/543 680/574/542 678/578/546
f 680/574/542 682/573/541 681/579/547
f 681/579/547 678/578/546 680/574/542
f 678/578/546 681/579/547 582/580/548
f 678/578/546 582/580/548 583/581/549
f 663/582/550 678/578/546 583/581/549
f 664/565/533 678/578/546 663/582/550
f 663/582/550 665/564/532 664/565/533
f 594/583/551 665/564/532 663/582/550
f 605/562/530 665/564/532 594/583/551
f 663/582/550 583/581/549 594/583/551
f 582/580/548 584/584/552 583/581/549
f 583/581/549 585/585/553 594/583/551
f 584/584/552 585/585/553 583/581/549
f 585/585/553 595/586/554 594/583/551
f 595/586/554 605/562/530 594/583/551
f 604/561/529 605/562/530 595/586/554
f 603/587/555 604/561/529 595/586/554
f 728/588/556 604/561/529 603/587/555
f 595/586/554 597/589/557 603/587/555
f 595/586/554 585/585/553 597/589/557
f 584/584/552 586/590/558 585/585/553
f 585/585/553 596/591/559 597/589/557
f 585/585/553 586/590/558 596/591/559
f 596/591/559 733/592/560 597/589/557
f 734/593/561 603/587/555 597/589/557
f 733/592/560 734/593/561 597/589/557
f 734/593/561 735/594/562 603/587/555
f 735/594/562 728/588/556 603/587/555
f 735/594/562 736/595/563 728/588/556
f 736/595/563 737/596/564 728/588/556
f 736/595/563 738/597/565 737/596/564
f 738/597/565 736/595/563 773/598/566
f 736/595/563 774/599/567 773/598/566
f 770/600/568 774/599/567 736/595/563
f 735/594/562 770/600/568 736/595/563
f 770/600/568 735/594/562 734/593/561
f 769/601/569 770/600/568 734/593/561
f 768/602/570 769/601/569 734/593/561
f 733/592/560 768/602/570 734/593/561
f 596/591/559 732/603/571 733/592/560
f 733/592/560 767/604/572 768/602/570
f 732/603/571 767/604/572 733/592/560
f 596/591/559 731/605/573 732/603/571
f 732/603/571 766/606/574 767/604/572
f 731/605/573 766/606/574 732/603/571
f 766/606/574 912/607/575 767/604/572
f 915/608/576 768/602/570 767/604/572
f 912/607/575 915/608/576 767/604/572
f 768/602/570 919/609/577 918/610/578
f 768/602/570 915/608/576 919/609/577
f 918/610/578 920/611/579 768/602/570
f 920/611/579 769/601/569 768/602/570
f 920/611/579 921/612/580 769/601/569
f 921/612/580 770/600/568 769/601/569
f 770/600/568 921/612/580 774/599/567
f 921/612/580 922/613/581 774/599/567
f 923/614/582 773/598/566 774/599/567
f 922/613/581 923/614/582 774/599/567
f 923/614/582 922/613/581 930/615/583
f 922/613/581 931/616/584 930/615/583
f 922/613/581 921/612/580 931/616/584
f 930/615/583 931/616/584 905/617/585
f 921/612/580 932/618/586 931/616/584
f 931/616/584 904/619/587 905/617/585
f 931/616/584 932/618/586 904/619/587
f 904/619/587 890/620/588 905/617/585
f 890/620/588 892/621/589 905/617/585
f 904/619/587 903/622/590 890/620/588
f 932/618/586 903/622/590 904/619/587
f 932/618/586 921/612/580 933/623/591
f 932/618/586 933/623/591 903/622/590
f 921/612/580 920/611/579 933/623/591
f 920/611/579 918/610/578 933/623/591
f 918/610/578 937/624/592 933/623/591
f 918/610/578 919/609/577 937/624/592
f 919/609/577 938/625/593 937/624/592
f 919/609/577 915/608/576 938/625/593
f 915/608/576 912/607/575 916/626/594
f 915/608/576 916/626/594 938/625/593
f 912/607/575 917/627/595 916/626/594
f 912/607/575 766/606/574 913/628/596
f 912/607/575 913/628/596 917/627/595
f 766/606/574 731/605/573 765/629/597
f 766/606/574 765/629/597 913/628/596
f 914/630/598 913/628/596 765/629/597
f 913/628/596 914/630/598 917/627/595
f 914/630/598 939/631/599 917/627/595
f 917/627/595 939/631/599 911/632/600
f 916/626/594 917/627/595 911/632/600
f 910/633/601 916/626/594 911/632/600
f 916/626/594 910/633/601 909/634/602
f 938/625/593 916/626/594 909/634/602
f 938/625/593 909/634/602 908/635/603
f 937/624/592 938/625/593 908/635/603
f 937/624/592 908/635/603 897/636/604
f 933/623/591 937/624/592 897/636/604
f 933/623/591 897/636/604 903/622/590
f 897/636/604 887/637/605 903/622/590
f 887/637/605 890/620/588 903/622/590
f 897/636/604 886/638/606 887/637/605
f 897/636/604 908/635/603 886/638/606
f 908/635/603 909/634/602 886/638/606
f 909/634/602 910/633/601 886/638/606
f 910/633/601 877/639/607 886/638/606
f 910/633/601 911/632/600 877/639/607
f 911/632/600 875/640/608 877/639/607
f 939/631/599 872/641/609 911/632/600
f 875/640/608 911/632/600 872/641/609
f 939/631/599 941/642/610 872/641/609
f 939/631/599 914/630/598 940/643/611
f 939/631/599 940/643/611 941/642/610
f 914/630/598 764/644/612 777/645/613
f 777/645/613 940/643/611 914/630/598
f 764/644/612 914/630/598 765/629/597
f 940/643/611 777/645/613 776/646/614
f 776/646/614 941/642/610 940/643/611
f 777/645/613 763/647/615 776/646/614
f 763/647/615 777/645/613 764/644/612
f 764/644/612 762/648/616 763/647/615
f 762/648/616 764/644/612 729/649/617
f 764/644/612 765/629/597 729/649/617
f 765/629/597 730/650/256 729/649/617
f 730/650/256 765/629/597 731/605/573
f 730/650/256 589/651/618 729/649/617
f 730/650/256 731/605/573 589/651/618
f 731/605/573 586/590/558 589/651/618
f 586/590/558 731/605/573 596/591/559
f 586/590/558 588/652/619 589/651/618
f 584/584/552 588/652/619 586/590/558
f 588/652/619 584/584/552 582/580/548
f 587/653/620 588/652/619 582/580/548
f 681/579/547 587/653/620 582/580/548
f 587/653/620 592/654/621 588/652/619
f 592/654/621 587/653/620 681/579/547
f 683/655/622 592/654/621 681/579/547
f 682/573/541 683/655/622 681/579/547
f 592/654/621 591/656/623 588/652/619
f 592/654/621 683/655/622 591/656/623
f 588/652/619 591/656/623 590/657/624
f 589/651/618 588/652/619 590/657/624
f 590/657/624 729/649/617 589/651/618
f 593/658/625 729/649/617 590/657/624
f 593/658/625 762/648/616 729/649/617
f 590/657/624 591/656/623 593/658/625
f 593/658/625 761/659/626 762/648/616
f 763/647/615 762/648/616 761/659/626
f 761/659/626 760/660/627 763/647/615
f 763/647/615 760/660/627 776/646/614
f 760/660/627 775/661/628 776/646/614
f 776/646/614 775/661/628 941/642/610
f 760/660/627 570/662/629 775/661/628
f 775/661/628 984/663/630 941/642/610
f 570/662/629 985/664/631 775/661/628
f 985/664/631 984/663/630 775/661/628
f 1012/665/632 984/663/630 985/664/631
f 870/666/633 984/663/630 1012/665/632
f 941/642/610 984/663/630 870/666/633
f 871/667/634 941/642/610 870/666/633
f 941/642/610 871/667/634 872/641/609
f 870/666/633 866/668/635 871/667/634
f 871/667/634 866/668/635 872/641/609
f 866/668/635 873/669/636 872/641/609
f 873/669/636 875/640/608 872/641/609
f 866/668/635 865/670/637 873/669/636
f 873/669/636 867/671/638 875/640/608
f 865/670/637 867/671/638 873/669/636
f 875/640/608 874/672/639 876/673/640
f 867/671/638 874/672/639 875/640/608
f 876/673/640 877/639/607 875/640/608
f 876/673/640 889/674/641 877/639/607
f 889/674/641 886/638/606 877/639/607
f 888/675/642 886/638/606 889/674/641
f 886/638/606 888/675/642 887/637/605
f 887/637/605 888/675/642 890/620/588
f 888/675/642 891/676/643 890/620/588
f 890/620/588 891/676/643 892/621/589
f 891/676/643 893/677/644 892/621/589
f 893/677/644 894/678/645 892/621/589
f 894/678/645 893/677/644 895/679/646
f 895/679/646 893/677/644 896/680/647
f 885/681/648 896/680/647 893/677/644
f 882/682/649 885/681/648 893/677/644
f 882/682/649 893/677/644 891/676/643
f 881/683/650 882/682/649 891/676/643
f 881/683/650 891/676/643 888/675/642
f 880/684/651 881/683/650 888/675/642
f 880/684/651 888/675/642 889/674/641
f 879/685/652 880/684/651 889/674/641
f 879/685/652 889/674/641 876/673/640
f 878/686/653 879/685/652 876/673/640
f 878/686/653 876/673/640 874/672/639
f 859/687/654 878/686/653 874/672/639
f 858/688/655 859/687/654 874/672/639
f 867/671/638 858/688/655 874/672/639
f 865/670/637 845/689/656 867/671/638
f 845/689/656 858/688/655 867/671/638
f 845/689/656 851/690/657 858/688/655
f 851/690/657 859/687/654 858/688/655
f 851/690/657 835/691/658 859/687/654
f 834/692/659 878/686/653 859/687/654
f 835/691/658 834/692/659 859/687/654
f 878/686/653 834/692/659 879/685/652
f 834/692/659 833/693/660 879/685/652
f 879/685/652 833/693/660 880/684/651
f 833/693/660 832/694/661 880/684/651
f 880/684/651 832/694/661 881/683/650
f 832/694/661 786/695/662 881/683/650
f 881/683/650 786/695/662 883/696/663
f 881/683/650 883/696/663 882/682/649
f 882/682/649 883/696/663 884/697/664
f 882/682/649 884/697/664 885/681/648
f 841/698/665 845/689/656 844/699/666
f 844/699/666 845/689/656 865/670/637
f 841/698/665 851/690/657 845/689/656
f 841/698/665 842/700/667 851/690/657
f 835/691/658 851/690/657 842/700/667
f 836/701/668 835/691/658 842/700/667
f 835/691/658 836/701/668 831/702/669
f 834/692/659 835/691/658 831/702/669
f 828/703/670 834/692/659 831/702/669
f 833/693/660 834/692/659 828/703/670
f 829/704/671 833/693/660 828/703/670
f 832/694/661 833/693/660 829/704/671
f 783/705/672 832/694/661 829/704/671
f 786/695/662 832/694/661 783/705/672
f 783/705/672 784/706/673 786/695/662
f 783/705/672 785/707/674 784/706/673
f 783/705/672 782/708/675 785/707/674
f 782/708/675 783/705/672 778/709/676
f 781/710/677 782/708/675 778/709/676
f 779/711/678 781/710/677 778/709/676
f 778/709/676 780/712/679 779/711/678
f 800/713/680 780/712/679 778/709/676
f 803/714/681 780/712/679 800/713/680
f 778/709/676 801/715/682 800/713/680
f 783/705/672 802/716/683 778/709/676
f 802/716/683 801/715/682 778/709/676
f 783/705/672 829/704/671 802/716/683
f 828/703/670 790/717/684 829/704/671
f 790/717/684 802/716/683 829/704/671
f 801/715/682 802/716/683 790/717/684
f 791/718/217 801/715/682 790/717/684
f 800/713/680 801/715/682 791/718/217
f 799/719/685 800/713/680 791/718/217
f 799/719/685 803/714/681 800/713/680
f 791/718/217 798/720/686 799/719/685
f 799/719/685 798/720/686 803/714/681
f 798/720/686 807/721/687 803/714/681
f 791/718/217 797/722/688 798/720/686
f 798/720/686 797/722/688 807/721/687
f 797/722/688 808/723/689 807/721/687
f 797/722/688 796/724/690 808/723/689
f 796/724/690 809/725/691 808/723/689
f 810/726/692 809/725/691 796/724/690
f 794/727/693 810/726/692 796/724/690
f 794/727/693 796/724/690 793/728/217
f 796/724/690 797/722/688 793/728/217
f 793/728/217 797/722/688 791/718/217
f 792/729/694 793/728/217 791/718/217
f 790/717/684 792/729/694 791/718/217
f 790/717/684 828/703/670 792/729/694
f 828/703/670 831/702/669 792/729/694
f 792/729/694 831/702/669 830/730/695
f 836/701/668 830/730/695 831/702/669
f 792/729/694 795/731/696 793/728/217
f 795/731/696 792/729/694 830/730/695
f 795/731/696 794/727/693 793/728/217
f 795/731/696 811/732/697 794/727/693
f 811/732/697 810/726/692 794/727/693
f 795/731/696 837/733/698 811/732/697
f 830/730/695 837/733/698 795/731/696
f 836/701/668 837/733/698 830/730/695
f 836/701/668 840/734/699 837/733/698
f 842/700/667 840/734/699 836/701/668
f 841/698/665 840/734/699 842/700/667
f 839/735/700 840/734/699 841/698/665
f 838/736/701 840/734/699 839/735/700
f 837/733/698 840/734/699 838/736/701
f 837/733/698 838/736/701 811/732/697
f 838/736/701 846/737/702 811/732/697
f 838/736/701 839/735/700 847/738/703
f 838/736/701 847/738/703 846/737/702
f 839/735/700 848/739/704 847/738/703
f 847/738/703 855/740/705 846/737/702
f 848/739/704 849/741/706 847/738/703
f 855/740/705 847/738/703 849/741/706
f 848/739/704 850/742/707 849/741/706
f 848/739/704 852/743/708 850/742/707
f 852/743/708 848/739/704 839/735/700
f 843/744/709 852/743/708 839/735/700
f 839/735/700 841/698/665 843/744/709
f 843/744/709 841/698/665 844/699/666
f 852/743/708 843/744/709 844/699/666
f 857/745/710 852/743/708 844/699/666
f 857/745/710 844/699/666 863/746/711
f 863/746/711 844/699/666 865/670/637
f 863/746/711 865/670/637 864/747/712
f 865/670/637 866/668/635 864/747/712
f 864/747/712 866/668/635 870/666/633
f 864/747/712 870/666/633 869/748/713
f 1012/665/632 869/748/713 870/666/633
f 864/747/712 862/749/714 863/746/711
f 862/749/714 864/747/712 869/748/713
f 862/749/714 857/745/710 863/746/711
f 857/745/710 862/749/714 868/750/715
f 862/749/714 869/748/713 868/750/715
f 868/750/715 860/751/716 857/745/710
f 852/743/708 857/745/710 860/751/716
f 853/752/717 852/743/708 860/751/716
f 852/743/708 853/752/717 850/742/707
f 853/752/717 854/753/718 850/742/707
f 854/753/718 849/741/706 850/742/707
f 854/753/718 855/740/705 849/741/706
f 855/740/705 856/754/719 846/737/702
f 855/740/705 854/753/718 1017/755/720
f 856/754/719 855/740/705 1017/755/720
f 854/753/718 1016/756/721 1017/755/720
f 854/753/718 853/752/717 1015/757/722
f 1016/756/721 854/753/718 1015/757/722
f 853/752/717 861/758/723 1015/757/722
f 853/752/717 860/751/716 861/758/723
f 861/758/723 860/751/716 868/750/715
f 868/750/715 1014/759/724 861/758/723
f 1014/759/724 868/750/715 869/748/713
f 1014/759/724 1015/757/722 861/758/723
f 1014/759/724 991/760/725 1015/757/722
f 1016/756/721 1015/757/722 992/761/726
f 991/760/725 992/761/726 1015/757/722
f 992/761/726 993/762/727 1016/756/721
f 1016/756/721 1000/763/728 1017/755/720
f 993/762/727 1000/763/728 1016/756/721
f 1000/763/728 1011/764/729 1017/755/720
f 856/754/719 1017/755/720 1011/764/729
f 1000/763/728 787/765/730 1011/764/729
f 788/766/731 856/754/719 1011/764/729
f 787/765/730 788/766/731 1011/764/729
f 787/765/730 789/767/732 788/766/731
f 856/754/719 788/766/731 789/767/732
f 846/737/702 856/754/719 789/767/732
f 846/737/702 789/767/732 811/732/697
f 811/732/697 789/767/732 812/768/733
f 789/767/732 787/765/730 812/768/733
f 812/768/733 810/726/692 811/732/697
f 810/726/692 812/768/733 814/769/734
f 813/770/735 810/726/692 814/769/734
f 813/770/735 814/769/734 815/771/689
f 814/769/734 816/772/736 815/771/689
f 814/769/734 812/768/733 822/773/737
f 814/769/734 822/773/737 816/772/736
f 812/768/733 823/774/738 822/773/737
f 787/765/730 823/774/738 812/768/733
f 787/765/730 824/775/739 823/774/738
f 824/775/739 787/765/730 1000/763/728
f 824/775/739 825/776/740 823/774/738
f 825/776/740 822/773/737 823/774/738
f 822/773/737 825/776/740 827/777/741
f 821/778/742 822/773/737 827/777/741
f 822/773/737 821/778/742 816/772/736
f 816/772/736 817/779/743 815/771/689
f 816/772/736 821/778/742 817/779/743
f 817/779/743 818/780/687 815/771/689
f 821/778/742 820/781/744 817/779/743
f 821/778/742 827/777/741 820/781/744
f 817/779/743 820/781/744 806/782/745
f 818/780/687 817/779/743 806/782/745
f 804/783/681 818/780/687 806/782/745
f 804/783/681 806/782/745 805/784/746
f 805/784/746 806/782/745 819/785/747
f 820/781/744 819/785/747 806/782/745
f 820/781/744 826/786/748 819/785/747
f 827/777/741 826/786/748 820/781/744
f 826/786/748 827/777/741 1004/787/749
f 827/777/741 825/776/740 1003/788/750
f 827/777/741 1003/788/750 1004/787/749
f 825/776/740 1002/789/751 1003/788/750
f 825/776/740 824/775/739 1002/789/751
f 824/775/739 1001/790/752 1002/789/751
f 1001/790/752 824/775/739 1000/763/728
f 994/791/753 1001/790/752 1000/763/728
f 993/762/727 994/791/753 1000/763/728
f 994/791/753 995/792/754 1001/790/752
f 995/792/754 1002/789/751 1001/790/752
f 995/792/754 996/793/755 1002/789/751
f 996/793/755 1003/788/750 1002/789/751
f 996/793/755 997/794/756 1003/788/750
f 997/794/756 1004/787/749 1003/788/750
f 997/794/756 998/795/386 1004/787/749
f 826/786/748 1004/787/749 1005/796/757
f 998/795/386 1005/796/757 1004/787/749
f 1005/796/757 819/785/747 826/786/748
f 819/785/747 1005/796/757 1006/797/758
f 942/798/759 819/785/747 1006/797/758
f 805/784/746 819/785/747 942/798/759
f 942/798/759 943/799/760 805/784/746
f 805/784/746 943/799/760 944/800/678
f 942/798/759 1007/801/761 943/799/760
f 942/798/759 1006/797/758 1007/801/761
f 999/802/762 1006/797/758 1005/796/757
f 999/802/762 1007/801/761 1006/797/758
f 1005/796/757 998/795/386 999/802/762
f 1007/801/761 999/802/762 1008/803/763
f 943/799/760 1007/801/761 1008/803/763
f 945/804/764 943/799/760 1008/803/763
f 943/799/760 945/804/764 944/800/678
f 1008/803/763 999/802/762 1009/805/765
f 945/804/764 1008/803/763 1009/805/765
f 947/806/766 945/804/764 1009/805/765
f 944/800/678 945/804/764 947/806/766
f 946/807/677 944/800/678 947/806/766
f 946/807/677 947/806/766 949/808/767
f 949/808/767 947/806/766 1009/805/765
f 949/808/767 948/809/768 946/807/677
f 948/809/768 949/808/767 955/810/769
f 949/808/767 956/811/770 955/810/769
f 1009/805/765 1010/812/771 949/808/767
f 956/811/770 949/808/767 1010/812/771
f 1009/805/765 999/802/762 1010/812/771
f 974/813/772 999/802/762 998/795/386
f 974/813/772 1010/812/771 999/802/762
f 998/795/386 973/814/773 974/813/772
f 973/814/773 998/795/386 997/794/756
f 972/815/774 973/814/773 997/794/756
f 972/815/774 997/794/756 996/793/755
f 971/816/775 972/815/774 996/793/755
f 971/816/775 996/793/755 995/792/754
f 970/817/776 971/816/775 995/792/754
f 970/817/776 995/792/754 994/791/753
f 969/818/777 970/817/776 994/791/753
f 993/762/727 969/818/777 994/791/753
f 969/818/777 993/762/727 992/761/726
f 968/819/778 969/818/777 992/761/726
f 968/819/778 963/820/779 969/818/777
f 969/818/777 963/820/779 970/817/776
f 963/820/779 957/821/780 970/817/776
f 957/821/780 971/816/775 970/817/776
f 957/821/780 958/822/781 971/816/775
f 958/822/781 972/815/774 971/816/775
f 958/822/781 960/823/782 972/815/774
f 960/823/782 973/814/773 972/815/774
f 960/823/782 961/824/783 973/814/773
f 961/824/783 974/813/772 973/814/773
f 961/824/783 975/825/784 974/813/772
f 975/825/784 1010/812/771 974/813/772
f 975/825/784 956/811/770 1010/812/771
f 954/826/785 956/811/770 975/825/784
f 955/810/769 956/811/770 954/826/785
f 975/825/784 961/824/783 954/826/785
f 960/823/782 952/827/786 961/824/783
f 952/827/786 954/826/785 961/824/783
f 960/823/782 951/828/663 952/827/786
f 958/822/781 951/828/663 960/823/782
f 957/821/780 959/829/787 958/822/781
f 959/829/787 951/828/663 958/822/781
f 957/821/780 962/830/648 959/829/787
f 957/821/780 963/820/779 962/830/648
f 962/830/648 963/820/779 898/831/788
f 963/820/779 964/832/789 898/831/788
f 968/819/778 967/833/790 963/820/779
f 963/820/779 967/833/790 964/832/789
f 968/819/778 989/834/791 967/833/790
f 968/819/778 992/761/726 989/834/791
f 967/833/790 989/834/791 966/835/792
f 967/833/790 966/835/792 964/832/789
f 989/834/791 979/836/793 966/835/792
f 992/761/726 990/837/794 989/834/791
f 979/836/793 989/834/791 990/837/794
f 992/761/726 991/760/725 990/837/794
f 977/838/795 979/836/793 990/837/794
f 977/838/795 990/837/794 991/760/725
f 977/838/795 978/839/796 979/836/793
f 966/835/792 979/836/793 978/839/796
f 965/840/797 966/835/792 978/839/796
f 965/840/797 964/832/789 966/835/792
f 935/841/798 964/832/789 965/840/797
f 964/832/789 935/841/798 900/842/799
f 898/831/788 964/832/789 900/842/799
f 898/831/788 900/842/799 899/843/800
f 899/843/800 900/842/799 901/844/645
f 900/842/799 902/845/801 901/844/645
f 901/844/645 902/845/801 906/846/589
f 902/845/801 907/847/585 906/846/589
f 929/848/583 907/847/585 902/845/801
f 928/849/802 929/848/583 902/845/801
f 902/845/801 900/842/799 928/849/802
f 900/842/799 935/841/798 928/849/802
f 928/849/802 935/841/798 934/850/803
f 935/841/798 965/840/797 936/851/804
f 934/850/803 935/841/798 936/851/804
f 965/840/797 983/852/805 936/851/804
f 965/840/797 978/839/796 983/852/805
f 976/853/806 978/839/796 977/838/795
f 983/852/805 978/839/796 976/853/806
f 977/838/795 988/854/807 976/853/806
f 988/854/807 977/838/795 991/760/725
f 988/854/807 991/760/725 1013/855/808
f 991/760/725 1014/759/724 1013/855/808
f 1013/855/808 1014/759/724 869/748/713
f 1012/665/632 1013/855/808 869/748/713
f 1013/855/808 1012/665/632 988/854/807
f 987/856/809 976/853/806 988/854/807
f 1012/665/632 987/856/809 988/854/807
f 987/856/809 1012/665/632 985/664/631
f 986/857/810 987/856/809 985/664/631
f 986/857/810 985/664/631 570/662/629
f 986/857/810 981/858/811 987/856/809
f 981/858/811 976/853/806 987/856/809
f 981/858/811 983/852/805 976/853/806
f 982/859/812 983/852/805 981/858/811
f 982/859/812 927/860/813 983/852/805
f 927/860/813 936/851/804 983/852/805
f 927/860/813 926/861/814 936/851/804
f 926/861/814 934/850/803 936/851/804
f 928/849/802 934/850/803 926/861/814
f 925/862/815 928/849/802 926/861/814
f 925/862/815 924/863/816 928/849/802
f 924/863/816 929/848/583 928/849/802
f 925/862/815 771/864/817 924/863/816
f 925/862/815 926/861/814 771/864/817
f 771/864/817 772/865/566 924/863/816
f 772/865/566 771/864/817 740/866/818
f 739/867/819 772/865/566 740/866/818
f 739/867/819 740/866/818 602/868/820
f 723/869/821 739/867/819 602/868/820
f 740/866/818 598/870/822 602/868/820
f 740/866/818 771/864/817 741/871/823
f 740/866/818 741/871/823 598/870/822
f 771/864/817 752/872/824 741/871/823
f 926/861/814 752/872/824 771/864/817
f 752/872/824 926/861/814 751/873/825
f 926/861/814 927/860/813 751/873/825
f 751/873/825 927/860/813 753/874/826
f 927/860/813 982/859/812 753/874/826
f 980/875/827 982/859/812 981/858/811
f 982/859/812 980/875/827 753/874/826
f 981/858/811 568/876/828 980/875/827
f 981/858/811 986/857/810 568/876/828
f 568/876/828 986/857/810 570/662/629
f 568/876/828 570/662/629 569/877/829
f 760/660/627 569/877/829 570/662/629
f 569/877/829 760/660/627 759/878/830
f 759/878/830 760/660/627 761/659/626
f 759/878/830 761/659/626 721/879/831
f 722/880/832 761/659/626 593/658/625
f 721/879/831 761/659/626 722/880/832
f 721/879/831 722/880/832 601/881/833
f 722/880/832 593/658/625 601/881/833
f 591/656/623 601/881/833 593/658/625
f 601/881/833 591/656/623 614/882/834
f 683/655/622 614/882/834 591/656/623
f 683/655/622 682/573/541 614/882/834
f 682/573/541 621/883/835 614/882/834
f 624/550/518 621/883/835 682/573/541
f 614/882/834 613/884/836 601/881/833
f 613/884/836 614/882/834 621/883/835
f 613/884/836 600/885/837 601/881/833
f 600/885/837 721/879/831 601/881/833
f 600/885/837 580/886/838 721/879/831
f 759/878/830 721/879/831 580/886/838
f 580/886/838 745/887/839 759/878/830
f 758/888/840 569/877/829 759/878/830
f 745/887/839 758/888/840 759/878/830
f 757/889/841 758/888/840 745/887/839
f 569/877/829 758/888/840 757/889/841
f 755/890/842 569/877/829 757/889/841
f 568/876/828 569/877/829 755/890/842
f 568/876/828 753/874/826 980/875/827
f 753/874/826 568/876/828 754/891/843
f 568/876/828 755/890/842 754/891/843
f 754/891/843 755/890/842 756/892/844
f 755/890/842 757/889/841 756/892/844
f 756/892/844 749/893/845 754/891/843
f 753/874/826 754/891/843 749/893/845
f 751/873/825 753/874/826 749/893/845
f 750/894/846 751/873/825 749/893/845
f 750/894/846 752/872/824 751/873/825
f 750/894/846 741/871/823 752/872/824
f 749/893/845 748/895/847 750/894/846
f 741/871/823 750/894/846 748/895/847
f 749/893/845 747/896/848 748/895/847
f 747/896/848 749/893/845 756/892/844
f 747/896/848 742/897/849 748/895/847
f 742/897/849 741/871/823 748/895/847
f 747/896/848 743/898/850 742/897/849
f 743/898/850 747/896/848 756/892/844
f 744/899/851 743/898/850 756/892/844
f 744/899/851 756/892/844 757/889/841
f 746/900/852 744/899/851 757/889/841
f 746/900/852 757/889/841 745/887/839
f 579/901/853 746/900/852 745/887/839
f 580/886/838 579/901/853 745/887/839
f 579/901/853 744/899/851 746/900/852
f 576/902/854 744/899/851 579/901/853
f 743/898/850 744/899/851 576/902/854
f 571/903/855 743/898/850 576/902/854
f 743/898/850 571/903/855 599/904/856
f 742/897/849 743/898/850 599/904/856
f 741/871/823 742/897/849 599/904/856
f 598/870/822 741/871/823 599/904/856
f 598/870/822 599/904/856 571/903/855
f 572/905/857 598/870/822 571/903/855
f 598/870/822 572/905/857 602/868/820
f 602/868/820 572/905/857 606/906/858
f 606/906/858 723/869/821 602/868/820
f 606/906/858 724/907/859 723/869/821
f 724/907/859 725/908/556 723/869/821
f 606/906/858 608/909/860 724/907/859
f 727/910/528 724/907/859 608/909/860
f 606/906/858 607/911/861 608/909/860
f 572/905/857 607/911/861 606/906/858
f 571/903/855 573/912/862 572/905/857
f 607/911/861 572/905/857 574/913/863
f 573/912/862 574/913/863 572/905/857
f 607/911/861 660/914/864 610/915/865
f 660/914/864 607/911/861 574/913/863
f 610/915/865 608/909/860 607/911/861
f 608/909/860 610/915/865 609/916/866
f 727/910/528 608/909/860 609/916/866
f 726/917/867 727/910/528 609/916/866
f 726/917/867 609/916/866 611/918/868
f 720/919/869 726/917/867 611/918/868
f 719/920/508 720/919/869 611/918/868
f 718/921/870 719/920/508 611/918/868
f 708/922/871 718/921/870 611/918/868
f 642/923/872 708/922/871 611/918/868
f 611/918/868 612/924/873 642/923/872
f 611/918/868 609/916/866 612/924/873
f 609/916/866 610/915/865 612/924/873
f 612/924/873 643/925/874 642/923/872
f 612/924/873 610/915/865 643/925/874
f 659/926/875 610/915/865 660/914/864
f 610/915/865 659/926/875 643/925/874
f 660/914/864 656/927/876 659/926/875
f 574/913/863 671/928/877 660/914/864
f 660/914/864 671/928/877 656/927/876
f 574/913/863 573/912/862 671/928/877
f 656/927/876 671/928/877 654/929/878
f 671/928/877 573/912/862 654/929/878
f 573/912/862 571/903/855 575/930/879
f 573/912/862 575/930/879 654/929/878
f 571/903/855 576/902/854 575/930/879
f 654/929/878 575/930/879 668/931/880
f 576/902/854 581/932/881 575/930/879
f 575/930/879 581/932/881 668/931/880
f 576/902/854 579/901/853 581/932/881
f 581/932/881 577/933/882 668/931/880
f 577/933/882 581/932/881 579/901/853
f 577/933/882 579/901/853 578/934/883
f 579/901/853 580/886/838 578/934/883
f 580/886/838 600/885/837 578/934/883
f 616/935/884 578/934/883 600/885/837
f 578/934/883 616/935/884 667/936/885
f 577/933/882 578/934/883 667/936/885
f 577/933/882 667/936/885 668/931/880
f 668/931/880 667/936/885 669/937/886
f 669/937/886 654/929/878 668/931/880
f 667/936/885 670/938/887 669/937/886
f 667/936/885 616/935/884 617/939/888
f 670/938/887 667/936/885 617/939/888
f 616/935/884 615/940/889 617/939/888
f 615/940/889 616/935/884 600/885/837
f 615/940/889 600/885/837 613/884/836
f 615/940/889 613/884/836 622/941/890
f 613/884/836 621/883/835 622/941/890
f 622/941/890 618/942/891 615/940/889
f 618/942/891 617/939/888 615/940/889
f 622/941/890 623/943/892 618/942/891
f 622/941/890 621/883/835 623/943/892
f 621/883/835 624/550/518 623/943/892
f 716/551/519 623/943/892 624/550/518
f 619/944/893 623/943/892 716/551/519
f 619/944/893 618/942/891 623/943/892
f 618/942/891 619/944/893 617/939/888
f 619/944/893 620/945/894 617/939/888
f 670/938/887 617/939/888 620/945/894
f 619/944/893 715/946/895 620/945/894
f 715/946/895 619/944/893 716/551/519
f 715/946/895 713/947/896 620/945/894
f 705/948/897 634/949/898 713/947/896
f 634/949/898 620/945/894 713/947/896
f 634/949/898 635/950/899 620/945/894
f 635/950/899 670/938/887 620/945/894
f 661/951/900 670/938/887 635/950/899
f 661/951/900 669/937/886 670/938/887
f 635/950/899 641/952/901 661/951/900
f 641/952/901 635/950/899 634/949/898
f 640/953/902 641/952/901 634/949/898
f 640/953/902 634/949/898 705/948/897
f 704/954/903 640/953/902 705/948/897
f 704/954/903 706/955/904 640/953/902
f 706/955/904 637/956/905 640/953/902
f 706/955/904 707/957/906 637/956/905
f 637/956/905 639/958/907 640/953/902
f 639/958/907 641/952/901 640/953/902
f 648/959/908 641/952/901 639/958/907
f 641/952/901 648/959/908 661/951/900
f 648/959/908 651/960/909 661/951/900
f 669/937/886 661/951/900 651/960/909
f 648/959/908 647/961/910 651/960/909
f 647/961/910 648/959/908 639/958/907
f 649/962/911 647/961/910 639/958/907
f 638/963/912 649/962/911 639/958/907
f 638/963/912 639/958/907 637/956/905
f 636/964/913 638/963/912 637/956/905
f 707/957/906 636/964/913 637/956/905
f 707/957/906 708/922/871 636/964/913
f 708/922/871 642/923/872 636/964/913
f 642/923/872 643/925/874 636/964/913
f 643/925/874 638/963/912 636/964/913
f 638/963/912 643/925/874 658/965/914
f 649/962/911 638/963/912 658/965/914
f 657/966/915 649/962/911 658/965/914
f 647/961/910 649/962/911 657/966/915
f 650/967/916 647/961/910 657/966/915
f 647/961/910 650/967/916 651/960/909
f 650/967/916 652/968/917 651/960/909
f 652/968/917 669/937/886 651/960/909
f 669/937/886 652/968/917 654/929/878
f 650/967/916 653/969/918 652/968/917
f 652/968/917 653/969/918 654/929/878
f 650/967/916 657/966/915 653/969/918
f 653/969/918 655/970/919 654/929/878
f 657/966/915 655/970/919 653/969/918
f 655/970/919 656/927/876 654/929/878
f 655/970/919 657/966/915 656/927/876
f 657/966/915 658/965/914 656/927/876
f 643/925/874 659/926/875 658/965/914
f 656/927/876 658/965/914 659/926/875
f 950/971/662 952/827/786 951/828/663
f 954/826/785 952/827/786 950/971/662
f 953/972/673 954/826/785 950/971/662
f 953/972/673 955/810/769 954/826/785
f 1098/973/920 1100/974/921 1099/975/922
f 1098/973/923 1185/976/924 1184/977/925
f 1184/977/925 1187/978/926 1098/973/923
f 1187/978/926 1188/979/927 1098/973/923
f 1184/977/925 1185/976/924 1846/980/928
f 1846/980/928 1185/976/924 1256/981/929
f 1254/982/930 1846/980/928 1256/981/929
f 1254/982/930 1256/981/929 1255/983/931
f 1182/984/932 1183/985/933 1179/986/933
f 1178/987/934 1182/984/932 1179/986/933
f 1178/987/934 1179/986/933 1132/988/935
f 1178/987/934 1181/989/936 1182/984/932
f 1132/988/935 1131/990/937 1178/987/934
f 1178/987/934 1180/991/938 1181/989/936
f 1180/991/938 1178/987/934 1131/990/937
f 1180/991/938 1068/992/939 1181/989/936
f 1069/993/940 1181/989/936 1068/992/939
f 1189/994/941 1181/989/936 1069/993/940
f 1068/992/939 1070/995/942 1069/993/940
f 1071/996/943 1189/994/941 1069/993/940
f 1071/996/943 1069/993/940 1070/995/942
f 1101/997/944 1071/996/943 1070/995/942
f 1189/994/941 1071/996/943 1101/997/944
f 1110/998/945 1189/994/941 1101/997/944
f 1109/999/920 1110/998/945 1101/997/944
f 1101/997/944 1070/995/942 1102/1000/946
f 1090/1001/947 1105/1002/948 1070/995/942
f 1105/1002/948 1102/1000/946 1070/995/942
f 1070/995/942 1068/992/939 1090/1001/947
f 1102/1000/946 1105/1002/948 1113/1003/949
f 1113/1003/949 1109/999/920 1102/1000/946
f 1105/1002/948 1104/1004/950 1113/1003/949
f 1104/1004/950 1105/1002/948 1090/1001/947
f 1089/1005/951 1104/1004/950 1090/1001/947
f 1103/1006/952 1104/1004/950 1089/1005/951
f 1104/1004/950 1103/1006/952 1113/1003/949
f 1114/1007/953 1113/1003/949 1103/1006/952
f 1113/1003/949 1114/1007/953 1186/1008/954
f 1113/1003/949 1186/1008/954 1109/999/920
f 1186/1008/954 1689/1009/924 1109/999/920
f 1689/1009/924 1186/1008/954 1257/1010/929
f 1257/1010/929 1248/1011/955 1210/1012/956
f 1186/1008/954 1248/1011/955 1257/1010/929
f 1690/1013/957 1250/1014/958 1186/1008/954
f 1250/1014/958 1248/1011/955 1186/1008/954
f 1186/1008/954 1114/1007/953 1690/1013/957
f 1114/1007/953 1103/1006/952 1112/1015/959
f 1114/1007/953 1112/1015/959 1690/1013/957
f 1250/1014/958 1690/1013/957 1251/1016/960
f 1112/1015/959 1691/1017/961 1690/1013/957
f 1690/1013/957 1691/1017/961 1251/1016/960
f 1112/1015/959 1111/1018/962 1691/1017/961
f 1691/1017/961 1692/1019/963 1251/1016/960
f 1692/1019/963 1691/1017/961 1111/1018/962
f 1692/1019/963 1249/1020/964 1251/1016/960
f 1250/1014/958 1251/1016/960 1248/1011/955
f 1251/1016/960 1249/1020/964 1248/1011/955
f 1210/1012/956 1248/1011/955 1212/1021/965
f 1248/1011/955 1249/1020/964 1212/1021/965
f 1210/1012/956 1212/1021/965 1211/1022/966
f 1212/1021/965 1213/1023/967 1211/1022/966
f 1249/1020/964 1252/1024/968 1212/1021/965
f 1252/1024/968 1253/1025/969 1212/1021/965
f 1249/1020/964 1692/1019/963 1252/1024/968
f 1252/1024/968 1847/1026/970 1253/1025/969
f 1692/1019/963 1693/1027/971 1252/1024/968
f 1252/1024/968 1697/1028/972 1847/1026/970
f 1697/1028/972 1252/1024/968 1693/1027/971
f 1697/1028/972 1696/1029/973 1847/1026/970
f 1697/1028/972 1693/1027/971 1696/1029/973
f 1097/1030/974 1693/1027/971 1692/1019/963
f 1693/1027/971 1097/1030/974 1696/1029/973
f 1692/1019/963 1111/1018/962 1097/1030/974
f 1696/1029/973 1097/1030/974 1694/1031/975
f 1694/1031/975 1097/1030/974 1695/1032/976
f 1097/1030/974 1096/1033/977 1695/1032/976
f 1096/1033/977 1698/1034/978 1695/1032/976
f 1699/1035/979 1698/1034/978 1096/1033/977
f 1094/1036/980 1699/1035/979 1096/1033/977
f 1700/1037/981 1699/1035/979 1094/1036/980
f 1093/1038/982 1700/1037/981 1094/1036/980
f 1701/1039/983 1700/1037/981 1093/1038/982
f 1094/1036/980 1073/1040/984 1093/1038/982
f 1094/1036/980 1096/1033/977 1073/1040/984
f 1073/1040/984 1096/1033/977 1095/1041/985
f 1096/1033/977 1097/1030/974 1095/1041/985
f 1097/1030/974 1111/1018/962 1095/1041/985
f 1095/1041/985 1106/1042/986 1073/1040/984
f 1111/1018/962 1106/1042/986 1095/1041/985
f 1106/1042/986 1085/1043/987 1073/1040/984
f 1106/1042/986 1107/1044/988 1085/1043/987
f 1106/1042/986 1111/1018/962 1107/1044/988
f 1107/1044/988 1111/1018/962 1108/1045/989
f 1112/1015/959 1108/1045/989 1111/1018/962
f 1103/1006/952 1108/1045/989 1112/1015/959
f 1108/1045/989 1103/1006/952 1087/1046/990
f 1108/1045/989 1087/1046/990 1086/1047/991
f 1107/1044/988 1108/1045/989 1086/1047/991
f 1107/1044/988 1086/1047/991 1085/1043/987
f 1085/1043/987 1086/1047/991 1081/1048/992
f 1081/1048/992 1076/1049/993 1085/1043/987
f 1076/1049/993 1073/1040/984 1085/1043/987
f 1072/1050/994 1073/1040/984 1076/1049/993
f 1072/1050/994 1074/1051/995 1073/1040/984
f 1075/1052/996 1093/1038/982 1073/1040/984
f 1074/1051/995 1075/1052/996 1073/1040/984
f 1075/1052/996 1701/1039/983 1093/1038/982
f 1074/1051/995 1688/1053/997 1075/1052/996
f 1688/1053/997 1701/1039/983 1075/1052/996
f 1074/1051/995 1072/1050/994 1688/1053/997
f 1688/1053/997 1703/1054/981 1701/1039/983
f 1072/1050/994 1578/1055/998 1688/1053/997
f 1578/1055/998 1703/1054/981 1688/1053/997
f 1703/1054/981 1578/1055/998 1575/1056/999
f 1702/1057/979 1703/1054/981 1575/1056/999
f 1578/1055/998 1577/1058/1000 1575/1056/999
f 1578/1055/998 1072/1050/994 1615/1059/1001
f 1615/1059/1001 1577/1058/1000 1578/1055/998
f 1072/1050/994 1092/1060/1002 1615/1059/1001
f 1092/1060/1002 1072/1050/994 1076/1049/993
f 1091/1061/1003 1092/1060/1002 1076/1049/993
f 1061/1062/1004 1091/1061/1003 1076/1049/993
f 1061/1062/1004 1076/1049/993 1081/1048/992
f 1065/1063/1005 1061/1062/1004 1081/1048/992
f 1081/1048/992 1084/1064/1006 1065/1063/1005
f 1086/1047/991 1084/1064/1006 1081/1048/992
f 1086/1047/991 1087/1046/990 1084/1064/1006
f 1065/1063/1005 1084/1064/1006 1078/1065/1007
f 1087/1046/990 1079/1066/1008 1084/1064/1006
f 1084/1064/1006 1079/1066/1008 1078/1065/1007
f 1087/1046/990 1080/1067/1009 1079/1066/1008
f 1079/1066/1008 1080/1067/1009 1078/1065/1007
f 1103/1006/952 1088/1068/1010 1087/1046/990
f 1087/1046/990 1088/1068/1010 1080/1067/1009
f 1103/1006/952 1089/1005/951 1088/1068/1010
f 1088/1068/1010 1089/1005/951 1080/1067/1009
f 1089/1005/951 1082/1069/1011 1080/1067/1009
f 1089/1005/951 1090/1001/947 1082/1069/1011
f 1080/1067/1009 1082/1069/1011 1077/1070/1012
f 1080/1067/1009 1077/1070/1012 1078/1065/1007
f 1078/1065/1007 1077/1070/1012 1067/1071/1013
f 1078/1065/1007 1067/1071/1013 1063/1072/1014
f 1065/1063/1005 1078/1065/1007 1063/1072/1014
f 1065/1063/1005 1063/1072/1014 1059/1073/1015
f 1065/1063/1005 1059/1073/1015 1061/1062/1004
f 1060/1074/1016 1061/1062/1004 1059/1073/1015
f 1061/1062/1004 1060/1074/1016 1592/1075/1017
f 1592/1075/1017 1091/1061/1003 1061/1062/1004
f 1610/1076/1018 1091/1061/1003 1592/1075/1017
f 1092/1060/1002 1091/1061/1003 1610/1076/1018
f 1615/1059/1001 1092/1060/1002 1610/1076/1018
f 1615/1059/1001 1610/1076/1018 1608/1077/1019
f 1577/1058/1000 1615/1059/1001 1608/1077/1019
f 1610/1076/1018 1611/1078/1020 1608/1077/1019
f 1611/1078/1020 1610/1076/1018 1592/1075/1017
f 1592/1075/1017 1593/1079/1021 1611/1078/1020
f 1060/1074/1016 1593/1079/1021 1592/1075/1017
f 1059/1073/1015 1043/1080/1022 1060/1074/1016
f 1060/1074/1016 1062/1081/1023 1593/1079/1021
f 1062/1081/1023 1060/1074/1016 1043/1080/1022
f 1062/1081/1023 1594/1082/1024 1593/1079/1021
f 1612/1083/1025 1593/1079/1021 1594/1082/1024
f 1593/1079/1021 1612/1083/1025 1611/1078/1020
f 1611/1078/1020 1609/1084/1026 1608/1077/1019
f 1609/1084/1026 1611/1078/1020 1612/1083/1025
f 1609/1084/1026 1607/1085/1027 1608/1077/1019
f 1612/1083/1025 1613/1086/1028 1609/1084/1026
f 1609/1084/1026 1613/1086/1028 1607/1085/1027
f 1612/1083/1025 1602/1087/1029 1613/1086/1028
f 1613/1086/1028 1614/1088/1030 1607/1085/1027
f 1614/1088/1030 1613/1086/1028 1602/1087/1029
f 1614/1088/1030 1681/1089/1031 1607/1085/1027
f 1606/1090/1032 1608/1077/1019 1607/1085/1027
f 1681/1089/1031 1606/1090/1032 1607/1085/1027
f 1606/1090/1032 1577/1058/1000 1608/1077/1019
f 1576/1091/1033 1577/1058/1000 1606/1090/1032
f 1575/1056/999 1577/1058/1000 1576/1091/1033
f 1606/1090/1032 1687/1092/1034 1576/1091/1033
f 1687/1092/1034 1606/1090/1032 1681/1089/1031
f 1687/1092/1034 1681/1089/1031 1680/1093/1035
f 1614/1088/1030 1680/1093/1035 1681/1089/1031
f 1602/1087/1029 1603/1094/1036 1614/1088/1030
f 1680/1093/1035 1614/1088/1030 1603/1094/1036
f 1684/1095/1037 1680/1093/1035 1603/1094/1036
f 1684/1095/1037 1687/1092/1034 1680/1093/1035
f 1625/1096/1038 1687/1092/1034 1684/1095/1037
f 1687/1092/1034 1625/1096/1038 1705/1097/1039
f 1576/1091/1033 1687/1092/1034 1705/1097/1039
f 1704/1098/1040 1576/1091/1033 1705/1097/1039
f 1704/1098/1040 1787/1099/1041 1576/1091/1033
f 1787/1099/1041 1575/1056/999 1576/1091/1033
f 1702/1057/979 1575/1056/999 1787/1099/1041
f 1786/1100/1042 1702/1057/979 1787/1099/1041
f 1786/1100/1042 1787/1099/1041 1784/1101/1043
f 1787/1099/1041 1704/1098/1040 1784/1101/1043
f 1784/1101/1043 1704/1098/1040 1705/1097/1039
f 1783/1102/1044 1784/1101/1043 1705/1097/1039
f 1786/1100/1042 1784/1101/1043 1783/1102/1044
f 1705/1097/1039 1626/1103/1045 1783/1102/1044
f 1625/1096/1038 1626/1103/1045 1705/1097/1039
f 1626/1103/1045 1785/1104/1046 1783/1102/1044
f 1785/1104/1046 1786/1100/1042 1783/1102/1044
f 1674/1105/1047 1786/1100/1042 1785/1104/1046
f 1786/1100/1042 1674/1105/1047 1702/1057/979
f 1675/1106/978 1702/1057/979 1674/1105/1047
f 1674/1105/1047 1676/1107/1048 1675/1106/978
f 1675/1106/978 1676/1107/1048 1678/1108/1049
f 1674/1105/1047 1677/1109/1050 1676/1107/1048
f 1678/1108/1049 1676/1107/1048 1679/1110/1051
f 1677/1109/1050 1679/1110/1051 1676/1107/1048
f 1679/1110/1051 1822/1111/1052 1678/1108/1049
f 1822/1111/1052 1825/1112/975 1678/1108/1049
f 1826/1113/973 1825/1112/975 1822/1111/1052
f 1824/1114/1053 1826/1113/973 1822/1111/1052
f 1826/1113/973 1824/1114/1053 1849/1115/1054
f 1227/1116/969 1849/1115/1054 1848/1117/1055
f 1824/1114/1053 1848/1117/1055 1849/1115/1054
f 1811/1118/1056 1823/1119/1057 1824/1114/1053
f 1848/1117/1055 1824/1114/1053 1823/1119/1057
f 1824/1114/1053 1822/1111/1052 1811/1118/1056
f 1822/1111/1052 1679/1110/1051 1812/1120/1058
f 1822/1111/1052 1812/1120/1058 1811/1118/1056
f 1679/1110/1051 1677/1109/1050 1813/1121/1059
f 1679/1110/1051 1813/1121/1059 1812/1120/1058
f 1677/1109/1050 1809/1122/1060 1813/1121/1059
f 1812/1120/1058 1813/1121/1059 1809/1122/1060
f 1811/1118/1056 1812/1120/1058 1809/1122/1060
f 1810/1123/1061 1811/1118/1056 1809/1122/1060
f 1810/1123/1061 1823/1119/1057 1811/1118/1056
f 1809/1122/1060 1800/1124/1062 1810/1123/1061
f 1823/1119/1057 1810/1123/1061 1807/1125/1063
f 1800/1124/1062 1799/1126/1064 1810/1123/1061
f 1807/1125/1063 1810/1123/1061 1799/1126/1064
f 1807/1125/1063 1799/1126/1064 1797/1127/1065
f 1806/1128/1066 1807/1125/1063 1797/1127/1065
f 1821/1129/1067 1807/1125/1063 1806/1128/1066
f 1821/1129/1067 1823/1119/1057 1807/1125/1063
f 1840/1130/1068 1823/1119/1057 1821/1129/1067
f 1840/1130/1068 1848/1117/1055 1823/1119/1057
f 1848/1117/1055 1840/1130/1068 1228/1131/1069
f 1228/1131/1069 1227/1116/969 1848/1117/1055
f 1227/1116/969 1228/1131/1069 1209/1132/1070
f 1208/1133/965 1227/1116/969 1209/1132/1070
f 1228/1131/1069 1231/1134/701 1209/1132/1070
f 1840/1130/1068 1231/1134/701 1228/1131/1069
f 1231/1134/701 1840/1130/1068 1237/1135/1071
f 1841/1136/1072 1840/1130/1068 1821/1129/1067
f 1840/1130/1068 1841/1136/1072 1237/1135/1071
f 1821/1129/1067 1806/1128/1066 1820/1137/1073
f 1820/1137/1073 1841/1136/1072 1821/1129/1067
f 1806/1128/1066 1819/1138/1074 1820/1137/1073
f 1820/1137/1073 1833/1139/1075 1841/1136/1072
f 1819/1138/1074 1833/1139/1075 1820/1137/1073
f 1841/1136/1072 1238/1140/1076 1237/1135/1071
f 1841/1136/1072 1833/1139/1075 1238/1140/1076
f 1237/1135/1071 1238/1140/1076 1220/1141/1077
f 1833/1139/1075 1239/1142/1078 1238/1140/1076
f 1238/1140/1076 1239/1142/1078 1220/1141/1077
f 1833/1139/1075 1832/1143/1079 1239/1142/1078
f 1243/1144/1080 1239/1142/1078 1832/1143/1079
f 1833/1139/1075 1818/1145/1081 1832/1143/1079
f 1833/1139/1075 1819/1138/1074 1818/1145/1081
f 1818/1145/1081 1819/1138/1074 1805/1146/1082
f 1805/1146/1082 1819/1138/1074 1806/1128/1066
f 1805/1146/1082 1806/1128/1066 1794/1147/1083
f 1806/1128/1066 1797/1127/1065 1794/1147/1083
f 1794/1147/1083 1797/1127/1065 1793/1148/1084
f 1799/1126/1064 1796/1149/1085 1797/1127/1065
f 1797/1127/1065 1796/1149/1085 1793/1148/1084
f 1799/1126/1064 1798/1150/1086 1796/1149/1085
f 1799/1126/1064 1800/1124/1062 1798/1150/1086
f 1796/1149/1085 1798/1150/1086 1671/1151/1087
f 1796/1149/1085 1671/1151/1087 1668/1152/1088
f 1793/1148/1084 1796/1149/1085 1668/1152/1088
f 1793/1148/1084 1668/1152/1088 1667/1153/1089
f 1792/1154/1090 1793/1148/1084 1667/1153/1089
f 1792/1154/1090 1794/1147/1083 1793/1148/1084
f 1795/1155/1091 1794/1147/1083 1792/1154/1090
f 1805/1146/1082 1794/1147/1083 1795/1155/1091
f 1804/1156/1092 1805/1146/1082 1795/1155/1091
f 1804/1156/1092 1818/1145/1081 1805/1146/1082
f 1817/1157/1093 1818/1145/1081 1804/1156/1092
f 1818/1145/1081 1817/1157/1093 1832/1143/1079
f 1817/1157/1093 1838/1158/1094 1832/1143/1079
f 1838/1158/1094 1243/1144/1080 1832/1143/1079
f 1817/1157/1093 1816/1159/1095 1838/1158/1094
f 1243/1144/1080 1838/1158/1094 1835/1160/1096
f 1835/1160/1096 1838/1158/1094 1816/1159/1095
f 1835/1160/1096 1245/1161/1097 1243/1144/1080
f 1243/1144/1080 1245/1161/1097 1244/1162/1098
f 1835/1160/1096 1834/1163/1099 1245/1161/1097
f 1839/1164/1100 1245/1161/1097 1834/1163/1099
f 1835/1160/1096 1815/1165/1101 1834/1163/1099
f 1835/1160/1096 1816/1159/1095 1815/1165/1101
f 1815/1165/1101 1816/1159/1095 1353/1166/1102
f 1816/1159/1095 1817/1157/1093 1346/1167/1103
f 1353/1166/1102 1816/1159/1095 1346/1167/1103
f 1817/1157/1093 1804/1156/1092 1346/1167/1103
f 1346/1167/1103 1804/1156/1092 1347/1168/1104
f 1804/1156/1092 1795/1155/1091 1347/1168/1104
f 1347/1168/1104 1795/1155/1091 1791/1169/1105
f 1791/1169/1105 1795/1155/1091 1792/1154/1090
f 1791/1169/1105 1792/1154/1090 1666/1170/1106
f 1792/1154/1090 1667/1153/1089 1666/1170/1106
f 1667/1153/1089 1657/1171/1107 1666/1170/1106
f 1667/1153/1089 1668/1152/1088 1657/1171/1107
f 1668/1152/1088 1658/1172/1108 1657/1171/1107
f 1668/1152/1088 1671/1151/1087 1658/1172/1108
f 1671/1151/1087 1672/1173/1109 1669/1174/1110
f 1671/1151/1087 1669/1174/1110 1658/1172/1108
f 1671/1151/1087 1798/1150/1086 1672/1173/1109
f 1672/1173/1109 1670/1175/1111 1669/1174/1110
f 1658/1172/1108 1669/1174/1110 1659/1176/1112
f 1669/1174/1110 1670/1175/1111 1659/1176/1112
f 1658/1172/1108 1659/1176/1112 1653/1177/1113
f 1657/1171/1107 1658/1172/1108 1653/1177/1113
f 1659/1176/1112 1654/1178/1114 1653/1177/1113
f 1670/1175/1111 1621/1179/1115 1659/1176/1112
f 1659/1176/1112 1621/1179/1115 1654/1178/1114
f 1670/1175/1111 1619/1180/1116 1621/1179/1115
f 1670/1175/1111 1672/1173/1109 1789/1181/1117
f 1670/1175/1111 1789/1181/1117 1619/1180/1116
f 1672/1173/1109 1788/1182/1118 1789/1181/1117
f 1788/1182/1118 1672/1173/1109 1798/1150/1086
f 1788/1182/1118 1785/1104/1046 1789/1181/1117
f 1785/1104/1046 1619/1180/1116 1789/1181/1117
f 1788/1182/1118 1802/1183/1119 1785/1104/1046
f 1802/1183/1119 1788/1182/1118 1798/1150/1086
f 1802/1183/1119 1798/1150/1086 1800/1124/1062
f 1801/1184/1120 1802/1183/1119 1800/1124/1062
f 1800/1124/1062 1808/1185/1121 1801/1184/1120
f 1800/1124/1062 1809/1122/1060 1808/1185/1121
f 1801/1184/1120 1808/1185/1121 1802/1183/1119
f 1809/1122/1060 1803/1186/1122 1808/1185/1121
f 1808/1185/1121 1803/1186/1122 1802/1183/1119
f 1802/1183/1119 1803/1186/1122 1785/1104/1046
f 1785/1104/1046 1626/1103/1045 1619/1180/1116
f 1803/1186/1122 1674/1105/1047 1785/1104/1046
f 1677/1109/1050 1674/1105/1047 1803/1186/1122
f 1809/1122/1060 1677/1109/1050 1803/1186/1122
f 1653/1177/1113 1654/1178/1114 1647/1187/1123
f 1654/1178/1114 1621/1179/1115 1648/1188/1124
f 1654/1178/1114 1648/1188/1124 1647/1187/1123
f 1621/1179/1115 1619/1180/1116 1620/1189/1125
f 1621/1179/1115 1620/1189/1125 1648/1188/1124
f 1619/1180/1116 1618/1190/1126 1620/1189/1125
f 1619/1180/1116 1626/1103/1045 1618/1190/1126
f 1625/1096/1038 1618/1190/1126 1626/1103/1045
f 1618/1190/1126 1625/1096/1038 1623/1191/1127
f 1620/1189/1125 1618/1190/1126 1623/1191/1127
f 1620/1189/1125 1623/1191/1127 1622/1192/1128
f 1648/1188/1124 1620/1189/1125 1622/1192/1128
f 1623/1191/1127 1624/1193/1129 1622/1192/1128
f 1625/1096/1038 1624/1193/1129 1623/1191/1127
f 1625/1096/1038 1643/1194/1130 1624/1193/1129
f 1643/1194/1130 1625/1096/1038 1684/1095/1037
f 1684/1095/1037 1686/1195/1131 1643/1194/1130
f 1643/1194/1130 1627/1196/1132 1624/1193/1129
f 1627/1196/1132 1643/1194/1130 1686/1195/1131
f 1627/1196/1132 1590/1197/1133 1624/1193/1129
f 1624/1193/1129 1590/1197/1133 1622/1192/1128
f 1590/1197/1133 1617/1198/1134 1622/1192/1128
f 1617/1198/1134 1648/1188/1124 1622/1192/1128
f 1648/1188/1124 1617/1198/1134 1637/1199/1135
f 1647/1187/1123 1648/1188/1124 1637/1199/1135
f 1617/1198/1134 1633/1200/1136 1637/1199/1135
f 1636/1201/1137 1637/1199/1135 1633/1200/1136
f 1647/1187/1123 1637/1199/1135 1636/1201/1137
f 1646/1202/1138 1647/1187/1123 1636/1201/1137
f 1653/1177/1113 1647/1187/1123 1646/1202/1138
f 1652/1203/1139 1653/1177/1113 1646/1202/1138
f 1652/1203/1139 1657/1171/1107 1653/1177/1113
f 1646/1202/1138 1651/1204/1140 1652/1203/1139
f 1657/1171/1107 1652/1203/1139 1651/1204/1140
f 1646/1202/1138 1645/1205/1141 1651/1204/1140
f 1645/1205/1141 1646/1202/1138 1636/1201/1137
f 1635/1206/576 1645/1205/1141 1636/1201/1137
f 1635/1206/576 1636/1201/1137 1632/1207/1137
f 1632/1207/1137 1636/1201/1137 1633/1200/1136
f 1632/1207/1137 1633/1200/1136 1584/1208/1142
f 1617/1198/1134 1588/1209/1143 1633/1200/1136
f 1633/1200/1136 1565/1210/1144 1584/1208/1142
f 1633/1200/1136 1588/1209/1143 1565/1210/1144
f 1584/1208/1142 1565/1210/1144 1547/1211/1145
f 1584/1208/1142 1547/1211/1145 1548/1212/1146
f 1556/1213/1147 1584/1208/1142 1548/1212/1146
f 1632/1207/1137 1584/1208/1142 1556/1213/1147
f 1630/1214/1148 1632/1207/1137 1556/1213/1147
f 1630/1214/1148 1635/1206/576 1632/1207/1137
f 1634/1215/1149 1635/1206/576 1630/1214/1148
f 1634/1215/1149 1644/1216/1150 1635/1206/576
f 1644/1216/1150 1645/1205/1141 1635/1206/576
f 1645/1205/1141 1644/1216/1150 1650/1217/1151
f 1651/1204/1140 1645/1205/1141 1650/1217/1151
f 1644/1216/1150 1663/1218/1152 1650/1217/1151
f 1634/1215/1149 1561/1219/1153 1644/1216/1150
f 1663/1218/1152 1644/1216/1150 1561/1219/1153
f 1634/1215/1149 1560/1220/1154 1561/1219/1153
f 1560/1220/1154 1634/1215/1149 1631/1221/1155
f 1631/1221/1155 1634/1215/1149 1630/1214/1148
f 1631/1221/1155 1630/1214/1148 1629/1222/1156
f 1629/1222/1156 1630/1214/1148 1556/1213/1147
f 1629/1222/1156 1558/1223/1157 1631/1221/1155
f 1558/1223/1157 1560/1220/1154 1631/1221/1155
f 1560/1220/1154 1558/1223/1157 1380/1224/1158
f 1376/1225/1159 1560/1220/1154 1380/1224/1158
f 1561/1219/1153 1560/1220/1154 1376/1225/1159
f 1372/1226/1160 1561/1219/1153 1376/1225/1159
f 1562/1227/1161 1561/1219/1153 1372/1226/1160
f 1562/1227/1161 1663/1218/1152 1561/1219/1153
f 1662/1228/1162 1663/1218/1152 1562/1227/1161
f 1650/1217/1151 1663/1218/1152 1662/1228/1162
f 1650/1217/1151 1662/1228/1162 1649/1229/1163
f 1649/1229/1163 1651/1204/1140 1650/1217/1151
f 1662/1228/1162 1660/1230/1164 1649/1229/1163
f 1660/1230/1164 1662/1228/1162 1664/1231/1165
f 1664/1231/1165 1662/1228/1162 1562/1227/1161
f 1664/1231/1165 1562/1227/1161 1370/1232/1166
f 1370/1232/1166 1562/1227/1161 1372/1226/1160
f 1370/1232/1166 1372/1226/1160 1369/1233/1167
f 1372/1226/1160 1376/1225/1159 1373/1234/1168
f 1369/1233/1167 1372/1226/1160 1373/1234/1168
f 1376/1225/1159 1378/1235/1169 1373/1234/1168
f 1376/1225/1159 1380/1224/1158 1378/1235/1169
f 1378/1235/1169 1374/1236/1170 1373/1234/1168
f 1373/1234/1168 1374/1236/1170 1369/1233/1167
f 1378/1235/1169 1377/1237/1171 1374/1236/1170
f 1378/1235/1169 1380/1224/1158 1377/1237/1171
f 1377/1237/1171 1375/1238/1172 1374/1236/1170
f 1380/1224/1158 1379/1239/1173 1377/1237/1171
f 1379/1239/1173 1375/1238/1172 1377/1237/1171
f 1380/1224/1158 1546/1240/1174 1379/1239/1173
f 1543/1241/1175 1546/1240/1174 1380/1224/1158
f 1558/1223/1157 1543/1241/1175 1380/1224/1158
f 1558/1223/1157 1559/1242/1176 1543/1241/1175
f 1558/1223/1157 1629/1222/1156 1559/1242/1176
f 1628/1243/1177 1629/1222/1156 1556/1213/1147
f 1629/1222/1156 1628/1243/1177 1559/1242/1176
f 1556/1213/1147 1544/1244/1178 1628/1243/1177
f 1559/1242/1176 1628/1243/1177 1544/1244/1178
f 1559/1242/1176 1544/1244/1178 1543/1241/1175
f 1543/1241/1175 1544/1244/1178 1541/1245/1179
f 1546/1240/1174 1543/1241/1175 1541/1245/1179
f 1540/1246/1180 1546/1240/1174 1541/1245/1179
f 1545/1247/1181 1546/1240/1174 1540/1246/1180
f 1546/1240/1174 1545/1247/1181 1379/1239/1173
f 1540/1246/1180 1536/1248/1182 1538/1249/1183
f 1538/1249/1183 1545/1247/1181 1540/1246/1180
f 1540/1246/1180 1541/1245/1179 1536/1248/1182
f 1541/1245/1179 1537/1250/1184 1536/1248/1182
f 1544/1244/1178 1537/1250/1184 1541/1245/1179
f 1556/1213/1147 1548/1212/1146 1544/1244/1178
f 1548/1212/1146 1537/1250/1184 1544/1244/1178
f 1537/1250/1184 1548/1212/1146 1262/1251/1185
f 1537/1250/1184 1262/1251/1185 1533/1252/1186
f 1536/1248/1182 1537/1250/1184 1533/1252/1186
f 1533/1252/1186 1535/1253/1187 1536/1248/1182
f 1534/1254/1188 1536/1248/1182 1535/1253/1187
f 1536/1248/1182 1534/1254/1188 1538/1249/1183
f 1538/1249/1183 1534/1254/1188 1539/1255/1189
f 1545/1247/1181 1538/1249/1183 1539/1255/1189
f 1542/1256/1190 1545/1247/1181 1539/1255/1189
f 1379/1239/1173 1545/1247/1181 1542/1256/1190
f 1473/1257/1191 1379/1239/1173 1542/1256/1190
f 1379/1239/1173 1473/1257/1191 1469/1258/1192
f 1375/1238/1172 1379/1239/1173 1469/1258/1192
f 1375/1238/1172 1469/1258/1192 1465/1259/1193
f 1465/1259/1193 1469/1258/1192 1462/1260/1194
f 1469/1258/1192 1473/1257/1191 1468/1261/1195
f 1469/1258/1192 1468/1261/1195 1462/1260/1194
f 1473/1257/1191 1472/1262/1196 1468/1261/1195
f 1462/1260/1194 1468/1261/1195 1467/1263/1197
f 1468/1261/1195 1472/1262/1196 1467/1263/1197
f 1467/1263/1197 1326/1264/1198 1462/1260/1194
f 1472/1262/1196 1470/1265/1199 1467/1263/1197
f 1326/1264/1198 1467/1263/1197 1466/1266/1200
f 1467/1263/1197 1470/1265/1199 1466/1266/1200
f 1466/1266/1200 1328/1267/1201 1326/1264/1198
f 1470/1265/1199 1471/1268/1202 1466/1266/1200
f 1471/1268/1202 1470/1265/1199 1477/1269/1203
f 1470/1265/1199 1478/1270/1204 1477/1269/1203
f 1475/1271/1205 1478/1270/1204 1470/1265/1199
f 1472/1262/1196 1475/1271/1205 1470/1265/1199
f 1473/1257/1191 1474/1272/1206 1472/1262/1196
f 1472/1262/1196 1474/1272/1206 1475/1271/1205
f 1473/1257/1191 1542/1256/1190 1474/1272/1206
f 1542/1256/1190 1539/1255/1189 1474/1272/1206
f 1534/1254/1188 1510/1273/1207 1539/1255/1189
f 1539/1255/1189 1510/1273/1207 1474/1272/1206
f 1474/1272/1206 1476/1274/1208 1475/1271/1205
f 1474/1272/1206 1510/1273/1207 1476/1274/1208
f 1476/1274/1208 1509/1275/1209 1475/1271/1205
f 1509/1275/1209 1476/1274/1208 1510/1273/1207
f 1509/1275/1209 1478/1270/1204 1475/1271/1205
f 1509/1275/1209 1508/1276/1210 1478/1270/1204
f 1511/1277/1211 1508/1276/1210 1509/1275/1209
f 1510/1273/1207 1511/1277/1211 1509/1275/1209
f 1510/1273/1207 1534/1254/1188 1511/1277/1211
f 1535/1253/1187 1532/1278/1212 1534/1254/1188
f 1534/1254/1188 1532/1278/1212 1511/1277/1211
f 1532/1278/1212 1528/1279/1213 1511/1277/1211
f 1511/1277/1211 1512/1280/1214 1508/1276/1210
f 1511/1277/1211 1528/1279/1213 1512/1280/1214
f 1528/1279/1213 1529/1281/1215 1512/1280/1214
f 1529/1281/1215 1530/1282/1216 1512/1280/1214
f 1529/1281/1215 1531/1283/1217 1530/1282/1216
f 1530/1282/1216 1531/1283/1217 1265/1284/1218
f 1531/1283/1217 1264/1285/1219 1265/1284/1218
f 1263/1286/1220 1260/1287/1221 1264/1285/1219
f 1264/1285/1219 1260/1287/1221 1265/1284/1218
f 1263/1286/1220 1262/1251/1185 1260/1287/1221
f 1263/1286/1220 1533/1252/1186 1262/1251/1185
f 1262/1251/1185 1261/1288/1222 1260/1287/1221
f 1262/1251/1185 1548/1212/1146 1261/1288/1222
f 1547/1211/1145 1261/1288/1222 1548/1212/1146
f 1547/1211/1145 1557/1289/1223 1261/1288/1222
f 1565/1210/1144 1557/1289/1223 1547/1211/1145
f 1261/1288/1222 1259/1290/1224 1260/1287/1221
f 1557/1289/1223 1549/1291/1225 1261/1288/1222
f 1549/1291/1225 1259/1290/1224 1261/1288/1222
f 1557/1289/1223 1566/1292/1226 1549/1291/1225
f 1566/1292/1226 1557/1289/1223 1565/1210/1144
f 1564/1293/1227 1566/1292/1226 1565/1210/1144
f 1588/1209/1143 1564/1293/1227 1565/1210/1144
f 1564/1293/1227 1585/1294/1228 1566/1292/1226
f 1588/1209/1143 1587/1295/1229 1564/1293/1227
f 1564/1293/1227 1587/1295/1229 1585/1294/1228
f 1588/1209/1143 1589/1296/1230 1587/1295/1229
f 1587/1295/1229 1616/1297/1231 1585/1294/1228
f 1589/1296/1230 1616/1297/1231 1587/1295/1229
f 1589/1296/1230 1707/1298/1232 1616/1297/1231
f 1588/1209/1143 1590/1197/1133 1589/1296/1230
f 1589/1296/1230 1706/1299/1233 1707/1298/1232
f 1590/1197/1133 1591/1300/1234 1589/1296/1230
f 1591/1300/1234 1706/1299/1233 1589/1296/1230
f 1708/1301/1235 1706/1299/1233 1591/1300/1234
f 1627/1196/1132 1708/1301/1235 1591/1300/1234
f 1590/1197/1133 1627/1196/1132 1591/1300/1234
f 1588/1209/1143 1617/1198/1134 1590/1197/1133
f 1627/1196/1132 1686/1195/1131 1708/1301/1235
f 1712/1302/1236 1708/1301/1235 1686/1195/1131
f 1712/1302/1236 1686/1195/1131 1685/1303/1237
f 1713/1304/1238 1712/1302/1236 1685/1303/1237
f 1686/1195/1131 1683/1305/1239 1685/1303/1237
f 1683/1305/1239 1686/1195/1131 1684/1095/1037
f 1683/1305/1239 1684/1095/1037 1603/1094/1036
f 1683/1305/1239 1603/1094/1036 1601/1306/1240
f 1601/1306/1240 1603/1094/1036 1602/1087/1029
f 1601/1306/1240 1682/1307/1241 1683/1305/1239
f 1682/1307/1241 1685/1303/1237 1683/1305/1239
f 1685/1303/1237 1682/1307/1241 1641/1308/1242
f 1713/1304/1238 1685/1303/1237 1641/1308/1242
f 1711/1309/1243 1713/1304/1238 1641/1308/1242
f 1711/1309/1243 1641/1308/1242 1642/1310/1244
f 1710/1311/1245 1711/1309/1243 1642/1310/1244
f 1709/1312/1246 1710/1311/1245 1642/1310/1244
f 1616/1297/1231 1709/1312/1246 1642/1310/1244
f 1707/1298/1232 1709/1312/1246 1616/1297/1231
f 1642/1310/1244 1638/1313/1247 1616/1297/1231
f 1616/1297/1231 1638/1313/1247 1585/1294/1228
f 1642/1310/1244 1639/1314/1248 1638/1313/1247
f 1642/1310/1244 1641/1308/1242 1639/1314/1248
f 1639/1314/1248 1641/1308/1242 1640/1315/1249
f 1682/1307/1241 1673/1316/1250 1641/1308/1242
f 1640/1315/1249 1641/1308/1242 1673/1316/1250
f 1682/1307/1241 1601/1306/1240 1673/1316/1250
f 1673/1316/1250 1600/1317/1251 1640/1315/1249
f 1601/1306/1240 1600/1317/1251 1673/1316/1250
f 1600/1317/1251 1601/1306/1240 1599/1318/1252
f 1599/1318/1252 1601/1306/1240 1602/1087/1029
f 1599/1318/1252 1602/1087/1029 1605/1319/1253
f 1605/1319/1253 1602/1087/1029 1612/1083/1025
f 1605/1319/1253 1612/1083/1025 1594/1082/1024
f 1604/1320/1254 1605/1319/1253 1594/1082/1024
f 1604/1320/1254 1599/1318/1252 1605/1319/1253
f 1599/1318/1252 1604/1320/1254 1598/1321/1255
f 1573/1322/1256 1599/1318/1252 1598/1321/1255
f 1600/1317/1251 1599/1318/1252 1573/1322/1256
f 1598/1321/1255 1018/1323/1257 1573/1322/1256
f 1604/1320/1254 1018/1323/1257 1598/1321/1255
f 1604/1320/1254 1595/1324/1258 1018/1323/1257
f 1595/1324/1258 1604/1320/1254 1594/1082/1024
f 1595/1324/1258 1594/1082/1024 1062/1081/1023
f 1116/1325/1259 1595/1324/1258 1062/1081/1023
f 1596/1326/1260 1595/1324/1258 1116/1325/1259
f 1018/1323/1257 1595/1324/1258 1596/1326/1260
f 1018/1323/1257 1596/1326/1260 1020/1327/1261
f 1018/1323/1257 1020/1327/1261 1019/1328/1262
f 1018/1323/1257 1019/1328/1262 1573/1322/1256
f 1573/1322/1256 1572/1329/1263 1574/1330/1264
f 1573/1322/1256 1019/1328/1262 1572/1329/1263
f 1574/1330/1264 1600/1317/1251 1573/1322/1256
f 1600/1317/1251 1574/1330/1264 1579/1331/1265
f 1640/1315/1249 1600/1317/1251 1579/1331/1265
f 1639/1314/1248 1640/1315/1249 1579/1331/1265
f 1639/1314/1248 1581/1332/1266 1638/1313/1247
f 1581/1332/1266 1639/1314/1248 1579/1331/1265
f 1638/1313/1247 1583/1333/1267 1585/1294/1228
f 1583/1333/1267 1638/1313/1247 1581/1332/1266
f 1583/1333/1267 1581/1332/1266 1580/1334/1268
f 1580/1334/1268 1581/1332/1266 1570/1335/1269
f 1581/1332/1266 1579/1331/1265 1570/1335/1269
f 1570/1335/1269 1579/1331/1265 1574/1330/1264
f 1571/1336/1270 1570/1335/1269 1574/1330/1264
f 1572/1329/1263 1571/1336/1270 1574/1330/1264
f 1570/1335/1269 1571/1336/1270 1569/1337/1271
f 1571/1336/1270 1572/1329/1263 1459/1338/1272
f 1571/1336/1270 1459/1338/1272 1569/1337/1271
f 1572/1329/1263 1458/1339/1273 1459/1338/1272
f 1459/1338/1272 1457/1340/1274 1569/1337/1271
f 1459/1338/1272 1458/1339/1273 1457/1340/1274
f 1450/1341/1275 1458/1339/1273 1447/1342/1276
f 1458/1339/1273 1450/1341/1275 1457/1340/1274
f 1458/1339/1273 1572/1329/1263 1447/1342/1276
f 1572/1329/1263 1021/1343/1277 1447/1342/1276
f 1019/1328/1262 1021/1343/1277 1572/1329/1263
f 1020/1327/1261 1021/1343/1277 1019/1328/1262
f 1021/1343/1277 1020/1327/1261 1449/1344/1278
f 1020/1327/1261 1596/1326/1260 1597/1345/1279
f 1449/1344/1278 1020/1327/1261 1597/1345/1279
f 1596/1326/1260 1024/1346/1280 1597/1345/1279
f 1116/1325/1259 1025/1347/1281 1596/1326/1260
f 1596/1326/1260 1025/1347/1281 1024/1346/1280
f 1116/1325/1259 1062/1081/1023 1041/1348/1282
f 1025/1347/1281 1116/1325/1259 1041/1348/1282
f 1062/1081/1023 1043/1080/1022 1041/1348/1282
f 1023/1349/1283 1041/1348/1282 1040/1350/1284
f 1040/1350/1284 1041/1348/1282 1043/1080/1022
f 1023/1349/1283 1025/1347/1281 1041/1348/1282
f 1024/1346/1280 1025/1347/1281 1023/1349/1283
f 1022/1351/1285 1024/1346/1280 1023/1349/1283
f 1022/1351/1285 1023/1349/1283 1040/1350/1284
f 1022/1351/1285 1026/1352/1286 1024/1346/1280
f 1597/1345/1279 1024/1346/1280 1027/1353/1287
f 1026/1352/1286 1027/1353/1287 1024/1346/1280
f 1027/1353/1287 1428/1354/1288 1597/1345/1279
f 1449/1344/1278 1597/1345/1279 1428/1354/1288
f 1027/1353/1287 1388/1355/1289 1428/1354/1288
f 1033/1356/1290 1034/1357/1291 1027/1353/1287
f 1388/1355/1289 1027/1353/1287 1034/1357/1291
f 1027/1353/1287 1026/1352/1286 1033/1356/1290
f 1033/1356/1290 1026/1352/1286 1038/1358/1292
f 1026/1352/1286 1022/1351/1285 1039/1359/1293
f 1026/1352/1286 1039/1359/1293 1038/1358/1292
f 1022/1351/1285 1040/1350/1284 1039/1359/1293
f 1039/1359/1293 1050/1360/1294 1038/1358/1292
f 1040/1350/1284 1047/1361/1295 1039/1359/1293
f 1050/1360/1294 1039/1359/1293 1047/1361/1295
f 1040/1350/1284 1049/1362/1296 1047/1361/1295
f 1049/1362/1296 1050/1360/1294 1047/1361/1295
f 1040/1350/1284 1042/1363/1297 1049/1362/1296
f 1042/1363/1297 1040/1350/1284 1043/1080/1022
f 1063/1072/1014 1042/1363/1297 1043/1080/1022
f 1059/1073/1015 1063/1072/1014 1043/1080/1022
f 1042/1363/1297 1053/1364/1298 1049/1362/1296
f 1042/1363/1297 1063/1072/1014 1053/1364/1298
f 1063/1072/1014 1067/1071/1013 1053/1364/1298
f 1049/1362/1296 1053/1364/1298 1048/1365/1299
f 1067/1071/1013 1052/1366/1300 1053/1364/1298
f 1053/1364/1298 1052/1366/1300 1048/1365/1299
f 1067/1071/1013 1066/1367/1301 1052/1366/1300
f 1077/1070/1012 1066/1367/1301 1067/1071/1013
f 1066/1367/1301 1058/1368/1302 1052/1366/1300
f 1066/1367/1301 1077/1070/1012 1058/1368/1302
f 1058/1368/1302 1044/1369/1303 1052/1366/1300
f 1052/1366/1300 1044/1369/1303 1048/1365/1299
f 1058/1368/1302 1045/1370/1304 1044/1369/1303
f 1044/1369/1303 1035/1371/1305 1048/1365/1299
f 1044/1369/1303 1045/1370/1304 1035/1371/1305
f 1048/1365/1299 1035/1371/1305 1046/1372/1306
f 1051/1373/1307 1048/1365/1299 1046/1372/1306
f 1049/1362/1296 1048/1365/1299 1051/1373/1307
f 1050/1360/1294 1049/1362/1296 1051/1373/1307
f 1051/1373/1307 1038/1358/1292 1050/1360/1294
f 1038/1358/1292 1051/1373/1307 1037/1374/1308
f 1037/1374/1308 1051/1373/1307 1046/1372/1306
f 1037/1374/1308 1046/1372/1306 1035/1371/1305
f 1037/1374/1308 1035/1371/1305 1029/1375/1309
f 1031/1376/1310 1037/1374/1308 1029/1375/1309
f 1038/1358/1292 1037/1374/1308 1031/1376/1310
f 1033/1356/1290 1038/1358/1292 1031/1376/1310
f 1032/1377/1311 1033/1356/1290 1031/1376/1310
f 1032/1377/1311 1034/1357/1291 1033/1356/1290
f 1031/1376/1310 1030/1378/1312 1032/1377/1311
f 1031/1376/1310 1029/1375/1309 1030/1378/1312
f 1028/1379/1313 1030/1378/1312 1029/1375/1309
f 1029/1375/1309 1035/1371/1305 1028/1379/1313
f 1035/1371/1305 1036/1380/1314 1028/1379/1313
f 1045/1370/1304 1036/1380/1314 1035/1371/1305
f 1036/1380/1314 1385/1381/1315 1028/1379/1313
f 1030/1378/1312 1028/1379/1313 1385/1381/1315
f 1390/1382/1316 1030/1378/1312 1385/1381/1315
f 1030/1378/1312 1390/1382/1316 1386/1383/1317
f 1030/1378/1312 1386/1383/1317 1032/1377/1311
f 1032/1377/1311 1389/1384/1318 1034/1357/1291
f 1386/1383/1317 1424/1385/1319 1032/1377/1311
f 1389/1384/1318 1032/1377/1311 1424/1385/1319
f 1386/1383/1317 1391/1386/1320 1424/1385/1319
f 1390/1382/1316 1391/1386/1320 1386/1383/1317
f 1392/1387/1321 1393/1388/1322 1390/1382/1316
f 1390/1382/1316 1393/1388/1322 1391/1386/1320
f 1390/1382/1316 1385/1381/1315 1392/1387/1321
f 1384/1389/1290 1392/1387/1321 1385/1381/1315
f 1385/1381/1315 1171/1390/1323 1384/1389/1290
f 1171/1390/1323 1385/1381/1315 1036/1380/1314
f 1045/1370/1304 1057/1391/1324 1036/1380/1314
f 1171/1390/1323 1036/1380/1314 1115/1392/1325
f 1057/1391/1324 1115/1392/1325 1036/1380/1314
f 1171/1390/1323 1174/1393/1326 1175/1394/1327
f 1171/1390/1323 1115/1392/1325 1174/1393/1326
f 1175/1394/1327 1384/1389/1290 1171/1390/1323
f 1384/1389/1290 1175/1394/1327 1383/1395/1328
f 1176/1396/1329 1175/1394/1327 1174/1393/1326
f 1383/1395/1328 1175/1394/1327 1176/1396/1329
f 1382/1397/1330 1383/1395/1328 1176/1396/1329
f 1382/1397/1330 1176/1396/1329 1177/1398/1331
f 1381/1399/1332 1382/1397/1330 1177/1398/1331
f 1176/1396/1329 1173/1400/1333 1177/1398/1331
f 1173/1400/1333 1176/1396/1329 1174/1393/1326
f 1173/1400/1333 1172/1401/1016 1177/1398/1331
f 1172/1401/1016 1173/1400/1333 1168/1402/1334
f 1173/1400/1333 1169/1403/1335 1168/1402/1334
f 1173/1400/1333 1174/1393/1326 1169/1403/1335
f 1174/1393/1326 1170/1404/1336 1169/1403/1335
f 1174/1393/1326 1115/1392/1325 1170/1404/1336
f 1115/1392/1325 1057/1391/1324 1170/1404/1336
f 1054/1405/1337 1057/1391/1324 1045/1370/1304
f 1170/1404/1336 1057/1391/1324 1054/1405/1337
f 1167/1406/1338 1170/1404/1336 1054/1405/1337
f 1169/1403/1335 1170/1404/1336 1167/1406/1338
f 1166/1407/1339 1169/1403/1335 1167/1406/1338
f 1168/1402/1334 1169/1403/1335 1166/1407/1339
f 1165/1408/1340 1168/1402/1334 1166/1407/1339
f 1165/1408/1340 1166/1407/1339 1124/1409/1341
f 1127/1410/1342 1165/1408/1340 1124/1409/1341
f 1126/1411/1343 1127/1410/1342 1124/1409/1341
f 1125/1412/1344 1126/1411/1343 1124/1409/1341
f 1123/1413/1345 1125/1412/1344 1124/1409/1341
f 1124/1409/1341 1166/1407/1339 1123/1413/1345
f 1166/1407/1339 1167/1406/1338 1123/1413/1345
f 1123/1413/1345 1167/1406/1338 1118/1414/1346
f 1167/1406/1338 1054/1405/1337 1118/1414/1346
f 1118/1414/1346 1122/1415/1347 1123/1413/1345
f 1122/1415/1347 1125/1412/1344 1123/1413/1345
f 1118/1414/1346 1121/1416/1348 1122/1415/1347
f 1122/1415/1347 1138/1417/1349 1125/1412/1344
f 1138/1417/1349 1122/1415/1347 1121/1416/1348
f 1138/1417/1349 1139/1418/1350 1125/1412/1344
f 1125/1412/1344 1139/1418/1350 1126/1411/1343
f 1139/1418/1350 1140/1419/1351 1126/1411/1343
f 1139/1418/1350 1154/1420/1352 1140/1419/1351
f 1154/1420/1352 1164/1421/1353 1140/1419/1351
f 1139/1418/1350 1149/1422/1354 1154/1420/1352
f 1138/1417/1349 1149/1422/1354 1139/1418/1350
f 1121/1416/1348 1137/1423/1355 1138/1417/1349
f 1149/1422/1354 1138/1417/1349 1137/1423/1355
f 1121/1416/1348 1119/1424/1356 1137/1423/1355
f 1119/1424/1356 1121/1416/1348 1118/1414/1346
f 1117/1425/1357 1119/1424/1356 1118/1414/1346
f 1117/1425/1357 1118/1414/1346 1054/1405/1337
f 1056/1426/1358 1117/1425/1357 1054/1405/1337
f 1055/1427/1004 1056/1426/1358 1054/1405/1337
f 1045/1370/1304 1055/1427/1004 1054/1405/1337
f 1058/1368/1302 1055/1427/1004 1045/1370/1304
f 1058/1368/1302 1064/1428/1359 1055/1427/1004
f 1055/1427/1004 1064/1428/1359 1056/1426/1358
f 1058/1368/1302 1077/1070/1012 1064/1428/1359
f 1082/1069/1011 1064/1428/1359 1077/1070/1012
f 1082/1069/1011 1083/1429/1360 1064/1428/1359
f 1056/1426/1358 1064/1428/1359 1083/1429/1360
f 1082/1069/1011 1090/1001/947 1083/1429/1360
f 1090/1001/947 1068/992/939 1083/1429/1360
f 1068/992/939 1056/1426/1358 1083/1429/1360
f 1068/992/939 1180/991/938 1056/1426/1358
f 1056/1426/1358 1180/991/938 1117/1425/1357
f 1129/1430/1361 1180/991/938 1131/990/937
f 1180/991/938 1129/1430/1361 1117/1425/1357
f 1128/1431/1362 1120/1432/1363 1117/1425/1357
f 1128/1431/1362 1117/1425/1357 1129/1430/1361
f 1120/1432/1363 1119/1424/1356 1117/1425/1357
f 1129/1430/1361 1131/990/937 1130/1433/1364
f 1130/1433/1364 1128/1431/1362 1129/1430/1361
f 1134/1434/1365 1128/1431/1362 1130/1433/1364
f 1128/1431/1362 1134/1434/1365 1120/1432/1363
f 1134/1434/1365 1135/1435/1366 1120/1432/1363
f 1120/1432/1363 1135/1435/1366 1119/1424/1356
f 1135/1435/1366 1136/1436/1367 1119/1424/1356
f 1136/1436/1367 1137/1423/1355 1119/1424/1356
f 1150/1437/1368 1137/1423/1355 1136/1436/1367
f 1150/1437/1368 1149/1422/1354 1137/1423/1355
f 1136/1436/1367 1163/1438/1369 1150/1437/1368
f 1150/1437/1368 1148/1439/1370 1149/1422/1354
f 1148/1439/1370 1150/1437/1368 1163/1438/1369
f 1148/1439/1370 1147/1440/1371 1149/1422/1354
f 1149/1422/1354 1147/1440/1371 1154/1420/1352
f 1154/1420/1352 1147/1440/1371 1164/1421/1353
f 1147/1440/1371 1162/1441/1372 1164/1421/1353
f 1162/1441/1372 1147/1440/1371 1155/1442/1373
f 1147/1440/1371 1151/1443/1347 1155/1442/1373
f 1151/1443/1347 1147/1440/1371 1148/1439/1370
f 1151/1443/1347 1156/1444/409 1155/1442/1373
f 1151/1443/1347 1148/1439/1370 1152/1445/1374
f 1151/1443/1347 1152/1445/1374 1156/1444/409
f 1148/1439/1370 1153/1446/1375 1152/1445/1374
f 1153/1446/1375 1148/1439/1370 1163/1438/1369
f 1153/1446/1375 1144/1447/1376 1152/1445/1374
f 1144/1447/1376 1153/1446/1375 1163/1438/1369
f 1143/1448/1377 1144/1447/1376 1163/1438/1369
f 1143/1448/1377 1163/1438/1369 1136/1436/1367
f 1135/1435/1366 1143/1448/1377 1136/1436/1367
f 1134/1434/1365 1145/1449/1378 1135/1435/1366
f 1145/1449/1378 1143/1448/1377 1135/1435/1366
f 1143/1448/1377 1145/1449/1378 1144/1447/1376
f 1146/1450/1379 1144/1447/1376 1145/1449/1378
f 1161/1451/1380 1144/1447/1376 1146/1450/1379
f 1161/1451/1380 1152/1445/1374 1144/1447/1376
f 1156/1444/409 1152/1445/1374 1161/1451/1380
f 1160/1452/1381 1156/1444/409 1161/1451/1380
f 1160/1452/1381 1161/1451/1380 1146/1450/1379
f 1157/1453/1382 1160/1452/1381 1146/1450/1379
f 1157/1453/1382 1146/1450/1379 1158/1454/1383
f 1146/1450/1379 1159/1455/1384 1158/1454/1383
f 1159/1455/1384 1146/1450/1379 1145/1449/1378
f 1159/1455/1384 1141/1456/1385 1158/1454/1383
f 1159/1455/1384 1142/1457/1386 1141/1456/1385
f 1159/1455/1384 1145/1449/1378 1142/1457/1386
f 1145/1449/1378 1134/1434/1365 1142/1457/1386
f 1142/1457/1386 1134/1434/1365 1130/1433/1364
f 1142/1457/1386 1130/1433/1364 1133/1458/1387
f 1141/1456/1385 1142/1457/1386 1133/1458/1387
f 1130/1433/1364 1131/990/937 1133/1458/1387
f 1132/988/935 1133/1458/1387 1131/990/937
f 1204/1459/1388 1205/1460/1389 1203/1461/1390
f 1202/1462/1391 1204/1459/1388 1203/1461/1390
f 1230/1463/930 1204/1459/1388 1202/1462/1391
f 1203/1461/1390 1223/1464/1392 1202/1462/1391
f 1224/1465/1393 1223/1464/1392 1203/1461/1390
f 1223/1464/1392 1224/1465/1393 1222/1466/1394
f 1221/1467/1395 1223/1464/1392 1222/1466/1394
f 1221/1467/1395 1222/1466/1394 1193/1468/1396
f 1221/1467/1395 1233/1469/1397 1223/1464/1392
f 1223/1464/1392 1232/1470/1398 1202/1462/1391
f 1233/1469/1397 1232/1470/1398 1223/1464/1392
f 1202/1462/1391 1229/1471/1399 1230/1463/930
f 1232/1470/1398 1229/1471/1399 1202/1462/1391
f 1232/1470/1398 1233/1469/1397 1843/1472/1400
f 1232/1470/1398 1843/1472/1400 1229/1471/1399
f 1843/1472/1400 1842/1473/1401 1229/1471/1399
f 1229/1471/1399 1842/1473/1401 1230/1463/930
f 1842/1473/1401 1845/1474/1402 1230/1463/930
f 1842/1473/1401 1288/1475/1403 1845/1474/1402
f 1288/1475/1403 1287/1476/925 1845/1474/1402
f 1287/1476/925 1288/1475/1403 1285/1477/1404
f 1288/1475/1403 1286/1478/1405 1285/1477/1404
f 1286/1478/1405 1288/1475/1403 1299/1479/1406
f 1288/1475/1403 1842/1473/1401 1302/1480/1407
f 1288/1475/1403 1302/1480/1407 1299/1479/1406
f 1842/1473/1401 1843/1472/1400 1302/1480/1407
f 1233/1469/1397 1844/1481/1408 1843/1472/1400
f 1843/1472/1400 1304/1482/1409 1302/1480/1407
f 1304/1482/1409 1843/1472/1400 1844/1481/1408
f 1304/1482/1409 1303/1483/1410 1302/1480/1407
f 1299/1479/1406 1302/1480/1407 1303/1483/1410
f 1304/1482/1409 1305/1484/1411 1303/1483/1410
f 1304/1482/1409 1306/1485/1412 1305/1484/1411
f 1306/1485/1412 1304/1482/1409 1844/1481/1408
f 1306/1485/1412 1312/1486/1413 1305/1484/1411
f 1306/1485/1412 1313/1487/1414 1312/1486/1413
f 1312/1486/1413 1313/1487/1414 1316/1488/1415
f 1306/1485/1412 1831/1489/1416 1313/1487/1414
f 1306/1485/1412 1844/1481/1408 1831/1489/1416
f 1831/1489/1416 1844/1481/1408 1234/1490/1417
f 1844/1481/1408 1233/1469/1397 1234/1490/1417
f 1234/1490/1417 1233/1469/1397 1221/1467/1395
f 1235/1491/1418 1234/1490/1417 1221/1467/1395
f 1831/1489/1416 1234/1490/1417 1235/1491/1418
f 1221/1467/1395 1215/1492/1419 1235/1491/1418
f 1215/1492/1419 1221/1467/1395 1193/1468/1396
f 1215/1492/1419 1236/1493/1420 1235/1491/1418
f 1235/1491/1418 1236/1493/1420 1830/1494/1421
f 1830/1494/1421 1831/1489/1416 1235/1491/1418
f 1830/1494/1421 1317/1495/1422 1831/1489/1416
f 1317/1495/1422 1313/1487/1414 1831/1489/1416
f 1313/1487/1414 1317/1495/1422 1316/1488/1415
f 1317/1495/1422 1318/1496/1423 1316/1488/1415
f 1318/1496/1423 1317/1495/1422 1830/1494/1421
f 1318/1496/1423 1319/1497/1424 1316/1488/1415
f 1318/1496/1423 1352/1498/1425 1319/1497/1424
f 1318/1496/1423 1829/1499/1426 1352/1498/1425
f 1829/1499/1426 1318/1496/1423 1830/1494/1421
f 1236/1493/1420 1829/1499/1426 1830/1494/1421
f 1828/1500/1427 1829/1499/1426 1236/1493/1420
f 1829/1499/1426 1828/1500/1427 1352/1498/1425
f 1236/1493/1420 1215/1492/1419 1242/1501/1428
f 1242/1501/1428 1828/1500/1427 1236/1493/1420
f 1215/1492/1419 1214/1502/1429 1242/1501/1428
f 1214/1502/1429 1215/1492/1419 1193/1468/1396
f 1214/1502/1429 1247/1503/1430 1242/1501/1428
f 1827/1504/1099 1828/1500/1427 1242/1501/1428
f 1247/1503/1430 1827/1504/1099 1242/1501/1428
f 1827/1504/1099 1836/1505/1101 1828/1500/1427
f 1352/1498/1425 1351/1506/1431 1319/1497/1424
f 1319/1497/1424 1351/1506/1431 1349/1507/1432
f 1348/1508/1433 1319/1497/1424 1349/1507/1432
f 1246/1509/1097 1247/1503/1430 1214/1502/1429
f 1216/1510/1098 1246/1509/1097 1214/1502/1429
f 1216/1510/1098 1214/1502/1429 1192/1511/1434
f 1195/1512/1435 1214/1502/1429 1193/1468/1396
f 1214/1502/1429 1195/1512/1435 1192/1511/1434
f 1193/1468/1396 1191/1513/1436 1195/1512/1435
f 1192/1511/1434 1195/1512/1435 1191/1513/1436
f 1193/1468/1396 1194/1514/1394 1191/1513/1436
f 1194/1514/1394 1197/1515/1437 1191/1513/1436
f 1197/1515/1437 1199/1516/1390 1191/1513/1436
f 1199/1516/1390 1201/1517/1389 1191/1513/1436
f 1201/1517/1389 1200/1518/967 1191/1513/1436
f 1200/1518/967 1198/1519/1438 1191/1513/1436
f 1198/1519/1438 1196/1520/1439 1191/1513/1436
f 1190/1521/1440 1192/1511/1434 1191/1513/1436
f 1196/1520/1439 1190/1521/1440 1191/1513/1436
f 1192/1511/1434 1225/1522/1441 1226/1523/1442
f 1226/1523/1442 1216/1510/1098 1192/1511/1434
f 1240/1524/1443 1216/1510/1098 1226/1523/1442
f 1240/1524/1443 1241/1525/1080 1216/1510/1098
f 1206/1526/967 1208/1133/965 1207/1527/1444
f 1208/1133/965 1209/1132/1070 1207/1527/1444
f 1209/1132/1070 1219/1528/1445 1207/1527/1444
f 1219/1528/1445 1217/1529/1439 1207/1527/1444
f 1209/1132/1070 1231/1134/701 1219/1528/1445
f 1217/1529/1439 1219/1528/1445 1218/1530/1440
f 1231/1134/701 1237/1135/1071 1219/1528/1445
f 1219/1528/1445 1220/1141/1077 1218/1530/1440
f 1237/1135/1071 1220/1141/1077 1219/1528/1445
f 1270/1531/1446 1272/1532/1447 1271/1533/1448
f 1270/1531/1446 1280/1534/941 1272/1532/1447
f 1280/1534/941 1276/1535/1449 1272/1532/1447
f 1276/1535/1449 1280/1534/941 1282/1536/927
f 1276/1535/1449 1275/1537/1450 1272/1532/1447
f 1272/1532/1447 1275/1537/1450 1274/1538/1451
f 1276/1535/1449 1282/1536/927 1281/1539/1452
f 1282/1536/927 1285/1477/1404 1281/1539/1452
f 1285/1477/1404 1286/1478/1405 1281/1539/1452
f 1281/1539/1452 1286/1478/1405 1299/1479/1406
f 1298/1540/1453 1281/1539/1452 1299/1479/1406
f 1281/1539/1452 1298/1540/1453 1300/1541/1454
f 1298/1540/1453 1301/1542/1455 1300/1541/1454
f 1273/1543/1456 1268/1544/1451 1266/1545/1448
f 1266/1545/1448 1268/1544/1451 1267/1546/933
f 1268/1544/1451 1269/1547/1457 1267/1546/933
f 1291/1548/1458 1269/1547/1457 1268/1544/1451
f 1290/1549/1459 1291/1548/1458 1268/1544/1451
f 1290/1549/1459 1268/1544/1451 1278/1550/1450
f 1290/1549/1459 1327/1551/1460 1291/1548/1458
f 1325/1552/1461 1327/1551/1460 1290/1549/1459
f 1328/1267/1201 1327/1551/1460 1325/1552/1461
f 1326/1264/1198 1328/1267/1201 1325/1552/1461
f 1326/1264/1198 1325/1552/1461 1323/1553/1462
f 1323/1553/1462 1325/1552/1461 1290/1549/1459
f 1289/1554/1463 1323/1553/1462 1290/1549/1459
f 1289/1554/1463 1290/1549/1459 1278/1550/1450
f 1292/1555/1464 1289/1554/1463 1278/1550/1450
f 1279/1556/1465 1292/1555/1464 1278/1550/1450
f 1277/1557/1449 1279/1556/1465 1278/1550/1450
f 1283/1558/1452 1284/1559/1454 1277/1557/1449
f 1284/1559/1454 1279/1556/1465 1277/1557/1449
f 1284/1559/1454 1293/1560/1466 1279/1556/1465
f 1293/1560/1466 1292/1555/1464 1279/1556/1465
f 1293/1560/1466 1309/1561/1467 1292/1555/1464
f 1292/1555/1464 1307/1562/1468 1289/1554/1463
f 1309/1561/1467 1307/1562/1468 1292/1555/1464
f 1307/1562/1468 1308/1563/1469 1289/1554/1463
f 1323/1553/1462 1289/1554/1463 1308/1563/1469
f 1307/1562/1468 1322/1564/1470 1308/1563/1469
f 1308/1563/1469 1322/1564/1470 1323/1553/1462
f 1322/1564/1470 1324/1565/1471 1323/1553/1462
f 1324/1565/1471 1326/1264/1198 1323/1553/1462
f 1462/1260/1194 1326/1264/1198 1324/1565/1471
f 1461/1566/1472 1462/1260/1194 1324/1565/1471
f 1465/1259/1193 1462/1260/1194 1461/1566/1472
f 1324/1565/1471 1460/1567/1473 1461/1566/1472
f 1322/1564/1470 1460/1567/1473 1324/1565/1471
f 1307/1562/1468 1321/1568/1474 1322/1564/1470
f 1460/1567/1473 1322/1564/1470 1357/1569/1475
f 1322/1564/1470 1321/1568/1474 1357/1569/1475
f 1357/1569/1475 1463/1570/1476 1460/1567/1473
f 1461/1566/1472 1460/1567/1473 1463/1570/1476
f 1464/1571/1477 1461/1566/1472 1463/1570/1476
f 1464/1571/1477 1465/1259/1193 1461/1566/1472
f 1465/1259/1193 1464/1571/1477 1371/1572/1478
f 1371/1572/1478 1375/1238/1172 1465/1259/1193
f 1464/1571/1477 1367/1573/1479 1371/1572/1478
f 1367/1573/1479 1464/1571/1477 1463/1570/1476
f 1367/1573/1479 1368/1574/1480 1371/1572/1478
f 1375/1238/1172 1371/1572/1478 1368/1574/1480
f 1374/1236/1170 1375/1238/1172 1368/1574/1480
f 1374/1236/1170 1368/1574/1480 1369/1233/1167
f 1365/1575/1481 1369/1233/1167 1368/1574/1480
f 1370/1232/1166 1369/1233/1167 1365/1575/1481
f 1368/1574/1480 1366/1576/1482 1365/1575/1481
f 1366/1576/1482 1368/1574/1480 1367/1573/1479
f 1367/1573/1479 1362/1577/1483 1366/1576/1482
f 1362/1577/1483 1367/1573/1479 1463/1570/1476
f 1362/1577/1483 1463/1570/1476 1358/1578/1484
f 1358/1578/1484 1463/1570/1476 1357/1569/1475
f 1358/1578/1484 1360/1579/1485 1362/1577/1483
f 1362/1577/1483 1360/1579/1485 1366/1576/1482
f 1365/1575/1481 1366/1576/1482 1361/1580/1486
f 1366/1576/1482 1360/1579/1485 1361/1580/1486
f 1365/1575/1481 1361/1580/1486 1363/1581/1487
f 1364/1582/1488 1365/1575/1481 1363/1581/1487
f 1364/1582/1488 1370/1232/1166 1365/1575/1481
f 1364/1582/1488 1664/1231/1165 1370/1232/1166
f 1364/1582/1488 1363/1581/1487 1664/1231/1165
f 1665/1583/1489 1660/1230/1164 1664/1231/1165
f 1363/1581/1487 1665/1583/1489 1664/1231/1165
f 1361/1580/1486 1359/1584/1490 1363/1581/1487
f 1359/1584/1490 1665/1583/1489 1363/1581/1487
f 1361/1580/1486 1345/1585/1491 1359/1584/1490
f 1345/1585/1491 1361/1580/1486 1360/1579/1485
f 1356/1586/1492 1345/1585/1491 1360/1579/1485
f 1358/1578/1484 1356/1586/1492 1360/1579/1485
f 1345/1585/1491 1338/1587/1493 1344/1588/1494
f 1345/1585/1491 1356/1586/1492 1338/1587/1493
f 1344/1588/1494 1359/1584/1490 1345/1585/1491
f 1344/1588/1494 1790/1589/1495 1359/1584/1490
f 1359/1584/1490 1661/1590/1496 1665/1583/1489
f 1790/1589/1495 1661/1590/1496 1359/1584/1490
f 1661/1590/1496 1660/1230/1164 1665/1583/1489
f 1660/1230/1164 1661/1590/1496 1649/1229/1163
f 1649/1229/1163 1655/1591/1497 1651/1204/1140
f 1661/1590/1496 1655/1591/1497 1649/1229/1163
f 1655/1591/1497 1656/1592/1498 1651/1204/1140
f 1656/1592/1498 1657/1171/1107 1651/1204/1140
f 1655/1591/1497 1666/1170/1106 1656/1592/1498
f 1657/1171/1107 1656/1592/1498 1666/1170/1106
f 1655/1591/1497 1661/1590/1496 1666/1170/1106
f 1790/1589/1495 1791/1169/1105 1661/1590/1496
f 1791/1169/1105 1666/1170/1106 1661/1590/1496
f 1790/1589/1495 1347/1168/1104 1791/1169/1105
f 1347/1168/1104 1790/1589/1495 1344/1588/1494
f 1344/1588/1494 1341/1593/1499 1347/1168/1104
f 1341/1593/1499 1344/1588/1494 1338/1587/1493
f 1341/1593/1499 1346/1167/1103 1347/1168/1104
f 1342/1594/1500 1346/1167/1103 1341/1593/1499
f 1353/1166/1102 1346/1167/1103 1342/1594/1500
f 1341/1593/1499 1333/1595/1501 1342/1594/1500
f 1333/1595/1501 1341/1593/1499 1338/1587/1493
f 1332/1596/1502 1333/1595/1501 1338/1587/1493
f 1338/1587/1493 1339/1597/1503 1332/1596/1502
f 1356/1586/1492 1339/1597/1503 1338/1587/1493
f 1339/1597/1503 1356/1586/1492 1350/1598/1504
f 1356/1586/1492 1358/1578/1484 1350/1598/1504
f 1350/1598/1504 1358/1578/1484 1331/1599/1505
f 1358/1578/1484 1357/1569/1475 1331/1599/1505
f 1331/1599/1505 1330/1600/1506 1350/1598/1504
f 1357/1569/1475 1320/1601/1507 1331/1599/1505
f 1330/1600/1506 1331/1599/1505 1320/1601/1507
f 1357/1569/1475 1321/1568/1474 1320/1601/1507
f 1320/1601/1507 1321/1568/1474 1309/1561/1467
f 1321/1568/1474 1307/1562/1468 1309/1561/1467
f 1320/1601/1507 1309/1561/1467 1314/1602/1508
f 1314/1602/1508 1330/1600/1506 1320/1601/1507
f 1309/1561/1467 1310/1603/1509 1314/1602/1508
f 1310/1603/1509 1309/1561/1467 1293/1560/1466
f 1295/1604/1453 1310/1603/1509 1293/1560/1466
f 1295/1604/1453 1297/1605/1411 1310/1603/1509
f 1310/1603/1509 1311/1606/1510 1314/1602/1508
f 1297/1605/1411 1311/1606/1510 1310/1603/1509
f 1311/1606/1510 1315/1607/1511 1314/1602/1508
f 1330/1600/1506 1314/1602/1508 1315/1607/1511
f 1329/1608/1424 1330/1600/1506 1315/1607/1511
f 1329/1608/1424 1340/1609/1433 1330/1600/1506
f 1340/1609/1433 1350/1598/1504 1330/1600/1506
f 1340/1609/1433 1339/1597/1503 1350/1598/1504
f 1340/1609/1433 1336/1610/1512 1339/1597/1503
f 1339/1597/1503 1337/1611/1513 1332/1596/1502
f 1336/1610/1512 1337/1611/1513 1339/1597/1503
f 1332/1596/1502 1334/1612/1514 1333/1595/1501
f 1332/1596/1502 1337/1611/1513 1334/1612/1514
f 1333/1595/1501 1334/1612/1514 1336/1610/1512
f 1342/1594/1500 1333/1595/1501 1336/1610/1512
f 1334/1612/1514 1335/1613/1515 1336/1610/1512
f 1337/1611/1513 1335/1613/1515 1334/1612/1514
f 1335/1613/1515 1337/1611/1513 1336/1610/1512
f 1343/1614/1432 1336/1610/1512 1340/1609/1433
f 1343/1614/1432 1342/1594/1500 1336/1610/1512
f 1354/1615/1516 1342/1594/1500 1343/1614/1432
f 1354/1615/1516 1353/1166/1102 1342/1594/1500
f 1343/1614/1432 1355/1616/1431 1354/1615/1516
f 1354/1615/1516 1815/1165/1101 1353/1166/1102
f 1355/1616/1431 1814/1617/1517 1354/1615/1516
f 1814/1617/1517 1815/1165/1101 1354/1615/1516
f 1815/1165/1101 1814/1617/1517 1837/1618/1518
f 1296/1619/1519 1297/1605/1411 1295/1604/1453
f 1294/1620/1406 1296/1619/1519 1295/1604/1453
f 1393/1388/1322 1394/1621/1520 1391/1386/1320
f 1394/1621/1520 1432/1622/1521 1391/1386/1320
f 1432/1622/1521 1424/1385/1319 1391/1386/1320
f 1424/1385/1319 1432/1622/1521 1431/1623/1522
f 1425/1624/1523 1424/1385/1319 1431/1623/1522
f 1425/1624/1523 1431/1623/1522 1430/1625/1524
f 1425/1624/1523 1389/1384/1318 1424/1385/1319
f 1425/1624/1523 1426/1626/1525 1389/1384/1318
f 1426/1626/1525 1425/1624/1523 1430/1625/1524
f 1426/1626/1525 1430/1625/1524 1429/1627/1526
f 1427/1628/1527 1426/1626/1525 1429/1627/1526
f 1426/1626/1525 1427/1628/1527 1387/1629/1528
f 1426/1626/1525 1387/1629/1528 1389/1384/1318
f 1389/1384/1318 1387/1629/1528 1034/1357/1291
f 1387/1629/1528 1388/1355/1289 1034/1357/1291
f 1427/1628/1527 1388/1355/1289 1387/1629/1528
f 1427/1628/1527 1428/1354/1288 1388/1355/1289
f 1428/1354/1288 1427/1628/1527 1429/1627/1526
f 1433/1630/1529 1428/1354/1288 1429/1627/1526
f 1433/1630/1529 1449/1344/1278 1428/1354/1288
f 1448/1631/1530 1449/1344/1278 1437/1632/1531
f 1448/1631/1530 1021/1343/1277 1449/1344/1278
f 1449/1344/1278 1439/1633/1529 1437/1632/1531
f 1437/1632/1531 1439/1633/1529 1438/1634/1526
f 1437/1632/1531 1438/1634/1526 1443/1635/1532
f 1443/1635/1532 1438/1634/1526 1442/1636/1524
f 1443/1635/1532 1444/1637/1533 1437/1632/1531
f 1448/1631/1530 1437/1632/1531 1444/1637/1533
f 1447/1342/1276 1448/1631/1530 1444/1637/1533
f 1021/1343/1277 1448/1631/1530 1447/1342/1276
f 1444/1637/1533 1450/1341/1275 1447/1342/1276
f 1444/1637/1533 1451/1638/1534 1450/1341/1275
f 1444/1637/1533 1443/1635/1532 1445/1639/1535
f 1444/1637/1533 1445/1639/1535 1451/1638/1534
f 1443/1635/1532 1442/1636/1524 1440/1640/1536
f 1443/1635/1532 1440/1640/1536 1445/1639/1535
f 1442/1636/1524 1441/1641/1537 1440/1640/1536
f 1440/1640/1536 1441/1641/1537 1445/1639/1535
f 1442/1636/1524 1435/1642/1522 1441/1641/1537
f 1441/1641/1537 1446/1643/1538 1445/1639/1535
f 1435/1642/1522 1436/1644/1539 1441/1641/1537
f 1436/1644/1539 1446/1643/1538 1441/1641/1537
f 1435/1642/1522 1434/1645/1540 1436/1644/1539
f 1436/1644/1539 1434/1645/1540 1418/1646/1520
f 1412/1647/1541 1436/1644/1539 1418/1646/1520
f 1446/1643/1538 1436/1644/1539 1412/1647/1541
f 1418/1646/1520 1414/1648/1542 1412/1647/1541
f 1418/1646/1520 1417/1649/1322 1414/1648/1542
f 1412/1647/1541 1414/1648/1542 1413/1650/1543
f 1413/1650/1543 1446/1643/1538 1412/1647/1541
f 1453/1651/1544 1446/1643/1538 1413/1650/1543
f 1446/1643/1538 1453/1651/1544 1452/1652/1545
f 1445/1639/1535 1446/1643/1538 1452/1652/1545
f 1445/1639/1535 1452/1652/1545 1451/1638/1534
f 1455/1653/1546 1452/1652/1545 1453/1651/1544
f 1451/1638/1534 1452/1652/1545 1455/1653/1546
f 1456/1654/1547 1451/1638/1534 1455/1653/1546
f 1450/1341/1275 1451/1638/1534 1456/1654/1547
f 1457/1340/1274 1450/1341/1275 1456/1654/1547
f 1500/1655/1548 1457/1340/1274 1456/1654/1547
f 1457/1340/1274 1500/1655/1548 1569/1337/1271
f 1456/1654/1547 1493/1656/1549 1500/1655/1548
f 1569/1337/1271 1500/1655/1548 1555/1657/1550
f 1493/1656/1549 1524/1658/1551 1500/1655/1548
f 1500/1655/1548 1524/1658/1551 1555/1657/1550
f 1493/1656/1549 1522/1659/1552 1524/1658/1551
f 1524/1658/1551 1554/1660/1553 1555/1657/1550
f 1522/1659/1552 1521/1661/1554 1524/1658/1551
f 1524/1658/1551 1521/1661/1554 1554/1660/1553
f 1521/1661/1554 1553/1662/1555 1554/1660/1553
f 1552/1663/1556 1555/1657/1550 1554/1660/1553
f 1553/1662/1555 1552/1663/1556 1554/1660/1553
f 1555/1657/1550 1568/1664/1557 1569/1337/1271
f 1568/1664/1557 1555/1657/1550 1552/1663/1556
f 1568/1664/1557 1570/1335/1269 1569/1337/1271
f 1580/1334/1268 1570/1335/1269 1568/1664/1557
f 1582/1665/1558 1580/1334/1268 1568/1664/1557
f 1582/1665/1558 1583/1333/1267 1580/1334/1268
f 1568/1664/1557 1567/1666/1559 1582/1665/1558
f 1567/1666/1559 1568/1664/1557 1552/1663/1556
f 1567/1666/1559 1586/1667/1560 1582/1665/1558
f 1583/1333/1267 1582/1665/1558 1586/1667/1560
f 1585/1294/1228 1583/1333/1267 1586/1667/1560
f 1585/1294/1228 1586/1667/1560 1563/1668/1561
f 1563/1668/1561 1586/1667/1560 1567/1666/1559
f 1563/1668/1561 1566/1292/1226 1585/1294/1228
f 1566/1292/1226 1563/1668/1561 1549/1291/1225
f 1549/1291/1225 1563/1668/1561 1550/1669/1562
f 1563/1668/1561 1567/1666/1559 1550/1669/1562
f 1567/1666/1559 1552/1663/1556 1550/1669/1562
f 1550/1669/1562 1552/1663/1556 1551/1670/1563
f 1552/1663/1556 1553/1662/1555 1551/1670/1563
f 1553/1662/1555 1521/1661/1554 1551/1670/1563
f 1527/1671/1564 1521/1661/1554 1517/1672/1565
f 1521/1661/1554 1527/1671/1564 1551/1670/1563
f 1521/1661/1554 1522/1659/1552 1517/1672/1565
f 1493/1656/1549 1496/1673/1566 1522/1659/1552
f 1522/1659/1552 1523/1674/1567 1517/1672/1565
f 1523/1674/1567 1522/1659/1552 1496/1673/1566
f 1523/1674/1567 1516/1675/1568 1517/1672/1565
f 1523/1674/1567 1496/1673/1566 1498/1676/1569
f 1516/1675/1568 1523/1674/1567 1498/1676/1569
f 1516/1675/1568 1498/1676/1569 1519/1677/1570
f 1516/1675/1568 1519/1677/1570 1518/1678/1571
f 1516/1675/1568 1518/1678/1571 1517/1672/1565
f 1526/1679/1572 1517/1672/1565 1525/1680/1573
f 1517/1672/1565 1518/1678/1571 1525/1680/1573
f 1526/1679/1572 1527/1671/1564 1517/1672/1565
f 1527/1671/1564 1526/1679/1572 1265/1284/1218
f 1258/1681/1574 1527/1671/1564 1265/1284/1218
f 1551/1670/1563 1527/1671/1564 1258/1681/1574
f 1259/1290/1224 1551/1670/1563 1258/1681/1574
f 1550/1669/1562 1551/1670/1563 1259/1290/1224
f 1549/1291/1225 1550/1669/1562 1259/1290/1224
f 1258/1681/1574 1260/1287/1221 1259/1290/1224
f 1260/1287/1221 1258/1681/1574 1265/1284/1218
f 1265/1284/1218 1526/1679/1572 1530/1282/1216
f 1526/1679/1572 1525/1680/1573 1530/1282/1216
f 1530/1282/1216 1525/1680/1573 1513/1682/1575
f 1525/1680/1573 1518/1678/1571 1514/1683/1576
f 1525/1680/1573 1514/1683/1576 1513/1682/1575
f 1518/1678/1571 1520/1684/1577 1515/1685/1578
f 1518/1678/1571 1515/1685/1578 1514/1683/1576
f 1518/1678/1571 1519/1677/1570 1520/1684/1577
f 1519/1677/1570 1494/1686/1579 1520/1684/1577
f 1498/1676/1569 1494/1686/1579 1519/1677/1570
f 1498/1676/1569 1499/1687/1580 1494/1686/1579
f 1497/1688/1581 1499/1687/1580 1498/1676/1569
f 1496/1673/1566 1497/1688/1581 1498/1676/1569
f 1492/1689/1582 1497/1688/1581 1496/1673/1566
f 1493/1656/1549 1492/1689/1582 1496/1673/1566
f 1492/1689/1582 1493/1656/1549 1456/1654/1547
f 1487/1690/1583 1492/1689/1582 1456/1654/1547
f 1456/1654/1547 1455/1653/1546 1487/1690/1583
f 1455/1653/1546 1488/1691/1584 1487/1690/1583
f 1489/1692/1585 1488/1691/1584 1455/1653/1546
f 1454/1693/1586 1489/1692/1585 1455/1653/1546
f 1454/1693/1586 1455/1653/1546 1453/1651/1544
f 1454/1693/1586 1491/1694/1587 1489/1692/1585
f 1490/1695/1588 1491/1694/1587 1454/1693/1586
f 1495/1696/1589 1491/1694/1587 1490/1695/1588
f 1494/1686/1579 1495/1696/1589 1490/1695/1588
f 1499/1687/1580 1495/1696/1589 1494/1686/1579
f 1490/1695/1588 1520/1684/1577 1494/1686/1579
f 1520/1684/1577 1490/1695/1588 1486/1697/1590
f 1520/1684/1577 1486/1697/1590 1515/1685/1578
f 1514/1683/1576 1515/1685/1578 1505/1698/1591
f 1515/1685/1578 1486/1697/1590 1505/1698/1591
f 1505/1698/1591 1506/1699/1592 1514/1683/1576
f 1514/1683/1576 1506/1699/1592 1513/1682/1575
f 1530/1282/1216 1513/1682/1575 1512/1280/1214
f 1506/1699/1592 1507/1700/1593 1513/1682/1575
f 1513/1682/1575 1507/1700/1593 1512/1280/1214
f 1512/1280/1214 1507/1700/1593 1508/1276/1210
f 1507/1700/1593 1506/1699/1592 1502/1701/1594
f 1508/1276/1210 1507/1700/1593 1502/1701/1594
f 1478/1270/1204 1508/1276/1210 1502/1701/1594
f 1478/1270/1204 1502/1701/1594 1501/1702/1595
f 1477/1269/1203 1478/1270/1204 1501/1702/1595
f 1502/1701/1594 1503/1703/1596 1501/1702/1595
f 1502/1701/1594 1504/1704/1597 1503/1703/1596
f 1506/1699/1592 1504/1704/1597 1502/1701/1594
f 1506/1699/1592 1505/1698/1591 1504/1704/1597
f 1504/1704/1597 1505/1698/1591 1479/1705/1598
f 1486/1697/1590 1483/1706/1599 1505/1698/1591
f 1505/1698/1591 1483/1706/1599 1479/1705/1598
f 1486/1697/1590 1484/1707/1600 1483/1706/1599
f 1490/1695/1588 1485/1708/1601 1486/1697/1590
f 1486/1697/1590 1485/1708/1601 1484/1707/1600
f 1490/1695/1588 1454/1693/1586 1485/1708/1601
f 1485/1708/1601 1423/1709/1602 1484/1707/1600
f 1423/1709/1602 1485/1708/1601 1454/1693/1586
f 1423/1709/1602 1454/1693/1586 1420/1710/1603
f 1454/1693/1586 1453/1651/1544 1420/1710/1603
f 1420/1710/1603 1453/1651/1544 1413/1650/1543
f 1420/1710/1603 1413/1650/1543 1415/1711/1604
f 1414/1648/1542 1415/1711/1604 1413/1650/1543
f 1414/1648/1542 1410/1712/1605 1415/1711/1604
f 1414/1648/1542 1417/1649/1322 1410/1712/1605
f 1417/1649/1322 1416/1713/1606 1410/1712/1605
f 1410/1712/1605 1416/1713/1606 1402/1714/1607
f 1416/1713/1606 1403/1715/1290 1402/1714/1607
f 1402/1714/1607 1403/1715/1290 1401/1716/1608
f 1403/1715/1290 1400/1717/1609 1401/1716/1608
f 1399/1718/1610 1400/1717/1609 1398/1719/1330
f 1401/1716/1608 1400/1717/1609 1399/1718/1610
f 1401/1716/1608 1399/1718/1610 1404/1720/1611
f 1407/1721/1612 1401/1716/1608 1404/1720/1611
f 1402/1714/1607 1401/1716/1608 1407/1721/1612
f 1408/1722/1613 1402/1714/1607 1407/1721/1612
f 1410/1712/1605 1402/1714/1607 1408/1722/1613
f 1409/1723/1614 1410/1712/1605 1408/1722/1613
f 1415/1711/1604 1410/1712/1605 1409/1723/1614
f 1408/1722/1613 1407/1721/1612 1409/1723/1614
f 1411/1724/1615 1409/1723/1614 1407/1721/1612
f 1405/1725/1616 1411/1724/1615 1407/1721/1612
f 1404/1720/1611 1405/1725/1616 1407/1721/1612
f 1411/1724/1615 1419/1726/1617 1409/1723/1614
f 1405/1725/1616 1421/1727/1618 1411/1724/1615
f 1411/1724/1615 1421/1727/1618 1419/1726/1617
f 1419/1726/1617 1415/1711/1604 1409/1723/1614
f 1421/1727/1618 1420/1710/1603 1419/1726/1617
f 1419/1726/1617 1420/1710/1603 1415/1711/1604
f 1421/1727/1618 1422/1728/1619 1420/1710/1603
f 1422/1728/1619 1423/1709/1602 1420/1710/1603
f 1421/1727/1618 1405/1725/1616 1422/1728/1619
f 1423/1709/1602 1422/1728/1619 1484/1707/1600
f 1405/1725/1616 1481/1729/1620 1422/1728/1619
f 1484/1707/1600 1422/1728/1619 1481/1729/1620
f 1484/1707/1600 1481/1729/1620 1483/1706/1599
f 1479/1705/1598 1483/1706/1599 1481/1729/1620
f 1479/1705/1598 1481/1729/1620 1480/1730/1621
f 1504/1704/1597 1479/1705/1598 1480/1730/1621
f 1503/1703/1596 1504/1704/1597 1480/1730/1621
f 1481/1729/1620 1482/1731/1622 1480/1730/1621
f 1482/1731/1622 1481/1729/1620 1406/1732/1623
f 1481/1729/1620 1405/1725/1616 1406/1732/1623
f 1405/1725/1616 1404/1720/1611 1406/1732/1623
f 1404/1720/1611 1395/1733/1624 1406/1732/1623
f 1404/1720/1611 1397/1734/1625 1395/1733/1624
f 1404/1720/1611 1399/1718/1610 1397/1734/1625
f 1397/1734/1625 1399/1718/1610 1398/1719/1330
f 1397/1734/1625 1398/1719/1330 1396/1735/1626
f 1395/1733/1624 1397/1734/1625 1396/1735/1626
f 1752/1736/1245 1743/1737/1627 1749/1738/1243
f 1743/1737/1627 1741/1739/1628 1742/1740/1629
f 1743/1737/1627 1742/1740/1629 1749/1738/1243
f 1749/1738/1243 1742/1740/1629 1750/1741/1630
f 1742/1740/1629 1751/1742/1631 1750/1741/1630
f 1750/1741/1630 1751/1742/1631 1759/1743/1236
f 1742/1740/1629 1741/1739/1628 1740/1744/1632
f 1740/1744/1632 1751/1742/1631 1742/1740/1629
f 1741/1739/1628 1737/1745/1633 1740/1744/1632
f 1740/1744/1632 1748/1746/1634 1751/1742/1631
f 1740/1744/1632 1737/1745/1633 1748/1746/1634
f 1751/1742/1631 1748/1746/1634 1759/1743/1236
f 1759/1743/1236 1748/1746/1634 1758/1747/1235
f 1747/1748/1635 1748/1746/1634 1737/1745/1633
f 1748/1746/1634 1747/1748/1635 1758/1747/1235
f 1737/1745/1633 1746/1749/1636 1747/1748/1635
f 1758/1747/1235 1747/1748/1635 1746/1749/1636
f 1757/1750/1233 1758/1747/1235 1746/1749/1636
f 1757/1750/1233 1746/1749/1636 1756/1751/1637
f 1755/1752/1232 1757/1750/1233 1756/1751/1637
f 1746/1749/1636 1738/1753/1638 1756/1751/1637
f 1738/1753/1638 1746/1749/1636 1737/1745/1633
f 1737/1745/1633 1739/1754/1628 1738/1753/1638
f 1738/1753/1638 1739/1754/1628 1745/1755/1639
f 1738/1753/1638 1745/1755/1639 1756/1751/1637
f 1755/1752/1232 1756/1751/1637 1745/1755/1639
f 1754/1756/1246 1755/1752/1232 1745/1755/1639
f 1754/1756/1246 1745/1755/1639 1744/1757/1640
f 1744/1757/1640 1745/1755/1639 1739/1754/1628
f 1744/1757/1640 1753/1758/1245 1754/1756/1246
f 1773/1759/1217 1775/1760/1641 1774/1761/1219
f 1775/1760/1641 1722/1762/1642 1774/1761/1219
f 1723/1763/1643 1722/1762/1642 1775/1760/1641
f 1722/1762/1642 1720/1764/1644 1774/1761/1219
f 1720/1764/1644 1776/1765/1220 1774/1761/1219
f 1722/1762/1642 1721/1766/1645 1720/1764/1644
f 1723/1763/1643 1721/1766/1645 1722/1762/1642
f 1723/1763/1643 1715/1767/1646 1721/1766/1645
f 1715/1767/1646 1724/1768/1647 1721/1766/1645
f 1720/1764/1644 1721/1766/1645 1724/1768/1647
f 1720/1764/1644 1724/1768/1647 1776/1765/1220
f 1724/1768/1647 1777/1769/1186 1776/1765/1220
f 1724/1768/1647 1760/1770/1648 1777/1769/1186
f 1715/1767/1646 1760/1770/1648 1724/1768/1647
f 1760/1770/1648 1769/1771/1187 1777/1769/1186
f 1769/1771/1187 1760/1770/1648 1770/1772/1212
f 1715/1767/1646 1718/1773/1649 1760/1770/1648
f 1760/1770/1648 1718/1773/1649 1770/1772/1212
f 1715/1767/1646 1714/1774/1643 1716/1775/1650
f 1715/1767/1646 1716/1775/1650 1718/1773/1649
f 1717/1776/1651 1718/1773/1649 1716/1775/1650
f 1770/1772/1212 1718/1773/1649 1717/1776/1651
f 1772/1777/1652 1770/1772/1212 1717/1776/1651
f 1772/1777/1652 1717/1776/1651 1719/1778/1653
f 1717/1776/1651 1716/1775/1650 1719/1778/1653
f 1714/1774/1643 1719/1778/1653 1716/1775/1650
f 1714/1774/1643 1781/1779/1641 1719/1778/1653
f 1719/1778/1653 1781/1779/1641 1782/1780/1654
f 1771/1781/1215 1719/1778/1653 1782/1780/1654
f 1771/1781/1215 1772/1777/1652 1719/1778/1653
f 2189/1782/1655 2273/1783/1656 1996/1784/1657
f 1997/1785/1658 2189/1782/1655 1996/1784/1657
f 2188/1786/1659 2189/1782/1655 1997/1785/1658
f 1996/1784/1657 1995/1787/1660 1997/1785/1658
f 1995/1787/1660 1996/1784/1657 2000/1788/1661
f 1995/1787/1660 1998/1789/1662 1997/1785/1658
f 1999/1790/1663 2188/1786/1659 1997/1785/1658
f 1997/1785/1658 1998/1789/1662 1999/1790/1663
f 1999/1790/1663 2330/1791/1664 2188/1786/1659
f 1998/1789/1662 2169/1792/1665 1999/1790/1663
f 2169/1792/1665 2330/1791/1664 1999/1790/1663
f 2047/1793/1666 2330/1791/1664 2169/1792/1665
f 2045/1794/1667 2047/1793/1666 2169/1792/1665
f 2046/1795/1668 2047/1793/1666 2045/1794/1667
f 2169/1792/1665 2168/1796/1669 2045/1794/1667
f 2168/1796/1669 2169/1792/1665 1998/1789/1662
f 2168/1796/1669 1998/1789/1662 1982/1797/1670
f 1998/1789/1662 1995/1787/1660 1981/1798/1671
f 1982/1797/1670 1998/1789/1662 1981/1798/1671
f 1995/1787/1660 2000/1788/1661 1981/1798/1671
f 1981/1798/1671 1983/1799/1672 1982/1797/1670
f 1983/1799/1672 1981/1798/1671 2000/1788/1661
f 1983/1799/1672 2000/1788/1661 2008/1800/1673
f 1985/1801/1674 1983/1799/1672 2008/1800/1673
f 1984/1802/1675 1983/1799/1672 1985/1801/1674
f 1983/1799/1672 1984/1802/1675 1982/1797/1670
f 2225/1803/1676 2168/1796/1669 1982/1797/1670
f 2225/1803/1676 1982/1797/1670 1984/1802/1675
f 2225/1803/1676 2041/1804/1677 2168/1796/1669
f 2043/1805/1678 2045/1794/1667 2168/1796/1669
f 2043/1805/1678 2168/1796/1669 2041/1804/1677
f 2043/1805/1678 2044/1806/1679 2045/1794/1667
f 2044/1806/1679 2046/1795/1668 2045/1794/1667
f 2166/1807/1680 2046/1795/1668 2044/1806/1679
f 2167/1808/1681 2166/1807/1680 2044/1806/1679
f 2167/1808/1681 2044/1806/1679 2042/1809/1682
f 2042/1809/1682 2044/1806/1679 2043/1805/1678
f 2042/1809/1682 2043/1805/1678 2040/1810/1683
f 2043/1805/1678 2041/1804/1677 2040/1810/1683
f 2040/1810/1683 2041/1804/1677 2039/1811/1684
f 2039/1811/1684 2041/1804/1677 2225/1803/1676
f 2039/1811/1684 2225/1803/1676 2278/1812/1685
f 2278/1812/1685 2225/1803/1676 1984/1802/1675
f 2278/1812/1685 1984/1802/1675 1986/1813/1686
f 1986/1813/1686 1984/1802/1675 1985/1801/1674
f 1985/1801/1674 1987/1814/1687 1986/1813/1686
f 1987/1814/1687 1985/1801/1674 2008/1800/1673
f 1987/1814/1687 2008/1800/1673 2009/1815/1688
f 1989/1816/1689 1987/1814/1687 2009/1815/1688
f 1988/1817/1690 1987/1814/1687 1989/1816/1689
f 1987/1814/1687 1988/1817/1690 1986/1813/1686
f 2259/1818/1691 2278/1812/1685 1986/1813/1686
f 2259/1818/1691 1986/1813/1686 1988/1817/1690
f 2259/1818/1691 2035/1819/1692 2278/1812/1685
f 2037/1820/1693 2039/1811/1684 2278/1812/1685
f 2037/1820/1693 2278/1812/1685 2035/1819/1692
f 2037/1820/1693 2038/1821/1694 2039/1811/1684
f 2038/1821/1694 2040/1810/1683 2039/1811/1684
f 2233/1822/1695 2040/1810/1683 2038/1821/1694
f 2042/1809/1682 2040/1810/1683 2233/1822/1695
f 2275/1823/1696 2042/1809/1682 2233/1822/1695
f 2275/1823/1696 2167/1808/1681 2042/1809/1682
f 2233/1822/1695 1887/1824/1697 2275/1823/1696
f 2167/1808/1681 2275/1823/1696 1887/1824/1697
f 1886/1825/1698 2167/1808/1681 1887/1824/1697
f 2166/1807/1680 2167/1808/1681 1886/1825/1698
f 2165/1826/1699 2166/1807/1680 1886/1825/1698
f 2165/1826/1699 1886/1825/1698 2293/1827/1700
f 1886/1825/1698 1887/1824/1697 1864/1828/1701
f 1886/1825/1698 1864/1828/1701 2293/1827/1700
f 1864/1828/1701 1862/1829/1702 2293/1827/1700
f 1862/1829/1702 1870/1830/1703 2293/1827/1700
f 1864/1828/1701 1863/1831/1704 1862/1829/1702
f 1887/1824/1697 1865/1832/1705 1864/1828/1701
f 1864/1828/1701 1865/1832/1705 1863/1831/1704
f 1887/1824/1697 2183/1833/1706 1866/1834/1707
f 1866/1834/1707 1865/1832/1705 1887/1824/1697
f 1887/1824/1697 2233/1822/1695 2183/1833/1706
f 2233/1822/1695 2038/1821/1694 2183/1833/1706
f 2183/1833/1706 2184/1835/1708 1866/1834/1707
f 2038/1821/1694 2184/1835/1708 2183/1833/1706
f 2037/1820/1693 2036/1836/1709 2038/1821/1694
f 2184/1835/1708 2038/1821/1694 2294/1837/1710
f 2038/1821/1694 2036/1836/1709 2294/1837/1710
f 2184/1835/1708 2294/1837/1710 2266/1838/1711
f 2185/1839/1712 2184/1835/1708 2266/1838/1711
f 2184/1835/1708 2185/1839/1712 1866/1834/1707
f 1866/1834/1707 1867/1840/1713 1865/1832/1705
f 1866/1834/1707 2185/1839/1712 1867/1840/1713
f 1867/1840/1713 1863/1831/1704 1865/1832/1705
f 1863/1831/1704 1867/1840/1713 2125/1841/1714
f 1863/1831/1704 2125/1841/1714 1936/1842/1715
f 1863/1831/1704 1936/1842/1715 1862/1829/1702
f 2125/1841/1714 1867/1840/1713 1936/1842/1715
f 1862/1829/1702 1936/1842/1715 2217/1843/1716
f 2217/1843/1716 1871/1844/1717 1862/1829/1702
f 1862/1829/1702 1871/1844/1717 1870/1830/1703
f 2217/1843/1716 1936/1842/1715 2103/1845/1718
f 2103/1845/1718 1871/1844/1717 2217/1843/1716
f 2103/1845/1718 1869/1846/1719 1871/1844/1717
f 1870/1830/1703 1871/1844/1717 1869/1846/1719
f 1868/1847/1720 1870/1830/1703 1869/1846/1719
f 1868/1847/1720 1869/1846/1719 2159/1848/1721
f 1869/1846/1719 2103/1845/1718 2159/1848/1721
f 2159/1848/1721 2160/1849/1722 1868/1847/1720
f 1877/1850/1723 2160/1849/1722 2159/1848/1721
f 1878/1851/1724 1877/1850/1723 2159/1848/1721
f 1878/1851/1724 2159/1848/1721 1920/1852/1725
f 2159/1848/1721 2103/1845/1718 1920/1852/1725
f 2103/1845/1718 1937/1853/1726 1920/1852/1725
f 1936/1842/1715 1937/1853/1726 2103/1845/1718
f 1884/1854/1727 1937/1853/1726 1936/1842/1715
f 1867/1840/1713 1884/1854/1727 1936/1842/1715
f 1884/1854/1727 1867/1840/1713 1885/1855/1728
f 2185/1839/1712 1885/1855/1728 1867/1840/1713
f 2266/1838/1711 2121/1856/1729 2185/1839/1712
f 2121/1856/1729 1885/1855/1728 2185/1839/1712
f 2266/1838/1711 2120/1857/1730 2121/1856/1729
f 2265/1858/1731 2120/1857/1730 2266/1838/1711
f 2266/1838/1711 2294/1837/1710 2265/1858/1731
f 2036/1836/1709 2305/1859/1732 2294/1837/1710
f 2294/1837/1710 2305/1859/1732 2265/1858/1731
f 2036/1836/1709 2302/1860/1733 2305/1859/1732
f 2305/1859/1732 2267/1861/1734 2265/1858/1731
f 2305/1859/1732 2302/1860/1733 2267/1861/1734
f 2267/1861/1734 2262/1862/1735 2265/1858/1731
f 2262/1862/1735 2250/1863/1736 2265/1858/1731
f 2250/1863/1736 2120/1857/1730 2265/1858/1731
f 2250/1863/1736 2251/1864/1737 2120/1857/1730
f 2120/1857/1730 2122/1865/1738 2121/1856/1729
f 2251/1864/1737 2122/1865/1738 2120/1857/1730
f 2122/1865/1738 2093/1866/1739 2121/1856/1729
f 2121/1856/1729 2093/1866/1739 1885/1855/1728
f 2094/1867/1740 1884/1854/1727 1885/1855/1728
f 2093/1866/1739 2094/1867/1740 1885/1855/1728
f 2094/1867/1740 2190/1868/1741 1884/1854/1727
f 2190/1868/1741 1937/1853/1726 1884/1854/1727
f 1921/1869/1742 1937/1853/1726 2190/1868/1741
f 1937/1853/1726 1921/1869/1742 1920/1852/1725
f 1920/1852/1725 1921/1869/1742 1890/1870/1743
f 1890/1870/1743 1876/1871/1744 1920/1852/1725
f 1876/1871/1744 1878/1851/1724 1920/1852/1725
f 1877/1850/1723 1878/1851/1724 1876/1871/1744
f 1875/1872/1745 1877/1850/1723 1876/1871/1744
f 1888/1873/1746 1875/1872/1745 1876/1871/1744
f 1890/1870/1743 1888/1873/1746 1876/1871/1744
f 1888/1873/1746 1890/1870/1743 1889/1874/1747
f 1890/1870/1743 1891/1875/1748 1889/1874/1747
f 1921/1869/1742 1891/1875/1748 1890/1870/1743
f 2190/1868/1741 1899/1876/1749 1921/1869/1742
f 1891/1875/1748 1921/1869/1742 1897/1877/1750
f 1921/1869/1742 1899/1876/1749 1897/1877/1750
f 1897/1877/1750 1899/1876/1749 1898/1878/1751
f 1900/1879/1752 1899/1876/1749 2190/1868/1741
f 1899/1876/1749 1900/1879/1752 1898/1878/1751
f 2190/1868/1741 2094/1867/1740 1900/1879/1752
f 1917/1880/1753 1900/1879/1752 2094/1867/1740
f 2094/1867/1740 2092/1881/1754 1917/1880/1753
f 2092/1881/1754 2094/1867/1740 2093/1866/1739
f 2092/1881/1754 1916/1882/1755 1917/1880/1753
f 1916/1882/1755 1900/1879/1752 1917/1880/1753
f 1900/1879/1752 1916/1882/1755 1932/1883/1756
f 1900/1879/1752 1932/1883/1756 1898/1878/1751
f 1932/1883/1756 1933/1884/1757 1898/1878/1751
f 1898/1878/1751 1933/1884/1757 1897/1877/1750
f 1932/1883/1756 1931/1885/1758 1933/1884/1757
f 1916/1882/1755 1931/1885/1758 1932/1883/1756
f 2146/1886/1759 1931/1885/1758 1916/1882/1755
f 1916/1882/1755 2092/1881/1754 2146/1886/1759
f 1931/1885/1758 2146/1886/1759 1912/1887/1760
f 1931/1885/1758 1912/1887/1760 1933/1884/1757
f 1912/1887/1760 1911/1888/1761 1933/1884/1757
f 1933/1884/1757 1934/1889/1762 1897/1877/1750
f 1911/1888/1761 1934/1889/1762 1933/1884/1757
f 1897/1877/1750 1934/1889/1762 1905/1890/1763
f 1891/1875/1748 1897/1877/1750 1905/1890/1763
f 1891/1875/1748 1905/1890/1763 1904/1891/1764
f 1904/1891/1764 1889/1874/1747 1891/1875/1748
f 2158/1892/1765 1889/1874/1747 1904/1891/1764
f 2155/1893/1766 2158/1892/1765 1904/1891/1764
f 2155/1893/1766 1904/1891/1764 2143/1894/1767
f 2143/1894/1767 1904/1891/1764 1905/1890/1763
f 2143/1894/1767 2145/1895/1768 2155/1893/1766
f 2145/1895/1768 2143/1894/1767 1850/1896/1769
f 2143/1894/1767 2144/1897/1770 1853/1898/1771
f 2143/1894/1767 1853/1898/1771 1850/1896/1769
f 2143/1894/1767 1905/1890/1763 2144/1897/1770
f 1905/1890/1763 1934/1889/1762 2144/1897/1770
f 1934/1889/1762 1911/1888/1761 2144/1897/1770
f 1911/1888/1761 1879/1899/1772 2144/1897/1770
f 1879/1899/1772 1853/1898/1771 2144/1897/1770
f 1911/1888/1761 1910/1900/1773 1879/1899/1772
f 1911/1888/1761 1912/1887/1760 1910/1900/1773
f 1910/1900/1773 1912/1887/1760 2130/1901/1774
f 2146/1886/1759 2130/1901/1774 1912/1887/1760
f 2130/1901/1774 2146/1886/1759 2089/1902/1775
f 2146/1886/1759 2092/1881/1754 2089/1902/1775
f 2089/1902/1775 2092/1881/1754 2091/1903/1776
f 2092/1881/1754 2093/1866/1739 2091/1903/1776
f 2093/1866/1739 2287/1904/1777 2091/1903/1776
f 2287/1904/1777 2093/1866/1739 2122/1865/1738
f 2251/1864/1737 2287/1904/1777 2122/1865/1738
f 2297/1905/1778 2287/1904/1777 2251/1864/1737
f 2091/1903/1776 2287/1904/1777 2297/1905/1778
f 2090/1906/1779 2091/1903/1776 2297/1905/1778
f 2089/1902/1775 2091/1903/1776 2090/1906/1779
f 2297/1905/1778 2109/1907/1780 2090/1906/1779
f 2089/1902/1775 2090/1906/1779 2109/1907/1780
f 2107/1908/1781 2089/1902/1775 2109/1907/1780
f 2130/1901/1774 2089/1902/1775 2107/1908/1781
f 2129/1909/1782 2130/1901/1774 2107/1908/1781
f 2130/1901/1774 2129/1909/1782 2131/1910/1783
f 1910/1900/1773 2130/1901/1774 2131/1910/1783
f 1910/1900/1773 2131/1910/1783 1852/1911/1784
f 1910/1900/1773 1852/1911/1784 1879/1899/1772
f 1879/1899/1772 1852/1911/1784 1853/1898/1771
f 1853/1898/1771 1852/1911/1784 1850/1896/1769
f 1850/1896/1769 1852/1911/1784 1851/1912/1785
f 1874/1913/1786 1851/1912/1785 1852/1911/1784
f 1874/1913/1786 1852/1911/1784 2131/1910/1783
f 1874/1913/1786 2149/1914/1787 1851/1912/1785
f 1874/1913/1786 2150/1915/1788 2149/1914/1787
f 2194/1916/1789 2150/1915/1788 1874/1913/1786
f 2131/1910/1783 2194/1916/1789 1874/1913/1786
f 2194/1916/1789 2131/1910/1783 2280/1917/1790
f 2131/1910/1783 2129/1909/1782 2280/1917/1790
f 2280/1917/1790 2129/1909/1782 2115/1918/1791
f 2129/1909/1782 2107/1908/1781 2115/1918/1791
f 2115/1918/1791 2107/1908/1781 2114/1919/1792
f 2107/1908/1781 2109/1907/1780 2108/1920/1793
f 2107/1908/1781 2108/1920/1793 2114/1919/1792
f 2109/1907/1780 2171/1921/1794 2108/1920/1793
f 2109/1907/1780 2297/1905/1778 2296/1922/1795
f 2171/1921/1794 2109/1907/1780 2296/1922/1795
f 2297/1905/1778 2326/1923/1796 2296/1922/1795
f 2326/1923/1796 2297/1905/1778 2251/1864/1737
f 2326/1923/1796 2251/1864/1737 2250/1863/1736
f 2248/1924/1797 2326/1923/1796 2250/1863/1736
f 2248/1924/1797 2250/1863/1736 2262/1862/1735
f 2248/1924/1797 2222/1925/1798 2326/1923/1796
f 2296/1922/1795 2326/1923/1796 2222/1925/1798
f 2296/1922/1795 2222/1925/1798 2220/1926/1799
f 2171/1921/1794 2296/1922/1795 2220/1926/1799
f 2170/1927/1800 2171/1921/1794 2220/1926/1799
f 2170/1927/1800 2108/1920/1793 2171/1921/1794
f 2108/1920/1793 2170/1927/1800 2279/1928/1801
f 2247/1929/1802 2108/1920/1793 2279/1928/1801
f 2108/1920/1793 2247/1929/1802 2114/1919/1792
f 2113/1930/1803 2114/1919/1792 2246/1931/1804
f 2114/1919/1792 2247/1929/1802 2246/1931/1804
f 2113/1930/1803 2115/1918/1791 2114/1919/1792
f 2246/1931/1804 2112/1932/1805 2113/1930/1803
f 2115/1918/1791 2113/1930/1803 2112/1932/1805
f 2110/1933/1806 2115/1918/1791 2112/1932/1805
f 2280/1917/1790 2115/1918/1791 2110/1933/1806
f 2243/1934/1807 2280/1917/1790 2110/1933/1806
f 2194/1916/1789 2280/1917/1790 2243/1934/1807
f 2148/1935/1808 2150/1915/1788 2194/1916/1789
f 2194/1916/1789 2193/1936/1809 2148/1935/1808
f 2193/1936/1809 2194/1916/1789 2243/1934/1807
f 2193/1936/1809 2192/1937/1810 2148/1935/1808
f 2193/1936/1809 2243/1934/1807 2241/1938/1811
f 2192/1937/1810 2193/1936/1809 2241/1938/1811
f 2243/1934/1807 2097/1939/1812 2241/1938/1811
f 2243/1934/1807 2110/1933/1806 2097/1939/1812
f 2097/1939/1812 2110/1933/1806 2099/1940/1813
f 2110/1933/1806 2112/1932/1805 2111/1941/1814
f 2110/1933/1806 2111/1941/1814 2099/1940/1813
f 2112/1932/1805 2207/1942/1815 2111/1941/1814
f 2112/1932/1805 2246/1931/1804 2319/1943/1816
f 2207/1942/1815 2112/1932/1805 2319/1943/1816
f 2246/1931/1804 2244/1944/1817 2319/1943/1816
f 2244/1944/1817 2246/1931/1804 2245/1945/1818
f 2246/1931/1804 2247/1929/1802 2245/1945/1818
f 2245/1945/1818 2247/1929/1802 2279/1928/1801
f 2245/1945/1818 2279/1928/1801 2328/1946/1819
f 2328/1946/1819 2279/1928/1801 2313/1947/1820
f 2279/1928/1801 2170/1927/1800 2313/1947/1820
f 2313/1947/1820 2170/1927/1800 2220/1926/1799
f 2222/1925/1798 2221/1948/1821 2220/1926/1799
f 2313/1947/1820 2220/1926/1799 2221/1948/1821
f 2312/1949/1822 2313/1947/1820 2221/1948/1821
f 2328/1946/1819 2313/1947/1820 2312/1949/1822
f 2329/1950/1823 2328/1946/1819 2312/1949/1822
f 2318/1951/1824 2328/1946/1819 2329/1950/1823
f 2318/1951/1824 2245/1945/1818 2328/1946/1819
f 2244/1944/1817 2245/1945/1818 2318/1951/1824
f 2308/1952/1825 2244/1944/1817 2318/1951/1824
f 2244/1944/1817 2308/1952/1825 2306/1953/1826
f 2319/1943/1816 2244/1944/1817 2306/1953/1826
f 2319/1943/1816 2306/1953/1826 2196/1954/1827
f 2207/1942/1815 2319/1943/1816 2196/1954/1827
f 2206/1955/1828 2207/1942/1815 2196/1954/1827
f 2206/1955/1828 2111/1941/1814 2207/1942/1815
f 2111/1941/1814 2206/1955/1828 2224/1956/1829
f 2288/1957/1830 2111/1941/1814 2224/1956/1829
f 2111/1941/1814 2288/1957/1830 2099/1940/1813
f 2097/1939/1812 2099/1940/1813 2098/1958/1831
f 2288/1957/1830 2232/1959/1832 2099/1940/1813
f 2098/1958/1831 2099/1940/1813 2232/1959/1832
f 2288/1957/1830 2235/1960/1833 2232/1959/1832
f 2235/1960/1833 2288/1957/1830 2224/1956/1829
f 2235/1960/1833 2224/1956/1829 2117/1961/1834
f 2117/1961/1834 2224/1956/1829 2116/1962/1835
f 2224/1956/1829 2206/1955/1828 2116/1962/1835
f 2116/1962/1835 2206/1955/1828 2196/1954/1827
f 2196/1954/1827 2197/1963/1836 2116/1962/1835
f 2197/1963/1836 2196/1954/1827 2306/1953/1826
f 2307/1964/1837 2197/1963/1836 2306/1953/1826
f 2306/1953/1826 2308/1952/1825 2307/1964/1837
f 2308/1952/1825 2199/1965/1838 2307/1964/1837
f 2308/1952/1825 2318/1951/1824 2198/1966/1839
f 2199/1965/1838 2308/1952/1825 2198/1966/1839
f 2318/1951/1824 2329/1950/1823 2198/1966/1839
f 2198/1966/1839 2200/1967/1840 2199/1965/1838
f 2200/1967/1840 2198/1966/1839 2329/1950/1823
f 2200/1967/1840 2201/1968/1841 2199/1965/1838
f 2199/1965/1838 2201/1968/1841 2307/1964/1837
f 2311/1969/1842 2271/1970/1843 2307/1964/1837
f 2201/1968/1841 2311/1969/1842 2307/1964/1837
f 2271/1970/1843 2197/1963/1836 2307/1964/1837
f 2197/1963/1836 2271/1970/1843 2118/1971/1844
f 2197/1963/1836 2118/1971/1844 2116/1962/1835
f 2116/1962/1835 2118/1971/1844 2117/1961/1834
f 2118/1971/1844 2119/1972/1845 2117/1961/1834
f 2117/1961/1834 2119/1972/1845 2234/1973/1846
f 2234/1973/1846 2235/1960/1833 2117/1961/1834
f 2295/1974/1847 2235/1960/1833 2234/1973/1846
f 2295/1974/1847 2232/1959/1832 2235/1960/1833
f 2231/1975/1848 2232/1959/1832 2295/1974/1847
f 2086/1976/1849 2232/1959/1832 2231/1975/1848
f 2086/1976/1849 2098/1958/1831 2232/1959/1832
f 2097/1939/1812 2098/1958/1831 2086/1976/1849
f 2084/1977/1850 2097/1939/1812 2086/1976/1849
f 2241/1938/1811 2097/1939/1812 2084/1977/1850
f 2229/1978/1851 2241/1938/1811 2084/1977/1850
f 2192/1937/1810 2241/1938/1811 2229/1978/1851
f 2084/1977/1850 2100/1979/1852 2229/1978/1851
f 2228/1980/1853 2229/1978/1851 2216/1981/1854
f 2216/1981/1854 2229/1978/1851 2100/1979/1852
f 2228/1980/1853 2192/1937/1810 2229/1978/1851
f 2228/1980/1853 1857/1982/1855 2192/1937/1810
f 2191/1983/1856 2148/1935/1808 2192/1937/1810
f 1857/1982/1855 2191/1983/1856 2192/1937/1810
f 2242/1984/1857 2191/1983/1856 1857/1982/1855
f 2148/1935/1808 2191/1983/1856 2242/1984/1857
f 1857/1982/1855 1858/1985/1858 2242/1984/1857
f 1857/1982/1855 1859/1986/1859 1858/1985/1858
f 1857/1982/1855 2228/1980/1853 1859/1986/1859
f 1913/1987/1860 2228/1980/1853 2216/1981/1854
f 1913/1987/1860 1859/1986/1859 2228/1980/1853
f 2216/1981/1854 1908/1988/1861 1913/1987/1860
f 1913/1987/1860 1873/1989/1862 1859/1986/1859
f 1908/1988/1861 1872/1990/1863 1913/1987/1860
f 1873/1989/1862 1913/1987/1860 1872/1990/1863
f 1872/1990/1863 1856/1991/1864 1873/1989/1862
f 1859/1986/1859 1873/1989/1862 1860/1992/1865
f 1856/1991/1864 1860/1992/1865 1873/1989/1862
f 1860/1992/1865 1861/1993/1866 1859/1986/1859
f 1858/1985/1858 1859/1986/1859 1861/1993/1866
f 1860/1992/1865 1854/1994/1867 1861/1993/1866
f 1854/1994/1867 1860/1992/1865 1856/1991/1864
f 1854/1994/1867 1919/1995/1868 1861/1993/1866
f 1919/1995/1868 1854/1994/1867 1918/1996/1869
f 2181/1997/975 1919/1995/1868 1918/1996/1869
f 2181/1997/975 1918/1996/1869 2182/1998/1765
f 1918/1996/1869 1896/1999/1870 2182/1998/1765
f 1854/1994/1867 1855/2000/1871 1918/1996/1869
f 1896/1999/1870 1918/1996/1869 1895/2001/1872
f 1918/1996/1869 1855/2000/1871 1895/2001/1872
f 1895/2001/1872 1894/2002/1873 1896/1999/1870
f 1894/2002/1873 1892/2003/1874 1896/1999/1870
f 1892/2003/1874 1894/2002/1873 1893/2004/1875
f 1892/2003/1874 1893/2004/1875 2179/2005/1876
f 2179/2005/1876 1893/2004/1875 2178/2006/1723
f 1901/2007/1877 1893/2004/1875 1903/2008/1878
f 1893/2004/1875 1901/2007/1877 2178/2006/1723
f 1893/2004/1875 1894/2002/1873 1903/2008/1878
f 1903/2008/1878 1894/2002/1873 1922/2009/1879
f 1894/2002/1873 1895/2001/1872 1922/2009/1879
f 1855/2000/1871 1906/2010/1880 1895/2001/1872
f 1895/2001/1872 1906/2010/1880 1922/2009/1879
f 1855/2000/1871 1914/2011/1881 1906/2010/1880
f 1854/1994/1867 1856/1991/1864 1855/2000/1871
f 1914/2011/1881 1855/2000/1871 1856/1991/1864
f 1872/1990/1863 1914/2011/1881 1856/1991/1864
f 1909/2012/1882 1914/2011/1881 1872/1990/1863
f 1906/2010/1880 1914/2011/1881 1909/2012/1882
f 1872/1990/1863 1908/1988/1861 1909/2012/1882
f 1907/2013/1883 1909/2012/1882 1908/1988/1861
f 1907/2013/1883 1908/1988/1861 1928/2014/1884
f 2216/1981/1854 1928/2014/1884 1908/1988/1861
f 1928/2014/1884 2216/1981/1854 2096/2015/1885
f 2216/1981/1854 2100/1979/1852 2096/2015/1885
f 2096/2015/1885 1925/2016/1886 1928/2014/1884
f 1928/2014/1884 1926/2017/1887 1907/2013/1883
f 1926/2017/1887 1928/2014/1884 1925/2016/1886
f 1926/2017/1887 1929/2018/1888 1907/2013/1883
f 1907/2013/1883 1929/2018/1888 1909/2012/1882
f 1915/2019/1889 1906/2010/1880 1909/2012/1882
f 1929/2018/1888 1915/2019/1889 1909/2012/1882
f 1929/2018/1888 1926/2017/1887 1915/2019/1889
f 1925/2016/1886 1927/2020/1890 1926/2017/1887
f 1926/2017/1887 1927/2020/1890 1915/2019/1889
f 1925/2016/1886 1930/2021/224 1927/2020/1890
f 1925/2016/1886 2096/2015/1885 1930/2021/224
f 1930/2021/224 2096/2015/1885 2095/2022/1891
f 2096/2015/1885 2100/1979/1852 2095/2022/1891
f 2100/1979/1852 2102/2023/1892 2101/2024/1893
f 2100/1979/1852 2101/2024/1893 2095/2022/1891
f 2100/1979/1852 2084/1977/1850 2102/2023/1892
f 2101/2024/1893 2102/2023/1892 2316/2025/1894
f 2095/2022/1891 2101/2024/1893 2316/2025/1894
f 2102/2023/1892 2218/2026/1895 2316/2025/1894
f 2085/2027/1896 2218/2026/1895 2102/2023/1892
f 2084/1977/1850 2085/2027/1896 2102/2023/1892
f 2084/1977/1850 2086/1976/1849 2085/2027/1896
f 2230/2028/1897 2086/1976/1849 2231/1975/1848
f 2085/2027/1896 2086/1976/1849 2230/2028/1897
f 2219/2029/1898 2085/2027/1896 2230/2028/1897
f 2085/2027/1896 2219/2029/1898 2142/2030/1899
f 2218/2026/1895 2085/2027/1896 2142/2030/1899
f 2141/2031/1900 2218/2026/1895 2142/2030/1899
f 2316/2025/1894 2218/2026/1895 2141/2031/1900
f 2320/2032/1901 2316/2025/1894 2141/2031/1900
f 2315/2033/1902 2316/2025/1894 2320/2032/1901
f 2095/2022/1891 2316/2025/1894 2315/2033/1902
f 2310/2034/1903 2095/2022/1891 2315/2033/1902
f 2095/2022/1891 2310/2034/1903 2226/2035/1904
f 1930/2021/224 2095/2022/1891 2226/2035/1904
f 1930/2021/224 2226/2035/1904 1935/2036/1905
f 1935/2036/1905 1923/2037/1906 1930/2021/224
f 1930/2021/224 1923/2037/1906 1927/2020/1890
f 1915/2019/1889 1927/2020/1890 1923/2037/1906
f 1906/2010/1880 1915/2019/1889 1923/2037/1906
f 1906/2010/1880 1923/2037/1906 1922/2009/1879
f 1922/2009/1879 1923/2037/1906 1924/2038/1907
f 1924/2038/1907 1923/2037/1906 1935/2036/1905
f 1924/2038/1907 1903/2008/1878 1922/2009/1879
f 1924/2038/1907 1939/2039/1908 2180/2040/1909
f 2180/2040/1909 1903/2008/1878 1924/2038/1907
f 1939/2039/1908 1924/2038/1907 1935/2036/1905
f 1938/2041/1910 1939/2039/1908 1935/2036/1905
f 2226/2035/1904 1938/2041/1910 1935/2036/1905
f 2226/2035/1904 2227/2042/1911 1938/2041/1910
f 2226/2035/1904 2310/2034/1903 2309/2043/1912
f 2227/2042/1911 2226/2035/1904 2309/2043/1912
f 2310/2034/1903 2202/2044/1034 2309/2043/1912
f 2310/2034/1903 2315/2033/1902 2202/2044/1034
f 2315/2033/1902 2320/2032/1901 2202/2044/1034
f 2204/2045/1913 2320/2032/1901 2139/2046/1914
f 2320/2032/1901 2204/2045/1913 2202/2044/1034
f 2320/2032/1901 2141/2031/1900 2139/2046/1914
f 2139/2046/1914 2141/2031/1900 2140/2047/300
f 2141/2031/1900 2142/2030/1899 2140/2047/300
f 2140/2047/300 2142/2030/1899 2284/2048/1915
f 2142/2030/1899 2219/2029/1898 2284/2048/1915
f 2284/2048/1915 2219/2029/1898 2286/2049/1916
f 2219/2029/1898 2230/2028/1897 2286/2049/1916
f 2230/2028/1897 2231/1975/1848 2286/2049/1916
f 2231/1975/1848 2136/2050/1917 2286/2049/1916
f 2231/1975/1848 2295/1974/1847 2136/2050/1917
f 2286/2049/1916 2136/2050/1917 2172/2051/1918
f 2284/2048/1915 2286/2049/1916 2172/2051/1918
f 2173/2052/1919 2284/2048/1915 2172/2051/1918
f 2140/2047/300 2284/2048/1915 2173/2052/1919
f 2214/2053/1920 2140/2047/300 2173/2052/1919
f 2139/2046/1914 2140/2047/300 2214/2053/1920
f 2254/2054/1921 2139/2046/1914 2214/2053/1920
f 2204/2045/1913 2139/2046/1914 2254/2054/1921
f 2205/2055/1922 2204/2045/1913 2254/2054/1921
f 2204/2045/1913 2205/2055/1922 2203/2056/1920
f 2202/2044/1034 2204/2045/1913 2203/2056/1920
f 2202/2044/1034 2203/2056/1920 2309/2043/1912
f 2239/2057/1923 2309/2043/1912 2203/2056/1920
f 2309/2043/1912 2239/2057/1923 2227/2042/1911
f 2227/2042/1911 2175/2058/1924 1938/2041/1910
f 2239/2057/1923 2240/2059/1925 2227/2042/1911
f 2227/2042/1911 2240/2059/1925 2175/2058/1924
f 2239/2057/1923 2064/2060/1926 2240/2059/1925
f 2203/2056/1920 2283/2061/1927 2239/2057/1923
f 2064/2060/1926 2239/2057/1923 2283/2061/1927
f 2203/2056/1920 2261/2062/1928 2283/2061/1927
f 2205/2055/1922 2261/2062/1928 2203/2056/1920
f 2254/2054/1921 2253/2063/1929 2205/2055/1922
f 2253/2063/1929 2261/2062/1928 2205/2055/1922
f 2254/2054/1921 2214/2053/1920 2253/2063/1929
f 2173/2052/1919 2152/2064/1930 2214/2053/1920
f 2214/2053/1920 2215/2065/1931 2253/2063/1929
f 2152/2064/1930 2215/2065/1931 2214/2053/1920
f 2253/2063/1929 2322/2066/1932 2261/2062/1928
f 2215/2065/1931 2321/2067/1933 2253/2063/1929
f 2321/2067/1933 2322/2066/1932 2253/2063/1929
f 2215/2065/1931 2074/2068/1934 2321/2067/1933
f 2152/2064/1930 2074/2068/1934 2215/2065/1931
f 2151/2069/1935 2076/2070/1936 2152/2064/1930
f 2076/2070/1936 2074/2068/1934 2152/2064/1930
f 2151/2069/1935 2152/2064/1930 2173/2052/1919
f 2172/2051/1918 2151/2069/1935 2173/2052/1919
f 2136/2050/1917 2135/2071/1937 2172/2051/1918
f 2151/2069/1935 2172/2051/1918 2135/2071/1937
f 2136/2050/1917 2134/2072/1938 2135/2071/1937
f 2295/1974/1847 2134/2072/1938 2136/2050/1917
f 2134/2072/1938 2295/1974/1847 2234/1973/1846
f 2234/1973/1846 2163/2073/1939 2134/2072/1938
f 2119/1972/1845 2163/2073/1939 2234/1973/1846
f 2134/2072/1938 2133/2074/1940 2135/2071/1937
f 2163/2073/1939 2133/2074/1940 2134/2072/1938
f 2163/2073/1939 2164/2075/1941 2133/2074/1940
f 2164/2075/1941 2163/2073/1939 2119/1972/1845
f 2164/2075/1941 2157/2076/1942 2133/2074/1940
f 2133/2074/1940 2157/2076/1942 2135/2071/1937
f 2157/2076/1942 2154/2077/1943 2135/2071/1937
f 2154/2077/1943 2151/2069/1935 2135/2071/1937
f 2076/2070/1936 2151/2069/1935 2154/2077/1943
f 2153/2078/1944 2076/2070/1936 2154/2077/1943
f 2153/2078/1944 2154/2077/1943 2157/2076/1942
f 2156/2079/1945 2153/2078/1944 2157/2076/1942
f 2257/2080/1946 2156/2079/1945 2157/2076/1942
f 2164/2075/1941 2257/2080/1946 2157/2076/1942
f 2156/2079/1945 2080/2081/1947 2153/2078/1944
f 2156/2079/1945 2257/2080/1946 2080/2081/1947
f 2080/2081/1947 2078/2082/1890 2153/2078/1944
f 2153/2078/1944 2078/2082/1890 2076/2070/1936
f 2074/2068/1934 2076/2070/1936 2075/2083/1948
f 2078/2082/1890 2077/2084/1949 2076/2070/1936
f 2076/2070/1936 2077/2084/1949 2075/2083/1948
f 2078/2082/1890 2079/2085/1950 2077/2084/1949
f 2081/2086/1951 2079/2085/1950 2078/2082/1890
f 2080/2081/1947 2081/2086/1951 2078/2082/1890
f 2080/2081/1947 2082/2087/1952 2081/2086/1951
f 2257/2080/1946 2082/2087/1952 2080/2081/1947
f 2164/2075/1941 2256/2088/1953 2257/2080/1946
f 2257/2080/1946 2256/2088/1953 2082/2087/1952
f 2164/2075/1941 2119/1972/1845 2324/2089/1954
f 2324/2089/1954 2256/2088/1953 2164/2075/1941
f 2119/1972/1845 2272/2090/1955 2324/2089/1954
f 2118/1971/1844 2272/2090/1955 2119/1972/1845
f 2271/1970/1843 2272/2090/1955 2118/1971/1844
f 2271/1970/1843 2014/2091/1956 2272/2090/1955
f 2014/2091/1956 2271/1970/1843 2311/1969/1842
f 2014/2091/1956 2010/2092/1957 2272/2090/1955
f 2272/2090/1955 2010/2092/1957 2324/2089/1954
f 2010/2092/1957 2256/2088/1953 2324/2089/1954
f 2256/2088/1953 2010/2092/1957 2011/2093/1958
f 2256/2088/1953 2011/2093/1958 2082/2087/1952
f 2082/2087/1952 2083/2094/1959 2081/2086/1951
f 2082/2087/1952 2011/2093/1958 2083/2094/1959
f 2081/2086/1951 2083/2094/1959 2137/2095/1960
f 2081/2086/1951 2137/2095/1960 2079/2085/1950
f 2137/2095/1960 2124/2096/1961 2079/2085/1950
f 2077/2084/1949 2079/2085/1950 2124/2096/1961
f 2077/2084/1949 2124/2096/1961 2123/2097/1962
f 2075/2083/1948 2077/2084/1949 2123/2097/1962
f 2124/2096/1961 1965/2098/1963 2123/2097/1962
f 2124/2096/1961 2137/2095/1960 1967/2099/1964
f 2124/2096/1961 1967/2099/1964 1965/2098/1963
f 2137/2095/1960 1961/2100/1965 1967/2099/1964
f 2083/2094/1959 2138/2101/1966 2137/2095/1960
f 2137/2095/1960 2138/2101/1966 1961/2100/1965
f 2083/2094/1959 2011/2093/1958 2013/2102/1967
f 2083/2094/1959 2013/2102/1967 2138/2101/1966
f 2011/2093/1958 2010/2092/1957 2012/2103/1968
f 2012/2103/1968 2013/2102/1967 2011/2093/1958
f 2010/2092/1957 2014/2091/1956 2012/2103/1968
f 2012/2103/1968 2128/2104/1969 2013/2102/1967
f 2013/2102/1967 2128/2104/1969 2138/2101/1966
f 2138/2101/1966 1963/2105/1970 1961/2100/1965
f 2138/2101/1966 2128/2104/1969 1963/2105/1970
f 1961/2100/1965 1963/2105/1970 1962/2106/1971
f 1961/2100/1965 1962/2106/1971 1968/2107/1972
f 1967/2099/1964 1961/2100/1965 1968/2107/1972
f 1967/2099/1964 1968/2107/1972 1966/2108/1973
f 1965/2098/1963 1967/2099/1964 1966/2108/1973
f 1968/2107/1972 2001/2109/1974 1966/2108/1973
f 1968/2107/1972 1962/2106/1971 2001/2109/1974
f 1966/2108/1973 2001/2109/1974 1994/2110/1975
f 1962/2106/1971 1943/2111/1976 2001/2109/1974
f 1963/2105/1970 1964/2112/1977 1962/2106/1971
f 1962/2106/1971 1964/2112/1977 1943/2111/1976
f 1963/2105/1970 1957/2113/1978 1964/2112/1977
f 2128/2104/1969 1957/2113/1978 1963/2105/1970
f 1957/2113/1978 1958/2114/1979 1964/2112/1977
f 1964/2112/1977 1958/2114/1979 1943/2111/1976
f 1957/2113/1978 1959/2115/1980 1958/2114/1979
f 2132/2116/1981 1959/2115/1980 1957/2113/1978
f 2128/2104/1969 2132/2116/1981 1957/2113/1978
f 2012/2103/1968 2015/2117/1982 2128/2104/1969
f 2015/2117/1982 2132/2116/1981 2128/2104/1969
f 2012/2103/1968 2014/2091/1956 2015/2117/1982
f 2015/2117/1982 2017/2118/1983 2132/2116/1981
f 2014/2091/1956 2016/2119/1984 2015/2117/1982
f 2016/2119/1984 2017/2118/1983 2015/2117/1982
f 2014/2091/1956 2260/2120/1985 2016/2119/1984
f 2260/2120/1985 2014/2091/1956 2311/1969/1842
f 2260/2120/1985 2311/1969/1842 2201/1968/1841
f 2276/2121/1986 2260/2120/1985 2201/1968/1841
f 2276/2121/1986 2018/2122/1987 2260/2120/1985
f 2018/2122/1987 2016/2119/1984 2260/2120/1985
f 2018/2122/1987 2019/2123/1988 2016/2119/1984
f 2019/2123/1988 2017/2118/1983 2016/2119/1984
f 2019/2123/1988 2269/2124/1989 2017/2118/1983
f 2269/2124/1989 2132/2116/1981 2017/2118/1983
f 2132/2116/1981 2269/2124/1989 1959/2115/1980
f 1959/2115/1980 1960/2125/1990 1958/2114/1979
f 2269/2124/1989 1953/2126/1991 1959/2115/1980
f 1959/2115/1980 1953/2126/1991 1960/2125/1990
f 1958/2114/1979 1960/2125/1990 1944/2127/1992
f 1953/2126/1991 1954/2128/1993 1960/2125/1990
f 1960/2125/1990 1954/2128/1993 1944/2127/1992
f 1953/2126/1991 1955/2129/1994 1954/2128/1993
f 2161/2130/1995 1955/2129/1994 1953/2126/1991
f 2269/2124/1989 2161/2130/1995 1953/2126/1991
f 2019/2123/1988 2021/2131/1996 2269/2124/1989
f 2021/2131/1996 2161/2130/1995 2269/2124/1989
f 2019/2123/1988 2020/2132/1997 2021/2131/1996
f 2018/2122/1987 2020/2132/1997 2019/2123/1988
f 2276/2121/1986 2277/2133/1998 2018/2122/1987
f 2277/2133/1998 2020/2132/1997 2018/2122/1987
f 2276/2121/1986 2201/1968/1841 2277/2133/1998
f 2200/1967/1840 2277/2133/1998 2201/1968/1841
f 2285/2134/1999 2277/2133/1998 2200/1967/1840
f 2277/2133/1998 2285/2134/1999 2020/2132/1997
f 2020/2132/1997 2022/2135/2000 2021/2131/1996
f 2285/2134/1999 2022/2135/2000 2020/2132/1997
f 2022/2135/2000 2023/2136/2001 2021/2131/1996
f 2021/2131/1996 2023/2136/2001 2161/2130/1995
f 2161/2130/1995 2162/2137/2002 1955/2129/1994
f 2023/2136/2001 2162/2137/2002 2161/2130/1995
f 2022/2135/2000 2025/2138/2003 2023/2136/2001
f 2025/2138/2003 2162/2137/2002 2023/2136/2001
f 2022/2135/2000 2024/2139/2004 2025/2138/2003
f 2285/2134/1999 2024/2139/2004 2022/2135/2000
f 2024/2139/2004 2285/2134/1999 2290/2140/2005
f 2290/2140/2005 2285/2134/1999 2200/1967/1840
f 2290/2140/2005 2200/1967/1840 2329/1950/1823
f 2289/2141/2006 2290/2140/2005 2329/1950/1823
f 2289/2141/2006 2024/2139/2004 2290/2140/2005
f 2329/1950/1823 2312/1949/1822 2289/2141/2006
f 2289/2141/2006 2026/2142/2007 2024/2139/2004
f 2024/2139/2004 2026/2142/2007 2025/2138/2003
f 2026/2142/2007 2027/2143/2008 2025/2138/2003
f 2025/2138/2003 2027/2143/2008 2162/2137/2002
f 2162/2137/2002 1992/2144/2009 1955/2129/1994
f 2027/2143/2008 2300/2145/2010 2162/2137/2002
f 2162/2137/2002 2300/2145/2010 1992/2144/2009
f 2027/2143/2008 2028/2146/2011 2029/2147/2012
f 2027/2143/2008 2029/2147/2012 2300/2145/2010
f 2027/2143/2008 2026/2142/2007 2028/2146/2011
f 2028/2146/2011 2031/2148/2013 2029/2147/2012
f 2258/2149/2014 2300/2145/2010 2029/2147/2012
f 2031/2148/2013 2258/2149/2014 2029/2147/2012
f 2300/2145/2010 1990/2150/2015 1992/2144/2009
f 2300/2145/2010 2258/2149/2014 1990/2150/2015
f 1990/2150/2015 1991/2151/2016 1992/2144/2009
f 1992/2144/2009 1991/2151/2016 1956/2152/2017
f 1955/2129/1994 1992/2144/2009 1956/2152/2017
f 1955/2129/1994 1956/2152/2017 1954/2128/1993
f 1954/2128/1993 1956/2152/2017 1945/2153/2018
f 1956/2152/2017 1991/2151/2016 1945/2153/2018
f 1954/2128/1993 1945/2153/2018 1944/2127/1992
f 1991/2151/2016 1989/1816/1689 2009/1815/1688
f 1991/2151/2016 2009/1815/1688 1945/2153/2018
f 1991/2151/2016 1990/2150/2015 1989/1816/1689
f 1990/2150/2015 1988/1817/1690 1989/1816/1689
f 2258/2149/2014 1988/1817/1690 1990/2150/2015
f 2258/2149/2014 2259/1818/1691 1988/1817/1690
f 2031/2148/2013 2033/2154/2019 2258/2149/2014
f 2033/2154/2019 2259/1818/1691 2258/2149/2014
f 2033/2154/2019 2035/1819/1692 2259/1818/1691
f 2034/2155/2020 2035/1819/1692 2033/2154/2019
f 2037/1820/1693 2035/1819/1692 2034/2155/2020
f 2036/1836/1709 2037/1820/1693 2034/2155/2020
f 2302/1860/1733 2036/1836/1709 2034/2155/2020
f 2302/1860/1733 2034/2155/2020 2032/2156/2021
f 2032/2156/2021 2034/2155/2020 2033/2154/2019
f 2032/2156/2021 2033/2154/2019 2031/2148/2013
f 2030/2157/2022 2032/2156/2021 2031/2148/2013
f 2030/2157/2022 2031/2148/2013 2028/2146/2011
f 2030/2157/2022 2299/2158/2023 2032/2156/2021
f 2299/2158/2023 2302/1860/1733 2032/2156/2021
f 2302/1860/1733 2299/2158/2023 2267/1861/1734
f 2267/1861/1734 2299/2158/2023 2268/2159/2024
f 2298/2160/2025 2299/2158/2023 2030/2157/2022
f 2299/2158/2023 2298/2160/2025 2268/2159/2024
f 2030/2157/2022 2292/2161/2026 2298/2160/2025
f 2298/2160/2025 2292/2161/2026 2268/2159/2024
f 2030/2157/2022 2028/2146/2011 2292/2161/2026
f 2292/2161/2026 2028/2146/2011 2026/2142/2007
f 2292/2161/2026 2026/2142/2007 2274/2162/2027
f 2292/2161/2026 2274/2162/2027 2268/2159/2024
f 2267/1861/1734 2268/2159/2024 2249/2163/2028
f 2274/2162/2027 2223/2164/2029 2268/2159/2024
f 2249/2163/2028 2268/2159/2024 2223/2164/2029
f 2274/2162/2027 2291/2165/2030 2223/2164/2029
f 2026/2142/2007 2291/2165/2030 2274/2162/2027
f 2291/2165/2030 2026/2142/2007 2289/2141/2006
f 2291/2165/2030 2289/2141/2006 2312/1949/1822
f 2221/1948/1821 2291/2165/2030 2312/1949/1822
f 2291/2165/2030 2221/1948/1821 2223/2164/2029
f 2222/1925/1798 2223/2164/2029 2221/1948/1821
f 2222/1925/1798 2248/1924/1797 2223/2164/2029
f 2248/1924/1797 2249/2163/2028 2223/2164/2029
f 2249/2163/2028 2248/1924/1797 2262/1862/1735
f 2262/1862/1735 2267/1861/1734 2249/2163/2028
f 1958/2114/1979 1944/2127/1992 1943/2111/1976
f 1943/2111/1976 1944/2127/1992 1941/2166/2031
f 1944/2127/1992 1945/2153/2018 1941/2166/2031
f 1941/2166/2031 1942/2167/1974 1943/2111/1976
f 1945/2153/2018 1946/2168/2032 1941/2166/2031
f 1941/2166/2031 1940/2169/1975 1942/2167/1974
f 1946/2168/2032 1947/2170/2033 1941/2166/2031
f 1941/2166/2031 1952/2171/2034 1940/2169/1975
f 1947/2170/2033 1948/2172/2035 1941/2166/2031
f 1941/2166/2031 1951/2173/2036 1952/2171/2034
f 1948/2172/2035 1949/2174/1657 1941/2166/2031
f 1941/2166/2031 1950/2175/2037 1951/2173/2036
f 1949/2174/1657 1950/2175/2037 1941/2166/2031
f 2149/1914/1787 2150/1915/1788 2148/1935/1808
f 2147/2176/2038 2149/1914/1787 2148/1935/1808
f 2147/2176/2038 2148/1935/1808 2242/1984/1857
f 2492/2177/2039 2496/2178/933 2495/2179/2040
f 2491/2180/934 2492/2177/2039 2495/2179/2040
f 2491/2180/934 2495/2179/2040 2494/2181/2041
f 2491/2180/934 2445/2182/935 2492/2177/2039
f 2444/2183/2042 2445/2182/935 2491/2180/934
f 2445/2182/935 2444/2183/2042 2446/2184/1387
f 2491/2180/934 2494/2181/2041 2493/2185/2043
f 2444/2183/2042 2491/2180/934 2493/2185/2043
f 2443/2186/2044 2444/2183/2042 2493/2185/2043
f 2442/2187/2045 2444/2183/2042 2443/2186/2044
f 2444/2183/2042 2442/2187/2045 2446/2184/1387
f 2442/2187/2045 2454/2188/2046 2446/2184/1387
f 2454/2188/2046 2455/2189/1385 2446/2184/1387
f 2454/2188/2046 2470/2190/2047 2455/2189/1385
f 2470/2190/2047 2471/2191/1383 2455/2189/1385
f 2454/2188/2046 2458/2192/2048 2470/2190/2047
f 2470/2190/2047 2459/2193/2049 2471/2191/1383
f 2458/2192/2048 2459/2193/2049 2470/2190/2047
f 2459/2193/2049 2472/2194/1382 2471/2191/1383
f 2472/2194/1382 2459/2193/2049 2473/2195/1381
f 2473/2195/1381 2474/2196/2050 2468/2197/409
f 2459/2193/2049 2474/2196/2050 2473/2195/1381
f 2458/2192/2048 2456/2198/2051 2459/2193/2049
f 2459/2193/2049 2456/2198/2051 2474/2196/2050
f 2474/2196/2050 2465/2199/2052 2468/2197/409
f 2474/2196/2050 2456/2198/2051 2465/2199/2052
f 2465/2199/2052 2466/2200/2053 2468/2197/409
f 2466/2200/2053 2469/2201/366 2468/2197/409
f 2465/2199/2052 2460/2202/2054 2466/2200/2053
f 2466/2200/2053 2461/2203/2055 2469/2201/366
f 2460/2202/2054 2461/2203/2055 2466/2200/2053
f 2461/2203/2055 2475/2204/2056 2469/2201/366
f 2477/2205/2057 2475/2204/2056 2461/2203/2055
f 2467/2206/2058 2477/2205/2057 2461/2203/2055
f 2453/2207/1351 2477/2205/2057 2467/2206/2058
f 2461/2203/2055 2462/2208/2059 2467/2206/2058
f 2460/2202/2054 2462/2208/2059 2461/2203/2055
f 2462/2208/2059 2452/2209/2060 2467/2206/2058
f 2452/2209/2060 2453/2207/1351 2467/2206/2058
f 2440/2210/1343 2453/2207/1351 2452/2209/2060
f 2438/2211/2061 2440/2210/1343 2452/2209/2060
f 2438/2211/2061 2452/2209/2060 2451/2212/2062
f 2451/2212/2062 2452/2209/2060 2462/2208/2059
f 2451/2212/2062 2462/2208/2059 2450/2213/2063
f 2462/2208/2059 2460/2202/2054 2463/2214/2064
f 2462/2208/2059 2463/2214/2064 2450/2213/2063
f 2460/2202/2054 2476/2215/2065 2463/2214/2064
f 2465/2199/2052 2464/2216/2066 2460/2202/2054
f 2460/2202/2054 2464/2216/2066 2476/2215/2065
f 2465/2199/2052 2456/2198/2051 2464/2216/2066
f 2476/2215/2065 2464/2216/2066 2456/2198/2051
f 2457/2217/2067 2476/2215/2065 2456/2198/2051
f 2456/2198/2051 2458/2192/2048 2457/2217/2067
f 2457/2217/2067 2449/2218/2068 2476/2215/2065
f 2463/2214/2064 2476/2215/2065 2449/2218/2068
f 2450/2213/2063 2463/2214/2064 2449/2218/2068
f 2450/2213/2063 2449/2218/2068 2432/2219/2069
f 2434/2220/2070 2450/2213/2063 2432/2219/2069
f 2451/2212/2062 2450/2213/2063 2434/2220/2070
f 2435/2221/2071 2451/2212/2062 2434/2220/2070
f 2435/2221/2071 2438/2211/2061 2451/2212/2062
f 2434/2220/2070 2430/2222/2072 2435/2221/2071
f 2430/2222/2072 2434/2220/2070 2432/2219/2069
f 2430/2222/2072 2437/2223/2073 2435/2221/2071
f 2437/2223/2073 2438/2211/2061 2435/2221/2071
f 2436/2224/2074 2438/2211/2061 2437/2223/2073
f 2440/2210/1343 2438/2211/2061 2436/2224/2074
f 2439/2225/1342 2440/2210/1343 2436/2224/2074
f 2439/2225/1342 2436/2224/2074 2478/2226/2075
f 2436/2224/2074 2479/2227/2076 2478/2226/2075
f 2436/2224/2074 2437/2223/2073 2479/2227/2076
f 2478/2226/2075 2479/2227/2076 2481/2228/1334
f 2437/2223/2073 2480/2229/2077 2479/2227/2076
f 2437/2223/2073 2430/2222/2072 2480/2229/2077
f 2479/2227/2076 2480/2229/2077 2482/2230/2078
f 2479/2227/2076 2482/2230/2078 2481/2228/1334
f 2482/2230/2078 2485/2231/2079 2481/2228/1334
f 2485/2231/2079 2486/2232/1016 2481/2228/1334
f 2486/2232/1016 2485/2231/2079 2490/2233/1331
f 2485/2231/2079 2487/2234/2080 2489/2235/2081
f 2485/2231/2079 2489/2235/2081 2490/2233/1331
f 2485/2231/2079 2482/2230/2078 2487/2234/2080
f 2480/2229/2077 2483/2236/2082 2482/2230/2078
f 2483/2236/2082 2487/2234/2080 2482/2230/2078
f 2480/2229/2077 2371/2237/2083 2483/2236/2082
f 2430/2222/2072 2371/2237/2083 2480/2229/2077
f 2430/2222/2072 2432/2219/2069 2431/2238/2084
f 2430/2222/2072 2431/2238/2084 2371/2237/2083
f 2432/2219/2069 2433/2239/2085 2431/2238/2084
f 2432/2219/2069 2449/2218/2068 2448/2240/2086
f 2433/2239/2085 2432/2219/2069 2448/2240/2086
f 2449/2218/2068 2457/2217/2067 2448/2240/2086
f 2448/2240/2086 2457/2217/2067 2458/2192/2048
f 2447/2241/2087 2448/2240/2086 2458/2192/2048
f 2433/2239/2085 2448/2240/2086 2447/2241/2087
f 2458/2192/2048 2454/2188/2046 2447/2241/2087
f 2447/2241/2087 2454/2188/2046 2442/2187/2045
f 2441/2242/2088 2447/2241/2087 2442/2187/2045
f 2441/2242/2088 2433/2239/2085 2447/2241/2087
f 2431/2238/2084 2433/2239/2085 2441/2242/2088
f 2431/2238/2084 2441/2242/2088 2443/2186/2044
f 2441/2242/2088 2442/2187/2045 2443/2186/2044
f 2443/2186/2044 2493/2185/2043 2431/2238/2084
f 2431/2238/2084 2370/2243/2089 2371/2237/2083
f 2493/2185/2043 2370/2243/2089 2431/2238/2084
f 2370/2243/2089 2493/2185/2043 2385/2244/2090
f 2385/2244/2090 2493/2185/2043 2494/2181/2041
f 2384/2245/2091 2385/2244/2090 2494/2181/2041
f 2384/2245/2091 2494/2181/2041 2501/2246/2092
f 2384/2245/2091 2386/2247/2093 2385/2244/2090
f 2501/2246/2092 2387/2248/2094 2384/2245/2091
f 2386/2247/2093 2384/2245/2091 2387/2248/2094
f 2386/2247/2093 2387/2248/2094 2415/2249/2095
f 2387/2248/2094 2501/2246/2092 2415/2249/2095
f 2501/2246/2092 2423/2250/2096 2415/2249/2095
f 2415/2249/2095 2423/2250/2096 2416/2251/2097
f 2416/2251/2097 2423/2250/2096 2500/2252/2098
f 2416/2251/2097 2500/2252/2098 2497/2253/2099
f 2497/2253/2099 2498/2254/2100 2416/2251/2097
f 2497/2253/2099 3123/2255/2101 2498/2254/2100
f 2416/2251/2097 2498/2254/2100 2499/2256/2102
f 3123/2255/2101 2561/2257/2103 2498/2254/2100
f 2498/2254/2100 2561/2257/2103 2499/2256/2102
f 3123/2255/2101 2560/2258/2104 2561/2257/2103
f 2560/2258/2104 2525/2259/2105 2561/2257/2103
f 2525/2259/2105 2554/2260/2106 2561/2257/2103
f 2561/2257/2103 2554/2260/2106 2499/2256/2102
f 2525/2259/2105 2523/2261/2107 2524/2262/2108
f 2525/2259/2105 2524/2262/2108 2554/2260/2106
f 2523/2261/2107 2522/2263/2109 2524/2262/2108
f 2524/2262/2108 2555/2264/2110 2554/2260/2106
f 2559/2265/2111 2555/2264/2110 2524/2262/2108
f 2558/2266/2112 2559/2265/2111 2524/2262/2108
f 2558/2266/2112 3124/2267/2113 2559/2265/2111
f 2981/2268/2114 2982/2269/2115 3124/2267/2113
f 3124/2267/2113 2982/2269/2115 2559/2265/2111
f 2981/2268/2114 2978/2270/2116 2982/2269/2115
f 2978/2270/2116 2559/2265/2111 2982/2269/2115
f 2559/2265/2111 2978/2270/2116 2977/2271/2117
f 2555/2264/2110 2559/2265/2111 2977/2271/2117
f 2556/2272/2118 2555/2264/2110 2977/2271/2117
f 2555/2264/2110 2556/2272/2118 2554/2260/2106
f 2556/2272/2118 2557/2273/2119 2554/2260/2106
f 2554/2260/2106 2557/2273/2119 2499/2256/2102
f 2556/2272/2118 2975/2274/2120 2557/2273/2119
f 2557/2273/2119 2975/2274/2120 2499/2256/2102
f 2556/2272/2118 2976/2275/2121 2975/2274/2120
f 2976/2275/2121 2556/2272/2118 2977/2271/2117
f 2976/2275/2121 2977/2271/2117 2424/2276/2122
f 2977/2271/2117 2978/2270/2116 2413/2277/2123
f 2424/2276/2122 2977/2271/2117 2413/2277/2123
f 2978/2270/2116 2981/2268/2114 2413/2277/2123
f 2980/2278/1766 2413/2277/2123 2981/2268/2114
f 2979/2279/2124 2413/2277/2123 2980/2278/1766
f 2413/2277/2123 2979/2279/2124 2411/2280/2125
f 2979/2279/2124 2983/2281/2126 2411/2280/2125
f 2983/2281/2126 2984/2282/2127 2411/2280/2125
f 2984/2282/2127 2410/2283/2128 2411/2280/2125
f 2984/2282/2127 2985/2284/2129 2410/2283/2128
f 2410/2283/2128 2390/2285/2130 2411/2280/2125
f 2985/2284/2129 2409/2286/2131 2410/2283/2128
f 2390/2285/2130 2410/2283/2128 2409/2286/2131
f 2985/2284/2129 2986/2287/2132 2409/2286/2131
f 2390/2285/2130 2409/2286/2131 2391/2288/2133
f 2391/2288/2133 2409/2286/2131 2986/2287/2132
f 2391/2288/2133 2986/2287/2132 2974/2289/2134
f 2974/2289/2134 2986/2287/2132 2987/2290/2129
f 2974/2289/2134 2389/2291/2135 2391/2288/2133
f 2390/2285/2130 2391/2288/2133 2389/2291/2135
f 2388/2292/2136 2390/2285/2130 2389/2291/2135
f 2388/2292/2136 2389/2291/2135 2974/2289/2134
f 2864/2293/2137 2388/2292/2136 2974/2289/2134
f 2864/2293/2137 2974/2289/2134 2987/2290/2129
f 2864/2293/2137 2987/2290/2129 2862/2294/2138
f 2987/2290/2129 2988/2295/2139 2862/2294/2138
f 2862/2294/2138 2863/2296/2140 2864/2293/2137
f 2388/2292/2136 2864/2293/2137 2901/2297/2141
f 2864/2293/2137 2863/2296/2140 2901/2297/2141
f 2901/2297/2141 2408/2298/2142 2388/2292/2136
f 2392/2299/2143 2390/2285/2130 2388/2292/2136
f 2392/2299/2143 2388/2292/2136 2408/2298/2142
f 2392/2299/2143 2408/2298/2142 2407/2300/2144
f 2408/2298/2142 2901/2297/2141 2897/2301/2145
f 2407/2300/2144 2408/2298/2142 2897/2301/2145
f 2901/2297/2141 2894/2302/2146 2897/2301/2145
f 2863/2296/2140 2894/2302/2146 2901/2297/2141
f 2862/2294/2138 2861/2303/2147 2863/2296/2140
f 2894/2302/2146 2863/2296/2140 2895/2304/2148
f 2863/2296/2140 2861/2303/2147 2895/2304/2148
f 2894/2302/2146 2895/2304/2148 2893/2305/2149
f 2861/2303/2147 2973/2306/2150 2895/2304/2148
f 2893/2305/2149 2895/2304/2148 2967/2307/2151
f 2967/2307/2151 2895/2304/2148 2973/2306/2150
f 2967/2307/2151 2900/2308/2152 2893/2305/2149
f 2967/2307/2151 2973/2306/2150 2966/2309/2153
f 2967/2307/2151 2966/2309/2153 2900/2308/2152
f 2973/2306/2150 2970/2310/2154 2966/2309/2153
f 2966/2309/2153 2888/2311/2155 2900/2308/2152
f 2888/2311/2155 2966/2309/2153 2970/2310/2154
f 2888/2311/2155 2889/2312/2156 2900/2308/2152
f 2893/2305/2149 2900/2308/2152 2899/2313/2157
f 2889/2312/2156 2899/2313/2157 2900/2308/2152
f 2893/2305/2149 2892/2314/2158 2894/2302/2146
f 2892/2314/2158 2893/2305/2149 2899/2313/2157
f 2892/2314/2158 2896/2315/2159 2894/2302/2146
f 2896/2315/2159 2897/2301/2145 2894/2302/2146
f 2897/2301/2145 2896/2315/2159 2878/2316/2160
f 2407/2300/2144 2897/2301/2145 2878/2316/2160
f 2375/2317/2161 2407/2300/2144 2878/2316/2160
f 2375/2317/2161 2392/2299/2143 2407/2300/2144
f 2878/2316/2160 2377/2318/2162 2375/2317/2161
f 2878/2316/2160 2896/2315/2159 2879/2319/2163
f 2878/2316/2160 2879/2319/2163 2377/2318/2162
f 2896/2315/2159 2892/2314/2158 2898/2320/2164
f 2896/2315/2159 2898/2320/2164 2879/2319/2163
f 2892/2314/2158 2899/2313/2157 2898/2320/2164
f 2898/2320/2164 2899/2313/2157 2889/2312/2156
f 2891/2321/2165 2898/2320/2164 2889/2312/2156
f 2898/2320/2164 2891/2321/2165 2880/2322/2166
f 2879/2319/2163 2898/2320/2164 2880/2322/2166
f 2879/2319/2163 2880/2322/2166 2378/2323/2167
f 2377/2318/2162 2879/2319/2163 2378/2323/2167
f 2358/2324/2168 2377/2318/2162 2378/2323/2167
f 2377/2318/2162 2358/2324/2168 2376/2325/2169
f 2375/2317/2161 2377/2318/2162 2376/2325/2169
f 2358/2324/2168 2379/2326/2170 2376/2325/2169
f 2376/2325/2169 2379/2326/2170 2381/2327/2171
f 2375/2317/2161 2376/2325/2169 2381/2327/2171
f 2381/2327/2171 2397/2328/2172 2375/2317/2161
f 2397/2328/2172 2392/2299/2143 2375/2317/2161
f 2402/2329/2173 2392/2299/2143 2397/2328/2172
f 2402/2329/2173 2390/2285/2130 2392/2299/2143
f 2397/2328/2172 2401/2330/2174 2402/2329/2173
f 2381/2327/2171 2400/2331/2175 2397/2328/2172
f 2400/2331/2175 2401/2330/2174 2397/2328/2172
f 2381/2327/2171 2394/2332/2176 2400/2331/2175
f 2394/2332/2176 2381/2327/2171 2379/2326/2170
f 2394/2332/2176 2396/2333/2177 2400/2331/2175
f 2403/2334/2178 2401/2330/2174 2400/2331/2175
f 2396/2333/2177 2403/2334/2178 2400/2331/2175
f 2394/2332/2176 2395/2335/2179 2396/2333/2177
f 2396/2333/2177 2395/2335/2179 2403/2334/2178
f 2394/2332/2176 2383/2336/2180 2393/2337/2181
f 2393/2337/2181 2395/2335/2179 2394/2332/2176
f 2383/2336/2180 2394/2332/2176 2379/2326/2170
f 2369/2338/2182 2383/2336/2180 2379/2326/2170
f 2359/2339/2183 2369/2338/2182 2379/2326/2170
f 2359/2339/2183 2379/2326/2170 2358/2324/2168
f 2356/2340/2184 2359/2339/2183 2358/2324/2168
f 2357/2341/2185 2356/2340/2184 2358/2324/2168
f 2358/2324/2168 2378/2323/2167 2357/2341/2185
f 2378/2323/2167 2429/2342/2186 2357/2341/2185
f 2880/2322/2166 2881/2343/2187 2378/2323/2167
f 2429/2342/2186 2378/2323/2167 2881/2343/2187
f 2880/2322/2166 2890/2344/2188 2881/2343/2187
f 2880/2322/2166 2891/2321/2165 2890/2344/2188
f 2890/2344/2188 2891/2321/2165 2885/2345/2189
f 2891/2321/2165 2889/2312/2156 2885/2345/2189
f 2888/2311/2155 2887/2346/2190 2889/2312/2156
f 2887/2346/2190 2885/2345/2189 2889/2312/2156
f 2888/2311/2155 2969/2347/2191 2887/2346/2190
f 2969/2347/2191 2888/2311/2155 2970/2310/2154
f 2969/2347/2191 2968/2348/2192 2887/2346/2190
f 2969/2347/2191 2972/2349/2193 2971/2350/2194
f 2968/2348/2192 2969/2347/2191 2971/2350/2194
f 2969/2347/2191 2970/2310/2154 2972/2349/2193
f 2929/2351/2195 2972/2349/2193 2970/2310/2154
f 2911/2352/2196 2929/2351/2195 2970/2310/2154
f 2973/2306/2150 2911/2352/2196 2970/2310/2154
f 2973/2306/2150 2861/2303/2147 2989/2353/2197
f 2973/2306/2150 2989/2353/2197 2911/2352/2196
f 2861/2303/2147 2990/2354/2198 2989/2353/2197
f 2861/2303/2147 2862/2294/2138 3069/2355/2199
f 2990/2354/2198 2861/2303/2147 3069/2355/2199
f 2862/2294/2138 2988/2295/2139 3069/2355/2199
f 3068/2356/2200 3066/2357/2201 3069/2355/2199
f 3069/2355/2199 2988/2295/2139 3068/2356/2200
f 3066/2357/2201 2990/2354/2198 3069/2355/2199
f 2989/2353/2197 2990/2354/2198 3066/2357/2201
f 3065/2358/2202 2989/2353/2197 3066/2357/2201
f 3065/2358/2202 3066/2357/2201 3068/2356/2200
f 3065/2358/2202 2912/2359/2203 2989/2353/2197
f 2989/2353/2197 2912/2359/2203 2911/2352/2196
f 3065/2358/2202 3067/2360/2204 2912/2359/2203
f 3067/2360/2204 3065/2358/2202 3068/2356/2200
f 3068/2356/2200 2961/2361/2205 3067/2360/2204
f 2988/2295/2139 2961/2361/2205 3068/2356/2200
f 2961/2361/2205 2988/2295/2139 2960/2362/2206
f 2960/2362/2206 2962/2363/2207 2961/2361/2205
f 2964/2364/2124 2962/2363/2207 2960/2362/2206
f 2961/2361/2205 2962/2363/2207 2963/2365/2208
f 3085/2366/2209 2961/2361/2205 2963/2365/2208
f 2961/2361/2205 3085/2366/2209 3067/2360/2204
f 2963/2365/2208 3091/2367/2210 3085/2366/2209
f 3067/2360/2204 3085/2366/2209 3084/2368/2211
f 3091/2367/2210 3090/2369/2212 3085/2366/2209
f 3084/2368/2211 3085/2366/2209 3090/2369/2212
f 3091/2367/2210 3082/2370/2213 3090/2369/2212
f 3083/2371/2214 3090/2369/2212 3082/2370/2213
f 3083/2371/2214 3084/2368/2211 3090/2369/2212
f 3083/2371/2214 3082/2370/2213 3084/2368/2211
f 3082/2370/2213 3080/2372/2215 3084/2368/2211
f 3071/2373/2216 3067/2360/2204 3084/2368/2211
f 3071/2373/2216 3084/2368/2211 3080/2372/2215
f 3071/2373/2216 3070/2374/2217 3067/2360/2204
f 2905/2375/2218 2912/2359/2203 3067/2360/2204
f 2905/2375/2218 3067/2360/2204 3070/2374/2217
f 2905/2375/2218 2907/2376/2219 2912/2359/2203
f 2912/2359/2203 2907/2376/2219 2911/2352/2196
f 2905/2375/2218 2906/2377/2220 2907/2376/2219
f 2907/2376/2219 2910/2378/2221 2911/2352/2196
f 2906/2377/2220 2910/2378/2221 2907/2376/2219
f 2910/2378/2221 2908/2379/2222 2911/2352/2196
f 2908/2379/2222 2929/2351/2195 2911/2352/2196
f 2910/2378/2221 2909/2380/2223 2908/2379/2222
f 2910/2378/2221 2906/2377/2220 2909/2380/2223
f 2909/2380/2223 2906/2377/2220 2934/2381/2224
f 2904/2382/2225 2906/2377/2220 2905/2375/2218
f 2906/2377/2220 2904/2382/2225 2934/2381/2224
f 2905/2375/2218 2956/2383/2226 2904/2382/2225
f 2905/2375/2218 3070/2374/2217 2956/2383/2226
f 2956/2383/2226 3070/2374/2217 2957/2384/2227
f 3070/2374/2217 3071/2373/2216 2957/2384/2227
f 2957/2384/2227 3071/2373/2216 3080/2372/2215
f 2957/2384/2227 3080/2372/2215 2958/2385/2228
f 2957/2384/2227 2958/2385/2228 2955/2386/2229
f 2956/2383/2226 2957/2384/2227 2955/2386/2229
f 2956/2383/2226 2955/2386/2229 2945/2387/2230
f 2904/2382/2225 2956/2383/2226 2945/2387/2230
f 2939/2388/2231 2904/2382/2225 2945/2387/2230
f 2904/2382/2225 2939/2388/2231 2934/2381/2224
f 2945/2387/2230 2940/2389/2232 2939/2388/2231
f 2934/2381/2224 2939/2388/2231 2933/2390/2233
f 2939/2388/2231 2940/2389/2232 2933/2390/2233
f 2934/2381/2224 2933/2390/2233 2923/2391/2234
f 2903/2392/2235 2934/2381/2224 2923/2391/2234
f 2903/2392/2235 2909/2380/2223 2934/2381/2224
f 2903/2392/2235 2876/2393/2236 2909/2380/2223
f 2876/2393/2236 2908/2379/2222 2909/2380/2223
f 2908/2379/2222 2876/2393/2236 2913/2394/2237
f 2908/2379/2222 2913/2394/2237 2929/2351/2195
f 2972/2349/2193 2929/2351/2195 2913/2394/2237
f 2913/2394/2237 2993/2395/2238 2972/2349/2193
f 2876/2393/2236 2877/2396/2239 2913/2394/2237
f 2913/2394/2237 2877/2396/2239 2993/2395/2238
f 2876/2393/2236 2875/2397/2240 2877/2396/2239
f 2877/2396/2239 2991/2398/2241 2993/2395/2238
f 2877/2396/2239 2875/2397/2240 2991/2398/2241
f 2875/2397/2240 2992/2399/2242 2991/2398/2241
f 2875/2397/2240 2902/2400/2243 2992/2399/2242
f 2902/2400/2243 2994/2401/2244 2992/2399/2242
f 2902/2400/2243 2928/2402/2245 2994/2401/2244
f 2928/2402/2245 2995/2403/2246 2994/2401/2244
f 2996/2404/2247 2995/2403/2246 2928/2402/2245
f 2927/2405/2248 2996/2404/2247 2928/2402/2245
f 2998/2406/2249 2996/2404/2247 2927/2405/2248
f 2971/2350/2194 2998/2406/2249 2927/2405/2248
f 2997/2407/2250 2998/2406/2249 2971/2350/2194
f 2972/2349/2193 2997/2407/2250 2971/2350/2194
f 2993/2395/2238 2997/2407/2250 2972/2349/2193
f 2971/2350/2194 2927/2405/2248 2968/2348/2192
f 2887/2346/2190 2968/2348/2192 2959/2408/2251
f 2959/2408/2251 2968/2348/2192 2927/2405/2248
f 2959/2408/2251 2927/2405/2248 2926/2409/2252
f 2926/2409/2252 2927/2405/2248 2925/2410/2253
f 2925/2410/2253 2927/2405/2248 2928/2402/2245
f 2925/2410/2253 2928/2402/2245 2924/2411/2254
f 2924/2411/2254 2928/2402/2245 2902/2400/2243
f 2924/2411/2254 2902/2400/2243 2872/2412/2255
f 2872/2412/2255 2902/2400/2243 2873/2413/2256
f 2873/2413/2256 2902/2400/2243 2875/2397/2240
f 2873/2413/2256 2875/2397/2240 2874/2414/2257
f 2875/2397/2240 2876/2393/2236 2874/2414/2257
f 2876/2393/2236 2903/2392/2235 2874/2414/2257
f 2874/2414/2257 2903/2392/2235 2919/2415/2258
f 2903/2392/2235 2923/2391/2234 2919/2415/2258
f 2919/2415/2258 2923/2391/2234 2922/2416/2259
f 2923/2391/2234 2933/2390/2233 2922/2416/2259
f 2933/2390/2233 2932/2417/2260 2922/2416/2259
f 2933/2390/2233 2940/2389/2232 2932/2417/2260
f 2922/2416/2259 2932/2417/2260 2931/2418/2261
f 2940/2389/2232 2938/2419/2262 2932/2417/2260
f 2931/2418/2261 2932/2417/2260 2936/2420/2263
f 2932/2417/2260 2938/2419/2262 2936/2420/2263
f 2938/2419/2262 2943/2421/2264 2936/2420/2263
f 2938/2419/2262 2940/2389/2232 2943/2421/2264
f 2940/2389/2232 2944/2422/2265 2943/2421/2264
f 2940/2389/2232 2945/2387/2230 2944/2422/2265
f 2945/2387/2230 2955/2386/2229 2944/2422/2265
f 2955/2386/2229 2958/2385/2228 2944/2422/2265
f 2944/2422/2265 2954/2423/2266 2943/2421/2264
f 2958/2385/2228 2954/2423/2266 2944/2422/2265
f 2958/2385/2228 3078/2424/2267 2954/2423/2266
f 3080/2372/2215 3078/2424/2267 2958/2385/2228
f 3080/2372/2215 3081/2425/2268 3078/2424/2267
f 3080/2372/2215 3082/2370/2213 3081/2425/2268
f 3082/2370/2213 3091/2367/2210 3092/2426/2269
f 3082/2370/2213 3092/2426/2269 3081/2425/2268
f 3081/2425/2268 3079/2427/2270 3078/2424/2267
f 3092/2426/2269 3089/2428/2271 3081/2425/2268
f 3081/2425/2268 3089/2428/2271 3079/2427/2270
f 3092/2426/2269 3104/2429/2272 3089/2428/2271
f 3091/2367/2210 3093/2430/2273 3092/2426/2269
f 3092/2426/2269 3093/2430/2273 3104/2429/2272
f 3091/2367/2210 3094/2431/2274 3095/2432/2275
f 3095/2432/2275 3093/2430/2273 3091/2367/2210
f 3091/2367/2210 2963/2365/2208 3094/2431/2274
f 2963/2365/2208 2965/2433/2276 3094/2431/2274
f 3094/2431/2274 2965/2433/2276 3095/2432/2275
f 2963/2365/2208 2962/2363/2207 2965/2433/2276
f 2965/2433/2276 2962/2363/2207 2964/2364/2124
f 2965/2433/2276 2964/2364/2124 3103/2434/2277
f 2965/2433/2276 3103/2434/2277 3095/2432/2275
f 3095/2432/2275 3103/2434/2277 3093/2430/2273
f 3093/2430/2273 3105/2435/2278 3104/2429/2272
f 3103/2434/2277 3105/2435/2278 3093/2430/2273
f 2964/2364/2124 3106/2436/1766 3103/2434/2277
f 3103/2434/2277 3107/2437/2114 3105/2435/2278
f 3106/2436/1766 3107/2437/2114 3103/2434/2277
f 3107/2437/2114 3126/2438/2113 3105/2435/2278
f 3104/2429/2272 3105/2435/2278 3125/2439/2279
f 3126/2438/2113 3125/2439/2279 3105/2435/2278
f 3125/2439/2279 3126/2438/2113 2537/2440/2112
f 2538/2441/1399 3125/2439/2279 2537/2440/2112
f 3125/2439/2279 2538/2441/1399 3118/2442/1400
f 3118/2442/1400 3104/2429/2272 3125/2439/2279
f 3102/2443/2280 3104/2429/2272 3118/2442/1400
f 3102/2443/2280 3089/2428/2271 3104/2429/2272
f 3089/2428/2271 3102/2443/2280 3088/2444/2281
f 3089/2428/2271 3088/2444/2281 3079/2427/2270
f 3102/2443/2280 3101/2445/2282 3088/2444/2281
f 3117/2446/2283 3101/2445/2282 3102/2443/2280
f 3118/2442/1400 3117/2446/2283 3102/2443/2280
f 3117/2446/2283 3118/2442/1400 2547/2447/2284
f 2538/2441/1399 2541/2448/2285 3118/2442/1400
f 3118/2442/1400 2541/2448/2285 2547/2447/2284
f 2538/2441/1399 2537/2440/2112 2521/2449/2286
f 2541/2448/2285 2538/2441/1399 2521/2449/2286
f 2537/2440/2112 2519/2450/2108 2521/2449/2286
f 2518/2451/2109 2520/2452/2287 2519/2450/2108
f 2520/2452/2287 2521/2449/2286 2519/2450/2108
f 2530/2453/2288 2521/2449/2286 2520/2452/2287
f 2530/2453/2288 2541/2448/2285 2521/2449/2286
f 2547/2447/2284 2541/2448/2285 2530/2453/2288
f 2532/1523/2289 2547/2447/2284 2530/2453/2288
f 2532/1523/2289 2548/2454/2290 2547/2447/2284
f 3117/2446/2283 2547/2447/2284 2548/2454/2290
f 3114/2455/2291 3117/2446/2283 2548/2454/2290
f 3101/2445/2282 3117/2446/2283 3114/2455/2291
f 3100/2456/2292 3101/2445/2282 3114/2455/2291
f 3088/2444/2281 3101/2445/2282 3100/2456/2292
f 3087/2457/2293 3088/2444/2281 3100/2456/2292
f 3087/2457/2293 3100/2456/2292 3099/2458/2294
f 3099/2458/2294 3100/2456/2292 3114/2455/2291
f 3113/2459/1421 3099/2458/2294 3114/2455/2291
f 3113/2459/1421 3114/2455/2291 2549/1524/2295
f 3114/2455/2291 2548/2454/2290 2549/1524/2295
f 2549/1524/2295 2548/2454/2290 2532/1523/2289
f 2528/1510/2296 2549/1524/2295 2532/1523/2289
f 2528/1510/2296 2550/1525/2297 2549/1524/2295
f 2549/1524/2295 2550/1525/2297 3113/2459/1421
f 3116/2460/1426 3098/2461/2298 3113/2459/1421
f 2550/1525/2297 3116/2460/1426 3113/2459/1421
f 3098/2461/2298 3099/2458/2294 3113/2459/1421
f 3086/2462/2299 3099/2458/2294 3098/2461/2298
f 3086/2462/2299 3087/2457/2293 3099/2458/2294
f 3088/2444/2281 3087/2457/2293 3076/2463/2300
f 3076/2463/2300 3087/2457/2293 3077/2464/2301
f 3087/2457/2293 3086/2462/2299 3077/2464/2301
f 3077/2464/2301 3086/2462/2299 2636/2465/2302
f 2635/2466/2303 3086/2462/2299 3098/2461/2298
f 3086/2462/2299 2635/2466/2303 2636/2465/2302
f 3098/2461/2298 3097/2467/2304 2635/2466/2303
f 3098/2461/2298 3116/2460/1426 3097/2467/2304
f 3116/2460/1426 3115/2468/2305 3097/2467/2304
f 3116/2460/1426 2550/1525/2297 3115/2468/2305
f 2528/1510/2296 2552/1509/2306 2550/1525/2297
f 2550/1525/2297 2552/1509/2306 3115/2468/2305
f 2528/1510/2296 2504/1511/2307 2526/1502/1429
f 2528/1510/2296 2526/1502/1429 2552/1509/2306
f 2528/1510/2296 2532/1523/2289 2504/1511/2307
f 2530/2453/2288 2531/1522/2308 2532/1523/2289
f 2531/1522/2308 2504/1511/2307 2532/1523/2289
f 2530/2453/2288 2529/2469/2309 2531/1522/2308
f 2529/2469/2309 2530/2453/2288 2520/2452/2287
f 3073/2470/2310 3077/2464/2301 2636/2465/2302
f 3073/2470/2310 3074/2471/2311 3077/2464/2301
f 3074/2471/2311 3076/2463/2300 3077/2464/2301
f 3075/2472/2312 3076/2463/2300 3074/2471/2311
f 3079/2427/2270 3076/2463/2300 3075/2472/2312
f 3079/2427/2270 3088/2444/2281 3076/2463/2300
f 3075/2472/2312 3078/2424/2267 3079/2427/2270
f 3078/2424/2267 3075/2472/2312 2954/2423/2266
f 2954/2423/2266 3075/2472/2312 2953/2473/2313
f 3075/2472/2312 3074/2471/2311 2953/2473/2313
f 3073/2470/2310 2952/2474/2314 3074/2471/2311
f 2952/2474/2314 2953/2473/2313 3074/2471/2311
f 2943/2421/2264 2953/2473/2313 2952/2474/2314
f 2954/2423/2266 2953/2473/2313 2943/2421/2264
f 2952/2474/2314 2942/2475/2315 2943/2421/2264
f 2943/2421/2264 2942/2475/2315 2936/2420/2263
f 2952/2474/2314 2941/2476/2316 2942/2475/2315
f 2936/2420/2263 2942/2475/2315 2941/2476/2316
f 2952/2474/2314 2947/2477/2317 2941/2476/2316
f 2947/2477/2317 2952/2474/2314 3073/2470/2310
f 2947/2477/2317 2937/2478/2318 2941/2476/2316
f 2937/2478/2318 2936/2420/2263 2941/2476/2316
f 2936/2420/2263 2937/2478/2318 2935/2479/2319
f 2931/2418/2261 2936/2420/2263 2935/2479/2319
f 2937/2478/2318 2948/2480/2320 2935/2479/2319
f 2947/2477/2317 2946/2481/2321 2937/2478/2318
f 2946/2481/2321 2948/2480/2320 2937/2478/2318
f 2947/2477/2317 2951/2482/2322 2946/2481/2321
f 2948/2480/2320 2946/2481/2321 2950/2483/2323
f 2946/2481/2321 2951/2482/2322 2950/2483/2323
f 2948/2480/2320 2950/2483/2323 2848/2484/2324
f 2949/2485/2325 2948/2480/2320 2848/2484/2324
f 2948/2480/2320 2949/2485/2325 2935/2479/2319
f 2931/2418/2261 2935/2479/2319 2930/2486/2326
f 2935/2479/2319 2949/2485/2325 2930/2486/2326
f 2930/2486/2326 2949/2485/2325 2847/2487/2327
f 2949/2485/2325 2848/2484/2324 2847/2487/2327
f 2656/2488/2328 2658/2489/2329 2848/2484/2324
f 2658/2489/2329 2847/2487/2327 2848/2484/2324
f 2848/2484/2324 2950/2483/2323 2656/2488/2328
f 2950/2483/2323 2650/2490/2330 2656/2488/2328
f 2950/2483/2323 2951/2482/2322 2649/2491/2331
f 2650/2490/2330 2950/2483/2323 2649/2491/2331
f 2951/2482/2322 2645/2492/1484 2649/2491/2331
f 2947/2477/2317 2645/2492/1484 2951/2482/2322
f 2645/2492/1484 2947/2477/2317 3072/2493/2332
f 3072/2493/2332 2947/2477/2317 3073/2470/2310
f 3072/2493/2332 3073/2470/2310 2636/2465/2302
f 2633/2494/2333 3072/2493/2332 2636/2465/2302
f 2633/2494/2333 2645/2492/1484 3072/2493/2332
f 2634/2495/1492 2645/2492/1484 2633/2494/2333
f 2634/2495/1492 2647/2496/2334 2645/2492/1484
f 2647/2496/2334 2649/2491/2331 2645/2492/1484
f 2649/2491/2331 2647/2496/2334 2651/2497/1431
f 2650/2490/2330 2649/2491/2331 2651/2497/1431
f 2656/2488/2328 2650/2490/2330 2651/2497/1431
f 2655/2498/2335 2656/2488/2328 2651/2497/1431
f 2655/2498/2335 2658/2489/2329 2656/2488/2328
f 2655/2498/2335 2659/2499/2336 2658/2489/2329
f 2847/2487/2327 2658/2489/2329 2662/2500/2337
f 2659/2499/2336 2662/2500/2337 2658/2489/2329
f 2662/2500/2337 2846/2501/2338 2847/2487/2327
f 2920/2502/2339 2930/2486/2326 2847/2487/2327
f 2846/2501/2338 2920/2502/2339 2847/2487/2327
f 2920/2502/2339 2921/2503/2340 2930/2486/2326
f 2921/2503/2340 2931/2418/2261 2930/2486/2326
f 2921/2503/2340 2922/2416/2259 2931/2418/2261
f 2918/2504/2259 2922/2416/2259 2921/2503/2340
f 2918/2504/2259 2919/2415/2258 2922/2416/2259
f 2921/2503/2340 2916/2505/2340 2918/2504/2259
f 2916/2505/2340 2921/2503/2340 2920/2502/2339
f 2917/2506/2341 2916/2505/2340 2920/2502/2339
f 2917/2506/2341 2920/2502/2339 2846/2501/2338
f 2844/2507/2342 2917/2506/2341 2846/2501/2338
f 2844/2507/2342 2846/2501/2338 2666/2508/2343
f 2846/2501/2338 2662/2500/2337 2666/2508/2343
f 2659/2499/2336 2663/2509/2344 2662/2500/2337
f 2663/2509/2344 2666/2508/2343 2662/2500/2337
f 2659/2499/2336 2660/2510/2345 2663/2509/2344
f 2659/2499/2336 2655/2498/2335 2660/2510/2345
f 2654/2511/1658 2655/2498/2335 2651/2497/1431
f 2655/2498/2335 2654/2511/1658 2660/2510/2345
f 2651/2497/1431 2647/2496/2334 2652/2512/2346
f 2652/2512/2346 2654/2511/1658 2651/2497/1431
f 2647/2496/2334 2646/2513/2347 2652/2512/2346
f 2646/2513/2347 2647/2496/2334 2634/2495/1492
f 2633/2494/2333 2627/2514/2348 2634/2495/1492
f 2642/2515/1491 2646/2513/2347 2634/2495/1492
f 2642/2515/1491 2634/2495/1492 2627/2514/2348
f 2642/2515/1491 2644/2516/2349 2646/2513/2347
f 2646/2513/2347 2648/2517/2350 2652/2512/2346
f 2644/2516/2349 2648/2517/2350 2646/2513/2347
f 2648/2517/2350 2653/2518/2351 2652/2512/2346
f 2653/2518/2351 2654/2511/1658 2652/2512/2346
f 2648/2517/2350 2749/2519/2352 2653/2518/2351
f 2644/2516/2349 2749/2519/2352 2648/2517/2350
f 2653/2518/2351 2657/2520/2353 2654/2511/1658
f 2749/2519/2352 2750/2521/2354 2653/2518/2351
f 2653/2518/2351 2750/2521/2354 2657/2520/2353
f 2749/2519/2352 2747/2522/2355 2750/2521/2354
f 2750/2521/2354 2751/2523/2356 2657/2520/2353
f 2750/2521/2354 2747/2522/2355 2751/2523/2356
f 2657/2520/2353 2751/2523/2356 2661/2524/2357
f 2654/2511/1658 2657/2520/2353 2661/2524/2357
f 2660/2510/2345 2654/2511/1658 2661/2524/2357
f 2660/2510/2345 2661/2524/2357 2664/2525/2358
f 2660/2510/2345 2664/2525/2358 2663/2509/2344
f 2663/2509/2344 2664/2525/2358 2666/2508/2343
f 2661/2524/2357 2665/2526/2359 2664/2525/2358
f 2664/2525/2358 2665/2526/2359 2666/2508/2343
f 2661/2524/2357 2751/2523/2356 2755/2527/2360
f 2661/2524/2357 2755/2527/2360 2665/2526/2359
f 2751/2523/2356 2747/2522/2355 2748/2528/2361
f 2755/2527/2360 2751/2523/2356 2748/2528/2361
f 2747/2522/2355 2614/2529/2362 2748/2528/2361
f 2614/2529/2362 2747/2522/2355 2746/2530/2363
f 2746/2530/2363 2747/2522/2355 2749/2519/2352
f 2746/2530/2363 2749/2519/2352 2643/2531/2364
f 2749/2519/2352 2644/2516/2349 2643/2531/2364
f 2643/2531/2364 2612/2532/2365 2746/2530/2363
f 2612/2532/2365 2614/2529/2362 2746/2530/2363
f 2613/2533/2366 2614/2529/2362 2612/2532/2365
f 2614/2529/2362 2613/2533/2366 2616/2534/2367
f 2616/2534/2367 2748/2528/2361 2614/2529/2362
f 2616/2534/2367 2753/2535/2368 2748/2528/2361
f 2754/2536/2369 2755/2527/2360 2748/2528/2361
f 2753/2535/2368 2754/2536/2369 2748/2528/2361
f 2754/2536/2369 2759/2537/2370 2755/2527/2360
f 2755/2527/2360 2759/2537/2370 2665/2526/2359
f 2754/2536/2369 2753/2535/2368 2758/2538/2371
f 2758/2538/2371 2759/2537/2370 2754/2536/2369
f 2753/2535/2368 2757/2539/2372 2758/2538/2371
f 2616/2534/2367 2752/2540/1200 2753/2535/2368
f 2757/2539/2372 2753/2535/2368 2752/2540/1200
f 2616/2534/2367 2618/2541/2373 2752/2540/1200
f 2613/2533/2366 2615/2542/2374 2616/2534/2367
f 2618/2541/2373 2616/2534/2367 2615/2542/2374
f 2617/2543/2375 2618/2541/2373 2615/2542/2374
f 2617/2543/2375 2615/2542/2374 2588/2544/2376
f 2588/2544/2376 2615/2542/2374 2613/2533/2366
f 2588/2544/2376 2589/2545/1458 2617/2543/2375
f 2589/2545/1458 2588/2544/2376 2572/2546/2377
f 2570/2547/2378 2589/2545/1458 2572/2546/2377
f 2570/2547/2378 2572/2546/2377 2571/2548/933
f 2572/2546/2377 2573/1533/2379 2571/2548/933
f 2572/2546/2377 2574/1532/2380 2573/1533/2379
f 2574/1532/2380 2575/1531/2041 2573/1533/2379
f 2575/1531/2041 2574/1532/2380 2579/1534/2092
f 2574/1532/2380 2577/1535/2381 2579/1534/2092
f 2579/1534/2092 2577/1535/2381 2580/1536/2382
f 2574/1532/2380 2572/2546/2377 2576/1537/2383
f 2574/1532/2380 2576/1537/2383 2577/1535/2381
f 2572/2546/2377 2588/2544/2376 2576/1537/2383
f 2613/2533/2366 2587/2549/2384 2588/2544/2376
f 2587/2549/2384 2576/1537/2383 2588/2544/2376
f 2613/2533/2366 2599/2550/2385 2587/2549/2384
f 2599/2550/2385 2613/2533/2366 2612/2532/2365
f 2599/2550/2385 2600/2551/2386 2587/2549/2384
f 2600/2551/2386 2599/2550/2385 2612/2532/2365
f 2600/2551/2386 2590/2552/2387 2587/2549/2384
f 2587/2549/2384 2590/2552/2387 2576/1537/2383
f 2576/1537/2383 2578/2553/2388 2577/1535/2381
f 2590/2552/2387 2578/2553/2388 2576/1537/2383
f 2577/1535/2381 2581/1539/2389 2580/1536/2382
f 2578/2553/2388 2582/1541/2390 2577/1535/2381
f 2582/1541/2390 2581/1539/2389 2577/1535/2381
f 2578/2553/2388 2591/1542/2391 2582/1541/2390
f 2590/2552/2387 2591/1542/2391 2578/2553/2388
f 2600/2551/2386 2601/2554/2392 2590/2552/2387
f 2601/2554/2392 2591/1542/2391 2590/2552/2387
f 2600/2551/2386 2611/2555/2393 2601/2554/2392
f 2611/2555/2393 2600/2551/2386 2612/2532/2365
f 2611/2555/2393 2612/2532/2365 2643/2531/2364
f 2611/2555/2393 2643/2531/2364 2610/2556/2394
f 2610/2556/2394 2601/2554/2392 2611/2555/2393
f 2643/2531/2364 2620/2557/2395 2610/2556/2394
f 2643/2531/2364 2644/2516/2349 2620/2557/2395
f 2610/2556/2394 2620/2557/2395 2619/2558/2396
f 2644/2516/2349 2637/2559/2397 2620/2557/2395
f 2637/2559/2397 2619/2558/2396 2620/2557/2395
f 2644/2516/2349 2642/2515/1491 2637/2559/2397
f 2619/2558/2396 2637/2559/2397 2629/1508/2398
f 2642/2515/1491 2628/2560/2399 2637/2559/2397
f 2629/1508/2398 2637/2559/2397 2628/2560/2399
f 2642/2515/1491 2627/2514/2348 2628/2560/2399
f 2627/2514/2348 2622/2561/2400 2628/2560/2399
f 2622/2561/2400 2626/2562/2401 2628/2560/2399
f 2624/2563/2402 2629/1508/2398 2628/2560/2399
f 2626/2562/2401 2624/2563/2402 2628/2560/2399
f 2629/1508/2398 2624/2563/2402 2632/1507/2403
f 2632/1507/2403 2608/1497/2404 2629/1508/2398
f 2619/2558/2396 2629/1508/2398 2608/1497/2404
f 2608/1497/2404 2606/1488/2405 2619/2558/2396
f 2605/2564/2406 2610/2556/2394 2619/2558/2396
f 2606/1488/2405 2605/2564/2406 2619/2558/2396
f 2605/2564/2406 2601/2554/2392 2610/2556/2394
f 2602/2565/2407 2601/2554/2392 2605/2564/2406
f 2601/2554/2392 2602/2565/2407 2591/1542/2391
f 2582/1541/2390 2591/1542/2391 2592/1540/2408
f 2602/2565/2407 2592/1540/2408 2591/1542/2391
f 2592/1540/2408 2581/1539/2389 2582/1541/2390
f 2592/1540/2408 2594/1483/2409 2593/1479/1265
f 2581/1539/2389 2592/1540/2408 2593/1479/1265
f 2592/1540/2408 2595/1484/2410 2594/1483/2409
f 2592/1540/2408 2602/2565/2407 2595/1484/2410
f 2602/2565/2407 2603/1486/2411 2595/1484/2410
f 2602/2565/2407 2605/2564/2406 2603/1486/2411
f 2605/2564/2406 2606/1488/2405 2603/1486/2411
f 2595/1484/2410 2603/1486/2411 2598/1485/2412
f 2606/1488/2405 2604/1487/2413 2603/1486/2411
f 2603/1486/2411 2604/1487/2413 2598/1485/2412
f 2606/1488/2405 2607/1495/2414 2604/1487/2413
f 2609/1496/2415 2607/1495/2414 2606/1488/2405
f 2608/1497/2404 2609/1496/2415 2606/1488/2405
f 2632/1507/2403 2638/2566/1481 2608/1497/2404
f 2608/1497/2404 2639/1498/2416 2609/1496/2415
f 2638/2566/1481 2639/1498/2416 2608/1497/2404
f 2632/1507/2403 2641/2567/1516 2638/2566/1481
f 2638/2566/1481 2641/2567/1516 2639/1498/2416
f 2632/1507/2403 2624/2563/2402 2631/2568/2417
f 2632/1507/2403 2631/2568/2417 2641/2567/1516
f 2631/2568/2417 2640/2569/2418 2641/2567/1516
f 2641/2567/1516 2640/2569/2418 3096/1505/1101
f 2641/2567/1516 3096/1505/1101 2639/1498/2416
f 3109/1500/2419 2639/1498/2416 3096/1505/1101
f 2639/1498/2416 3109/1500/2419 3110/1499/1094
f 2609/1496/2415 2639/1498/2416 3110/1499/1094
f 3110/1499/1094 3111/1494/2420 2609/1496/2415
f 3111/1494/2420 2607/1495/2414 2609/1496/2415
f 3111/1494/2420 3112/1489/2421 2607/1495/2414
f 3112/1489/2421 2604/1487/2413 2607/1495/2414
f 2598/1485/2412 2604/1487/2413 3112/1489/2421
f 3121/1481/2422 2598/1485/2412 3112/1489/2421
f 2597/1482/2423 2598/1485/2412 3121/1481/2422
f 2595/1484/2410 2598/1485/2412 2597/1482/2423
f 2594/1483/2409 2595/1484/2410 2597/1482/2423
f 2594/1483/2409 2597/1482/2423 2596/1480/2424
f 2593/1479/1265 2594/1483/2409 2596/1480/2424
f 2597/1482/2423 3119/1472/2425 2596/1480/2424
f 3119/1472/2425 2597/1482/2423 3121/1481/2422
f 3119/1472/2425 3121/1481/2422 2543/2570/1397
f 3112/1489/2421 2544/1490/2426 3121/1481/2422
f 2544/1490/2426 2543/2570/1397 3121/1481/2422
f 3112/1489/2421 2545/1491/2427 2544/1490/2426
f 3111/1494/2420 2545/1491/2427 3112/1489/2421
f 2545/1491/2427 3111/1494/2420 2546/1493/2428
f 3111/1494/2420 3110/1499/1094 2546/1493/2428
f 2546/1493/2428 3110/1499/1094 3109/1500/2419
f 2551/1501/2429 2546/1493/2428 3109/1500/2419
f 2551/1501/2429 3109/1500/2419 3108/1504/1099
f 3108/1504/1099 3109/1500/2419 3096/1505/1101
f 3108/1504/1099 3096/1505/1101 3115/2468/2305
f 2640/2569/2418 3097/2467/2304 3096/1505/1101
f 3096/1505/1101 3097/2467/2304 3115/2468/2305
f 2640/2569/2418 2631/2568/2417 2635/2466/2303
f 2640/2569/2418 2635/2466/2303 3097/2467/2304
f 2631/2568/2417 2630/2571/2430 2635/2466/2303
f 2635/2466/2303 2630/2571/2430 2636/2465/2302
f 2636/2465/2302 2630/2571/2430 2633/2494/2333
f 2630/2571/2430 2627/2514/2348 2633/2494/2333
f 2627/2514/2348 2630/2571/2430 2621/2572/2431
f 2630/2571/2430 2631/2568/2417 2621/2572/2431
f 2621/2572/2431 2622/2561/2400 2627/2514/2348
f 2631/2568/2417 2624/2563/2402 2621/2572/2431
f 2621/2572/2431 2623/2573/2432 2622/2561/2400
f 2621/2572/2431 2624/2563/2402 2623/2573/2432
f 2623/2573/2432 2626/2562/2401 2622/2561/2400
f 2624/2563/2402 2625/2574/2433 2623/2573/2432
f 2624/2563/2402 2626/2562/2401 2625/2574/2433
f 2625/2574/2433 2626/2562/2401 2623/2573/2432
f 2536/1467/2434 2543/2570/1397 2544/1490/2426
f 2536/1467/2434 2544/1490/2426 2545/1491/2427
f 2527/1492/2435 2536/1467/2434 2545/1491/2427
f 2527/1492/2435 2545/1491/2427 2546/1493/2428
f 2527/1492/2435 2546/1493/2428 2551/1501/2429
f 2527/1492/2435 2551/1501/2429 2526/1502/1429
f 2553/1503/1430 2551/1501/2429 3108/1504/1099
f 2551/1501/2429 2553/1503/1430 2526/1502/1429
f 3108/1504/1099 2552/1509/2306 2553/1503/1430
f 3108/1504/1099 3115/2468/2305 2552/1509/2306
f 2552/1509/2306 2526/1502/1429 2553/1503/1430
f 2507/1512/2436 2505/1468/2437 2526/1502/1429
f 2507/1512/2436 2526/1502/1429 2504/1511/2307
f 2505/1468/2437 2527/1492/2435 2526/1502/1429
f 2536/1467/2434 2527/1492/2435 2505/1468/2437
f 2534/1466/2438 2536/1467/2434 2505/1468/2437
f 2535/1464/2439 2536/1467/2434 2534/1466/2438
f 2536/1467/2434 2535/1464/2439 2543/2570/1397
f 2534/1466/2438 2533/1465/2440 2535/1464/2439
f 2533/1465/2440 2515/2575/2441 2535/1464/2439
f 2515/2575/2441 2517/1462/2442 2535/1464/2439
f 2535/1464/2439 2542/1470/2443 2543/2570/1397
f 2535/1464/2439 2517/1462/2442 2542/1470/2443
f 2542/1470/2443 3119/1472/2425 2543/2570/1397
f 2517/1462/2442 2540/1471/1069 2542/1470/2443
f 2542/1470/2443 2540/1471/1069 3119/1472/2425
f 3119/1472/2425 3120/1473/2444 2596/1480/2424
f 2540/1471/1069 3120/1473/2444 3119/1472/2425
f 2517/1462/2442 2539/1463/2104 2540/1471/1069
f 3120/1473/2444 2540/1471/1069 2539/1463/2104
f 2517/1462/2442 2516/1459/2105 2539/1463/2104
f 2516/1459/2105 2517/1462/2442 2515/2575/2441
f 2514/2576/2445 2516/1459/2105 2515/2575/2441
f 2502/1513/2446 2505/1468/2437 2507/1512/2436
f 2502/1513/2446 2507/1512/2436 2504/1511/2307
f 2502/1513/2446 2506/1514/2438 2505/1468/2437
f 2502/1513/2446 2509/1515/2440 2506/1514/2438
f 2502/1513/2446 2511/1516/2441 2509/1515/2440
f 2502/1513/2446 2513/1517/2107 2511/1516/2441
f 2502/1513/2446 2512/1518/2109 2513/1517/2107
f 2502/1513/2446 2510/1519/2447 2512/1518/2109
f 2502/1513/2446 2508/1520/2309 2510/1519/2447
f 2504/1511/2307 2503/1521/2308 2502/1513/2446
f 2502/1513/2446 2503/1521/2308 2508/1520/2309
f 3122/1474/2101 3120/1473/2444 2539/1463/2104
f 3120/1473/2444 3122/1474/2101 2585/1475/2448
f 3120/1473/2444 2585/1475/2448 2596/1480/2424
f 2593/1479/1265 2596/1480/2424 2585/1475/2448
f 2584/1478/2449 2593/1479/1265 2585/1475/2448
f 2584/1478/2449 2581/1539/2389 2593/1479/1265
f 2585/1475/2448 2583/1477/2450 2584/1478/2449
f 2581/1539/2389 2584/1478/2449 2583/1477/2450
f 2580/1536/2382 2581/1539/2389 2583/1477/2450
f 2585/1475/2448 2586/1476/2099 2583/1477/2450
f 3122/1474/2101 2586/1476/2099 2585/1475/2448
f 2667/2577/1626 2490/2233/1331 2668/2578/2451
f 2490/2233/1331 2489/2235/2081 2668/2578/2451
f 2668/2578/2451 2489/2235/2081 2669/2579/2452
f 2487/2234/2080 2488/2580/2453 2489/2235/2081
f 2489/2235/2081 2488/2580/2453 2669/2579/2452
f 2669/2579/2452 2488/2580/2453 2670/2581/2454
f 2484/2582/2455 2488/2580/2453 2487/2234/2080
f 2488/2580/2453 2484/2582/2455 2670/2581/2454
f 2487/2234/2080 2483/2236/2082 2428/2583/2456
f 2428/2583/2456 2484/2582/2455 2487/2234/2080
f 2483/2236/2082 2373/2584/2457 2428/2583/2456
f 2428/2583/2456 2351/2585/2458 2484/2582/2455
f 2351/2585/2458 2428/2583/2456 2373/2584/2457
f 2351/2585/2458 2671/2586/2459 2484/2582/2455
f 2484/2582/2455 2671/2586/2459 2670/2581/2454
f 2671/2586/2459 2678/2587/2460 2670/2581/2454
f 2671/2586/2459 2676/2588/2461 2678/2587/2460
f 2676/2588/2461 2679/2589/2462 2678/2587/2460
f 2676/2588/2461 2677/2590/2463 2679/2589/2462
f 2677/2590/2463 2680/2591/2464 2679/2589/2462
f 2718/2592/2465 2680/2591/2464 2677/2590/2463
f 2710/2593/2466 2718/2592/2465 2677/2590/2463
f 2717/2594/2467 2718/2592/2465 2710/2593/2466
f 2677/2590/2463 2672/2595/2468 2710/2593/2466
f 2672/2595/2468 2677/2590/2463 2676/2588/2461
f 2346/2596/2469 2672/2595/2468 2676/2588/2461
f 2346/2596/2469 2676/2588/2461 2671/2586/2459
f 2345/2597/2470 2346/2596/2469 2671/2586/2459
f 2351/2585/2458 2345/2597/2470 2671/2586/2459
f 2351/2585/2458 2352/2598/2471 2345/2597/2470
f 2373/2584/2457 2361/2599/2472 2351/2585/2458
f 2352/2598/2471 2351/2585/2458 2361/2599/2472
f 2373/2584/2457 2371/2237/2083 2361/2599/2472
f 2371/2237/2083 2373/2584/2457 2483/2236/2082
f 2371/2237/2083 2372/2600/2161 2361/2599/2472
f 2370/2243/2089 2372/2600/2161 2371/2237/2083
f 2361/2599/2472 2360/2601/2473 2352/2598/2471
f 2372/2600/2161 2374/2602/2474 2361/2599/2472
f 2360/2601/2473 2361/2599/2472 2374/2602/2474
f 2372/2600/2161 2380/2603/2475 2374/2602/2474
f 2370/2243/2089 2380/2603/2475 2372/2600/2161
f 2380/2603/2475 2370/2243/2089 2399/2604/2476
f 2370/2243/2089 2385/2244/2090 2399/2604/2476
f 2380/2603/2475 2399/2604/2476 2398/2605/2477
f 2385/2244/2090 2406/2606/2478 2399/2604/2476
f 2399/2604/2476 2406/2606/2478 2398/2605/2477
f 2385/2244/2090 2386/2247/2093 2406/2606/2478
f 2406/2606/2478 2405/2607/2479 2398/2605/2477
f 2386/2247/2093 2419/2608/2480 2406/2606/2478
f 2405/2607/2479 2406/2606/2478 2418/2609/2481
f 2406/2606/2478 2419/2608/2480 2418/2609/2481
f 2405/2607/2479 2418/2609/2481 2417/2610/2482
f 2419/2608/2480 2426/2611/2483 2418/2609/2481
f 2426/2611/2483 2417/2610/2482 2418/2609/2481
f 2419/2608/2480 2414/2612/2484 2426/2611/2483
f 2386/2247/2093 2414/2612/2484 2419/2608/2480
f 2386/2247/2093 2415/2249/2095 2414/2612/2484
f 2415/2249/2095 2416/2251/2097 2414/2612/2484
f 2414/2612/2484 2416/2251/2097 2426/2611/2483
f 2416/2251/2097 2499/2256/2102 2426/2611/2483
f 2417/2610/2482 2426/2611/2483 2427/2613/2485
f 2426/2611/2483 2499/2256/2102 2427/2613/2485
f 2499/2256/2102 2975/2274/2120 2427/2613/2485
f 2417/2610/2482 2427/2613/2485 2425/2614/2486
f 2427/2613/2485 2975/2274/2120 2425/2614/2486
f 2975/2274/2120 2976/2275/2121 2425/2614/2486
f 2425/2614/2486 2976/2275/2121 2424/2276/2122
f 2424/2276/2122 2422/2615/2487 2425/2614/2486
f 2422/2615/2487 2417/2610/2482 2425/2614/2486
f 2417/2610/2482 2422/2615/2487 2403/2334/2178
f 2404/2616/2488 2417/2610/2482 2403/2334/2178
f 2404/2616/2488 2405/2607/2479 2417/2610/2482
f 2405/2607/2479 2404/2616/2488 2395/2335/2179
f 2398/2605/2477 2405/2607/2479 2395/2335/2179
f 2404/2616/2488 2403/2334/2178 2395/2335/2179
f 2403/2334/2178 2422/2615/2487 2401/2330/2174
f 2422/2615/2487 2420/2617/2489 2401/2330/2174
f 2422/2615/2487 2424/2276/2122 2420/2617/2489
f 2401/2330/2174 2420/2617/2489 2402/2329/2173
f 2424/2276/2122 2421/2618/2490 2420/2617/2489
f 2420/2617/2489 2421/2618/2490 2402/2329/2173
f 2402/2329/2173 2421/2618/2490 2390/2285/2130
f 2421/2618/2490 2412/2619/2491 2390/2285/2130
f 2421/2618/2490 2424/2276/2122 2412/2619/2491
f 2424/2276/2122 2413/2277/2123 2412/2619/2491
f 2412/2619/2491 2413/2277/2123 2411/2280/2125
f 2390/2285/2130 2412/2619/2491 2411/2280/2125
f 2398/2605/2477 2395/2335/2179 2393/2337/2181
f 2380/2603/2475 2398/2605/2477 2393/2337/2181
f 2374/2602/2474 2380/2603/2475 2393/2337/2181
f 2382/2620/2492 2374/2602/2474 2393/2337/2181
f 2382/2620/2492 2393/2337/2181 2383/2336/2180
f 2382/2620/2492 2368/2621/2493 2374/2602/2474
f 2368/2621/2493 2382/2620/2492 2383/2336/2180
f 2368/2621/2493 2360/2601/2473 2374/2602/2474
f 2360/2601/2473 2368/2621/2493 2364/2622/2494
f 2352/2598/2471 2360/2601/2473 2364/2622/2494
f 2368/2621/2493 2369/2338/2182 2364/2622/2494
f 2369/2338/2182 2368/2621/2493 2383/2336/2180
f 2369/2338/2182 2365/2623/2495 2364/2622/2494
f 2365/2623/2495 2369/2338/2182 2359/2339/2183
f 2356/2340/2184 2365/2623/2495 2359/2339/2183
f 2356/2340/2184 2363/2624/2496 2365/2623/2495
f 2366/2625/2497 2365/2623/2495 2363/2624/2496
f 2366/2625/2497 2367/2626/2498 2365/2623/2495
f 2367/2626/2498 2364/2622/2494 2365/2623/2495
f 2362/2627/2499 2364/2622/2494 2367/2626/2498
f 2362/2627/2499 2352/2598/2471 2364/2622/2494
f 2367/2626/2498 2353/2628/2500 2362/2627/2499
f 2352/2598/2471 2362/2627/2499 2353/2628/2500
f 2367/2626/2498 2354/2629/2501 2353/2628/2500
f 2366/2625/2497 2354/2629/2501 2367/2626/2498
f 2354/2629/2501 2366/2625/2497 2355/2630/2502
f 2355/2630/2502 2366/2625/2497 2363/2624/2496
f 2356/2340/2184 2355/2630/2502 2363/2624/2496
f 2355/2630/2502 2356/2340/2184 2338/2631/2503
f 2342/2632/2504 2355/2630/2502 2338/2631/2503
f 2354/2629/2501 2355/2630/2502 2342/2632/2504
f 2348/2633/2454 2354/2629/2501 2342/2632/2504
f 2354/2629/2501 2348/2633/2454 2347/2634/2505
f 2353/2628/2500 2354/2629/2501 2347/2634/2505
f 2353/2628/2500 2347/2634/2505 2344/2635/2506
f 2352/2598/2471 2353/2628/2500 2344/2635/2506
f 2352/2598/2471 2344/2635/2506 2345/2597/2470
f 2344/2635/2506 2346/2596/2469 2345/2597/2470
f 2346/2596/2469 2344/2635/2506 2347/2634/2505
f 2349/2636/2507 2346/2596/2469 2347/2634/2505
f 2348/2633/2454 2349/2636/2507 2347/2634/2505
f 2349/2636/2507 2672/2595/2468 2346/2596/2469
f 2672/2595/2468 2349/2636/2507 2710/2593/2466
f 2348/2633/2454 2350/2637/2508 2349/2636/2507
f 2349/2636/2507 2675/2638/2509 2710/2593/2466
f 2349/2636/2507 2350/2637/2508 2675/2638/2509
f 2675/2638/2509 2711/2639/2510 2710/2593/2466
f 2711/2639/2510 2717/2594/2467 2710/2593/2466
f 2716/2640/2511 2717/2594/2467 2711/2639/2510
f 2712/2641/2512 2716/2640/2511 2711/2639/2510
f 2712/2641/2512 2711/2639/2510 2675/2638/2509
f 2712/2641/2512 2715/2642/2513 2716/2640/2511
f 2675/2638/2509 2674/2643/2514 2712/2641/2512
f 2712/2641/2512 2713/2644/2515 2715/2642/2513
f 2712/2641/2512 2674/2643/2514 2713/2644/2515
f 2673/2645/2516 2674/2643/2514 2350/2637/2508
f 2674/2643/2514 2673/2645/2516 2713/2644/2515
f 2674/2643/2514 2675/2638/2509 2350/2637/2508
f 2350/2637/2508 2343/2646/2517 2673/2645/2516
f 2343/2646/2517 2350/2637/2508 2348/2633/2454
f 2342/2632/2504 2343/2646/2517 2348/2633/2454
f 2338/2631/2503 2339/2647/2518 2342/2632/2504
f 2339/2647/2518 2343/2646/2517 2342/2632/2504
f 2338/2631/2503 2340/2648/2519 2339/2647/2518
f 2338/2631/2503 2356/2340/2184 2340/2648/2519
f 2356/2340/2184 2357/2341/2185 2340/2648/2519
f 2340/2648/2519 2341/2649/2520 2339/2647/2518
f 2340/2648/2519 2357/2341/2185 2341/2649/2520
f 2357/2341/2185 2429/2342/2186 2341/2649/2520
f 2882/2650/2521 2341/2649/2520 2429/2342/2186
f 2341/2649/2520 2882/2650/2521 2339/2647/2518
f 2882/2650/2521 2883/2651/2522 2339/2647/2518
f 2339/2647/2518 2883/2651/2522 2343/2646/2517
f 2673/2645/2516 2343/2646/2517 2714/2652/2523
f 2883/2651/2522 2714/2652/2523 2343/2646/2517
f 2714/2652/2523 2713/2644/2515 2673/2645/2516
f 2713/2644/2515 2714/2652/2523 2715/2642/2513
f 2714/2652/2523 2719/2653/2524 2715/2642/2513
f 2719/2653/2524 2714/2652/2523 2735/2654/2525
f 2714/2652/2523 2883/2651/2522 2735/2654/2525
f 2882/2650/2521 2335/2655/2526 2883/2651/2522
f 2335/2655/2526 2735/2654/2525 2883/2651/2522
f 2882/2650/2521 2334/2656/2527 2335/2655/2526
f 2429/2342/2186 2881/2343/2187 2882/2650/2521
f 2882/2650/2521 2881/2343/2187 2334/2656/2527
f 2334/2656/2527 2881/2343/2187 2890/2344/2188
f 2884/2657/2528 2334/2656/2527 2890/2344/2188
f 2885/2345/2189 2884/2657/2528 2890/2344/2188
f 2884/2657/2528 2885/2345/2189 2860/2658/2529
f 2334/2656/2527 2884/2657/2528 2860/2658/2529
f 2336/2659/2530 2334/2656/2527 2860/2658/2529
f 2334/2656/2527 2336/2659/2530 2335/2655/2526
f 2336/2659/2530 2337/2660/2531 2335/2655/2526
f 2735/2654/2525 2335/2655/2526 2337/2660/2531
f 2336/2659/2530 2858/2661/2532 2337/2660/2531
f 2336/2659/2530 2860/2658/2529 2858/2661/2532
f 2858/2661/2532 2860/2658/2529 2859/2662/2533
f 2860/2658/2529 2885/2345/2189 2886/2663/2534
f 2860/2658/2529 2886/2663/2534 2859/2662/2533
f 2885/2345/2189 2887/2346/2190 2886/2663/2534
f 2886/2663/2534 2887/2346/2190 2959/2408/2251
f 2926/2409/2252 2886/2663/2534 2959/2408/2251
f 2886/2663/2534 2926/2409/2252 2865/2664/2535
f 2859/2662/2533 2886/2663/2534 2865/2664/2535
f 2926/2409/2252 2925/2410/2253 2865/2664/2535
f 2867/2665/2536 2925/2410/2253 2924/2411/2254
f 2867/2665/2536 2865/2664/2535 2925/2410/2253
f 2865/2664/2535 2867/2665/2536 2856/2666/2537
f 2859/2662/2533 2865/2664/2535 2856/2666/2537
f 2857/2667/2538 2859/2662/2533 2856/2666/2537
f 2857/2667/2538 2858/2661/2532 2859/2662/2533
f 2856/2666/2537 2855/2668/2539 2857/2667/2538
f 2857/2667/2538 2745/2669/2540 2858/2661/2532
f 2855/2668/2539 2745/2669/2540 2857/2667/2538
f 2745/2669/2540 2744/2670/2541 2858/2661/2532
f 2858/2661/2532 2734/2671/2542 2337/2660/2531
f 2744/2670/2541 2734/2671/2542 2858/2661/2532
f 2734/2671/2542 2733/2672/2543 2337/2660/2531
f 2733/2672/2543 2735/2654/2525 2337/2660/2531
f 2734/2671/2542 2731/2673/2544 2733/2672/2543
f 2735/2654/2525 2733/2672/2543 2724/2674/1585
f 2724/2674/1585 2733/2672/2543 2731/2673/2544
f 2724/2674/1585 2725/2675/2524 2735/2654/2525
f 2723/2676/2513 2725/2675/2524 2724/2674/1585
f 2723/2676/2513 2724/2674/1585 2729/2677/2545
f 2724/2674/1585 2731/2673/2544 2729/2677/2545
f 2729/2677/2545 2727/2678/2546 2723/2676/2513
f 2731/2673/2544 2730/2679/2547 2729/2677/2545
f 2729/2677/2545 2728/2680/2548 2727/2678/2546
f 2728/2680/2548 2729/2677/2545 2730/2679/2547
f 2728/2680/2548 2726/2681/2549 2727/2678/2546
f 2728/2680/2548 2730/2679/2547 2726/2681/2549
f 2726/2681/2549 2720/2682/2550 2727/2678/2546
f 2730/2679/2547 2732/2683/2551 2726/2681/2549
f 2720/2682/2550 2726/2681/2549 2722/2684/2552
f 2726/2681/2549 2732/2683/2551 2722/2684/2552
f 2720/2682/2550 2722/2684/2552 2721/2685/2465
f 2721/2685/2465 2722/2684/2552 2704/2686/2553
f 2722/2684/2552 2701/2687/2554 2704/2686/2553
f 2722/2684/2552 2732/2683/2551 2701/2687/2554
f 2704/2686/2553 2701/2687/2554 2700/2688/2555
f 2732/2683/2551 2699/2689/2556 2701/2687/2554
f 2700/2688/2555 2701/2687/2554 2699/2689/2556
f 2732/2683/2551 2739/2690/2557 2699/2689/2556
f 2730/2679/2547 2738/2691/2558 2732/2683/2551
f 2738/2691/2558 2739/2690/2557 2732/2683/2551
f 2730/2679/2547 2737/2692/2559 2738/2691/2558
f 2731/2673/2544 2737/2692/2559 2730/2679/2547
f 2734/2671/2542 2736/2693/2560 2731/2673/2544
f 2736/2693/2560 2737/2692/2559 2731/2673/2544
f 2734/2671/2542 2744/2670/2541 2736/2693/2560
f 2737/2692/2559 2736/2693/2560 2742/2694/2561
f 2744/2670/2541 2743/2695/2562 2736/2693/2560
f 2736/2693/2560 2743/2695/2562 2742/2694/2561
f 2744/2670/2541 2745/2669/2540 2743/2695/2562
f 2743/2695/2562 2745/2669/2540 2855/2668/2539
f 2786/2696/2563 2743/2695/2562 2855/2668/2539
f 2742/2694/2561 2743/2695/2562 2786/2696/2563
f 2855/2668/2539 2841/2697/2564 2786/2696/2563
f 2841/2697/2564 2855/2668/2539 2854/2698/2565
f 2855/2668/2539 2856/2666/2537 2854/2698/2565
f 2856/2666/2537 2866/2699/2566 2854/2698/2565
f 2867/2665/2536 2866/2699/2566 2856/2666/2537
f 2867/2665/2536 2868/2700/2567 2866/2699/2566
f 2868/2700/2567 2867/2665/2536 2924/2411/2254
f 2868/2700/2567 2924/2411/2254 2872/2412/2255
f 2868/2700/2567 2872/2412/2255 2871/2701/2568
f 2869/2702/2569 2868/2700/2567 2871/2701/2568
f 2868/2700/2567 2869/2702/2569 2866/2699/2566
f 2866/2699/2566 2869/2702/2569 2854/2698/2565
f 2869/2702/2569 2853/2703/2570 2854/2698/2565
f 2869/2702/2569 2871/2701/2568 2853/2703/2570
f 2854/2698/2565 2853/2703/2570 2838/2704/2571
f 2841/2697/2564 2854/2698/2565 2838/2704/2571
f 2841/2697/2564 2838/2704/2571 2840/2705/2572
f 2841/2697/2564 2840/2705/2572 2810/2706/2573
f 2810/2706/2573 2786/2696/2563 2841/2697/2564
f 2778/2707/2574 2786/2696/2563 2810/2706/2573
f 2778/2707/2574 2742/2694/2561 2786/2696/2563
f 2810/2706/2573 2808/2708/2575 2778/2707/2574
f 2807/2709/2576 2808/2708/2575 2810/2706/2573
f 2810/2706/2573 2840/2705/2572 2807/2709/2576
f 2840/2705/2572 2839/2710/2577 2807/2709/2576
f 2838/2704/2571 2839/2710/2577 2840/2705/2572
f 2837/2711/2578 2839/2710/2577 2838/2704/2571
f 2807/2709/2576 2839/2710/2577 2837/2711/2578
f 2838/2704/2571 2836/2712/2579 2837/2711/2578
f 2838/2704/2571 2853/2703/2570 2836/2712/2579
f 2853/2703/2570 2849/2713/2580 2836/2712/2579
f 2871/2701/2568 2849/2713/2580 2853/2703/2570
f 2871/2701/2568 2872/2412/2255 2849/2713/2580
f 2836/2712/2579 2849/2713/2580 2835/2714/2581
f 2872/2412/2255 2851/2715/2582 2849/2713/2580
f 2835/2714/2581 2849/2713/2580 2851/2715/2582
f 2872/2412/2255 2852/2716/2583 2851/2715/2582
f 2872/2412/2255 2873/2413/2256 2852/2716/2583
f 2852/2716/2583 2873/2413/2256 2874/2414/2257
f 2852/2716/2583 2874/2414/2257 2850/2717/2584
f 2851/2715/2582 2852/2716/2583 2850/2717/2584
f 2874/2414/2257 2919/2415/2258 2850/2717/2584
f 2850/2717/2584 2919/2415/2258 2870/2718/2585
f 2919/2415/2258 2918/2504/2259 2870/2718/2585
f 2870/2718/2585 2918/2504/2259 2842/2719/2586
f 2918/2504/2259 2916/2505/2340 2842/2719/2586
f 2842/2719/2586 2916/2505/2340 2915/2720/2587
f 2915/2720/2587 2916/2505/2340 2917/2506/2341
f 2915/2720/2587 2917/2506/2341 2844/2507/2342
f 2915/2720/2587 2844/2507/2342 2845/2721/2588
f 2914/2722/2589 2915/2720/2587 2845/2721/2588
f 2842/2719/2586 2915/2720/2587 2914/2722/2589
f 2842/2719/2586 2914/2722/2589 2829/2723/2590
f 2914/2722/2589 2845/2721/2588 2829/2723/2590
f 2829/2723/2590 2833/2724/2591 2842/2719/2586
f 2842/2719/2586 2833/2724/2591 2870/2718/2585
f 2870/2718/2585 2834/2725/2592 2850/2717/2584
f 2833/2724/2591 2834/2725/2592 2870/2718/2585
f 2850/2717/2584 2843/2726/2593 2851/2715/2582
f 2834/2725/2592 2843/2726/2593 2850/2717/2584
f 2843/2726/2593 2835/2714/2581 2851/2715/2582
f 2834/2725/2592 2565/2727/2594 2843/2726/2593
f 2565/2727/2594 2835/2714/2581 2843/2726/2593
f 2834/2725/2592 2833/2724/2591 2565/2727/2594
f 2835/2714/2581 2564/2728/2595 2836/2712/2579
f 2565/2727/2594 2564/2728/2595 2835/2714/2581
f 2564/2728/2595 2837/2711/2578 2836/2712/2579
f 2563/2729/2596 2562/2730/2597 2564/2728/2595
f 2564/2728/2595 2562/2730/2597 2837/2711/2578
f 2564/2728/2595 2565/2727/2594 2563/2729/2596
f 2566/2731/2598 2563/2729/2596 2565/2727/2594
f 2565/2727/2594 2833/2724/2591 2566/2731/2598
f 2566/2731/2598 2833/2724/2591 2823/2732/2599
f 2823/2732/2599 2833/2724/2591 2829/2723/2590
f 2823/2732/2599 2829/2723/2590 2827/2733/2600
f 2829/2723/2590 2845/2721/2588 2830/2734/2601
f 2829/2723/2590 2830/2734/2601 2827/2733/2600
f 2845/2721/2588 2844/2507/2342 2830/2734/2601
f 2830/2734/2601 2844/2507/2342 2666/2508/2343
f 2832/2735/2602 2830/2734/2601 2666/2508/2343
f 2830/2734/2601 2832/2735/2602 2827/2733/2600
f 2666/2508/2343 2665/2526/2359 2832/2735/2602
f 2832/2735/2602 2826/2736/2603 2827/2733/2600
f 2665/2526/2359 2831/2737/2604 2832/2735/2602
f 2826/2736/2603 2832/2735/2602 2831/2737/2604
f 2665/2526/2359 2828/2738/2605 2831/2737/2604
f 2759/2537/2370 2828/2738/2605 2665/2526/2359
f 2758/2538/2371 2760/2739/2606 2759/2537/2370
f 2760/2739/2606 2828/2738/2605 2759/2537/2370
f 2824/2740/2607 2828/2738/2605 2760/2739/2606
f 2828/2738/2605 2824/2740/2607 2831/2737/2604
f 2824/2740/2607 2825/2741/2608 2831/2737/2604
f 2825/2741/2608 2826/2736/2603 2831/2737/2604
f 2822/2742/2609 2826/2736/2603 2825/2741/2608
f 2826/2736/2603 2822/2742/2609 2827/2733/2600
f 2822/2742/2609 2823/2732/2599 2827/2733/2600
f 2822/2742/2609 2819/2743/2610 2823/2732/2599
f 2819/2743/2610 2566/2731/2598 2823/2732/2599
f 2566/2731/2598 2819/2743/2610 2568/2744/2611
f 2568/2744/2611 2563/2729/2596 2566/2731/2598
f 2567/2745/2612 2563/2729/2596 2568/2744/2611
f 2563/2729/2596 2567/2745/2612 2569/2746/2613
f 2562/2730/2597 2563/2729/2596 2569/2746/2613
f 2562/2730/2597 2813/2747/2614 2837/2711/2578
f 2813/2747/2614 2562/2730/2597 2569/2746/2613
f 2813/2747/2614 2807/2709/2576 2837/2711/2578
f 2802/2748/2615 2807/2709/2576 2813/2747/2614
f 2807/2709/2576 2802/2748/2615 2808/2708/2575
f 2813/2747/2614 2812/2749/2616 2802/2748/2615
f 2812/2749/2616 2813/2747/2614 2569/2746/2613
f 2812/2749/2616 2569/2746/2613 2816/2750/2617
f 2569/2746/2613 2817/2751/2618 2816/2750/2617
f 2569/2746/2613 2567/2745/2612 2817/2751/2618
f 2816/2750/2617 2817/2751/2618 2815/2752/2619
f 2816/2750/2617 2815/2752/2619 2798/2753/2620
f 2798/2753/2620 2815/2752/2619 2814/2754/2621
f 2797/2755/2622 2798/2753/2620 2814/2754/2621
f 2797/2755/2622 2814/2754/2621 2818/2756/2623
f 2818/2756/2623 2821/2757/2624 2797/2755/2622
f 2821/2757/2624 2818/2756/2623 2820/2758/1187
f 2820/2758/1187 2822/2742/2609 2821/2757/2624
f 2822/2742/2609 2820/2758/1187 2819/2743/2610
f 2822/2742/2609 2825/2741/2608 2821/2757/2624
f 2821/2757/2624 2825/2741/2608 2824/2740/2607
f 2796/2759/2625 2821/2757/2624 2824/2740/2607
f 2796/2759/2625 2824/2740/2607 2760/2739/2606
f 2796/2759/2625 2797/2755/2622 2821/2757/2624
f 2796/2759/2625 2795/2760/2626 2797/2755/2622
f 2798/2753/2620 2797/2755/2622 2794/2761/2627
f 2795/2760/2626 2794/2761/2627 2797/2755/2622
f 2794/2761/2627 2793/2762/2628 2798/2753/2620
f 2799/2763/2629 2816/2750/2617 2798/2753/2620
f 2798/2753/2620 2793/2762/2628 2799/2763/2629
f 2799/2763/2629 2811/2764/2630 2816/2750/2617
f 2811/2764/2630 2812/2749/2616 2816/2750/2617
f 2802/2748/2615 2812/2749/2616 2811/2764/2630
f 2804/2765/2631 2802/2748/2615 2811/2764/2630
f 2804/2765/2631 2811/2764/2630 2800/2766/2632
f 2800/2766/2632 2811/2764/2630 2799/2763/2629
f 2792/2767/2633 2800/2766/2632 2799/2763/2629
f 2793/2762/2628 2792/2767/2633 2799/2763/2629
f 2792/2767/2633 2793/2762/2628 2788/2768/2634
f 2788/2768/2634 2793/2762/2628 2794/2761/2627
f 2764/2769/2635 2788/2768/2634 2794/2761/2627
f 2764/2769/2635 2794/2761/2627 2795/2760/2626
f 2764/2769/2635 2795/2760/2626 2761/2770/2636
f 2796/2759/2625 2762/2771/2637 2795/2760/2626
f 2795/2760/2626 2762/2771/2637 2761/2770/2636
f 2796/2759/2625 2760/2739/2606 2762/2771/2637
f 2761/2770/2636 2762/2771/2637 2760/2739/2606
f 2758/2538/2371 2761/2770/2636 2760/2739/2606
f 2758/2538/2371 2757/2539/2372 2761/2770/2636
f 2757/2539/2372 2764/2769/2635 2761/2770/2636
f 2763/2772/1203 2764/2769/2635 2757/2539/2372
f 2763/2772/1203 2787/2773/1595 2764/2769/2635
f 2787/2773/1595 2788/2768/2634 2764/2769/2635
f 2787/2773/1595 2789/2774/1596 2788/2768/2634
f 2789/2774/1596 2790/2775/2638 2788/2768/2634
f 2790/2775/2638 2792/2767/2633 2788/2768/2634
f 2790/2775/2638 2791/2776/2639 2792/2767/2633
f 2792/2767/2633 2791/2776/2639 2800/2766/2632
f 2791/2776/2639 2801/2777/2640 2800/2766/2632
f 2801/2777/2640 2804/2765/2631 2800/2766/2632
f 2791/2776/2639 2772/2778/2641 2801/2777/2640
f 2804/2765/2631 2801/2777/2640 2806/2779/2642
f 2801/2777/2640 2772/2778/2641 2806/2779/2642
f 2806/2779/2642 2805/2780/2643 2804/2765/2631
f 2802/2748/2615 2804/2765/2631 2803/2781/2644
f 2804/2765/2631 2805/2780/2643 2803/2781/2644
f 2802/2748/2615 2803/2781/2644 2809/2782/2645
f 2805/2780/2643 2784/2783/2646 2803/2781/2644
f 2803/2781/2644 2784/2783/2646 2809/2782/2645
f 2805/2780/2643 2806/2779/2642 2780/2784/2647
f 2780/2784/2647 2784/2783/2646 2805/2780/2643
f 2806/2779/2642 2777/2785/2648 2780/2784/2647
f 2777/2785/2648 2806/2779/2642 2772/2778/2641
f 2777/2785/2648 2781/2786/2649 2780/2784/2647
f 2780/2784/2647 2781/2786/2649 2785/2787/2650
f 2784/2783/2646 2780/2784/2647 2785/2787/2650
f 2784/2783/2646 2785/2787/2650 2783/2788/2651
f 2782/2789/2652 2784/2783/2646 2783/2788/2651
f 2784/2783/2646 2782/2789/2652 2809/2782/2645
f 2802/2748/2615 2809/2782/2645 2808/2708/2575
f 2809/2782/2645 2782/2789/2652 2808/2708/2575
f 2782/2789/2652 2778/2707/2574 2808/2708/2575
f 2778/2707/2574 2782/2789/2652 2779/2790/2653
f 2782/2789/2652 2783/2788/2651 2779/2790/2653
f 2778/2707/2574 2779/2790/2653 2742/2694/2561
f 2779/2790/2653 2773/2791/2654 2742/2694/2561
f 2742/2694/2561 2773/2791/2654 2741/2792/2655
f 2773/2791/2654 2774/2793/2656 2741/2792/2655
f 2741/2792/2655 2737/2692/2559 2742/2694/2561
f 2774/2793/2656 2775/2794/1531 2741/2792/2655
f 2741/2792/2655 2738/2691/2558 2737/2692/2559
f 2739/2690/2557 2738/2691/2558 2741/2792/2655
f 2740/2795/2657 2739/2690/2557 2741/2792/2655
f 2740/2795/2657 2741/2792/2655 2775/2794/1531
f 2775/2794/1531 2776/2796/2658 2740/2795/2657
f 2776/2796/2658 2777/2785/2648 2740/2795/2657
f 2777/2785/2648 2776/2796/2658 2781/2786/2649
f 2777/2785/2648 2771/2797/2659 2740/2795/2657
f 2771/2797/2659 2777/2785/2648 2772/2778/2641
f 2771/2797/2659 2709/2798/2660 2740/2795/2657
f 2709/2798/2660 2706/2799/2661 2740/2795/2657
f 2706/2799/2661 2739/2690/2557 2740/2795/2657
f 2739/2690/2557 2706/2799/2661 2699/2689/2556
f 2698/2800/2662 2700/2688/2555 2699/2689/2556
f 2699/2689/2556 2706/2799/2661 2698/2800/2662
f 2698/2800/2662 2695/2801/2663 2700/2688/2555
f 2706/2799/2661 2705/2802/2664 2698/2800/2662
f 2695/2801/2663 2698/2800/2662 2696/2803/2665
f 2698/2800/2662 2705/2802/2664 2696/2803/2665
f 2706/2799/2661 2707/2804/2666 2705/2802/2664
f 2696/2803/2665 2705/2802/2664 2697/2805/2667
f 2705/2802/2664 2707/2804/2666 2697/2805/2667
f 2696/2803/2665 2697/2805/2667 2693/2806/2668
f 2707/2804/2666 2692/2807/2669 2697/2805/2667
f 2693/2806/2668 2697/2805/2667 2692/2807/2669
f 2707/2804/2666 2708/2808/2670 2692/2807/2669
f 2707/2804/2666 2706/2799/2661 2708/2808/2670
f 2706/2799/2661 2709/2798/2660 2708/2808/2670
f 2708/2808/2670 2709/2798/2660 2770/2809/2671
f 2709/2798/2660 2771/2797/2659 2770/2809/2671
f 2770/2809/2671 2771/2797/2659 2772/2778/2641
f 2769/2810/2672 2770/2809/2671 2772/2778/2641
f 2769/2810/2672 2772/2778/2641 2791/2776/2639
f 2769/2810/2672 2767/2811/2673 2770/2809/2671
f 2708/2808/2670 2770/2809/2671 2767/2811/2673
f 2692/2807/2669 2708/2808/2670 2767/2811/2673
f 2691/2812/1623 2692/2807/2669 2767/2811/2673
f 2690/2813/2674 2692/2807/2669 2691/2812/1623
f 2690/2813/2674 2693/2806/2668 2692/2807/2669
f 2691/2812/1623 2681/2814/1624 2690/2813/2674
f 2767/2811/2673 2765/2815/2675 2691/2812/1623
f 2765/2815/2675 2767/2811/2673 2766/2816/1621
f 2767/2811/2673 2768/2817/2676 2766/2816/1621
f 2767/2811/2673 2769/2810/2672 2768/2817/2676
f 2768/2817/2676 2769/2810/2672 2791/2776/2639
f 2790/2775/2638 2768/2817/2676 2791/2776/2639
f 2766/2816/1621 2768/2817/2676 2790/2775/2638
f 2789/2774/1596 2766/2816/1621 2790/2775/2638
f 2695/2801/2663 2696/2803/2665 2694/2818/2677
f 2694/2818/2677 2696/2803/2665 2693/2806/2668
f 2689/2819/2678 2694/2818/2677 2693/2806/2668
f 2689/2819/2678 2695/2801/2663 2694/2818/2677
f 2693/2806/2668 2687/2820/2679 2689/2819/2678
f 2687/2820/2679 2693/2806/2668 2690/2813/2674
f 2685/2821/2680 2687/2820/2679 2690/2813/2674
f 2682/2822/2681 2685/2821/2680 2690/2813/2674
f 2681/2814/1624 2682/2822/2681 2690/2813/2674
f 2681/2814/1624 2683/2823/1626 2682/2822/2681
f 2683/2823/1626 2684/2824/2451 2682/2822/2681
f 2682/2822/2681 2684/2824/2451 2685/2821/2680
f 2684/2824/2451 2686/2825/2682 2685/2821/2680
f 2685/2821/2680 2686/2825/2682 2687/2820/2679
f 2686/2825/2682 2688/2826/2454 2687/2820/2679
f 2688/2826/2454 2689/2819/2678 2687/2820/2679
f 2688/2826/2454 2702/2827/2460 2689/2819/2678
f 2702/2827/2460 2695/2801/2663 2689/2819/2678
f 2702/2827/2460 2703/2828/2683 2695/2801/2663
f 2703/2828/2683 2700/2688/2555 2695/2801/2663
f 2703/2828/2683 2704/2686/2553 2700/2688/2555
f 2756/2829/1202 2757/2539/2372 2752/2540/1200
f 2756/2829/1202 2763/2772/1203 2757/2539/2372
f 3025/2830/2684 3034/2831/2685 3033/2832/2247
f 3024/2833/2686 3025/2830/2684 3033/2832/2247
f 3024/2833/2686 3033/2832/2247 3032/2834/2249
f 3024/2833/2686 3023/2835/2687 3025/2830/2684
f 3023/2835/2687 3024/2833/2686 3022/2836/2688
f 3020/2837/2689 3023/2835/2687 3022/2836/2688
f 3024/2833/2686 3031/2838/2690 3022/2836/2688
f 3031/2838/2690 3024/2833/2686 3032/2834/2249
f 3031/2838/2690 3032/2834/2249 3041/2839/2250
f 3030/2840/2691 3031/2838/2690 3041/2839/2250
f 3031/2838/2690 3030/2840/2691 3022/2836/2688
f 3030/2840/2691 3020/2837/2689 3022/2836/2688
f 3020/2837/2689 3030/2840/2691 3029/2841/2692
f 3030/2840/2691 3041/2839/2250 3040/2842/2238
f 3029/2841/2692 3030/2840/2691 3040/2842/2238
f 3028/2843/2693 3029/2841/2692 3040/2842/2238
f 3028/2843/2693 3020/2837/2689 3029/2841/2692
f 3040/2842/2238 3039/2844/2241 3028/2843/2693
f 3020/2837/2689 3028/2843/2693 3019/2845/2694
f 3019/2845/2694 3021/2846/2687 3020/2837/2689
f 3028/2843/2693 3038/2847/2695 3019/2845/2694
f 3038/2847/2695 3028/2843/2693 3039/2844/2241
f 3037/2848/2242 3038/2847/2695 3039/2844/2241
f 3027/2849/2696 3038/2847/2695 3037/2848/2242
f 3038/2847/2695 3027/2849/2696 3019/2845/2694
f 3027/2849/2696 3021/2846/2687 3019/2845/2694
f 3021/2846/2687 3027/2849/2696 3026/2850/2684
f 3026/2850/2684 3027/2849/2696 3036/2851/2244
f 3036/2851/2244 3027/2849/2696 3037/2848/2242
f 3036/2851/2244 3035/2852/2685 3026/2850/2684
f 3055/2853/2697 3057/2854/2698 3056/2855/2699
f 3057/2854/2698 3005/2856/2700 3056/2855/2699
f 3056/2855/2699 3005/2856/2700 2332/2857/2701
f 3057/2854/2698 3004/2858/2702 3005/2856/2700
f 3005/2856/2700 2331/2859/2703 2332/2857/2701
f 2331/2859/2703 3005/2856/2700 3004/2858/2702
f 2331/2859/2703 2333/2860/2704 2332/2857/2701
f 2331/2859/2703 3006/2861/2705 2333/2860/2704
f 3006/2861/2705 2331/2859/2703 3004/2858/2702
f 3006/2861/2705 3004/2858/2702 3058/2862/2611
f 3058/2862/2611 3004/2858/2702 3057/2854/2698
f 3058/2862/2611 3059/2863/2706 3006/2861/2705
f 3042/2864/1648 3006/2861/2705 3059/2863/2706
f 3006/2861/2705 3042/2864/1648 2333/2860/2704
f 3059/2863/2706 3052/2865/1187 3042/2864/1648
f 3042/2864/1648 3052/2865/1187 3051/2866/2707
f 3002/2867/2708 3042/2864/1648 3051/2866/2707
f 3042/2864/1648 3002/2867/2708 2333/2860/2704
f 2333/2860/2704 3000/2868/2709 2999/2869/2701
f 3002/2867/2708 3000/2868/2709 2333/2860/2704
f 3000/2868/2709 3002/2867/2708 3001/2870/2710
f 3001/2870/2710 3002/2867/2708 3051/2866/2707
f 3054/2871/2711 3001/2870/2710 3051/2866/2707
f 3003/2872/2712 3001/2870/2710 3054/2871/2711
f 3003/2872/2712 3000/2868/2709 3001/2870/2710
f 3000/2868/2709 3003/2872/2712 2999/2869/2701
f 3003/2872/2712 3063/2873/2699 2999/2869/2701
f 3063/2873/2699 3003/2872/2712 3064/2874/2618
f 3003/2872/2712 3053/2875/2713 3064/2874/2618
f 3053/2875/2713 3003/2872/2712 3054/2871/2711
f 3272/1784/2714 3550/1783/1656 3466/1782/2715
f 3274/1785/2716 3272/1784/2714 3466/1782/2715
f 3274/1785/2716 3466/1782/2715 3465/1786/2717
f 3274/1785/2716 3273/1787/2718 3272/1784/2714
f 3277/1788/2034 3272/1784/2714 3273/1787/2718
f 3274/1785/2716 3275/1789/2719 3273/1787/2718
f 3465/1786/2717 3276/1790/2720 3274/1785/2716
f 3276/1790/2720 3275/1789/2719 3274/1785/2716
f 3465/1786/2717 3607/1791/2721 3276/1790/2720
f 3275/1789/2719 3276/1790/2720 3446/1792/2722
f 3446/1792/2722 3276/1790/2720 3607/1791/2721
f 3446/1792/2722 3607/1791/2721 3324/1793/2723
f 3322/1794/2724 3446/1792/2722 3324/1793/2723
f 3322/1794/2724 3324/1793/2723 3323/1795/2725
f 3322/1794/2724 3445/2876/2726 3446/1792/2722
f 3445/2876/2726 3275/1789/2719 3446/1792/2722
f 3260/1797/2727 3275/1789/2719 3445/2876/2726
f 3260/1797/2727 3258/1798/2728 3275/1789/2719
f 3258/1798/2728 3273/1787/2718 3275/1789/2719
f 3258/1798/2728 3277/1788/2034 3273/1787/2718
f 3258/1798/2728 3260/1797/2727 3259/1799/2729
f 3277/1788/2034 3258/1798/2728 3259/1799/2729
f 3285/1800/1975 3277/1788/2034 3259/1799/2729
f 3262/1801/2730 3285/1800/1975 3259/1799/2729
f 3262/1801/2730 3259/1799/2729 3261/1802/2731
f 3260/1797/2727 3261/1802/2731 3259/1799/2729
f 3445/2876/2726 3502/1803/2732 3260/1797/2727
f 3261/1802/2731 3260/1797/2727 3502/1803/2732
f 3445/2876/2726 3318/1804/2733 3502/1803/2732
f 3322/1794/2724 3319/1805/2734 3445/2876/2726
f 3445/2876/2726 3319/1805/2734 3318/1804/2733
f 3322/1794/2724 3321/2877/2735 3319/1805/2734
f 3321/2877/2735 3322/1794/2724 3323/1795/2725
f 3321/2877/2735 3323/1795/2725 3443/1807/2736
f 3444/1808/2737 3321/2877/2735 3443/1807/2736
f 3320/1809/2738 3321/2877/2735 3444/1808/2737
f 3320/1809/2738 3319/1805/2734 3321/2877/2735
f 3319/1805/2734 3320/1809/2738 3317/1810/2739
f 3318/1804/2733 3319/1805/2734 3317/1810/2739
f 3316/1811/2740 3318/1804/2733 3317/1810/2739
f 3502/1803/2732 3318/1804/2733 3316/1811/2740
f 3555/1812/2741 3502/1803/2732 3316/1811/2740
f 3555/1812/2741 3261/1802/2731 3502/1803/2732
f 3264/1813/2742 3261/1802/2731 3555/1812/2741
f 3264/1813/2742 3262/1801/2730 3261/1802/2731
f 3262/1801/2730 3264/1813/2742 3263/1814/2743
f 3285/1800/1975 3262/1801/2730 3263/1814/2743
f 3286/1815/2744 3285/1800/1975 3263/1814/2743
f 3266/1816/2745 3286/1815/2744 3263/1814/2743
f 3266/1816/2745 3263/1814/2743 3265/1817/2746
f 3264/1813/2742 3265/1817/2746 3263/1814/2743
f 3555/1812/2741 3536/1818/2747 3264/1813/2742
f 3265/1817/2746 3264/1813/2742 3536/1818/2747
f 3555/1812/2741 3312/1819/2748 3536/1818/2747
f 3316/1811/2740 3313/1820/2749 3555/1812/2741
f 3312/1819/2748 3555/1812/2741 3313/1820/2749
f 3316/1811/2740 3315/1821/2750 3313/1820/2749
f 3315/1821/2750 3316/1811/2740 3317/1810/2739
f 3315/1821/2750 3317/1810/2739 3510/1822/2751
f 3317/1810/2739 3320/1809/2738 3510/1822/2751
f 3320/1809/2738 3552/1823/2752 3510/1822/2751
f 3552/1823/2752 3320/1809/2738 3444/1808/2737
f 3552/1823/2752 3164/1824/2753 3510/1822/2751
f 3164/1824/2753 3552/1823/2752 3444/1808/2737
f 3163/1825/2754 3164/1824/2753 3444/1808/2737
f 3163/1825/2754 3444/1808/2737 3443/1807/2736
f 3442/1826/2755 3163/1825/2754 3443/1807/2736
f 3163/1825/2754 3442/1826/2755 3570/2878/2756
f 3140/1828/2757 3163/1825/2754 3570/2878/2756
f 3163/1825/2754 3140/1828/2757 3164/1824/2753
f 3570/2878/2756 3139/1829/1993 3140/1828/2757
f 3570/2878/2756 3146/2879/2758 3139/1829/1993
f 3139/1829/1993 3141/2880/2759 3140/1828/2757
f 3140/1828/2757 3142/1832/2760 3164/1824/2753
f 3141/2880/2759 3142/1832/2760 3140/1828/2757
f 3164/1824/2753 3462/1833/2761 3510/1822/2751
f 3142/1832/2760 3143/1834/2762 3164/1824/2753
f 3462/1833/2761 3164/1824/2753 3143/1834/2762
f 3142/1832/2760 3144/1840/2763 3143/1834/2762
f 3144/1840/2763 3142/1832/2760 3141/2880/2759
f 3402/1841/2764 3144/1840/2763 3141/2880/2759
f 3213/1842/2765 3402/1841/2764 3141/2880/2759
f 3139/1829/1993 3213/1842/2765 3141/2880/2759
f 3213/1842/2765 3144/1840/2763 3402/1841/2764
f 3213/1842/2765 3162/1854/2766 3144/1840/2763
f 3161/1855/2767 3144/1840/2763 3162/1854/2766
f 3161/1855/2767 3460/1839/2768 3144/1840/2763
f 3460/1839/2768 3143/1834/2762 3144/1840/2763
f 3460/1839/2768 3461/1835/2769 3143/1834/2762
f 3461/1835/2769 3462/1833/2761 3143/1834/2762
f 3461/1835/2769 3315/1821/2750 3462/1833/2761
f 3315/1821/2750 3510/1822/2751 3462/1833/2761
f 3461/1835/2769 3571/2881/2770 3315/1821/2750
f 3315/1821/2750 3314/1836/2771 3313/1820/2749
f 3571/2881/2770 3314/1836/2771 3315/1821/2750
f 3313/1820/2749 3311/2155/2772 3312/1819/2748
f 3313/1820/2749 3314/1836/2771 3311/2155/2772
f 3311/2155/2772 3310/2154/2773 3312/1819/2748
f 3310/2154/2773 3536/1818/2747 3312/1819/2748
f 3535/2149/2774 3536/1818/2747 3310/2154/2773
f 3535/2149/2774 3265/1817/2746 3536/1818/2747
f 3268/2150/2775 3265/1817/2746 3535/2149/2774
f 3268/2150/2775 3266/1816/2745 3265/1817/2746
f 3266/1816/2745 3268/2150/2775 3267/2151/2776
f 3286/1815/2744 3266/1816/2745 3267/2151/2776
f 3222/2153/2777 3286/1815/2744 3267/2151/2776
f 3233/2882/2778 3222/2153/2777 3267/2151/2776
f 3233/2882/2778 3267/2151/2776 3269/2144/2779
f 3268/2150/2775 3269/2144/2779 3267/2151/2776
f 3269/2144/2779 3268/2150/2775 3577/2145/2780
f 3577/2145/2780 3268/2150/2775 3535/2149/2774
f 3577/2145/2780 3535/2149/2774 3306/2147/2781
f 3307/2148/2782 3535/2149/2774 3310/2154/2773
f 3535/2149/2774 3307/2148/2782 3306/2147/2781
f 3310/2154/2773 3309/2156/2783 3307/2148/2782
f 3309/2156/2783 3310/2154/2773 3311/2155/2772
f 3309/2156/2783 3311/2155/2772 3579/1860/2784
f 3311/2155/2772 3314/1836/2771 3579/1860/2784
f 3571/2881/2770 3582/1859/1927 3314/1836/2771
f 3582/1859/1927 3579/1860/2784 3314/1836/2771
f 3571/2881/2770 3542/1858/1920 3582/1859/1927
f 3461/1835/2769 3543/2883/2785 3571/2881/2770
f 3543/2883/2785 3542/1858/1920 3571/2881/2770
f 3461/1835/2769 3460/1839/2768 3543/2883/2785
f 3542/1858/1920 3543/2883/2785 3398/1857/1034
f 3460/1839/2768 3397/1856/2786 3543/2883/2785
f 3543/2883/2785 3397/1856/2786 3398/1857/1034
f 3460/1839/2768 3161/1855/2767 3397/1856/2786
f 3397/1856/2786 3399/1865/1902 3398/1857/1034
f 3161/1855/2767 3369/1866/2787 3397/1856/2786
f 3397/1856/2786 3369/1866/2787 3399/1865/1902
f 3161/1855/2767 3162/1854/2766 3371/1867/2788
f 3161/1855/2767 3371/1867/2788 3369/1866/2787
f 3369/1866/2787 3371/1867/2788 3370/1881/2789
f 3368/1903/2790 3369/1866/2787 3370/1881/2789
f 3368/1903/2790 3564/1904/2791 3369/1866/2787
f 3369/1866/2787 3564/1904/2791 3399/1865/1902
f 3398/1857/1034 3399/1865/1902 3528/1864/2792
f 3399/1865/1902 3564/1904/2791 3528/1864/2792
f 3528/1864/2792 3527/1863/1913 3398/1857/1034
f 3542/1858/1920 3398/1857/1034 3527/1863/1913
f 3539/2884/2793 3542/1858/1920 3527/1863/1913
f 3539/2884/2793 3544/1861/2794 3542/1858/1920
f 3544/1861/2794 3582/1859/1927 3542/1858/1920
f 3582/1859/1927 3544/1861/2794 3579/1860/2784
f 3576/2158/2795 3309/2156/2783 3579/1860/2784
f 3544/1861/2794 3576/2158/2795 3579/1860/2784
f 3309/2156/2783 3308/2157/2796 3307/2148/2782
f 3308/2157/2796 3309/2156/2783 3576/2158/2795
f 3308/2157/2796 3305/2885/2797 3307/2148/2782
f 3306/2147/2781 3307/2148/2782 3305/2885/2797
f 3304/2143/2798 3306/2147/2781 3305/2885/2797
f 3577/2145/2780 3306/2147/2781 3304/2143/2798
f 3439/2137/2799 3577/2145/2780 3304/2143/2798
f 3439/2137/2799 3269/2144/2779 3577/2145/2780
f 3231/2129/2800 3269/2144/2779 3439/2137/2799
f 3231/2129/2800 3233/2882/2778 3269/2144/2779
f 3232/2128/1977 3233/2882/2778 3231/2129/2800
f 3222/2153/2777 3233/2882/2778 3232/2128/1977
f 3231/2129/2800 3230/2126/2801 3232/2128/1977
f 3230/2126/2801 3231/2129/2800 3438/2130/2802
f 3438/2130/2802 3231/2129/2800 3439/2137/2799
f 3438/2130/2802 3439/2137/2799 3300/2136/2803
f 3301/2138/2804 3439/2137/2799 3304/2143/2798
f 3300/2136/2803 3439/2137/2799 3301/2138/2804
f 3304/2143/2798 3303/2142/2805 3301/2138/2804
f 3303/2142/2805 3304/2143/2798 3305/2885/2797
f 3303/2142/2805 3305/2885/2797 3569/2161/2806
f 3305/2885/2797 3308/2157/2796 3569/2161/2806
f 3308/2157/2796 3575/2160/2807 3569/2161/2806
f 3575/2160/2807 3308/2157/2796 3576/2158/2795
f 3545/2159/2808 3575/2160/2807 3576/2158/2795
f 3544/1861/2794 3545/2159/2808 3576/2158/2795
f 3545/2159/2808 3569/2161/2806 3575/2160/2807
f 3551/2162/1931 3569/2161/2806 3545/2159/2808
f 3303/2142/2805 3569/2161/2806 3551/2162/1931
f 3545/2159/2808 3497/2164/1920 3551/2162/1931
f 3568/2165/2809 3551/2162/1931 3497/2164/1920
f 3568/2165/2809 3303/2142/2805 3551/2162/1931
f 3568/2165/2809 3566/2141/2810 3303/2142/2805
f 3302/2886/2811 3301/2138/2804 3303/2142/2805
f 3566/2141/2810 3302/2886/2811 3303/2142/2805
f 3301/2138/2804 3299/2135/1890 3300/2136/2803
f 3301/2138/2804 3302/2886/2811 3299/2135/1890
f 3299/2135/1890 3298/2131/2812 3300/2136/2803
f 3298/2131/2812 3438/2130/2802 3300/2136/2803
f 3546/2124/2813 3438/2130/2802 3298/2131/2812
f 3546/2124/2813 3230/2126/2801 3438/2130/2802
f 3235/2115/2814 3230/2126/2801 3546/2124/2813
f 3235/2115/2814 3237/2125/2815 3230/2126/2801
f 3237/2125/2815 3232/2128/1977 3230/2126/2801
f 3237/2125/2815 3221/2127/2816 3232/2128/1977
f 3221/2127/2816 3222/2153/2777 3232/2128/1977
f 3237/2125/2815 3236/2114/2817 3221/2127/2816
f 3236/2114/2817 3237/2125/2815 3235/2115/2814
f 3234/2113/2818 3236/2114/2817 3235/2115/2814
f 3234/2113/2818 3235/2115/2814 3409/2887/2819
f 3409/2887/2819 3235/2115/2814 3546/2124/2813
f 3409/2887/2819 3546/2124/2813 3294/2118/1967
f 3295/2123/1959 3546/2124/2813 3298/2131/2812
f 3546/2124/2813 3295/2123/1959 3294/2118/1967
f 3298/2131/2812 3297/2132/1947 3295/2123/1959
f 3297/2132/1947 3298/2131/2812 3299/2135/1890
f 3297/2132/1947 3299/2135/1890 3562/2134/2820
f 3299/2135/1890 3302/2886/2811 3562/2134/2820
f 3566/2141/2810 3567/2140/1943 3302/2886/2811
f 3567/2140/1943 3562/2134/2820 3302/2886/2811
f 3566/2141/2810 3606/1950/1845 3567/2140/1943
f 3568/2165/2809 3589/1949/1918 3566/2141/2810
f 3589/1949/1918 3606/1950/1845 3566/2141/2810
f 3568/2165/2809 3498/1948/1919 3589/1949/1918
f 3498/1948/1919 3568/2165/2809 3497/2164/1920
f 3498/1948/1919 3590/1947/1916 3589/1949/1918
f 3589/1949/1918 3590/1947/1916 3605/1946/1917
f 3606/1950/1845 3589/1949/1918 3605/1946/1917
f 3606/1950/1845 3605/1946/1917 3595/2888/2821
f 3475/1966/1940 3606/1950/1845 3595/2888/2821
f 3475/1966/1940 3476/1967/1942 3606/1950/1845
f 3476/1967/1942 3567/2140/1943 3606/1950/1845
f 3567/2140/1943 3476/1967/1942 3562/2134/2820
f 3554/2133/2822 3297/2132/1947 3562/2134/2820
f 3476/1967/1942 3554/2133/2822 3562/2134/2820
f 3297/2132/1947 3296/2122/1952 3295/2123/1959
f 3296/2122/1952 3297/2132/1947 3554/2133/2822
f 3296/2122/1952 3293/2119/1958 3295/2123/1959
f 3294/2118/1967 3295/2123/1959 3293/2119/1958
f 3292/2117/1968 3294/2118/1967 3293/2119/1958
f 3409/2887/2819 3294/2118/1967 3292/2117/1968
f 3405/2104/2823 3409/2887/2819 3292/2117/1968
f 3405/2104/2823 3234/2113/2818 3409/2887/2819
f 3239/2105/2824 3234/2113/2818 3405/2104/2823
f 3239/2105/2824 3241/2112/1993 3234/2113/2818
f 3241/2112/1993 3236/2114/2817 3234/2113/2818
f 3241/2112/1993 3220/2111/2018 3236/2114/2817
f 3220/2111/2018 3221/2127/2816 3236/2114/2817
f 3241/2112/1993 3240/2106/2825 3220/2111/2018
f 3240/2106/2825 3241/2112/1993 3239/2105/2824
f 3238/2100/2826 3240/2106/2825 3239/2105/2824
f 3238/2100/2826 3239/2105/2824 3415/2101/2827
f 3415/2101/2827 3239/2105/2824 3405/2104/2823
f 3415/2101/2827 3405/2104/2823 3287/2102/1983
f 3287/2102/1983 3405/2104/2823 3289/2103/2828
f 3289/2103/2828 3405/2104/2823 3292/2117/1968
f 3289/2103/2828 3292/2117/1968 3291/2091/2829
f 3291/2091/2829 3292/2117/1968 3293/2119/1958
f 3291/2091/2829 3293/2119/1958 3537/2120/1953
f 3293/2119/1958 3296/2122/1952 3537/2120/1953
f 3296/2122/1952 3553/2121/2830 3537/2120/1953
f 3553/2121/2830 3296/2122/1952 3554/2133/2822
f 3478/1968/1941 3553/2121/2830 3554/2133/2822
f 3476/1967/1942 3478/1968/1941 3554/2133/2822
f 3478/1968/1941 3537/2120/1953 3553/2121/2830
f 3588/1969/1954 3537/2120/1953 3478/1968/1941
f 3291/2091/2829 3537/2120/1953 3588/1969/1954
f 3548/1970/2831 3291/2091/2829 3588/1969/1954
f 3548/1970/2831 3588/1969/1954 3583/1964/1845
f 3583/1964/1845 3588/1969/1954 3478/1968/1941
f 3477/1965/2832 3583/1964/1845 3478/1968/1941
f 3477/1965/2832 3478/1968/1941 3476/1967/1942
f 3475/1966/1940 3477/1965/2832 3476/1967/1942
f 3477/1965/2832 3475/1966/1940 3584/1952/1846
f 3477/1965/2832 3584/1952/1846 3583/1964/1845
f 3475/1966/1940 3595/2888/2821 3584/1952/1846
f 3584/1952/1846 3585/1953/1834 3583/1964/1845
f 3595/2888/2821 3521/1944/2833 3584/1952/1846
f 3584/1952/1846 3521/1944/2833 3585/1953/1834
f 3595/2888/2821 3523/1945/2834 3521/1944/2833
f 3595/2888/2821 3605/1946/1917 3523/1945/2834
f 3605/1946/1917 3590/1947/1916 3556/1928/1848
f 3605/1946/1917 3556/1928/1848 3523/1945/2834
f 3521/1944/2833 3523/1945/2834 3522/2889/2835
f 3556/1928/1848 3524/1929/2836 3523/1945/2834
f 3523/1945/2834 3524/1929/2836 3522/2889/2835
f 3556/1928/1848 3384/1920/2837 3524/1929/2836
f 3522/2889/2835 3524/1929/2836 3390/1919/2838
f 3390/1919/2838 3524/1929/2836 3384/1920/2837
f 3390/1919/2838 3391/1930/2839 3522/2889/2835
f 3596/2890/2840 3522/2889/2835 3389/1932/2841
f 3522/2889/2835 3391/1930/2839 3389/1932/2841
f 3596/2890/2840 3521/1944/2833 3522/2889/2835
f 3521/1944/2833 3596/2890/2840 3585/1953/1834
f 3473/1954/1835 3474/2891/2842 3585/1953/1834
f 3585/1953/1834 3596/2890/2840 3473/1954/1835
f 3474/2891/2842 3583/1964/1845 3585/1953/1834
f 3474/2891/2842 3548/1970/2831 3583/1964/1845
f 3473/1954/1835 3393/2892/2843 3474/2891/2842
f 3474/2891/2842 3394/1971/2844 3548/1970/2831
f 3393/2892/2843 3394/1971/2844 3474/2891/2842
f 3548/1970/2831 3549/2090/2845 3291/2091/2829
f 3394/1971/2844 3549/2090/2845 3548/1970/2831
f 3291/2091/2829 3290/2092/2846 3289/2103/2828
f 3549/2090/2845 3290/2092/2846 3291/2091/2829
f 3289/2103/2828 3288/2093/2847 3287/2102/1983
f 3289/2103/2828 3290/2092/2846 3288/2093/2847
f 3288/2093/2847 3360/2094/1988 3287/2102/1983
f 3360/2094/1988 3415/2101/2827 3287/2102/1983
f 3414/2095/2848 3415/2101/2827 3360/2094/1988
f 3414/2095/2848 3238/2100/2826 3415/2101/2827
f 3360/2094/1988 3357/2086/1996 3414/2095/2848
f 3357/2086/1996 3360/2094/1988 3359/2087/2849
f 3359/2087/2849 3360/2094/1988 3288/2093/2847
f 3359/2087/2849 3288/2093/2847 3533/2893/2850
f 3288/2093/2847 3290/2092/2846 3533/2893/2850
f 3549/2090/2845 3601/2089/1842 3290/2092/2846
f 3601/2089/1842 3533/2893/2850 3290/2092/2846
f 3549/2090/2845 3396/1972/1837 3601/2089/1842
f 3394/1971/2844 3396/1972/1837 3549/2090/2845
f 3393/2892/2843 3395/1961/2851 3394/1971/2844
f 3395/1961/2851 3396/1972/1837 3394/1971/2844
f 3393/2892/2843 3501/1956/1816 3395/1961/2851
f 3393/2892/2843 3473/1954/1835 3483/1955/2852
f 3393/2892/2843 3483/1955/2852 3501/1956/1816
f 3473/1954/1835 3484/1942/2853 3483/1955/2852
f 3596/2890/2840 3484/1942/2853 3473/1954/1835
f 3484/1942/2853 3596/2890/2840 3389/1932/2841
f 3484/1942/2853 3389/1932/2841 3387/1941/2854
f 3483/1955/2852 3484/1942/2853 3387/1941/2854
f 3483/1955/2852 3387/1941/2854 3501/1956/1816
f 3395/1961/2851 3501/1956/1816 3512/1960/2855
f 3387/1941/2854 3565/1957/2856 3501/1956/1816
f 3501/1956/1816 3565/1957/2856 3512/1960/2855
f 3387/1941/2854 3376/2894/2857 3565/1957/2856
f 3512/1960/2855 3565/1957/2856 3509/1959/2858
f 3509/1959/2858 3565/1957/2856 3376/2894/2857
f 3509/1959/2858 3572/2895/2859 3512/1960/2855
f 3511/1973/1825 3395/1961/2851 3512/1960/2855
f 3511/1973/1825 3512/1960/2855 3572/2895/2859
f 3511/1973/1825 3396/1972/1837 3395/1961/2851
f 3511/1973/1825 3440/2073/2860 3396/1972/1837
f 3440/2073/2860 3441/2896/2861 3396/1972/1837
f 3441/2896/2861 3601/2089/1842 3396/1972/1837
f 3601/2089/1842 3441/2896/2861 3533/2893/2850
f 3441/2896/2861 3534/2080/2862 3533/2893/2850
f 3534/2080/2862 3359/2087/2849 3533/2893/2850
f 3358/2081/1997 3359/2087/2849 3534/2080/2862
f 3358/2081/1997 3357/2086/1996 3359/2087/2849
f 3534/2080/2862 3434/2897/2863 3358/2081/1997
f 3441/2896/2861 3433/2076/1840 3534/2080/2862
f 3433/2076/1840 3434/2897/2863 3534/2080/2862
f 3441/2896/2861 3413/2898/1839 3433/2076/1840
f 3440/2073/2860 3413/2898/1839 3441/2896/2861
f 3511/1973/1825 3411/2072/1824 3440/2073/2860
f 3411/2072/1824 3413/2898/1839 3440/2073/2860
f 3511/1973/1825 3572/2895/2859 3411/2072/1824
f 3411/2072/1824 3412/2071/2864 3413/2898/1839
f 3413/2898/1839 3412/2071/2864 3433/2076/1840
f 3411/2072/1824 3410/2050/2865 3412/2071/2864
f 3411/2072/1824 3572/2895/2859 3410/2050/2865
f 3572/2895/2859 3509/1959/2858 3508/1975/1801
f 3572/2895/2859 3508/1975/1801 3410/2050/2865
f 3509/1959/2858 3363/1976/2866 3508/1975/1801
f 3509/1959/2858 3374/1958/2867 3363/1976/2866
f 3374/1958/2867 3509/1959/2858 3376/2894/2857
f 3374/1958/2867 3376/2894/2857 3375/1939/2868
f 3363/1976/2866 3374/1958/2867 3375/1939/2868
f 3376/2894/2857 3388/1933/2869 3375/1939/2868
f 3376/2894/2857 3387/1941/2854 3388/1933/2869
f 3387/1941/2854 3389/1932/2841 3388/1933/2869
f 3388/1933/2869 3389/1932/2841 3392/2899/2870
f 3389/1932/2841 3391/1930/2839 3392/2899/2870
f 3390/1919/2838 3392/2899/2870 3391/1930/2839
f 3392/2899/2870 3390/1919/2838 3385/1908/2871
f 3390/1919/2838 3384/1920/2837 3385/1908/2871
f 3392/2899/2870 3385/1908/2871 3406/1909/2872
f 3557/1917/2873 3392/2899/2870 3406/1909/2872
f 3388/1933/2869 3392/2899/2870 3557/1917/2873
f 3520/1934/2874 3388/1933/2869 3557/1917/2873
f 3375/1939/2868 3388/1933/2869 3520/1934/2874
f 3518/2900/2875 3375/1939/2868 3520/1934/2874
f 3362/1977/2876 3375/1939/2868 3518/2900/2875
f 3362/1977/2876 3363/1976/2866 3375/1939/2868
f 3361/2027/2877 3363/1976/2866 3362/1977/2876
f 3507/2028/2878 3363/1976/2866 3361/2027/2877
f 3507/2028/2878 3508/1975/1801 3363/1976/2866
f 3508/1975/1801 3507/2028/2878 3563/2049/1820
f 3410/2050/2865 3508/1975/1801 3563/2049/1820
f 3410/2050/2865 3563/2049/1820 3449/2051/2879
f 3412/2071/2864 3410/2050/2865 3449/2051/2879
f 3563/2049/1820 3561/2048/2880 3449/2051/2879
f 3561/2048/2880 3563/2049/1820 3495/2029/2881
f 3563/2049/1820 3507/2028/2878 3495/2029/2881
f 3495/2029/2881 3507/2028/2878 3361/2027/2877
f 3495/2029/2881 3361/2027/2877 3419/2030/2882
f 3561/2048/2880 3495/2029/2881 3419/2030/2882
f 3361/2027/2877 3496/2026/2883 3419/2030/2882
f 3362/1977/2876 3379/2901/2884 3361/2027/2877
f 3379/2901/2884 3496/2026/2883 3361/2027/2877
f 3362/1977/2876 3378/1979/2885 3379/2901/2884
f 3378/1979/2885 3362/1977/2876 3506/1978/2886
f 3506/1978/2886 3362/1977/2876 3518/2900/2875
f 3506/1978/2886 3518/2900/2875 3469/1937/2887
f 3518/2900/2875 3520/1934/2874 3468/1936/1809
f 3469/1937/2887 3518/2900/2875 3468/1936/1809
f 3520/1934/2874 3471/2902/2888 3468/1936/1809
f 3520/1934/2874 3557/1917/2873 3471/2902/2888
f 3471/2902/2888 3557/1917/2873 3408/1910/1853
f 3557/1917/2873 3406/1909/2872 3408/1910/1853
f 3406/1909/2872 3385/1908/2871 3407/1901/2889
f 3406/1909/2872 3407/1901/2889 3408/1910/1853
f 3385/1908/2871 3367/2903/2890 3407/1901/2889
f 3384/1920/2837 3386/1907/2891 3385/1908/2871
f 3385/1908/2871 3386/1907/2891 3367/2903/2890
f 3384/1920/2837 3447/1927/2892 3448/1921/2893
f 3448/1921/2893 3386/1907/2891 3384/1920/2837
f 3447/1927/2892 3384/1920/2837 3556/1928/1848
f 3590/1947/1916 3447/1927/2892 3556/1928/1848
f 3590/1947/1916 3500/2904/2894 3447/1927/2892
f 3500/2904/2894 3448/1921/2893 3447/1927/2892
f 3590/1947/1916 3498/1948/1919 3500/2904/2894
f 3500/2904/2894 3573/1922/1899 3448/1921/2893
f 3448/1921/2893 3573/1922/1899 3386/1907/2891
f 3500/2904/2894 3498/1948/1919 3499/1925/300
f 3499/1925/300 3573/1922/1899 3500/2904/2894
f 3498/1948/1919 3497/2164/1920 3499/1925/300
f 3499/1925/300 3603/1923/2895 3573/1922/1899
f 3497/2164/1920 3526/1924/1914 3499/1925/300
f 3526/1924/1914 3603/1923/2895 3499/1925/300
f 3497/2164/1920 3525/2163/1921 3526/1924/1914
f 3525/2163/1921 3497/2164/1920 3545/2159/2808
f 3525/2163/1921 3545/2159/2808 3544/1861/2794
f 3539/2884/2793 3525/2163/1921 3544/1861/2794
f 3525/2163/1921 3539/2884/2793 3526/1924/1914
f 3539/2884/2793 3527/1863/1913 3526/1924/1914
f 3526/1924/1914 3527/1863/1913 3603/1923/2895
f 3527/1863/1913 3528/1864/2792 3603/1923/2895
f 3603/1923/2895 3574/1905/2896 3573/1922/1899
f 3603/1923/2895 3528/1864/2792 3574/1905/2896
f 3573/1922/1899 3574/1905/2896 3386/1907/2891
f 3574/1905/2896 3366/2905/2897 3386/1907/2891
f 3386/1907/2891 3366/2905/2897 3367/2903/2890
f 3574/1905/2896 3368/1903/2790 3366/2905/2897
f 3366/2905/2897 3368/1903/2790 3367/2903/2890
f 3574/1905/2896 3564/1904/2791 3368/1903/2790
f 3528/1864/2792 3564/1904/2791 3574/1905/2896
f 3368/1903/2790 3370/1881/2789 3367/2903/2890
f 3407/1901/2889 3367/2903/2890 3423/1886/2898
f 3367/2903/2890 3370/1881/2789 3423/1886/2898
f 3423/1886/2898 3370/1881/2789 3194/1882/2899
f 3193/1880/2900 3370/1881/2789 3371/1867/2788
f 3194/1882/2899 3370/1881/2789 3193/1880/2900
f 3193/1880/2900 3177/2906/2901 3194/1882/2899
f 3371/1867/2788 3177/2906/2901 3193/1880/2900
f 3371/1867/2788 3467/1868/2902 3177/2906/2901
f 3371/1867/2788 3162/1854/2766 3467/1868/2902
f 3213/1842/2765 3214/1853/2903 3162/1854/2766
f 3162/1854/2766 3214/1853/2903 3467/1868/2902
f 3467/1868/2902 3175/1876/2904 3177/2906/2901
f 3214/1853/2903 3197/1869/2905 3467/1868/2902
f 3197/1869/2905 3175/1876/2904 3467/1868/2902
f 3174/1877/2906 3175/1876/2904 3197/1869/2905
f 3174/1877/2906 3176/1878/2907 3175/1876/2904
f 3176/1878/2907 3177/2906/2901 3175/1876/2904
f 3176/1878/2907 3208/1883/2908 3177/2906/2901
f 3208/1883/2908 3194/1882/2899 3177/2906/2901
f 3208/1883/2908 3209/1885/2909 3194/1882/2899
f 3194/1882/2899 3209/1885/2909 3423/1886/2898
f 3189/1887/2910 3423/1886/2898 3209/1885/2909
f 3189/1887/2910 3407/1901/2889 3423/1886/2898
f 3209/1885/2909 3210/1884/2911 3189/1887/2910
f 3208/1883/2908 3210/1884/2911 3209/1885/2909
f 3176/1878/2907 3210/1884/2911 3208/1883/2908
f 3176/1878/2907 3174/1877/2906 3210/1884/2911
f 3211/1889/2912 3187/1888/2913 3210/1884/2911
f 3174/1877/2906 3211/1889/2912 3210/1884/2911
f 3187/1888/2913 3189/1887/2910 3210/1884/2911
f 3188/1900/2914 3189/1887/2910 3187/1888/2913
f 3407/1901/2889 3189/1887/2910 3188/1900/2914
f 3407/1901/2889 3188/1900/2914 3408/1910/1853
f 3156/1899/2915 3129/1911/2916 3188/1900/2914
f 3129/1911/2916 3408/1910/1853 3188/1900/2914
f 3156/1899/2915 3188/1900/2914 3187/1888/2913
f 3187/1888/2913 3421/1897/2917 3156/1899/2915
f 3187/1888/2913 3211/1889/2912 3421/1897/2917
f 3182/1890/2918 3211/1889/2912 3174/1877/2906
f 3211/1889/2912 3182/1890/2918 3421/1897/2917
f 3174/1877/2906 3197/1869/2905 3168/1875/2919
f 3182/1890/2918 3174/1877/2906 3168/1875/2919
f 3197/1869/2905 3166/1870/1873 3168/1875/2919
f 3214/1853/2903 3198/1852/2920 3197/1869/2905
f 3197/1869/2905 3198/1852/2920 3166/1870/1873
f 3214/1853/2903 3380/2907/1909 3198/1852/2920
f 3380/2907/1909 3214/1853/2903 3213/1842/2765
f 3494/1843/2921 3380/2907/1909 3213/1842/2765
f 3494/1843/2921 3213/1842/2765 3139/1829/1993
f 3139/1829/1993 3148/1844/2922 3494/1843/2921
f 3494/1843/2921 3148/1844/2922 3380/2907/1909
f 3139/1829/1993 3146/2879/2758 3148/1844/2922
f 3148/1844/2922 3147/2908/2923 3380/2907/1909
f 3147/2908/2923 3148/1844/2922 3146/2879/2758
f 3145/1847/2924 3147/2908/2923 3146/2879/2758
f 3147/2908/2923 3145/1847/2924 3436/1848/2925
f 3436/1848/2925 3380/2907/1909 3147/2908/2923
f 3198/1852/2920 3380/2907/1909 3436/1848/2925
f 3198/1852/2920 3436/1848/2925 3152/1851/2926
f 3152/1851/2926 3153/1871/2927 3198/1852/2920
f 3153/1871/2927 3166/1870/1873 3198/1852/2920
f 3152/1851/2926 3154/1850/1723 3153/1871/2927
f 3152/1851/2926 3436/1848/2925 3154/1850/1723
f 3436/1848/2925 3437/1849/1722 3154/1850/1723
f 3145/1847/2924 3437/1849/1722 3436/1848/2925
f 3154/1850/1723 3155/1872/1876 3153/1871/2927
f 3153/1871/2927 3155/1872/1876 3165/2909/1874
f 3153/1871/2927 3165/2909/1874 3166/1870/1873
f 3165/2909/1874 3167/1874/1747 3166/1870/1873
f 3167/1874/1747 3168/1875/2919 3166/1870/1873
f 3168/1875/2919 3167/1874/1747 3181/1891/2928
f 3181/1891/2928 3182/1890/2918 3168/1875/2919
f 3182/1890/2918 3181/1891/2928 3420/1894/2929
f 3182/1890/2918 3420/1894/2929 3421/1897/2917
f 3130/2910/2930 3421/1897/2917 3420/1894/2929
f 3421/1897/2917 3130/2910/2930 3156/1899/2915
f 3130/2910/2930 3129/1911/2916 3156/1899/2915
f 3128/1896/2931 3129/1911/2916 3130/2910/2930
f 3130/2910/2930 3420/1894/2929 3128/1896/2931
f 3128/1896/2931 3127/1912/2932 3129/1911/2916
f 3420/1894/2929 3422/1895/1868 3128/1896/2931
f 3422/1895/1868 3420/1894/2929 3432/1893/975
f 3420/1894/2929 3181/1891/2928 3432/1893/975
f 3432/1893/975 3181/1891/2928 3435/1892/1765
f 3181/1891/2928 3167/1874/1747 3435/1892/1765
f 3129/1911/2916 3127/1912/2932 3151/1913/1855
f 3408/1910/1853 3129/1911/2916 3151/1913/1855
f 3127/1912/2932 3425/1914/2933 3151/1913/1855
f 3427/2911/1856 3151/1913/1855 3425/1914/2933
f 3427/2911/1856 3471/2902/2888 3151/1913/1855
f 3471/2902/2888 3408/1910/1853 3151/1913/1855
f 3427/2911/1856 3426/1935/1808 3471/2902/2888
f 3426/1935/1808 3427/2911/1856 3425/1914/2933
f 3424/2176/2038 3426/1935/1808 3425/1914/2933
f 3426/1935/1808 3424/2176/2038 3519/1984/1787
f 3470/1983/1788 3426/1935/1808 3519/1984/1787
f 3135/1982/1786 3470/1983/1788 3519/1984/1787
f 3134/1985/2934 3135/1982/1786 3519/1984/1787
f 3470/1983/1788 3469/1937/2887 3426/1935/1808
f 3469/1937/2887 3470/1983/1788 3135/1982/1786
f 3469/1937/2887 3468/1936/1809 3426/1935/1808
f 3468/1936/1809 3471/2902/2888 3426/1935/1808
f 3469/1937/2887 3505/2912/1783 3506/1978/2886
f 3505/2912/1783 3469/1937/2887 3135/1982/1786
f 3136/1986/1784 3505/2912/1783 3135/1982/1786
f 3134/1985/2934 3136/1986/1784 3135/1982/1786
f 3138/1993/2935 3136/1986/1784 3134/1985/2934
f 3136/1986/1784 3138/1993/2935 3137/1992/1771
f 3132/1994/2936 3137/1992/1771 3138/1993/2935
f 3196/1995/2937 3132/1994/2936 3138/1993/2935
f 3459/1997/1766 3195/1996/2938 3196/1995/2937
f 3195/1996/2938 3132/1994/2936 3196/1995/2937
f 3459/1997/1766 3458/1998/1765 3195/1996/2938
f 3173/1999/1870 3195/1996/2938 3458/1998/1765
f 3172/2001/2939 3195/1996/2938 3173/1999/1870
f 3172/2001/2939 3131/2000/2940 3195/1996/2938
f 3195/1996/2938 3131/2000/2940 3132/1994/2936
f 3131/2000/2940 3133/1991/2941 3132/1994/2936
f 3133/1991/2941 3137/1992/1771 3132/1994/2936
f 3137/1992/1771 3133/1991/2941 3149/2913/2942
f 3137/1992/1771 3149/2913/2942 3136/1986/1784
f 3136/1986/1784 3149/2913/2942 3190/2914/2943
f 3505/2912/1783 3136/1986/1784 3190/2914/2943
f 3190/2914/2943 3493/1981/2944 3505/2912/1783
f 3493/1981/2944 3506/1978/2886 3505/2912/1783
f 3493/1981/2944 3378/1979/2885 3506/1978/2886
f 3206/2014/2945 3373/2015/2946 3493/1981/2944
f 3373/2015/2946 3378/1979/2885 3493/1981/2944
f 3493/1981/2944 3184/1988/2947 3206/2014/2945
f 3184/1988/2947 3493/1981/2944 3190/2914/2943
f 3150/1990/2948 3184/1988/2947 3190/2914/2943
f 3149/2913/2942 3150/1990/2948 3190/2914/2943
f 3133/1991/2941 3150/1990/2948 3149/2913/2942
f 3131/2000/2940 3191/2915/2949 3133/1991/2941
f 3191/2915/2949 3150/1990/2948 3133/1991/2941
f 3131/2000/2940 3183/2010/2950 3191/2915/2949
f 3172/2001/2939 3183/2010/2950 3131/2000/2940
f 3191/2915/2949 3186/2012/2951 3150/1990/2948
f 3191/2915/2949 3183/2010/2950 3186/2012/2951
f 3186/2012/2951 3184/1988/2947 3150/1990/2948
f 3184/1988/2947 3186/2012/2951 3185/2013/2952
f 3206/2014/2945 3184/1988/2947 3185/2013/2952
f 3202/2017/2953 3206/2014/2945 3185/2013/2952
f 3203/2016/2954 3206/2014/2945 3202/2017/2953
f 3373/2015/2946 3206/2014/2945 3203/2016/2954
f 3207/2021/2955 3373/2015/2946 3203/2016/2954
f 3372/2022/2956 3373/2015/2946 3207/2021/2955
f 3373/2015/2946 3372/2022/2956 3378/1979/2885
f 3377/2024/2957 3379/2901/2884 3378/1979/2885
f 3372/2022/2956 3377/2024/2957 3378/1979/2885
f 3377/2024/2957 3593/2025/2958 3379/2901/2884
f 3593/2025/2958 3377/2024/2957 3372/2022/2956
f 3593/2025/2958 3496/2026/2883 3379/2901/2884
f 3417/2031/2959 3496/2026/2883 3593/2025/2958
f 3419/2030/2882 3496/2026/2883 3417/2031/2959
f 3418/2047/1798 3419/2030/2882 3417/2031/2959
f 3418/2047/1798 3561/2048/2880 3419/2030/2882
f 3450/2052/2960 3561/2048/2880 3418/2047/1798
f 3450/2052/2960 3449/2051/2879 3561/2048/2880
f 3449/2051/2879 3450/2052/2960 3428/2069/2961
f 3449/2051/2879 3428/2069/2961 3412/2071/2864
f 3412/2071/2864 3430/2077/2005 3433/2076/1840
f 3428/2069/2961 3430/2077/2005 3412/2071/2864
f 3430/2077/2005 3431/2078/2962 3433/2076/1840
f 3431/2078/2962 3434/2897/2863 3433/2076/1840
f 3358/2081/1997 3434/2897/2863 3431/2078/2962
f 3355/2082/2000 3358/2081/1997 3431/2078/2962
f 3357/2086/1996 3358/2081/1997 3355/2082/2000
f 3431/2078/2962 3353/2070/2963 3355/2082/2000
f 3353/2070/2963 3431/2078/2962 3430/2077/2005
f 3428/2069/2961 3353/2070/2963 3430/2077/2005
f 3428/2069/2961 3429/2064/2964 3353/2070/2963
f 3450/2052/2960 3429/2064/2964 3428/2069/2961
f 3450/2052/2960 3491/2916/2029 3429/2064/2964
f 3491/2916/2029 3450/2052/2960 3418/2047/1798
f 3491/2916/2029 3418/2047/1798 3416/2046/1797
f 3416/2046/1797 3418/2047/1798 3417/2031/2959
f 3416/2046/1797 3417/2031/2959 3597/2032/2965
f 3597/2032/2965 3417/2031/2959 3593/2025/2958
f 3597/2032/2965 3593/2025/2958 3592/2033/2966
f 3592/2033/2966 3593/2025/2958 3372/2022/2956
f 3587/2034/1729 3592/2033/2966 3372/2022/2956
f 3482/2917/1730 3592/2033/2966 3587/2034/1729
f 3597/2032/2965 3592/2033/2966 3482/2917/1730
f 3481/2045/1736 3597/2032/2965 3482/2917/1730
f 3481/2045/1736 3416/2046/1797 3597/2032/2965
f 3530/2054/2197 3416/2046/1797 3481/2045/1736
f 3530/2054/2197 3491/2916/2029 3416/2046/1797
f 3530/2054/2197 3531/2063/2967 3491/2916/2029
f 3491/2916/2029 3492/2065/2027 3429/2064/2964
f 3531/2063/2967 3492/2065/2027 3491/2916/2029
f 3429/2064/2964 3352/2068/2968 3353/2070/2963
f 3429/2064/2964 3492/2065/2027 3352/2068/2968
f 3492/2065/2027 3598/2067/2026 3352/2068/2968
f 3492/2065/2027 3531/2063/2967 3598/2067/2026
f 3598/2067/2026 3349/2918/2011 3352/2068/2968
f 3351/2083/2969 3352/2068/2968 3349/2918/2011
f 3352/2068/2968 3351/2083/2969 3353/2070/2963
f 3351/2083/2969 3354/2084/2970 3353/2070/2963
f 3353/2070/2963 3354/2084/2970 3355/2082/2000
f 3354/2084/2970 3356/2919/2001 3355/2082/2000
f 3356/2919/2001 3357/2086/1996 3355/2082/2000
f 3414/2095/2848 3357/2086/1996 3356/2919/2001
f 3401/2920/2971 3414/2095/2848 3356/2919/2001
f 3401/2920/2971 3356/2919/2001 3354/2084/2970
f 3400/2097/2972 3401/2920/2971 3354/2084/2970
f 3351/2083/2969 3400/2097/2972 3354/2084/2970
f 3349/2918/2011 3350/2921/2012 3351/2083/2969
f 3350/2921/2012 3400/2097/2972 3351/2083/2969
f 3349/2918/2011 3348/2922/2013 3350/2921/2012
f 3347/2923/2973 3348/2922/2013 3349/2918/2011
f 3347/2923/2973 3349/2918/2011 3598/2067/2026
f 3599/2066/2974 3347/2923/2973 3598/2067/2026
f 3531/2063/2967 3599/2066/2974 3598/2067/2026
f 3530/2054/2197 3479/2055/1735 3531/2063/2967
f 3531/2063/2967 3538/2924/2975 3599/2066/2974
f 3479/2055/1735 3538/2924/2975 3531/2063/2967
f 3479/2055/1735 3481/2045/1736 3480/2056/2029
f 3479/2055/1735 3480/2056/2029 3538/2924/2975
f 3479/2055/1735 3530/2054/2197 3481/2045/1736
f 3481/2045/1736 3482/2917/1730 3480/2056/2029
f 3480/2056/2029 3482/2917/1730 3586/2043/1711
f 3482/2917/1730 3587/2034/1729 3586/2043/1711
f 3586/2043/1711 3587/2034/1729 3503/2035/2976
f 3587/2034/1729 3372/2022/2956 3503/2035/2976
f 3372/2022/2956 3207/2021/2955 3503/2035/2976
f 3212/2036/2977 3503/2035/2976 3207/2021/2955
f 3212/2036/2977 3215/2041/2978 3503/2035/2976
f 3503/2035/2976 3215/2041/2978 3504/2042/2979
f 3504/2042/2979 3586/2043/1711 3503/2035/2976
f 3586/2043/1711 3504/2042/2979 3516/2057/2980
f 3586/2043/1711 3516/2057/2980 3480/2056/2029
f 3480/2056/2029 3559/2061/1732 3538/2924/2975
f 3516/2057/2980 3559/2061/1732 3480/2056/2029
f 3559/2061/1732 3560/2925/1733 3538/2924/2975
f 3538/2924/2975 3594/2926/2981 3599/2066/2974
f 3560/2925/1733 3594/2926/2981 3538/2924/2975
f 3594/2926/2981 3346/2927/2021 3599/2066/2974
f 3346/2927/2021 3347/2923/2973 3599/2066/2974
f 3594/2926/2981 3560/2925/1733 3346/2927/2021
f 3346/2927/2021 3345/2928/2019 3347/2923/2973
f 3345/2928/2019 3348/2922/2013 3347/2923/2973
f 3346/2927/2021 3343/2929/2020 3345/2928/2019
f 3343/2929/2020 3346/2927/2021 3560/2925/1733
f 3341/2060/2982 3343/2929/2020 3560/2925/1733
f 3341/2060/2982 3560/2925/1733 3559/2061/1732
f 3516/2057/2980 3341/2060/2982 3559/2061/1732
f 3516/2057/2980 3517/2059/2983 3341/2060/2982
f 3504/2042/2979 3517/2059/2983 3516/2057/2980
f 3215/2041/2978 3452/2058/2984 3504/2042/2979
f 3504/2042/2979 3452/2058/2984 3517/2059/2983
f 3517/2059/2983 3340/2930/2985 3341/2060/2982
f 3452/2058/2984 3454/2931/2986 3517/2059/2983
f 3517/2059/2983 3454/2931/2986 3340/2930/2985
f 3452/2058/2984 3453/2932/1697 3454/2931/2986
f 3454/2931/2986 3540/2933/1695 3340/2930/2985
f 3454/2931/2986 3453/2932/1697 3540/2933/1695
f 3540/2933/1695 3337/2934/1683 3340/2930/2985
f 3339/2935/2987 3340/2930/2985 3337/2934/1683
f 3340/2930/2985 3339/2935/2987 3341/2060/2982
f 3339/2935/2987 3342/2936/1693 3341/2060/2982
f 3341/2060/2982 3342/2936/1693 3343/2929/2020
f 3342/2936/1693 3344/2937/1692 3343/2929/2020
f 3344/2937/1692 3345/2928/2019 3343/2929/2020
f 3463/2938/2988 3345/2928/2019 3344/2937/1692
f 3345/2928/2019 3463/2938/2988 3348/2922/2013
f 3344/2937/1692 3532/2939/2989 3463/2938/2988
f 3532/2939/2989 3344/2937/1692 3342/2936/1693
f 3529/2940/2990 3532/2939/2989 3342/2936/1693
f 3339/2935/2987 3529/2940/2990 3342/2936/1693
f 3337/2934/1683 3338/2941/1677 3339/2935/2987
f 3338/2941/1677 3529/2940/2990 3339/2935/2987
f 3337/2934/1683 3336/2942/2991 3338/2941/1677
f 3335/2943/1682 3336/2942/2991 3337/2934/1683
f 3335/2943/1682 3337/2934/1683 3540/2933/1695
f 3558/2944/2992 3335/2943/1682 3540/2933/1695
f 3453/2932/1697 3558/2944/2992 3540/2933/1695
f 3335/2943/1682 3334/2945/1679 3333/2946/1667
f 3334/2945/1679 3335/2943/1682 3558/2944/2992
f 3333/2946/1667 3336/2942/2991 3335/2943/1682
f 3333/2946/1667 3485/2947/2993 3336/2942/2991
f 3336/2942/2991 3486/2948/2994 3338/2941/1677
f 3485/2947/2993 3486/2948/2994 3336/2942/2991
f 3486/2948/2994 3529/2940/2990 3338/2941/1677
f 3486/2948/2994 3256/2949/2995 3529/2940/2990
f 3529/2940/2990 3246/2950/2996 3532/2939/2989
f 3256/2949/2995 3246/2950/2996 3529/2940/2990
f 3246/2950/2996 3247/2951/2997 3532/2939/2989
f 3532/2939/2989 3247/2951/2997 3463/2938/2988
f 3463/2938/2988 3464/2952/2998 3348/2922/2013
f 3247/2951/2997 3253/2953/2999 3463/2938/2988
f 3463/2938/2988 3253/2953/2999 3464/2952/2998
f 3247/2951/2997 3248/2954/3000 3249/2955/3001
f 3247/2951/2997 3249/2955/3001 3253/2953/2999
f 3247/2951/2997 3246/2950/2996 3248/2954/3000
f 3256/2949/2995 3254/2956/3002 3246/2950/2996
f 3254/2956/3002 3248/2954/3000 3246/2950/2996
f 3256/2949/2995 3255/2957/1658 3254/2956/3002
f 3486/2948/2994 3257/2958/3003 3256/2949/2995
f 3256/2949/2995 3257/2958/3003 3255/2957/1658
f 3486/2948/2994 3485/2947/2993 3257/2958/3003
f 3257/2958/3003 3281/2959/3004 3255/2957/1658
f 3485/2947/2993 3282/2960/3005 3257/2958/3003
f 3282/2960/3005 3281/2959/3004 3257/2958/3003
f 3485/2947/2993 3602/2961/3006 3282/2960/3005
f 3485/2947/2993 3333/2946/1667 3332/2962/1666
f 3602/2961/3006 3485/2947/2993 3332/2962/1666
f 3333/2946/1667 3331/2963/1668 3332/2962/1666
f 3333/2946/1667 3334/2945/1679 3331/2963/1668
f 3331/2963/1668 3330/2964/3007 3332/2962/1666
f 3602/2961/3006 3332/2962/1666 3330/2964/3007
f 3547/2965/3008 3602/2961/3006 3330/2964/3007
f 3547/2965/3008 3283/2966/2717 3602/2961/3006
f 3283/2966/2717 3282/2960/3005 3602/2961/3006
f 3282/2960/3005 3283/2966/2717 3281/2959/3004
f 3283/2966/2717 3280/2967/2715 3281/2959/3004
f 3279/2968/1656 3281/2959/3004 3280/2967/2715
f 3281/2959/3004 3279/2968/1656 3255/2957/1658
f 3284/2969/3009 3254/2956/3002 3255/2957/1658
f 3279/2968/1656 3284/2969/3009 3255/2957/1658
f 3254/2956/3002 3284/2969/3009 3248/2954/3000
f 3270/2970/1661 3249/2955/3001 3248/2954/3000
f 3284/2969/3009 3270/2970/1661 3248/2954/3000
f 3249/2955/3001 3251/2971/3010 3253/2953/2999
f 3249/2955/3001 3270/2970/1661 3251/2971/3010
f 3251/2971/3010 3252/2972/3011 3253/2953/2999
f 3253/2953/2999 3252/2972/3011 3464/2952/2998
f 3251/2971/3010 3250/2973/3012 3252/2972/3011
f 3270/2970/1661 3271/2110/2033 3251/2971/3010
f 3271/2110/2033 3250/2973/3012 3251/2971/3010
f 3250/2973/3012 3271/2110/2033 3244/2974/1689
f 3271/2110/2033 3278/2109/1688 3244/2974/1689
f 3250/2973/3012 3244/2974/1689 3242/2098/3013
f 3252/2972/3011 3250/2973/3012 3242/2098/3013
f 3252/2972/3011 3242/2098/3013 3400/2097/2972
f 3464/2952/2998 3252/2972/3011 3400/2097/2972
f 3464/2952/2998 3400/2097/2972 3350/2921/2012
f 3348/2922/2013 3464/2952/2998 3350/2921/2012
f 3400/2097/2972 3242/2098/3013 3401/2920/2971
f 3242/2098/3013 3244/2974/1689 3243/2099/3014
f 3242/2098/3013 3243/2099/3014 3401/2920/2971
f 3244/2974/1689 3245/2107/3015 3243/2099/3014
f 3278/2109/1688 3245/2107/3015 3244/2974/1689
f 3245/2107/3015 3278/2109/1688 3240/2106/2825
f 3278/2109/1688 3220/2111/2018 3240/2106/2825
f 3245/2107/3015 3240/2106/2825 3238/2100/2826
f 3243/2099/3014 3245/2107/3015 3238/2100/2826
f 3243/2099/3014 3238/2100/2826 3414/2095/2848
f 3401/2920/2971 3243/2099/3014 3414/2095/2848
f 3217/2166/3016 3220/2111/2018 3219/2975/2032
f 3217/2166/3016 3221/2127/2816 3220/2111/2018
f 3219/2975/2032 3218/2169/2033 3217/2166/3016
f 3217/2166/3016 3222/2153/2777 3221/2127/2816
f 3218/2169/2033 3229/2171/2035 3217/2166/3016
f 3217/2166/3016 3223/2168/1974 3222/2153/2777
f 3229/2171/2035 3228/2173/1657 3217/2166/3016
f 3217/2166/3016 3224/2170/1975 3223/2168/1974
f 3228/2173/1657 3227/2175/1656 3217/2166/3016
f 3217/2166/3016 3225/2172/2034 3224/2170/1975
f 3227/2175/1656 3226/2174/2036 3217/2166/3016
f 3217/2166/3016 3226/2174/2036 3225/2172/2034
f 563/2976/63 564/2977/65 466/2978/3017
f 564/2977/65 565/2979/37 466/2978/3017
f 466/2978/3017 467/2980/3018 563/2976/63
f 536/2981/3019 563/2976/63 467/2980/3018
f 468/2982/3020 536/2981/3019 467/2980/3018
f 535/2983/54 536/2981/3019 468/2982/3020
f 467/2980/3018 461/2984/3021 468/2982/3020
f 467/2980/3018 466/2978/3017 461/2984/3021
f 466/2978/3017 465/2985/3022 461/2984/3021
f 565/2979/37 465/2985/3022 466/2978/3017
f 565/2979/37 566/2986/36 465/2985/3022
f 465/2985/3022 464/2987/3023 461/2984/3021
f 566/2986/36 464/2987/3023 465/2985/3022
f 566/2986/36 567/2988/2540 464/2987/3023
f 464/2987/3023 463/2989/3024 461/2984/3021
f 567/2988/2540 463/2989/3024 464/2987/3023
f 567/2988/2540 521/2990/42 463/2989/3024
f 463/2989/3024 460/2991/3025 461/2984/3021
f 521/2990/42 460/2991/3025 463/2989/3024
f 521/2990/42 522/2992/3026 460/2991/3025
f 460/2991/3025 462/2993/3027 461/2984/3021
f 522/2992/3026 462/2993/3027 460/2991/3025
f 522/2992/3026 541/2994/45 462/2993/3027
f 462/2993/3027 469/2995/3028 461/2984/3021
f 541/2994/45 469/2995/3028 462/2993/3027
f 541/2994/45 540/2996/47 469/2995/3028
f 469/2995/3028 470/2997/3029 461/2984/3021
f 540/2996/47 470/2997/3029 469/2995/3028
f 470/2997/3029 471/2998/3030 461/2984/3021
f 470/2997/3029 540/2996/47 471/2998/3030
f 540/2996/47 539/2999/48 471/2998/3030
f 471/2998/3030 472/3000/3031 461/2984/3021
f 471/2998/3030 539/2999/48 472/3000/3031
f 539/2999/48 538/3001/3032 472/3000/3031
f 472/3000/3031 473/3002/3033 461/2984/3021
f 472/3000/3031 538/3001/3032 473/3002/3033
f 473/3002/3033 474/3003/3034 461/2984/3021
f 474/3003/3034 468/2982/3020 461/2984/3021
f 474/3003/3034 535/2983/54 468/2982/3020
f 537/3004/52 535/2983/54 474/3003/3034
f 473/3002/3033 537/3004/52 474/3003/3034
f 538/3001/3032 537/3004/52 473/3002/3033
f 688/3005/3035 690/3006/3036 689/3007/3037
f 688/3005/3035 689/3007/3037 703/3008/3038
f 688/3005/3035 691/3009/3039 690/3006/3036
f 688/3005/3035 692/3010/512 691/3009/3039
f 688/3005/3035 693/3011/3040 692/3010/512
f 688/3005/3035 694/3012/515 693/3011/3040
f 688/3005/3035 695/3013/3041 694/3012/515
f 688/3005/3035 696/3014/519 695/3013/3041
f 688/3005/3035 697/3015/3042 696/3014/519
f 688/3005/3035 698/3016/3043 697/3015/3042
f 688/3005/3035 699/3017/897 698/3016/3043
f 688/3005/3035 700/3018/903 699/3017/897
f 688/3005/3035 701/3019/904 700/3018/903
f 688/3005/3035 702/3020/3044 701/3019/904
f 688/3005/3035 703/3008/3038 702/3020/3044
f 1731/3021/3045 1727/3022/3046 1730/3023/3047
f 1764/3024/1587 1731/3021/3045 1730/3023/3047
f 1763/3025/1585 1764/3024/1587 1730/3023/3047
f 1763/3025/1585 1730/3023/3047 1762/3026/3048
f 1725/3027/3049 1730/3023/3047 1727/3022/3046
f 1725/3027/3049 1762/3026/3048 1730/3023/3047
f 1727/3022/3046 1726/3028/3050 1725/3027/3049
f 1725/3027/3049 1735/3029/3051 1762/3026/3048
f 1725/3027/3049 1726/3028/3050 1735/3029/3051
f 1762/3026/3048 1735/3029/3051 1761/3030/1584
f 1761/3030/1584 1763/3025/1585 1762/3026/3048
f 1735/3029/3051 1778/3031/3052 1761/3030/1584
f 1778/3031/3052 1735/3029/3051 1779/3032/1582
f 1734/3033/3053 1735/3029/3051 1726/3028/3050
f 1735/3029/3051 1734/3033/3053 1779/3032/1582
f 1779/3032/1582 1734/3033/3053 1780/3034/1581
f 1734/3033/3053 1726/3028/3050 1736/3035/3054
f 1734/3033/3053 1736/3035/3054 1780/3034/1581
f 1780/3034/1581 1736/3035/3054 1767/3036/1580
f 1767/3036/1580 1768/3037/3055 1765/3038/1589
f 1736/3035/3054 1768/3037/3055 1767/3036/1580
f 1726/3028/3050 1728/3039/3056 1736/3035/3054
f 1728/3039/3056 1768/3037/3055 1736/3035/3054
f 1726/3028/3050 1729/3040/3046 1728/3039/3056
f 1728/3039/3056 1733/3041/3057 1768/3037/3055
f 1728/3039/3056 1729/3040/3046 1733/3041/3057
f 1768/3037/3055 1733/3041/3057 1765/3038/1589
f 1765/3038/1589 1733/3041/3057 1766/3042/1587
f 1733/3041/3057 1732/3043/3045 1766/3042/1587
f 1732/3043/3045 1733/3041/3057 1729/3040/3046
f 1901/2007/1877 1903/2008/1878 1902/3044/3058
f 1901/2007/1877 1902/3044/3058 2178/2006/1723
f 1903/2008/1878 2180/2040/1909 1902/3044/3058
f 1902/3044/3058 2087/3045/3059 2178/2006/1723
f 2180/2040/1909 1882/3046/3060 1902/3044/3058
f 2087/3045/3059 1902/3044/3058 1880/3047/3061
f 1902/3044/3058 1882/3046/3060 1880/3047/3061
f 2087/3045/3059 1880/3047/3061 2088/3048/3062
f 1882/3046/3060 1881/3049/2758 1880/3047/3061
f 2088/3048/3062 1880/3047/3061 2213/3050/3063
f 2213/3050/3063 1880/3047/3061 1881/3049/2758
f 2213/3050/3063 2212/3051/3064 2088/3048/3062
f 2212/3051/3064 2303/3052/3065 2088/3048/3062
f 2213/3050/3063 2211/3053/3066 2212/3051/3064
f 2213/3050/3063 1881/3049/2758 2211/3053/3066
f 2211/3053/3066 2210/3054/3067 2212/3051/3064
f 2303/3052/3065 2212/3051/3064 2210/3054/3067
f 2236/3055/3068 2303/3052/3065 2210/3054/3067
f 2210/3054/3067 2237/3056/3069 2236/3055/3068
f 2237/3056/3069 2238/3057/3070 2236/3055/3068
f 2210/3054/3067 2314/3058/3071 2237/3056/3069
f 2211/3053/3066 2314/3058/3071 2210/3054/3067
f 1881/3049/2758 2127/3059/2756 2211/3053/3066
f 2314/3058/3071 2211/3053/3066 2127/3059/2756
f 1881/3049/2758 2104/3060/3072 2127/3059/2756
f 1882/3046/3060 1883/3061/3073 1881/3049/2758
f 1881/3049/2758 1883/3061/3073 2104/3060/3072
f 1882/3046/3060 2180/2040/1909 1883/3061/3073
f 2104/3060/3072 1883/3061/3073 2195/3062/3074
f 2195/3062/3074 1883/3061/3073 2180/2040/1909
f 1939/2039/1908 2195/3062/3074 2180/2040/1909
f 2106/3063/3075 2195/3062/3074 1939/2039/1908
f 2195/3062/3074 2106/3063/3075 2104/3060/3072
f 1939/2039/1908 1938/2041/1910 2106/3063/3075
f 2104/3060/3072 2106/3063/3075 2105/3064/3076
f 2106/3063/3075 1938/2041/1910 2105/3064/3076
f 2105/3064/3076 2126/3065/2757 2104/3060/3072
f 2126/3065/2757 2127/3059/2756 2104/3060/3072
f 2105/3064/3076 2177/3066/3077 2126/3065/2757
f 2105/3064/3076 1938/2041/1910 2177/3066/3077
f 1938/2041/1910 2175/2058/1924 2177/3066/3077
f 2176/2932/2753 2177/3066/3077 2175/2058/1924
f 2177/3066/3077 2176/2932/2753 2126/3065/2757
f 2176/2932/2753 2301/3067/2754 2126/3065/2757
f 2126/3065/2757 2301/3067/2754 2127/3059/2756
f 2301/3067/2754 2304/3068/2755 2127/3059/2756
f 2304/3068/2755 2314/3058/3071 2127/3059/2756
f 2052/3069/3078 2314/3058/3071 2304/3068/2755
f 2314/3058/3071 2052/3069/3078 2237/3056/3069
f 2237/3056/3069 2048/3070/3079 2238/3057/3070
f 2052/3069/3078 2048/3070/3079 2237/3056/3069
f 2048/3070/3079 2264/3071/1680 2238/3057/3070
f 2264/3071/1680 2048/3070/3079 2049/3072/1668
f 2048/3070/3079 2050/3073/3007 2049/3072/1668
f 2048/3070/3079 2052/3069/3078 2050/3073/3007
f 2050/3073/3007 2051/3074/1666 2049/3072/1668
f 2050/3073/3007 2270/2965/1664 2051/3074/1666
f 2052/3069/3078 2053/2964/3080 2050/3073/3007
f 2050/3073/3007 2053/2964/3080 2270/2965/1664
f 2053/2964/3080 2325/2961/3081 2270/2965/1664
f 2270/2965/1664 2325/2961/3081 2006/3075/1659
f 2053/2964/3080 2054/2963/2725 2055/2962/3082
f 2053/2964/3080 2055/2962/3082 2325/2961/3081
f 2053/2964/3080 2052/3069/3078 2054/2963/2725
f 2323/3076/2736 2054/2963/2725 2052/3069/3078
f 2323/3076/2736 2052/3069/3078 2304/3068/2755
f 2323/3076/2736 2304/3068/2755 2301/3067/2754
f 2327/3077/3083 2323/3076/2736 2301/3067/2754
f 2281/2944/3084 2327/3077/3083 2301/3067/2754
f 2176/2932/2753 2281/2944/3084 2301/3067/2754
f 2327/3077/3083 2056/2945/2735 2323/3076/2736
f 2327/3077/3083 2281/2944/3084 2056/2945/2735
f 2056/2945/2735 2054/2963/2725 2323/3076/2736
f 2056/2945/2735 2057/2946/2724 2054/2963/2725
f 2057/2946/2724 2055/2962/3082 2054/2963/2725
f 2057/2946/2724 2208/2947/3085 2055/2962/3082
f 2208/2947/3085 2325/2961/3081 2055/2962/3082
f 2325/2961/3081 2208/2947/3085 2005/2960/3086
f 2325/2961/3081 2005/2960/3086 2006/3075/1659
f 2004/3078/3087 2006/3075/1659 2005/2960/3086
f 2004/3078/3087 2002/2967/1655 2006/3075/1659
f 2002/2967/1655 2004/3078/3087 2003/2968/2037
f 2004/3078/3087 1979/2957/1480 2003/2968/2037
f 1979/2957/1480 2007/2969/2714 2003/2968/2037
f 2004/3078/3087 1980/2958/3088 1979/2957/1480
f 2005/2960/3086 1980/2958/3088 2004/3078/3087
f 2208/2947/3085 1980/2958/3088 2005/2960/3086
f 2208/2947/3085 2209/3079/3089 1980/2958/3088
f 2059/2942/2734 2209/3079/3089 2208/2947/3085
f 2057/2946/2724 2059/2942/2734 2208/2947/3085
f 2056/2945/2735 2058/2943/2738 2057/2946/2724
f 2058/2943/2738 2059/2942/2734 2057/2946/2724
f 2056/2945/2735 2281/2944/3084 2058/2943/2738
f 2263/2933/2751 2281/2944/3084 2176/2932/2753
f 2281/2944/3084 2263/2933/2751 2058/2943/2738
f 2058/2943/2738 2060/2934/2739 2059/2942/2734
f 2263/2933/2751 2060/2934/2739 2058/2943/2738
f 2060/2934/2739 2061/2941/3090 2059/2942/2734
f 2059/2942/2734 2061/2941/3090 2209/3079/3089
f 2209/3079/3089 1978/3080/3091 1980/2958/3088
f 2061/2941/3090 2252/2940/3092 2209/3079/3089
f 2209/3079/3089 2252/2940/3092 1978/3080/3091
f 2061/2941/3090 2060/2934/2739 2063/2935/3093
f 2063/2935/3093 2252/2940/3092 2061/2941/3090
f 2060/2934/2739 2062/2930/3094 2063/2935/3093
f 2263/2933/2751 2062/2930/3094 2060/2934/2739
f 2062/2930/3094 2263/2933/2751 2174/2931/2761
f 2174/2931/2761 2263/2933/2751 2176/2932/2753
f 2174/2931/2761 2176/2932/2753 2175/2058/1924
f 2240/2059/1925 2174/2931/2761 2175/2058/1924
f 2240/2059/1925 2062/2930/3094 2174/2931/2761
f 2064/2060/1926 2062/2930/3094 2240/2059/1925
f 2062/2930/3094 2064/2060/1926 2063/2935/3093
f 2064/2060/1926 2065/2936/2749 2063/2935/3093
f 2063/2935/3093 2065/2936/2749 2252/2940/3092
f 2065/2936/2749 2255/2939/3095 2252/2940/3092
f 2252/2940/3092 1969/2950/3096 1978/3080/3091
f 2252/2940/3092 2255/2939/3095 1969/2950/3096
f 1978/3080/3091 1969/2950/3096 1977/3081/3097
f 1977/3081/3097 1979/2957/1480 1978/3080/3091
f 1979/2957/1480 1980/2958/3088 1978/3080/3091
f 1977/3081/3097 2007/2969/2714 1979/2957/1480
f 1969/2950/3096 1970/2954/3098 1977/3081/3097
f 1977/3081/3097 1970/2954/3098 2007/2969/2714
f 1970/2954/3098 1993/2970/2034 2007/2969/2714
f 1969/2950/3096 1971/2951/3099 1970/2954/3098
f 1970/2954/3098 1972/2955/3100 1993/2970/2034
f 1971/2951/3099 1972/2955/3100 1970/2954/3098
f 1972/2955/3100 1975/2971/3101 1993/2970/2034
f 1975/2971/3101 1994/2110/1975 1993/2970/2034
f 1972/2955/3100 1976/2953/3102 1975/2971/3101
f 1971/2951/3099 1976/2953/3102 1972/2955/3100
f 1969/2950/3096 2255/2939/3095 1971/2951/3099
f 1971/2951/3099 2186/2938/3103 1976/2953/3102
f 2255/2939/3095 2186/2938/3103 1971/2951/3099
f 2186/2938/3103 2255/2939/3095 2067/2937/3104
f 2065/2936/2749 2067/2937/3104 2255/2939/3095
f 2064/2060/1926 2066/2929/2772 2065/2936/2749
f 2066/2929/2772 2067/2937/3104 2065/2936/2749
f 2069/2928/2773 2067/2937/3104 2066/2929/2772
f 2069/2928/2773 2186/2938/3103 2067/2937/3104
f 2069/2928/2773 2071/2922/2782 2186/2938/3103
f 2186/2938/3103 2187/2952/3105 1976/2953/3102
f 2071/2922/2782 2187/2952/3105 2186/2938/3103
f 1976/2953/3102 1974/2972/3106 1975/2971/3101
f 2187/2952/3105 1974/2972/3106 1976/2953/3102
f 1974/2972/3106 1973/2973/3107 1975/2971/3101
f 1975/2971/3101 1973/2973/3107 1994/2110/1975
f 1973/2973/3107 1966/2108/1973 1994/2110/1975
f 1965/2098/1963 1966/2108/1973 1973/2973/3107
f 1974/2972/3106 1965/2098/1963 1973/2973/3107
f 2123/2097/1962 1965/2098/1963 1974/2972/3106
f 2187/2952/3105 2123/2097/1962 1974/2972/3106
f 2071/2922/2782 2073/2921/3108 2187/2952/3105
f 2073/2921/3108 2123/2097/1962 2187/2952/3105
f 2075/2083/1948 2123/2097/1962 2073/2921/3108
f 2075/2083/1948 2073/2921/3108 2072/2918/3109
f 2072/2918/3109 2073/2921/3108 2071/2922/2782
f 2070/2923/2796 2072/2918/3109 2071/2922/2782
f 2070/2923/2796 2071/2922/2782 2069/2928/2773
f 2068/2927/3110 2070/2923/2796 2069/2928/2773
f 2068/2927/3110 2069/2928/2773 2066/2929/2772
f 2068/2927/3110 2066/2929/2772 2282/2925/3111
f 2282/2925/3111 2066/2929/2772 2064/2060/1926
f 2282/2925/3111 2064/2060/1926 2283/2061/1927
f 2282/2925/3111 2283/2061/1927 2261/2062/1928
f 2317/2926/3112 2282/2925/3111 2261/2062/1928
f 2317/2926/3112 2068/2927/3110 2282/2925/3111
f 2317/2926/3112 2322/2066/1932 2068/2927/3110
f 2322/2066/1932 2070/2923/2796 2068/2927/3110
f 2317/2926/3112 2261/2062/1928 2322/2066/1932
f 2322/2066/1932 2321/2067/1933 2070/2923/2796
f 2321/2067/1933 2072/2918/3109 2070/2923/2796
f 2321/2067/1933 2074/2068/1934 2072/2918/3109
f 2074/2068/1934 2075/2083/1948 2072/2918/3109
f 3012/3082/3113 3009/3083/3050 3013/3084/3114
f 3012/3082/3113 3013/3084/3114 3046/3085/3115
f 3044/3086/1531 3012/3082/3113 3046/3085/3115
f 3045/3087/3116 3012/3082/3113 3044/3086/1531
f 3012/3082/3113 3045/3087/3116 3008/3088/3049
f 3009/3083/3050 3012/3082/3113 3008/3088/3049
f 3007/3089/3046 3009/3083/3050 3008/3088/3049
f 3017/3090/3117 3007/3089/3046 3008/3088/3049
f 3045/3087/3116 3017/3090/3117 3008/3088/3049
f 3044/3086/1531 3043/3091/2656 3045/3087/3116
f 3017/3090/3117 3045/3087/3116 3043/3091/2656
f 3060/3092/2654 3017/3090/3117 3043/3091/2656
f 3060/3092/2654 3061/3093/2653 3017/3090/3117
f 3007/3089/3046 3017/3090/3117 3016/3094/3118
f 3061/3093/2653 3016/3094/3118 3017/3090/3117
f 3061/3093/2653 3062/3095/2651 3016/3094/3118
f 3018/3096/3119 3007/3089/3046 3016/3094/3118
f 3062/3095/2651 3018/3096/3119 3016/3094/3118
f 3062/3095/2651 3050/3097/2650 3018/3096/3119
f 3049/3098/3120 3050/3097/2650 3048/3099/2649
f 3050/3097/2650 3049/3098/3120 3018/3096/3119
f 3007/3089/3046 3018/3096/3119 3010/3100/3056
f 3018/3096/3119 3049/3098/3120 3010/3100/3056
f 3010/3100/3056 3011/3101/3050 3007/3089/3046
f 3049/3098/3120 3015/3102/3121 3010/3100/3056
f 3015/3102/3121 3011/3101/3050 3010/3100/3056
f 3049/3098/3120 3048/3099/2649 3015/3102/3121
f 3015/3102/3121 3048/3099/2649 3047/3103/3115
f 3014/3104/3114 3015/3102/3121 3047/3103/3115
f 3011/3101/3050 3015/3102/3121 3014/3104/3114
f 3172/2001/2939 3173/1999/1870 3171/2002/1743
f 3173/1999/1870 3170/2003/1874 3171/2002/1743
f 3172/2001/2939 3171/2002/1743 3200/2009/3122
f 3183/2010/2950 3172/2001/2939 3200/2009/3122
f 3171/2002/1743 3180/2008/3123 3200/2009/3122
f 3170/2003/1874 3169/2004/1744 3171/2002/1743
f 3180/2008/3123 3171/2002/1743 3169/2004/1744
f 3170/2003/1874 3456/2005/1745 3169/2004/1744
f 3456/2005/1745 3455/2006/1723 3169/2004/1744
f 3179/2007/3124 3180/2008/3123 3169/2004/1744
f 3455/2006/1723 3179/2007/3124 3169/2004/1744
f 3179/2007/3124 3178/3044/3125 3180/2008/3123
f 3178/3044/3125 3179/2007/3124 3455/2006/1723
f 3365/3045/3059 3178/3044/3125 3455/2006/1723
f 3364/3048/3126 3157/3047/3127 3365/3045/3059
f 3365/3045/3059 3157/3047/3127 3178/3044/3125
f 3180/2008/3123 3178/3044/3125 3457/2040/3128
f 3157/3047/3127 3158/3046/3129 3178/3044/3125
f 3158/3046/3129 3457/2040/3128 3178/3044/3125
f 3157/3047/3127 3159/3049/1703 3158/3046/3129
f 3158/3046/3129 3160/3061/3130 3457/2040/3128
f 3159/3049/1703 3160/3061/3130 3158/3046/3129
f 3457/2040/3128 3160/3061/3130 3472/3062/3131
f 3472/3062/3131 3160/3061/3130 3382/3060/3132
f 3382/3060/3132 3160/3061/3130 3159/3049/1703
f 3382/3060/3132 3383/3063/3133 3472/3062/3131
f 3216/2039/3134 3472/3062/3131 3383/3063/3133
f 3472/3062/3131 3216/2039/3134 3457/2040/3128
f 3216/2039/3134 3201/2038/3135 3457/2040/3128
f 3180/2008/3123 3457/2040/3128 3201/2038/3135
f 3200/2009/3122 3180/2008/3123 3201/2038/3135
f 3201/2038/3135 3199/3105/3136 3200/2009/3122
f 3199/3105/3136 3183/2010/2950 3200/2009/3122
f 3201/2038/3135 3212/2036/2977 3199/3105/3136
f 3212/2036/2977 3201/2038/3135 3216/2039/3134
f 3212/2036/2977 3216/2039/3134 3215/2041/2978
f 3216/2039/3134 3383/3063/3133 3215/2041/2978
f 3381/3064/3137 3383/3063/3133 3382/3060/3132
f 3381/3064/3137 3215/2041/2978 3383/3063/3133
f 3451/3066/3138 3215/2041/2978 3381/3064/3137
f 3451/3066/3138 3452/2058/2984 3215/2041/2978
f 3451/3066/3138 3453/2932/1697 3452/2058/2984
f 3451/3066/3138 3403/3065/1701 3453/2932/1697
f 3403/3065/1701 3451/3066/3138 3381/3064/3137
f 3382/3060/3132 3403/3065/1701 3381/3064/3137
f 3403/3065/1701 3382/3060/3132 3404/3059/3068
f 3382/3060/3132 3159/3049/1703 3404/3059/3068
f 3403/3065/1701 3404/3059/3068 3578/3067/1698
f 3403/3065/1701 3578/3067/1698 3453/2932/1697
f 3453/2932/1697 3578/3067/1698 3558/2944/2992
f 3604/3077/3139 3334/2945/1679 3558/2944/2992
f 3578/3067/1698 3604/3077/3139 3558/2944/2992
f 3334/2945/1679 3604/3077/3139 3600/3076/1680
f 3600/3076/1680 3604/3077/3139 3578/3067/1698
f 3600/3076/1680 3331/2963/1668 3334/2945/1679
f 3329/3069/3140 3331/2963/1668 3600/3076/1680
f 3329/3069/3140 3330/2964/3007 3331/2963/1668
f 3600/3076/1680 3581/3068/3141 3329/3069/3140
f 3581/3068/3141 3600/3076/1680 3578/3067/1698
f 3404/3059/3068 3581/3068/3141 3578/3067/1698
f 3591/3058/3142 3581/3068/3141 3404/3059/3068
f 3591/3058/3142 3329/3069/3140 3581/3068/3141
f 3404/3059/3068 3489/3053/3067 3591/3058/3142
f 3404/3059/3068 3159/3049/1703 3489/3053/3067
f 3159/3049/1703 3157/3047/3127 3490/3050/3143
f 3159/3049/1703 3490/3050/3143 3489/3053/3067
f 3157/3047/3127 3364/3048/3126 3490/3050/3143
f 3489/3053/3067 3490/3050/3143 3488/3051/3063
f 3488/3051/3063 3490/3050/3143 3364/3048/3126
f 3364/3048/3126 3580/3052/2758 3488/3051/3063
f 3487/3054/3144 3489/3053/3067 3488/3051/3063
f 3487/3054/3144 3488/3051/3063 3580/3052/2758
f 3487/3054/3144 3591/3058/3142 3489/3053/3067
f 3487/3054/3144 3513/3106/3145 3591/3058/3142
f 3591/3058/3142 3513/3106/3145 3329/3069/3140
f 3487/3054/3144 3514/3107/2756 3513/3106/3145
f 3514/3107/2756 3487/3054/3144 3580/3052/2758
f 3514/3107/2756 3515/3057/2755 3513/3106/3145
f 3513/3106/3145 3515/3057/2755 3328/3070/3146
f 3513/3106/3145 3328/3070/3146 3329/3069/3140
f 3328/3070/3146 3327/3073/3080 3329/3069/3140
f 3327/3073/3080 3330/2964/3007 3329/3069/3140
f 3327/3073/3080 3547/2965/3008 3330/2964/3007
f 3325/3074/3082 3547/2965/3008 3327/3073/3080
f 3325/3074/3082 3327/3073/3080 3326/3072/2725
f 3327/3073/3080 3328/3070/3146 3326/3072/2725
f 3515/3057/2755 3541/3071/3147 3328/3070/3146
f 3326/3072/2725 3328/3070/3146 3541/3071/3147
f 3207/2021/2955 3199/3105/3136 3212/2036/2977
f 3203/2016/2954 3204/2020/2000 3207/2021/2955
f 3204/2020/2000 3199/3105/3136 3207/2021/2955
f 3203/2016/2954 3202/2017/2953 3204/2020/2000
f 3199/3105/3136 3204/2020/2000 3192/2019/3148
f 3192/2019/3148 3204/2020/2000 3202/2017/2953
f 3192/2019/3148 3183/2010/2950 3199/3105/3136
f 3183/2010/2950 3192/2019/3148 3186/2012/2951
f 3205/2018/3149 3192/2019/3148 3202/2017/2953
f 3192/2019/3148 3205/2018/3149 3186/2012/2951
f 3202/2017/2953 3185/2013/2952 3205/2018/3149
f 3205/2018/3149 3185/2013/2952 3186/2012/2951
f 3751/3108/3150 3752/3109/3151 3750/3110/3152
f 3646/3111/3153 3751/3108/3150 3750/3110/3152
f 3645/3112/3154 3646/3111/3153 3750/3110/3152
f 3749/3113/3155 3645/3112/3154 3750/3110/3152
f 3645/3112/3154 3641/3114/3156 3646/3111/3153
f 3641/3114/3156 3755/3115/3157 3646/3111/3153
f 3646/3111/3153 3755/3115/3157 3751/3108/3150
f 3641/3114/3156 3756/3116/3158 3755/3115/3157
f 3755/3115/3157 3782/3117/3159 3751/3108/3150
f 3782/3117/3159 3755/3115/3157 3756/3116/3158
f 3782/3117/3159 3781/3118/3160 3751/3108/3150
f 3781/3118/3160 3754/3119/3151 3751/3108/3150
f 3782/3117/3159 3780/3120/3161 3781/3118/3160
f 3780/3120/3161 3782/3117/3159 3756/3116/3158
f 3757/3121/3162 3780/3120/3161 3756/3116/3158
f 3756/3116/3158 3641/3114/3156 3757/3121/3162
f 3757/3121/3162 3777/3122/3163 3780/3120/3161
f 3641/3114/3156 3758/3123/3164 3757/3121/3162
f 3758/3123/3164 3777/3122/3163 3757/3121/3162
f 3641/3114/3156 3642/3124/3165 3758/3123/3164
f 3641/3114/3156 3643/3125/3166 3642/3124/3165
f 3641/3114/3156 3645/3112/3154 3643/3125/3166
f 3645/3112/3154 3714/3126/3167 3643/3125/3166
f 3714/3126/3167 3645/3112/3154 3749/3113/3155
f 3746/3127/3168 3714/3126/3167 3749/3113/3155
f 3746/3127/3168 3749/3113/3155 3748/3128/3169
f 3745/3129/3170 3746/3127/3168 3748/3128/3169
f 3745/3129/3170 3748/3128/3169 3747/3130/3171
f 3744/3131/3172 3745/3129/3170 3747/3130/3171
f 3638/3132/3173 3639/3133/3174 3744/3131/3172
f 3639/3133/3174 3745/3129/3170 3744/3131/3172
f 3639/3133/3174 3640/3134/3175 3745/3129/3170
f 3640/3134/3175 3746/3127/3168 3745/3129/3170
f 3640/3134/3175 3634/3135/3176 3746/3127/3168
f 3634/3135/3176 3714/3126/3167 3746/3127/3168
f 3640/3134/3175 3627/3136/3177 3634/3135/3176
f 3640/3134/3175 3639/3133/3174 3627/3136/3177
f 3639/3133/3174 3638/3132/3173 3627/3136/3177
f 3638/3132/3173 3637/3137/3178 3627/3136/3177
f 3637/3137/3178 3636/3138/3179 3627/3136/3177
f 3636/3138/3179 3635/3139/3180 3627/3136/3177
f 3635/3139/3180 3626/3140/3181 3627/3136/3177
f 3626/3140/3181 3628/3141/3182 3627/3136/3177
f 3626/3140/3181 3707/3142/3183 3628/3141/3182
f 3628/3141/3182 3629/3143/3184 3627/3136/3177
f 3707/3142/3183 3708/3144/3185 3628/3141/3182
f 3628/3141/3182 3708/3144/3185 3629/3143/3184
f 3707/3142/3183 3715/3145/3186 3708/3144/3185
f 3708/3144/3185 3709/3146/3187 3629/3143/3184
f 3715/3145/3186 3679/3147/3188 3708/3144/3185
f 3708/3144/3185 3679/3147/3188 3709/3146/3187
f 3715/3145/3186 3688/3148/3189 3680/3149/3190
f 3680/3149/3190 3679/3147/3188 3715/3145/3186
f 3688/3148/3189 3686/3150/3191 3680/3149/3190
f 3685/3151/3192 3682/3152/3193 3686/3150/3191
f 3686/3150/3191 3682/3152/3193 3680/3149/3190
f 3679/3147/3188 3680/3149/3190 3678/3153/3194
f 3682/3152/3193 3676/3154/3195 3680/3149/3190
f 3680/3149/3190 3676/3154/3195 3678/3153/3194
f 3682/3152/3193 3681/3155/3196 3676/3154/3195
f 3682/3152/3193 3685/3151/3192 3681/3155/3196
f 3852/3156/3197 3851/3157/3198 3685/3151/3192
f 3851/3157/3198 3681/3155/3196 3685/3151/3192
f 3681/3155/3196 3851/3157/3198 3668/3158/3199
f 3676/3154/3195 3681/3155/3196 3668/3158/3199
f 3675/3159/341 3676/3154/3195 3668/3158/3199
f 3675/3159/341 3677/3160/3200 3676/3154/3195
f 3677/3160/3200 3678/3153/3194 3676/3154/3195
f 3677/3160/3200 3695/3161/3201 3678/3153/3194
f 3695/3161/3201 3679/3147/3188 3678/3153/3194
f 3679/3147/3188 3695/3161/3201 3709/3146/3187
f 3629/3143/3184 3709/3146/3187 3630/3162/3202
f 3695/3161/3201 3710/3163/3203 3709/3146/3187
f 3709/3146/3187 3710/3163/3203 3630/3162/3202
f 3629/3143/3184 3630/3162/3202 3627/3136/3177
f 3710/3163/3203 3631/3164/3204 3630/3162/3202
f 3630/3162/3202 3631/3164/3204 3627/3136/3177
f 3710/3163/3203 3711/3165/3205 3631/3164/3204
f 3631/3164/3204 3632/3166/3206 3627/3136/3177
f 3631/3164/3204 3711/3165/3205 3632/3166/3206
f 3632/3166/3206 3633/3167/3207 3627/3136/3177
f 3633/3167/3207 3634/3135/3176 3627/3136/3177
f 3634/3135/3176 3633/3167/3207 3714/3126/3167
f 3633/3167/3207 3632/3166/3206 3713/3168/3208
f 3633/3167/3207 3713/3168/3208 3714/3126/3167
f 3714/3126/3167 3713/3168/3208 3643/3125/3166
f 3632/3166/3206 3712/3169/3209 3713/3168/3208
f 3643/3125/3166 3713/3168/3208 3689/3170/3210
f 3713/3168/3208 3712/3169/3209 3689/3170/3210
f 3689/3170/3210 3712/3169/3209 3690/3171/3211
f 3711/3165/3205 3712/3169/3209 3632/3166/3206
f 3712/3169/3209 3711/3165/3205 3690/3171/3211
f 3690/3171/3211 3711/3165/3205 3693/3172/3212
f 3711/3165/3205 3710/3163/3203 3693/3172/3212
f 3693/3172/3212 3710/3163/3203 3695/3161/3201
f 3694/3173/3213 3693/3172/3212 3695/3161/3201
f 3677/3160/3200 3694/3173/3213 3695/3161/3201
f 3694/3173/3213 3677/3160/3200 3696/3174/340
f 3677/3160/3200 3675/3159/341 3696/3174/340
f 3675/3159/341 3668/3158/3199 3697/3175/338
f 3697/3175/338 3696/3174/340 3675/3159/341
f 3668/3158/3199 3666/3176/3214 3697/3175/338
f 3697/3175/338 3702/3177/339 3696/3174/340
f 3666/3176/3214 3653/3178/3215 3697/3175/338
f 3702/3177/339 3697/3175/338 3653/3178/3215
f 3699/3179/3216 3702/3177/339 3653/3178/3215
f 3701/3180/3217 3702/3177/339 3699/3179/3216
f 3702/3177/339 3701/3180/3217 3696/3174/340
f 3694/3173/3213 3696/3174/340 3703/3181/417
f 3696/3174/340 3701/3180/3217 3703/3181/417
f 3694/3173/3213 3703/3181/417 3692/3182/3218
f 3692/3182/3218 3693/3172/3212 3694/3173/3213
f 3692/3182/3218 3690/3171/3211 3693/3172/3212
f 3691/3183/421 3690/3171/3211 3692/3182/3218
f 3690/3171/3211 3691/3183/421 3689/3170/3210
f 3644/3184/3219 3643/3125/3166 3689/3170/3210
f 3691/3183/421 3644/3184/3219 3689/3170/3210
f 3644/3184/3219 3642/3124/3165 3643/3125/3166
f 3642/3124/3165 3644/3184/3219 3705/3185/423
f 3644/3184/3219 3691/3183/421 3705/3185/423
f 3642/3124/3165 3705/3185/423 3654/3186/3220
f 3691/3183/421 3700/3187/428 3705/3185/423
f 3654/3186/3220 3705/3185/423 3700/3187/428
f 3691/3183/421 3706/3188/3221 3700/3187/428
f 3691/3183/421 3692/3182/3218 3706/3188/3221
f 3692/3182/3218 3704/3189/419 3706/3188/3221
f 3703/3181/417 3704/3189/419 3692/3182/3218
f 3704/3189/419 3703/3181/417 3701/3180/3217
f 3701/3180/3217 3700/3187/428 3704/3189/419
f 3700/3187/428 3701/3180/3217 3699/3179/3216
f 3700/3187/428 3706/3188/3221 3704/3189/419
f 3699/3179/3216 3698/3190/430 3700/3187/428
f 3698/3190/430 3654/3186/3220 3700/3187/428
f 3699/3179/3216 3653/3178/3215 3698/3190/430
f 3654/3186/3220 3698/3190/430 3653/3178/3215
f 3653/3178/3215 3655/3191/3222 3654/3186/3220
f 3654/3186/3220 3655/3191/3222 3642/3124/3165
f 3653/3178/3215 3656/3192/3223 3655/3191/3222
f 3666/3176/3214 3665/3193/3224 3653/3178/3215
f 3656/3192/3223 3653/3178/3215 3665/3193/3224
f 3666/3176/3214 3667/3194/3225 3665/3193/3224
f 3666/3176/3214 3668/3158/3199 3667/3194/3225
f 3665/3193/3224 3667/3194/3225 3867/3195/1234
f 3665/3193/3224 3867/3195/1234 3773/3196/3226
f 3656/3192/3223 3665/3193/3224 3773/3196/3226
f 3773/3196/3226 3774/3197/3227 3656/3192/3223
f 3774/3197/3227 3655/3191/3222 3656/3192/3223
f 3655/3191/3222 3774/3197/3227 3762/3198/3228
f 3655/3191/3222 3762/3198/3228 3642/3124/3165
f 3642/3124/3165 3762/3198/3228 3758/3123/3164
f 3777/3122/3163 3758/3123/3164 3762/3198/3228
f 3776/3199/3229 3777/3122/3163 3762/3198/3228
f 3774/3197/3227 3776/3199/3229 3762/3198/3228
f 3774/3197/3227 3773/3196/3226 3775/3200/3230
f 3774/3197/3227 3775/3200/3230 3776/3199/3229
f 3773/3196/3226 3817/3201/3231 3775/3200/3230
f 3867/3195/1234 3817/3201/3231 3773/3196/3226
f 3867/3195/1234 3868/3202/3232 3817/3201/3231
f 3667/3194/3225 3869/3203/321 3867/3195/1234
f 3868/3202/3232 3867/3195/1234 3869/3203/321
f 3667/3194/3225 3623/3204/3233 3869/3203/321
f 3623/3204/3233 3667/3194/3225 3668/3158/3199
f 3622/3205/3234 3623/3204/3233 3668/3158/3199
f 3851/3157/3198 3622/3205/3234 3668/3158/3199
f 3852/3156/3197 3620/3206/346 3851/3157/3198
f 3851/3157/3198 3620/3206/346 3622/3205/3234
f 3852/3156/3197 3895/3207/366 3620/3206/346
f 3620/3206/346 3618/3208/330 3622/3205/3234
f 3895/3207/366 3619/3209/347 3620/3206/346
f 3619/3209/347 3618/3208/330 3620/3206/346
f 3895/3207/366 3896/3210/364 3619/3209/347
f 3896/3210/364 3897/3211/3235 3619/3209/347
f 3618/3208/330 3619/3209/347 3621/3212/329
f 3897/3211/3235 3621/3212/329 3619/3209/347
f 3899/3213/3236 3861/3214/328 3897/3211/3235
f 3861/3214/328 3621/3212/329 3897/3211/3235
f 3899/3213/3236 3860/3215/3237 3861/3214/328
f 3901/3216/3238 3860/3215/3237 3899/3213/3236
f 3860/3215/3237 3901/3216/3238 3903/3217/351
f 3902/3218/287 3860/3215/3237 3903/3217/351
f 3902/3218/287 3903/3217/351 3986/3219/3239
f 3902/3218/287 3862/3220/3240 3860/3215/3237
f 3860/3215/3237 3862/3220/3240 3861/3214/328
f 3862/3220/3240 3898/3221/3241 3861/3214/328
f 3861/3214/328 3898/3221/3241 3621/3212/329
f 3898/3221/3241 3617/3222/326 3621/3212/329
f 3617/3222/326 3618/3208/330 3621/3212/329
f 3617/3222/326 3615/3223/325 3618/3208/330
f 3618/3208/330 3615/3223/325 3622/3205/3234
f 3615/3223/325 3623/3204/3233 3622/3205/3234
f 3615/3223/325 3617/3222/326 3616/3224/3242
f 3623/3204/3233 3615/3223/325 3616/3224/3242
f 3617/3222/326 3892/3225/290 3616/3224/3242
f 3898/3221/3241 3892/3225/290 3617/3222/326
f 3862/3220/3240 3893/3226/289 3898/3221/3241
f 3893/3226/289 3892/3225/290 3898/3221/3241
f 3862/3220/3240 3894/3227/283 3893/3226/289
f 3893/3226/289 3889/3228/3243 3892/3225/290
f 3889/3228/3243 3893/3226/289 3894/3227/283
f 3889/3228/3243 3890/3229/3244 3892/3225/290
f 3892/3225/290 3890/3229/3244 3887/3230/292
f 3616/3224/3242 3892/3225/290 3887/3230/292
f 3890/3229/3244 3879/3231/281 3887/3230/292
f 3890/3229/3244 3889/3228/3243 3879/3231/281
f 3889/3228/3243 3877/3232/278 3879/3231/281
f 3894/3227/283 3891/3233/276 3889/3228/3243
f 3891/3233/276 3877/3232/278 3889/3228/3243
f 3894/3227/283 3940/3234/3245 3891/3233/276
f 3862/3220/3240 3900/3235/284 3894/3227/283
f 3900/3235/284 3940/3234/3245 3894/3227/283
f 3862/3220/3240 3902/3218/287 3900/3235/284
f 3900/3235/284 3902/3218/287 3985/3236/3246
f 3985/3236/3246 3902/3218/287 3986/3219/3239
f 3985/3236/3246 3940/3234/3245 3900/3235/284
f 3940/3234/3245 3985/3236/3246 3988/3237/3247
f 3941/3238/3248 3940/3234/3245 3988/3237/3247
f 3941/3238/3248 3891/3233/276 3940/3234/3245
f 3942/3239/260 3891/3233/276 3941/3238/3248
f 3933/3240/259 3891/3233/276 3942/3239/260
f 3891/3233/276 3933/3240/259 3877/3232/278
f 3877/3232/278 3874/3241/279 3871/3242/280
f 3933/3240/259 3874/3241/279 3877/3232/278
f 3871/3242/280 3879/3231/281 3877/3232/278
f 3879/3231/281 3871/3242/280 3880/3243/293
f 3879/3231/281 3880/3243/293 3887/3230/292
f 3887/3230/292 3881/3244/294 3616/3224/3242
f 3880/3243/293 3881/3244/294 3887/3230/292
f 3881/3244/294 3623/3204/3233 3616/3224/3242
f 3623/3204/3233 3881/3244/294 3869/3203/321
f 3881/3244/294 3880/3243/293 3865/3245/295
f 3869/3203/321 3881/3244/294 3865/3245/295
f 3880/3243/293 3871/3242/280 3865/3245/295
f 3871/3242/280 3870/3246/3249 3864/3247/3250
f 3865/3245/295 3871/3242/280 3864/3247/3250
f 3870/3246/3249 3871/3242/280 3872/3248/3251
f 3871/3242/280 3874/3241/279 3872/3248/3251
f 3874/3241/279 3933/3240/259 3872/3248/3251
f 3872/3248/3251 3768/3249/3252 3870/3246/3249
f 3933/3240/259 3932/3250/3253 3872/3248/3251
f 3932/3250/3253 3768/3249/3252 3872/3248/3251
f 3933/3240/259 3934/3251/3254 3932/3250/3253
f 3933/3240/259 3942/3239/260 3935/3252/256
f 3935/3252/256 3934/3251/3254 3933/3240/259
f 3942/3239/260 3945/3253/255 3935/3252/256
f 3945/3253/255 3942/3239/260 3941/3238/3248
f 3945/3253/255 3943/3254/3255 3935/3252/256
f 3934/3251/3254 3935/3252/256 3943/3254/3255
f 3944/3255/3256 3934/3251/3254 3943/3254/3255
f 3944/3255/3256 3943/3254/3255 3946/3256/3257
f 3946/3256/3257 3943/3254/3255 3945/3253/255
f 3946/3256/3257 3945/3253/255 3947/3257/3258
f 3947/3257/3258 3945/3253/255 3941/3238/3248
f 3988/3237/3247 3989/3258/262 3941/3238/3248
f 3947/3257/3258 3941/3238/3248 3989/3258/262
f 3988/3237/3247 3987/3259/3259 3989/3258/262
f 3988/3237/3247 3985/3236/3246 3987/3259/3259
f 3985/3236/3246 3986/3219/3239 3987/3259/3259
f 3990/3260/272 3989/3258/262 3987/3259/3259
f 3989/3258/262 3990/3260/272 3992/3261/3260
f 3991/3262/253 3989/3258/262 3992/3261/3260
f 3989/3258/262 3991/3262/253 3947/3257/3258
f 3948/3263/3261 3946/3256/3257 3947/3257/3258
f 3948/3263/3261 3947/3257/3258 3991/3262/253
f 3970/3264/3262 3948/3263/3261 3991/3262/253
f 3970/3264/3262 3991/3262/253 3992/3261/3260
f 3973/3265/3263 3970/3264/3262 3992/3261/3260
f 3972/3266/3264 3970/3264/3262 3973/3265/3263
f 3970/3264/3262 3972/3266/3264 3971/3267/3265
f 3970/3264/3262 3971/3267/3265 3948/3263/3261
f 3972/3266/3264 3979/3268/3266 3971/3267/3265
f 3971/3267/3265 3978/3269/3267 3948/3263/3261
f 3946/3256/3257 3948/3263/3261 3978/3269/3267
f 3976/3270/3268 3946/3256/3257 3978/3269/3267
f 3976/3270/3268 3944/3255/3256 3946/3256/3257
f 3975/3271/3269 3944/3255/3256 3976/3270/3268
f 3944/3255/3256 3975/3271/3269 3934/3251/3254
f 3976/3270/3268 3977/3272/3270 3975/3271/3269
f 3976/3270/3268 3978/3269/3267 3977/3272/3270
f 3978/3269/3267 3971/3267/3265 3980/3273/3271
f 3977/3272/3270 3978/3269/3267 3980/3273/3271
f 3971/3267/3265 3979/3268/3266 3980/3273/3271
f 3980/3273/3271 3979/3268/3266 4045/3274/3272
f 3979/3268/3266 4202/3275/3273 4045/3274/3272
f 4202/3275/3273 4199/3276/3274 4201/3277/3275
f 4045/3274/3272 4202/3275/3273 4201/3277/3275
f 4045/3274/3272 4201/3277/3275 4050/3278/3276
f 4044/3279/3277 4045/3274/3272 4050/3278/3276
f 3980/3273/3271 4045/3274/3272 4044/3279/3277
f 4038/3280/3278 3980/3273/3271 4044/3279/3277
f 4038/3280/3278 3977/3272/3270 3980/3273/3271
f 4037/3281/3279 3977/3272/3270 4038/3280/3278
f 3977/3272/3270 4037/3281/3279 3984/3282/3280
f 3977/3272/3270 3984/3282/3280 3975/3271/3269
f 3975/3271/3269 3981/3283/3281 3934/3251/3254
f 3981/3283/3281 3975/3271/3269 3984/3282/3280
f 3981/3283/3281 3932/3250/3253 3934/3251/3254
f 3932/3250/3253 3981/3283/3281 3769/3284/3282
f 3768/3249/3252 3932/3250/3253 3769/3284/3282
f 3981/3283/3281 3982/3285/3283 3769/3284/3282
f 3982/3285/3283 3981/3283/3281 3984/3282/3280
f 3983/3286/3284 3982/3285/3283 3984/3282/3280
f 4037/3281/3279 3983/3286/3284 3984/3282/3280
f 3983/3286/3284 4037/3281/3279 4042/3287/3285
f 4037/3281/3279 4038/3280/3278 4043/3288/3286
f 4037/3281/3279 4043/3288/3286 4042/3287/3285
f 4038/3280/3278 4044/3279/3277 4043/3288/3286
f 4044/3279/3277 4050/3278/3276 4048/3289/3287
f 4043/3288/3286 4044/3279/3277 4048/3289/3287
f 4043/3288/3286 4048/3289/3287 4046/3290/3288
f 4042/3287/3285 4043/3288/3286 4046/3290/3288
f 4042/3287/3285 4046/3290/3288 4049/3291/3289
f 4041/3292/3290 4042/3287/3285 4049/3291/3289
f 4041/3292/3290 3983/3286/3284 4042/3287/3285
f 4040/3293/3291 3983/3286/3284 4041/3292/3290
f 4039/3294/3292 3983/3286/3284 4040/3293/3291
f 3983/3286/3284 4039/3294/3292 3823/3295/3293
f 3983/3286/3284 3823/3295/3293 3982/3285/3283
f 3982/3285/3283 3770/3296/3294 3769/3284/3282
f 3982/3285/3283 3823/3295/3293 3770/3296/3294
f 3770/3296/3294 3767/3297/3295 3769/3284/3282
f 3768/3249/3252 3769/3284/3282 3767/3297/3295
f 3770/3296/3294 3771/3298/3296 3767/3297/3295
f 3770/3296/3294 3823/3295/3293 3771/3298/3296
f 3767/3297/3295 3771/3298/3296 3766/3299/3297
f 3766/3299/3297 3768/3249/3252 3767/3297/3295
f 3768/3249/3252 3766/3299/3297 3870/3246/3249
f 3870/3246/3249 3766/3299/3297 3864/3247/3250
f 3771/3298/3296 3772/3300/3298 3766/3299/3297
f 3766/3299/3297 3772/3300/3298 3864/3247/3250
f 3771/3298/3296 3823/3295/3293 3772/3300/3298
f 3772/3300/3298 3823/3295/3293 3824/3301/3299
f 4039/3294/3292 3825/3302/3300 3823/3295/3293
f 3824/3301/3299 3823/3295/3293 3825/3302/3300
f 4039/3294/3292 4051/3303/3301 3825/3302/3300
f 4040/3293/3291 4051/3303/3301 4039/3294/3292
f 4040/3293/3291 4041/3292/3290 4032/3304/3302
f 4040/3293/3291 4032/3304/3302 4051/3303/3301
f 4041/3292/3290 4049/3291/3289 4031/3305/3303
f 4041/3292/3290 4031/3305/3303 4032/3304/3302
f 4049/3291/3289 3949/3306/3304 3950/3307/3305
f 4031/3305/3303 4049/3291/3289 3950/3307/3305
f 4049/3291/3289 4046/3290/3288 3949/3306/3304
f 4046/3290/3288 4048/3289/3287 4047/3308/3306
f 4046/3290/3288 4047/3308/3306 3949/3306/3304
f 3949/3306/3304 3951/3309/3307 3950/3307/3305
f 3951/3309/3307 3949/3306/3304 4047/3308/3306
f 4048/3289/3287 4058/3310/3308 4047/3308/3306
f 4057/3311/3309 3951/3309/3307 4047/3308/3306
f 4057/3311/3309 4047/3308/3306 4058/3310/3308
f 4059/3312/3310 4057/3311/3309 4058/3310/3308
f 4070/3313/3311 4057/3311/3309 4059/3312/3310
f 3951/3309/3307 4057/3311/3309 4070/3313/3311
f 4071/3314/3312 3951/3309/3307 4070/3313/3311
f 4052/3315/3313 3951/3309/3307 4071/3314/3312
f 4052/3315/3313 3952/3316/3314 3951/3309/3307
f 3952/3316/3314 3950/3307/3305 3951/3309/3307
f 3950/3307/3305 3952/3316/3314 3997/3317/3315
f 3996/3318/3316 3950/3307/3305 3997/3317/3315
f 4031/3305/3303 3950/3307/3305 3996/3318/3316
f 4031/3305/3303 3996/3318/3316 4032/3304/3302
f 3996/3318/3316 3993/3319/3317 3994/3320/3318
f 3996/3318/3316 3994/3320/3318 4032/3304/3302
f 3996/3318/3316 3997/3317/3315 3993/3319/3317
f 3998/3321/3319 3993/3319/3317 3997/3317/3315
f 4001/3322/3320 3998/3321/3319 3997/3317/3315
f 4001/3322/3320 3997/3317/3315 3952/3316/3314
f 3939/3323/3321 4001/3322/3320 3952/3316/3314
f 3939/3323/3321 3952/3316/3314 4052/3315/3313
f 3939/3323/3321 4052/3315/3313 4118/3324/3322
f 4112/3325/3323 4052/3315/3313 4071/3314/3312
f 4052/3315/3313 4112/3325/3323 4118/3324/3322
f 4071/3314/3312 4111/3326/3324 4112/3325/3323
f 4070/3313/3311 4105/3327/3325 4071/3314/3312
f 4071/3314/3312 4105/3327/3325 4111/3326/3324
f 4070/3313/3311 4104/3328/3326 4105/3327/3325
f 4059/3312/3310 4069/3329/3327 4070/3313/3311
f 4070/3313/3311 4069/3329/3327 4104/3328/3326
f 4059/3312/3310 4060/3330/3328 4061/3331/3329
f 4069/3329/3327 4059/3312/3310 4061/3331/3329
f 4059/3312/3310 4058/3310/3308 4060/3330/3328
f 4050/3278/3276 4060/3330/3328 4058/3310/3308
f 4048/3289/3287 4050/3278/3276 4058/3310/3308
f 4050/3278/3276 4201/3277/3275 4060/3330/3328
f 4061/3331/3329 4060/3330/3328 4062/3332/3330
f 4201/3277/3275 4062/3332/3330 4060/3330/3328
f 4201/3277/3275 4199/3276/3274 4062/3332/3330
f 4199/3276/3274 4200/3333/3331 4062/3332/3330
f 4063/3334/3332 4061/3331/3329 4062/3332/3330
f 4068/3335/997 4061/3331/3329 4063/3334/3332
f 4068/3335/997 4069/3329/3327 4061/3331/3329
f 4069/3329/3327 4068/3335/997 4130/3336/3333
f 4104/3328/3326 4069/3329/3327 4130/3336/3333
f 4130/3336/3333 4131/3337/3334 4104/3328/3326
f 4104/3328/3326 4106/3338/3335 4105/3327/3325
f 4131/3337/3334 4106/3338/3335 4104/3328/3326
f 4106/3338/3335 4131/3337/3334 4108/3339/3336
f 4108/3339/3336 4109/3340/3337 4106/3338/3335
f 4108/3339/3336 4120/3341/3338 4109/3340/3337
f 4109/3340/3337 4107/3342/3339 4106/3338/3335
f 4106/3338/3335 4107/3342/3339 4105/3327/3325
f 4107/3342/3339 4109/3340/3337 4105/3327/3325
f 4109/3340/3337 4110/3343/3340 4105/3327/3325
f 4105/3327/3325 4110/3343/3340 4111/3326/3324
f 4112/3325/3323 4111/3326/3324 4116/3344/3341
f 4116/3344/3341 4111/3326/3324 4110/3343/3340
f 4117/3345/3342 4116/3344/3341 4110/3343/3340
f 4119/3346/3343 4117/3345/3342 4110/3343/3340
f 4109/3340/3337 4119/3346/3343 4110/3343/3340
f 4120/3341/3338 4119/3346/3343 4109/3340/3337
f 4119/3346/3343 4120/3341/3338 4140/3347/3344
f 4117/3345/3342 4119/3346/3343 4140/3347/3344
f 4138/3348/3345 4117/3345/3342 4140/3347/3344
f 4117/3345/3342 4138/3348/3345 4137/3349/3346
f 4116/3344/3341 4117/3345/3342 4137/3349/3346
f 4138/3348/3345 4142/3350/3347 4137/3349/3346
f 4141/3351/3348 4143/3352/3349 4142/3350/3347
f 4142/3350/3347 4143/3352/3349 4137/3349/3346
f 4143/3352/3349 4114/3353/3350 4137/3349/3346
f 4114/3353/3350 4116/3344/3341 4137/3349/3346
f 4143/3352/3349 4113/3354/3351 4114/3353/3350
f 4143/3352/3349 4141/3351/3348 4113/3354/3351
f 4141/3351/3348 4148/3355/3352 4113/3354/3351
f 4148/3355/3352 4149/3356/3353 4113/3354/3351
f 4149/3356/3353 4148/3355/3352 4088/3357/3354
f 4149/3356/3353 4155/3358/3355 4113/3354/3351
f 4113/3354/3351 4115/3359/3356 4114/3353/3350
f 4113/3354/3351 4155/3358/3355 4115/3359/3356
f 4115/3359/3356 4116/3344/3341 4114/3353/3350
f 4115/3359/3356 4112/3325/3323 4116/3344/3341
f 4155/3358/3355 4112/3325/3323 4115/3359/3356
f 4118/3324/3322 4112/3325/3323 4155/3358/3355
f 4155/3358/3355 4156/3360/3357 4118/3324/3322
f 4149/3356/3353 4156/3360/3357 4155/3358/3355
f 4149/3356/3353 4160/3361/3358 4156/3360/3357
f 4088/3357/3354 4168/3362/3359 4149/3356/3353
f 4149/3356/3353 4168/3362/3359 4160/3361/3358
f 4088/3357/3354 4075/3363/3360 4168/3362/3359
f 4168/3362/3359 4167/3364/3361 4160/3361/3358
f 4167/3364/3361 4168/3362/3359 4075/3363/3360
f 4167/3364/3361 4159/3365/3362 4160/3361/3358
f 4160/3361/3358 4159/3365/3362 4156/3360/3357
f 4156/3360/3357 4157/3366/3363 4118/3324/3322
f 4159/3365/3362 4157/3366/3363 4156/3360/3357
f 4157/3366/3363 3936/3367/3364 4118/3324/3322
f 3936/3367/3364 3939/3323/3321 4118/3324/3322
f 4157/3366/3363 4158/3368/3365 3936/3367/3364
f 4159/3365/3362 4158/3368/3365 4157/3366/3363
f 4158/3368/3365 4159/3365/3362 4180/3369/3366
f 4167/3364/3361 4181/3370/3367 4159/3365/3362
f 4159/3365/3362 4181/3370/3367 4180/3369/3366
f 4167/3364/3361 4076/3371/3368 4179/3372/3369
f 4179/3372/3369 4181/3370/3367 4167/3364/3361
f 4076/3371/3368 4167/3364/3361 4075/3363/3360
f 4181/3370/3367 4179/3372/3369 4175/3373/3370
f 4181/3370/3367 4175/3373/3370 4180/3369/3366
f 4180/3369/3366 4101/3374/3371 4158/3368/3365
f 4175/3373/3370 4100/3375/3372 4180/3369/3366
f 4101/3374/3371 4180/3369/3366 4100/3375/3372
f 4101/3374/3371 4100/3375/3372 4099/3376/3373
f 4090/3377/3374 4101/3374/3371 4099/3376/3373
f 4090/3377/3374 4091/3378/3375 4101/3374/3371
f 4101/3374/3371 4091/3378/3375 4158/3368/3365
f 4158/3368/3365 4091/3378/3375 3936/3367/3364
f 3936/3367/3364 3938/3379/3376 3937/3380/3377
f 4091/3378/3375 3938/3379/3376 3936/3367/3364
f 3937/3380/3377 3939/3323/3321 3936/3367/3364
f 4001/3322/3320 3939/3323/3321 3937/3380/3377
f 3961/3381/3378 4001/3322/3320 3937/3380/3377
f 3998/3321/3319 4001/3322/3320 3961/3381/3378
f 3937/3380/3377 3963/3382/3379 3961/3381/3378
f 3937/3380/3377 3938/3379/3376 3963/3382/3379
f 3963/3382/3379 3938/3379/3376 4006/3383/3380
f 4007/3384/3381 3938/3379/3376 4091/3378/3375
f 3938/3379/3376 4007/3384/3381 4006/3383/3380
f 4091/3378/3375 4090/3377/3374 4007/3384/3381
f 4090/3377/3374 4099/3376/3373 4007/3384/3381
f 4099/3376/3373 4190/3385/2067 4007/3384/3381
f 4099/3376/3373 4100/3375/3372 4097/3386/3382
f 4099/3376/3373 4097/3386/3382 4190/3385/2067
f 4100/3375/3372 4098/3387/3383 4097/3386/3382
f 4176/3388/3384 4098/3387/3383 4100/3375/3372
f 4175/3373/3370 4176/3388/3384 4100/3375/3372
f 4098/3387/3383 4096/3389/3385 4097/3386/3382
f 4096/3389/3385 4098/3387/3383 4176/3388/3384
f 4096/3389/3385 4095/3390/3386 4097/3386/3382
f 4191/3391/2064 4192/3392/3387 4097/3386/3382
f 4095/3390/3386 4191/3391/2064 4097/3386/3382
f 4192/3392/3387 4190/3385/2067 4097/3386/3382
f 4190/3385/2067 4192/3392/3387 3957/3393/3388
f 3957/3393/3388 4007/3384/3381 4190/3385/2067
f 4007/3384/3381 3957/3393/3388 3958/3394/3389
f 4006/3383/3380 4007/3384/3381 3958/3394/3389
f 3958/3394/3389 3959/3395/3390 4006/3383/3380
f 3963/3382/3379 4006/3383/3380 4012/3396/3391
f 3959/3395/3390 4012/3396/3391 4006/3383/3380
f 3963/3382/3379 3962/3397/3392 3961/3381/3378
f 3962/3397/3392 3963/3382/3379 4012/3396/3391
f 3962/3397/3392 4004/3398/3393 3961/3381/3378
f 4004/3398/3393 3998/3321/3319 3961/3381/3378
f 3962/3397/3392 4005/3399/3394 4004/3398/3393
f 3962/3397/3392 4012/3396/3391 4005/3399/3394
f 4013/3400/3395 4012/3396/3391 4014/3401/1692
f 4012/3396/3391 4013/3400/3395 4005/3399/3394
f 4012/3396/3391 3959/3395/3390 4014/3401/1692
f 3958/3394/3389 3956/3402/3396 3959/3395/3390
f 3959/3395/3390 3960/3403/3397 4014/3401/1692
f 3956/3402/3396 3960/3403/3397 3959/3395/3390
f 3955/3404/3398 3953/3405/3399 3956/3402/3396
f 3956/3402/3396 3953/3405/3399 3960/3403/3397
f 3956/3402/3396 3957/3393/3388 3955/3404/3398
f 3957/3393/3388 3956/3402/3396 3958/3394/3389
f 3957/3393/3388 4192/3392/3387 3955/3404/3398
f 4191/3391/2064 3954/3406/3400 4192/3392/3387
f 3954/3406/3400 3955/3404/3398 4192/3392/3387
f 3953/3405/3399 3955/3404/3398 3954/3406/3400
f 3953/3405/3399 3954/3406/3400 3969/3407/3401
f 3953/3405/3399 3969/3407/3401 3965/3408/3402
f 3960/3403/3397 3953/3405/3399 3965/3408/3402
f 3960/3403/3397 3965/3408/3402 3967/3409/3403
f 3960/3403/3397 3967/3409/3403 4014/3401/1692
f 3967/3409/3403 3966/3410/3404 4014/3401/1692
f 4014/3401/1692 4003/3411/3405 4013/3400/3395
f 3966/3410/3404 4003/3411/3405 4014/3401/1692
f 4003/3411/3405 4016/3412/3406 4013/3400/3395
f 4013/3400/3395 4016/3412/3406 4005/3399/3394
f 4016/3412/3406 4021/3413/3407 4005/3399/3394
f 4022/3414/3408 4004/3398/3393 4005/3399/3394
f 4021/3413/3407 4022/3414/3408 4005/3399/3394
f 4022/3414/3408 4024/3415/3409 4004/3398/3393
f 3998/3321/3319 4004/3398/3393 4024/3415/3409
f 3993/3319/3317 3998/3321/3319 4024/3415/3409
f 3995/3416/3410 3993/3319/3317 4024/3415/3409
f 3993/3319/3317 3995/3416/3410 3994/3320/3318
f 4024/3415/3409 4023/3417/480 4026/3418/3411
f 4026/3418/3411 3995/3416/3410 4024/3415/3409
f 4024/3415/3409 4022/3414/3408 4023/3417/480
f 4023/3417/480 4022/3414/3408 4021/3413/3407
f 4019/3419/3412 4023/3417/480 4021/3413/3407
f 4017/3420/3413 4019/3419/3412 4021/3413/3407
f 4016/3412/3406 4017/3420/3413 4021/3413/3407
f 4003/3411/3405 4017/3420/3413 4016/3412/3406
f 4018/3421/3414 4017/3420/3413 4003/3411/3405
f 4017/3420/3413 4018/3421/3414 4019/3419/3412
f 4003/3411/3405 3966/3410/3404 4002/3422/2197
f 4002/3422/2197 4018/3421/3414 4003/3411/3405
f 4018/3421/3414 4002/3422/2197 3795/3423/3415
f 4018/3421/3414 3795/3423/3415 4020/3424/3416
f 4018/3421/3414 4020/3424/3416 4019/3419/3412
f 4020/3424/3416 4025/3425/3417 4019/3419/3412
f 4025/3425/3417 4023/3417/480 4019/3419/3412
f 4023/3417/480 4025/3425/3417 4027/3426/3418
f 4023/3417/480 4027/3426/3418 4026/3418/3411
f 4027/3426/3418 3995/3416/3410 4026/3418/3411
f 3995/3416/3410 4027/3426/3418 4033/3427/3419
f 3995/3416/3410 4033/3427/3419 3999/3428/3420
f 3994/3320/3318 3995/3416/3410 3999/3428/3420
f 4000/3429/3421 3994/3320/3318 3999/3428/3420
f 4034/3430/3422 4000/3429/3421 3999/3428/3420
f 3999/3428/3420 4033/3427/3419 4034/3430/3422
f 4000/3429/3421 4034/3430/3422 3814/3431/3423
f 4033/3427/3419 4030/3432/3424 4034/3430/3422
f 4034/3430/3422 4030/3432/3424 3814/3431/3423
f 4033/3427/3419 4027/3426/3418 4028/3433/3425
f 4028/3433/3425 4030/3432/3424 4033/3427/3419
f 4027/3426/3418 4025/3425/3417 4028/3433/3425
f 4028/3433/3425 4029/3434/3426 4030/3432/3424
f 4025/3425/3417 4029/3434/3426 4028/3433/3425
f 4029/3434/3426 3807/3435/3427 4030/3432/3424
f 4030/3432/3424 3807/3435/3427 3814/3431/3423
f 4029/3434/3426 4025/3425/3417 3806/3436/3428
f 3806/3436/3428 3807/3435/3427 4029/3434/3426
f 4025/3425/3417 3801/3437/3429 3806/3436/3428
f 3801/3437/3429 4025/3425/3417 4020/3424/3416
f 3801/3437/3429 3807/3435/3427 3806/3436/3428
f 3801/3437/3429 3799/3438/3430 3807/3435/3427
f 3807/3435/3427 3799/3438/3430 3814/3431/3423
f 3801/3437/3429 3800/3439/3431 3799/3438/3430
f 3799/3438/3430 3815/3440/3432 3814/3431/3423
f 3799/3438/3430 3800/3439/3431 3815/3440/3432
f 3815/3440/3432 3811/3441/3433 3814/3431/3423
f 3811/3441/3433 3808/3442/3434 3814/3431/3423
f 3808/3442/3434 4000/3429/3421 3814/3431/3423
f 3930/3443/3435 4000/3429/3421 3808/3442/3434
f 4000/3429/3421 3930/3443/3435 3994/3320/3318
f 3930/3443/3435 4032/3304/3302 3994/3320/3318
f 3931/3444/3436 4032/3304/3302 3930/3443/3435
f 4032/3304/3302 3931/3444/3436 4051/3303/3301
f 3930/3443/3435 3827/3445/3437 3931/3444/3436
f 3931/3444/3436 3829/3446/3438 4051/3303/3301
f 3827/3445/3437 3829/3446/3438 3931/3444/3436
f 4051/3303/3301 3829/3446/3438 3825/3302/3300
f 3828/3447/3439 3829/3446/3438 3827/3445/3437
f 3825/3302/3300 3829/3446/3438 3828/3447/3439
f 3824/3301/3299 3825/3302/3300 3828/3447/3439
f 3824/3301/3299 3828/3447/3439 3831/3448/3440
f 3826/3449/3441 3828/3447/3439 3827/3445/3437
f 3831/3448/3440 3828/3447/3439 3826/3449/3441
f 3827/3445/3437 3809/3450/3442 3826/3449/3441
f 3809/3450/3442 3827/3445/3437 3930/3443/3435
f 3809/3450/3442 3930/3443/3435 3808/3442/3434
f 3808/3442/3434 3810/3451/3443 3809/3450/3442
f 3810/3451/3443 3808/3442/3434 3811/3441/3433
f 3810/3451/3443 3826/3449/3441 3809/3450/3442
f 3830/3452/3444 3826/3449/3441 3810/3451/3443
f 3830/3452/3444 3831/3448/3440 3826/3449/3441
f 3810/3451/3443 3832/3453/3445 3830/3452/3444
f 3811/3441/3433 3812/3454/3446 3810/3451/3443
f 3832/3453/3445 3810/3451/3443 3812/3454/3446
f 3811/3441/3433 3813/3455/3447 3812/3454/3446
f 3815/3440/3432 3813/3455/3447 3811/3441/3433
f 3800/3439/3431 3816/3456/3448 3815/3440/3432
f 3815/3440/3432 3822/3457/3449 3813/3455/3447
f 3816/3456/3448 3822/3457/3449 3815/3440/3432
f 3822/3457/3449 3783/3458/3450 3813/3455/3447
f 3812/3454/3446 3813/3455/3447 3783/3458/3450
f 3777/3122/3163 3812/3454/3446 3783/3458/3450
f 3777/3122/3163 3832/3453/3445 3812/3454/3446
f 3830/3452/3444 3832/3453/3445 3777/3122/3163
f 3776/3199/3229 3830/3452/3444 3777/3122/3163
f 3776/3199/3229 3775/3200/3230 3830/3452/3444
f 3775/3200/3230 3831/3448/3440 3830/3452/3444
f 3775/3200/3230 3817/3201/3231 3831/3448/3440
f 3817/3201/3231 3818/3459/3451 3831/3448/3440
f 3818/3459/3451 3824/3301/3299 3831/3448/3440
f 3818/3459/3451 3820/3460/3452 3824/3301/3299
f 3820/3460/3452 3772/3300/3298 3824/3301/3299
f 3818/3459/3451 3819/3461/3453 3820/3460/3452
f 3817/3201/3231 3819/3461/3453 3818/3459/3451
f 3868/3202/3232 3819/3461/3453 3817/3201/3231
f 3820/3460/3452 3819/3461/3453 3868/3202/3232
f 3866/3462/3454 3820/3460/3452 3868/3202/3232
f 3772/3300/3298 3820/3460/3452 3866/3462/3454
f 3864/3247/3250 3772/3300/3298 3866/3462/3454
f 3864/3247/3250 3866/3462/3454 3865/3245/295
f 3865/3245/295 3866/3462/3454 3868/3202/3232
f 3865/3245/295 3868/3202/3232 3869/3203/321
f 3816/3456/3448 3800/3439/3431 3798/3463/3455
f 3822/3457/3449 3816/3456/3448 3798/3463/3455
f 3800/3439/3431 3797/3464/3456 3798/3463/3455
f 3801/3437/3429 3797/3464/3456 3800/3439/3431
f 3797/3464/3456 3801/3437/3429 4020/3424/3416
f 3795/3423/3415 3797/3464/3456 4020/3424/3416
f 3795/3423/3415 3798/3463/3455 3797/3464/3456
f 3795/3423/3415 3796/3465/3457 3798/3463/3455
f 3796/3465/3457 3791/3466/3458 3798/3463/3455
f 3798/3463/3455 3793/3467/3459 3822/3457/3449
f 3791/3466/3458 3793/3467/3459 3798/3463/3455
f 3822/3457/3449 3785/3468/3460 3783/3458/3450
f 3793/3467/3459 3821/3469/3461 3822/3457/3449
f 3785/3468/3460 3822/3457/3449 3821/3469/3461
f 3784/3470/3462 3785/3468/3460 3821/3469/3461
f 3784/3470/3462 3783/3458/3450 3785/3468/3460
f 3821/3469/3461 3778/3471/3463 3784/3470/3462
f 3784/3470/3462 3778/3471/3463 3783/3458/3450
f 3821/3469/3461 3793/3467/3459 3778/3471/3463
f 3787/3472/3464 3793/3467/3459 3791/3466/3458
f 3787/3472/3464 3778/3471/3463 3793/3467/3459
f 3791/3466/3458 3790/3473/3465 3787/3472/3464
f 3796/3465/3457 3792/3474/3466 3791/3466/3458
f 3791/3466/3458 3792/3474/3466 3790/3473/3465
f 3796/3465/3457 3802/3475/3467 3805/3476/3468
f 3805/3476/3468 3792/3474/3466 3796/3465/3457
f 3802/3475/3467 3796/3465/3457 3794/3477/3469
f 3794/3477/3469 3796/3465/3457 3795/3423/3415
f 4002/3422/2197 3794/3477/3469 3795/3423/3415
f 3794/3477/3469 4002/3422/2197 3802/3475/3467
f 3802/3475/3467 3804/3478/3470 3803/3479/3471
f 4002/3422/2197 3804/3478/3470 3802/3475/3467
f 3803/3479/3471 3805/3476/3468 3802/3475/3467
f 3804/3478/3470 3765/3480/3472 3803/3479/3471
f 3805/3476/3468 3803/3479/3471 3763/3481/3473
f 3803/3479/3471 3765/3480/3472 3763/3481/3473
f 3763/3481/3473 3885/3482/3474 3805/3476/3468
f 3885/3482/3474 3792/3474/3466 3805/3476/3468
f 3886/3483/3475 3792/3474/3466 3885/3482/3474
f 3790/3473/3465 3792/3474/3466 3886/3483/3475
f 3885/3482/3474 3884/3484/402 3886/3483/3475
f 3884/3484/402 3885/3482/3474 3763/3481/3473
f 3882/3485/403 3884/3484/402 3763/3481/3473
f 3763/3481/3473 3764/3486/3476 3882/3485/403
f 3763/3481/3473 3765/3480/3472 3764/3486/3476
f 3765/3480/3472 3964/3487/3477 3764/3486/3476
f 3804/3478/3470 3964/3487/3477 3765/3480/3472
f 3964/3487/3477 3804/3478/3470 4002/3422/2197
f 4002/3422/2197 3966/3410/3404 3964/3487/3477
f 3964/3487/3477 3966/3410/3404 3968/3488/3478
f 3964/3487/3477 3968/3488/3478 3764/3486/3476
f 3764/3486/3476 3883/3489/3479 3882/3485/403
f 3883/3489/3479 3764/3486/3476 3968/3488/3478
f 3883/3489/3479 3876/3490/388 3882/3485/403
f 3884/3484/402 3882/3485/403 3876/3490/388
f 3875/3491/395 3884/3484/402 3876/3490/388
f 3886/3483/3475 3884/3484/402 3875/3491/395
f 3886/3483/3475 3875/3491/395 3888/3492/3480
f 3888/3492/3480 3790/3473/3465 3886/3483/3475
f 3790/3473/3465 3786/3493/3481 3787/3472/3464
f 3888/3492/3480 3873/3494/3482 3790/3473/3465
f 3786/3493/3481 3790/3473/3465 3873/3494/3482
f 3888/3492/3480 3863/3495/396 3873/3494/3482
f 3888/3492/3480 3875/3491/395 3863/3495/396
f 3863/3495/396 3875/3491/395 3859/3496/386
f 3875/3491/395 3858/3497/3483 3859/3496/386
f 3875/3491/395 3876/3490/388 3858/3497/3483
f 3859/3496/386 3858/3497/3483 3855/3498/381
f 3876/3490/388 3857/3499/379 3858/3497/3483
f 3858/3497/3483 3857/3499/379 3855/3498/381
f 3876/3490/388 3856/3500/3484 3857/3499/379
f 3883/3489/3479 3878/3501/389 3876/3490/388
f 3876/3490/388 3878/3501/389 3856/3500/3484
f 3883/3489/3479 3915/3502/3485 3878/3501/389
f 3915/3502/3485 3883/3489/3479 3968/3488/3478
f 3915/3502/3485 3856/3500/3484 3878/3501/389
f 3915/3502/3485 3853/3503/372 3856/3500/3484
f 3856/3500/3484 3853/3503/372 3850/3504/371
f 3857/3499/379 3856/3500/3484 3850/3504/371
f 3854/3505/3486 3857/3499/379 3850/3504/371
f 3857/3499/379 3854/3505/3486 3855/3498/381
f 3850/3504/371 3838/3506/3487 3854/3505/3486
f 3855/3498/381 3854/3505/3486 3838/3506/3487
f 3609/3507/382 3855/3498/381 3838/3506/3487
f 3859/3496/386 3855/3498/381 3609/3507/382
f 3624/3508/3488 3859/3496/386 3609/3507/382
f 3863/3495/396 3859/3496/386 3624/3508/3488
f 3663/3509/3489 3863/3495/396 3624/3508/3488
f 3873/3494/3482 3863/3495/396 3663/3509/3489
f 3661/3510/3490 3873/3494/3482 3663/3509/3489
f 3786/3493/3481 3873/3494/3482 3661/3510/3490
f 3663/3509/3489 3662/3511/3491 3661/3510/3490
f 3663/3509/3489 3624/3508/3488 3664/3512/3492
f 3663/3509/3489 3664/3512/3492 3662/3511/3491
f 3624/3508/3488 3610/3513/383 3625/3514/3493
f 3624/3508/3488 3625/3514/3493 3664/3512/3492
f 3624/3508/3488 3609/3507/382 3610/3513/383
f 3608/3515/369 3610/3513/383 3609/3507/382
f 3609/3507/382 3838/3506/3487 3608/3515/369
f 3610/3513/383 3608/3515/369 3611/3516/367
f 3625/3514/3493 3610/3513/383 3611/3516/367
f 3612/3517/368 3625/3514/3493 3611/3516/367
f 3612/3517/368 3833/3518/3494 3625/3514/3493
f 3625/3514/3493 3833/3518/3494 3664/3512/3492
f 3612/3517/368 3834/3519/3495 3833/3518/3494
f 3833/3518/3494 3684/3520/3496 3664/3512/3492
f 3834/3519/3495 3687/3521/3192 3833/3518/3494
f 3684/3520/3496 3833/3518/3494 3687/3521/3192
f 3687/3521/3192 3683/3522/3191 3684/3520/3496
f 3670/3523/3497 3684/3520/3496 3683/3522/3191
f 3684/3520/3496 3670/3523/3497 3664/3512/3492
f 3683/3522/3191 3674/3524/3498 3670/3523/3497
f 3664/3512/3492 3670/3523/3497 3672/3525/17
f 3664/3512/3492 3672/3525/17 3724/3526/15
f 3662/3511/3491 3664/3512/3492 3724/3526/15
f 3724/3526/15 3659/3527/3499 3662/3511/3491
f 3661/3510/3490 3662/3511/3491 3659/3527/3499
f 3661/3510/3490 3659/3527/3499 3660/3528/3500
f 3660/3528/3500 3786/3493/3481 3661/3510/3490
f 3659/3527/3499 3657/3529/3501 3660/3528/3500
f 3660/3528/3500 3788/3530/3502 3786/3493/3481
f 3657/3529/3501 3788/3530/3502 3660/3528/3500
f 3786/3493/3481 3788/3530/3502 3787/3472/3464
f 3788/3530/3502 3789/3531/3503 3787/3472/3464
f 3789/3531/3503 3778/3471/3463 3787/3472/3464
f 3778/3471/3463 3789/3531/3503 3788/3530/3502
f 3759/3532/3504 3778/3471/3463 3788/3530/3502
f 3657/3529/3501 3759/3532/3504 3788/3530/3502
f 3658/3533/3505 3648/3534/3506 3657/3529/3501
f 3648/3534/3506 3759/3532/3504 3657/3529/3501
f 3657/3529/3501 3659/3527/3499 3658/3533/3505
f 3759/3532/3504 3648/3534/3506 3650/3535/3507
f 3759/3532/3504 3650/3535/3507 3760/3536/3508
f 3759/3532/3504 3760/3536/3508 3778/3471/3463
f 3650/3535/3507 3761/3537/3509 3760/3536/3508
f 3760/3536/3508 3779/3538/3510 3778/3471/3463
f 3760/3536/3508 3761/3537/3509 3779/3538/3510
f 3779/3538/3510 3780/3120/3161 3778/3471/3463
f 3761/3537/3509 3781/3118/3160 3779/3538/3510
f 3780/3120/3161 3779/3538/3510 3781/3118/3160
f 3761/3537/3509 3753/3539/3511 3781/3118/3160
f 3650/3535/3507 3753/3539/3511 3761/3537/3509
f 3753/3539/3511 3754/3119/3151 3781/3118/3160
f 3651/3540/3512 3754/3119/3151 3753/3539/3511
f 3753/3539/3511 3650/3535/3507 3651/3540/3512
f 3650/3535/3507 3652/3541/3155 3651/3540/3512
f 3650/3535/3507 3648/3534/3506 3649/3542/3169
f 3652/3541/3155 3650/3535/3507 3649/3542/3169
f 3648/3534/3506 3647/3543/66 3649/3542/3169
f 3658/3533/3505 3733/3544/29 3648/3534/3506
f 3647/3543/66 3648/3534/3506 3733/3544/29
f 3718/3545/3513 3647/3543/66 3733/3544/29
f 3716/3546/3171 3647/3543/66 3718/3545/3513
f 3649/3542/3169 3647/3543/66 3716/3546/3171
f 3718/3545/3513 3717/3547/3514 3716/3546/3171
f 3743/3548/3172 3716/3546/3171 3717/3547/3514
f 3741/3549/3515 3743/3548/3172 3717/3547/3514
f 3742/3550/3173 3743/3548/3172 3741/3549/3515
f 3740/3551/3178 3742/3550/3173 3741/3549/3515
f 3740/3551/3178 3741/3549/3515 3739/3552/3516
f 3738/3553/3179 3740/3551/3178 3739/3552/3516
f 3738/3553/3179 3739/3552/3516 3734/3554/3517
f 3734/3554/3517 3736/3555/3518 3735/3556/3519
f 3739/3552/3516 3736/3555/3518 3734/3554/3517
f 3736/3555/3518 3737/3557/3520 3735/3556/3519
f 3736/3555/3518 3722/3558/3521 3737/3557/3520
f 3722/3558/3521 3673/3559/3186 3737/3557/3520
f 3736/3555/3518 3720/3560/3522 3722/3558/3521
f 3736/3555/3518 3739/3552/3516 3720/3560/3522
f 3739/3552/3516 3741/3549/3515 3720/3560/3522
f 3741/3549/3515 3717/3547/3514 3720/3560/3522
f 3717/3547/3514 3718/3545/3513 3719/3561/33
f 3717/3547/3514 3719/3561/33 3720/3560/3522
f 3720/3560/3522 3719/3561/33 3721/3562/23
f 3720/3560/3522 3721/3562/23 3722/3558/3521
f 3721/3562/23 3671/3563/19 3722/3558/3521
f 3669/3564/3523 3673/3559/3186 3722/3558/3521
f 3671/3563/19 3669/3564/3523 3722/3558/3521
f 3673/3559/3186 3669/3564/3523 3674/3524/3498
f 3669/3564/3523 3670/3523/3497 3674/3524/3498
f 3669/3564/3523 3671/3563/19 3670/3523/3497
f 3671/3563/19 3672/3525/17 3670/3523/3497
f 3672/3525/17 3671/3563/19 3723/3565/18
f 3671/3563/19 3721/3562/23 3723/3565/18
f 3721/3562/23 3730/3566/3524 3723/3565/18
f 3721/3562/23 3719/3561/33 3730/3566/3524
f 3730/3566/3524 3725/3567/3525 3723/3565/18
f 3719/3561/33 3731/3568/32 3730/3566/3524
f 3730/3566/3524 3731/3568/32 3725/3567/3525
f 3719/3561/33 3732/3569/31 3731/3568/32
f 3719/3561/33 3718/3545/3513 3732/3569/31
f 3731/3568/32 3732/3569/31 3727/3570/28
f 3732/3569/31 3718/3545/3513 3727/3570/28
f 3727/3570/28 3725/3567/3525 3731/3568/32
f 3718/3545/3513 3733/3544/29 3727/3570/28
f 3727/3570/28 3733/3544/29 3658/3533/3505
f 3728/3571/3526 3727/3570/28 3658/3533/3505
f 3728/3571/3526 3658/3533/3505 3659/3527/3499
f 3728/3571/3526 3726/3572/3527 3727/3570/28
f 3725/3567/3525 3727/3570/28 3726/3572/3527
f 3728/3571/3526 3659/3527/3499 3726/3572/3527
f 3729/3573/16 3726/3572/3527 3659/3527/3499
f 3729/3573/16 3725/3567/3525 3726/3572/3527
f 3725/3567/3525 3729/3573/16 3723/3565/18
f 3723/3565/18 3724/3526/15 3672/3525/17
f 3729/3573/16 3724/3526/15 3723/3565/18
f 3724/3526/15 3729/3573/16 3659/3527/3499
f 3780/3120/3161 3777/3122/3163 3778/3471/3463
f 3778/3471/3463 3777/3122/3163 3783/3458/3450
f 3612/3517/368 3835/3574/366 3834/3519/3495
f 3611/3516/367 3613/3575/365 3612/3517/368
f 3835/3574/366 3612/3517/368 3613/3575/365
f 3836/3576/364 3835/3574/366 3613/3575/365
f 3836/3576/364 3613/3575/365 3837/3577/348
f 3613/3575/365 3611/3516/367 3614/3578/363
f 3613/3575/365 3614/3578/363 3837/3577/348
f 3611/3516/367 3608/3515/369 3614/3578/363
f 3837/3577/348 3614/3578/363 3844/3579/354
f 3608/3515/369 3839/3580/362 3614/3578/363
f 3844/3579/354 3614/3578/363 3839/3580/362
f 3608/3515/369 3838/3506/3487 3839/3580/362
f 3838/3506/3487 3840/3581/361 3839/3580/362
f 3840/3581/361 3838/3506/3487 3850/3504/371
f 3840/3581/361 3841/3582/355 3839/3580/362
f 3844/3579/354 3839/3580/362 3841/3582/355
f 3840/3581/361 3842/3583/360 3841/3582/355
f 3840/3581/361 3850/3504/371 3842/3583/360
f 3850/3504/371 3853/3503/372 3842/3583/360
f 3842/3583/360 3843/3584/3528 3841/3582/355
f 3853/3503/372 3904/3585/3529 3842/3583/360
f 3843/3584/3528 3842/3583/360 3904/3585/3529
f 3843/3584/3528 3904/3585/3529 3916/3586/3530
f 3848/3587/356 3843/3584/3528 3916/3586/3530
f 3841/3582/355 3843/3584/3528 3848/3587/356
f 3846/3588/353 3841/3582/355 3848/3587/356
f 3846/3588/353 3844/3579/354 3841/3582/355
f 3845/3589/3531 3844/3579/354 3846/3588/353
f 3845/3589/3531 3837/3577/348 3844/3579/354
f 3846/3588/353 3847/3590/352 3845/3589/3531
f 3847/3590/352 3846/3588/353 3849/3591/3532
f 3846/3588/353 3848/3587/356 3849/3591/3532
f 3848/3587/356 3916/3586/3530 3917/3592/286
f 3849/3591/3532 3848/3587/356 3917/3592/286
f 3916/3586/3530 3918/3593/3259 3917/3592/286
f 3916/3586/3530 3919/3594/374 3918/3593/3259
f 3919/3594/374 3916/3586/3530 3904/3585/3529
f 3905/3595/373 3919/3594/374 3904/3585/3529
f 3853/3503/372 3905/3595/373 3904/3585/3529
f 3905/3595/373 3920/3596/271 3919/3594/374
f 3919/3594/374 3920/3596/271 3918/3593/3259
f 3920/3596/271 3921/3597/272 3918/3593/3259
f 3921/3597/272 3920/3596/271 3924/3598/3260
f 3905/3595/373 3912/3599/3533 3920/3596/271
f 3920/3596/271 3922/3600/265 3924/3598/3260
f 3922/3600/265 3920/3596/271 3912/3599/3533
f 3922/3600/265 3923/3601/3534 3924/3598/3260
f 3923/3601/3534 3925/3602/3263 3924/3598/3260
f 3922/3600/265 3913/3603/3535 3923/3601/3534
f 3912/3599/3533 3913/3603/3535 3922/3600/265
f 3911/3604/3536 3913/3603/3535 3912/3599/3533
f 3910/3605/375 3911/3604/3536 3912/3599/3533
f 3910/3605/375 3912/3599/3533 3905/3595/373
f 3853/3503/372 3906/3606/376 3905/3595/373
f 3906/3606/376 3910/3605/375 3905/3595/373
f 3853/3503/372 3915/3502/3485 3906/3606/376
f 3906/3606/376 3907/3607/393 3910/3605/375
f 3906/3606/376 3915/3502/3485 3907/3607/393
f 3907/3607/393 3908/3608/3537 3910/3605/375
f 3908/3608/3537 3911/3604/3536 3910/3605/375
f 3907/3607/393 3909/3609/3538 3908/3608/3537
f 3909/3609/3538 3907/3607/393 3915/3502/3485
f 3968/3488/3478 3909/3609/3538 3915/3502/3485
f 3966/3410/3404 3909/3609/3538 3968/3488/3478
f 3909/3609/3538 3966/3410/3404 3914/3610/3539
f 3909/3609/3538 3914/3610/3539 3908/3608/3537
f 3911/3604/3536 3908/3608/3537 3914/3610/3539
f 3926/3611/3540 3911/3604/3536 3914/3610/3539
f 3911/3604/3536 3926/3611/3540 3927/3612/3541
f 3913/3603/3535 3911/3604/3536 3927/3612/3541
f 3913/3603/3535 3927/3612/3541 3928/3613/3542
f 3923/3601/3534 3913/3603/3535 3928/3613/3542
f 3928/3613/3542 3929/3614/3543 3923/3601/3534
f 3929/3614/3543 3925/3602/3263 3923/3601/3534
f 3974/3615/3264 3925/3602/3263 3929/3614/3543
f 3929/3614/3543 4011/3616/3544 3974/3615/3264
f 3928/3613/3542 4010/3617/3545 3929/3614/3543
f 3929/3614/3543 4010/3617/3545 4011/3616/3544
f 3928/3613/3542 4009/3618/3546 4010/3617/3545
f 4010/3617/3545 4103/3619/3547 4011/3616/3544
f 4103/3619/3547 4010/3617/3545 4009/3618/3546
f 4102/3620/3548 4103/3619/3547 4009/3618/3546
f 4102/3620/3548 4009/3618/3546 4008/3621/3549
f 4008/3621/3549 4009/3618/3546 3928/3613/3542
f 3969/3407/3401 4008/3621/3549 3928/3613/3542
f 3969/3407/3401 3928/3613/3542 3927/3612/3541
f 3927/3612/3541 3926/3611/3540 3969/3407/3401
f 3914/3610/3539 3965/3408/3402 3926/3611/3540
f 3926/3611/3540 3965/3408/3402 3969/3407/3401
f 3914/3610/3539 3967/3409/3403 3965/3408/3402
f 3914/3610/3539 3966/3410/3404 3967/3409/3403
f 3954/3406/3400 4008/3621/3549 3969/3407/3401
f 4186/3622/3550 4008/3621/3549 3954/3406/3400
f 4008/3621/3549 4186/3622/3550 4092/3623/3551
f 4092/3623/3551 4102/3620/3548 4008/3621/3549
f 4102/3620/3548 4092/3623/3551 4161/3624/3552
f 4102/3620/3548 4161/3624/3552 4152/3625/3553
f 4154/3626/3554 4102/3620/3548 4152/3625/3553
f 4103/3619/3547 4102/3620/3548 4154/3626/3554
f 4154/3626/3554 4187/3627/3555 4103/3619/3547
f 4103/3619/3547 4188/3628/3556 4011/3616/3544
f 4187/3627/3555 4188/3628/3556 4103/3619/3547
f 4011/3616/3544 4015/3629/3557 3974/3615/3264
f 4188/3628/3556 4193/3630/3558 4011/3616/3544
f 4011/3616/3544 4193/3630/3558 4015/3629/3557
f 4188/3628/3556 4187/3627/3555 4195/3631/3559
f 4193/3630/3558 4188/3628/3556 4195/3631/3559
f 4196/3632/3560 4193/3630/3558 4195/3631/3559
f 4015/3629/3557 4193/3630/3558 4196/3632/3560
f 4035/3633/3561 4015/3629/3557 4196/3632/3560
f 3974/3615/3264 4015/3629/3557 4035/3633/3561
f 4036/3634/3562 3974/3615/3264 4035/3633/3561
f 4036/3634/3562 4035/3633/3561 4198/3635/3273
f 4035/3633/3561 4196/3632/3560 4198/3635/3273
f 4198/3635/3273 4196/3632/3560 4197/3636/3563
f 4196/3632/3560 4195/3631/3559 4197/3636/3563
f 4187/3627/3555 4194/3637/3564 4195/3631/3559
f 4194/3637/3564 4197/3636/3563 4195/3631/3559
f 4187/3627/3555 4053/3638/3565 4194/3637/3564
f 4154/3626/3554 4053/3638/3565 4187/3627/3555
f 4152/3625/3553 4153/3639/3566 4154/3626/3554
f 4153/3639/3566 4053/3638/3565 4154/3626/3554
f 4152/3625/3553 4150/3640/3567 4153/3639/3566
f 4151/3641/3568 4150/3640/3567 4152/3625/3553
f 4152/3625/3553 4161/3624/3552 4151/3641/3568
f 4150/3640/3567 4151/3641/3568 4147/3642/3569
f 4161/3624/3552 4164/3643/3570 4151/3641/3568
f 4151/3641/3568 4164/3643/3570 4147/3642/3569
f 4161/3624/3552 4162/3644/3571 4163/3645/3572
f 4163/3645/3572 4164/3643/3570 4161/3624/3552
f 4161/3624/3552 4092/3623/3551 4162/3644/3571
f 4164/3643/3570 4163/3645/3572 4165/3646/3573
f 4164/3643/3570 4165/3646/3573 4147/3642/3569
f 4163/3645/3572 4166/3647/3574 4165/3646/3573
f 4147/3642/3569 4165/3646/3573 4083/3648/3575
f 4083/3648/3575 4165/3646/3573 4166/3647/3574
f 4083/3648/3575 4064/3649/3576 4147/3642/3569
f 4146/3650/3577 4150/3640/3567 4147/3642/3569
f 4064/3649/3576 4146/3650/3577 4147/3642/3569
f 4150/3640/3567 4146/3650/3577 4133/3651/3578
f 4150/3640/3567 4133/3651/3578 4153/3639/3566
f 4153/3639/3566 4126/3652/3579 4053/3638/3565
f 4153/3639/3566 4133/3651/3578 4126/3652/3579
f 4126/3652/3579 4055/3653/3580 4053/3638/3565
f 4053/3638/3565 4055/3653/3580 4054/3654/3581
f 4053/3638/3565 4054/3654/3581 4194/3637/3564
f 4054/3654/3581 4197/3636/3563 4194/3637/3564
f 4197/3636/3563 4054/3654/3581 4056/3655/3331
f 4055/3653/3580 4056/3655/3331 4054/3654/3581
f 4055/3653/3580 4067/3656/3582 4056/3655/3331
f 4067/3656/3582 4089/3657/3330 4056/3655/3331
f 4055/3653/3580 4073/3658/3583 4067/3656/3582
f 4055/3653/3580 4126/3652/3579 4073/3658/3583
f 4126/3652/3579 4127/3659/3584 4073/3658/3583
f 4127/3659/3584 4126/3652/3579 4133/3651/3578
f 4127/3659/3584 4072/3660/997 4073/3658/3583
f 4067/3656/3582 4073/3658/3583 4072/3660/997
f 4127/3659/3584 4128/3661/3333 4072/3660/997
f 4127/3659/3584 4132/3662/3585 4128/3661/3333
f 4132/3662/3585 4127/3659/3584 4133/3651/3578
f 4132/3662/3585 4133/3651/3578 4135/3663/3586
f 4146/3650/3577 4135/3663/3586 4133/3651/3578
f 4135/3663/3586 4146/3650/3577 4064/3649/3576
f 4065/3664/3587 4135/3663/3586 4064/3649/3576
f 4064/3649/3576 4066/3665/3588 4065/3664/3587
f 4083/3648/3575 4086/3666/3589 4064/3649/3576
f 4086/3666/3589 4066/3665/3588 4064/3649/3576
f 4083/3648/3575 4085/3667/3352 4086/3666/3589
f 4086/3666/3589 4139/3668/3590 4066/3665/3588
f 4066/3665/3588 4139/3668/3590 4144/3669/3591
f 4139/3668/3590 4145/3670/3345 4144/3669/3591
f 4189/3671/3344 4144/3669/3591 4145/3670/3345
f 4144/3669/3591 4189/3671/3344 4124/3672/3592
f 4124/3672/3592 4136/3673/3593 4144/3669/3591
f 4144/3669/3591 4136/3673/3593 4066/3665/3588
f 4066/3665/3588 4136/3673/3593 4065/3664/3587
f 4136/3673/3593 4135/3663/3586 4065/3664/3587
f 4136/3673/3593 4134/3674/3594 4135/3663/3586
f 4134/3674/3594 4132/3662/3585 4135/3663/3586
f 4136/3673/3593 4124/3672/3592 4134/3674/3594
f 4134/3674/3594 4125/3675/3595 4132/3662/3585
f 4125/3675/3595 4128/3661/3333 4132/3662/3585
f 4134/3674/3594 4124/3672/3592 4125/3675/3595
f 4124/3672/3592 4123/3676/3596 4125/3675/3595
f 4123/3676/3596 4124/3672/3592 4189/3671/3344
f 4122/3677/3597 4123/3676/3596 4189/3671/3344
f 4121/3678/3598 4123/3676/3596 4122/3677/3597
f 4123/3676/3596 4121/3678/3598 4125/3675/3595
f 4128/3661/3333 4125/3675/3595 4121/3678/3598
f 4129/3679/3599 4128/3661/3333 4121/3678/3598
f 4084/3680/3600 4085/3667/3352 4083/3648/3575
f 4087/3681/3601 4085/3667/3352 4084/3680/3600
f 4087/3681/3601 4088/3357/3354 4085/3667/3352
f 4088/3357/3354 4087/3681/3601 4075/3363/3360
f 4074/3682/3602 4076/3371/3368 4075/3363/3360
f 4075/3363/3360 4087/3681/3601 4074/3682/3602
f 4074/3682/3602 4087/3681/3601 4078/3683/3603
f 4087/3681/3601 4084/3680/3600 4078/3683/3603
f 4078/3683/3603 4077/3684/3604 4074/3682/3602
f 4076/3371/3368 4074/3682/3602 4077/3684/3604
f 4171/3685/3605 4076/3371/3368 4077/3684/3604
f 4179/3372/3369 4076/3371/3368 4171/3685/3605
f 4178/3686/3606 4179/3372/3369 4171/3685/3605
f 4179/3372/3369 4178/3686/3606 4175/3373/3370
f 4171/3685/3605 4077/3684/3604 4170/3687/3607
f 4178/3686/3606 4171/3685/3605 4170/3687/3607
f 4077/3684/3604 4169/3688/3608 4170/3687/3607
f 4077/3684/3604 4078/3683/3603 4079/3689/3609
f 4079/3689/3609 4169/3688/3608 4077/3684/3604
f 4078/3683/3603 4080/3690/3610 4079/3689/3609
f 4084/3680/3600 4080/3690/3610 4078/3683/3603
f 4083/3648/3575 4082/3691/3611 4084/3680/3600
f 4084/3680/3600 4082/3691/3611 4080/3690/3610
f 4083/3648/3575 4166/3647/3574 4082/3691/3611
f 4082/3691/3611 4166/3647/3574 4080/3690/3610
f 4079/3689/3609 4080/3690/3610 4081/3692/3612
f 4081/3692/3612 4080/3690/3610 4166/3647/3574
f 4081/3692/3612 4182/3693/3613 4079/3689/3609
f 4079/3689/3609 4182/3693/3613 4169/3688/3608
f 4170/3687/3607 4169/3688/3608 4172/3694/3614
f 4182/3693/3613 4172/3694/3614 4169/3688/3608
f 4172/3694/3614 4178/3686/3606 4170/3687/3607
f 4178/3686/3606 4172/3694/3614 4173/3695/3615
f 4177/3696/3616 4178/3686/3606 4173/3695/3615
f 4178/3686/3606 4177/3696/3616 4175/3373/3370
f 4175/3373/3370 4177/3696/3616 4176/3388/3384
f 4177/3696/3616 4173/3695/3615 4176/3388/3384
f 4172/3694/3614 4174/3697/3617 4173/3695/3615
f 4173/3695/3615 4174/3697/3617 4176/3388/3384
f 4172/3694/3614 4184/3698/3618 4174/3697/3617
f 4174/3697/3617 4184/3698/3618 4176/3388/3384
f 4172/3694/3614 4182/3693/3613 4184/3698/3618
f 4184/3698/3618 4182/3693/3613 4185/3699/3619
f 4081/3692/3612 4185/3699/3619 4182/3693/3613
f 4185/3699/3619 4081/3692/3612 4166/3647/3574
f 4163/3645/3572 4185/3699/3619 4166/3647/3574
f 4163/3645/3572 4162/3644/3571 4185/3699/3619
f 4184/3698/3618 4185/3699/3619 4183/3700/3620
f 4162/3644/3571 4183/3700/3620 4185/3699/3619
f 4184/3698/3618 4183/3700/3620 4096/3389/3385
f 4184/3698/3618 4096/3389/3385 4176/3388/3384
f 4183/3700/3620 4162/3644/3571 4093/3701/3621
f 4183/3700/3620 4093/3701/3621 4096/3389/3385
f 4162/3644/3571 4092/3623/3551 4093/3701/3621
f 4096/3389/3385 4093/3701/3621 4094/3702/3622
f 4092/3623/3551 4094/3702/3622 4093/3701/3621
f 4094/3702/3622 4095/3390/3386 4096/3389/3385
f 4092/3623/3551 4186/3622/3550 4094/3702/3622
f 4094/3702/3622 4186/3622/3550 4095/3390/3386
f 4186/3622/3550 4191/3391/2064 4095/3390/3386
f 4186/3622/3550 3954/3406/3400 4191/3391/2064
f 4308/3703/3623 4299/3704/3624 4287/3705/3625
f 4299/3704/3624 4300/3706/3626 4288/3707/3627
f 4299/3704/3624 4288/3707/3627 4287/3705/3625
f 4285/3708/3628 4287/3705/3625 4286/3709/3629
f 4287/3705/3625 4288/3707/3627 4286/3709/3629
f 4285/3708/3628 4286/3709/3629 4315/3710/3630
f 4315/3710/3630 4286/3709/3629 4316/3711/3631
f 4316/3711/3631 4286/3709/3629 4314/3712/3632
f 4416/3713/3633 4316/3711/3631 4314/3712/3632
f 4286/3709/3629 4289/3714/3634 4314/3712/3632
f 4286/3709/3629 4288/3707/3627 4289/3714/3634
f 4300/3706/3626 4301/3715/3635 4288/3707/3627
f 4289/3714/3634 4288/3707/3627 4291/3716/3636
f 4288/3707/3627 4301/3715/3635 4291/3716/3636
f 4291/3716/3636 4290/3717/3637 4289/3714/3634
f 4314/3712/3632 4289/3714/3634 4290/3717/3637
f 4291/3716/3636 4292/3718/309 4290/3717/3637
f 4301/3715/3635 4292/3718/309 4291/3716/3636
f 4300/3706/3626 4306/3719/3638 4301/3715/3635
f 4301/3715/3635 4307/3720/3639 4292/3718/309
f 4306/3719/3638 4307/3720/3639 4301/3715/3635
f 4306/3719/3638 4303/3721/3640 4307/3720/3639
f 4303/3721/3640 4305/3722/3641 4307/3720/3639
f 4307/3720/3639 4294/3723/3642 4292/3718/309
f 4307/3720/3639 4305/3722/3641 4294/3723/3642
f 4294/3723/3642 4293/3724/3643 4292/3718/309
f 4292/3718/309 4293/3724/3643 4290/3717/3637
f 4312/3725/3644 4313/3726/3645 4290/3717/3637
f 4312/3725/3644 4290/3717/3637 4293/3724/3643
f 4313/3726/3645 4314/3712/3632 4290/3717/3637
f 4366/3727/3646 4314/3712/3632 4313/3726/3645
f 4366/3727/3646 4416/3713/3633 4314/3712/3632
f 4366/3727/3646 4412/3728/3647 4416/3713/3633
f 4412/3728/3647 4420/3729/3648 4416/3713/3633
f 4366/3727/3646 4365/3730/3649 4412/3728/3647
f 4365/3730/3649 4366/3727/3646 4313/3726/3645
f 4328/3731/3650 4365/3730/3649 4313/3726/3645
f 4312/3725/3644 4328/3731/3650 4313/3726/3645
f 4293/3724/3643 4327/3732/3651 4312/3725/3644
f 4327/3732/3651 4328/3731/3650 4312/3725/3644
f 4293/3724/3643 4326/3733/3652 4327/3732/3651
f 4294/3723/3642 4326/3733/3652 4293/3724/3643
f 4305/3722/3641 4310/3734/3653 4294/3723/3642
f 4326/3733/3652 4294/3723/3642 4310/3734/3653
f 4305/3722/3641 4304/3735/3654 4310/3734/3653
f 4304/3735/3654 4305/3722/3641 4303/3721/3640
f 4302/3736/3655 4304/3735/3654 4303/3721/3640
f 4296/3737/3656 4298/3738/3657 4302/3736/3655
f 4298/3738/3657 4304/3735/3654 4302/3736/3655
f 4296/3737/3656 4297/3739/3658 4298/3738/3657
f 4295/3740/3659 4297/3739/3658 4296/3737/3656
f 4283/3741/3660 4282/3742/3661 4295/3740/3659
f 4282/3742/3661 4297/3739/3658 4295/3740/3659
f 4283/3741/3660 4280/3743/3662 4282/3742/3661
f 4282/3742/3661 4281/3744/3663 4297/3739/3658
f 4280/3743/3662 4275/3745/3664 4282/3742/3661
f 4275/3745/3664 4281/3744/3663 4282/3742/3661
f 4280/3743/3662 4279/3746/3665 4275/3745/3664
f 4273/3747/3666 4279/3746/3665 4278/3748/3667
f 4273/3747/3666 4275/3745/3664 4279/3746/3665
f 4278/3748/3667 4269/3749/3668 4273/3747/3666
f 4273/3747/3666 4272/3750/3669 4275/3745/3664
f 4273/3747/3666 4269/3749/3668 4272/3750/3669
f 4272/3750/3669 4274/3751/3670 4275/3745/3664
f 4275/3745/3664 4274/3751/3670 4281/3744/3663
f 4284/3752/3671 4281/3744/3663 4274/3751/3670
f 4281/3744/3663 4284/3752/3671 4297/3739/3658
f 4297/3739/3658 4284/3752/3671 4298/3738/3657
f 4284/3752/3671 4309/3753/3672 4298/3738/3657
f 4298/3738/3657 4309/3753/3672 4304/3735/3654
f 4304/3735/3654 4311/3754/3673 4310/3734/3653
f 4309/3753/3672 4311/3754/3673 4304/3735/3654
f 4311/3754/3673 4318/3755/3674 4310/3734/3653
f 4310/3734/3653 4325/3756/3675 4326/3733/3652
f 4325/3756/3675 4310/3734/3653 4318/3755/3674
f 4325/3756/3675 4329/3757/3676 4326/3733/3652
f 4318/3755/3674 4321/3758/3677 4325/3756/3675
f 4325/3756/3675 4321/3758/3677 4329/3757/3676
f 4318/3755/3674 4322/3759/3678 4321/3758/3677
f 4311/3754/3673 4317/3760/3679 4318/3755/3674
f 4318/3755/3674 4317/3760/3679 4322/3759/3678
f 4311/3754/3673 4323/3761/3680 4317/3760/3679
f 4322/3759/3678 4317/3760/3679 4323/3761/3680
f 4311/3754/3673 4324/3762/3681 4323/3761/3680
f 4311/3754/3673 4309/3753/3672 4324/3762/3681
f 4284/3752/3671 4319/3763/3682 4309/3753/3672
f 4319/3763/3682 4324/3762/3681 4309/3753/3672
f 4284/3752/3671 4274/3751/3670 4319/3763/3682
f 4270/3764/3683 4274/3751/3670 4272/3750/3669
f 4270/3764/3683 4319/3763/3682 4274/3751/3670
f 4320/3765/3684 4319/3763/3682 4270/3764/3683
f 4319/3763/3682 4320/3765/3684 4324/3762/3681
f 4323/3761/3680 4324/3762/3681 4334/3766/3685
f 4320/3765/3684 4337/3767/3686 4324/3762/3681
f 4324/3762/3681 4337/3767/3686 4334/3766/3685
f 4320/3765/3684 4340/3768/3687 4337/3767/3686
f 4334/3766/3685 4337/3767/3686 4341/3769/3688
f 4341/3769/3688 4337/3767/3686 4340/3768/3687
f 4341/3769/3688 4333/3770/3689 4334/3766/3685
f 4332/3771/3690 4334/3766/3685 4333/3770/3689
f 4334/3766/3685 4332/3771/3690 4322/3759/3678
f 4323/3761/3680 4334/3766/3685 4322/3759/3678
f 4332/3771/3690 4321/3758/3677 4322/3759/3678
f 4332/3771/3690 4330/3772/3691 4321/3758/3677
f 4321/3758/3677 4330/3772/3691 4329/3757/3676
f 4332/3771/3690 4335/3773/1230 4330/3772/3691
f 4330/3772/3691 4331/3774/3692 4329/3757/3676
f 4331/3774/3692 4330/3772/3691 4335/3773/1230
f 4331/3774/3692 4343/3775/1177 4329/3757/3676
f 4329/3757/3676 4338/3776/3693 4326/3733/3652
f 4343/3775/1177 4338/3776/3693 4329/3757/3676
f 4338/3776/3693 4339/3777/3694 4326/3733/3652
f 4339/3777/3694 4327/3732/3651 4326/3733/3652
f 4327/3732/3651 4339/3777/3694 4328/3731/3650
f 4339/3777/3694 4345/3778/3695 4328/3731/3650
f 4328/3731/3650 4345/3778/3695 4365/3730/3649
f 4339/3777/3694 4338/3776/3693 4342/3779/3696
f 4339/3777/3694 4342/3779/3696 4345/3778/3695
f 4338/3776/3693 4343/3775/1177 4342/3779/3696
f 4342/3779/3696 4347/3780/3697 4345/3778/3695
f 4343/3775/1177 4346/3781/3698 4342/3779/3696
f 4346/3781/3698 4347/3780/3697 4342/3779/3696
f 4343/3775/1177 4348/3782/3699 4346/3781/3698
f 4348/3782/3699 4343/3775/1177 4350/3783/3700
f 4350/3783/3700 4343/3775/1177 4331/3774/3692
f 4351/3784/3701 4350/3783/3700 4331/3774/3692
f 4331/3774/3692 4335/3773/1230 4351/3784/3701
f 4350/3783/3700 4351/3784/3701 4364/3785/3702
f 4350/3783/3700 4364/3785/3702 4348/3782/3699
f 4364/3785/3702 4363/3786/3703 4348/3782/3699
f 4348/3782/3699 4363/3786/3703 4361/3787/3703
f 4346/3781/3698 4348/3782/3699 4361/3787/3703
f 4346/3781/3698 4361/3787/3703 4347/3780/3697
f 4362/3788/3704 4347/3780/3697 4361/3787/3703
f 4362/3788/3704 4384/3789/3705 4347/3780/3697
f 4384/3789/3705 4368/3790/3706 4347/3780/3697
f 4347/3780/3697 4368/3790/3706 4345/3778/3695
f 4345/3778/3695 4367/3791/3707 4365/3730/3649
f 4368/3790/3706 4367/3791/3707 4345/3778/3695
f 4367/3791/3707 4411/3792/3708 4365/3730/3649
f 4411/3792/3708 4412/3728/3647 4365/3730/3649
f 4367/3791/3707 4386/3793/3709 4411/3792/3708
f 4368/3790/3706 4386/3793/3709 4367/3791/3707
f 4384/3789/3705 4385/3794/3710 4368/3790/3706
f 4385/3794/3710 4386/3793/3709 4368/3790/3706
f 4384/3789/3705 4383/3795/3711 4385/3794/3710
f 4383/3795/3711 4384/3789/3705 4362/3788/3704
f 4248/3796/3712 4383/3795/3711 4362/3788/3704
f 4361/3787/3703 4248/3796/3712 4362/3788/3704
f 4248/3796/3712 4361/3787/3703 4243/3797/3713
f 4361/3787/3703 4363/3786/3703 4243/3797/3713
f 4243/3797/3713 4363/3786/3703 4250/3798/3714
f 4363/3786/3703 4364/3785/3702 4250/3798/3714
f 4364/3785/3702 4360/3799/3715 4250/3798/3714
f 4360/3799/3715 4364/3785/3702 4351/3784/3701
f 4354/3800/3716 4360/3799/3715 4351/3784/3701
f 4335/3773/1230 4354/3800/3716 4351/3784/3701
f 4360/3799/3715 4354/3800/3716 4359/3801/3717
f 4360/3799/3715 4359/3801/3717 4250/3798/3714
f 4354/3800/3716 4358/3802/3718 4359/3801/3717
f 4359/3801/3717 4358/3802/3718 4250/3798/3714
f 4243/3797/3713 4250/3798/3714 4249/3803/3719
f 4358/3802/3718 4249/3803/3719 4250/3798/3714
f 4358/3802/3718 4355/3804/3720 4356/3805/3721
f 4356/3805/3721 4249/3803/3719 4358/3802/3718
f 4355/3804/3720 4358/3802/3718 4354/3800/3716
f 4336/3806/3722 4355/3804/3720 4354/3800/3716
f 4335/3773/1230 4336/3806/3722 4354/3800/3716
f 4332/3771/3690 4336/3806/3722 4335/3773/1230
f 4336/3806/3722 4332/3771/3690 4333/3770/3689
f 4333/3770/3689 4353/3807/3723 4336/3806/3722
f 4353/3807/3723 4355/3804/3720 4336/3806/3722
f 4356/3805/3721 4355/3804/3720 4353/3807/3723
f 4357/3808/3724 4356/3805/3721 4353/3807/3723
f 4356/3805/3721 4357/3808/3724 4249/3803/3719
f 4353/3807/3723 4333/3770/3689 4352/3809/3725
f 4353/3807/3723 4352/3809/3725 4357/3808/3724
f 4333/3770/3689 4341/3769/3688 4352/3809/3725
f 4357/3808/3724 4352/3809/3725 4349/3810/3726
f 4352/3809/3725 4341/3769/3688 4349/3810/3726
f 4349/3810/3726 4251/3811/3719 4357/3808/3724
f 4357/3808/3724 4251/3811/3719 4249/3803/3719
f 4247/3812/2357 4243/3797/3713 4249/3803/3719
f 4251/3811/3719 4247/3812/2357 4249/3803/3719
f 4247/3812/2357 4251/3811/3719 4253/3813/3727
f 4251/3811/3719 4349/3810/3726 4344/3814/3728
f 4253/3813/3727 4251/3811/3719 4344/3814/3728
f 4349/3810/3726 4341/3769/3688 4344/3814/3728
f 4340/3768/3687 4344/3814/3728 4341/3769/3688
f 4261/3815/3729 4344/3814/3728 4340/3768/3687
f 4344/3814/3728 4261/3815/3729 4253/3813/3727
f 4340/3768/3687 4320/3765/3684 4260/3816/3730
f 4260/3816/3730 4261/3815/3729 4340/3768/3687
f 4320/3765/3684 4270/3764/3683 4260/3816/3730
f 4270/3764/3683 4271/3817/3731 4260/3816/3730
f 4270/3764/3683 4272/3750/3669 4271/3817/3731
f 4265/3818/3732 4271/3817/3731 4272/3750/3669
f 4269/3749/3668 4265/3818/3732 4272/3750/3669
f 4271/3817/3731 4255/3819/3733 4260/3816/3730
f 4265/3818/3732 4256/3820/3734 4271/3817/3731
f 4255/3819/3733 4271/3817/3731 4256/3820/3734
f 4265/3818/3732 4257/3821/3735 4256/3820/3734
f 4265/3818/3732 4269/3749/3668 4264/3822/3736
f 4265/3818/3732 4264/3822/3736 4257/3821/3735
f 4269/3749/3668 4268/3823/3737 4264/3822/3736
f 4278/3748/3667 4268/3823/3737 4269/3749/3668
f 4268/3823/3737 4278/3748/3667 4277/3824/3738
f 4267/3825/3739 4268/3823/3737 4277/3824/3738
f 4267/3825/3739 4277/3824/3738 4276/3826/3740
f 4266/3827/3741 4267/3825/3739 4276/3826/3740
f 4266/3827/3741 4262/3828/3742 4267/3825/3739
f 4262/3828/3742 4263/3829/3743 4267/3825/3739
f 4267/3825/3739 4263/3829/3743 4268/3823/3737
f 4263/3829/3743 4264/3822/3736 4268/3823/3737
f 4263/3829/3743 4258/3830/3744 4264/3822/3736
f 4258/3830/3744 4257/3821/3735 4264/3822/3736
f 4263/3829/3743 4259/3831/3745 4258/3830/3744
f 4262/3828/3742 4259/3831/3745 4263/3829/3743
f 4258/3830/3744 4259/3831/3745 4220/3832/3746
f 4219/3833/3747 4258/3830/3744 4220/3832/3746
f 4257/3821/3735 4258/3830/3744 4219/3833/3747
f 4218/3834/3748 4257/3821/3735 4219/3833/3747
f 4256/3820/3734 4257/3821/3735 4218/3834/3748
f 4211/3835/3749 4256/3820/3734 4218/3834/3748
f 4211/3835/3749 4255/3819/3733 4256/3820/3734
f 4218/3834/3748 4214/3836/3750 4211/3835/3749
f 4218/3834/3748 4219/3833/3747 4215/3837/3751
f 4214/3836/3750 4218/3834/3748 4215/3837/3751
f 4219/3833/3747 4217/3838/3752 4215/3837/3751
f 4219/3833/3747 4220/3832/3746 4217/3838/3752
f 4215/3837/3751 4217/3838/3752 4216/3839/3753
f 4208/3840/3754 4215/3837/3751 4216/3839/3753
f 4214/3836/3750 4215/3837/3751 4208/3840/3754
f 4216/3839/3753 4212/3841/3755 4208/3840/3754
f 4209/3842/3756 4212/3841/3755 4203/3843/3757
f 4209/3842/3756 4208/3840/3754 4212/3841/3755
f 4212/3841/3755 4213/3844/3758 4203/3843/3757
f 4203/3843/3757 4213/3844/3758 4221/3845/3759
f 4213/3844/3758 4222/3846/3760 4221/3845/3759
f 4222/3846/3760 4223/3847/3761 4221/3845/3759
f 4223/3847/3761 4224/3848/3762 4221/3845/3759
f 4223/3847/3761 4226/3849/3763 4224/3848/3762
f 4224/3848/3762 4225/3850/3764 4221/3845/3759
f 4225/3850/3764 4203/3843/3757 4221/3845/3759
f 4203/3843/3757 4225/3850/3764 4205/3851/3765
f 4203/3843/3757 4205/3851/3765 4204/3852/3766
f 4209/3842/3756 4203/3843/3757 4204/3852/3766
f 4208/3840/3754 4209/3842/3756 4204/3852/3766
f 4206/3853/3767 4208/3840/3754 4204/3852/3766
f 4206/3853/3767 4214/3836/3750 4208/3840/3754
f 4206/3853/3767 4211/3835/3749 4214/3836/3750
f 4206/3853/3767 4204/3852/3766 4207/3854/3768
f 4206/3853/3767 4207/3854/3768 4211/3835/3749
f 4204/3852/3766 4205/3851/3765 4207/3854/3768
f 4207/3854/3768 4210/3855/3769 4211/3835/3749
f 4205/3851/3765 4210/3855/3769 4207/3854/3768
f 4210/3855/3769 4255/3819/3733 4211/3835/3749
f 4254/3856/3770 4255/3819/3733 4210/3855/3769
f 4255/3819/3733 4254/3856/3770 4260/3816/3730
f 4254/3856/3770 4261/3815/3729 4260/3816/3730
f 4210/3855/3769 4252/3857/3771 4254/3856/3770
f 4261/3815/3729 4254/3856/3770 4252/3857/3771
f 4210/3855/3769 4205/3851/3765 4252/3857/3771
f 4252/3857/3771 4205/3851/3765 4253/3813/3727
f 4253/3813/3727 4261/3815/3729 4252/3857/3771
f 4205/3851/3765 4247/3812/2357 4253/3813/3727
f 4205/3851/3765 4225/3850/3764 4233/3858/3772
f 4247/3812/2357 4205/3851/3765 4233/3858/3772
f 4225/3850/3764 4229/3859/3773 4233/3858/3772
f 4224/3848/3762 4228/3860/3774 4225/3850/3764
f 4229/3859/3773 4225/3850/3764 4228/3860/3774
f 4224/3848/3762 4227/3861/3775 4228/3860/3774
f 4226/3849/3763 4227/3861/3775 4224/3848/3762
f 4226/3849/3763 4231/3862/3776 4227/3861/3775
f 4231/3862/3776 4232/3863/3777 4227/3861/3775
f 4227/3861/3775 4232/3863/3777 4228/3860/3774
f 4231/3862/3776 4234/3864/3778 4232/3863/3777
f 4232/3863/3777 4230/3865/3779 4228/3860/3774
f 4229/3859/3773 4228/3860/3774 4230/3865/3779
f 4232/3863/3777 4236/3866/3780 4230/3865/3779
f 4230/3865/3779 4236/3866/3780 4229/3859/3773
f 4232/3863/3777 4234/3864/3778 4235/3867/3781
f 4235/3867/3781 4236/3866/3780 4232/3863/3777
f 4234/3864/3778 4237/3868/3782 4235/3867/3781
f 4235/3867/3781 4238/3869/3783 4236/3866/3780
f 4237/3868/3782 4238/3869/3783 4235/3867/3781
f 4238/3869/3783 4239/3870/3784 4236/3866/3780
f 4236/3866/3780 4239/3870/3784 4229/3859/3773
f 4233/3858/3772 4229/3859/3773 4246/3871/3785
f 4239/3870/3784 4245/3872/3786 4229/3859/3773
f 4245/3872/3786 4246/3871/3785 4229/3859/3773
f 4239/3870/3784 4244/3873/3787 4245/3872/3786
f 4245/3872/3786 4244/3873/3787 4246/3871/3785
f 4244/3873/3787 4233/3858/3772 4246/3871/3785
f 4244/3873/3787 4247/3812/2357 4233/3858/3772
f 4243/3797/3713 4247/3812/2357 4244/3873/3787
f 4243/3797/3713 4244/3873/3787 4239/3870/3784
f 4239/3870/3784 4242/3874/3788 4243/3797/3713
f 4239/3870/3784 4238/3869/3783 4242/3874/3788
f 4238/3869/3783 4237/3868/3782 4240/3875/1154
f 4238/3869/3783 4240/3875/1154 4242/3874/3788
f 4237/3868/3782 4241/3876/2038 4240/3875/1154
f 4242/3874/3788 4240/3875/1154 4369/3877/3789
f 4241/3876/2038 4370/3878/3790 4240/3875/1154
f 4240/3875/1154 4370/3878/3790 4369/3877/3789
f 4241/3876/2038 4371/3879/3791 4370/3878/3790
f 4371/3879/3791 4373/3880/3792 4370/3878/3790
f 4372/3881/3793 4369/3877/3789 4370/3878/3790
f 4373/3880/3792 4372/3881/3793 4370/3878/3790
f 4378/3882/3794 4379/3883/3795 4373/3880/3792
f 4379/3883/3795 4372/3881/3793 4373/3880/3792
f 4378/3882/3794 4381/3884/3792 4379/3883/3795
f 4372/3881/3793 4379/3883/3795 4375/3885/3796
f 4381/3884/3792 4380/3886/3797 4379/3883/3795
f 4379/3883/3795 4380/3886/3797 4375/3885/3796
f 4381/3884/3792 4389/3887/3798 4390/3888/3799
f 4390/3888/3799 4380/3886/3797 4381/3884/3792
f 4389/3887/3798 4392/3889/3800 4390/3888/3799
f 4391/3890/3801 4392/3889/3800 4389/3887/3798
f 4391/3890/3801 4399/3891/1648 4392/3889/3800
f 4399/3891/1648 4397/3892/3802 4392/3889/3800
f 4399/3891/1648 4400/3893/3803 4397/3892/3802
f 4397/3892/3802 4398/3894/3804 4392/3889/3800
f 4400/3893/3803 4401/3895/3805 4397/3892/3802
f 4397/3892/3802 4401/3895/3805 4398/3894/3804
f 4400/3893/3803 4428/3896/3806 4429/3897/3807
f 4429/3897/3807 4401/3895/3805 4400/3893/3803
f 4428/3896/3806 4445/3898/3808 4429/3897/3807
f 4429/3897/3807 4430/3899/3809 4401/3895/3805
f 4429/3897/3807 4445/3898/3808 4430/3899/3809
f 4430/3899/3809 4402/3900/3810 4401/3895/3805
f 4401/3895/3805 4402/3900/3810 4398/3894/3804
f 4392/3889/3800 4398/3894/3804 4396/3901/3811
f 4402/3900/3810 4403/3902/3812 4398/3894/3804
f 4403/3902/3812 4396/3901/3811 4398/3894/3804
f 4402/3900/3810 4407/3903/3813 4403/3902/3812
f 4402/3900/3810 4430/3899/3809 4423/3904/3814
f 4402/3900/3810 4423/3904/3814 4407/3903/3813
f 4430/3899/3809 4431/3905/3815 4423/3904/3814
f 4423/3904/3814 4424/3906/3816 4407/3903/3813
f 4423/3904/3814 4431/3905/3815 4424/3906/3816
f 4424/3906/3816 4408/3907/3817 4407/3903/3813
f 4403/3902/3812 4407/3903/3813 4406/3908/3818
f 4407/3903/3813 4408/3907/3817 4406/3908/3818
f 4406/3908/3818 4404/3909/3819 4403/3902/3812
f 4396/3901/3811 4403/3902/3812 4404/3909/3819
f 4396/3901/3811 4395/3910/3820 4390/3888/3799
f 4395/3910/3820 4396/3901/3811 4404/3909/3819
f 4390/3888/3799 4392/3889/3800 4396/3901/3811
f 4395/3910/3820 4380/3886/3797 4390/3888/3799
f 4394/3911/3821 4393/3912/3822 4395/3910/3820
f 4380/3886/3797 4395/3910/3820 4393/3912/3822
f 4395/3910/3820 4404/3909/3819 4394/3911/3821
f 4404/3909/3819 4405/3913/3823 4394/3911/3821
f 4405/3913/3823 4404/3909/3819 4406/3908/3818
f 4406/3908/3818 4409/3914/3824 4405/3913/3823
f 4408/3907/3817 4409/3914/3824 4406/3908/3818
f 4408/3907/3817 4415/3915/3825 4409/3914/3824
f 4408/3907/3817 4424/3906/3816 4425/3916/3826
f 4415/3915/3825 4408/3907/3817 4425/3916/3826
f 4424/3906/3816 4426/3917/3827 4425/3916/3826
f 4433/3918/3828 4426/3917/3827 4424/3906/3816
f 4432/3919/3829 4433/3918/3828 4424/3906/3816
f 4431/3905/3815 4432/3919/3829 4424/3906/3816
f 4431/3905/3815 4443/3920/3830 4432/3919/3829
f 4430/3899/3809 4444/3921/3831 4431/3905/3815
f 4444/3921/3831 4443/3920/3830 4431/3905/3815
f 4430/3899/3809 4445/3898/3808 4444/3921/3831
f 4444/3921/3831 4451/3922/3832 4443/3920/3830
f 4451/3922/3832 4444/3921/3831 4445/3898/3808
f 4451/3922/3832 4452/3923/3833 4443/3920/3830
f 4443/3920/3830 4442/3924/3834 4432/3919/3829
f 4443/3920/3830 4452/3923/3833 4442/3924/3834
f 4452/3923/3833 4448/3925/3835 4442/3924/3834
f 4442/3924/3834 4448/3925/3835 4441/3926/3836
f 4448/3925/3835 4447/3927/3837 4441/3926/3836
f 4441/3926/3836 4447/3927/3837 4439/3928/3838
f 4440/3929/3839 4441/3926/3836 4439/3928/3838
f 4439/3928/3838 4438/3930/3840 4440/3929/3839
f 4440/3929/3839 4435/3931/3841 4441/3926/3836
f 4441/3926/3836 4435/3931/3841 4442/3924/3834
f 4435/3931/3841 4432/3919/3829 4442/3924/3834
f 4432/3919/3829 4435/3931/3841 4434/3932/3842
f 4432/3919/3829 4434/3932/3842 4433/3918/3828
f 4426/3917/3827 4433/3918/3828 4436/3933/3843
f 4433/3918/3828 4434/3932/3842 4436/3933/3843
f 4436/3933/3843 4427/3934/3844 4426/3917/3827
f 4425/3916/3826 4426/3917/3827 4427/3934/3844
f 4425/3916/3826 4427/3934/3844 4422/3935/3845
f 4415/3915/3825 4425/3916/3826 4422/3935/3845
f 4415/3915/3825 4422/3935/3845 4421/3936/3846
f 4414/3937/3847 4415/3915/3825 4421/3936/3846
f 4415/3915/3825 4414/3937/3847 4409/3914/3824
f 4421/3936/3846 4413/3938/3848 4414/3937/3847
f 4409/3914/3824 4414/3937/3847 4410/3939/3849
f 4414/3937/3847 4413/3938/3848 4410/3939/3849
f 4409/3914/3824 4410/3939/3849 4405/3913/3823
f 4413/3938/3848 4412/3728/3647 4410/3939/3849
f 4410/3939/3849 4411/3792/3708 4405/3913/3823
f 4411/3792/3708 4410/3939/3849 4412/3728/3647
f 4411/3792/3708 4386/3793/3709 4405/3913/3823
f 4394/3911/3821 4405/3913/3823 4386/3793/3709
f 4387/3940/3850 4394/3911/3821 4386/3793/3709
f 4387/3940/3850 4386/3793/3709 4385/3794/3710
f 4387/3940/3850 4377/3941/3851 4394/3911/3821
f 4377/3941/3851 4393/3912/3822 4394/3911/3821
f 4377/3941/3851 4380/3886/3797 4393/3912/3822
f 4377/3941/3851 4375/3885/3796 4380/3886/3797
f 4377/3941/3851 4374/3942/3852 4375/3885/3796
f 4374/3942/3852 4372/3881/3793 4375/3885/3796
f 4369/3877/3789 4372/3881/3793 4374/3942/3852
f 4376/3943/3853 4369/3877/3789 4374/3942/3852
f 4376/3943/3853 4374/3942/3852 4377/3941/3851
f 4376/3943/3853 4377/3941/3851 4388/3944/3854
f 4388/3944/3854 4377/3941/3851 4387/3940/3850
f 4385/3794/3710 4388/3944/3854 4387/3940/3850
f 4385/3794/3710 4383/3795/3711 4388/3944/3854
f 4383/3795/3711 4382/3945/3855 4388/3944/3854
f 4382/3945/3855 4376/3943/3853 4388/3944/3854
f 4383/3795/3711 4248/3796/3712 4382/3945/3855
f 4376/3943/3853 4382/3945/3855 4242/3874/3788
f 4382/3945/3855 4248/3796/3712 4242/3874/3788
f 4242/3874/3788 4369/3877/3789 4376/3943/3853
f 4248/3796/3712 4243/3797/3713 4242/3874/3788
f 4413/3938/3848 4420/3729/3648 4412/3728/3647
f 4421/3936/3846 4420/3729/3648 4413/3938/3848
f 4417/3729/3856 4419/3936/3856 4418/3713/3856
f 4446/3946/3857 4445/3898/3808 4428/3896/3806
f 4449/3947/3858 4450/3948/3859 4446/3946/3857
f 4450/3948/3859 4445/3898/3808 4446/3946/3857
f 4450/3948/3859 4451/3922/3832 4445/3898/3808
f 4549/3949/3740 4551/3950/3738 4550/3951/3860
f 4551/3950/3738 4552/3952/3861 4550/3951/3860
f 4551/3950/3738 4553/3953/3667 4552/3952/3861
f 4550/3951/3860 4552/3952/3861 4555/3954/3862
f 4553/3953/3667 4554/3955/3665 4552/3952/3861
f 4552/3952/3861 4556/3956/3863 4555/3954/3862
f 4552/3952/3861 4554/3955/3665 4556/3956/3863
f 4554/3955/3665 4557/3957/3662 4556/3956/3863
f 4484/3958/3864 4556/3956/3863 4557/3957/3662
f 4555/3954/3862 4556/3956/3863 4484/3958/3864
f 4483/3959/3860 4555/3954/3862 4484/3958/3864
f 4467/3960/3865 4483/3959/3860 4484/3958/3864
f 4481/3961/3866 4483/3959/3860 4467/3960/3865
f 4467/3960/3865 4468/3962/3867 4481/3961/3866
f 4468/3962/3867 4482/3963/3868 4481/3961/3866
f 4467/3960/3865 4466/3964/3869 4468/3962/3867
f 4467/3960/3865 4484/3958/3864 4466/3964/3869
f 4466/3964/3869 4484/3958/3864 4546/3965/3660
f 4484/3958/3864 4557/3957/3662 4546/3965/3660
f 4546/3965/3660 4545/3966/3659 4466/3964/3869
f 4544/3967/3656 4480/3968/3870 4545/3966/3659
f 4480/3968/3870 4466/3964/3869 4545/3966/3659
f 4469/3969/3871 4466/3964/3869 4480/3968/3870
f 4468/3962/3867 4466/3964/3869 4469/3969/3871
f 4480/3968/3870 4478/3970/3872 4469/3969/3871
f 4480/3968/3870 4544/3967/3656 4478/3970/3872
f 4544/3967/3656 4543/3971/3655 4478/3970/3872
f 4478/3970/3872 4543/3971/3655 4471/3972/3873
f 4543/3971/3655 4476/3973/3640 4471/3972/3873
f 4471/3972/3873 4472/3974/3874 4478/3970/3872
f 4476/3973/3640 4470/3975/3875 4471/3972/3873
f 4470/3975/3875 4472/3974/3874 4471/3972/3873
f 4476/3973/3640 4475/3976/3638 4470/3975/3875
f 4470/3975/3875 4479/3977/3876 4472/3974/3874
f 4477/3978/3877 4478/3970/3872 4472/3974/3874
f 4479/3977/3876 4477/3978/3877 4472/3974/3874
f 4477/3978/3877 4469/3969/3871 4478/3970/3872
f 4469/3969/3871 4477/3978/3877 4487/3979/3878
f 4492/3980/3879 4469/3969/3871 4487/3979/3878
f 4468/3962/3867 4469/3969/3871 4492/3980/3879
f 4493/3981/3880 4468/3962/3867 4492/3980/3879
f 4482/3963/3868 4468/3962/3867 4493/3981/3880
f 4495/3982/3881 4482/3963/3868 4493/3981/3880
f 4494/3983/1626 4495/3982/3881 4493/3981/3880
f 4491/3984/3882 4494/3983/1626 4493/3981/3880
f 4491/3984/3882 4493/3981/3880 4492/3980/3879
f 4490/3985/3883 4491/3984/3882 4492/3980/3879
f 4487/3979/3878 4490/3985/3883 4492/3980/3879
f 4487/3979/3878 4489/3986/3884 4490/3985/3883
f 4490/3985/3883 4506/3987/3885 4491/3984/3882
f 4506/3987/3885 4490/3985/3883 4489/3986/3884
f 4506/3987/3885 4507/3988/3886 4491/3984/3882
f 4491/3984/3882 4507/3988/3886 4494/3983/1626
f 4506/3987/3885 4505/3989/3887 4515/3990/1354
f 4506/3987/3885 4515/3990/1354 4507/3988/3886
f 4506/3987/3885 4489/3986/3884 4505/3989/3887
f 4489/3986/3884 4487/3979/3878 4485/3991/3888
f 4505/3989/3887 4489/3986/3884 4485/3991/3888
f 4487/3979/3878 4486/3992/3889 4485/3991/3888
f 4486/3992/3889 4487/3979/3878 4477/3978/3877
f 4479/3977/3876 4486/3992/3889 4477/3978/3877
f 4470/3975/3875 4465/3993/3890 4479/3977/3876
f 4486/3992/3889 4479/3977/3876 4498/3994/3891
f 4479/3977/3876 4465/3993/3890 4498/3994/3891
f 4498/3994/3891 4496/3995/3892 4486/3992/3889
f 4485/3991/3888 4486/3992/3889 4488/3996/3893
f 4488/3996/3893 4486/3992/3889 4496/3995/3892
f 4488/3996/3893 4503/3997/3894 4485/3991/3888
f 4504/3998/3895 4505/3989/3887 4485/3991/3888
f 4503/3997/3894 4504/3998/3895 4485/3991/3888
f 4504/3998/3895 4518/3999/1368 4505/3989/3887
f 4518/3999/1368 4515/3990/1354 4505/3989/3887
f 4504/3998/3895 4531/4000/3896 4518/3999/1368
f 4518/3999/1368 4517/4001/1370 4515/3990/1354
f 4517/4001/1370 4518/3999/1368 4531/4000/3896
f 4517/4001/1370 4516/4002/1371 4515/3990/1354
f 4515/3990/1354 4522/4003/3897 4507/3988/3886
f 4516/4002/1371 4522/4003/3897 4515/3990/1354
f 4507/3988/3886 4508/4004/3898 4494/3983/1626
f 4507/3988/3886 4522/4003/3897 4508/4004/3898
f 4522/4003/3897 4532/4005/3899 4508/4004/3898
f 4522/4003/3897 4516/4002/1371 4532/4005/3899
f 4508/4004/3898 4694/4006/3900 4494/3983/1626
f 4508/4004/3898 4532/4005/3899 4707/4007/3901
f 4694/4006/3900 4508/4004/3898 4707/4007/3901
f 4532/4005/3899 4701/4008/2055 4707/4007/3901
f 4516/4002/1371 4530/4009/2056 4532/4005/3899
f 4532/4005/3899 4530/4009/2056 4701/4008/2055
f 4516/4002/1371 4523/4010/1373 4530/4009/2056
f 4701/4008/2055 4530/4009/2056 4523/4010/1373
f 4516/4002/1371 4519/4011/3902 4523/4010/1373
f 4516/4002/1371 4517/4001/1370 4519/4011/3902
f 4519/4011/3902 4517/4001/1370 4520/4012/3903
f 4521/4013/1375 4517/4001/1370 4531/4000/3896
f 4517/4001/1370 4521/4013/1375 4520/4012/3903
f 4531/4000/3896 4513/4014/1376 4521/4013/1375
f 4520/4012/3903 4521/4013/1375 4513/4014/1376
f 4531/4000/3896 4512/4015/1377 4513/4014/1376
f 4512/4015/1377 4531/4000/3896 4504/3998/3895
f 4503/3997/3894 4512/4015/1377 4504/3998/3895
f 4511/4016/1378 4512/4015/1377 4503/3997/3894
f 4511/4016/1378 4513/4014/1376 4512/4015/1377
f 4503/3997/3894 4502/4017/3904 4511/4016/1378
f 4502/4017/3904 4503/3997/3894 4488/3996/3893
f 4496/3995/3892 4502/4017/3904 4488/3996/3893
f 4498/3994/3891 4499/4018/3905 4496/3995/3892
f 4502/4017/3904 4496/3995/3892 4499/4018/3905
f 4510/4019/3906 4502/4017/3904 4499/4018/3905
f 4511/4016/1378 4502/4017/3904 4510/4019/3906
f 4527/4020/3907 4511/4016/1378 4510/4019/3906
f 4514/4021/1379 4511/4016/1378 4527/4020/3907
f 4513/4014/1376 4511/4016/1378 4514/4021/1379
f 4513/4014/1376 4514/4021/1379 4529/4022/3908
f 4529/4022/3908 4520/4012/3903 4513/4014/1376
f 4524/4023/409 4520/4012/3903 4529/4022/3908
f 4519/4011/3902 4520/4012/3903 4524/4023/409
f 4523/4010/1373 4519/4011/3902 4524/4023/409
f 4706/4024/2053 4523/4010/1373 4524/4023/409
f 4706/4024/2053 4701/4008/2055 4523/4010/1373
f 4700/4025/2054 4701/4008/2055 4706/4024/2053
f 4700/4025/2054 4702/4026/3909 4701/4008/2055
f 4707/4007/3901 4701/4008/2055 4702/4026/3909
f 4694/4006/3900 4707/4007/3901 4702/4026/3909
f 4693/4027/3910 4694/4006/3900 4702/4026/3909
f 4682/4028/3911 4694/4006/3900 4693/4027/3910
f 4682/4028/3911 4494/3983/1626 4694/4006/3900
f 4494/3983/1626 4682/4028/3911 4680/4029/3912
f 4683/4030/3881 4494/3983/1626 4680/4029/3912
f 4683/4030/3881 4680/4029/3912 4670/4031/3868
f 4670/4031/3868 4655/4032/3913 4671/4033/3866
f 4680/4029/3912 4655/4032/3913 4670/4031/3868
f 4680/4029/3912 4682/4028/3911 4681/4034/3914
f 4680/4029/3912 4681/4034/3914 4655/4032/3913
f 4682/4028/3911 4679/4035/3915 4681/4034/3914
f 4679/4035/3915 4682/4028/3911 4693/4027/3910
f 4679/4035/3915 4693/4027/3910 4678/4036/3916
f 4693/4027/3910 4702/4026/3909 4692/4037/3917
f 4693/4027/3910 4692/4037/3917 4678/4036/3916
f 4702/4026/3909 4700/4025/2054 4703/4038/2064
f 4702/4026/3909 4703/4038/2064 4692/4037/3917
f 4700/4025/2054 4710/4039/2065 4703/4038/2064
f 4692/4037/3917 4703/4038/2064 4691/4040/3918
f 4703/4038/2064 4710/4039/2065 4691/4040/3918
f 4692/4037/3917 4691/4040/3918 4676/4041/3919
f 4678/4036/3916 4692/4037/3917 4676/4041/3919
f 4674/4042/3920 4678/4036/3916 4676/4041/3919
f 4678/4036/3916 4674/4042/3920 4679/4035/3915
f 4674/4042/3920 4681/4034/3914 4679/4035/3915
f 4681/4034/3914 4674/4042/3920 4658/4043/3921
f 4681/4034/3914 4658/4043/3921 4655/4032/3913
f 4655/4032/3913 4657/4044/3922 4656/4045/3923
f 4657/4044/3922 4655/4032/3913 4658/4043/3921
f 4656/4045/3923 4671/4033/3866 4655/4032/3913
f 4672/4046/3860 4671/4033/3866 4656/4045/3923
f 4672/4046/3860 4656/4045/3923 4673/4047/3924
f 4673/4047/3924 4656/4045/3923 4657/4044/3922
f 4673/4047/3924 4806/4048/3925 4672/4046/3860
f 4807/4049/3926 4806/4048/3925 4673/4047/3924
f 4806/4048/3925 4807/4049/3926 4803/4050/3927
f 4802/4051/3860 4806/4048/3925 4803/4050/3927
f 4802/4051/3860 4803/4050/3927 4801/4052/3928
f 4800/4053/3740 4802/4051/3860 4801/4052/3928
f 4801/4052/3928 4791/4054/3929 4800/4053/3740
f 4791/4054/3929 4790/4055/3741 4800/4053/3740
f 4790/4055/3741 4791/4054/3929 4786/4056/3742
f 4786/4056/3742 4787/4057/3930 4783/4058/3931
f 4791/4054/3929 4787/4057/3930 4786/4056/3742
f 4791/4054/3929 4792/4059/3932 4787/4057/3930
f 4792/4059/3932 4791/4054/3929 4801/4052/3928
f 4804/4060/3933 4792/4059/3932 4801/4052/3928
f 4801/4052/3928 4803/4050/3927 4804/4060/3933
f 4803/4050/3927 4805/4061/3934 4804/4060/3933
f 4803/4050/3927 4807/4049/3926 4805/4061/3934
f 4807/4049/3926 4808/4062/3935 4805/4061/3934
f 4807/4049/3926 4673/4047/3924 4808/4062/3935
f 4724/4063/3936 4673/4047/3924 4657/4044/3922
f 4808/4062/3935 4673/4047/3924 4724/4063/3936
f 4657/4044/3922 4723/4064/3937 4724/4063/3936
f 4657/4044/3922 4658/4043/3921 4669/4065/3938
f 4723/4064/3937 4657/4044/3922 4669/4065/3938
f 4658/4043/3921 4666/4066/3939 4669/4065/3938
f 4722/4067/3940 4723/4064/3937 4669/4065/3938
f 4722/4067/3940 4669/4065/3938 4666/4066/3939
f 4722/4067/3940 4821/4068/3941 4723/4064/3937
f 4810/4069/3942 4724/4063/3936 4723/4064/3937
f 4821/4068/3941 4810/4069/3942 4723/4064/3937
f 4810/4069/3942 4808/4062/3935 4724/4063/3936
f 4808/4062/3935 4810/4069/3942 4799/4070/3943
f 4808/4062/3935 4799/4070/3943 4805/4061/3934
f 4805/4061/3934 4797/4071/3944 4804/4060/3933
f 4799/4070/3943 4797/4071/3944 4805/4061/3934
f 4804/4060/3933 4793/4072/3945 4792/4059/3932
f 4797/4071/3944 4793/4072/3945 4804/4060/3933
f 4792/4059/3932 4788/4073/3946 4787/4057/3930
f 4792/4059/3932 4793/4072/3945 4788/4073/3946
f 4787/4057/3930 4788/4073/3946 4782/4074/3947
f 4787/4057/3930 4782/4074/3947 4783/4058/3931
f 4783/4058/3931 4782/4074/3947 4743/4075/3746
f 4743/4075/3746 4742/4076/3948 4739/4077/3752
f 4782/4074/3947 4742/4076/3948 4743/4075/3746
f 4742/4076/3948 4782/4074/3947 4781/4078/3949
f 4788/4073/3946 4781/4078/3949 4782/4074/3947
f 4788/4073/3946 4789/4079/3950 4781/4078/3949
f 4793/4072/3945 4789/4079/3950 4788/4073/3946
f 4796/4080/3951 4789/4079/3950 4793/4072/3945
f 4796/4080/3951 4793/4072/3945 4797/4071/3944
f 4799/4070/3943 4796/4080/3951 4797/4071/3944
f 4796/4080/3951 4799/4070/3943 4798/4081/3952
f 4810/4069/3942 4809/4082/3953 4799/4070/3943
f 4809/4082/3953 4798/4081/3952 4799/4070/3943
f 4810/4069/3942 4821/4068/3941 4809/4082/3953
f 4798/4081/3952 4809/4082/3953 4811/4083/3954
f 4811/4083/3954 4809/4082/3953 4821/4068/3941
f 4811/4083/3954 4821/4068/3941 4820/4084/3955
f 4820/4084/3955 4821/4068/3941 4722/4067/3940
f 4820/4084/3955 4722/4067/3940 4721/4085/3956
f 4721/4085/3956 4722/4067/3940 4666/4066/3939
f 4721/4085/3956 4824/4086/3957 4820/4084/3955
f 4826/4087/3958 4820/4084/3955 4824/4086/3957
f 4826/4087/3958 4811/4083/3954 4820/4084/3955
f 4836/4088/3959 4811/4083/3954 4826/4087/3958
f 4811/4083/3954 4836/4088/3959 4798/4081/3952
f 4796/4080/3951 4798/4081/3952 4795/4089/3960
f 4836/4088/3959 4795/4089/3960 4798/4081/3952
f 4795/4089/3960 4794/4090/850 4796/4080/3951
f 4796/4080/3951 4794/4090/850 4789/4079/3950
f 4789/4079/3950 4780/4091/3961 4781/4078/3949
f 4789/4079/3950 4794/4090/850 4780/4091/3961
f 4780/4091/3961 4741/4092/3962 4781/4078/3949
f 4741/4092/3962 4742/4076/3948 4781/4078/3949
f 4737/4093/3963 4742/4076/3948 4741/4092/3962
f 4742/4076/3948 4737/4093/3963 4739/4077/3752
f 4739/4077/3752 4737/4093/3963 4738/4094/3753
f 4738/4094/3753 4731/4095/3964 4734/4096/3755
f 4737/4093/3963 4731/4095/3964 4738/4094/3753
f 4731/4095/3964 4737/4093/3963 4736/4097/3965
f 4736/4097/3965 4737/4093/3963 4741/4092/3962
f 4736/4097/3965 4741/4092/3962 4733/4098/3966
f 4733/4098/3966 4741/4092/3962 4780/4091/3961
f 4780/4091/3961 4779/4099/3967 4733/4098/3966
f 4794/4090/850 4779/4099/3967 4780/4091/3961
f 4779/4099/3967 4794/4090/850 4784/4100/3968
f 4794/4090/850 4795/4089/3960 4784/4100/3968
f 4836/4088/3959 4837/4101/3969 4795/4089/3960
f 4837/4101/3969 4784/4100/3968 4795/4089/3960
f 4836/4088/3959 4841/4102/3970 4837/4101/3969
f 4841/4102/3970 4836/4088/3959 4826/4087/3958
f 4841/4102/3970 4826/4087/3958 4828/4103/3971
f 4828/4103/3971 4826/4087/3958 4824/4086/3957
f 4827/4104/3972 4828/4103/3971 4824/4086/3957
f 4823/4105/3973 4827/4104/3972 4824/4086/3957
f 4823/4105/3973 4824/4086/3957 4665/4106/3974
f 4824/4086/3957 4721/4085/3956 4665/4106/3974
f 4665/4106/3974 4721/4085/3956 4660/4107/3135
f 4721/4085/3956 4666/4066/3939 4660/4107/3135
f 4660/4107/3135 4661/4108/3975 4665/4106/3974
f 4666/4066/3939 4659/4109/3976 4660/4107/3135
f 4659/4109/3976 4661/4108/3975 4660/4107/3135
f 4666/4066/3939 4667/4110/3977 4659/4109/3976
f 4666/4066/3939 4658/4043/3921 4667/4110/3977
f 4674/4042/3920 4667/4110/3977 4658/4043/3921
f 4674/4042/3920 4676/4041/3919 4675/4111/3978
f 4674/4042/3920 4675/4111/3978 4667/4110/3977
f 4675/4111/3978 4668/4112/3979 4667/4110/3977
f 4659/4109/3976 4667/4110/3977 4668/4112/3979
f 4661/4108/3975 4659/4109/3976 4668/4112/3979
f 4668/4112/3979 4654/4113/3980 4661/4108/3975
f 4686/4114/3981 4654/4113/3980 4668/4112/3979
f 4675/4111/3978 4686/4114/3981 4668/4112/3979
f 4675/4111/3978 4677/4115/3982 4684/4116/3983
f 4675/4111/3978 4684/4116/3983 4686/4114/3981
f 4675/4111/3978 4676/4041/3919 4677/4115/3982
f 4677/4115/3982 4676/4041/3919 4690/4117/3984
f 4676/4041/3919 4691/4040/3918 4690/4117/3984
f 4677/4115/3982 4690/4117/3984 4689/4118/3985
f 4684/4116/3983 4677/4115/3982 4689/4118/3985
f 4684/4116/3983 4689/4118/3985 4685/4119/3986
f 4684/4116/3983 4685/4119/3986 4686/4114/3981
f 4685/4119/3986 4687/4120/3987 4686/4114/3981
f 4686/4114/3981 4687/4120/3987 4654/4113/3980
f 4685/4119/3986 4501/4121/3988 4687/4120/3987
f 4689/4118/3985 4695/4122/3989 4685/4119/3986
f 4685/4119/3986 4695/4122/3989 4501/4121/3988
f 4689/4118/3985 4690/4117/3984 4698/4123/2048
f 4689/4118/3985 4698/4123/2048 4695/4122/3989
f 4690/4117/3984 4697/4124/2067 4698/4123/2048
f 4690/4117/3984 4691/4040/3918 4697/4124/2067
f 4691/4040/3918 4710/4039/2065 4697/4124/2067
f 4696/4125/2051 4698/4123/2048 4697/4124/2067
f 4697/4124/2067 4710/4039/2065 4696/4125/2051
f 4700/4025/2054 4704/4126/2066 4710/4039/2065
f 4710/4039/2065 4704/4126/2066 4696/4125/2051
f 4700/4025/2054 4705/4127/3990 4704/4126/2066
f 4696/4125/2051 4704/4126/2066 4705/4127/3990
f 4700/4025/2054 4706/4024/2053 4705/4127/3990
f 4705/4127/3990 4706/4024/2053 4524/4023/409
f 4709/4128/3991 4705/4127/3990 4524/4023/409
f 4709/4128/3991 4696/4125/2051 4705/4127/3990
f 4699/4129/2049 4696/4125/2051 4709/4128/3991
f 4698/4123/2048 4696/4125/2051 4699/4129/2049
f 4698/4123/2048 4699/4129/2049 4708/4130/3992
f 4698/4123/2048 4708/4130/3992 4695/4122/3989
f 4695/4122/3989 4509/4131/3993 4501/4121/3988
f 4695/4122/3989 4708/4130/3992 4509/4131/3993
f 4708/4130/3992 4699/4129/2049 4526/4132/1383
f 4708/4130/3992 4526/4132/1383 4509/4131/3993
f 4699/4129/2049 4525/4133/1382 4526/4132/1383
f 4699/4129/2049 4709/4128/3991 4528/4134/3994
f 4525/4133/1382 4699/4129/2049 4528/4134/3994
f 4709/4128/3991 4524/4023/409 4528/4134/3994
f 4528/4134/3994 4524/4023/409 4529/4022/3908
f 4528/4134/3994 4529/4022/3908 4514/4021/1379
f 4525/4133/1382 4528/4134/3994 4514/4021/1379
f 4525/4133/1382 4514/4021/1379 4526/4132/1383
f 4514/4021/1379 4527/4020/3907 4526/4132/1383
f 4526/4132/1383 4527/4020/3907 4509/4131/3993
f 4509/4131/3993 4510/4019/3906 4501/4121/3988
f 4527/4020/3907 4510/4019/3906 4509/4131/3993
f 4510/4019/3906 4499/4018/3905 4501/4121/3988
f 4497/4135/3995 4499/4018/3905 4498/3994/3891
f 4501/4121/3988 4499/4018/3905 4497/4135/3995
f 4498/3994/3891 4465/3993/3890 4497/4135/3995
f 4456/4136/3996 4464/4137/3997 4497/4135/3995
f 4465/3993/3890 4456/4136/3996 4497/4135/3995
f 4464/4137/3997 4500/4138/3998 4497/4135/3995
f 4500/4138/3998 4501/4121/3988 4497/4135/3995
f 4464/4137/3997 4456/4136/3996 4459/4139/3999
f 4456/4136/3996 4458/4140/4000 4457/4141/4001
f 4457/4141/4001 4459/4139/3999 4456/4136/3996
f 4456/4136/3996 4465/3993/3890 4458/4140/4000
f 4457/4141/4001 4458/4140/4000 4540/4142/4002
f 4465/3993/3890 4473/4143/4003 4458/4140/4000
f 4458/4140/4000 4473/4143/4003 4540/4142/4002
f 4465/3993/3890 4474/4144/4004 4473/4143/4003
f 4473/4143/4003 4474/4144/4004 4540/4142/4002
f 4465/3993/3890 4470/3975/3875 4474/4144/4004
f 4474/4144/4004 4470/3975/3875 4475/3976/3638
f 4474/4144/4004 4475/3976/3638 4539/4145/4005
f 4474/4144/4004 4539/4145/4005 4540/4142/4002
f 4541/4146/4006 4457/4141/4001 4540/4142/4002
f 4540/4142/4002 4539/4145/4005 4541/4146/4006
f 4457/4141/4001 4541/4146/4006 4460/4147/4007
f 4457/4141/4001 4460/4147/4007 4459/4139/3999
f 4460/4147/4007 4461/4148/4008 4459/4139/3999
f 4461/4148/4008 4462/4149/4009 4459/4139/3999
f 4462/4149/4009 4461/4148/4008 4463/4150/4010
f 4534/4151/3623 4463/4150/4010 4461/4148/4008
f 4533/4152/4011 4534/4151/3623 4461/4148/4008
f 4533/4152/4011 4461/4148/4008 4460/4147/4007
f 4542/4153/4012 4533/4152/4011 4460/4147/4007
f 4541/4146/4006 4542/4153/4012 4460/4147/4007
f 4533/4152/4011 4535/4154/4013 4534/4151/3623
f 4535/4154/4013 4533/4152/4011 4542/4153/4012
f 4535/4154/4013 4536/4155/4014 4534/4151/3623
f 4538/4156/4015 4536/4155/4014 4535/4154/4013
f 4537/4157/4016 4538/4156/4015 4535/4154/4013
f 4537/4157/4016 4475/3976/3638 4538/4156/4015
f 4539/4145/4005 4475/3976/3638 4537/4157/4016
f 4539/4145/4005 4537/4157/4016 4547/4158/4017
f 4539/4145/4005 4547/4158/4017 4541/4146/4006
f 4537/4157/4016 4535/4154/4013 4547/4158/4017
f 4541/4146/4006 4547/4158/4017 4548/4159/4018
f 4542/4153/4012 4541/4146/4006 4548/4159/4018
f 4548/4159/4018 4535/4154/4013 4542/4153/4012
f 4548/4159/4018 4547/4158/4017 4535/4154/4013
f 4688/4160/3998 4687/4120/3987 4501/4121/3988
f 4688/4160/3998 4453/4161/4019 4687/4120/3987
f 4453/4161/4019 4649/4162/4020 4687/4120/3987
f 4687/4120/3987 4649/4162/4020 4654/4113/3980
f 4453/4161/4019 4646/4163/4021 4649/4162/4020
f 4654/4113/3980 4649/4162/4020 4647/4164/4022
f 4646/4163/4021 4648/4165/4023 4649/4162/4020
f 4647/4164/4022 4649/4162/4020 4648/4165/4023
f 4648/4165/4023 4718/4166/4024 4647/4164/4022
f 4662/4167/4025 4654/4113/3980 4647/4164/4022
f 4718/4166/4024 4662/4167/4025 4647/4164/4022
f 4662/4167/4025 4663/4168/4026 4654/4113/3980
f 4663/4168/4026 4662/4167/4025 4718/4166/4024
f 4663/4168/4026 4661/4108/3975 4654/4113/3980
f 4661/4108/3975 4663/4168/4026 4664/4169/4027
f 4665/4106/3974 4661/4108/3975 4664/4169/4027
f 4663/4168/4026 4717/4170/4028 4664/4169/4027
f 4717/4170/4028 4663/4168/4026 4718/4166/4024
f 4717/4170/4028 4718/4166/4024 4719/4171/4029
f 4648/4165/4023 4719/4171/4029 4718/4166/4024
f 4648/4165/4023 4646/4163/4021 4650/4172/4030
f 4648/4165/4023 4650/4172/4030 4719/4171/4029
f 4646/4163/4021 4651/4173/4031 4650/4172/4030
f 4650/4172/4030 4720/4174/4032 4719/4171/4029
f 4651/4173/4031 4714/4175/4033 4650/4172/4030
f 4714/4175/4033 4720/4174/4032 4650/4172/4030
f 4651/4173/4031 4712/4176/4034 4714/4175/4033
f 4714/4175/4033 4713/4177/4035 4720/4174/4032
f 4713/4177/4035 4714/4175/4033 4712/4176/4034
f 4713/4177/4035 4757/4178/4036 4720/4174/4032
f 4720/4174/4032 4757/4178/4036 4719/4171/4029
f 4757/4178/4036 4740/4179/4037 4719/4171/4029
f 4740/4179/4037 4717/4170/4028 4719/4171/4029
f 4757/4178/4036 4713/4177/4035 4740/4179/4037
f 4740/4179/4037 4716/4180/4038 4717/4170/4028
f 4664/4169/4027 4717/4170/4028 4716/4180/4038
f 4740/4179/4037 4713/4177/4035 4716/4180/4038
f 4715/4181/4039 4716/4180/4038 4713/4177/4035
f 4664/4169/4027 4716/4180/4038 4715/4181/4039
f 4713/4177/4035 4711/4182/4040 4715/4181/4039
f 4711/4182/4040 4713/4177/4035 4712/4176/4034
f 4712/4176/4034 4652/4183/4041 4711/4182/4040
f 4652/4183/4041 4712/4176/4034 4651/4173/4031
f 4646/4163/4021 4653/4184/4042 4651/4173/4031
f 4651/4173/4031 4653/4184/4042 4652/4183/4041
f 4653/4184/4042 4812/4185/4043 4652/4183/4041
f 4652/4183/4041 4813/4186/4044 4711/4182/4040
f 4812/4185/4043 4813/4186/4044 4652/4183/4041
f 4711/4182/4040 4813/4186/4044 4715/4181/4039
f 4813/4186/4044 4822/4187/4045 4715/4181/4039
f 4715/4181/4039 4822/4187/4045 4664/4169/4027
f 4664/4169/4027 4825/4188/4046 4665/4106/3974
f 4822/4187/4045 4825/4188/4046 4664/4169/4027
f 4825/4188/4046 4823/4105/3973 4665/4106/3974
f 4825/4188/4046 4819/4189/4047 4823/4105/3973
f 4819/4189/4047 4827/4104/3972 4823/4105/3973
f 4825/4188/4046 4818/4190/4048 4819/4189/4047
f 4822/4187/4045 4818/4190/4048 4825/4188/4046
f 4813/4186/4044 4815/4191/4049 4822/4187/4045
f 4815/4191/4049 4818/4190/4048 4822/4187/4045
f 4813/4186/4044 4814/4192/4050 4815/4191/4049
f 4814/4192/4050 4813/4186/4044 4812/4185/4043
f 4814/4192/4050 4816/4193/4051 4815/4191/4049
f 4818/4190/4048 4815/4191/4049 4816/4193/4051
f 4817/4194/4052 4818/4190/4048 4816/4193/4051
f 4819/4189/4047 4818/4190/4048 4817/4194/4052
f 4819/4189/4047 4817/4194/4052 4843/4195/4053
f 4819/4189/4047 4843/4195/4053 4827/4104/3972
f 4817/4194/4052 4844/4196/4054 4843/4195/4053
f 4817/4194/4052 4816/4193/4051 4829/4197/4055
f 4817/4194/4052 4829/4197/4055 4844/4196/4054
f 4816/4193/4051 4830/4198/4056 4829/4197/4055
f 4829/4197/4055 4845/4199/4057 4844/4196/4054
f 4845/4199/4057 4829/4197/4055 4830/4198/4056
f 4845/4199/4057 4856/4200/4058 4844/4196/4054
f 4844/4196/4054 4856/4200/4058 4843/4195/4053
f 4845/4199/4057 4862/4201/4059 4856/4200/4058
f 4845/4199/4057 4882/4202/4060 4862/4201/4059
f 4882/4202/4060 4845/4199/4057 4830/4198/4056
f 4883/4203/4061 4882/4202/4060 4830/4198/4056
f 4831/4204/4062 4883/4203/4061 4830/4198/4056
f 4831/4204/4062 4830/4198/4056 4816/4193/4051
f 4814/4192/4050 4831/4204/4062 4816/4193/4051
f 4831/4204/4062 4814/4192/4050 4812/4185/4043
f 4653/4184/4042 4832/4205/4063 4812/4185/4043
f 4831/4204/4062 4812/4185/4043 4833/4206/4064
f 4833/4206/4064 4812/4185/4043 4832/4205/4063
f 4833/4206/4064 4933/4207/4065 4831/4204/4062
f 4933/4207/4065 4883/4203/4061 4831/4204/4062
f 4929/4208/4066 4883/4203/4061 4933/4207/4065
f 4929/4208/4066 4882/4202/4060 4883/4203/4061
f 4882/4202/4060 4929/4208/4066 4928/4209/4067
f 4884/4210/4068 4882/4202/4060 4928/4209/4067
f 4882/4202/4060 4884/4210/4068 4862/4201/4059
f 4928/4209/4067 4903/4211/4069 4884/4210/4068
f 4884/4210/4068 4885/4212/4070 4862/4201/4059
f 4885/4212/4070 4884/4210/4068 4903/4211/4069
f 4885/4212/4070 4863/4213/4071 4862/4201/4059
f 4862/4201/4059 4859/4214/4072 4856/4200/4058
f 4862/4201/4059 4863/4213/4071 4859/4214/4072
f 4859/4214/4072 4855/4215/4073 4856/4200/4058
f 4856/4200/4058 4855/4215/4073 4843/4195/4053
f 4859/4214/4072 4860/4216/2589 4855/4215/4073
f 4843/4195/4053 4855/4215/4073 4847/4217/4074
f 4847/4217/4074 4855/4215/4073 4860/4216/2589
f 4847/4217/4074 4842/4218/4075 4843/4195/4053
f 4843/4195/4053 4842/4218/4075 4827/4104/3972
f 4827/4104/3972 4834/4219/4076 4828/4103/3971
f 4827/4104/3972 4842/4218/4075 4834/4219/4076
f 4842/4218/4075 4838/4220/4077 4834/4219/4076
f 4838/4220/4077 4842/4218/4075 4847/4217/4074
f 4846/4221/4078 4838/4220/4077 4847/4217/4074
f 4846/4221/4078 4847/4217/4074 4848/4222/4079
f 4848/4222/4079 4847/4217/4074 4860/4216/2589
f 4848/4222/4079 4852/4223/2240 4846/4221/4078
f 4846/4221/4078 4850/4224/4080 4838/4220/4077
f 4846/4221/4078 4852/4223/2240 4850/4224/4080
f 4850/4224/4080 4839/4225/4081 4838/4220/4077
f 4838/4220/4077 4839/4225/4081 4834/4219/4076
f 4834/4219/4076 4835/4226/4082 4828/4103/3971
f 4839/4225/4081 4835/4226/4082 4834/4219/4076
f 4839/4225/4081 4840/4227/4083 4835/4226/4082
f 4840/4227/4083 4828/4103/3971 4835/4226/4082
f 4840/4227/4083 4841/4102/3970 4828/4103/3971
f 4840/4227/4083 4839/4225/4081 4851/4228/4084
f 4841/4102/3970 4840/4227/4083 4851/4228/4084
f 4839/4225/4081 4850/4224/4080 4851/4228/4084
f 4849/4229/4085 4851/4228/4084 4850/4224/4080
f 4849/4229/4085 4850/4224/4080 4853/4230/4086
f 4852/4223/2240 4853/4230/4086 4850/4224/4080
f 4868/4231/4087 4871/4232/4088 4852/4223/2240
f 4852/4223/2240 4871/4232/4088 4853/4230/4086
f 4852/4223/2240 4848/4222/4079 4868/4231/4087
f 4848/4222/4079 4860/4216/2589 4867/4233/4089
f 4848/4222/4079 4867/4233/4089 4868/4231/4087
f 4859/4214/4072 4864/4234/4090 4860/4216/2589
f 4867/4233/4089 4860/4216/2589 4865/4235/4091
f 4865/4235/4091 4860/4216/2589 4864/4234/4090
f 4865/4235/4091 4881/4236/4092 4867/4233/4089
f 4881/4236/4092 4868/4231/4087 4867/4233/4089
f 4868/4231/4087 4881/4236/4092 4877/4237/4093
f 4871/4232/4088 4868/4231/4087 4877/4237/4093
f 4876/4238/4094 4871/4232/4088 4877/4237/4093
f 4774/4239/4095 4876/4238/4094 4877/4237/4093
f 4877/4237/4093 4881/4236/4092 4774/4239/4095
f 4881/4236/4092 4880/4240/4096 4774/4239/4095
f 4865/4235/4091 4880/4240/4096 4881/4236/4092
f 4864/4234/4090 4879/4241/4096 4865/4235/4091
f 4879/4241/4096 4880/4240/4096 4865/4235/4091
f 4767/4242/4097 4880/4240/4096 4879/4241/4096
f 4774/4239/4095 4880/4240/4096 4767/4242/4097
f 4773/4243/4098 4774/4239/4095 4767/4242/4097
f 4773/4243/4098 4875/4244/4099 4774/4239/4095
f 4875/4244/4099 4876/4238/4094 4774/4239/4095
f 4871/4232/4088 4876/4238/4094 4875/4244/4099
f 4872/4245/4100 4871/4232/4088 4875/4244/4099
f 4871/4232/4088 4872/4245/4100 4853/4230/4086
f 4849/4229/4085 4853/4230/4086 4870/4246/4101
f 4853/4230/4086 4872/4245/4100 4870/4246/4101
f 4872/4245/4100 4874/4247/4102 4870/4246/4101
f 4874/4247/4102 4872/4245/4100 4875/4244/4099
f 4875/4244/4099 4773/4243/4098 4874/4247/4102
f 4873/4248/4103 4874/4247/4102 4773/4243/4098
f 4874/4247/4102 4873/4248/4103 4870/4246/4101
f 4870/4246/4101 4869/4249/4104 4849/4229/4085
f 4873/4248/4103 4869/4249/4104 4870/4246/4101
f 4849/4229/4085 4858/4250/4105 4851/4228/4084
f 4869/4249/4104 4858/4250/4105 4849/4229/4085
f 4866/4251/4106 4858/4250/4105 4869/4249/4104
f 4869/4249/4104 4873/4248/4103 4866/4251/4106
f 4775/4252/4098 4873/4248/4103 4773/4243/4098
f 4873/4248/4103 4775/4252/4098 4866/4251/4106
f 4773/4243/4098 4767/4242/4097 4771/4253/1172
f 4773/4243/4098 4771/4253/1172 4775/4252/4098
f 4777/4254/1415 4775/4252/4098 4771/4253/1172
f 4775/4252/4098 4777/4254/1415 4861/4255/4107
f 4866/4251/4106 4775/4252/4098 4861/4255/4107
f 4858/4250/4105 4866/4251/4106 4861/4255/4107
f 4857/4256/4108 4858/4250/4105 4861/4255/4107
f 4857/4256/4108 4861/4255/4107 4785/4257/4109
f 4777/4254/1415 4785/4257/4109 4861/4255/4107
f 4771/4253/1172 4725/4258/4110 4777/4254/1415
f 4785/4257/4109 4777/4254/1415 4776/4259/4111
f 4777/4254/1415 4725/4258/4110 4776/4259/4111
f 4776/4259/4111 4778/4260/4112 4785/4257/4109
f 4725/4258/4110 4732/4261/4113 4776/4259/4111
f 4778/4260/4112 4776/4259/4111 4732/4261/4113
f 4779/4099/3967 4778/4260/4112 4732/4261/4113
f 4784/4100/3968 4778/4260/4112 4779/4099/3967
f 4784/4100/3968 4785/4257/4109 4778/4260/4112
f 4784/4100/3968 4857/4256/4108 4785/4257/4109
f 4857/4256/4108 4784/4100/3968 4837/4101/3969
f 4857/4256/4108 4837/4101/3969 4854/4262/4114
f 4857/4256/4108 4854/4262/4114 4858/4250/4105
f 4858/4250/4105 4854/4262/4114 4851/4228/4084
f 4854/4262/4114 4841/4102/3970 4851/4228/4084
f 4854/4262/4114 4837/4101/3969 4841/4102/3970
f 4733/4098/3966 4779/4099/3967 4732/4261/4113
f 4733/4098/3966 4732/4261/4113 4729/4263/4115
f 4729/4263/4115 4732/4261/4113 4725/4258/4110
f 4729/4263/4115 4730/4264/4116 4733/4098/3966
f 4730/4264/4116 4736/4097/3965 4733/4098/3966
f 4730/4264/4116 4731/4095/3964 4736/4097/3965
f 4729/4263/4115 4726/4265/4117 4730/4264/4116
f 4726/4265/4117 4731/4095/3964 4730/4264/4116
f 4729/4263/4115 4725/4258/4110 4726/4265/4117
f 4726/4265/4117 4728/4266/4118 4731/4095/3964
f 4725/4258/4110 4727/4267/4119 4726/4265/4117
f 4727/4267/4119 4728/4266/4118 4726/4265/4117
f 4728/4266/4118 4727/4267/4119 4734/4096/3755
f 4731/4095/3964 4728/4266/4118 4734/4096/3755
f 4727/4267/4119 4735/4268/3758 4734/4096/3755
f 4727/4267/4119 4744/4269/4120 4735/4268/3758
f 4744/4269/4120 4745/4270/3760 4735/4268/3758
f 4745/4270/3760 4744/4269/4120 4746/4271/3761
f 4744/4269/4120 4747/4272/4121 4746/4271/3761
f 4746/4271/3761 4747/4272/4121 4749/4273/3763
f 4744/4269/4120 4727/4267/4119 4748/4274/4122
f 4748/4274/4122 4747/4272/4121 4744/4269/4120
f 4727/4267/4119 4725/4258/4110 4748/4274/4122
f 4756/4275/4123 4748/4274/4122 4725/4258/4110
f 4756/4275/4123 4725/4258/4110 4771/4253/1172
f 4756/4275/4123 4771/4253/1172 4768/4276/4124
f 4768/4276/4124 4771/4253/1172 4767/4242/4097
f 4768/4276/4124 4770/4277/4125 4756/4275/4123
f 4748/4274/4122 4756/4275/4123 4752/4278/4126
f 4770/4277/4125 4752/4278/4126 4756/4275/4123
f 4748/4274/4122 4751/4279/4127 4747/4272/4121
f 4751/4279/4127 4748/4274/4122 4752/4278/4126
f 4751/4279/4127 4750/4280/4128 4747/4272/4121
f 4747/4272/4121 4750/4280/4128 4749/4273/3763
f 4755/4281/3776 4749/4273/3763 4750/4280/4128
f 4754/4282/4129 4755/4281/3776 4750/4280/4128
f 4754/4282/4129 4750/4280/4128 4751/4279/4127
f 4754/4282/4129 4758/4283/3778 4755/4281/3776
f 4754/4282/4129 4759/4284/4130 4758/4283/3778
f 4758/4283/3778 4759/4284/4130 4761/4285/3782
f 4754/4282/4129 4760/4286/4131 4759/4284/4130
f 4759/4284/4130 4762/4287/4132 4761/4285/3782
f 4762/4287/4132 4759/4284/4130 4760/4286/4131
f 4762/4287/4132 4764/4288/4133 4761/4285/3782
f 4764/4288/4133 4765/4289/2038 4761/4285/3782
f 4764/4288/4133 4887/4290/4134 4765/4289/2038
f 4887/4290/4134 4888/4291/3791 4765/4289/2038
f 4890/4292/3792 4888/4291/3791 4887/4290/4134
f 4889/4293/4135 4890/4292/3792 4887/4290/4134
f 4887/4290/4134 4886/4294/4136 4889/4293/4135
f 4886/4294/4136 4887/4290/4134 4764/4288/4133
f 4766/4295/4137 4886/4294/4136 4764/4288/4133
f 4766/4295/4137 4764/4288/4133 4762/4287/4132
f 4763/4296/4138 4766/4295/4137 4762/4287/4132
f 4763/4296/4138 4762/4287/4132 4760/4286/4131
f 4752/4278/4126 4763/4296/4138 4760/4286/4131
f 4753/4297/4139 4752/4278/4126 4760/4286/4131
f 4753/4297/4139 4760/4286/4131 4754/4282/4129
f 4753/4297/4139 4754/4282/4129 4751/4279/4127
f 4753/4297/4139 4751/4279/4127 4752/4278/4126
f 4770/4277/4125 4769/4298/4140 4752/4278/4126
f 4769/4298/4140 4763/4296/4138 4752/4278/4126
f 4770/4277/4125 4768/4276/4124 4769/4298/4140
f 4763/4296/4138 4769/4298/4140 4768/4276/4124
f 4763/4296/4138 4768/4276/4124 4767/4242/4097
f 4763/4296/4138 4767/4242/4097 4766/4295/4137
f 4767/4242/4097 4772/4299/1197 4766/4295/4137
f 4772/4299/1197 4767/4242/4097 4879/4241/4096
f 4772/4299/1197 4899/4300/4141 4766/4295/4137
f 4893/4301/4142 4886/4294/4136 4766/4295/4137
f 4899/4300/4141 4893/4301/4142 4766/4295/4137
f 4886/4294/4136 4891/4302/4143 4889/4293/4135
f 4891/4302/4143 4886/4294/4136 4893/4301/4142
f 4891/4302/4143 4892/4303/4144 4889/4293/4135
f 4895/4304/4145 4889/4293/4135 4892/4303/4144
f 4889/4293/4135 4895/4304/4145 4890/4292/3792
f 4895/4304/4145 4896/4305/3806 4890/4292/3792
f 4898/4306/4146 4896/4305/3806 4895/4304/4145
f 4897/4307/4147 4898/4306/4146 4895/4304/4145
f 4897/4307/4147 4895/4304/4145 4892/4303/4144
f 4897/4307/4147 4892/4303/4144 4894/4308/4148
f 4892/4303/4144 4891/4302/4143 4894/4308/4148
f 4894/4308/4148 4891/4302/4143 4893/4301/4142
f 4905/4309/4149 4894/4308/4148 4893/4301/4142
f 4899/4300/4141 4905/4309/4149 4893/4301/4142
f 4772/4299/1197 4900/4310/4150 4899/4300/4141
f 4905/4309/4149 4899/4300/4141 4900/4310/4150
f 4772/4299/1197 4878/4311/4151 4900/4310/4150
f 4878/4311/4151 4772/4299/1197 4879/4241/4096
f 4879/4241/4096 4863/4213/4071 4878/4311/4151
f 4863/4213/4071 4879/4241/4096 4864/4234/4090
f 4863/4213/4071 4864/4234/4090 4859/4214/4072
f 4885/4212/4070 4901/4312/4152 4863/4213/4071
f 4901/4312/4152 4878/4311/4151 4863/4213/4071
f 4878/4311/4151 4901/4312/4152 4900/4310/4150
f 4900/4310/4150 4901/4312/4152 4902/4313/4153
f 4902/4313/4153 4905/4309/4149 4900/4310/4150
f 4901/4312/4152 4885/4212/4070 4902/4313/4153
f 4902/4313/4153 4904/4314/4154 4905/4309/4149
f 4904/4314/4154 4894/4308/4148 4905/4309/4149
f 4902/4313/4153 4903/4211/4069 4904/4314/4154
f 4885/4212/4070 4903/4211/4069 4902/4313/4153
f 4904/4314/4154 4912/4315/4155 4894/4308/4148
f 4904/4314/4154 4903/4211/4069 4912/4315/4155
f 4912/4315/4155 4910/4316/4156 4894/4308/4148
f 4910/4316/4156 4897/4307/4147 4894/4308/4148
f 4912/4315/4155 4911/4317/4157 4910/4316/4156
f 4910/4316/4156 4911/4317/4157 4897/4307/4147
f 4897/4307/4147 4906/4318/4158 4898/4306/4146
f 4906/4318/4158 4897/4307/4147 4911/4317/4157
f 4906/4318/4158 4907/4319/4159 4898/4306/4146
f 4906/4318/4158 4908/4320/4160 4907/4319/4159
f 4908/4320/4160 4909/4321/3803 4907/4319/4159
f 4916/4322/1648 4909/4321/3803 4908/4320/4160
f 4914/4323/4161 4916/4322/1648 4908/4320/4160
f 4916/4322/1648 4914/4323/4161 4917/4324/3803
f 4908/4320/4160 4915/4325/4162 4914/4323/4161
f 4914/4323/4161 4918/4326/4163 4917/4324/3803
f 4914/4323/4161 4915/4325/4162 4918/4326/4163
f 4918/4326/4163 4943/4327/4164 4917/4324/3803
f 4943/4327/4164 4944/4328/3806 4917/4324/3803
f 4918/4326/4163 4945/4329/4165 4943/4327/4164
f 4943/4327/4164 4960/4330/4166 4944/4328/3806
f 4960/4330/4166 4943/4327/4164 4945/4329/4165
f 4960/4330/4166 4961/4331/3857 4944/4328/3806
f 4960/4330/4166 4964/4332/4167 4961/4331/3857
f 4964/4332/4167 4965/4333/4168 4961/4331/3857
f 4960/4330/4166 4966/4334/4169 4964/4332/4167
f 4965/4333/4168 4964/4332/4167 4984/4335/4170
f 4964/4332/4167 4966/4334/4169 4984/4335/4170
f 4984/4335/4170 4986/4336/4171 4965/4333/4168
f 4984/4335/4170 4999/4337/4172 4986/4336/4171
f 4999/4337/4172 5022/4338/4173 4986/4336/4171
f 5022/4338/4173 4999/4337/4172 5001/4339/3997
f 5000/4340/4174 5001/4339/3997 4999/4337/4172
f 4998/4341/4175 5000/4340/4174 4999/4337/4172
f 4998/4341/4175 4999/4337/4172 4984/4335/4170
f 4985/4342/4176 4998/4341/4175 4984/4335/4170
f 4966/4334/4169 4985/4342/4176 4984/4335/4170
f 4985/4342/4176 4966/4334/4169 4967/4343/4177
f 4988/4344/4178 4985/4342/4176 4967/4343/4177
f 4985/4342/4176 4988/4344/4178 4998/4341/4175
f 4998/4341/4175 5021/4345/4179 5000/4340/4174
f 4988/4344/4178 5021/4345/4179 4998/4341/4175
f 5000/4340/4174 5003/4346/4180 5004/4347/4181
f 5021/4345/4179 5003/4346/4180 5000/4340/4174
f 4988/4344/4178 4987/4348/4182 5021/4345/4179
f 4987/4348/4182 5003/4346/4180 5021/4345/4179
f 4988/4344/4178 4963/4349/4183 4987/4348/4182
f 4988/4344/4178 4967/4343/4177 4963/4349/4183
f 4987/4348/4182 4963/4349/4183 4982/4350/4184
f 5003/4346/4180 4987/4348/4182 4982/4350/4184
f 5002/4351/4185 5003/4346/4180 4982/4350/4184
f 5002/4351/4185 5004/4347/4181 5003/4346/4180
f 4982/4350/4184 5006/4352/4186 5002/4351/4185
f 5004/4347/4181 5002/4351/4185 5006/4352/4186
f 5005/4353/4187 5004/4347/4181 5006/4352/4186
f 5006/4352/4186 5015/4354/4188 5005/4353/4187
f 4982/4350/4184 4983/4355/4189 5006/4352/4186
f 5006/4352/4186 4983/4355/4189 5015/4354/4188
f 4982/4350/4184 4962/4356/4190 4983/4355/4189
f 4963/4349/4183 4962/4356/4190 4982/4350/4184
f 4957/4357/4191 4956/4358/4192 4963/4349/4183
f 4956/4358/4192 4962/4356/4190 4963/4349/4183
f 4957/4357/4191 4963/4349/4183 4967/4343/4177
f 4962/4356/4190 4956/4358/4192 4954/4359/4193
f 4983/4355/4189 4962/4356/4190 4954/4359/4193
f 4969/4360/4194 4983/4355/4189 4954/4359/4193
f 5017/4361/4195 4983/4355/4189 4969/4360/4194
f 4983/4355/4189 5017/4361/4195 5015/4354/4188
f 5015/4354/4188 5016/4362/4196 5005/4353/4187
f 5015/4354/4188 5017/4361/4195 5016/4362/4196
f 5016/4362/4196 5019/4363/4197 5005/4353/4187
f 5019/4363/4197 4639/4364/4198 5005/4353/4187
f 5016/4362/4196 5020/4365/4199 5019/4363/4197
f 5017/4361/4195 5018/4366/4200 5016/4362/4196
f 5018/4366/4200 5020/4365/4199 5016/4362/4196
f 5017/4361/4195 4975/4367/4201 5018/4366/4200
f 5020/4365/4199 5018/4366/4200 4974/4368/4202
f 5018/4366/4200 4975/4367/4201 4974/4368/4202
f 4974/4368/4202 4643/4369/4203 5020/4365/4199
f 5020/4365/4199 4643/4369/4203 5019/4363/4197
f 5019/4363/4197 4641/4370/4204 4639/4364/4198
f 4643/4369/4203 4641/4370/4204 5019/4363/4197
f 4641/4370/4204 4640/4371/4205 4639/4364/4198
f 4640/4371/4205 4641/4370/4204 4643/4369/4203
f 4640/4371/4205 4620/4372/4206 4639/4364/4198
f 4640/4371/4205 4636/4373/4207 4620/4372/4206
f 4643/4369/4203 4642/4374/4208 4640/4371/4205
f 4636/4373/4207 4640/4371/4205 4642/4374/4208
f 4643/4369/4203 4573/4375/4209 4642/4374/4208
f 4579/4376/1334 4573/4375/4209 4643/4369/4203
f 4579/4376/1334 4643/4369/4203 4974/4368/4202
f 4974/4368/4202 4972/4377/4210 4579/4376/1334
f 4972/4377/4210 4974/4368/4202 4973/4378/4211
f 4974/4368/4202 4975/4367/4201 4973/4378/4211
f 4973/4378/4211 4975/4367/4201 4989/4379/4212
f 4996/4380/4213 4975/4367/4201 5017/4361/4195
f 4996/4380/4213 4989/4379/4212 4975/4367/4201
f 5017/4361/4195 4969/4360/4194 4996/4380/4213
f 4996/4380/4213 4997/4381/4214 4989/4379/4212
f 4969/4360/4194 4968/4382/4215 4996/4380/4213
f 4997/4381/4214 4996/4380/4213 4968/4382/4215
f 4969/4360/4194 4951/4383/4216 4968/4382/4215
f 4968/4382/4215 4970/4384/4217 4997/4381/4214
f 4970/4384/4217 4968/4382/4215 4951/4383/4216
f 4970/4384/4217 5014/4385/4218 4997/4381/4214
f 4997/4381/4214 4995/4386/4219 4989/4379/4212
f 4997/4381/4214 5014/4385/4218 4995/4386/4219
f 4995/4386/4219 4990/4387/4220 4989/4379/4212
f 4973/4378/4211 4989/4379/4212 4990/4387/4220
f 4976/4388/4221 4973/4378/4211 4990/4387/4220
f 4973/4378/4211 4976/4388/4221 4972/4377/4210
f 4976/4388/4221 4577/4389/4222 4972/4377/4210
f 4972/4377/4210 4576/4390/4223 4579/4376/1334
f 4577/4389/4222 4576/4390/4223 4972/4377/4210
f 4576/4390/4223 4572/4391/4224 4579/4376/1334
f 4572/4391/4224 4573/4375/4209 4579/4376/1334
f 4576/4390/4223 4577/4389/4222 4572/4391/4224
f 4572/4391/4224 4574/4392/4225 4573/4375/4209
f 4577/4389/4222 4578/4393/4226 4572/4391/4224
f 4578/4393/4226 4574/4392/4225 4572/4391/4224
f 4577/4389/4222 4608/4394/4227 4578/4393/4226
f 4574/4392/4225 4578/4393/4226 4604/4395/4228
f 4604/4395/4228 4578/4393/4226 4608/4394/4227
f 4604/4395/4228 4603/4396/4229 4574/4392/4225
f 4574/4392/4225 4575/4397/4230 4573/4375/4209
f 4575/4397/4230 4574/4392/4225 4603/4396/4229
f 4575/4397/4230 4638/4398/4231 4573/4375/4209
f 4638/4398/4231 4642/4374/4208 4573/4375/4209
f 4638/4398/4231 4636/4373/4207 4642/4374/4208
f 4638/4398/4231 4637/4399/4232 4636/4373/4207
f 4637/4399/4232 4638/4398/4231 4575/4397/4230
f 4611/4400/4233 4637/4399/4232 4575/4397/4230
f 4603/4396/4229 4611/4400/4233 4575/4397/4230
f 4610/4401/4234 4612/4402/4235 4603/4396/4229
f 4603/4396/4229 4612/4402/4235 4611/4400/4233
f 4603/4396/4229 4604/4395/4228 4610/4401/4234
f 4609/4403/4236 4604/4395/4228 4608/4394/4227
f 4604/4395/4228 4609/4403/4236 4610/4401/4234
f 4608/4394/4227 4606/4404/4237 4609/4403/4236
f 4610/4401/4234 4609/4403/4236 4606/4404/4237
f 4608/4394/4227 4587/4405/4238 4606/4404/4237
f 4577/4389/4222 4607/4406/4239 4608/4394/4227
f 4608/4394/4227 4607/4406/4239 4587/4405/4238
f 4577/4389/4222 4993/4407/4240 4607/4406/4239
f 4577/4389/4222 4976/4388/4221 4993/4407/4240
f 4976/4388/4221 4990/4387/4220 4993/4407/4240
f 4990/4387/4220 4994/4408/4241 4993/4407/4240
f 4994/4408/4241 4990/4387/4220 4995/4386/4219
f 4994/4408/4241 4992/4409/4242 4993/4407/4240
f 4992/4409/4242 4994/4408/4241 4995/4386/4219
f 4992/4409/4242 4981/4410/4243 4993/4407/4240
f 4993/4407/4240 4981/4410/4243 4607/4406/4239
f 4607/4406/4239 4586/4411/4244 4587/4405/4238
f 4981/4410/4243 4586/4411/4244 4607/4406/4239
f 4586/4411/4244 4581/4412/4245 4587/4405/4238
f 4605/4413/4246 4587/4405/4238 4581/4412/4245
f 4587/4405/4238 4605/4413/4246 4606/4404/4237
f 4605/4413/4246 4583/4414/4247 4606/4404/4237
f 4583/4414/4247 4610/4401/4234 4606/4404/4237
f 4605/4413/4246 4581/4412/4245 4583/4414/4247
f 4610/4401/4234 4583/4414/4247 4632/4415/4248
f 4612/4402/4235 4610/4401/4234 4632/4415/4248
f 4612/4402/4235 4632/4415/4248 4568/4416/4249
f 4564/4417/4250 4612/4402/4235 4568/4416/4249
f 4611/4400/4233 4612/4402/4235 4564/4417/4250
f 4565/4418/4251 4611/4400/4233 4564/4417/4250
f 4637/4399/4232 4611/4400/4233 4565/4418/4251
f 4564/4417/4250 4566/4419/3843 4565/4418/4251
f 4564/4417/4250 4568/4416/4249 4566/4419/3843
f 4566/4419/3843 4567/4420/4252 4565/4418/4251
f 4568/4416/4249 4569/4421/3844 4566/4419/3843
f 4569/4421/3844 4568/4416/4249 4570/4422/4253
f 4568/4416/4249 4571/4423/4254 4570/4422/4253
f 4568/4416/4249 4632/4415/4248 4571/4423/4254
f 4632/4415/4248 4630/4424/4255 4571/4423/4254
f 4632/4415/4248 4583/4414/4247 4630/4424/4255
f 4582/4425/4256 4583/4414/4247 4581/4412/4245
f 4583/4414/4247 4582/4425/4256 4630/4424/4255
f 4630/4424/4255 4582/4425/4256 4631/4426/4248
f 4630/4424/4255 4631/4426/4248 4558/4427/4257
f 4571/4423/4254 4630/4424/4255 4558/4427/4257
f 4571/4423/4254 4558/4427/4257 4559/4428/4258
f 4570/4422/4253 4571/4423/4254 4559/4428/4258
f 4558/4427/4257 4560/4429/3633 4559/4428/4258
f 4558/4427/4257 4600/4430/4259 4560/4429/3633
f 4558/4427/4257 4631/4426/4248 4600/4430/4259
f 4631/4426/4248 4634/4431/4260 4600/4430/4259
f 4633/4432/3628 4634/4431/4260 4631/4426/4248
f 4629/4433/4261 4633/4432/3628 4631/4426/4248
f 4582/4425/4256 4629/4433/4261 4631/4426/4248
f 4581/4412/4245 4580/4434/4262 4582/4425/4256
f 4582/4425/4256 4580/4434/4262 4629/4433/4261
f 4580/4434/4262 4627/4435/4263 4629/4433/4261
f 4629/4433/4261 4627/4435/4263 4633/4432/3628
f 4627/4435/4263 4455/4436/3999 4633/4432/3628
f 4454/4437/4264 4455/4436/3999 4627/4435/4263
f 4453/4161/4019 4455/4436/3999 4454/4437/4264
f 4646/4163/4021 4453/4161/4019 4454/4437/4264
f 4646/4163/4021 4454/4437/4264 5010/4438/4265
f 4653/4184/4042 4646/4163/4021 5010/4438/4265
f 4454/4437/4264 4628/4439/4266 5010/4438/4265
f 4628/4439/4266 4454/4437/4264 4627/4435/4263
f 4584/4440/4266 4628/4439/4266 4627/4435/4263
f 4580/4434/4262 4584/4440/4266 4627/4435/4263
f 4584/4440/4266 5010/4438/4265 4628/4439/4266
f 4980/4441/4267 5010/4438/4265 4584/4440/4266
f 5011/4442/4268 5010/4438/4265 4980/4441/4267
f 5011/4442/4268 4653/4184/4042 5010/4438/4265
f 4653/4184/4042 5011/4442/4268 5013/4443/4269
f 4832/4205/4063 4653/4184/4042 5013/4443/4269
f 4833/4206/4064 4832/4205/4063 5013/4443/4269
f 4935/4444/4270 4833/4206/4064 5013/4443/4269
f 4833/4206/4064 4935/4444/4270 4933/4207/4065
f 5013/4443/4269 4979/4445/4271 5012/4446/4269
f 4935/4444/4270 5013/4443/4269 5012/4446/4269
f 5013/4443/4269 5011/4442/4268 4979/4445/4271
f 4979/4445/4271 5011/4442/4268 4980/4441/4267
f 4979/4445/4271 4980/4441/4267 4978/4447/4272
f 4978/4447/4272 4980/4441/4267 4584/4440/4266
f 4978/4447/4272 4977/4448/4273 4979/4445/4271
f 5012/4446/4269 4979/4445/4271 4977/4448/4273
f 5014/4385/4218 5012/4446/4269 4977/4448/4273
f 4971/4449/4217 5012/4446/4269 5014/4385/4218
f 4971/4449/4217 4935/4444/4270 5012/4446/4269
f 4934/4450/4274 4935/4444/4270 4971/4449/4217
f 4933/4207/4065 4935/4444/4270 4934/4450/4274
f 4933/4207/4065 4934/4450/4274 4936/4451/4275
f 4936/4451/4275 4929/4208/4066 4933/4207/4065
f 4934/4450/4274 4930/4452/4276 4936/4451/4275
f 4930/4452/4276 4929/4208/4066 4936/4451/4275
f 4934/4450/4274 4931/4453/4277 4930/4452/4276
f 4929/4208/4066 4930/4452/4276 4927/4454/4278
f 4930/4452/4276 4931/4453/4277 4927/4454/4278
f 4927/4454/4278 4928/4209/4067 4929/4208/4066
f 4931/4453/4277 4926/4455/4279 4927/4454/4278
f 4928/4209/4067 4927/4454/4278 4922/4456/4280
f 4922/4456/4280 4927/4454/4278 4926/4455/4279
f 4922/4456/4280 4903/4211/4069 4928/4209/4067
f 4903/4211/4069 4922/4456/4280 4912/4315/4155
f 4911/4317/4157 4912/4315/4155 4921/4457/4281
f 4912/4315/4155 4922/4456/4280 4921/4457/4281
f 4923/4458/4282 4921/4457/4281 4922/4456/4280
f 4923/4458/4282 4922/4456/4280 4926/4455/4279
f 4923/4458/4282 4926/4455/4279 4925/4459/4283
f 4932/4460/4284 4925/4459/4283 4926/4455/4279
f 4931/4453/4277 4932/4460/4284 4926/4455/4279
f 4931/4453/4277 4934/4450/4274 4932/4460/4284
f 4934/4450/4274 4937/4461/4285 4932/4460/4284
f 4937/4461/4285 4934/4450/4274 4971/4449/4217
f 4937/4461/4285 4971/4449/4217 4970/4384/4217
f 4970/4384/4217 4971/4449/4217 5014/4385/4218
f 5014/4385/4218 4977/4448/4273 4995/4386/4219
f 4977/4448/4273 4992/4409/4242 4995/4386/4219
f 4978/4447/4272 4991/4462/4286 4977/4448/4273
f 4977/4448/4273 4991/4462/4286 4992/4409/4242
f 4991/4462/4286 4981/4410/4243 4992/4409/4242
f 4981/4410/4243 4991/4462/4286 4978/4447/4272
f 4981/4410/4243 4978/4447/4272 4586/4411/4244
f 4585/4463/4287 4978/4447/4272 4584/4440/4266
f 4978/4447/4272 4585/4463/4287 4586/4411/4244
f 4585/4463/4287 4581/4412/4245 4586/4411/4244
f 4581/4412/4245 4585/4463/4287 4584/4440/4266
f 4580/4434/4262 4581/4412/4245 4584/4440/4266
f 4940/4464/4288 4925/4459/4283 4932/4460/4284
f 4932/4460/4284 4937/4461/4285 4940/4464/4288
f 4937/4461/4285 4941/4465/4289 4940/4464/4288
f 4941/4465/4289 4937/4461/4285 4970/4384/4217
f 4941/4465/4289 4970/4384/4217 4951/4383/4216
f 4941/4465/4289 4951/4383/4216 4942/4466/4290
f 4941/4465/4289 4942/4466/4290 4940/4464/4288
f 4925/4459/4283 4940/4464/4288 4938/4467/4291
f 4940/4464/4288 4942/4466/4290 4938/4467/4291
f 4925/4459/4283 4938/4467/4291 4924/4468/4292
f 4924/4468/4292 4923/4458/4282 4925/4459/4283
f 4924/4468/4292 4919/4469/4293 4923/4458/4282
f 4919/4469/4293 4921/4457/4281 4923/4458/4282
f 4921/4457/4281 4919/4469/4293 4913/4470/4294
f 4911/4317/4157 4921/4457/4281 4913/4470/4294
f 4913/4470/4294 4906/4318/4158 4911/4317/4157
f 4906/4318/4158 4913/4470/4294 4908/4320/4160
f 4913/4470/4294 4915/4325/4162 4908/4320/4160
f 4913/4470/4294 4919/4469/4293 4915/4325/4162
f 4919/4469/4293 4920/4471/4295 4915/4325/4162
f 4920/4471/4295 4919/4469/4293 4924/4468/4292
f 4939/4472/4296 4920/4471/4295 4924/4468/4292
f 4938/4467/4291 4939/4472/4296 4924/4468/4292
f 4920/4471/4295 4939/4472/4296 4945/4329/4165
f 4939/4472/4296 4938/4467/4291 4946/4473/4297
f 4939/4472/4296 4946/4473/4297 4945/4329/4165
f 4938/4467/4291 4947/4474/4298 4946/4473/4297
f 4948/4475/4299 4947/4474/4298 4938/4467/4291
f 4942/4466/4290 4948/4475/4299 4938/4467/4291
f 4951/4383/4216 4948/4475/4299 4942/4466/4290
f 4949/4476/4300 4948/4475/4299 4951/4383/4216
f 4948/4475/4299 4949/4476/4300 4947/4474/4298
f 4951/4383/4216 4952/4477/4301 4949/4476/4300
f 4949/4476/4300 4950/4478/4302 4947/4474/4298
f 4950/4478/4302 4949/4476/4300 4952/4477/4301
f 4950/4478/4302 4957/4357/4191 4947/4474/4298
f 4947/4474/4298 4957/4357/4191 4958/4479/4303
f 4946/4473/4297 4947/4474/4298 4958/4479/4303
f 4958/4479/4303 4959/4480/4304 4946/4473/4297
f 4959/4480/4304 4945/4329/4165 4946/4473/4297
f 4959/4480/4304 4960/4330/4166 4945/4329/4165
f 4920/4471/4295 4945/4329/4165 4918/4326/4163
f 4915/4325/4162 4920/4471/4295 4918/4326/4163
f 4959/4480/4304 4966/4334/4169 4960/4330/4166
f 4959/4480/4304 4958/4479/4303 4966/4334/4169
f 4958/4479/4303 4967/4343/4177 4966/4334/4169
f 4958/4479/4303 4957/4357/4191 4967/4343/4177
f 4956/4358/4192 4957/4357/4191 4950/4478/4302
f 4956/4358/4192 4950/4478/4302 4955/4481/4305
f 4955/4481/4305 4950/4478/4302 4952/4477/4301
f 4955/4481/4305 4954/4359/4193 4956/4358/4192
f 4954/4359/4193 4955/4481/4305 4953/4482/4306
f 4955/4481/4305 4952/4477/4301 4953/4482/4306
f 4953/4482/4306 4952/4477/4301 4951/4383/4216
f 4969/4360/4194 4953/4482/4306 4951/4383/4216
f 4953/4482/4306 4969/4360/4194 4954/4359/4193
f 4561/4428/4307 4563/4429/4307 4562/4483/4307
f 4565/4418/4251 4567/4420/4252 4591/4484/4308
f 4589/4485/4309 4565/4418/4251 4591/4484/4308
f 4588/4486/4310 4589/4485/4309 4591/4484/4308
f 4589/4485/4309 4637/4399/4232 4565/4418/4251
f 4637/4399/4232 4589/4485/4309 4635/4487/4311
f 4637/4399/4232 4635/4487/4311 4636/4373/4207
f 4636/4373/4207 4635/4487/4311 4620/4372/4206
f 4635/4487/4311 4621/4488/4312 4620/4372/4206
f 4589/4485/4309 4621/4488/4312 4635/4487/4311
f 4588/4486/4310 4590/4489/4313 4589/4485/4309
f 4621/4488/4312 4589/4485/4309 4590/4489/4313
f 4588/4486/4310 4599/4490/3835 4590/4489/4313
f 4598/4491/4314 4590/4489/4313 4599/4490/3835
f 4602/4492/4315 4598/4491/4314 4599/4490/3835
f 4601/4493/3833 4602/4492/4315 4599/4490/3835
f 4594/4494/4316 4592/4495/4317 4601/4493/3833
f 4592/4495/4317 4602/4492/4315 4601/4493/3833
f 4594/4494/4316 4593/4496/4318 4592/4495/4317
f 4602/4492/4315 4592/4495/4317 4613/4497/4319
f 4592/4495/4317 4593/4496/4318 4613/4497/4319
f 4613/4497/4319 4644/4498/4320 4602/4492/4315
f 4598/4491/4314 4602/4492/4315 4644/4498/4320
f 4619/4499/4321 4598/4491/4314 4644/4498/4320
f 4598/4491/4314 4619/4499/4321 4590/4489/4313
f 4617/4500/4322 4621/4488/4312 4590/4489/4313
f 4619/4499/4321 4617/4500/4322 4590/4489/4313
f 4621/4488/4312 4618/4501/4323 4620/4372/4206
f 4621/4488/4312 4617/4500/4322 4618/4501/4323
f 4617/4500/4322 4619/4499/4321 4618/4501/4323
f 4619/4499/4321 4614/4502/4324 4618/4501/4323
f 4619/4499/4321 4644/4498/4320 4614/4502/4324
f 4644/4498/4320 4613/4497/4319 4614/4502/4324
f 4613/4497/4319 4615/4503/4325 4614/4502/4324
f 4593/4496/4318 4615/4503/4325 4613/4497/4319
f 4615/4503/4325 4616/4504/3997 4614/4502/4324
f 4615/4503/4325 4645/4505/4173 4616/4504/3997
f 4596/4506/4171 4645/4505/4173 4615/4503/4325
f 4593/4496/4318 4596/4506/4171 4615/4503/4325
f 4596/4506/4171 4593/4496/4318 4597/4507/4326
f 4594/4494/4316 4595/4508/4327 4593/4496/4318
f 4593/4496/4318 4595/4508/4327 4597/4507/4326
f 4622/4509/4324 4624/4510/3997 4623/4511/4323
f 4623/4511/4323 4624/4510/3997 4625/4512/4328
f 4626/4513/4198 4625/4512/4328 4624/4510/3997
f 5009/4514/4329 4626/4513/4198 4624/4510/3997
f 4624/4510/3997 5007/4515/4181 5009/4514/4329
f 4624/4510/3997 5008/4516/4330 5007/4515/4181
f 4434/3932/3842 4437/4517/4331 4436/3933/3843
f 4434/3932/3842 4435/3931/3841 4437/4517/4331
f 4436/3933/3843 4437/4517/4331 4438/3930/3840
f 4435/3931/3841 4440/3929/3839 4437/4517/4331
f 4438/3930/3840 4437/4517/4331 4440/3929/3839
f 5181/4518/4332 5182/4519/4333 5055/4520/4334
f 5181/4518/4332 5055/4520/4334 5067/4521/4335
f 5117/4522/4336 5181/4518/4332 5067/4521/4335
f 5055/4520/4334 5056/4523/4337 5067/4521/4335
f 5055/4520/4334 5057/4524/4338 5056/4523/4337
f 5057/4524/4338 5058/4525/4339 5056/4523/4337
f 5056/4523/4337 5058/4525/4339 5062/4526/4340
f 5061/4527/4341 5056/4523/4337 5062/4526/4340
f 5067/4521/4335 5056/4523/4337 5061/4527/4341
f 5067/4521/4335 5061/4527/4341 5180/4528/4342
f 5061/4527/4341 5187/4529/4343 5180/4528/4342
f 5067/4521/4335 5180/4528/4342 5186/4530/4344
f 5067/4521/4335 5186/4530/4344 5068/4531/4345
f 5067/4521/4335 5068/4531/4345 5066/4532/4346
f 5068/4531/4345 5185/4533/4347 5066/4532/4346
f 5185/4533/4347 5138/4534/4348 5066/4532/4346
f 5138/4534/4348 5063/4535/4349 5066/4532/4346
f 5138/4534/4348 5184/4536/4350 5063/4535/4349
f 5184/4536/4350 5065/4537/4351 5063/4535/4349
f 5063/4535/4349 5065/4537/4351 5064/4538/4352
f 5178/4539/4353 5063/4535/4349 5064/4538/4352
f 5178/4539/4353 5066/4532/4346 5063/4535/4349
f 5066/4532/4346 5178/4539/4353 5034/4540/4354
f 5034/4540/4354 5067/4521/4335 5066/4532/4346
f 5178/4539/4353 5036/4541/4355 5034/4540/4354
f 5034/4540/4354 5036/4541/4355 5035/4542/4356
f 5177/4543/4357 5034/4540/4354 5035/4542/4356
f 5034/4540/4354 5177/4543/4357 5067/4521/4335
f 5177/4543/4357 5116/4544/4358 5067/4521/4335
f 5116/4544/4358 5117/4522/4336 5067/4521/4335
f 5116/4544/4358 5118/4545/4359 5117/4522/4336
f 5117/4522/4336 5119/4546/4360 5135/4547/4332
f 5118/4545/4359 5119/4546/4360 5117/4522/4336
f 5135/4547/4332 5046/4548/4361 5048/4549/4362
f 5135/4547/4332 5119/4546/4360 5046/4548/4361
f 5046/4548/4361 5044/4550/4363 5048/4549/4362
f 5044/4550/4363 5049/4551/4334 5048/4549/4362
f 5049/4551/4334 5044/4550/4363 5053/4552/4338
f 5044/4550/4363 5054/4553/4364 5053/4552/4338
f 5044/4550/4363 5046/4548/4361 5045/4554/4365
f 5054/4553/4364 5044/4550/4363 5045/4554/4365
f 5046/4548/4361 5047/4555/4366 5045/4554/4365
f 5047/4555/4366 5046/4548/4361 5119/4546/4360
f 5047/4555/4366 5119/4546/4360 5129/4556/4367
f 5119/4546/4360 5118/4545/4359 5129/4556/4367
f 5129/4556/4367 5118/4545/4359 5122/4557/4368
f 5118/4545/4359 5116/4544/4358 5122/4557/4368
f 5122/4557/4368 5116/4544/4358 5121/4558/4369
f 5116/4544/4358 5177/4543/4357 5121/4558/4369
f 5120/4559/4370 5121/4558/4369 5177/4543/4357
f 5073/4560/4371 5120/4559/4370 5177/4543/4357
f 5073/4560/4371 5177/4543/4357 5035/4542/4356
f 5073/4560/4371 5035/4542/4356 5075/4561/4372
f 5073/4560/4371 5075/4561/4372 5074/4562/4373
f 5073/4560/4371 5074/4562/4373 5183/4563/4374
f 5073/4560/4371 5183/4563/4374 5120/4559/4370
f 5115/4564/4375 5114/4565/4376 5120/4559/4370
f 5115/4564/4375 5120/4559/4370 5132/4566/4377
f 5114/4565/4376 5121/4558/4369 5120/4559/4370
f 5114/4565/4376 5122/4557/4368 5121/4558/4369
f 5122/4557/4368 5114/4565/4376 5133/4567/4378
f 5133/4567/4378 5129/4556/4367 5122/4557/4368
f 5114/4565/4376 5112/4568/4379 5133/4567/4378
f 5114/4565/4376 5115/4564/4375 5112/4568/4379
f 5115/4564/4375 5111/4569/4380 5112/4568/4379
f 5111/4569/4380 5115/4564/4375 5131/4570/4381
f 5131/4570/4381 5115/4564/4375 5132/4566/4377
f 5131/4570/4381 5113/4571/4372 5111/4569/4380
f 5113/4571/4372 5026/4572/4382 5111/4569/4380
f 5127/4573/4383 5026/4572/4382 5113/4571/4372
f 5111/4569/4380 5094/4574/4384 5112/4568/4379
f 5026/4572/4382 5027/4575/4385 5111/4569/4380
f 5094/4574/4384 5111/4569/4380 5027/4575/4385
f 5026/4572/4382 5028/4576/4386 5027/4575/4385
f 5026/4572/4382 5127/4573/4383 5028/4576/4386
f 5127/4573/4383 5126/4577/4355 5128/4578/4387
f 5028/4576/4386 5127/4573/4383 5128/4578/4387
f 5028/4576/4386 5128/4578/4387 5029/4579/4388
f 5028/4576/4386 5029/4579/4388 5027/4575/4385
f 5027/4575/4385 5029/4579/4388 5096/4580/4389
f 5027/4575/4385 5096/4580/4389 5093/4581/4390
f 5093/4581/4390 5094/4574/4384 5027/4575/4385
f 5096/4580/4389 5097/4582/4391 5093/4581/4390
f 5093/4581/4390 5095/4583/4392 5094/4574/4384
f 5097/4582/4391 5095/4583/4392 5093/4581/4390
f 5095/4583/4392 5084/4584/4393 5094/4574/4384
f 5094/4574/4384 5099/4585/4394 5112/4568/4379
f 5094/4574/4384 5084/4584/4393 5099/4585/4394
f 5112/4568/4379 5099/4585/4394 5133/4567/4378
f 5099/4585/4394 5134/4586/4395 5133/4567/4378
f 5133/4567/4378 5134/4586/4395 5129/4556/4367
f 5099/4585/4394 5084/4584/4393 5085/4587/4396
f 5099/4585/4394 5085/4587/4396 5134/4586/4395
f 5084/4584/4393 5086/4588/4397 5085/4587/4396
f 5089/4589/4398 5086/4588/4397 5084/4584/4393
f 5095/4583/4392 5089/4589/4398 5084/4584/4393
f 5089/4589/4398 5095/4583/4392 5097/4582/4391
f 5104/4590/4399 5089/4589/4398 5097/4582/4391
f 5097/4582/4391 5098/4591/4400 5104/4590/4399
f 5096/4580/4389 5024/4592/4401 5097/4582/4391
f 5024/4592/4401 5098/4591/4400 5097/4582/4391
f 5096/4580/4389 5023/4593/4402 5024/4592/4401
f 5029/4579/4388 5023/4593/4402 5096/4580/4389
f 5029/4579/4388 5128/4578/4387 5179/4594/4403
f 5029/4579/4388 5179/4594/4403 5023/4593/4402
f 5128/4578/4387 5126/4577/4355 5125/4595/4404
f 5128/4578/4387 5125/4595/4404 5179/4594/4403
f 5126/4577/4355 5124/4596/4405 5125/4595/4404
f 5125/4595/4404 5123/4597/4406 5179/4594/4403
f 5123/4597/4406 5125/4595/4404 5124/4596/4405
f 5123/4597/4406 5030/4598/4407 5179/4594/4403
f 5123/4597/4406 5124/4596/4405 5032/4599/4408
f 5032/4599/4408 5030/4598/4407 5123/4597/4406
f 5124/4596/4405 5033/4600/4409 5032/4599/4408
f 5174/4601/4352 5033/4600/4409 5124/4596/4405
f 5032/4599/4408 5031/4602/4410 5030/4598/4407
f 5032/4599/4408 5033/4600/4409 5031/4602/4410
f 5031/4602/4410 5033/4600/4409 5173/4603/4411
f 5033/4600/4409 5174/4601/4352 5173/4603/4411
f 5173/4603/4411 5174/4601/4352 5139/4604/4412
f 5140/4605/4413 5173/4603/4411 5139/4604/4412
f 5139/4604/4412 5141/4606/4414 5140/4605/4413
f 5140/4605/4413 5141/4606/4414 5142/4607/4415
f 5153/4608/4416 5140/4605/4413 5142/4607/4415
f 5175/4609/4417 5153/4608/4416 5142/4607/4415
f 5153/4608/4416 5154/4610/4418 5140/4605/4413
f 5154/4610/4418 5173/4603/4411 5140/4605/4413
f 5169/4611/4419 5173/4603/4411 5154/4610/4418
f 5173/4603/4411 5169/4611/4419 5031/4602/4410
f 5169/4611/4419 5167/4612/4420 5031/4602/4410
f 5137/4613/4421 5031/4602/4410 5167/4612/4420
f 5137/4613/4421 5030/4598/4407 5031/4602/4410
f 5030/4598/4407 5137/4613/4421 5136/4614/4422
f 5030/4598/4407 5136/4614/4422 5179/4594/4403
f 5025/4615/4423 5179/4594/4403 5136/4614/4422
f 5025/4615/4423 5023/4593/4402 5179/4594/4403
f 5023/4593/4402 5025/4615/4423 5024/4592/4401
f 5025/4615/4423 5136/4614/4422 5024/4592/4401
f 5136/4614/4422 5137/4613/4421 5024/4592/4401
f 5024/4592/4401 5137/4613/4421 5170/4616/4424
f 5170/4616/4424 5137/4613/4421 5167/4612/4420
f 5168/4617/4425 5170/4616/4424 5167/4612/4420
f 5167/4612/4420 5169/4611/4419 5168/4617/4425
f 5169/4611/4419 5166/4618/4426 5168/4617/4425
f 5154/4610/4418 5157/4619/4427 5169/4611/4419
f 5166/4618/4426 5169/4611/4419 5157/4619/4427
f 5154/4610/4418 5069/4620/4428 5157/4619/4427
f 5153/4608/4416 5071/4621/4429 5154/4610/4418
f 5071/4621/4429 5069/4620/4428 5154/4610/4418
f 5153/4608/4416 5175/4609/4417 5071/4621/4429
f 5176/4622/4345 5071/4621/4429 5175/4609/4417
f 5176/4622/4345 5072/4623/4430 5071/4621/4429
f 5072/4623/4430 5176/4622/4345 5188/4624/4344
f 5072/4623/4430 5070/4625/4431 5071/4621/4429
f 5069/4620/4428 5071/4621/4429 5070/4625/4431
f 5069/4620/4428 5070/4625/4431 5152/4626/4432
f 5069/4620/4428 5152/4626/4432 5157/4619/4427
f 5157/4619/4427 5152/4626/4432 5159/4627/4433
f 5159/4627/4433 5166/4618/4426 5157/4619/4427
f 5148/4628/4434 5166/4618/4426 5159/4627/4433
f 5166/4618/4426 5148/4628/4434 5146/4629/4435
f 5168/4617/4425 5166/4618/4426 5146/4629/4435
f 5146/4629/4435 5144/4630/4436 5168/4617/4425
f 5144/4630/4436 5170/4616/4424 5168/4617/4425
f 5170/4616/4424 5144/4630/4436 5105/4631/4437
f 5098/4591/4400 5170/4616/4424 5105/4631/4437
f 5098/4591/4400 5024/4592/4401 5170/4616/4424
f 5105/4631/4437 5104/4590/4399 5098/4591/4400
f 5104/4590/4399 5105/4631/4437 5110/4632/4438
f 5105/4631/4437 5144/4630/4436 5143/4633/4439
f 5105/4631/4437 5143/4633/4439 5110/4632/4438
f 5144/4630/4436 5145/4634/4440 5143/4633/4439
f 5145/4634/4440 5144/4630/4436 5146/4629/4435
f 5147/4635/4441 5145/4634/4440 5146/4629/4435
f 5146/4629/4435 5148/4628/4434 5147/4635/4441
f 5148/4628/4434 5149/4636/4442 5147/4635/4441
f 5149/4636/4442 5148/4628/4434 5158/4637/4443
f 5158/4637/4443 5148/4628/4434 5159/4627/4433
f 5158/4637/4443 5159/4627/4433 5151/4638/4444
f 5152/4626/4432 5151/4638/4444 5159/4627/4433
f 5151/4638/4444 5152/4626/4432 5130/4639/4445
f 5130/4639/4445 5152/4626/4432 5070/4625/4431
f 5130/4639/4445 5070/4625/4431 5040/4640/4446
f 5070/4625/4431 5072/4623/4430 5043/4641/4447
f 5040/4640/4446 5070/4625/4431 5043/4641/4447
f 5072/4623/4430 5188/4624/4344 5043/4641/4447
f 5188/4624/4344 5042/4642/4342 5043/4641/4447
f 5038/4643/4448 5043/4641/4447 5042/4642/4342
f 5040/4640/4446 5043/4641/4447 5038/4643/4448
f 5042/4642/4342 5041/4644/4449 5038/4643/4448
f 5038/4643/4448 5041/4644/4449 5037/4645/4450
f 5041/4644/4449 5050/4646/4451 5037/4645/4450
f 5037/4645/4450 5039/4647/4452 5038/4643/4448
f 5039/4647/4452 5040/4640/4446 5038/4643/4448
f 5039/4647/4452 5130/4639/4445 5040/4640/4446
f 5171/4648/4453 5130/4639/4445 5039/4647/4452
f 5150/4649/4454 5130/4639/4445 5171/4648/4453
f 5150/4649/4454 5151/4638/4444 5130/4639/4445
f 5151/4638/4444 5150/4649/4454 5156/4650/4455
f 5155/4651/4456 5151/4638/4444 5156/4650/4455
f 5155/4651/4456 5158/4637/4443 5151/4638/4444
f 5161/4652/4457 5158/4637/4443 5155/4651/4456
f 5161/4652/4457 5149/4636/4442 5158/4637/4443
f 5155/4651/4456 5160/4653/4458 5161/4652/4457
f 5156/4650/4455 5160/4653/4458 5155/4651/4456
f 5160/4653/4458 5162/4654/4459 5161/4652/4457
f 5162/4654/4459 5160/4653/4458 5156/4650/4455
f 5164/4655/4460 5162/4654/4459 5156/4650/4455
f 5156/4650/4455 5150/4649/4454 5164/4655/4460
f 5150/4649/4454 5165/4656/4461 5164/4655/4460
f 5165/4656/4461 5150/4649/4454 5171/4648/4453
f 5165/4656/4461 5082/4657/4462 5164/4655/4460
f 5083/4658/4463 5082/4657/4462 5165/4656/4461
f 5083/4658/4463 5165/4656/4461 5171/4648/4453
f 5101/4659/4464 5083/4658/4463 5171/4648/4453
f 5101/4659/4464 5171/4648/4453 5051/4660/4465
f 5051/4660/4465 5171/4648/4453 5039/4647/4452
f 5039/4647/4452 5037/4645/4450 5051/4660/4465
f 5037/4645/4450 5050/4646/4451 5051/4660/4465
f 5050/4646/4451 5052/4661/4340 5051/4660/4465
f 5059/4662/4466 5051/4660/4465 5052/4661/4340
f 5059/4662/4466 5101/4659/4464 5051/4660/4465
f 5052/4661/4340 5060/4663/4339 5059/4662/4466
f 5059/4662/4466 5060/4663/4339 5053/4552/4338
f 5054/4553/4364 5059/4662/4466 5053/4552/4338
f 5101/4659/4464 5059/4662/4466 5054/4553/4364
f 5102/4664/4467 5101/4659/4464 5054/4553/4364
f 5102/4664/4467 5054/4553/4364 5045/4554/4365
f 5102/4664/4467 5081/4665/4468 5101/4659/4464
f 5083/4658/4463 5101/4659/4464 5081/4665/4468
f 5083/4658/4463 5081/4665/4468 5077/4666/4469
f 5082/4657/4462 5083/4658/4463 5077/4666/4469
f 5082/4657/4462 5077/4666/4469 5079/4667/4470
f 5108/4668/4471 5082/4657/4462 5079/4667/4470
f 5082/4657/4462 5108/4668/4471 5164/4655/4460
f 5108/4668/4471 5162/4654/4459 5164/4655/4460
f 5163/4669/4472 5162/4654/4459 5108/4668/4471
f 5162/4654/4459 5163/4669/4472 5161/4652/4457
f 5149/4636/4442 5161/4652/4457 5163/4669/4472
f 5172/4670/4473 5149/4636/4442 5163/4669/4472
f 5172/4670/4473 5147/4635/4441 5149/4636/4442
f 5145/4634/4440 5147/4635/4441 5172/4670/4473
f 5172/4670/4473 5107/4671/4474 5145/4634/4440
f 5107/4671/4474 5172/4670/4473 5163/4669/4472
f 5107/4671/4474 5163/4669/4472 5108/4668/4471
f 5107/4671/4474 5108/4668/4471 5079/4667/4470
f 5106/4672/4475 5107/4671/4474 5079/4667/4470
f 5106/4672/4475 5079/4667/4470 5100/4673/4476
f 5078/4674/4477 5079/4667/4470 5077/4666/4469
f 5079/4667/4470 5078/4674/4477 5100/4673/4476
f 5077/4666/4469 5076/4675/4478 5078/4674/4477
f 5076/4675/4478 5077/4666/4469 5081/4665/4468
f 5080/4676/4479 5076/4675/4478 5081/4665/4468
f 5080/4676/4479 5081/4665/4468 5102/4664/4467
f 5103/4677/4480 5080/4676/4479 5102/4664/4467
f 5103/4677/4480 5102/4664/4467 5045/4554/4365
f 5103/4677/4480 5045/4554/4365 5047/4555/4366
f 5129/4556/4367 5103/4677/4480 5047/4555/4366
f 5103/4677/4480 5129/4556/4367 5134/4586/4395
f 5103/4677/4480 5134/4586/4395 5092/4678/4481
f 5080/4676/4479 5103/4677/4480 5092/4678/4481
f 5076/4675/4478 5080/4676/4479 5092/4678/4481
f 5091/4679/4482 5076/4675/4478 5092/4678/4481
f 5078/4674/4477 5076/4675/4478 5091/4679/4482
f 5078/4674/4477 5091/4679/4482 5100/4673/4476
f 5091/4679/4482 5087/4680/4483 5100/4673/4476
f 5091/4679/4482 5092/4678/4481 5087/4680/4483
f 5092/4678/4481 5085/4587/4396 5087/4680/4483
f 5085/4587/4396 5092/4678/4481 5134/4586/4395
f 5085/4587/4396 5086/4588/4397 5087/4680/4483
f 5100/4673/4476 5087/4680/4483 5086/4588/4397
f 5088/4681/4484 5100/4673/4476 5086/4588/4397
f 5106/4672/4475 5100/4673/4476 5088/4681/4484
f 5109/4682/4485 5106/4672/4475 5088/4681/4484
f 5106/4672/4475 5109/4682/4485 5107/4671/4474
f 5109/4682/4485 5110/4632/4438 5107/4671/4474
f 5143/4633/4439 5145/4634/4440 5107/4671/4474
f 5143/4633/4439 5107/4671/4474 5110/4632/4438
f 5110/4632/4438 5090/4683/4486 5104/4590/4399
f 5109/4682/4485 5090/4683/4486 5110/4632/4438
f 5090/4683/4486 5109/4682/4485 5088/4681/4484
f 5089/4589/4398 5090/4683/4486 5088/4681/4484
f 5086/4588/4397 5089/4589/4398 5088/4681/4484
f 5090/4683/4486 5089/4589/4398 5104/4590/4399
f 5221/4684/4487 5361/4685/4488 5360/4686/4489
f 5353/4687/4490 5221/4684/4487 5360/4686/4489
f 5353/4687/4490 5360/4686/4489 5287/4688/4491
f 5353/4687/4490 5223/4689/4492 5221/4684/4487
f 5221/4684/4487 5223/4689/4492 5222/4690/4493
f 5223/4689/4492 5224/4691/4494 5222/4690/4493
f 5228/4692/4495 5224/4691/4494 5223/4689/4492
f 5227/4693/4496 5228/4692/4495 5223/4689/4492
f 5227/4693/4496 5223/4689/4492 5353/4687/4490
f 5359/4694/4497 5227/4693/4496 5353/4687/4490
f 5359/4694/4497 5368/4695/4498 5227/4693/4496
f 5353/4687/4490 5367/4696/4499 5359/4694/4497
f 5366/4697/4500 5367/4696/4499 5353/4687/4490
f 5353/4687/4490 5289/4698/4501 5354/4699/4502
f 5353/4687/4490 5287/4688/4491 5289/4698/4501
f 5289/4698/4501 5294/4700/4503 5354/4699/4502
f 5287/4688/4491 5288/4701/4504 5289/4698/4501
f 5294/4700/4503 5289/4698/4501 5293/4702/4505
f 5293/4702/4505 5289/4698/4501 5288/4701/4504
f 5293/4702/4505 5292/4703/4506 5294/4700/4503
f 5292/4703/4506 5293/4702/4505 5306/4704/4507
f 5282/4705/4508 5292/4703/4506 5306/4704/4507
f 5293/4702/4505 5301/4706/4509 5306/4704/4507
f 5288/4701/4504 5301/4706/4509 5293/4702/4505
f 5287/4688/4491 5286/4707/4510 5288/4701/4504
f 5301/4706/4509 5288/4701/4504 5286/4707/4510
f 5287/4688/4491 5307/4708/4489 5286/4707/4510
f 5214/4709/4511 5211/4710/4512 5307/4708/4489
f 5211/4710/4512 5286/4707/4510 5307/4708/4489
f 5286/4707/4510 5211/4710/4512 5213/4711/4513
f 5213/4711/4513 5301/4706/4509 5286/4707/4510
f 5301/4706/4509 5213/4711/4513 5270/4712/4514
f 5305/4713/4515 5301/4706/4509 5270/4712/4514
f 5301/4706/4509 5305/4713/4515 5306/4704/4507
f 5305/4713/4515 5266/4714/4516 5306/4704/4507
f 5266/4714/4516 5282/4705/4508 5306/4704/4507
f 5282/4705/4508 5266/4714/4516 5259/4715/4517
f 5259/4715/4517 5266/4714/4516 5250/4716/4518
f 5252/4717/4519 5266/4714/4516 5305/4713/4515
f 5266/4714/4516 5252/4717/4519 5250/4716/4518
f 5305/4713/4515 5258/4718/4520 5252/4717/4519
f 5305/4713/4515 5270/4712/4514 5258/4718/4520
f 5252/4717/4519 5258/4718/4520 5253/4719/4521
f 5252/4717/4519 5253/4719/4521 5251/4720/4522
f 5250/4716/4518 5252/4717/4519 5251/4720/4522
f 5251/4720/4522 5254/4721/4523 5250/4716/4518
f 5250/4716/4518 5260/4722/4524 5259/4715/4517
f 5254/4721/4523 5260/4722/4524 5250/4716/4518
f 5260/4722/4524 5261/4723/4525 5259/4715/4517
f 5261/4723/4525 5260/4722/4524 5263/4724/4526
f 5260/4722/4524 5254/4721/4523 5263/4724/4526
f 5251/4720/4522 5255/4725/4527 5254/4721/4523
f 5254/4721/4523 5271/4726/4528 5263/4724/4526
f 5255/4725/4527 5256/4727/4529 5254/4721/4523
f 5254/4721/4523 5256/4727/4529 5271/4726/4528
f 5255/4725/4527 5277/4728/4530 5256/4727/4529
f 5256/4727/4529 5278/4729/4531 5271/4726/4528
f 5278/4729/4531 5256/4727/4529 5277/4728/4530
f 5278/4729/4531 5272/4730/4532 5271/4726/4528
f 5263/4724/4526 5271/4726/4528 5265/4731/4533
f 5271/4726/4528 5272/4730/4532 5265/4731/4533
f 5263/4724/4526 5265/4731/4533 5264/4732/4534
f 5272/4730/4532 5344/4733/4535 5265/4731/4533
f 5265/4731/4533 5344/4733/4535 5264/4732/4534
f 5308/4734/4536 5309/4735/4537 5264/4732/4534
f 5344/4733/4535 5308/4734/4536 5264/4732/4534
f 5309/4735/4537 5308/4734/4536 5199/4736/4538
f 5198/4737/238 5199/4736/4538 5197/4738/4539
f 5197/4738/4539 5199/4736/4538 5308/4734/4536
f 5197/4738/4539 5196/4739/4540 5198/4737/238
f 5197/4738/4539 5347/4740/4541 5196/4739/4540
f 5347/4740/4541 5348/4741/4542 5196/4739/4540
f 5348/4741/4542 5347/4740/4541 5314/4742/4543
f 5313/4743/4544 5315/4744/4545 5314/4742/4543
f 5347/4740/4541 5313/4743/4544 5314/4742/4543
f 5313/4743/4544 5316/4745/4546 5315/4744/4545
f 5313/4743/4544 5327/4746/4547 5316/4745/4546
f 5327/4746/4547 5349/4747/4548 5316/4745/4546
f 5313/4743/4544 5328/4748/4549 5327/4746/4547
f 5347/4740/4541 5328/4748/4549 5313/4743/4544
f 5328/4748/4549 5347/4740/4541 5342/4749/4550
f 5347/4740/4541 5197/4738/4539 5342/4749/4550
f 5197/4738/4539 5341/4750/4551 5342/4749/4550
f 5341/4750/4551 5197/4738/4539 5308/4734/4536
f 5341/4750/4551 5308/4734/4536 5344/4733/4535
f 5343/4751/4552 5341/4750/4551 5344/4733/4535
f 5341/4750/4551 5343/4751/4552 5342/4749/4550
f 5344/4733/4535 5272/4730/4532 5319/4752/4553
f 5343/4751/4552 5344/4733/4535 5319/4752/4553
f 5272/4730/4532 5318/4753/4554 5319/4752/4553
f 5278/4729/4531 5318/4753/4554 5272/4730/4532
f 5277/4728/4530 5275/4754/4555 5278/4729/4531
f 5278/4729/4531 5275/4754/4555 5318/4753/4554
f 5317/4755/4556 5319/4752/4553 5318/4753/4554
f 5275/4754/4555 5317/4755/4556 5318/4753/4554
f 5317/4755/4556 5323/4756/4557 5319/4752/4553
f 5323/4756/4557 5343/4751/4552 5319/4752/4553
f 5340/4757/4558 5343/4751/4552 5323/4756/4557
f 5343/4751/4552 5340/4757/4558 5342/4749/4550
f 5331/4758/4559 5342/4749/4550 5340/4757/4558
f 5331/4758/4559 5328/4748/4549 5342/4749/4550
f 5238/4759/4560 5328/4748/4549 5331/4758/4559
f 5328/4748/4549 5238/4759/4560 5237/4760/4561
f 5327/4746/4547 5328/4748/4549 5237/4760/4561
f 5327/4746/4547 5237/4760/4561 5349/4747/4548
f 5237/4760/4561 5350/4761/4562 5349/4747/4548
f 5237/4760/4561 5235/4762/4563 5350/4761/4562
f 5369/4763/4499 5350/4761/4562 5235/4762/4563
f 5237/4760/4561 5236/4764/3452 5235/4762/4563
f 5237/4760/4561 5238/4759/4560 5236/4764/3452
f 5326/4765/4564 5238/4759/4560 5331/4758/4559
f 5326/4765/4564 5236/4764/3452 5238/4759/4560
f 5331/4758/4559 5332/4766/4565 5326/4765/4564
f 5332/4766/4565 5331/4758/4559 5340/4757/4558
f 5332/4766/4565 5340/4757/4558 5322/4767/558
f 5322/4767/558 5340/4757/4558 5323/4756/4557
f 5322/4767/558 5323/4756/4557 5321/4768/4566
f 5321/4768/4566 5323/4756/4557 5317/4755/4556
f 5346/4769/4567 5321/4768/4566 5317/4755/4556
f 5317/4755/4556 5275/4754/4555 5346/4769/4567
f 5346/4769/4567 5320/4770/4568 5321/4768/4566
f 5320/4770/4568 5322/4767/558 5321/4768/4566
f 5333/4771/4569 5322/4767/558 5320/4770/4568
f 5333/4771/4569 5332/4766/4565 5322/4767/558
f 5332/4766/4565 5333/4771/4569 5325/4772/4570
f 5325/4772/4570 5326/4765/4564 5332/4766/4565
f 5302/4773/4571 5326/4765/4564 5325/4772/4570
f 5236/4764/3452 5326/4765/4564 5302/4773/4571
f 5206/4774/4572 5236/4764/3452 5302/4773/4571
f 5206/4774/4572 5209/4775/4573 5236/4764/3452
f 5209/4775/4573 5235/4762/4563 5236/4764/3452
f 5209/4775/4573 5369/4763/4499 5235/4762/4563
f 5209/4775/4573 5208/4776/4497 5369/4763/4499
f 5208/4776/4497 5209/4775/4573 5205/4777/4574
f 5205/4777/4574 5209/4775/4573 5206/4774/4572
f 5205/4777/4574 5207/4778/4498 5208/4776/4497
f 5205/4777/4574 5203/4779/4575 5207/4778/4498
f 5203/4779/4575 5216/4780/4496 5207/4778/4498
f 5205/4777/4574 5204/4781/4576 5203/4779/4575
f 5205/4777/4574 5206/4774/4572 5204/4781/4576
f 5204/4781/4576 5206/4774/4572 5302/4773/4571
f 5204/4781/4576 5302/4773/4571 5345/4782/4577
f 5324/4783/4578 5302/4773/4571 5325/4772/4570
f 5345/4782/4577 5302/4773/4571 5324/4783/4578
f 5325/4772/4570 5329/4784/4579 5324/4783/4578
f 5333/4771/4569 5330/4785/4580 5325/4772/4570
f 5325/4772/4570 5330/4785/4580 5329/4784/4579
f 5333/4771/4569 5334/4786/4581 5330/4785/4580
f 5334/4786/4581 5333/4771/4569 5320/4770/4568
f 5334/4786/4581 5320/4770/4568 5337/4787/4582
f 5320/4770/4568 5346/4769/4567 5337/4787/4582
f 5337/4787/4582 5346/4769/4567 5275/4754/4555
f 5337/4787/4582 5275/4754/4555 5276/4788/4583
f 5336/4789/4584 5337/4787/4582 5276/4788/4583
f 5334/4786/4581 5337/4787/4582 5336/4789/4584
f 5335/4790/4585 5334/4786/4581 5336/4789/4584
f 5334/4786/4581 5335/4790/4585 5330/4785/4580
f 5330/4785/4580 5335/4790/4585 5329/4784/4579
f 5329/4784/4579 5335/4790/4585 5336/4789/4584
f 5338/4791/4586 5329/4784/4579 5336/4789/4584
f 5324/4783/4578 5329/4784/4579 5338/4791/4586
f 5336/4789/4584 5276/4788/4583 5338/4791/4586
f 5249/4792/4587 5276/4788/4583 5245/4793/4588
f 5249/4792/4587 5338/4791/4586 5276/4788/4583
f 5245/4793/4588 5276/4788/4583 5275/4754/4555
f 5338/4791/4586 5339/4794/4589 5324/4783/4578
f 5339/4794/4589 5338/4791/4586 5249/4792/4587
f 5339/4794/4589 5345/4782/4577 5324/4783/4578
f 5249/4792/4587 5248/4795/4590 5339/4794/4589
f 5345/4782/4577 5339/4794/4589 5248/4795/4590
f 5249/4792/4587 5244/4796/4591 5248/4795/4590
f 5244/4796/4591 5249/4792/4587 5245/4793/4588
f 5244/4796/4591 5247/4797/4592 5248/4795/4590
f 5269/4798/4593 5345/4782/4577 5248/4795/4590
f 5269/4798/4593 5248/4795/4590 5247/4797/4592
f 5269/4798/4593 5218/4799/4594 5345/4782/4577
f 5218/4799/4594 5204/4781/4576 5345/4782/4577
f 5218/4799/4594 5203/4779/4575 5204/4781/4576
f 5216/4780/4496 5203/4779/4575 5218/4799/4594
f 5217/4800/4595 5216/4780/4496 5218/4799/4594
f 5217/4800/4595 5218/4799/4594 5225/4801/4587
f 5225/4801/4587 5218/4799/4594 5269/4798/4593
f 5225/4801/4587 5226/4802/4494 5217/4800/4595
f 5219/4803/4493 5226/4802/4494 5225/4801/4587
f 5220/4804/4596 5219/4803/4493 5225/4801/4587
f 5220/4804/4596 5225/4801/4587 5269/4798/4593
f 5268/4805/4597 5220/4804/4596 5269/4798/4593
f 5268/4805/4597 5269/4798/4593 5247/4797/4592
f 5268/4805/4597 5247/4797/4592 5246/4806/4598
f 5246/4806/4598 5247/4797/4592 5242/4807/4599
f 5247/4797/4592 5244/4796/4591 5242/4807/4599
f 5242/4807/4599 5244/4796/4591 5243/4808/4600
f 5244/4796/4591 5245/4793/4588 5243/4808/4600
f 5274/4809/4601 5245/4793/4588 5275/4754/4555
f 5245/4793/4588 5267/4810/4602 5243/4808/4600
f 5274/4809/4601 5267/4810/4602 5245/4793/4588
f 5267/4810/4602 5257/4811/4603 5243/4808/4600
f 5257/4811/4603 5242/4807/4599 5243/4808/4600
f 5257/4811/4603 5258/4718/4520 5242/4807/4599
f 5258/4718/4520 5246/4806/4598 5242/4807/4599
f 5270/4712/4514 5246/4806/4598 5258/4718/4520
f 5270/4712/4514 5268/4805/4597 5246/4806/4598
f 5270/4712/4514 5212/4812/4604 5268/4805/4597
f 5212/4812/4604 5220/4804/4596 5268/4805/4597
f 5212/4812/4604 5210/4813/4605 5220/4804/4596
f 5219/4803/4493 5220/4804/4596 5210/4813/4605
f 5215/4814/4487 5219/4803/4493 5210/4813/4605
f 5214/4709/4511 5215/4814/4487 5210/4813/4605
f 5211/4710/4512 5214/4709/4511 5210/4813/4605
f 5210/4813/4605 5212/4812/4604 5211/4710/4512
f 5212/4812/4604 5213/4711/4513 5211/4710/4512
f 5213/4711/4513 5212/4812/4604 5270/4712/4514
f 5258/4718/4520 5257/4811/4603 5253/4719/4521
f 5253/4719/4521 5257/4811/4603 5267/4810/4602
f 5253/4719/4521 5267/4810/4602 5251/4720/4522
f 5267/4810/4602 5255/4725/4527 5251/4720/4522
f 5267/4810/4602 5274/4809/4601 5255/4725/4527
f 5274/4809/4601 5277/4728/4530 5255/4725/4527
f 5275/4754/4555 5277/4728/4530 5274/4809/4601
f 5296/4596/4606 5358/4600/4540 5363/4601/4607
f 5296/4596/4606 5357/4599/238 5358/4600/4540
f 5357/4599/238 5296/4596/4606 5298/4597/4608
f 5298/4597/4608 5356/4598/4538 5357/4599/238
f 5296/4596/4606 5297/4595/4609 5298/4597/4608
f 5295/4577/4610 5297/4595/4609 5296/4596/4606
f 5297/4595/4609 5355/4594/4611 5298/4597/4608
f 5355/4594/4611 5356/4598/4538 5298/4597/4608
f 5355/4594/4611 5310/4614/4537 5356/4598/4538
f 5310/4614/4537 5355/4594/4611 5311/4615/4612
f 5310/4614/4537 5311/4615/4612 5190/4592/4534
f 5355/4594/4611 5189/4593/4613 5311/4615/4612
f 5311/4615/4612 5189/4593/4613 5190/4592/4534
f 5189/4593/4613 5191/4580/4614 5190/4592/4534
f 5191/4580/4614 5262/4582/4615 5190/4592/4534
f 5191/4580/4614 5273/4581/4616 5262/4582/4615
f 5273/4581/4616 5191/4580/4614 5193/4575/4617
f 5280/4574/4517 5273/4581/4616 5193/4575/4617
f 5191/4580/4614 5192/4579/4618 5193/4575/4617
f 5191/4580/4614 5189/4593/4613 5192/4579/4618
f 5189/4593/4613 5355/4594/4611 5192/4579/4618
f 5355/4594/4611 5300/4815/4619 5192/4579/4618
f 5355/4594/4611 5297/4595/4609 5300/4815/4619
f 5300/4815/4619 5297/4595/4609 5295/4577/4610
f 5299/4573/4620 5300/4815/4619 5295/4577/4610
f 5300/4815/4619 5299/4573/4620 5194/4816/4621
f 5192/4579/4618 5300/4815/4619 5194/4816/4621
f 5192/4579/4618 5194/4816/4621 5193/4575/4617
f 5194/4816/4621 5195/4817/4622 5193/4575/4617
f 5194/4816/4621 5299/4573/4620 5195/4817/4622
f 5283/4571/4623 5195/4817/4622 5299/4573/4620
f 5283/4571/4623 5279/4569/4624 5195/4817/4622
f 5279/4569/4624 5193/4575/4617 5195/4817/4622
f 5279/4569/4624 5280/4574/4517 5193/4575/4617
f 5279/4569/4624 5281/4568/4625 5280/4574/4517
f 5279/4569/4624 5284/4564/4626 5281/4568/4625
f 5284/4564/4626 5285/4565/4506 5281/4568/4625
f 5279/4569/4624 5303/4570/4627 5284/4564/4626
f 5279/4569/4624 5283/4571/4623 5303/4570/4627
f 5303/4570/4627 5304/4566/4628 5284/4564/4626
f 5304/4566/4628 5290/4559/4629 5284/4564/4626
f 5284/4564/4626 5290/4559/4629 5285/4565/4506
f 5290/4559/4629 5291/4558/4503 5285/4565/4506
f 5351/4543/4502 5291/4558/4503 5290/4559/4629
f 5351/4543/4502 5290/4559/4629 5240/4560/4630
f 5290/4559/4629 5362/4563/4628 5240/4560/4630
f 5362/4563/4628 5239/4818/4631 5240/4560/4630
f 5239/4818/4631 5241/4561/4623 5240/4560/4630
f 5241/4561/4623 5200/4542/4632 5240/4560/4630
f 5200/4542/4632 5351/4543/4502 5240/4560/4630
f 5200/4542/4632 5201/4540/4633 5351/4543/4502
f 5201/4540/4633 5232/4521/4490 5351/4543/4502
f 5200/4542/4632 5202/4541/4610 5201/4540/4633
f 5201/4540/4633 5202/4541/4610 5352/4539/4606
f 5201/4540/4633 5352/4539/4606 5233/4532/4634
f 5201/4540/4633 5233/4532/4634 5232/4521/4490
f 5233/4532/4634 5234/4531/4562 5232/4521/4490
f 5233/4532/4634 5365/4533/4635 5234/4531/4562
f 5233/4532/4634 5312/4534/4546 5365/4533/4635
f 5233/4532/4634 5230/4535/4636 5312/4534/4546
f 5230/4535/4636 5233/4532/4634 5352/4539/4606
f 5229/4538/4607 5230/4535/4636 5352/4539/4606
f 5229/4538/4607 5231/4819/4543 5230/4535/4636
f 5230/4535/4636 5231/4819/4543 5364/4536/4545
f 5230/4535/4636 5364/4536/4545 5312/4534/4546
