# Blender 5.2.1 LTS
# www.blender.org
mtllib CompleteTorso.mtl
o canopy
v 9.584621 19.149281 9.298058
v 10.042654 18.962677 9.097879
v 9.448909 18.816792 9.508413
v 7.060347 17.239111 9.175916
v 7.579450 16.723417 9.104666
v 7.694808 16.611441 8.870558
v 16.926739 8.655215 0.001666
v 15.138708 10.480565 1.080587
v 17.072632 8.509318 2.417367
v 14.979246 10.623075 2.037366
v 18.965841 6.124141 3.950936
v 18.945484 6.629694 2.302011
v 18.219414 6.962184 4.500575
v 15.138708 10.480565 0.001666
v 19.274586 5.557559 3.591295
v 17.574772 7.606840 4.822900
v 16.533169 8.638249 5.250395
v 15.104782 10.073419 5.036644
v 18.799587 6.775581 0.001666
v 19.831017 5.391310 0.001666
v 19.854767 5.170755 2.169692
v 19.875124 4.950232 3.316470
v 20.004049 4.519355 0.995768
v 20.000656 4.543095 0.001666
v 20.021011 4.370041 2.050939
v 20.116013 3.895061 3.547189
v 20.160126 3.850949 3.988259
v 19.997261 4.668629 4.218966
v 19.389946 5.343809 4.561647
v 19.050659 6.039323 4.965394
v 18.663876 6.507547 5.274145
v 18.249950 6.945218 5.545573
v 17.625664 7.600045 5.905210
v 16.370314 8.824872 6.356464
v 16.597635 8.607716 6.373427
v 16.984417 8.224319 6.200392
v 15.796922 9.374488 6.085032
v 15.125138 10.046291 6.023962
v 14.446571 10.714678 6.336103
v 13.896929 11.294857 5.572712
v 13.890142 11.267700 6.821283
v 13.459251 11.708788 7.323423
v 12.587288 12.621449 7.085925
v 13.058895 12.153244 7.859492
v 8.797484 16.872690 5.783072
v 8.804267 16.448580 8.446454
v 10.487117 15.152523 5.365751
v 10.894258 14.290730 7.862885
v 8.509089 17.113577 8.449847
v 14.456747 11.203245 3.062012
v 13.812109 11.810573 3.832182
v 12.125860 13.500207 4.941645
v 13.153896 12.465380 4.422543
v 8.522659 16.652166 9.640735
v 9.191054 16.038055 9.488056
v 10.246226 14.976101 9.179309
v 11.393010 13.836094 8.755206
v 12.400682 12.808051 8.246276
v 20.329765 4.085061 1.806659
v 20.346727 3.847552 3.628614
v 20.309406 4.264880 0.001666
v 20.312801 4.244517 0.978801
v 20.502796 2.748289 3.584508
v 20.367083 3.786493 2.397010
v 20.781013 3.504871 0.001666
v 20.774227 3.504871 0.703979
v 20.781013 3.491293 1.531833
v 20.811546 3.379347 1.786302
v 20.957439 3.057019 2.095046
v 20.753872 2.442917 3.550578
v 21.327259 2.280065 2.736294
v 21.086369 2.164702 3.418259
v 20.872616 3.796675 3.570938
v 21.703865 3.124891 3.431833
v 20.892975 3.796675 3.872903
v 21.089760 3.817028 3.615045
v 21.727615 2.592201 3.207901
v 20.855652 4.095243 3.682897
v 22.046543 2.707554 2.644692
v 21.937973 2.463270 3.085762
v 22.351902 2.537907 2.475046
v 22.256897 2.320781 2.790580
v 21.758148 3.447200 2.118799
v 21.673328 3.783096 1.827015
v 22.392614 2.928108 1.932190
v 22.297611 3.348803 1.694696
v 21.676722 3.939165 1.620046
v 22.287430 3.572734 1.484334
v 21.788685 4.010405 0.703979
v 22.311180 3.722028 0.782016
v 21.842966 4.040949 0.001666
v 22.358688 3.786493 0.001666
v 22.776009 2.700760 2.067903
v 22.742075 2.392030 2.529329
v 22.677607 2.161304 2.844867
v 22.626717 2.215599 3.133258
v 22.060112 2.829711 3.353793
v 22.718325 2.276668 3.285937
v 22.677607 2.161304 2.844867
v 22.626717 2.215599 3.133258
v 22.718325 2.276668 3.285937
v 22.742075 2.392030 2.529329
v 22.881184 2.673633 2.719331
v 22.915108 3.019711 2.200229
v 22.776009 2.700760 2.067903
v 23.390108 3.627028 2.234155
v 23.149214 4.068096 1.677733
v 23.709038 3.294529 2.115410
v 22.928682 4.305586 1.860941
v 22.358688 3.786493 0.001666
v 22.311180 3.722028 0.782016
v 22.429934 4.013802 0.001666
v 22.406189 3.969699 0.883806
v 22.392614 3.850949 1.558976
v 22.616539 3.745768 1.558976
v 22.355293 3.677916 1.769335
v 22.619930 3.864528 0.900769
v 22.633501 3.945949 0.001666
v 23.278149 2.999348 2.040759
v 22.962608 4.332732 0.001666
v 22.847254 4.095243 0.001666
v 22.952433 4.319154 0.378273
v 22.864220 4.078278 0.608980
v 23.132252 4.200404 1.284159
v 23.132252 4.302188 0.748086
v 20.740297 4.692389 4.100218
v 20.675835 4.987550 4.185040
v 20.265301 5.387922 4.415756
v 19.864944 6.039323 4.751650
v 19.430660 6.677184 5.155396
v 19.084591 6.863797 5.318251
v 18.650307 7.220046 5.555749
v 18.002275 7.840932 5.901820
v 17.388166 8.465225 6.196998
v 17.008169 8.845215 6.366640
v 16.668884 9.092906 6.424320
v 16.149778 9.656100 6.118962
v 15.572996 10.378780 6.064676
v 14.918173 11.060745 6.376820
v 14.365141 11.413608 6.763600
v 13.530500 12.255028 7.693243
v 13.489784 12.495924 7.876459
v 17.014957 8.946999 6.583782
v 17.354240 8.655215 6.797534
v 16.831741 9.472885 6.478602
v 17.534058 8.492352 6.845033
v 17.724060 8.288795 6.743244
v 18.107450 7.922354 6.495569
v 18.487452 7.555933 6.230928
v 18.891197 7.165771 5.925570
v 19.271191 6.833253 5.643962
v 19.410305 6.850218 5.243608
v 19.590122 6.812910 5.124856
v 19.495125 6.911297 5.226646
v 19.495125 6.911297 5.226646
v 19.410305 6.850218 5.243608
v 19.423874 6.867184 5.569323
v 19.271191 6.833253 5.643962
v 20.709764 4.984153 4.056111
v 20.716549 4.807732 3.896652
v 20.197445 6.236126 4.734683
v 20.702978 5.696651 4.371649
v 21.099941 5.255574 4.096828
v 21.177971 5.119868 3.950936
v 21.452789 4.841663 3.811826
v 21.900654 4.373438 3.655757
v 22.243324 3.973096 3.621828
v 22.494400 3.637210 3.648971
v 22.338329 3.474347 3.608258
v 22.331543 3.291131 3.567545
v 22.796364 2.782201 3.523439
v 23.132252 2.134178 3.350399
v 22.952433 2.788995 3.570938
v 22.735287 2.839892 3.944149
v 22.436720 3.314872 3.920403
v 22.331543 3.291131 3.567545
v 22.338329 3.474347 3.608258
v 22.436720 3.314872 3.920403
v 23.061001 2.873814 3.604864
v 23.512247 2.405599 3.553972
v 23.061001 2.873814 3.604864
v 22.952433 2.788995 3.570938
v 22.894753 2.965416 3.978079
v 22.735287 2.839892 3.944149
v 22.606361 3.477734 3.937366
v 22.494400 3.637210 3.648971
v 9.004446 16.536795 9.596629
v 9.523552 16.387510 9.515200
v 10.680509 15.454477 9.213239
v 11.884970 14.290730 8.782345
v 12.892646 13.215218 8.266632
v 14.212462 11.573063 7.693243
v 16.617992 9.707018 6.400570
v 16.356745 9.964860 6.332710
v 16.054779 10.314316 6.329317
v 15.725676 10.687531 6.424320
v 15.430493 11.009858 6.610925
v 15.172638 11.288063 6.916279
v 14.955497 11.454323 7.289493
v 14.779068 11.522176 7.733956
v 14.633176 11.562901 8.195383
v 14.154782 12.020915 8.144490
v 13.720499 12.502708 8.063060
v 9.089269 16.675907 9.918950
v 8.471769 16.916803 10.186985
v 9.632125 16.475725 9.695022
v 10.758550 15.518944 9.321808
v 11.963005 14.378956 8.836631
v 13.014788 13.286457 8.351456
v 7.908557 17.313749 10.288771
v 8.095162 17.215363 10.326090
v 7.779628 18.107679 8.846811
v 7.772841 18.202679 8.989310
v 8.831410 19.179813 8.385381
v 8.498909 18.864300 8.527884
v 9.666051 18.633575 7.985028
v 8.441234 18.932144 8.656809
v 8.777128 19.220539 8.487167
v 9.686407 18.738756 8.266632
v 9.781406 18.769300 8.470204
v 9.150338 19.325722 9.209846
v 8.393734 18.172134 9.840914
v 8.919622 18.983030 9.403237
v 7.989987 17.547861 10.163235
v 8.329271 17.585190 10.173411
v 7.908557 17.313749 10.288771
v 7.989987 17.547861 10.163235
v 9.353910 18.708212 9.511806
v 9.082481 18.694643 9.576269
v 8.919622 18.983030 9.403237
v 9.150338 19.325722 9.209846
v 9.781406 18.769300 8.470204
v 10.402299 19.285015 8.778955
v 10.018904 18.891428 8.096994
v 10.463367 19.329109 8.232702
v 10.473547 19.305359 7.737350
v 10.463367 19.329109 8.232702
v 10.113908 18.959280 7.781456
v 10.018904 18.891428 8.096994
v 10.018904 18.891428 8.096994
v 9.879799 18.911791 7.995204
v 10.113908 18.959280 7.781456
v 10.001942 19.023756 7.703420
v 9.618551 18.497869 7.683063
v 8.614268 17.195019 7.985028
v 8.855160 17.072872 6.064676
v 8.654982 17.622519 6.498959
v 9.058732 18.379120 7.428602
v 8.539626 17.710733 7.557528
v 9.085876 18.348576 7.072351
v 8.800878 17.812498 6.485389
v 9.201231 17.551258 6.078249
v 9.686407 18.446972 7.068957
v 9.693193 18.290894 6.434496
v 10.073195 18.983030 7.214854
v 9.418373 17.795553 5.956107
v 10.195333 18.979643 7.180920
v 9.869622 18.273930 6.346283
v 9.761049 18.050007 6.115568
v 10.341229 19.203575 7.333599
v 10.195333 18.979643 7.180920
v 10.039261 18.514826 6.478602
v 9.869622 18.273930 6.346283
v 10.283549 18.826971 6.610925
v 10.381942 19.010178 6.773780
v 10.561760 19.274834 7.031639
v 10.690689 19.424109 7.235210
v 10.232656 18.660723 6.444676
v 9.900159 18.423223 6.220747
v 10.073195 18.606428 6.366640
v 10.541404 19.196791 6.787354
v 10.660152 19.142496 6.777177
v 10.592296 18.959280 6.726280
v 10.409081 18.969461 6.546458
v 10.527834 18.908394 6.529495
v 10.351405 18.667507 6.468426
v 9.906942 18.216257 6.149498
v 9.761049 18.050007 6.115568
v 10.202120 18.518213 6.061282
v 10.290337 18.660723 6.237711
v 10.029084 18.419827 6.057889
v 9.947655 18.036440 5.898427
v 10.086764 18.284100 6.068069
v 9.947655 18.036440 5.898427
v 10.269979 18.399483 6.064676
v 10.412475 18.572506 6.207179
v 10.979079 19.556437 7.394672
v 10.890867 19.702324 7.635564
v 11.111403 19.339291 7.292886
v 11.203008 19.410540 7.489671
v 10.124084 17.846439 5.857714
v 10.124084 17.846439 5.857714
v 10.337836 17.982155 6.030749
v 10.497297 18.124645 6.017176
v 10.656759 18.256964 6.190211
v 10.687296 18.240007 6.431103
v 10.890867 18.430006 6.512532
v 10.941761 18.440187 6.678781
v 11.067296 18.555540 6.743244
v 10.799261 18.952507 7.001101
v 11.094436 18.518213 6.973959
v 11.508363 18.854118 7.204670
v 12.203897 18.039825 7.007888
v 11.728898 17.703949 6.838246
v 11.688185 17.724293 6.621105
v 11.569435 17.608950 6.549852
v 11.515150 17.605553 6.386997
v 11.338720 17.466419 6.298780
v 11.328545 17.496984 6.091818
v 11.155509 17.368044 5.888247
v 10.996046 17.228931 5.895033
v 10.792475 17.093225 5.701646
v 10.792475 17.093225 5.701646
v 11.549080 16.326431 5.535393
v 12.200504 15.691978 5.369144
v 12.909613 17.211966 6.736461
v 12.461756 16.906622 6.607531
v 12.376932 16.906622 6.414139
v 12.275150 16.767509 6.359857
v 12.248008 16.794657 6.180035
v 12.068186 16.638599 6.108781
v 12.081755 16.730202 5.837354
v 11.912113 16.594465 5.633785
v 11.722115 16.418036 5.677892
v 11.549080 16.326431 5.535393
v 13.418539 16.479122 6.427713
v 13.011395 16.238216 6.400570
v 12.926575 16.245010 6.227534
v 12.804433 16.143217 5.979856
v 12.644968 15.990555 5.935750
v 12.692471 16.133055 5.606643
v 12.519431 16.010908 5.430213
v 12.332826 15.803943 5.518430
v 12.200504 15.691978 5.369144
v 12.821396 16.099123 6.173248
v 12.831573 15.128773 5.209683
v 13.357465 14.640205 5.026464
v 12.621218 15.508772 5.423427
v 12.831573 15.128773 5.209683
v 12.855322 15.281444 5.352178
v 13.072464 15.091444 5.294502
v 12.807823 15.736080 5.338608
v 13.031752 15.498590 5.263965
v 13.231930 15.311978 5.226646
v 12.919788 15.898943 5.538786
v 13.143717 15.664830 5.460750
v 13.320145 15.505375 5.433607
v 12.865503 15.749668 5.864497
v 13.096218 15.498590 5.806821
v 13.187823 15.383228 5.810215
v 13.242109 15.939669 6.329317
v 13.160680 15.953237 6.149498
v 13.052108 15.837874 6.095212
v 13.052108 15.858237 5.912000
v 13.248893 15.607159 5.867890
v 13.177643 15.688590 6.098605
v 13.303180 15.617320 6.085032
v 13.265860 15.773418 6.207179
v 13.381215 15.827703 6.386997
v 13.567823 15.515556 6.224141
v 13.276036 15.437522 5.935750
v 13.605144 16.465544 6.498959
v 13.282824 15.271262 5.840747
v 13.364252 15.356081 5.969676
v 13.486395 15.390013 5.453963
v 13.483002 15.155920 5.260575
v 13.337109 14.931989 5.311464
v 13.642464 15.305194 5.637179
v 13.788359 15.020194 5.481111
v 13.489784 15.379831 5.823784
v 13.710319 15.373047 5.759321
v 13.639074 14.796263 5.443783
v 13.357465 14.640205 5.026464
v 13.788359 14.677513 5.508249
v 13.968178 14.935375 5.548966
v 13.964787 15.118591 5.613430
v 14.063177 13.914127 4.772007
v 14.521210 13.473060 4.487005
v 15.223528 12.811448 3.811826
v 15.790138 12.319504 3.106118
v 16.224422 11.844484 2.091652
v 16.397457 11.698606 0.982194
v 16.417814 11.668062 0.001666
v 13.164073 17.083054 6.790747
v 13.947821 14.497695 5.270752
v 13.981750 14.545205 5.542180
v 14.063177 13.914127 4.772007
v 14.656926 14.280568 5.379321
v 15.097996 13.981980 5.196110
v 15.596742 13.622343 4.795756
v 14.521210 13.473060 4.487005
v 16.329597 13.123594 4.025578
v 15.223528 12.811448 3.811826
v 16.852097 12.553596 3.238437
v 15.790138 12.319504 3.106118
v 16.224422 11.844484 2.091652
v 17.276203 11.932699 2.088259
v 16.397457 11.698606 0.982194
v 17.354240 11.732538 0.961838
v 16.417814 11.668062 0.001666
v 17.449238 11.705391 0.001666
v 14.677282 14.334843 5.759321
v 15.284605 14.110922 5.569323
v 15.919067 13.785196 5.202897
v 16.278704 13.520559 4.643073
v 16.855490 13.398422 4.327543
v 16.604424 13.585026 4.819506
v 17.147274 13.215218 4.032365
v 17.629057 12.628233 3.411476
v 18.053167 12.065027 2.658262
v 18.287270 11.766460 1.857548
v 18.375481 11.654494 0.748086
v 18.389053 11.647720 0.001666
v 17.120132 13.520559 4.537898
v 17.330490 13.194855 4.185040
v 17.805487 12.570561 3.574328
v 18.232986 11.973425 2.814330
v 18.507809 11.654494 1.867728
v 18.592628 11.559505 1.036481
v 18.606201 11.549323 0.697193
v 18.619770 11.542539 0.001666
v 11.610152 18.949120 7.364136
v 12.285327 18.128042 7.150388
v 10.941761 19.753210 8.018954
v 11.077473 19.882141 7.947705
v 11.128366 19.899107 7.601634
v 11.342114 19.654833 7.496458
v 11.756041 19.176428 7.384492
v 12.471936 18.355370 7.191100
v 13.316753 17.364656 6.851816
v 13.951210 16.635201 6.481995
v 13.801929 15.603762 6.220747
v 13.615324 15.501978 5.949320
v 13.798535 15.434125 5.878070
v 14.154782 15.088047 5.688072
v 14.198893 14.898067 5.582893
v 13.937641 15.488409 6.146105
v 14.412642 15.057523 5.979856
v 14.463534 14.887886 5.772891
v 14.385498 14.748763 5.647355
v 14.093712 15.630899 6.305567
v 14.531389 15.169488 6.132535
v 14.714605 14.606264 5.769498
v 14.816387 14.830185 5.939143
v 14.863892 14.548592 5.789858
v 15.610315 14.450205 5.664319
v 15.118351 14.799660 5.861104
v 14.114069 15.803943 6.393784
v 14.650139 15.247522 6.166461
v 16.051388 14.202515 5.396288
v 16.529776 14.039661 5.118069
v 16.964058 13.961617 4.887362
v 17.466202 13.663059 4.436112
v 17.567989 13.506981 4.408969
v 17.700310 13.503584 4.320756
v 17.622269 13.551094 4.632893
v 18.663876 11.495029 0.849876
v 18.935305 11.671460 0.843093
v 19.040483 11.718960 0.887199
v 18.870842 11.579847 0.802376
v 18.843695 11.562901 0.656480
v 18.874235 11.617176 0.581841
v 18.887810 11.617176 0.001666
v 17.819056 13.350913 4.178254
v 18.039593 12.957345 3.822002
v 18.283875 12.573958 3.448796
v 18.548521 12.227880 3.007726
v 18.755482 12.017518 2.593799
v 18.931915 11.864847 2.078083
v 19.033695 11.769847 1.521657
v 17.998882 13.198242 5.301289
v 17.886911 13.330561 4.928075
v 18.073524 13.120197 5.114676
v 17.981918 13.218605 4.819506
v 17.958160 13.228786 4.575217
v 17.798700 13.432344 4.578611
v 18.019238 13.116800 4.395399
v 17.710487 13.364491 4.951825
v 17.842804 13.262707 5.403071
v 18.070131 13.093050 5.230039
v 18.049774 12.757164 5.162183
v 17.788525 12.977708 5.426820
v 11.264082 19.692142 7.893423
v 11.610152 19.281618 7.805206
v 11.929077 18.918575 7.720387
v 12.353183 18.446972 7.594851
v 12.682291 18.073757 7.493065
v 13.113180 17.595371 7.336993
v 13.550857 17.120361 7.146994
v 14.114069 16.485907 6.889139
v 14.236212 15.681796 6.760211
v 14.782461 15.159307 6.498959
v 15.267637 14.687695 6.271641
v 15.742639 14.345024 6.023962
v 16.193886 14.107534 5.766108
v 16.672277 13.961617 5.481111
v 16.987808 13.900549 5.297895
v 18.955666 11.525574 0.001666
v 18.952271 11.522176 0.503805
v 18.962448 11.437357 0.001666
v 18.955666 11.437357 0.527555
v 18.992985 11.484848 0.914338
v 17.693523 13.469673 4.887362
v 18.236376 12.750380 4.056111
v 18.480663 12.380562 3.672720
v 18.735126 12.034483 3.221470
v 18.925129 11.803778 2.810937
v 19.094767 11.644323 2.308798
v 19.196552 11.525574 1.769335
v 19.237265 11.481461 1.148443
v 17.415308 9.703621 5.861104
v 17.225311 10.243075 5.796641
v 17.836021 9.547543 5.484500
v 19.227085 11.142166 0.001666
v 19.206728 11.176098 0.714160
v 19.199945 11.193064 1.172193
v 19.467979 10.796099 0.690410
v 19.467979 10.799496 0.001666
v 19.454411 10.823246 1.365588
v 18.667271 11.837700 3.330043
v 18.881021 11.562901 2.899149
v 19.043877 11.386460 2.403797
v 19.155840 11.257529 1.837191
v 18.850485 11.620573 3.774503
v 19.101553 11.281279 3.245220
v 19.277977 11.060745 2.651475
v 19.413696 10.870746 2.040759
v 18.864059 11.457720 3.869509
v 19.104946 11.098064 3.343613
v 19.311913 10.843609 2.739688
v 19.451015 10.667187 2.098439
v 19.525661 10.599315 1.409695
v 19.552799 10.582369 0.700586
v 18.789408 11.199858 3.954329
v 19.040483 10.826643 3.414866
v 19.274586 10.599315 2.807544
v 19.440842 10.443236 2.169692
v 19.549410 10.334679 1.447014
v 19.596909 10.338076 0.703979
v 19.661373 9.978438 0.697193
v 19.596909 9.849507 1.542013
v 18.935305 10.371996 3.513259
v 19.213514 10.168419 2.899149
v 19.423874 9.991997 2.288441
v 18.684233 10.836824 4.012005
v 19.559586 10.578972 0.001666
v 19.613873 10.310928 0.001666
v 19.674942 9.975041 0.001666
v 19.624048 9.734145 1.223082
v 19.664761 9.693439 0.927912
v 19.610477 9.632360 1.399515
v 19.895481 9.652703 0.541124
v 19.915836 9.625576 0.001666
v 19.905657 9.445758 0.720943
v 19.929407 9.421998 0.001666
v 20.071905 9.265940 0.001666
v 20.065119 9.272724 0.798979
v 20.170301 8.848612 0.507198
v 20.170301 8.814691 0.001666
v 19.909050 8.519500 0.361302
v 19.912445 8.509318 0.001666
v 20.058334 8.271829 0.537735
v 20.170301 8.315931 0.001666
v 20.102442 9.136998 0.934695
v 19.695297 8.960577 1.789695
v 20.312801 8.237897 1.331658
v 20.316195 8.193794 0.785405
v 20.479046 7.522012 1.650582
v 20.434940 7.708604 0.968625
v 20.217800 8.098795 0.697193
v 19.793694 8.444862 2.037366
v 20.234764 8.125941 0.001666
v 19.155840 9.554307 3.068795
v 18.874235 9.802017 3.567545
v 19.451015 9.333793 2.498792
v 19.695297 9.103087 1.884691
v 19.800480 8.546647 2.196836
v 19.481554 8.719681 2.736294
v 19.091373 8.767171 3.357182
v 18.680840 9.123430 3.872903
v 19.491730 8.465225 2.841474
v 19.929407 8.275226 2.223979
v 19.780125 8.020770 2.844867
v 20.407799 7.579682 1.949153
v 20.265301 7.416841 2.610762
v 19.600300 7.501658 3.862723
v 19.227085 7.929158 4.059505
v 20.092262 6.996115 3.520045
v 18.599415 8.685749 4.239323
v 18.490845 9.170940 4.035755
v 18.762268 8.709499 4.045935
v 18.935305 8.349863 4.127361
v 20.570652 7.393080 1.694696
v 20.899757 6.833253 1.799872
v 20.750477 6.745037 2.468260
v 20.641909 6.453273 3.123082
v 20.499401 7.657717 0.904162
v 21.001543 6.867184 0.921125
v 21.011719 6.884150 0.001666
v 20.523151 7.667898 0.001666
v 20.401012 7.969864 0.001666
v 20.384048 7.973261 0.612374
v 21.374760 6.107195 1.748979
v 21.439220 6.164866 0.938088
v 21.459583 6.171651 0.001666
v 21.574936 5.455775 2.461473
v 21.198334 5.839161 2.749868
v 21.242439 6.012196 2.413973
v 21.747971 5.513446 1.810052
v 21.836185 5.523627 1.019518
v 21.846359 5.554162 0.001666
v 22.117790 5.031663 1.426658
v 22.104218 5.109697 0.900769
v 21.904045 5.055412 2.318974
v 22.080467 4.994334 1.847371
v 22.080467 5.167368 0.001666
v 22.256897 4.783992 1.623439
v 22.331543 4.624516 1.843978
v 22.277254 4.587208 2.173086
v 21.999044 4.855231 2.397010
v 22.134754 4.967197 0.758266
v 22.121185 5.011300 0.001666
v 22.419758 4.997731 0.771836
v 22.280643 5.123265 0.917732
v 22.416365 5.062197 0.001666
v 22.263681 5.018085 1.392732
v 22.443508 4.790776 1.582726
v 22.643681 4.638095 1.789695
v 22.626717 4.529516 2.196836
v 22.209400 4.875594 2.498792
v 22.077080 5.089334 2.430936
v 21.720829 5.486309 2.553087
v 21.130478 5.683084 2.899149
v 21.313686 5.710230 3.075582
v 20.580830 6.314160 3.265576
v 20.760654 6.307366 3.479332
v 20.014229 6.890944 3.662540
v 20.183876 6.914674 3.835576
v 19.512087 7.413443 4.001829
v 19.637623 7.443967 4.195217
v 19.138874 7.847716 4.202003
v 19.186371 7.963079 4.422543
v 18.830120 8.258260 4.317363
v 18.959055 8.268432 4.476825
v 18.738520 8.678955 4.459862
v 18.596020 9.143793 4.252896
v 18.484058 11.593426 4.456468
v 18.372089 11.074314 4.459862
v 18.209236 12.000572 4.833076
v 18.412809 12.170209 3.794859
v 18.562092 12.024302 4.208790
v 18.555307 11.891994 4.388612
v 18.168520 12.536631 4.185040
v 18.317806 12.366993 4.568430
v 18.307625 12.248243 4.727901
v 18.636734 9.937713 3.923793
v 18.480663 9.649306 4.127361
v 18.643520 10.158257 3.944149
v 18.406017 10.409315 4.290224
v 18.507809 10.382168 4.157897
v 18.002275 10.528055 4.744864
v 18.171913 10.198963 4.534504
v 17.771561 11.179495 5.033250
v 17.866554 12.550199 5.274145
v 18.005669 12.350038 5.104500
v 17.676559 12.417891 5.382714
v 17.540844 11.959846 5.358964
v 17.734238 12.821630 5.433607
v 17.961555 12.886105 4.503968
v 17.961555 12.920016 4.693966
v 18.141380 12.648596 4.846645
v 18.066738 12.811448 5.033250
v 18.151558 12.523071 4.978968
v 17.405128 13.306820 5.772891
v 17.869949 13.228786 5.521823
v 17.150669 13.449310 5.270752
v 17.377987 11.919141 5.409857
v 17.608700 11.108246 5.080750
v 17.846199 10.409315 4.785576
v 17.992096 10.080202 4.615930
v 17.785130 12.872526 5.596463
v 17.456024 11.875029 5.610036
v 17.730843 11.030210 5.284325
v 17.992096 10.351633 5.019681
v 18.277092 9.818963 4.731294
v 18.070131 9.927542 4.520931
v 18.222805 10.073419 4.436112
v 18.402624 9.428782 4.161291
v 18.545128 9.411817 4.449686
v 18.307625 9.544145 4.249503
v 18.358519 9.747724 4.188434
v 18.416203 9.988600 3.971292
v 18.361912 10.246472 4.191823
v 22.993145 4.064699 2.285048
v 22.942253 4.482026 1.050050
v 22.711538 4.556664 1.345232
v 22.735287 4.644879 0.955055
v 22.952433 4.363256 1.545407
v 22.959217 4.536301 0.608980
v 22.748856 4.712732 0.490235
v 23.044037 4.210586 1.616656
v 22.959217 3.345416 3.333432
v 23.047432 3.070598 3.513259
v 22.667431 3.572734 3.540402
v 22.681002 3.708459 3.299506
v 18.565483 9.174327 4.622717
v 18.738520 8.672171 4.778790
v 18.287270 9.533963 4.853432
v 18.355125 8.434681 5.599856
v 17.941198 8.835053 5.840747
v 17.774950 10.188782 5.284325
v 17.564594 9.211646 6.040926
v 17.079418 9.954679 6.085032
v 16.909777 10.307531 6.074856
v 17.096382 10.680756 5.837354
v 17.388166 11.210030 5.620212
v 17.235489 9.496635 6.247891
v 16.546738 11.929302 6.247891
v 16.886026 11.281279 5.990033
v 16.078529 11.793607 6.536282
v 16.502632 11.325382 6.268248
v 16.770668 10.721462 6.105388
v 17.829235 8.753613 6.085032
v 17.483170 9.082725 6.373427
v 17.137094 11.858063 5.874677
v 19.406910 7.152204 5.267358
v 19.047266 7.566114 5.396288
v 19.349236 7.410046 5.063787
v 19.047266 7.732364 5.216470
v 19.708872 7.362546 4.527718
v 19.542624 7.196297 4.968788
v 19.254227 7.878261 4.738077
v 18.965841 8.265044 4.819506
v 20.848869 6.198798 3.699864
v 20.886189 5.985048 3.564152
v 21.011719 5.713617 3.920403
v 20.828510 5.917195 4.045935
v 20.251732 6.514332 4.463255
v 19.590122 6.812910 5.124856
v 20.197445 6.236126 4.734683
v 23.227253 2.989166 3.347006
v 22.402794 4.051130 3.289326
v 22.243324 3.973096 3.621828
v 18.487452 7.555933 6.230928
v 18.107450 7.922354 6.495569
v 18.572271 7.705207 6.166461
v 18.182095 8.064863 6.441283
v 17.496738 8.645043 6.868779
v 17.534058 8.492352 6.845033
v 17.354240 8.655215 6.797534
v 16.950489 9.516998 6.498959
v 17.612095 8.597534 6.811103
v 19.298342 6.999513 5.660929
v 17.724060 8.288795 6.743244
v 17.774950 8.495749 6.688961
v 18.891197 7.165771 5.925570
v 19.003159 7.291296 5.854321
v 15.969957 12.255028 6.617712
v 15.423706 12.631630 7.068957
v 15.661207 12.092175 6.858603
v 15.294781 12.271994 7.238604
v 8.593912 17.100019 10.214124
v 8.471769 16.916803 10.186985
v 8.325878 17.323931 10.309127
v 8.095162 17.215363 10.326090
v 10.629616 17.686974 9.131809
v 10.965509 18.209463 8.860381
v 11.912113 17.266258 8.541454
v 11.382830 16.540182 8.951991
v 10.466761 17.483406 9.257345
v 11.481223 18.202679 8.141101
v 11.518543 18.318041 7.903599
v 11.922294 18.650541 7.754313
v 11.705152 18.077145 7.859492
v 11.667829 18.002499 8.100384
v 12.088542 18.463938 7.706813
v 12.471936 17.242510 7.615207
v 12.441400 17.184837 7.842525
v 12.841753 17.615734 7.459139
v 12.261578 17.374838 7.903599
v 12.264971 17.473215 7.683063
v 12.675505 17.812498 7.520208
v 11.311578 19.315540 7.917172
v 11.165689 19.505539 7.957886
v 10.941761 19.753210 8.018954
v 10.731406 19.176428 8.124133
v 10.921400 18.942326 8.086814
v 13.075857 16.574123 7.384492
v 12.064793 17.534302 8.300562
v 11.454080 18.178928 8.507524
v 10.877295 18.860903 8.314136
v 10.931584 18.748938 8.656809
v 10.677115 19.074642 8.368418
v 13.150503 16.384123 7.900209
v 9.733907 18.545370 9.416811
v 9.425159 18.477516 9.596629
v 8.709268 17.432508 10.159842
v 10.344619 18.786247 9.033416
v 8.641412 18.039825 9.929126
v 8.393734 18.172134 9.840914
v 9.479445 17.649656 9.711985
v 9.910336 16.988054 9.637341
v 9.102839 17.303577 9.973232
v 8.892480 17.673405 10.000376
v 9.238554 16.889656 9.946093
v 9.754263 16.655563 9.728948
v 9.632125 16.475725 9.695022
v 9.089269 16.675907 9.918950
v 22.731894 3.905243 2.878793
v 23.054214 3.569346 2.895756
v 18.253342 8.339682 5.847534
v 16.244778 10.490746 6.393784
v 14.653532 14.850548 6.661818
v 15.125138 14.351809 6.403964
v 13.031752 16.136452 8.120740
v 12.604254 15.417159 8.456631
v 14.022464 15.522341 6.987528
v 13.574607 16.024487 7.160564
v 14.147995 15.315375 7.493065
v 22.287430 3.572734 1.484334
v 14.874066 13.018414 7.465921
v 15.040316 12.299141 7.564314
v 16.797813 9.785042 6.424320
v 14.310854 12.197336 8.158064
v 14.782461 12.109121 8.005384
v 14.758711 11.746098 8.205563
v 16.336384 13.238947 6.502352
v 16.899597 13.052345 6.149498
v 18.650307 7.952918 5.630392
v 16.617992 9.707018 6.400570
v 16.831741 9.472885 6.478602
v 15.898706 10.860575 6.495569
v 15.583172 11.206642 6.692354
v 15.759602 13.523947 6.851816
v 23.234039 2.571849 2.726118
v 23.583496 2.615941 3.255400
v 23.661537 2.928108 2.763437
v 23.512247 2.405599 3.553972
v 23.132252 2.134178 3.350399
v 14.701031 14.402695 7.401455
v 14.036034 15.081263 7.696637
v 14.809601 14.646989 7.197887
v 10.904438 15.681796 9.335377
v 12.119079 14.548592 8.846811
v 10.758550 15.518944 9.321808
v 11.963005 14.378956 8.836631
v 13.639074 14.358593 7.995204
v 16.672277 13.540913 5.538786
v 15.335493 11.464504 6.980742
v 15.121745 11.640936 7.353956
v 23.288322 3.308087 2.872006
v 14.928353 11.691813 7.767887
v 11.077473 15.966795 9.230202
v 12.309077 14.867514 8.724666
v 14.480495 12.631630 7.930742
v 15.617102 13.988765 6.152892
v 13.187823 13.462878 8.361635
v 13.014788 13.286457 8.351456
v 13.900320 12.713051 8.086814
v 13.720499 12.502708 8.063060
v 14.321034 13.629128 7.713600
v 14.090321 13.069301 7.985028
v 14.779068 11.522176 7.733956
v 14.633176 11.562901 8.195383
v 14.955497 11.454323 7.289493
v 15.223528 13.907343 7.146994
v 15.834246 13.812344 6.671994
v 15.328711 14.171989 6.936635
v 17.425484 12.957345 5.837354
v 16.957275 13.391638 6.020569
v 16.553526 10.110746 6.376820
v 15.172638 11.288063 6.916279
v 22.467257 4.308983 2.838080
v 16.129417 13.717344 5.854321
v 16.387278 13.551094 6.349677
v 22.701357 4.729697 0.001666
v 16.356745 9.964860 6.332710
v 16.054779 10.314316 6.329317
v 14.154782 12.020915 8.144490
v 13.381215 13.808947 8.246276
v 21.992256 4.546482 3.296113
v 22.114399 4.746663 2.875399
v 21.900654 4.373438 3.655757
v 21.059227 5.445594 3.805039
v 21.293327 5.574525 3.323256
v 20.261908 6.802729 4.134148
v 18.741909 8.037736 5.389501
v 20.702978 5.696651 4.371649
v 15.725676 10.687531 6.424320
v 15.430493 11.009858 6.610925
v 22.297611 3.348803 1.694696
v 21.177971 5.119868 3.950936
v 21.099941 5.255574 4.096828
v 21.595291 5.269153 3.136651
v 21.452789 4.841663 3.811826
v 21.510475 5.004516 3.509865
v 10.042654 18.962677 -9.097950
v 9.584621 19.149281 -9.298129
v 9.448909 18.816792 -9.508480
v 7.579450 16.723417 -9.101344
v 7.060347 17.239111 -9.175982
v 7.694808 16.611441 -8.870633
v 14.979246 10.623075 -2.037436
v 15.138708 10.480565 -1.080657
v 17.072632 8.509318 -2.417437
v 18.945484 6.629694 -2.302081
v 18.965841 6.124141 -3.950998
v 18.219414 6.962184 -4.500644
v 19.274586 5.557559 -3.591361
v 17.574772 7.606840 -4.822961
v 16.533169 8.638249 -5.250458
v 15.104782 10.073419 -5.036714
v 19.854767 5.170755 -2.169755
v 19.875124 4.950232 -3.316540
v 20.004049 4.519355 -0.995838
v 20.116013 3.895061 -3.547255
v 20.021011 4.370041 -2.051010
v 19.997261 4.668629 -4.219036
v 20.160126 3.850949 -3.988325
v 19.389946 5.343809 -4.561718
v 19.050659 6.039323 -4.965468
v 18.663876 6.507547 -5.274211
v 18.249950 6.945218 -5.545636
v 17.625664 7.600045 -5.905280
v 16.597635 8.607716 -6.373497
v 16.370314 8.824872 -6.356530
v 16.984417 8.224319 -6.200458
v 15.796922 9.374488 -6.085098
v 15.125138 10.046291 -6.024025
v 13.896929 11.294857 -5.572783
v 14.446571 10.714678 -6.336170
v 13.890142 11.267700 -6.821346
v 12.587288 12.621449 -7.085991
v 13.459251 11.708788 -7.323489
v 13.058895 12.153244 -7.859559
v 10.894258 14.290730 -7.862953
v 8.804267 16.448580 -8.446522
v 10.487117 15.152523 -5.365817
v 8.797484 16.872690 -5.783141
v 8.509089 17.113577 -8.449915
v 14.456747 11.203245 -3.062075
v 13.812109 11.810573 -3.832253
v 12.125860 13.500207 -4.941714
v 13.153896 12.465380 -4.422612
v 8.522659 16.652166 -9.640806
v 9.191054 16.038055 -9.488128
v 10.246226 14.976101 -9.179376
v 11.393010 13.836094 -8.755273
v 12.400682 12.808051 -8.246344
v 20.329765 4.085061 -1.806728
v 20.346727 3.847552 -3.628684
v 20.312801 4.244517 -0.978871
v 20.502796 2.748289 -3.584578
v 20.367083 3.786493 -2.397080
v 20.774227 3.504871 -0.704050
v 20.781013 3.491293 -1.531903
v 20.811546 3.379347 -1.786364
v 20.753872 2.442917 -3.550648
v 20.957439 3.057019 -2.095116
v 21.086369 2.164702 -3.418325
v 21.327259 2.280065 -2.736364
v 21.703865 3.124891 -3.431895
v 20.872616 3.796675 -3.571005
v 20.892975 3.796675 -3.872965
v 21.089760 3.817028 -3.615111
v 21.727615 2.592201 -3.207971
v 20.855652 4.095243 -3.682967
v 22.046543 2.707554 -2.644754
v 21.937973 2.463270 -3.085824
v 22.256897 2.320781 -2.790651
v 22.351902 2.537907 -2.475113
v 21.758148 3.447200 -2.118865
v 21.673328 3.783096 -1.827085
v 22.392614 2.928108 -1.932260
v 22.297611 3.348803 -1.694758
v 21.676722 3.939165 -1.620116
v 22.287430 3.572734 -1.484403
v 21.788685 4.010405 -0.704050
v 22.311180 3.722028 -0.782082
v 22.776009 2.700760 -2.067973
v 22.742075 2.392030 -2.529399
v 22.677607 2.161304 -2.844937
v 22.626717 2.215599 -3.133328
v 22.060112 2.829711 -3.353859
v 22.677607 2.161304 -2.844937
v 22.718325 2.276668 -3.286003
v 22.626717 2.215599 -3.133328
v 22.718325 2.276668 -3.286003
v 22.742075 2.392030 -2.529399
v 22.881184 2.673633 -2.719401
v 22.776009 2.700760 -2.067973
v 22.915108 3.019711 -2.200291
v 23.149214 4.068096 -1.677795
v 23.390108 3.627028 -2.234217
v 23.709038 3.294529 -2.115472
v 22.928682 4.305586 -1.861011
v 22.311180 3.722028 -0.782082
v 22.406189 3.969699 -0.883868
v 22.616539 3.745768 -1.559046
v 22.392614 3.850949 -1.559046
v 22.355293 3.677916 -1.769401
v 22.619930 3.864528 -0.900831
v 23.278149 2.999348 -2.040829
v 22.952433 4.319154 -0.378335
v 22.864220 4.078278 -0.609050
v 23.132252 4.200404 -1.284225
v 23.132252 4.302188 -0.748156
v 20.740297 4.692389 -4.100287
v 20.675835 4.987550 -4.185110
v 20.265301 5.387922 -4.415825
v 19.864944 6.039323 -4.751708
v 19.430660 6.677184 -5.155458
v 19.084591 6.863797 -5.318318
v 18.650307 7.220046 -5.555816
v 18.002275 7.840932 -5.901887
v 17.388166 8.465225 -6.197064
v 17.008169 8.845215 -6.366710
v 16.668884 9.092906 -6.424382
v 16.149778 9.656100 -6.119024
v 15.572996 10.378780 -6.064745
v 14.918173 11.060745 -6.376883
v 14.365141 11.413608 -6.763674
v 13.530500 12.255028 -7.693314
v 13.489784 12.495924 -7.876518
v 17.014957 8.946999 -6.583856
v 17.354240 8.655215 -6.797600
v 16.831741 9.472885 -6.478669
v 17.534058 8.492352 -6.845099
v 17.724060 8.288795 -6.743314
v 18.107450 7.922354 -6.495636
v 18.487452 7.555933 -6.230999
v 18.891197 7.165771 -5.925641
v 19.271191 6.833253 -5.644028
v 19.410305 6.850218 -5.243671
v 19.590122 6.812910 -5.124926
v 19.495125 6.911297 -5.226712
v 19.271191 6.833253 -5.644028
v 19.410305 6.850218 -5.243671
v 19.423874 6.867184 -5.569389
v 19.495125 6.911297 -5.226712
v 20.709764 4.984153 -4.056181
v 20.716549 4.807732 -3.896715
v 20.197445 6.236126 -4.734749
v 20.702978 5.696651 -4.371711
v 21.099941 5.255574 -4.096898
v 21.177971 5.119868 -3.947608
v 21.452789 4.841663 -3.811896
v 21.900654 4.373438 -3.655828
v 22.243324 3.973096 -3.621897
v 22.338329 3.474347 -3.608328
v 22.494400 3.637210 -3.649041
v 22.331543 3.291131 -3.567615
v 22.796364 2.782201 -3.523501
v 23.132252 2.134178 -3.350470
v 22.952433 2.788995 -3.571005
v 22.735287 2.839892 -3.944215
v 22.331543 3.291131 -3.567615
v 22.436720 3.314872 -3.920465
v 22.338329 3.474347 -3.608328
v 22.436720 3.314872 -3.920465
v 23.512247 2.405599 -3.554042
v 23.061001 2.873814 -3.604934
v 22.735287 2.839892 -3.944215
v 22.952433 2.788995 -3.571005
v 22.894753 2.965416 -3.978149
v 23.061001 2.873814 -3.604934
v 22.494400 3.637210 -3.649041
v 22.606361 3.477734 -3.937428
v 9.004446 16.536795 -9.596693
v 9.523552 16.387510 -9.515267
v 10.680509 15.454477 -9.213310
v 11.884970 14.290730 -8.782420
v 12.892646 13.215218 -8.266704
v 14.212462 11.573063 -7.693314
v 16.617992 9.707018 -6.400637
v 16.356745 9.964860 -6.332776
v 16.054779 10.314316 -6.329391
v 15.725676 10.687531 -6.424382
v 15.430493 11.009858 -6.610995
v 15.172638 11.288063 -6.916345
v 14.955497 11.454323 -7.289563
v 14.779068 11.522176 -7.734026
v 14.633176 11.562901 -8.195450
v 14.154782 12.020915 -8.144557
v 13.720499 12.502708 -8.063131
v 8.471769 16.916803 -10.187056
v 9.089269 16.675907 -9.919018
v 9.632125 16.475725 -9.695092
v 10.758550 15.518944 -9.321876
v 11.963005 14.378956 -8.836699
v 13.014788 13.286457 -8.351522
v 8.095162 17.215363 -10.326161
v 7.908557 17.313749 -10.288835
v 7.779628 18.107679 -8.846879
v 7.772841 18.202679 -8.989378
v 8.498909 18.864300 -8.527955
v 8.831410 19.179813 -8.385456
v 9.666051 18.633575 -7.985099
v 8.777128 19.220539 -8.487234
v 8.441234 18.932144 -8.656880
v 9.150338 19.325722 -9.209916
v 9.781406 18.769300 -8.470276
v 9.686407 18.738756 -8.266704
v 8.919622 18.983030 -9.403308
v 8.393734 18.172134 -9.840985
v 7.989987 17.547861 -10.163302
v 7.908557 17.313749 -10.288835
v 8.329271 17.585190 -10.173482
v 7.989987 17.547861 -10.163302
v 9.353910 18.708212 -9.511873
v 9.082481 18.694643 -9.576340
v 8.919622 18.983030 -9.403308
v 9.150338 19.325722 -9.209916
v 9.781406 18.769300 -8.470276
v 10.402299 19.285015 -8.779027
v 10.018904 18.891428 -8.097057
v 10.463367 19.329109 -8.232770
v 10.473547 19.305359 -7.737420
v 10.113908 18.959280 -7.781526
v 10.463367 19.329109 -8.232770
v 10.018904 18.891428 -8.097057
v 10.018904 18.891428 -8.097057
v 9.879799 18.911791 -7.995279
v 10.113908 18.959280 -7.781526
v 10.001942 19.023756 -7.703486
v 9.618551 18.497869 -7.683134
v 8.614268 17.195019 -7.985099
v 8.855160 17.072872 -6.064745
v 9.058732 18.379120 -7.428668
v 8.654982 17.622519 -6.499029
v 8.539626 17.710733 -7.557601
v 9.085876 18.348576 -7.072425
v 8.800878 17.812498 -6.485456
v 9.201231 17.551258 -6.078311
v 9.686407 18.446972 -7.069032
v 9.693193 18.290894 -6.434562
v 10.073195 18.983030 -7.214916
v 9.418373 17.795553 -5.956173
v 10.195333 18.979643 -7.180991
v 9.869622 18.273930 -6.346350
v 9.761049 18.050007 -6.115631
v 10.341229 19.203575 -7.333669
v 10.195333 18.979643 -7.180991
v 10.039261 18.514826 -6.478669
v 9.869622 18.273930 -6.346350
v 10.283549 18.826971 -6.610995
v 10.381942 19.010178 -6.773847
v 10.561760 19.274834 -7.031704
v 10.690689 19.424109 -7.235277
v 10.232656 18.660723 -6.444742
v 9.900159 18.423223 -6.220818
v 10.073195 18.606428 -6.366710
v 10.541404 19.196791 -6.787420
v 10.660152 19.142496 -6.777240
v 10.592296 18.959280 -6.726346
v 10.409081 18.969461 -6.546528
v 10.527834 18.908394 -6.529562
v 10.351405 18.667507 -6.468489
v 9.906942 18.216257 -6.149573
v 9.761049 18.050007 -6.115631
v 10.290337 18.660723 -6.237785
v 10.202120 18.518213 -6.061352
v 10.029084 18.419827 -6.057959
v 9.947655 18.036440 -5.898493
v 10.086764 18.284100 -6.068139
v 9.947655 18.036440 -5.898493
v 10.269979 18.399483 -6.064745
v 10.412475 18.572506 -6.207245
v 10.890867 19.702324 -7.635634
v 10.979079 19.556437 -7.394734
v 11.111403 19.339291 -7.292957
v 11.203008 19.410540 -7.489742
v 10.124084 17.846439 -5.857780
v 10.124084 17.846439 -5.857780
v 10.337836 17.982155 -6.030812
v 10.497297 18.124645 -6.017246
v 10.656759 18.256964 -6.190285
v 10.687296 18.240007 -6.431169
v 10.890867 18.430006 -6.512595
v 10.941761 18.440187 -6.678855
v 11.067296 18.555540 -6.743314
v 10.799261 18.952507 -7.001164
v 11.094436 18.518213 -6.974025
v 11.508363 18.854118 -7.204744
v 12.203897 18.039825 -7.007951
v 11.728898 17.703949 -6.838313
v 11.688185 17.724293 -6.621175
v 11.569435 17.608950 -6.549922
v 11.515150 17.605553 -6.387063
v 11.338720 17.466419 -6.298851
v 11.328545 17.496984 -6.091885
v 11.155509 17.368044 -5.888320
v 10.996046 17.228931 -5.895100
v 10.792475 17.093225 -5.701708
v 10.792475 17.093225 -5.701708
v 11.549080 16.326431 -5.535463
v 12.200504 15.691978 -5.369211
v 12.461756 16.906622 -6.607602
v 12.909613 17.211966 -6.736527
v 12.376932 16.906622 -6.414210
v 12.275150 16.767509 -6.359923
v 12.248008 16.794657 -6.180105
v 12.068186 16.638599 -6.108852
v 12.081755 16.730202 -5.837428
v 11.912113 16.594465 -5.633848
v 11.722115 16.418036 -5.677955
v 11.549080 16.326431 -5.535463
v 13.418539 16.479122 -6.427775
v 13.011395 16.238216 -6.400637
v 12.926575 16.245010 -6.227605
v 12.804433 16.143217 -5.979919
v 12.644968 15.990555 -5.935812
v 12.692471 16.133055 -5.606709
v 12.519431 16.010908 -5.430284
v 12.332826 15.803943 -5.518497
v 12.200504 15.691978 -5.369211
v 12.821396 16.099123 -6.173318
v 12.831573 15.128773 -5.209745
v 13.357465 14.640205 -5.026534
v 12.621218 15.508772 -5.423497
v 12.831573 15.128773 -5.209745
v 12.855322 15.281444 -5.352252
v 13.072464 15.091444 -5.294572
v 12.807823 15.736080 -5.338678
v 13.031752 15.498590 -5.264031
v 13.231930 15.311978 -5.226712
v 12.919788 15.898943 -5.538857
v 13.143717 15.664830 -5.460816
v 13.320145 15.505375 -5.433678
v 12.865503 15.749668 -5.864567
v 13.096218 15.498590 -5.806888
v 13.187823 15.383228 -5.810281
v 13.242109 15.939669 -6.329391
v 13.160680 15.953237 -6.149573
v 13.052108 15.837874 -6.095279
v 13.052108 15.858237 -5.912067
v 13.248893 15.607159 -5.867960
v 13.177643 15.688590 -6.098672
v 13.303180 15.617320 -6.085098
v 13.265860 15.773418 -6.207245
v 13.381215 15.827703 -6.387063
v 13.567823 15.515556 -6.224212
v 13.276036 15.437522 -5.935812
v 13.605144 16.465544 -6.499029
v 13.282824 15.271262 -5.840821
v 13.364252 15.356081 -5.969747
v 13.486395 15.390013 -5.454030
v 13.483002 15.155920 -5.260638
v 13.337109 14.931989 -5.311539
v 13.642464 15.305194 -5.637241
v 13.788359 15.020194 -5.481177
v 13.489784 15.379831 -5.823854
v 13.710319 15.373047 -5.759387
v 13.639074 14.796263 -5.443858
v 13.357465 14.640205 -5.026534
v 13.788359 14.677513 -5.508317
v 13.964787 15.118591 -5.613496
v 13.968178 14.935375 -5.549029
v 14.063177 13.914127 -4.772068
v 14.521210 13.473060 -4.487071
v 15.223528 12.811448 -3.811896
v 15.790138 12.319504 -3.106189
v 16.224422 11.844484 -2.091722
v 16.397457 11.698606 -0.982264
v 13.164073 17.083054 -6.790813
v 13.947821 14.497695 -5.270818
v 13.981750 14.545205 -5.542242
v 14.063177 13.914127 -4.772068
v 15.097996 13.981980 -5.196172
v 14.656926 14.280568 -5.379391
v 14.521210 13.473060 -4.487071
v 15.596742 13.622343 -4.795815
v 15.223528 12.811448 -3.811896
v 16.329597 13.123594 -4.025648
v 15.790138 12.319504 -3.106189
v 16.852097 12.553596 -3.238507
v 16.224422 11.844484 -2.091722
v 17.276203 11.932699 -2.088329
v 16.397457 11.698606 -0.982264
v 17.354240 11.732538 -0.958515
v 14.677282 14.334843 -5.759387
v 15.284605 14.110922 -5.569389
v 15.919067 13.785196 -5.202959
v 16.278704 13.520559 -4.643143
v 16.855490 13.398422 -4.327605
v 16.604424 13.585026 -4.819568
v 17.147274 13.215218 -4.032431
v 17.629057 12.628233 -3.411539
v 18.053167 12.065027 -2.658324
v 18.287270 11.766460 -1.857617
v 18.375481 11.654494 -0.748156
v 17.120132 13.520559 -4.537964
v 17.330490 13.194855 -4.185110
v 17.805487 12.570561 -3.574398
v 18.232986 11.973425 -2.814400
v 18.507809 11.654494 -1.867798
v 18.592628 11.559505 -1.036551
v 18.606201 11.549323 -0.697263
v 11.610152 18.949120 -7.364202
v 12.285327 18.128042 -7.150457
v 10.941761 19.753210 -8.019025
v 11.077473 19.882141 -7.947779
v 11.128366 19.899107 -7.601708
v 11.342114 19.654833 -7.496529
v 11.756041 19.176428 -7.384562
v 12.471936 18.355370 -7.191171
v 13.316753 17.364656 -6.851886
v 13.951210 16.635201 -6.482062
v 13.801929 15.603762 -6.220818
v 13.615324 15.501978 -5.949386
v 13.798535 15.434125 -5.878140
v 14.154782 15.088047 -5.688135
v 14.198893 14.898067 -5.582963
v 13.937641 15.488409 -6.146171
v 14.412642 15.057523 -5.979919
v 14.463534 14.887886 -5.772961
v 14.385498 14.748763 -5.647421
v 14.093712 15.630899 -6.305637
v 14.531389 15.169488 -6.132598
v 14.714605 14.606264 -5.769568
v 14.816387 14.830185 -5.939206
v 14.863892 14.548592 -5.789928
v 15.118351 14.799660 -5.861174
v 15.610315 14.450205 -5.664388
v 14.114069 15.803943 -6.393850
v 14.650139 15.247522 -6.166532
v 16.051388 14.202515 -5.396358
v 16.529776 14.039661 -5.118139
v 16.964058 13.961617 -4.887428
v 17.466202 13.663059 -4.436185
v 17.567989 13.506981 -4.409031
v 17.700310 13.503584 -4.320822
v 17.622269 13.551094 -4.632963
v 18.663876 11.495029 -0.849938
v 19.040483 11.718960 -0.887261
v 18.935305 11.671460 -0.843155
v 18.870842 11.579847 -0.802442
v 18.874235 11.617176 -0.581907
v 18.843695 11.562901 -0.656550
v 17.819056 13.350913 -4.178323
v 18.039593 12.957345 -3.822072
v 18.283875 12.573958 -3.448858
v 18.548521 12.227880 -3.007788
v 18.755482 12.017518 -2.593862
v 18.931915 11.864847 -2.078149
v 19.033695 11.769847 -1.521727
v 17.981918 13.218605 -4.819568
v 17.886911 13.330561 -4.928141
v 18.073524 13.120197 -5.114746
v 17.998882 13.198242 -5.301359
v 17.798700 13.432344 -4.578676
v 18.019238 13.116800 -4.395465
v 17.958160 13.228786 -4.575283
v 17.710487 13.364491 -4.951895
v 17.842804 13.262707 -5.403144
v 18.070131 13.093050 -5.230105
v 18.049774 12.757164 -5.162245
v 17.788525 12.977708 -5.426891
v 11.264082 19.692142 -7.893493
v 11.610152 19.281618 -7.805272
v 11.929077 18.918575 -7.720453
v 12.353183 18.446972 -7.594921
v 12.682291 18.073757 -7.493135
v 13.113180 17.595371 -7.337062
v 13.550857 17.120361 -7.147064
v 14.114069 16.485907 -6.889206
v 14.236212 15.681796 -6.760281
v 14.782461 15.159307 -6.499029
v 15.267637 14.687695 -6.271711
v 15.742639 14.345024 -6.024025
v 16.193886 14.107534 -5.766174
v 16.672277 13.961617 -5.481177
v 16.987808 13.900549 -5.297965
v 18.952271 11.522176 -0.503875
v 18.955666 11.437357 -0.527625
v 18.992985 11.484848 -0.914404
v 17.693523 13.469673 -4.887428
v 18.236376 12.750380 -4.056181
v 18.480663 12.380562 -3.672791
v 18.735126 12.034483 -3.221540
v 18.925129 11.803778 -2.811007
v 19.094767 11.644323 -2.308868
v 19.196552 11.525574 -1.769401
v 19.237265 11.481461 -1.148513
v 17.225311 10.243075 -5.796715
v 17.415308 9.703621 -5.861174
v 17.836021 9.547543 -5.484570
v 19.206728 11.176098 -0.714230
v 19.199945 11.193064 -1.172263
v 19.467979 10.796099 -0.690480
v 19.454411 10.823246 -1.365651
v 18.667271 11.837700 -3.330109
v 18.881021 11.562901 -2.899220
v 19.043877 11.386460 -2.403867
v 19.155840 11.257529 -1.837261
v 19.101553 11.281279 -3.245290
v 18.850485 11.620573 -3.771179
v 19.277977 11.060745 -2.651537
v 19.413696 10.870746 -2.040829
v 18.864059 11.457720 -3.869572
v 19.104946 11.098064 -3.343683
v 19.311913 10.843609 -2.739758
v 19.451015 10.667187 -2.098509
v 19.525661 10.599315 -1.409765
v 19.552799 10.582369 -0.700656
v 18.789408 11.199858 -3.954391
v 19.040483 10.826643 -3.414932
v 19.274586 10.599315 -2.807614
v 19.440842 10.443236 -2.169755
v 19.549410 10.334679 -1.447084
v 19.596909 10.338076 -0.704050
v 19.661373 9.978438 -0.697263
v 19.596909 9.849507 -1.542083
v 18.935305 10.371996 -3.513321
v 19.213514 10.168419 -2.899220
v 19.423874 9.991997 -2.288512
v 18.684233 10.836824 -4.012074
v 19.664761 9.693439 -0.927974
v 19.624048 9.734145 -1.223152
v 19.610477 9.632360 -1.399584
v 19.895481 9.652703 -0.541194
v 19.905657 9.445758 -0.721013
v 20.065119 9.272724 -0.799049
v 20.170301 8.848612 -0.507268
v 19.909050 8.519500 -0.361372
v 20.058334 8.271829 -0.537801
v 19.695297 8.960577 -1.789758
v 20.102442 9.136998 -0.934761
v 20.312801 8.237897 -1.331725
v 20.316195 8.193794 -0.785475
v 20.479046 7.522012 -1.650652
v 20.434940 7.708604 -0.968695
v 20.217800 8.098795 -0.697263
v 19.793694 8.444862 -2.037436
v 18.874235 9.802017 -3.567615
v 19.155840 9.554307 -3.068858
v 19.451015 9.333793 -2.498863
v 19.695297 9.103087 -1.884761
v 19.800480 8.546647 -2.196898
v 19.481554 8.719681 -2.736364
v 19.091373 8.767171 -3.353859
v 18.680840 9.123430 -3.872965
v 19.929407 8.275226 -2.224041
v 19.491730 8.465225 -2.841543
v 19.780125 8.020770 -2.844937
v 20.265301 7.416841 -2.610825
v 20.407799 7.579682 -1.949223
v 19.227085 7.929158 -4.059575
v 19.600300 7.501658 -3.862785
v 20.092262 6.996115 -3.520108
v 18.490845 9.170940 -4.035824
v 18.762268 8.709499 -4.046005
v 18.599415 8.685749 -4.239393
v 18.935305 8.349863 -4.127430
v 20.570652 7.393080 -1.694758
v 20.899757 6.833253 -1.799934
v 20.750477 6.745037 -2.468330
v 20.641909 6.453273 -3.123152
v 20.499401 7.657717 -0.904224
v 21.001543 6.867184 -0.921187
v 20.384048 7.973261 -0.612444
v 21.374760 6.107195 -1.749045
v 21.439220 6.164866 -0.938158
v 21.198334 5.839161 -2.749938
v 21.574936 5.455775 -2.461543
v 21.242439 6.012196 -2.414043
v 21.747971 5.513446 -1.810122
v 21.836185 5.523627 -1.019588
v 22.117790 5.031663 -1.426728
v 22.104218 5.109697 -0.900831
v 21.904045 5.055412 -2.319044
v 22.080467 4.994334 -1.847441
v 22.256897 4.783992 -1.623509
v 22.331543 4.624516 -1.844048
v 22.277254 4.587208 -2.173148
v 21.999044 4.855231 -2.397080
v 22.134754 4.967197 -0.758336
v 22.280643 5.123265 -0.917794
v 22.419758 4.997731 -0.771906
v 22.263681 5.018085 -1.392798
v 22.443508 4.790776 -1.582796
v 22.643681 4.638095 -1.789758
v 22.626717 4.529516 -2.196898
v 22.209400 4.875594 -2.498863
v 22.077080 5.089334 -2.431006
v 21.720829 5.486309 -2.553149
v 21.130478 5.683084 -2.899220
v 21.313686 5.710230 -3.075644
v 20.580830 6.314160 -3.265647
v 20.760654 6.307366 -3.479395
v 20.014229 6.890944 -3.662611
v 20.183876 6.914674 -3.835646
v 19.512087 7.413443 -4.001898
v 19.637623 7.443967 -4.195286
v 19.138874 7.847716 -4.202073
v 19.186371 7.963079 -4.422612
v 18.830120 8.258260 -4.317429
v 18.959055 8.268432 -4.476899
v 18.738520 8.678955 -4.459932
v 18.596020 9.143793 -4.252966
v 18.372089 11.074314 -4.459932
v 18.484058 11.593426 -4.456538
v 18.209236 12.000572 -4.833142
v 18.412809 12.170209 -3.794929
v 18.562092 12.024302 -4.208860
v 18.555307 11.891994 -4.388678
v 22.297611 3.348803 -1.694758
v 8.393734 18.172134 -9.840985
v 8.641412 18.039825 -9.929197
v 23.044037 4.210586 -1.616722
v 22.952433 4.363256 -1.545477
v 15.617102 13.988765 -6.152958
v 16.129417 13.717344 -5.854387
v 10.877295 18.860903 -8.314196
v 11.165689 19.505539 -7.957952
v 10.677115 19.074642 -8.368489
v 11.311578 19.315540 -7.917239
v 10.629616 17.686974 -9.131877
v 10.344619 18.786247 -9.033484
v 9.733907 18.545370 -9.416874
v 10.965509 18.209463 -8.860453
v 23.583496 2.615941 -3.255471
v 23.512247 2.405599 -3.554042
v 23.227253 2.989166 -3.347076
v 23.661537 2.928108 -2.763507
v 23.288322 3.308087 -2.872077
v 18.965841 8.265044 -4.816175
v 19.254227 7.878261 -4.738142
v 18.738520 8.672171 -4.778855
v 19.047266 7.566114 -5.396358
v 19.298342 6.999513 -5.660995
v 19.406910 7.152204 -5.267425
v 19.003159 7.291296 -5.854387
v 23.054214 3.569346 -2.895826
v 22.681002 3.708459 -3.299577
v 22.959217 3.345416 -3.333503
v 22.731894 3.905243 -2.878863
v 22.402794 4.051130 -3.289397
v 22.467257 4.308983 -2.838150
v 21.992256 4.546482 -3.296183
v 21.595291 5.269153 -3.136721
v 21.510475 5.004516 -3.509928
v 22.114399 4.746663 -2.875470
v 21.293327 5.574525 -3.323326
v 21.059227 5.445594 -3.805109
v 21.177971 5.119868 -3.947608
v 21.452789 4.841663 -3.811896
v 21.900654 4.373438 -3.655828
v 20.886189 5.985048 -3.564222
v 20.848869 6.198798 -3.699934
v 21.011719 5.713617 -3.920465
v 20.702978 5.696651 -4.371711
v 21.099941 5.255574 -4.096898
v 20.828510 5.917195 -4.046005
v 15.328711 14.171989 -6.936706
v 15.125138 14.351809 -6.404030
v 15.834246 13.812344 -6.672068
v 13.574607 16.024487 -7.160638
v 13.075857 16.574123 -7.384562
v 11.912113 17.266258 -8.541521
v 13.150503 16.384123 -7.900280
v 12.064793 17.534302 -8.300630
v 13.031752 16.136452 -8.120811
v 17.829235 8.753613 -6.085098
v 17.483170 9.082725 -6.373497
v 17.774950 8.495749 -6.689027
v 18.650307 7.952918 -5.630455
v 18.741909 8.037736 -5.389571
v 18.355125 8.434681 -5.599922
v 18.182095 8.064863 -6.441349
v 18.253342 8.339682 -5.847600
v 14.809601 14.646989 -7.197958
v 14.653532 14.850548 -6.661888
v 10.931584 18.748938 -8.656880
v 18.565483 9.174327 -4.622783
v 20.261908 6.802729 -4.134217
v 19.708872 7.362546 -4.527784
v 22.287430 3.572734 -1.484403
v 18.572271 7.705207 -6.166532
v 15.583172 11.206642 -6.692421
v 15.172638 11.288063 -6.916345
v 15.430493 11.009858 -6.610995
v 15.335493 11.464504 -6.980812
v 15.898706 10.860575 -6.495636
v 15.725676 10.687531 -6.424382
v 16.244778 10.490746 -6.393850
v 16.054779 10.314316 -6.329391
v 20.251732 6.514332 -4.463325
v 19.542624 7.196297 -4.968853
v 18.287270 9.533963 -4.853502
v 18.545128 9.411817 -4.449751
v 19.047266 7.732364 -5.216532
v 18.277092 9.818963 -4.731356
v 17.774950 10.188782 -5.284391
v 17.992096 10.351633 -5.019747
v 17.941198 8.835053 -5.840821
v 22.748856 4.712732 -0.490297
v 23.234039 2.571849 -2.726188
v 22.735287 4.644879 -0.955121
v 16.899597 13.052345 -6.149573
v 16.387278 13.551094 -6.349743
v 16.336384 13.238947 -6.502422
v 16.957275 13.391638 -6.020639
v 20.197445 6.236126 -4.734749
v 22.243324 3.973096 -3.621897
v 16.672277 13.540913 -5.538857
v 12.309077 14.867514 -8.724732
v 13.639074 14.358593 -7.995279
v 12.604254 15.417159 -8.456702
v 13.381215 13.808947 -8.246344
v 12.119079 14.548592 -8.846879
v 13.187823 13.462878 -8.358310
v 14.090321 13.069301 -7.985099
v 13.900320 12.713051 -8.086885
v 14.321034 13.629128 -7.713666
v 14.758711 11.746098 -8.205630
v 14.154782 12.020915 -8.144557
v 14.633176 11.562901 -8.195450
v 14.310854 12.197336 -8.154737
v 13.720499 12.502708 -8.063131
v 17.137094 11.858063 -5.874747
v 16.546738 11.929302 -6.247957
v 17.425484 12.957345 -5.837428
v 16.356745 9.964860 -6.332776
v 16.553526 10.110746 -6.376883
v 23.132252 2.134178 -3.350470
v 16.617992 9.707018 -6.400637
v 16.797813 9.785042 -6.424382
v 14.701031 14.402695 -7.398128
v 14.036034 15.081263 -7.696699
v 17.150669 13.449310 -5.270818
v 14.147995 15.315375 -7.493135
v 15.759602 13.523947 -6.851886
v 11.077473 15.966795 -9.230269
v 9.754263 16.655563 -9.729019
v 10.904438 15.681796 -9.335448
v 9.910336 16.988054 -9.637413
v 10.466761 17.483406 -9.257417
v 11.382830 16.540182 -8.952059
v 17.456024 11.875029 -5.610102
v 17.785130 12.872526 -5.596529
v 22.993145 4.064699 -2.285118
v 9.632125 16.475725 -9.695092
v 10.758550 15.518944 -9.321876
v 14.955497 11.454323 -7.289563
v 15.121745 11.640936 -7.354022
v 16.770668 10.721462 -6.105459
v 16.909777 10.307531 -6.074918
v 17.079418 9.954679 -6.085098
v 17.405128 13.306820 -5.772961
v 15.223528 13.907343 -7.147064
v 14.874066 13.018414 -7.465996
v 22.711538 4.556664 -1.345294
v 17.869949 13.228786 -5.521890
v 9.238554 16.889656 -9.946157
v 8.709268 17.432508 -10.159908
v 8.593912 17.100019 -10.214195
v 9.089269 16.675907 -9.919018
v 8.471769 16.916803 -10.187056
v 8.325878 17.323931 -10.309195
v 8.095162 17.215363 -10.326161
v 17.730843 11.030210 -5.280998
v 17.388166 11.210030 -5.620283
v 23.047432 3.070598 -3.513321
v 19.349236 7.410046 -5.063853
v 15.423706 12.631630 -7.069032
v 17.564594 9.211646 -6.040992
v 15.661207 12.092175 -6.858665
v 16.078529 11.793607 -6.536348
v 14.779068 11.522176 -7.734026
v 14.928353 11.691813 -7.767953
v 14.782461 12.109121 -8.005451
v 15.040316 12.299141 -7.564381
v 15.294781 12.271994 -7.238670
v 14.480495 12.631630 -7.930812
v 13.014788 13.286457 -8.351522
v 11.963005 14.378956 -8.836699
v 15.969957 12.255028 -6.617782
v 9.425159 18.477516 -9.596693
v 8.892480 17.673405 -10.000443
v 14.022464 15.522341 -6.987599
v 11.454080 18.178928 -8.507595
v 17.612095 8.597534 -6.811174
v 16.502632 11.325382 -6.268318
v 17.235489 9.496635 -6.247957
v 17.496738 8.645043 -6.868846
v 16.950489 9.516998 -6.499029
v 17.354240 8.655215 -6.797600
v 16.831741 9.472885 -6.478669
v 16.886026 11.281279 -5.990099
v 12.441400 17.184837 -7.842592
v 12.675505 17.812498 -7.520274
v 12.261578 17.374838 -7.903673
v 12.841753 17.615734 -7.459209
v 11.667829 18.002499 -8.100451
v 11.922294 18.650541 -7.754379
v 11.481223 18.202679 -8.141164
v 12.088542 18.463938 -7.706879
v 9.102839 17.303577 -9.973304
v 9.479445 17.649656 -9.712060
v 10.921400 18.942326 -8.086885
v 10.731406 19.176428 -8.124205
v 12.471936 17.242510 -7.615273
v 11.518543 18.318041 -7.903673
v 11.705152 18.077145 -7.859559
v 12.264971 17.473215 -7.683134
v 10.941761 19.753210 -8.019025
v 18.891197 7.165771 -5.925641
v 17.724060 8.288795 -6.743314
v 18.107450 7.922354 -6.495636
v 18.487452 7.555933 -6.230999
v 17.534058 8.492352 -6.845099
v 19.590122 6.812910 -5.124926
v 17.096382 10.680756 -5.837428
v 22.667431 3.572734 -3.540464
v 22.942253 4.482026 -1.050120
v 22.959217 4.536301 -0.609050
v 18.307625 9.544145 -4.249573
v 18.070131 9.927542 -4.521005
v 18.358519 9.747724 -4.188499
v 18.222805 10.073419 -4.436185
v 18.361912 10.246472 -4.191893
v 18.416203 9.988600 -3.971354
v 18.171913 10.198963 -4.534571
v 18.406017 10.409315 -4.290286
v 18.507809 10.382168 -4.157967
v 18.643520 10.158257 -3.944215
v 18.636734 9.937713 -3.923859
v 18.480663 9.649306 -4.127430
v 18.402624 9.428782 -4.161360
v 17.992096 10.080202 -4.615996
v 17.846199 10.409315 -4.785642
v 17.608700 11.108246 -5.080820
v 17.377987 11.919141 -5.409924
v 17.734238 12.821630 -5.433678
v 18.002275 10.528055 -4.744929
v 17.771561 11.179495 -5.033320
v 17.540844 11.959846 -5.359038
v 17.676559 12.417891 -5.382784
v 17.866554 12.550199 -5.274211
v 18.151558 12.523071 -4.979033
v 18.005669 12.350038 -5.104566
v 18.066738 12.811448 -5.033320
v 18.141380 12.648596 -4.846715
v 18.307625 12.248243 -4.727962
v 18.317806 12.366993 -4.568504
v 17.961555 12.886105 -4.504037
v 18.168520 12.536631 -4.185110
v 17.961555 12.920016 -4.694036
v 9.018009 17.205181 6.963779
v 8.967116 18.056791 7.415029
v 9.191045 17.340885 7.089314
v 8.566759 17.568224 6.923066
v 8.967116 18.056791 -7.415095
v 8.997653 17.245886 -6.960452
v 9.218188 17.327318 -7.072425
v 8.566759 17.568224 -6.923132
v 9.218188 17.327318 -7.072425
v 8.997653 17.245886 -6.960452
v 9.296220 17.330704 -6.845099
v 9.509969 17.758224 -7.394734
v 9.191045 17.340885 7.089314
v 9.509969 17.758224 7.394672
v 9.292827 17.340885 6.851816
v 9.018009 17.205181 6.963779
v 9.509969 17.758224 -7.394734
v 9.509969 17.758224 7.394672
v 9.832289 18.216248 7.516815
v 9.632114 17.900703 6.112175
v 9.822109 18.124634 6.241104
v 9.832289 18.216248 -7.516881
v 9.822109 18.124634 -6.241170
v 9.632114 17.900703 -6.112246
v 9.157110 17.279837 -6.753494
v 9.170684 17.266249 6.756817
v 9.727110 18.148405 -5.908673
v 9.632114 17.900703 -6.112246
v 9.157110 17.279837 -6.753494
v 7.945867 17.205181 -8.935091
v 7.816937 16.974476 -6.987599
v 8.397117 17.595362 -8.711159
v 8.980686 18.161974 -8.225983
v 9.038366 18.423223 -8.399022
v 8.488723 17.595362 -8.809559
v 9.187651 18.385904 -7.554208
v 8.705865 18.552155 -8.877419
v 8.939969 19.098383 -9.650987
v 8.380155 17.982155 -9.111516
v 8.237652 17.764997 -9.274375
v 8.956937 19.030540 -8.945271
v 8.902650 18.898201 -8.812953
v 9.364076 18.999996 -8.955452
v 9.370863 18.989815 -9.735806
v 9.282650 18.826971 -8.802773
v 9.123185 18.324816 -8.826527
v 8.722828 17.646248 -9.064016
v 8.373367 17.513950 -9.277768
v 9.676221 18.983021 -8.853665
v 9.459079 18.748928 -8.707766
v 9.604968 18.921972 -9.729019
v 8.224082 17.259474 -9.454193
v 8.451404 17.083044 -9.315096
v 8.037473 17.001612 -9.742593
v 8.322474 16.740383 -9.539021
v 8.023903 17.279837 -9.579733
v 9.418363 18.698021 -10.458479
v 9.347114 18.949108 -9.935985
v 9.248720 18.820177 -10.312588
v 9.146935 18.949108 -10.088663
v 8.302114 16.577499 -9.810445
v 8.003547 16.923588 -9.952943
v 8.156226 16.686089 -10.757051
v 7.966228 16.886250 -10.353300
v 7.806761 17.018568 -10.159908
v 9.150329 18.379110 -11.048835
v 9.055328 18.521610 -10.869009
v 9.201221 18.725178 -10.495807
v 8.977297 18.687859 -10.665444
v 8.936580 17.941429 -11.595084
v 8.817831 18.134815 -11.411872
v 8.997653 18.399473 -11.035261
v 8.760151 18.324816 -11.215079
v 7.959441 16.876087 -10.604371
v 7.803368 16.960907 -10.811337
v 7.945867 16.848930 -10.991155
v 7.952654 16.838770 -11.225260
v 7.939084 16.835382 -11.645977
v 8.101939 16.625019 -11.849549
v 7.786405 16.940544 -11.432225
v 8.685508 17.463043 -12.025974
v 8.475149 17.615725 -11.907229
v 8.729614 17.982155 -11.588297
v 8.397117 17.876974 -11.730797
v 8.013723 16.831976 -11.869902
v 8.156226 16.753931 -11.988654
v 8.376761 17.432499 -12.049720
v 8.587115 17.289999 -12.144719
v 6.697299 18.002499 -10.282055
v 6.924621 17.089838 -11.143834
v 7.525156 16.516432 -9.712060
v 7.382654 16.621613 -11.937762
v 8.152832 16.933750 -9.125090
v 7.918727 16.343388 -9.471160
v 10.100325 19.658201 -9.342236
v 10.120685 19.298584 -9.125090
v 10.269970 19.624289 -8.955452
v 7.888191 16.173752 -9.732412
v 7.749081 16.272158 -11.835976
v 10.022287 19.013565 -8.789207
v 9.038366 18.423223 -8.399022
v 9.635509 18.161974 -8.439735
v 8.488723 17.595362 -8.809559
v 8.152832 16.933750 -9.125090
v 7.918727 16.343388 -9.471160
v 7.888191 16.173752 -9.732412
v 9.879789 18.989815 -9.786698
v 9.645684 18.708202 -10.563659
v 9.401400 18.365541 -11.157408
v 9.133365 17.954998 -11.693477
v 8.865330 17.496975 -12.134547
v 8.685508 17.232317 -12.283833
v 8.091759 16.611431 -12.097220
v 7.749081 16.272158 -11.835976
v 7.735511 16.309477 -12.331332
v 8.539616 17.116955 -12.497578
v 8.678721 17.279837 -12.490790
v 9.944256 19.159451 -9.871517
v 9.720327 18.908382 -10.665444
v 9.435329 18.508041 -11.347398
v 9.163898 18.090704 -11.859729
v 8.892469 17.625906 -12.277046
v 9.703364 18.195885 -7.571167
v 9.635509 18.161974 -8.439735
v 9.703364 18.195885 -7.571167
v 10.232646 19.285015 -8.219204
v 10.307289 19.057657 -7.622060
v 10.426038 19.776951 -8.324383
v 10.436214 19.624289 -7.754379
v 10.422645 19.193382 -7.248850
v 9.727110 18.148405 -5.908673
v 10.524430 19.525883 -7.147064
v 10.809427 19.366426 -6.773847
v 10.195323 18.365541 -5.837428
v 7.050157 17.707336 -6.940099
v 5.896589 18.830359 -10.858836
v 5.384269 19.386789 -6.387063
v 3.972843 20.726948 -9.684913
v 4.261238 20.557312 -5.399751
v 2.208567 22.491220 -7.873125
v 3.267132 21.558197 -3.978149
v 0.481606 24.221581 -5.742429
v 2.507138 22.352127 -1.996723
v -0.953566 25.660147 -3.489571
v -1.638917 26.379440 -1.830478
v 7.579439 18.477516 -6.797600
v 6.025518 20.156969 -6.214032
v 4.013560 22.199467 -3.896715
v 3.189099 22.901783 -1.962797
v 2.249283 22.593014 0.001666
v 2.907495 23.186764 0.001666
v -2.456594 26.471052 -1.392798
v -1.832313 26.569439 0.001666
v -2.612666 26.630508 0.001666
v -2.151241 26.199621 -2.403867
v 6.490338 17.527519 -11.523831
v 5.642123 18.375723 -11.428832
v 6.385159 17.598768 -11.978474
v 5.424982 17.771791 -11.649370
v 4.084809 19.183201 -10.991155
v 6.015338 17.215363 -11.903835
v 3.121243 20.360518 -10.146343
v 1.309460 22.118015 -8.480455
v 4.919450 21.320717 -5.158852
v -0.369997 23.814444 -6.390456
v -1.869632 25.259804 -4.127430
v -2.476951 25.846758 -2.838150
v 7.735511 16.309477 -12.331332
v 7.406404 16.638588 -12.694370
v 6.816052 17.256067 -12.653649
v 7.589620 16.465544 -12.701157
v 6.049268 17.999111 -12.514544
v 5.855876 17.856611 -12.467044
v 5.821946 18.297678 -12.836861
v 5.262127 18.854109 -12.589183
v 3.898204 20.184107 -11.788468
v 3.107674 21.232492 -11.062408
v 2.167850 22.090878 -10.237949
v 1.187321 23.003557 -9.257417
v 0.264464 24.068899 -8.117417
v -0.461603 24.903555 -7.153851
v -1.258924 25.721233 -6.095279
v -1.998561 26.450689 -4.921361
v -2.734810 27.183552 -3.428502
v -2.982487 26.379440 -1.772791
v -3.043556 27.380325 -2.763507
v -2.761951 26.783169 -1.504760
v -2.904451 26.956211 0.001666
v 4.909274 20.883038 -11.927582
v 3.789635 21.961946 -11.072588
v 3.898204 20.184107 -11.788468
v 3.107674 21.232492 -11.062408
v 2.856598 22.813578 -10.237949
v 1.981245 23.736420 -9.281162
v 2.167850 22.090878 -10.237949
v 1.187321 23.003557 -9.257417
v 5.262127 18.854109 -12.589183
v 6.113730 19.756588 -12.650256
v 6.653193 19.132315 -12.925073
v 5.821946 18.297678 -12.836861
v 5.760877 21.731241 -10.919902
v 4.953380 22.613377 -10.231162
v 4.057666 23.329262 -9.572947
v 5.519985 22.993397 -9.915624
v 4.654809 23.688919 -9.267596
v 6.293552 22.104465 -10.631518
v 6.341052 20.978037 -11.506872
v 3.066957 24.051943 -8.826527
v 4.135703 23.777124 -8.914739
v 4.176415 24.119806 -8.259917
v 2.788742 24.540531 -8.124205
v 6.446231 21.568378 -10.835083
v 7.016231 20.798218 -11.357578
v 6.883908 20.106062 -12.127761
v 7.087480 21.341061 -10.634912
v 6.904264 21.704084 -10.461872
v 6.799089 22.213015 -10.207409
v 5.950875 23.088375 -9.539021
v 5.044986 23.838194 -8.802773
v 6.873728 21.476786 -10.197236
v 6.598910 21.931423 -9.776518
v 4.909274 23.464968 -8.514381
v 4.617486 23.872124 -8.558488
v 5.818553 22.681219 -9.182770
v 0.264464 24.068899 -8.117417
v 1.058392 24.767830 -8.124205
v 2.795529 24.286057 -7.869740
v 4.257845 23.892487 -8.002058
v 7.196049 21.127312 -10.431333
v 7.090869 20.581062 -11.218472
v 6.972121 19.905882 -11.958114
v 6.788905 19.115358 -12.606150
v 6.771942 18.803202 -12.660436
v 6.049268 17.999111 -12.514544
v -0.461603 24.903555 -7.153851
v 0.278034 25.636396 -7.096171
v -1.258924 25.721233 -6.095279
v -0.512496 26.474438 -6.047779
v -1.998561 26.450689 -4.921361
v -1.299637 27.261574 -4.775462
v -3.043556 27.380325 -2.763507
v -2.734810 27.183552 -3.428502
v -2.751773 27.753529 -2.447973
v -1.991775 27.916393 -3.231720
v -2.924807 27.516029 0.001666
v -2.904451 26.956211 0.001666
v -2.846771 27.414257 -1.311364
v -2.761951 26.783169 -1.504760
v -2.744987 27.305687 -2.000117
v -2.982487 26.379440 -1.772791
v -1.974811 27.655144 -2.790651
v -2.208916 28.075867 -1.301188
v -2.273383 28.164074 0.001666
v -1.370886 28.404961 0.001666
v -1.364100 28.306572 -1.192619
v -1.401419 27.967300 -2.441187
v -1.204634 28.730665 0.001666
v -1.221597 28.615322 -1.240119
v -1.245350 28.306572 -2.695652
v -0.325888 27.556755 -4.307249
v 0.552860 26.688189 -5.647421
v 0.871783 27.522823 -4.022254
v 1.428213 26.881577 -4.962075
v 0.430713 28.069073 -2.909400
v 0.172858 28.299778 -2.193505
v -0.084995 28.510141 -1.250295
v -0.186782 28.642460 0.001666
v 1.876070 25.548191 -6.855280
v 2.032142 26.087646 -5.884927
v 2.127138 26.504982 -5.165638
v 2.178030 26.247120 -5.053680
v 1.964282 25.273373 -6.685634
v 1.872676 26.857826 -4.710995
v 0.098220 28.357479 0.001666
v 0.196609 28.221754 -1.202796
v 0.318751 28.038549 -1.881367
v 0.481606 28.187824 -1.399584
v 0.525717 27.712824 -2.736364
v 0.861607 27.750141 -2.651537
v 0.953217 27.146212 -3.788146
v 1.465532 26.542282 -4.721176
v 0.369644 28.360847 0.001666
v 1.323034 27.217461 -3.649041
v 1.842139 26.640690 -4.490464
v 2.357852 26.956211 -3.241897
v 2.995708 26.277645 -4.398858
v 1.292497 27.923187 -1.131550
v 1.278927 28.001230 0.001666
v 2.011782 27.407461 -1.972973
v 2.174637 27.393894 -0.758336
v 2.147494 27.434620 0.001666
v 3.253562 26.488007 -2.614218
v 2.992314 26.749256 -1.430121
v 3.664095 25.578735 -5.318318
v 3.185706 24.974804 -6.682241
v 4.227312 25.059624 -5.881534
v 4.468204 25.395510 -4.636356
v 4.987306 24.913736 -5.172425
v 3.813385 25.989258 -3.771179
v 5.798196 23.543013 -7.567774
v 4.997486 24.296238 -6.773847
v 5.604805 24.286057 -5.983313
v 6.520870 23.349625 -7.035098
v 7.233372 22.023035 -8.996164
v 6.541227 22.793215 -8.300630
v 7.263909 22.620152 -7.676347
v 7.762655 21.999285 -8.324383
v 7.474264 22.318195 -7.560987
v 6.965334 22.830513 -7.119917
v 6.469981 23.349625 -6.590642
v 6.059444 23.780533 -6.159745
v 5.625161 24.211418 -5.691528
v 5.187484 24.679623 -5.236884
v 7.684618 21.561604 -9.301522
v 8.186763 21.066242 -9.569553
v 8.217295 21.534447 -8.670446
v 8.695684 21.069630 -8.890985
v 8.030690 19.118746 -12.148112
v 7.732118 18.270521 -12.813115
v 8.295331 19.675177 -11.472939
v 8.573546 20.136606 -10.665444
v 9.001042 20.353745 -9.854550
v 9.482829 20.401243 -9.043664
v 8.339441 17.320543 -12.840255
v 8.481936 17.486794 -12.813115
v 7.589620 16.465544 -12.701157
v 7.406404 16.638588 -12.694370
v 8.179976 17.493587 -12.884361
v 6.816052 17.256067 -12.653649
v 7.582833 18.080523 -12.840255
v 8.325868 17.659817 -12.864008
v 8.763545 17.948223 -12.521331
v 8.634615 18.124634 -12.541682
v 9.062115 18.406267 -12.090433
v 8.906043 18.589472 -12.134547
v 9.323363 18.833746 -11.564544
v 9.174078 18.983021 -11.612043
v 9.662647 19.247677 -10.790977
v 9.523542 19.400358 -10.814730
v 9.934075 19.502132 -9.959730
v 9.828896 19.722675 -9.929197
v 10.059611 19.878744 -9.148835
v 8.010333 21.948378 -7.805272
v 8.478542 21.490355 -8.015632
v 8.977297 21.056082 -8.178483
v 9.733897 20.384289 -8.317596
v 10.582110 19.943199 -7.700092
v 10.344608 19.926224 -7.601708
v 10.734789 20.333401 -8.029205
v 10.772108 20.316425 -7.734026
v 10.107111 20.886425 -7.625453
v 9.730504 20.601425 -7.510102
v 4.023740 26.440508 -2.478506
v 3.748919 26.694962 -1.314758
v 3.002491 27.295506 -0.636194
v 4.183202 26.247120 -0.989051
v 4.281594 26.145327 -1.884761
v 2.971958 27.326031 0.001666
v 4.159452 26.291233 0.001666
v 7.738905 22.633739 -7.364202
v 7.267299 23.108738 -6.984205
v 8.247831 22.168922 -7.642420
v 8.729614 21.727835 -7.842592
v 8.980686 21.500536 -7.920632
v 9.581218 21.361423 -7.856166
v 10.079967 20.933905 -7.944386
v 5.604805 25.208897 -4.965468
v 5.536948 24.927303 -5.050287
v 5.947482 24.479462 -5.582963
v 6.371589 24.024807 -5.433678
v 6.249446 24.333536 -4.951895
v 5.967838 24.459099 -4.989214
v 5.971231 24.852648 -4.897608
v 6.371589 24.031601 -6.064745
v 6.680336 23.743195 -5.793322
v 6.782122 23.593920 -6.512595
v 7.046763 23.353012 -6.173318
v 7.419977 22.983215 -6.573668
v 7.867830 22.470877 -6.804387
v 7.854261 22.552309 -6.950272
v 8.305508 22.104465 -7.211523
v 8.302114 22.016241 -7.099565
v 8.770331 21.646423 -7.411702
v 9.011223 21.439447 -7.510102
v 8.773725 21.537834 -7.309916
v 9.269076 21.056082 -7.435448
v 9.601574 21.320717 -7.537241
v 10.103718 19.508926 -6.794207
v 9.869613 20.258764 -7.184384
v 10.466750 19.396952 -6.502422
v 9.615148 18.793020 -6.078311
v 10.100325 18.748928 -5.895100
v 7.850868 20.767673 -5.854387
v 7.151943 21.548016 -5.338678
v 8.251225 21.598904 -6.539742
v 7.481050 22.460695 -5.908673
v 8.346224 21.887310 -6.838313
v 7.942477 22.335171 -6.546528
v 7.179082 23.179970 -5.776354
v 7.555689 22.762671 -6.183498
v 8.912830 19.593744 -6.146171
v 9.126578 20.621788 -6.865452
v 4.644632 26.155508 -1.972973
v 4.430881 26.437120 -2.434400
v 8.783900 21.412310 -7.048672
v 9.258901 20.927130 -7.167417
v 4.573379 26.267483 -0.999227
v 4.641239 26.291233 -3.618504
v 4.230705 26.623713 -2.831363
v 6.785512 23.648193 -5.352252
v 6.453014 22.267309 -4.612610
v 5.533555 23.220695 -3.421715
v 6.724442 23.285151 -5.087606
v 5.635341 24.469280 -3.750823
v 5.608198 25.018917 -3.937428
v 4.580165 24.364079 -0.883868
v 4.814270 24.099443 -1.738865
v 4.525879 23.553194 -0.832975
v 4.688738 23.349625 -1.667615
v 5.448731 25.453211 -4.157967
v 5.187484 25.765327 -4.412432
v 4.882130 25.992645 -3.326720
v 8.661758 19.105177 -5.837428
v 5.041592 25.578735 -3.068858
v 4.678558 25.507484 -1.918691
v 4.556416 25.775509 -0.972088
v 5.061953 23.712669 -2.617611
v 5.048375 25.025692 -2.902613
v 4.536060 25.884077 0.001666
v 4.556416 26.342121 0.001666
v 4.529273 24.479462 0.001666
v 4.464810 23.631237 0.001666
v 8.661758 19.105177 -5.837428
v 7.562476 20.313038 -5.565996
v 7.562476 20.313038 -5.565996
v 4.464810 23.631237 0.001666
v 4.525879 23.553194 -0.832975
v 6.900871 21.066242 -5.101172
v 4.688738 23.349625 -1.667615
v 6.242660 21.748198 -4.419219
v 6.900871 21.066242 -5.101172
v 4.983912 23.034082 -2.502256
v 5.401233 22.606583 -3.296183
v 4.983912 23.034082 -2.502256
v 5.401233 22.606583 -3.296183
v 6.242660 21.748198 -4.419219
v 10.269970 19.624289 8.955384
v 10.100325 19.658201 9.342164
v 10.059611 19.878744 9.148772
v 5.604805 24.286057 5.983250
v 4.227312 25.059624 5.881460
v 4.987306 24.913736 5.172364
v 4.997486 24.296238 6.773780
v 10.466750 19.396952 6.502352
v 10.195323 18.365541 5.837354
v 10.809427 19.366426 6.773780
v 10.100325 18.748928 5.895033
v 10.344608 19.926224 7.601634
v 9.869613 20.258764 7.184313
v 10.524430 19.525883 7.146994
v 4.013560 22.199467 3.896652
v 5.401233 22.606583 3.296113
v 4.983912 23.034082 2.502186
v 7.151943 21.548016 5.338608
v 6.242660 21.748198 4.419149
v 6.900871 21.066242 5.101107
v 6.453014 22.267309 4.612537
v 7.046763 23.353012 6.173248
v 7.555689 22.762671 6.183428
v 7.419977 22.983215 6.573606
v 7.179082 23.179970 5.776285
v 9.730504 20.601425 7.510028
v 7.867830 22.470877 6.804317
v 7.942477 22.335171 6.546458
v 5.401233 22.606583 3.296113
v 5.533555 23.220695 3.421653
v 5.448731 25.453211 4.157897
v 5.041592 25.578735 3.068795
v 5.608198 25.018917 3.937366
v 4.882130 25.992645 3.326650
v 5.187484 25.765327 4.412363
v 4.641239 26.291233 3.618434
v 5.061953 23.712669 2.617549
v 4.688738 23.349625 1.667545
v 4.983912 23.034082 2.502186
v 4.814270 24.099443 1.738802
v 6.025518 20.156969 6.213961
v 7.562476 20.313038 5.565929
v 6.900871 21.066242 5.101107
v 4.023740 26.440508 2.478436
v 4.230705 26.623713 2.831293
v 3.253562 26.488007 2.614155
v 4.430881 26.437120 2.434330
v 4.919450 21.320717 5.158790
v 6.242660 21.748198 4.419149
v 3.189099 22.901783 1.962727
v 4.688738 23.349625 1.667545
v 5.604805 25.208897 4.965394
v 4.468204 25.395510 4.636287
v 4.525879 23.553194 0.832913
v 7.850868 20.767673 5.854321
v 7.562476 20.313038 5.565929
v 5.635341 24.469280 3.750753
v 5.048375 25.025692 2.902543
v 8.661758 19.105177 5.837354
v 7.579439 18.477516 6.797534
v 9.727110 18.148405 5.908607
v 3.813385 25.989258 3.771113
v 4.183202 26.247120 0.988981
v 4.573379 26.267483 0.999161
v 8.912830 19.593744 6.146105
v 8.661758 19.105177 5.837354
v 8.346224 21.887310 6.838246
v 8.773725 21.537834 7.309849
v 8.302114 22.016241 7.099494
v 8.783900 21.412310 7.048602
v 4.580165 24.364079 0.883806
v 4.525879 23.553194 0.832913
v 6.680336 23.743195 5.793248
v 6.785512 23.648193 5.352178
v 4.556416 25.775509 0.972018
v 4.678558 25.507484 1.918621
v 4.644632 26.155508 1.972903
v 9.269076 21.056082 7.435389
v 9.258901 20.927130 7.167351
v 9.615148 18.793020 6.078249
v 9.727110 18.148405 5.908607
v 5.971231 24.852648 4.897539
v 6.249446 24.333536 4.951825
v 6.724442 23.285151 5.087537
v 7.481050 22.460695 5.908607
v 6.371589 24.024807 5.433607
v 4.281594 26.145327 1.884691
v 10.103718 19.508926 6.794141
v 9.126578 20.621788 6.865390
v 8.251225 21.598904 6.539675
v 9.601574 21.320717 7.537171
v 10.107111 20.886425 7.625384
v 10.582110 19.943199 7.700030
v 10.079967 20.933905 7.944316
v 9.581218 21.361423 7.856099
v 10.734789 20.333401 8.029135
v 10.772108 20.316425 7.733956
v 9.011223 21.439447 7.510028
v 8.980686 21.500536 7.920566
v 8.770331 21.646423 7.411635
v 8.305508 22.104465 7.211461
v 8.729614 21.727835 7.842525
v 8.247831 22.168922 7.642346
v 7.854261 22.552309 6.950209
v 7.738905 22.633739 7.364136
v 7.267299 23.108738 6.984135
v 6.782122 23.593920 6.512532
v 6.371589 24.031601 6.064676
v 5.625161 24.211418 5.691465
v 5.947482 24.479462 5.582893
v 6.059444 23.780533 6.159678
v 6.469981 23.349625 6.590569
v 6.965334 22.830513 7.119851
v 5.536948 24.927303 5.050213
v 5.967838 24.459099 4.989144
v 5.187484 24.679623 5.236826
v 9.733897 20.384289 8.317529
v 10.426038 19.776951 8.324312
v 8.977297 21.056082 8.178420
v 8.478542 21.490355 8.015561
v 8.010333 21.948378 7.805206
v 7.474264 22.318195 7.560921
v 3.002491 27.295506 0.636124
v 2.174637 27.393894 0.758266
v 3.748919 26.694962 1.314695
v 2.992314 26.749256 1.430051
v 10.436214 19.624289 7.754313
v 10.307289 19.057657 7.621990
v 9.482829 20.401243 9.043596
v 9.944256 19.159451 9.871450
v 9.934075 19.502132 9.963057
v 10.120685 19.298584 9.125023
v 8.695684 21.069630 8.890918
v 8.217295 21.534447 8.673772
v 7.762655 21.999285 8.324312
v 9.828896 19.722675 9.929126
v 9.001042 20.353745 9.854487
v 9.523542 19.400358 10.814659
v 8.573546 20.136606 10.665374
v 8.295331 19.675177 11.472871
v 9.174078 18.983021 11.611979
v 8.030690 19.118746 12.148045
v 8.906043 18.589472 12.134475
v 8.634615 18.124634 12.541615
v 7.732118 18.270521 12.813044
v 8.325868 17.659817 12.863941
v 9.662647 19.247677 10.790909
v 9.720327 18.908382 10.665374
v 9.323363 18.833746 11.564480
v 9.435329 18.508041 11.347340
v 9.062115 18.406267 12.090370
v 9.163898 18.090704 11.859654
v 8.763545 17.948223 12.521258
v 8.892469 17.625906 12.276975
v 8.481936 17.486794 12.813044
v 8.678721 17.279837 12.490727
v 8.179976 17.493587 12.887691
v 8.339441 17.320543 12.840187
v 7.582833 18.080523 12.840187
v 6.771942 18.803202 12.660369
v 6.788905 19.115358 12.606082
v 6.816052 17.256067 12.653583
v 6.049268 17.999111 12.514477
v 7.406404 16.638588 12.694295
v 7.589620 16.465544 12.701082
v 8.539616 17.116955 12.497509
v 7.735511 16.309477 12.331261
v 8.186763 21.066242 9.569486
v 7.196049 21.127312 10.431266
v 7.090869 20.581062 11.218410
v 6.972121 19.905882 11.958047
v 7.684618 21.561604 9.301452
v 7.233372 22.023035 8.996098
v 6.873728 21.476786 10.197161
v 6.598910 21.931423 9.776447
v 7.263909 22.620152 7.676280
v 6.520870 23.349625 7.035032
v 6.541227 22.793215 8.300562
v 5.798196 23.543013 7.567708
v 4.909274 23.464968 8.514315
v 5.818553 22.681219 9.182702
v 2.795529 24.286057 7.869672
v 3.185706 24.974804 6.682174
v 4.257845 23.892487 8.001991
v 1.964282 25.273373 6.685567
v 2.995708 26.277645 4.398793
v 2.357852 26.956211 3.241831
v 3.664095 25.578735 5.318251
v 2.178030 26.247120 5.053607
v 1.842139 26.640690 4.490398
v 2.011782 27.407461 1.972903
v 0.861607 27.750141 2.651475
v 1.323034 27.217461 3.648971
v 1.292497 27.923187 1.131480
v 0.481606 28.187824 1.399515
v 2.032142 26.087646 5.884853
v 2.788742 24.540531 8.124133
v 1.876070 25.548191 6.855210
v 2.127138 26.504982 5.165577
v 1.872676 26.857826 4.710929
v 1.465532 26.542282 4.721114
v 1.428213 26.881577 4.962001
v 0.953217 27.146212 3.788076
v 0.525717 27.712824 2.736294
v 0.318751 28.038549 1.881297
v 0.196609 28.221754 1.202725
v 0.871783 27.522823 4.022185
v 0.430713 28.069073 2.909329
v 0.172858 28.299778 2.193442
v -0.084995 28.510141 1.250233
v 1.058392 24.767830 8.127527
v 0.278034 25.636396 7.096101
v 0.552860 26.688189 5.647355
v -0.512496 26.474438 6.047712
v -1.221597 28.615322 1.240053
v -1.245350 28.306572 2.695581
v -0.325888 27.556755 4.307187
v -1.299637 27.261574 4.775400
v -1.991775 27.916393 3.231651
v -1.974811 27.655144 2.790580
v -1.401419 27.967300 2.441116
v -1.364100 28.306572 1.192549
v -2.208916 28.075867 1.301126
v -2.751773 27.753529 2.447903
v -2.744987 27.305687 2.000046
v -2.846771 27.414257 1.311302
v -3.043556 27.380325 2.763437
v -2.982487 26.379440 1.772729
v -2.761951 26.783169 1.504694
v -2.734810 27.183552 3.428440
v -1.998561 26.450689 4.921288
v -1.258924 25.721233 6.095212
v -0.461603 24.903555 7.153781
v 0.264464 24.068899 8.117351
v 5.821946 18.297678 12.836794
v 6.653193 19.132315 12.925010
v 6.883908 20.106062 12.127688
v 7.016231 20.798218 11.357514
v 7.087480 21.341061 10.634837
v 6.904264 21.704084 10.461802
v 4.617486 23.872124 8.558421
v 4.176415 24.119806 8.259846
v 1.981245 23.736420 9.281095
v 3.066957 24.051943 8.826451
v 1.187321 23.003557 9.257345
v 4.135703 23.777124 8.914664
v 4.654809 23.688919 9.267521
v 5.044986 23.838194 8.802702
v 4.057666 23.329262 9.576269
v 6.341052 20.978037 11.506801
v 5.760877 21.731241 10.919839
v 6.446231 21.568378 10.835015
v 5.950875 23.088375 9.538949
v 6.799089 22.213015 10.207340
v 5.519985 22.993397 9.915557
v 6.293552 22.104465 10.631443
v 6.113730 19.756588 12.650188
v 2.856598 22.813578 10.237874
v 4.909274 20.883038 11.927510
v 4.953380 22.613377 10.231091
v 3.789635 21.961946 11.072514
v 5.262127 18.854109 12.589115
v 3.898204 20.184107 11.788408
v 3.107674 21.232492 11.062337
v 2.167850 22.090878 10.237874
v -2.761951 26.783169 1.504694
v -2.456594 26.471052 1.392732
v -2.982487 26.379440 1.772729
v -2.151241 26.199621 2.403797
v -2.476951 25.846758 2.838080
v -3.043556 27.380325 2.763437
v -2.734810 27.183552 3.428440
v -1.998561 26.450689 4.921288
v -1.869632 25.259804 4.127361
v -1.258924 25.721233 6.095212
v -0.369997 23.814444 6.390390
v -0.461603 24.903555 7.153781
v 0.264464 24.068899 8.117351
v 1.309460 22.118015 8.480380
v 1.187321 23.003557 9.257345
v 2.167850 22.090878 10.237874
v 3.121243 20.360518 10.149661
v 3.107674 21.232492 11.062337
v 3.898204 20.184107 11.788408
v 4.084809 19.183201 10.991088
v 5.262127 18.854109 12.589115
v 5.424982 17.771791 11.649300
v 5.855876 17.856611 12.466977
v 6.015338 17.215363 11.903760
v 5.821946 18.297678 12.836794
v 6.049268 17.999111 12.514477
v 6.385159 17.598768 11.978403
v 6.816052 17.256067 12.653583
v 7.589620 16.465544 12.701082
v 7.735511 16.309477 12.331261
v 7.406404 16.638588 12.694295
v 7.382654 16.621613 11.937690
v 7.749081 16.272158 11.835904
v -0.953566 25.660147 3.489509
v -1.638917 26.379440 1.830408
v 2.507138 22.352127 1.996653
v 0.481606 24.221581 5.742358
v 4.261238 20.557312 5.399677
v 5.384269 19.386789 6.386997
v 2.208567 22.491220 7.873066
v 3.267132 21.558197 3.978079
v 3.972843 20.726948 9.684841
v 5.642123 18.375723 11.428764
v 5.896589 18.830359 10.858766
v 6.924621 17.089838 11.143766
v 6.490338 17.527519 11.523763
v 6.697299 18.002499 10.281984
v 7.050157 17.707336 6.940029
v 7.816937 16.974476 6.987528
v 10.422645 19.193382 7.248780
v 10.232646 19.285015 8.219132
v 9.703364 18.195885 7.571101
v 9.635509 18.161974 8.439668
v 10.022287 19.013565 8.789132
v 9.703364 18.195885 7.571101
v 9.635509 18.161974 8.439668
v 9.187651 18.385904 7.554134
v 9.038366 18.423223 8.398954
v 8.685508 17.232317 12.283762
v 8.865330 17.496975 12.134475
v 9.133365 17.954998 11.693406
v 9.401400 18.365541 11.157336
v 9.645684 18.708202 10.563587
v 9.879789 18.989815 9.786628
v 8.091759 16.611431 12.097157
v 7.749081 16.272158 11.835904
v 7.525156 16.516432 9.711985
v 7.888191 16.173752 9.732341
v 8.101939 16.625019 11.849478
v 8.302114 16.577499 9.810377
v 7.918727 16.343388 9.471093
v 7.888191 16.173752 9.732341
v 8.322474 16.740383 9.538949
v 8.156226 16.753931 11.988587
v 8.587115 17.289999 12.144655
v 8.685508 17.463043 12.025907
v 8.936580 17.941429 11.595013
v 9.150329 18.379110 11.048764
v 9.418363 18.698021 10.458408
v 9.604968 18.921972 9.728948
v 9.676221 18.983021 8.853594
v 9.459079 18.748928 8.707703
v 7.918727 16.343388 9.471093
v 8.152832 16.933750 9.125023
v 8.451404 17.083044 9.315022
v 8.488723 17.595362 8.809488
v 8.722828 17.646248 9.063953
v 9.123185 18.324816 8.826451
v 9.038366 18.423223 8.398954
v 8.488723 17.595362 8.809488
v 7.945867 17.205181 8.935024
v 8.152832 16.933750 9.125023
v 8.397117 17.595362 8.711096
v 9.170684 17.266249 6.756817
v 9.632114 17.900703 6.112175
v 8.980686 18.161974 8.225920
v 8.380155 17.982155 9.111453
v 8.939969 19.098383 9.650915
v 8.705865 18.552155 8.877344
v 8.237652 17.764997 9.274308
v 8.956937 19.030540 8.945200
v 8.902650 18.898201 8.812881
v 9.370863 18.989815 9.735734
v 9.364076 18.999996 8.958774
v 9.282650 18.826971 8.802702
v 8.373367 17.513950 9.277701
v 8.224082 17.259474 9.454130
v 8.037473 17.001612 9.742521
v 8.023903 17.279837 9.579662
v 9.248720 18.820177 10.312521
v 9.347114 18.949108 9.935913
v 9.146935 18.949108 10.088593
v 8.156226 16.686089 10.756983
v 8.003547 16.923588 9.952876
v 7.966228 16.886250 10.353233
v 7.806761 17.018568 10.159842
v 9.055328 18.521610 10.868945
v 9.201221 18.725178 10.495731
v 8.977297 18.687859 10.665374
v 8.817831 18.134815 11.411801
v 8.997653 18.399473 11.035194
v 8.760151 18.324816 11.215016
v 7.945867 16.848930 10.991088
v 7.803368 16.960907 10.811265
v 7.959441 16.876087 10.604303
v 7.939084 16.835382 11.645906
v 7.952654 16.838770 11.225192
v 7.786405 16.940544 11.432158
v 8.475149 17.615725 11.907154
v 8.729614 17.982155 11.588230
v 8.397117 17.876974 11.730724
v 8.013723 16.831976 11.869835
v 8.376761 17.432499 12.049657
v 13.574596 11.630754 3.777896
v 15.023343 12.848776 3.910222
v 14.331202 10.877530 2.800761
v 11.817103 13.547707 -2.295294
v 12.644958 13.778402 -1.664222
v 12.278530 13.208424 -1.599759
v 12.241211 14.171989 -2.220648
v 15.023343 12.848776 -3.910285
v 14.331202 10.877530 -2.800831
v 15.786736 12.085390 -2.909400
v 13.574596 11.630754 -3.777966
v 12.129246 12.957345 2.118799
v 11.817103 13.547707 2.295228
v 11.379427 13.693583 2.926293
v 11.172465 14.290730 -2.783864
v 10.955324 15.417159 -3.007788
v 11.627106 14.769116 -2.644754
v 10.548181 14.911626 -3.119758
v 11.620318 13.551094 -4.948501
v 10.521037 14.558764 -4.860289
v 11.077463 13.965014 -3.530288
v 13.167457 14.195749 -1.647259
v 12.811206 14.660547 -2.322438
v 12.841743 13.581638 -1.067083
v 13.360848 13.988765 -1.060301
v 15.087809 12.733414 -1.939047
v 16.227806 11.637539 -1.915297
v 15.203161 12.611287 -0.985658
v 12.041032 15.291625 -2.749938
v 11.403176 15.888762 -3.045112
v 12.129246 15.664830 -3.537071
v 11.576212 16.078760 -3.309753
v 11.627106 16.095726 -3.682967
v 12.169957 15.563046 -3.089218
v 13.343885 14.480729 2.743081
v 12.997814 14.833582 4.168074
v 12.763706 15.010013 2.882186
v 13.547457 14.246627 -2.196898
v 12.848530 12.350038 -4.412432
v 11.830677 13.228786 -2.739758
v 10.521037 14.558764 4.860219
v 11.077463 13.965014 3.530222
v 10.341220 14.725023 3.760933
v 13.876562 13.890368 -1.050120
v 12.763706 15.010013 -2.882257
v 11.830677 13.228786 2.739688
v 12.471926 13.028595 -1.026371
v 10.741572 16.971079 -5.667782
v 10.096934 15.016808 -5.308145
v 11.616925 16.160192 -5.477783
v 9.167291 15.939669 -5.515103
v 10.955324 15.417159 3.007726
v 11.576212 16.078760 3.309687
v 10.375145 14.738582 3.401289
v 11.403176 15.888762 3.045046
v 14.745128 13.082869 -2.838150
v 14.368521 13.408604 -3.713503
v 14.287094 13.574854 -4.568504
v 11.620318 13.551094 -4.948501
v 13.048704 14.786081 -5.124926
v 12.129246 15.664830 3.537009
v 12.997814 14.833582 -4.168143
v 10.375145 14.738582 -3.401359
v 12.848530 12.350038 -4.412432
v 10.341220 14.725023 3.760933
v 11.236928 16.496069 4.632893
v 9.686398 15.379831 4.673606
v 11.627106 16.095726 3.682897
v 14.331202 10.877530 -2.800831
v 12.129246 12.957345 -2.118865
v 14.768878 10.429668 -1.837261
v 11.871390 15.922703 -4.463325
v 11.871390 15.922703 4.463255
v 14.368521 13.408604 3.713434
v 14.287094 13.574854 4.568430
v 11.236928 16.496069 -4.632963
v 12.241211 14.171989 2.220585
v 13.167457 14.195749 1.647189
v 12.811206 14.660547 2.322367
v 12.644958 13.778402 1.664152
v 10.341220 14.725023 -3.761003
v 9.686398 15.379831 -4.673676
v 10.341220 14.725023 -3.761003
v 14.768878 10.429668 -1.837261
v 11.817103 13.547707 2.295228
v 12.278530 13.208424 1.599689
v 13.974955 13.788584 0.001666
v 15.250662 12.604492 0.001666
v 16.322800 11.515392 -0.975478
v 14.863882 10.304144 -0.934761
v 12.994421 13.428947 0.001666
v 12.471926 13.028595 1.026301
v 12.600851 12.896267 0.001666
v 12.841743 13.581638 1.067013
v 11.627106 14.769116 2.644692
v 12.041032 15.291625 2.749868
v 10.741572 16.971079 5.667712
v 9.167291 15.939669 5.515036
v 11.817103 13.547707 -2.295294
v 12.278530 13.208424 -1.599759
v 16.316017 11.498426 0.001666
v 14.857095 10.290565 0.001666
v 14.863882 10.304144 0.934695
v 16.322800 11.515392 0.975411
v 13.574596 11.630754 -3.777966
v 13.343885 14.480729 -2.743151
v 14.768878 10.429668 1.837191
v 16.227806 11.637539 1.915227
v 9.686398 15.379831 -4.673676
v 11.379427 13.693583 -2.926363
v 15.786736 12.085390 2.909329
v 11.172465 14.290730 -2.783864
v 10.375145 14.738582 -3.401359
v 10.548181 14.911626 -3.119758
v 9.686398 15.379831 4.673606
v 10.096934 15.016808 5.308071
v 9.167291 15.939669 5.515036
v 13.360848 13.988765 1.060230
v 13.506741 13.842878 0.001666
v 10.096934 15.016808 5.308071
v 9.167291 15.939669 5.515036
v 11.616925 16.160192 5.477717
v 11.620318 13.551094 4.948431
v 13.048704 14.786081 5.124856
v 12.848530 12.350038 4.412363
v 12.529602 12.573958 0.995768
v 14.768878 10.429668 1.837191
v 14.863882 10.304144 0.934695
v 12.278530 13.208424 1.599689
v 12.471926 13.028595 1.026301
v 9.167291 15.939669 -5.515103
v 13.876562 13.890368 1.050050
v 13.547457 14.246627 2.196836
v 12.529602 12.573958 -0.995838
v 14.863882 10.304144 -0.934761
v 12.848530 12.350038 4.412363
v 13.574596 11.630754 3.777896
v 15.203161 12.611287 0.985588
v 11.620318 13.551094 4.948431
v 10.375145 14.738582 3.401289
v 15.087809 12.733414 1.938977
v 10.096934 15.016808 -5.308145
v 12.471926 13.028595 -1.026371
v 11.172465 14.290730 2.783793
v 12.169957 15.563046 3.089151
v 10.548181 14.911626 3.119688
v 12.631384 12.468777 0.001666
v 14.857095 10.290565 0.001666
v 14.745128 13.082869 2.838080
v 12.600851 12.896267 0.001666
v 14.331202 10.877530 2.800761
v 10.548181 14.911626 3.119688
v 9.167291 15.939669 -5.515103
v 11.172465 14.290730 2.783793
v 7.172304 20.187494 -4.982427
v 7.966232 19.661587 -5.837428
v 9.336938 18.161974 -4.680462
v 9.703369 18.005884 -5.942599
v 10.263185 16.078751 -3.055288
v 9.771225 15.647864 -3.187614
v 9.642296 16.665726 -3.028145
v 9.085870 16.295908 -3.157078
v 7.352126 17.520723 -3.157078
v 8.047658 16.886250 -3.330109
v 8.271586 16.672501 -4.738142
v 10.436219 15.023591 -3.146901
v 10.290331 14.816616 -3.414932
v 9.771225 15.647864 -3.187614
v 9.486223 15.532502 -3.462432
v 2.948213 24.096056 0.001666
v 3.104281 23.956944 -1.477621
v 3.989815 23.098557 0.001666
v 4.173027 22.973034 -1.358864
v 8.726226 16.251795 -3.448858
v 3.080532 21.476786 -1.229939
v 3.643744 23.481945 -2.994219
v 3.545355 21.100174 -2.526006
v 8.254623 16.784475 -5.715281
v 9.048547 16.051613 -5.535463
v 9.601580 15.464640 -4.680462
v 11.501575 16.153389 3.319863
v 10.290331 14.816616 3.414866
v 11.555857 16.163570 3.689683
v 10.259790 14.803047 3.767720
v 6.056059 18.718384 -3.336896
v 6.439449 18.497860 -5.640635
v 9.703369 18.005884 5.942537
v 7.677841 17.351067 5.857714
v 8.994265 18.321428 7.228424
v 5.492847 21.676947 2.692188
v 4.732850 22.552309 2.739688
v 5.051773 22.189285 1.335052
v 4.173027 22.973034 1.358802
v 9.085870 16.295908 -3.157078
v 8.437835 16.971067 -3.065468
v 10.734795 16.533388 -3.109578
v 11.294609 15.993933 -3.068858
v 10.873896 15.495184 -3.024751
v 7.677841 17.351067 -5.857780
v 7.850873 19.712494 3.720220
v 7.131591 20.353745 2.600586
v 8.529441 19.020359 2.597193
v 11.555857 16.163570 -3.689754
v 10.962112 16.716614 -3.374220
v 11.165684 16.563932 -4.643143
v 2.921070 21.588741 0.001666
v 5.207846 19.437677 0.001666
v 3.080532 21.476786 -1.229939
v 5.275702 19.386789 -1.202796
v 9.051940 18.243404 -2.658324
v 8.529441 19.020359 -2.597255
v 9.377651 18.239998 -3.255471
v 7.738910 18.426609 1.226475
v 7.593018 18.555540 0.598804
v 6.934806 18.284090 1.209512
v 4.600527 22.620152 -4.347965
v 4.261243 20.479267 -3.774573
v 8.973908 18.664110 -3.699934
v 8.169801 18.915178 -1.250295
v 7.973015 19.491951 -1.260475
v 8.481941 18.647154 -1.935654
v 8.488728 17.744635 2.488616
v 8.037477 18.155178 1.891478
v 7.569268 17.588587 2.580226
v 8.020514 19.047497 0.612374
v 7.979802 19.084814 0.001666
v 7.559088 18.586084 0.001666
v 7.793192 19.648039 0.001666
v 8.020514 19.047497 -0.612444
v 7.593018 18.555540 -0.598874
v 6.782127 18.416449 0.001666
v 6.934806 18.284090 -1.209582
v 8.481941 18.647154 1.935584
v 8.169801 18.915178 1.250233
v 10.161402 17.076250 -3.102787
v 9.625333 17.595362 -2.984039
v 10.409076 17.242498 -3.394576
v 9.048547 17.222136 -2.858507
v 8.488728 17.744635 -2.488686
v 10.734795 16.533388 3.109508
v 10.161402 17.076250 3.102725
v 10.263185 16.078751 3.055226
v 9.642296 16.665726 3.028082
v 11.501575 16.153389 -3.319933
v 3.545355 21.100174 -2.526006
v 5.550523 19.162838 -2.424224
v 4.261243 20.479267 -3.774573
v 6.290164 20.998379 3.913616
v 10.636397 17.072863 -5.684741
v 9.601580 15.464640 -4.680462
v 9.048547 16.051613 -5.535463
v 7.569268 17.588587 -2.580292
v 9.625333 17.595362 2.983976
v 9.051940 18.243404 2.658262
v 9.048547 17.222136 2.858437
v 8.973908 18.664110 3.699864
v 10.873896 15.495184 3.024689
v 10.436219 15.023591 3.146832
v 10.290331 14.816616 3.414866
v 8.254623 16.784475 -5.715281
v 5.564096 21.863560 -4.015468
v 6.982302 20.560699 -5.457423
v 6.290164 20.994993 -3.913678
v 2.921070 21.588741 0.001666
v 4.261243 20.479267 3.774503
v 4.600527 22.620152 4.347899
v 5.659096 19.213745 5.172364
v 8.994265 18.321428 -7.228490
v 8.095158 19.176428 -7.069032
v 7.677841 17.351067 -5.857780
v 6.439449 18.497860 -5.640635
v 11.294609 15.993933 3.068795
v 10.873896 15.495184 3.024689
v 5.869451 21.388561 -5.481177
v 10.290331 14.816616 -3.414932
v 5.564096 21.863560 4.015399
v 4.732850 22.552309 -2.739758
v 10.259790 14.803047 -3.767790
v 10.873896 15.495184 -3.024751
v 6.659985 20.747311 -1.287619
v 7.131591 20.353745 -2.600648
v 9.336938 18.161974 4.680393
v 8.254623 16.784475 5.715215
v 7.850873 19.712494 -3.720290
v 8.254623 16.784475 5.715215
v 8.271586 16.672501 4.738077
v 7.677841 17.351067 5.857714
v 7.172304 20.187494 4.982358
v 7.352126 17.520723 3.157008
v 7.569268 17.588587 2.580226
v 6.056059 18.718384 3.336826
v 5.550523 19.162838 2.424153
v 6.934806 18.284090 1.209512
v 5.275702 19.386789 1.202725
v 6.982302 20.560699 5.457357
v 6.934806 18.284090 -1.209582
v 6.782127 18.416449 0.001666
v 5.051773 22.189285 -1.331725
v 5.492847 21.676947 -2.692258
v 9.085870 16.295908 3.157008
v 8.437835 16.971067 3.065402
v 8.726226 16.251795 3.448796
v 8.047658 16.886250 3.330043
v 6.659985 20.747311 1.287552
v 9.601580 15.464640 4.680393
v 10.259790 14.803047 3.767720
v 9.486223 15.532502 3.462366
v 3.104281 23.956944 1.477551
v 9.771225 15.647864 3.187544
v 3.643744 23.481945 2.994156
v 10.436219 15.023591 -3.146901
v 6.439449 18.497860 5.640568
v 5.659096 19.213745 5.172364
v 4.261243 20.479267 3.774503
v 8.437835 16.971067 -3.065468
v 7.569268 17.588587 -2.580292
v 4.871955 22.304626 0.001666
v 6.507305 20.872856 0.001666
v 3.545355 21.100174 2.525935
v 9.771225 15.647864 3.187544
v 9.085870 16.295908 3.157008
v 6.544625 20.703218 -6.098672
v 7.155341 20.078926 -6.624569
v 6.544625 20.703218 6.098605
v 5.869451 21.388561 5.481111
v 3.080532 21.476786 1.229869
v 8.037477 18.155178 -1.891547
v 7.738910 18.426609 -1.226545
v 5.659096 19.213745 -5.172425
v 6.439449 18.497860 5.640568
v 8.095158 19.176428 7.068957
v 8.437835 16.971067 3.065402
v 3.545355 21.100174 2.525935
v 7.155341 20.078926 6.624498
v 7.654087 19.593744 6.923066
v 7.654087 19.593744 -6.923132
v 7.966232 19.661587 5.837354
v 3.080532 21.476786 1.229869
v 10.259790 14.803047 -3.767790
v 9.048547 16.051613 5.535393
v 7.973015 19.491951 1.260413
v 11.165684 16.563932 4.643073
v 10.962112 16.716614 3.374149
v 9.377651 18.239998 3.255400
v 10.409076 17.242498 3.394506
v 5.659096 19.213745 -5.172425
v 10.436219 15.023591 3.146832
v 9.048547 16.051613 5.535393
v 10.636397 17.072863 5.684674
v 9.601580 15.464640 4.680393
vn -0.1565 -0.8218 0.5479
vn -0.2670 -0.9189 0.2906
vn 0.5075 -0.8354 -0.2108
vn 0.3778 -0.7869 -0.4879
vn 0.4417 -0.7572 -0.4811
vn 0.4803 -0.5275 -0.7008
vn 0.1640 -0.6323 -0.7572
vn -0.0472 -0.4246 -0.9042
vn 0.3152 -0.8039 -0.5044
vn 0.0704 -0.9852 0.1564
vn 0.9838 -0.1732 0.0472
vn 0.5400 -0.3287 0.7748
vn 0.6551 0.1482 0.7408
vn 0.9939 -0.1095 0.0157
vn 0.6887 0.5243 0.5008
vn 0.7807 0.4574 0.4259
vn 0.7063 0.5729 0.4159
vn 0.7318 0.5508 0.4013
vn 0.7028 0.2109 0.6794
vn -0.1093 -0.5240 0.8447
vn -0.5431 -0.7241 0.4250
vn -0.7186 -0.1796 0.6718
vn 0.5201 0.5674 0.6383
vn 0.2757 0.6223 0.7326
vn 0.6630 0.6788 0.3157
vn 0.6909 0.5967 0.4082
vn 0.6845 0.5980 0.4170
vn 0.8704 -0.0784 -0.4861
vn 0.7330 0.6069 0.3074
vn 0.7531 -0.0941 -0.6511
vn 0.2419 -0.6165 -0.7492
vn 0.1970 -0.6933 -0.6932
vn 0.2446 -0.5287 -0.8128
vn -0.1718 -0.9290 -0.3279
vn 0.4454 -0.8597 -0.2501
vn 0.4543 -0.8850 -0.1018
vn 0.0078 -0.9876 -0.1568
vn -0.0157 -0.9998 -0.0079
vn 0.4566 -0.8897 -0.0000
vn 0.0078 -0.9888 0.1492
vn 0.1567 -0.9876 -0.0078
vn 0.4546 -0.8857 0.0941
vn -0.1722 -0.9313 0.3208
vn 0.2901 -0.9487 0.1255
vn 0.4463 -0.8613 0.2427
vn 0.2034 -0.6962 0.6884
vn 0.2510 -0.5333 0.8078
vn -0.0548 -0.4308 0.9008
vn 0.1649 -0.6360 0.7538
vn 0.4843 -0.5311 0.6952
vn 0.4454 -0.7579 0.4766
vn 0.3821 -0.7876 0.4834
vn 0.5084 -0.8368 0.2034
vn 0.3203 -0.8046 0.5000
vn -0.1498 -0.8202 -0.5521
vn -0.2663 -0.9167 -0.2977
vn 0.0703 -0.9839 -0.1640
vn 0.9834 -0.1731 -0.0551
vn 0.5358 -0.3231 -0.7801
vn 0.6513 0.1413 -0.7455
vn 0.6818 0.5250 -0.5094
vn 0.9937 -0.1095 -0.0235
vn 0.2433 -0.6202 0.7458
vn 0.7570 -0.0946 0.6465
vn 0.8685 -0.4851 0.1017
vn 0.6628 -0.7408 0.1092
vn 0.7491 -0.6624 -0.0001
vn 0.9869 0.0627 0.1488
vn 0.9787 -0.1566 0.1331
vn 0.6795 0.7186 -0.1484
vn 0.7471 0.6527 0.1258
vn 0.7452 0.6668 -0.0078
vn 0.6654 0.7281 -0.1644
vn 0.6596 0.7382 -0.1414
vn 0.6511 0.7373 -0.1804
vn 0.7785 0.6055 -0.1651
vn 0.7446 0.6427 -0.1803
vn 0.8736 -0.0787 0.4802
vn 0.7312 0.6054 -0.3145
vn 0.7040 0.5710 -0.4224
vn 0.6822 0.5960 -0.4235
vn 0.7069 0.6127 -0.3535
vn 0.6532 0.7083 -0.2676
vn 0.5658 0.8094 -0.1572
vn 0.5345 0.8018 -0.2672
vn 0.5732 0.7773 -0.2591
vn 0.5259 0.8476 -0.0707
vn 0.4778 0.8772 -0.0470
vn 0.3538 0.9353 -0.0000
vn 0.8084 0.5886 -0.0000
vn 0.9720 0.2351 -0.0000
vn 0.9857 0.0626 -0.1565
vn 0.7452 0.6668 -0.0000
vn 0.4779 0.8775 0.0392
vn 0.7463 0.6520 -0.1335
vn 0.6663 0.7290 0.1568
vn 0.6802 0.7194 0.1407
vn 0.9776 -0.1564 -0.1408
vn 0.6622 -0.7411 -0.1104
vn 0.2898 -0.9478 -0.1332
vn 0.8678 -0.4847 -0.1095
vn 0.6604 0.7389 0.1336
vn 0.6520 0.7383 0.1728
vn 0.5709 0.7820 0.2502
vn 0.5261 0.8481 0.0628
vn 0.4776 0.8769 -0.0548
vn 0.8084 0.5886 0.0079
vn 0.3138 0.9495 -0.0000
vn 0.8864 0.4628 -0.0000
vn 0.4778 0.8772 0.0470
vn 0.8083 0.5886 -0.0157
vn 0.8497 0.5272 -0.0000
vn 0.8395 0.5413 0.0471
vn 0.7793 0.6139 0.1259
vn 0.6209 0.6995 0.3537
vn 0.5323 0.8062 0.2583
vn 0.5665 0.8104 0.1495
vn 0.7457 0.6436 0.1727
vn 0.7795 0.6063 0.1575
vn 0.7089 0.6143 0.3466
vn 0.6546 0.7098 0.2602
vn 0.4632 0.8400 0.2826
vn 0.8160 0.5492 0.1804
vn 0.8243 0.5417 0.1649
vn 0.8313 0.5333 0.1569
vn 0.8453 0.5322 0.0470
vn 0.8462 0.5328 -0.0000
vn 0.8450 0.5320 0.0548
vn 0.8326 0.5262 0.1728
vn 0.8077 0.5176 0.2823
vn 0.7615 0.6359 0.1256
vn 0.8072 0.5878 0.0549
vn 0.5326 0.8381 -0.1175
vn 0.7216 0.6823 0.1176
vn 0.7227 0.5576 0.4084
vn 0.6937 0.5846 0.4209
vn 0.7071 0.5657 0.4243
vn 0.1959 0.0470 0.9795
vn -0.3605 -0.0157 0.9326
vn -0.4547 -0.4077 0.7919
vn 0.7203 0.6107 -0.3288
vn 0.7935 0.5971 0.1179
vn 0.6886 0.7200 0.0861
vn 0.7807 0.4258 0.4574
vn 0.6417 0.7668 0.0157
vn 0.7805 0.4651 0.4178
vn 0.8073 0.5095 0.2978
vn 0.8317 0.5100 0.2197
vn 0.8008 0.4946 0.3376
vn 0.7776 0.4712 0.4163
vn 0.7451 0.6667 0.0157
vn 0.6798 0.7111 -0.1797
vn 0.6501 0.7598 0.0078
vn 0.7466 0.5187 0.4165
vn 0.7326 0.5436 0.4096
vn 0.7130 0.5406 0.4466
vn 0.3146 0.1022 0.9437
vn 0.7329 0.4965 0.4650
vn 0.7632 0.4799 0.4327
vn 0.8641 0.4163 0.2828
vn 0.8481 0.4083 0.3377
vn 0.6024 0.0157 0.7980
vn 0.3230 -0.0394 0.9456
vn 0.5851 -0.1560 0.7958
vn 0.9008 0.3368 0.2741
vn 0.5702 -0.0469 0.8202
vn 0.7776 0.4163 0.4712
vn 0.7792 0.5667 0.2676
vn 0.6334 0.7507 -0.1877
vn 0.7068 0.7067 -0.0314
vn 0.7779 0.4636 0.4243
vn 0.7226 0.6911 -0.0157
vn 0.6744 0.7215 -0.1569
vn 0.7715 0.4173 0.4802
vn 0.7759 0.5643 0.2821
vn 0.7858 0.5500 0.2829
vn 0.7483 0.4884 0.4489
vn 0.7654 0.4182 0.4892
vn 0.6760 0.1415 0.7232
vn 0.5744 0.0236 0.8183
vn 0.9059 0.1339 0.4018
vn 0.7969 0.4576 0.3945
vn 0.8988 -0.1641 0.4064
vn 0.2663 -0.8459 0.4621
vn -0.2502 -0.8990 0.3596
vn 0.7481 0.3663 0.5533
vn -0.3217 -0.7768 0.5414
vn 0.7531 0.4158 0.5099
vn 0.7525 0.5173 0.4076
vn 0.7458 0.4789 0.4631
vn 0.7927 0.5023 0.3454
vn 0.7299 0.6593 -0.1805
vn 0.7596 0.6500 -0.0235
vn 0.7807 0.4574 0.4258
vn 0.7870 0.4879 0.3777
vn 0.8264 0.5037 0.2518
vn 0.8160 0.4315 0.3845
vn 0.8253 0.3223 0.4637
vn 0.7575 0.4655 0.4577
vn 0.8495 0.5270 0.0236
vn 0.8165 0.5339 -0.2198
vn 0.9217 0.3387 -0.1891
vn 0.8190 0.4174 0.3938
vn 0.7536 0.4239 0.5024
vn 0.7486 0.4728 0.4649
vn 0.7564 0.5279 0.3861
vn 0.7499 0.5367 0.3868
vn 0.7572 0.4417 0.4812
vn -0.4307 -0.7752 0.4620
vn -0.5027 -0.7619 0.4085
vn 0.7575 0.4656 0.4576
vn 0.7633 0.5351 0.3620
vn 0.7887 0.3392 0.5127
vn 0.7309 0.4244 0.5344
vn 0.7463 0.3378 0.5735
vn 0.7258 0.4497 0.5207
vn 0.6857 0.5766 0.4442
vn 0.7569 0.4888 0.4337
vn -0.4795 -0.7546 0.4480
vn -0.5891 -0.7147 0.3770
vn 0.6546 0.5066 0.5611
vn 0.3822 0.5305 0.7566
vn -0.6837 -0.4794 0.5501
vn 0.3748 0.4998 0.7809
vn 0.6549 0.4892 0.5760
vn 0.6928 0.3779 0.6141
vn 0.6248 0.3983 0.6716
vn 0.6796 0.2343 0.6952
vn 0.7253 0.1577 0.6701
vn 0.6199 0.2198 0.7533
vn 0.6328 0.0391 0.7734
vn 0.5545 0.0859 0.8278
vn 0.3208 0.2112 0.9233
vn 0.4096 0.4174 0.8112
vn -0.3219 0.0942 0.9421
vn -0.4219 -0.0234 0.9063
vn -0.3454 -0.2276 0.9104
vn 0.2901 0.0235 0.9567
vn -0.3755 -0.3442 0.8605
vn -0.2357 -0.5499 0.8013
vn 0.3134 -0.1332 0.9402
vn -0.2269 -0.6808 0.6964
vn 0.4994 -0.0156 0.8662
vn 0.5744 -0.0236 0.8183
vn 0.6454 -0.0236 0.7635
vn 0.5671 -0.0866 0.8191
vn 0.9100 0.2040 0.3609
vn 0.8511 -0.0709 0.5202
vn 0.9517 0.1966 0.2359
vn 0.9448 0.2677 0.1889
vn 0.9188 0.2670 0.2906
vn 0.8709 0.4472 0.2040
vn 0.8913 0.4535 -0.0000
vn 0.6391 -0.1341 0.7574
vn 0.7040 -0.1408 0.6961
vn 0.9107 0.4004 0.1021
vn 0.8247 0.5655 0.0078
vn 0.8782 0.4783 -0.0000
vn 0.8972 0.3589 0.2574
vn 0.9470 0.2348 -0.2191
vn 0.9290 0.3386 0.1496
vn 0.8007 0.0550 0.5966
vn 0.7622 0.0629 0.6443
vn 0.7956 -0.1248 0.5928
vn 0.8062 -0.2583 0.5322
vn 0.7628 -0.1494 0.6291
vn 0.7240 -0.1338 0.6768
vn 0.6104 -0.1644 0.7748
vn 0.6802 -0.1407 0.7193
vn 0.5492 -0.1805 0.8160
vn 0.9936 -0.0939 0.0626
vn 0.5149 -0.1950 0.8348
vn 0.9295 -0.2968 0.2187
vn 0.6334 -0.1877 0.7507
vn 0.6548 -0.1814 0.7337
vn 0.8585 0.0945 0.5041
vn 0.8554 0.0078 0.5180
vn 0.7715 -0.1338 0.6220
vn 0.8406 -0.2200 0.4949
vn 0.7000 -0.1415 0.7000
vn 0.5359 -0.0394 0.8433
vn 0.4082 0.7772 0.4789
vn 0.6610 0.3070 0.6847
vn 0.3535 0.9111 0.2121
vn 0.6930 0.5512 0.4646
vn 0.7966 -0.0788 0.5994
vn 0.9805 0.1804 -0.0785
vn 0.8781 0.4783 0.0157
vn 0.8725 0.0943 0.4795
vn 0.8579 0.5116 0.0472
vn 0.9349 0.3143 0.1650
vn 0.9658 0.2120 -0.1492
vn 0.9386 0.3441 -0.0235
vn 0.9359 0.3225 -0.1416
vn 0.9421 0.3140 -0.1177
vn 0.4943 0.8633 0.1020
vn 0.6830 0.7301 0.0236
vn 0.9024 0.4237 0.0785
vn 0.9020 0.4079 0.1412
vn 0.8966 0.4169 0.1494
vn 0.8485 0.5264 0.0550
vn 0.8800 0.4557 0.1336
vn 0.8932 0.4153 0.1723
vn 0.2119 0.8083 -0.5493
vn 0.2116 0.7365 -0.6425
vn 0.2741 0.7362 -0.6187
vn 0.0551 0.7480 -0.6614
vn 0.1409 0.8297 -0.5401
vn 0.3940 0.8512 0.3468
vn 0.5641 0.8227 0.0705
vn 0.1338 0.7163 -0.6848
vn 0.0938 0.8211 -0.5630
vn -0.2675 0.6450 -0.7158
vn 0.1256 0.9110 -0.3927
vn 0.5459 0.6550 0.5225
vn 0.6704 0.7016 0.2417
vn 0.4414 0.7015 0.5596
vn 0.4522 0.7641 0.4600
vn 0.4649 0.7486 0.4728
vn 0.5207 0.6154 0.5917
vn -0.0942 0.8085 -0.5809
vn -0.1880 0.7362 -0.6501
vn -0.0393 0.8491 -0.5268
vn -0.0000 0.8782 -0.4783
vn -0.0548 0.7441 -0.6658
vn 0.0236 0.8183 -0.5743
vn 0.5826 0.5747 0.5747
vn 0.5511 0.7085 0.4408
vn 0.5278 0.7484 0.4018
vn 0.5236 -0.0157 0.8518
vn 0.5201 -0.0709 0.8511
vn 0.5095 -0.1019 0.8544
vn 0.4494 -0.2444 0.8593
vn -0.0939 -0.8605 0.5007
vn 0.6540 -0.2836 0.7013
vn 0.0312 -0.9614 0.2735
vn 0.6232 -0.1183 0.7731
vn 0.5584 -0.0787 0.8258
vn 0.5510 0.0079 0.8344
vn 0.6274 0.6901 0.3607
vn 0.6360 0.6596 0.4005
vn 0.6387 0.5519 0.5362
vn 0.2202 0.7943 -0.5662
vn 0.0392 0.6907 -0.7221
vn 0.1882 0.7922 -0.5805
vn 0.0392 0.8078 -0.5882
vn -0.0863 0.7923 -0.6040
vn 0.0630 0.8105 -0.5823
vn -0.0235 0.8306 -0.5564
vn 0.1960 0.8074 -0.5565
vn 0.1178 0.7693 -0.6280
vn 0.0863 0.8942 -0.4393
vn 0.2192 0.9004 -0.3758
vn 0.0313 0.9466 -0.3207
vn 0.1721 0.9699 -0.1721
vn -0.4212 0.8112 -0.4056
vn 0.0235 0.9945 -0.1018
vn -0.4722 0.8736 -0.1180
vn -0.4689 0.8832 -0.0078
vn 0.0157 0.9999 -0.0000
vn 0.1258 0.9909 -0.0472
vn -0.0157 0.9753 -0.2202
vn 0.0625 0.9929 -0.1016
vn 0.1337 0.9910 -0.0000
vn 0.1961 0.9805 0.0157
vn 0.0862 0.9963 -0.0000
vn 0.1961 0.9803 -0.0235
vn 0.1259 0.9913 0.0393
vn 0.0235 0.9953 0.0940
vn -0.4726 0.8743 0.1103
vn 0.0314 0.9490 0.3137
vn -0.4225 0.8138 0.3991
vn 0.1723 0.9712 0.1645
vn 0.0626 0.9936 0.0939
vn -0.1024 0.9766 0.1890
vn 0.4157 0.9019 -0.1177
vn -0.0315 0.9984 -0.0472
vn -0.0314 0.9987 0.0393
vn 0.0236 0.9997 -0.0000
vn 0.9041 0.4167 -0.0943
vn 0.9235 0.3835 -0.0000
vn 0.9048 0.4170 0.0865
vn 0.4160 0.9027 0.1099
vn -0.1023 0.9751 -0.1966
vn -0.1411 0.7527 -0.6430
vn 0.1332 0.8306 -0.5407
vn 0.8538 0.3681 -0.3682
vn 0.7736 0.6329 -0.0313
vn 0.8148 0.5798 -0.0000
vn 0.7737 0.6331 0.0234
vn 0.7847 0.6199 -0.0000
vn 0.7979 0.6023 -0.0235
vn 0.8644 0.5029 -0.0000
vn 0.9091 0.4154 -0.0314
vn 0.1338 0.9605 -0.2440
vn 0.9560 0.2429 -0.1645
vn 0.1330 0.9859 -0.1017
vn 0.1956 0.9625 -0.1878
vn 0.9648 0.2510 0.0784
vn 0.9339 0.3532 0.0549
vn 0.8609 0.5087 -0.0000
vn 0.9638 0.2664 0.0079
vn 0.9591 0.2830 -0.0000
vn 0.8643 0.5029 -0.0000
vn 0.7980 0.6024 0.0156
vn 0.8562 0.3692 0.3614
vn 0.9093 0.4155 0.0235
vn 0.8782 0.4783 -0.0078
vn 0.9637 0.2664 -0.0157
vn 0.9844 0.1733 -0.0315
vn 0.9791 0.1958 -0.0548
vn 0.8887 0.4561 -0.0472
vn 0.9335 0.3530 -0.0627
vn 0.9642 0.2508 -0.0862
vn 0.9572 0.2432 0.1569
vn 0.1331 0.9866 0.0940
vn 0.1331 0.9629 0.2349
vn -0.1419 0.7565 0.6384
vn 0.1338 0.8341 0.5351
vn -0.0157 0.9770 0.2127
vn 0.1959 0.9639 0.1802
vn 0.9349 0.3142 -0.1650
vn 0.9160 0.3836 -0.1174
vn 0.8793 0.4710 -0.0707
vn 0.9826 0.1100 -0.1494
vn 0.9878 0.1176 -0.1019
vn 0.9639 0.0627 -0.2586
vn 0.9752 0.0236 -0.2202
vn 0.9570 0.2745 -0.0941
vn 0.9809 0.1413 -0.1334
vn 0.9835 0.1810 -0.0000
vn 0.9846 0.1733 0.0236
vn 0.9795 0.1959 0.0470
vn 0.8890 0.4563 0.0393
vn 0.9838 0.1102 0.1417
vn 0.9886 0.1177 0.0942
vn 0.9576 0.2747 0.0863
vn 0.9195 0.3930 -0.0000
vn 0.9048 0.4091 -0.1180
vn 0.8603 0.4771 -0.1799
vn 0.9372 0.3071 -0.1654
vn 0.8843 0.4617 -0.0704
vn 0.8301 0.5482 -0.1018
vn 0.9021 0.4315 -0.0000
vn 0.9196 0.3929 -0.0000
vn 0.9944 0.0705 0.0783
vn 0.8762 0.3598 -0.3207
vn 0.9016 0.3136 -0.2980
vn 0.9622 0.2112 -0.1721
vn 0.8488 0.3537 -0.3930
vn 0.8932 0.3369 -0.2977
vn 0.9724 0.1568 0.1725
vn 0.9835 -0.1810 -0.0000
vn 0.8750 0.2917 0.3863
vn 0.9796 -0.0705 0.1881
vn 0.9997 0.0236 -0.0000
vn 0.8368 0.5474 -0.0000
vn 0.9781 -0.0704 -0.1956
vn 0.9938 0.0704 -0.0861
vn 0.8724 0.2908 -0.3930
vn 0.7847 0.6199 0.0003
vn 0.8120 0.5597 0.1656
vn 0.9434 0.3302 -0.0314
vn 0.8408 0.5343 -0.0864
vn 0.8481 0.5261 -0.0628
vn 0.8695 0.4386 -0.2272
vn 0.8481 0.4083 -0.3377
vn 0.9094 0.2979 -0.2901
vn 0.8247 0.5027 -0.2592
vn 0.8302 0.5091 -0.2271
vn 0.8381 0.5327 -0.1175
vn 0.8314 0.5255 -0.1804
vn 0.8446 0.5318 -0.0625
vn 0.8697 0.4936 -0.0000
vn 0.8462 0.5328 0.0001
vn 0.8414 0.5347 0.0786
vn 0.8109 0.5589 -0.1732
vn 0.9711 0.1566 -0.1801
vn 0.9436 0.3302 0.0236
vn 0.8302 0.5326 -0.1645
vn 0.8450 0.5320 -0.0548
vn 0.8391 0.5411 -0.0549
vn 0.7785 0.6133 -0.1337
vn 0.8232 0.5409 -0.1725
vn 0.8059 0.5164 -0.2895
vn 0.8054 0.5083 -0.3050
vn 0.7987 0.4933 -0.3445
vn 0.7779 0.4636 -0.4243
vn 0.7779 0.4243 -0.4636
vn 0.7607 0.6352 -0.1333
vn 0.8068 0.5875 -0.0627
vn 0.8148 0.5484 -0.1880
vn 0.6192 0.6976 -0.3605
vn 0.4621 0.8381 -0.2898
vn 0.5331 0.8389 0.1098
vn 0.7222 0.6123 0.3218
vn 0.7209 0.6817 -0.1253
vn 0.7927 0.5965 -0.1256
vn 0.6882 0.7194 -0.0938
vn 0.6416 0.7667 -0.0235
vn 0.7450 0.6666 -0.0235
vn 0.7750 0.4697 -0.4228
vn 0.7846 0.4864 -0.3844
vn 0.8136 0.4303 -0.3911
vn 0.8223 0.3211 -0.4699
vn 0.8654 0.1888 -0.4642
vn 0.9129 0.1889 -0.3620
vn 0.8808 0.0944 -0.4640
vn 0.9541 0.1017 -0.2815
vn 0.9263 -0.0078 -0.3768
vn 0.8609 -0.0000 -0.5087
vn 0.8166 0.1492 -0.5575
vn 0.7781 0.4558 -0.4322
vn 0.7661 0.4221 -0.4847
vn 0.7548 0.4639 -0.4639
vn 0.9413 0.3373 -0.0157
vn 0.8887 0.1730 -0.4247
vn 0.7583 0.0625 -0.6489
vn 0.9486 0.2352 0.2117
vn 0.9279 0.3381 -0.1573
vn 0.8493 0.5269 -0.0315
vn 0.9204 0.3432 0.1872
vn 0.8982 0.3546 -0.2600
vn 0.8246 0.5655 -0.0157
vn 0.7856 0.3378 -0.5184
vn 0.8694 0.4465 -0.2115
vn 0.8165 0.4161 -0.4004
vn 0.8179 0.5348 0.2124
vn 0.7597 0.6501 0.0157
vn 0.7309 0.6602 0.1729
vn 0.7906 0.5010 -0.3522
vn 0.7506 0.4222 -0.5082
vn 0.7215 0.1568 -0.6744
vn 0.7279 0.4226 -0.5400
vn 0.7430 0.3363 -0.5787
vn 0.7228 0.4478 -0.5264
vn 0.7611 0.5336 -0.3688
vn 0.7541 0.5263 -0.3928
vn 0.7476 0.5351 -0.3935
vn 0.7458 0.4710 -0.4710
vn 0.7840 0.5488 -0.2901
vn 0.7430 0.4771 -0.4693
vn 0.7501 0.5157 -0.4141
vn 0.7456 0.4866 -0.4552
vn 0.7741 0.5630 -0.2893
vn 0.6746 0.7230 0.1489
vn 0.7226 0.6912 0.0079
vn 0.7753 0.4620 -0.4307
vn 0.7069 0.7069 0.0236
vn 0.6343 0.7518 0.1801
vn 0.7776 0.5655 -0.2749
vn 0.7686 0.4157 -0.4862
vn 0.7624 0.4166 -0.4952
vn 0.7944 0.4562 -0.4011
vn 0.7468 0.3616 -0.5581
vn 0.7501 0.4141 -0.5156
vn 0.7543 0.4400 -0.4872
vn -0.3203 -0.7735 -0.5469
vn -0.4291 -0.7725 -0.4682
vn -0.2512 -0.8949 -0.3690
vn 0.8985 -0.1576 -0.4097
vn 0.9030 0.1335 -0.4083
vn 0.6722 0.1407 -0.7269
vn 0.5707 0.0235 -0.8208
vn 0.5651 -0.0393 -0.8241
vn 0.7747 0.4147 -0.4773
vn 0.6807 0.7120 0.1721
vn 0.6501 0.7597 -0.0157
vn 0.8622 0.4154 -0.2900
vn 0.8973 0.3385 -0.2834
vn 0.5807 -0.1491 -0.8004
vn 0.8458 0.4073 -0.3446
vn 0.5975 0.0079 -0.8019
vn 0.7606 0.4783 -0.4391
vn 0.7442 0.5170 -0.4230
vn 0.7302 0.5418 -0.4162
vn 0.7066 0.5417 -0.4553
vn 0.7203 0.5559 -0.4149
vn 0.6928 0.5826 -0.4251
vn 0.7047 0.5638 -0.4307
vn 0.6886 0.5948 -0.4148
vn 0.7295 0.5491 -0.4079
vn 0.7780 0.4558 -0.4323
vn 0.7000 0.2045 -0.6843
vn -0.1021 -0.5187 -0.8488
vn -0.5413 -0.7217 -0.4315
vn -0.7158 -0.1730 -0.6765
vn 0.5175 0.5646 -0.6430
vn 0.6613 0.6771 -0.3228
vn 0.2741 0.6187 -0.7362
vn -0.3537 -0.0079 -0.9353
vn -0.4499 -0.4025 -0.7972
vn 0.1884 0.0393 -0.9813
vn 0.3146 0.1022 -0.9437
vn 0.7303 0.4947 -0.4711
vn 0.3207 -0.0391 -0.9464
vn 0.9059 0.1339 0.4019
vn 0.2742 -0.3760 0.8851
vn -0.0157 -0.6584 0.7525
vn -0.1805 -0.6593 0.7299
vn -0.4307 -0.7753 0.4620
vn -0.5101 -0.7298 0.4552
vn -0.5264 -0.6914 0.4950
vn 0.2347 -0.3677 0.8998
vn 0.2431 -0.3372 0.9095
vn -0.5730 -0.6594 0.4867
vn -0.8283 -0.5522 -0.0947
vn -0.7265 -0.6796 -0.1015
vn -0.5407 -0.7444 0.3918
vn -0.2910 -0.6606 0.6921
vn -0.5027 -0.7619 0.4084
vn -0.2904 -0.6279 0.7221
vn -0.5890 -0.7148 0.3770
vn -0.2672 -0.5579 0.7858
vn -0.6195 -0.2902 0.7294
vn -0.3372 0.0235 0.9411
vn -0.3067 -0.0236 0.9515
vn -0.3453 -0.2276 0.9105
vn -0.1489 -0.3057 0.9404
vn -0.2356 -0.5499 0.8013
vn -0.0314 -0.5972 0.8015
vn 0.0313 -0.9614 0.2735
vn -0.0707 -0.8324 0.5497
vn -0.5492 -0.8160 0.1804
vn 0.1413 -0.9734 0.1805
vn -0.1957 -0.7673 0.6107
vn -0.5256 -0.4628 0.7138
vn -0.2204 -0.7242 0.6534
vn -0.3365 -0.3991 0.8529
vn -0.0393 -0.5025 0.8637
vn 0.0235 -0.3834 0.9233
vn -0.4787 -0.7690 0.4237
vn 0.1254 -0.3603 0.9244
vn 0.1334 -0.2826 0.9499
vn 0.0937 -0.3125 0.9453
vn -0.5479 -0.7514 0.3678
vn -0.7309 -0.6759 -0.0943
vn -0.5662 -0.7943 0.2202
vn -0.5244 -0.8062 0.2739
vn -0.5882 -0.7607 0.2745
vn -0.7512 -0.6495 -0.1174
vn -0.7410 -0.3432 -0.5772
vn -0.7195 -0.6882 -0.0938
vn -0.6943 -0.5049 -0.5128
vn -0.4722 -0.7004 0.5352
vn -0.6026 -0.7122 0.3600
vn 0.0469 -0.2970 0.9537
vn -0.0550 -0.4244 0.9038
vn -0.0472 -0.4086 0.9115
vn -0.0781 -0.5548 0.8283
vn -0.6187 -0.7205 0.3132
vn -0.7298 -0.6748 -0.1099
vn -0.6788 -0.5384 -0.4994
vn -0.0314 0.2202 -0.9750
vn -0.0548 0.2348 -0.9705
vn -0.0391 0.2972 -0.9540
vn -0.0392 0.4153 -0.9089
vn -0.1340 0.5678 -0.8122
vn -0.7908 -0.2192 -0.5715
vn -0.7151 -0.6915 -0.1021
vn -0.5960 -0.6822 0.4235
vn -0.7151 -0.6522 0.2515
vn -0.7049 -0.7049 -0.0783
vn -0.7194 -0.5942 0.3597
vn -0.5729 -0.7063 0.4159
vn -0.6027 -0.7436 0.2896
vn -0.7204 -0.6891 -0.0783
vn -0.7057 -0.7057 -0.0627
vn -0.8790 -0.1648 -0.4474
vn -0.8680 -0.4457 -0.2190
vn -0.2510 0.6274 -0.7372
vn -0.3377 0.7147 -0.6126
vn -0.9400 -0.3368 -0.0548
vn -0.4722 0.8736 -0.1181
vn -0.9835 -0.1809 -0.0079
vn -0.9403 -0.3369 0.0470
vn -0.7110 -0.7032 -0.0078
vn -0.7452 -0.6668 -0.0078
vn -0.7613 -0.6436 -0.0785
vn -0.8341 -0.5351 -0.1338
vn -0.6057 -0.5507 0.5743
vn -0.8931 -0.4466 -0.0548
vn -0.8911 -0.4455 -0.0860
vn -0.8697 -0.4936 -0.0078
vn -0.7618 -0.6440 0.0707
vn -0.7060 -0.7060 0.0549
vn -0.8694 -0.4465 0.2115
vn -0.8838 -0.1643 0.4380
vn -0.3393 0.7181 0.6076
vn -0.2524 0.6310 0.7336
vn -0.7929 -0.2277 0.5652
vn -0.1411 0.5725 0.8077
vn -0.7156 -0.6921 0.0944
vn -0.7053 -0.7054 0.0705
vn -0.7208 -0.6895 0.0705
vn -0.7271 -0.6801 0.0938
vn -0.8272 -0.5541 0.0936
vn -0.8373 -0.5321 0.1252
vn -0.8917 -0.4458 0.0782
vn -0.9434 -0.3302 -0.0314
vn -0.9436 -0.3303 0.0236
vn -0.9235 -0.3835 -0.0078
vn -0.7841 -0.6194 0.0392
vn -0.9205 -0.3855 0.0629
vn -0.7747 -0.6182 0.1330
vn -0.8934 -0.4467 0.0470
vn -0.8812 -0.4721 0.0236
vn -0.6030 -0.5482 -0.5795
vn -0.5708 -0.6568 -0.4927
vn -0.5243 -0.6887 -0.5008
vn -0.5083 -0.7272 -0.4613
vn -0.5390 -0.7421 -0.3984
vn -0.6013 -0.7419 -0.2968
vn -0.2894 -0.6570 -0.6961
vn -0.2888 -0.6244 -0.7258
vn -0.5710 -0.7040 -0.4224
vn -0.2655 -0.5544 -0.7887
vn -0.3303 0.0158 -0.9437
vn -0.7173 -0.5926 -0.3665
vn -0.7137 -0.6509 -0.2588
vn -0.3044 -0.0234 -0.9523
vn -0.4155 -0.0157 -0.9095
vn -0.6160 -0.2885 -0.7330
vn -0.3150 0.0866 -0.9451
vn -0.6808 -0.4773 -0.5556
vn -0.5873 -0.7126 -0.3837
vn -0.4778 -0.7519 -0.4543
vn -0.5011 -0.7594 -0.4149
vn -0.4291 -0.7725 -0.4681
vn -0.1795 -0.6555 -0.7335
vn 0.2677 -0.3700 -0.8896
vn -0.0079 -0.6540 -0.7565
vn -0.2512 -0.8949 -0.3689
vn 0.2653 -0.8428 -0.4682
vn 0.9030 0.1336 -0.4083
vn 0.2280 -0.3616 -0.9040
vn 0.5707 0.0234 -0.8208
vn 0.2363 -0.3308 -0.9136
vn 0.5651 -0.0392 -0.8241
vn 0.4405 -0.3697 -0.8181
vn 0.3451 -0.1568 -0.9254
vn 0.3999 -0.1646 -0.9017
vn -0.3231 -0.4729 -0.8197
vn -0.8044 -0.5389 -0.2500
vn 0.3616 -0.4481 -0.8176
vn 0.4801 -0.1416 -0.8657
vn 0.4170 -0.2518 -0.8733
vn 0.5806 -0.1491 -0.8004
vn -0.0000 -0.2277 -0.9737
vn 0.1331 -0.1566 -0.9787
vn -0.8908 -0.4063 -0.2032
vn -0.9230 -0.3441 0.1721
vn -0.5417 -0.6909 0.4789
vn -0.2351 -0.9638 0.1254
vn -0.7915 -0.6112 -0.0078
vn -0.2036 -0.9790 0.0078
vn 0.0157 -0.7225 0.6911
vn 0.1018 -0.9784 0.1800
vn -0.2750 -0.6915 0.6680
vn -0.0708 -0.6135 0.7865
vn -0.4767 -0.6408 -0.6018
vn 0.1017 -0.1800 -0.9784
vn -0.4499 -0.4026 -0.7972
vn -0.1969 -0.3938 -0.8979
vn 0.4173 -0.6771 -0.6062
vn 0.0706 -0.8709 -0.4865
vn -0.1731 -0.8418 0.5114
vn -0.0788 -0.7166 0.6930
vn -0.5260 -0.7772 -0.3454
vn -0.3990 -0.5477 -0.7354
vn -0.7158 -0.1731 -0.6765
vn -0.1022 -0.5187 -0.8488
vn 0.0703 -0.9840 -0.1640
vn -0.2664 -0.9167 -0.2977
vn -0.4538 -0.8372 0.3052
vn 0.5083 -0.8368 0.2034
vn 0.4454 -0.7579 0.4767
vn -0.4219 -0.7110 0.5625
vn -0.4623 -0.6191 0.6348
vn 0.4843 -0.5312 0.6952
vn -0.1722 -0.9313 0.3209
vn 0.1412 -0.9885 0.0549
vn 0.0078 -0.9888 0.1491
vn -0.1568 -0.9876 -0.0078
vn 0.1644 -0.9864 -0.0078
vn 0.1411 -0.9880 -0.0627
vn 0.0079 -0.9876 -0.1567
vn -0.1717 -0.9290 -0.3279
vn 0.1016 -0.9770 -0.1876
vn -0.2036 -0.9789 -0.0157
vn -0.7838 -0.6192 -0.0470
vn -0.7739 -0.6175 -0.1407
vn -0.2349 -0.9629 -0.1331
vn 0.0156 -0.7186 -0.6952
vn -0.5397 -0.6882 -0.4849
vn -0.0704 -0.6097 -0.7895
vn -0.8922 -0.4069 0.1957
vn -0.9217 -0.3437 -0.1796
vn -0.2736 -0.6879 -0.6723
vn -0.0783 -0.7127 -0.6971
vn -0.4601 -0.6160 -0.6394
vn 0.4802 -0.5275 -0.7008
vn -0.4178 -0.7095 -0.5675
vn -0.4527 -0.8352 -0.3122
vn 0.5075 -0.8355 -0.2108
vn -0.2670 -0.9188 0.2906
vn -0.5242 -0.7823 0.3364
vn -0.2038 -0.3998 0.8937
vn 0.4215 -0.6791 0.6010
vn -0.1724 -0.8384 -0.5171
vn -0.4789 -0.6438 0.5967
vn 0.0704 -0.8760 0.4771
vn 0.1093 -0.1874 0.9762
vn 0.1406 -0.1640 0.9764
vn -0.8060 -0.5400 0.2426
vn -0.8810 -0.4720 -0.0314
vn -0.9201 -0.3853 -0.0708
vn -0.3290 -0.4778 0.8146
vn 0.3671 -0.4530 0.8124
vn 0.4059 -0.1717 0.8976
vn 0.4801 -0.1417 0.8657
vn 0.0078 -0.2351 0.9719
vn 0.3146 0.1023 0.9437
vn 0.3231 -0.0394 0.9456
vn 0.4226 -0.2582 0.8687
vn 0.6024 0.0156 0.7980
vn 0.4455 -0.3751 0.8129
vn 0.3515 -0.1640 0.9217
vn 0.5851 -0.1561 0.7958
vn -0.4547 -0.4077 0.7918
vn -0.4013 -0.5508 0.7318
vn -0.7186 -0.1797 0.6718
vn -0.1095 -0.5240 0.8446
vn 0.0703 -0.9852 0.1564
vn 0.6551 0.1481 0.7409
vn -0.5510 0.8344 0.0158
vn -0.5885 0.8082 -0.0235
vn -0.4561 0.8729 0.1730
vn -0.6700 0.7409 -0.0473
vn -0.3819 0.7093 0.5924
vn -0.6705 0.7336 -0.1104
vn -0.5521 0.7651 -0.3313
vn -0.2757 0.8034 -0.5277
vn -0.1648 0.8710 -0.4629
vn -0.7277 0.6574 -0.1956
vn -0.4559 0.7547 -0.4717
vn -0.6158 0.7093 -0.3430
vn -0.6864 0.6390 -0.3471
vn -0.3694 0.7546 -0.5423
vn -0.2910 0.7471 -0.5977
vn 0.4077 0.4547 -0.7918
vn 0.6815 0.5797 -0.4465
vn 0.5503 0.5110 -0.6604
vn 0.6717 0.5467 -0.4999
vn 0.5426 0.4875 -0.6841
vn 0.4378 0.4299 -0.7896
vn 0.3368 0.4856 -0.8067
vn -0.3700 0.8740 -0.3150
vn -0.5467 0.8279 -0.1250
vn -0.8264 0.5223 -0.2105
vn -0.7173 0.4522 -0.5301
vn -0.3620 0.7633 -0.5351
vn -0.4711 0.4947 -0.7303
vn -0.0548 0.9153 -0.3990
vn 0.6802 0.6099 -0.4066
vn -0.0235 0.5707 -0.8208
vn 0.2191 0.2348 -0.9470
vn -0.0394 0.2755 -0.9605
vn -0.1021 0.3613 -0.9268
vn 0.1650 0.3142 -0.9349
vn -0.0000 0.2111 -0.9775
vn 0.1883 0.3688 -0.9102
vn 0.0078 0.2351 -0.9719
vn 0.0549 0.3134 -0.9480
vn -0.0315 0.2201 -0.9750
vn 0.1963 0.4004 -0.8951
vn 0.2047 0.3307 -0.9213
vn 0.6425 0.6111 -0.4623
vn 0.5172 0.5173 -0.6818
vn 0.6260 0.6652 -0.4070
vn 0.6427 0.7211 -0.2587
vn 0.0629 0.3693 -0.9272
vn -0.0315 0.2517 -0.9673
vn 0.0470 0.3601 -0.9317
vn -0.0314 0.2829 -0.9586
vn 0.6752 0.7223 -0.1492
vn 0.6698 0.7013 -0.2443
vn 0.6897 0.7132 -0.1254
vn -0.0078 0.2974 -0.9547
vn -0.0630 0.2048 -0.9768
vn -0.0000 0.2425 -0.9701
vn 0.6791 0.7259 -0.1093
vn 0.7011 0.6853 -0.1969
vn 0.6033 0.6660 -0.4388
vn 0.4872 0.5894 -0.6444
vn 0.5482 0.6030 -0.5795
vn 0.4721 0.5744 -0.6688
vn 0.4478 0.5264 -0.7228
vn 0.4393 0.4236 -0.7922
vn 0.5114 0.5586 -0.6530
vn 0.5427 0.5978 -0.5899
vn 0.5780 0.6326 -0.5155
vn 0.6340 0.6261 -0.4539
vn 0.5011 0.5715 -0.6498
vn 0.7704 0.6368 -0.0315
vn 0.6175 0.7739 -0.1407
vn 0.1095 0.1799 -0.9776
vn -0.0001 0.1018 -0.9948
vn 0.3857 0.3936 -0.8344
vn 0.4485 0.1495 -0.8812
vn 0.5583 0.2123 -0.8020
vn 0.5027 0.2592 -0.8247
vn 0.4382 0.5869 -0.6808
vn 0.3766 0.7218 -0.5806
vn 0.4005 0.6596 -0.6360
vn 0.2900 0.8151 -0.5016
vn -0.1341 0.5678 -0.8122
vn 0.5821 0.7945 -0.1731
vn 0.3855 0.8419 -0.3777
vn 0.3610 0.5806 -0.7298
vn 0.2666 0.1176 -0.9566
vn 0.3302 0.2123 -0.9197
vn 0.4950 0.6914 -0.5264
vn 0.3934 0.8026 -0.4485
vn 0.1877 0.7820 -0.5943
vn -0.3627 0.7885 -0.4967
vn -0.2038 0.9248 -0.3213
vn 0.3841 0.7054 -0.5957
vn 0.4250 0.7242 -0.5431
vn 0.4702 0.5878 -0.6583
vn 0.3464 0.0472 -0.9369
vn 0.2666 0.7449 -0.6116
vn -0.0941 0.3453 -0.9338
vn 0.3623 0.2205 -0.9056
vn 0.0782 0.5164 -0.8528
vn 0.2039 0.5646 -0.7998
vn 0.0313 0.3994 -0.9162
vn 0.1809 0.4956 -0.8495
vn 0.5877 0.7523 -0.2978
vn 0.4243 0.7779 -0.4636
vn 0.7015 0.5378 0.4676
vn 0.7258 0.5522 0.4102
vn 0.7544 0.5579 0.3458
vn 0.8651 0.3303 0.3775
vn 0.7467 0.3851 -0.5424
vn 0.5592 0.5198 -0.6458
vn 0.8129 0.2604 0.5209
vn 0.7634 0.4722 0.4407
vn 0.7078 0.4326 0.5584
vn 0.7479 0.5511 0.3700
vn 0.7401 0.5984 0.3070
vn 0.7135 0.5959 0.3685
vn 0.6924 0.6531 0.3068
vn 0.5521 0.1499 0.8202
vn 0.5382 0.1638 0.8268
vn 0.5326 0.1645 0.8302
vn 0.5248 0.1880 0.8302
vn 0.7290 0.5252 0.4390
vn 0.6613 0.3543 0.6612
vn 0.6613 0.3228 0.6771
vn 0.4221 0.6332 -0.6488
vn 0.7789 0.5744 0.2518
vn 0.4466 0.0548 0.8931
vn 0.6776 0.0630 0.7328
vn 0.7731 0.5916 0.2288
vn 0.7010 0.4883 0.5198
vn 0.5083 0.2033 0.8368
vn 0.4728 0.1576 0.8669
vn 0.4921 0.1406 0.8591
vn 0.4969 0.1182 0.8597
vn 0.5157 0.1484 0.8438
vn 0.5754 0.1497 0.8040
vn 0.5626 0.1016 0.8205
vn 0.6150 0.0079 0.7885
vn 0.7575 -0.0781 0.6482
vn 0.7494 0.1736 0.6390
vn 0.8139 -0.2504 0.5243
vn 0.1413 -0.9734 0.1806
vn 0.8814 -0.1889 0.4329
vn 0.5743 0.0236 0.8183
vn 0.1645 0.2429 0.9560
vn 0.6709 0.3158 0.6709
vn 0.4992 0.3432 0.7956
vn 0.4770 0.1799 0.8603
vn 0.4876 0.1179 0.8651
vn 0.4876 0.1180 0.8651
vn 0.4614 0.1408 0.8759
vn 0.3278 -0.0312 0.9442
vn 0.3671 -0.0390 0.9294
vn 0.3465 -0.0394 0.9372
vn 0.2350 0.0313 0.9715
vn 0.3232 -0.0315 0.9458
vn 0.4327 0.1495 0.8891
vn 0.4524 0.1794 0.8736
vn 0.4881 0.2283 0.8424
vn 0.6778 0.4753 0.5610
vn 0.6674 0.5025 0.5496
vn 0.4652 0.2681 0.8436
vn 0.4144 0.1407 0.8992
vn 0.3865 0.2051 0.8992
vn 0.4375 0.2891 0.8515
vn 0.4410 0.1654 0.8821
vn 0.4454 0.1485 0.8830
vn 0.3759 -0.0705 0.9240
vn 0.0234 -0.7262 0.6871
vn 0.3281 -0.1172 0.9374
vn -0.2660 -0.7823 0.5632
vn 0.3515 0.2031 0.9139
vn 0.3444 0.2662 0.9003
vn 0.0624 0.4526 0.8895
vn 0.1249 0.4059 0.9054
vn 0.0471 0.4623 0.8855
vn 0.1566 0.1801 0.9711
vn -0.4379 -0.6881 0.5786
vn -0.7139 -0.0549 0.6981
vn -0.6026 0.5947 0.5321
vn -0.5132 0.6632 0.5448
vn -0.5298 0.6623 0.5298
vn 0.2519 0.3621 0.8974
vn 0.0936 0.9286 0.3590
vn -0.0703 0.9213 0.3826
vn 0.4153 0.8932 0.1724
vn -0.0000 0.9701 -0.2426
vn 0.0628 0.9969 0.0471
vn 0.6545 0.6545 0.3785
vn 0.7621 0.5264 0.3771
vn 0.3916 0.1880 0.9007
vn 0.1255 0.5412 0.8315
vn -0.3820 0.7093 0.5924
vn -0.0000 0.9263 0.3768
vn 0.7334 0.5362 0.4179
vn 0.3978 0.0936 0.9127
vn 0.6565 0.0782 0.7503
vn 0.6779 0.6234 0.3896
vn 0.3467 0.3941 0.8512
vn 0.3626 0.1340 0.9223
vn 0.6938 0.4809 0.5361
vn 0.5255 0.6432 -0.5569
vn 0.0782 0.8755 -0.4768
vn -0.5968 0.7539 -0.2749
vn 0.2741 0.7675 -0.5795
vn 0.1489 0.4074 -0.9010
vn 0.5656 0.6284 -0.5341
vn 0.7539 0.5812 0.3063
vn 0.4140 0.0859 0.9062
vn 0.7689 0.5571 0.3138
vn 0.6770 0.6219 0.3936
vn 0.6733 0.0704 0.7360
vn 0.3673 0.3908 0.8440
vn 0.3903 0.1171 0.9132
vn 0.7090 0.4987 0.4986
vn 0.4251 0.5825 -0.6928
vn 0.1724 0.3604 -0.9167
vn 0.3613 0.5026 -0.7854
vn 0.3134 0.4309 -0.8462
vn 0.1338 0.3856 -0.9129
vn 0.4397 0.4632 -0.7695
vn 0.2121 0.4085 -0.8878
vn 0.1572 0.4322 -0.8880
vn 0.3305 0.4563 -0.8262
vn 0.2359 0.4719 -0.8495
vn 0.4724 0.5826 -0.6614
vn 0.6100 0.5944 -0.5240
vn 0.4320 0.5499 -0.7148
vn 0.1566 0.4386 -0.8849
vn 0.0705 0.3365 -0.9390
vn 0.0471 0.4086 -0.9115
vn 0.7447 0.5566 0.3684
vn 0.5434 0.4961 -0.6772
vn 0.4228 0.2819 -0.8613
vn -0.0942 0.2983 -0.9498
vn -0.0000 0.2974 -0.9548
vn 0.6247 0.5076 -0.5934
vn -0.0235 0.7376 -0.6748
vn 0.0392 0.8241 -0.5651
vn 0.5954 0.5562 -0.5797
vn 0.6983 0.6355 -0.3295
vn 0.6749 0.3610 -0.6435
vn 0.7435 0.2348 -0.6261
vn 0.3216 0.9414 0.1020
vn 0.7217 0.6590 0.2118
vn -0.7113 -0.5236 -0.4690
vn -0.4883 0.5198 -0.7009
vn -0.6686 0.6843 -0.2910
vn -0.4560 0.7547 -0.4717
vn -0.6391 0.7249 -0.2572
vn -0.5677 0.7727 -0.2838
vn -0.5298 0.6623 -0.5298
vn -0.8981 0.4373 0.0468
vn -0.9299 0.2521 -0.2679
vn -0.7355 -0.0782 -0.6730
vn -0.4651 -0.5597 -0.6858
vn -0.3302 -0.9119 0.2437
vn -0.0472 -0.5739 0.8176
vn -0.5116 -0.7555 0.4093
vn -0.9932 0.0860 -0.0782
vn -0.4948 0.0942 -0.8639
vn -0.4398 0.0707 -0.8953
vn -0.5516 0.3152 -0.7722
vn -0.6945 0.7179 0.0468
vn -0.8754 0.4022 0.2681
vn -0.9712 0.0392 -0.2350
vn -0.3056 0.7366 -0.6034
vn -0.4069 0.8217 -0.3991
vn -0.6236 0.7483 0.2260
vn -0.6331 0.7737 0.0234
vn -0.6214 0.7787 -0.0865
vn 0.1957 0.9393 -0.2818
vn 0.0392 0.6745 -0.7372
vn -0.0000 0.9701 -0.2425
vn -0.5041 0.8585 0.0945
vn -0.6473 0.7175 0.2574
vn -0.6612 0.6613 0.3542
vn -0.6026 0.5948 0.5322
vn -0.7138 -0.0549 0.6982
vn -0.5940 -0.6800 -0.4299
vn -0.1416 -0.2989 -0.9437
vn -0.0312 -0.5935 -0.8043
vn -0.5869 -0.7591 -0.2817
vn -0.7519 -0.6501 0.1096
vn -0.7443 -0.3447 0.5720
vn -0.0469 0.4216 0.9056
vn -0.6956 -0.5080 0.5080
vn -0.0394 0.2994 0.9533
vn -0.0625 0.2421 0.9682
vn -0.0392 0.2275 0.9730
vn 0.0156 0.2425 0.9700
vn -0.6814 -0.5405 0.4935
vn -0.0000 0.2128 0.9771
vn -0.7138 -0.5256 0.4628
vn -0.1095 0.3678 0.9234
vn -0.4923 0.5235 0.6954
vn -0.3666 0.7644 0.5304
vn -0.6701 0.6859 0.2838
vn -0.4577 0.7575 0.4655
vn -0.5542 0.7651 0.3279
vn -0.6403 0.7263 0.2499
vn -0.6218 0.7792 0.0787
vn -0.5509 0.8342 -0.0236
vn -0.6943 0.7176 -0.0546
vn -0.6329 0.7736 -0.0313
vn -0.5885 0.8083 0.0157
vn -0.0000 0.9720 0.2352
vn 0.1952 0.9409 0.2767
vn -0.5557 0.3209 0.7670
vn 0.0467 0.6785 0.7331
vn 0.0628 0.9965 -0.0550
vn -0.5037 0.8578 -0.1023
vn -0.5269 0.6606 -0.5348
vn -0.4458 0.0782 0.8917
vn -0.6464 0.7173 -0.2602
vn -0.5110 0.6604 -0.5503
vn -0.6594 0.6594 -0.3611
vn -0.6001 0.5923 -0.5377
vn -0.5003 0.1016 0.8599
vn -0.7394 -0.0787 0.6686
vn -0.8977 0.4372 -0.0546
vn -0.8735 0.4013 -0.2754
vn -0.6225 0.7486 -0.2285
vn -0.5696 0.7725 0.2809
vn -0.5320 0.6650 0.5242
vn -0.9291 0.2576 0.2654
vn -0.9730 0.0392 0.2275
vn -0.3070 0.7401 0.5984
vn -0.4082 0.8242 0.3925
vn -0.9938 0.0861 0.0705
vn -0.7099 -0.0546 -0.7022
vn -0.4339 -0.6863 -0.5837
vn -0.2603 -0.7809 -0.5679
vn -0.5099 -0.7531 -0.4158
vn -0.4692 -0.5630 0.6803
vn -0.7304 -0.6754 0.1021
vn -0.7200 -0.6887 0.0861
vn -0.7314 -0.6764 0.0865
vn -0.5652 -0.7929 -0.2277
vn -0.5233 -0.8044 -0.2812
vn -0.0704 -0.8288 -0.5551
vn -0.2193 -0.7205 -0.6579
vn -0.4771 -0.7664 -0.4301
vn -0.5463 -0.7492 -0.3746
vn -0.4702 -0.6975 -0.5408
vn -0.6009 -0.7102 -0.3668
vn 0.1260 -0.2756 -0.9530
vn 0.1179 -0.3538 -0.9278
vn -0.0316 -0.4967 -0.8673
vn 0.0157 -0.3767 -0.9262
vn -0.3305 -0.3935 -0.8578
vn -0.5227 -0.4602 -0.7176
vn -0.5484 -0.8148 -0.1880
vn -0.1893 -0.7652 -0.6153
vn 0.1411 -0.9720 -0.1881
vn 0.0236 -0.9610 -0.2757
vn -0.0867 -0.8591 -0.5044
vn -0.2207 -0.6777 -0.7014
vn -0.2342 -0.5465 -0.8041
vn -0.3697 -0.3383 -0.8654
vn -0.3390 -0.2207 -0.9145
vn 0.0862 -0.3056 -0.9482
vn 0.0392 -0.2900 -0.9562
vn -0.0546 -0.4214 -0.9052
vn -0.0468 -0.4057 -0.9128
vn -0.0707 -0.5497 -0.8324
vn -0.6171 -0.7187 -0.3203
vn -0.3295 -0.9101 -0.2511
vn 0.0157 -0.7226 -0.6911
vn -0.0469 -0.5702 -0.8202
vn 0.2653 -0.8429 -0.4682
vn -0.4555 0.8717 -0.1806
vn -0.5886 0.8083 0.0157
vn -0.6702 0.7411 0.0394
vn -0.3774 0.7075 -0.5975
vn -0.6710 0.7334 0.1092
vn -0.5543 0.7650 0.3279
vn -0.2811 0.8045 0.5233
vn -0.1653 0.8741 0.4567
vn -0.6175 0.7112 0.3361
vn 0.5535 0.5145 0.6549
vn -0.3710 0.7578 0.5368
vn 0.6839 0.5818 0.4402
vn 0.4102 0.4576 0.7889
vn 0.6743 0.5489 0.4940
vn 0.4444 0.4678 0.7640
vn 0.3155 0.4338 0.8440
vn 0.3666 0.5070 0.7801
vn 0.2753 0.7710 0.5743
vn -0.5981 0.7555 0.2676
vn -0.0000 0.9235 -0.3835
vn 0.0785 0.8788 0.4708
vn 0.7309 0.5344 -0.4244
vn 0.5278 0.6460 0.5515
vn 0.1560 0.4134 0.8971
vn 0.1795 0.3667 0.9129
vn 0.5679 0.6310 0.5285
vn 0.6908 0.4789 -0.5417
vn 0.3915 0.0861 -0.9161
vn 0.3855 0.1809 -0.9048
vn 0.1183 0.5362 -0.8358
vn -0.4555 0.8717 -0.1807
vn 0.6525 0.6525 -0.3852
vn 0.7598 0.5248 -0.3838
vn -0.0629 0.9205 -0.3855
vn 0.6645 0.5003 -0.5551
vn 0.6761 0.4717 -0.5660
vn 0.4621 0.2663 -0.8459
vn 0.4849 0.2268 -0.8446
vn 0.5033 0.1966 -0.8415
vn 0.4468 0.1725 -0.8779
vn 0.4083 0.1335 -0.9030
vn 0.0865 0.9282 -0.3619
vn -0.0000 0.9720 0.2351
vn 0.4147 0.8920 -0.1800
vn 0.2519 0.3621 -0.8974
vn 0.3830 0.2043 -0.9009
vn 0.4697 0.1566 -0.8689
vn 0.5198 0.1812 -0.8348
vn 0.7265 0.5233 -0.4453
vn 0.6981 0.4863 -0.5255
vn 0.7670 0.5557 -0.3209
vn 0.6770 0.6219 -0.3936
vn 0.6524 0.0707 -0.7546
vn 0.3444 0.3914 -0.8533
vn 0.3600 0.1330 -0.9234
vn 0.7521 0.5798 -0.3134
vn 0.4078 0.0784 -0.9097
vn 0.6694 0.0630 -0.7403
vn 0.6749 0.6200 -0.4002
vn 0.7717 0.5905 -0.2362
vn 0.3840 0.1097 -0.9168
vn 0.3616 0.3852 -0.8490
vn 0.7079 0.4955 -0.5034
vn 0.4295 0.5858 0.6873
vn 0.1411 0.3919 0.9091
vn 0.2189 0.4143 0.8834
vn 0.1643 0.4380 0.8838
vn 0.3362 0.4613 0.8211
vn 0.2425 0.4771 0.8447
vn 0.6125 0.5968 0.5183
vn 0.4763 0.5856 0.6559
vn 0.1577 0.4416 0.8832
vn 0.4365 0.5534 0.7093
vn 0.5457 0.6003 0.5847
vn 0.5149 0.5617 0.6476
vn 0.5460 0.4914 0.6786
vn 0.4405 0.4326 0.7866
vn -0.2964 0.7488 0.5928
vn -0.6871 0.6402 0.3435
vn 0.3389 0.4887 0.8039
vn 0.4420 0.4262 0.7893
vn 0.4522 0.5301 0.7173
vn 0.4760 0.5774 0.6633
vn 0.5803 0.6352 0.5097
vn 0.5467 0.4999 0.6717
vn 0.0710 0.3390 0.9381
vn 0.4257 0.2838 0.8592
vn -0.1017 0.3052 0.9468
vn 0.0548 0.4149 0.9082
vn 0.4243 0.6364 0.6442
vn 0.5623 0.5232 0.6404
vn 0.0078 0.3045 0.9525
vn 0.0390 0.4058 0.9131
vn 0.6276 0.5099 0.5883
vn -0.0312 0.7410 0.6708
vn 0.6362 0.6283 0.4477
vn 0.7001 0.6371 0.3225
vn 0.5981 0.5588 0.5745
vn 0.0394 0.8277 0.5597
vn -0.2043 0.9271 0.3143
vn 0.3858 0.7087 0.5906
vn 0.1878 0.5007 0.8450
vn 0.7499 0.3868 0.5367
vn 0.8096 0.2594 -0.5266
vn 0.6578 0.3211 -0.6813
vn 0.7774 0.5732 -0.2591
vn 0.7425 0.5549 -0.3751
vn 0.4404 0.0472 -0.8966
vn 0.7047 0.4307 -0.5638
vn 0.6578 0.3524 -0.6656
vn 0.8625 0.3293 -0.3842
vn 0.7607 0.4706 -0.4470
vn 0.7457 0.5495 -0.3768
vn 0.6737 0.0627 -0.7363
vn 0.5891 0.7540 0.2906
vn 0.2052 0.5681 0.7970
vn 0.4290 0.7255 0.5382
vn 0.3975 0.8029 0.4443
vn 0.4970 0.6942 0.5207
vn 0.4727 0.5908 0.6539
vn 0.0788 0.5198 0.8506
vn 0.4258 0.7807 0.4574
vn 0.7234 0.5504 -0.4168
vn 0.7523 0.5564 -0.3526
vn 0.7383 0.5969 -0.3142
vn 0.5276 0.1575 -0.8347
vn 0.4866 0.1334 -0.8634
vn 0.4557 0.1336 -0.8800
vn 0.4936 0.1175 -0.8617
vn 0.4876 0.1180 -0.8651
vn 0.5333 0.1569 -0.8313
vn 0.7114 0.5942 -0.3753
vn 0.6907 0.6515 -0.3139
vn 0.7004 0.5352 -0.4722
vn -0.1017 0.3519 0.9305
vn 0.2263 0.7958 0.5617
vn 0.3684 0.2273 0.9014
vn 0.3532 0.0549 0.9339
vn 0.3366 0.2191 0.9158
vn 0.2736 0.1251 0.9537
vn 0.4025 0.6629 0.6313
vn 0.2679 0.7485 0.6067
vn 0.0468 0.6945 0.7179
vn 0.2911 0.8183 0.4957
vn 0.3762 0.7288 0.5721
vn 0.4406 0.5900 0.6766
vn -0.0468 0.4216 0.9056
vn 0.1891 0.7958 0.5752
vn -0.1412 0.5725 0.8077
vn -0.0551 0.7480 0.6614
vn 0.0394 0.8115 0.5830
vn -0.0000 0.8815 0.4722
vn -0.0867 0.7961 0.5990
vn -0.0236 0.8342 0.5509
vn 0.2199 0.9030 0.3691
vn 0.1968 0.8109 0.5511
vn 0.0866 0.8973 0.4329
vn 0.1183 0.9539 0.2759
vn 0.9056 0.3623 -0.2205
vn 0.2683 0.8601 0.4340
vn 0.2128 0.8118 0.5438
vn 0.1183 0.7731 0.6232
vn 0.0704 0.8128 0.5783
vn 0.0626 0.7511 0.6572
vn 0.2126 0.7402 0.6379
vn 0.9010 0.4074 -0.1488
vn 0.8920 0.4147 -0.1800
vn 0.8936 0.4076 -0.1881
vn 0.8791 0.4553 -0.1413
vn 0.8880 0.4401 -0.1336
vn 0.8725 0.4795 -0.0943
vn 0.8471 0.5256 -0.0784
vn 0.9290 0.0079 -0.3700
vn 0.8931 0.0548 -0.4466
vn 0.8330 -0.1100 -0.5422
vn 0.8882 -0.1022 -0.4480
vn 0.9395 -0.0626 -0.3367
vn 0.8793 -0.0707 -0.4710
vn 0.8172 -0.1100 -0.5657
vn 0.7860 -0.1258 -0.6053
vn 0.7186 0.0156 -0.6952
vn 0.7186 -0.0156 -0.6952
vn 0.7969 0.0547 -0.6016
vn 0.8028 -0.2572 -0.5378
vn 0.7456 -0.1727 -0.6436
vn 0.7590 -0.1487 -0.6338
vn 0.7201 -0.1331 -0.6810
vn 0.7769 -0.1099 -0.6200
vn 0.8692 0.0940 -0.4855
vn 0.6767 -0.1338 -0.7240
vn 0.6063 -0.1575 -0.7795
vn 0.6352 -0.1333 -0.7607
vn 0.7007 -0.1339 -0.7007
vn 0.7935 -0.1179 -0.5971
vn 0.9099 0.4001 -0.1098
vn 0.9434 0.2673 -0.1965
vn 0.9499 0.1963 -0.2433
vn 0.5445 -0.1736 -0.8206
vn 0.6510 -0.1804 -0.7373
vn 0.8551 0.0942 -0.5099
vn 0.8576 0.5114 -0.0551
vn 0.8780 0.4782 -0.0235
vn 0.8519 0.0078 -0.5237
vn 0.6296 -0.1810 -0.7555
vn 0.5099 -0.1883 -0.8394
vn 0.9931 -0.0938 -0.0704
vn 0.9306 -0.2918 -0.2208
vn 0.7678 -0.1332 -0.6267
vn 0.9810 0.1805 0.0706
vn 0.9669 0.2122 0.1415
vn 0.9337 0.3138 -0.1726
vn 0.8955 0.4164 -0.1571
vn 0.8791 0.4552 -0.1413
vn 0.9388 0.3442 0.0156
vn 0.9018 0.4235 -0.0863
vn 0.9370 0.3228 0.1339
vn 0.6828 0.7299 -0.0314
vn 0.2755 0.7398 0.6139
vn 0.1414 0.8332 0.5345
vn 0.1407 0.7193 0.6803
vn 0.5638 0.8222 -0.0783
vn 0.0943 0.8247 0.5577
vn -0.2733 0.6482 0.7107
vn 0.1261 0.9138 0.3860
vn -0.1889 0.7400 0.6455
vn -0.0469 0.8510 0.5231
vn -0.0946 0.8122 0.5756
vn 0.5431 0.6533 -0.5274
vn 0.6697 0.7013 -0.2443
vn 0.3929 0.8488 -0.3537
vn 0.4394 0.6984 -0.5650
vn 0.4632 0.7458 -0.4789
vn 0.5183 0.6125 -0.5968
vn 0.0313 0.8207 0.5706
vn 0.5800 0.5721 -0.5799
vn 0.5491 0.7060 -0.4472
vn 0.5252 0.7463 -0.4088
vn 0.4487 0.7635 -0.4644
vn 0.4067 0.7743 -0.4849
vn 0.3529 0.9095 -0.2196
vn 0.4940 0.8625 -0.1098
vn 0.9429 0.3143 0.1100
vn 0.6905 0.5492 -0.4707
vn 0.7928 -0.0785 -0.6044
vn 0.8373 -0.2191 -0.5009
vn 0.6575 0.3053 -0.6889
vn 0.6961 -0.1408 -0.7040
vn 0.5324 -0.0392 -0.8456
vn 0.5179 -0.0079 -0.8554
vn 0.5474 0.0078 -0.8368
vn 0.6256 0.6882 -0.3675
vn 0.6340 0.6575 -0.4070
vn 0.6360 0.5496 -0.5417
vn 0.5485 0.1489 -0.8228
vn 0.5577 0.0943 -0.8247
vn 0.6112 0.0078 -0.7914
vn 0.5548 -0.0782 -0.8283
vn 0.5167 -0.0705 -0.8533
vn 0.5634 -0.0861 -0.8217
vn 0.8476 -0.0706 -0.5259
vn 0.9074 0.2034 -0.3677
vn 0.6415 -0.0235 -0.7667
vn 0.5707 -0.0235 -0.8208
vn 0.5041 -0.0945 -0.8585
vn 0.6194 -0.1176 -0.7762
vn 0.5718 0.1488 -0.8068
vn 0.7546 -0.0707 -0.6524
vn 0.7456 0.1727 -0.6436
vn 0.8128 -0.2446 -0.5287
vn 0.6504 -0.2821 -0.7053
vn 0.4463 -0.2427 -0.8613
vn 0.4936 -0.0078 -0.8697
vn 0.3066 -0.1258 -0.9435
vn 0.6282 0.0314 -0.7774
vn 0.9167 0.2664 -0.2977
vn 0.8784 -0.1882 -0.4392
vn 0.4946 0.3376 -0.8008
vn 0.6674 0.3141 -0.6752
vn -0.1893 -0.7652 -0.6154
vn -0.5226 -0.4602 -0.7177
vn 0.1572 0.2358 -0.9590
vn 0.2277 0.0235 -0.9735
vn -0.3306 -0.3935 -0.8578
vn 0.0157 -0.3768 -0.9262
vn 0.3465 -0.0394 -0.9372
vn 0.4716 0.1729 -0.8647
vn 0.5105 0.1414 -0.8482
vn 0.3604 -0.0313 -0.9323
vn 0.3208 -0.0235 -0.9468
vn 0.3208 -0.0313 -0.9466
vn 0.3693 -0.0629 -0.9272
vn 0.4327 0.1495 -0.8891
vn 0.4380 0.1643 -0.8838
vn 0.4396 0.1413 -0.8870
vn 0.3452 0.1961 -0.9178
vn 0.3382 0.2596 -0.9046
vn 0.4321 0.2828 -0.8563
vn 0.0548 0.4465 -0.8931
vn 0.1176 0.3997 -0.9091
vn 0.0393 0.4563 -0.8890
vn 0.3214 -0.1097 -0.9406
vn -0.2603 -0.7808 -0.5679
vn 0.1492 0.1727 -0.9736
vn -0.6000 0.5923 -0.5377
vn -0.2207 -0.6778 -0.7014
vn 0.2830 0.0157 -0.9590
vn 0.3143 0.2043 -0.9271
vn 0.5494 0.0785 -0.8319
vn 0.6199 0.2197 -0.7533
vn 0.6766 0.2281 -0.7002
vn 0.6895 0.3761 -0.6190
vn 0.6219 0.3936 -0.6770
vn 0.4070 0.4148 -0.8139
vn -0.4155 -0.0157 -0.9094
vn -0.3151 0.0866 -0.9451
vn 0.3695 0.4953 -0.7862
vn 0.6519 0.4870 -0.5812
vn 0.6847 0.5745 -0.4486
vn 0.7543 0.4872 -0.4400
vn 0.7547 0.4639 -0.4639
vn -0.5873 -0.7126 -0.3838
vn 0.6528 0.5033 -0.5662
vn 0.3771 0.5264 -0.7621
vn -0.2900 -0.4467 0.8464
vn -0.3363 -0.5787 0.7430
vn 0.6158 -0.7016 0.3586
vn 0.0156 -0.7738 0.6332
vn -0.2199 -0.3691 0.9030
vn -0.4297 -0.7186 -0.5468
vn 0.4484 -0.7160 -0.5350
vn 0.0551 -0.6614 -0.7480
vn 0.2440 -0.5981 -0.7634
vn 0.5344 -0.7781 -0.3301
vn 0.0630 -0.9522 -0.2990
vn 0.7798 -0.6082 -0.1482
vn 0.6947 -0.7182 -0.0390
vn 0.3287 -0.9314 -0.1565
vn 0.5277 -0.8034 -0.2757
vn 0.6096 -0.6018 0.5159
vn -0.3776 -0.9203 0.1023
vn 0.1563 -0.6331 0.7581
vn -0.8091 -0.4635 0.3614
vn -0.1094 -0.5939 0.7971
vn 0.0550 -0.9984 0.0157
vn -0.0861 -0.9948 -0.0548
vn -0.6991 -0.7148 -0.0157
vn 0.1489 -0.9404 -0.3056
vn -0.4771 -0.4301 -0.7664
vn 0.2441 -0.5981 -0.7634
vn -0.4969 -0.3944 -0.7730
vn -0.5464 -0.8352 0.0625
vn -0.1099 -0.3610 -0.9261
vn -0.7898 -0.6021 0.1173
vn -0.7678 -0.6267 0.1332
vn -0.7540 -0.5891 0.2906
vn -0.6655 -0.7281 0.1644
vn -0.1728 -0.5732 0.8010
vn -0.6909 -0.7223 0.0314
vn -0.1880 -0.9790 0.0783
vn -0.5799 -0.5877 -0.5642
vn -0.6031 -0.7598 0.2428
vn -0.6088 -0.1796 -0.7727
vn -0.2344 -0.2266 -0.9454
vn -0.6551 -0.1014 -0.7487
vn -0.6125 -0.7696 0.1806
vn -0.6043 -0.7612 0.2354
vn -0.7049 -0.0783 -0.7049
vn -0.7589 -0.1799 -0.6259
vn -0.5573 -0.8007 0.2198
vn -0.7525 -0.0157 -0.6584
vn -0.8054 -0.0860 -0.5865
vn -0.5740 -0.8020 0.1651
vn -0.7728 0.0547 -0.6323
vn -0.8388 -0.0627 -0.5409
vn -0.6118 -0.7844 0.1020
vn -0.8437 0.0946 -0.5283
vn -0.7302 -0.6831 -0.0157
vn -0.8689 0.1565 -0.4697
vn -0.9737 0.0078 -0.2277
vn -0.8485 -0.5028 0.1650
vn 0.0470 -0.8934 0.4467
vn -0.5971 -0.7935 0.1178
vn -0.5800 -0.7994 0.1568
vn -0.5865 -0.7898 0.1798
vn -0.5952 -0.7831 0.1801
vn -0.5789 -0.8057 0.1252
vn -0.5875 -0.8068 0.0627
vn -0.6366 -0.7702 0.0393
vn -0.2985 -0.9505 0.0864
vn -0.9001 -0.4149 0.1331
vn -0.3768 -0.9263 -0.0078
vn -0.9438 -0.3303 -0.0079
vn -0.8991 -0.4144 -0.1408
vn -0.2983 -0.9498 -0.0942
vn -0.6371 -0.7707 -0.0078
vn -0.5937 -0.8046 -0.0078
vn 0.4067 -0.8525 0.3285
vn 0.2667 -0.7921 0.5490
vn 0.1254 -0.6976 0.7054
vn 0.3754 -0.7899 0.4849
vn 0.2763 -0.7104 0.6473
vn 0.1731 -0.6765 0.7158
vn 0.0629 -0.6051 0.7937
vn -0.0391 -0.5324 0.8456
vn -0.1096 -0.4383 0.8921
vn -0.1805 -0.4082 0.8949
vn -0.6445 -0.7389 0.1965
vn -0.6567 -0.7193 0.2267
vn -0.2425 -0.9469 0.2113
vn 0.5232 -0.7653 0.3749
vn 0.5357 -0.8192 0.2048
vn 0.4722 -0.8815 -0.0000
vn 0.6371 -0.7708 -0.0000
vn 0.5348 -0.8179 -0.2124
vn 0.4056 -0.8503 -0.3354
vn 0.5207 -0.7652 -0.3787
vn 0.3710 -0.7892 -0.4894
vn 0.2655 -0.7887 -0.5545
vn 0.2749 -0.7068 -0.6518
vn 0.1183 -0.6942 -0.7100
vn 0.1721 -0.6727 -0.7196
vn 0.0625 -0.6013 -0.7966
vn -0.0314 -0.5269 -0.8493
vn -0.1022 -0.4322 -0.8960
vn -0.1735 -0.4022 -0.8990
vn -0.2130 -0.3629 -0.9072
vn 0.0078 -0.7739 -0.6332
vn -0.2837 -0.4414 -0.8513
vn 0.6291 -0.6999 -0.3382
vn -0.3274 -0.5769 -0.7484
vn -0.4561 -0.7393 0.4954
vn 0.0786 -0.6520 0.7541
vn 0.4421 -0.7185 0.5369
vn 0.2663 -0.6031 0.7519
vn 0.5358 -0.7801 0.3231
vn 0.5300 -0.8029 0.2729
vn 0.0702 -0.9524 0.2967
vn 0.7807 -0.6089 0.1405
vn 0.3291 -0.9325 0.1489
vn 0.6949 -0.7184 0.0312
vn 0.6076 -0.5997 -0.5208
vn -0.3773 -0.9195 -0.1101
vn 0.1494 -0.6291 -0.7628
vn -0.2422 -0.9452 -0.2188
vn -0.6555 -0.7180 -0.2341
vn -0.6436 -0.7377 -0.2041
vn -0.5943 -0.7820 -0.1877
vn -0.5783 -0.8049 -0.1328
vn -0.5872 -0.8064 -0.0705
vn -0.6364 -0.7699 -0.0471
vn 0.0469 -0.8903 -0.4530
vn -0.8474 -0.5022 -0.1726
vn -0.7302 -0.6831 0.0079
vn -0.9754 0.0079 0.2203
vn -0.8720 0.1571 0.4635
vn -0.8454 0.1018 0.5244
vn -0.6113 -0.7837 -0.1097
vn -0.5965 -0.7927 -0.1256
vn -0.5792 -0.7984 -0.1644
vn -0.5733 -0.8010 -0.1727
vn -0.8446 -0.0626 0.5318
vn -0.7766 0.0549 0.6276
vn -0.8091 -0.0864 0.5813
vn -0.5564 -0.7993 -0.2273
vn -0.5856 -0.7886 -0.1874
vn -0.6116 -0.7684 -0.1882
vn -0.6646 -0.7271 -0.1720
vn -0.7669 -0.6261 -0.1409
vn -0.8068 -0.4621 -0.3682
vn -0.1022 -0.5893 -0.8014
vn 0.0550 -0.9982 -0.0235
vn -0.0862 -0.9952 0.0470
vn -0.6992 -0.7149 0.0078
vn 0.1493 -0.9426 0.2985
vn -0.7890 -0.6015 -0.1250
vn -0.7523 -0.5877 -0.2978
vn -0.1717 -0.5697 -0.8038
vn -0.5461 -0.8348 -0.0702
vn -0.5013 -0.3994 0.7676
vn -0.4799 -0.4327 0.7632
vn 0.2502 -0.6019 0.7584
vn -0.1173 -0.3675 0.9226
vn -0.5824 -0.5903 0.5588
vn -0.2344 -0.2266 0.9454
vn -0.6125 -0.1806 0.7695
vn -0.6907 -0.7221 -0.0392
vn -0.1879 -0.9784 -0.0861
vn -0.6020 -0.7583 -0.2501
vn -0.6590 -0.1020 0.7452
vn -0.6031 -0.7598 -0.2428
vn -0.7088 -0.0787 0.7010
vn -0.7626 -0.1808 0.6211
vn -0.7564 -0.0157 0.6540
vn -0.6930 0.4646 -0.5512
vn -0.2899 0.7365 -0.6112
vn -0.1177 -0.3375 -0.9339
vn 0.3054 0.0940 -0.9476
vn -0.2817 -0.5555 -0.7824
vn 0.3853 0.0708 -0.9201
vn -0.2996 -0.7017 -0.6465
vn 0.5121 -0.0236 -0.8586
vn -0.2682 -0.8205 -0.5049
vn 0.6230 -0.1972 -0.7570
vn -0.2263 -0.8819 -0.4136
vn 0.7868 -0.1810 -0.5901
vn -0.2195 -0.9487 -0.2274
vn 0.6992 0.7149 0.0079
vn 0.6953 0.7187 -0.0000
vn 0.7032 0.7110 -0.0000
vn 0.6832 0.7303 -0.0000
vn -0.2286 0.8277 0.5124
vn -0.6948 0.3279 0.6401
vn -0.6930 0.4646 -0.5513
vn -0.9011 0.0470 0.4310
vn -0.3589 0.8583 0.3668
vn 0.6828 0.7299 0.0314
vn 0.6276 0.7609 0.1647
vn 0.6909 0.7223 0.0314
vn 0.6351 0.7684 0.0784
vn 0.6953 0.7187 0.0078
vn 0.9248 -0.2038 -0.3213
vn 0.9843 -0.1653 -0.0626
vn -0.2421 -0.9682 -0.0624
vn 0.6912 0.7226 -0.0078
vn 0.6196 0.7843 0.0314
vn -0.0866 0.8814 0.4643
vn 0.0552 0.7406 0.6697
vn 0.5204 0.7490 0.4100
vn 0.0156 0.5087 0.8608
vn -0.3462 0.9286 0.1338
vn -0.9728 0.0941 0.2118
vn -0.6092 0.5077 0.6092
vn -0.6351 0.0784 0.7684
vn -0.5893 -0.1022 0.8014
vn -0.3049 0.2658 0.9146
vn -0.1717 0.5696 0.8038
vn -0.4238 0.3924 0.8163
vn -0.7066 0.0392 0.7066
vn -0.6003 0.5457 0.5847
vn -0.8529 0.2113 0.4774
vn -0.6961 0.6570 0.2894
vn -0.2752 0.9279 0.2516
vn -0.3045 0.9525 -0.0078
vn 0.6025 0.7981 -0.0000
vn 0.6912 0.7226 -0.0000
vn 0.9876 -0.1567 -0.0000
vn -0.2591 -0.9658 -0.0078
vn -0.2421 -0.9687 0.0547
vn 0.9847 -0.1654 0.0551
vn 0.6194 0.7841 -0.0392
vn -0.7187 0.6953 -0.0078
vn -0.2746 0.9260 -0.2590
vn -0.9160 0.3132 0.2506
vn -0.9414 0.3373 -0.0078
vn -0.9142 0.3126 -0.2579
vn -0.6945 0.6555 -0.2965
vn -0.0863 0.8782 -0.4705
vn 0.6347 0.7679 -0.0862
vn 0.6952 0.7186 -0.0156
vn 0.9271 -0.2043 0.3143
vn -0.2199 -0.9504 0.2199
vn 0.7886 -0.1874 0.5856
vn -0.2270 -0.8847 0.4071
vn 0.6953 0.7187 -0.0078
vn 0.6267 -0.2037 0.7521
vn -0.2737 -0.8213 0.5006
vn 0.5177 -0.0313 0.8550
vn -0.3050 -0.7040 0.6414
vn 0.6991 0.7148 -0.0157
vn 0.6907 0.7221 -0.0392
vn 0.0549 0.7367 -0.6740
vn -0.4212 0.3899 -0.8189
vn -0.5978 0.5428 -0.5899
vn -0.8522 0.2052 -0.4813
vn -0.7027 0.0390 -0.7104
vn -0.5856 -0.1015 -0.8042
vn -0.2984 0.2591 -0.9186
vn 0.0078 0.5029 -0.8643
vn 0.6268 0.7599 -0.1724
vn 0.7031 0.7110 -0.0078
vn 0.3917 0.0784 0.9167
vn -0.2834 -0.5589 0.7793
vn 0.3122 0.1014 0.9446
vn -0.1251 -0.3441 0.9306
vn 0.6831 0.7303 -0.0079
vn 0.6826 0.7297 -0.0392
vn 0.5187 0.7466 -0.4165
vn -0.6067 0.5042 -0.6146
vn -0.1648 0.5651 -0.8084
vn -0.6308 0.0710 -0.7727
vn -0.9711 0.0940 -0.2193
vn -0.3459 0.9276 -0.1415
vn -0.3544 0.8587 -0.3703
vn -0.8981 0.0468 -0.4373
vn -0.2277 0.8244 -0.5182
vn -0.2913 0.7400 0.6062
vn -0.6945 0.4683 0.5463
vn -0.6925 0.3226 -0.6453
vn -0.6945 0.4682 0.5462
vn -0.5893 -0.1021 0.8014
vn -0.7837 -0.5407 0.3056
vn -0.7066 0.0393 0.7066
vn -0.6910 -0.7224 -0.0236
vn -0.6902 -0.7216 -0.0549
vn -0.1178 -0.3375 -0.9339
vn -0.2816 -0.5555 -0.7824
vn -0.6909 -0.7223 -0.0314
vn -0.7295 -0.6824 0.0471
vn -0.7338 -0.6792 0.0156
vn -0.9414 0.3373 -0.0079
vn -0.2421 -0.9682 -0.0625
vn -0.2591 -0.9658 -0.0079
vn -0.2422 -0.9687 0.0547
vn -0.7337 -0.6791 -0.0234
vn -0.9142 0.3126 -0.2578
vn -0.7292 -0.6821 -0.0549
vn -0.7027 0.0391 -0.7105
vn -0.2199 -0.9504 0.2200
vn -0.6910 -0.7225 0.0236
vn -0.2738 -0.8213 0.5006
vn -0.6911 -0.7226 0.0157
vn -0.7818 -0.5394 -0.3127
vn -0.8981 0.0468 -0.4374
vn -0.6905 -0.7218 0.0471
vn -0.6945 0.4682 0.5463
vn 0.4413 -0.4570 -0.7723
vn 0.2128 -0.9460 -0.2444
vn -0.1103 -0.4254 -0.8982
vn -0.2829 -0.2986 -0.9115
vn 0.2585 -0.8304 0.4935
vn -0.6765 -0.7158 -0.1731
vn -0.2669 -0.3768 -0.8870
vn -0.6679 -0.7307 -0.1414
vn -0.1795 -0.5777 -0.7963
vn -0.0393 -0.8491 0.5268
vn -0.6870 -0.7260 0.0312
vn -0.1102 -0.6455 0.7558
vn -0.2588 -0.4784 0.8391
vn -0.4641 -0.6607 0.5900
vn -0.7063 -0.5729 0.4159
vn -0.6821 -0.7292 -0.0549
vn -0.6174 -0.7659 -0.1798
vn -0.4142 -0.8362 -0.3595
vn -0.6749 -0.7377 0.0157
vn -0.7726 -0.4371 0.4605
vn -0.8338 -0.3619 0.4169
vn -0.6501 -0.7597 -0.0156
vn -0.4459 -0.8840 -0.1408
vn -0.8781 -0.3920 0.2744
vn -0.6417 -0.7669 0.0078
vn -0.4061 -0.9138 -0.0078
vn -0.9039 -0.4009 0.1493
vn -0.6371 -0.7708 -0.0079
vn -0.9195 -0.3929 -0.0079
vn -0.9028 -0.4004 -0.1570
vn -0.6417 -0.7668 -0.0157
vn -0.4464 -0.8849 0.1331
vn -0.6501 -0.7598 0.0078
vn -0.4153 -0.8385 0.3527
vn -0.8762 -0.3912 -0.2816
vn -0.8311 -0.3607 -0.4234
vn -0.6748 -0.7376 -0.0235
vn -0.7721 -0.4334 -0.4649
vn -0.7040 -0.5710 -0.4224
vn -0.6824 -0.7295 0.0471
vn -0.1807 -0.5813 0.7934
vn -0.6182 -0.7669 0.1722
vn -0.6868 -0.7258 -0.0390
vn -0.4619 -0.6577 -0.5950
vn -0.2524 -0.4733 -0.8440
vn -0.1096 -0.6417 -0.7591
vn -0.0392 -0.8456 -0.5324
vn -0.6686 -0.7315 0.1337
vn -0.2733 -0.3827 0.8825
vn -0.6774 -0.7168 0.1654
vn 0.2575 -0.8272 -0.4994
vn 0.2187 -0.9453 0.2422
vn -0.2894 -0.3051 0.9073
vn -0.1177 -0.4315 0.8944
vn 0.4460 -0.4616 0.7668
vn 0.1180 0.9518 -0.2832
vn 0.2673 0.8571 -0.4403
vn 0.8949 0.4082 0.1805
vn 0.9086 0.3603 0.2115
vn 0.9361 0.3146 0.1573
vn 0.9168 0.3840 0.1097
vn 0.8797 0.4713 0.0628
vn 0.8889 0.4405 0.1259
vn 0.8476 0.5259 0.0706
vn 0.8731 0.4798 0.0865
vn 0.9659 0.0628 0.2513
vn 0.9768 0.0236 0.2127
vn 0.9819 0.1414 0.1257
vn 0.9290 -0.0079 0.3700
vn 0.9562 0.1019 0.2743
vn 0.9420 -0.0628 0.3297
vn 0.8913 -0.1025 0.4417
vn 0.9300 0.0156 0.3673
vn 0.8962 0.0550 0.4402
vn 0.7807 -0.1104 0.6151
vn 0.8347 -0.1171 0.5382
vn 0.8191 -0.1170 0.5616
vn 0.8825 -0.0709 0.4649
vn 0.8644 -0.0000 0.5029
vn 0.8819 0.1014 0.4604
vn 0.9128 0.1950 0.3589
vn 0.9634 0.2115 0.1645
vn 0.9037 0.3143 0.2908
vn 0.9393 0.3053 0.1566
vn 0.8536 0.3524 0.3837
vn 0.8783 0.3607 0.3137
vn 0.9115 0.2986 0.2829
vn 0.8660 0.1951 0.4604
vn 0.8202 0.1499 0.5521
vn 0.7226 0.0157 0.6911
vn 0.7882 -0.1327 0.6009
vn 0.7494 -0.1736 0.6390
vn 0.7225 -0.0157 0.6912
vn 0.8891 0.1794 0.4212
vn 0.7690 0.4237 0.4787
vn 0.8503 0.4094 0.3307
vn 0.8953 0.3377 0.2906
vn 0.8710 0.4394 0.2197
vn 0.8389 0.5331 0.1097
vn 0.8847 0.4619 0.0626
vn 0.8614 0.4777 0.1723
vn 0.8308 0.5486 0.0941
vn 0.9070 0.4066 0.1095
vn 0.9095 0.4156 0.0001
vn 0.9414 0.3373 0.0079
vn -0.4577 0.7575 0.4656
vn -0.7288 0.6583 0.1881
vn -0.3742 0.8733 0.3119
vn -0.5473 0.8287 0.1173
vn -0.8277 0.5231 0.2030
vn -0.7205 0.4538 0.5244
vn -0.4754 0.4987 0.7248
vn -0.0549 0.9182 0.3924
vn 0.6824 0.6118 0.4000
vn -0.0236 0.5744 0.8183
vn 0.2208 0.2366 0.9462
vn -0.0394 0.2755 0.9605
vn -0.1096 0.3678 0.9234
vn 0.1722 0.3209 0.9313
vn 0.1953 0.3750 0.9062
vn 0.0157 0.2425 0.9700
vn 0.2032 0.4064 0.8908
vn 0.0626 0.3203 0.9452
vn -0.0392 0.2276 0.9730
vn 0.0705 0.3758 0.9240
vn -0.0392 0.2589 0.9651
vn 0.0546 0.3668 0.9287
vn -0.0392 0.2900 0.9562
vn 0.6440 0.7226 0.2513
vn 0.6760 0.7232 0.1415
vn 0.6903 0.7139 0.1176
vn -0.0156 0.3045 0.9524
vn -0.0078 0.2499 0.9682
vn 0.6797 0.7265 0.1015
vn 0.6704 0.7016 0.2416
vn 0.7022 0.6864 0.1893
vn 0.7706 0.6369 0.0236
vn 0.6182 0.7747 0.1331
vn -0.0707 0.2122 0.9747
vn 0.1103 0.1812 0.9772
vn 0.0078 0.1096 0.9939
vn 0.3912 0.3990 0.8293
vn 0.4542 0.1566 0.8770
vn 0.5583 0.2123 0.8020
vn 0.5075 0.2654 0.8198
vn 0.3630 0.5840 0.7261
vn 0.1885 0.7857 0.5892
vn 0.3867 0.8444 0.3709
vn 0.5829 0.7955 0.1655
vn 0.7205 0.6579 -0.2193
vn 0.3213 0.9406 -0.1097
vn -0.3673 0.7892 0.4922
vn 0.7472 0.2359 0.6213
vn 0.6783 0.3628 0.6389
vn 0.5036 0.5745 0.6452
vn 0.4909 0.5922 0.6390
vn 0.6053 0.6683 0.4324
vn 0.6280 0.6673 0.4004
vn 0.2047 0.3307 0.9213
vn 0.6448 0.6134 0.4561
vn 0.5200 0.5200 0.6776
vn 0.5507 0.6058 0.5743
vn 0.7952 -0.6063 -0.0000
vn -0.4296 -0.7187 -0.5467
vn 0.8032 -0.5905 -0.0787
vn 0.8481 -0.5183 -0.1100
vn 0.8195 -0.5437 -0.1812
vn 0.8563 -0.4635 -0.2278
vn 0.8890 -0.4327 -0.1495
vn 0.9682 -0.2204 -0.1180
vn 0.8485 0.5028 0.1650
vn 0.9217 -0.3781 -0.0866
vn 0.7812 -0.6172 0.0937
vn 0.0787 0.4954 0.8651
vn 0.2443 0.6935 0.6777
vn 0.3665 0.5926 0.7173
vn 0.2361 0.4565 0.8578
vn -0.2199 -0.3690 0.9030
vn 0.4969 0.3786 0.7808
vn -0.1096 -0.4382 0.8922
vn 0.5680 0.4024 0.7179
vn 0.6286 0.2436 0.7386
vn 0.0628 -0.6051 0.7937
vn 0.7252 0.1170 0.6785
vn 0.1730 -0.6765 0.7158
vn 0.6941 0.2807 0.6629
vn 0.7717 0.1654 0.6142
vn 0.7881 0.0315 0.6147
vn 0.2762 -0.7104 0.6473
vn 0.8122 0.1341 0.5678
vn 0.8338 0.0394 0.5506
vn 0.8504 0.1404 0.5071
vn 0.9188 0.0393 0.3927
vn 0.9670 0.0393 0.2516
vn 0.5356 -0.8192 0.2048
vn 0.9187 0.1178 0.3769
vn 0.8805 0.3066 0.3616
vn 0.8630 0.4079 0.2981
vn 0.8263 0.4722 0.3069
vn 0.8425 0.4252 0.3307
vn 0.8240 0.4865 0.2904
vn 0.8081 0.4394 0.3923
vn 0.7715 0.4802 0.4173
vn 0.7145 0.4947 0.4947
vn 0.7639 0.5906 0.2599
vn 0.7256 0.6008 0.3355
vn 0.4960 0.4409 0.7480
vn 0.6387 0.5362 0.5519
vn 0.6210 0.5659 0.5423
vn 0.7304 0.4869 0.4791
vn 0.5131 0.3552 0.7814
vn 0.4063 0.6017 0.6877
vn 0.4804 0.7876 0.3859
vn 0.7081 0.6845 0.1731
vn 0.7233 0.6840 0.0944
vn 0.7698 0.6206 0.1492
vn 0.7301 0.6830 0.0235
vn 0.7226 0.6912 -0.0000
vn 0.7069 0.7069 -0.0235
vn 0.7000 0.7079 -0.0944
vn 0.3149 0.8187 -0.4802
vn 0.3215 0.8078 -0.4941
vn 0.2979 0.7918 -0.5331
vn 0.7147 0.6990 0.0236
vn 0.3368 0.7598 -0.5561
vn 0.4717 0.7547 -0.4560
vn 0.4955 0.7392 -0.4561
vn 0.3067 0.7471 -0.5898
vn 0.3383 0.6924 -0.6373
vn 0.4388 0.6033 -0.6660
vn 0.5071 0.3979 0.7646
vn 0.7499 -0.2578 0.6093
vn 0.8508 0.2126 -0.4805
vn 0.6419 0.3366 -0.6889
vn 0.6613 0.2676 0.7007
vn 0.5172 0.6504 -0.5564
vn 0.9689 -0.0394 -0.2442
vn 0.6657 0.6971 -0.2663
vn 0.9290 -0.3279 -0.1717
vn 0.9404 0.1489 -0.3056
vn 0.5884 0.6982 -0.4079
vn 0.5963 0.7454 -0.2981
vn 0.4863 0.6981 -0.5255
vn 0.5090 0.7360 -0.4463
vn 0.4076 0.7681 -0.4938
vn 0.4471 0.7607 -0.4705
vn 0.5407 0.7837 -0.3057
vn 0.5658 0.7623 -0.3143
vn 0.5731 0.7536 -0.3219
vn 0.5170 0.7442 -0.4230
vn 0.4883 0.7483 -0.4490
vn 0.4855 0.7517 -0.4463
vn 0.4713 0.7776 -0.4163
vn 0.5784 0.7739 -0.2579
vn 0.3909 0.8053 -0.4457
vn 0.2818 0.7983 -0.5322
vn 0.5345 0.8018 -0.2673
vn 0.4471 0.8001 -0.4000
vn 0.6291 0.7706 -0.1022
vn 0.6855 0.7170 -0.1261
vn 0.6515 0.6907 -0.3139
vn 0.5103 0.7144 -0.4789
vn 0.4552 0.7298 -0.5101
vn 0.5165 0.6887 -0.5087
vn 0.9217 0.1891 -0.3387
vn 0.9620 -0.1722 -0.2117
vn 0.9509 -0.1258 -0.2829
vn 0.8721 0.2436 -0.4243
vn 0.9304 -0.1183 -0.3469
vn 0.8394 0.1883 -0.5099
vn 0.4624 0.6348 -0.6191
vn 0.4088 0.6760 -0.6131
vn 0.5117 0.6456 -0.5669
vn 0.6831 0.5889 -0.4319
vn 0.7547 0.4560 -0.4717
vn 0.7383 0.6519 -0.1728
vn 0.6750 0.7378 -0.0078
vn 0.2114 0.6342 -0.7438
vn 0.3449 0.6192 -0.7054
vn 0.5563 0.5876 -0.5876
vn 0.4224 0.5710 -0.7040
vn 0.4717 0.5660 -0.6761
vn 0.3383 0.5821 -0.7394
vn 0.4073 0.5404 -0.7362
vn 0.8142 0.1018 -0.5715
vn 0.9098 -0.1568 -0.3843
vn 0.6414 -0.7353 0.2190
vn 0.7116 -0.6725 0.2033
vn 0.8779 -0.1724 -0.4468
vn 0.7515 0.0548 -0.6575
vn 0.3603 0.4544 -0.8147
vn 0.2518 0.4485 -0.8576
vn 0.4555 0.4476 -0.7696
vn 0.1260 0.1733 -0.9768
vn 0.0157 -0.1018 -0.9947
vn -0.1568 -0.0000 -0.9876
vn 0.2900 0.2743 -0.9169
vn 0.8105 -0.2990 -0.5036
vn 0.6682 -0.0865 -0.7389
vn -0.0783 -0.0783 -0.9939
vn -0.6088 -0.1795 -0.7727
vn -0.0629 0.4400 -0.8958
vn -0.0867 0.5044 -0.8591
vn 0.2120 0.6752 -0.7066
vn 0.1337 0.6686 -0.7315
vn -0.0944 0.5897 -0.8021
vn 0.0705 0.6895 -0.7208
vn 0.1338 0.7240 -0.6767
vn 0.0549 0.8072 -0.5878
vn 0.0471 0.7370 -0.6743
vn -0.1492 0.6206 -0.7698
vn 0.1020 0.8632 -0.4944
vn 0.0862 0.7989 -0.5953
vn 0.2987 0.9511 -0.0786
vn 0.3925 0.9185 0.0471
vn 0.5584 0.8258 0.0786
vn 0.5093 0.8462 -0.1567
vn 0.4016 0.8268 -0.3938
vn 0.3066 0.8805 -0.3616
vn 0.2279 0.8645 -0.4480
vn 0.3676 0.8838 -0.2894
vn 0.3526 0.8385 -0.4154
vn 0.2427 0.8305 -0.5014
vn 0.4224 0.7978 -0.4302
vn 0.2594 0.8096 -0.5266
vn 0.3832 0.8133 -0.4379
vn 0.4938 0.7211 -0.4860
vn 0.1255 0.8315 -0.5412
vn 0.5976 0.7156 -0.3617
vn 0.3295 0.8552 -0.4001
vn 0.4322 0.8960 0.1022
vn 0.2990 0.8892 -0.3462
vn 0.5176 0.8547 0.0392
vn 0.6661 0.7366 -0.1175
vn 0.3614 0.8721 -0.3300
vn 0.0392 0.8890 -0.4562
vn 0.6417 0.7591 -0.1096
vn 0.2670 0.9188 -0.2906
vn -0.0866 0.9451 -0.3150
vn 0.2584 0.9476 -0.1880
vn 0.5046 0.8516 -0.1419
vn 0.3064 0.9113 -0.2750
vn 0.2671 0.8800 -0.3929
vn 0.4472 0.8629 -0.2354
vn 0.4070 0.8609 -0.3052
vn 0.3526 0.8462 -0.3996
vn 0.3607 0.8389 -0.4077
vn 0.5107 0.8172 -0.2671
vn 0.4468 0.8152 -0.3684
vn 0.3454 0.8163 -0.4631
vn 0.3307 0.7717 -0.5433
vn 0.3374 0.8240 -0.4551
vn 0.2038 0.8543 -0.4781
vn 0.2118 0.9019 -0.3765
vn 0.3614 0.9115 -0.1964
vn 0.4795 0.8647 -0.1494
vn 0.2833 0.9448 -0.1649
vn 0.4315 0.8944 -0.1177
vn 0.2664 0.9639 -0.0000
vn 0.4487 0.8895 -0.0866
vn 0.2427 0.9630 -0.1174
vn 0.4876 0.8730 -0.0000
vn 0.2518 0.9678 -0.0001
vn -0.1418 0.9776 -0.1555
vn -0.5678 0.8122 -0.1341
vn -0.3463 0.9365 0.0551
vn -0.3457 0.8485 -0.4007
vn -0.2911 0.7710 -0.5664
vn -0.3704 0.9140 0.1655
vn -0.7970 0.6026 0.0397
vn -0.4803 0.8582 -0.1811
vn -0.4707 0.8709 -0.1412
vn -0.4783 0.8782 -0.0000
vn -0.1733 0.9849 -0.0000
vn -0.1484 0.9765 0.1563
vn 0.2429 0.9638 0.1097
vn 0.4459 0.8917 0.0782
vn 0.2838 0.9458 0.1577
vn 0.5071 0.8504 0.1404
vn 0.2588 0.9489 0.1804
vn 0.6422 0.7597 0.1018
vn 0.3070 0.9133 0.2677
vn 0.4319 0.8952 0.1099
vn 0.4472 0.8944 -0.0000
vn 0.4567 0.8818 -0.1181
vn 0.3919 0.8935 -0.2195
vn 0.4308 0.8773 -0.2115
vn 0.3835 0.9235 -0.0000
vn 0.4571 0.8826 0.1103
vn 0.4801 0.8657 0.1417
vn 0.3926 0.8950 0.2120
vn 0.4315 0.8787 0.2040
vn 0.5236 0.8519 -0.0000
vn 0.5178 0.8552 -0.0235
vn 0.1880 0.9790 0.0783
vn 0.4717 0.8805 0.0472
vn 0.0471 0.9580 -0.2827
vn 0.6299 0.7637 0.1417
vn 0.8731 0.4641 0.1495
vn 0.7845 0.6197 -0.0235
vn 0.7227 0.6912 -0.0000
vn 0.5179 0.8553 0.0157
vn 0.4570 0.8826 0.1103
vn 0.3620 0.9129 0.1889
vn 0.4480 0.8645 0.2279
vn 0.2661 0.8844 0.3835
vn 0.6667 0.7372 0.1098
vn 0.2998 0.8916 0.3393
vn 0.4080 0.8630 0.2981
vn 0.2123 0.9046 0.3697
vn 0.0472 0.9601 0.2755
vn 0.1879 0.9784 -0.0861
vn 0.4715 0.8801 -0.0550
vn 0.7846 0.6198 0.0157
vn 1.0000 -0.0079 -0.0000
vn 0.9980 0.0079 0.0629
vn 0.9718 0.0862 0.2194
vn 0.9059 0.3072 0.2915
vn 0.8013 0.5813 0.1414
vn 0.1336 0.8957 -0.4242
vn 0.2116 0.8388 -0.5017
vn 0.8185 0.5587 0.1338
vn 0.9909 0.0157 0.1337
vn 0.9975 0.0079 -0.0707
vn 0.8721 0.4635 -0.1571
vn 0.6291 0.7628 -0.1494
vn 0.8004 0.5807 -0.1491
vn 0.9038 0.3065 -0.2986
vn 0.9701 0.0860 -0.2269
vn 0.9898 0.0157 -0.1414
vn 0.5348 -0.8179 -0.2123
vn 0.9651 0.0392 -0.2589
vn 0.9160 0.0392 -0.3993
vn 0.3709 -0.7893 -0.4893
vn 0.9160 0.1174 -0.3836
vn 0.8779 0.3057 -0.3684
vn 0.8176 0.5582 -0.1415
vn 0.2125 0.8420 0.4958
vn 0.1340 0.8986 0.4178
vn 0.2045 0.8575 0.4720
vn 0.3386 0.8269 0.4489
vn 0.3694 0.7411 0.5606
vn 0.8545 0.5174 0.0470
vn 0.2737 0.5708 0.7741
vn 0.6693 0.6614 0.3386
vn 0.8609 0.4070 -0.3053
vn 0.8491 0.1337 -0.5110
vn 0.8302 0.0392 -0.5561
vn 0.2748 -0.7068 -0.6518
vn 0.7843 0.0314 -0.6196
vn 0.8086 0.1334 -0.5731
vn 0.8243 0.4710 -0.3140
vn 0.7005 0.7084 0.0866
vn 0.3466 0.8192 0.4569
vn 0.3357 0.7728 0.5386
vn 0.5118 0.8189 0.2599
vn 0.3618 0.8416 0.4011
vn 0.3537 0.8488 0.3930
vn 0.2438 0.8337 0.4955
vn 0.3845 0.8160 0.4316
vn 0.4238 0.8005 0.4238
vn 0.5993 0.7176 0.3549
vn 0.4957 0.7238 0.4799
vn 0.4319 0.8952 -0.1099
vn 0.3305 0.8578 0.3935
vn 0.5174 0.8545 -0.0470
vn 0.3623 0.8743 0.3230
vn 0.1260 0.8350 0.5356
vn 0.2604 0.8129 0.5209
vn 0.2287 0.8675 0.4417
vn 0.3684 0.8858 0.2822
vn 0.3074 0.8830 0.3548
vn 0.3538 0.8412 0.4088
vn 0.4056 0.8267 0.3900
vn 0.5099 0.8472 0.1491
vn 0.3924 0.9182 -0.0550
vn 0.2989 0.9517 0.0708
vn 0.0866 0.8026 0.5902
vn 0.1024 0.8666 0.4884
vn 0.0473 0.7409 0.6700
vn 0.0551 0.8109 0.5826
vn 0.5580 0.8253 -0.0865
vn 0.6295 0.7712 0.0945
vn 0.4485 0.8026 0.3934
vn 0.6750 0.7378 -0.0000
vn 0.1407 0.7269 0.6722
vn 0.0709 0.6934 0.7170
vn 0.2126 0.6378 0.7402
vn 0.7393 0.6528 0.1652
vn 0.6862 0.7177 0.1183
vn 0.4728 0.7801 0.4098
vn 0.5356 0.8034 0.2599
vn 0.5796 0.7754 0.2506
vn 0.5420 0.7856 0.2985
vn 0.4872 0.7544 0.4400
vn 0.6530 0.6924 0.3068
vn 0.7575 0.4577 0.4656
vn 0.3468 0.6227 0.7015
vn 0.1407 0.6722 0.7269
vn -0.1017 0.5944 0.7977
vn -0.1562 0.6246 0.7652
vn -0.1794 0.6473 0.7409
vn -0.1170 0.7100 0.6944
vn -0.7563 -0.0158 0.6540
vn -0.0941 0.5099 0.8551
vn 0.2183 0.6783 0.7017
vn 0.5588 0.5903 0.5825
vn 0.6854 0.5909 0.4255
vn 0.5122 0.7170 0.4728
vn 0.5149 0.6475 0.5617
vn 0.4247 0.5742 0.7000
vn -0.0705 0.4461 0.8922
vn -0.6125 -0.1806 0.7696
vn 0.1336 0.1808 0.9744
vn 0.0235 -0.1096 0.9937
vn -0.1644 -0.0078 0.9864
vn -0.0860 -0.0860 0.9926
vn 0.3686 -0.4313 0.8235
vn 0.2501 -0.6019 0.7583
vn 0.1492 -0.9427 0.2985
vn 0.6236 -0.6393 0.4499
vn 0.8113 -0.3042 0.4993
vn 0.6721 -0.0938 0.7345
vn 0.2965 0.2808 0.9128
vn 0.2518 0.4485 0.8576
vn 0.4600 0.4522 0.7641
vn 0.4760 0.5706 0.6692
vn 0.3436 0.5857 0.7341
vn 0.3626 0.4573 0.8120
vn 0.7553 0.0551 0.6531
vn 0.8809 -0.1730 0.4405
vn 0.7852 -0.6046 -0.1335
vn 0.7100 -0.7021 0.0552
vn 0.7944 -0.6056 0.0472
vn 0.0550 -0.9982 -0.0236
vn 0.7328 -0.3231 -0.5988
vn 0.4783 -0.3058 -0.8233
vn 0.2183 -0.6861 -0.6939
vn 0.7558 -0.6220 -0.2047
vn 0.7105 -0.6714 -0.2108
vn 0.9125 -0.1573 0.3776
vn 0.8179 0.1022 0.5662
vn 0.4096 0.5436 0.7326
vn 0.8427 0.1890 0.5041
vn 0.9306 -0.1251 0.3441
vn 0.6403 -0.7340 -0.2265
vn 0.1563 -0.7581 -0.6331
vn 0.4957 -0.4799 -0.7239
vn 0.6757 -0.4322 -0.5972
vn 0.8406 -0.1807 -0.5106
vn 0.9051 0.0158 -0.4250
vn 0.8973 -0.4093 0.1653
vn 0.9636 -0.0235 0.2663
vn 0.6784 -0.7099 0.1893
vn 0.6787 -0.7334 -0.0390
vn 0.0938 -0.8367 -0.5396
vn 0.6210 -0.5582 -0.5503
vn 0.8901 -0.1417 -0.4332
vn 0.7831 0.6187 0.0627
vn 0.8630 -0.5021 0.0549
vn -0.1021 -0.5893 -0.8014
vn 0.9369 -0.3201 -0.1405
vn 0.9064 -0.4177 -0.0630
vn 0.6787 -0.3472 0.6471
vn 0.9570 -0.2746 -0.0941
vn 0.9141 -0.1719 0.3672
vn 0.9000 -0.1564 -0.4070
vn 0.8581 -0.4173 0.2991
vn 0.8743 -0.4762 0.0936
vn 0.7440 -0.6578 0.1175
vn 0.7360 -0.6733 0.0704
vn 0.6632 -0.5448 -0.5132
vn 0.8659 -0.4880 0.1102
vn 0.7557 -0.6456 0.1102
vn 0.6928 -0.7086 0.1338
vn 0.0549 -0.9249 -0.3762
vn 0.7171 -0.5613 -0.4132
vn 0.8832 -0.4495 -0.1341
vn 0.7808 -0.6230 0.0473
vn 0.5157 -0.8360 0.1875
vn 0.9618 -0.2736 -0.0078
vn 0.8757 -0.2998 0.3786
vn 0.8022 -0.4561 0.3853
vn 0.8109 -0.2362 0.5354
vn 0.6667 0.0157 -0.7451
vn 0.4576 -0.3945 -0.7969
vn 0.3365 -0.6964 -0.6338
vn 0.0704 -0.9852 -0.1564
vn 0.6461 -0.7563 -0.1024
vn 0.9530 -0.1260 0.2756
vn 0.8750 0.2444 0.4178
vn 0.9253 0.1882 0.3293
vn 0.5186 0.6915 0.5029
vn 0.4646 0.6378 0.6142
vn 0.4131 0.6781 0.6079
vn 0.4570 0.7327 0.5042
vn 0.4914 0.7489 0.4446
vn 0.5187 0.7466 0.4166
vn 0.5902 0.7004 0.4014
vn 0.9427 0.1492 0.2985
vn 0.9637 -0.1724 0.2037
vn 0.6111 -0.7912 -0.0235
vn 0.9302 -0.3283 0.1641
vn 0.9691 -0.0469 0.2423
vn 0.6671 0.6985 0.2590
vn 0.5942 0.7505 0.2893
vn 0.5745 0.7555 0.3148
vn 0.5672 0.7641 0.3072
vn 0.5107 0.7386 0.4400
vn 0.4883 0.7010 0.5198
vn 0.5194 0.6532 0.5509
vn 0.8515 0.2187 0.4765
vn 0.8901 -0.4332 0.1418
vn 0.7653 -0.6074 0.2130
vn 0.0941 -0.9805 0.1726
vn -0.0860 -0.9852 0.1486
vn 0.5394 -0.8209 0.1876
vn 0.1485 -0.2892 0.9457
vn 0.1179 -0.5028 0.8563
vn 0.5301 -0.8029 0.2728
vn 0.2979 -0.2352 0.9252
vn 0.8202 -0.3046 0.4843
vn 0.3120 0.7487 0.5849
vn 0.3434 0.6946 0.6322
vn 0.4410 0.6065 0.6616
vn 0.6454 0.3384 0.6848
vn 0.7479 -0.2519 -0.6141
vn 0.9691 -0.2206 0.1103
vn 0.8578 -0.4643 0.2204
vn 0.8454 -0.5244 0.1018
vn 0.7980 -0.6025 0.0157
vn -0.4562 -0.7392 0.4955
vn -0.3274 -0.5768 -0.7484
vn 0.6291 -0.6999 -0.3381
vn 0.8036 -0.5909 0.0709
vn 0.8206 -0.5444 0.1736
vn 0.8474 0.5022 -0.1726
vn 0.7276 0.4851 -0.4851
vn 0.6183 0.5635 -0.5479
vn 0.5099 0.3530 -0.7845
vn 0.5028 0.3929 -0.7699
vn 0.6577 0.2662 -0.7047
vn 0.4017 0.5986 -0.6931
vn 0.6359 0.5338 -0.5574
vn 0.4931 0.4383 -0.7515
vn 0.7118 0.4928 -0.5006
vn 0.5648 0.4001 -0.7217
vn 0.3614 0.5892 -0.7227
vn 0.2430 0.6898 -0.6820
vn 0.9223 -0.3783 0.0788
vn 0.7806 -0.6167 -0.1015
vn 0.0786 0.4954 -0.8651
vn 0.2361 0.4565 -0.8579
vn 0.4939 0.3763 -0.7839
vn 0.6250 0.2422 -0.7421
vn 0.6915 0.2750 -0.6680
vn 0.7690 0.4786 -0.4237
vn 0.7253 0.5992 -0.3390
vn 0.4790 0.7852 -0.3926
vn 0.4972 0.7419 0.4499
vn 0.7072 0.6836 -0.1807
vn 0.7623 0.5894 -0.2672
vn 0.8056 0.4380 -0.3989
vn 0.7679 0.1645 -0.6191
vn 0.7222 0.1099 -0.6829
vn -0.1022 -0.4323 -0.8959
vn 0.0624 -0.6013 -0.7965
vn -0.2838 -0.4414 -0.8513
vn 0.8403 0.4241 -0.3377
vn 0.8221 0.4854 -0.2975
vn 0.7689 0.6198 -0.1569
vn 0.7228 0.6835 -0.1021
vn 0.4734 0.7574 0.4497
vn 0.4092 0.7711 0.4878
vn 0.4487 0.7635 0.4644
vn 0.3923 0.8081 0.4394
vn 0.3383 0.7631 0.5507
vn 0.7146 0.6989 -0.0314
vn 0.7299 0.6828 -0.0314
vn 0.2992 0.7952 0.5275
vn 0.2830 0.8016 0.5266
vn 0.3228 0.8109 0.4881
vn 0.7070 0.7070 0.0158
vn 0.3199 0.8192 0.4760
vn 0.4481 0.8176 0.3617
vn -0.7049 -0.0783 -0.7050
vn -0.1727 0.6436 -0.7456
vn -0.7525 -0.0156 -0.6584
vn -0.1099 0.7067 -0.6989
vn -0.7728 0.0546 -0.6323
vn -0.1021 0.7151 -0.6915
vn -0.2118 0.7217 -0.6589
vn -0.8437 0.0947 -0.5283
vn -0.9001 -0.4148 0.1331
vn -0.9138 0.3860 -0.1260
vn -0.8815 0.4722 -0.0000
vn -0.9147 0.3864 0.1183
vn -0.8992 -0.4144 -0.1407
vn -0.7972 0.6018 -0.0469
vn -0.4810 0.8594 0.1735
vn -0.5029 0.8644 -0.0000
vn -0.4712 0.8718 0.1335
vn -0.5694 0.8113 0.1326
vn -0.3461 0.9361 -0.0629
vn -0.3699 0.9128 -0.1731
vn -0.3468 0.8512 0.3940
vn -0.0862 0.9482 0.3056
vn 0.2676 0.9209 0.2834
vn 0.0392 0.8937 0.4469
vn -0.2965 0.7724 0.5617
vn -0.2129 0.7255 0.6545
vn -0.8446 -0.0625 0.5318
vn -0.1093 0.7183 0.6871
vn 0.3689 0.7379 -0.5652
vn 0.2676 0.5667 -0.7793
vn 0.6675 0.6596 -0.3455
vn 0.8541 0.5172 -0.0548
vn 0.3630 -0.4261 -0.8286
vn 0.2439 -0.5981 -0.7634
vn 0.6214 -0.6371 -0.4562
vn 0.7860 -0.6053 0.1258
vn 0.7096 -0.7018 -0.0631
vn -0.0862 -0.9948 -0.0549
vn 0.7941 -0.6053 -0.0550
vn 0.7346 -0.3282 0.5939
vn 0.4813 -0.3078 0.8207
vn 0.2195 -0.6899 0.6899
vn 0.7570 -0.6230 0.1971
vn 0.1570 -0.7619 0.6284
vn 0.0942 -0.8402 0.5340
vn 0.6466 -0.7569 0.0946
vn 0.6112 -0.7914 0.0157
vn 0.7639 -0.6064 -0.2205
vn 0.1170 -0.4994 -0.8584
vn 0.0940 -0.9791 -0.1802
vn 0.0704 -0.9864 0.1487
vn 0.0550 -0.9276 0.3695
vn 0.6647 -0.5475 0.5084
vn 0.7355 -0.6730 -0.0782
vn 0.6237 -0.5606 0.5448
vn 0.4997 -0.4841 0.7183
vn 0.6789 -0.7336 0.0312
vn 0.6773 -0.7089 -0.1969
vn 0.8907 -0.1484 0.4298
vn 0.9610 -0.0236 -0.2757
vn 0.8961 -0.4088 -0.1730
vn 0.9063 0.0234 0.4219
vn 0.6789 -0.4342 0.5921
vn 0.8440 -0.1814 0.5048
vn 0.7827 0.6184 -0.0704
vn 0.8626 -0.5019 -0.0627
vn 0.9379 -0.3204 0.1329
vn 0.9068 -0.4179 0.0552
vn 0.6097 -0.6018 0.5159
vn 0.6753 -0.3455 -0.6517
vn 0.9576 -0.2747 0.0863
vn 0.9140 -0.1655 -0.3703
vn 0.9028 -0.1569 0.4004
vn 0.8561 -0.4163 -0.3063
vn 0.8737 -0.4758 -0.1014
vn 0.7432 -0.6572 -0.1252
vn 0.8651 -0.4876 -0.1180
vn 0.7550 -0.6450 -0.1180
vn 0.6921 -0.7078 -0.1415
vn 0.7194 -0.5631 0.4067
vn 0.8818 -0.4526 0.1327
vn 0.7804 -0.6228 -0.0552
vn 0.5149 -0.8348 -0.1950
vn 0.9618 -0.2737 -0.0078
vn 0.8730 -0.2989 -0.3854
vn 0.7997 -0.4547 -0.3921
vn 0.1412 -0.2823 -0.9489
vn -0.0859 -0.9840 -0.1562
vn 0.3382 -0.6999 0.6291
vn 0.4624 -0.3996 0.7915
vn 0.5386 -0.8196 -0.1952
vn 0.2913 -0.2283 -0.9290
vn 0.8195 -0.2994 -0.4886
vn 0.8075 -0.2352 -0.5409
vn 0.6710 0.0234 0.7411
vn -0.5668 0.3622 -0.7400
vn -0.7721 -0.4333 -0.4648
vn -0.7020 0.4497 -0.5522
vn -0.7970 0.5287 -0.2920
vn 0.6667 0.7452 0.0157
vn 0.6750 0.7378 0.0078
vn -0.3820 0.3976 -0.8342
vn -0.4679 0.2418 -0.8501
vn 0.6745 0.7372 -0.0392
vn -0.3307 0.3149 -0.8896
vn 0.6668 0.7452 -0.0000
vn -0.2591 0.1727 -0.9503
vn -0.1961 -0.0000 -0.9806
vn 0.4717 -0.1258 -0.8727
vn 0.7837 0.3056 -0.5407
vn 0.7079 0.0944 -0.7000
vn -0.0391 -0.8456 -0.5324
vn 0.6831 0.7302 0.0157
vn 0.6585 0.7526 -0.0000
vn 0.6743 0.7370 -0.0471
vn 0.7315 0.6764 0.0865
vn 0.6987 0.7144 -0.0392
vn 0.7444 0.6661 0.0470
vn 0.6751 0.7378 -0.0000
vn 0.7453 0.6668 -0.0000
vn 0.6912 0.7226 -0.0079
vn 0.7441 0.6658 -0.0548
vn 0.9802 -0.1098 -0.1647
vn 0.9806 -0.1962 -0.0000
vn 0.9815 -0.1099 0.1570
vn 0.9127 -0.1638 0.3744
vn 0.8729 0.0157 0.4876
vn 0.7247 0.1260 0.6774
vn 0.7314 0.6764 0.0865
vn 0.6733 0.7360 0.0705
vn 0.4813 0.2052 0.8522
vn 0.1332 -0.2898 0.9478
vn 0.2734 -0.5389 0.7967
vn 0.3521 -0.7354 0.5790
vn 0.4303 -0.8058 0.4068
vn 0.4468 -0.8779 0.1724
vn -0.4154 -0.8385 0.3526
vn 0.0469 -0.1172 0.9920
vn 0.3049 0.2033 0.9304
vn -0.0471 -0.0393 0.9981
vn 0.2191 0.2660 0.9388
vn 0.6671 0.7142 0.2119
vn 0.8862 0.0235 -0.4627
vn 0.8932 -0.2977 -0.3370
vn 0.9290 -0.2283 0.2913
vn 0.3758 0.0705 0.9240
vn 0.4843 -0.8749 -0.0078
vn 0.4461 -0.8767 -0.1800
vn -0.4459 -0.8839 -0.1408
vn 0.4289 -0.8032 -0.4133
vn 0.9125 -0.1573 -0.3776
vn 0.3472 -0.7338 -0.5839
vn 0.2673 -0.5345 -0.8018
vn 0.8696 0.0157 -0.4935
vn 0.7309 0.6759 -0.0943
vn 0.7208 0.1254 -0.6817
vn 0.1257 -0.2829 -0.9509
vn 0.0391 -0.1095 -0.9932
vn 0.4781 0.2038 -0.8543
vn 0.6745 0.7372 0.0392
vn 0.6989 0.7146 0.0314
vn 0.6830 0.7301 -0.0236
vn 0.6730 0.7355 -0.0782
vn 0.2983 0.1962 -0.9341
vn -0.0393 -0.0315 -0.9987
vn -0.1103 -0.4255 -0.8982
vn 0.3693 0.0628 -0.9272
vn 0.2120 0.2591 -0.9423
vn 0.6660 0.7130 -0.2194
vn 0.8894 0.0236 0.4565
vn 0.8956 -0.2985 0.3299
vn 0.9268 -0.2278 -0.2985
vn 0.2129 -0.9460 -0.2444
vn -0.0393 -0.8491 0.5267
vn 0.7112 0.1016 0.6956
vn -0.1102 -0.6455 0.7557
vn 0.7870 0.3069 0.5352
vn -0.4641 -0.6608 0.5899
vn 0.4774 -0.1330 0.8686
vn -0.2036 0.0079 0.9790
vn -0.2661 0.1800 0.9470
vn -0.3368 0.3211 0.8851
vn -0.4710 0.2434 0.8479
vn -0.7726 -0.4370 0.4605
vn 0.6747 0.7374 0.0314
vn -0.3845 0.4002 0.8318
vn -0.5705 0.3673 0.7346
vn -0.8338 -0.3618 0.4169
vn -0.7035 0.4534 0.5472
vn -0.7965 0.5310 0.2890
vn -0.8272 0.5619 -0.0078
vn 0.6793 0.7339 -0.0000
vn 0.6666 0.7450 -0.0236
vn 0.6749 0.7377 -0.0157
vn 0.6831 0.7302 -0.0079
vt 0.354416 0.007688
vt 0.358272 0.004989
vt 0.365551 0.005688
vt 0.367599 0.019159
vt 0.372853 0.011978
vt 0.384011 0.020003
vt 0.380951 0.028438
vt 0.400833 0.031547
vt 0.361550 0.025474
vt 0.346174 0.015328
vt 0.346969 0.031643
vt 0.339571 0.026944
vt 0.335088 0.044055
vt 0.358272 0.038054
vt 0.343041 0.044368
vt 0.338534 0.048634
vt 0.355163 0.050562
vt 0.343620 0.055623
vt 0.327376 0.049574
vt 0.332702 0.041091
vt 0.323110 0.047983
vt 0.324122 0.063696
vt 0.329449 0.062877
vt 0.334727 0.068830
vt 0.338438 0.064612
vt 0.344873 0.066854
vt 0.355188 0.058828
vt 0.371335 0.045429
vt 0.371744 0.054996
vt 0.388855 0.061672
vt 0.376637 0.035933
vt 0.397676 0.047718
vt 0.399797 0.039428
vt 0.405918 0.036994
vt 0.402135 0.043404
vt 0.413920 0.049984
vt 0.417607 0.044440
vt 0.431079 0.048345
vt 0.431055 0.054177
vt 0.444551 0.044465
vt 0.431055 0.059310
vt 0.448238 0.050032
vt 0.456288 0.037066
vt 0.450600 0.054876
vt 0.460047 0.043501
vt 0.464481 0.047839
vt 0.462385 0.039548
vt 0.461373 0.031667
vt 0.481279 0.028607
vt 0.478267 0.020148
vt 0.489449 0.012170
vt 0.494655 0.019376
vt 0.496752 0.005904
vt 0.500680 0.025715
vt 0.507910 0.007953
vt 0.504030 0.005254
vt 0.516104 0.015641
vt 0.515236 0.031933
vt 0.522659 0.027257
vt 0.527069 0.044392
vt 0.519140 0.044681
vt 0.503909 0.038295
vt 0.485569 0.036102
vt 0.473254 0.061817
vt 0.463277 0.066131
vt 0.445370 0.063456
vt 0.431055 0.065359
vt 0.440526 0.070685
vt 0.450383 0.069890
vt 0.457396 0.075072
vt 0.446503 0.075843
vt 0.443032 0.081940
vt 0.454697 0.081386
vt 0.464289 0.080109
vt 0.469446 0.071770
vt 0.471495 0.066902
vt 0.477038 0.071168
vt 0.490823 0.045621
vt 0.490389 0.055189
vt 0.506970 0.050827
vt 0.506922 0.059093
vt 0.489112 0.068059
vt 0.485280 0.081603
vt 0.474676 0.082398
vt 0.469181 0.088978
vt 0.464144 0.096425
vt 0.452913 0.097629
vt 0.449491 0.092761
vt 0.431006 0.093147
vt 0.431006 0.082711
vt 0.431031 0.071336
vt 0.421559 0.070661
vt 0.418981 0.081892
vt 0.412498 0.092713
vt 0.415558 0.075795
vt 0.407340 0.081314
vt 0.404665 0.074975
vt 0.411702 0.069818
vt 0.416739 0.063407
vt 0.411510 0.054828
vt 0.398809 0.066034
vt 0.397772 0.080012
vt 0.392615 0.071650
vt 0.397821 0.096328
vt 0.409051 0.097557
vt 0.413389 0.099244
vt 0.409581 0.102257
vt 0.430982 0.100521
vt 0.430982 0.104570
vt 0.448575 0.099316
vt 0.452383 0.102329
vt 0.430958 0.115608
vt 0.406955 0.114500
vt 0.396712 0.099919
vt 0.390976 0.093099
vt 0.392808 0.088857
vt 0.387361 0.082254
vt 0.385023 0.071023
vt 0.390591 0.066757
vt 0.372973 0.067866
vt 0.376757 0.081410
vt 0.385530 0.089339
vt 0.386686 0.100160
vt 0.388253 0.115343
vt 0.390374 0.132984
vt 0.409099 0.133731
vt 0.430934 0.133756
vt 0.409630 0.154795
vt 0.389434 0.155060
vt 0.374829 0.132478
vt 0.372275 0.116379
vt 0.375552 0.103582
vt 0.378275 0.089869
vt 0.369166 0.094810
vt 0.359140 0.080615
vt 0.356417 0.069529
vt 0.346319 0.077337
vt 0.337354 0.079072
vt 0.329352 0.071457
vt 0.324990 0.072903
vt 0.373696 0.098208
vt 0.370829 0.101196
vt 0.369142 0.113439
vt 0.366466 0.129442
vt 0.361791 0.127080
vt 0.357887 0.148432
vt 0.373696 0.154265
vt 0.385626 0.177666
vt 0.369865 0.174509
vt 0.348030 0.165351
vt 0.353549 0.145998
vt 0.347982 0.142118
vt 0.356971 0.123417
vt 0.354320 0.111174
vt 0.359333 0.093894
vt 0.347885 0.092303
vt 0.338028 0.091291
vt 0.343716 0.107559
vt 0.350633 0.120958
vt 0.345355 0.133900
vt 0.337860 0.121440
vt 0.333040 0.114186
vt 0.335546 0.105823
vt 0.330196 0.117681
vt 0.336197 0.127490
vt 0.324147 0.130044
vt 0.342752 0.138624
vt 0.333473 0.133153
vt 0.332678 0.156096
vt 0.339233 0.160169
vt 0.343788 0.163640
vt 0.338366 0.179835
vt 0.334293 0.178389
vt 0.329545 0.175666
vt 0.324460 0.149975
vt 0.322387 0.171641
vt 0.314844 0.185354
vt 0.308144 0.173448
vt 0.311590 0.168026
vt 0.307469 0.159253
vt 0.316507 0.144745
vt 0.305517 0.160965
vt 0.304312 0.166556
vt 0.298504 0.159205
vt 0.305469 0.158193
vt 0.295419 0.156795
vt 0.295419 0.161278
vt 0.285104 0.165471
vt 0.288551 0.168315
vt 0.298504 0.176798
vt 0.302481 0.181401
vt 0.310916 0.195355
vt 0.321712 0.189668
vt 0.327665 0.189933
vt 0.331907 0.191475
vt 0.362755 0.192680
vt 0.377745 0.198657
vt 0.361140 0.205501
vt 0.347018 0.213672
vt 0.328364 0.202296
vt 0.323086 0.200248
vt 0.318845 0.197741
vt 0.317302 0.208128
vt 0.309735 0.205839
vt 0.288045 0.198729
vt 0.296166 0.188921
vt 0.290045 0.186318
vt 0.281658 0.195982
vt 0.278067 0.178292
vt 0.275103 0.174918
vt 0.265752 0.183643
vt 0.268331 0.186896
vt 0.272163 0.206032
vt 0.303878 0.226710
vt 0.278646 0.208442
vt 0.285514 0.226155
vt 0.270428 0.217479
vt 0.262474 0.213358
vt 0.258618 0.197259
vt 0.256208 0.192680
vt 0.251557 0.198199
vt 0.254329 0.200175
vt 0.251967 0.202031
vt 0.249123 0.204345
vt 0.253630 0.225384
vt 0.262378 0.224179
vt 0.272596 0.229674
vt 0.264089 0.235434
vt 0.271560 0.242423
vt 0.289226 0.241386
vt 0.261992 0.243676
vt 0.268909 0.252256
vt 0.259149 0.252930
vt 0.251268 0.239266
vt 0.253798 0.231674
vt 0.250665 0.226107
vt 0.249340 0.231192
vt 0.246062 0.236398
vt 0.245460 0.247195
vt 0.240857 0.242688
vt 0.234205 0.249340
vt 0.237555 0.254401
vt 0.227192 0.255003
vt 0.251533 0.266065
vt 0.262571 0.265535
vt 0.277368 0.264233
vt 0.268186 0.278477
vt 0.288792 0.260426
vt 0.278115 0.279127
vt 0.293564 0.263848
vt 0.303059 0.249508
vt 0.297444 0.245508
vt 0.306554 0.233578
vt 0.308433 0.242736
vt 0.306626 0.252858
vt 0.312940 0.246134
vt 0.311277 0.239627
vt 0.319544 0.231433
vt 0.315061 0.224806
vt 0.311566 0.218636
vt 0.320387 0.220299
vt 0.322339 0.228589
vt 0.321616 0.236181
vt 0.324749 0.233916
vt 0.315326 0.243363
vt 0.322098 0.247629
vt 0.321062 0.251750
vt 0.317278 0.266668
vt 0.297420 0.266161
vt 0.306578 0.286092
vt 0.287032 0.281682
vt 0.283345 0.280115
vt 0.287105 0.291394
vt 0.285562 0.299492
vt 0.291587 0.295154
vt 0.297612 0.292117
vt 0.309229 0.292165
vt 0.301324 0.296720
vt 0.295443 0.300480
vt 0.285876 0.302818
vt 0.281972 0.301058
vt 0.272066 0.302769
vt 0.272548 0.310289
vt 0.283996 0.307758
vt 0.285827 0.309566
vt 0.289756 0.308264
vt 0.292310 0.306674
vt 0.298191 0.302480
vt 0.303565 0.300191
vt 0.319977 0.285996
vt 0.312362 0.295853
vt 0.308506 0.309035
vt 0.304288 0.308120
vt 0.303830 0.315398
vt 0.298817 0.312916
vt 0.294214 0.308096
vt 0.294913 0.314868
vt 0.300697 0.320387
vt 0.309132 0.314675
vt 0.321134 0.309879
vt 0.319062 0.304143
vt 0.323568 0.290093
vt 0.331449 0.298407
vt 0.333931 0.304167
vt 0.336414 0.312602
vt 0.322966 0.318314
vt 0.309783 0.322821
vt 0.310410 0.334292
vt 0.304674 0.324966
vt 0.291828 0.317615
vt 0.297299 0.324098
vt 0.302288 0.327303
vt 0.298817 0.329496
vt 0.297299 0.337329
vt 0.283056 0.336052
vt 0.274910 0.331449
vt 0.292624 0.320170
vt 0.276790 0.321784
vt 0.260812 0.313060
vt 0.264282 0.325424
vt 0.266837 0.334678
vt 0.272765 0.341908
vt 0.286430 0.346101
vt 0.301444 0.344029
vt 0.288238 0.353813
vt 0.269271 0.355717
vt 0.259462 0.348005
vt 0.253582 0.339787
vt 0.249991 0.330750
vt 0.245219 0.317687
vt 0.257823 0.305396
vt 0.251678 0.279633
vt 0.239170 0.275946
vt 0.229144 0.260932
vt 0.219721 0.259847
vt 0.220685 0.265703
vt 0.211503 0.261944
vt 0.226348 0.281634
vt 0.235000 0.286309
vt 0.242134 0.309903
vt 0.229409 0.323809
vt 0.235506 0.337088
vt 0.240134 0.345764
vt 0.245532 0.354103
vt 0.251340 0.364056
vt 0.259510 0.371744
vt 0.277151 0.366370
vt 0.307156 0.357838
vt 0.312121 0.339305
vt 0.336100 0.350247
vt 0.335136 0.330412
vt 0.333208 0.324677
vt 0.357911 0.315229
vt 0.360249 0.321254
vt 0.372564 0.342487
vt 0.382156 0.316314
vt 0.367937 0.369238
vt 0.404111 0.340631
vt 0.401653 0.364875
vt 0.430549 0.364152
vt 0.430573 0.338028
vt 0.411100 0.313374
vt 0.382589 0.309975
vt 0.403870 0.307132
vt 0.430621 0.312819
vt 0.412618 0.306071
vt 0.430645 0.305878
vt 0.448672 0.306120
vt 0.450166 0.313446
vt 0.457035 0.340727
vt 0.459445 0.364972
vt 0.488582 0.342679
vt 0.493137 0.369454
vt 0.479062 0.316458
vt 0.457396 0.307204
vt 0.452407 0.304384
vt 0.447901 0.298552
vt 0.445491 0.298528
vt 0.415799 0.298480
vt 0.430645 0.298287
vt 0.443466 0.295250
vt 0.430645 0.295226
vt 0.417848 0.295226
vt 0.413389 0.298504
vt 0.408883 0.304312
vt 0.407051 0.297130
vt 0.409437 0.297805
vt 0.407726 0.291900
vt 0.417077 0.292937
vt 0.430669 0.292720
vt 0.444237 0.292985
vt 0.430669 0.281875
vt 0.412811 0.282164
vt 0.413799 0.269560
vt 0.401267 0.281152
vt 0.405268 0.295660
vt 0.400086 0.288334
vt 0.390470 0.296046
vt 0.376685 0.298022
vt 0.385457 0.287852
vt 0.384421 0.280790
vt 0.397194 0.268644
vt 0.430693 0.270307
vt 0.413654 0.263269
vt 0.430717 0.263727
vt 0.447587 0.269608
vt 0.448527 0.282212
vt 0.453588 0.291973
vt 0.460095 0.281248
vt 0.464192 0.268764
vt 0.447780 0.263318
vt 0.447804 0.256521
vt 0.464988 0.262450
vt 0.480629 0.268379
vt 0.476941 0.280959
vt 0.475881 0.287996
vt 0.461252 0.288430
vt 0.470844 0.296190
vt 0.456022 0.295732
vt 0.454263 0.297202
vt 0.451877 0.297877
vt 0.478677 0.310120
vt 0.484605 0.298190
vt 0.489112 0.290213
vt 0.491233 0.283345
vt 0.495763 0.272186
vt 0.481713 0.262932
vt 0.465879 0.255316
vt 0.497426 0.266354
vt 0.483400 0.256955
vt 0.447660 0.246737
vt 0.468169 0.242278
vt 0.430717 0.256377
vt 0.413630 0.256473
vt 0.396423 0.262354
vt 0.380782 0.268210
vt 0.379697 0.262763
vt 0.395579 0.255220
vt 0.413823 0.246689
vt 0.430741 0.247146
vt 0.443490 0.236253
vt 0.453420 0.239001
vt 0.460529 0.239507
vt 0.449371 0.224396
vt 0.447828 0.230734
vt 0.430766 0.230590
vt 0.430766 0.225167
vt 0.442912 0.213262
vt 0.452431 0.220564
vt 0.464891 0.236711
vt 0.476604 0.222107
vt 0.474387 0.218564
vt 0.461662 0.195572
vt 0.449660 0.194873
vt 0.430790 0.213864
vt 0.442430 0.197717
vt 0.437947 0.204055
vt 0.430814 0.204031
vt 0.430814 0.196247
vt 0.423680 0.204031
vt 0.418667 0.213238
vt 0.419222 0.197693
vt 0.430838 0.191403
vt 0.446527 0.192584
vt 0.453395 0.181281
vt 0.444719 0.187137
vt 0.451829 0.179088
vt 0.469085 0.176172
vt 0.480050 0.204682
vt 0.483810 0.206731
vt 0.483882 0.198826
vt 0.476098 0.177810
vt 0.470025 0.172026
vt 0.472362 0.155205
vt 0.452142 0.154867
vt 0.430862 0.178100
vt 0.430886 0.154988
vt 0.430838 0.185980
vt 0.416956 0.187089
vt 0.415124 0.192536
vt 0.411992 0.194801
vt 0.408280 0.181184
vt 0.409871 0.179015
vt 0.471495 0.133129
vt 0.452745 0.133804
vt 0.454986 0.114572
vt 0.465277 0.100015
vt 0.473664 0.115488
vt 0.487039 0.132671
vt 0.488075 0.154458
vt 0.491859 0.174702
vt 0.503909 0.148673
vt 0.495402 0.129659
vt 0.489642 0.116572
vt 0.486413 0.103775
vt 0.475278 0.100305
vt 0.471013 0.093219
vt 0.476483 0.089484
vt 0.483713 0.090038
vt 0.488268 0.098401
vt 0.492823 0.095002
vt 0.491136 0.101389
vt 0.492799 0.113656
vt 0.500077 0.127321
vt 0.508271 0.146239
vt 0.513718 0.165640
vt 0.498896 0.192921
vt 0.500487 0.205742
vt 0.514562 0.213961
vt 0.497740 0.212177
vt 0.491715 0.227987
vt 0.506560 0.233434
vt 0.486461 0.245170
vt 0.501788 0.248978
vt 0.519984 0.238928
vt 0.529696 0.222275
vt 0.529769 0.191813
vt 0.532733 0.211840
vt 0.533263 0.202634
vt 0.538589 0.211286
vt 0.535697 0.223191
vt 0.536782 0.234277
vt 0.541192 0.220661
vt 0.539192 0.228951
vt 0.538565 0.200609
vt 0.544325 0.208514
vt 0.550013 0.219046
vt 0.546494 0.225191
vt 0.541987 0.231795
vt 0.557677 0.227119
vt 0.554977 0.233988
vt 0.551868 0.206249
vt 0.542807 0.198103
vt 0.533986 0.190270
vt 0.539963 0.190029
vt 0.550736 0.195741
vt 0.573607 0.199211
vt 0.572281 0.241869
vt 0.582958 0.208948
vt 0.576041 0.226637
vt 0.591152 0.218033
vt 0.589440 0.206562
vt 0.571631 0.186800
vt 0.579993 0.196464
vt 0.565509 0.189379
vt 0.546856 0.185739
vt 0.559219 0.181835
vt 0.563220 0.177256
vt 0.553580 0.173858
vt 0.539336 0.172002
vt 0.532179 0.176003
vt 0.527407 0.178702
vt 0.523334 0.180148
vt 0.517984 0.163929
vt 0.522539 0.160482
vt 0.529118 0.156434
vt 0.537336 0.150336
vt 0.550157 0.168436
vt 0.557436 0.166990
vt 0.566353 0.161736
vt 0.573197 0.168773
vt 0.583632 0.178799
vt 0.576643 0.165953
vt 0.586621 0.175449
vt 0.566377 0.157229
vt 0.563268 0.159639
vt 0.556255 0.161398
vt 0.554303 0.159687
vt 0.545313 0.145131
vt 0.537722 0.130406
vt 0.528371 0.133490
vt 0.519092 0.138913
vt 0.513839 0.142407
vt 0.504922 0.123682
vt 0.516490 0.134189
vt 0.525672 0.127803
vt 0.531721 0.118018
vt 0.524057 0.121754
vt 0.528877 0.114524
vt 0.511284 0.121224
vt 0.507621 0.111415
vt 0.502656 0.094135
vt 0.514128 0.092593
vt 0.502897 0.080856
vt 0.505669 0.069794
vt 0.515718 0.077626
vt 0.517213 0.067143
vt 0.518490 0.055912
vt 0.523623 0.048971
vt 0.534757 0.049935
vt 0.529480 0.041428
vt 0.539047 0.048369
vt 0.537963 0.064058
vt 0.532637 0.063239
vt 0.523671 0.064926
vt 0.527335 0.069167
vt 0.532733 0.071818
vt 0.537071 0.073288
vt 0.524684 0.079410
vt 0.523961 0.091604
vt 0.518225 0.107848
vt 0.526419 0.106161
vt 0.938265 0.172701
vt 0.937350 0.174750
vt 0.935952 0.174171
vt 0.935156 0.171761
vt 0.932023 0.176581
vt 0.937615 0.178533
vt 0.935855 0.185595
vt 0.929083 0.184318
vt 0.934891 0.193813
vt 0.923589 0.174509
vt 0.925685 0.164917
vt 0.938000 0.160314
vt 0.943784 0.161687
vt 0.941181 0.148481
vt 0.949279 0.151276
vt 0.927758 0.152457
vt 0.911490 0.157807
vt 0.907682 0.175497
vt 0.921612 0.183546
vt 0.925854 0.197066
vt 0.934072 0.201573
vt 0.923082 0.209478
vt 0.933180 0.209695
vt 0.932337 0.213888
vt 0.929710 0.216419
vt 0.921130 0.217021
vt 0.923492 0.219889
vt 0.920407 0.226951
vt 0.917491 0.221721
vt 0.917491 0.229505
vt 0.909393 0.228348
vt 0.914551 0.232253
vt 0.912165 0.235120
vt 0.904911 0.236615
vt 0.911900 0.237844
vt 0.913081 0.240880
vt 0.907851 0.246279
vt 0.916889 0.242857
vt 0.922166 0.244471
vt 0.913057 0.253244
vt 0.927661 0.253895
vt 0.928987 0.245869
vt 0.936169 0.248809
vt 0.935928 0.258305
vt 0.928577 0.266933
vt 0.936145 0.265728
vt 0.933180 0.268644
vt 0.945664 0.276766
vt 0.927203 0.273801
vt 0.943760 0.278477
vt 0.959040 0.296865
vt 0.960871 0.296070
vt 0.936241 0.284622
vt 0.917106 0.284453
vt 0.918045 0.266619
vt 0.909418 0.259124
vt 0.900645 0.249821
vt 0.888812 0.260257
vt 0.871942 0.280670
vt 0.940001 0.315494
vt 0.886667 0.302312
vt 0.950532 0.302721
vt 0.963498 0.325496
vt 0.972488 0.321110
vt 0.974584 0.320194
vt 0.981380 0.343812
vt 0.984706 0.342631
vt 0.974657 0.347379
vt 0.960630 0.360441
vt 0.905899 0.333907
vt 0.880522 0.339016
vt 0.873267 0.328412
vt 0.866977 0.319085
vt 0.857747 0.305011
vt 0.851192 0.295805
vt 0.860277 0.264595
vt 0.881943 0.234880
vt 0.897102 0.237073
vt 0.902910 0.226035
vt 0.898500 0.209478
vt 0.911876 0.218949
vt 0.914165 0.215744
vt 0.915925 0.208827
vt 0.904164 0.188897
vt 0.919009 0.196609
vt 0.862109 0.186318
vt 0.847721 0.247195
vt 0.833840 0.228854
vt 0.839407 0.280164
vt 0.828730 0.267125
vt 0.815765 0.251557
vt 0.820392 0.217335
vt 0.801594 0.239266
vt 0.804582 0.206225
vt 0.788242 0.229312
vt 0.774409 0.220082
vt 0.788845 0.195018
vt 0.758117 0.210828
vt 0.829718 0.170629
vt 0.855578 0.133997
vt 0.886016 0.150023
vt 0.913201 0.147011
vt 0.932867 0.138985
vt 0.917708 0.134551
vt 0.900958 0.126983
vt 0.871821 0.110957
vt 0.830297 0.110644
vt 0.804100 0.145324
vt 0.773469 0.186221
vt 0.751538 0.179281
vt 0.739102 0.203839
vt 0.723268 0.198103
vt 0.730956 0.173231
vt 0.704567 0.192246
vt 0.751706 0.142889
vt 0.770095 0.118789
vt 0.787567 0.106571
vt 0.799039 0.098762
vt 0.814439 0.089267
vt 0.824031 0.084037
vt 0.846998 0.088857
vt 0.892668 0.108113
vt 0.867556 0.090351
vt 0.879750 0.099774
vt 0.871556 0.085122
vt 0.855602 0.079024
vt 0.862567 0.075891
vt 0.834249 0.075626
vt 0.839937 0.059865
vt 0.825019 0.062805
vt 0.814005 0.072156
vt 0.802992 0.078253
vt 0.794629 0.083459
vt 0.786796 0.088351
vt 0.775349 0.095171
vt 0.764865 0.102160
vt 0.772625 0.088881
vt 0.761853 0.095629
vt 0.758937 0.106137
vt 0.755418 0.100015
vt 0.752189 0.105028
vt 0.756671 0.109366
vt 0.753008 0.120187
vt 0.748670 0.114861
vt 0.744862 0.107607
vt 0.751899 0.098738
vt 0.746308 0.104016
vt 0.753104 0.091725
vt 0.754598 0.088423
vt 0.758262 0.086206
vt 0.765612 0.082639
vt 0.772674 0.079265
vt 0.783543 0.081579
vt 0.793352 0.071626
vt 0.789857 0.076204
vt 0.780072 0.075602
vt 0.786121 0.071577
vt 0.790821 0.071698
vt 0.791423 0.069023
vt 0.789785 0.070565
vt 0.803208 0.065118
vt 0.799955 0.060130
vt 0.813282 0.058178
vt 0.807932 0.051478
vt 0.819115 0.048995
vt 0.819331 0.051309
vt 0.823404 0.050297
vt 0.835406 0.056659
vt 0.840564 0.055623
vt 0.835936 0.047188
vt 0.832972 0.044151
vt 0.822103 0.047116
vt 0.816729 0.041018
vt 0.814078 0.043452
vt 0.821428 0.035307
vt 0.829960 0.027739
vt 0.837985 0.041018
vt 0.836925 0.022196
vt 0.838202 0.044971
vt 0.850445 0.047429
vt 0.857458 0.066854
vt 0.870568 0.064010
vt 0.873171 0.067769
vt 0.883510 0.094424
vt 0.882835 0.076566
vt 0.881606 0.054056
vt 0.883871 0.056370
vt 0.868857 0.056997
vt 0.878762 0.048634
vt 0.853312 0.043501
vt 0.849987 0.030414
vt 0.845359 0.020437
vt 0.842612 0.018027
vt 0.848709 0.020606
vt 0.856397 0.026148
vt 0.859916 0.031908
vt 0.857892 0.040320
vt 0.864326 0.041958
vt 0.871942 0.035042
vt 0.863700 0.029788
vt 0.866953 0.017834
vt 0.858542 0.014508
vt 0.853481 0.010243
vt 0.846251 0.015279
vt 0.859265 0.012050
vt 0.870448 0.012122
vt 0.868978 0.020051
vt 0.870785 0.027691
vt 0.873653 0.021449
vt 0.879051 0.024895
vt 0.876304 0.030824
vt 0.884546 0.037355
vt 0.886161 0.030366
vt 0.888354 0.044151
vt 0.891053 0.047983
vt 0.894186 0.062901
vt 0.898669 0.054659
vt 0.907441 0.060612
vt 0.891511 0.083097
vt 0.902260 0.067866
vt 0.909634 0.073867
vt 0.915925 0.066902
vt 0.924721 0.071818
vt 0.919226 0.081386
vt 0.900549 0.089122
vt 0.896259 0.102594
vt 0.907972 0.107968
vt 0.912069 0.095292
vt 0.922166 0.082760
vt 0.929228 0.073071
vt 0.916479 0.096473
vt 0.928216 0.083603
vt 0.938844 0.109848
vt 0.918214 0.109776
vt 0.923661 0.095726
vt 0.943302 0.085459
vt 0.936892 0.074373
vt 0.942941 0.070493
vt 0.945809 0.079916
vt 0.950460 0.075337
vt 0.950605 0.084085
vt 0.955545 0.079265
vt 0.958413 0.083218
vt 0.951014 0.091460
vt 0.961185 0.084374
vt 0.956895 0.097099
vt 0.950291 0.095726
vt 0.939350 0.094954
vt 0.941591 0.105848
vt 0.943037 0.100449
vt 0.955039 0.104594
vt 0.945279 0.120573
vt 0.934458 0.121922
vt 0.930650 0.123947
vt 0.907345 0.115608
vt 0.935205 0.127128
vt 0.943929 0.123441
vt 0.945206 0.136286
vt 0.947809 0.125224
vt 0.949062 0.119440
vt 0.967137 0.114114
vt 0.964269 0.122549
vt 0.960004 0.133129
vt 0.948628 0.136455
vt 0.956196 0.139467
vt 0.947881 0.139901
vt 0.945616 0.140455
vt 0.954798 0.142769
vt 0.969162 0.107366
vt 0.965980 0.105582
vt 0.964703 0.102474
vt 0.967137 0.091171
vt 0.972849 0.094521
vt 0.970559 0.103028
vt 0.969210 0.089676
vt 0.965402 0.079169
vt 0.973162 0.079747
vt 0.971475 0.089797
vt 0.099895 0.491979
vt 0.092280 0.495161
vt 0.088038 0.480315
vt 0.100064 0.479785
vt 0.091075 0.463927
vt 0.110523 0.483400
vt 0.115488 0.489545
vt 0.111993 0.473133
vt 0.117633 0.477399
vt 0.137395 0.497715
vt 0.143155 0.504319
vt 0.125682 0.484557
vt 0.131539 0.488678
vt 0.123634 0.479472
vt 0.130888 0.484677
vt 0.129080 0.479375
vt 0.124911 0.477471
vt 0.125032 0.470458
vt 0.138094 0.467686
vt 0.141347 0.470603
vt 0.132720 0.482653
vt 0.137901 0.487617
vt 0.137323 0.491088
vt 0.139612 0.495329
vt 0.144553 0.500246
vt 0.149180 0.502873
vt 0.151710 0.507596
vt 0.147879 0.497498
vt 0.142311 0.490871
vt 0.144987 0.488726
vt 0.147011 0.493594
vt 0.149855 0.492678
vt 0.151180 0.497739
vt 0.157591 0.502559
vt 0.159808 0.492293
vt 0.163640 0.498559
vt 0.184728 0.482508
vt 0.180245 0.476411
vt 0.207044 0.463999
vt 0.203815 0.459131
vt 0.225818 0.445780
vt 0.177112 0.472290
vt 0.156844 0.488027
vt 0.152482 0.483110
vt 0.148794 0.478652
vt 0.172099 0.466891
vt 0.194368 0.449539
vt 0.199814 0.454239
vt 0.221239 0.442430
vt 0.228228 0.432717
vt 0.238832 0.423005
vt 0.215889 0.437947
vt 0.210707 0.434091
vt 0.204104 0.429006
vt 0.215576 0.427367
vt 0.221890 0.429102
vt 0.233096 0.424475
vt 0.226469 0.421920
vt 0.219962 0.420354
vt 0.208731 0.422619
vt 0.189403 0.444695
vt 0.199790 0.426042
vt 0.168556 0.463059
vt 0.184800 0.440646
vt 0.164483 0.458697
vt 0.143806 0.473928
vt 0.161808 0.455444
vt 0.181739 0.437489
vt 0.196488 0.422908
vt 0.201718 0.416546
vt 0.205020 0.419077
vt 0.212515 0.415558
vt 0.222083 0.414787
vt 0.228879 0.415944
vt 0.235386 0.417269
vt 0.234591 0.409509
vt 0.241194 0.405243
vt 0.228638 0.409051
vt 0.232735 0.400640
vt 0.226662 0.399025
vt 0.233506 0.395772
vt 0.241652 0.392808
vt 0.258426 0.397724
vt 0.235699 0.390542
vt 0.248111 0.378588
vt 0.273753 0.392880
vt 0.303878 0.385312
vt 0.332702 0.377335
vt 0.222492 0.409629
vt 0.219528 0.402954
vt 0.222830 0.394085
vt 0.227144 0.393458
vt 0.227216 0.387602
vt 0.222348 0.388638
vt 0.213214 0.396567
vt 0.216371 0.399772
vt 0.214033 0.404038
vt 0.210659 0.400062
vt 0.206996 0.390928
vt 0.218974 0.379432
vt 0.225746 0.379697
vt 0.229867 0.382083
vt 0.239628 0.374684
vt 0.235362 0.369937
vt 0.233265 0.373479
vt 0.226806 0.370033
vt 0.215070 0.375528
vt 0.203526 0.394109
vt 0.201766 0.386373
vt 0.213358 0.372226
vt 0.230614 0.362875
vt 0.225192 0.353548
vt 0.209189 0.363960
vt 0.205646 0.355380
vt 0.191018 0.375311
vt 0.196657 0.385746
vt 0.180631 0.397121
vt 0.177738 0.388349
vt 0.184511 0.368322
vt 0.168556 0.375407
vt 0.178510 0.355067
vt 0.198898 0.341932
vt 0.221191 0.344993
vt 0.214660 0.331690
vt 0.210177 0.324074
vt 0.194729 0.334654
vt 0.174533 0.347933
vt 0.142408 0.366225
vt 0.146119 0.373527
vt 0.152361 0.384710
vt 0.160676 0.400013
vt 0.161519 0.410545
vt 0.148023 0.408858
vt 0.141010 0.408063
vt 0.135154 0.396519
vt 0.130141 0.393868
vt 0.113680 0.396013
vt 0.108957 0.387795
vt 0.097051 0.367310
vt 0.133587 0.346921
vt 0.165568 0.328508
vt 0.185306 0.313928
vt 0.200899 0.300914
vt 0.225674 0.316073
vt 0.217648 0.293563
vt 0.213744 0.284092
vt 0.204249 0.282983
vt 0.211189 0.268114
vt 0.201477 0.261414
vt 0.201381 0.267053
vt 0.191355 0.266282
vt 0.189523 0.261486
vt 0.178413 0.273102
vt 0.182486 0.277223
vt 0.170243 0.284405
vt 0.193741 0.275705
vt 0.188053 0.288767
vt 0.178871 0.298962
vt 0.159447 0.313735
vt 0.127297 0.332003
vt 0.090737 0.351452
vt 0.087580 0.343619
vt 0.123778 0.323279
vt 0.155615 0.304601
vt 0.174244 0.289828
vt 0.152650 0.299468
vt 0.121272 0.318314
vt 0.085218 0.338895
vt 0.052876 0.355766
vt 0.054491 0.360899
vt 0.056949 0.369816
vt 0.069987 0.385481
vt 0.073626 0.391554
vt 0.081073 0.406255
vt 0.095413 0.408762
vt 0.080157 0.420378
vt 0.062853 0.417679
vt 0.047212 0.407364
vt 0.037187 0.408979
vt 0.039042 0.403074
vt 0.043501 0.383336
vt 0.034801 0.372515
vt 0.040175 0.363381
vt 0.038271 0.357404
vt 0.022606 0.364634
vt 0.020992 0.359525
vt 0.023932 0.373118
vt 0.028005 0.380300
vt 0.030391 0.407412
vt 0.021040 0.388566
vt 0.014460 0.375600
vt 0.014918 0.368611
vt 0.009785 0.365333
vt 0.004989 0.367454
vt 0.006315 0.374178
vt 0.014798 0.391940
vt 0.025667 0.415004
vt 0.038898 0.411678
vt 0.054467 0.422017
vt 0.066468 0.429729
vt 0.041211 0.420932
vt 0.050731 0.439634
vt 0.030318 0.424620
vt 0.058684 0.447804
vt 0.072758 0.441128
vt 0.078374 0.432862
vt 0.084061 0.428500
vt 0.092400 0.447250
vt 0.080205 0.439393
vt 0.086857 0.454215
vt 0.091460 0.458239
vt 0.095172 0.451925
vt 0.096690 0.443008
vt 0.089243 0.431223
vt 0.102185 0.414594
vt 0.104402 0.420836
vt 0.114500 0.428741
vt 0.104836 0.442839
vt 0.104619 0.455275
vt 0.098811 0.458986
vt 0.100715 0.465590
vt 0.108041 0.465421
vt 0.109800 0.459083
vt 0.115825 0.445948
vt 0.114042 0.435248
vt 0.119175 0.425150
vt 0.107125 0.410449
vt 0.125008 0.397555
vt 0.112379 0.413220
vt 0.126478 0.403339
vt 0.136335 0.411822
vt 0.126188 0.425776
vt 0.136262 0.429440
vt 0.121320 0.449611
vt 0.113777 0.462770
vt 0.125297 0.452865
vt 0.141902 0.434139
vt 0.135057 0.463011
vt 0.145517 0.436911
vt 0.166170 0.420932
vt 0.154892 0.448406
vt 0.174581 0.431392
vt 0.177835 0.435296
vt 0.158362 0.452624
vt 0.192729 0.420981
vt 0.190102 0.417462
vt 0.184462 0.408689
vt 0.168123 0.414498
vt 0.135732 0.418257
vt 0.198657 0.414522
vt 0.196416 0.410666
vt 0.184246 0.404231
vt 0.198175 0.406304
vt 0.201092 0.410135
vt 0.204972 0.401050
vt 0.210852 0.406930
vt 0.205261 0.409292
vt 0.203718 0.412377
vt 0.208707 0.413244
vt 0.210322 0.409822
vt 0.213551 0.408979
vt 0.213358 0.412280
vt 0.887776 0.351090
vt 0.895608 0.364562
vt 0.921492 0.365382
vt 0.904236 0.378709
vt 0.907200 0.381962
vt 0.914888 0.377576
vt 0.912141 0.384469
vt 0.917226 0.388518
vt 0.915033 0.390397
vt 0.923444 0.404303
vt 0.925131 0.403411
vt 0.926143 0.394663
vt 0.918744 0.375528
vt 0.951834 0.374202
vt 0.924119 0.368611
vt 0.958895 0.373624
vt 0.971813 0.370973
vt 0.982417 0.360345
vt 0.982128 0.352440
vt 0.988008 0.352271
vt 0.992201 0.364996
vt 0.975596 0.372057
vt 0.994997 0.374781
vt 0.978488 0.380131
vt 0.970728 0.391434
vt 0.960462 0.402472
vt 0.940410 0.402954
vt 0.937277 0.399001
vt 0.942387 0.379408
vt 0.928674 0.376034
vt 0.927131 0.378396
vt 0.931445 0.388325
vt 0.935831 0.390181
vt 0.936217 0.407581
vt 0.930818 0.407219
vt 0.930505 0.409292
vt 0.935928 0.410111
vt 0.941808 0.408135
vt 0.955810 0.407292
vt 0.941736 0.411895
vt 0.960775 0.418595
vt 0.957377 0.407918
vt 0.962486 0.403990
vt 0.972849 0.393121
vt 0.993647 0.384878
vt 0.986008 0.400857
vt 0.969427 0.414787
vt 0.993985 0.378516
vt 0.744573 0.129345
vt 0.742404 0.121850
vt 0.732306 0.122284
vt 0.731366 0.130285
vt 0.725486 0.144914
vt 0.711917 0.167640
vt 0.693698 0.189138
vt 0.686612 0.161013
vt 0.677358 0.185161
vt 0.666489 0.182365
vt 0.654077 0.179064
vt 0.640268 0.176292
vt 0.650390 0.153469
vt 0.624988 0.173424
vt 0.608769 0.170074
vt 0.615517 0.149324
vt 0.604720 0.168363
vt 0.606262 0.159639
vt 0.600695 0.164531
vt 0.595176 0.161109
vt 0.594140 0.163808
vt 0.578258 0.160603
vt 0.578499 0.158723
vt 0.573004 0.154626
vt 0.571173 0.155638
vt 0.578571 0.145781
vt 0.570859 0.149686
vt 0.568570 0.150818
vt 0.564907 0.145926
vt 0.568425 0.144600
vt 0.573776 0.144167
vt 0.564521 0.131129
vt 0.552206 0.130261
vt 0.563412 0.129875
vt 0.552881 0.120814
vt 0.567485 0.125128
vt 0.565365 0.123730
vt 0.560424 0.100521
vt 0.572137 0.110306
vt 0.572908 0.087941
vt 0.574450 0.111728
vt 0.595176 0.116885
vt 0.597032 0.123754
vt 0.595297 0.134358
vt 0.587344 0.144167
vt 0.586380 0.154795
vt 0.606913 0.155325
vt 0.611588 0.147950
vt 0.603081 0.146143
vt 0.601394 0.148408
vt 0.590573 0.147685
vt 0.582476 0.100618
vt 0.578788 0.085507
vt 0.581969 0.083290
vt 0.592116 0.082615
vt 0.591055 0.100642
vt 0.593345 0.103823
vt 0.607010 0.110836
vt 0.656294 0.115174
vt 0.693215 0.126333
vt 0.709724 0.119488
vt 0.719653 0.125104
vt 0.723991 0.119705
vt 0.705868 0.109680
vt 0.699867 0.113270
vt 0.686660 0.108378
vt 0.664778 0.100979
vt 0.638990 0.096400
vt 0.667453 0.090978
vt 0.689914 0.099244
vt 0.702735 0.105896
vt 0.690878 0.096858
vt 0.704494 0.102136
vt 0.711556 0.099871
vt 0.718497 0.106161
vt 0.720425 0.096449
vt 0.725582 0.102233
vt 0.729197 0.108185
vt 0.732499 0.112644
vt 0.735632 0.115584
vt 0.738885 0.115656
vt 0.741368 0.114500
vt 0.743271 0.111294
vt 0.667597 0.089002
vt 0.640099 0.086447
vt 0.640244 0.084158
vt 0.615710 0.085700
vt 0.615710 0.082157
vt 0.614601 0.093243
vt 0.599779 0.090279
vt 0.605515 0.082302
vt 0.607323 0.087893
vt 0.556303 0.158627
vt 0.867291 0.004989
vt 0.858398 0.009953
vt 0.772433 0.481664
vt 0.768143 0.496486
vt 0.760527 0.493281
vt 0.760407 0.481086
vt 0.769468 0.465276
vt 0.749947 0.484653
vt 0.744959 0.490774
vt 0.748525 0.474386
vt 0.742862 0.478604
vt 0.734788 0.485738
vt 0.735487 0.471639
vt 0.736837 0.480652
vt 0.735584 0.478652
vt 0.731414 0.480532
vt 0.722449 0.468795
vt 0.725510 0.464144
vt 0.735318 0.454046
vt 0.746790 0.463999
vt 0.752526 0.466698
vt 0.759852 0.466891
vt 0.769131 0.459589
vt 0.761756 0.460288
vt 0.765444 0.453250
vt 0.773758 0.455588
vt 0.755972 0.456552
vt 0.750791 0.460336
vt 0.739295 0.450816
vt 0.744814 0.447177
vt 0.755828 0.444117
vt 0.763973 0.444333
vt 0.768239 0.448599
vt 0.780458 0.440791
vt 0.787929 0.442550
vt 0.782338 0.434260
vt 0.776650 0.429873
vt 0.794243 0.431199
vt 0.780602 0.421752
vt 0.765419 0.410087
vt 0.797930 0.419149
vt 0.779783 0.407653
vt 0.751972 0.389048
vt 0.787278 0.392976
vt 0.813620 0.408930
vt 0.806293 0.423535
vt 0.809956 0.441176
vt 0.801955 0.449298
vt 0.819548 0.422499
vt 0.830418 0.426258
vt 0.821910 0.413269
vt 0.823621 0.410569
vt 0.790941 0.386903
vt 0.763973 0.368611
vt 0.718617 0.367334
vt 0.714857 0.374612
vt 0.747224 0.397242
vt 0.753707 0.411726
vt 0.758599 0.415871
vt 0.771469 0.432573
vt 0.756358 0.422113
vt 0.746212 0.429970
vt 0.746670 0.436477
vt 0.741560 0.426355
vt 0.748429 0.414449
vt 0.735873 0.398736
vt 0.730739 0.395025
vt 0.724473 0.412955
vt 0.734379 0.404520
vt 0.734547 0.426933
vt 0.724473 0.430572
vt 0.718810 0.435248
vt 0.715195 0.437995
vt 0.694613 0.421920
vt 0.705748 0.449443
vt 0.686130 0.432332
vt 0.702253 0.453636
vt 0.682877 0.436236
vt 0.670682 0.418330
vt 0.668055 0.421848
vt 0.678948 0.438405
vt 0.698807 0.456456
vt 0.719171 0.471687
vt 0.727751 0.483785
vt 0.729583 0.485834
vt 0.728908 0.489834
vt 0.722569 0.488726
vt 0.716713 0.475013
vt 0.696108 0.459685
vt 0.675864 0.441562
vt 0.664271 0.423752
vt 0.662151 0.415365
vt 0.676370 0.409605
vt 0.664416 0.411509
vt 0.676611 0.405147
vt 0.692685 0.415486
vt 0.699313 0.411557
vt 0.680250 0.398061
vt 0.662657 0.407147
vt 0.657379 0.394928
vt 0.659741 0.410955
vt 0.655885 0.401869
vt 0.659066 0.417390
vt 0.657089 0.413196
vt 0.655571 0.410087
vt 0.650004 0.407701
vt 0.650221 0.400857
vt 0.653908 0.391747
vt 0.659162 0.387192
vt 0.664295 0.386590
vt 0.683190 0.389289
vt 0.700180 0.401026
vt 0.712809 0.409943
vt 0.725052 0.419366
vt 0.719822 0.409171
vt 0.692444 0.376395
vt 0.708591 0.385746
vt 0.669959 0.376178
vt 0.676514 0.369214
vt 0.682563 0.356007
vt 0.725727 0.397651
vt 0.647642 0.372997
vt 0.645931 0.376299
vt 0.642003 0.380155
vt 0.647666 0.397338
vt 0.638605 0.389361
vt 0.635231 0.380420
vt 0.634194 0.370732
vt 0.630435 0.363574
vt 0.651860 0.364755
vt 0.655451 0.356175
vt 0.662223 0.342752
vt 0.686564 0.348873
vt 0.727510 0.348054
vt 0.770336 0.352777
vt 0.695626 0.329472
vt 0.733896 0.333160
vt 0.666440 0.335497
vt 0.639930 0.345716
vt 0.646510 0.332461
vt 0.635906 0.354271
vt 0.625663 0.370611
vt 0.615565 0.354729
vt 0.627736 0.374154
vt 0.631086 0.382782
vt 0.633736 0.388301
vt 0.633785 0.394157
vt 0.625229 0.391217
vt 0.621373 0.375335
vt 0.609709 0.364659
vt 0.612890 0.379215
vt 0.619276 0.393434
vt 0.627398 0.396447
vt 0.619662 0.405894
vt 0.602479 0.398302
vt 0.601515 0.372322
vt 0.587199 0.393386
vt 0.591802 0.356272
vt 0.583898 0.366876
vt 0.557098 0.385746
vt 0.572860 0.354295
vt 0.553941 0.358248
vt 0.528323 0.377649
vt 0.524997 0.350536
vt 0.500969 0.321495
vt 0.526033 0.330726
vt 0.503331 0.315470
vt 0.498246 0.301854
vt 0.502078 0.293636
vt 0.510416 0.306626
vt 0.524828 0.312916
vt 0.527985 0.324990
vt 0.549049 0.339691
vt 0.550760 0.334678
vt 0.538276 0.318651
vt 0.540108 0.310240
vt 0.527335 0.304505
vt 0.513573 0.298335
vt 0.516104 0.292888
vt 0.504054 0.287153
vt 0.510585 0.276308
vt 0.524732 0.282935
vt 0.512537 0.271415
vt 0.526443 0.278549
vt 0.528756 0.272090
vt 0.514634 0.264474
vt 0.499138 0.260040
vt 0.517767 0.253051
vt 0.531118 0.263028
vt 0.530275 0.246978
vt 0.530034 0.241507
vt 0.534830 0.242399
vt 0.539891 0.236542
vt 0.539385 0.248014
vt 0.536348 0.251846
vt 0.540397 0.252135
vt 0.544132 0.267053
vt 0.543144 0.279200
vt 0.537770 0.290454
vt 0.541385 0.286357
vt 0.554760 0.286502
vt 0.563991 0.266595
vt 0.554833 0.253292
vt 0.548543 0.246544
vt 0.546157 0.243748
vt 0.550230 0.240013
vt 0.553049 0.243146
vt 0.558400 0.249918
vt 0.567847 0.264306
vt 0.574330 0.282164
vt 0.563702 0.292575
vt 0.552109 0.292551
vt 0.548952 0.296238
vt 0.557749 0.300600
vt 0.559990 0.297154
vt 0.569727 0.295636
vt 0.574209 0.291876
vt 0.578041 0.280621
vt 0.575728 0.299974
vt 0.565871 0.300938
vt 0.563099 0.302914
vt 0.556978 0.308554
vt 0.552760 0.309445
vt 0.542228 0.304505
vt 0.529841 0.298721
vt 0.557411 0.315808
vt 0.552109 0.315085
vt 0.562424 0.313349
vt 0.560520 0.320796
vt 0.551435 0.323206
vt 0.556520 0.325375
vt 0.558906 0.327737
vt 0.563894 0.324556
vt 0.562376 0.329930
vt 0.563846 0.337763
vt 0.578114 0.336534
vt 0.574691 0.346583
vt 0.559677 0.344463
vt 0.588380 0.342438
vt 0.586259 0.331955
vt 0.568594 0.320628
vt 0.569413 0.318073
vt 0.584428 0.322291
vt 0.596912 0.325978
vt 0.594309 0.335232
vt 0.601659 0.348584
vt 0.607564 0.340390
vt 0.611203 0.331352
vt 0.616023 0.318314
vt 0.600430 0.313639
vt 0.588717 0.310819
vt 0.575438 0.310048
vt 0.566329 0.315302
vt 0.567052 0.308554
vt 0.571510 0.308722
vt 0.568980 0.307132
vt 0.575414 0.303300
vt 0.577270 0.308240
vt 0.579343 0.301565
vt 0.589224 0.303324
vt 0.603443 0.305999
vt 0.619132 0.310554
vt 0.631809 0.324508
vt 0.625639 0.337763
vt 0.621012 0.346415
vt 0.651016 0.324869
vt 0.635568 0.316796
vt 0.643666 0.294310
vt 0.626338 0.287008
vt 0.609709 0.280236
vt 0.593176 0.279031
vt 0.583271 0.279633
vt 0.572643 0.260908
vt 0.584066 0.264764
vt 0.598864 0.266089
vt 0.622217 0.276621
vt 0.635038 0.282333
vt 0.660391 0.301733
vt 0.647618 0.284863
vt 0.657138 0.283803
vt 0.650245 0.268885
vt 0.640774 0.266427
vt 0.632290 0.261631
vt 0.609877 0.266668
vt 0.623904 0.255051
vt 0.592549 0.252786
vt 0.564039 0.245941
vt 0.641738 0.260594
vt 0.649956 0.262715
vt 0.660006 0.262233
vt 0.660078 0.267873
vt 0.673309 0.289635
vt 0.667669 0.276549
vt 0.670079 0.267150
vt 0.671959 0.262354
vt 0.683021 0.274018
vt 0.678900 0.278115
vt 0.687094 0.290744
vt 0.691143 0.285369
vt 0.708688 0.300504
vt 0.705699 0.305613
vt 0.739970 0.319519
vt 0.682443 0.299877
vt 0.701795 0.314723
vt 0.675960 0.314820
vt 0.737439 0.324460
vt 0.775927 0.340269
vt 0.773565 0.344969
vt 0.806558 0.362417
vt 0.808221 0.357308
vt 0.820874 0.364972
vt 0.822802 0.358995
vt 0.804052 0.371310
vt 0.817427 0.384903
vt 0.826176 0.374130
vt 0.837069 0.374781
vt 0.832948 0.381938
vt 0.821790 0.404665
vt 0.830442 0.409027
vt 0.839865 0.390229
vt 0.846516 0.377311
vt 0.846107 0.393627
vt 0.835117 0.416642
vt 0.838419 0.366297
vt 0.840057 0.361188
vt 0.846107 0.370298
vt 0.856012 0.369214
vt 0.854686 0.375913
vt 0.851240 0.367069
vt 0.634291 0.255702
vt 0.627278 0.249990
vt 0.616047 0.247845
vt 0.620650 0.243339
vt 0.615469 0.237000
vt 0.610263 0.239868
vt 0.602334 0.253533
vt 0.599514 0.244255
vt 0.589923 0.242977
vt 0.588934 0.230204
vt 0.597442 0.236012
vt 0.607732 0.232253
vt 0.612191 0.231795
vt 0.610890 0.226734
vt 0.607925 0.225987
vt 0.612504 0.204971
vt 0.599177 0.224757
vt 0.599129 0.213937
vt 0.603033 0.197838
vt 0.593345 0.187426
vt 0.595924 0.184197
vt 0.605467 0.193283
vt 0.610094 0.198802
vt 0.607323 0.200754
vt 0.609661 0.202634
vt 0.265150 0.128068
vt 0.274452 0.114355
vt 0.268017 0.125104
vt 0.269921 0.106209
vt 0.248810 0.121320
vt 0.274669 0.111656
vt 0.281031 0.103751
vt 0.277489 0.112861
vt 0.284357 0.111126
vt 0.290406 0.108740
vt 0.286358 0.103438
vt 0.287635 0.094930
vt 0.282815 0.084109
vt 0.291828 0.094689
vt 0.298432 0.100353
vt 0.284285 0.083483
vt 0.279176 0.076373
vt 0.284261 0.075939
vt 0.288936 0.065311
vt 0.291804 0.070734
vt 0.294841 0.067721
vt 0.303758 0.042464
vt 0.298311 0.038632
vt 0.306047 0.036656
vt 0.302794 0.029980
vt 0.305710 0.031258
vt 0.293082 0.025763
vt 0.282526 0.029691
vt 0.282357 0.017906
vt 0.286309 0.044344
vt 0.271054 0.051815
vt 0.281321 0.036246
vt 0.261342 0.039138
vt 0.266596 0.031234
vt 0.270789 0.024630
vt 0.279320 0.025715
vt 0.279682 0.017955
vt 0.246062 0.021136
vt 0.268234 0.006989
vt 0.279296 0.010724
vt 0.241315 0.005374
vt 0.224348 0.034800
vt 0.223890 0.021425
vt 0.222613 0.004989
vt 0.204032 0.006001
vt 0.185716 0.022606
vt 0.183715 0.007399
vt 0.161519 0.008194
vt 0.146264 0.026076
vt 0.143757 0.008941
vt 0.124646 0.009736
vt 0.107969 0.030414
vt 0.105294 0.012074
vt 0.089026 0.034945
vt 0.082929 0.016798
vt 0.073891 0.020244
vt 0.072951 0.038054
vt 0.085989 0.042585
vt 0.107511 0.045549
vt 0.145059 0.040826
vt 0.185595 0.037427
vt 0.197549 0.084423
vt 0.170340 0.089556
vt 0.141396 0.102040
vt 0.084568 0.052514
vt 0.073409 0.048610
vt 0.070228 0.043886
vt 0.059238 0.059190
vt 0.055238 0.055213
vt 0.043935 0.070179
vt 0.048658 0.073361
vt 0.066300 0.066275
vt 0.118982 0.118958
vt 0.147156 0.111559
vt 0.173931 0.101847
vt 0.196296 0.097702
vt 0.167592 0.124646
vt 0.179088 0.121199
vt 0.199091 0.117922
vt 0.213527 0.117006
vt 0.220589 0.096834
vt 0.227578 0.117464
vt 0.250810 0.101943
vt 0.223384 0.084109
vt 0.254112 0.091195
vt 0.265607 0.095702
vt 0.157639 0.129490
vt 0.149156 0.135202
vt 0.127177 0.127128
vt 0.141878 0.141853
vt 0.135226 0.149131
vt 0.111584 0.147131
vt 0.129490 0.157615
vt 0.124670 0.167592
vt 0.101847 0.173906
vt 0.121224 0.179064
vt 0.097702 0.196271
vt 0.117946 0.199067
vt 0.117006 0.213503
vt 0.096834 0.220564
vt 0.117440 0.227529
vt 0.101944 0.250810
vt 0.121272 0.248737
vt 0.106234 0.269945
vt 0.128092 0.264956
vt 0.125176 0.267824
vt 0.114620 0.274500
vt 0.112162 0.275006
vt 0.112427 0.277754
vt 0.103679 0.281055
vt 0.110981 0.284550
vt 0.108547 0.290502
vt 0.100136 0.298431
vt 0.103342 0.286406
vt 0.094834 0.287611
vt 0.094545 0.291804
vt 0.084061 0.282790
vt 0.083411 0.284261
vt 0.076349 0.279151
vt 0.075891 0.284236
vt 0.095702 0.265607
vt 0.091195 0.254111
vt 0.084110 0.223360
vt 0.084423 0.197524
vt 0.089580 0.170291
vt 0.102064 0.141371
vt 0.052563 0.084519
vt 0.042633 0.085941
vt 0.038103 0.072927
vt 0.034970 0.089002
vt 0.020268 0.073843
vt 0.016846 0.082880
vt 0.012099 0.105245
vt 0.030439 0.107920
vt 0.045598 0.107462
vt 0.040850 0.145010
vt 0.026101 0.146215
vt 0.009761 0.124597
vt 0.008966 0.143709
vt 0.008218 0.161471
vt 0.022606 0.185667
vt 0.037452 0.185547
vt 0.034801 0.224275
vt 0.039115 0.261269
vt 0.051791 0.271006
vt 0.065263 0.288888
vt 0.070686 0.291780
vt 0.067673 0.294816
vt 0.042392 0.303709
vt 0.038560 0.298239
vt 0.036584 0.305999
vt 0.044296 0.286261
vt 0.036199 0.281272
vt 0.031186 0.266523
vt 0.029643 0.282453
vt 0.025715 0.293009
vt 0.029909 0.302721
vt 0.031186 0.305637
vt 0.017883 0.282284
vt 0.017931 0.279585
vt 0.010677 0.279224
vt 0.006965 0.268138
vt 0.024606 0.270716
vt 0.025667 0.279248
vt 0.021112 0.245990
vt 0.005375 0.241242
vt 0.021425 0.223818
vt 0.004989 0.222540
vt 0.006001 0.203959
vt 0.007423 0.183643
vt 0.674442 0.729751
vt 0.685407 0.686780
vt 0.705362 0.732233
vt 0.713315 0.688877
vt 0.756695 0.734426
vt 0.758310 0.690733
vt 0.800485 0.733077
vt 0.796364 0.689841
vt 0.830297 0.728160
vt 0.820464 0.685696
vt 0.865122 0.717918
vt 0.848348 0.677863
vt 0.891824 0.705410
vt 0.805691 0.672706
vt 0.822609 0.659355
vt 0.762985 0.668223
vt 0.726932 0.667790
vt 0.706639 0.666898
vt 0.674176 0.636990
vt 0.654487 0.654679
vt 0.697650 0.616794
vt 0.725220 0.649184
vt 0.741488 0.649088
vt 0.765636 0.636532
vt 0.783904 0.637158
vt 0.795689 0.626892
vt 0.840901 0.647232
vt 0.868568 0.668175
vt 0.883269 0.657571
vt 0.910647 0.691287
vt 0.855915 0.632820
vt 0.820657 0.607130
vt 0.795713 0.610070
vt 0.775301 0.622361
vt 0.746573 0.639159
vt 0.749513 0.628723
vt 0.729607 0.642244
vt 0.704976 0.611950
vt 0.724184 0.622891
vt 0.714544 0.612408
vt 0.736813 0.600430
vt 0.745730 0.613685
vt 0.730788 0.634797
vt 0.767926 0.605515
vt 0.760961 0.589223
vt 0.786025 0.596694
vt 0.780458 0.581825
vt 0.800365 0.587488
vt 0.810390 0.599803
vt 0.832827 0.580186
vt 0.840925 0.588283
vt 0.870881 0.618240
vt 0.897343 0.644702
vt 0.927854 0.675212
vt 0.943929 0.658005
vt 0.910213 0.630627
vt 0.885486 0.603274
vt 0.859771 0.568015
vt 0.821886 0.569220
vt 0.852445 0.557748
vt 0.792484 0.574137
vt 0.810704 0.558062
vt 0.826778 0.539818
vt 0.840130 0.547723
vt 0.862712 0.543072
vt 0.879557 0.543047
vt 0.899874 0.588235
vt 0.920817 0.615902
vt 0.958052 0.639183
vt 0.930505 0.595682
vt 0.970584 0.612480
vt 0.911996 0.569967
vt 0.938362 0.567822
vt 0.980802 0.577655
vt 0.942483 0.543722
vt 0.985718 0.547843
vt 0.925348 0.553025
vt 0.889800 0.531263
vt 0.875003 0.522659
vt 0.858157 0.515260
vt 0.849336 0.533383
vt 0.834466 0.527816
vt 0.841889 0.508319
vt 0.853071 0.484171
vt 0.866351 0.493088
vt 0.881365 0.496872
vt 0.889174 0.512995
vt 0.920889 0.510344
vt 0.943375 0.505644
vt 0.987068 0.504029
vt 0.941519 0.460673
vt 0.984875 0.452720
vt 0.920431 0.474266
vt 0.901730 0.488846
vt 0.891800 0.493931
vt 0.875557 0.471518
vt 0.887462 0.478146
vt 0.865049 0.461878
vt 0.864591 0.452335
vt 0.894885 0.476965
vt 0.901826 0.472579
vt 0.869436 0.444984
vt 0.919540 0.453998
vt 0.939422 0.432765
vt 0.982393 0.421800
vt 0.889631 0.421535
vt 0.907321 0.401821
vt 0.178992 0.676827
vt 0.187065 0.689287
vt 0.183474 0.693432
vt 0.169231 0.674007
vt 0.168171 0.661716
vt 0.169761 0.685335
vt 0.180510 0.698083
vt 0.168050 0.708977
vt 0.182703 0.718159
vt 0.170292 0.719195
vt 0.151060 0.698132
vt 0.161640 0.666295
vt 0.159013 0.655209
vt 0.163423 0.647329
vt 0.154313 0.635929
vt 0.161109 0.637134
vt 0.159808 0.619469
vt 0.153422 0.619421
vt 0.106547 0.630579
vt 0.107125 0.642099
vt 0.112548 0.655981
vt 0.123007 0.671959
vt 0.133418 0.683479
vt 0.181546 0.734932
vt 0.107149 0.618890
vt 0.106836 0.607202
vt 0.154723 0.602936
vt 0.161543 0.601828
vt 0.164146 0.591657
vt 0.159880 0.583728
vt 0.169135 0.577221
vt 0.107655 0.595730
vt 0.113512 0.581993
vt 0.162580 0.572667
vt 0.124068 0.566304
vt 0.134599 0.554977
vt 0.152361 0.540421
vt 0.170870 0.553772
vt 0.170243 0.565027
vt 0.180076 0.562279
vt 0.184728 0.545795
vt 0.188294 0.549940
vt 0.181884 0.541192
vt 0.169689 0.530178
vt 0.172533 0.519839
vt 0.184776 0.521550
vt 0.184703 0.504752
vt 0.127225 0.749103
vt 0.113849 0.746645
vt 0.119055 0.745247
vt 0.114572 0.731221
vt 0.109053 0.747922
vt 0.108306 0.731245
vt 0.107463 0.717098
vt 0.100233 0.716857
vt 0.099028 0.702325
vt 0.093364 0.741632
vt 0.080687 0.720328
vt 0.078205 0.739102
vt 0.068902 0.730257
vt 0.059817 0.725871
vt 0.043766 0.710760
vt 0.081820 0.690685
vt 0.091581 0.703241
vt 0.088448 0.682708
vt 0.058298 0.679550
vt 0.035958 0.699023
vt 0.021931 0.675815
vt 0.054201 0.663548
vt 0.082350 0.652173
vt 0.013544 0.659258
vt 0.052876 0.645328
vt 0.081820 0.627856
vt 0.007495 0.643063
vt 0.052659 0.627856
vt 0.004989 0.627856
vt 0.007495 0.612649
vt 0.052876 0.610383
vt 0.082350 0.603539
vt 0.054177 0.592164
vt 0.088448 0.573004
vt 0.013544 0.596429
vt 0.021931 0.579872
vt 0.058298 0.576161
vt 0.035958 0.556688
vt 0.043766 0.544927
vt 0.081820 0.565027
vt 0.099028 0.553387
vt 0.091581 0.552471
vt 0.080687 0.535384
vt 0.059817 0.529817
vt 0.068902 0.525430
vt 0.078205 0.516586
vt 0.093364 0.514079
vt 0.100233 0.538830
vt 0.107463 0.538589
vt 0.108306 0.524442
vt 0.109077 0.507789
vt 0.113849 0.509066
vt 0.114572 0.524466
vt 0.119055 0.510464
vt 0.127225 0.506608
vt 0.363044 0.301637
vt 0.350850 0.306360
vt 0.347741 0.298070
vt 0.359260 0.293395
vt 0.372202 0.290021
vt 0.370130 0.283152
vt 0.365623 0.271970
vt 0.357284 0.286912
vt 0.345210 0.292599
vt 0.336606 0.282622
vt 0.350801 0.276043
vt 0.363984 0.266137
vt 0.378034 0.256787
vt 0.393338 0.242158
vt 0.359670 0.248761
vt 0.375022 0.244978
vt 0.362297 0.259799
vt 0.346801 0.264209
vt 0.348873 0.271150
vt 0.334943 0.278236
vt 0.318242 0.278838
vt 0.332654 0.271777
vt 0.330316 0.262691
vt 0.343716 0.252762
vt 0.341523 0.238639
vt 0.354946 0.233168
vt 0.369840 0.227794
vt 0.384975 0.221938
vt 0.396616 0.236591
vt 0.400954 0.239410
vt 0.387168 0.218419
vt 0.409148 0.220492
vt 0.377793 0.206538
vt 0.363840 0.211936
vt 0.331859 0.221938
vt 0.331473 0.241170
vt 0.331208 0.246640
vt 0.325111 0.251484
vt 0.326677 0.242061
vt 0.325858 0.222829
vt 0.328870 0.211502
vt 0.381577 0.204513
vt 0.399990 0.195476
vt 0.392615 0.176051
vt 0.391699 0.171882
vt 0.412184 0.224324
vt 0.408063 0.238904
vt 0.413703 0.230662
vt 0.418017 0.236229
vt 0.430766 0.235940
vt 0.323014 0.210924
vt 0.717219 0.505403
vt 0.723003 0.498848
vt 0.723124 0.492196
vt 0.720786 0.496438
vt 0.715846 0.501330
vt 0.708640 0.508657
vt 0.711194 0.503933
vt 0.712520 0.498559
vt 0.718135 0.491979
vt 0.715460 0.489810
vt 0.713411 0.494654
vt 0.710568 0.493739
vt 0.709218 0.498800
vt 0.702783 0.503596
vt 0.700614 0.493305
vt 0.696758 0.499547
vt 0.675743 0.483424
vt 0.680274 0.477326
vt 0.653523 0.464794
vt 0.683431 0.473230
vt 0.656776 0.459950
vt 0.634845 0.446503
vt 0.660801 0.455082
vt 0.639448 0.443153
vt 0.632507 0.433416
vt 0.621927 0.423656
vt 0.644798 0.438694
vt 0.666272 0.450383
vt 0.650004 0.434862
vt 0.645160 0.428114
vt 0.638846 0.429849
vt 0.634315 0.422619
vt 0.640798 0.421101
vt 0.656632 0.429825
vt 0.652029 0.423415
vt 0.648293 0.416329
vt 0.638725 0.415510
vt 0.627639 0.425150
vt 0.631929 0.416618
vt 0.625398 0.417944
vt 0.626241 0.410184
vt 0.632194 0.409750
vt 0.628145 0.401339
vt 0.634219 0.399724
vt 0.638075 0.394808
vt 0.644509 0.400520
vt 0.641328 0.403677
vt 0.638340 0.410376
vt 0.647449 0.413052
vt 0.647281 0.409750
vt 0.646823 0.404785
vt 0.650510 0.410618
vt 0.652125 0.414040
vt 0.655764 0.419872
vt 0.660946 0.426885
vt 0.671260 0.445563
vt 0.688444 0.467855
vt 0.703627 0.489063
vt 0.707989 0.484171
vt 0.711700 0.479712
vt 0.692011 0.464047
vt 0.108282 0.987984
vt 0.112475 0.991888
vt 0.104161 0.992514
vt 0.114669 0.978440
vt 0.110065 0.994997
vt 0.140769 0.994997
vt 0.144264 0.990972
vt 0.157446 0.994997
vt 0.123995 0.972487
vt 0.120597 0.972415
vt 0.146505 0.961305
vt 0.138335 0.957641
vt 0.131394 0.945712
vt 0.104522 0.964293
vt 0.148529 0.950315
vt 0.157543 0.960052
vt 0.158049 0.965811
vt 0.156314 0.989502
vt 0.163760 0.985742
vt 0.164652 0.970342
vt 0.171906 0.966727
vt 0.175280 0.988200
vt 0.203116 0.994997
vt 0.201742 0.982537
vt 0.243845 0.994997
vt 0.202441 0.956509
vt 0.241122 0.979597
vt 0.273271 0.994997
vt 0.271367 0.978801
vt 0.306023 0.994997
vt 0.232952 0.950532
vt 0.266186 0.949231
vt 0.305421 0.978874
vt 0.354344 0.994997
vt 0.302770 0.947953
vt 0.356634 0.977428
vt 0.385722 0.994997
vt 0.358827 0.942724
vt 0.388253 0.975235
vt 0.416281 0.994997
vt 0.418523 0.972391
vt 0.445587 0.994997
vt 0.390229 0.937494
vt 0.359236 0.927468
vt 0.322556 0.927227
vt 0.299854 0.935710
vt 0.280983 0.937687
vt 0.263053 0.938386
vt 0.245725 0.938602
vt 0.229048 0.939880
vt 0.213479 0.942242
vt 0.226131 0.932577
vt 0.209840 0.935228
vt 0.195814 0.941061
vt 0.198681 0.947278
vt 0.179401 0.954292
vt 0.159639 0.951110
vt 0.182052 0.946339
vt 0.188391 0.934698
vt 0.201308 0.932939
vt 0.209117 0.931734
vt 0.224902 0.929107
vt 0.243218 0.931107
vt 0.259390 0.926432
vt 0.276187 0.926215
vt 0.292551 0.924528
vt 0.306626 0.923684
vt 0.292696 0.911731
vt 0.274645 0.913731
vt 0.254377 0.915249
vt 0.241411 0.927083
vt 0.235699 0.916671
vt 0.218058 0.918889
vt 0.202296 0.921660
vt 0.194271 0.922937
vt 0.184969 0.928890
vt 0.171641 0.933373
vt 0.175594 0.938940
vt 0.155060 0.948604
vt 0.141371 0.937928
vt 0.155422 0.939060
vt 0.158266 0.942458
vt 0.157374 0.923178
vt 0.128839 0.928986
vt 0.131707 0.921106
vt 0.118356 0.930264
vt 0.124285 0.921082
vt 0.119465 0.907200
vt 0.148433 0.910478
vt 0.180751 0.915539
vt 0.196754 0.912960
vt 0.212973 0.910381
vt 0.228638 0.906477
vt 0.206249 0.896933
vt 0.187836 0.897439
vt 0.171280 0.900476
vt 0.139709 0.891896
vt 0.164411 0.882208
vt 0.181860 0.878810
vt 0.198923 0.877195
vt 0.232373 0.899271
vt 0.249292 0.904814
vt 0.271030 0.903561
vt 0.261438 0.895921
vt 0.229240 0.876545
vt 0.217263 0.850468
vt 0.189355 0.854300
vt 0.172099 0.851071
vt 0.159181 0.851553
vt 0.127297 0.873171
vt 0.104547 0.889655
vt 0.113897 0.909755
vt 0.106932 0.914960
vt 0.094208 0.898259
vt 0.100859 0.892885
vt 0.079940 0.883582
vt 0.085797 0.876496
vt 0.088954 0.872785
vt 0.109174 0.857216
vt 0.137443 0.837695
vt 0.160652 0.844347
vt 0.170629 0.842853
vt 0.183065 0.842732
vt 0.211937 0.837840
vt 0.177980 0.828103
vt 0.164821 0.828272
vt 0.140456 0.832538
vt 0.117296 0.819717
vt 0.114283 0.824995
vt 0.090785 0.843455
vt 0.076711 0.861554
vt 0.072879 0.865338
vt 0.066974 0.872038
vt 0.077145 0.888209
vt 0.064131 0.875822
vt 0.053936 0.862060
vt 0.060106 0.855337
vt 0.063890 0.852276
vt 0.065769 0.830851
vt 0.089894 0.812077
vt 0.089918 0.804895
vt 0.081290 0.809426
vt 0.060901 0.827453
vt 0.051333 0.844443
vt 0.044128 0.857024
vt 0.048032 0.848468
vt 0.046923 0.841816
vt 0.038585 0.809498
vt 0.062082 0.789616
vt 0.074036 0.782362
vt 0.093774 0.769661
vt 0.108547 0.797183
vt 0.147710 0.780650
vt 0.145468 0.816825
vt 0.170509 0.812776
vt 0.187547 0.770528
vt 0.200923 0.807257
vt 0.207599 0.824561
vt 0.233940 0.818704
vt 0.228951 0.801160
vt 0.220878 0.765732
vt 0.245484 0.814149
vt 0.258161 0.794628
vt 0.260546 0.826031
vt 0.249581 0.830200
vt 0.240013 0.832273
vt 0.246279 0.842106
vt 0.258932 0.873122
vt 0.265222 0.834659
vt 0.277778 0.799183
vt 0.282164 0.807329
vt 0.289226 0.867531
vt 0.309373 0.830321
vt 0.316700 0.802292
vt 0.317013 0.794339
vt 0.357164 0.819403
vt 0.340607 0.805160
vt 0.353404 0.771275
vt 0.357308 0.812246
vt 0.366539 0.795761
vt 0.368057 0.808920
vt 0.373576 0.814607
vt 0.371648 0.804124
vt 0.393097 0.795496
vt 0.389843 0.784675
vt 0.385168 0.753899
vt 0.417053 0.786507
vt 0.414691 0.776336
vt 0.420089 0.734330
vt 0.429753 0.771854
vt 0.435369 0.781036
vt 0.419222 0.795255
vt 0.395893 0.805281
vt 0.400785 0.834659
vt 0.369045 0.844443
vt 0.340679 0.853794
vt 0.320869 0.862012
vt 0.301107 0.891848
vt 0.288358 0.901055
vt 0.306337 0.898187
vt 0.311325 0.908815
vt 0.324122 0.893415
vt 0.329738 0.888571
vt 0.349572 0.880642
vt 0.377408 0.871580
vt 0.409895 0.865700
vt 0.430597 0.828851
vt 0.445659 0.785446
vt 0.450455 0.808631
vt 0.474194 0.782916
vt 0.449564 0.777903
vt 0.449130 0.767275
vt 0.474194 0.775806
vt 0.474194 0.765323
vt 0.449805 0.737800
vt 0.424789 0.724931
vt 0.416450 0.709724
vt 0.406376 0.713435
vt 0.373600 0.728666
vt 0.415920 0.690468
vt 0.393025 0.690203
vt 0.407750 0.681647
vt 0.428500 0.684250
vt 0.447370 0.706374
vt 0.450021 0.728956
vt 0.474194 0.729775
vt 0.474194 0.739102
vt 0.498559 0.737800
vt 0.499234 0.767275
vt 0.498800 0.777903
vt 0.502704 0.785446
vt 0.512995 0.781012
vt 0.518634 0.771854
vt 0.531311 0.786483
vt 0.529142 0.795255
vt 0.497908 0.808631
vt 0.474194 0.808727
vt 0.457059 0.837117
vt 0.438598 0.862350
vt 0.441852 0.883558
vt 0.459782 0.859675
vt 0.474194 0.836322
vt 0.491329 0.837117
vt 0.517767 0.828851
vt 0.509790 0.862350
vt 0.488606 0.859651
vt 0.474194 0.858711
vt 0.474194 0.902259
vt 0.448816 0.902139
vt 0.412642 0.887679
vt 0.425945 0.901994
vt 0.402930 0.889944
vt 0.411244 0.899392
vt 0.421848 0.911851
vt 0.448118 0.913370
vt 0.474194 0.913442
vt 0.499547 0.902139
vt 0.506512 0.883558
vt 0.538469 0.865700
vt 0.547603 0.834659
vt 0.552495 0.805257
vt 0.555267 0.795472
vt 0.574788 0.814583
vt 0.579343 0.844419
vt 0.570956 0.871556
vt 0.545434 0.889944
vt 0.535721 0.887655
vt 0.522418 0.901994
vt 0.500246 0.913346
vt 0.474194 0.926360
vt 0.447708 0.927733
vt 0.420981 0.930722
vt 0.389096 0.921612
vt 0.385674 0.907658
vt 0.381746 0.895005
vt 0.357429 0.901681
vt 0.358875 0.914093
vt 0.446744 0.969740
vt 0.474194 0.968221
vt 0.500656 0.927709
vt 0.526515 0.911827
vt 0.537119 0.899368
vt 0.562689 0.907634
vt 0.559291 0.921588
vt 0.527383 0.930698
vt 0.501644 0.969740
vt 0.474218 0.994997
vt 0.502801 0.994997
vt 0.529865 0.972391
vt 0.532130 0.994997
vt 0.560111 0.975210
vt 0.562641 0.994997
vt 0.558134 0.937494
vt 0.589127 0.927468
vt 0.589489 0.914069
vt 0.590935 0.901657
vt 0.566618 0.895005
vt 0.598791 0.880618
vt 0.618602 0.888547
vt 0.610673 0.906525
vt 0.615493 0.917153
vt 0.617830 0.904453
vt 0.624603 0.919178
vt 0.625759 0.927203
vt 0.589537 0.942699
vt 0.591730 0.977404
vt 0.594020 0.994997
vt 0.642895 0.978874
vt 0.642292 0.994997
vt 0.645546 0.947929
vt 0.648462 0.935710
vt 0.641690 0.923684
vt 0.637014 0.908791
vt 0.624241 0.893391
vt 0.647233 0.891848
vt 0.627495 0.861988
vt 0.607684 0.853770
vt 0.638990 0.830297
vt 0.591224 0.819379
vt 0.631664 0.802268
vt 0.591079 0.812222
vt 0.607781 0.805136
vt 0.580307 0.808896
vt 0.581849 0.795737
vt 0.576716 0.804124
vt 0.558520 0.784651
vt 0.594984 0.771251
vt 0.631351 0.794315
vt 0.670610 0.799159
vt 0.666223 0.807305
vt 0.683142 0.834635
vt 0.659114 0.867507
vt 0.689408 0.873122
vt 0.702084 0.842106
vt 0.698807 0.830200
vt 0.687841 0.826031
vt 0.690227 0.794628
vt 0.702904 0.814149
vt 0.719461 0.801184
vt 0.714424 0.818704
vt 0.708350 0.832273
vt 0.731101 0.850468
vt 0.719099 0.876545
vt 0.736427 0.837864
vt 0.740765 0.824585
vt 0.747489 0.807305
vt 0.770408 0.828176
vt 0.765299 0.842780
vt 0.758985 0.854348
vt 0.749393 0.877244
vt 0.686877 0.895897
vt 0.715942 0.899271
vt 0.742042 0.896957
vt 0.766480 0.878882
vt 0.776265 0.851143
vt 0.777735 0.842925
vt 0.783567 0.828345
vt 0.777879 0.812848
vt 0.760889 0.770577
vt 0.727558 0.765756
vt 0.693842 0.764768
vt 0.658391 0.762214
vt 0.696951 0.738138
vt 0.731728 0.741343
vt 0.766721 0.746525
vt 0.804221 0.750405
vt 0.800726 0.780747
vt 0.802919 0.816945
vt 0.807932 0.832658
vt 0.787712 0.844419
vt 0.789182 0.851625
vt 0.810920 0.837816
vt 0.831092 0.819861
vt 0.839865 0.797352
vt 0.854686 0.769829
vt 0.858494 0.805088
vt 0.874424 0.782578
vt 0.886354 0.789857
vt 0.867122 0.809643
vt 0.909827 0.809787
vt 0.887486 0.827694
vt 0.901440 0.842082
vt 0.926239 0.831068
vt 0.904790 0.846757
vt 0.930047 0.838515
vt 0.935831 0.851505
vt 0.909273 0.856301
vt 0.904212 0.857289
vt 0.900308 0.848733
vt 0.897030 0.844708
vt 0.882618 0.831092
vt 0.858518 0.812246
vt 0.834105 0.825163
vt 0.857578 0.843648
vt 0.884450 0.852493
vt 0.888234 0.855578
vt 0.894403 0.862326
vt 0.905537 0.861386
vt 0.927878 0.862494
vt 0.941953 0.868640
vt 0.930095 0.870255
vt 0.943206 0.931975
vt 0.924697 0.866350
vt 0.906309 0.864808
vt 0.900934 0.867579
vt 0.897367 0.865073
vt 0.884185 0.876063
vt 0.881341 0.872279
vt 0.875461 0.865579
vt 0.871629 0.861771
vt 0.862519 0.876689
vt 0.868375 0.883799
vt 0.871147 0.888426
vt 0.887848 0.879220
vt 0.902742 0.872689
vt 0.907417 0.869700
vt 0.924022 0.871508
vt 0.924311 0.877147
vt 0.922528 0.883052
vt 0.923227 0.889703
vt 0.899633 0.878376
vt 0.891776 0.881823
vt 0.875629 0.892644
vt 0.887535 0.885510
vt 0.922673 0.895415
vt 0.927420 0.902573
vt 0.928915 0.930553
vt 0.938193 0.939976
vt 0.922745 0.938048
vt 0.919588 0.950942
vt 0.911273 0.945447
vt 0.896355 0.962341
vt 0.907200 0.939133
vt 0.915925 0.930192
vt 0.918335 0.925371
vt 0.920359 0.912984
vt 0.920865 0.906983
vt 0.920817 0.900741
vt 0.884811 0.890836
vt 0.878834 0.894596
vt 0.875557 0.898018
vt 0.918503 0.918744
vt 0.873291 0.903368
vt 0.868110 0.907055
vt 0.862856 0.905537
vt 0.865290 0.910598
vt 0.909610 0.934240
vt 0.863772 0.916213
vt 0.859386 0.919539
vt 0.899247 0.942290
vt 0.892427 0.954605
vt 0.866616 0.958027
vt 0.860952 0.966992
vt 0.886763 0.947182
vt 0.892740 0.944290
vt 0.860494 0.931782
vt 0.857410 0.923323
vt 0.851409 0.921660
vt 0.858590 0.901633
vt 0.854084 0.898428
vt 0.847432 0.893053
vt 0.834346 0.909899
vt 0.843745 0.889824
vt 0.859362 0.872978
vt 0.839166 0.857385
vt 0.821018 0.873291
vt 0.783904 0.882281
vt 0.808583 0.892017
vt 0.828803 0.907345
vt 0.823959 0.921202
vt 0.841335 0.915129
vt 0.845070 0.918503
vt 0.829863 0.930408
vt 0.819380 0.929131
vt 0.816536 0.921226
vt 0.799834 0.910574
vt 0.777012 0.900548
vt 0.760455 0.897488
vt 0.751538 0.912984
vt 0.767516 0.915587
vt 0.790869 0.923275
vt 0.806848 0.938024
vt 0.816801 0.945832
vt 0.833117 0.941567
vt 0.842395 0.943085
vt 0.849914 0.942531
vt 0.858542 0.943953
vt 0.853216 0.949038
vt 0.849625 0.951761
vt 0.843624 0.964486
vt 0.827525 0.972559
vt 0.860687 0.946893
vt 0.869821 0.948435
vt 0.753972 0.922961
vt 0.763275 0.928914
vt 0.776578 0.933421
vt 0.792797 0.939133
vt 0.793135 0.948652
vt 0.799666 0.950387
vt 0.809812 0.957762
vt 0.824127 0.972632
vt 0.833454 0.978560
vt 0.840395 0.987767
vt 0.835719 0.991936
vt 0.843986 0.992418
vt 0.838322 0.994997
vt 0.807113 0.994997
vt 0.803715 0.991020
vt 0.801642 0.961377
vt 0.790628 0.960100
vt 0.788556 0.951159
vt 0.768769 0.954316
vt 0.766142 0.946363
vt 0.772625 0.938964
vt 0.789929 0.942531
vt 0.759852 0.934722
vt 0.749513 0.947278
vt 0.752405 0.941085
vt 0.734740 0.942242
vt 0.745754 0.956509
vt 0.776240 0.966751
vt 0.783446 0.970366
vt 0.790074 0.965860
vt 0.791689 0.989526
vt 0.784266 0.985742
vt 0.772746 0.988200
vt 0.746380 0.982537
vt 0.707097 0.979573
vt 0.715267 0.950532
vt 0.719195 0.939880
vt 0.738403 0.935228
vt 0.746935 0.932963
vt 0.745947 0.921684
vt 0.739126 0.931758
vt 0.722136 0.932577
vt 0.702542 0.938578
vt 0.682081 0.949231
vt 0.676900 0.978801
vt 0.704374 0.994997
vt 0.674996 0.994997
vt 0.744959 0.994997
vt 0.790484 0.994997
vt 0.667332 0.937687
vt 0.685238 0.938361
vt 0.705073 0.931107
vt 0.723341 0.929131
vt 0.730209 0.918913
vt 0.735318 0.910405
vt 0.719653 0.906477
vt 0.699000 0.904814
vt 0.712592 0.916671
vt 0.706880 0.927083
vt 0.688902 0.926432
vt 0.672104 0.926191
vt 0.693938 0.915249
vt 0.677285 0.903561
vt 0.673670 0.913731
vt 0.655764 0.924504
vt 0.655643 0.911707
vt 0.659981 0.901030
vt 0.642003 0.898162
vt 0.144264 0.750284
vt 0.181739 0.746476
vt 0.216733 0.741319
vt 0.254594 0.764768
vt 0.251485 0.738138
vt 0.289997 0.762238
vt 0.285297 0.735945
vt 0.309325 0.731245
vt 0.318387 0.755321
vt 0.344945 0.743609
vt 0.359815 0.705916
vt 0.333738 0.720015
vt 0.432163 0.659813
vt 0.439297 0.669404
vt 0.445105 0.684033
vt 0.474170 0.669428
vt 0.474170 0.683286
vt 0.503259 0.684033
vt 0.509067 0.669380
vt 0.516200 0.659788
vt 0.519863 0.684250
vt 0.540614 0.681623
vt 0.500993 0.706374
vt 0.474194 0.706277
vt 0.498342 0.728956
vt 0.523575 0.724907
vt 0.531938 0.709700
vt 0.532444 0.690468
vt 0.555339 0.690203
vt 0.541987 0.713435
vt 0.528275 0.734330
vt 0.533673 0.776312
vt 0.563195 0.753875
vt 0.574764 0.728642
vt 0.588549 0.705892
vt 0.603419 0.743584
vt 0.614625 0.719990
vt 0.630001 0.755273
vt 0.639087 0.731221
vt 0.663115 0.735945
vt 0.337667 0.906549
vt 0.330533 0.904477
vt 0.323737 0.919202
vt 0.332847 0.917177
vt 0.022148 0.830754
vt 0.043573 0.846492
vt 0.018316 0.838177
vt 0.039091 0.856011
vt 0.012532 0.851191
vt 0.042802 0.861097
vt 0.020437 0.862157
vt 0.006387 0.868302
vt 0.018244 0.869941
vt 0.004989 0.931638
vt 0.023618 0.866037
vt 0.042031 0.864543
vt 0.047381 0.867314
vt 0.050972 0.864832
vt 0.060443 0.878979
vt 0.072638 0.892403
vt 0.089677 0.901440
vt 0.103173 0.918334
vt 0.115102 0.941398
vt 0.098546 0.951592
vt 0.087194 0.966775
vt 0.105800 0.942916
vt 0.096834 0.921467
vt 0.085411 0.905320
vt 0.072734 0.897777
vt 0.069457 0.894355
vt 0.060757 0.885245
vt 0.045574 0.872424
vt 0.056539 0.881582
vt 0.048683 0.878111
vt 0.025619 0.895102
vt 0.025064 0.889390
vt 0.025787 0.882762
vt 0.024004 0.876834
vt 0.040922 0.869411
vt 0.024293 0.871194
vt 0.020847 0.902235
vt 0.019304 0.930216
vt 0.010002 0.939639
vt 0.025450 0.937735
vt 0.028583 0.950628
vt 0.036922 0.945158
vt 0.051816 0.962076
vt 0.040995 0.938843
vt 0.032270 0.929878
vt 0.029884 0.925058
vt 0.027884 0.912671
vt 0.027378 0.906670
vt 0.027450 0.900428
vt 0.063480 0.890595
vt 0.029740 0.918431
vt 0.074976 0.903127
vt 0.080157 0.906839
vt 0.082977 0.910405
vt 0.038609 0.933951
vt 0.084471 0.915997
vt 0.088857 0.919346
vt 0.048948 0.942001
vt 0.055744 0.954340
vt 0.081555 0.957810
vt 0.094955 0.948845
vt 0.098280 0.942338
vt 0.090809 0.923130
vt 0.087725 0.931589
vt 0.089653 0.943760
vt 0.087508 0.946700
vt 0.078374 0.948218
vt 0.061431 0.946917
vt 0.055455 0.944025
vt 0.350368 0.458408
vt 0.318772 0.421776
vt 0.356826 0.396157
vt 0.270693 0.458745
vt 0.380517 0.443394
vt 0.396953 0.381746
vt 0.408738 0.435513
vt 0.434308 0.376106
vt 0.408304 0.468458
vt 0.379914 0.476435
vt 0.350368 0.488678
vt 0.317519 0.484436
vt 0.299926 0.497233
vt 0.246400 0.481086
vt 0.312024 0.514296
vt 0.285490 0.509693
vt 0.295227 0.535577
vt 0.275633 0.518562
vt 0.267897 0.526129
vt 0.220034 0.526900
vt 0.258474 0.543795
vt 0.259655 0.571317
vt 0.215552 0.550663
vt 0.209310 0.580764
vt 0.249123 0.593393
vt 0.208201 0.615637
vt 0.292937 0.586187
vt 0.320146 0.528588
vt 0.347789 0.514633
vt 0.377143 0.502656
vt 0.406762 0.495209
vt 0.403605 0.546253
vt 0.370563 0.551699
vt 0.338390 0.561002
vt 0.354151 0.595658
vt 0.320724 0.590742
vt 0.396953 0.590814
vt 0.434308 0.544349
vt 0.434308 0.589055
vt 0.434308 0.492847
vt 0.465012 0.546253
vt 0.461855 0.495209
vt 0.491474 0.502656
vt 0.498053 0.551675
vt 0.471687 0.590790
vt 0.454094 0.603852
vt 0.434332 0.603394
vt 0.414546 0.603876
vt 0.393001 0.605804
vt 0.368756 0.609708
vt 0.338534 0.615155
vt 0.320797 0.609130
vt 0.290744 0.627735
vt 0.314434 0.626627
vt 0.324629 0.640291
vt 0.348198 0.632073
vt 0.373022 0.625880
vt 0.395652 0.622096
vt 0.415896 0.619927
vt 0.403460 0.639400
vt 0.362177 0.649040
vt 0.333305 0.653691
vt 0.309156 0.663452
vt 0.302481 0.649401
vt 0.296359 0.635520
vt 0.279344 0.657330
vt 0.278356 0.643400
vt 0.275657 0.635761
vt 0.252810 0.617372
vt 0.219456 0.650920
vt 0.257992 0.637496
vt 0.226228 0.658849
vt 0.261824 0.643376
vt 0.262185 0.648606
vt 0.253196 0.657475
vt 0.255847 0.672802
vt 0.282502 0.671863
vt 0.434356 0.637761
vt 0.434332 0.619517
vt 0.452769 0.619903
vt 0.465229 0.639376
vt 0.473013 0.622072
vt 0.475640 0.605780
vt 0.495643 0.625855
vt 0.506512 0.648992
vt 0.520442 0.632025
vt 0.535360 0.653643
vt 0.499909 0.609684
vt 0.514489 0.595634
vt 0.530106 0.615131
vt 0.544036 0.640243
vt 0.559484 0.663403
vt 0.566184 0.649353
vt 0.586163 0.671814
vt 0.554206 0.626579
vt 0.547844 0.609082
vt 0.530251 0.560954
vt 0.547916 0.590693
vt 0.575704 0.586138
vt 0.577897 0.627687
vt 0.572305 0.635471
vt 0.589296 0.657282
vt 0.612794 0.672754
vt 0.615469 0.657427
vt 0.606455 0.648558
vt 0.590308 0.643352
vt 0.592983 0.635712
vt 0.615830 0.617324
vt 0.610673 0.637448
vt 0.606817 0.643328
vt 0.642413 0.658800
vt 0.649185 0.650871
vt 0.660439 0.615613
vt 0.619517 0.593344
vt 0.659331 0.580740
vt 0.608986 0.571269
vt 0.653089 0.550615
vt 0.648606 0.526852
vt 0.610167 0.543770
vt 0.573390 0.535552
vt 0.600719 0.526105
vt 0.622241 0.481062
vt 0.592983 0.518538
vt 0.583126 0.509669
vt 0.568690 0.497185
vt 0.597924 0.458745
vt 0.556592 0.514248
vt 0.551097 0.484412
vt 0.518249 0.458384
vt 0.549844 0.421752
vt 0.511814 0.396157
vt 0.488124 0.443394
vt 0.471687 0.381746
vt 0.459878 0.435513
vt 0.434308 0.434187
vt 0.434308 0.466048
vt 0.460312 0.468434
vt 0.488702 0.476435
vt 0.518249 0.488654
vt 0.520828 0.514609
vt 0.548470 0.528563
s 1
usemtl models_monsters_darklord_mech_darklord_mech_canopy
f 98/1/1 100/2/2 99/3/3
f 103/4/4 98/1/1 99/3/3
f 102/5/5 103/4/4 99/3/3
f 103/4/4 102/5/5 105/6/6
f 104/7/7 103/4/4 105/6/6
f 105/6/6 891/8/8 104/7/7
f 104/7/7 835/9/9 103/4/4
f 103/4/4 835/9/9 98/1/1
f 835/9/9 839/10/10 98/1/1
f 839/10/10 835/9/9 836/11/11
f 838/12/12 839/10/10 836/11/11
f 838/12/12 836/11/11 181/13/13
f 835/9/9 837/14/14 836/11/11
f 836/11/11 741/15/15 181/13/13
f 836/11/11 837/14/14 741/15/15
f 741/15/15 703/16/16 181/13/13
f 837/14/14 851/17/17 741/15/15
f 703/16/16 741/15/15 702/18/18
f 741/15/15 851/17/17 702/18/18
f 702/18/18 183/19/19 703/16/16
f 703/16/16 183/19/19 181/13/13
f 181/13/13 183/19/19 182/20/20
f 183/19/19 184/21/21 182/20/20
f 184/21/21 183/19/19 175/22/22
f 183/19/19 185/23/23 175/22/22
f 183/19/19 702/18/18 185/23/23
f 185/23/23 186/24/24 175/22/22
f 702/18/18 704/25/25 185/23/23
f 704/25/25 186/24/24 185/23/23
f 702/18/18 705/26/26 704/25/25
f 186/24/24 704/25/25 705/26/26
f 702/18/18 810/27/27 705/26/26
f 851/17/17 810/27/27 702/18/18
f 837/14/14 108/28/28 851/17/17
f 851/17/17 106/29/29 810/27/27
f 108/28/28 106/29/29 851/17/17
f 106/29/29 108/28/28 107/30/30
f 119/31/31 108/28/28 837/14/14
f 108/28/28 119/31/31 107/30/30
f 837/14/14 835/9/9 119/31/31
f 119/31/31 835/9/9 104/7/7
f 119/31/31 104/7/7 115/32/32
f 119/31/31 115/32/32 107/30/30
f 104/7/7 116/33/33 115/32/32
f 891/8/8 116/33/33 104/7/7
f 891/8/8 820/34/34 116/33/33
f 116/33/33 114/35/35 115/32/32
f 820/34/34 114/35/35 116/33/33
f 114/35/35 113/36/36 115/32/32
f 113/36/36 114/35/35 820/34/34
f 111/37/37 113/36/36 820/34/34
f 110/38/38 112/39/39 111/37/37
f 112/39/39 113/36/36 111/37/37
f 110/38/38 997/40/40 112/39/39
f 113/36/36 112/39/39 118/41/41
f 997/40/40 998/42/42 112/39/39
f 112/39/39 998/42/42 118/41/41
f 997/40/40 1578/43/43 998/42/42
f 998/42/42 1002/44/44 118/41/41
f 1578/43/43 1000/45/45 998/42/42
f 1002/44/44 998/42/42 999/46/46
f 999/46/46 998/42/42 1000/45/45
f 999/46/46 1000/45/45 1001/47/47
f 1001/47/47 1000/45/45 1578/43/43
f 1507/48/48 1001/47/47 1578/43/43
f 992/49/49 1001/47/47 1507/48/48
f 1001/47/47 992/49/49 999/46/46
f 1507/48/48 991/50/50 992/49/49
f 989/51/51 990/52/52 991/50/50
f 990/52/52 992/49/49 991/50/50
f 989/51/51 985/53/53 990/52/52
f 990/52/52 1598/54/54 992/49/49
f 985/53/53 986/55/55 990/52/52
f 990/52/52 986/55/55 1598/54/54
f 985/53/53 987/56/56 986/55/55
f 986/55/55 1626/57/57 1598/54/54
f 1522/58/58 1598/54/54 1626/57/57
f 1523/59/59 1522/58/58 1626/57/57
f 1522/58/58 1523/59/59 1066/60/60
f 1524/61/61 1522/58/58 1066/60/60
f 1525/62/62 1522/58/58 1524/61/61
f 1522/58/58 1525/62/62 1598/54/54
f 1598/54/54 1003/63/63 992/49/49
f 1003/63/63 1598/54/54 1525/62/62
f 1003/63/63 999/46/46 992/49/49
f 993/64/64 999/46/46 1003/63/63
f 993/64/64 1006/65/65 999/46/46
f 1006/65/65 1002/44/44 999/46/46
f 1002/44/44 1006/65/65 1005/66/66
f 118/41/41 1002/44/44 1005/66/66
f 121/67/67 118/41/41 1005/66/66
f 121/67/67 1005/66/66 1004/68/68
f 1005/66/66 1006/65/65 1007/69/69
f 1007/69/69 1004/68/68 1005/66/66
f 1006/65/65 1716/70/70 1007/69/69
f 1007/69/69 1717/71/71 1004/68/68
f 1716/70/70 1717/71/71 1007/69/69
f 1717/71/71 1597/72/72 1004/68/68
f 1599/73/73 1597/72/72 1717/71/71
f 1599/73/73 1717/71/71 1716/70/70
f 1653/74/74 1599/73/73 1716/70/70
f 1653/74/74 1716/70/70 1511/75/75
f 1006/65/65 1511/75/75 1716/70/70
f 1510/76/76 1511/75/75 1006/65/65
f 993/64/64 1510/76/76 1006/65/65
f 1511/75/75 1510/76/76 996/77/77
f 1511/75/75 996/77/77 1653/74/74
f 1510/76/76 993/64/64 996/77/77
f 993/64/64 995/78/78 994/79/79
f 994/79/79 996/77/77 993/64/64
f 995/78/78 993/64/64 1003/63/63
f 995/78/78 1003/63/63 1525/62/62
f 995/78/78 1525/62/62 1526/80/80
f 1526/80/80 1525/62/62 1524/61/61
f 1526/80/80 994/79/79 995/78/78
f 994/79/79 1526/80/80 1534/81/81
f 1642/82/82 994/79/79 1534/81/81
f 994/79/79 1642/82/82 996/77/77
f 1483/83/83 1482/84/84 996/77/77
f 1642/82/82 1483/83/83 996/77/77
f 1482/84/84 1653/74/74 996/77/77
f 1653/74/74 1482/84/84 1481/85/85
f 1653/74/74 1481/85/85 1480/86/86
f 1653/74/74 1480/86/86 1599/73/73
f 1599/73/73 1480/86/86 1478/87/87
f 1599/73/73 1478/87/87 1479/88/88
f 1597/72/72 1599/73/73 1479/88/88
f 1597/72/72 1479/88/88 625/89/89
f 876/90/90 1597/72/72 625/89/89
f 1004/68/68 1597/72/72 876/90/90
f 120/91/91 1004/68/68 876/90/90
f 120/91/91 121/67/67 1004/68/68
f 876/90/90 122/92/92 120/91/91
f 120/91/91 122/92/92 121/67/67
f 876/90/90 625/89/89 700/93/93
f 876/90/90 700/93/93 122/92/92
f 625/89/89 623/94/94 700/93/93
f 122/92/92 700/93/93 699/95/95
f 623/94/94 697/96/96 700/93/93
f 699/95/95 700/93/93 697/96/96
f 695/97/97 699/95/95 697/96/96
f 125/98/98 699/95/95 695/97/97
f 125/98/98 122/92/92 699/95/95
f 123/99/99 122/92/92 125/98/98
f 122/92/92 123/99/99 121/67/67
f 121/67/67 123/99/99 118/41/41
f 117/100/100 113/36/36 118/41/41
f 123/99/99 117/100/100 118/41/41
f 117/100/100 115/32/32 113/36/36
f 123/99/99 124/101/101 117/100/100
f 117/100/100 124/101/101 115/32/32
f 123/99/99 125/98/98 124/101/101
f 695/97/97 124/101/101 125/98/98
f 696/102/102 698/103/103 695/97/97
f 695/97/97 698/103/103 124/101/101
f 695/97/97 697/96/96 696/102/102
f 697/96/96 626/104/104 696/102/102
f 624/105/105 626/104/104 697/96/96
f 623/94/94 624/105/105 697/96/96
f 623/94/94 621/106/106 624/105/105
f 623/94/94 625/89/89 621/106/106
f 621/106/106 613/107/107 624/105/105
f 626/104/104 624/105/105 613/107/107
f 625/89/89 622/108/108 621/106/106
f 613/107/107 621/106/106 616/109/109
f 621/106/106 622/108/108 616/109/109
f 616/109/109 622/108/108 1477/110/110
f 622/108/108 625/89/89 1477/110/110
f 625/89/89 1479/88/88 1477/110/110
f 1477/110/110 1479/88/88 1478/87/87
f 1470/111/111 1477/110/110 1478/87/87
f 1470/111/111 616/109/109 1477/110/110
f 611/112/112 616/109/109 1470/111/111
f 613/107/107 616/109/109 611/112/112
f 610/113/113 613/107/107 611/112/112
f 612/114/114 613/107/107 610/113/113
f 612/114/114 626/104/104 613/107/107
f 612/114/114 617/115/115 626/104/104
f 626/104/104 627/116/116 696/102/102
f 617/115/115 627/116/116 626/104/104
f 696/102/102 628/117/117 109/118/118
f 627/116/116 628/117/117 696/102/102
f 109/118/118 698/103/103 696/102/102
f 698/103/103 109/118/118 701/119/119
f 124/101/101 698/103/103 701/119/119
f 124/101/101 107/30/30 115/32/32
f 107/30/30 124/101/101 701/119/119
f 109/118/118 107/30/30 701/119/119
f 107/30/30 109/118/118 106/29/29
f 109/118/118 694/120/120 106/29/29
f 109/118/118 628/117/117 629/121/121
f 109/118/118 629/121/121 694/120/120
f 628/117/117 627/116/116 618/122/122
f 629/121/121 628/117/117 618/122/122
f 627/116/116 617/115/115 618/122/122
f 612/114/114 615/123/123 617/115/115
f 615/123/123 618/122/122 617/115/115
f 612/114/114 609/124/124 615/123/123
f 612/114/114 610/113/113 609/124/124
f 609/124/124 610/113/113 603/125/125
f 610/113/113 611/112/112 604/126/126
f 610/113/113 604/126/126 603/125/125
f 611/112/112 605/127/127 604/126/126
f 603/125/125 604/126/126 598/128/128
f 604/126/126 605/127/127 598/128/128
f 598/128/128 594/129/129 603/125/125
f 608/130/130 603/125/125 594/129/129
f 609/124/124 603/125/125 608/130/130
f 606/131/131 609/124/124 608/130/130
f 606/131/131 614/132/132 609/124/124
f 614/132/132 615/123/123 609/124/124
f 614/132/132 619/133/133 615/123/123
f 619/133/133 618/122/122 615/123/123
f 619/133/133 629/121/121 618/122/122
f 630/134/134 629/121/121 619/133/133
f 873/135/135 629/121/121 630/134/134
f 629/121/121 873/135/135 694/120/120
f 809/136/136 810/27/27 694/120/120
f 873/135/135 809/136/136 694/120/120
f 810/27/27 106/29/29 694/120/120
f 809/136/136 705/26/26 810/27/27
f 873/135/135 742/137/137 809/136/136
f 742/137/137 705/26/26 809/136/136
f 186/24/24 705/26/26 742/137/137
f 186/24/24 742/137/137 743/138/138
f 186/24/24 177/139/139 175/22/22
f 175/22/22 177/139/139 176/140/140
f 619/133/133 614/132/132 620/141/141
f 620/141/141 630/134/134 619/133/133
f 614/132/132 631/142/142 620/141/141
f 631/142/142 630/134/134 620/141/141
f 614/132/132 632/143/143 631/142/142
f 606/131/131 632/143/143 614/132/132
f 607/144/144 633/145/145 606/131/131
f 606/131/131 633/145/145 632/143/143
f 606/131/131 608/130/130 607/144/144
f 607/144/144 608/130/130 596/146/146
f 595/147/147 608/130/130 594/129/129
f 608/130/130 595/147/147 596/146/146
f 594/129/129 584/148/148 595/147/147
f 596/146/146 595/147/147 585/149/149
f 585/149/149 595/147/147 584/148/148
f 585/149/149 588/150/150 596/146/146
f 596/146/146 588/150/150 635/151/151
f 596/146/146 635/151/151 607/144/144
f 635/151/151 633/145/145 607/144/144
f 635/151/151 636/152/152 633/145/145
f 633/145/145 634/153/153 632/143/143
f 636/152/152 634/153/153 633/145/145
f 632/143/143 634/153/153 894/154/154
f 632/143/143 894/154/154 631/142/142
f 882/155/155 630/134/134 631/142/142
f 894/154/154 882/155/155 631/142/142
f 882/155/155 873/135/135 630/134/134
f 873/135/135 882/155/155 881/156/156
f 881/156/156 882/155/155 894/154/154
f 881/156/156 742/137/137 873/135/135
f 743/138/138 742/137/137 883/157/157
f 742/137/137 881/156/156 883/157/157
f 883/157/157 881/156/156 896/158/158
f 896/158/158 881/156/156 894/154/154
f 896/158/158 894/154/154 885/159/159
f 634/153/153 885/159/159 894/154/154
f 636/152/152 735/160/160 634/153/153
f 735/160/160 885/159/159 634/153/153
f 735/160/160 884/161/161 885/159/159
f 884/161/161 896/158/158 885/159/159
f 884/161/161 892/162/162 896/158/158
f 895/163/163 883/157/157 896/158/158
f 892/162/162 895/163/163 896/158/158
f 892/162/162 884/161/161 893/164/164
f 884/161/161 735/160/160 736/165/165
f 884/161/161 736/165/165 893/164/164
f 893/164/164 736/165/165 888/166/166
f 736/165/165 734/167/148 737/168/167
f 736/165/165 737/168/167 888/166/166
f 736/165/165 735/160/160 734/167/148
f 735/160/160 636/152/152 734/167/148
f 734/167/148 636/152/152 886/169/168
f 638/170/169 636/152/152 635/151/151
f 636/152/152 638/170/169 886/169/168
f 635/151/151 588/150/150 637/171/170
f 637/171/170 638/170/169 635/151/151
f 588/150/150 586/172/171 637/171/170
f 637/171/170 639/173/172 638/170/169
f 586/172/171 639/173/172 637/171/170
f 639/173/172 640/174/173 638/170/169
f 638/170/169 640/174/173 886/169/168
f 734/167/148 886/169/168 738/175/174
f 640/174/173 730/176/175 886/169/168
f 738/175/174 886/169/168 730/176/175
f 640/174/173 732/177/176 730/176/175
f 728/178/177 731/179/178 730/176/175
f 728/178/177 730/176/175 732/177/176
f 731/179/178 738/175/174 730/176/175
f 737/168/167 734/167/148 738/175/174
f 737/168/167 738/175/174 888/166/166
f 731/179/178 739/180/179 738/175/174
f 738/175/174 740/181/180 888/166/166
f 739/180/179 740/181/180 738/175/174
f 739/180/179 731/179/178 155/182/181
f 726/183/182 731/179/178 728/178/177
f 155/182/181 731/179/178 726/183/182
f 157/184/183 155/182/181 726/183/182
f 155/182/181 157/184/183 156/185/184
f 157/184/183 158/186/185 156/185/184
f 157/184/183 753/187/186 158/186/185
f 753/187/186 157/184/183 726/183/182
f 753/187/186 756/188/187 158/186/185
f 753/187/186 757/189/188 756/188/187
f 753/187/186 726/183/182 727/190/189
f 757/189/188 753/187/186 727/190/189
f 726/183/182 728/178/177 727/190/189
f 728/178/177 729/191/190 727/190/189
f 729/191/190 728/178/177 732/177/176
f 732/177/176 733/192/191 729/191/190
f 732/177/176 642/193/192 733/192/191
f 642/193/192 732/177/176 640/174/173
f 641/194/193 642/193/192 640/174/173
f 639/173/172 641/194/193 640/174/173
f 586/172/171 587/195/194 639/173/172
f 587/195/194 641/194/193 639/173/172
f 586/172/171 583/196/195 587/195/194
f 586/172/171 588/150/150 583/196/195
f 588/150/150 585/149/149 583/196/195
f 584/148/148 582/197/196 585/149/149
f 582/197/196 583/196/195 585/149/149
f 581/198/197 583/196/195 582/197/196
f 583/196/195 581/198/197 579/199/198
f 587/195/194 583/196/195 579/199/198
f 592/200/199 587/195/194 579/199/198
f 587/195/194 592/200/199 641/194/193
f 592/200/199 643/201/200 641/194/193
f 641/194/193 643/201/200 642/193/192
f 643/201/200 644/202/201 642/193/192
f 642/193/192 644/202/201 733/192/191
f 643/201/200 645/203/202 644/202/201
f 733/192/191 644/202/201 707/204/203
f 644/202/201 645/203/202 707/204/203
f 707/204/203 709/205/204 733/192/191
f 887/206/205 729/191/190 733/192/191
f 709/205/204 887/206/205 733/192/191
f 887/206/205 727/190/189 729/191/190
f 887/206/205 829/207/206 727/190/189
f 757/189/188 727/190/189 829/207/206
f 887/206/205 709/205/204 829/207/206
f 829/207/206 709/205/204 811/208/207
f 829/207/206 746/209/208 757/189/188
f 746/209/208 829/207/206 811/208/207
f 746/209/208 756/188/187 757/189/188
f 744/210/209 756/188/187 746/209/208
f 744/210/209 746/209/208 745/211/210
f 746/209/208 747/212/211 745/211/210
f 747/212/211 746/209/208 811/208/207
f 747/212/211 811/208/207 723/213/212
f 709/205/204 723/213/212 811/208/207
f 707/204/203 708/214/213 709/205/204
f 709/205/204 710/215/214 723/213/212
f 708/214/213 710/215/214 709/205/204
f 513/216/215 710/215/214 708/214/213
f 712/217/216 710/215/214 513/216/215
f 712/217/216 723/213/212 710/215/214
f 723/213/212 712/217/216 724/218/217
f 724/218/217 755/219/218 723/213/212
f 755/219/218 747/212/211 723/213/212
f 747/212/211 755/219/218 754/220/219
f 745/211/210 747/212/211 754/220/219
f 755/219/218 749/221/220 754/220/219
f 755/219/218 752/222/221 749/221/220
f 755/219/218 724/218/217 752/222/221
f 752/222/221 748/223/222 749/221/220
f 752/222/221 724/218/217 748/223/222
f 748/223/222 750/224/223 749/221/220
f 724/218/217 751/225/224 748/223/222
f 748/223/222 751/225/224 750/224/223
f 724/218/217 717/226/225 751/225/224
f 712/217/216 717/226/225 724/218/217
f 511/227/226 713/228/227 712/217/216
f 717/226/225 712/217/216 713/228/227
f 712/217/216 513/216/215 511/227/226
f 511/227/226 513/216/215 512/229/228
f 513/216/215 708/214/213 711/230/229
f 513/216/215 711/230/229 512/229/228
f 511/227/226 512/229/228 714/231/230
f 711/230/229 715/232/231 512/229/228
f 512/229/228 722/233/232 714/231/230
f 512/229/228 715/232/231 722/233/232
f 714/231/230 722/233/232 871/234/233
f 713/228/227 714/231/230 871/234/233
f 511/227/226 714/231/230 713/228/227
f 871/234/233 823/235/234 713/228/227
f 717/226/225 713/228/227 823/235/234
f 717/226/225 823/235/234 751/225/224
f 831/236/235 751/225/224 823/235/234
f 751/225/224 831/236/235 750/224/223
f 823/235/234 830/237/236 831/236/235
f 823/235/234 871/234/233 830/237/236
f 871/234/233 877/238/237 830/237/236
f 722/233/232 812/239/238 871/234/233
f 871/234/233 812/239/238 877/238/237
f 812/239/238 878/240/239 877/238/237
f 878/240/239 812/239/238 889/241/240
f 812/239/238 832/242/241 889/241/240
f 889/241/240 832/242/241 890/243/242
f 812/239/238 722/233/232 721/244/243
f 721/244/243 832/242/241 812/239/238
f 722/233/232 715/232/231 721/244/243
f 719/245/244 715/232/231 716/246/245
f 715/232/231 719/245/244 721/244/243
f 715/232/231 711/230/229 716/246/245
f 716/246/245 725/247/246 719/245/244
f 711/230/229 683/248/247 716/246/245
f 725/247/246 716/246/245 682/249/248
f 716/246/245 683/248/247 682/249/248
f 682/249/248 683/248/247 678/250/249
f 678/250/249 683/248/247 679/251/250
f 684/252/251 683/248/247 711/230/229
f 683/248/247 684/252/251 679/251/250
f 711/230/229 685/253/252 684/252/251
f 711/230/229 708/214/213 685/253/252
f 685/253/252 680/254/253 684/252/251
f 684/252/251 680/254/253 679/251/250
f 678/250/249 679/251/250 661/255/254
f 680/254/253 662/256/255 679/251/250
f 661/255/254 679/251/250 662/256/255
f 680/254/253 686/257/256 662/256/255
f 685/253/252 686/257/256 680/254/253
f 686/257/256 685/253/252 690/258/257
f 708/214/213 689/259/258 685/253/252
f 685/253/252 689/259/258 690/258/257
f 708/214/213 707/204/203 706/260/259
f 706/260/259 689/259/258 708/214/213
f 707/204/203 645/203/202 706/260/259
f 706/260/259 646/261/260 689/259/258
f 646/261/260 706/260/259 645/203/202
f 646/261/260 688/262/261 689/259/258
f 689/259/258 688/262/261 690/258/257
f 691/263/262 690/258/257 657/264/263
f 690/258/257 688/262/261 657/264/263
f 691/263/262 686/257/256 690/258/257
f 687/265/264 686/257/256 691/263/262
f 686/257/256 687/265/264 662/256/255
f 691/263/262 693/266/265 687/265/264
f 687/265/264 693/266/265 662/256/255
f 661/255/254 662/256/255 659/267/266
f 693/266/265 659/267/266 662/256/255
f 661/255/254 659/267/266 648/268/267
f 663/269/268 661/255/254 648/268/267
f 663/269/268 678/250/249 661/255/254
f 648/268/267 649/270/269 663/269/268
f 678/250/249 663/269/268 667/271/270
f 663/269/268 649/270/269 667/271/270
f 667/271/270 677/272/271 678/250/249
f 677/272/271 682/249/248 678/250/249
f 667/271/270 666/273/272 677/272/271
f 682/249/248 677/272/271 668/274/273
f 668/274/273 677/272/271 666/273/272
f 668/274/273 666/273/272 664/275/274
f 664/275/274 666/273/272 665/276/275
f 666/273/272 667/271/270 665/276/275
f 649/270/269 665/276/275 667/271/270
f 665/276/275 649/270/269 655/277/276
f 673/278/277 665/276/275 655/277/276
f 664/275/274 665/276/275 673/278/277
f 481/279/278 664/275/274 673/278/277
f 668/274/273 664/275/274 481/279/278
f 482/280/279 668/274/273 481/279/278
f 681/281/280 668/274/273 482/280/279
f 681/281/280 682/249/248 668/274/273
f 682/249/248 681/281/280 869/282/281
f 725/247/246 682/249/248 869/282/281
f 681/281/280 674/283/282 869/282/281
f 482/280/279 675/284/283 681/281/280
f 681/281/280 675/284/283 674/283/282
f 482/280/279 479/285/284 675/284/283
f 674/283/282 675/284/283 479/285/284
f 482/280/279 471/286/285 479/285/284
f 481/279/278 480/287/286 482/280/279
f 480/287/286 471/286/285 482/280/279
f 481/279/278 672/288/287 480/287/286
f 672/288/287 481/279/278 673/278/277
f 671/289/288 672/288/287 673/278/277
f 671/289/288 673/278/277 655/277/276
f 655/277/276 649/270/269 652/290/289
f 654/291/290 655/277/276 652/290/289
f 654/291/290 671/289/288 655/277/276
f 671/289/288 654/291/290 669/292/291
f 669/292/291 670/293/292 671/289/288
f 670/293/292 672/288/287 671/289/288
f 669/292/291 475/294/293 670/293/292
f 672/288/287 670/293/292 474/295/294
f 474/295/294 670/293/292 475/294/293
f 474/295/294 473/296/295 672/288/287
f 473/296/295 480/287/286 672/288/287
f 471/286/285 480/287/286 473/296/295
f 471/286/285 473/296/295 472/297/296
f 471/286/285 472/297/296 479/285/284
f 473/296/295 474/295/294 472/297/296
f 475/294/293 476/298/297 474/295/294
f 476/298/297 472/297/296 474/295/294
f 475/294/293 477/299/298 476/298/297
f 669/292/291 477/299/298 475/294/293
f 477/299/298 669/292/291 504/300/299
f 654/291/290 653/301/300 669/292/291
f 669/292/291 653/301/300 504/300/299
f 654/291/290 651/302/301 653/301/300
f 651/302/301 654/291/290 652/290/289
f 651/302/301 650/303/302 653/301/300
f 504/300/299 653/301/300 505/304/303
f 653/301/300 650/303/302 505/304/303
f 505/304/303 466/305/304 504/300/299
f 477/299/298 504/300/299 465/306/305
f 466/305/304 465/306/305 504/300/299
f 477/299/298 464/307/306 476/298/297
f 464/307/306 477/299/298 465/306/305
f 464/307/306 465/306/305 415/308/307
f 464/307/306 415/308/307 455/309/308
f 464/307/306 455/309/308 476/298/297
f 472/297/296 476/298/297 478/310/309
f 455/309/308 456/311/310 476/298/297
f 476/298/297 456/311/310 478/310/309
f 455/309/308 415/308/307 454/312/311
f 454/312/311 456/311/310 455/309/308
f 415/308/307 453/313/312 454/312/311
f 456/311/310 454/312/311 453/313/312
f 415/308/307 414/314/313 453/313/312
f 456/311/310 453/313/312 452/315/314
f 452/315/314 453/313/312 414/314/313
f 452/315/314 497/316/315 456/311/310
f 456/311/310 497/316/315 503/317/316
f 478/310/309 456/311/310 503/317/316
f 478/310/309 503/317/316 497/316/315
f 478/310/309 497/316/315 676/318/317
f 676/318/317 479/285/284 478/310/309
f 472/297/296 478/310/309 479/285/284
f 676/318/317 674/283/282 479/285/284
f 674/283/282 676/318/317 870/319/318
f 869/282/281 674/283/282 870/319/318
f 676/318/317 848/320/319 870/319/318
f 848/320/319 676/318/317 497/316/315
f 496/321/320 848/320/319 497/316/315
f 496/321/320 497/316/315 451/322/321
f 497/316/315 452/315/314 451/322/321
f 452/315/314 407/323/322 451/322/321
f 407/323/322 452/315/314 414/314/313
f 407/323/322 414/314/313 406/324/323
f 414/314/313 415/308/307 406/324/323
f 406/324/323 405/325/324 407/323/322
f 407/323/322 405/325/324 404/326/325
f 407/323/322 404/326/325 451/322/321
f 404/326/325 450/327/326 451/322/321
f 496/321/320 451/322/321 450/327/326
f 495/328/327 496/321/320 450/327/326
f 495/328/327 874/329/328 496/321/320
f 874/329/328 848/320/319 496/321/320
f 874/329/328 875/330/329 848/320/319
f 875/330/329 870/319/318 848/320/319
f 828/331/330 870/319/318 875/330/329
f 828/331/330 869/282/281 870/319/318
f 869/282/281 828/331/330 725/247/246
f 725/247/246 718/332/331 719/245/244
f 828/331/330 718/332/331 725/247/246
f 718/332/331 720/333/332 719/245/244
f 719/245/244 720/333/332 721/244/243
f 832/242/241 721/244/243 720/333/332
f 833/334/333 832/242/241 720/333/332
f 832/242/241 833/334/333 890/243/242
f 872/335/334 890/243/242 833/334/333
f 849/336/335 872/335/334 833/334/333
f 865/337/336 872/335/334 849/336/335
f 833/334/333 760/338/337 849/336/335
f 720/333/332 760/338/337 833/334/333
f 720/333/332 718/332/331 758/339/338
f 760/338/337 720/333/332 758/339/338
f 718/332/331 828/331/330 758/339/338
f 827/340/339 758/339/338 828/331/330
f 827/340/339 828/331/330 875/330/329
f 827/340/339 875/330/329 867/341/340
f 875/330/329 874/329/328 867/341/340
f 874/329/328 856/342/341 867/341/340
f 856/342/341 874/329/328 495/328/327
f 494/343/342 856/342/341 495/328/327
f 494/343/342 495/328/327 446/344/343
f 495/328/327 450/327/326 446/344/343
f 446/344/343 450/327/326 403/345/344
f 450/327/326 404/326/325 403/345/344
f 403/345/344 404/326/325 389/346/345
f 405/325/324 390/347/346 404/326/325
f 404/326/325 390/347/346 389/346/345
f 405/325/324 392/348/347 390/347/346
f 405/325/324 406/324/323 392/348/347
f 406/324/323 408/349/348 392/348/347
f 415/308/307 408/349/348 406/324/323
f 392/348/347 408/349/348 394/350/349
f 408/349/348 415/308/307 409/351/350
f 408/349/348 409/351/350 394/350/349
f 415/308/307 416/352/351 409/351/350
f 465/306/305 416/352/351 415/308/307
f 466/305/304 416/352/351 465/306/305
f 416/352/351 466/305/304 417/353/352
f 416/352/351 417/353/352 409/351/350
f 409/351/350 410/354/353 394/350/349
f 417/353/352 410/354/353 409/351/350
f 410/354/353 397/355/354 394/350/349
f 410/354/353 417/353/352 411/356/355
f 410/354/353 411/356/355 397/355/354
f 394/350/349 397/355/354 396/357/356
f 411/356/355 399/358/357 397/355/354
f 396/357/356 397/355/354 398/359/358
f 397/355/354 399/358/357 398/359/358
f 398/359/358 399/358/357 400/360/359
f 399/358/357 401/361/360 400/360/359
f 399/358/357 412/362/361 401/361/360
f 411/356/355 412/362/361 399/358/357
f 417/353/352 418/363/362 411/356/355
f 411/356/355 419/364/363 412/362/361
f 418/363/362 419/364/363 411/356/355
f 412/362/361 413/365/364 401/361/360
f 419/364/363 420/366/365 412/362/361
f 412/362/361 420/366/365 413/365/364
f 420/366/365 421/367/366 413/365/364
f 413/365/364 421/367/366 1298/368/367
f 1291/369/368 413/365/364 1298/368/367
f 401/361/360 413/365/364 1291/369/368
f 1280/370/369 401/361/360 1291/369/368
f 400/360/359 401/361/360 1280/370/369
f 1279/371/370 400/360/359 1280/370/369
f 1279/371/370 1280/370/369 1278/372/371
f 1277/373/372 1279/371/370 1278/372/371
f 1280/370/369 1290/374/373 1278/372/371
f 1280/370/369 1291/369/368 1290/374/373
f 1291/369/368 1297/375/374 1290/374/373
f 1297/375/374 1291/369/368 1298/368/367
f 1334/376/375 1297/375/374 1298/368/367
f 1339/377/376 1334/376/375 1298/368/367
f 1338/378/377 1339/377/376 1298/368/367
f 1298/368/367 421/367/366 1338/378/377
f 420/366/365 462/379/378 421/367/366
f 421/367/366 463/380/379 1338/378/377
f 462/379/378 463/380/379 421/367/366
f 1338/378/377 463/380/379 1374/381/380
f 1339/377/376 1338/378/377 1374/381/380
f 463/380/379 498/382/381 1374/381/380
f 498/382/381 463/380/379 499/383/382
f 463/380/379 462/379/378 499/383/382
f 461/384/383 462/379/378 420/366/365
f 462/379/378 461/384/383 499/383/382
f 420/366/365 419/364/363 457/385/384
f 457/385/384 461/384/383 420/366/365
f 419/364/363 458/386/385 457/385/384
f 461/384/383 457/385/384 460/387/386
f 460/387/386 457/385/384 458/386/385
f 502/388/387 460/387/386 458/386/385
f 460/387/386 502/388/387 461/384/383
f 461/384/383 501/389/388 499/383/382
f 502/388/387 501/389/388 461/384/383
f 499/383/382 500/390/389 498/382/381
f 499/383/382 501/389/388 500/390/389
f 500/390/389 1374/381/380 498/382/381
f 1375/391/390 1374/381/380 500/390/389
f 1375/391/390 1339/377/376 1374/381/380
f 500/390/389 514/392/391 1375/391/390
f 500/390/389 501/389/388 514/392/391
f 501/389/388 515/393/392 514/392/391
f 501/389/388 502/388/387 515/393/392
f 515/393/392 517/394/393 514/392/391
f 502/388/387 516/395/394 515/393/392
f 515/393/392 516/395/394 517/394/393
f 502/388/387 459/396/395 510/397/396
f 510/397/396 516/395/394 502/388/387
f 459/396/395 502/388/387 458/386/385
f 458/386/385 419/364/363 459/396/395
f 470/398/397 459/396/395 419/364/363
f 510/397/396 459/396/395 470/398/397
f 419/364/363 418/363/362 470/398/397
f 470/398/397 418/363/362 469/399/398
f 509/400/399 470/398/397 469/399/398
f 509/400/399 510/397/396 470/398/397
f 516/395/394 510/397/396 509/400/399
f 523/401/400 516/395/394 509/400/399
f 519/402/258 516/395/394 523/401/400
f 516/395/394 519/402/258 517/394/393
f 517/394/393 518/403/401 514/392/391
f 519/402/258 533/404/402 517/394/393
f 517/394/393 546/405/403 518/403/401
f 533/404/402 546/405/403 517/394/393
f 518/403/401 1390/406/404 514/392/391
f 518/403/401 546/405/403 1390/406/404
f 1390/406/404 1388/407/405 514/392/391
f 514/392/391 1388/407/405 1375/391/390
f 1375/391/390 1388/407/405 1376/408/406
f 1339/377/376 1375/391/390 1376/408/406
f 1388/407/405 1389/409/407 1376/408/406
f 1388/407/405 1390/406/404 1389/409/407
f 1390/406/404 1391/410/408 1389/409/407
f 546/405/403 1405/411/409 1390/406/404
f 1390/406/404 1405/411/409 1391/410/408
f 546/405/403 1411/412/410 1405/411/409
f 1405/411/409 1404/413/411 1391/410/408
f 1405/411/409 1411/412/410 1404/413/411
f 1391/410/408 1404/413/411 1399/414/412
f 1391/410/408 1399/414/412 1395/415/413
f 1389/409/407 1391/410/408 1395/415/413
f 1389/409/407 1395/415/413 1383/416/414
f 1384/417/415 1389/409/407 1383/416/414
f 1376/408/406 1389/409/407 1384/417/415
f 1383/416/414 1346/418/416 1384/417/415
f 1335/419/417 1376/408/406 1384/417/415
f 1346/418/416 1335/419/417 1384/417/415
f 1376/408/406 1336/420/418 1337/421/419
f 1376/408/406 1335/419/417 1336/420/418
f 1337/421/419 1339/377/376 1376/408/406
f 1337/421/419 1334/376/375 1339/377/376
f 1334/376/375 1337/421/419 1336/420/418
f 1297/375/374 1334/376/375 1336/420/418
f 1335/419/417 1297/375/374 1336/420/418
f 1297/375/374 1335/419/417 1346/418/416
f 1296/422/420 1297/375/374 1346/418/416
f 1345/423/421 1296/422/420 1346/418/416
f 1345/423/421 1346/418/416 1383/416/414
f 1382/424/422 1345/423/421 1383/416/414
f 1383/416/414 1395/415/413 1382/424/422
f 1395/415/413 1394/425/423 1382/424/422
f 1395/415/413 1399/414/412 1394/425/423
f 1399/414/412 1398/426/424 1394/425/423
f 1404/413/411 1403/427/425 1399/414/412
f 1399/414/412 1403/427/425 1398/426/424
f 1404/413/411 1410/428/426 1403/427/425
f 1411/412/410 1410/428/426 1404/413/411
f 1403/427/425 1402/429/427 1398/426/424
f 1410/428/426 1409/430/428 1403/427/425
f 1403/427/425 1409/430/428 1402/429/427
f 1410/428/426 1412/431/429 1413/432/430
f 1410/428/426 1413/432/430 1409/430/428
f 1410/428/426 1411/412/410 1412/431/429
f 546/405/403 547/433/431 1411/412/410
f 1411/412/410 547/433/431 1412/431/429
f 546/405/403 533/404/402 539/434/432
f 539/434/432 547/433/431 546/405/403
f 533/404/402 532/435/433 539/434/432
f 532/435/433 533/404/402 519/402/258
f 532/435/433 519/402/258 527/436/434
f 527/436/434 519/402/258 523/401/400
f 527/436/434 531/437/435 532/435/433
f 538/438/436 539/434/432 532/435/433
f 538/438/436 532/435/433 531/437/435
f 538/438/436 540/439/437 539/434/432
f 539/434/432 540/439/437 547/433/431
f 540/439/437 548/440/438 547/433/431
f 547/433/431 548/440/438 1412/431/429
f 1421/441/439 1412/431/429 548/440/438
f 1412/431/429 1421/441/439 1418/442/440
f 1418/442/440 1419/443/441 1412/431/429
f 1419/443/441 1413/432/430 1412/431/429
f 1418/442/440 1423/444/442 1419/443/441
f 1421/441/439 1422/445/443 1418/442/440
f 1422/445/443 1423/444/442 1418/442/440
f 1421/441/439 555/446/444 1422/445/443
f 1422/445/443 556/447/445 1423/444/442
f 555/446/444 556/447/445 1422/445/443
f 556/447/445 1424/448/446 1423/444/442
f 1428/449/447 1423/444/442 1424/448/446
f 1419/443/441 1423/444/442 1428/449/447
f 1419/443/441 1420/450/448 1413/432/430
f 1420/450/448 1419/443/441 1428/449/447
f 1420/450/448 1438/451/449 1413/432/430
f 1420/450/448 1428/449/447 1427/452/450
f 1427/452/450 1438/451/449 1420/450/448
f 1428/449/447 1429/453/451 1427/452/450
f 1430/454/452 1429/453/451 1428/449/447
f 1424/448/446 1430/454/452 1428/449/447
f 556/447/445 559/455/453 1424/448/446
f 1424/448/446 1426/456/454 1430/454/452
f 559/455/453 1425/457/455 1424/448/446
f 1424/448/446 1425/457/455 1426/456/454
f 559/455/453 561/458/456 1425/457/455
f 1425/457/455 563/459/457 1426/456/454
f 561/458/456 563/459/457 1425/457/455
f 559/455/453 560/460/458 561/458/456
f 563/459/457 561/458/456 560/460/458
f 559/455/453 558/461/459 560/460/458
f 558/461/459 559/455/453 556/447/445
f 558/461/459 562/462/460 560/460/458
f 562/462/460 563/459/457 560/460/458
f 572/463/461 563/459/457 562/462/460
f 563/459/457 572/463/461 1426/456/454
f 1426/456/454 1433/464/462 1430/454/452
f 572/463/461 1433/464/462 1426/456/454
f 1430/454/452 1432/465/463 1429/453/451
f 1430/454/452 1433/464/462 1432/465/463
f 1461/466/464 1433/464/462 572/463/461
f 1433/464/462 1461/466/464 1432/465/463
f 1432/465/463 1459/467/465 1431/468/466
f 1461/466/464 1459/467/465 1432/465/463
f 1431/468/466 1429/453/451 1432/465/463
f 1431/468/466 1434/469/467 1429/453/451
f 1434/469/467 1427/452/450 1429/453/451
f 1434/469/467 1439/470/468 1427/452/450
f 1439/470/468 1438/451/449 1427/452/450
f 1434/469/467 1443/471/469 1439/470/468
f 1434/469/467 1431/468/466 1447/472/470
f 1443/471/469 1434/469/467 1447/472/470
f 1431/468/466 1455/473/471 1447/472/470
f 1459/467/465 1455/473/471 1431/468/466
f 1447/472/470 1455/473/471 1456/474/472
f 1460/475/473 1456/474/472 1455/473/471
f 1459/467/465 1460/475/473 1455/473/471
f 600/476/474 599/477/127 1459/467/465
f 599/477/127 1460/475/473 1459/467/465
f 600/476/474 1459/467/465 1461/466/464
f 601/478/475 600/476/474 1461/466/464
f 601/478/475 1461/466/464 572/463/461
f 601/478/475 602/479/476 600/476/474
f 602/479/476 601/478/475 572/463/461
f 570/480/477 602/479/476 572/463/461
f 570/480/477 572/463/461 562/462/460
f 570/480/477 562/462/460 567/481/478
f 562/462/460 558/461/459 567/481/478
f 567/481/478 569/482/479 570/480/477
f 570/480/477 569/482/479 602/479/476
f 602/479/476 597/483/301 600/476/474
f 569/482/479 597/483/301 602/479/476
f 597/483/301 599/477/127 600/476/474
f 598/128/128 599/477/127 597/483/301
f 605/127/127 599/477/127 598/128/128
f 599/477/127 605/127/127 1460/475/473
f 1456/474/472 1460/475/473 1462/484/480
f 605/127/127 1463/485/481 1460/475/473
f 1460/475/473 1463/485/481 1462/484/480
f 605/127/127 611/112/112 1463/485/481
f 1463/485/481 1468/486/482 1462/484/480
f 611/112/112 1468/486/482 1463/485/481
f 1468/486/482 611/112/112 1470/111/111
f 1468/486/482 1470/111/111 1469/487/483
f 1468/486/482 1469/487/483 1467/488/484
f 1468/486/482 1467/488/484 1462/484/480
f 1462/484/480 1467/488/484 1466/489/485
f 1456/474/472 1462/484/480 1466/489/485
f 1457/490/486 1456/474/472 1466/489/485
f 1456/474/472 1457/490/486 1447/472/470
f 1443/471/469 1447/472/470 1446/491/487
f 1457/490/486 1446/491/487 1447/472/470
f 1457/490/486 1458/492/488 1446/491/487
f 1457/490/486 1466/489/485 1458/492/488
f 1464/493/489 1466/489/485 1465/494/490
f 1466/489/485 1464/493/489 1458/492/488
f 1466/489/485 1467/488/484 1465/494/490
f 1465/494/490 1467/488/484 1471/495/491
f 1469/487/483 1472/496/492 1467/488/484
f 1467/488/484 1472/496/492 1471/495/491
f 1469/487/483 1473/497/493 1472/496/492
f 1469/487/483 1480/86/86 1473/497/493
f 1480/86/86 1469/487/483 1470/111/111
f 1478/87/87 1480/86/86 1470/111/111
f 1480/86/86 1481/85/85 1473/497/493
f 1473/497/493 1474/498/494 1472/496/492
f 1473/497/493 1481/85/85 1474/498/494
f 1481/85/85 1482/84/84 1474/498/494
f 1482/84/84 1483/83/83 1474/498/494
f 1474/498/494 1475/499/495 1472/496/492
f 1483/83/83 1475/499/495 1474/498/494
f 1475/499/495 1471/495/491 1472/496/492
f 1476/500/496 1471/495/491 1475/499/495
f 1484/501/497 1476/500/496 1475/499/495
f 1483/83/83 1484/501/497 1475/499/495
f 1476/500/496 1485/502/498 1471/495/491
f 1476/500/496 1484/501/497 1485/502/498
f 1471/495/491 1485/502/498 1486/503/499
f 1465/494/490 1471/495/491 1486/503/499
f 1465/494/490 1486/503/499 1487/504/500
f 1464/493/489 1465/494/490 1487/504/500
f 1487/504/500 1489/505/501 1464/493/489
f 1489/505/501 1458/492/488 1464/493/489
f 1458/492/488 1489/505/501 1450/506/502
f 1458/492/488 1450/506/502 1446/491/487
f 1445/507/503 1443/471/469 1446/491/487
f 1446/491/487 1450/506/502 1445/507/503
f 1443/471/469 1445/507/503 1444/508/504
f 1439/470/468 1443/471/469 1444/508/504
f 1445/507/503 1441/509/505 1444/508/504
f 1440/510/506 1439/470/468 1444/508/504
f 1444/508/504 1441/509/505 1440/510/506
f 1439/470/468 1440/510/506 1437/511/507
f 1438/451/449 1439/470/468 1437/511/507
f 1440/510/506 1436/512/508 1437/511/507
f 1440/510/506 1441/509/505 1436/512/508
f 1436/512/508 1416/513/509 1437/511/507
f 1438/451/449 1437/511/507 1416/513/509
f 1413/432/430 1438/451/449 1416/513/509
f 1413/432/430 1416/513/509 1409/430/428
f 1409/430/428 1416/513/509 1415/514/510
f 1415/514/510 1416/513/509 1436/512/508
f 1415/514/510 1436/512/508 1435/515/511
f 1442/516/512 1435/515/511 1436/512/508
f 1441/509/505 1442/516/512 1436/512/508
f 1445/507/503 1448/517/513 1441/509/505
f 1441/509/505 1452/518/514 1442/516/512
f 1448/517/513 1454/519/515 1441/509/505
f 1454/519/515 1452/518/514 1441/509/505
f 1452/518/514 1454/519/515 1453/520/516
f 1452/518/514 1453/520/516 1451/521/517
f 1442/516/512 1452/518/514 1451/521/517
f 1442/516/512 1451/521/517 1729/522/518
f 1442/516/512 1729/522/518 1435/515/511
f 1451/521/517 1500/523/519 1730/524/520
f 1451/521/517 1730/524/520 1729/522/518
f 1451/521/517 1453/520/516 1500/523/519
f 1454/519/515 1497/525/521 1453/520/516
f 1453/520/516 1499/526/522 1500/523/519
f 1453/520/516 1497/525/521 1499/526/522
f 1499/526/522 1575/527/523 1500/523/519
f 1591/528/258 1730/524/520 1500/523/519
f 1591/528/258 1500/523/519 1575/527/523
f 1591/528/258 1718/529/524 1730/524/520
f 1730/524/520 1718/529/524 1729/522/518
f 1591/528/258 1590/530/525 1593/531/526
f 1718/529/524 1591/528/258 1593/531/526
f 1590/530/525 1591/528/258 1575/527/523
f 1575/527/523 1529/532/527 1590/530/525
f 1529/532/527 1575/527/523 1499/526/522
f 1529/532/527 1499/526/522 1498/533/528
f 1497/525/521 1498/533/528 1499/526/522
f 1454/519/515 1495/534/529 1497/525/521
f 1497/525/521 1496/535/530 1498/533/528
f 1495/534/529 1496/535/530 1497/525/521
f 1496/535/530 1527/536/531 1498/533/528
f 1527/536/531 1529/532/527 1498/533/528
f 1529/532/527 1527/536/531 1569/537/532
f 1529/532/527 1569/537/532 1590/530/525
f 1593/531/526 1590/530/525 1594/538/533
f 1569/537/532 1596/539/534 1590/530/525
f 1594/538/533 1590/530/525 1387/540/535
f 1590/530/525 1596/539/534 1387/540/535
f 1387/540/535 1596/539/534 1667/541/536
f 1564/542/537 1596/539/534 1569/537/532
f 1596/539/534 1564/542/537 1667/541/536
f 1569/537/532 1567/543/538 1571/544/539
f 1571/544/539 1564/542/537 1569/537/532
f 1567/543/538 1569/537/532 1568/545/540
f 1527/536/531 1568/545/540 1569/537/532
f 1496/535/530 1528/546/541 1527/536/531
f 1527/536/531 1592/547/542 1568/545/540
f 1592/547/542 1527/536/531 1528/546/541
f 1592/547/542 1530/548/543 1568/545/540
f 1530/548/543 1567/543/538 1568/545/540
f 1592/547/542 1665/549/544 1530/548/543
f 1592/547/542 1528/546/541 1665/549/544
f 1577/550/545 1528/546/541 1494/551/546
f 1528/546/541 1577/550/545 1665/549/544
f 1528/546/541 1496/535/530 1494/551/546
f 1494/551/546 1496/535/530 1495/534/529
f 1493/552/547 1494/551/546 1495/534/529
f 1493/552/547 1495/534/529 1448/517/513
f 1448/517/513 1495/534/529 1454/519/515
f 1448/517/513 1449/553/548 1493/552/547
f 1448/517/513 1445/507/503 1449/553/548
f 1450/506/502 1449/553/548 1445/507/503
f 1450/506/502 1491/554/549 1449/553/548
f 1491/554/549 1493/552/547 1449/553/548
f 1491/554/549 1492/555/550 1493/552/547
f 1492/555/550 1494/551/546 1493/552/547
f 1492/555/550 1576/556/551 1494/551/546
f 1576/556/551 1577/550/545 1494/551/546
f 1577/550/545 1576/556/551 1588/557/552
f 1589/558/553 1577/550/545 1588/557/552
f 1577/550/545 1589/558/553 1665/549/544
f 1665/549/544 1589/558/553 1532/559/554
f 1665/549/544 1532/559/554 1530/548/543
f 1530/548/543 1532/559/554 1531/560/555
f 1533/561/556 1530/548/543 1531/560/555
f 1567/543/538 1530/548/543 1533/561/556
f 1567/543/538 1579/562/557 1571/544/539
f 1579/562/557 1567/543/538 1533/561/556
f 1579/562/557 1533/561/556 1708/563/558
f 1533/561/556 1531/560/555 1708/563/558
f 1708/563/558 1711/564/559 1579/562/557
f 1531/560/555 1037/565/560 1708/563/558
f 1531/560/555 1532/559/554 1039/566/561
f 1037/565/560 1531/560/555 1039/566/561
f 1532/559/554 1040/567/562 1039/566/561
f 1532/559/554 1589/558/553 1040/567/562
f 1040/567/562 1589/558/553 1713/568/563
f 1713/568/563 1589/558/553 1588/557/552
f 1604/569/564 1713/568/563 1588/557/552
f 1604/569/564 1588/557/552 1552/570/565
f 1588/557/552 1554/571/566 1552/570/565
f 1554/571/566 1588/557/552 1550/572/470
f 1588/557/552 1576/556/551 1550/572/470
f 1576/556/551 1492/555/550 1490/573/567
f 1550/572/470 1576/556/551 1490/573/567
f 1492/555/550 1489/505/501 1490/573/567
f 1492/555/550 1491/554/549 1489/505/501
f 1489/505/501 1491/554/549 1450/506/502
f 1487/504/500 1490/573/567 1489/505/501
f 1486/503/499 1488/574/568 1487/504/500
f 1488/574/568 1490/573/567 1487/504/500
f 1490/573/567 1488/574/568 1549/575/569
f 1550/572/470 1490/573/567 1549/575/569
f 1549/575/569 1551/576/570 1550/572/470
f 1554/571/566 1550/572/470 1551/576/570
f 1554/571/566 1551/576/570 1552/570/565
f 1551/576/570 1553/577/571 1552/570/565
f 1551/576/570 1545/578/572 1553/577/571
f 1551/576/570 1549/575/569 1545/578/572
f 1545/578/572 1546/579/573 1553/577/571
f 1549/575/569 1544/580/574 1545/578/572
f 1488/574/568 1544/580/574 1549/575/569
f 1541/581/575 1544/580/574 1488/574/568
f 1486/503/499 1541/581/575 1488/574/568
f 1541/581/575 1486/503/499 1485/502/498
f 1543/582/576 1541/581/575 1485/502/498
f 1485/502/498 1484/501/497 1543/582/576
f 1543/582/576 1540/583/577 1541/581/575
f 1484/501/497 1539/584/578 1543/582/576
f 1543/582/576 1539/584/578 1540/583/577
f 1484/501/497 1483/83/83 1539/584/578
f 1539/584/578 1483/83/83 1642/82/82
f 1537/585/579 1539/584/578 1642/82/82
f 1642/82/82 1534/81/81 1537/585/579
f 1539/584/578 1537/585/579 1538/586/580
f 1539/584/578 1538/586/580 1540/583/577
f 1537/585/579 1534/81/81 1535/587/581
f 1537/585/579 1535/587/581 1538/586/580
f 1534/81/81 1536/588/582 1535/587/581
f 1534/81/81 1526/80/80 1536/588/582
f 1526/80/80 1524/61/61 1536/588/582
f 1536/588/582 1524/61/61 1664/589/583
f 1066/60/60 1664/589/583 1524/61/61
f 1066/60/60 1065/590/584 1664/589/583
f 1536/588/582 1664/589/583 1065/590/584
f 1066/60/60 1064/591/585 1065/590/584
f 1063/592/586 1065/590/584 1064/591/585
f 1063/592/586 1058/593/587 1065/590/584
f 1058/593/587 1068/594/588 1065/590/584
f 1068/594/588 1536/588/582 1065/590/584
f 1068/594/588 1715/595/589 1536/588/582
f 1535/587/581 1536/588/582 1715/595/589
f 1535/587/581 1715/595/589 1067/596/590
f 1538/586/580 1535/587/581 1067/596/590
f 1715/595/589 1068/594/588 1067/596/590
f 1067/596/590 1068/594/588 1058/593/587
f 1059/597/591 1067/596/590 1058/593/587
f 1057/598/592 1059/597/591 1058/593/587
f 1067/596/590 1605/599/593 1538/586/580
f 1540/583/577 1538/586/580 1548/600/594
f 1538/586/580 1605/599/593 1548/600/594
f 1540/583/577 1548/600/594 1542/601/595
f 1540/583/577 1542/601/595 1541/581/575
f 1548/600/594 1547/602/596 1542/601/595
f 1541/581/575 1542/601/595 1544/580/574
f 1547/602/596 1546/579/573 1542/601/595
f 1542/601/595 1545/578/572 1544/580/574
f 1545/578/572 1542/601/595 1546/579/573
f 153/603/179 154/604/597 152/605/184
f 130/606/598 153/603/179 152/605/184
f 131/607/599 130/606/598 152/605/184
f 151/608/185 131/607/599 152/605/184
f 131/607/599 151/608/185 150/609/187
f 132/610/600 131/607/599 150/609/187
f 132/610/600 150/609/187 149/611/601
f 132/610/600 31/612/602 131/607/599
f 130/606/598 131/607/599 31/612/602
f 30/613/603 130/606/598 31/612/602
f 30/613/603 129/614/604 130/606/598
f 130/606/598 129/614/604 153/603/179
f 129/614/604 161/615/180 153/603/179
f 129/614/604 128/616/605 161/615/180
f 128/616/605 162/617/166 161/615/180
f 129/614/604 29/618/606 128/616/605
f 129/614/604 30/613/603 29/618/606
f 29/618/606 30/613/603 11/619/607
f 30/613/603 31/612/602 13/620/608
f 11/619/607 30/613/603 13/620/608
f 31/612/602 32/621/609 13/620/608
f 132/610/600 32/621/609 31/612/602
f 132/610/600 133/622/610 32/621/609
f 133/622/610 132/610/600 149/611/601
f 148/623/611 133/622/610 149/611/601
f 133/622/610 148/623/611 134/624/612
f 148/623/611 147/625/219 134/624/612
f 146/626/613 134/624/612 147/625/219
f 134/624/612 146/626/613 144/627/223
f 135/628/614 134/624/612 144/627/223
f 143/629/615 135/628/614 144/627/223
f 145/630/235 143/629/615 144/627/223
f 135/628/614 143/629/615 136/631/616
f 143/629/615 145/630/235 136/631/616
f 145/630/235 193/632/236 136/631/616
f 193/632/236 137/633/617 136/631/616
f 194/634/618 137/633/617 193/632/236
f 194/634/618 195/635/239 137/633/617
f 195/635/239 138/636/619 137/633/617
f 138/636/619 195/635/239 196/637/620
f 196/637/620 197/638/242 138/636/619
f 197/638/242 139/639/621 138/636/619
f 198/640/334 139/639/621 197/638/242
f 199/641/622 140/642/623 198/640/334
f 140/642/623 139/639/621 198/640/334
f 199/641/622 192/643/624 140/642/623
f 200/644/625 192/643/624 199/641/622
f 192/643/624 200/644/625 201/645/626
f 201/645/626 202/646/627 192/643/624
f 192/643/624 141/647/628 140/642/623
f 202/646/627 141/647/628 192/643/624
f 202/646/627 203/648/629 141/647/628
f 203/648/629 142/649/630 141/647/628
f 203/648/629 209/650/631 142/649/630
f 142/649/630 44/651/632 141/647/628
f 209/650/631 191/652/633 142/649/630
f 142/649/630 191/652/633 44/651/632
f 209/650/631 190/653/634 191/652/633
f 209/650/631 208/654/635 190/653/634
f 191/652/633 190/653/634 58/655/636
f 191/652/633 58/655/636 44/651/632
f 44/651/632 43/656/637 42/657/638
f 58/655/636 43/656/637 44/651/632
f 42/657/638 141/647/628 44/651/632
f 140/642/623 141/647/628 42/657/638
f 41/658/639 140/642/623 42/657/638
f 140/642/623 41/658/639 39/659/640
f 139/639/621 140/642/623 39/659/640
f 41/658/639 40/660/641 39/659/640
f 41/658/639 42/657/638 40/660/641
f 42/657/638 43/656/637 40/660/641
f 40/660/641 43/656/637 53/661/642
f 43/656/637 48/662/643 52/663/644
f 43/656/637 52/663/644 53/661/642
f 43/656/637 58/655/636 48/662/643
f 58/655/636 57/664/645 48/662/643
f 190/653/634 57/664/645 58/655/636
f 57/664/645 56/665/646 48/662/643
f 57/664/645 190/653/634 56/665/646
f 190/653/634 189/666/647 56/665/646
f 190/653/634 208/654/635 189/666/647
f 208/654/635 207/667/648 189/666/647
f 189/666/647 207/667/648 188/668/649
f 207/667/648 206/669/650 188/668/649
f 189/666/647 188/668/649 55/670/651
f 56/665/646 189/666/647 55/670/651
f 56/665/646 55/670/651 46/671/652
f 48/662/643 56/665/646 46/671/652
f 47/672/653 48/662/643 46/671/652
f 48/662/643 47/672/653 52/663/644
f 315/673/654 52/663/644 47/672/653
f 336/674/655 52/663/644 315/673/654
f 337/675/656 52/663/644 336/674/655
f 377/676/657 52/663/644 337/675/656
f 52/663/644 377/676/657 53/661/642
f 377/676/657 378/677/658 53/661/642
f 40/660/641 53/661/642 51/678/659
f 53/661/642 378/677/658 51/678/659
f 51/678/659 18/679/660 40/660/641
f 39/659/640 40/660/641 18/679/660
f 38/680/661 39/659/640 18/679/660
f 139/639/621 39/659/640 38/680/661
f 138/636/619 139/639/621 38/680/661
f 138/636/619 38/680/661 37/681/662
f 38/680/661 18/679/660 37/681/662
f 37/681/662 137/633/617 138/636/619
f 18/679/660 17/682/663 37/681/662
f 137/633/617 37/681/662 34/683/664
f 34/683/664 37/681/662 17/682/663
f 34/683/664 136/631/616 137/633/617
f 34/683/664 17/682/663 35/684/665
f 136/631/616 34/683/664 35/684/665
f 135/628/614 136/631/616 35/684/665
f 135/628/614 35/684/665 36/685/666
f 35/684/665 17/682/663 36/685/666
f 36/685/666 134/624/612 135/628/614
f 17/682/663 16/686/667 36/685/666
f 134/624/612 36/685/666 33/687/609
f 33/687/609 36/685/666 16/686/667
f 33/687/609 133/622/610 134/624/612
f 133/622/610 33/687/609 32/621/609
f 32/621/609 33/687/609 16/686/667
f 13/620/608 32/621/609 16/686/667
f 13/620/608 16/686/667 9/688/668
f 16/686/667 17/682/663 9/688/668
f 17/682/663 18/679/660 9/688/668
f 18/679/660 50/689/669 10/690/670
f 18/679/660 10/690/670 9/688/668
f 18/679/660 51/678/659 50/689/669
f 378/677/658 379/691/671 51/678/659
f 51/678/659 379/691/671 50/689/669
f 379/691/671 380/692/672 50/689/669
f 380/692/672 381/693/356 50/689/669
f 381/693/356 10/690/670 50/689/669
f 10/690/670 381/693/356 8/694/673
f 9/688/668 10/690/670 8/694/673
f 381/693/356 382/695/674 8/694/673
f 8/694/673 382/695/674 14/696/675
f 382/695/674 383/697/359 14/696/675
f 14/696/675 383/697/359 1264/698/370
f 904/699/676 14/696/675 1264/698/370
f 1264/698/370 1263/700/372 904/699/676
f 14/696/675 904/699/676 7/701/677
f 7/701/677 8/694/673 14/696/675
f 7/701/677 9/688/668 8/694/673
f 7/701/677 19/702/678 9/688/668
f 12/703/679 13/620/608 9/688/668
f 19/702/678 12/703/679 9/688/668
f 12/703/679 11/619/607 13/620/608
f 15/704/680 11/619/607 12/703/679
f 15/704/680 29/618/606 11/619/607
f 28/705/681 29/618/606 15/704/680
f 128/616/605 29/618/606 28/705/681
f 15/704/680 22/706/682 28/705/681
f 12/703/679 21/707/683 15/704/680
f 21/707/683 22/706/682 15/704/680
f 12/703/679 20/708/684 21/707/683
f 19/702/678 20/708/684 12/703/679
f 19/702/678 906/709/685 20/708/684
f 7/701/677 905/710/686 19/702/678
f 905/710/686 906/709/685 19/702/678
f 7/701/677 904/699/676 905/710/686
f 903/711/687 905/710/686 904/699/676
f 1263/700/372 903/711/687 904/699/676
f 903/711/687 1263/700/372 941/712/688
f 1263/700/372 1262/713/689 941/712/688
f 941/712/688 1262/713/689 1261/714/690
f 942/715/691 941/712/688 1261/714/690
f 942/715/691 1261/714/690 1260/716/692
f 942/715/691 912/717/693 941/712/688
f 903/711/687 941/712/688 912/717/693
f 905/710/686 903/711/687 912/717/693
f 905/710/686 912/717/693 911/718/694
f 905/710/686 911/718/694 910/719/695
f 910/719/695 908/720/696 905/710/686
f 908/720/696 906/709/685 905/710/686
f 906/709/685 908/720/696 907/721/697
f 906/709/685 907/721/697 909/722/698
f 906/709/685 909/722/698 913/723/699
f 906/709/685 913/723/699 20/708/684
f 20/708/684 23/724/700 21/707/683
f 913/723/699 915/725/701 20/708/684
f 23/724/700 20/708/684 24/726/702
f 24/726/702 20/708/684 915/725/701
f 915/725/701 952/727/703 24/726/702
f 913/723/699 917/728/704 915/725/701
f 915/725/701 950/729/705 952/727/703
f 917/728/704 950/729/705 915/725/701
f 914/730/706 916/731/707 917/728/704
f 917/728/704 916/731/707 950/729/705
f 917/728/704 913/723/699 914/730/706
f 909/722/698 914/730/706 913/723/699
f 914/730/706 909/722/698 918/732/708
f 914/730/706 918/732/708 916/731/707
f 909/722/698 920/733/709 918/732/708
f 909/722/698 907/721/697 920/733/709
f 907/721/697 921/734/710 920/733/709
f 907/721/697 908/720/696 921/734/710
f 908/720/696 922/735/711 921/734/710
f 908/720/696 910/719/695 923/736/712
f 922/735/711 908/720/696 923/736/712
f 910/719/695 924/737/712 923/736/712
f 927/738/713 924/737/712 910/719/695
f 911/718/694 927/738/713 910/719/695
f 924/737/712 1015/739/714 923/736/712
f 927/738/713 1016/740/715 924/737/712
f 1015/739/714 924/737/712 1016/740/715
f 911/718/694 925/741/716 927/738/713
f 927/738/713 925/741/716 1017/742/717
f 1016/740/715 927/738/713 1017/742/717
f 925/741/716 1018/743/718 1017/742/717
f 925/741/716 911/718/694 926/744/719
f 926/744/719 1018/743/718 925/741/716
f 911/718/694 928/745/720 926/744/719
f 1018/743/718 926/744/719 1019/746/721
f 926/744/719 928/745/720 1019/746/721
f 1019/746/721 1075/747/722 1018/743/718
f 1018/743/718 1025/748/723 1017/742/717
f 1075/747/722 1027/749/724 1018/743/718
f 1018/743/718 1027/749/724 1025/748/723
f 1026/750/725 1025/748/723 1027/749/724
f 1026/750/725 1017/742/717 1025/748/723
f 1017/742/717 1026/750/725 1016/740/715
f 1026/750/725 1028/751/726 1016/740/715
f 1029/752/727 1016/740/715 1028/751/726
f 1016/740/715 1029/752/727 1030/753/728
f 1015/739/714 1016/740/715 1030/753/728
f 1031/754/729 1015/739/714 1030/753/728
f 1015/739/714 1031/754/729 1014/755/730
f 1014/755/730 923/736/712 1015/739/714
f 922/735/711 923/736/712 1014/755/730
f 922/735/711 1012/756/731 921/734/710
f 1014/755/730 1013/757/732 922/735/711
f 922/735/711 1013/757/732 1012/756/731
f 1014/755/730 1031/754/729 1032/758/558
f 1014/755/730 1032/758/558 1013/757/732
f 1032/758/558 1033/759/733 1013/757/732
f 1034/760/734 1013/757/732 1033/759/733
f 1034/760/734 1012/756/731 1013/757/732
f 1012/756/731 1034/760/734 1035/761/563
f 1034/760/734 1036/762/735 1035/761/563
f 1012/756/731 1035/761/563 1011/763/736
f 1012/756/731 1011/763/736 921/734/710
f 1035/761/563 1043/764/737 1011/763/736
f 921/734/710 1011/763/736 920/733/709
f 1043/764/737 1010/765/738 1011/763/736
f 1011/763/736 1010/765/738 920/733/709
f 1043/764/737 1044/766/739 1010/765/738
f 1010/765/738 918/732/708 920/733/709
f 1044/766/739 1041/767/740 1010/765/738
f 1010/765/738 1009/768/741 918/732/708
f 1041/767/740 1009/768/741 1010/765/738
f 918/732/708 1009/768/741 1008/769/742
f 1009/768/741 1041/767/740 1008/769/742
f 1008/769/742 919/770/743 918/732/708
f 918/732/708 919/770/743 916/731/707
f 919/770/743 951/771/744 916/731/707
f 951/771/744 950/729/705 916/731/707
f 919/770/743 964/772/745 951/771/744
f 964/772/745 919/770/743 1008/769/742
f 964/772/745 1008/769/742 967/773/746
f 1041/767/740 1042/774/747 1008/769/742
f 1008/769/742 1042/774/747 967/773/746
f 1041/767/740 1046/775/573 1042/774/747
f 1044/766/739 1045/776/748 1041/767/740
f 1041/767/740 1045/776/748 1046/775/573
f 1046/775/573 1047/777/596 1042/774/747
f 1047/777/596 967/773/746 1042/774/747
f 967/773/746 1047/777/596 1048/778/594
f 965/779/749 967/773/746 1048/778/594
f 965/779/749 1048/778/594 1049/780/593
f 965/779/749 963/781/750 967/773/746
f 964/772/745 967/773/746 963/781/750
f 963/781/750 951/771/744 964/772/745
f 963/781/750 953/782/751 951/771/744
f 953/782/751 954/783/752 951/771/744
f 951/771/744 954/783/752 950/729/705
f 953/782/751 957/784/753 954/783/752
f 954/783/752 957/784/753 950/729/705
f 952/727/703 950/729/705 956/785/754
f 957/784/753 956/785/754 950/729/705
f 952/727/703 61/786/755 24/726/702
f 956/785/754 955/787/756 952/727/703
f 952/727/703 955/787/756 61/786/755
f 956/785/754 973/788/757 976/789/758
f 956/785/754 976/789/758 955/787/756
f 956/785/754 957/784/753 973/788/757
f 959/790/759 972/791/760 957/784/753
f 972/791/760 973/788/757 957/784/753
f 959/790/759 957/784/753 953/782/751
f 958/792/761 959/790/759 953/782/751
f 963/781/750 958/792/761 953/782/751
f 962/793/762 958/792/761 963/781/750
f 965/779/749 962/793/762 963/781/750
f 962/793/762 965/779/749 1049/780/593
f 962/793/762 1049/780/593 1050/794/591
f 1049/780/593 1051/795/590 1050/794/591
f 962/793/762 1050/794/591 1052/796/763
f 984/797/764 962/793/762 1052/796/763
f 962/793/762 984/797/764 966/798/765
f 958/792/761 962/793/762 966/798/765
f 960/799/766 958/792/761 966/798/765
f 960/799/766 961/800/767 958/792/761
f 961/800/767 959/790/759 958/792/761
f 960/799/766 966/798/765 961/800/767
f 961/800/767 968/801/768 959/790/759
f 968/801/768 972/791/760 959/790/759
f 961/800/767 966/798/765 968/801/768
f 969/802/769 968/801/768 966/798/765
f 984/797/764 969/802/769 966/798/765
f 969/802/769 984/797/764 988/803/55
f 1053/804/770 988/803/55 984/797/764
f 1052/796/763 1053/804/770 984/797/764
f 1053/804/770 1052/796/763 1056/805/586
f 1052/796/763 1060/806/771 1056/805/586
f 1056/805/586 1055/807/772 1053/804/770
f 988/803/55 1053/804/770 1055/807/772
f 1054/808/773 988/803/55 1055/807/772
f 983/809/774 969/802/769 988/803/55
f 970/810/775 969/802/769 983/809/774
f 969/802/769 970/810/775 968/801/768
f 983/809/774 982/811/776 970/810/775
f 970/810/775 982/811/776 981/812/777
f 971/813/778 970/810/775 981/812/777
f 970/810/775 971/813/778 968/801/768
f 968/801/768 974/814/779 972/791/760
f 971/813/778 974/814/779 968/801/768
f 974/814/779 971/813/778 980/815/780
f 971/813/778 981/812/777 980/815/780
f 980/815/780 975/816/48 974/814/779
f 974/814/779 975/816/48 972/791/760
f 975/816/48 973/788/757 972/791/760
f 973/788/757 975/816/48 977/817/781
f 976/789/758 973/788/757 977/817/781
f 976/789/758 977/817/781 978/818/782
f 977/817/781 979/819/783 978/818/782
f 976/789/758 978/818/782 955/787/756
f 979/819/783 92/820/38 978/818/782
f 955/787/756 978/818/782 65/821/784
f 92/820/38 91/822/785 978/818/782
f 978/818/782 91/822/785 65/821/784
f 92/820/38 89/823/786 91/822/785
f 91/822/785 89/823/786 65/821/784
f 92/820/38 90/824/787 89/823/786
f 89/823/786 90/824/787 88/825/788
f 87/826/789 89/823/786 88/825/788
f 89/823/786 87/826/789 66/827/790
f 89/823/786 66/827/790 65/821/784
f 65/821/784 66/827/790 61/786/755
f 955/787/756 65/821/784 61/786/755
f 66/827/790 62/828/791 61/786/755
f 61/786/755 62/828/791 24/726/702
f 62/828/791 23/724/700 24/726/702
f 62/828/791 59/829/792 23/724/700
f 67/830/793 59/829/792 62/828/791
f 66/827/790 67/830/793 62/828/791
f 87/826/789 67/830/793 66/827/790
f 87/826/789 84/831/794 67/830/793
f 87/826/789 88/825/788 84/831/794
f 88/825/788 86/832/8 84/831/794
f 68/833/795 84/831/794 83/834/796
f 84/831/794 86/832/8 83/834/796
f 68/833/795 67/830/793 84/831/794
f 67/830/793 68/833/795 59/829/792
f 68/833/795 63/835/797 64/836/798
f 68/833/795 64/836/798 59/829/792
f 68/833/795 69/837/799 63/835/797
f 69/837/799 68/833/795 83/834/796
f 69/837/799 83/834/796 79/838/800
f 86/832/8 85/839/801 83/834/796
f 83/834/796 85/839/801 79/838/800
f 86/832/8 93/840/802 85/839/801
f 85/839/801 81/841/803 79/838/800
f 81/841/803 85/839/801 93/840/802
f 94/842/5 81/841/803 93/840/802
f 82/843/804 81/841/803 94/842/5
f 81/841/803 82/843/804 79/838/800
f 94/842/5 95/844/805 82/843/804
f 95/844/805 96/845/806 82/843/804
f 82/843/804 80/846/807 79/838/800
f 96/845/806 80/846/807 82/843/804
f 96/845/806 101/847/1 80/846/807
f 80/846/807 97/848/808 77/849/809
f 101/847/1 97/848/808 80/846/807
f 77/849/809 79/838/800 80/846/807
f 71/850/810 79/838/800 77/849/809
f 71/850/810 69/837/799 79/838/800
f 69/837/799 71/850/810 70/851/811
f 69/837/799 70/851/811 63/835/797
f 71/850/810 72/852/812 70/851/811
f 72/852/812 71/850/810 77/849/809
f 72/852/812 77/849/809 70/851/811
f 77/849/809 74/853/813 70/851/811
f 97/848/808 74/853/813 77/849/809
f 74/853/813 73/854/814 70/851/811
f 63/835/797 70/851/811 73/854/814
f 60/855/815 63/835/797 73/854/814
f 60/855/815 64/836/798 63/835/797
f 59/829/792 64/836/798 60/855/815
f 26/856/816 59/829/792 60/855/815
f 59/829/792 26/856/816 25/857/817
f 59/829/792 25/857/817 23/724/700
f 23/724/700 25/857/817 21/707/683
f 21/707/683 25/857/817 22/706/682
f 25/857/817 26/856/816 22/706/682
f 28/705/681 22/706/682 26/856/816
f 27/858/818 28/705/681 26/856/816
f 26/856/816 60/855/815 27/858/818
f 75/859/819 60/855/815 73/854/814
f 27/858/818 60/855/815 75/859/819
f 126/860/820 27/858/818 75/859/819
f 28/705/681 27/858/818 126/860/820
f 75/859/819 78/861/821 126/860/820
f 73/854/814 78/861/821 75/859/819
f 73/854/814 74/853/813 76/862/822
f 73/854/814 76/862/822 78/861/821
f 74/853/813 167/863/138 76/862/822
f 76/862/822 166/864/823 78/861/821
f 167/863/138 166/864/823 76/862/822
f 166/864/823 165/865/824 78/861/821
f 160/866/825 126/860/820 78/861/821
f 78/861/821 165/865/824 160/866/825
f 165/865/824 164/867/826 160/866/825
f 160/866/825 159/868/827 126/860/820
f 160/866/825 164/867/826 159/868/827
f 159/868/827 127/869/828 126/860/820
f 127/869/828 28/705/681 126/860/820
f 127/869/828 128/616/605 28/705/681
f 128/616/605 127/869/828 159/868/827
f 128/616/605 159/868/827 162/617/166
f 159/868/827 163/870/829 162/617/166
f 164/867/826 163/870/829 159/868/827
f 168/871/24 167/863/138 169/872/139
f 167/863/138 74/853/813 169/872/139
f 170/873/830 169/872/139 74/853/813
f 97/848/808 170/873/830 74/853/813
f 101/847/1 171/874/831 97/848/808
f 171/874/831 170/873/830 97/848/808
f 171/874/831 174/875/21 170/873/830
f 174/875/21 178/876/832 170/873/830
f 171/874/831 173/877/833 174/875/21
f 173/877/833 171/874/831 101/847/1
f 172/878/834 173/877/833 101/847/1
f 173/877/833 172/878/834 180/879/12
f 179/880/835 173/877/833 180/879/12
f 238/881/836 239/882/837 237/883/838
f 236/884/839 238/881/836 237/883/838
f 237/883/838 424/885/840 236/884/839
f 236/884/839 260/886/841 238/881/836
f 260/886/841 261/887/842 238/881/836
f 236/884/839 267/888/843 260/886/841
f 260/886/841 266/889/844 261/887/842
f 267/888/843 266/889/844 260/886/841
f 261/887/842 262/890/845 263/891/846
f 266/889/844 265/892/847 261/887/842
f 261/887/842 264/893/848 262/890/845
f 265/892/847 264/893/848 261/887/842
f 266/889/844 271/894/849 265/892/847
f 265/892/847 274/895/850 264/893/848
f 271/894/849 273/896/851 265/892/847
f 273/896/851 274/895/850 265/892/847
f 271/894/849 272/897/852 273/896/851
f 271/894/849 266/889/844 272/897/852
f 272/897/852 266/889/844 300/898/853
f 266/889/844 267/888/843 300/898/853
f 272/897/852 300/898/853 299/899/854
f 273/896/851 272/897/852 299/899/854
f 298/900/855 273/896/851 299/899/854
f 275/901/856 273/896/851 298/900/855
f 274/895/850 273/896/851 275/901/856
f 276/902/857 274/895/850 275/901/856
f 274/895/850 276/902/857 264/893/848
f 262/890/845 264/893/848 268/903/858
f 268/903/858 264/893/848 276/902/857
f 268/903/858 270/904/859 262/890/845
f 262/890/845 270/904/859 269/905/860
f 262/890/845 269/905/860 263/891/846
f 277/906/861 278/907/862 263/891/846
f 269/905/860 277/906/861 263/891/846
f 269/905/860 281/908/863 277/906/861
f 269/905/860 270/904/859 281/908/863
f 270/904/859 268/903/858 280/909/864
f 281/908/863 270/904/859 280/909/864
f 268/903/858 276/902/857 280/909/864
f 280/909/864 286/910/865 279/911/866
f 276/902/857 286/910/865 280/909/864
f 279/911/866 281/908/863 280/909/864
f 286/910/865 285/912/867 279/911/866
f 279/911/866 285/912/867 281/908/863
f 281/908/863 283/913/868 277/906/861
f 285/912/867 283/913/868 281/908/863
f 283/913/868 278/907/862 277/906/861
f 283/913/868 284/914/869 278/907/862
f 284/914/869 283/913/868 293/915/870
f 283/913/868 285/912/867 293/915/870
f 293/915/870 292/916/871 284/914/869
f 312/917/871 292/916/871 293/915/870
f 311/918/872 312/917/871 293/915/870
f 325/919/873 312/917/871 311/918/872
f 324/920/874 325/919/873 311/918/872
f 334/921/875 325/919/873 324/920/874
f 311/918/872 310/922/876 324/920/874
f 310/922/876 311/918/872 293/915/870
f 294/923/877 310/922/876 293/915/870
f 285/912/867 294/923/877 293/915/870
f 294/923/877 285/912/867 295/924/878
f 285/912/867 286/910/865 295/924/878
f 276/902/857 296/925/879 286/910/865
f 295/924/878 286/910/865 296/925/879
f 309/926/880 295/924/878 296/925/879
f 295/924/878 309/926/880 294/923/877
f 309/926/880 310/922/876 294/923/877
f 309/926/880 322/927/881 310/922/876
f 323/928/882 324/920/874 310/922/876
f 322/927/881 323/928/882 310/922/876
f 323/928/882 333/929/883 324/920/874
f 333/929/883 334/921/875 324/920/874
f 338/930/884 334/921/875 333/929/883
f 334/921/875 338/930/884 339/931/655
f 333/929/883 323/928/882 332/932/885
f 333/929/883 332/932/885 338/930/884
f 323/928/882 322/927/881 331/933/886
f 331/933/886 332/932/885 323/928/882
f 322/927/881 330/934/887 331/933/886
f 331/933/886 345/935/888 332/932/885
f 331/933/886 330/934/887 345/935/888
f 345/935/888 342/936/889 332/932/885
f 332/932/885 342/936/889 338/930/884
f 338/930/884 340/937/890 339/931/655
f 342/936/889 343/938/891 338/930/884
f 343/938/891 340/937/890 338/930/884
f 342/936/889 346/939/892 343/938/891
f 345/935/888 346/939/892 342/936/889
f 330/934/887 348/940/893 345/935/888
f 345/935/888 348/940/893 346/939/892
f 330/934/887 321/941/894 329/942/895
f 348/940/893 330/934/887 329/942/895
f 321/941/894 330/934/887 322/927/881
f 321/941/894 322/927/881 309/926/880
f 308/943/896 321/941/894 309/926/880
f 308/943/896 309/926/880 296/925/879
f 308/943/896 320/944/897 321/941/894
f 320/944/897 329/942/895 321/941/894
f 308/943/896 307/945/898 320/944/897
f 307/945/898 308/943/896 296/925/879
f 297/946/899 307/945/898 296/925/879
f 296/925/879 276/902/857 297/946/899
f 276/902/857 275/901/856 297/946/899
f 297/946/899 275/901/856 298/900/855
f 307/945/898 297/946/899 298/900/855
f 306/947/900 307/945/898 298/900/855
f 320/944/897 307/945/898 306/947/900
f 319/948/901 320/944/897 306/947/900
f 319/948/901 335/949/902 320/944/897
f 335/949/902 329/942/895 320/944/897
f 335/949/902 353/950/903 329/942/895
f 354/951/904 348/940/893 329/942/895
f 353/950/903 354/951/904 329/942/895
f 348/940/893 349/952/905 346/939/892
f 348/940/893 354/951/904 349/952/905
f 346/939/892 349/952/905 347/953/906
f 346/939/892 347/953/906 343/938/891
f 343/938/891 344/954/907 340/937/890
f 347/953/906 344/954/907 343/938/891
f 340/937/890 341/955/908 339/931/655
f 344/954/907 341/955/908 340/937/890
f 367/956/909 341/955/908 344/954/907
f 341/955/908 367/956/909 339/931/655
f 367/956/909 373/957/656 339/931/655
f 344/954/907 366/958/910 367/956/909
f 367/956/909 372/959/911 373/957/656
f 372/959/911 367/956/909 366/958/910
f 369/960/912 372/959/911 366/958/910
f 374/961/913 372/959/911 369/960/912
f 372/959/911 374/961/913 373/957/656
f 373/957/656 374/961/913 385/962/914
f 387/963/657 373/957/656 385/962/914
f 374/961/913 386/964/915 385/962/914
f 388/965/916 385/962/914 386/964/915
f 385/962/914 388/965/916 387/963/657
f 388/965/916 389/346/345 387/963/657
f 391/966/917 387/963/657 389/346/345
f 390/347/346 391/966/917 389/346/345
f 393/967/671 391/966/917 390/347/346
f 392/348/347 393/967/671 390/347/346
f 395/968/672 393/967/671 392/348/347
f 394/350/349 395/968/672 392/348/347
f 395/968/672 394/350/349 396/357/356
f 347/953/906 365/969/918 344/954/907
f 365/969/918 366/958/910 344/954/907
f 366/958/910 365/969/918 368/970/919
f 369/960/912 366/958/910 368/970/919
f 376/971/920 369/960/912 368/970/919
f 375/972/921 369/960/912 376/971/920
f 375/972/921 374/961/913 369/960/912
f 386/964/915 374/961/913 375/972/921
f 436/973/922 386/964/915 375/972/921
f 436/973/922 375/972/921 435/974/923
f 375/972/921 376/971/920 435/974/923
f 435/974/923 376/971/920 434/975/924
f 371/976/925 376/971/920 368/970/919
f 376/971/920 371/976/925 434/975/924
f 368/970/919 370/977/926 371/976/925
f 434/975/924 371/976/925 433/978/927
f 371/976/925 370/977/926 433/978/927
f 433/978/927 437/979/928 434/975/924
f 434/975/924 437/979/928 435/974/923
f 437/979/928 438/980/929 435/974/923
f 439/981/930 436/973/922 435/974/923
f 438/980/929 439/981/930 435/974/923
f 436/973/922 440/982/931 386/964/915
f 440/982/931 436/973/922 439/981/930
f 386/964/915 402/983/932 388/965/916
f 386/964/915 440/982/931 402/983/932
f 388/965/916 403/345/344 389/346/345
f 402/983/932 403/345/344 388/965/916
f 403/345/344 402/983/932 445/984/933
f 403/345/344 445/984/933 446/344/343
f 402/983/932 440/982/931 443/985/934
f 445/984/933 402/983/932 443/985/934
f 440/982/931 439/981/930 443/985/934
f 439/981/930 444/986/935 443/985/934
f 443/985/934 444/986/935 445/984/933
f 439/981/930 438/980/929 442/987/936
f 442/987/936 444/986/935 439/981/930
f 438/980/929 437/979/928 442/987/936
f 437/979/928 432/988/937 441/989/938
f 441/989/938 442/987/936 437/979/928
f 432/988/937 437/979/928 433/978/927
f 442/987/936 441/989/938 449/990/939
f 442/987/936 449/990/939 444/986/935
f 444/986/935 447/991/940 445/984/933
f 449/990/939 447/991/940 444/986/935
f 447/991/940 446/344/343 445/984/933
f 446/344/343 447/991/940 493/992/941
f 494/343/342 446/344/343 493/992/941
f 447/991/940 492/993/942 493/992/941
f 447/991/940 449/990/939 492/993/942
f 492/993/942 813/994/943 493/992/941
f 449/990/939 491/995/944 492/993/942
f 813/994/943 492/993/942 491/995/944
f 449/990/939 448/996/945 491/995/944
f 448/996/945 449/990/939 441/989/938
f 441/989/938 432/988/937 448/996/945
f 448/996/945 432/988/937 431/997/946
f 448/996/945 431/997/946 490/998/947
f 491/995/944 448/996/945 490/998/947
f 491/995/944 490/998/947 817/999/948
f 817/999/948 813/994/943 491/995/944
f 490/998/947 818/1000/949 817/999/948
f 813/994/943 817/999/948 819/1001/950
f 819/1001/950 817/999/948 818/1000/949
f 819/1001/950 842/1002/951 813/994/943
f 813/994/943 814/1003/952 493/992/941
f 814/1003/952 813/994/943 842/1002/951
f 814/1003/952 494/343/342 493/992/941
f 814/1003/952 856/342/341 494/343/342
f 842/1002/951 868/1004/953 814/1003/952
f 856/342/341 814/1003/952 868/1004/953
f 867/341/340 856/342/341 868/1004/953
f 867/341/340 868/1004/953 866/1005/954
f 840/1006/955 866/1005/954 868/1004/953
f 842/1002/951 840/1006/955 868/1004/953
f 840/1006/955 842/1002/951 841/1007/956
f 842/1002/951 819/1001/950 841/1007/956
f 841/1007/956 819/1001/950 815/1008/957
f 794/1009/958 819/1001/950 818/1000/949
f 819/1001/950 794/1009/958 815/1008/957
f 818/1000/949 788/1010/959 794/1009/958
f 489/1011/960 788/1010/959 818/1000/949
f 490/998/947 489/1011/960 818/1000/949
f 490/998/947 431/997/946 489/1011/960
f 430/1012/961 488/1013/962 489/1011/960
f 431/997/946 430/1012/961 489/1011/960
f 488/1013/962 779/1014/963 489/1011/960
f 788/1010/959 489/1011/960 779/1014/963
f 777/1015/964 788/1010/959 779/1014/963
f 777/1015/964 778/1016/965 788/1010/959
f 778/1016/965 794/1009/958 788/1010/959
f 777/1015/964 779/1014/963 778/1016/965
f 778/1016/965 789/1017/966 794/1009/958
f 768/1018/967 815/1008/957 794/1009/958
f 789/1017/966 768/1018/967 794/1009/958
f 768/1018/967 769/1019/968 815/1008/957
f 815/1008/957 816/1020/969 841/1007/956
f 769/1019/968 816/1020/969 815/1008/957
f 816/1020/969 847/1021/970 841/1007/956
f 841/1007/956 847/1021/970 840/1006/955
f 840/1006/955 861/1022/971 866/1005/954
f 847/1021/970 861/1022/971 840/1006/955
f 866/1005/954 821/1023/972 834/1024/973
f 861/1022/971 821/1023/972 866/1005/954
f 834/1024/973 867/341/340 866/1005/954
f 834/1024/973 827/340/339 867/341/340
f 827/340/339 834/1024/973 759/1025/974
f 759/1025/974 834/1024/973 821/1023/972
f 759/1025/974 758/339/338 827/340/339
f 759/1025/974 760/338/337 758/339/338
f 760/338/337 759/1025/974 761/1026/975
f 760/338/337 761/1026/975 849/336/335
f 759/1025/974 821/1023/972 822/1027/976
f 822/1027/976 761/1026/975 759/1025/974
f 761/1026/975 822/1027/976 850/1028/977
f 761/1026/975 850/1028/977 849/336/335
f 850/1028/977 865/337/336 849/336/335
f 865/337/336 850/1028/977 863/1029/978
f 822/1027/976 852/1030/979 850/1028/977
f 850/1028/977 852/1030/979 863/1029/978
f 852/1030/979 826/1031/980 863/1029/978
f 826/1031/980 864/1032/626 863/1029/978
f 864/1032/626 826/1031/980 879/1033/627
f 879/1033/627 824/1034/981 860/1035/629
f 826/1031/980 824/1034/981 879/1033/627
f 824/1034/981 826/1031/980 825/1036/982
f 826/1031/980 852/1030/979 825/1036/982
f 825/1036/982 852/1030/979 822/1027/976
f 825/1036/982 822/1027/976 855/1037/983
f 822/1027/976 821/1023/972 855/1037/983
f 855/1037/983 824/1034/981 825/1036/982
f 821/1023/972 862/1038/984 855/1037/983
f 861/1022/971 862/1038/984 821/1023/972
f 847/1021/970 880/1039/985 861/1022/971
f 880/1039/985 862/1038/984 861/1022/971
f 847/1021/970 854/1040/986 880/1039/985
f 816/1020/969 854/1040/986 847/1021/970
f 769/1019/968 853/1041/987 816/1020/969
f 853/1041/987 854/1040/986 816/1020/969
f 853/1041/987 843/1042/988 854/1040/986
f 854/1040/986 844/1043/989 880/1039/985
f 843/1042/988 844/1043/989 854/1040/986
f 880/1039/985 857/1044/990 862/1038/984
f 844/1043/989 857/1044/990 880/1039/985
f 862/1038/984 859/1045/991 855/1037/983
f 857/1044/990 859/1045/991 862/1038/984
f 859/1045/991 824/1034/981 855/1037/983
f 824/1034/981 859/1045/991 860/1035/629
f 858/1046/631 860/1035/629 859/1045/991
f 857/1044/990 858/1046/631 859/1045/991
f 846/1047/635 858/1046/631 857/1044/990
f 844/1043/989 846/1047/635 857/1044/990
f 845/1048/648 846/1047/635 844/1043/989
f 843/1042/988 845/1048/648 844/1043/989
f 845/1048/648 843/1042/988 807/1049/650
f 843/1042/988 806/1050/992 807/1049/650
f 806/1050/992 843/1042/988 853/1041/987
f 802/1051/993 806/1050/992 853/1041/987
f 802/1051/993 853/1041/987 770/1052/994
f 853/1041/987 769/1019/968 770/1052/994
f 768/1018/967 766/1053/994 769/1019/968
f 766/1053/994 770/1052/994 769/1019/968
f 768/1018/967 767/1054/995 766/1053/994
f 790/1055/996 767/1054/995 768/1018/967
f 789/1017/966 790/1055/996 768/1018/967
f 767/1054/995 790/1055/996 792/1056/997
f 767/1054/995 792/1056/997 798/1057/998
f 767/1054/995 798/1057/998 766/1053/994
f 795/1058/999 228/1059/1000 766/1053/994
f 798/1057/998 795/1058/999 766/1053/994
f 228/1059/1000 770/1052/994 766/1053/994
f 770/1052/994 228/1059/1000 796/1060/1001
f 801/1061/1002 770/1052/994 796/1060/1001
f 801/1061/1002 802/1051/993 770/1052/994
f 801/1061/1002 803/1062/1003 802/1051/993
f 806/1050/992 802/1051/993 805/1063/1004
f 803/1062/1003 805/1063/1004 802/1051/993
f 806/1050/992 805/1063/1004 807/1049/650
f 805/1063/1004 808/1064/1005 807/1049/650
f 805/1063/1004 762/1065/1006 808/1064/1005
f 762/1065/1006 763/1066/1007 808/1064/1005
f 805/1063/1004 797/1067/1008 762/1065/1006
f 805/1063/1004 803/1062/1003 797/1067/1008
f 801/1061/1002 804/1068/1009 803/1062/1003
f 803/1062/1003 804/1068/1009 797/1067/1008
f 801/1061/1002 796/1060/1001 804/1068/1009
f 228/1059/1000 229/1069/1010 796/1060/1001
f 804/1068/1009 796/1060/1001 799/1070/1011
f 796/1060/1001 229/1069/1010 799/1070/1011
f 804/1068/1009 799/1070/1011 225/1071/1012
f 797/1067/1008 804/1068/1009 225/1071/1012
f 797/1067/1008 225/1071/1012 764/1072/1013
f 764/1072/1013 762/1065/1006 797/1067/1008
f 762/1065/1006 764/1072/1013 763/1066/1007
f 764/1072/1013 765/1073/1014 763/1066/1007
f 226/1074/1015 765/1073/1014 764/1072/1013
f 225/1071/1012 226/1074/1015 764/1072/1013
f 225/1071/1012 227/1075/1016 226/1074/1015
f 800/1076/1017 227/1075/1016 225/1071/1012
f 799/1070/1011 800/1076/1017 225/1071/1012
f 799/1070/1011 229/1069/1010 800/1076/1017
f 229/1069/1010 230/1077/1018 800/1076/1017
f 228/1059/1000 3/1078/1019 229/1069/1010
f 3/1078/1019 230/1077/1018 229/1069/1010
f 228/1059/1000 795/1058/999 3/1078/1019
f 798/1057/998 2/1079/1020 795/1058/999
f 2/1079/1020 3/1078/1019 795/1058/999
f 798/1057/998 233/1080/1021 2/1079/1020
f 792/1056/997 233/1080/1021 798/1057/998
f 2/1079/1020 1/1081/1022 3/1078/1019
f 233/1080/1021 232/1082/1023 2/1079/1020
f 2/1079/1020 232/1082/1023 1/1081/1022
f 1/1081/1022 231/1083/1024 3/1078/1019
f 232/1082/1023 231/1083/1024 1/1081/1022
f 231/1083/1024 230/1077/1018 3/1078/1019
f 233/1080/1021 234/1084/837 232/1082/1023
f 235/1085/838 234/1084/837 233/1080/1021
f 793/1086/1025 235/1085/838 233/1080/1021
f 793/1086/1025 233/1080/1021 792/1056/997
f 791/1087/1026 793/1086/1025 792/1056/997
f 792/1056/997 790/1055/996 791/1087/1026
f 791/1087/1026 784/1088/1027 793/1086/1025
f 786/1089/1028 235/1085/838 793/1086/1025
f 793/1086/1025 784/1088/1027 786/1089/1028
f 235/1085/838 786/1089/1028 785/1090/1029
f 786/1089/1028 784/1088/1027 785/1090/1029
f 425/1091/1030 785/1090/1029 483/1092/1031
f 785/1090/1029 784/1088/1027 483/1092/1031
f 483/1092/1031 784/1088/1027 783/1093/1032
f 783/1093/1032 784/1088/1027 791/1087/1026
f 787/1094/1033 783/1093/1032 791/1087/1026
f 791/1087/1026 771/1095/1034 787/1094/1033
f 790/1055/996 771/1095/1034 791/1087/1026
f 787/1094/1033 772/1096/1035 783/1093/1032
f 771/1095/1034 772/1096/1035 787/1094/1033
f 771/1095/1034 773/1097/1036 772/1096/1035
f 772/1096/1035 773/1097/1036 783/1093/1032
f 484/1098/1037 483/1092/1031 783/1093/1032
f 783/1093/1032 773/1097/1036 484/1098/1037
f 483/1092/1031 484/1098/1037 427/1099/1038
f 483/1092/1031 427/1099/1038 426/1100/1039
f 425/1091/1030 483/1092/1031 426/1100/1039
f 425/1091/1030 426/1100/1039 288/1101/1040
f 426/1100/1039 427/1099/1038 288/1101/1040
f 288/1101/1040 424/885/840 425/1091/1030
f 424/885/840 288/1101/1040 236/884/839
f 288/1101/1040 267/888/843 236/884/839
f 287/1102/1041 267/888/843 288/1101/1040
f 290/1103/1042 287/1102/1041 288/1101/1040
f 427/1099/1038 290/1103/1042 288/1101/1040
f 427/1099/1038 428/1104/1043 290/1103/1042
f 484/1098/1037 428/1104/1043 427/1099/1038
f 428/1104/1043 484/1098/1037 485/1105/1044
f 773/1097/1036 485/1105/1044 484/1098/1037
f 485/1105/1044 773/1097/1036 776/1106/1045
f 773/1097/1036 771/1095/1034 775/1107/1046
f 776/1106/1045 773/1097/1036 775/1107/1046
f 771/1095/1034 790/1055/996 775/1107/1046
f 775/1107/1046 790/1055/996 789/1017/966
f 780/1108/1047 775/1107/1046 789/1017/966
f 778/1016/965 780/1108/1047 789/1017/966
f 775/1107/1046 774/1109/1048 776/1106/1045
f 775/1107/1046 780/1108/1047 774/1109/1048
f 774/1109/1048 781/1110/1049 776/1106/1045
f 780/1108/1047 781/1110/1049 774/1109/1048
f 780/1108/1047 782/1111/1050 781/1110/1049
f 782/1111/1050 780/1108/1047 778/1016/965
f 782/1111/1050 776/1106/1045 781/1110/1049
f 486/1112/1051 776/1106/1045 782/1111/1050
f 486/1112/1051 485/1105/1044 776/1106/1045
f 486/1112/1051 429/1113/1052 485/1105/1044
f 429/1113/1052 428/1104/1043 485/1105/1044
f 428/1104/1043 429/1113/1052 422/1114/1053
f 428/1104/1043 422/1114/1053 290/1103/1042
f 287/1102/1041 290/1103/1042 289/1115/1054
f 290/1103/1042 422/1114/1053 289/1115/1054
f 289/1115/1054 267/888/843 287/1102/1041
f 267/888/843 289/1115/1054 300/898/853
f 300/898/853 289/1115/1054 302/1116/1055
f 422/1114/1053 302/1116/1055 289/1115/1054
f 422/1114/1053 423/1117/1056 302/1116/1055
f 429/1113/1052 423/1117/1056 422/1114/1053
f 302/1116/1055 301/1118/1057 300/898/853
f 423/1117/1056 303/1119/1058 302/1116/1055
f 302/1116/1055 303/1119/1058 301/1118/1057
f 423/1117/1056 316/1120/1059 303/1119/1058
f 303/1119/1058 304/1121/1060 301/1118/1057
f 316/1120/1059 317/1122/1061 303/1119/1058
f 317/1122/1061 304/1121/1060 303/1119/1058
f 317/1122/1061 318/1123/1062 304/1121/1060
f 304/1121/1060 305/1124/1063 301/1118/1057
f 318/1123/1062 305/1124/1063 304/1121/1060
f 301/1118/1057 299/899/854 300/898/853
f 305/1124/1063 299/899/854 301/1118/1057
f 299/899/854 305/1124/1063 298/900/855
f 305/1124/1063 306/947/900 298/900/855
f 305/1124/1063 318/1123/1062 306/947/900
f 318/1123/1062 319/948/901 306/947/900
f 317/1122/1061 328/1125/1064 318/1123/1062
f 318/1123/1062 328/1125/1064 319/948/901
f 317/1122/1061 316/1120/1059 327/1126/1065
f 327/1126/1065 328/1125/1064 317/1122/1061
f 316/1120/1059 326/1127/1066 327/1126/1065
f 423/1117/1056 384/1128/1067 316/1120/1059
f 326/1127/1066 316/1120/1059 384/1128/1067
f 423/1117/1056 430/1012/961 384/1128/1067
f 429/1113/1052 430/1012/961 423/1117/1056
f 486/1112/1051 487/1129/1068 429/1113/1052
f 429/1113/1052 488/1013/962 430/1012/961
f 487/1129/1068 488/1013/962 429/1113/1052
f 488/1013/962 487/1129/1068 779/1014/963
f 487/1129/1068 782/1111/1050 779/1014/963
f 487/1129/1068 486/1112/1051 782/1111/1050
f 779/1014/963 782/1111/1050 778/1016/965
f 328/1125/1064 335/949/902 319/948/901
f 328/1125/1064 352/1130/1069 335/949/902
f 352/1130/1069 328/1125/1064 327/1126/1065
f 351/1131/1070 352/1130/1069 327/1126/1065
f 327/1126/1065 326/1127/1066 351/1131/1070
f 351/1131/1070 326/1127/1066 362/1132/1071
f 362/1132/1071 326/1127/1066 384/1128/1067
f 431/997/946 362/1132/1071 384/1128/1067
f 430/1012/961 431/997/946 384/1128/1067
f 431/997/946 432/988/937 362/1132/1071
f 351/1131/1070 362/1132/1071 359/1133/1072
f 432/988/937 359/1133/1072 362/1132/1071
f 351/1131/1070 358/1134/1073 352/1130/1069
f 358/1134/1073 351/1131/1070 359/1133/1072
f 360/1135/1074 358/1134/1073 359/1133/1072
f 432/988/937 360/1135/1074 359/1133/1072
f 432/988/937 433/978/927 360/1135/1074
f 364/1136/1075 433/978/927 370/977/926
f 433/978/927 364/1136/1075 360/1135/1074
f 358/1134/1073 360/1135/1074 357/1137/1076
f 360/1135/1074 364/1136/1075 357/1137/1076
f 357/1137/1076 356/1138/1077 358/1134/1073
f 358/1134/1073 356/1138/1077 352/1130/1069
f 352/1130/1069 353/950/903 335/949/902
f 356/1138/1077 353/950/903 352/1130/1069
f 353/950/903 356/1138/1077 354/951/904
f 356/1138/1077 355/1139/1078 354/951/904
f 356/1138/1077 357/1137/1076 355/1139/1078
f 354/951/904 355/1139/1078 349/952/905
f 357/1137/1076 361/1140/1079 355/1139/1078
f 355/1139/1078 361/1140/1079 349/952/905
f 357/1137/1076 364/1136/1075 361/1140/1079
f 361/1140/1079 364/1136/1075 363/1141/1080
f 363/1141/1080 364/1136/1075 370/977/926
f 370/977/926 368/970/919 363/1141/1080
f 368/970/919 365/969/918 363/1141/1080
f 350/1142/1081 361/1140/1079 363/1141/1080
f 363/1141/1080 365/969/918 350/1142/1081
f 361/1140/1079 350/1142/1081 349/952/905
f 349/952/905 350/1142/1081 347/953/906
f 365/969/918 347/953/906 350/1142/1081
f 314/1143/873 315/673/654 47/672/653
f 47/672/653 313/1144/871 314/1143/873
f 46/671/652 45/1145/1082 47/672/653
f 313/1144/871 47/672/653 45/1145/1082
f 291/1146/871 313/1144/871 45/1145/1082
f 282/1147/869 291/1146/871 45/1145/1082
f 256/1148/1083 282/1147/869 45/1145/1082
f 259/1149/862 282/1147/869 256/1148/1083
f 259/1149/862 256/1148/1083 254/1150/1084
f 258/1151/1085 259/1149/862 254/1150/1084
f 257/1152/842 258/1151/1085 254/1150/1084
f 255/1153/1086 257/1152/842 254/1150/1084
f 253/1154/1087 255/1153/1086 254/1150/1084
f 253/1154/1087 254/1150/1084 252/1155/1088
f 254/1150/1084 256/1148/1083 252/1155/1088
f 256/1148/1083 45/1145/1082 252/1155/1088
f 245/1156/1089 246/1157/1090 45/1145/1082
f 45/1145/1082 246/1157/1090 252/1155/1088
f 45/1145/1082 49/1158/1091 245/1156/1089
f 49/1158/1091 45/1145/1082 46/671/652
f 49/1158/1091 46/671/652 6/1159/1092
f 54/1160/1093 46/671/652 55/670/651
f 6/1159/1092 46/671/652 54/1160/1093
f 55/670/651 187/1161/1094 54/1160/1093
f 187/1161/1094 55/670/651 188/668/649
f 188/668/649 206/669/650 187/1161/1094
f 206/669/650 204/1162/1005 187/1161/1094
f 187/1161/1094 204/1162/1005 54/1160/1093
f 204/1162/1005 205/1163/1007 54/1160/1093
f 205/1163/1007 5/1164/1095 54/1160/1093
f 5/1164/1095 6/1159/1092 54/1160/1093
f 205/1163/1007 211/1165/1014 5/1164/1095
f 5/1164/1095 4/1166/1096 6/1159/1092
f 4/1166/1096 5/1164/1095 211/1165/1014
f 4/1166/1096 212/1167/1097 6/1159/1092
f 212/1167/1097 49/1158/1091 6/1159/1092
f 49/1158/1091 212/1167/1097 215/1168/1098
f 216/1169/1099 49/1158/1091 215/1168/1098
f 245/1156/1089 49/1158/1091 216/1169/1099
f 244/1170/1100 245/1156/1089 216/1169/1099
f 245/1156/1089 244/1170/1100 249/1171/1101
f 249/1171/1101 247/1172/1102 245/1156/1089
f 247/1172/1102 246/1157/1090 245/1156/1089
f 252/1155/1088 246/1157/1090 247/1172/1102
f 251/1173/1103 252/1155/1088 247/1172/1102
f 253/1154/1087 252/1155/1088 251/1173/1103
f 250/1174/1104 253/1154/1087 251/1173/1103
f 250/1174/1104 251/1173/1103 247/1172/1102
f 248/1175/1105 250/1174/1104 247/1172/1102
f 247/1172/1102 249/1171/1101 248/1175/1105
f 244/1170/1100 248/1175/1105 249/1171/1101
f 244/1170/1100 253/1154/1087 248/1175/1105
f 253/1154/1087 250/1174/1104 248/1175/1105
f 244/1170/1100 255/1153/1086 253/1154/1087
f 241/1176/1106 243/1177/1107 244/1170/1100
f 243/1177/1107 255/1153/1086 244/1170/1100
f 244/1170/1100 216/1169/1099 241/1176/1106
f 255/1153/1086 243/1177/1107 257/1152/842
f 242/1178/836 257/1152/842 243/1177/1107
f 242/1178/836 243/1177/1107 241/1176/1106
f 240/1179/837 242/1178/836 241/1176/1106
f 240/1179/837 241/1176/1106 219/1180/1108
f 216/1169/1099 219/1180/1108 241/1176/1106
f 215/1168/1098 214/1181/1109 216/1169/1099
f 216/1169/1099 214/1181/1109 219/1180/1108
f 219/1180/1108 214/1181/1109 220/1182/1110
f 220/1182/1110 240/1179/837 219/1180/1108
f 214/1181/1109 221/1183/1024 220/1182/1110
f 215/1168/1098 218/1184/1111 214/1181/1109
f 218/1184/1111 221/1183/1024 214/1181/1109
f 215/1168/1098 217/1185/1112 218/1184/1111
f 215/1168/1098 212/1167/1097 217/1185/1112
f 4/1166/1096 213/1186/1113 212/1167/1097
f 212/1167/1097 213/1186/1113 217/1185/1112
f 4/1166/1096 224/1187/1114 213/1186/1113
f 213/1186/1113 222/1188/1017 217/1185/1112
f 224/1187/1114 222/1188/1017 213/1186/1113
f 222/1188/1017 223/1189/1018 217/1185/1112
f 218/1184/1111 217/1185/1112 223/1189/1018
f 221/1183/1024 218/1184/1111 223/1189/1018
f 210/1190/1115 224/1187/1114 4/1166/1096
f 210/1190/1115 4/1166/1096 211/1165/1014
f 912/717/693 928/745/720 911/718/694
f 928/745/720 912/717/693 929/1191/1116
f 928/745/720 929/1191/1116 1020/1192/1117
f 1019/746/721 928/745/720 1020/1192/1117
f 929/1191/1116 1021/1193/1118 1020/1192/1117
f 912/717/693 931/1194/1119 929/1191/1116
f 929/1191/1116 931/1194/1119 1021/1193/1118
f 912/717/693 930/1195/1120 931/1194/1119
f 942/715/691 930/1195/1120 912/717/693
f 942/715/691 944/1196/1121 930/1195/1120
f 944/1196/1121 942/715/691 1260/716/692
f 944/1196/1121 1260/716/692 1259/1197/1122
f 943/1198/1123 944/1196/1121 1259/1197/1122
f 1219/1199/1124 943/1198/1123 1259/1197/1122
f 1218/1200/1125 943/1198/1123 1219/1199/1124
f 1197/1201/1126 943/1198/1123 1218/1200/1125
f 1196/1202/1127 938/1203/1128 1197/1201/1126
f 938/1203/1128 943/1198/1123 1197/1201/1126
f 1196/1202/1127 1195/1204/1129 938/1203/1128
f 1173/1205/1129 939/1206/1130 1195/1204/1129
f 939/1206/1130 938/1203/1128 1195/1204/1129
f 1173/1205/1129 1164/1207/1131 939/1206/1130
f 1138/1208/1132 1164/1207/1131 1141/1209/1133
f 939/1206/1130 1164/1207/1131 1138/1208/1132
f 1141/1209/1133 1136/1210/1134 1138/1208/1132
f 1141/1209/1133 1140/1211/1135 1136/1210/1134
f 1136/1210/1134 1140/1211/1135 1139/1212/1136
f 1137/1213/1137 1136/1210/1134 1139/1212/1136
f 1137/1213/1137 1139/1212/1136 1125/1214/1138
f 1139/1212/1136 1124/1215/1139 1125/1214/1138
f 1137/1213/1137 1125/1214/1138 1126/1216/1140
f 1124/1215/1139 1123/1217/1141 1125/1214/1138
f 1126/1216/1140 1125/1214/1138 1123/1217/1141
f 1124/1215/1139 1122/1218/1142 1123/1217/1141
f 1102/1219/1143 1103/1220/1144 1122/1218/1142
f 1103/1220/1144 1123/1217/1141 1122/1218/1142
f 1123/1217/1141 1103/1220/1144 1098/1221/1145
f 1098/1221/1145 1126/1216/1140 1123/1217/1141
f 1103/1220/1144 1097/1222/1146 1098/1221/1145
f 1097/1222/1146 1103/1220/1144 1102/1219/1143
f 1101/1223/1147 1097/1222/1146 1102/1219/1143
f 1097/1222/1146 1101/1223/1147 1099/1224/1148
f 1101/1223/1147 1104/1225/1149 1099/1224/1148
f 1097/1222/1146 1099/1224/1148 1096/1226/1150
f 1096/1226/1150 1098/1221/1145 1097/1222/1146
f 1099/1224/1148 1100/1227/1151 1096/1226/1150
f 1104/1225/1149 1100/1227/1151 1099/1224/1148
f 1104/1225/1149 1105/1228/1152 1100/1227/1151
f 1105/1228/1152 1095/1229/1153 1100/1227/1151
f 1105/1228/1152 1106/1230/1154 1095/1229/1153
f 1095/1229/1153 1094/1231/1155 1100/1227/1151
f 1094/1231/1155 1096/1226/1150 1100/1227/1151
f 1094/1231/1155 940/1232/1156 1096/1226/1150
f 940/1232/1156 1098/1221/1145 1096/1226/1150
f 940/1232/1156 1127/1233/1157 1098/1221/1145
f 1127/1233/1157 1126/1216/1140 1098/1221/1145
f 1127/1233/1157 1131/1234/1158 1126/1216/1140
f 1131/1234/1158 1129/1235/1159 1126/1216/1140
f 1126/1216/1140 1135/1236/1160 1137/1213/1137
f 1135/1236/1160 1126/1216/1140 1129/1235/1159
f 1135/1236/1160 1136/1210/1134 1137/1213/1137
f 1135/1236/1160 1134/1237/1161 1136/1210/1134
f 1134/1237/1161 1138/1208/1132 1136/1210/1134
f 939/1206/1130 1138/1208/1132 1134/1237/1161
f 1128/1238/1162 939/1206/1130 1134/1237/1161
f 1128/1238/1162 1134/1237/1161 1130/1239/1163
f 1133/1240/1164 1134/1237/1161 1135/1236/1160
f 1134/1237/1161 1133/1240/1164 1130/1239/1163
f 1135/1236/1160 1132/1241/1165 1133/1240/1164
f 1132/1241/1165 1135/1236/1160 1129/1235/1159
f 1129/1235/1159 1130/1239/1163 1132/1241/1165
f 1129/1235/1159 1131/1234/1158 1130/1239/1163
f 1131/1234/1158 1127/1233/1157 1130/1239/1163
f 940/1232/1156 939/1206/1130 1127/1233/1157
f 1127/1233/1157 1128/1238/1162 1130/1239/1163
f 939/1206/1130 1128/1238/1162 1127/1233/1157
f 1130/1239/1163 1133/1240/1164 1132/1241/1165
f 901/1242/1166 1094/1231/1155 1095/1229/1153
f 1106/1230/1154 901/1242/1166 1095/1229/1153
f 901/1242/1166 1106/1230/1154 1093/1243/1167
f 1092/1244/1168 901/1242/1166 1093/1243/1167
f 1086/1245/1169 900/1246/1170 1092/1244/1168
f 900/1246/1170 901/1242/1166 1092/1244/1168
f 900/1246/1170 902/1247/1171 901/1242/1166
f 901/1242/1166 902/1247/1171 1094/1231/1155
f 902/1247/1171 940/1232/1156 1094/1231/1155
f 902/1247/1171 937/1248/1172 940/1232/1156
f 937/1248/1172 939/1206/1130 940/1232/1156
f 938/1203/1128 939/1206/1130 937/1248/1172
f 936/1249/1173 938/1203/1128 937/1248/1172
f 938/1203/1128 936/1249/1173 943/1198/1123
f 936/1249/1173 933/1250/1174 943/1198/1123
f 943/1198/1123 933/1250/1174 944/1196/1121
f 933/1250/1174 930/1195/1120 944/1196/1121
f 933/1250/1174 934/1251/1175 930/1195/1120
f 931/1194/1119 930/1195/1120 932/1252/1176
f 934/1251/1175 932/1252/1176 930/1195/1120
f 931/1194/1119 932/1252/1176 1022/1253/1177
f 932/1252/1176 934/1251/1175 1022/1253/1177
f 1022/1253/1177 1021/1193/1118 931/1194/1119
f 934/1251/1175 1023/1254/1178 1022/1253/1177
f 934/1251/1175 933/1250/1174 935/1255/1179
f 934/1251/1175 935/1255/1179 1023/1254/1178
f 933/1250/1174 936/1249/1173 949/1256/1180
f 935/1255/1179 933/1250/1174 949/1256/1180
f 936/1249/1173 948/1257/1181 949/1256/1180
f 936/1249/1173 937/1248/1172 947/1258/1182
f 948/1257/1181 936/1249/1173 947/1258/1182
f 948/1257/1181 947/1258/1182 1072/1259/1183
f 948/1257/1181 1072/1259/1183 949/1256/1180
f 1072/1259/1183 1073/1260/1184 949/1256/1180
f 949/1256/1180 1073/1260/1184 935/1255/1179
f 935/1255/1179 1024/1261/1185 1023/1254/1178
f 1073/1260/1184 1024/1261/1185 935/1255/1179
f 1073/1260/1184 1072/1259/1183 1091/1262/1186
f 1073/1260/1184 1091/1262/1186 1024/1261/1185
f 1023/1254/1178 1024/1261/1185 1085/1263/1187
f 1091/1262/1186 1085/1263/1187 1024/1261/1185
f 1085/1263/1187 1084/1264/1188 1023/1254/1178
f 1022/1253/1177 1023/1254/1178 1074/1265/1189
f 1023/1254/1178 1084/1264/1188 1074/1265/1189
f 1084/1264/1188 1083/1266/1190 1074/1265/1189
f 1083/1266/1190 1082/1267/1191 1074/1265/1189
f 1074/1265/1189 1082/1267/1191 1081/1268/1192
f 1022/1253/1177 1074/1265/1189 1081/1268/1192
f 1022/1253/1177 1081/1268/1192 1080/1269/1193
f 1021/1193/1118 1022/1253/1177 1080/1269/1193
f 1079/1270/1194 1021/1193/1118 1080/1269/1193
f 1020/1192/1117 1021/1193/1118 1079/1270/1194
f 1078/1271/1195 1020/1192/1117 1079/1270/1194
f 1078/1271/1195 1077/1272/1196 1020/1192/1117
f 1020/1192/1117 1077/1272/1196 1019/746/721
f 1077/1272/1196 1076/1273/1197 1019/746/721
f 1075/747/722 1019/746/721 1076/1273/1197
f 1072/1259/1183 1090/1274/1198 1091/1262/1186
f 947/1258/1182 1071/1275/1199 1072/1259/1183
f 1072/1259/1183 1071/1275/1199 1090/1274/1198
f 1071/1275/1199 1089/1276/1200 1090/1274/1198
f 1071/1275/1199 1070/1277/1201 1089/1276/1200
f 1070/1277/1201 1088/1278/1202 1089/1276/1200
f 1071/1275/1199 946/1279/1203 1070/1277/1201
f 947/1258/1182 946/1279/1203 1071/1275/1199
f 937/1248/1172 946/1279/1203 947/1258/1182
f 902/1247/1171 945/1280/1204 937/1248/1172
f 946/1279/1203 937/1248/1172 945/1280/1204
f 902/1247/1171 900/1246/1170 945/1280/1204
f 900/1246/1170 1086/1245/1169 945/1280/1204
f 1086/1245/1169 1087/1281/1205 945/1280/1204
f 946/1279/1203 945/1280/1204 1069/1282/1206
f 1087/1281/1205 1069/1282/1206 945/1280/1204
f 1069/1282/1206 1070/1277/1201 946/1279/1203
f 1088/1278/1202 1070/1277/1201 1069/1282/1206
f 1087/1281/1205 1088/1278/1202 1069/1282/1206
f 1037/565/560 1039/566/561 1038/1283/1207
f 1039/566/561 1040/567/562 1038/1283/1207
f 1054/808/773 1055/807/772 1061/1284/59
f 1055/807/772 1062/1285/60 1061/1284/59
f 1120/1286/1208 1121/1287/1209 1119/1288/1139
f 1118/1289/1210 1120/1286/1208 1119/1288/1139
f 1301/1290/1211 1120/1286/1208 1118/1289/1210
f 1119/1288/1139 1142/1291/1212 1118/1289/1210
f 1119/1288/1139 1143/1292/1213 1142/1291/1212
f 1118/1289/1210 1142/1291/1212 1149/1293/1214
f 1143/1292/1213 1148/1294/1215 1142/1291/1212
f 1142/1291/1212 1148/1294/1215 1149/1293/1214
f 1143/1292/1213 1147/1295/1216 1148/1294/1215
f 1149/1293/1214 1148/1294/1215 1182/1296/1217
f 1147/1295/1216 1153/1297/1218 1148/1294/1215
f 1182/1296/1217 1148/1294/1215 1154/1298/1219
f 1154/1298/1219 1148/1294/1215 1153/1297/1218
f 1154/1298/1219 1153/1297/1218 1155/1299/1220
f 1147/1295/1216 1155/1299/1220 1153/1297/1218
f 1155/1299/1220 1181/1300/1221 1154/1298/1219
f 1182/1296/1217 1154/1298/1219 1181/1300/1221
f 1183/1301/1222 1182/1296/1217 1181/1300/1221
f 1182/1296/1217 1183/1301/1222 1184/1302/1223
f 1171/1303/1224 1182/1296/1217 1184/1302/1223
f 1171/1303/1224 1149/1293/1214 1182/1296/1217
f 1171/1303/1224 1170/1304/1225 1149/1293/1214
f 1169/1305/1226 1149/1293/1214 1170/1304/1225
f 1118/1289/1210 1149/1293/1214 1169/1305/1226
f 1169/1305/1226 1301/1290/1211 1118/1289/1210
f 1301/1290/1211 1169/1305/1226 1302/1306/1227
f 1169/1305/1226 1303/1307/1228 1302/1306/1227
f 1302/1306/1227 1359/1308/1229 1707/1309/1211
f 1302/1306/1227 1303/1307/1228 1359/1308/1229
f 1304/1310/1230 1303/1307/1228 1169/1305/1226
f 1303/1307/1228 1304/1310/1230 1359/1308/1229
f 1169/1305/1226 1170/1304/1225 1172/1311/1231
f 1172/1311/1231 1304/1310/1230 1169/1305/1226
f 1170/1304/1225 1171/1303/1224 1172/1311/1231
f 1184/1302/1223 1299/1312/1232 1171/1303/1224
f 1299/1312/1232 1172/1311/1231 1171/1303/1224
f 1299/1312/1232 1305/1313/1233 1172/1311/1231
f 1305/1313/1233 1304/1310/1230 1172/1311/1231
f 1305/1313/1233 1360/1314/1234 1304/1310/1230
f 1360/1314/1234 1359/1308/1229 1304/1310/1230
f 1360/1314/1234 1517/1315/1235 1359/1308/1229
f 1359/1308/1229 1515/1316/1236 1707/1309/1211
f 1517/1315/1235 1515/1316/1236 1359/1308/1229
f 1707/1309/1211 1702/1317/1237 1117/1318/1238
f 1515/1316/1236 1702/1317/1237 1707/1309/1211
f 1702/1317/1237 1515/1316/1236 1516/1319/1239
f 1516/1319/1239 1117/1318/1238 1702/1317/1237
f 1515/1316/1236 1514/1320/1240 1516/1319/1239
f 1517/1315/1235 1514/1320/1240 1515/1316/1236
f 1516/1319/1239 1115/1321/1241 1117/1318/1238
f 1514/1320/1240 1574/1322/1242 1516/1319/1239
f 1574/1322/1242 1115/1321/1241 1516/1319/1239
f 1514/1320/1240 1682/1323/1243 1574/1322/1242
f 1574/1322/1242 1519/1324/1244 1115/1321/1241
f 1682/1323/1243 1521/1325/1245 1574/1322/1242
f 1521/1325/1245 1519/1324/1244 1574/1322/1242
f 1682/1323/1243 1560/1326/1246 1521/1325/1245
f 1521/1325/1245 1518/1327/1247 1519/1324/1244
f 1521/1325/1245 1560/1326/1246 1518/1327/1247
f 1518/1327/1247 1520/1328/1248 1519/1324/1244
f 1519/1324/1244 1520/1328/1248 897/1329/1249
f 1519/1324/1244 897/1329/1249 1115/1321/1241
f 897/1329/1249 1114/1330/1250 1115/1321/1241
f 1115/1321/1241 1116/1331/1209 1117/1318/1238
f 1114/1330/1250 1116/1331/1209 1115/1321/1241
f 898/1332/1251 1113/1333/1147 1114/1330/1250
f 1114/1330/1250 897/1329/1249 898/1332/1251
f 1113/1333/1147 898/1332/1251 899/1334/1252
f 897/1329/1249 899/1334/1252 898/1332/1251
f 1520/1328/1248 899/1334/1252 897/1329/1249
f 1520/1328/1248 1110/1335/1253 899/1334/1252
f 1518/1327/1247 1110/1335/1253 1520/1328/1248
f 1518/1327/1247 1638/1336/1247 1110/1335/1253
f 1638/1336/1247 1518/1327/1247 1639/1337/1254
f 1518/1327/1247 1560/1326/1246 1639/1337/1254
f 1563/1338/1255 1560/1326/1246 1561/1339/1256
f 1639/1337/1254 1560/1326/1246 1563/1338/1255
f 1560/1326/1246 1562/1340/1257 1561/1339/1256
f 1562/1340/1257 1560/1326/1246 1682/1323/1243
f 1682/1323/1243 1695/1341/1258 1562/1340/1257
f 1514/1320/1240 1697/1342/1259 1682/1323/1243
f 1695/1341/1258 1682/1323/1243 1697/1342/1259
f 1514/1320/1240 1701/1343/1260 1697/1342/1259
f 1514/1320/1240 1517/1315/1235 1701/1343/1260
f 1701/1343/1260 1704/1344/1261 1697/1342/1259
f 1704/1344/1261 1701/1343/1260 1517/1315/1235
f 1704/1344/1261 1696/1345/1262 1697/1342/1259
f 1695/1341/1258 1697/1342/1259 1696/1345/1262
f 1704/1344/1261 1517/1315/1235 1696/1345/1262
f 1696/1345/1262 1517/1315/1235 1360/1314/1234
f 1361/1346/1263 1696/1345/1262 1360/1314/1234
f 1361/1346/1263 1360/1314/1234 1305/1313/1233
f 1361/1346/1263 1698/1347/1264 1696/1345/1262
f 1698/1347/1264 1695/1341/1258 1696/1345/1262
f 1695/1341/1258 1698/1347/1264 1705/1348/1265
f 1693/1349/1266 1695/1341/1258 1705/1348/1265
f 1695/1341/1258 1693/1349/1266 1562/1340/1257
f 1691/1350/1267 1561/1339/1256 1562/1340/1257
f 1562/1340/1257 1693/1349/1266 1691/1350/1267
f 1691/1350/1267 1693/1349/1266 1692/1351/1268
f 1706/1352/1269 1692/1351/1268 1693/1349/1266
f 1706/1352/1269 1693/1349/1266 1705/1348/1265
f 1706/1352/1269 1705/1348/1265 1698/1347/1264
f 1692/1351/1268 1706/1352/1269 1698/1347/1264
f 1692/1351/1268 1698/1347/1264 1362/1353/1270
f 1362/1353/1270 1698/1347/1264 1361/1346/1263
f 1306/1354/1271 1362/1353/1270 1361/1346/1263
f 1305/1313/1233 1306/1354/1271 1361/1346/1263
f 1306/1354/1271 1305/1313/1233 1299/1312/1232
f 1300/1355/1272 1306/1354/1271 1299/1312/1232
f 1300/1355/1272 1299/1312/1232 1184/1302/1223
f 1185/1356/1273 1300/1355/1272 1184/1302/1223
f 1184/1302/1223 1183/1301/1222 1185/1356/1273
f 1185/1356/1273 1199/1357/1274 1300/1355/1272
f 1183/1301/1222 1186/1358/1275 1185/1356/1273
f 1185/1356/1273 1198/1359/1276 1199/1357/1274
f 1186/1358/1275 1198/1359/1276 1185/1356/1273
f 1183/1301/1222 1187/1360/1277 1186/1358/1275
f 1186/1358/1275 1200/1361/1278 1198/1359/1276
f 1187/1360/1277 1200/1361/1278 1186/1358/1275
f 1198/1359/1276 1209/1362/1279 1199/1357/1274
f 1200/1361/1278 1210/1363/1280 1198/1359/1276
f 1209/1362/1279 1198/1359/1276 1210/1363/1280
f 1200/1361/1278 1201/1364/1281 1210/1363/1280
f 1187/1360/1277 1188/1365/1282 1200/1361/1278
f 1188/1365/1282 1201/1364/1281 1200/1361/1278
f 1187/1360/1277 1180/1366/1283 1188/1365/1282
f 1183/1301/1222 1181/1300/1221 1187/1360/1277
f 1181/1300/1221 1180/1366/1283 1187/1360/1277
f 1180/1366/1283 1181/1300/1221 1155/1299/1220
f 1180/1366/1283 1155/1299/1220 1157/1367/1284
f 1147/1295/1216 1156/1368/1285 1155/1299/1220
f 1157/1367/1284 1155/1299/1220 1156/1368/1285
f 1147/1295/1216 1146/1369/1286 1156/1368/1285
f 1143/1292/1213 1146/1369/1286 1147/1295/1216
f 1156/1368/1285 1158/1370/1287 1157/1367/1284
f 1146/1369/1286 1158/1370/1287 1156/1368/1285
f 1158/1370/1287 1179/1371/1288 1157/1367/1284
f 1179/1371/1288 1180/1366/1283 1157/1367/1284
f 1179/1371/1288 1189/1372/1289 1180/1366/1283
f 1189/1372/1289 1188/1365/1282 1180/1366/1283
f 1189/1372/1289 1202/1373/1290 1188/1365/1282
f 1202/1373/1290 1201/1364/1281 1188/1365/1282
f 1201/1364/1281 1202/1373/1290 1217/1374/1291
f 1201/1364/1281 1217/1374/1291 1210/1363/1280
f 1210/1363/1280 1217/1374/1291 1234/1375/1292
f 1210/1363/1280 1234/1375/1292 1209/1362/1279
f 1209/1362/1279 1208/1376/1293 1199/1357/1274
f 1234/1375/1292 1233/1377/1294 1209/1362/1279
f 1233/1377/1294 1208/1376/1293 1209/1362/1279
f 1244/1378/1295 1208/1376/1293 1233/1377/1294
f 1265/1379/1296 1208/1376/1293 1244/1378/1295
f 1265/1379/1296 1199/1357/1274 1208/1376/1293
f 1199/1357/1274 1265/1379/1296 1300/1355/1272
f 1265/1379/1296 1307/1380/1297 1300/1355/1272
f 1307/1380/1297 1306/1354/1271 1300/1355/1272
f 1265/1379/1296 1308/1381/1298 1307/1380/1297
f 1244/1378/1295 1308/1381/1298 1265/1379/1296
f 1233/1377/1294 1241/1382/1299 1244/1378/1295
f 1244/1378/1295 1309/1383/1300 1308/1381/1298
f 1241/1382/1299 1309/1383/1300 1244/1378/1295
f 1241/1382/1299 1240/1384/1301 1242/1385/1302
f 1241/1382/1299 1242/1385/1302 1309/1383/1300
f 1241/1382/1299 1233/1377/1294 1240/1384/1301
f 1233/1377/1294 1234/1375/1292 1240/1384/1301
f 1217/1374/1291 1235/1386/1303 1234/1375/1292
f 1234/1375/1292 1238/1387/1304 1240/1384/1301
f 1234/1375/1292 1235/1386/1303 1238/1387/1304
f 1238/1387/1304 1239/1388/1305 1240/1384/1301
f 1239/1388/1305 1242/1385/1302 1240/1384/1301
f 1246/1389/1306 1242/1385/1302 1239/1388/1305
f 1246/1389/1306 1310/1390/1307 1242/1385/1302
f 1310/1390/1307 1309/1383/1300 1242/1385/1302
f 1314/1391/1308 1309/1383/1300 1310/1390/1307
f 1318/1392/1309 1309/1383/1300 1314/1391/1308
f 1325/1393/1310 1309/1383/1300 1318/1392/1309
f 1308/1381/1298 1309/1383/1300 1325/1393/1310
f 1308/1381/1298 1325/1393/1310 1366/1394/1311
f 1308/1381/1298 1366/1394/1311 1365/1395/1312
f 1307/1380/1297 1308/1381/1298 1365/1395/1312
f 1365/1395/1312 1364/1396/1313 1307/1380/1297
f 1306/1354/1271 1307/1380/1297 1364/1396/1313
f 1363/1397/1314 1306/1354/1271 1364/1396/1313
f 1363/1397/1314 1362/1353/1270 1306/1354/1271
f 1363/1397/1314 1692/1351/1268 1362/1353/1270
f 1694/1398/1315 1692/1351/1268 1363/1397/1314
f 1364/1396/1313 1694/1398/1315 1363/1397/1314
f 1364/1396/1313 1365/1395/1312 1694/1398/1315
f 1558/1399/1316 1559/1400/1317 1365/1395/1312
f 1365/1395/1312 1559/1400/1317 1694/1398/1315
f 1365/1395/1312 1366/1394/1311 1558/1399/1316
f 1325/1393/1310 1367/1401/1318 1366/1394/1311
f 1558/1399/1316 1366/1394/1311 1681/1402/1319
f 1681/1402/1319 1366/1394/1311 1367/1401/1318
f 1681/1402/1319 1632/1403/1320 1558/1399/1316
f 1632/1403/1320 1561/1339/1256 1558/1399/1316
f 1559/1400/1317 1558/1399/1316 1561/1339/1256
f 1561/1339/1256 1691/1350/1267 1559/1400/1317
f 1691/1350/1267 1703/1404/1321 1559/1400/1317
f 1559/1400/1317 1703/1404/1321 1694/1398/1315
f 1691/1350/1267 1692/1351/1268 1694/1398/1315
f 1691/1350/1267 1694/1398/1315 1703/1404/1321
f 1326/1405/1322 1325/1393/1310 1318/1392/1309
f 1325/1393/1310 1326/1405/1322 1367/1401/1318
f 1318/1392/1309 1314/1391/1308 1319/1406/1323
f 1319/1406/1323 1326/1405/1322 1318/1392/1309
f 1314/1391/1308 1315/1407/1324 1319/1406/1323
f 1310/1390/1307 1311/1408/1325 1314/1391/1308
f 1314/1391/1308 1312/1409/1326 1315/1407/1324
f 1311/1408/1325 1312/1409/1326 1314/1391/1308
f 1312/1409/1326 1316/1410/1327 1315/1407/1324
f 1315/1407/1324 1316/1410/1327 1319/1406/1323
f 1316/1410/1327 1321/1411/1328 1319/1406/1323
f 1319/1406/1323 1321/1411/1328 1326/1405/1322
f 1321/1411/1328 1323/1412/1329 1326/1405/1322
f 1326/1405/1322 1323/1412/1329 1368/1413/1330
f 1326/1405/1322 1368/1413/1330 1367/1401/1318
f 1573/1414/1331 1681/1402/1319 1367/1401/1318
f 1368/1413/1330 1573/1414/1331 1367/1401/1318
f 1573/1414/1331 1632/1403/1320 1681/1402/1319
f 1572/1415/1332 1632/1403/1320 1573/1414/1331
f 1632/1403/1320 1572/1415/1332 1630/1416/1333
f 1630/1416/1333 1563/1338/1255 1632/1403/1320
f 1563/1338/1255 1561/1339/1256 1632/1403/1320
f 1630/1416/1333 1609/1417/1334 1563/1338/1255
f 1609/1417/1334 1639/1337/1254 1563/1338/1255
f 1634/1418/1335 1639/1337/1254 1609/1417/1334
f 1639/1337/1254 1634/1418/1335 1638/1336/1247
f 1609/1417/1334 1608/1419/1336 1607/1420/1337
f 1607/1420/1337 1634/1418/1335 1609/1417/1334
f 1608/1419/1336 1609/1417/1334 1630/1416/1333
f 1608/1419/1336 1630/1416/1333 1629/1421/1338
f 1572/1415/1332 1629/1421/1338 1630/1416/1333
f 1556/1422/1339 1555/1423/1340 1572/1415/1332
f 1572/1415/1332 1555/1423/1340 1629/1421/1338
f 1572/1415/1332 1573/1414/1331 1556/1422/1339
f 1369/1424/1341 1556/1422/1339 1573/1414/1331
f 1368/1413/1330 1369/1424/1341 1573/1414/1331
f 1323/1412/1329 1369/1424/1341 1368/1413/1330
f 1323/1412/1329 1322/1425/1342 1324/1426/1343
f 1323/1412/1329 1324/1426/1343 1369/1424/1341
f 1323/1412/1329 1321/1411/1328 1322/1425/1342
f 1320/1427/1344 1321/1411/1328 1316/1410/1327
f 1320/1427/1344 1322/1425/1342 1321/1411/1328
f 1316/1410/1327 1317/1428/1345 1320/1427/1344
f 1312/1409/1326 1313/1429/1346 1316/1410/1327
f 1316/1410/1327 1313/1429/1346 1317/1428/1345
f 1312/1409/1326 1258/1430/1347 1313/1429/1346
f 1317/1428/1345 1313/1429/1346 1267/1431/1348
f 1267/1431/1348 1313/1429/1346 1258/1430/1347
f 1267/1431/1348 1281/1432/1349 1317/1428/1345
f 1281/1432/1349 1320/1427/1344 1317/1428/1345
f 1320/1427/1344 1281/1432/1349 1322/1425/1342
f 1322/1425/1342 1281/1432/1349 1282/1433/1350
f 1324/1426/1343 1322/1425/1342 1282/1433/1350
f 1281/1432/1349 1270/1434/1351 1282/1433/1350
f 1270/1434/1351 1281/1432/1349 1267/1431/1348
f 1266/1435/1352 1270/1434/1351 1267/1431/1348
f 1266/1435/1352 1267/1431/1348 1256/1436/1353
f 1256/1436/1353 1267/1431/1348 1258/1430/1347
f 1256/1436/1353 1255/1437/1124 1266/1435/1352
f 1270/1434/1351 1266/1435/1352 1268/1438/1354
f 1266/1435/1352 1255/1437/1124 1268/1438/1354
f 1268/1438/1354 1269/1439/1355 1270/1434/1351
f 1269/1439/1355 1282/1433/1350 1270/1434/1351
f 1268/1438/1354 1271/1440/1356 1269/1439/1355
f 1269/1439/1355 1283/1441/1357 1282/1433/1350
f 1271/1440/1356 1272/1442/1358 1269/1439/1355
f 1272/1442/1358 1283/1441/1357 1269/1439/1355
f 1271/1440/1356 1273/1443/690 1272/1442/1358
f 1272/1442/1358 1284/1444/1359 1283/1441/1357
f 1273/1443/690 1274/1445/1360 1272/1442/1358
f 1272/1442/1358 1274/1445/1360 1284/1444/1359
f 1273/1443/690 1275/1446/689 1274/1445/1360
f 1275/1446/689 1276/1447/1361 1274/1445/1360
f 1275/1446/689 1277/373/372 1276/1447/1361
f 1277/373/372 1278/372/371 1276/1447/1361
f 1278/372/371 1289/1448/1362 1276/1447/1361
f 1278/372/371 1290/374/373 1289/1448/1362
f 1289/1448/1362 1288/1449/1363 1276/1447/1361
f 1290/374/373 1295/1450/1364 1289/1448/1362
f 1289/1448/1362 1295/1450/1364 1288/1449/1363
f 1290/374/373 1296/422/420 1295/1450/1364
f 1297/375/374 1296/422/420 1290/374/373
f 1295/1450/1364 1296/422/420 1344/1451/1365
f 1296/422/420 1345/423/421 1344/1451/1365
f 1344/1451/1365 1345/423/421 1382/424/422
f 1381/1452/1366 1344/1451/1365 1382/424/422
f 1382/424/422 1394/425/423 1381/1452/1366
f 1381/1452/1366 1343/1453/1367 1344/1451/1365
f 1343/1453/1367 1295/1450/1364 1344/1451/1365
f 1295/1450/1364 1343/1453/1367 1342/1454/1368
f 1294/1455/1369 1295/1450/1364 1342/1454/1368
f 1295/1450/1364 1294/1455/1369 1288/1449/1363
f 1276/1447/1361 1288/1449/1363 1287/1456/1370
f 1294/1455/1369 1293/1457/1371 1288/1449/1363
f 1287/1456/1370 1288/1449/1363 1293/1457/1371
f 1294/1455/1369 1341/1458/1372 1293/1457/1371
f 1341/1458/1372 1294/1455/1369 1342/1454/1368
f 1341/1458/1372 1342/1454/1368 1378/1459/1373
f 1342/1454/1368 1343/1453/1367 1379/1460/1374
f 1342/1454/1368 1379/1460/1374 1378/1459/1373
f 1343/1453/1367 1380/1461/1375 1379/1460/1374
f 1380/1461/1375 1343/1453/1367 1381/1452/1366
f 1380/1461/1375 1381/1452/1366 1392/1462/1376
f 1380/1461/1375 1392/1462/1376 1379/1460/1374
f 1381/1452/1366 1393/1463/1377 1392/1462/1376
f 1394/425/423 1393/1463/1377 1381/1452/1366
f 1394/425/423 1398/426/424 1393/1463/1377
f 1393/1463/1377 1396/1464/1378 1392/1462/1376
f 1398/426/424 1396/1464/1378 1393/1463/1377
f 1398/426/424 1402/429/427 1396/1464/1378
f 1396/1464/1378 1397/1465/1379 1392/1462/1376
f 1402/429/427 1401/1466/1380 1396/1464/1378
f 1397/1465/1379 1396/1464/1378 1400/1467/1381
f 1396/1464/1378 1401/1466/1380 1400/1467/1381
f 1400/1467/1381 1401/1466/1380 1406/1468/1382
f 1401/1466/1380 1402/429/427 1407/1469/1383
f 1401/1466/1380 1407/1469/1383 1406/1468/1382
f 1402/429/427 1408/1470/1384 1407/1469/1383
f 1409/430/428 1408/1470/1384 1402/429/427
f 1408/1470/1384 1409/430/428 1415/514/510
f 1408/1470/1384 1415/514/510 1414/1471/1385
f 1407/1469/1383 1408/1470/1384 1414/1471/1385
f 1415/514/510 1435/515/511 1414/1471/1385
f 1407/1469/1383 1414/1471/1385 1417/1472/1386
f 1435/515/511 1727/1473/1387 1414/1471/1385
f 1414/1471/1385 1727/1473/1387 1417/1472/1386
f 1435/515/511 1728/1474/1388 1727/1473/1387
f 1729/522/518 1728/1474/1388 1435/515/511
f 1727/1473/1387 1728/1474/1388 1723/1475/1389
f 1728/1474/1388 1729/522/518 1723/1475/1389
f 1729/522/518 1720/1476/1390 1723/1475/1389
f 1718/529/524 1720/1476/1390 1729/522/518
f 1723/1475/1389 1720/1476/1390 1722/1477/1391
f 1727/1473/1387 1723/1475/1389 1722/1477/1391
f 1726/1478/1392 1727/1473/1387 1722/1477/1391
f 1727/1473/1387 1726/1478/1392 1417/1472/1386
f 1722/1477/1391 1725/1479/1393 1726/1478/1392
f 1417/1472/1386 1726/1478/1392 1725/1479/1393
f 1501/1480/1394 1417/1472/1386 1725/1479/1393
f 1417/1472/1386 1501/1480/1394 1406/1468/1382
f 1406/1468/1382 1407/1469/1383 1417/1472/1386
f 1501/1480/1394 1502/1481/1395 1406/1468/1382
f 1406/1468/1382 1502/1481/1395 1400/1467/1381
f 1397/1465/1379 1400/1467/1381 1505/1482/465
f 1502/1481/1395 1506/1483/1396 1400/1467/1381
f 1400/1467/1381 1506/1483/1396 1505/1482/465
f 1502/1481/1395 1501/1480/1394 1503/1484/1397
f 1502/1481/1395 1503/1484/1397 1506/1483/1396
f 1501/1480/1394 1737/1485/1398 1503/1484/1397
f 1501/1480/1394 1725/1479/1393 1736/1486/1399
f 1736/1486/1399 1737/1485/1398 1501/1480/1394
f 1725/1479/1393 1724/1487/1400 1736/1486/1399
f 1725/1479/1393 1722/1477/1391 1724/1487/1400
f 1720/1476/1390 1721/1488/1401 1722/1477/1391
f 1722/1477/1391 1721/1488/1401 1724/1487/1400
f 1720/1476/1390 1718/529/524 1719/1489/1402
f 1721/1488/1401 1720/1476/1390 1719/1489/1402
f 1724/1487/1400 1721/1488/1401 1719/1489/1402
f 1731/1490/253 1724/1487/1400 1719/1489/1402
f 1724/1487/1400 1731/1490/253 1732/1491/1403
f 1736/1486/1399 1724/1487/1400 1732/1491/1403
f 1736/1486/1399 1732/1491/1403 1733/1492/1404
f 1737/1485/1398 1736/1486/1399 1733/1492/1404
f 1737/1485/1398 1733/1492/1404 1738/1493/1405
f 1737/1485/1398 1738/1493/1405 1503/1484/1397
f 1503/1484/1397 1742/1494/1406 1745/1495/1407
f 1738/1493/1405 1742/1494/1406 1503/1484/1397
f 1745/1495/1407 1506/1483/1396 1503/1484/1397
f 1506/1483/1396 1745/1495/1407 1746/1496/1408
f 1505/1482/465 1506/1483/1396 1746/1496/1408
f 1745/1495/1407 1744/1497/1409 1746/1496/1408
f 1742/1494/1406 1741/1498/1410 1745/1495/1407
f 1745/1495/1407 1741/1498/1410 1744/1497/1409
f 1742/1494/1406 1740/1499/1411 1741/1498/1410
f 1738/1493/1405 1739/1500/1412 1742/1494/1406
f 1739/1500/1412 1740/1499/1411 1742/1494/1406
f 1738/1493/1405 1734/1501/1413 1739/1500/1412
f 1733/1492/1404 1734/1501/1413 1738/1493/1405
f 1734/1501/1413 1735/1502/1414 1739/1500/1412
f 1740/1499/1411 1739/1500/1412 1735/1502/1414
f 1740/1499/1411 1735/1502/1414 1357/1503/1415
f 1740/1499/1411 1357/1503/1415 1741/1498/1410
f 1741/1498/1410 1357/1503/1415 1743/1504/1416
f 1744/1497/1409 1741/1498/1410 1743/1504/1416
f 1744/1497/1409 1743/1504/1416 1749/1505/1417
f 1747/1506/1418 1744/1497/1409 1749/1505/1417
f 1746/1496/1408 1744/1497/1409 1747/1506/1418
f 1748/1507/1419 1746/1496/1408 1747/1506/1418
f 1505/1482/465 1746/1496/1408 1748/1507/1419
f 1504/1508/1420 1505/1482/465 1748/1507/1419
f 1397/1465/1379 1505/1482/465 1504/1508/1420
f 1392/1462/1376 1397/1465/1379 1504/1508/1420
f 1392/1462/1376 1504/1508/1420 1379/1460/1374
f 1504/1508/1420 1748/1507/1419 1379/1460/1374
f 1748/1507/1419 1747/1506/1418 1378/1459/1373
f 1748/1507/1419 1378/1459/1373 1379/1460/1374
f 1747/1506/1418 1353/1509/1421 1352/1510/1422
f 1747/1506/1418 1352/1510/1422 1378/1459/1373
f 1747/1506/1418 1749/1505/1417 1353/1509/1421
f 1749/1505/1417 1743/1504/1416 1347/1511/1423
f 1347/1511/1423 1353/1509/1421 1749/1505/1417
f 1351/1512/1424 1353/1509/1421 1347/1511/1423
f 1352/1510/1422 1353/1509/1421 1351/1512/1424
f 1340/1513/1425 1352/1510/1422 1351/1512/1424
f 1340/1513/1425 1341/1458/1372 1352/1510/1422
f 1341/1458/1372 1378/1459/1373 1352/1510/1422
f 1340/1513/1425 1293/1457/1371 1341/1458/1372
f 1332/1514/1426 1293/1457/1371 1340/1513/1425
f 1351/1512/1424 1332/1514/1426 1340/1513/1425
f 1293/1457/1371 1332/1514/1426 1331/1515/1427
f 1333/1516/1428 1332/1514/1426 1351/1512/1424
f 1332/1514/1426 1333/1516/1428 1331/1515/1427
f 1330/1517/1429 1293/1457/1371 1331/1515/1427
f 1330/1517/1429 1331/1515/1427 1333/1516/1428
f 1330/1517/1429 1292/1518/1430 1293/1457/1371
f 1333/1516/1428 1329/1519/1431 1330/1517/1429
f 1292/1518/1430 1330/1517/1429 1329/1519/1431
f 1286/1520/1432 1292/1518/1430 1329/1519/1431
f 1285/1521/1433 1292/1518/1430 1286/1520/1432
f 1293/1457/1371 1292/1518/1430 1285/1521/1433
f 1287/1456/1370 1293/1457/1371 1285/1521/1433
f 1274/1445/1360 1287/1456/1370 1285/1521/1433
f 1274/1445/1360 1276/1447/1361 1287/1456/1370
f 1285/1521/1433 1284/1444/1359 1274/1445/1360
f 1284/1444/1359 1285/1521/1433 1286/1520/1432
f 1284/1444/1359 1286/1520/1432 1283/1441/1357
f 1283/1441/1357 1286/1520/1432 1328/1522/1434
f 1286/1520/1432 1329/1519/1431 1328/1522/1434
f 1329/1519/1431 1373/1523/1435 1328/1522/1434
f 1373/1523/1435 1329/1519/1431 1333/1516/1428
f 1377/1524/1436 1373/1523/1435 1333/1516/1428
f 1377/1524/1436 1333/1516/1428 1354/1525/1437
f 1354/1525/1437 1333/1516/1428 1351/1512/1424
f 1354/1525/1437 1373/1523/1435 1377/1524/1436
f 1631/1526/1438 1373/1523/1435 1354/1525/1437
f 1631/1526/1438 1606/1527/1439 1373/1523/1435
f 1373/1523/1435 1372/1528/1440 1328/1522/1434
f 1606/1527/1439 1372/1528/1440 1373/1523/1435
f 1328/1522/1434 1327/1529/1441 1283/1441/1357
f 1327/1529/1441 1328/1522/1434 1372/1528/1440
f 1327/1529/1441 1282/1433/1350 1283/1441/1357
f 1324/1426/1343 1282/1433/1350 1327/1529/1441
f 1324/1426/1343 1327/1529/1441 1371/1530/1442
f 1371/1530/1442 1327/1529/1441 1372/1528/1440
f 1513/1531/1443 1371/1530/1442 1372/1528/1440
f 1606/1527/1439 1513/1531/1443 1372/1528/1440
f 1601/1532/1444 1513/1531/1443 1606/1527/1439
f 1603/1533/1445 1601/1532/1444 1606/1527/1439
f 1603/1533/1445 1606/1527/1439 1631/1526/1438
f 1650/1534/1446 1603/1533/1445 1631/1526/1438
f 1631/1526/1438 1355/1535/1447 1650/1534/1446
f 1354/1525/1437 1355/1535/1447 1631/1526/1438
f 1351/1512/1424 1348/1536/1448 1354/1525/1437
f 1355/1535/1447 1354/1525/1437 1348/1536/1448
f 1351/1512/1424 1347/1511/1423 1348/1536/1448
f 1347/1511/1423 1349/1537/1449 1348/1536/1448
f 1743/1504/1416 1349/1537/1449 1347/1511/1423
f 1349/1537/1449 1350/1538/1450 1348/1536/1448
f 1350/1538/1450 1355/1535/1447 1348/1536/1448
f 1349/1537/1449 1356/1539/1451 1350/1538/1450
f 1349/1537/1449 1743/1504/1416 1356/1539/1451
f 1743/1504/1416 1357/1503/1415 1356/1539/1451
f 1357/1503/1415 1358/1540/1452 1356/1539/1451
f 1358/1540/1452 1350/1538/1450 1356/1539/1451
f 1350/1538/1450 1358/1540/1452 1355/1535/1447
f 1654/1541/1453 1355/1535/1447 1358/1540/1452
f 1355/1535/1447 1654/1541/1453 1650/1534/1446
f 1358/1540/1452 1641/1542/1454 1654/1541/1453
f 1654/1541/1453 1641/1542/1454 1650/1534/1446
f 1650/1534/1446 1623/1543/1455 1603/1533/1445
f 1641/1542/1454 1623/1543/1455 1650/1534/1446
f 1603/1533/1445 1600/1544/1456 1601/1532/1444
f 1623/1543/1455 1600/1544/1456 1603/1533/1445
f 1600/1544/1456 1602/1545/1457 1601/1532/1444
f 1557/1546/1458 1601/1532/1444 1602/1545/1457
f 1513/1531/1443 1601/1532/1444 1557/1546/1458
f 1512/1547/1459 1513/1531/1443 1557/1546/1458
f 1513/1531/1443 1512/1547/1459 1371/1530/1442
f 1371/1530/1442 1370/1548/1460 1324/1426/1343
f 1512/1547/1459 1370/1548/1460 1371/1530/1442
f 1324/1426/1343 1370/1548/1460 1369/1424/1341
f 1556/1422/1339 1369/1424/1341 1370/1548/1460
f 1512/1547/1459 1556/1422/1339 1370/1548/1460
f 1555/1423/1340 1556/1422/1339 1512/1547/1459
f 1557/1546/1458 1555/1423/1340 1512/1547/1459
f 1555/1423/1340 1557/1546/1458 1651/1549/1461
f 1555/1423/1340 1651/1549/1461 1629/1421/1338
f 1557/1546/1458 1602/1545/1457 1633/1550/1462
f 1557/1546/1458 1633/1550/1462 1651/1549/1461
f 1602/1545/1457 1666/1551/1463 1633/1550/1462
f 1602/1545/1457 1600/1544/1456 1678/1552/1464
f 1678/1552/1464 1666/1551/1463 1602/1545/1457
f 1600/1544/1456 1622/1553/1465 1678/1552/1464
f 1621/1554/1466 1622/1553/1465 1600/1544/1456
f 1623/1543/1455 1621/1554/1466 1600/1544/1456
f 1623/1543/1455 1641/1542/1454 1640/1555/1467
f 1621/1554/1466 1623/1543/1455 1640/1555/1467
f 1641/1542/1454 1735/1502/1414 1640/1555/1467
f 1735/1502/1414 1641/1542/1454 1358/1540/1452
f 1735/1502/1414 1358/1540/1452 1357/1503/1415
f 1734/1501/1413 1640/1555/1467 1735/1502/1414
f 1734/1501/1413 1733/1492/1404 1640/1555/1467
f 1733/1492/1404 1732/1491/1403 1662/1556/1468
f 1733/1492/1404 1662/1556/1468 1640/1555/1467
f 1663/1557/1469 1621/1554/1466 1640/1555/1467
f 1662/1556/1468 1663/1557/1469 1640/1555/1467
f 1663/1557/1469 1690/1558/1470 1621/1554/1466
f 1690/1558/1470 1622/1553/1465 1621/1554/1466
f 1690/1558/1470 1669/1559/1471 1622/1553/1465
f 1678/1552/1464 1622/1553/1465 1669/1559/1471
f 1678/1552/1464 1669/1559/1471 1668/1560/1472
f 1678/1552/1464 1668/1560/1472 1666/1551/1463
f 1633/1550/1462 1666/1551/1463 1652/1561/1473
f 1668/1560/1472 1674/1562/1474 1666/1551/1463
f 1666/1551/1463 1673/1563/1475 1652/1561/1473
f 1674/1562/1474 1673/1563/1475 1666/1551/1463
f 1674/1562/1474 1646/1564/1476 1673/1563/1475
f 1668/1560/1472 1583/1565/1477 1674/1562/1474
f 1583/1565/1477 1646/1564/1476 1674/1562/1474
f 1668/1560/1472 1580/1566/1478 1583/1565/1477
f 1669/1559/1471 1580/1566/1478 1668/1560/1472
f 1669/1559/1471 1684/1567/1479 1584/1568/1480
f 1580/1566/1478 1669/1559/1471 1584/1568/1480
f 1684/1567/1479 1669/1559/1471 1690/1558/1470
f 1684/1567/1479 1690/1558/1470 1714/1569/1481
f 1663/1557/1469 1714/1569/1481 1690/1558/1470
f 1663/1557/1469 1662/1556/1468 1594/538/533
f 1663/1557/1469 1594/538/533 1714/1569/1481
f 1662/1556/1468 1595/1570/1482 1594/538/533
f 1732/1491/1403 1595/1570/1482 1662/1556/1468
f 1732/1491/1403 1731/1490/253 1595/1570/1482
f 1595/1570/1482 1593/531/526 1594/538/533
f 1595/1570/1482 1731/1490/253 1593/531/526
f 1731/1490/253 1719/1489/1402 1593/531/526
f 1719/1489/1402 1718/529/524 1593/531/526
f 1583/1565/1477 1580/1566/1478 1581/1571/1193
f 1583/1565/1477 1581/1571/1193 1645/1572/1192
f 1646/1564/1476 1583/1565/1477 1645/1572/1192
f 1645/1572/1192 1670/1573/1191 1646/1564/1476
f 1670/1573/1191 1671/1574/1483 1646/1564/1476
f 1646/1564/1476 1671/1574/1483 1673/1563/1475
f 1675/1575/1484 1673/1563/1475 1672/1576/1485
f 1673/1563/1475 1671/1574/1483 1672/1576/1485
f 1675/1575/1484 1652/1561/1473 1673/1563/1475
f 1671/1574/1483 1670/1573/1191 1616/1577/564
f 1672/1576/1485 1671/1574/1483 1616/1577/564
f 1670/1573/1191 1618/1578/1486 1616/1577/564
f 1616/1577/564 1618/1578/1486 1617/1579/1487
f 1619/1580/1488 1616/1577/564 1617/1579/1487
f 1672/1576/1485 1616/1577/564 1619/1580/1488
f 1675/1575/1484 1672/1576/1485 1619/1580/1488
f 1619/1580/1488 1614/1581/1489 1675/1575/1484
f 1619/1580/1488 1617/1579/1487 1620/1582/1490
f 1614/1581/1489 1619/1580/1488 1620/1582/1490
f 1614/1581/1489 1620/1582/1490 1676/1583/1491
f 1612/1584/1492 1614/1581/1489 1676/1583/1491
f 1612/1584/1492 1676/1583/1491 1677/1585/1198
f 1612/1584/1492 1613/1586/1493 1614/1581/1489
f 1614/1581/1489 1613/1586/1493 1675/1575/1484
f 1675/1575/1484 1613/1586/1493 1652/1561/1473
f 1612/1584/1492 1610/1587/1337 1613/1586/1493
f 1613/1586/1493 1615/1588/1494 1652/1561/1473
f 1613/1586/1493 1610/1587/1337 1615/1588/1494
f 1652/1561/1473 1615/1588/1494 1651/1549/1461
f 1651/1549/1461 1633/1550/1462 1652/1561/1473
f 1615/1588/1494 1629/1421/1338 1651/1549/1461
f 1615/1588/1494 1608/1419/1336 1629/1421/1338
f 1610/1587/1337 1608/1419/1336 1615/1588/1494
f 1610/1587/1337 1607/1420/1337 1608/1419/1336
f 1611/1589/1495 1607/1420/1337 1610/1587/1337
f 1612/1584/1492 1611/1589/1495 1610/1587/1337
f 1611/1589/1495 1612/1584/1492 1677/1585/1198
f 1677/1585/1198 1644/1590/1200 1611/1589/1495
f 1611/1589/1495 1636/1591/1496 1607/1420/1337
f 1644/1590/1200 1636/1591/1496 1611/1589/1495
f 1636/1591/1496 1634/1418/1335 1607/1420/1337
f 1634/1418/1335 1636/1591/1496 1635/1592/1497
f 1644/1590/1200 1643/1593/1202 1636/1591/1496
f 1643/1593/1202 1635/1592/1497 1636/1591/1496
f 1655/1594/1498 1635/1592/1497 1643/1593/1202
f 1658/1595/1205 1655/1594/1498 1643/1593/1202
f 1635/1592/1497 1637/1596/1499 1634/1418/1335
f 1655/1594/1498 1637/1596/1499 1635/1592/1497
f 1634/1418/1335 1637/1596/1499 1638/1336/1247
f 1638/1336/1247 1637/1596/1499 1700/1597/1500
f 1637/1596/1499 1655/1594/1498 1699/1598/1501
f 1637/1596/1499 1699/1598/1501 1700/1597/1500
f 1655/1594/1498 1656/1599/1502 1699/1598/1501
f 1699/1598/1501 1680/1600/1503 1700/1597/1500
f 1656/1599/1502 1680/1600/1503 1699/1598/1501
f 1680/1600/1503 1679/1601/1504 1700/1597/1500
f 1679/1601/1504 1638/1336/1247 1700/1597/1500
f 1679/1601/1504 1110/1335/1253 1638/1336/1247
f 1679/1601/1504 1111/1602/1505 1110/1335/1253
f 1110/1335/1253 1111/1602/1505 899/1334/1252
f 1679/1601/1504 1509/1603/1506 1111/1602/1505
f 1680/1600/1503 1509/1603/1506 1679/1601/1504
f 1108/1604/1507 1509/1603/1506 1680/1600/1503
f 1656/1599/1502 1108/1604/1507 1680/1600/1503
f 1108/1604/1507 1508/1605/1152 1509/1603/1506
f 1509/1603/1506 1508/1605/1152 1111/1602/1505
f 1111/1602/1505 1112/1606/1149 899/1334/1252
f 1508/1605/1152 1112/1606/1149 1111/1602/1505
f 1112/1606/1149 1113/1333/1147 899/1334/1252
f 1655/1594/1498 1657/1607/1508 1656/1599/1502
f 1657/1607/1508 1655/1594/1498 1658/1595/1205
f 1659/1608/1509 1657/1607/1508 1658/1595/1205
f 1660/1609/1510 1657/1607/1508 1659/1608/1509
f 1656/1599/1502 1657/1607/1508 1660/1609/1510
f 1660/1609/1510 1108/1604/1507 1656/1599/1502
f 1660/1609/1510 1107/1610/1167 1108/1604/1507
f 1107/1610/1167 1109/1611/1511 1108/1604/1507
f 1109/1611/1511 1508/1605/1152 1108/1604/1507
f 1107/1610/1167 1660/1609/1510 1661/1612/1168
f 1661/1612/1168 1660/1609/1510 1659/1608/1509
f 1580/1566/1478 1582/1613/1512 1581/1571/1193
f 1582/1613/1512 1580/1566/1478 1584/1568/1480
f 1585/1614/1195 1582/1613/1512 1584/1568/1480
f 1585/1614/1195 1584/1568/1480 1586/1615/1513
f 1586/1615/1513 1584/1568/1480 1684/1567/1479
f 1586/1615/1513 1587/1616/1196 1585/1614/1195
f 1587/1616/1196 1586/1615/1513 1624/1617/1197
f 1586/1615/1513 1625/1618/1514 1624/1617/1197
f 1586/1615/1513 1684/1567/1479 1647/1619/1515
f 1586/1615/1513 1647/1619/1515 1625/1618/1514
f 1684/1567/1479 1714/1569/1481 1647/1619/1515
f 1647/1619/1515 1648/1620/1516 1625/1618/1514
f 1714/1569/1481 1385/1621/1517 1647/1619/1515
f 1648/1620/1516 1647/1619/1515 1385/1621/1517
f 1714/1569/1481 1594/538/533 1385/1621/1517
f 1385/1621/1517 1594/538/533 1387/540/535
f 1385/1621/1517 1387/540/535 1386/1622/1518
f 1648/1620/1516 1385/1621/1517 1386/1622/1518
f 1387/540/535 1667/541/536 1386/1622/1518
f 1649/1623/1519 1648/1620/1516 1386/1622/1518
f 1667/541/536 1649/1623/1519 1386/1622/1518
f 1648/1620/1516 1649/1623/1519 1625/1618/1514
f 1625/1618/1514 1628/1624/1520 1627/1625/1521
f 1649/1623/1519 1628/1624/1520 1625/1618/1514
f 1627/1625/1521 1624/1617/1197 1625/1618/1514
f 1628/1624/1520 1689/1626/1522 1627/1625/1521
f 1687/1627/1523 1689/1626/1522 1628/1624/1520
f 1689/1626/1522 1687/1627/1523 1688/1628/725
f 1628/1624/1520 1685/1629/1524 1687/1627/1523
f 1628/1624/1520 1649/1623/1519 1685/1629/1524
f 1649/1623/1519 1667/541/536 1685/1629/1524
f 1565/1630/1525 1685/1629/1524 1667/541/536
f 1687/1627/1523 1685/1629/1524 1565/1630/1525
f 1667/541/536 1564/542/537 1565/1630/1525
f 1564/542/537 1566/1631/1526 1565/1630/1525
f 1566/1631/1526 1564/542/537 1570/1632/1527
f 1564/542/537 1571/544/539 1570/1632/1527
f 1570/1632/1527 1571/544/539 1579/562/557
f 1570/1632/1527 1579/562/557 1710/1633/728
f 1579/562/557 1711/564/559 1710/1633/728
f 1570/1632/1527 1710/1633/728 1709/1634/727
f 1566/1631/1526 1570/1632/1527 1709/1634/727
f 1566/1631/1526 1709/1634/727 1712/1635/1528
f 1683/1636/1529 1566/1631/1526 1712/1635/1528
f 1683/1636/1529 1565/1630/1525 1566/1631/1526
f 1565/1630/1525 1683/1636/1529 1686/1637/1530
f 1687/1627/1523 1565/1630/1525 1686/1637/1530
f 1687/1627/1523 1686/1637/1530 1688/1628/725
f 1712/1635/1528 1688/1628/725 1686/1637/1530
f 1712/1635/1528 1686/1637/1530 1683/1636/1529
f 1776/1638/1531 1778/1639/1532 1777/1640/1533
f 1757/1641/1534 1778/1639/1532 1776/1638/1531
f 1776/1638/1531 2182/1642/1535 1757/1641/1534
f 1757/1641/1534 1755/1643/1536 1778/1639/1532
f 1757/1641/1534 1754/1644/1537 1755/1643/1536
f 1754/1644/1537 1756/1645/1538 1755/1643/1536
f 1766/1646/1539 1756/1645/1538 1754/1644/1537
f 1872/1647/1540 1766/1646/1539 1754/1644/1537
f 1754/1644/1537 1785/1648/1541 1872/1647/1540
f 1757/1641/1534 1782/1649/1542 1754/1644/1537
f 1782/1649/1542 1785/1648/1541 1754/1644/1537
f 1757/1641/1534 1781/1650/1543 1782/1649/1542
f 1785/1648/1541 1782/1649/1542 1783/1651/1544
f 1782/1649/1542 1781/1650/1543 1783/1651/1544
f 1783/1651/1544 1873/1652/1545 1785/1648/1541
f 1873/1652/1545 1872/1647/1540 1785/1648/1541
f 1783/1651/1544 1781/1650/1543 1784/1653/1546
f 1779/1654/1547 1781/1650/1543 1757/1641/1534
f 1784/1653/1546 1781/1650/1543 1779/1654/1547
f 1842/1655/1548 1784/1653/1546 1779/1654/1547
f 1779/1654/1547 1840/1656/1549 1842/1655/1548
f 1840/1656/1549 1843/1657/1550 1842/1655/1548
f 1843/1657/1550 1840/1656/1549 1855/1658/1551
f 1855/1658/1551 1840/1656/1549 1863/1659/1552
f 1840/1656/1549 1841/1660/1553 1863/1659/1552
f 1863/1659/1552 1841/1660/1553 1917/1661/1554
f 1841/1660/1553 1918/1662/1555 1917/1661/1554
f 1918/1662/1555 1920/1663/1556 1917/1661/1554
f 1841/1660/1553 1919/1664/1557 1918/1662/1555
f 1907/1665/1558 1919/1664/1557 1841/1660/1553
f 1919/1664/1557 1907/1665/1558 1921/1666/1559
f 1841/1660/1553 1840/1656/1549 1839/1667/1560
f 1907/1665/1558 1841/1660/1553 1839/1667/1560
f 1840/1656/1549 1838/1668/1561 1839/1667/1560
f 1840/1656/1549 1779/1654/1547 1838/1668/1561
f 1838/1668/1561 1905/1669/1562 1839/1667/1560
f 1905/1669/1562 1907/1665/1558 1839/1667/1560
f 1838/1668/1561 1885/1670/1563 1905/1669/1562
f 1905/1669/1562 1906/1671/1564 1907/1665/1558
f 1885/1670/1563 1906/1671/1564 1905/1669/1562
f 1906/1671/1564 1908/1672/1565 1907/1665/1558
f 1908/1672/1565 1910/1673/1566 1907/1665/1558
f 1922/1674/1567 1921/1666/1559 1907/1665/1558
f 1910/1673/1566 1922/1674/1567 1907/1665/1558
f 1908/1672/1565 1922/1674/1567 1910/1673/1566
f 1906/1671/1564 1909/1675/1568 1908/1672/1565
f 1908/1672/1565 1924/1676/1569 1922/1674/1567
f 1908/1672/1565 1909/1675/1568 1924/1676/1569
f 1924/1676/1569 1923/1677/1570 1922/1674/1567
f 1922/1674/1567 1923/1677/1570 1921/1666/1559
f 1924/1676/1569 1909/1675/1568 1925/1678/1571
f 1906/1671/1564 1887/1679/1572 1909/1675/1568
f 1909/1675/1568 1911/1680/1573 1925/1678/1571
f 1909/1675/1568 1887/1679/1572 1911/1680/1573
f 1911/1680/1573 1926/1681/1574 1925/1678/1571
f 1927/1682/1575 1926/1681/1574 1911/1680/1573
f 1912/1683/1576 1927/1682/1575 1911/1680/1573
f 1911/1680/1573 1887/1679/1572 1912/1683/1576
f 1912/1683/1576 1928/1684/1577 1927/1682/1575
f 1929/1685/1578 1928/1684/1577 1912/1683/1576
f 1914/1686/1579 1929/1685/1578 1912/1683/1576
f 1914/1686/1579 1930/1687/1580 1929/1685/1578
f 1931/1688/1581 1930/1687/1580 1914/1686/1579
f 1915/1689/1582 1931/1688/1581 1914/1686/1579
f 1915/1689/1582 1932/1690/1583 1931/1688/1581
f 1915/1689/1582 1916/1691/1584 1932/1690/1583
f 1916/1691/1584 1933/1692/1585 1932/1690/1583
f 1935/1693/1586 1933/1692/1585 1916/1691/1584
f 1934/1694/1587 1935/1693/1586 1916/1691/1584
f 1934/1694/1587 1916/1691/1584 1904/1695/1588
f 1904/1695/1588 1916/1691/1584 1893/1696/1589
f 1916/1691/1584 1915/1689/1582 1893/1696/1589
f 1914/1686/1579 1891/1697/1590 1915/1689/1582
f 1891/1697/1590 1893/1696/1589 1915/1689/1582
f 1914/1686/1579 1889/1698/1591 1891/1697/1590
f 1912/1683/1576 1889/1698/1591 1914/1686/1579
f 1887/1679/1572 1889/1698/1591 1912/1683/1576
f 1888/1699/1592 1889/1698/1591 1887/1679/1572
f 1888/1699/1592 1890/1700/1593 1889/1698/1591
f 1890/1700/1593 1891/1697/1590 1889/1698/1591
f 1890/1700/1593 1892/1701/1594 1891/1697/1590
f 1892/1701/1594 1893/1696/1589 1891/1697/1590
f 1892/1701/1594 1894/1702/1595 1893/1696/1589
f 1893/1696/1589 1894/1702/1595 1904/1695/1588
f 1894/1702/1595 1901/1703/1596 1904/1695/1588
f 1936/1704/1597 1934/1694/1587 1904/1695/1588
f 1936/1704/1597 1904/1695/1588 1901/1703/1596
f 1936/1704/1597 1901/1703/1596 1903/1705/1598
f 1937/1706/1599 1936/1704/1597 1903/1705/1598
f 2461/1707/1600 1937/1706/1599 1903/1705/1598
f 2462/1708/1601 2461/1707/1600 1903/1705/1598
f 2462/1708/1601 1903/1705/1598 1902/1709/1602
f 1902/1709/1602 1903/1705/1598 1901/1703/1596
f 1894/1702/1595 1902/1709/1602 1901/1703/1596
f 1892/1701/1594 1899/1710/1603 1894/1702/1595
f 1899/1710/1603 1902/1709/1602 1894/1702/1595
f 1892/1701/1594 1898/1711/1604 1899/1710/1603
f 1898/1711/1604 1892/1701/1594 1890/1700/1593
f 1897/1712/1605 1898/1711/1604 1890/1700/1593
f 1913/1713/1606 1897/1712/1605 1890/1700/1593
f 1888/1699/1592 1913/1713/1606 1890/1700/1593
f 1897/1712/1605 2191/1714/1607 1898/1711/1604
f 1913/1713/1606 2192/1715/1608 1897/1712/1605
f 2191/1714/1607 1897/1712/1605 2192/1715/1608
f 1913/1713/1606 2189/1716/1609 2192/1715/1608
f 2189/1716/1609 1913/1713/1606 2190/1717/1610
f 1896/1718/1611 1913/1713/1606 1888/1699/1592
f 1913/1713/1606 1896/1718/1611 2190/1717/1610
f 2190/1717/1610 1896/1718/1611 2183/1719/1612
f 2182/1642/1535 2183/1719/1612 1895/1720/1613
f 2183/1719/1612 1896/1718/1611 1895/1720/1613
f 2182/1642/1535 1895/1720/1613 1757/1641/1534
f 1896/1718/1611 1886/1721/1614 1895/1720/1613
f 1886/1721/1614 1896/1718/1611 1888/1699/1592
f 1886/1721/1614 1888/1699/1592 1887/1679/1572
f 1886/1721/1614 1887/1679/1572 1885/1670/1563
f 1885/1670/1563 1887/1679/1572 1906/1671/1564
f 1885/1670/1563 1884/1722/1615 1886/1721/1614
f 1884/1722/1615 1895/1720/1613 1886/1721/1614
f 1757/1641/1534 1895/1720/1613 1884/1722/1615
f 1780/1723/1616 1757/1641/1534 1884/1722/1615
f 1779/1654/1547 1757/1641/1534 1780/1723/1616
f 1780/1723/1616 1838/1668/1561 1779/1654/1547
f 1780/1723/1616 1884/1722/1615 1838/1668/1561
f 1884/1722/1615 1885/1670/1563 1838/1668/1561
f 2188/1724/1617 1898/1711/1604 2191/1714/1607
f 2186/1725/1618 1898/1711/1604 2188/1724/1617
f 1900/1726/1619 1898/1711/1604 2186/1725/1618
f 1898/1711/1604 1900/1726/1619 1899/1710/1603
f 2186/1725/1618 2185/1727/1620 1900/1726/1619
f 1900/1726/1619 2185/1727/1620 2249/1728/1621
f 2245/1729/1622 1900/1726/1619 2249/1728/1621
f 1900/1726/1619 2245/1729/1622 1899/1710/1603
f 2249/1728/1621 2246/1730/1623 2245/1729/1622
f 2245/1729/1622 2246/1730/1623 2212/1731/1624
f 2210/1732/1625 2245/1729/1622 2212/1731/1624
f 2210/1732/1625 2212/1731/1624 2211/1733/1626
f 2243/1734/1627 2210/1732/1625 2211/1733/1626
f 2244/1735/1628 2243/1734/1627 2211/1733/1626
f 2243/1734/1627 2244/1735/1628 2238/1736/1629
f 2236/1737/1630 2243/1734/1627 2238/1736/1629
f 2236/1737/1630 2238/1736/1629 2237/1738/1631
f 2255/1739/1632 2236/1737/1630 2237/1738/1631
f 2254/1740/1633 2255/1739/1632 2237/1738/1631
f 1753/1741/1634 2255/1739/1632 2254/1740/1633
f 2256/1742/1635 1753/1741/1634 2254/1740/1633
f 2555/1743/1636 2554/1744/1637 2256/1742/1635
f 2554/1744/1637 1753/1741/1634 2256/1742/1635
f 2554/1744/1637 1750/1745/1638 1753/1741/1634
f 1750/1745/1638 1752/1746/1639 1751/1747/1640
f 1750/1745/1638 1751/1747/1640 1753/1741/1634
f 1752/1746/1639 1767/1748/1641 1751/1747/1640
f 1767/1748/1641 2515/1749/1642 1751/1747/1640
f 2515/1749/1642 2516/1750/1643 2517/1751/1644
f 2517/1751/1644 1751/1747/1640 2515/1749/1642
f 2517/1751/1644 2556/1752/1645 1751/1747/1640
f 2556/1752/1645 1753/1741/1634 1751/1747/1640
f 2517/1751/1644 2518/1753/1646 2556/1752/1645
f 2516/1750/1643 2518/1753/1646 2517/1751/1644
f 2556/1752/1645 2553/1754/1647 1753/1741/1634
f 2553/1754/1647 2556/1752/1645 2518/1753/1646
f 2518/1753/1646 2550/1755/1648 2553/1754/1647
f 2553/1754/1647 2550/1755/1648 2551/1756/1649
f 2553/1754/1647 2551/1756/1649 1753/1741/1634
f 2550/1755/1648 2552/1757/1650 2551/1756/1649
f 1753/1741/1634 2551/1756/1649 2509/1758/1651
f 2509/1758/1651 2508/1759/1652 1753/1741/1634
f 2508/1759/1652 2255/1739/1632 1753/1741/1634
f 2255/1739/1632 2499/1760/1653 2236/1737/1630
f 2508/1759/1652 2499/1760/1653 2255/1739/1632
f 2236/1737/1630 2498/1761/1654 2243/1734/1627
f 2499/1760/1653 2498/1761/1654 2236/1737/1630
f 2243/1734/1627 2501/1762/1655 2210/1732/1625
f 2498/1761/1654 2501/1762/1655 2243/1734/1627
f 2501/1762/1655 2245/1729/1622 2210/1732/1625
f 2496/1763/1656 2245/1729/1622 2501/1762/1655
f 2245/1729/1622 2496/1763/1656 1899/1710/1603
f 2495/1764/1657 1902/1709/1602 1899/1710/1603
f 2496/1763/1656 2495/1764/1657 1899/1710/1603
f 2495/1764/1657 2462/1708/1601 1902/1709/1602
f 2464/1765/1658 2462/1708/1601 2495/1764/1657
f 2464/1765/1658 2461/1707/1600 2462/1708/1601
f 2463/1766/1659 2461/1707/1600 2464/1765/1658
f 2465/1767/1660 2463/1766/1659 2464/1765/1658
f 2463/1766/1659 2465/1767/1660 2466/1768/1661
f 2465/1767/1660 2467/1769/1662 2466/1768/1661
f 2468/1770/1663 2467/1769/1662 2465/1767/1660
f 2469/1771/1664 2468/1770/1663 2465/1767/1660
f 2469/1771/1664 2465/1767/1660 2494/1772/1665
f 2465/1767/1660 2464/1765/1658 2494/1772/1665
f 2494/1772/1665 2464/1765/1658 2495/1764/1657
f 2495/1764/1657 2496/1763/1656 2494/1772/1665
f 2497/1773/1666 2494/1772/1665 2496/1763/1656
f 2501/1762/1655 2497/1773/1666 2496/1763/1656
f 2497/1773/1666 2469/1771/1664 2494/1772/1665
f 2471/1774/1667 2469/1771/1664 2497/1773/1666
f 2470/1775/1668 2469/1771/1664 2471/1774/1667
f 2468/1770/1663 2469/1771/1664 2470/1775/1668
f 2471/1774/1667 2472/1776/1669 2470/1775/1668
f 2472/1776/1669 2471/1774/1667 2473/1777/1670
f 2473/1777/1670 2471/1774/1667 2474/1778/1671
f 2474/1778/1671 2471/1774/1667 2500/1779/1672
f 2471/1774/1667 2497/1773/1666 2500/1779/1672
f 2500/1779/1672 2497/1773/1666 2501/1762/1655
f 2498/1761/1654 2500/1779/1672 2501/1762/1655
f 2502/1780/1673 2500/1779/1672 2498/1761/1654
f 2474/1778/1671 2500/1779/1672 2502/1780/1673
f 2498/1761/1654 2499/1760/1653 2502/1780/1673
f 2504/1781/1674 2502/1780/1673 2499/1760/1653
f 2508/1759/1652 2504/1781/1674 2499/1760/1653
f 2507/1782/1675 2504/1781/1674 2508/1759/1652
f 2509/1758/1651 2507/1782/1675 2508/1759/1652
f 2507/1782/1675 2509/1758/1651 2551/1756/1649
f 2551/1756/1649 2527/1783/1676 2507/1782/1675
f 2527/1783/1676 2551/1756/1649 2552/1757/1650
f 2543/1784/1677 2527/1783/1676 2552/1757/1650
f 2527/1783/1676 2543/1784/1677 2528/1785/1678
f 2528/1785/1678 2493/1786/1679 2527/1783/1676
f 2492/1787/1680 2493/1786/1679 2490/1788/1681
f 2493/1786/1679 2492/1787/1680 2527/1783/1676
f 2505/1789/1682 2527/1783/1676 2492/1787/1680
f 2527/1783/1676 2505/1789/1682 2507/1782/1675
f 2507/1782/1675 2506/1790/1683 2504/1781/1674
f 2506/1790/1683 2507/1782/1675 2505/1789/1682
f 2506/1790/1683 2503/1791/1684 2504/1781/1674
f 2502/1780/1673 2504/1781/1674 2503/1791/1684
f 2506/1790/1683 2487/1792/1685 2503/1791/1684
f 2487/1792/1685 2506/1790/1683 2505/1789/1682
f 2492/1787/1680 2487/1792/1685 2505/1789/1682
f 2488/1793/1686 2487/1792/1685 2492/1787/1680
f 2491/1794/1687 2488/1793/1686 2492/1787/1680
f 2491/1794/1687 2492/1787/1680 2490/1788/1681
f 2489/1795/1688 2491/1794/1687 2490/1788/1681
f 2487/1792/1685 2488/1793/1686 2486/1796/1689
f 2486/1796/1689 2483/1797/1690 2487/1792/1685
f 2485/1798/1691 2483/1797/1690 2486/1796/1689
f 2485/1798/1691 2481/1799/1692 2483/1797/1690
f 2483/1797/1690 2481/1799/1692 2482/1800/1693
f 2483/1797/1690 2482/1800/1693 2484/1801/1694
f 2483/1797/1690 2484/1801/1694 2487/1792/1685
f 2482/1800/1693 2503/1791/1684 2487/1792/1685
f 2484/1801/1694 2482/1800/1693 2487/1792/1685
f 2482/1800/1693 2480/1802/1695 2503/1791/1684
f 2482/1800/1693 2481/1799/1692 2480/1802/1695
f 2480/1802/1695 2502/1780/1673 2503/1791/1684
f 2481/1799/1692 2479/1803/1696 2480/1802/1695
f 2502/1780/1673 2480/1802/1695 2477/1804/1697
f 2480/1802/1695 2479/1803/1696 2477/1804/1697
f 2477/1804/1697 2474/1778/1671 2502/1780/1673
f 2479/1803/1696 2478/1805/1698 2477/1804/1697
f 2477/1804/1697 2476/1806/1699 2474/1778/1671
f 2478/1805/1698 2476/1806/1699 2477/1804/1697
f 2476/1806/1699 2475/1807/1700 2474/1778/1671
f 2475/1807/1700 2473/1777/1670 2474/1778/1671
f 2644/1808/1701 2641/1809/1702 2642/1810/1703
f 2641/1809/1702 2643/1811/1704 2642/1810/1703
f 2652/1812/1705 2642/1810/1703 2643/1811/1704
f 2653/1813/1706 2652/1812/1705 2643/1811/1704
f 2652/1812/1705 2653/1813/1706 2657/1814/1707
f 2653/1813/1706 2651/1815/1708 2657/1814/1707
f 2604/1816/1709 2657/1814/1707 2651/1815/1708
f 2601/1817/1710 2604/1816/1709 2651/1815/1708
f 2604/1816/1709 2601/1817/1710 2602/1818/1711
f 2601/1817/1710 2603/1819/1712 2602/1818/1711
f 2602/1818/1711 2603/1819/1712 2677/1820/1713
f 2601/1817/1710 2650/1821/1714 2649/1822/1715
f 2603/1819/1712 2601/1817/1710 2649/1822/1715
f 2601/1817/1710 2651/1815/1708 2650/1821/1714
f 2653/1813/1706 2655/1823/1716 2651/1815/1708
f 2655/1823/1716 2650/1821/1714 2651/1815/1708
f 2653/1813/1706 2665/1824/1717 2655/1823/1716
f 2653/1813/1706 2643/1811/1704 2665/1824/1717
f 2643/1811/1704 2641/1809/1702 2669/1825/1718
f 2665/1824/1717 2643/1811/1704 2669/1825/1718
f 2641/1809/1702 2702/1826/1719 2669/1825/1718
f 2724/1827/1720 2702/1826/1719 2641/1809/1702
f 2702/1826/1719 2674/1828/1721 2669/1825/1718
f 2674/1828/1721 2626/1829/1722 2669/1825/1718
f 2665/1824/1717 2669/1825/1718 2626/1829/1722
f 2624/1830/1723 2665/1824/1717 2626/1829/1722
f 2624/1830/1723 2655/1823/1716 2665/1824/1717
f 2655/1823/1716 2624/1830/1723 2638/1831/1724
f 2699/1832/1725 2655/1823/1716 2638/1831/1724
f 2655/1823/1716 2699/1832/1725 2650/1821/1714
f 2699/1832/1725 2649/1822/1715 2650/1821/1714
f 2649/1822/1715 2699/1832/1725 2631/1833/1726
f 2619/1834/1727 2649/1822/1715 2631/1833/1726
f 2649/1822/1715 2619/1834/1727 2603/1819/1712
f 2603/1819/1712 2620/1835/1728 2677/1820/1713
f 2619/1834/1727 2620/1835/1728 2603/1819/1712
f 2677/1820/1713 2682/1836/1729 2683/1837/1730
f 2620/1835/1728 2682/1836/1729 2677/1820/1713
f 2619/1834/1727 2621/1838/1731 2620/1835/1728
f 2621/1838/1731 2682/1836/1729 2620/1835/1728
f 2619/1834/1727 2637/1839/1732 2621/1838/1731
f 2619/1834/1727 2631/1833/1726 2637/1839/1732
f 2615/1840/1733 2631/1833/1726 2616/1841/1734
f 2637/1839/1732 2631/1833/1726 2615/1840/1733
f 2616/1841/1734 2631/1833/1726 2699/1832/1725
f 2638/1831/1724 2616/1841/1734 2699/1832/1725
f 2638/1831/1724 2627/1842/1735 2622/1843/1736
f 2616/1841/1734 2638/1831/1724 2622/1843/1736
f 2638/1831/1724 2624/1830/1723 2627/1842/1735
f 2624/1830/1723 2626/1829/1722 2625/1844/1737
f 2627/1842/1735 2624/1830/1723 2625/1844/1737
f 2626/1829/1722 2656/1845/1738 2625/1844/1737
f 2626/1829/1722 2674/1828/1721 2656/1845/1738
f 2625/1844/1737 2656/1845/1738 2609/1846/1739
f 2609/1846/1739 2656/1845/1738 2611/1847/1740
f 2611/1847/1740 2608/1848/1741 2609/1846/1739
f 2608/1848/1741 2610/1849/1742 2609/1846/1739
f 2609/1846/1739 2610/1849/1742 2622/1843/1736
f 2623/1850/1743 2609/1846/1739 2622/1843/1736
f 2623/1850/1743 2625/1844/1737 2609/1846/1739
f 2627/1842/1735 2625/1844/1737 2623/1850/1743
f 2622/1843/1736 2627/1842/1735 2623/1850/1743
f 2622/1843/1736 2610/1849/1742 2616/1841/1734
f 2616/1841/1734 2600/1851/1744 2615/1840/1733
f 2610/1849/1742 2600/1851/1744 2616/1841/1734
f 2610/1849/1742 2608/1848/1741 2600/1851/1744
f 2608/1848/1741 2597/1852/1745 2600/1851/1744
f 2600/1851/1744 2597/1852/1745 2598/1853/1746
f 2600/1851/1744 2598/1853/1746 2615/1840/1733
f 2597/1852/1745 2599/1854/1747 2598/1853/1746
f 2598/1853/1746 2617/1855/1748 2615/1840/1733
f 2598/1853/1746 2599/1854/1747 2617/1855/1748
f 2617/1855/1748 2618/1856/1749 2615/1840/1733
f 2618/1856/1749 2637/1839/1732 2615/1840/1733
f 2637/1839/1732 2618/1856/1749 2712/1857/1750
f 2680/1858/1751 2637/1839/1732 2712/1857/1750
f 2637/1839/1732 2680/1858/1751 2621/1838/1731
f 2680/1858/1751 2681/1859/1752 2621/1838/1731
f 2682/1836/1729 2621/1838/1731 2681/1859/1752
f 2694/1860/1753 2682/1836/1729 2681/1859/1752
f 2682/1836/1729 2694/1860/1753 2683/1837/1730
f 2694/1860/1753 2695/1861/1754 2683/1837/1730
f 2695/1861/1754 2694/1860/1753 2696/1862/1755
f 2694/1860/1753 2697/1863/1756 2696/1862/1755
f 2694/1860/1753 2681/1859/1752 2697/1863/1756
f 2681/1859/1752 2680/1858/1751 2731/1864/1752
f 2681/1859/1752 2731/1864/1752 2697/1863/1756
f 2680/1858/1751 2725/1865/1757 2731/1864/1752
f 2680/1858/1751 2712/1857/1750 2725/1865/1757
f 2712/1857/1750 2684/1866/1758 2711/1867/1759
f 2712/1857/1750 2711/1867/1759 2725/1865/1757
f 2712/1857/1750 2618/1856/1749 2684/1866/1758
f 2617/1855/1748 2684/1866/1758 2618/1856/1749
f 2599/1854/1747 2640/1868/1760 2617/1855/1748
f 2617/1855/1748 2640/1868/1760 2684/1866/1758
f 2640/1868/1760 2686/1869/1761 2684/1866/1758
f 2684/1866/1758 2686/1869/1761 2685/1870/1762
f 2687/1871/1763 2684/1866/1758 2685/1870/1762
f 2684/1866/1758 2687/1871/1763 2711/1867/1759
f 2725/1865/1757 2711/1867/1759 2671/1872/1764
f 2671/1872/1764 2711/1867/1759 2687/1871/1763
f 2671/1872/1764 2726/1873/1765 2725/1865/1757
f 2731/1864/1752 2725/1865/1757 2734/1874/1766
f 2725/1865/1757 2726/1873/1765 2734/1874/1766
f 2734/1874/1766 2701/1875/1767 2731/1864/1752
f 2701/1875/1767 2697/1863/1756 2731/1864/1752
f 2697/1863/1756 2701/1875/1767 2700/1876/1768
f 2696/1862/1755 2697/1863/1756 2700/1876/1768
f 2701/1875/1767 2704/1877/1769 2700/1876/1768
f 2701/1875/1767 2734/1874/1766 2704/1877/1769
f 2704/1877/1769 2596/1878/1770 2700/1876/1768
f 2734/1874/1766 2742/1879/1771 2704/1877/1769
f 2742/1879/1771 2734/1874/1766 2726/1873/1765
f 2742/1879/1771 2595/1880/1772 2704/1877/1769
f 2596/1878/1770 2704/1877/1769 2595/1880/1772
f 2594/1881/1773 2596/1878/1770 2595/1880/1772
f 2595/1880/1772 2668/1882/1774 2594/1881/1773
f 2668/1882/1774 2718/1883/1775 2594/1881/1773
f 2595/1880/1772 2667/1884/1776 2668/1882/1774
f 2667/1884/1776 2595/1880/1772 2742/1879/1771
f 2667/1884/1776 2742/1879/1771 2628/1885/1777
f 2628/1885/1777 2742/1879/1771 2726/1873/1765
f 2628/1885/1777 2726/1873/1765 2672/1886/1778
f 2726/1873/1765 2671/1872/1764 2672/1886/1778
f 2670/1887/1779 2672/1886/1778 2671/1872/1764
f 2673/1888/1780 2670/1887/1779 2671/1872/1764
f 2673/1888/1780 2671/1872/1764 2687/1871/1763
f 2679/1889/1781 2673/1888/1780 2687/1871/1763
f 2685/1870/1762 2679/1889/1781 2687/1871/1763
f 2679/1889/1781 2678/1890/1782 2673/1888/1780
f 2678/1890/1782 2670/1887/1779 2673/1888/1780
f 2670/1887/1779 2678/1890/1782 2747/1891/1783
f 2688/1892/1784 2670/1887/1779 2747/1891/1783
f 2672/1886/1778 2670/1887/1779 2688/1892/1784
f 2689/1893/1785 2672/1886/1778 2688/1892/1784
f 2672/1886/1778 2689/1893/1785 2630/1894/1786
f 2630/1894/1786 2628/1885/1777 2672/1886/1778
f 2628/1885/1777 2630/1894/1786 2629/1895/1787
f 2629/1895/1787 2667/1884/1776 2628/1885/1777
f 2667/1884/1776 2629/1895/1787 2668/1882/1774
f 2668/1882/1774 2717/1896/1788 2718/1883/1775
f 2717/1896/1788 2668/1882/1774 2629/1895/1787
f 2717/1896/1788 2716/1897/1789 2718/1883/1775
f 2717/1896/1788 2715/1898/1790 2716/1897/1789
f 2715/1898/1790 2713/1899/1791 2716/1897/1789
f 2717/1896/1788 2666/1900/1792 2715/1898/1790
f 2629/1895/1787 2666/1900/1792 2717/1896/1788
f 2630/1894/1786 2654/1901/1793 2629/1895/1787
f 2629/1895/1787 2654/1901/1793 2666/1900/1792
f 2630/1894/1786 2738/1902/1794 2654/1901/1793
f 2689/1893/1785 2738/1902/1794 2630/1894/1786
f 2645/1903/1795 2648/1904/1796 2689/1893/1785
f 2689/1893/1785 2648/1904/1796 2738/1902/1794
f 2689/1893/1785 2688/1892/1784 2645/1903/1795
f 2688/1892/1784 2747/1891/1783 2645/1903/1795
f 2747/1891/1783 2739/1905/1797 2645/1903/1795
f 2645/1903/1795 2739/1905/1797 2647/1906/1798
f 2645/1903/1795 2647/1906/1798 2646/1907/1799
f 2648/1904/1796 2645/1903/1795 2646/1907/1799
f 2648/1904/1796 2646/1907/1799 2738/1902/1794
f 2738/1902/1794 2646/1907/1799 2654/1901/1793
f 2654/1901/1793 2661/1908/1800 2666/1900/1792
f 2646/1907/1799 2661/1908/1800 2654/1901/1793
f 2646/1907/1799 2647/1906/1798 2661/1908/1800
f 2647/1906/1798 2658/1909/1801 2661/1908/1800
f 2661/1908/1800 2658/1909/1801 2659/1910/1802
f 2661/1908/1800 2659/1910/1802 2666/1900/1792
f 2715/1898/1790 2666/1900/1792 2659/1910/1802
f 2690/1911/1803 2715/1898/1790 2659/1910/1802
f 2715/1898/1790 2690/1911/1803 2713/1899/1791
f 2690/1911/1803 2714/1912/1804 2713/1899/1791
f 2690/1911/1803 2659/1910/1802 2660/1913/1805
f 2691/1914/1806 2690/1911/1803 2660/1913/1805
f 2659/1910/1802 2658/1909/1801 2660/1913/1805
f 2705/1915/1807 2707/1916/1740 2706/1917/1738
f 2703/1918/1808 2705/1915/1807 2706/1917/1738
f 2692/1919/1809 2705/1915/1807 2703/1918/1808
f 2706/1917/1738 2614/1920/1810 2703/1918/1808
f 2706/1917/1738 2676/1921/1721 2614/1920/1810
f 2613/1922/1811 2676/1921/1721 2675/1923/1719
f 2676/1921/1721 2613/1922/1811 2614/1920/1810
f 2675/1923/1719 2735/1924/1812 2613/1922/1811
f 2613/1922/1811 2612/1925/1813 2614/1920/1810
f 2612/1925/1813 2613/1922/1811 2735/1924/1812
f 2612/1925/1813 2633/1926/1814 2614/1920/1810
f 2614/1920/1810 2633/1926/1814 2703/1918/1808
f 2703/1918/1808 2663/1927/1815 2692/1919/1809
f 2663/1927/1815 2703/1918/1808 2633/1926/1814
f 2663/1927/1815 2693/1928/1747 2692/1919/1809
f 2663/1927/1815 2727/1929/1816 2693/1928/1747
f 2727/1929/1816 2736/1930/1760 2693/1928/1747
f 2736/1930/1760 2727/1929/1816 2743/1931/1817
f 2740/1932/678 2727/1929/1816 2728/1933/1818
f 2727/1929/1816 2740/1932/678 2743/1931/1817
f 2727/1929/1816 2664/1934/1713 2728/1933/1818
f 2727/1929/1816 2663/1927/1815 2664/1934/1713
f 2662/1935/1711 2664/1934/1713 2663/1927/1815
f 2633/1926/1814 2662/1935/1711 2663/1927/1815
f 2633/1926/1814 2698/1936/1709 2662/1935/1711
f 2612/1925/1813 2632/1937/1707 2633/1926/1814
f 2698/1936/1709 2633/1926/1814 2632/1937/1707
f 2675/1923/1719 2746/1938/1720 2735/1924/1812
f 2741/1939/1819 2740/1932/678 2728/1933/1818
f 2741/1939/1819 2721/1940/1820 2740/1932/678
f 2721/1940/1820 2719/1941/1821 2740/1932/678
f 2740/1932/678 2719/1941/1821 2743/1931/1817
f 2719/1941/1821 2723/1942/1822 2743/1931/1817
f 2722/1943/1781 2723/1942/1822 2719/1941/1821
f 2605/1944/1823 2722/1943/1781 2719/1941/1821
f 2605/1944/1823 2606/1945/1824 2722/1943/1781
f 2719/1941/1821 2720/1946/1825 2605/1944/1823
f 2719/1941/1821 2721/1940/1820 2720/1946/1825
f 2720/1946/1825 2744/1947/1770 2605/1944/1823
f 2744/1947/1770 2639/1948/1826 2605/1944/1823
f 2730/1949/1827 2639/1948/1826 2744/1947/1770
f 2639/1948/1826 2730/1949/1827 2729/1950/1775
f 2639/1948/1826 2729/1950/1775 2732/1951/1789
f 2732/1951/1789 2635/1952/1828 2639/1948/1826
f 2639/1948/1826 2635/1952/1828 2607/1953/1829
f 2607/1953/1829 2605/1944/1823 2639/1948/1826
f 2605/1944/1823 2607/1953/1829 2606/1945/1824
f 2607/1953/1829 2737/1954/1783 2606/1945/1824
f 2635/1952/1828 2733/1955/1798 2607/1953/1829
f 2607/1953/1829 2733/1955/1798 2737/1954/1783
f 2733/1955/1798 2745/1956/1797 2737/1954/1783
f 2635/1952/1828 2636/1957/1830 2733/1955/1798
f 2634/1958/1831 2636/1957/1830 2635/1952/1828
f 2635/1952/1828 2732/1951/1789 2634/1958/1831
f 2709/1959/1791 2634/1958/1831 2732/1951/1789
f 2708/1960/1805 2634/1958/1831 2709/1959/1791
f 2636/1957/1830 2634/1958/1831 2708/1960/1805
f 2709/1959/1791 2710/1961/1832 2708/1960/1805
f 2850/1962/1833 2852/1963/1834 2851/1964/1835
f 2851/1964/1835 2852/1963/1834 2902/1965/1836
f 2899/1966/1837 2900/1967/1838 2852/1963/1834
f 2852/1963/1834 2900/1967/1838 2902/1965/1836
f 2902/1965/1836 2900/1967/1838 2893/1968/1839
f 2893/1968/1839 2895/1969/1840 2894/1970/1841
f 2900/1967/1838 2895/1969/1840 2893/1968/1839
f 2899/1966/1837 2898/1971/1842 2900/1967/1838
f 2900/1967/1838 2898/1971/1842 2895/1969/1840
f 2898/1971/1842 2879/1972/1843 2895/1969/1840
f 2898/1971/1842 2933/1973/1844 2879/1972/1843
f 2933/1973/1844 2878/1974/1845 2879/1972/1843
f 2878/1974/1845 2880/1975/1846 2879/1972/1843
f 2905/1976/1847 2879/1972/1843 2880/1975/1846
f 2882/1977/1848 2879/1972/1843 2905/1976/1847
f 2896/1978/1849 2879/1972/1843 2882/1977/1848
f 2895/1969/1840 2879/1972/1843 2896/1978/1849
f 2895/1969/1840 2896/1978/1849 2894/1970/1841
f 2894/1970/1841 2896/1978/1849 2883/1979/1850
f 2896/1978/1849 2882/1977/1848 2883/1979/1850
f 2882/1977/1848 2884/1980/1851 2883/1979/1850
f 2884/1980/1851 2882/1977/1848 2905/1976/1847
f 2905/1976/1847 2906/1981/1852 2884/1980/1851
f 2906/1981/1852 2907/1982/1853 2884/1980/1851
f 2884/1980/1851 2885/1983/1854 2883/1979/1850
f 2884/1980/1851 2907/1982/1853 2885/1983/1854
f 2883/1979/1850 2885/1983/1854 2886/1984/1855
f 2907/1982/1853 2912/1985/1856 2885/1983/1854
f 2885/1983/1854 2887/1986/1857 2886/1984/1855
f 2885/1983/1854 2912/1985/1856 2887/1986/1857
f 2886/1984/1855 2887/1986/1857 2890/1987/1858
f 2912/1985/1856 2919/1988/1859 2887/1986/1857
f 2887/1986/1857 2800/1989/1860 2890/1987/1858
f 2887/1986/1857 2919/1988/1859 2800/1989/1860
f 2919/1988/1859 2799/1990/1861 2800/1989/1860
f 2799/1990/1861 2801/1991/1862 2800/1989/1860
f 2801/1991/1862 2802/1992/1863 2800/1989/1860
f 2800/1989/1860 2802/1992/1863 2890/1987/1858
f 2802/1992/1863 2889/1993/1864 2890/1987/1858
f 2802/1992/1863 2839/1994/1865 2889/1993/1864
f 2839/1994/1865 2845/1995/1866 2889/1993/1864
f 2802/1992/1863 2838/1996/1867 2839/1994/1865
f 2801/1991/1862 2838/1996/1867 2802/1992/1863
f 2838/1996/1867 2840/1997/1868 2839/1994/1865
f 2840/1997/1868 2778/1998/1869 2839/1994/1865
f 2839/1994/1865 2778/1998/1869 2845/1995/1866
f 2840/1997/1868 2939/1999/1870 2778/1998/1869
f 2939/1999/1870 2779/2000/1871 2778/1998/1869
f 2778/1998/1869 2779/2000/1871 2756/2001/1872
f 2778/1998/1869 2756/2001/1872 2845/1995/1866
f 2788/2002/1873 2845/1995/1866 2757/2003/1874
f 2845/1995/1866 2756/2001/1872 2757/2003/1874
f 2756/2001/1872 2758/2004/1875 2757/2003/1874
f 2779/2000/1871 2758/2004/1875 2756/2001/1872
f 2792/2005/1876 2758/2004/1875 2779/2000/1871
f 2758/2004/1875 2792/2005/1876 2771/2006/1877
f 2771/2006/1877 2772/2007/1878 2758/2004/1875
f 2772/2007/1878 2773/2008/1879 2758/2004/1875
f 2757/2003/1874 2758/2004/1875 2767/2009/1880
f 2767/2009/1880 2758/2004/1875 2773/2008/1879
f 2767/2009/1880 2788/2002/1873 2757/2003/1874
f 2787/2010/1881 2788/2002/1873 2767/2009/1880
f 2787/2010/1881 2767/2009/1880 2762/2011/1882
f 2762/2011/1882 2767/2009/1880 2773/2008/1879
f 2762/2011/1882 2773/2008/1879 2932/2012/1883
f 2762/2011/1882 2932/2012/1883 2760/2013/1884
f 2761/2014/1885 2762/2011/1882 2760/2013/1884
f 2761/2014/1885 2787/2010/1881 2762/2011/1882
f 2760/2013/1884 2759/2015/1886 2761/2014/1885
f 2760/2013/1884 2872/2016/1887 2759/2015/1886
f 417/353/352 468/2017/1888 418/363/362
f 468/2017/1888 469/399/398 418/363/362
f 417/353/352 467/2018/1889 468/2017/1888
f 466/305/304 467/2018/1889 417/353/352
f 467/2018/1889 466/305/304 505/304/303
f 506/2019/1890 467/2018/1889 505/304/303
f 506/2019/1890 507/2020/1891 467/2018/1889
f 507/2020/1891 468/2017/1888 467/2018/1889
f 507/2020/1891 508/2021/1892 468/2017/1888
f 508/2021/1892 469/399/398 468/2017/1888
f 508/2021/1892 509/400/399 469/399/398
f 523/401/400 509/400/399 508/2021/1892
f 522/2022/1893 523/401/400 508/2021/1892
f 522/2022/1893 508/2021/1892 507/2020/1891
f 522/2022/1893 527/436/434 523/401/400
f 526/2023/1894 527/436/434 522/2022/1893
f 531/437/435 527/436/434 526/2023/1894
f 522/2022/1893 521/2024/1895 526/2023/1894
f 521/2024/1895 522/2022/1893 507/2020/1891
f 520/2025/302 521/2024/1895 507/2020/1891
f 506/2019/1890 520/2025/302 507/2020/1891
f 506/2019/1890 505/304/303 520/2025/302
f 505/304/303 650/303/302 520/2025/302
f 520/2025/302 650/303/302 524/2026/1896
f 650/303/302 651/302/301 524/2026/1896
f 524/2026/1896 525/2027/1897 520/2025/302
f 525/2027/1897 521/2024/1895 520/2025/302
f 525/2027/1897 526/2023/1894 521/2024/1895
f 530/2028/1898 526/2023/1894 525/2027/1897
f 530/2028/1898 531/437/435 526/2023/1894
f 537/2029/1899 531/437/435 530/2028/1898
f 537/2029/1899 538/438/436 531/437/435
f 541/2030/1900 538/438/436 537/2029/1899
f 538/438/436 541/2030/1900 540/439/437
f 537/2029/1899 543/2031/1901 544/2032/1902
f 544/2032/1902 541/2030/1900 537/2029/1899
f 537/2029/1899 536/2033/1903 543/2031/1901
f 536/2033/1903 537/2029/1899 530/2028/1898
f 535/2034/1904 536/2033/1903 530/2028/1898
f 529/2035/1905 535/2034/1904 530/2028/1898
f 529/2035/1905 530/2028/1898 525/2027/1897
f 528/2036/1906 529/2035/1905 525/2027/1897
f 524/2026/1896 528/2036/1906 525/2027/1897
f 524/2026/1896 651/302/301 528/2036/1906
f 651/302/301 652/290/289 528/2036/1906
f 652/290/289 647/2037/1907 528/2036/1906
f 649/270/269 647/2037/1907 652/290/289
f 649/270/269 648/268/267 647/2037/1907
f 647/2037/1907 648/268/267 534/2038/1908
f 647/2037/1907 534/2038/1908 528/2036/1906
f 528/2036/1906 534/2038/1908 529/2035/1905
f 534/2038/1908 535/2034/1904 529/2035/1905
f 534/2038/1908 545/2039/1909 535/2034/1904
f 648/268/267 545/2039/1909 534/2038/1908
f 535/2034/1904 542/2040/1910 536/2033/1903
f 545/2039/1909 542/2040/1910 535/2034/1904
f 542/2040/1910 543/2031/1901 536/2033/1903
f 543/2031/1901 542/2040/1910 574/2041/1911
f 573/2042/1912 543/2031/1901 574/2041/1911
f 544/2032/1902 543/2031/1901 573/2042/1912
f 575/2043/1913 544/2032/1902 573/2042/1912
f 575/2043/1913 576/2044/1914 544/2032/1902
f 576/2044/1914 541/2030/1900 544/2032/1902
f 541/2030/1900 576/2044/1914 551/2045/1915
f 549/2046/1916 541/2030/1900 551/2045/1915
f 541/2030/1900 549/2046/1916 540/439/437
f 551/2045/1915 565/2047/1917 564/2048/1918
f 551/2045/1915 564/2048/1918 549/2046/1916
f 551/2045/1915 576/2044/1914 565/2047/1917
f 576/2044/1914 577/2049/1919 565/2047/1917
f 576/2044/1914 575/2043/1913 577/2049/1919
f 575/2043/1913 578/2050/1920 577/2049/1919
f 575/2043/1913 573/2042/1912 578/2050/1920
f 573/2042/1912 579/199/198 578/2050/1920
f 580/2051/1921 579/199/198 573/2042/1912
f 574/2041/1911 580/2051/1921 573/2042/1912
f 656/2052/1922 657/264/263 574/2041/1911
f 657/264/263 580/2051/1921 574/2041/1911
f 574/2041/1911 658/2053/1923 656/2052/1922
f 542/2040/1910 658/2053/1923 574/2041/1911
f 658/2053/1923 542/2040/1910 545/2039/1909
f 660/2054/1924 658/2053/1923 545/2039/1909
f 659/267/266 660/2054/1924 545/2039/1909
f 648/268/267 659/267/266 545/2039/1909
f 659/267/266 693/266/265 660/2054/1924
f 660/2054/1924 693/266/265 658/2053/1923
f 692/2055/1925 656/2052/1922 658/2053/1923
f 693/266/265 692/2055/1925 658/2053/1923
f 656/2052/1922 692/2055/1925 657/264/263
f 692/2055/1925 691/263/262 657/264/263
f 691/263/262 692/2055/1925 693/266/265
f 657/264/263 590/2056/1926 580/2051/1921
f 657/264/263 688/262/261 590/2056/1926
f 590/2056/1926 591/2057/1927 580/2051/1921
f 579/199/198 580/2051/1921 591/2057/1927
f 591/2057/1927 592/200/199 579/199/198
f 578/2050/1920 579/199/198 581/198/197
f 577/2049/1919 578/2050/1920 581/198/197
f 582/197/196 577/2049/1919 581/198/197
f 571/2058/1928 577/2049/1919 582/197/196
f 577/2049/1919 571/2058/1928 565/2047/1917
f 565/2047/1917 566/2059/1929 564/2048/1918
f 565/2047/1917 571/2058/1928 566/2059/1929
f 571/2058/1928 568/2060/1930 566/2059/1929
f 584/148/148 568/2060/1930 571/2058/1928
f 582/197/196 584/148/148 571/2058/1928
f 584/148/148 593/2061/1931 568/2060/1930
f 594/129/129 593/2061/1931 584/148/148
f 594/129/129 598/128/128 593/2061/1931
f 598/128/128 597/483/301 593/2061/1931
f 593/2061/1931 597/483/301 568/2060/1930
f 597/483/301 569/482/479 568/2060/1930
f 568/2060/1930 569/482/479 566/2059/1929
f 569/482/479 567/481/478 566/2059/1929
f 566/2059/1929 567/481/478 564/2048/1918
f 567/481/478 558/461/459 564/2048/1918
f 557/2062/1932 558/461/459 556/447/445
f 558/461/459 557/2062/1932 564/2048/1918
f 564/2048/1918 557/2062/1932 549/2046/1916
f 549/2046/1916 550/2063/1933 540/439/437
f 549/2046/1916 557/2062/1932 550/2063/1933
f 554/2064/1934 557/2062/1932 556/447/445
f 557/2062/1932 554/2064/1934 550/2063/1933
f 556/447/445 555/446/444 554/2064/1934
f 550/2063/1933 554/2064/1934 552/2065/1935
f 554/2064/1934 555/446/444 552/2065/1935
f 552/2065/1935 540/439/437 550/2063/1933
f 540/439/437 552/2065/1935 548/440/438
f 552/2065/1935 553/2066/1936 548/440/438
f 555/446/444 553/2066/1936 552/2065/1935
f 553/2066/1936 555/446/444 1421/441/439
f 553/2066/1936 1421/441/439 548/440/438
f 646/261/260 590/2056/1926 688/262/261
f 590/2056/1926 646/261/260 589/2067/1937
f 646/261/260 645/203/202 589/2067/1937
f 589/2067/1937 591/2057/1927 590/2056/1926
f 645/203/202 643/201/200 589/2067/1937
f 591/2057/1927 589/2067/1937 592/200/199
f 589/2067/1937 643/201/200 592/200/199
f 1143/1292/1213 1145/2068/1938 1144/2069/1939
f 1143/1292/1213 1144/2069/1939 1146/1369/1286
f 1150/2070/1940 1146/1369/1286 1144/2069/1939
f 1158/1370/1287 1146/1369/1286 1150/2070/1940
f 1144/2069/1939 1152/2071/1941 1150/2070/1940
f 1151/2072/1942 1152/2071/1941 1144/2069/1939
f 1145/2068/1938 1151/2072/1942 1144/2069/1939
f 1145/2068/1938 1160/2073/1133 1159/2074/1943
f 1145/2068/1938 1159/2074/1943 1151/2072/1942
f 1151/2072/1942 1159/2074/1943 1163/2075/1944
f 1163/2075/1944 1152/2071/1941 1151/2072/1942
f 1161/2076/1945 1152/2071/1941 1163/2075/1944
f 1161/2076/1945 1150/2070/1940 1152/2071/1941
f 1150/2070/1940 1161/2076/1945 1158/1370/1287
f 1168/2077/1946 1161/2076/1945 1162/2078/1947
f 1161/2076/1945 1168/2077/1946 1158/1370/1287
f 1161/2076/1945 1163/2075/1944 1162/2078/1947
f 1162/2078/1947 1167/2079/1948 1168/2077/1946
f 1167/2079/1948 1162/2078/1947 1163/2075/1944
f 1165/2080/1949 1167/2079/1948 1163/2075/1944
f 1159/2074/1943 1165/2080/1949 1163/2075/1944
f 1159/2074/1943 1160/2073/1133 1165/2080/1949
f 1160/2073/1133 1166/2081/1950 1165/2080/1949
f 1175/2082/1951 1165/2080/1949 1166/2081/1950
f 1167/2079/1948 1165/2080/1949 1175/2082/1951
f 1166/2081/1950 1174/2083/1129 1175/2082/1951
f 1174/2083/1129 1194/2084/1129 1175/2082/1951
f 1194/2084/1129 1193/2085/1952 1175/2082/1951
f 1194/2084/1129 1207/2086/1953 1193/2085/1952
f 1175/2082/1951 1193/2085/1952 1192/2087/1954
f 1207/2086/1953 1206/2088/1955 1193/2085/1952
f 1193/2085/1952 1206/2088/1955 1192/2087/1954
f 1207/2086/1953 1216/2089/1956 1206/2088/1955
f 1206/2088/1955 1205/2090/1957 1192/2087/1954
f 1216/2089/1956 1215/2091/1958 1206/2088/1955
f 1206/2088/1955 1215/2091/1958 1205/2090/1957
f 1216/2089/1956 1220/2092/1959 1215/2091/1958
f 1216/2089/1956 1221/2093/1125 1220/2092/1959
f 1215/2091/1958 1220/2092/1959 1214/2094/1960
f 1215/2091/1958 1214/2094/1960 1205/2090/1957
f 1192/2087/1954 1205/2090/1957 1204/2095/1961
f 1214/2094/1960 1213/2096/1962 1205/2090/1957
f 1204/2095/1961 1205/2090/1957 1213/2096/1962
f 1214/2094/1960 1227/2097/1963 1213/2096/1962
f 1220/2092/1959 1224/2098/1964 1214/2094/1960
f 1224/2098/1964 1227/2097/1963 1214/2094/1960
f 1220/2092/1959 1225/2099/1965 1224/2098/1964
f 1224/2098/1964 1228/2100/1966 1227/2097/1963
f 1225/2099/1965 1228/2100/1966 1224/2098/1964
f 1227/2097/1963 1212/2101/1967 1213/2096/1962
f 1228/2100/1966 1230/2102/1968 1227/2097/1963
f 1227/2097/1963 1230/2102/1968 1212/2101/1967
f 1228/2100/1966 1231/2103/1969 1230/2102/1968
f 1225/2099/1965 1229/2104/1970 1228/2100/1966
f 1228/2100/1966 1229/2104/1970 1231/2103/1969
f 1225/2099/1965 1222/2105/1971 1226/2106/1972
f 1226/2106/1972 1229/2104/1970 1225/2099/1965
f 1222/2105/1971 1225/2099/1965 1220/2092/1959
f 1221/2093/1125 1222/2105/1971 1220/2092/1959
f 1222/2105/1971 1221/2093/1125 1223/2107/1973
f 1223/2107/1973 1226/2106/1972 1222/2105/1971
f 1221/2093/1125 1249/2108/1974 1223/2107/1973
f 1223/2107/1973 1249/2108/1974 1226/2106/1972
f 1221/2093/1125 1255/1437/1124 1249/2108/1974
f 1249/2108/1974 1248/2109/1975 1226/2106/1972
f 1255/1437/1124 1254/2110/1976 1249/2108/1974
f 1248/2109/1975 1249/2108/1974 1254/2110/1976
f 1255/1437/1124 1256/1436/1353 1254/2110/1976
f 1251/2111/1977 1248/2109/1975 1254/2110/1976
f 1254/2110/1976 1256/1436/1353 1251/2111/1977
f 1256/1436/1353 1258/1430/1347 1251/2111/1977
f 1257/2112/1978 1251/2111/1977 1258/1430/1347
f 1257/2112/1978 1258/1430/1347 1312/1409/1326
f 1257/2112/1978 1312/1409/1326 1311/1408/1325
f 1253/2113/1979 1257/2112/1978 1311/1408/1325
f 1253/2113/1979 1311/1408/1325 1310/1390/1307
f 1253/2113/1979 1250/2114/1980 1257/2112/1978
f 1251/2111/1977 1257/2112/1978 1250/2114/1980
f 1248/2109/1975 1251/2111/1977 1250/2114/1980
f 1247/2115/1981 1248/2109/1975 1250/2114/1980
f 1226/2106/1972 1248/2109/1975 1247/2115/1981
f 1229/2104/1970 1226/2106/1972 1247/2115/1981
f 1229/2104/1970 1247/2115/1981 1232/2116/1982
f 1229/2104/1970 1232/2116/1982 1231/2103/1969
f 1247/2115/1981 1245/2117/1983 1232/2116/1982
f 1245/2117/1983 1247/2115/1981 1250/2114/1980
f 1245/2117/1983 1250/2114/1980 1252/2118/1984
f 1252/2118/1984 1250/2114/1980 1253/2113/1979
f 1252/2118/1984 1253/2113/1979 1310/1390/1307
f 1252/2118/1984 1310/1390/1307 1246/1389/1306
f 1245/2117/1983 1252/2118/1984 1246/1389/1306
f 1245/2117/1983 1246/1389/1306 1243/2119/1985
f 1232/2116/1982 1245/2117/1983 1243/2119/1985
f 1232/2116/1982 1243/2119/1985 1231/2103/1969
f 1243/2119/1985 1237/2120/1986 1231/2103/1969
f 1243/2119/1985 1246/1389/1306 1239/1388/1305
f 1243/2119/1985 1239/1388/1305 1237/2120/1986
f 1239/1388/1305 1238/1387/1304 1237/2120/1986
f 1231/2103/1969 1237/2120/1986 1236/2121/1987
f 1237/2120/1986 1238/1387/1304 1236/2121/1987
f 1236/2121/1987 1230/2102/1968 1231/2103/1969
f 1238/1387/1304 1235/1386/1303 1236/2121/1987
f 1230/2102/1968 1236/2121/1987 1211/2122/1988
f 1211/2122/1988 1236/2121/1987 1235/1386/1303
f 1211/2122/1988 1212/2101/1967 1230/2102/1968
f 1203/2123/1989 1212/2101/1967 1211/2122/1988
f 1203/2123/1989 1204/2095/1961 1212/2101/1967
f 1204/2095/1961 1213/2096/1962 1212/2101/1967
f 1203/2123/1989 1191/2124/1990 1204/2095/1961
f 1191/2124/1990 1192/2087/1954 1204/2095/1961
f 1176/2125/1991 1192/2087/1954 1191/2124/1990
f 1176/2125/1991 1175/2082/1951 1192/2087/1954
f 1176/2125/1991 1167/2079/1948 1175/2082/1951
f 1176/2125/1991 1177/2126/1992 1167/2079/1948
f 1177/2126/1992 1176/2125/1991 1191/2124/1990
f 1177/2126/1992 1168/2077/1946 1167/2079/1948
f 1177/2126/1992 1178/2127/1993 1168/2077/1946
f 1177/2126/1992 1191/2124/1990 1178/2127/1993
f 1191/2124/1990 1190/2128/1994 1178/2127/1993
f 1190/2128/1994 1191/2124/1990 1203/2123/1989
f 1190/2128/1994 1203/2123/1989 1202/1373/1290
f 1202/1373/1290 1203/2123/1989 1211/2122/1988
f 1202/1373/1290 1211/2122/1988 1217/1374/1291
f 1217/1374/1291 1211/2122/1988 1235/1386/1303
f 1202/1373/1290 1189/1372/1289 1190/2128/1994
f 1178/2127/1993 1190/2128/1994 1189/1372/1289
f 1179/1371/1288 1178/2127/1993 1189/1372/1289
f 1178/2127/1993 1179/1371/1288 1158/1370/1287
f 1178/2127/1993 1158/1370/1287 1168/2077/1946
f 1758/2129/1538 1760/2130/1995 1759/2131/1996
f 1760/2130/1995 1758/2129/1538 1761/2132/1539
f 1760/2130/1995 1774/2133/1532 1759/2131/1996
f 1760/2130/1995 1773/2134/1533 1774/2133/1532
f 1772/2135/1997 1773/2134/1533 1760/2130/1995
f 1773/2134/1533 1772/2135/1997 1880/2136/1531
f 1760/2130/1995 1761/2132/1539 1771/2137/1998
f 1771/2137/1998 1772/2135/1997 1760/2130/1995
f 1761/2132/1539 1874/2138/1540 1771/2137/1998
f 1771/2137/1998 1879/2139/1999 1772/2135/1997
f 1874/2138/1540 1876/2140/2000 1771/2137/1998
f 1876/2140/2000 1879/2139/1999 1771/2137/1998
f 1874/2138/1540 1875/2141/2001 1876/2140/2000
f 1875/2141/2001 1874/2138/1540 1851/2142/1545
f 1875/2141/2001 1878/2143/2002 1876/2140/2000
f 1876/2140/2000 1878/2143/2002 1881/2144/2003
f 1879/2139/1999 1876/2140/2000 1881/2144/2003
f 1879/2139/1999 1881/2144/2003 1882/2145/2004
f 1882/2145/2004 1883/2146/2005 1879/2139/1999
f 1883/2146/2005 1772/2135/1997 1879/2139/1999
f 1772/2135/1997 1883/2146/2005 1880/2136/1531
f 1880/2136/1531 1883/2146/2005 2141/2147/2006
f 2139/2148/2007 2141/2147/2006 1883/2146/2005
f 1882/2145/2004 2139/2148/2007 1883/2146/2005
f 1882/2145/2004 1881/2144/2003 2139/2148/2007
f 1881/2144/2003 2137/2149/2008 2139/2148/2007
f 2139/2148/2007 2137/2149/2008 2140/2150/2009
f 2141/2147/2006 2139/2148/2007 2140/2150/2009
f 2140/2150/2009 1880/2136/1531 2141/2147/2006
f 2172/2151/2010 1880/2136/1531 2140/2150/2009
f 2150/2152/2011 2172/2151/2010 2140/2150/2009
f 2140/2150/2009 2137/2149/2008 2150/2152/2011
f 2172/2151/2010 2150/2152/2011 2184/2153/2012
f 2137/2149/2008 2151/2154/2013 2150/2152/2011
f 2150/2152/2011 2142/2155/2014 2184/2153/2012
f 2150/2152/2011 2151/2154/2013 2142/2155/2014
f 2184/2153/2012 2142/2155/2014 2187/2156/2015
f 2142/2155/2014 2143/2157/2016 2187/2156/2015
f 2195/2158/2017 2187/2156/2015 2143/2157/2016
f 2142/2155/2014 2144/2159/2018 2143/2157/2016
f 2151/2154/2013 2144/2159/2018 2142/2155/2014
f 2144/2159/2018 2145/2160/2019 2143/2157/2016
f 2160/2161/2020 2195/2158/2017 2143/2157/2016
f 2143/2157/2016 2145/2160/2019 2160/2161/2020
f 2160/2161/2020 2194/2162/2021 2195/2158/2017
f 2145/2160/2019 2162/2163/2022 2160/2161/2020
f 2160/2161/2020 2161/2164/2023 2194/2162/2021
f 2160/2161/2020 2162/2163/2022 2161/2164/2023
f 2161/2164/2023 2193/2165/1607 2194/2162/2021
f 2162/2163/2022 2163/2166/2024 2161/2164/2023
f 2161/2164/2023 2176/2167/2025 2193/2165/1607
f 2176/2167/2025 2161/2164/2023 2163/2166/2024
f 2176/2167/2025 2168/2168/1617 2193/2165/1607
f 2166/2169/2026 2168/2168/1617 2176/2167/2025
f 2167/2170/2027 2168/2168/1617 2166/2169/2026
f 2176/2167/2025 2177/2171/2028 2166/2169/2026
f 2177/2171/2028 2176/2167/2025 2163/2166/2024
f 2177/2171/2028 2163/2166/2024 2164/2172/2029
f 2162/2163/2022 2120/2173/2030 2163/2166/2024
f 2120/2173/2030 2164/2172/2029 2163/2166/2024
f 2162/2163/2022 2159/2174/2031 2120/2173/2030
f 2145/2160/2019 2148/2175/2032 2162/2163/2022
f 2148/2175/2032 2159/2174/2031 2162/2163/2022
f 2145/2160/2019 2149/2176/2033 2148/2175/2032
f 2147/2177/2034 2149/2176/2033 2145/2160/2019
f 2144/2159/2018 2147/2177/2034 2145/2160/2019
f 2144/2159/2018 2146/2178/2035 2147/2177/2034
f 2154/2179/2036 2146/2178/2035 2144/2159/2018
f 2151/2154/2013 2154/2179/2036 2144/2159/2018
f 2146/2178/2035 2131/2180/2037 2147/2177/2034
f 2154/2179/2036 2134/2181/2038 2146/2178/2035
f 2134/2181/2038 2131/2180/2037 2146/2178/2035
f 2154/2179/2036 2135/2182/2039 2134/2181/2038
f 2151/2154/2013 2155/2183/2040 2154/2179/2036
f 2155/2183/2040 2135/2182/2039 2154/2179/2036
f 2151/2154/2013 2138/2184/2041 2155/2183/2040
f 2137/2149/2008 2138/2184/2041 2151/2154/2013
f 2137/2149/2008 1881/2144/2003 2138/2184/2041
f 1878/2143/2002 2097/2185/2042 1881/2144/2003
f 1881/2144/2003 2097/2185/2042 2138/2184/2041
f 2138/2184/2041 2101/2186/2043 2155/2183/2040
f 2097/2185/2042 2101/2186/2043 2138/2184/2041
f 2101/2186/2043 2135/2182/2039 2155/2183/2040
f 2136/2187/2044 2135/2182/2039 2101/2186/2043
f 2135/2182/2039 2136/2187/2044 2133/2188/2045
f 2134/2181/2038 2135/2182/2039 2133/2188/2045
f 2132/2189/2046 2134/2181/2038 2133/2188/2045
f 2131/2180/2037 2134/2181/2038 2132/2189/2046
f 2130/2190/2047 2131/2180/2037 2132/2189/2046
f 2128/2191/2048 2131/2180/2037 2130/2190/2047
f 2131/2180/2037 2128/2191/2048 2147/2177/2034
f 2147/2177/2034 2128/2191/2048 2149/2176/2033
f 2128/2191/2048 2127/2192/2049 2149/2176/2033
f 2126/2193/2050 2148/2175/2032 2149/2176/2033
f 2127/2192/2049 2126/2193/2050 2149/2176/2033
f 2148/2175/2032 2124/2194/2051 2159/2174/2031
f 2148/2175/2032 2126/2193/2050 2124/2194/2051
f 2159/2174/2031 2124/2194/2051 2119/2195/2052
f 2120/2173/2030 2159/2174/2031 2119/2195/2052
f 2124/2194/2051 2123/2196/2053 2119/2195/2052
f 2124/2194/2051 2126/2193/2050 2125/2197/2054
f 2123/2196/2053 2124/2194/2051 2125/2197/2054
f 2126/2193/2050 2110/2198/2055 2125/2197/2054
f 2126/2193/2050 2127/2192/2049 2110/2198/2055
f 2128/2191/2048 2129/2199/2056 2127/2192/2049
f 2127/2192/2049 2129/2199/2056 2110/2198/2055
f 2128/2191/2048 2130/2190/2047 2129/2199/2056
f 2129/2199/2056 2109/2200/2057 2110/2198/2055
f 2109/2200/2057 2129/2199/2056 2130/2190/2047
f 2111/2201/2058 2109/2200/2057 2130/2190/2047
f 2111/2201/2058 2130/2190/2047 2132/2189/2046
f 2112/2202/2059 2111/2201/2058 2132/2189/2046
f 2112/2202/2059 2132/2189/2046 2133/2188/2045
f 2113/2203/2060 2112/2202/2059 2133/2188/2045
f 2113/2203/2060 2133/2188/2045 2114/2204/2061
f 2133/2188/2045 2136/2187/2044 2114/2204/2061
f 2114/2204/2061 2136/2187/2044 2115/2205/2062
f 2100/2206/2063 2136/2187/2044 2101/2186/2043
f 2136/2187/2044 2100/2206/2063 2115/2205/2062
f 2101/2186/2043 2096/2207/2064 2100/2206/2063
f 2096/2207/2064 2101/2186/2043 2097/2185/2042
f 2096/2207/2064 2097/2185/2042 1878/2143/2002
f 1877/2208/2065 2096/2207/2064 1878/2143/2002
f 1877/2208/2065 1878/2143/2002 1875/2141/2001
f 1877/2208/2065 2098/2209/2066 2096/2207/2064
f 2100/2206/2063 2096/2207/2064 2099/2210/2067
f 2098/2209/2066 2099/2210/2067 2096/2207/2064
f 2099/2210/2067 2098/2209/2066 2100/2206/2063
f 2098/2209/2066 2115/2205/2062 2100/2206/2063
f 2095/2211/2068 2115/2205/2062 2098/2209/2066
f 2114/2204/2061 2115/2205/2062 2095/2211/2068
f 2098/2209/2066 1877/2208/2065 2095/2211/2068
f 1846/2212/2069 2091/2213/2070 1877/2208/2065
f 2095/2211/2068 1877/2208/2065 2091/2213/2070
f 1846/2212/2069 1877/2208/2065 1875/2141/2001
f 1845/2214/2071 1846/2212/2069 1875/2141/2001
f 1844/2215/2072 1846/2212/2069 1845/2214/2071
f 2091/2213/2070 1846/2212/2069 1844/2215/2072
f 2090/2216/2073 2091/2213/2070 1844/2215/2072
f 2072/2217/2074 2091/2213/2070 2090/2216/2073
f 2072/2217/2074 2095/2211/2068 2091/2213/2070
f 2094/2218/2075 2095/2211/2068 2072/2217/2074
f 2094/2218/2075 2114/2204/2061 2095/2211/2068
f 2094/2218/2075 2113/2203/2060 2114/2204/2061
f 2094/2218/2075 2093/2219/2076 2113/2203/2060
f 2093/2219/2076 2112/2202/2059 2113/2203/2060
f 2093/2219/2076 2092/2220/2077 2112/2202/2059
f 2092/2220/2077 2111/2201/2058 2112/2202/2059
f 2092/2220/2077 2057/2221/2078 2111/2201/2058
f 2057/2221/2078 2109/2200/2057 2111/2201/2058
f 2092/2220/2077 2056/2222/2079 2057/2221/2078
f 2092/2220/2077 2093/2219/2076 2056/2222/2079
f 2093/2219/2076 2065/2223/2080 2056/2222/2079
f 2093/2219/2076 2094/2218/2075 2066/2224/2081
f 2065/2223/2080 2093/2219/2076 2066/2224/2081
f 2094/2218/2075 2072/2217/2074 2066/2224/2081
f 2066/2224/2081 2072/2217/2074 2071/2225/2082
f 2071/2225/2082 2072/2217/2074 2090/2216/2073
f 2071/2225/2082 2064/2226/2083 2066/2224/2081
f 2065/2223/2080 2066/2224/2081 2064/2226/2083
f 2063/2227/2084 2065/2223/2080 2064/2226/2083
f 2056/2222/2079 2065/2223/2080 2063/2227/2084
f 2053/2228/2085 2056/2222/2079 2063/2227/2084
f 2055/2229/2086 2056/2222/2079 2053/2228/2085
f 2055/2229/2086 2057/2221/2078 2056/2222/2079
f 2058/2230/2087 2057/2221/2078 2055/2229/2086
f 2057/2221/2078 2058/2230/2087 2109/2200/2057
f 2058/2230/2087 2110/2198/2055 2109/2200/2057
f 2058/2230/2087 2059/2231/2088 2110/2198/2055
f 2059/2231/2088 2125/2197/2054 2110/2198/2055
f 2058/2230/2087 2052/2232/2089 2059/2231/2088
f 2052/2232/2089 2058/2230/2087 2055/2229/2086
f 2052/2232/2089 2055/2229/2086 2054/2233/2090
f 2054/2233/2090 2055/2229/2086 2053/2228/2085
f 1973/2234/2091 2054/2233/2090 2053/2228/2085
f 1970/2235/2092 1973/2234/2091 2053/2228/2085
f 2053/2228/2085 2063/2227/2084 1970/2235/2092
f 2063/2227/2084 1969/2236/2093 1970/2235/2092
f 2063/2227/2084 2064/2226/2083 1978/2237/2094
f 1969/2236/2093 2063/2227/2084 1978/2237/2094
f 2064/2226/2083 2070/2238/2095 1978/2237/2094
f 2064/2226/2083 2071/2225/2082 2070/2238/2095
f 2070/2238/2095 2071/2225/2082 2088/2239/2096
f 2071/2225/2082 2090/2216/2073 2088/2239/2096
f 2088/2239/2096 2090/2216/2073 2089/2240/2097
f 2089/2240/2097 2090/2216/2073 1844/2215/2072
f 2089/2240/2097 1844/2215/2072 1867/2241/2098
f 1844/2215/2072 1845/2214/2071 1867/2241/2098
f 1867/2241/2098 1868/2242/2099 2089/2240/2097
f 2087/2243/2100 2088/2239/2096 2089/2240/2097
f 1868/2242/2099 2087/2243/2100 2089/2240/2097
f 1868/2242/2099 1869/2244/2101 2087/2243/2100
f 2087/2243/2100 2085/2245/2102 2088/2239/2096
f 1869/2244/2101 2085/2245/2102 2087/2243/2100
f 2085/2245/2102 2086/2246/2103 2088/2239/2096
f 2069/2247/2104 2070/2238/2095 2088/2239/2096
f 2086/2246/2103 2069/2247/2104 2088/2239/2096
f 2070/2238/2095 1979/2248/2105 1978/2237/2094
f 2070/2238/2095 2069/2247/2104 1979/2248/2105
f 1978/2237/2094 1979/2248/2105 1964/2249/2106
f 1978/2237/2094 1964/2249/2106 1969/2236/2093
f 1965/2250/2107 1966/2251/2108 1969/2236/2093
f 1964/2249/2106 1965/2250/2107 1969/2236/2093
f 1966/2251/2108 1970/2235/2092 1969/2236/2093
f 1970/2235/2092 1966/2251/2108 1967/2252/2109
f 1973/2234/2091 1970/2235/2092 1967/2252/2109
f 1966/2251/2108 1955/2253/2110 1967/2252/2109
f 1955/2253/2110 1966/2251/2108 1965/2250/2107
f 1961/2254/2111 1955/2253/2110 1965/2250/2107
f 1964/2249/2106 1961/2254/2111 1965/2250/2107
f 1964/2249/2106 1962/2255/2112 1961/2254/2111
f 1979/2248/2105 1962/2255/2112 1964/2249/2106
f 1962/2255/2112 1979/2248/2105 1963/2256/2113
f 1979/2248/2105 2069/2247/2104 1980/2257/2114
f 1979/2248/2105 1980/2257/2114 1963/2256/2113
f 2069/2247/2104 2067/2258/2115 1980/2257/2114
f 2067/2258/2115 2069/2247/2104 2086/2246/2103
f 2084/2259/2116 2067/2258/2115 2086/2246/2103
f 2084/2259/2116 2086/2246/2103 2085/2245/2102
f 2083/2260/2117 2084/2259/2116 2085/2245/2102
f 1870/2261/2118 2083/2260/2117 2085/2245/2102
f 1869/2244/2101 1870/2261/2118 2085/2245/2102
f 1868/2242/2099 1858/2262/2119 1869/2244/2101
f 1869/2244/2101 1859/2263/2120 1870/2261/2118
f 1858/2262/2119 1859/2263/2120 1869/2244/2101
f 1870/2261/2118 1859/2263/2120 1871/2264/2121
f 1871/2264/2121 2081/2265/2122 1870/2261/2118
f 2081/2265/2122 2083/2260/2117 1870/2261/2118
f 2081/2265/2122 2082/2266/2123 2083/2260/2117
f 2082/2266/2123 2084/2259/2116 2083/2260/2117
f 2067/2258/2115 2084/2259/2116 2082/2266/2123
f 2067/2258/2115 2082/2266/2123 2068/2267/2124
f 2067/2258/2115 2068/2267/2124 1981/2268/2125
f 1980/2257/2114 2067/2258/2115 1981/2268/2125
f 1980/2257/2114 1981/2268/2125 1963/2256/2113
f 1981/2268/2125 1948/2269/2126 1963/2256/2113
f 1981/2268/2125 2068/2267/2124 1982/2270/2127
f 1982/2270/2127 1948/2269/2126 1981/2268/2125
f 2068/2267/2124 2079/2271/2128 1982/2270/2127
f 2082/2266/2123 2080/2272/2129 2068/2267/2124
f 2079/2271/2128 2068/2267/2124 2080/2272/2129
f 2082/2266/2123 2081/2265/2122 2080/2272/2129
f 1871/2264/2121 1866/2273/2130 2081/2265/2122
f 2081/2265/2122 2074/2274/2131 2080/2272/2129
f 1866/2273/2130 2074/2274/2131 2081/2265/2122
f 2080/2272/2129 2077/2275/2132 2079/2271/2128
f 2077/2275/2132 2080/2272/2129 2074/2274/2131
f 2077/2275/2132 2078/2276/1557 2079/2271/2128
f 1982/2270/2127 2079/2271/2128 2078/2276/1557
f 1983/2277/1559 1982/2270/2127 2078/2276/1557
f 1982/2270/2127 1983/2277/1559 1949/2278/1570
f 1948/2269/2126 1982/2270/2127 1949/2278/1570
f 1948/2269/2126 1949/2278/1570 1946/2279/2133
f 1947/2280/2134 1948/2269/2126 1946/2279/2133
f 1948/2269/2126 1947/2280/2134 1963/2256/2113
f 1946/2279/2133 1938/2281/2135 1947/2280/2134
f 1963/2256/2113 1947/2280/2134 1956/2282/2136
f 1956/2282/2136 1947/2280/2134 1938/2281/2135
f 1956/2282/2136 1962/2255/2112 1963/2256/2113
f 1962/2255/2112 1956/2282/2136 1961/2254/2111
f 1950/2283/2137 1956/2282/2136 1938/2281/2135
f 1961/2254/2111 1956/2282/2136 1950/2283/2137
f 1961/2254/2111 1950/2283/2137 1955/2253/2110
f 1938/2281/2135 1939/2284/2138 1950/2283/2137
f 1955/2253/2110 1950/2283/2137 1951/2285/2139
f 1939/2284/2138 1951/2285/2139 1950/2283/2137
f 1951/2285/2139 1953/2286/2140 1955/2253/2110
f 1953/2286/2140 1967/2252/2109 1955/2253/2110
f 1951/2285/2139 1954/2287/2141 1953/2286/2140
f 1953/2286/2140 1954/2287/2141 1967/2252/2109
f 1951/2285/2139 1939/2284/2138 1952/2288/2142
f 1951/2285/2139 1952/2288/2142 1954/2287/2141
f 1939/2284/2138 1942/2289/2143 1952/2288/2142
f 1954/2287/2141 1952/2288/2142 1958/2290/2144
f 1942/2289/2143 1957/2291/2145 1952/2288/2142
f 1958/2290/2144 1952/2288/2142 1957/2291/2145
f 1958/2290/2144 1957/2291/2145 1959/2292/2146
f 1972/2293/2147 1958/2290/2144 1959/2292/2146
f 1958/2290/2144 1972/2293/2147 1954/2287/2141
f 1954/2287/2141 1968/2294/2148 1967/2252/2109
f 1972/2293/2147 1968/2294/2148 1954/2287/2141
f 1968/2294/2148 1973/2234/2091 1967/2252/2109
f 1968/2294/2148 1972/2293/2147 1971/2295/2149
f 1971/2295/2149 1973/2234/2091 1968/2294/2148
f 1973/2234/2091 1971/2295/2149 2054/2233/2090
f 1971/2295/2149 2049/2296/2150 2054/2233/2090
f 2049/2296/2150 2052/2232/2089 2054/2233/2090
f 1971/2295/2149 1977/2297/2151 2049/2296/2150
f 1977/2297/2151 1971/2295/2149 1972/2293/2147
f 1959/2292/2146 1977/2297/2151 1972/2293/2147
f 1957/2291/2145 1960/2298/2152 1959/2292/2146
f 1959/2292/2146 1976/2299/2153 1977/2297/2151
f 1960/2298/2152 1976/2299/2153 1959/2292/2146
f 1977/2297/2151 2050/2300/2154 2049/2296/2150
f 1976/2299/2153 2044/2301/2155 1977/2297/2151
f 1977/2297/2151 2044/2301/2155 2050/2300/2154
f 1976/2299/2153 1960/2298/2152 2021/2302/2156
f 2021/2302/2156 2044/2301/2155 1976/2299/2153
f 1960/2298/2152 2017/2303/2157 2021/2302/2156
f 2021/2302/2156 2020/2304/2158 2044/2301/2155
f 2017/2303/2157 2018/2305/2159 2021/2302/2156
f 2018/2305/2159 2020/2304/2158 2021/2302/2156
f 2017/2303/2157 2010/2306/2160 2018/2305/2159
f 2018/2305/2159 2019/2307/2161 2020/2304/2158
f 2010/2306/2160 2012/2308/2162 2018/2305/2159
f 2018/2305/2159 2012/2308/2162 2019/2307/2161
f 2012/2308/2162 2022/2309/2163 2019/2307/2161
f 2033/2310/2164 2020/2304/2158 2019/2307/2161
f 2022/2309/2163 2033/2310/2164 2019/2307/2161
f 2012/2308/2162 2030/2311/2165 2022/2309/2163
f 2030/2311/2165 2033/2310/2164 2022/2309/2163
f 2012/2308/2162 2029/2312/2166 2030/2311/2165
f 2030/2311/2165 2029/2312/2166 2033/2310/2164
f 2012/2308/2162 2010/2306/2160 2011/2313/2167
f 2011/2313/2167 2029/2312/2166 2012/2308/2162
f 2010/2306/2160 2009/2314/2168 2011/2313/2167
f 2011/2313/2167 2027/2315/2169 2029/2312/2166
f 2009/2314/2168 2013/2316/2170 2011/2313/2167
f 2013/2316/2170 2027/2315/2169 2011/2313/2167
f 2009/2314/2168 2008/2317/2171 2013/2316/2170
f 2027/2315/2169 2013/2316/2170 2014/2318/2172
f 2008/2317/2171 2014/2318/2172 2013/2316/2170
f 2027/2315/2169 2025/2319/2173 2028/2320/2174
f 2025/2319/2173 2027/2315/2169 2014/2318/2172
f 2028/2320/2174 2029/2312/2166 2027/2315/2169
f 2028/2320/2174 2032/2321/2175 2029/2312/2166
f 2029/2312/2166 2032/2321/2175 2033/2310/2164
f 2028/2320/2174 2034/2322/2176 2032/2321/2175
f 2032/2321/2175 2034/2322/2176 2033/2310/2164
f 2033/2310/2164 2035/2323/2177 2020/2304/2158
f 2033/2310/2164 2034/2322/2176 2035/2323/2177
f 2020/2304/2158 2043/2324/2178 2044/2301/2155
f 2020/2304/2158 2035/2323/2177 2043/2324/2178
f 2043/2324/2178 2045/2325/2179 2044/2301/2155
f 2044/2301/2155 2045/2325/2179 2050/2300/2154
f 2050/2300/2154 2051/2326/2180 2049/2296/2150
f 2050/2300/2154 2045/2325/2179 2051/2326/2180
f 2051/2326/2180 2052/2232/2089 2049/2296/2150
f 2051/2326/2180 2060/2327/2181 2052/2232/2089
f 2060/2327/2181 2059/2231/2088 2052/2232/2089
f 2059/2231/2088 2060/2327/2181 2125/2197/2054
f 2060/2327/2181 2123/2196/2053 2125/2197/2054
f 2051/2326/2180 2061/2328/343 2060/2327/2181
f 2060/2327/2181 2061/2328/343 2123/2196/2053
f 2118/2329/2182 2119/2195/2052 2123/2196/2053
f 2061/2328/343 2118/2329/2182 2123/2196/2053
f 2051/2326/2180 2062/2330/2183 2061/2328/343
f 2061/2328/343 2062/2330/2183 2118/2329/2182
f 2051/2326/2180 2047/2331/2184 2062/2330/2183
f 2045/2325/2179 2047/2331/2184 2051/2326/2180
f 2043/2324/2178 2046/2332/2185 2045/2325/2179
f 2046/2332/2185 2047/2331/2184 2045/2325/2179
f 2043/2324/2178 2048/2333/2186 2046/2332/2185
f 2035/2323/2177 2048/2333/2186 2043/2324/2178
f 2034/2322/2176 2041/2334/2187 2035/2323/2177
f 2041/2334/2187 2048/2333/2186 2035/2323/2177
f 2028/2320/2174 2038/2335/2188 2034/2322/2176
f 2034/2322/2176 2038/2335/2188 2041/2334/2187
f 2028/2320/2174 2026/2336/2189 2036/2337/2190
f 2028/2320/2174 2036/2337/2190 2038/2335/2188
f 2028/2320/2174 2025/2319/2173 2026/2336/2189
f 2026/2336/2189 2031/2338/2191 2036/2337/2190
f 2025/2319/2173 2024/2339/2192 2026/2336/2189
f 2031/2338/2191 2026/2336/2189 2024/2339/2192
f 2025/2319/2173 2015/2340/2193 2024/2339/2192
f 2014/2318/2172 2015/2340/2193 2025/2319/2173
f 2015/2340/2193 2023/2341/2194 2024/2339/2192
f 2023/2341/2194 2031/2338/2191 2024/2339/2192
f 2015/2340/2193 2016/2342/2195 2023/2341/2194
f 2014/2318/2172 2007/2343/2196 2015/2340/2193
f 2016/2342/2195 2015/2340/2193 2007/2343/2196
f 2014/2318/2172 2008/2317/2171 2007/2343/2196
f 2007/2343/2196 2008/2317/2171 2005/2344/2197
f 2005/2344/2197 2008/2317/2171 2000/2345/2198
f 1993/2346/2199 2008/2317/2171 2009/2314/2168
f 2008/2317/2171 1993/2346/2199 2000/2345/2198
f 2009/2314/2168 1989/2347/2200 1993/2346/2199
f 2000/2345/2198 1993/2346/2199 1992/2348/2201
f 1989/2347/2200 1991/2349/1585 1993/2346/2199
f 1992/2348/2201 1993/2346/2199 1991/2349/1585
f 1990/2350/1586 1992/2348/2201 1991/2349/1585
f 1992/2348/2201 1990/2350/1586 1998/2351/2202
f 1998/2351/2202 2000/2345/2198 1992/2348/2201
f 2000/2345/2198 1998/2351/2202 2001/2352/2203
f 2000/2345/2198 2001/2352/2203 2005/2344/2197
f 2001/2352/2203 2004/2353/2204 2005/2344/2197
f 2004/2353/2204 2007/2343/2196 2005/2344/2197
f 2007/2343/2196 2004/2353/2204 2003/2354/2205
f 2006/2355/2206 2007/2343/2196 2003/2354/2205
f 2006/2355/2206 2016/2342/2195 2007/2343/2196
f 2003/2354/2205 2410/2356/2207 2006/2355/2206
f 2016/2342/2195 2006/2355/2206 2410/2356/2207
f 2405/2357/2208 2016/2342/2195 2410/2356/2207
f 2023/2341/2194 2016/2342/2195 2405/2357/2208
f 2023/2341/2194 2401/2358/2209 2031/2338/2191
f 2401/2358/2209 2023/2341/2194 2405/2357/2208
f 2401/2358/2209 2390/2359/2210 2031/2338/2191
f 2405/2357/2208 2400/2360/2211 2401/2358/2209
f 2390/2359/2210 2401/2358/2209 2400/2360/2211
f 2405/2357/2208 2404/2361/2212 2400/2360/2211
f 2404/2361/2212 2405/2357/2208 2410/2356/2207
f 2404/2361/2212 2399/2362/2213 2400/2360/2211
f 2390/2359/2210 2400/2360/2211 2387/2363/2214
f 2387/2363/2214 2400/2360/2211 2399/2362/2213
f 2387/2363/2214 2389/2364/2215 2390/2359/2210
f 2390/2359/2210 2389/2364/2215 2031/2338/2191
f 2031/2338/2191 2037/2365/2216 2036/2337/2190
f 2389/2364/2215 2037/2365/2216 2031/2338/2191
f 2036/2337/2190 2039/2366/2217 2038/2335/2188
f 2036/2337/2190 2037/2365/2216 2039/2366/2217
f 2038/2335/2188 2039/2366/2217 2042/2367/2218
f 2041/2334/2187 2038/2335/2188 2042/2367/2218
f 2041/2334/2187 2042/2367/2218 2103/2368/2217
f 2104/2369/2219 2103/2368/2217 2042/2367/2218
f 2039/2366/2217 2104/2369/2219 2042/2367/2218
f 2037/2365/2216 2040/2370/2220 2039/2366/2217
f 2039/2366/2217 2040/2370/2220 2104/2369/2219
f 2037/2365/2216 2319/2371/2221 2040/2370/2220
f 2389/2364/2215 2319/2371/2221 2037/2365/2216
f 2389/2364/2215 2387/2363/2214 2386/2372/2222
f 2319/2371/2221 2389/2364/2215 2386/2372/2222
f 2321/2373/2223 2319/2371/2221 2386/2372/2222
f 2318/2374/2224 2319/2371/2221 2321/2373/2223
f 2319/2371/2221 2318/2374/2224 2040/2370/2220
f 2040/2370/2220 2107/2375/2194 2104/2369/2219
f 2318/2374/2224 2107/2375/2194 2040/2370/2220
f 2107/2375/2194 2108/2376/2225 2104/2369/2219
f 2108/2376/2225 2107/2375/2194 2318/2374/2224
f 2108/2376/2225 2105/2377/2226 2104/2369/2219
f 2104/2369/2219 2105/2377/2226 2103/2368/2217
f 2102/2378/2227 2103/2368/2217 2106/2379/2228
f 2103/2368/2217 2105/2377/2226 2106/2379/2228
f 2102/2378/2227 2041/2334/2187 2103/2368/2217
f 2158/2380/2229 2041/2334/2187 2102/2378/2227
f 2048/2333/2186 2041/2334/2187 2158/2380/2229
f 2102/2378/2227 2153/2381/2230 2158/2380/2229
f 2153/2381/2230 2102/2378/2227 2106/2379/2228
f 2152/2382/2231 2153/2381/2230 2106/2379/2228
f 2152/2382/2231 2106/2379/2228 2156/2383/2232
f 2106/2379/2228 2105/2377/2226 2156/2383/2232
f 2156/2383/2232 2105/2377/2226 2179/2384/2233
f 2105/2377/2226 2108/2376/2225 2179/2384/2233
f 2108/2376/2225 2258/2385/2234 2179/2384/2233
f 2258/2385/2234 2108/2376/2225 2318/2374/2224
f 2258/2385/2234 2318/2374/2224 2320/2386/2235
f 2320/2386/2235 2318/2374/2224 2321/2373/2223
f 2320/2386/2235 2321/2373/2223 2241/2387/2236
f 2241/2387/2236 2321/2373/2223 2386/2372/2222
f 2386/2372/2222 2382/2388/2237 2241/2387/2236
f 2382/2388/2237 2386/2372/2222 2387/2363/2214
f 2388/2389/2238 2382/2388/2237 2387/2363/2214
f 2388/2389/2238 2387/2363/2214 2398/2390/2239
f 2387/2363/2214 2399/2362/2213 2398/2390/2239
f 2398/2390/2239 2385/2391/2240 2388/2389/2238
f 2382/2388/2237 2388/2389/2238 2385/2391/2240
f 2382/2388/2237 2385/2391/2240 2381/2392/2241
f 2241/2387/2236 2382/2388/2237 2381/2392/2241
f 2257/2393/2242 2241/2387/2236 2381/2392/2241
f 2241/2387/2236 2257/2393/2242 2240/2394/2243
f 2239/2395/2244 2241/2387/2236 2240/2394/2243
f 2239/2395/2244 2320/2386/2235 2241/2387/2236
f 2239/2395/2244 2282/2396/2245 2320/2386/2235
f 2282/2396/2245 2258/2385/2234 2320/2386/2235
f 2258/2385/2234 2282/2396/2245 2259/2397/2246
f 2258/2385/2234 2259/2397/2246 2179/2384/2233
f 2156/2383/2232 2179/2384/2233 2178/2398/2247
f 2178/2398/2247 2179/2384/2233 2259/2397/2246
f 2178/2398/2247 2175/2399/2248 2156/2383/2232
f 2152/2382/2231 2156/2383/2232 2175/2399/2248
f 2174/2400/2249 2152/2382/2231 2175/2399/2248
f 2173/2401/2250 2152/2382/2231 2174/2400/2249
f 2153/2381/2230 2152/2382/2231 2173/2401/2250
f 2171/2402/2251 2153/2381/2230 2173/2401/2250
f 2158/2380/2229 2153/2381/2230 2171/2402/2251
f 2157/2403/2252 2158/2380/2229 2171/2402/2251
f 2157/2403/2252 2048/2333/2186 2158/2380/2229
f 2046/2332/2185 2048/2333/2186 2157/2403/2252
f 2170/2404/2253 2046/2332/2185 2157/2403/2252
f 2170/2404/2253 2157/2403/2252 2171/2402/2251
f 2169/2405/2254 2170/2404/2253 2171/2402/2251
f 2169/2405/2254 2171/2402/2251 2173/2401/2250
f 2164/2172/2029 2169/2405/2254 2173/2401/2250
f 2173/2401/2250 2177/2171/2028 2164/2172/2029
f 2177/2171/2028 2173/2401/2250 2174/2400/2249
f 2177/2171/2028 2174/2400/2249 2166/2169/2026
f 2166/2169/2026 2174/2400/2249 2165/2406/2255
f 2174/2400/2249 2175/2399/2248 2165/2406/2255
f 2165/2406/2255 2175/2399/2248 2180/2407/2247
f 2175/2399/2248 2178/2398/2247 2180/2407/2247
f 2180/2407/2247 2178/2398/2247 2270/2408/2256
f 2270/2408/2256 2178/2398/2247 2259/2397/2246
f 2259/2397/2246 2272/2409/2257 2270/2408/2256
f 2282/2396/2245 2272/2409/2257 2259/2397/2246
f 2282/2396/2245 2239/2395/2244 2242/2410/2258
f 2272/2409/2257 2282/2396/2245 2242/2410/2258
f 2239/2395/2244 2240/2394/2243 2242/2410/2258
f 2229/2411/2259 2227/2412/2260 2242/2410/2258
f 2229/2411/2259 2242/2410/2258 2240/2394/2243
f 2227/2412/2260 2272/2409/2257 2242/2410/2258
f 2271/2413/2261 2272/2409/2257 2227/2412/2260
f 2272/2409/2257 2271/2413/2261 2270/2408/2256
f 2266/2414/2262 2180/2407/2247 2270/2408/2256
f 2270/2408/2256 2271/2413/2261 2266/2414/2262
f 2266/2414/2262 2181/2415/1620 2180/2407/2247
f 2180/2407/2247 2181/2415/1620 2165/2406/2255
f 2165/2406/2255 2167/2170/2027 2166/2169/2026
f 2181/2415/1620 2167/2170/2027 2165/2406/2255
f 2266/2414/2262 2267/2416/2263 2181/2415/1620
f 2271/2413/2261 2235/2417/2264 2266/2414/2262
f 2266/2414/2262 2235/2417/2264 2267/2416/2263
f 2235/2417/2264 2233/2418/1623 2267/2416/2263
f 2235/2417/2264 2232/2419/2265 2233/2418/1623
f 2232/2419/2265 2234/2420/2266 2233/2418/1623
f 2235/2417/2264 2253/2421/2267 2232/2419/2265
f 2235/2417/2264 2271/2413/2261 2253/2421/2267
f 2253/2421/2267 2271/2413/2261 2227/2412/2260
f 2227/2412/2260 2228/2422/2268 2253/2421/2267
f 2226/2423/2269 2228/2422/2268 2227/2412/2260
f 2229/2411/2259 2226/2423/2269 2227/2412/2260
f 2230/2424/2270 2226/2423/2269 2229/2411/2259
f 2231/2425/2271 2230/2424/2270 2229/2411/2259
f 2231/2425/2271 2229/2411/2259 2240/2394/2243
f 2257/2393/2242 2231/2425/2271 2240/2394/2243
f 2257/2393/2242 2248/2426/2272 2231/2425/2271
f 2248/2426/2272 2230/2424/2270 2231/2425/2271
f 2248/2426/2272 2201/2427/2273 2230/2424/2270
f 2201/2427/2273 2247/2428/2274 2230/2424/2270
f 2230/2424/2270 2247/2428/2274 2226/2423/2269
f 2247/2428/2274 2277/2429/2275 2226/2423/2269
f 2226/2423/2269 2277/2429/2275 2228/2422/2268
f 2247/2428/2274 2309/2430/2276 2277/2429/2275
f 2309/2430/2276 2247/2428/2274 2201/2427/2273
f 2309/2430/2276 2310/2431/2277 2277/2429/2275
f 2277/2429/2275 2278/2432/2278 2228/2422/2268
f 2277/2429/2275 2310/2431/2277 2278/2432/2278
f 2228/2422/2268 2278/2432/2278 2252/2433/2279
f 2228/2422/2268 2252/2433/2279 2253/2421/2267
f 2253/2421/2267 2252/2433/2279 2232/2419/2265
f 2232/2419/2265 2225/2434/2280 2234/2420/2266
f 2252/2433/2279 2225/2434/2280 2232/2419/2265
f 2225/2434/2280 2224/2435/2281 2234/2420/2266
f 2225/2434/2280 2216/2436/2282 2224/2435/2281
f 2216/2436/2282 2214/2437/1628 2224/2435/2281
f 2225/2434/2280 2279/2438/2283 2216/2436/2282
f 2252/2433/2279 2279/2438/2283 2225/2434/2280
f 2278/2432/2278 2279/2438/2283 2252/2433/2279
f 2278/2432/2278 2269/2439/2284 2279/2438/2283
f 2310/2431/2277 2281/2440/2285 2278/2432/2278
f 2269/2439/2284 2278/2432/2278 2281/2440/2285
f 2310/2431/2277 2305/2441/2286 2281/2440/2285
f 2310/2431/2277 2309/2430/2276 2305/2441/2286
f 2305/2441/2286 2309/2430/2276 2311/2442/2287
f 2311/2442/2287 2309/2430/2276 2201/2427/2273
f 2311/2442/2287 2201/2427/2273 2199/2443/2288
f 2199/2443/2288 2201/2427/2273 2200/2444/2289
f 2201/2427/2273 2248/2426/2272 2200/2444/2289
f 2248/2426/2272 2257/2393/2242 2383/2445/2290
f 2248/2426/2272 2383/2445/2290 2200/2444/2289
f 2257/2393/2242 2381/2392/2241 2383/2445/2290
f 2200/2444/2289 2383/2445/2290 2378/2446/2291
f 2381/2392/2241 2384/2447/2292 2383/2445/2290
f 2378/2446/2291 2383/2445/2290 2384/2447/2292
f 2381/2392/2241 2385/2391/2240 2384/2447/2292
f 2378/2446/2291 2384/2447/2292 2380/2448/2293
f 2385/2391/2240 2394/2449/2294 2384/2447/2292
f 2384/2447/2292 2391/2450/2295 2380/2448/2293
f 2384/2447/2292 2394/2449/2294 2391/2450/2295
f 2385/2391/2240 2395/2451/2296 2394/2449/2294
f 2391/2450/2295 2394/2449/2294 2397/2452/2297
f 2394/2449/2294 2395/2451/2296 2397/2452/2297
f 2395/2451/2296 2385/2391/2240 2396/2453/2298
f 2397/2452/2297 2395/2451/2296 2396/2453/2298
f 2385/2391/2240 2398/2390/2239 2396/2453/2298
f 2396/2453/2298 2398/2390/2239 2397/2452/2297
f 2398/2390/2239 2402/2454/2299 2397/2452/2297
f 2402/2454/2299 2398/2390/2239 2399/2362/2213
f 2402/2454/2299 2408/2455/2300 2397/2452/2297
f 2391/2450/2295 2397/2452/2297 2408/2455/2300
f 2393/2456/2301 2391/2450/2295 2408/2455/2300
f 2380/2448/2293 2391/2450/2295 2393/2456/2301
f 2380/2448/2293 2393/2456/2301 2392/2457/2302
f 2377/2458/2303 2380/2448/2293 2392/2457/2302
f 2380/2448/2293 2377/2458/2303 2378/2446/2291
f 2377/2458/2303 2379/2459/2304 2378/2446/2291
f 2379/2459/2304 2202/2460/2305 2378/2446/2291
f 2202/2460/2305 2200/2444/2289 2378/2446/2291
f 2202/2460/2305 2199/2443/2288 2200/2444/2289
f 2199/2443/2288 2202/2460/2305 2374/2461/2306
f 2374/2461/2306 2202/2460/2305 2379/2459/2304
f 2375/2462/2307 2374/2461/2306 2379/2459/2304
f 2436/2463/2308 2375/2462/2307 2379/2459/2304
f 2437/2464/2309 2436/2463/2308 2379/2459/2304
f 2437/2464/2309 2379/2459/2304 2377/2458/2303
f 2392/2457/2302 2437/2464/2309 2377/2458/2303
f 2437/2464/2309 2392/2457/2302 2439/2465/2310
f 2441/2466/2311 2437/2464/2309 2439/2465/2310
f 2441/2466/2311 2436/2463/2308 2437/2464/2309
f 2439/2465/2310 2444/2467/2312 2441/2466/2311
f 2436/2463/2308 2441/2466/2311 2442/2468/2313
f 2444/2467/2312 2442/2468/2313 2441/2466/2311
f 2442/2468/2313 2443/2469/2314 2436/2463/2308
f 2436/2463/2308 2443/2469/2314 2375/2462/2307
f 2376/2470/2315 2373/2471/2316 2375/2462/2307
f 2376/2470/2315 2375/2462/2307 2443/2469/2314
f 2373/2471/2316 2374/2461/2306 2375/2462/2307
f 2443/2469/2314 2448/2472/2317 2376/2470/2315
f 2448/2472/2317 2443/2469/2314 2442/2468/2313
f 2450/2473/2318 2448/2472/2317 2442/2468/2313
f 2455/2474/2319 2450/2473/2318 2442/2468/2313
f 2444/2467/2312 2455/2474/2319 2442/2468/2313
f 2450/2473/2318 2451/2475/2320 2448/2472/2317
f 2450/2473/2318 2455/2474/2319 2451/2475/2320
f 2451/2475/2320 2449/2476/2321 2448/2472/2317
f 2370/2477/2322 2376/2470/2315 2448/2472/2317
f 2449/2476/2321 2370/2477/2322 2448/2472/2317
f 2376/2470/2315 2368/2478/2323 2373/2471/2316
f 2370/2477/2322 2368/2478/2323 2376/2470/2315
f 2373/2471/2316 2372/2479/2324 2374/2461/2306
f 2368/2478/2323 2371/2480/2325 2373/2471/2316
f 2371/2480/2325 2372/2479/2324 2373/2471/2316
f 2368/2478/2323 2330/2481/2326 2371/2480/2325
f 2330/2481/2326 2368/2478/2323 2367/2482/2327
f 2367/2482/2327 2368/2478/2323 2370/2477/2322
f 2369/2483/2328 2367/2482/2327 2370/2477/2322
f 2369/2483/2328 2370/2477/2322 2449/2476/2321
f 2435/2484/2329 2369/2483/2328 2449/2476/2321
f 2435/2484/2329 2449/2476/2321 2451/2475/2320
f 2447/2485/2330 2435/2484/2329 2451/2475/2320
f 2446/2486/2331 2447/2485/2330 2451/2475/2320
f 2455/2474/2319 2446/2486/2331 2451/2475/2320
f 2444/2467/2312 2456/2487/2332 2455/2474/2319
f 2446/2486/2331 2455/2474/2319 2456/2487/2332
f 2439/2465/2310 2453/2488/2333 2444/2467/2312
f 2453/2488/2333 2456/2487/2332 2444/2467/2312
f 2439/2465/2310 2438/2489/2334 2453/2488/2333
f 2439/2465/2310 2392/2457/2302 2438/2489/2334
f 2392/2457/2302 2393/2456/2301 2406/2490/2335
f 2392/2457/2302 2406/2490/2335 2438/2489/2334
f 2438/2489/2334 2406/2490/2335 2440/2491/2336
f 2440/2491/2336 2460/2492/1699 2438/2489/2334
f 2460/2492/1699 2453/2488/2333 2438/2489/2334
f 2460/2492/1699 2459/2493/1698 2453/2488/2333
f 2459/2493/1698 2456/2487/2332 2453/2488/2333
f 2459/2493/1698 2458/2494/1696 2456/2487/2332
f 2454/2495/2337 2446/2486/2331 2456/2487/2332
f 2458/2494/1696 2454/2495/2337 2456/2487/2332
f 2446/2486/2331 2445/2496/2338 2447/2485/2330
f 2446/2486/2331 2454/2495/2337 2445/2496/2338
f 2445/2496/2338 2433/2497/2339 2447/2485/2330
f 2447/2485/2330 2434/2498/2340 2435/2484/2329
f 2433/2497/2339 2434/2498/2340 2447/2485/2330
f 2435/2484/2329 2434/2498/2340 2369/2483/2328
f 2367/2482/2327 2369/2483/2328 2364/2499/2341
f 2434/2498/2340 2364/2499/2341 2369/2483/2328
f 2365/2500/2342 2364/2499/2341 2434/2498/2340
f 2433/2497/2339 2365/2500/2342 2434/2498/2340
f 2433/2497/2339 2432/2501/2343 2365/2500/2342
f 2433/2497/2339 2445/2496/2338 2432/2501/2343
f 2445/2496/2338 2452/2502/2344 2432/2501/2343
f 2454/2495/2337 2452/2502/2344 2445/2496/2338
f 2457/2503/2345 2452/2502/2344 2454/2495/2337
f 2458/2494/1696 2457/2503/2345 2454/2495/2337
f 2452/2502/2344 2431/2504/2346 2432/2501/2343
f 2431/2504/2346 2452/2502/2344 2457/2503/2345
f 2430/2505/1691 2431/2504/2346 2457/2503/2345
f 2430/2505/1691 2358/2506/1689 2355/2507/2347
f 2431/2504/2346 2430/2505/1691 2355/2507/2347
f 2358/2506/1689 2357/2508/1686 2355/2507/2347
f 2354/2509/2348 2355/2507/2347 2357/2508/1686
f 2352/2510/2349 2354/2509/2348 2357/2508/1686
f 2359/2511/1687 2352/2510/2349 2357/2508/1686
f 2353/2512/2350 2352/2510/2349 2359/2511/1687
f 2360/2513/2351 2353/2512/2350 2359/2511/1687
f 2360/2513/2351 2362/2514/2352 2361/2515/2353
f 2353/2512/2350 2360/2513/2351 2361/2515/2353
f 2353/2512/2350 2361/2515/2353 2351/2516/2354
f 2350/2517/2355 2353/2512/2350 2351/2516/2354
f 2353/2512/2350 2350/2517/2355 2352/2510/2349
f 2350/2517/2355 2341/2518/2356 2352/2510/2349
f 2352/2510/2349 2341/2518/2356 2354/2509/2348
f 2341/2518/2356 2340/2519/2357 2354/2509/2348
f 2354/2509/2348 2340/2519/2357 2355/2507/2347
f 2340/2519/2357 2356/2520/2358 2355/2507/2347
f 2431/2504/2346 2355/2507/2347 2356/2520/2358
f 2431/2504/2346 2356/2520/2358 2432/2501/2343
f 2356/2520/2358 2366/2521/2359 2432/2501/2343
f 2432/2501/2343 2366/2521/2359 2365/2500/2342
f 2356/2520/2358 2337/2522/2360 2366/2521/2359
f 2340/2519/2357 2337/2522/2360 2356/2520/2358
f 2339/2523/2361 2337/2522/2360 2340/2519/2357
f 2341/2518/2356 2339/2523/2361 2340/2519/2357
f 2341/2518/2356 2350/2517/2355 2348/2524/2362
f 2339/2523/2361 2341/2518/2356 2348/2524/2362
f 2350/2517/2355 2351/2516/2354 2348/2524/2362
f 2349/2525/2363 2348/2524/2362 2351/2516/2354
f 2349/2525/2363 2351/2516/2354 2519/2526/2364
f 2351/2516/2354 2361/2515/2353 2519/2526/2364
f 2361/2515/2353 2362/2514/2352 2525/2527/2365
f 2519/2526/2364 2361/2515/2353 2525/2527/2365
f 2362/2514/2352 2526/2528/1679 2525/2527/2365
f 2526/2528/1679 2529/2529/2366 2525/2527/2365
f 2526/2528/1679 2532/2530/2367 2529/2529/2366
f 2525/2527/2365 2529/2529/2366 2534/2531/2368
f 2519/2526/2364 2525/2527/2365 2534/2531/2368
f 2535/2532/2369 2519/2526/2364 2534/2531/2368
f 2519/2526/2364 2535/2532/2369 2536/2533/2370
f 2520/2534/2371 2519/2526/2364 2536/2533/2370
f 2520/2534/2371 2349/2525/2363 2519/2526/2364
f 2349/2525/2363 2520/2534/2371 2521/2535/2372
f 2347/2536/2373 2349/2525/2363 2521/2535/2372
f 2348/2524/2362 2349/2525/2363 2347/2536/2373
f 2346/2537/2374 2348/2524/2362 2347/2536/2373
f 2339/2523/2361 2348/2524/2362 2346/2537/2374
f 2338/2538/2375 2339/2523/2361 2346/2537/2374
f 2338/2538/2375 2337/2522/2360 2339/2523/2361
f 2346/2537/2374 2344/2539/2376 2338/2538/2375
f 2344/2539/2376 2346/2537/2374 2347/2536/2373
f 2345/2540/2377 2344/2539/2376 2347/2536/2373
f 2347/2536/2373 2521/2535/2372 2345/2540/2377
f 2521/2535/2372 2522/2541/2378 2345/2540/2377
f 2521/2535/2372 2537/2542/2379 2522/2541/2378
f 2521/2535/2372 2520/2534/2371 2537/2542/2379
f 2520/2534/2371 2536/2533/2370 2537/2542/2379
f 2536/2533/2370 2589/2543/2380 2537/2542/2379
f 2593/2544/2381 2589/2543/2380 2536/2533/2370
f 2535/2532/2369 2593/2544/2381 2536/2533/2370
f 2535/2532/2369 2534/2531/2368 2593/2544/2381
f 2534/2531/2368 2529/2529/2366 2592/2545/2382
f 2534/2531/2368 2592/2545/2382 2593/2544/2381
f 2529/2529/2366 2586/2546/2383 2592/2545/2382
f 2593/2544/2381 2592/2545/2382 2586/2546/2383
f 2589/2543/2380 2593/2544/2381 2586/2546/2383
f 2589/2543/2380 2586/2546/2383 2588/2547/2384
f 2529/2529/2366 2587/2548/2385 2586/2546/2383
f 2587/2548/2385 2588/2547/2384 2586/2546/2383
f 2591/2549/2386 2588/2547/2384 2587/2548/2385
f 2591/2549/2386 2589/2543/2380 2588/2547/2384
f 2587/2548/2385 2590/2550/2387 2591/2549/2386
f 2590/2550/2387 2589/2543/2380 2591/2549/2386
f 2589/2543/2380 2590/2550/2387 2537/2542/2379
f 2537/2542/2379 2538/2551/2388 2522/2541/2378
f 2590/2550/2387 2580/2552/2389 2537/2542/2379
f 2537/2542/2379 2580/2552/2389 2538/2551/2388
f 2590/2550/2387 2583/2553/2390 2580/2552/2389
f 2590/2550/2387 2587/2548/2385 2583/2553/2390
f 2529/2529/2366 2573/2554/2391 2587/2548/2385
f 2587/2548/2385 2573/2554/2391 2583/2553/2390
f 2529/2529/2366 2532/2530/2367 2530/2555/2392
f 2530/2555/2392 2573/2554/2391 2529/2529/2366
f 2532/2530/2367 2531/2556/2393 2530/2555/2392
f 2533/2557/2394 2530/2555/2392 2531/2556/2393
f 2533/2557/2394 2531/2556/2393 2544/2558/1650
f 2545/2559/2395 2533/2557/2394 2544/2558/1650
f 2545/2559/2395 2544/2558/1650 2546/2560/1648
f 2545/2559/2395 2567/2561/2396 2533/2557/2394
f 2533/2557/2394 2568/2562/2397 2530/2555/2392
f 2567/2561/2396 2568/2562/2397 2533/2557/2394
f 2530/2555/2392 2574/2563/2398 2573/2554/2391
f 2568/2562/2397 2574/2563/2398 2530/2555/2392
f 2574/2563/2398 2575/2564/2399 2573/2554/2391
f 2585/2565/2400 2573/2554/2391 2575/2564/2399
f 2583/2553/2390 2573/2554/2391 2585/2565/2400
f 2583/2553/2390 2585/2565/2400 2584/2566/2401
f 2580/2552/2389 2583/2553/2390 2584/2566/2401
f 2582/2567/2402 2580/2552/2389 2584/2566/2401
f 2582/2567/2402 2584/2566/2401 2585/2565/2400
f 2582/2567/2402 2581/2568/2403 2580/2552/2389
f 2580/2552/2389 2581/2568/2403 2538/2551/2388
f 2582/2567/2402 2585/2565/2400 2581/2568/2403
f 2581/2568/2403 2585/2565/2400 2575/2564/2399
f 2577/2569/2404 2581/2568/2403 2575/2564/2399
f 2577/2569/2404 2538/2551/2388 2581/2568/2403
f 2575/2564/2399 2576/2570/2405 2577/2569/2404
f 2575/2564/2399 2574/2563/2398 2576/2570/2405
f 2576/2570/2405 2579/2571/2406 2577/2569/2404
f 2579/2571/2406 2576/2570/2405 2574/2563/2398
f 2578/2572/2407 2579/2571/2406 2574/2563/2398
f 2578/2572/2407 2574/2563/2398 2568/2562/2397
f 2578/2572/2407 2577/2569/2404 2579/2571/2406
f 2577/2569/2404 2578/2572/2407 2539/2573/2408
f 2538/2551/2388 2577/2569/2404 2539/2573/2408
f 2578/2572/2407 2570/2574/2409 2539/2573/2408
f 2570/2574/2409 2578/2572/2407 2568/2562/2397
f 2570/2574/2409 2568/2562/2397 2569/2575/2410
f 2569/2575/2410 2568/2562/2397 2567/2561/2396
f 2569/2575/2410 2572/2576/2411 2570/2574/2409
f 2572/2576/2411 2569/2575/2410 2567/2561/2396
f 2572/2576/2411 2571/2577/2412 2570/2574/2409
f 2570/2574/2409 2571/2577/2412 2539/2573/2408
f 2572/2576/2411 2567/2561/2396 2571/2577/2412
f 2566/2578/2413 2567/2561/2396 2545/2559/2395
f 2571/2577/2412 2567/2561/2396 2566/2578/2413
f 2545/2559/2395 2547/2579/2414 2566/2578/2413
f 2547/2579/2414 2545/2559/2395 2546/2560/1648
f 2547/2579/2414 2546/2560/1648 2548/2580/2415
f 2546/2560/1648 2549/2581/1646 2548/2580/2415
f 2548/2580/2415 2557/2582/2416 2547/2579/2414
f 2566/2578/2413 2547/2579/2414 2557/2582/2416
f 2560/2583/2417 2566/2578/2413 2557/2582/2416
f 2566/2578/2413 2560/2583/2417 2558/2584/2418
f 2563/2585/2419 2566/2578/2413 2558/2584/2418
f 2563/2585/2419 2571/2577/2412 2566/2578/2413
f 2563/2585/2419 2540/2586/2420 2571/2577/2412
f 2571/2577/2412 2540/2586/2420 2539/2573/2408
f 2538/2551/2388 2539/2573/2408 2523/2587/2421
f 2523/2587/2421 2539/2573/2408 2540/2586/2420
f 2523/2587/2421 2522/2541/2378 2538/2551/2388
f 2522/2541/2378 2523/2587/2421 2343/2588/2422
f 2345/2540/2377 2522/2541/2378 2343/2588/2422
f 2343/2588/2422 2342/2589/2423 2345/2540/2377
f 2342/2589/2423 2344/2539/2376 2345/2540/2377
f 2343/2588/2422 2326/2590/2424 2342/2589/2423
f 2342/2589/2423 2333/2591/2425 2344/2539/2376
f 2333/2591/2425 2342/2589/2423 2326/2590/2424
f 2333/2591/2425 2336/2592/2426 2344/2539/2376
f 2336/2592/2426 2338/2538/2375 2344/2539/2376
f 2338/2538/2375 2336/2592/2426 2337/2522/2360
f 2336/2592/2426 2333/2591/2425 2335/2593/2427
f 2336/2592/2426 2335/2593/2427 2337/2522/2360
f 2337/2522/2360 2335/2593/2427 2366/2521/2359
f 2335/2593/2427 2365/2500/2342 2366/2521/2359
f 2333/2591/2425 2334/2594/2428 2335/2593/2427
f 2335/2593/2427 2334/2594/2428 2365/2500/2342
f 2334/2594/2428 2364/2499/2341 2365/2500/2342
f 2364/2499/2341 2334/2594/2428 2363/2595/2429
f 2363/2595/2429 2367/2482/2327 2364/2499/2341
f 2334/2594/2428 2332/2596/2430 2363/2595/2429
f 2332/2596/2430 2334/2594/2428 2333/2591/2425
f 2331/2597/2431 2332/2596/2430 2333/2591/2425
f 2331/2597/2431 2333/2591/2425 2326/2590/2424
f 2331/2597/2431 2326/2590/2424 2197/2598/2432
f 2197/2598/2432 2326/2590/2424 2325/2599/2433
f 2325/2599/2433 2326/2590/2424 2343/2588/2422
f 2343/2588/2422 2523/2587/2421 2325/2599/2433
f 2540/2586/2420 2524/2600/2434 2523/2587/2421
f 2523/2587/2421 2524/2600/2434 2325/2599/2433
f 2327/2601/2435 2197/2598/2432 2325/2599/2433
f 2325/2599/2433 2524/2600/2434 2327/2601/2435
f 2327/2601/2435 2196/2602/2436 2197/2598/2432
f 2196/2602/2436 2198/2603/2437 2197/2598/2432
f 2198/2603/2437 2331/2597/2431 2197/2598/2432
f 2198/2603/2437 2324/2604/2438 2331/2597/2431
f 2324/2604/2438 2332/2596/2430 2331/2597/2431
f 2332/2596/2430 2324/2604/2438 2328/2605/2439
f 2363/2595/2429 2332/2596/2430 2328/2605/2439
f 2328/2605/2439 2329/2606/2440 2363/2595/2429
f 2329/2606/2440 2367/2482/2327 2363/2595/2429
f 2329/2606/2440 2330/2481/2326 2367/2482/2327
f 2329/2606/2440 2328/2605/2439 2315/2607/2441
f 2329/2606/2440 2315/2607/2441 2330/2481/2326
f 2328/2605/2439 2324/2604/2438 2314/2608/2442
f 2328/2605/2439 2314/2608/2442 2315/2607/2441
f 2324/2604/2438 2198/2603/2437 2312/2609/2443
f 2324/2604/2438 2312/2609/2443 2314/2608/2442
f 2198/2603/2437 2313/2610/2444 2312/2609/2443
f 2198/2603/2437 2196/2602/2436 2313/2610/2444
f 2511/2611/2445 2313/2610/2444 2196/2602/2436
f 2327/2601/2435 2511/2611/2445 2196/2602/2436
f 2511/2611/2445 2327/2601/2435 2514/2612/2446
f 2524/2600/2434 2514/2612/2446 2327/2601/2435
f 2524/2600/2434 2540/2586/2420 2541/2613/2447
f 2514/2612/2446 2524/2600/2434 2541/2613/2447
f 2540/2586/2420 2564/2614/2448 2541/2613/2447
f 2540/2586/2420 2563/2585/2419 2564/2614/2448
f 2563/2585/2419 2558/2584/2418 2564/2614/2448
f 2558/2584/2418 2561/2615/2449 2564/2614/2448
f 2541/2613/2447 2564/2614/2448 2565/2616/2450
f 2565/2616/2450 2564/2614/2448 2561/2615/2449
f 2565/2616/2450 2542/2617/2451 2541/2613/2447
f 2514/2612/2446 2541/2613/2447 2542/2617/2451
f 2514/2612/2446 2542/2617/2451 2513/2618/2452
f 2511/2611/2445 2514/2612/2446 2513/2618/2452
f 2512/2619/1642 2511/2611/2445 2513/2618/2452
f 2513/2618/2452 2542/2617/2451 2549/2581/1646
f 2549/2581/1646 2542/2617/2451 2548/2580/2415
f 2542/2617/2451 2565/2616/2450 2548/2580/2415
f 2562/2620/2453 2565/2616/2450 2561/2615/2449
f 2548/2580/2415 2565/2616/2450 2562/2620/2453
f 2561/2615/2449 2559/2621/2454 2562/2620/2453
f 2558/2584/2418 2559/2621/2454 2561/2615/2449
f 2559/2621/2454 2548/2580/2415 2562/2620/2453
f 2559/2621/2454 2557/2582/2416 2548/2580/2415
f 2557/2582/2416 2559/2621/2454 2558/2584/2418
f 2557/2582/2416 2558/2584/2418 2560/2583/2417
f 2314/2608/2442 2294/2622/2455 2315/2607/2441
f 2312/2609/2443 2290/2623/2456 2314/2608/2442
f 2294/2622/2455 2314/2608/2442 2290/2623/2456
f 2312/2609/2443 2289/2624/2457 2290/2623/2456
f 2291/2625/2458 2289/2624/2457 2312/2609/2443
f 2313/2610/2444 2291/2625/2458 2312/2609/2443
f 2291/2625/2458 2313/2610/2444 2288/2626/2459
f 2511/2611/2445 2322/2627/2460 2313/2610/2444
f 2288/2626/2459 2313/2610/2444 2322/2627/2460
f 2511/2611/2445 2323/2628/2461 2322/2627/2460
f 2323/2628/2461 2511/2611/2445 2512/2619/1642
f 2323/2628/2461 2512/2619/1642 1768/2629/2462
f 1763/2630/1641 1768/2629/2462 2512/2619/1642
f 1762/2631/1639 1764/2632/2463 1763/2630/1641
f 1764/2632/2463 1768/2629/2462 1763/2630/1641
f 1762/2631/1639 1765/2633/2464 1764/2632/2463
f 1764/2632/2463 1765/2633/2464 1775/2634/2465
f 1769/2635/2466 1764/2632/2463 1775/2634/2465
f 1769/2635/2466 1770/2636/2467 1764/2632/2463
f 1770/2636/2467 1768/2629/2462 1764/2632/2463
f 1770/2636/2467 2510/2637/2468 1768/2629/2462
f 2510/2637/2468 2323/2628/2461 1768/2629/2462
f 2323/2628/2461 2510/2637/2468 2209/2638/2469
f 2323/2628/2461 2209/2638/2469 2322/2627/2460
f 2209/2638/2469 2207/2639/2470 2322/2627/2460
f 2207/2639/2470 2288/2626/2459 2322/2627/2460
f 2209/2638/2469 2208/2640/2471 2207/2639/2470
f 2207/2639/2470 2221/2641/2472 2288/2626/2459
f 2221/2641/2472 2207/2639/2470 2208/2640/2471
f 2221/2641/2472 2287/2642/2473 2288/2626/2459
f 2292/2643/2474 2291/2625/2458 2288/2626/2459
f 2288/2626/2459 2287/2642/2473 2292/2643/2474
f 2287/2642/2473 2289/2624/2457 2291/2625/2458
f 2292/2643/2474 2287/2642/2473 2291/2625/2458
f 2289/2624/2457 2286/2644/2475 2290/2623/2456
f 2287/2642/2473 2286/2644/2475 2289/2624/2457
f 2287/2642/2473 2221/2641/2472 2286/2644/2475
f 2274/2645/2476 2273/2646/2477 2221/2641/2472
f 2221/2641/2472 2273/2646/2477 2286/2644/2475
f 2221/2641/2472 2208/2640/2471 2274/2645/2476
f 2274/2645/2476 2265/2647/2478 2273/2646/2477
f 2208/2640/2471 2284/2648/2479 2274/2645/2476
f 2274/2645/2476 2284/2648/2479 2265/2647/2478
f 2208/2640/2471 2209/2638/2469 2283/2649/2480
f 2208/2640/2471 2283/2649/2480 2284/2648/2479
f 2209/2638/2469 2203/2650/2481 2283/2649/2480
f 2209/2638/2469 2510/2637/2468 2205/2651/2482
f 2205/2651/2482 2203/2650/2481 2209/2638/2469
f 2510/2637/2468 2204/2652/2483 2205/2651/2482
f 1770/2636/2467 2204/2652/2483 2510/2637/2468
f 2204/2652/2483 2203/2650/2481 2205/2651/2482
f 2206/2653/2484 2203/2650/2481 2204/2652/2483
f 2203/2650/2481 2206/2653/2484 2275/2654/2485
f 2283/2649/2480 2203/2650/2481 2275/2654/2485
f 2283/2649/2480 2275/2654/2485 2260/2655/2486
f 2284/2648/2479 2283/2649/2480 2260/2655/2486
f 2284/2648/2479 2260/2655/2486 2250/2656/2487
f 2285/2657/2488 2284/2648/2479 2250/2656/2487
f 2265/2647/2478 2284/2648/2479 2285/2657/2488
f 2262/2658/2489 2265/2647/2478 2285/2657/2488
f 2265/2647/2478 2262/2658/2489 2263/2659/2490
f 2265/2647/2478 2263/2659/2490 2273/2646/2477
f 2293/2660/2491 2286/2644/2475 2273/2646/2477
f 2263/2659/2490 2293/2660/2491 2273/2646/2477
f 2293/2660/2491 2290/2623/2456 2286/2644/2475
f 2294/2622/2455 2290/2623/2456 2293/2660/2491
f 2294/2622/2455 2293/2660/2491 2297/2661/2492
f 2294/2622/2455 2297/2661/2492 2315/2607/2441
f 2293/2660/2491 2263/2659/2490 2295/2662/2493
f 2293/2660/2491 2295/2662/2493 2297/2661/2492
f 2263/2659/2490 2262/2658/2489 2264/2663/2494
f 2263/2659/2490 2264/2663/2494 2295/2662/2493
f 2262/2658/2489 2285/2657/2488 2223/2664/2495
f 2262/2658/2489 2223/2664/2495 2264/2663/2494
f 2285/2657/2488 2280/2665/2496 2223/2664/2495
f 2280/2665/2496 2285/2657/2488 2213/2666/2497
f 2285/2657/2488 2250/2656/2487 2213/2666/2497
f 2250/2656/2487 2251/2667/2498 2215/2668/2499
f 2213/2666/2497 2250/2656/2487 2215/2668/2499
f 2251/2667/2498 2250/2656/2487 2260/2655/2486
f 2261/2669/1633 2251/2667/2498 2260/2655/2486
f 2261/2669/1633 2260/2655/2486 2275/2654/2485
f 2276/2670/2500 2261/2669/1633 2275/2654/2485
f 2276/2670/2500 2275/2654/2485 2206/2653/2484
f 2204/2652/2483 2276/2670/2500 2206/2653/2484
f 2204/2652/2483 1770/2636/2467 2276/2670/2500
f 1770/2636/2467 1769/2635/2466 2276/2670/2500
f 2213/2666/2497 2215/2668/2499 2214/2437/1628
f 2216/2436/2282 2213/2666/2497 2214/2437/1628
f 2213/2666/2497 2216/2436/2282 2280/2665/2496
f 2216/2436/2282 2279/2438/2283 2280/2665/2496
f 2280/2665/2496 2279/2438/2283 2220/2671/2501
f 2218/2672/2502 2280/2665/2496 2220/2671/2501
f 2218/2672/2502 2223/2664/2495 2280/2665/2496
f 2223/2664/2495 2218/2672/2502 2222/2673/2503
f 2223/2664/2495 2222/2673/2503 2264/2663/2494
f 2264/2663/2494 2296/2674/2504 2295/2662/2493
f 2264/2663/2494 2222/2673/2503 2296/2674/2504
f 2295/2662/2493 2296/2674/2504 2298/2675/2505
f 2297/2661/2492 2295/2662/2493 2298/2675/2505
f 2297/2661/2492 2298/2675/2505 2316/2676/2506
f 2315/2607/2441 2297/2661/2492 2316/2676/2506
f 2315/2607/2441 2316/2676/2506 2330/2481/2326
f 2316/2676/2506 2298/2675/2505 2317/2677/2507
f 2317/2677/2507 2330/2481/2326 2316/2676/2506
f 2317/2677/2507 2371/2480/2325 2330/2481/2326
f 2317/2677/2507 2308/2678/2508 2371/2480/2325
f 2308/2678/2508 2372/2479/2324 2371/2480/2325
f 2317/2677/2507 2300/2679/2509 2308/2678/2508
f 2298/2675/2505 2300/2679/2509 2317/2677/2507
f 2298/2675/2505 2296/2674/2504 2300/2679/2509
f 2222/2673/2503 2299/2680/2510 2296/2674/2504
f 2296/2674/2504 2299/2680/2510 2300/2679/2509
f 2222/2673/2503 2218/2672/2502 2219/2681/2511
f 2299/2680/2510 2222/2673/2503 2219/2681/2511
f 2218/2672/2502 2217/2682/2050 2219/2681/2511
f 2220/2671/2501 2217/2682/2050 2218/2672/2502
f 2219/2681/2511 2301/2683/2512 2299/2680/2510
f 2301/2683/2512 2219/2681/2511 2217/2682/2050
f 2301/2683/2512 2300/2679/2509 2299/2680/2510
f 2300/2679/2509 2301/2683/2512 2308/2678/2508
f 2308/2678/2508 2301/2683/2512 2307/2684/2513
f 2307/2684/2513 2372/2479/2324 2308/2678/2508
f 2301/2683/2512 2302/2685/2514 2307/2684/2513
f 2302/2685/2514 2301/2683/2512 2217/2682/2050
f 2217/2682/2050 2268/2686/2515 2302/2685/2514
f 2217/2682/2050 2220/2671/2501 2268/2686/2515
f 2220/2671/2501 2269/2439/2284 2268/2686/2515
f 2279/2438/2283 2269/2439/2284 2220/2671/2501
f 2268/2686/2515 2269/2439/2284 2281/2440/2285
f 2268/2686/2515 2281/2440/2285 2303/2687/2516
f 2268/2686/2515 2303/2687/2516 2302/2685/2514
f 2281/2440/2285 2305/2441/2286 2303/2687/2516
f 2302/2685/2514 2303/2687/2516 2306/2688/2517
f 2307/2684/2513 2302/2685/2514 2306/2688/2517
f 2307/2684/2513 2306/2688/2517 2372/2479/2324
f 2306/2688/2517 2199/2443/2288 2372/2479/2324
f 2372/2479/2324 2199/2443/2288 2374/2461/2306
f 2306/2688/2517 2303/2687/2516 2304/2689/1343
f 2304/2689/1343 2199/2443/2288 2306/2688/2517
f 2303/2687/2516 2305/2441/2286 2304/2689/1343
f 2304/2689/1343 2305/2441/2286 2311/2442/2287
f 2304/2689/1343 2311/2442/2287 2199/2443/2288
f 1940/2690/1571 1938/2281/2135 1946/2279/2133
f 1938/2281/2135 1940/2690/1571 1939/2284/2138
f 1940/2690/1571 1941/2691/2518 1939/2284/2138
f 1942/2289/2143 1939/2284/2138 1941/2691/2518
f 1944/2692/1575 1942/2289/2143 1941/2691/2518
f 1942/2289/2143 1944/2692/1575 1943/2693/2519
f 1943/2693/2519 1957/2291/2145 1942/2289/2143
f 1944/2692/1575 1945/2694/2520 1943/2693/2519
f 1943/2693/2519 1960/2298/2152 1957/2291/2145
f 1945/2694/2520 1975/2695/2521 1943/2693/2519
f 1975/2695/2521 1960/2298/2152 1943/2693/2519
f 1945/2694/2520 1974/2696/1578 1975/2695/2521
f 1975/2695/2521 2017/2303/2157 1960/2298/2152
f 1974/2696/1578 1984/2697/2522 1975/2695/2521
f 1975/2695/2521 1985/2698/2523 2017/2303/2157
f 1984/2697/2522 1985/2698/2523 1975/2695/2521
f 1985/2698/2523 2010/2306/2160 2017/2303/2157
f 1987/2699/2524 2010/2306/2160 1985/2698/2523
f 2009/2314/2168 2010/2306/2160 1987/2699/2524
f 1989/2347/2200 2009/2314/2168 1987/2699/2524
f 1988/2700/2525 1989/2347/2200 1987/2699/2524
f 1989/2347/2200 1988/2700/2525 1991/2349/1585
f 1987/2699/2524 1986/2701/1581 1988/2700/2525
f 1986/2701/1581 1987/2699/2524 1985/2698/2523
f 1984/2697/2522 1986/2701/1581 1985/2698/2523
f 1998/2351/2202 1990/2350/1586 1999/2702/1587
f 1997/2703/2526 1998/2351/2202 1999/2702/1587
f 1998/2351/2202 1997/2703/2526 1996/2704/2527
f 1998/2351/2202 1996/2704/2527 2001/2352/2203
f 1997/2703/2526 1995/2705/1599 1996/2704/2527
f 2001/2352/2203 1996/2704/2527 1994/2706/2528
f 1994/2706/2528 1996/2704/2527 1995/2705/1599
f 2421/2707/2529 1994/2706/2528 1995/2705/1599
f 2424/2708/2530 2421/2707/2529 1995/2705/1599
f 2424/2708/2530 2423/2709/1659 2420/2710/2531
f 2424/2708/2530 2420/2710/2531 2421/2707/2529
f 2423/2709/1659 2422/2711/1661 2420/2710/2531
f 2421/2707/2529 2420/2710/2531 2418/2712/2532
f 2421/2707/2529 2418/2712/2532 1994/2706/2528
f 2002/2713/2533 2001/2352/2203 1994/2706/2528
f 2418/2712/2532 2002/2713/2533 1994/2706/2528
f 2002/2713/2533 2004/2353/2204 2001/2352/2203
f 2003/2354/2205 2004/2353/2204 2002/2713/2533
f 2417/2714/2534 2003/2354/2205 2002/2713/2533
f 2418/2712/2532 2417/2714/2534 2002/2713/2533
f 2417/2714/2534 2410/2356/2207 2003/2354/2205
f 2417/2714/2534 2416/2715/2535 2410/2356/2207
f 2416/2715/2535 2417/2714/2534 2418/2712/2532
f 2415/2716/2536 2416/2715/2535 2418/2712/2532
f 2420/2710/2531 2415/2716/2536 2418/2712/2532
f 2415/2716/2536 2420/2710/2531 2419/2717/2537
f 2422/2711/1661 2419/2717/2537 2420/2710/2531
f 2419/2717/2537 2422/2711/1661 2425/2718/1662
f 2414/2719/2538 2419/2717/2537 2425/2718/1662
f 2414/2719/2538 2415/2716/2536 2419/2717/2537
f 2414/2719/2538 2411/2720/2539 2415/2716/2536
f 2411/2720/2539 2416/2715/2535 2415/2716/2536
f 2416/2715/2535 2411/2720/2539 2410/2356/2207
f 2411/2720/2539 2404/2361/2212 2410/2356/2207
f 2404/2361/2212 2411/2720/2539 2403/2721/2540
f 2403/2721/2540 2399/2362/2213 2404/2361/2212
f 2403/2721/2540 2402/2454/2299 2399/2362/2213
f 2403/2721/2540 2411/2720/2539 2412/2722/2541
f 2402/2454/2299 2403/2721/2540 2412/2722/2541
f 2411/2720/2539 2414/2719/2538 2412/2722/2541
f 2413/2723/2542 2412/2722/2541 2414/2719/2538
f 2413/2723/2542 2414/2719/2538 2425/2718/1662
f 2426/2724/1663 2413/2723/2542 2425/2718/1662
f 2409/2725/2543 2413/2723/2542 2426/2724/1663
f 2412/2722/2541 2413/2723/2542 2409/2725/2543
f 2426/2724/1663 2427/2726/2544 2409/2725/2543
f 2407/2727/2545 2409/2725/2543 2427/2726/2544
f 2428/2728/1669 2407/2727/2545 2427/2726/2544
f 2407/2727/2545 2408/2455/2300 2409/2725/2543
f 2408/2455/2300 2412/2722/2541 2409/2725/2543
f 2402/2454/2299 2412/2722/2541 2408/2455/2300
f 2393/2456/2301 2408/2455/2300 2407/2727/2545
f 2393/2456/2301 2407/2727/2545 2406/2490/2335
f 2406/2490/2335 2407/2727/2545 2428/2728/1669
f 2429/2729/1670 2406/2490/2335 2428/2728/1669
f 2406/2490/2335 2429/2729/1670 2440/2491/2336
f 2047/2331/2184 2046/2332/2185 2170/2404/2253
f 2116/2730/2546 2047/2331/2184 2170/2404/2253
f 2116/2730/2546 2170/2404/2253 2169/2405/2254
f 2116/2730/2546 2117/2731/2547 2047/2331/2184
f 2117/2731/2547 2062/2330/2183 2047/2331/2184
f 2062/2330/2183 2117/2731/2547 2118/2329/2182
f 2117/2731/2547 2121/2732/2548 2118/2329/2182
f 2121/2732/2548 2119/2195/2052 2118/2329/2182
f 2119/2195/2052 2121/2732/2548 2120/2173/2030
f 2121/2732/2548 2122/2733/2549 2120/2173/2030
f 2121/2732/2548 2117/2731/2547 2122/2733/2549
f 2117/2731/2547 2116/2730/2546 2122/2733/2549
f 2122/2733/2549 2116/2730/2546 2169/2405/2254
f 2122/2733/2549 2169/2405/2254 2164/2172/2029
f 2120/2173/2030 2122/2733/2549 2164/2172/2029
f 2076/2734/1555 2078/2276/1557 2077/2275/2132
f 2076/2734/1555 2077/2275/2132 2073/2735/2550
f 2073/2735/2550 2077/2275/2132 2074/2274/2131
f 2073/2735/2550 2075/2736/2551 2076/2734/1555
f 2075/2736/2551 2073/2735/2550 1865/2737/2552
f 1864/2738/1554 2075/2736/2551 1865/2737/2552
f 2073/2735/2550 1866/2273/2130 1865/2737/2552
f 2073/2735/2550 2074/2274/2131 1866/2273/2130
f 1865/2737/2552 1866/2273/2130 1861/2739/2553
f 1861/2739/2553 1866/2273/2130 1871/2264/2121
f 1861/2739/2553 1862/2740/2554 1865/2737/2552
f 1864/2738/1554 1865/2737/2552 1862/2740/2554
f 1848/2741/2555 1864/2738/1554 1862/2740/2554
f 1828/2742/2556 1848/2741/2555 1862/2740/2554
f 1847/2743/1551 1848/2741/2555 1828/2742/2556
f 1862/2740/2554 1835/2744/2557 1828/2742/2556
f 1835/2744/2557 1862/2740/2554 1861/2739/2553
f 1837/2745/2558 1835/2744/2557 1861/2739/2553
f 1837/2745/2558 1861/2739/2553 1830/2746/2559
f 1860/2747/2560 1861/2739/2553 1871/2264/2121
f 1861/2739/2553 1860/2747/2560 1830/2746/2559
f 1871/2264/2121 1859/2263/2120 1860/2747/2560
f 1860/2747/2560 1819/2748/2561 1830/2746/2559
f 1859/2263/2120 1819/2748/2561 1860/2747/2560
f 1819/2748/2561 1859/2263/2120 1858/2262/2119
f 1815/2749/2562 1819/2748/2561 1858/2262/2119
f 1815/2749/2562 1858/2262/2119 1857/2750/2563
f 1857/2750/2563 1858/2262/2119 1868/2242/2099
f 1857/2750/2563 1868/2242/2099 1867/2241/2098
f 1856/2751/2564 1857/2750/2563 1867/2241/2098
f 1856/2751/2564 1867/2241/2098 1845/2214/2071
f 1849/2752/2565 1856/2751/2564 1845/2214/2071
f 1845/2214/2071 1875/2141/2001 1849/2752/2565
f 1849/2752/2565 1875/2141/2001 1851/2142/1545
f 1799/2753/2566 1849/2752/2565 1851/2142/1545
f 1799/2753/2566 1851/2142/1545 1850/2754/1544
f 1799/2753/2566 1798/2755/2567 1849/2752/2565
f 1849/2752/2565 1798/2755/2567 1856/2751/2564
f 1798/2755/2567 1800/2756/2568 1856/2751/2564
f 1856/2751/2564 1800/2756/2568 1857/2750/2563
f 1800/2756/2568 1806/2757/2569 1857/2750/2563
f 1806/2757/2569 1815/2749/2562 1857/2750/2563
f 1815/2749/2562 1806/2757/2569 1816/2758/2570
f 1815/2749/2562 1816/2758/2570 1821/2759/2571
f 1815/2749/2562 1821/2759/2571 1820/2760/2572
f 1819/2748/2561 1815/2749/2562 1820/2760/2572
f 1831/2761/2573 1830/2746/2559 1819/2748/2561
f 1819/2748/2561 1832/2762/2574 1831/2761/2573
f 1819/2748/2561 1820/2760/2572 1832/2762/2574
f 1831/2761/2573 1832/2762/2574 1833/2763/2575
f 1820/2760/2572 1825/2764/2576 1832/2762/2574
f 1833/2763/2575 1832/2762/2574 1826/2765/2577
f 1825/2764/2576 1826/2765/2577 1832/2762/2574
f 1833/2763/2575 1829/2766/2578 1831/2761/2573
f 1829/2766/2578 1833/2763/2575 1826/2765/2577
f 1829/2766/2578 1826/2765/2577 1827/2767/2579
f 1827/2767/2579 1831/2761/2573 1829/2766/2578
f 1831/2761/2573 1827/2767/2579 1836/2768/2580
f 1831/2761/2573 1836/2768/2580 1830/2746/2559
f 1836/2768/2580 1837/2745/2558 1830/2746/2559
f 1835/2744/2557 1837/2745/2558 1836/2768/2580
f 1834/2769/2581 1835/2744/2557 1836/2768/2580
f 1827/2767/2579 1834/2769/2581 1836/2768/2580
f 1826/2765/2577 1828/2742/2556 1827/2767/2579
f 1827/2767/2579 1828/2742/2556 1834/2769/2581
f 1828/2742/2556 1835/2744/2557 1834/2769/2581
f 1826/2765/2577 1812/2770/2582 1828/2742/2556
f 1847/2743/1551 1828/2742/2556 1810/2771/2583
f 1812/2770/2582 1810/2771/2583 1828/2742/2556
f 1810/2771/2583 1854/2772/1550 1847/2743/1551
f 1804/2773/2584 1854/2772/1550 1810/2771/2583
f 1853/2774/1548 1854/2772/1550 1804/2773/2584
f 1802/2775/2585 1853/2774/1548 1804/2773/2584
f 1852/2776/2586 1853/2774/1548 1802/2775/2585
f 1804/2773/2584 1801/2777/2587 1802/2775/2585
f 1803/2778/2588 1801/2777/2587 1804/2773/2584
f 1804/2773/2584 1810/2771/2583 1803/2778/2588
f 1810/2771/2583 1812/2770/2582 1811/2779/2589
f 1810/2771/2583 1811/2779/2589 1803/2778/2588
f 1812/2770/2582 1813/2780/2590 1811/2779/2589
f 1812/2770/2582 1825/2764/2576 1823/2781/2591
f 1812/2770/2582 1823/2781/2591 1813/2780/2590
f 1812/2770/2582 1826/2765/2577 1825/2764/2576
f 1823/2781/2591 1825/2764/2576 1824/2782/2592
f 1825/2764/2576 1820/2760/2572 1824/2782/2592
f 1824/2782/2592 1822/2783/2593 1823/2781/2591
f 1820/2760/2572 1822/2783/2593 1824/2782/2592
f 1820/2760/2572 1821/2759/2571 1822/2783/2593
f 1822/2783/2593 1821/2759/2571 1823/2781/2591
f 1813/2780/2590 1823/2781/2591 1821/2759/2571
f 1816/2758/2570 1813/2780/2590 1821/2759/2571
f 1813/2780/2590 1816/2758/2570 1814/2784/2594
f 1811/2779/2589 1813/2780/2590 1814/2784/2594
f 1816/2758/2570 1818/2785/2595 1814/2784/2594
f 1814/2784/2594 1818/2785/2595 1811/2779/2589
f 1818/2785/2595 1817/2786/2596 1811/2779/2589
f 1803/2778/2588 1811/2779/2589 1817/2786/2596
f 1818/2785/2595 1816/2758/2570 1817/2786/2596
f 1806/2757/2569 1817/2786/2596 1816/2758/2570
f 1806/2757/2569 1808/2787/2597 1817/2786/2596
f 1808/2787/2597 1803/2778/2588 1817/2786/2596
f 1803/2778/2588 1808/2787/2597 1805/2788/2598
f 1803/2778/2588 1805/2788/2598 1801/2777/2587
f 1808/2787/2597 1809/2789/2599 1805/2788/2598
f 1805/2788/2598 1809/2789/2599 1801/2777/2587
f 1808/2787/2597 1807/2790/2600 1809/2789/2599
f 1809/2789/2599 1807/2790/2600 1801/2777/2587
f 1808/2787/2597 1806/2757/2569 1807/2790/2600
f 1807/2790/2600 1797/2791/2601 1801/2777/2587
f 1801/2777/2587 1797/2791/2601 1802/2775/2585
f 1797/2791/2601 1796/2792/2602 1802/2775/2585
f 1796/2792/2602 1852/2776/2586 1802/2775/2585
f 1852/2776/2586 1796/2792/2602 1795/2793/2603
f 1850/2754/1544 1852/2776/2586 1795/2793/2603
f 1799/2753/2566 1850/2754/1544 1795/2793/2603
f 1794/2794/2604 1799/2753/2566 1795/2793/2603
f 1798/2755/2567 1799/2753/2566 1794/2794/2604
f 1792/2795/2605 1798/2755/2567 1794/2794/2604
f 1798/2755/2567 1792/2795/2605 1800/2756/2568
f 1792/2795/2605 1793/2796/2606 1800/2756/2568
f 1800/2756/2568 1793/2796/2606 1807/2790/2600
f 1800/2756/2568 1807/2790/2600 1806/2757/2569
f 1793/2796/2606 1797/2791/2601 1807/2790/2600
f 1792/2795/2605 1787/2797/2607 1793/2796/2606
f 1797/2791/2601 1793/2796/2606 1787/2797/2607
f 1792/2795/2605 1790/2798/2608 1787/2797/2607
f 1792/2795/2605 1794/2794/2604 1790/2798/2608
f 1794/2794/2604 1791/2799/2609 1790/2798/2608
f 1791/2799/2609 1794/2794/2604 1795/2793/2603
f 1791/2799/2609 1786/2800/2610 1790/2798/2608
f 1787/2797/2607 1790/2798/2608 1786/2800/2610
f 1791/2799/2609 1795/2793/2603 1786/2800/2610
f 1786/2800/2610 1795/2793/2603 1788/2801/2611
f 1795/2793/2603 1796/2792/2602 1788/2801/2611
f 1796/2792/2602 1797/2791/2601 1788/2801/2611
f 1797/2791/2601 1789/2802/2612 1788/2801/2611
f 1789/2802/2612 1797/2791/2601 1787/2797/2607
f 1787/2797/2607 1788/2801/2611 1789/2802/2612
f 1786/2800/2610 1788/2801/2611 1787/2797/2607
f 2809/2803/2613 2810/2804/1868 2770/2805/1867
f 2809/2803/2613 2922/2806/2614 2810/2804/1868
f 2770/2805/1867 2769/2807/2615 2809/2803/2613
f 2769/2807/2615 2770/2805/1867 2768/2808/1862
f 2764/2809/2616 2769/2807/2615 2768/2808/1862
f 2764/2809/2616 2768/2808/1862 2857/2810/1861
f 2764/2809/2616 2766/2811/2617 2769/2807/2615
f 2769/2807/2615 2870/2812/2618 2809/2803/2613
f 2766/2811/2617 2870/2812/2618 2769/2807/2615
f 2809/2803/2613 2854/2813/1717 2867/2814/2619
f 2870/2812/2618 2854/2813/1717 2809/2803/2613
f 2867/2814/2619 2922/2806/2614 2809/2803/2613
f 2915/2815/2620 2922/2806/2614 2867/2814/2619
f 2864/2816/1871 2922/2806/2614 2915/2815/2620
f 2867/2814/2619 2855/2817/2621 2915/2815/2620
f 2854/2813/1717 2855/2817/2621 2867/2814/2619
f 2915/2815/2620 2855/2817/2621 2916/2818/2622
f 2916/2818/2622 2864/2816/1871 2915/2815/2620
f 2855/2817/2621 2749/2819/2623 2916/2818/2622
f 2916/2818/2622 2929/2820/2624 2864/2816/1871
f 2916/2818/2622 2749/2819/2623 2929/2820/2624
f 2929/2820/2624 2862/2821/2625 2864/2816/1871
f 2929/2820/2624 2749/2819/2623 2862/2821/2625
f 2862/2821/2625 2863/2822/1876 2864/2816/1871
f 2749/2819/2623 2861/2823/2626 2862/2821/2625
f 2861/2823/2626 2863/2822/1876 2862/2821/2625
f 2749/2819/2623 2751/2824/2627 2861/2823/2626
f 2861/2823/2626 2751/2824/2627 2863/2822/1876
f 2751/2824/2627 2853/2825/1877 2863/2822/1876
f 2844/2826/1878 2853/2825/1877 2751/2824/2627
f 2842/2827/2628 2844/2826/1878 2751/2824/2627
f 2843/2828/2629 2844/2826/1878 2842/2827/2628
f 2751/2824/2627 2750/2829/2630 2842/2827/2628
f 2750/2829/2630 2751/2824/2627 2749/2819/2623
f 2748/2830/1725 2750/2829/2630 2749/2819/2623
f 2748/2830/1725 2749/2819/2623 2855/2817/2621
f 2856/2831/1725 2748/2830/1725 2855/2817/2621
f 2854/2813/1717 2856/2831/1725 2855/2817/2621
f 2870/2812/2618 2892/2832/1752 2854/2813/1717
f 2892/2832/1752 2856/2831/1725 2854/2813/1717
f 2870/2812/2618 2891/2833/2317 2892/2832/1752
f 2766/2811/2617 2891/2833/2317 2870/2812/2618
f 2891/2833/2317 2873/2834/2623 2892/2832/1752
f 2892/2832/1752 2874/2835/2631 2856/2831/1725
f 2873/2834/2623 2874/2835/2631 2892/2832/1752
f 2874/2835/2631 2877/2836/2632 2856/2831/1725
f 2856/2831/1725 2877/2836/2632 2748/2830/1725
f 2877/2836/2632 2750/2829/2630 2748/2830/1725
f 2804/2837/2633 2811/2838/2634 2877/2836/2632
f 2811/2838/2634 2750/2829/2630 2877/2836/2632
f 2804/2837/2633 2877/2836/2632 2874/2835/2631
f 2813/2839/2635 2804/2837/2633 2874/2835/2631
f 2873/2834/2623 2813/2839/2635 2874/2835/2631
f 2891/2833/2317 2911/2840/2636 2873/2834/2623
f 2873/2834/2623 2821/2841/2637 2813/2839/2635
f 2911/2840/2636 2821/2841/2637 2873/2834/2623
f 2891/2833/2317 2910/2842/2631 2911/2840/2636
f 2821/2841/2637 2911/2840/2636 2897/2843/2623
f 2910/2842/2631 2785/2844/2317 2911/2840/2636
f 2897/2843/2623 2911/2840/2636 2785/2844/2317
f 2897/2843/2623 2785/2844/2317 2783/2845/2638
f 2794/2846/2631 2897/2843/2623 2783/2845/2638
f 2934/2847/2639 2897/2843/2623 2794/2846/2631
f 2934/2847/2639 2821/2841/2637 2897/2843/2623
f 2934/2847/2639 2818/2848/2640 2821/2841/2637
f 2819/2849/2641 2822/2850/2642 2821/2841/2637
f 2818/2848/2640 2819/2849/2641 2821/2841/2637
f 2822/2850/2642 2813/2839/2635 2821/2841/2637
f 2822/2850/2642 2812/2851/2643 2813/2839/2635
f 2812/2851/2643 2814/2852/2644 2813/2839/2635
f 2814/2852/2644 2804/2837/2633 2813/2839/2635
f 2814/2852/2644 2803/2853/2645 2804/2837/2633
f 2803/2853/2645 2805/2854/2646 2804/2837/2633
f 2805/2854/2646 2811/2838/2634 2804/2837/2633
f 2811/2838/2634 2805/2854/2646 2750/2829/2630
f 2830/2855/2647 2805/2854/2646 2829/2856/2648
f 2805/2854/2646 2830/2855/2647 2750/2829/2630
f 2805/2854/2646 2803/2853/2645 2829/2856/2648
f 2829/2856/2648 2803/2853/2645 2831/2857/2649
f 2803/2853/2645 2814/2852/2644 2832/2858/2650
f 2803/2853/2645 2832/2858/2650 2831/2857/2649
f 2814/2852/2644 2812/2851/2643 2920/2859/2651
f 2814/2852/2644 2920/2859/2651 2832/2858/2650
f 2812/2851/2643 2921/2860/2652 2920/2859/2651
f 2812/2851/2643 2822/2850/2642 2921/2860/2652
f 2822/2850/2642 2823/2861/2653 2921/2860/2652
f 2822/2850/2642 2819/2849/2641 2823/2861/2653
f 2823/2861/2653 2825/2862/1864 2921/2860/2652
f 2921/2860/2652 2825/2862/1864 2920/2859/2651
f 2920/2859/2651 2909/2863/2654 2832/2858/2650
f 2825/2862/1864 2909/2863/2654 2920/2859/2651
f 2832/2858/2650 2909/2863/2654 2908/2864/1873
f 2831/2857/2649 2832/2858/2650 2908/2864/1873
f 2831/2857/2649 2908/2864/1873 2755/2865/1881
f 2754/2866/2655 2831/2857/2649 2755/2865/1881
f 2829/2856/2648 2831/2857/2649 2754/2866/2655
f 2828/2867/2656 2829/2856/2648 2754/2866/2655
f 2828/2867/2656 2830/2855/2647 2829/2856/2648
f 2754/2866/2655 2752/2868/2657 2828/2867/2656
f 2828/2867/2656 2789/2869/2658 2830/2855/2647
f 2789/2869/2658 2828/2867/2656 2752/2868/2657
f 2789/2869/2658 2797/2870/2659 2830/2855/2647
f 2797/2870/2659 2798/2871/2660 2830/2855/2647
f 2798/2871/2660 2750/2829/2630 2830/2855/2647
f 2750/2829/2630 2798/2871/2660 2842/2827/2628
f 2798/2871/2660 2843/2828/2629 2842/2827/2628
f 2871/2872/1883 2843/2828/2629 2798/2871/2660
f 2796/2873/2661 2871/2872/1883 2798/2871/2660
f 2796/2873/2661 2798/2871/2660 2797/2870/2659
f 2796/2873/2661 2868/2874/1884 2871/2872/1883
f 2797/2870/2659 2837/2875/2662 2796/2873/2661
f 2796/2873/2661 2837/2875/2662 2868/2874/1884
f 2797/2870/2659 2789/2869/2658 2790/2876/2663
f 2790/2876/2663 2837/2875/2662 2797/2870/2659
f 2789/2869/2658 2752/2868/2657 2790/2876/2663
f 2837/2875/2662 2790/2876/2663 2791/2877/1887
f 2752/2868/2657 2791/2877/1887 2790/2876/2663
f 2791/2877/1887 2868/2874/1884 2837/2875/2662
f 2791/2877/1887 2752/2868/2657 2904/2878/1886
f 2752/2868/2657 2754/2866/2655 2753/2879/1885
f 2752/2868/2657 2753/2879/1885 2904/2878/1886
f 2754/2866/2655 2755/2865/1881 2753/2879/1885
f 2824/2880/1858 2825/2862/1864 2823/2861/2653
f 2820/2881/2664 2824/2880/1858 2823/2861/2653
f 2819/2849/2641 2820/2881/2664 2823/2861/2653
f 2807/2882/2665 2820/2881/2664 2819/2849/2641
f 2820/2881/2664 2807/2882/2665 2824/2880/1858
f 2807/2882/2665 2808/2883/2666 2824/2880/1858
f 2806/2884/2667 2808/2883/2666 2807/2882/2665
f 2806/2884/2667 2807/2882/2665 2818/2848/2640
f 2818/2848/2640 2807/2882/2665 2819/2849/2641
f 2818/2848/2640 2827/2885/2668 2806/2884/2667
f 2934/2847/2639 2827/2885/2668 2818/2848/2640
f 2827/2885/2668 2816/2886/2669 2806/2884/2667
f 2806/2884/2667 2816/2886/2669 2808/2883/2666
f 2816/2886/2669 2817/2887/1850 2808/2883/2666
f 2815/2888/2670 2817/2887/1850 2816/2886/2669
f 2925/2889/1841 2817/2887/1850 2815/2888/2670
f 2816/2886/2669 2826/2890/2671 2815/2888/2670
f 2826/2890/2671 2816/2886/2669 2827/2885/2668
f 2826/2890/2671 2827/2885/2668 2934/2847/2639
f 2795/2891/2672 2826/2890/2671 2934/2847/2639
f 2795/2891/2672 2934/2847/2639 2794/2846/2631
f 2795/2891/2672 2847/2892/2673 2826/2890/2671
f 2847/2892/2673 2815/2888/2670 2826/2890/2671
f 2848/2893/2674 2815/2888/2670 2847/2892/2673
f 2848/2893/2674 2925/2889/1841 2815/2888/2670
f 2914/2894/1839 2925/2889/1841 2848/2893/2674
f 2836/2895/2675 2914/2894/1839 2848/2893/2674
f 2913/2896/1836 2914/2894/1839 2836/2895/2675
f 2848/2893/2674 2846/2897/2676 2836/2895/2675
f 2846/2897/2676 2848/2893/2674 2847/2892/2673
f 2937/2898/2672 2846/2897/2676 2847/2892/2673
f 2795/2891/2672 2937/2898/2672 2847/2892/2673
f 2794/2846/2631 2793/2899/2677 2795/2891/2672
f 2795/2891/2672 2849/2900/2678 2937/2898/2672
f 2849/2900/2678 2795/2891/2672 2793/2899/2677
f 2875/2901/2679 2849/2900/2678 2793/2899/2677
f 2875/2901/2679 2937/2898/2672 2849/2900/2678
f 2875/2901/2679 2938/2902/2680 2937/2898/2672
f 2937/2898/2672 2938/2902/2680 2846/2897/2676
f 2834/2903/2681 2836/2895/2675 2846/2897/2676
f 2938/2902/2680 2834/2903/2681 2846/2897/2676
f 2834/2903/2681 2835/2904/2682 2836/2895/2675
f 2835/2904/2682 2913/2896/1836 2836/2895/2675
f 2940/2905/2683 2913/2896/1836 2835/2904/2682
f 2866/2906/1833 2940/2905/2683 2835/2904/2682
f 2865/2907/2684 2866/2906/1833 2835/2904/2682
f 2833/2908/2685 2865/2907/2684 2835/2904/2682
f 2833/2908/2685 2835/2904/2682 2834/2903/2681
f 2834/2903/2681 2938/2902/2680 2833/2908/2685
f 2938/2902/2680 2936/2909/2686 2833/2908/2685
f 2833/2908/2685 2936/2909/2686 2865/2907/2684
f 2938/2902/2680 2875/2901/2679 2935/2910/2687
f 2935/2910/2687 2936/2909/2686 2938/2902/2680
f 2935/2910/2687 2776/2911/2688 2936/2909/2686
f 2936/2909/2686 2776/2911/2688 2774/2912/2689
f 2936/2909/2686 2774/2912/2689 2865/2907/2684
f 2865/2907/2684 2774/2912/2689 2866/2906/1833
f 2774/2912/2689 2775/2913/2690 2866/2906/1833
f 2774/2912/2689 2776/2911/2688 2775/2913/2690
f 2776/2911/2688 2777/2914/1837 2775/2913/2690
f 2777/2914/1837 2776/2911/2688 2935/2910/2687
f 2943/2915/2691 2777/2914/1837 2935/2910/2687
f 2943/2915/2691 2935/2910/2687 2942/2916/2692
f 2942/2916/2692 2935/2910/2687 2875/2901/2679
f 2942/2916/2692 2941/2917/2693 2943/2915/2691
f 2941/2917/2693 2942/2916/2692 2780/2918/2694
f 2780/2918/2694 2942/2916/2692 2875/2901/2679
f 2780/2918/2694 2876/2919/1845 2941/2917/2693
f 2876/2919/1845 2780/2918/2694 2781/2920/2695
f 2780/2918/2694 2782/2921/2696 2781/2920/2695
f 2780/2918/2694 2875/2901/2679 2930/2922/2623
f 2782/2921/2696 2780/2918/2694 2930/2922/2623
f 2924/2923/2697 2782/2921/2696 2930/2922/2623
f 2781/2920/2695 2782/2921/2696 2924/2923/2697
f 2923/2924/1847 2781/2920/2695 2924/2923/2697
f 2923/2924/1847 2924/2923/2697 2928/2925/2698
f 2928/2925/2698 2924/2923/2697 2930/2922/2623
f 2928/2925/2698 2927/2926/2699 2923/2924/1847
f 2927/2926/2699 2928/2925/2698 2930/2922/2623
f 2927/2926/2699 2917/2927/2700 2923/2924/1847
f 2860/2928/2701 2923/2924/1847 2917/2927/2700
f 2927/2926/2699 2888/2929/2702 2917/2927/2700
f 2930/2922/2623 2888/2929/2702 2927/2926/2699
f 2888/2929/2702 2918/2930/2703 2917/2927/2700
f 2918/2930/2703 2860/2928/2701 2917/2927/2700
f 2860/2928/2701 2918/2930/2703 2859/2931/2704
f 2858/2932/2705 2860/2928/2701 2859/2931/2704
f 2926/2933/1856 2858/2932/2705 2859/2931/2704
f 2903/2934/2706 2926/2933/1856 2859/2931/2704
f 2931/2935/1859 2926/2933/1856 2903/2934/2706
f 2901/2936/2707 2931/2935/1859 2903/2934/2706
f 2857/2810/1861 2931/2935/1859 2901/2936/2707
f 2763/2937/2708 2857/2810/1861 2901/2936/2707
f 2763/2937/2708 2764/2809/2616 2857/2810/1861
f 2901/2936/2707 2765/2938/2709 2763/2937/2708
f 2763/2937/2708 2765/2938/2709 2764/2809/2616
f 2765/2938/2709 2766/2811/2617 2764/2809/2616
f 2765/2938/2709 2910/2842/2631 2766/2811/2617
f 2910/2842/2631 2891/2833/2317 2766/2811/2617
f 2765/2938/2709 2786/2939/2710 2910/2842/2631
f 2786/2939/2710 2765/2938/2709 2901/2936/2707
f 2786/2939/2710 2901/2936/2707 2903/2934/2706
f 2784/2940/2711 2786/2939/2710 2903/2934/2706
f 2784/2940/2711 2903/2934/2706 2859/2931/2704
f 2869/2941/2712 2784/2940/2711 2859/2931/2704
f 2869/2941/2712 2859/2931/2704 2918/2930/2703
f 2888/2929/2702 2869/2941/2712 2918/2930/2703
f 2841/2942/1777 2869/2941/2712 2888/2929/2702
f 2841/2942/1777 2783/2845/2638 2869/2941/2712
f 2783/2845/2638 2784/2940/2711 2869/2941/2712
f 2783/2845/2638 2785/2844/2317 2784/2940/2711
f 2785/2844/2317 2786/2939/2710 2784/2940/2711
f 2785/2844/2317 2910/2842/2631 2786/2939/2710
f 2794/2846/2631 2783/2845/2638 2841/2942/1777
f 2793/2899/2677 2794/2846/2631 2841/2942/1777
f 2888/2929/2702 2881/2943/1777 2841/2942/1777
f 2793/2899/2677 2841/2942/1777 2881/2943/1777
f 2888/2929/2702 2930/2922/2623 2881/2943/1777
f 2875/2901/2679 2881/2943/1777 2930/2922/2623
f 2875/2901/2679 2793/2899/2677 2881/2943/1777
o skirt
v -13.581730 -9.585915 4.005222
v -12.496020 -8.466270 3.553972
v -13.076196 -8.225395 4.018792
v -13.001553 -9.843773 3.581115
v -12.567267 -7.227875 4.076471
v -13.127088 -8.015015 4.487005
v -12.567267 -7.034500 4.439505
v -12.509591 -8.184669 5.759322
v -11.769950 -7.546829 5.755928
v -10.694418 -8.215218 7.241993
v -10.490846 -9.372169 9.019848
v -11.518881 -8.839485 7.526995
v -9.459421 -8.771637 8.761989
v -12.272092 -6.905571 4.693966
v -10.955667 -7.899673 4.941644
v -9.869957 -8.574852 6.437890
v -6.259970 -9.558769 10.220911
v -4.974084 -9.178780 11.262517
v -7.003003 -9.168602 11.082694
v -5.320150 -8.795387 12.002157
v -7.885141 -9.199135 10.448233
v -8.675675 -9.161812 7.978241
v -7.162467 -9.643585 9.616985
v -13.262802 -9.640198 5.942537
v -13.714049 -9.473953 4.571824
v -9.018352 -9.809837 10.695910
v -11.481557 -7.302536 4.012005
v -8.675675 -9.161812 7.978241
v -9.869957 -8.574852 6.437890
v -9.734245 -11.855736 7.421812
v -10.955667 -7.899673 4.941644
v -11.434060 -11.584305 5.406464
v -4.974084 -9.178780 11.262517
v -6.259970 -9.558769 10.220911
v -6.948719 -11.730202 10.251451
v -11.987092 -7.468796 3.625221
v -7.162467 -9.643585 9.616985
v -13.181375 -10.943062 3.621828
v -11.956556 -15.279121 5.603250
v -12.655481 -15.051773 6.488782
v -11.230488 -16.846596 7.136814
v -12.859054 -12.802338 3.689683
v -11.847985 -16.483566 7.879849
v -12.563875 -13.715019 4.232540
v -12.767446 -14.603928 5.928963
v -13.435836 -12.581802 4.208790
v -13.181375 -13.463936 4.995931
v -6.609432 -18.875526 19.863379
v -6.036043 -20.012131 18.835346
v -6.422825 -20.504089 19.323917
v -13.944764 -11.048233 4.103611
v -14.026192 -16.639633 6.804317
v -17.551357 -16.741417 8.178420
v -16.971182 -16.279991 6.987528
v -16.930468 -16.073044 7.289493
v -9.184601 -17.043396 17.060890
v -9.669778 -18.665169 17.641066
v -9.415315 -17.345352 16.836962
v -6.748539 -17.301247 17.939638
v -7.267644 -18.899284 18.438383
v -5.062295 -19.557495 18.916773
v -6.083541 -20.945152 20.060163
v -8.078534 -20.015518 19.429096
v -10.076920 -19.364090 18.387489
v -10.894595 -20.283554 19.232309
v -9.001388 -21.108002 20.426592
v -7.081036 -22.183548 21.118732
v -7.830856 -19.381050 18.414633
v -7.023359 -18.546417 19.588560
v -7.464429 -18.828026 19.876953
v -8.221036 -19.876411 18.882847
v -4.739975 -17.118034 15.286428
v -7.766394 -16.592140 12.823225
v -7.410144 -18.030701 14.587501
v -11.206737 -24.127647 19.408739
v -9.062461 -21.087662 16.830175
v -13.568156 -23.136932 17.152496
v -11.681735 -20.263191 14.865719
v -8.736747 -17.369102 13.223578
v -9.551031 -17.067131 11.031801
v -10.395848 -16.639633 11.211623
v -9.581565 -20.677124 19.693737
v -9.221923 -20.188553 21.186588
v -9.798707 -20.154617 21.200155
v -7.047109 -19.157135 20.151770
v -10.311028 -20.894264 19.941414
v -13.032089 -15.180725 6.302174
v -12.964231 -14.227325 6.207179
v -13.551193 -14.688744 6.081638
v -13.717442 -19.791588 15.924285
v -11.501914 -18.790710 16.643570
v -11.552807 -19.303017 16.904818
v -13.839585 -19.303017 15.707144
v -10.009064 -19.204628 17.691959
v -8.862282 -15.608215 16.395893
v -5.737471 -16.242683 17.206781
v -9.208352 -15.937309 16.056608
v -16.004221 -15.150185 6.417533
v -15.322259 -15.916962 5.593073
v -14.491009 -13.979652 6.766994
v -11.858163 -17.481064 15.663032
v -14.538511 -17.776245 14.275364
v -8.869069 -20.985870 19.900702
v -12.892980 -18.929810 11.971617
v -12.587626 -15.842316 14.166791
v -9.995492 -15.536972 15.401785
v -11.695307 -14.688744 12.629829
v -12.326374 -20.344635 18.010885
v -11.081203 -20.432846 18.889633
v -4.549976 -20.890877 18.217848
v -5.659436 -21.932472 19.680168
v -4.556763 -20.582123 18.479095
v -5.601758 -22.220879 19.415525
v -6.090328 -21.328560 19.944809
v -7.016574 -22.536400 20.983017
v -4.977473 -19.940880 18.764097
v -5.547470 -15.414825 16.850531
v -4.207300 -14.332504 16.908211
v -3.949441 -16.134109 17.335709
v -15.271363 -16.361420 12.711262
v -15.780293 -20.052834 14.967502
v -16.526718 -18.488731 13.301619
v -15.308686 -22.417656 14.085361
v -16.072077 -19.716949 8.840025
v -8.516212 -21.525345 20.362127
v -6.992825 -18.359818 20.321411
v -12.984588 -12.907516 6.984135
v -13.717442 -17.586243 8.907882
v -15.705650 -17.915359 6.597355
v -17.100109 -19.214806 6.420927
v -15.726007 -15.523399 9.155560
v -13.690298 -14.807503 10.794303
v -14.148335 -14.257866 8.582170
v -11.915842 -13.708229 10.397340
v -12.272092 -13.131432 8.802702
v -6.093719 -22.424431 18.777672
v -6.433003 -23.320145 20.338379
v -5.601758 -22.220879 19.415525
v -7.260857 -23.954613 20.063557
v -4.549976 -20.890877 18.217848
v -4.970690 -20.850151 17.596954
v -18.426710 -20.571945 6.105388
v -17.503859 -18.824631 5.830571
v -18.749033 -20.076584 5.470927
v -15.722613 -17.131607 6.013783
v -14.189047 -15.750702 5.732178
v -17.096716 -17.168922 11.805372
v -17.934750 -21.603378 8.609311
v -18.888138 -18.366600 10.892696
v -18.582785 -17.694801 8.490561
v -17.890642 -17.012863 6.943422
v -6.388897 -19.469276 18.373920
v -7.101393 -19.160530 18.166954
v -18.986530 -17.989998 6.695744
v -9.517103 -14.709106 8.826451
v -7.871571 -20.415878 19.354452
v -16.438505 -16.615898 6.258068
v -17.385109 -17.372498 6.285210
v -18.423319 -18.305519 6.105388
v -7.155681 -20.724625 19.578377
v -12.441733 -10.050735 7.706813
v -11.596915 -10.437515 9.169133
v -10.378884 -10.848061 10.773946
v -14.036371 -10.892174 4.541287
v -12.597805 -12.714119 8.453238
v -11.634236 -12.975365 10.285378
v -13.245838 -11.272156 7.818776
v -13.795480 -11.027878 6.034139
v -13.462980 -12.418930 5.688072
v -12.597805 -11.587685 9.172526
v -11.607093 -11.930382 10.750196
v 0.630897 -17.111252 16.436604
v 2.686966 -16.873756 15.869999
v 0.522328 -18.078209 15.659642
v 3.328214 -17.905174 15.062505
v 2.897320 -16.453026 14.743573
v 2.924463 -17.162132 14.112504
v 6.110342 -14.247681 14.024292
v 5.248559 -12.951614 14.543394
v 6.385164 -13.779472 13.827507
v 6.605699 -14.200180 13.729114
v -3.186049 -19.638916 17.203390
v -4.190332 -19.068924 16.436604
v 2.843034 -16.442848 15.992142
v 2.303571 -14.997498 16.063391
v 3.467316 -15.255363 15.554463
v -0.736415 -16.945007 15.157500
v -1.822127 -18.777138 16.521423
v 0.522328 -18.078209 15.659642
v 2.245896 -11.882866 15.707144
v 3.857497 -12.334114 15.205000
v 2.737855 -13.406265 15.676611
v -3.016412 -14.556435 17.237318
v -2.253017 -15.448753 17.393387
v 1.194114 -13.002518 16.769106
v 4.556421 -14.505539 14.862327
v -4.061403 -14.787140 13.427150
v 5.808382 -14.363045 12.884298
v 6.524269 -14.329109 12.538226
v 5.587847 -13.396088 12.650189
v -7.617108 -14.990715 11.306623
v -4.305692 -11.397690 12.171796
v 2.914283 -13.776085 13.701970
v 3.199281 -15.682854 14.346609
v 4.281600 -14.746429 13.698577
v 1.007505 -16.249466 14.835183
v -2.303910 -16.833023 17.393387
v -0.722845 -15.852493 17.233925
v 0.820900 -16.544632 16.599464
v 3.199281 -15.682854 14.346609
v 4.281600 -14.746429 13.698577
v 5.808382 -14.363045 12.884298
v 6.524269 -14.329109 12.538226
v -2.232661 -14.257866 17.518923
v -3.203017 -13.955902 17.311958
v -3.074087 -17.820358 16.087141
v -5.048722 -18.271606 18.312851
v -3.739086 -17.647308 17.902313
v -0.417491 -11.747162 13.603579
v 0.943042 -16.001785 16.646963
v 2.924463 -17.162132 14.112504
v 3.328214 -17.905174 15.062505
v 2.897320 -16.453026 14.743573
v -2.212304 -17.060349 17.118567
v -2.303910 -17.891602 17.403563
v 0.691970 -16.714272 16.361965
v -3.728906 -17.878029 17.702139
v -3.603370 -18.770355 17.946424
v -4.807831 -18.444633 18.034636
v 0.423936 -12.463043 16.976068
v 1.031254 -13.983032 16.945532
v -3.186049 -19.638916 17.203390
v -1.822127 -18.777138 16.521423
v -0.088384 -13.993210 17.345888
v -0.427668 -12.978760 17.322138
v 6.690522 -11.258575 13.474649
v 7.783017 -11.200905 11.978404
v 7.871229 -13.022858 12.460191
v 8.604088 -12.720909 11.106444
v 7.352127 -13.185722 11.588230
v 6.833020 -10.376442 12.751975
v -2.208911 -8.232178 13.793577
v -2.622841 -8.903946 14.858932
v -3.752656 -8.408600 13.040366
v -4.234439 -9.131279 14.034469
v 1.370542 -8.598602 13.864825
v 1.282326 -8.330566 14.590894
v -0.241063 -8.523964 13.627329
v -0.604097 -8.252541 14.397506
v -3.409982 -8.805557 12.304117
v 3.718387 -10.929482 13.081083
v 8.237657 -12.154297 11.618763
v 8.556588 -12.178047 10.916446
v 8.454798 -11.835381 11.021625
v 8.091764 -12.982155 10.380377
v 8.020515 -12.398582 10.227697
v 2.859997 -8.557884 14.536612
v 2.615712 -9.168602 15.853035
v 0.827682 -8.863235 15.917502
v -1.024810 -8.842873 15.449284
v 4.390169 -8.931091 14.160007
v 4.139101 -9.633415 15.333928
v 5.733738 -9.528236 13.522152
v 5.519991 -10.342522 14.451788
v 5.462311 -9.728409 12.958937
v 4.111958 -9.080383 13.545902
v 7.328377 -13.365540 12.948760
v 7.172305 -13.650543 11.964834
v 6.463200 -10.549484 12.198939
v -3.409982 -8.805557 12.304117
v -1.866233 -8.608780 13.050543
v 7.956053 -12.055901 10.360021
v 7.358910 -11.295906 11.398229
v 2.819284 -8.778419 13.807151
v -7.657821 -12.575012 14.143041
v -8.889426 -14.332504 15.150717
v -9.042101 -13.660721 14.261790
v -6.836752 -13.280724 15.286428
v -6.616217 -14.441078 16.093927
v -5.272651 -13.983032 16.450178
v -4.136050 -13.562332 16.860712
v -5.968184 -12.591972 15.306788
v -2.989269 -12.296799 16.942137
v -2.069805 -12.032166 17.220352
v -2.344627 -13.063583 17.464636
v -2.792483 -11.815018 16.582500
v -3.986764 -12.578400 16.582500
v -3.454089 -12.035553 16.351786
v -4.892651 -11.733589 15.367859
v -4.169976 -11.207703 15.439107
v -2.012126 -10.729301 16.205894
v -1.113023 -11.024483 16.775892
v -2.938372 -10.498589 15.615537
v -2.666948 -9.596092 14.947145
v -1.231772 -9.518051 15.520537
v 3.789640 -10.417152 15.245715
v 6.351233 -11.913406 13.623935
v 5.218027 -11.021088 14.512861
v 2.028754 -10.634300 15.768217
v 0.617328 -10.770012 16.158394
v -4.173369 -10.583405 14.994645
v -4.024084 -9.792870 14.282146
v -5.408367 -11.024483 14.495898
v -5.628902 -10.155914 13.437330
v -6.673899 -11.770920 14.180365
v -7.104789 -10.851448 12.816438
v -8.573890 -11.798050 12.863941
v 0.664827 -9.650383 15.771606
v 2.364641 -9.945557 15.656249
v -9.815673 -12.934647 13.098045
v -9.316924 -14.478401 14.092148
v -10.171919 -13.966080 12.572153
v -10.799595 -14.040718 12.158226
v -0.912844 -10.172882 16.043034
v -10.375491 -13.341797 12.195545
v -9.981923 -12.368042 12.582333
v -8.746925 -11.241631 12.405904
v -7.301572 -9.962517 12.168402
v -5.673008 -9.528236 13.033580
v 6.870340 -12.320541 11.384659
v 8.091764 -12.982155 10.380377
v 8.020515 -12.398582 10.227697
v 7.352127 -13.185722 11.588230
v 7.956053 -12.055901 10.360021
v 7.358910 -11.295906 11.398229
v 6.463200 -10.549484 12.198939
v 7.172305 -13.650543 11.964834
v -0.241063 -8.523964 13.627329
v 5.462311 -9.728409 12.958937
v -1.866233 -8.608780 13.050543
v 4.111958 -9.080383 13.545902
v 2.819284 -8.778419 13.807151
v 1.370542 -8.598602 13.864825
v -21.493845 -27.730843 16.660532
v -22.016338 -27.578178 14.258396
v -20.981525 -26.149780 14.831790
v -18.850819 -23.852829 15.985359
v -17.778677 -24.670502 19.574984
v -19.712599 -26.010666 18.217848
v -16.771004 -22.543182 17.101603
v -31.261845 -40.287769 1.762552
v -30.020063 -39.802601 1.297733
v -30.776667 -39.371704 1.311302
v -20.241884 -27.802094 20.226412
v -20.896704 -29.593513 21.793905
v -21.164738 -28.399239 18.869276
v -22.508305 -30.689400 19.201773
v -30.990417 -42.119915 1.301126
v -15.641186 -23.727295 20.782839
v -14.935474 -25.471214 24.223185
v -16.787968 -25.830849 23.168011
v -14.463868 -21.606766 18.285707
v -18.654034 -26.709595 21.776945
v -19.430998 -28.735130 23.463186
v -17.717609 -27.988701 24.925503
v -19.997601 -30.669044 24.837290
v -18.494570 -30.166908 26.160500
v -19.227427 -32.284042 27.134247
v -17.626003 -32.039761 28.169060
v -16.798145 -29.902275 27.273352
v -11.644415 -35.941536 28.708529
v -10.881026 -36.752422 27.582098
v -12.248343 -38.143490 29.560127
v -11.356025 -39.178307 28.348885
v -12.292449 -33.284939 28.097815
v -12.699591 -32.915123 28.576204
v -11.956556 -31.228874 27.303888
v -11.366201 -28.911552 26.119787
v -11.081203 -29.071037 26.208000
v -11.641023 -31.184769 27.300493
v -13.395123 -23.170860 21.586945
v -15.814222 -27.472992 25.990858
v -19.644745 -19.533737 5.810215
v -20.180813 -19.211418 6.386997
v -21.249559 -23.208191 4.639680
v -21.816166 -22.108910 5.175753
v -22.979908 -22.668724 5.413251
v -20.017956 -21.532127 5.067180
v -20.889917 -20.982483 5.443784
v -21.381878 -20.643204 6.000213
v -20.615099 -32.504589 25.777105
v -19.878853 -34.346912 27.965492
v -13.296729 -27.242271 22.058546
v -8.553533 -25.657829 21.692122
v -11.074417 -27.998878 23.666754
v -22.029913 -34.672607 25.783894
v -22.318304 -35.653141 26.252106
v -21.334379 -37.400455 25.882284
v -23.546515 -36.894932 25.247824
v -22.152058 -36.355469 26.883175
v -22.481165 -37.899216 24.257111
v -24.720440 -37.777081 23.466576
v -23.868834 -39.134205 22.116228
v -26.427040 -39.636349 20.718376
v -25.066511 -40.518486 20.226412
v -28.001322 -41.543133 18.292494
v -26.634005 -42.472763 17.722496
v -18.341894 -34.438515 29.041025
v -20.387779 -36.236717 28.494778
v -18.847427 -36.874580 29.722986
v -17.201895 -21.447311 14.716430
v -18.735460 -22.689072 14.204114
v -10.517989 -28.019234 25.342823
v -10.545133 -27.544243 25.220680
v -11.987093 -41.499020 29.041025
v -12.838698 -40.342064 30.272627
v -12.502806 -43.806152 29.441380
v -13.405301 -42.401512 30.744232
v -18.654036 -38.031536 28.803526
v -19.855101 -37.339390 27.442993
v -17.127254 -39.181705 30.866375
v -14.959226 -39.429375 30.991909
v -16.109402 -40.871338 31.253159
v -17.296898 -40.179192 29.736555
v -16.550472 -41.797581 30.106379
v -23.393837 -29.803864 14.244827
v -33.351837 -44.315079 3.798253
v -32.055771 -41.261520 3.798253
v -30.854704 -41.268314 8.161458
v -30.345778 -39.700817 7.530385
v -32.900589 -45.383831 6.994319
v -32.133808 -44.857933 8.853595
v -33.680943 -48.040424 8.025742
v -34.488445 -47.331310 4.273252
v -34.983795 -48.837742 4.480218
v -34.915943 -49.699524 5.735571
v -32.215237 -41.309017 2.200229
v -33.446838 -44.237041 2.342724
v -32.215237 -45.010609 1.413088
v -34.502014 -47.070068 2.814330
v -33.212734 -47.792744 2.017010
v -33.141483 -52.746296 8.935025
v -34.342552 -51.209335 9.291272
v -32.211842 -50.910767 9.773055
v -33.070236 -48.881847 10.777341
v -35.733620 -53.095757 6.546459
v -11.488344 -23.452477 22.676046
v -10.636741 -22.397293 23.585329
v -11.189775 -23.978371 23.195152
v -9.327103 -23.791748 22.655689
v -9.791922 -22.526215 23.581936
v -9.625670 -23.259079 22.150154
v -10.704596 -21.393013 20.409624
v -35.591118 -53.971107 8.090208
v -34.196655 -55.107716 7.974848
v -34.912548 -56.729500 4.907719
v -36.327362 -55.789684 5.209683
v -34.637726 -56.156105 6.824673
v -36.110222 -55.226471 6.892529
v -36.201828 -53.533432 3.608258
v -36.276470 -55.592892 3.886473
v -34.719154 -53.859154 2.793974
v -35.095764 -56.620934 3.458977
v -28.347391 -44.790070 15.201608
v -30.003099 -44.189545 15.242325
v -31.489168 -46.371143 12.941975
v -30.013279 -47.256676 12.830009
v -34.115231 -50.703808 2.376654
v -35.468975 -49.913273 3.238437
v -9.472992 -19.873016 21.848192
v -10.351741 -21.932472 20.881231
v -9.812279 -20.568565 21.583553
v -9.639242 -22.241219 21.105158
v -8.902997 -22.020683 20.850695
v -9.238885 -20.599091 21.573372
v -11.054058 -23.031754 22.173904
v -10.304239 -22.906219 21.912655
v -10.171919 -22.183548 23.276579
v -10.124421 -21.939255 23.995861
v -10.507812 -24.334610 23.449614
v -10.249955 -22.739967 23.890682
v -9.757994 -24.273537 23.151047
v -12.132982 -21.572830 19.971947
v -30.342382 -41.186882 14.512861
v -30.735954 -41.030804 14.723216
v -29.450066 -42.157234 15.259290
v -30.383099 -40.362427 15.337322
v -29.819883 -40.270805 15.211786
v -29.036139 -41.587234 15.873392
v -29.847027 -42.713650 14.940359
v -30.702028 -43.911331 13.708755
v -29.005604 -41.566872 16.161787
v -28.086142 -40.318314 17.088034
v -27.875788 -40.046875 17.858208
v -29.090422 -38.917068 16.470535
v -29.443279 -38.777966 16.860712
v -31.092203 -42.635612 13.172689
v -27.343109 -39.354736 18.153385
v -26.430435 -38.330093 20.128019
v -26.620432 -38.465809 19.215347
v -26.264185 -38.618500 20.202663
v -27.672215 -40.318314 17.966780
v -24.693298 -36.928864 22.703190
v -24.265799 -36.698139 23.541224
v -28.815603 -41.824730 16.266964
v -29.640066 -42.934193 15.042150
v -30.501848 -44.172577 13.813938
v -31.577381 -45.268463 12.412688
v -31.397562 -45.495785 12.483942
v -32.340771 -46.951317 11.164124
v -32.602020 -46.866501 11.096266
v -31.970951 -44.318470 12.025908
v -31.529881 -42.649189 13.416975
v -32.323811 -44.335434 12.209120
v -32.015060 -42.326870 13.223579
v -32.785236 -43.982578 12.005552
v -33.093987 -46.075962 11.011446
v -32.089703 -43.378651 10.129305
v -32.378094 -43.477043 10.621269
v -32.730949 -44.654362 9.457524
v -31.275415 -40.776337 14.407682
v -29.436495 -40.101170 11.537333
v -30.148991 -39.524384 12.144656
v -30.121849 -40.124908 12.025908
v -28.842747 -38.934021 11.679837
v -37.372364 -54.323967 6.251285
v -37.616646 -55.240032 5.511643
v -37.827003 -54.293438 5.409858
v -37.257004 -55.189148 6.169855
v -31.329702 -43.443119 9.647522
v -33.178806 -47.701134 9.128417
v -33.711479 -47.487396 9.637342
v -23.739906 -34.363869 25.427641
v -24.245443 -34.866005 24.684610
v -24.401512 -34.048325 24.616755
v -25.114010 -34.645470 23.524260
v -25.331152 -33.983860 23.514080
v -25.935078 -34.828686 22.394438
v -26.216684 -34.200996 22.357121
v -26.667931 -35.320652 21.295156
v -27.030968 -34.689575 21.210337
v -20.299564 -22.899429 5.494681
v -22.783125 -26.536575 4.551467
v -22.430269 -24.996216 4.198610
v -23.590620 -26.960678 3.737183
v -24.608477 -29.559593 3.805039
v -24.825619 -29.016731 3.238437
v -26.101328 -32.297611 3.129869
v -25.901148 -30.937088 2.780404
v -26.881681 -32.626736 2.346117
v -28.035250 -36.151901 2.166299
v -27.709538 -34.265472 1.952547
v -28.846138 -36.765991 1.368982
v -28.951317 -35.676903 1.748979
v -29.728279 -37.257957 1.453801
v -27.780787 -35.398685 20.036413
v -27.366859 -35.995831 20.178913
v -9.320318 -27.442459 24.196041
v -9.408530 -27.985313 24.009436
v -11.301741 -33.895653 26.849243
v -11.858166 -33.322258 28.091028
v -11.091383 -31.849762 26.218176
v -10.925133 -35.276539 27.008709
v -11.522273 -34.557255 28.138529
v -9.978529 -28.684242 24.525145
v -10.633347 -29.946388 25.325859
v -11.301741 -33.895653 26.849243
v -11.091383 -31.849762 26.218176
v -12.441734 -31.605465 25.770323
v -12.770841 -34.027973 26.733889
v -11.366202 -36.670994 27.107101
v -10.925133 -35.276539 27.008709
v -10.881026 -36.752422 27.582098
v -11.641024 -35.178150 28.202991
v -9.978529 -28.684242 24.525145
v -9.408530 -27.985313 24.009436
v -10.633347 -29.946388 25.325859
v -26.515255 -33.522438 20.426592
v -26.352398 -32.840473 17.919281
v -25.605972 -32.202621 19.157669
v -27.275251 -34.245121 19.211954
v -24.750977 -31.330650 17.909100
v -7.281215 -24.480499 21.349447
v -25.392223 -31.924408 16.765713
v -23.899372 -31.422260 15.951428
v -23.074909 -30.726715 17.410351
v -8.081928 -25.583191 22.353725
v -8.835137 -26.831741 23.337652
v -11.939593 -38.703327 27.890850
v -11.356025 -39.178307 28.348885
v -12.499414 -40.929020 28.616917
v -11.987093 -41.499020 29.041025
v -13.008338 -43.022408 29.149597
v -12.502806 -43.806152 29.441380
v -13.571552 -44.481327 29.468523
v -13.184768 -45.394001 29.614416
v -14.060122 -45.672211 29.716200
v -14.372263 -44.647572 29.570305
v -15.016906 -45.122574 29.855307
v -15.854939 -44.304897 30.021557
v -15.542796 -42.876507 29.678879
v -16.051722 -41.275097 29.539772
v -16.550472 -41.797581 30.106379
v -16.737078 -39.643135 29.149597
v -17.296898 -40.179192 29.736555
v -18.033146 -37.973854 28.318350
v -18.654036 -38.031536 28.803526
v -24.245443 -31.113510 19.103382
v -19.743139 -37.020466 26.669426
v -19.855101 -37.339390 27.442993
v -26.138649 -32.806553 15.720717
v -27.095430 -33.780300 16.799643
v -25.046154 -32.786190 14.485718
v -24.788296 -31.897259 20.531771
v -25.592400 -33.040646 21.580158
v -23.895981 -31.164406 20.277306
v -24.035086 -31.907440 22.258724
v -23.275087 -31.286545 22.357121
v -24.893476 -33.335827 23.178185
v -27.997929 -35.120480 18.021063
v -28.900425 -36.531891 17.288208
v -29.575600 -37.610821 16.124464
v -28.612034 -36.223148 14.858932
v -28.659533 -36.789742 13.315187
v -29.399174 -37.604027 13.976792
v -27.814714 -35.347797 14.037862
v -27.848642 -34.930470 15.788573
v -26.973289 -34.004223 14.838576
v -30.264347 -38.815285 14.991251
v -28.506855 -35.853321 17.298388
v -29.870777 -38.323307 16.670713
v -28.737570 -37.766899 17.949814
v -29.175245 -37.251183 17.783566
v -30.562920 -39.470100 15.551070
v -28.479710 -36.267254 18.909990
v -28.052216 -36.827061 19.052488
v -26.969896 -35.982254 19.999090
v -26.335434 -35.327435 21.135695
v -27.665430 -36.803310 18.876059
v -25.636507 -34.842255 22.238369
v -24.856153 -34.699757 23.296940
v -24.092762 -34.961006 24.555681
v -31.177025 -43.300617 10.024126
v -37.569149 -54.446114 4.558254
v -37.379147 -55.352005 4.819506
v -36.327362 -55.789684 5.209683
v -37.219685 -53.231472 4.297007
v -37.033073 -52.936298 6.122355
v -35.825226 -49.926842 5.433607
v -36.066116 -49.808098 4.744863
v -35.943974 -50.038807 3.984865
v -37.443615 -52.915939 5.209683
v -34.912548 -56.729500 4.907719
v -32.327202 -47.687565 11.781624
v -31.292379 -49.312740 10.953771
v -32.788628 -47.830063 10.756985
v -23.288658 -36.117970 25.139250
v -22.715269 -35.419037 26.391211
v -23.607586 -35.802425 25.359785
v -24.499907 -36.531891 23.717651
v -27.733288 -34.754040 19.707306
v -28.455963 -35.615822 18.536779
v -27.461859 -34.200996 19.317129
v -28.191320 -35.076359 18.102491
v -26.963110 -34.038155 20.915159
v -26.698467 -33.478336 20.548733
v -26.118292 -33.566551 22.123014
v -25.870615 -32.966007 21.804087
v -25.093653 -33.356178 23.344439
v -29.039530 -36.399570 17.583387
v -24.279369 -33.464767 24.355503
v -29.836853 -37.668491 16.304281
v -28.700247 -35.782074 17.457853
v -31.227917 -40.219906 14.017506
v -30.966667 -40.131691 13.932682
v -30.542562 -38.906887 15.150717
v -31.848810 -41.475277 13.030186
v -31.618097 -41.468483 12.846974
v -32.103271 -42.510086 12.063229
v -32.249165 -42.384552 12.344832
v -32.819164 -43.748466 11.401623
v -32.564697 -43.711147 11.259125
v -33.138092 -45.305782 10.203948
v -33.419697 -45.458466 10.305735
v -33.531662 -45.947037 10.648412
v -33.619877 -46.323643 9.874845
v -31.248274 -41.078304 12.134476
v -30.864883 -40.359032 12.453404
v -22.392948 -34.625107 26.001036
v -22.090986 -34.109394 25.139250
v -23.329370 -33.810837 25.369965
v -24.123299 -33.424053 24.131575
v -23.393837 -33.675121 24.908539
v -23.804373 -35.344402 25.271572
v -23.974014 -35.595459 24.179077
v -24.384548 -36.182434 23.453007
v -24.890081 -36.650639 22.635332
v -24.320082 -35.941536 23.341043
v -24.734011 -36.440289 22.340157
v -24.557585 -36.121365 23.693899
v -33.345055 -46.727390 10.841804
v -32.931126 -47.039528 11.323586
v -33.226303 -47.538288 11.038589
v -33.738621 -47.412746 10.166625
v -22.555803 -31.008339 19.656418
v -21.758486 -31.351013 22.499617
v -21.534557 -31.357796 23.015329
v -28.907211 -37.661697 9.291272
v -27.271862 -35.076359 10.509306
v -27.774000 -34.492790 7.723780
v -29.205780 -36.474209 6.295391
v -26.617039 -35.164585 13.267685
v -26.094543 -33.495300 11.764655
v -25.721331 -32.073681 10.030916
v -26.260792 -32.457077 9.094486
v -29.541674 -37.369923 6.502352
v -24.815439 -31.700485 12.880904
v -31.713097 -43.276875 10.305735
v -29.728279 -42.445614 5.362358
v -29.355066 -43.429543 8.093601
v -28.337214 -39.931522 6.573606
v -27.543287 -40.871338 9.918951
v -14.925297 -30.058342 24.304611
v -18.453859 -32.609768 23.568367
v -16.255293 -33.474937 25.811035
v -13.693696 -37.899216 30.181021
v -15.379939 -37.417423 30.530483
v -13.364590 -35.544571 29.417629
v -15.125476 -35.120480 29.848520
v -13.015124 -33.393517 28.783167
v -14.616549 -32.674236 29.017275
v -16.947435 -37.064571 30.401554
v -14.735295 -28.826729 27.249601
v -15.410475 -30.580833 28.107992
v -14.155120 -30.577446 28.094421
v -30.203278 -38.319920 5.735571
v -15.963510 -32.348499 28.898525
v -16.567434 -34.821892 29.770485
v -12.255126 -29.929420 27.680494
v -12.920126 -32.854053 28.969774
v -8.848713 -26.597641 23.619255
v -9.442458 -26.299065 24.185863
v -10.650312 -26.835144 25.543001
v -9.544244 -25.841034 24.365683
v -11.559593 -27.995483 26.584602
v -25.928293 -37.661697 20.297667
v -7.952997 -23.360863 22.153547
v -7.891928 -23.754425 22.021229
v -8.706212 -24.507645 23.161221
v -8.651928 -24.948715 23.028900
v -6.575504 -23.150513 20.708200
v -7.386395 -24.276924 21.648012
v -8.207464 -25.301575 22.655689
v -6.433003 -23.320145 20.338379
v -7.281215 -24.480499 21.349447
v -22.925625 -31.347614 23.106939
v -8.081928 -25.583191 22.353725
v -8.835137 -26.831741 23.337652
v -21.653305 -26.275314 14.434826
v -22.063845 -26.702827 14.288933
v -22.236876 -26.316032 13.481437
v -22.379377 -27.489960 12.640013
v -21.853483 -25.851212 13.654472
v -20.855989 -25.260849 13.298223
v -21.571878 -25.121758 12.867334
v -21.157951 -24.721397 12.809651
v -19.356352 -22.390511 13.756257
v -19.563316 -21.847649 12.802868
v -18.765995 -22.139458 13.868220
v -20.506525 -23.815521 13.359293
v -20.757597 -24.195503 12.969116
v -20.764383 -23.167480 12.293942
v -22.640625 -26.567108 12.361797
v -22.800091 -27.113350 12.097157
v -22.888304 -26.034431 11.398229
v -21.917948 -24.646736 11.798586
v -19.641350 -23.774788 15.439107
v -19.773672 -23.218361 14.543394
v -20.011171 -24.168373 15.272859
v -20.177420 -25.152283 15.310179
v -20.207956 -23.659424 14.377150
v -20.347063 -24.565315 13.515366
v -31.811489 -40.470985 2.145943
v -31.438274 -40.046875 4.069685
v -31.757202 -39.592236 3.889866
v -30.583275 -37.804214 5.596463
v -29.507742 -36.046719 6.115568
v -29.728279 -37.030647 6.251285
v -24.781511 -30.859055 10.977518
v -25.290436 -30.540115 10.526269
v -25.826509 -31.680122 9.871451
v -28.109890 -34.014393 7.384492
v -26.610252 -31.971909 8.761989
v -13.819227 -30.434944 28.352276
v -14.396011 -28.653694 27.602455
v -14.290834 -27.116737 26.228355
v -13.537621 -25.579788 24.847471
v -13.161016 -24.449951 23.432650
v -13.093160 -22.923180 21.956762
v -12.892982 -24.168373 23.598900
v -13.289945 -25.349068 25.047644
v -13.978691 -26.882645 26.476028
v -11.966734 -21.450706 20.426592
v -30.193100 -39.076523 13.115008
v -29.504353 -38.296169 12.667156
v -15.597078 -20.487122 15.174467
v -17.541180 -21.070686 14.305896
v -24.102942 -28.921730 11.466084
v -23.627945 -29.301727 11.964834
v -30.352562 -36.311356 5.131643
v -29.650242 -34.866005 5.596463
v -27.058109 -30.747078 7.689850
v -26.026686 -29.484947 8.697523
v -28.686676 -33.264576 6.353070
v -23.824728 -23.981758 5.046820
v -24.062227 -24.331215 6.651638
v -24.951153 -25.895325 4.537898
v -25.246330 -26.278702 6.040926
v -31.570597 -37.882252 3.272363
v -31.882738 -38.927238 1.850765
v -32.089703 -39.822952 2.037366
v -26.474539 -28.446739 5.325038
v -26.159006 -28.076912 3.930579
v -28.571318 -32.185658 4.168074
v -28.293104 -31.887089 2.987370
v -27.631500 -30.512978 4.700749
v -27.309181 -30.163521 3.384326
v -26.766323 -28.935303 7.068958
v -27.899534 -30.937088 6.291997
v -24.347225 -24.874077 8.527884
v -25.544899 -26.804596 7.903599
v -30.820774 -36.762604 1.945764
v -30.030245 -35.157799 2.254511
v -30.437384 -35.639572 3.119689
v -30.827559 -36.270649 4.069685
v -10.694418 -23.418533 22.686228
v -9.914062 -22.244614 21.508905
v -11.166022 -24.718002 23.965330
v -11.926021 -25.919067 25.305504
v -12.719946 -27.249054 26.513353
v -13.334052 -28.986198 27.571922
v -28.303284 -37.719398 17.763208
v -15.854939 -44.304897 30.021557
v -15.454582 -43.368469 31.256550
v -14.161907 -44.111515 31.002087
v -29.195604 -33.529224 2.627726
v -29.521317 -33.902439 3.625221
v -15.016906 -45.122574 29.855307
v -14.060122 -45.672211 29.716200
v -13.184768 -45.394001 29.614416
v -22.864553 -22.549965 7.252174
v -21.816166 -21.328560 9.627166
v -23.061340 -22.994446 9.114843
v -21.327591 -20.449814 7.238603
v -24.706869 -27.754593 9.823951
v -28.924175 -32.711552 5.562536
v -20.489563 -19.808556 10.156448
v -20.085814 -19.072319 7.974848
v -18.270641 -19.598213 12.511083
v -29.823278 -34.336731 4.900932
v -33.141483 -52.746296 8.935025
v -32.211842 -50.910767 9.773055
v -32.425594 -51.602909 7.465921
v -31.506132 -48.902210 8.422706
v -26.545790 -34.404583 4.785576
v -30.637562 -42.598297 2.044153
v -29.446674 -39.585453 1.976297
v -34.637726 -56.156105 6.824673
v -33.657200 -54.615757 6.149498
v -33.932014 -54.829506 4.368256
v -31.533276 -44.762936 2.149336
v -34.196655 -55.107716 7.974848
v -32.720772 -47.867386 2.617549
v -33.501125 -50.880234 3.357182
v -20.041706 -31.110123 18.326422
v -20.744028 -33.522438 20.986408
v -17.307074 -29.440842 21.410517
v -23.247944 -37.722794 20.552126
v -23.705978 -36.989922 16.477318
v -24.581331 -39.178307 18.428205
v -22.549017 -35.229050 18.543562
v -30.013279 -47.256676 12.830009
v -28.086142 -43.656864 13.247329
v -29.558638 -45.763824 11.062339
v -22.596519 -27.710495 6.627888
v -24.489725 -30.781021 5.789858
v -28.347391 -44.790070 15.201608
v -21.602415 -36.294392 22.930511
v -19.553141 -35.452969 25.247824
v -20.007778 -24.083557 7.815383
v -19.454746 -26.170143 12.120907
v -22.070625 -29.803864 10.655194
v -19.556530 -28.572273 15.686787
v -22.094376 -32.887974 15.998929
v -15.552972 -26.071747 19.401953
v -17.290110 -26.068352 16.684282
v -23.614370 -35.096710 13.685003
v -24.133478 -32.809952 9.467700
v -26.179361 -36.090832 8.239490
v -25.707756 -38.316525 12.137869
v -25.066511 -40.518486 20.226412
v -23.868834 -39.134205 22.116228
v -21.334379 -37.400455 25.882284
v -30.603632 -47.365250 9.596630
v -30.668098 -44.993645 5.515037
v -31.292379 -49.312740 10.953771
v -26.301506 -41.258133 15.805537
v -22.481165 -37.899216 24.257111
v -26.634005 -42.472763 17.722496
v -17.385109 -23.958008 13.148938
v -14.304405 -42.947765 29.424416
v -14.351907 -40.929020 29.027454
v -13.564768 -36.019581 27.263174
v -14.599585 -38.309738 28.386204
v -17.279934 -36.297787 27.426029
v -12.496020 -8.466270 -3.554042
v -13.581730 -9.585915 -4.005292
v -13.076196 -8.225395 -4.018861
v -13.001553 -9.843773 -3.581185
v -13.127088 -8.015015 -4.487071
v -12.567267 -7.227875 -4.076538
v -12.567267 -7.034500 -4.439571
v -12.509591 -8.184669 -5.759387
v -11.769950 -7.546829 -5.756002
v -10.694418 -8.215218 -7.242063
v -10.490846 -9.372169 -9.019910
v -9.459421 -8.771637 -8.762059
v -11.518881 -8.839485 -7.527061
v -10.955667 -7.899673 -4.941715
v -12.272092 -6.905571 -4.694036
v -9.869957 -8.574852 -6.437955
v -5.320150 -8.795387 -12.002219
v -4.974084 -9.178780 -11.262579
v -7.003003 -9.168602 -11.082761
v -6.259970 -9.558769 -10.220982
v -7.885141 -9.199135 -10.448298
v -8.675675 -9.161812 -7.978312
v -7.162467 -9.643585 -9.617052
v -13.262802 -9.640198 -5.942599
v -13.714049 -9.473953 -4.571890
v -9.018352 -9.809837 -10.695977
v -11.481557 -7.302536 -4.012075
v -9.869957 -8.574852 -6.437955
v -8.675675 -9.161812 -7.978312
v -9.734245 -11.855736 -7.421882
v -10.955667 -7.899673 -4.941715
v -11.434060 -11.584305 -5.406530
v -6.259970 -9.558769 -10.220982
v -4.974084 -9.178780 -11.262579
v -6.948719 -11.730202 -10.251513
v -11.987092 -7.468796 -3.625291
v -7.162467 -9.643585 -9.617052
v -13.181375 -10.943062 -3.621897
v -11.956556 -15.279121 -5.603315
v -11.230488 -16.846596 -7.136884
v -12.655481 -15.051773 -6.488849
v -12.859054 -12.802338 -3.689754
v -11.847985 -16.483566 -7.879911
v -12.767446 -14.603928 -5.929034
v -12.563875 -13.715019 -4.232606
v -13.435836 -12.581802 -4.208860
v -13.181375 -13.463936 -4.996001
v -6.036043 -20.012131 -18.835417
v -6.609432 -18.875526 -19.863449
v -6.422825 -20.504089 -19.323986
v -13.944764 -11.048233 -4.103681
v -13.717443 -17.586243 -8.907951
v -14.026193 -16.639633 -6.804387
v -16.971184 -16.279991 -6.987598
v -17.551359 -16.741417 -8.178482
v -16.930468 -16.073044 -7.289563
v -9.669778 -18.665169 -17.641130
v -9.184601 -17.043396 -17.060955
v -9.415315 -17.345352 -16.837032
v -7.267644 -18.899284 -18.438452
v -6.748539 -17.301247 -17.939703
v -5.062295 -19.557495 -18.916842
v -6.083541 -20.945152 -20.060234
v -8.078534 -20.015518 -19.429165
v -10.076920 -19.364090 -18.387560
v -9.001388 -21.108002 -20.426657
v -10.894595 -20.283554 -19.232380
v -7.081036 -22.183548 -21.118797
v -7.023359 -18.546417 -19.588623
v -7.830856 -19.381050 -18.414707
v -7.464429 -18.828026 -19.877014
v -8.221036 -19.876411 -18.882915
v -4.739975 -17.118034 -15.286503
v -7.410144 -18.030701 -14.587574
v -7.766394 -16.592140 -12.823295
v -11.681736 -20.263191 -14.865786
v -9.062461 -21.087662 -16.830246
v -13.568156 -23.136932 -17.152563
v -11.206737 -24.127647 -19.408804
v -8.736747 -17.369102 -13.223652
v -10.395848 -16.639633 -11.211685
v -9.551031 -17.067131 -11.031875
v -9.221923 -20.188553 -21.186657
v -9.581565 -20.677124 -19.693804
v -9.798707 -20.154617 -21.200224
v -7.047109 -19.157135 -20.151840
v -10.311028 -20.894264 -19.941481
v -12.964231 -14.227325 -6.207244
v -13.032089 -15.180725 -6.302244
v -13.551193 -14.688744 -6.078311
v -13.717443 -19.791588 -15.924352
v -11.501915 -18.790710 -16.643641
v -13.839586 -19.303017 -15.707213
v -11.552807 -19.303017 -16.904884
v -10.009064 -19.204628 -17.692024
v -8.862283 -15.608215 -16.395962
v -5.737471 -16.242683 -17.206848
v -9.208352 -15.937309 -16.056669
v -15.322260 -15.916962 -5.593135
v -14.491011 -13.979652 -6.767067
v -11.858165 -17.481064 -15.663098
v -8.869069 -20.985870 -19.900768
v -12.892982 -18.929810 -11.971686
v -12.587627 -15.842316 -14.166857
v -9.995493 -15.536972 -15.401855
v -11.695307 -14.688744 -12.629895
v -12.326374 -20.344635 -18.010958
v -11.081203 -20.432846 -18.889704
v -14.538513 -17.776245 -14.275430
v -4.549976 -20.890877 -18.217913
v -5.659436 -21.932472 -19.680237
v -5.601758 -22.220879 -19.415592
v -4.556763 -20.582123 -18.479166
v -6.090328 -21.328560 -19.944876
v -7.016574 -22.536400 -20.983086
v -4.977473 -19.940880 -18.764172
v -4.207300 -14.332504 -16.908278
v -5.547470 -15.414825 -16.850597
v -3.949441 -16.134109 -17.335773
v -15.271364 -16.361420 -12.711329
v -15.780293 -20.052834 -14.967571
v -16.526720 -18.488731 -13.301684
v -15.308688 -22.417656 -14.085432
v -16.072079 -19.716949 -8.840092
v -8.516212 -21.525345 -20.362190
v -6.992825 -18.359818 -20.321478
v -12.984588 -12.907516 -6.984205
v -17.100111 -19.214806 -6.420989
v -15.705651 -17.915359 -6.597422
v -15.726008 -15.523399 -9.155622
v -16.004223 -15.150185 -6.417603
v -13.690300 -14.807503 -10.794369
v -14.148335 -14.257866 -8.582233
v -11.915842 -13.708229 -10.397407
v -12.272092 -13.131432 -8.802772
v -6.433003 -23.320145 -20.338446
v -6.093719 -22.424431 -18.777737
v -5.601758 -22.220879 -19.415592
v -7.260857 -23.954613 -20.063627
v -4.549976 -20.890877 -18.217913
v -4.970690 -20.850151 -17.593634
v -17.503859 -18.824631 -5.830641
v -18.426712 -20.571945 -6.105459
v -18.749033 -20.076584 -5.470996
v -15.722615 -17.131607 -6.013853
v -14.189048 -15.750702 -5.732248
v -17.934752 -21.603378 -8.609380
v -17.096718 -17.168922 -11.805442
v -18.888140 -18.366600 -10.892762
v -18.582785 -17.694801 -8.490627
v -17.890642 -17.012863 -6.943492
v -6.388897 -19.469276 -18.373987
v -7.101393 -19.160530 -18.167021
v -18.986530 -17.989998 -6.695814
v -9.517103 -14.709106 -8.826526
v -7.871571 -20.415878 -19.354519
v -16.438505 -16.615898 -6.258137
v -18.423321 -18.305519 -6.105459
v -17.385111 -17.372498 -6.285277
v -7.155681 -20.724625 -19.578444
v -12.441733 -10.050735 -7.706879
v -11.596915 -10.437515 -9.169195
v -10.378884 -10.848061 -10.774009
v -14.036371 -10.892174 -4.541358
v -12.597805 -12.714119 -8.453308
v -11.634236 -12.975365 -10.285448
v -13.245838 -11.272156 -7.818845
v -13.795480 -11.027878 -6.034205
v -13.462980 -12.418930 -5.688135
v -12.597805 -11.587685 -9.172588
v -11.607093 -11.930382 -10.750263
v 0.630897 -17.111252 -16.436676
v 0.522328 -18.078209 -15.659704
v 2.686966 -16.873756 -15.870065
v 3.328214 -17.905174 -15.062571
v 2.897320 -16.453026 -14.743639
v 5.248559 -12.951614 -14.543468
v 6.110342 -14.247681 -14.024359
v 6.385164 -13.779472 -13.827573
v 6.605699 -14.200180 -13.729180
v -3.186049 -19.638916 -17.203455
v 2.303571 -14.997498 -16.063456
v 2.843034 -16.442848 -15.992211
v 3.467316 -15.255363 -15.554533
v -1.822127 -18.777138 -16.521494
v -0.736415 -16.945007 -15.157570
v 0.522328 -18.078209 -15.659704
v 3.857497 -12.334114 -15.205070
v 2.245896 -11.882866 -15.707213
v 2.737855 -13.406265 -15.676673
v -3.016412 -14.556435 -17.237381
v -2.253017 -15.448753 -17.393454
v -4.190332 -19.068924 -16.436676
v 1.194114 -13.002518 -16.769173
v 4.556421 -14.505539 -14.862392
v -4.061403 -14.787140 -13.427216
v 6.524269 -14.329109 -12.538288
v 5.808382 -14.363045 -12.884360
v 5.587847 -13.396088 -12.650255
v -7.617108 -14.990715 -11.306685
v -4.305692 -11.397690 -12.171865
v 3.199281 -15.682854 -14.346675
v 2.914283 -13.776085 -13.702042
v 4.281600 -14.746429 -13.698648
v 1.007505 -16.249466 -14.835253
v 0.943042 -16.001785 -16.647034
v -0.722845 -15.852493 -17.233988
v 0.820900 -16.544632 -16.599535
v 3.199281 -15.682854 -14.346675
v 4.281600 -14.746429 -13.698648
v 5.808382 -14.363045 -12.884360
v 6.524269 -14.329109 -12.538288
v -2.232661 -14.257866 -17.518993
v -3.203017 -13.955902 -17.312027
v -3.074087 -17.820358 -16.087210
v -5.048722 -18.271606 -18.312922
v -3.739086 -17.647308 -17.902384
v -0.417491 -11.747162 -13.600255
v 2.924463 -17.162132 -14.112570
v 2.924463 -17.162132 -14.112570
v 3.328214 -17.905174 -15.062571
v -2.303910 -16.833023 -17.393454
v 2.897320 -16.453026 -14.743639
v -2.212304 -17.060349 -17.115242
v -2.303910 -17.891602 -17.403635
v 0.691970 -16.714272 -16.362028
v -3.728906 -17.878029 -17.702206
v -3.603370 -18.770355 -17.946489
v -4.807831 -18.444633 -18.034702
v 0.423936 -12.463043 -16.976130
v 1.031254 -13.983032 -16.945597
v -3.186049 -19.638916 -17.203455
v -1.822127 -18.777138 -16.521494
v -0.088384 -13.993210 -17.345955
v -0.427668 -12.978760 -17.322201
v 6.690522 -11.258575 -13.474716
v 7.783017 -11.200905 -11.978474
v 6.833020 -10.376442 -12.752041
v 8.604088 -12.720909 -11.106514
v 7.352127 -13.185722 -11.588297
v 8.091764 -12.982155 -10.380440
v 7.871229 -13.022858 -12.460257
v -2.208911 -8.232178 -13.793647
v -3.752656 -8.408600 -13.040432
v -2.622841 -8.903946 -14.858999
v -4.234439 -9.131279 -14.034538
v 1.370542 -8.598602 -13.864893
v -0.241063 -8.523964 -13.627395
v 1.282326 -8.330566 -14.590968
v -0.604097 -8.252541 -14.397576
v -3.409982 -8.805557 -12.304193
v 3.718387 -10.929482 -13.081145
v 8.237657 -12.154297 -11.618830
v 8.454798 -11.835381 -11.021694
v 8.556588 -12.178047 -10.916509
v 8.020515 -12.398582 -10.227768
v 2.859997 -8.557884 -14.536681
v 2.615712 -9.168602 -15.853106
v 0.827682 -8.863235 -15.917564
v -1.024810 -8.842873 -15.449354
v 4.390169 -8.931091 -14.160070
v 4.139101 -9.633415 -15.334002
v 5.733738 -9.528236 -13.522215
v 5.519991 -10.342522 -14.451862
v 5.462311 -9.728409 -12.959006
v 4.111958 -9.080383 -13.545968
v 7.328377 -13.365540 -12.948826
v 7.172305 -13.650543 -11.964900
v 6.463200 -10.549484 -12.199005
v -3.409982 -8.805557 -12.304193
v -1.866233 -8.608780 -13.050612
v 7.956053 -12.055901 -10.360086
v 7.358910 -11.295906 -11.398298
v 2.819284 -8.778419 -13.807213
v -8.889426 -14.332504 -15.150783
v -7.657821 -12.575012 -14.143110
v -9.042101 -13.660721 -14.261857
v -6.836752 -13.280724 -15.286503
v -6.616217 -14.441078 -16.093990
v -5.272651 -13.983032 -16.450239
v -4.136050 -13.562332 -16.860777
v -5.968184 -12.591972 -15.306855
v -2.069805 -12.032166 -17.220423
v -2.989269 -12.296799 -16.942204
v -2.344627 -13.063583 -17.464706
v -2.792483 -11.815018 -16.582567
v -3.986764 -12.578400 -16.582567
v -3.454089 -12.035553 -16.351856
v -4.892651 -11.733589 -15.367929
v -4.169976 -11.207703 -15.439175
v -2.012126 -10.729301 -16.205963
v -1.113023 -11.024483 -16.775959
v -2.938372 -10.498589 -15.615600
v -2.666948 -9.596092 -14.947211
v -1.231772 -9.518051 -15.520599
v 3.789640 -10.417152 -15.245783
v 6.351233 -11.913406 -13.624008
v 5.218027 -11.021088 -14.512927
v 2.028754 -10.634300 -15.768287
v 0.617328 -10.770012 -16.158464
v -4.173369 -10.583405 -14.994711
v -4.024084 -9.792870 -14.282217
v -5.408367 -11.024483 -14.495969
v -5.628902 -10.155914 -13.437396
v -6.673899 -11.770920 -14.180430
v -7.104789 -10.851448 -12.816507
v -8.573890 -11.798050 -12.864007
v 0.664827 -9.650383 -15.771680
v 2.364641 -9.945557 -15.656311
v -9.316924 -14.478401 -14.092218
v -9.815673 -12.934647 -13.098112
v -10.171919 -13.966080 -12.572223
v -10.799595 -14.040718 -12.158292
v -0.912844 -10.172882 -16.043104
v -10.375491 -13.341797 -12.195611
v -9.981923 -12.368042 -12.582396
v -8.746925 -11.241631 -12.405971
v -7.301572 -9.962517 -12.168472
v -5.673008 -9.528236 -13.033646
v 8.091764 -12.982155 -10.380440
v 6.870340 -12.320541 -11.384725
v 8.020515 -12.398582 -10.227768
v 7.352127 -13.185722 -11.588297
v 7.956053 -12.055901 -10.360086
v 7.358910 -11.295906 -11.398298
v 6.463200 -10.549484 -12.199005
v 7.172305 -13.650543 -11.964900
v -0.241063 -8.523964 -13.627395
v 5.462311 -9.728409 -12.959006
v -1.866233 -8.608780 -13.050612
v 4.111958 -9.080383 -13.545968
v 2.819284 -8.778419 -13.807213
v 1.370542 -8.598602 -13.864893
v -22.016338 -27.578178 -14.258463
v -21.493845 -27.730843 -16.660599
v -20.981525 -26.149780 -14.831852
v -18.850819 -23.852829 -15.985425
v -17.778677 -24.670502 -19.575050
v -16.771004 -22.543182 -17.101669
v -19.712599 -26.010666 -18.217913
v -31.261845 -40.287769 -1.762614
v -30.020063 -39.802601 -1.297795
v -30.990417 -42.119915 -1.301188
v -20.241884 -27.802094 -20.226479
v -21.164738 -28.399239 -18.869343
v -20.896704 -29.593513 -21.793980
v -22.508305 -30.689400 -19.198454
v -30.776667 -39.371704 -1.311364
v -15.641186 -23.727295 -20.782907
v -14.935472 -25.471214 -24.223248
v -13.395122 -23.170860 -21.587008
v -14.463868 -21.606766 -18.285774
v -18.654032 -26.709595 -21.777006
v -19.430996 -28.735130 -23.463253
v -16.787968 -25.830849 -23.168076
v -17.717607 -27.988701 -24.925570
v -18.494568 -30.166908 -26.160564
v -19.997599 -30.669044 -24.837357
v -16.798145 -29.902275 -27.273418
v -17.625999 -32.039761 -28.169130
v -19.227425 -32.284042 -27.134312
v -11.356022 -39.178307 -28.348955
v -10.881024 -36.752422 -27.582169
v -12.248341 -38.143490 -29.560194
v -11.644412 -35.941536 -28.708591
v -12.699588 -32.915123 -28.576267
v -12.292447 -33.284939 -28.097878
v -11.956555 -31.228874 -27.303949
v -11.366199 -28.911552 -26.119844
v -11.081203 -29.071037 -26.208065
v -11.641022 -31.184769 -27.300556
v -15.814221 -27.472992 -25.990921
v -19.644745 -19.533737 -5.810281
v -21.816166 -22.108910 -5.175819
v -21.249559 -23.208191 -4.639750
v -22.979908 -22.668724 -5.413317
v -20.017956 -21.532127 -5.067246
v -20.889919 -20.982483 -5.443857
v -21.381880 -20.643204 -6.000280
v -20.180815 -19.211418 -6.387063
v -20.615097 -32.504589 -25.777176
v -19.878851 -34.346912 -27.965559
v -22.029913 -34.672607 -25.783962
v -8.553533 -25.657829 -21.692186
v -13.296728 -27.242271 -22.058617
v -11.074416 -27.998878 -23.666824
v -22.318304 -35.653141 -26.252172
v -23.546515 -36.894932 -25.247885
v -21.334379 -37.400455 -25.882355
v -22.152058 -36.355469 -26.883240
v -22.481165 -37.899216 -24.257181
v -24.720440 -37.777081 -23.466646
v -23.868834 -39.134205 -22.116291
v -26.427040 -39.636349 -20.718443
v -25.066511 -40.518486 -20.226479
v -28.001322 -41.543133 -18.292553
v -26.634005 -42.472763 -17.722557
v -18.341892 -34.438515 -29.041092
v -20.387775 -36.236717 -28.494841
v -18.847424 -36.874580 -29.723051
v -17.201897 -21.447311 -14.716499
v -18.735462 -22.689072 -14.204177
v -10.545132 -27.544243 -25.220745
v -10.517988 -28.019234 -25.342892
v -11.987091 -41.499020 -29.041092
v -12.838696 -40.342064 -30.272696
v -12.502803 -43.806152 -29.441448
v -13.405299 -42.401512 -30.744297
v -18.654032 -38.031536 -28.803593
v -19.855099 -37.339390 -27.443064
v -17.296896 -40.179192 -29.736626
v -17.127253 -39.181705 -30.866436
v -14.959223 -39.429375 -30.991976
v -16.109398 -40.871338 -31.253227
v -16.550468 -41.797581 -30.106451
v -23.393837 -29.803864 -14.244889
v -30.345778 -39.700817 -7.530454
v -32.055771 -41.261520 -3.798322
v -30.854704 -41.268314 -8.161524
v -33.351837 -44.315079 -3.798322
v -32.133808 -44.857933 -8.853665
v -32.900589 -45.383831 -6.994377
v -33.680943 -48.040424 -8.025811
v -34.488445 -47.331310 -4.273323
v -34.983795 -48.837742 -4.480292
v -34.915943 -49.699524 -5.735642
v -32.215237 -41.309017 -2.200291
v -33.446838 -44.237041 -2.342794
v -32.215237 -45.010609 -1.413158
v -34.502014 -47.070068 -2.814400
v -33.212734 -47.792744 -2.017079
v -33.070236 -48.881847 -10.777401
v -34.342552 -51.209335 -9.291342
v -32.211842 -50.910767 -9.773125
v -33.141483 -52.746296 -8.935091
v -35.591118 -53.971107 -8.090270
v -35.733620 -53.095757 -6.546528
v -10.636739 -22.397293 -23.585400
v -11.488343 -23.452477 -22.676121
v -11.189774 -23.978371 -23.195223
v -9.791922 -22.526215 -23.582006
v -9.327103 -23.791748 -22.655760
v -9.625670 -23.259079 -22.150225
v -10.704596 -21.393013 -20.409691
v -34.196655 -55.107716 -7.974918
v -34.912548 -56.729500 -4.907788
v -34.637726 -56.156105 -6.824739
v -36.327362 -55.789684 -5.209745
v -36.110222 -55.226471 -6.892600
v -35.095764 -56.620934 -3.459038
v -36.276470 -55.592892 -3.886534
v -34.719154 -53.859154 -2.794044
v -36.201828 -53.533432 -3.608328
v -28.347391 -44.790070 -15.201674
v -30.003099 -44.189545 -15.242388
v -31.489168 -46.371143 -12.942038
v -30.013279 -47.256676 -12.830080
v -34.115231 -50.703808 -2.376724
v -35.468975 -49.913273 -3.238507
v -9.472992 -19.873016 -21.848259
v -10.351741 -21.932472 -20.881302
v -9.812279 -20.568565 -21.583622
v -9.639242 -22.241219 -21.105223
v -8.902997 -22.020683 -20.850761
v -9.238885 -20.599091 -21.573441
v -10.304239 -22.906219 -21.912724
v -11.054057 -23.031754 -22.173969
v -10.171919 -22.183548 -23.276648
v -10.124421 -21.939255 -23.995937
v -10.507811 -24.334610 -23.449680
v -10.249955 -22.739967 -23.890751
v -9.757994 -24.273537 -23.151117
v -12.132982 -21.572830 -19.972013
v -30.735954 -41.030804 -14.723286
v -30.342382 -41.186882 -14.512927
v -29.450066 -42.157234 -15.259346
v -29.819883 -40.270805 -15.211856
v -30.383099 -40.362427 -15.337396
v -29.036139 -41.587234 -15.873458
v -29.847027 -42.713650 -14.940431
v -30.702028 -43.911331 -13.708827
v -29.005604 -41.566872 -16.161858
v -28.086142 -40.318314 -17.088102
v -27.875788 -40.046875 -17.858269
v -29.090422 -38.917068 -16.470600
v -29.443279 -38.777966 -16.860777
v -31.092203 -42.635612 -13.172757
v -27.343109 -39.354736 -18.153456
v -26.430435 -38.330093 -20.128094
v -26.620432 -38.465809 -19.215412
v -26.264185 -38.618500 -20.202732
v -27.672215 -40.318314 -17.966850
v -24.265799 -36.698139 -23.541292
v -24.693298 -36.928864 -22.703260
v -28.815603 -41.824730 -16.267027
v -29.640066 -42.934193 -15.042210
v -30.501848 -44.172577 -13.813998
v -31.577381 -45.268463 -12.412756
v -31.397562 -45.495785 -12.484010
v -32.340771 -46.951317 -11.164193
v -32.602020 -46.866501 -11.096333
v -31.970951 -44.318470 -12.025972
v -31.529881 -42.649189 -13.417034
v -32.323811 -44.335434 -12.209184
v -32.015060 -42.326870 -13.223650
v -32.785236 -43.982578 -12.005611
v -33.093987 -46.075962 -11.011513
v -32.378094 -43.477043 -10.621336
v -32.089703 -43.378651 -10.129375
v -32.730949 -44.654362 -9.457586
v -31.275415 -40.776337 -14.407756
v -30.148991 -39.524384 -12.144718
v -29.436495 -40.101170 -11.537404
v -30.121849 -40.124908 -12.025973
v -28.842747 -38.934021 -11.679903
v -37.372364 -54.323967 -6.251350
v -37.616646 -55.240032 -5.511710
v -37.257004 -55.189148 -6.169925
v -37.827003 -54.293438 -5.409924
v -31.329702 -43.443119 -9.647593
v -33.178806 -47.701134 -9.128483
v -33.711479 -47.487396 -9.637413
v -24.245443 -34.866005 -24.684677
v -23.739906 -34.363869 -25.427711
v -24.401512 -34.048325 -24.616825
v -25.114010 -34.645470 -23.524326
v -25.331152 -33.983860 -23.514145
v -25.935078 -34.828686 -22.394508
v -26.216684 -34.200996 -22.357189
v -26.667931 -35.320652 -21.295223
v -20.299564 -22.899429 -5.494750
v -22.430269 -24.996216 -4.198680
v -22.783125 -26.536575 -4.551538
v -23.590620 -26.960678 -3.737253
v -24.608477 -29.559593 -3.805109
v -24.825619 -29.016731 -3.238507
v -25.901148 -30.937088 -2.780471
v -26.101328 -32.297611 -3.126545
v -26.881681 -32.626736 -2.346187
v -27.709538 -34.265472 -1.952617
v -28.035250 -36.151901 -2.166365
v -28.846138 -36.765991 -1.369052
v -28.951317 -35.676903 -1.749045
v -29.728279 -37.257957 -1.453871
v -27.030968 -34.689575 -21.207010
v -27.780787 -35.398685 -20.036480
v -9.408529 -27.985313 -24.009502
v -9.320317 -27.442459 -24.196108
v -11.301738 -33.895653 -26.849314
v -11.091380 -31.849762 -26.218246
v -11.858163 -33.322258 -28.091091
v -10.925131 -35.276539 -27.008780
v -11.522270 -34.557255 -28.138592
v -9.978529 -28.684242 -24.525219
v -10.633346 -29.946388 -25.325926
v -11.091380 -31.849762 -26.218246
v -11.301738 -33.895653 -26.849314
v -12.441732 -31.605465 -25.770390
v -12.770838 -34.027973 -26.733953
v -11.366199 -36.670994 -27.107174
v -10.925131 -35.276539 -27.008780
v -10.881024 -36.752422 -27.582169
v -11.641022 -35.178150 -28.203056
v -9.408529 -27.985313 -24.009502
v -9.978529 -28.684242 -24.525219
v -10.633346 -29.946388 -25.325926
v -27.366859 -35.995831 -20.178978
v -26.352398 -32.840473 -17.919350
v -26.515255 -33.522438 -20.426657
v -25.605972 -32.202621 -19.157734
v -27.275251 -34.245121 -19.212019
v -24.750977 -31.330650 -17.909170
v -7.281215 -24.480499 -21.349518
v -25.392223 -31.924408 -16.765779
v -23.899372 -31.422260 -15.951498
v -8.081928 -25.583191 -22.353794
v -8.835136 -26.831741 -23.334328
v -11.939590 -38.703327 -27.890921
v -11.356022 -39.178307 -28.348955
v -12.499413 -40.929020 -28.616987
v -11.987091 -41.499020 -29.041092
v -13.008335 -43.022408 -29.149654
v -12.502803 -43.806152 -29.441448
v -13.571550 -44.481327 -29.468586
v -13.184765 -45.394001 -29.614489
v -14.372261 -44.647572 -29.570374
v -14.060121 -45.672211 -29.716265
v -15.016903 -45.122574 -29.855370
v -15.854936 -44.304897 -30.021624
v -15.542794 -42.876507 -29.678946
v -16.051718 -41.275097 -29.539841
v -16.550468 -41.797581 -30.106451
v -16.737076 -39.643135 -29.149654
v -17.296896 -40.179192 -29.736626
v -18.033142 -37.973854 -28.318417
v -18.654032 -38.031536 -28.803593
v -23.074909 -30.726715 -17.410421
v -24.245443 -31.113510 -19.103447
v -19.743135 -37.020466 -26.669495
v -19.855099 -37.339390 -27.443064
v -26.138649 -32.806553 -15.720787
v -27.095430 -33.780300 -16.799706
v -25.046154 -32.786190 -14.485789
v -24.788296 -31.897259 -20.531837
v -25.592400 -33.040646 -21.580227
v -23.895981 -31.164406 -20.277372
v -24.035086 -31.907440 -22.258795
v -23.275087 -31.286545 -22.357189
v -24.893476 -33.335827 -23.178257
v -27.997929 -35.120480 -18.021137
v -29.575600 -37.610821 -16.124531
v -28.900425 -36.531891 -17.288275
v -28.612034 -36.223148 -14.858999
v -28.659533 -36.789742 -13.315258
v -29.399174 -37.604027 -13.976858
v -27.814714 -35.347797 -14.037931
v -27.848642 -34.930470 -15.788640
v -26.973289 -34.004223 -14.838646
v -30.264347 -38.815285 -14.991318
v -28.506855 -35.853321 -17.298454
v -29.870777 -38.323307 -16.670778
v -28.737570 -37.766899 -17.949883
v -29.175245 -37.251183 -17.783630
v -30.562920 -39.470100 -15.551140
v -28.479710 -36.267254 -18.910055
v -28.052216 -36.827061 -19.052555
v -26.969896 -35.982254 -19.999161
v -26.335434 -35.327435 -21.135765
v -27.665430 -36.803310 -18.876129
v -25.636507 -34.842255 -22.238445
v -24.856153 -34.699757 -23.297009
v -24.092762 -34.961006 -24.555752
v -31.177025 -43.300617 -10.024197
v -37.379147 -55.352005 -4.819568
v -37.569149 -54.446114 -4.558324
v -36.327362 -55.789684 -5.209745
v -37.219685 -53.231472 -4.297072
v -37.033073 -52.936298 -6.122417
v -35.825226 -49.926842 -5.433677
v -36.066116 -49.808098 -4.744929
v -35.943974 -50.038807 -3.984936
v -37.443615 -52.915939 -5.209745
v -34.912548 -56.729500 -4.907788
v -32.327202 -47.687565 -11.781687
v -31.292379 -49.312740 -10.953835
v -32.788628 -47.830063 -10.757050
v -23.288658 -36.117970 -25.139322
v -23.607586 -35.802425 -25.359861
v -22.715269 -35.419037 -26.391277
v -24.499907 -36.531891 -23.717718
v -28.455963 -35.615822 -18.536846
v -27.733288 -34.754040 -19.707376
v -28.191320 -35.076359 -18.102562
v -27.461859 -34.200996 -19.317200
v -26.698467 -33.478336 -20.548803
v -26.963110 -34.038155 -20.915234
v -26.118292 -33.566551 -22.123077
v -25.870615 -32.966007 -21.804153
v -25.093653 -33.356178 -23.344501
v -29.039530 -36.399570 -17.583452
v -24.279369 -33.464767 -24.355574
v -29.836853 -37.668491 -16.304356
v -28.700247 -35.782074 -17.457920
v -30.966667 -40.131691 -13.932752
v -30.542562 -38.906887 -15.150783
v -31.227917 -40.219906 -14.017579
v -31.848810 -41.475277 -13.026858
v -31.618097 -41.468483 -12.847040
v -32.103271 -42.510086 -12.063292
v -32.249165 -42.384552 -12.344904
v -32.564697 -43.711147 -11.259184
v -32.819164 -43.748466 -11.401690
v -33.138092 -45.305782 -10.204015
v -33.419697 -45.458466 -10.305800
v -33.531662 -45.947037 -10.648476
v -33.619877 -46.323643 -9.874910
v -30.864883 -40.359032 -12.453470
v -31.248274 -41.078304 -12.131153
v -22.090986 -34.109394 -25.139322
v -22.392948 -34.625107 -26.001099
v -23.329370 -33.810837 -25.370031
v -24.123299 -33.424053 -24.131649
v -23.393837 -33.675121 -24.908609
v -23.974014 -35.595459 -24.179140
v -23.804373 -35.344402 -25.271648
v -24.384548 -36.182434 -23.453072
v -24.320082 -35.941536 -23.341114
v -24.890081 -36.650639 -22.635399
v -24.734011 -36.440289 -22.340221
v -24.557585 -36.121365 -23.693964
v -33.345055 -46.727390 -10.838474
v -32.931126 -47.039528 -11.323651
v -33.226303 -47.538288 -11.035259
v -33.738621 -47.412746 -10.166695
v -22.555803 -31.008339 -19.656483
v -21.758486 -31.351013 -22.499687
v -21.534557 -31.357796 -23.012001
v -28.907211 -37.661697 -9.291342
v -29.205780 -36.474209 -6.295457
v -27.774000 -34.492790 -7.723846
v -27.271862 -35.076359 -10.509372
v -26.094543 -33.495300 -11.764721
v -26.617039 -35.164585 -13.267758
v -25.721331 -32.073681 -10.030975
v -26.260792 -32.457077 -9.094556
v -29.541674 -37.369923 -6.502422
v -24.815439 -31.700485 -12.880967
v -31.713097 -43.276875 -10.305800
v -29.728279 -42.445614 -5.362424
v -28.337214 -39.931522 -6.573668
v -29.355066 -43.429543 -8.093663
v -27.543287 -40.871338 -9.919017
v -14.925295 -30.058342 -24.304682
v -18.453856 -32.609768 -23.568432
v -17.307074 -29.440842 -21.410583
v -15.379936 -37.417423 -30.530552
v -13.693693 -37.899216 -30.181089
v -15.125474 -35.120480 -29.848593
v -13.364587 -35.544571 -29.417694
v -13.015122 -33.393517 -28.783239
v -14.616546 -32.674236 -29.017338
v -16.947433 -37.064571 -30.401621
v -14.735294 -28.826729 -27.249670
v -15.410473 -30.580833 -28.108057
v -14.155119 -30.577446 -28.094482
v -30.203278 -38.319920 -5.735642
v -15.963507 -32.348499 -28.898592
v -16.567432 -34.821892 -29.770552
v -12.255125 -29.929420 -27.680563
v -12.920123 -32.854053 -28.969845
v -9.442457 -26.299065 -24.185926
v -8.848713 -26.597641 -23.619324
v -9.544244 -25.841034 -24.365744
v -10.650311 -26.835144 -25.543064
v -11.559591 -27.995483 -26.584677
v -25.928293 -37.661697 -20.297731
v -7.952997 -23.360863 -22.153616
v -7.891928 -23.754425 -22.021297
v -8.706212 -24.507645 -23.161295
v -8.651928 -24.948715 -23.028971
v -6.575504 -23.150513 -20.708261
v -7.386395 -24.276924 -21.648081
v -8.207464 -25.301575 -22.655760
v -6.433003 -23.320145 -20.338446
v -7.281215 -24.480499 -21.349518
v -22.925625 -31.347614 -23.107010
v -8.081928 -25.583191 -22.353794
v -8.835136 -26.831741 -23.334328
v -21.653305 -26.275314 -14.434896
v -22.063845 -26.702827 -14.288995
v -22.236876 -26.316032 -13.481503
v -22.379377 -27.489960 -12.640075
v -20.855991 -25.260849 -13.298291
v -21.853483 -25.851212 -13.654542
v -21.157951 -24.721397 -12.809721
v -21.571878 -25.121758 -12.867401
v -19.563318 -21.847649 -12.802934
v -19.356354 -22.390511 -13.756327
v -18.765995 -22.139458 -13.868286
v -20.757597 -24.195503 -12.969186
v -20.506527 -23.815521 -13.359364
v -20.764383 -23.167480 -12.294012
v -22.800091 -27.113350 -12.097219
v -22.640625 -26.567108 -12.361864
v -22.888304 -26.034431 -11.398298
v -21.917948 -24.646736 -11.798656
v -19.773674 -23.218361 -14.543468
v -19.641352 -23.774788 -15.439175
v -20.011173 -24.168373 -15.272930
v -20.177422 -25.152283 -15.310248
v -20.207958 -23.659424 -14.373822
v -20.347063 -24.565315 -13.515428
v -31.811489 -40.470985 -2.146005
v -31.438274 -40.046875 -4.069755
v -31.757202 -39.592236 -3.889928
v -30.583275 -37.804214 -5.596529
v -29.728279 -37.030647 -6.251350
v -29.507742 -36.046719 -6.115631
v -24.781511 -30.859055 -10.977590
v -25.826509 -31.680122 -9.871517
v -25.290436 -30.540115 -10.526339
v -28.109890 -34.014393 -7.384562
v -26.610252 -31.971909 -8.762059
v -13.819226 -30.434944 -28.352343
v -14.396010 -28.653694 -27.602528
v -14.290833 -27.116737 -26.228426
v -13.537620 -25.579788 -24.847536
v -13.161016 -24.449951 -23.432713
v -13.093159 -22.923180 -21.956833
v -12.892980 -24.168373 -23.598974
v -13.289944 -25.349068 -25.047714
v -13.978690 -26.882645 -26.476097
v -11.966734 -21.450706 -20.426657
v -30.193100 -39.076523 -13.115079
v -29.504353 -38.296169 -12.667222
v -15.597079 -20.487122 -15.174529
v -17.541180 -21.070686 -14.305962
v -23.627945 -29.301727 -11.964900
v -24.102942 -28.921730 -11.466158
v -30.352562 -36.311356 -5.131713
v -29.650242 -34.866005 -5.596529
v -27.058109 -30.747078 -7.689920
v -26.026686 -29.484947 -8.697593
v -28.686676 -33.264576 -6.353137
v -25.246330 -26.278702 -6.040992
v -24.062227 -24.331215 -6.651708
v -24.951153 -25.895325 -4.537964
v -23.824728 -23.981758 -5.046894
v -32.089703 -39.822952 -2.037436
v -31.882738 -38.927238 -1.850834
v -31.570597 -37.882252 -3.272434
v -26.159006 -28.076912 -3.930642
v -26.474539 -28.446739 -5.325105
v -27.309181 -30.163521 -3.384396
v -28.293104 -31.887089 -2.987432
v -27.631500 -30.512978 -4.700823
v -28.571318 -32.185658 -4.168143
v -27.899534 -30.937088 -6.292064
v -26.766323 -28.935303 -7.069032
v -25.544899 -26.804596 -7.903673
v -24.347225 -24.874077 -8.527954
v -30.030245 -35.157799 -2.254581
v -30.820774 -36.762604 -1.945830
v -30.437384 -35.639572 -3.119758
v -30.827559 -36.270649 -4.069755
v -10.694417 -23.418533 -22.686291
v -9.914062 -22.244614 -21.508976
v -11.166021 -24.718002 -23.965397
v -11.926020 -25.919067 -25.305574
v -12.719945 -27.249054 -26.513414
v -13.334050 -28.986198 -27.571989
v -28.303284 -37.719398 -17.763271
v -15.454579 -43.368469 -31.256620
v -15.854936 -44.304897 -30.021624
v -14.161904 -44.111515 -31.002157
v -29.195604 -33.529224 -2.627791
v -29.521317 -33.902439 -3.625290
v -15.016903 -45.122574 -29.855370
v -14.060121 -45.672211 -29.716265
v -13.184765 -45.394001 -29.614489
v -22.864553 -22.549965 -7.252244
v -21.816166 -21.328560 -9.627233
v -23.061340 -22.994446 -9.114909
v -21.327593 -20.449814 -7.238670
v -24.706869 -27.754593 -9.824018
v -28.924175 -32.711552 -5.562603
v -20.489563 -19.808556 -10.156514
v -20.085814 -19.072319 -7.974918
v -18.270643 -19.598213 -12.511150
v -29.823278 -34.336731 -4.901001
v -31.506132 -48.902210 -8.422775
v -32.211842 -50.910767 -9.773125
v -32.425594 -51.602909 -7.465995
v -33.141483 -52.746296 -8.935091
v -26.545790 -34.404583 -4.785642
v -29.446674 -39.585453 -1.976367
v -30.637562 -42.598297 -2.044223
v -34.637726 -56.156105 -6.824739
v -33.657200 -54.615757 -6.149572
v -33.932014 -54.829506 -4.368318
v -31.533276 -44.762936 -2.149398
v -34.196655 -55.107716 -7.974918
v -32.720772 -47.867386 -2.617611
v -33.501125 -50.880234 -3.357253
v -20.041706 -31.110123 -18.326494
v -20.744024 -33.522438 -20.986479
v -23.705978 -36.989922 -16.477386
v -23.247944 -37.722794 -20.552197
v -24.581331 -39.178307 -18.428272
v -22.549017 -35.229050 -18.543633
v -28.086142 -43.656864 -13.247396
v -30.013279 -47.256676 -12.830080
v -29.558638 -45.763824 -11.062407
v -24.489725 -30.781021 -5.789928
v -22.596519 -27.710495 -6.627962
v -28.347391 -44.790070 -15.201674
v -21.602415 -36.294392 -22.930578
v -19.553137 -35.452969 -25.247885
v -20.007778 -24.083557 -7.815451
v -19.454746 -26.170143 -12.120974
v -22.070625 -29.803864 -10.655264
v -19.556532 -28.572273 -15.686853
v -22.094376 -32.887974 -15.998999
v -15.552972 -26.071747 -19.402018
v -17.290112 -26.068352 -16.684353
v -23.614370 -35.096710 -13.685075
v -24.133478 -32.809952 -9.467767
v -26.179361 -36.090832 -8.239556
v -25.707756 -38.316525 -12.137932
v -25.066511 -40.518486 -20.226479
v -23.868834 -39.134205 -22.116291
v -21.334379 -37.400455 -25.882355
v -30.603632 -47.365250 -9.596692
v -30.668098 -44.993645 -5.515103
v -31.292379 -49.312740 -10.953835
v -26.301506 -41.258133 -15.805607
v -22.481165 -37.899216 -24.257181
v -26.634005 -42.472763 -17.722557
v -17.385111 -23.958008 -13.149004
v -14.304403 -42.947765 -29.424480
v -14.351904 -40.929020 -29.027519
v -13.564766 -36.019581 -27.263237
v -14.599583 -38.309738 -28.386276
v -17.279932 -36.297787 -27.426105
v -16.255291 -33.474937 -25.811102
vn 0.3993 -0.9160 0.0391
vn 0.0708 -0.4014 -0.9132
vn 0.7486 0.0394 -0.6619
vn 0.4685 -0.3982 0.7886
vn 0.0234 -0.9522 -0.3044
vn 0.3526 -0.3996 0.8462
vn 0.2737 -0.9384 -0.2111
vn 0.4093 -0.1653 0.8973
vn 0.6462 -0.7329 -0.2128
vn 0.2994 -0.0394 0.9533
vn 0.2588 -0.3843 0.8862
vn 0.2746 -0.4394 0.8553
vn 0.6390 -0.1735 0.7494
vn 0.6784 -0.1893 0.7099
vn 0.1418 -0.5436 -0.8273
vn -0.0156 -0.7338 -0.6792
vn 0.5635 -0.3757 0.7357
vn 0.4804 0.0709 0.8742
vn 0.4687 0.0312 0.8828
vn 0.3675 -0.1173 0.9226
vn 0.4625 -0.0392 0.8858
vn 0.2189 -0.1642 0.9618
vn 0.2200 -0.0472 0.9744
vn 0.5198 0.1811 0.8349
vn 0.3437 0.3203 0.8828
vn 0.4022 0.1262 0.9068
vn 0.3863 0.0079 0.9223
vn 0.5085 0.0313 0.8605
vn 0.4675 -0.6701 0.5766
vn -0.1250 -0.8279 -0.5468
vn 0.6371 -0.7000 0.3225
vn 0.1876 -0.8209 -0.5394
vn 0.6074 0.0947 0.7888
vn 0.7829 -0.2270 0.5793
vn 0.1717 -0.7491 -0.6398
vn 0.8265 -0.1968 0.5274
vn -0.2036 -0.7833 -0.5874
vn 0.6063 -0.0000 0.7953
vn 0.5083 -0.0391 0.8603
vn 0.3592 -0.0859 0.9293
vn 0.2512 0.0706 0.9654
vn 0.2838 0.3548 0.8908
vn 0.0704 0.4924 0.8675
vn 0.1562 0.1952 0.9682
vn 0.0079 -0.0315 0.9995
vn -0.1020 0.1648 0.9810
vn -0.0788 0.3784 0.9223
vn -0.3070 0.5983 0.7401
vn -0.0079 0.5835 0.8121
vn 0.0078 0.1250 0.9921
vn 0.1415 -0.1180 0.9829
vn -0.0000 0.6540 0.7565
vn 0.2498 0.5621 0.7885
vn 0.4968 0.4100 0.7649
vn 0.6458 0.2835 0.7089
vn 0.7168 0.1654 0.6774
vn 0.8026 0.4800 0.3541
vn 0.8495 0.1809 0.4956
vn 0.7861 -0.6131 0.0786
vn -0.0789 -0.7965 -0.5994
vn 0.9527 0.1575 -0.2598
vn -0.2435 -0.0864 -0.9660
vn -0.2518 0.5744 -0.7789
vn 0.6368 0.7390 -0.2201
vn -0.2665 0.5016 -0.8230
vn -0.1649 0.5968 -0.7853
vn 0.7240 0.6453 0.2440
vn 0.6362 0.7147 0.2906
vn 0.4486 0.8422 0.2991
vn 0.2431 0.9410 0.2353
vn 0.0940 0.9791 0.1802
vn -0.0313 0.9859 0.1643
vn -0.1873 0.6867 0.7024
vn -0.2287 0.4416 0.8675
vn -0.3906 0.4609 0.7968
vn -0.3366 0.6889 0.6419
vn -0.1020 0.9887 0.1099
vn 0.3451 0.1568 -0.9254
vn 0.0627 0.2273 -0.9718
vn 0.1256 0.5965 -0.7927
vn 0.0157 0.5474 -0.8367
vn -0.0784 0.5256 -0.8471
vn -0.1409 0.5401 -0.8297
vn -0.2343 0.9684 0.0859
vn 0.4479 0.1964 -0.8722
vn 0.5503 0.1258 -0.8254
vn -0.2679 0.9614 0.0630
vn -0.2185 0.9678 0.1249
vn 0.5662 0.2202 -0.7943
vn 0.6894 0.2663 -0.6737
vn -0.0471 0.9726 0.2275
vn 0.7698 0.1493 -0.6206
vn -0.4365 0.6703 0.6001
vn -0.4988 0.6858 0.5299
vn -0.4681 0.6553 0.5929
vn -0.4700 0.4622 0.7520
vn -0.5225 0.5459 0.6550
vn -0.4524 0.5694 0.6864
vn -0.4326 0.6135 0.6607
vn -0.4131 0.7172 0.5612
vn 0.0314 0.9654 0.2590
vn 0.0630 0.9444 0.3227
vn 0.8157 0.1255 -0.5647
vn -0.4389 0.7054 0.5565
vn -0.4992 0.6319 0.5929
vn -0.5859 0.4531 0.6719
vn -0.3910 0.6022 0.6960
vn -0.5041 0.5907 0.6301
vn -0.4263 0.6237 0.6552
vn -0.5785 0.5237 0.6254
vn -0.6563 0.3985 0.6407
vn -0.7815 0.1328 0.6096
vn -0.7331 0.3041 0.6083
vn -0.5847 0.6003 0.5457
vn -0.5551 0.6332 0.5394
vn -0.0000 0.9125 0.4090
vn 0.8059 0.0783 -0.5869
vn 0.2128 0.9616 0.1734
vn 0.7056 0.6429 -0.2979
vn -0.7199 0.6026 0.3444
vn -0.6956 0.5080 0.5080
vn -0.8112 0.4174 0.4095
vn -0.7026 0.5447 0.4579
vn -0.8368 0.2033 0.5083
vn -0.8697 0.0078 0.4936
vn -0.5300 0.6858 0.4988
vn -0.6156 0.5611 0.5533
vn -0.5642 0.6579 0.4989
vn -0.5239 0.5865 0.6177
vn -0.3752 0.5549 0.7425
vn -0.4499 0.4972 0.7419
vn -0.4812 0.5916 0.6469
vn -0.4365 0.6001 0.6703
vn -0.4528 0.5387 0.7105
vn -0.4158 0.5099 0.7531
vn -0.3678 0.5790 0.7277
vn -0.4155 0.5644 0.7133
vn -0.3983 0.5701 0.7185
vn -0.4531 0.4296 0.7811
vn -0.3912 0.3990 0.8293
vn -0.3597 0.0704 0.9304
vn -0.4144 0.2737 0.8680
vn -0.3709 0.3867 0.8443
vn -0.2429 0.5014 0.8304
vn -0.2266 0.3360 0.9142
vn -0.2507 0.1959 0.9480
vn -0.2123 0.0629 0.9752
vn 0.0079 -0.0157 0.9998
vn -0.0783 0.2584 0.9629
vn -0.0625 0.5077 0.8593
vn -0.2893 0.5630 0.7742
vn -0.5789 0.5320 0.6180
vn -0.1025 0.4730 0.8751
vn -0.3435 0.4293 0.8353
vn -0.4772 0.4929 0.7276
vn -0.3437 0.6795 0.6482
vn -0.3754 0.8290 0.4145
vn -0.5318 0.7429 0.4066
vn -0.4420 0.8366 0.3236
vn -0.4075 0.7054 0.5800
vn -0.4230 0.4936 0.7599
vn -0.4212 0.4758 0.7722
vn -0.3043 0.5463 0.7804
vn -0.1170 0.5382 0.8346
vn 0.0782 0.4143 0.9068
vn 0.1103 0.3072 0.9452
vn 0.1724 -0.1019 0.9797
vn 0.3058 0.0784 0.9489
vn 0.3751 0.2266 0.8988
vn 0.1577 0.5127 0.8439
vn 0.1655 0.5597 0.8120
vn -0.0312 0.6870 0.7260
vn -0.2359 0.7784 0.5818
vn -0.4688 0.6875 0.5546
vn -0.3787 0.7181 0.5839
vn -0.4014 0.8028 0.4408
vn -0.1955 0.7741 0.6021
vn -0.0078 0.6953 0.7187
vn 0.1891 0.5752 0.7958
vn 0.7180 0.0468 0.6945
vn 0.6127 0.0864 0.7856
vn 0.4936 -0.0078 0.8697
vn 0.7145 -0.1099 0.6909
vn 0.7171 0.0709 0.6934
vn 0.7413 0.0156 0.6710
vn 0.2287 0.5599 0.7964
vn 0.0156 0.6952 0.7187
vn -0.2049 0.7802 0.5911
vn -0.4262 0.7893 0.4420
vn -0.3695 0.7862 0.4953
vn -0.4447 0.7099 0.5461
vn -0.4492 0.7723 0.4492
vn -0.3940 0.7881 0.4729
vn -0.2202 0.7708 0.5978
vn 0.0552 0.7100 0.7021
vn 0.2985 0.5421 0.7855
vn 0.7399 0.0708 0.6690
vn 0.7491 0.0079 0.6624
vn 0.7561 0.0315 0.6537
vn 0.7351 -0.6648 -0.1329
vn 0.7727 -0.6308 -0.0709
vn 0.7803 -0.6242 -0.0390
vn 0.7022 -0.7021 -0.1184
vn 0.8036 -0.5909 -0.0709
vn 0.7772 0.0393 0.6280
vn 0.7727 0.0710 0.6308
vn 0.3944 0.4969 0.7730
vn 0.1653 0.6693 0.7244
vn -0.0789 0.7652 0.6390
vn -0.3273 0.7715 0.5455
vn -0.0390 0.7334 0.6787
vn 0.2049 0.6305 0.7487
vn 0.4760 0.3902 0.7881
vn 0.7414 0.0315 0.6704
vn 0.8120 0.0158 0.5834
vn 0.4497 -0.7574 -0.4734
vn 0.7315 -0.0865 0.6764
vn 0.5067 -0.6859 -0.5223
vn 0.7661 -0.0469 0.6410
vn 0.5287 0.2920 0.7970
vn 0.1964 0.5421 0.8171
vn -0.0867 0.6385 0.7647
vn -0.3553 0.7421 0.5684
vn -0.3589 0.7569 0.5462
vn -0.3630 0.6549 0.6628
vn -0.1875 0.4610 0.8674
vn 0.2189 0.4301 0.8758
vn 0.7646 0.0780 0.6398
vn 0.5755 0.2444 0.7805
vn 0.0704 0.3131 0.9471
vn -0.1103 0.3308 0.9372
vn 0.1254 0.0941 0.9876
vn 0.7425 0.1328 0.6565
vn 0.7648 0.1249 0.6321
vn 0.7658 0.0547 0.6408
vn 0.7237 -0.6293 -0.2832
vn 0.7324 -0.5120 -0.4489
vn 0.7964 0.1262 0.5914
vn 0.8963 -0.2673 -0.3538
vn 0.7816 0.1641 0.6018
vn 0.6935 -0.1261 -0.7093
vn 0.6473 0.2574 0.7175
vn 0.7629 0.1101 0.6371
vn 0.2815 0.2345 0.9305
vn 0.6436 0.1727 0.7456
vn 0.8406 0.2200 0.4949
vn 0.7970 0.1815 0.5760
vn 0.9705 0.1409 -0.1956
vn 0.9730 -0.0706 0.2197
vn 0.6461 0.1024 0.7564
vn 0.3516 0.2344 0.9063
vn 0.1565 0.2817 0.9467
vn 0.1577 0.3311 0.9303
vn -0.3363 0.5005 0.7977
vn -0.1561 0.4604 0.8739
vn -0.4069 0.6261 0.6652
vn -0.4149 0.5244 0.7436
vn -0.4217 0.4607 0.7810
vn -0.1641 0.4064 0.8988
vn -0.1725 0.3372 0.9255
vn -0.4002 0.3845 0.8318
vn -0.5921 0.5290 0.6079
vn -0.5886 0.4787 0.6514
vn -0.5768 0.6080 0.5456
vn -0.5312 0.7109 0.4609
vn -0.4605 0.7726 0.4370
vn -0.5680 0.7179 0.4024
vn -0.6174 0.6956 0.3674
vn -0.6701 0.6386 0.3784
vn -0.7016 0.5691 0.4288
vn -0.7021 0.5227 0.4837
vn -0.6952 0.4843 0.5311
vn -0.6010 0.4215 0.6791
vn -0.6749 -0.0157 0.7377
vn -0.5704 0.0391 0.8204
vn -0.1796 0.2733 0.9450
vn 0.1253 0.2663 0.9557
vn -0.5080 -0.0547 0.8596
vn -0.7456 -0.6436 0.1727
vn -0.4379 -0.8757 0.2033
vn -0.8696 -0.4935 0.0156
vn -0.2109 -0.0469 0.9764
vn -0.9412 -0.3137 0.1255
vn 0.1967 0.1574 0.9678
vn 0.3547 0.2286 0.9066
vn 0.5915 0.0552 0.8044
vn 0.5121 -0.0158 0.8588
vn -0.2750 -0.1886 0.9428
vn -0.8591 -0.4921 -0.1406
vn -0.4843 -0.8046 0.3437
vn 0.3212 -0.3368 0.8851
vn -0.0079 -0.9095 0.4156
vn 0.7112 -0.5237 0.4689
vn 0.8880 -0.2515 0.3851
vn 0.9434 -0.1730 0.2830
vn 0.9613 -0.1418 0.2364
vn -0.6200 -0.4002 0.6749
vn 0.2735 -0.9614 -0.0313
vn -0.5737 -0.5344 0.6208
vn 0.4315 -0.8944 0.1177
vn -0.6562 0.3437 0.6718
vn -0.6159 0.4912 0.6159
vn 0.0630 0.5823 0.8105
vn -0.4026 0.6393 0.6551
vn -0.5792 0.6106 0.5401
vn -0.7717 0.5433 0.3307
vn -0.7502 0.5783 0.3204
vn -0.7983 0.5322 0.2818
vn -0.7259 0.6088 0.3200
vn -0.6478 0.6634 0.3746
vn -0.8112 0.5277 0.2520
vn -0.7980 0.5242 0.2973
vn -0.7810 0.5601 0.2761
vn -0.8532 0.4618 0.2426
vn -0.8354 0.5075 0.2108
vn -0.7419 0.6482 0.1718
vn -0.7039 0.6648 0.2503
vn -0.4734 0.8364 0.2762
vn -0.5115 0.8262 0.2361
vn -0.2264 0.7340 0.6403
vn -0.0546 0.6863 0.7253
vn -0.1183 0.7100 0.6942
vn -0.4961 0.6772 0.5434
vn -0.5152 0.6402 0.5699
vn -0.1967 0.9678 0.1573
vn -0.6308 0.6860 0.3627
vn -0.3146 0.9361 0.1573
vn -0.4167 0.9041 0.0944
vn -0.6250 0.7421 0.2422
vn -0.5796 0.7754 0.2506
vn -0.5153 0.7417 0.4294
vn -0.5774 0.6398 0.5072
vn -0.4964 0.8353 0.2364
vn -0.7727 0.4449 0.4527
vn -0.6915 0.7151 0.1021
vn -0.6781 0.7254 0.1183
vn -0.6841 0.7156 0.1416
vn -0.5114 0.8576 -0.0551
vn -0.7520 0.6580 0.0392
vn -0.7562 0.6539 0.0236
vn -0.7338 0.6792 0.0156
vn -0.8351 0.4333 0.3388
vn -0.8078 0.0392 0.5882
vn -0.7762 0.1176 0.6194
vn -0.7383 0.1728 0.6519
vn -0.6124 0.2120 0.7616
vn -0.3437 -0.0547 0.9375
vn -0.7769 -0.1098 0.6199
vn -0.6189 -0.4935 0.6111
vn -0.8000 -0.1177 0.5883
vn -0.8139 -0.2504 0.5243
vn -0.6846 -0.5193 0.5115
vn -0.5642 -0.5799 0.5877
vn -0.8308 -0.0079 0.5565
vn -0.4932 -0.5871 0.6419
vn -0.8680 0.4144 0.2737
vn -0.7480 0.6614 -0.0551
vn -0.7909 0.6108 -0.0391
vn -0.7803 0.6242 -0.0390
vn -0.7883 0.5931 -0.1639
vn -0.8862 0.3843 0.2588
vn -0.8401 -0.0235 0.5419
vn -0.4153 -0.6111 0.6738
vn -0.8335 -0.0472 0.5504
vn -0.9139 0.3515 0.2031
vn -0.8030 0.5825 -0.1260
vn -0.8136 0.5711 -0.1095
vn -0.8154 0.5724 -0.0863
vn -0.8283 0.5522 -0.0946
vn -0.8045 0.5836 -0.1104
vn -0.8850 0.4543 0.1018
vn -0.8402 -0.0236 0.5418
vn -0.3688 -0.6043 0.7063
vn -0.5714 -0.4462 0.6888
vn -0.5959 -0.4705 0.6508
vn -0.6417 -0.4539 0.6182
vn -0.8319 -0.0785 0.5494
vn -0.7898 -0.1173 0.6021
vn -0.5716 -0.4071 0.7124
vn -0.3127 -0.6019 0.7348
vn -0.8403 -0.0157 0.5419
vn -0.2272 -0.6188 0.7520
vn -0.5275 -0.4172 0.7400
vn -0.8184 -0.0158 0.5745
vn -0.8838 0.1643 0.4380
vn -0.8920 0.1800 0.4147
vn -0.8159 -0.1805 0.5492
vn -0.6352 -0.5097 0.5803
vn -0.6900 -0.5567 0.4626
vn -0.8767 -0.1800 0.4462
vn -0.8139 -0.5165 0.2661
vn -0.9540 0.0782 0.2893
vn -0.9338 0.2197 0.2825
vn -0.9644 0.0549 0.2587
vn -0.6912 -0.5734 0.4398
vn -0.8802 0.1572 0.4479
vn -0.8862 0.1882 0.4235
vn -0.8848 0.1958 0.4228
vn -0.8769 0.1331 0.4619
vn -0.8012 -0.0393 0.5971
vn -0.8481 0.0628 0.5261
vn -0.8863 0.2039 0.4157
vn -0.6435 -0.3610 0.6749
vn -0.5908 -0.4727 0.6539
vn 0.4538 -0.8529 0.2582
vn 0.5390 -0.7967 0.2734
vn -0.5715 -0.4071 0.7125
vn -0.8896 0.2497 0.3824
vn -0.8784 0.1882 0.4392
vn -0.4932 -0.4383 0.7514
vn 0.5696 -0.7724 0.2809
vn 0.5492 -0.7610 0.3452
vn 0.5942 -0.7271 0.3440
vn -0.5704 -0.3516 0.7423
vn -0.8908 0.2032 0.4064
vn -0.8441 0.0703 0.5315
vn -0.7755 -0.1253 0.6188
vn -0.7233 -0.0943 0.6840
vn -0.4535 -0.2032 0.8678
vn -0.4552 -0.3374 0.8240
vn -0.8299 -0.0470 0.5559
vn -0.8903 0.4530 0.0469
vn -0.8031 0.5747 -0.1575
vn -0.8282 0.5442 -0.1341
vn -0.7891 0.5761 -0.2131
vn -0.8278 0.5361 -0.1656
vn -0.6381 0.5751 -0.5120
vn -0.5824 0.5903 -0.5588
vn -0.6608 0.6293 -0.4091
vn -0.6360 0.6596 -0.4005
vn -0.8299 0.5559 -0.0470
vn -0.8751 0.4809 0.0552
vn -0.6438 0.4789 -0.5967
vn -0.7950 0.5378 -0.2806
vn -0.7774 0.5732 -0.2591
vn -0.8912 0.4534 0.0156
vn -0.8366 -0.0235 0.5473
vn -0.9128 0.4057 0.0468
vn -0.9162 0.3994 0.0313
vn -0.8068 -0.0627 0.5875
vn -0.1568 -0.5569 0.8157
vn -0.5035 -0.4720 0.7237
vn -0.6285 -0.4792 0.6127
vn -0.6139 -0.2282 0.7556
vn -0.7772 -0.0392 0.6280
vn -0.7446 -0.1097 0.6584
vn -0.5556 -0.2582 0.7903
vn -0.2200 -0.4950 0.8406
vn -0.8460 -0.0235 0.5327
vn -0.5266 -0.2044 0.8252
vn -0.4858 -0.0862 0.8698
vn -0.7994 0.0784 0.5957
vn -0.8781 0.1490 0.4547
vn -0.4789 -0.3926 0.7852
vn 0.6499 -0.6734 0.3523
vn -0.7151 -0.1021 0.6915
vn 0.6078 -0.5844 0.5377
vn -0.9235 0.0078 0.3835
vn -0.1101 -0.0787 0.9908
vn -0.7339 0.0078 0.6792
vn -0.9235 0.0783 0.3756
vn -0.9086 -0.3603 0.2115
vn -0.6116 -0.5019 0.6116
vn -0.7900 -0.2425 -0.5632
vn -0.9567 0.2823 0.0706
vn -0.9008 0.3368 0.2742
vn -0.8042 0.1015 0.5856
vn 0.5320 -0.5242 0.6650
vn -0.7084 -0.0866 0.7005
vn 0.4303 -0.6103 0.6651
vn -0.5734 -0.4635 0.6755
vn 0.3060 -0.8710 0.3844
vn -0.7913 0.3134 0.5250
vn -0.8699 0.3448 0.3526
vn -0.9100 0.3609 0.2040
vn -0.8905 0.3749 0.2578
vn -0.9139 0.3984 0.0781
vn -0.7331 0.4056 -0.5459
vn -0.8891 0.2203 -0.4012
vn -0.9132 0.3825 -0.1405
vn -0.8336 0.4876 -0.2595
vn -0.9049 0.4134 -0.1014
vn -0.8017 0.5423 -0.2515
vn -0.8132 0.5004 -0.2971
vn -0.7715 0.5455 -0.3273
vn -0.5121 0.6776 -0.5279
vn -0.8782 0.4705 0.0863
vn -0.8896 0.3825 0.2498
vn -0.9007 0.3838 0.2036
vn -0.8838 0.4380 0.1643
vn -0.8264 0.2105 -0.5223
vn -0.5546 0.4452 0.7030
vn -0.8283 0.5548 0.0781
vn -0.8269 0.3387 -0.4489
vn -0.7000 0.1416 -0.7000
vn -0.1572 -0.1021 -0.9823
vn -0.5236 0.0078 -0.8519
vn -0.0391 -0.1095 -0.9932
vn -0.1024 -0.0630 -0.9927
vn 0.8895 -0.3385 -0.3070
vn -0.8208 0.2892 -0.4925
vn -0.8202 0.3281 -0.4687
vn -0.8979 0.3938 0.1969
vn -0.9850 0.1182 -0.1261
vn -0.8825 0.4019 0.2443
vn -0.9116 0.2908 0.2907
vn -0.8812 0.2886 0.3743
vn -0.9260 0.0236 0.3767
vn -0.9806 -0.0549 -0.1883
vn -0.4404 0.0472 -0.8966
vn -0.0629 -0.0000 -0.9980
vn 0.8654 -0.3698 -0.3383
vn 0.8868 -0.3531 -0.2982
vn 0.8992 -0.3628 -0.2445
vn 0.9173 -0.3371 -0.2117
vn 0.9107 -0.2591 -0.3219
vn 0.2745 -0.1961 -0.9414
vn 0.9207 -0.2597 -0.2912
vn -0.5771 -0.3900 -0.7175
vn 0.1968 -0.6611 -0.7240
vn 0.3439 -0.9378 0.0469
vn 0.9380 -0.3311 -0.1025
vn 0.9421 -0.2826 -0.1806
vn 0.3060 -0.8709 0.3845
vn -0.4614 -0.8759 0.1408
vn -0.7619 -0.6284 0.1571
vn -0.6333 -0.6724 -0.3831
vn -0.7247 -0.0709 -0.6854
vn -0.7351 0.1955 -0.6491
vn -0.9895 0.0943 0.1099
vn -0.9296 0.3671 0.0312
vn -0.5579 0.3458 0.7544
vn -0.5635 0.1409 0.8140
vn -0.5025 -0.6674 0.5496
vn 0.6499 -0.6734 0.3524
vn 0.9034 -0.3771 -0.2043
vn 0.8937 -0.3998 -0.2038
vn 0.8880 -0.3850 -0.2515
vn 0.8801 -0.4322 -0.1965
vn 0.8672 -0.4573 -0.1971
vn 0.5696 -0.7725 0.2809
vn 0.8519 -0.4969 -0.1656
vn 0.5389 -0.7967 0.2734
vn 0.8439 -0.4890 -0.2208
vn 0.8740 -0.4331 -0.2205
vn 0.8661 -0.4135 -0.2809
vn 0.8754 -0.4022 -0.2681
vn 0.8903 -0.3624 -0.2758
vn 0.9032 -0.3534 -0.2435
vn 0.8888 -0.3539 -0.2910
vn 0.4398 -0.1807 -0.8797
vn -0.2516 0.0393 -0.9670
vn -0.8353 0.2521 -0.4886
vn -0.6781 0.4131 -0.6079
vn -0.9369 0.3201 0.1405
vn -0.8529 0.2582 0.4538
vn -0.9132 0.3824 0.1405
vn -0.8769 0.4698 -0.1018
vn -0.8907 0.4297 0.1485
vn -0.8670 0.4921 -0.0781
vn -0.6053 0.4559 -0.6525
vn -0.2352 0.3214 -0.9173
vn -0.2194 0.1959 -0.9558
vn 0.5412 -0.1255 -0.8315
vn 0.8739 -0.3277 -0.3589
vn 0.8808 -0.3854 -0.2752
vn 0.8709 -0.3845 -0.3060
vn 0.8735 -0.4013 -0.2755
vn 0.8497 -0.4170 -0.3226
vn 0.8568 -0.4087 -0.3144
vn 0.8630 -0.3688 -0.3452
vn 0.2985 0.0864 -0.9505
vn -0.5766 0.4675 -0.6701
vn -0.8596 0.5080 -0.0547
vn -0.8838 0.4380 0.1642
vn -0.8151 0.2273 0.5329
vn -0.8121 0.2421 0.5310
vn -0.8817 0.4172 0.2204
vn -0.8600 0.5082 -0.0469
vn -0.5835 0.4810 -0.6544
vn 0.0866 0.1969 -0.9766
vn 0.1883 0.1334 -0.9730
vn 0.8418 -0.3933 -0.3697
vn 0.8323 -0.4397 -0.3376
vn 0.8358 -0.4494 -0.3154
vn 0.8541 -0.4466 -0.2664
vn 0.8643 -0.4400 -0.2436
vn 0.7716 -0.5433 -0.3307
vn 0.2736 -0.9613 -0.0313
vn 0.7772 -0.5260 -0.3454
vn 0.5849 -0.5927 -0.5537
vn 0.3848 -0.6833 -0.6205
vn -0.4378 -0.8758 0.2033
vn 0.0079 -0.5745 -0.8185
vn 0.1892 -0.5282 -0.8278
vn 0.2990 -0.5036 -0.8105
vn 0.6237 -0.5527 -0.5527
vn 0.7793 -0.5274 -0.3385
vn 0.6469 -0.5916 -0.4812
vn 0.7958 -0.5122 -0.3231
vn 0.7956 -0.4992 -0.3432
vn 0.7026 -0.5921 -0.3947
vn 0.5127 -0.6704 -0.5363
vn 0.3225 -0.7001 -0.6371
vn 0.3703 -0.5908 -0.7168
vn 0.1412 -0.3295 -0.9335
vn -0.0236 -0.3699 -0.9288
vn -0.1102 -0.3542 -0.9287
vn -0.1735 -0.4022 -0.8990
vn -0.8696 -0.4936 0.0157
vn -0.3228 -0.2756 -0.9055
vn -0.2046 -0.2281 -0.9519
vn -0.3295 -0.1412 -0.9335
vn -0.8591 -0.4920 -0.1406
vn -0.2109 -0.1328 -0.9685
vn -0.0078 -0.9096 0.4155
vn -0.0471 -0.1336 -0.9899
vn 0.7112 -0.5237 0.4690
vn 0.8879 -0.2515 0.3851
vn -0.0470 -0.1959 -0.9795
vn 0.9434 -0.1729 0.2831
vn -0.2029 -0.1483 -0.9679
vn -0.0703 -0.2658 -0.9615
vn 0.9612 -0.1419 0.2364
vn -0.0703 -0.3201 -0.9448
vn 0.0393 -0.2828 -0.9584
vn 0.9730 -0.0707 0.2197
vn 0.9705 0.1409 -0.1957
vn 0.6936 -0.1261 -0.7093
vn 0.2197 -0.4550 -0.8630
vn 0.7324 -0.5119 -0.4489
vn 0.2206 -0.6697 -0.7091
vn 0.2368 -0.7103 -0.6629
vn 0.2339 -0.7327 -0.6391
vn 0.4414 -0.7015 -0.5596
vn 0.2281 -0.6766 -0.7001
vn 0.2129 -0.7255 -0.6545
vn 0.2442 -0.7089 -0.6617
vn 0.7351 -0.6648 -0.1330
vn 0.7727 -0.6308 -0.0710
vn 0.7022 -0.7021 -0.1183
vn 0.2367 -0.6547 -0.7178
vn 0.2745 -0.5334 -0.8001
vn 0.2963 -0.6394 -0.7095
vn 0.4057 -0.7022 -0.5851
vn 0.5972 -0.6601 -0.4557
vn 0.7159 -0.5822 -0.3855
vn 0.7965 -0.4920 -0.3514
vn 0.7262 -0.5684 -0.3868
vn 0.6389 -0.6389 -0.4285
vn 0.5341 -0.6911 -0.4869
vn 0.3868 -0.7262 -0.5684
vn 0.3148 -0.5745 -0.7555
vn 0.4643 -0.6532 -0.5981
vn 0.0157 -0.5974 -0.8018
vn 0.0391 -0.4375 -0.8984
vn 0.0234 -0.9523 -0.3044
vn 0.3458 -0.4165 -0.8408
vn 0.5828 -0.4489 -0.6773
vn 0.5143 -0.7558 -0.4052
vn 0.3073 -0.8589 -0.4097
vn 0.5300 -0.7405 -0.4131
vn 0.1015 -0.9520 -0.2887
vn 0.6157 -0.5841 -0.5289
vn 0.7689 -0.3138 -0.5571
vn 0.6357 -0.2512 -0.7299
vn 0.4696 -0.1957 -0.8609
vn 0.1098 -0.1647 -0.9802
vn 0.0708 -0.4015 -0.9131
vn -0.1257 -0.1885 -0.9740
vn -0.1734 -0.2444 -0.9540
vn -0.4371 -0.2419 -0.8663
vn -0.1250 -0.8279 -0.5467
vn 0.1876 -0.8208 -0.5395
vn -0.2036 -0.7832 -0.5874
vn -0.2127 -0.0158 -0.9770
vn -0.5305 -0.0936 -0.8425
vn -0.2435 -0.0864 -0.9661
vn -0.2518 0.5743 -0.7789
vn -0.0784 0.5255 -0.8471
vn 0.0156 0.5474 -0.8367
vn 0.4479 0.1965 -0.8722
vn 0.6894 0.2664 -0.6737
vn 0.7400 -0.1889 -0.6455
vn 0.7390 -0.1337 -0.6604
vn 0.8059 0.0782 -0.5868
vn 0.6472 -0.3315 -0.6865
vn -0.1093 -0.6950 -0.7106
vn 0.4728 -0.6934 -0.5437
vn 0.6008 -0.6242 -0.4994
vn 0.6614 -0.5826 -0.4724
vn 0.2276 -0.0314 -0.9732
vn 0.2361 -0.3541 -0.9049
vn 0.4169 -0.3618 -0.8338
vn 0.5175 -0.3764 -0.7684
vn -0.8116 0.1024 -0.5752
vn -0.7443 -0.5720 -0.3447
vn 0.6289 -0.3224 -0.7075
vn -0.8848 -0.4228 -0.1958
vn -0.8788 -0.3374 -0.3374
vn -0.9527 -0.2733 0.1327
vn -0.9400 0.2898 0.1802
vn -0.0235 0.4155 -0.9093
vn -0.5364 0.8124 -0.2287
vn -0.2203 0.2124 -0.9520
vn -0.5027 0.2592 -0.8247
vn -0.2828 0.4321 -0.8563
vn -0.6773 0.5828 -0.4489
vn -0.6128 0.7543 -0.2357
vn -0.5356 0.8034 0.2600
vn -0.5548 0.8048 0.2110
vn -0.6466 0.7570 0.0946
vn -0.6182 0.7747 0.1330
vn -0.6153 0.7494 -0.2445
vn -0.2443 0.4649 -0.8510
vn -0.6309 0.7414 -0.2287
vn -0.6725 0.7351 0.0860
vn -0.7178 0.6941 0.0552
vn -0.6709 0.6551 0.3473
vn -0.5858 0.7186 0.3749
vn -0.4806 0.7485 0.4570
vn -0.6505 0.6505 0.3919
vn -0.8908 -0.2969 0.3438
vn -0.9223 0.1340 0.3626
vn -0.9576 0.0864 0.2747
vn -0.9969 -0.0078 0.0785
vn -0.7564 -0.1024 -0.6461
vn -0.7496 0.2186 -0.6247
vn -0.9239 0.3288 0.1957
vn -0.7149 0.3221 -0.6206
vn -0.8584 0.4292 0.2809
vn -0.4413 0.6462 -0.6226
vn 0.4378 0.0157 -0.8990
vn 0.4233 -0.1489 -0.8937
vn 0.5345 -0.1415 -0.8332
vn 0.4089 -0.0315 -0.9120
vn 0.5344 -0.0865 -0.8408
vn -0.4762 0.5074 0.7182
vn -0.5518 0.4966 0.6700
vn -0.6355 0.4707 0.6120
vn -0.7325 0.5688 0.3741
vn -0.6798 0.4610 0.5704
vn -0.4996 0.4605 0.7337
vn -0.4449 0.4527 0.7727
vn -0.5067 0.6859 0.5223
vn -0.5922 0.6390 0.4909
vn -0.5783 0.4845 0.6564
vn -0.6254 0.6176 0.4769
vn -0.5328 0.6817 0.5014
vn -0.5227 0.7411 0.4213
vn -0.8438 0.3594 0.3985
vn -0.7271 0.4144 0.5473
vn -0.7761 0.5174 0.3606
vn -0.7807 0.6245 0.0234
vn -0.6591 0.6905 -0.2982
vn -0.2590 0.4631 -0.8476
vn -0.7179 0.6390 -0.2761
vn -0.8119 0.5833 0.0236
vn -0.8039 0.4683 0.3668
vn -0.6864 0.5928 -0.4212
vn -0.8426 0.5383 0.0156
vn -0.2992 0.4173 -0.8581
vn -0.2828 0.4477 -0.8483
vn 0.3303 -0.0079 -0.9438
vn 0.2591 0.0235 -0.9656
vn 0.7320 -0.5195 -0.4408
vn 0.7835 -0.4623 -0.4153
vn 0.1336 0.1336 -0.9820
vn 0.2193 0.0940 -0.9711
vn -0.6285 0.5421 -0.5578
vn -0.6231 0.5206 -0.5837
vn -0.8588 0.5121 -0.0158
vn -0.8301 0.4385 0.3446
vn -0.7751 0.3523 0.5245
vn -0.7421 0.3984 0.5390
vn -0.8832 0.2814 0.3752
vn -0.6673 0.4239 0.6123
vn -0.6786 0.5681 0.4655
vn -0.9309 0.2660 0.2503
vn -0.6236 0.6393 0.4499
vn -0.5125 0.7411 0.4337
vn -0.7503 0.0781 0.6565
vn -0.5641 0.5720 0.5955
vn -0.8786 0.3530 0.3216
vn -0.7675 0.2741 0.5795
vn -0.7906 0.3287 0.5166
vn -0.8631 0.4237 0.2747
vn -0.6067 0.5043 -0.6145
vn -0.8673 0.4967 -0.0315
vn 0.1486 0.1486 -0.9777
vn 0.8163 -0.4239 -0.3924
vn 0.0939 0.1877 -0.9777
vn -0.5901 0.4957 -0.6373
vn -0.8788 0.4237 0.2197
vn -0.8190 0.2964 0.4914
vn -0.7985 0.2114 0.5636
vn -0.7591 0.2817 0.5869
vn -0.8368 0.4380 0.3285
vn -0.8438 0.3985 0.3594
vn -0.8471 0.4549 0.2745
vn -0.8457 0.4933 0.2036
vn -0.7410 0.6708 0.0312
vn -0.5699 0.7963 -0.2030
vn -0.7808 0.6230 -0.0473
vn -0.8515 0.4765 0.2187
vn -0.8537 0.3759 0.3603
vn -0.8204 0.0391 0.5704
vn -0.8013 0.1414 0.5813
vn -0.8231 0.2509 0.5095
vn -0.7599 0.1410 0.6346
vn -0.7351 0.1330 0.6648
vn -0.8559 0.3848 0.3455
vn -0.8629 0.4472 0.2353
vn -0.6248 0.7342 -0.2656
vn -0.8705 0.4235 0.2509
vn -0.8516 0.3706 0.3706
vn -0.6915 0.2750 0.6680
vn -0.8742 0.3903 0.2888
vn -0.8400 0.1334 0.5260
vn -0.8721 0.4871 -0.0471
vn -0.8663 0.4995 -0.0078
vn -0.5193 0.5115 -0.6846
vn -0.6538 0.5908 -0.4727
vn -0.4157 0.6509 -0.6352
vn -0.9216 0.2499 0.2968
vn -0.7841 0.2744 0.5567
vn -0.9383 0.2737 0.2112
vn -0.5018 0.6037 0.6194
vn -0.7520 0.2272 0.6188
vn 0.5067 -0.6860 -0.5222
vn 0.8871 0.3062 0.3454
vn 0.6320 -0.2263 0.7412
vn 0.9369 0.2047 0.2834
vn 0.7054 0.6740 -0.2194
vn 0.0551 0.9598 -0.2753
vn 0.0469 0.9157 -0.3991
vn -0.6211 0.7626 -0.1808
vn -0.8190 0.4134 0.3978
vn -0.8828 0.3203 0.3438
vn -0.6120 -0.1491 0.7767
vn 0.0078 -0.3442 0.9388
vn 0.0157 -0.2351 0.9718
vn 0.0552 0.7021 0.7099
vn -0.5593 0.8271 -0.0551
vn 0.0471 0.9185 -0.3925
vn -0.6240 0.7567 -0.1950
vn -0.8786 0.3216 0.3530
vn -0.6206 -0.1493 0.7698
vn -0.5655 -0.0157 0.8246
vn 0.0078 -0.3373 0.9414
vn 0.6320 -0.2262 0.7412
vn 0.5994 -0.0789 0.7966
vn 0.9333 0.2118 0.2902
vn 0.6516 0.7536 -0.0863
vn 0.7041 0.6729 -0.2269
vn -0.8511 0.4256 0.3074
vn -0.6283 -0.0235 0.7776
vn -0.5467 0.7966 -0.2577
vn 0.1411 0.9250 -0.3528
vn 0.1335 0.8718 -0.4713
vn 0.7623 0.5895 -0.2672
vn 0.9457 0.1261 0.2995
vn 0.9095 0.2431 0.3372
vn 0.6075 -0.2130 0.7653
vn 0.0078 -0.1491 0.9888
vn -0.0078 -0.2664 0.9638
vn 0.1251 0.7505 0.6489
vn 0.0784 -0.4078 0.9097
vn 0.3991 -0.9157 -0.0470
vn 0.7518 0.0470 0.6578
vn 0.4638 -0.3930 -0.7940
vn 0.0234 -0.9545 0.2973
vn 0.3468 -0.3940 -0.8512
vn 0.2741 -0.9399 0.2037
vn 0.4093 -0.1653 -0.8973
vn 0.6470 -0.7328 0.2105
vn 0.2972 -0.0391 -0.9540
vn 0.2522 -0.3783 -0.8906
vn 0.2683 -0.4340 -0.8601
vn 0.6352 -0.1725 -0.7528
vn 0.6746 -0.1883 -0.7138
vn 0.1489 -0.5485 0.8228
vn 0.5598 -0.3706 -0.7411
vn -0.0157 -0.7377 0.6749
vn 0.4638 -0.6682 -0.5817
vn -0.1255 -0.8315 0.5412
vn 0.6355 -0.6983 -0.3295
vn 0.1884 -0.8243 0.5338
vn 0.6036 0.0941 -0.7917
vn 0.7812 -0.2209 -0.5839
vn 0.1725 -0.7528 0.6352
vn 0.8231 -0.1960 -0.5330
vn -0.2045 -0.7868 0.5823
vn 0.6025 -0.0000 -0.7981
vn 0.5027 0.0236 -0.8641
vn 0.4771 0.0704 -0.8760
vn 0.3835 0.0078 -0.9235
vn 0.4627 0.0235 -0.8862
vn 0.3610 -0.1099 -0.9261
vn 0.4564 -0.0315 -0.8892
vn 0.3993 0.1253 -0.9082
vn 0.5164 0.1800 -0.8372
vn 0.3377 0.3141 -0.8873
vn 0.2126 -0.0393 -0.9763
vn 0.2118 -0.1568 -0.9647
vn 0.1649 -0.0943 -0.9818
vn 0.2989 0.0708 -0.9517
vn 0.4876 -0.0000 -0.8730
vn 0.7106 -0.1093 -0.6950
vn 0.7022 -0.7023 0.1171
vn 0.7805 -0.6244 0.0312
vn 0.7378 0.0079 -0.6750
vn 0.7720 -0.6317 0.0702
vn 0.7452 0.0079 -0.6668
vn 0.7359 -0.6654 0.1253
vn 0.7522 0.0313 -0.6582
vn 0.8041 -0.5912 0.0631
vn 0.7131 0.0705 -0.6975
vn 0.7144 0.0392 -0.6987
vn 0.6127 0.0864 -0.7856
vn 0.3690 0.2199 -0.9030
vn 0.1103 0.3072 -0.9452
vn -0.0706 0.2511 -0.9654
vn -0.0000 -0.0079 -1.0000
vn -0.0000 -0.0236 -0.9997
vn -0.2049 0.0551 -0.9772
vn -0.3530 0.0628 -0.9335
vn -0.0944 0.1573 -0.9830
vn 0.1488 0.1879 -0.9709
vn -0.0783 0.3756 -0.9235
vn 0.0628 0.4867 -0.8713
vn 0.2818 0.3523 -0.8925
vn -0.0078 0.5797 -0.8148
vn -0.3053 0.5949 -0.7436
vn -0.3857 0.3936 -0.8344
vn -0.4131 0.5612 -0.7172
vn -0.4088 0.2673 -0.8726
vn -0.2437 0.1887 -0.9513
vn -0.2197 0.3296 -0.9182
vn -0.0549 0.5021 -0.8630
vn 0.0706 0.4080 -0.9102
vn 0.1567 0.5093 -0.8462
vn -0.1098 0.5331 -0.8389
vn 0.1645 0.5561 -0.8147
vn -0.0235 0.6830 -0.7301
vn 0.1879 0.5717 -0.7987
vn 0.2272 0.5564 -0.7993
vn 0.7360 0.0705 -0.6733
vn 0.7734 0.0391 -0.6328
vn 0.4533 -0.7580 0.4689
vn 0.7689 0.0706 -0.6355
vn 0.8083 0.0157 -0.5886
vn 0.5087 -0.6887 0.5166
vn 0.7276 -0.0861 -0.6806
vn 0.7374 0.0314 -0.6747
vn 0.7631 -0.0393 -0.6451
vn 0.7628 0.0472 -0.6449
vn 0.7253 -0.6307 0.2759
vn 0.7331 -0.5148 0.4445
vn 0.7618 0.0707 -0.6440
vn 0.7622 0.1179 -0.6365
vn 0.8988 -0.2680 0.3469
vn 0.7927 0.1256 -0.5965
vn 0.7397 0.1259 -0.6610
vn 0.7795 0.1574 -0.6063
vn 0.6969 -0.1331 0.7047
vn 0.9720 0.1411 0.1881
vn 0.7934 0.1807 -0.5813
vn 0.6440 0.2513 -0.7226
vn 0.8373 0.2191 -0.5009
vn 0.9713 -0.0705 -0.2272
vn 0.7591 0.1096 -0.6417
vn 0.6436 0.1727 -0.7456
vn 0.9594 -0.1416 -0.2438
vn 0.6422 0.1018 -0.7597
vn 0.5878 0.0549 -0.8072
vn 0.9413 -0.1726 -0.2902
vn 0.8853 -0.2507 -0.3917
vn 0.5087 -0.0157 -0.8608
vn 0.3149 -0.3307 -0.8897
vn 0.7103 -0.5208 -0.4735
vn -0.0078 -0.9065 -0.4220
vn -0.4813 -0.8048 -0.3472
vn -0.2681 -0.1814 -0.9462
vn -0.8601 -0.4925 0.1329
vn -0.9402 -0.3134 -0.1332
vn -0.2109 -0.0469 -0.9764
vn 0.1967 0.1574 -0.9678
vn 0.3522 0.2270 -0.9080
vn 0.3454 0.2276 -0.9105
vn 0.2748 0.2277 -0.9342
vn 0.1178 0.0864 -0.9893
vn 0.5719 0.2429 -0.7835
vn 0.5254 0.2902 -0.7999
vn 0.4714 0.3849 -0.7935
vn 0.3920 0.4939 -0.7761
vn 0.2985 0.5420 -0.7856
vn 0.0549 0.7060 -0.7060
vn 0.1644 0.6655 -0.7281
vn 0.2037 0.6268 -0.7521
vn 0.1964 0.5421 -0.8171
vn 0.2122 0.4244 -0.8803
vn 0.0628 0.3062 -0.9499
vn -0.1103 0.3308 -0.9372
vn -0.1806 0.4555 -0.8717
vn -0.0862 0.6347 -0.7679
vn -0.0314 0.7299 -0.6828
vn -0.0785 0.7613 -0.6436
vn -0.3223 0.7703 -0.5502
vn -0.2192 0.7672 -0.6028
vn -0.2039 0.7765 -0.5962
vn 0.0079 0.6912 -0.7226
vn -0.0000 0.6912 -0.7226
vn -0.1891 0.7721 -0.6067
vn -0.3926 0.7852 -0.4790
vn -0.4247 0.7865 -0.4483
vn -0.3542 0.7556 -0.5510
vn -0.3536 0.7388 -0.5737
vn -0.3611 0.6515 -0.6672
vn -0.3306 0.4960 -0.8029
vn -0.4023 0.6232 -0.6706
vn -0.5285 0.7100 -0.4654
vn -0.4570 0.7723 -0.4413
vn -0.4476 0.7696 -0.4554
vn -0.3681 0.7831 -0.5012
vn -0.4000 0.8001 -0.4471
vn -0.2348 0.7748 -0.5870
vn -0.2985 0.5420 -0.7856
vn -0.4651 0.6859 -0.5597
vn -0.3770 0.7147 -0.5891
vn -0.4409 0.7085 -0.5511
vn -0.4163 0.4713 -0.7776
vn -0.4730 0.4888 -0.7331
vn -0.3377 0.4241 -0.8403
vn -0.1018 0.4698 -0.8769
vn -0.2834 0.5589 -0.7793
vn -0.5761 0.5287 -0.6234
vn -0.3385 0.6771 -0.6534
vn -0.4182 0.4892 -0.7654
vn -0.4402 0.4480 -0.7781
vn -0.5035 0.6845 -0.5271
vn -0.5662 0.7157 -0.4089
vn -0.6157 0.6936 -0.3740
vn -0.6466 0.6623 -0.3785
vn -0.5901 0.6373 -0.4957
vn -0.4954 0.4561 -0.7392
vn -0.4720 0.5034 -0.7237
vn -0.4057 0.7022 -0.5851
vn -0.3742 0.8263 -0.4210
vn -0.5611 0.6546 -0.5066
vn -0.5206 0.5837 -0.6231
vn -0.2364 0.4964 -0.8353
vn -0.3684 0.3841 -0.8466
vn -0.3700 0.5511 -0.7479
vn -0.4472 0.4943 -0.7454
vn -0.4483 0.4247 -0.7865
vn -0.3935 0.5666 -0.7240
vn -0.4485 0.5350 -0.7160
vn -0.4787 0.5886 -0.6514
vn -0.5016 0.5878 -0.6348
vn -0.4241 0.6204 -0.6597
vn -0.5756 0.5204 -0.6308
vn -0.6539 0.3939 -0.6460
vn -0.6135 0.5584 -0.5584
vn -0.5272 0.6845 -0.5035
vn -0.7792 0.1259 -0.6139
vn -0.5828 0.4489 -0.6773
vn -0.3862 0.5990 -0.7014
vn -0.4482 0.5661 -0.6919
vn -0.5190 0.5426 -0.6605
vn -0.4655 0.4577 -0.7575
vn -0.4322 0.5972 -0.6757
vn -0.4133 0.5069 -0.7564
vn -0.3626 0.5754 -0.7331
vn -0.3854 0.4561 -0.8021
vn -0.2272 0.4387 -0.8695
vn -0.3315 0.6866 -0.6471
vn -0.4643 0.6532 -0.5981
vn -0.4956 0.6844 -0.5349
vn -0.2341 0.9677 -0.0937
vn -0.1019 0.9878 -0.1176
vn -0.1807 0.6836 -0.7071
vn -0.0000 0.1173 -0.9931
vn 0.2439 0.0629 -0.9678
vn 0.3526 -0.0783 -0.9325
vn 0.1339 -0.1103 -0.9848
vn -0.0000 0.6502 -0.7598
vn -0.0315 0.9844 -0.1733
vn 0.3515 0.1640 0.9217
vn -0.2678 0.9609 -0.0709
vn 0.4479 0.1964 0.8723
vn 0.5503 0.1258 0.8254
vn -0.4324 0.6683 -0.6054
vn -0.2127 0.9690 -0.1260
vn 0.5706 0.2266 0.7894
vn 0.6930 0.2677 0.6694
vn -0.0470 0.9709 -0.2349
vn 0.7721 0.1560 0.6161
vn -0.4089 0.7157 -0.5662
vn 0.0313 0.9634 -0.2663
vn 0.0628 0.9420 -0.3297
vn 0.8193 0.1260 0.5593
vn -0.4370 0.7023 -0.5619
vn -0.4958 0.6296 -0.5981
vn -0.4304 0.6103 -0.6651
vn -0.7312 0.2988 -0.6133
vn -0.5823 0.5980 -0.5508
vn -0.5523 0.6313 -0.5445
vn -0.0000 0.9096 -0.4156
vn 0.8096 0.0786 0.5817
vn 0.2126 0.9602 -0.1810
vn 0.7072 0.6444 0.2907
vn -0.7180 0.6010 -0.3512
vn -0.6943 0.5049 -0.5128
vn -0.8086 0.4161 -0.4161
vn -0.7000 0.5427 -0.4641
vn -0.8358 0.1971 -0.5125
vn -0.8663 0.0078 -0.4995
vn -0.5300 0.7405 -0.4131
vn -0.4409 0.8345 -0.3306
vn -0.4789 0.7458 -0.4632
vn -0.5489 0.4940 -0.6743
vn -0.6325 0.4685 -0.6168
vn -0.5839 0.7180 -0.3788
vn -0.5538 0.8035 -0.2184
vn -0.5345 0.8018 -0.2673
vn -0.6486 0.6485 -0.3985
vn -0.8868 -0.2982 -0.3531
vn -0.9196 0.1336 -0.3694
vn -0.9555 0.0862 -0.2820
vn -0.9386 0.2894 -0.1877
vn -0.5385 0.8117 0.2263
vn -0.6139 0.7556 0.2282
vn -0.6461 0.7564 -0.1024
vn -0.6175 0.7739 -0.1407
vn -0.6691 0.6533 -0.3542
vn -0.7321 0.5668 -0.3778
vn -0.6780 0.4573 -0.5755
vn -0.5752 0.4807 -0.6619
vn -0.5307 0.6790 -0.5073
vn -0.6237 0.6158 -0.4816
vn -0.5200 0.7406 -0.4255
vn -0.8439 0.3549 -0.4022
vn -0.7258 0.4102 -0.5522
vn -0.7739 0.5159 -0.3674
vn -0.7805 0.6244 -0.0312
vn -0.7174 0.6938 -0.0631
vn -0.6720 0.7346 -0.0938
vn -0.6165 0.7492 0.2419
vn -0.6785 0.5849 0.4445
vn -0.5075 0.2654 0.8198
vn -0.2274 0.2196 0.9487
vn -0.8136 0.1095 0.5711
vn -0.0312 0.4218 0.9061
vn 0.4222 -0.3675 0.8287
vn 0.5207 -0.3787 0.7652
vn -0.1099 -0.6989 0.7067
vn 0.4763 -0.6949 0.5388
vn 0.2428 -0.3603 0.9007
vn -0.2890 0.4375 0.8515
vn -0.6320 0.7412 0.2263
vn -0.2508 0.4701 0.8462
vn 0.2349 -0.0391 0.9712
vn 0.6032 -0.6266 0.4935
vn 0.5318 -0.7429 0.4066
vn 0.1017 -0.9541 0.2816
vn 0.6627 -0.5848 0.4678
vn 0.6410 -0.6410 0.4221
vn 0.5361 -0.6938 0.4809
vn 0.3123 -0.8588 0.4060
vn 0.5159 -0.7582 0.3987
vn 0.6178 -0.5864 0.5239
vn 0.6500 -0.3368 0.6813
vn -0.7463 -0.5735 0.3378
vn 0.6320 -0.3277 0.7023
vn -0.8861 -0.4235 0.1882
vn -0.9510 -0.2751 -0.1415
vn -0.8829 -0.3360 0.3281
vn -0.9962 -0.0079 -0.0863
vn -0.9224 0.3283 -0.2033
vn -0.8592 0.4257 -0.2838
vn -0.7184 0.3237 0.6158
vn -0.4454 0.6485 0.6173
vn 0.4409 0.0158 0.8974
vn 0.4292 -0.1561 0.8896
vn -0.7533 0.2197 0.6199
vn -0.7591 -0.1096 0.6417
vn 0.4153 -0.0392 0.9089
vn 0.5396 -0.0938 0.8367
vn 0.7417 -0.1405 0.6558
vn 0.7424 -0.1954 0.6408
vn 0.7723 -0.3152 0.5516
vn 0.6391 -0.2572 0.7248
vn 0.5859 -0.4531 0.6718
vn 0.4681 -0.6553 0.5929
vn 0.3515 -0.4218 0.8358
vn 0.2979 -0.6429 0.7056
vn 0.3204 -0.5783 0.7503
vn 0.3912 -0.7277 0.5634
vn 0.4075 -0.7054 0.5800
vn 0.5993 -0.6624 0.4495
vn 0.7267 -0.5704 0.3829
vn 0.7327 -0.5222 0.4365
vn 0.2663 0.0313 0.9634
vn -0.2653 0.4682 0.8428
vn 0.3373 -0.0157 0.9413
vn 0.7860 -0.4638 0.4088
vn 0.7987 -0.4933 0.3445
vn 0.7181 -0.5839 0.3788
vn 0.7033 -0.5939 0.3907
vn 0.4452 -0.7030 0.5546
vn 0.2343 -0.6796 0.6952
vn 0.2428 -0.6580 0.7128
vn 0.2806 -0.5378 0.7950
vn 0.0235 -0.6023 0.7979
vn 0.6471 -0.7328 0.2105
vn 0.2741 -0.9399 0.2036
vn 0.7022 -0.7023 0.1170
vn 0.2502 -0.7114 0.6567
vn 0.7721 -0.6317 0.0702
vn 0.2192 -0.7279 0.6497
vn 0.2428 -0.7128 0.6580
vn 0.5157 -0.6721 0.5314
vn 0.3277 -0.7022 0.6320
vn 0.6484 -0.5937 0.4765
vn 0.7955 -0.5147 0.3198
vn 0.7813 -0.5288 0.3315
vn 0.7977 -0.5005 0.3363
vn 0.8345 -0.4409 0.3306
vn 0.8352 -0.4527 0.3122
vn 0.8559 -0.4476 0.2591
vn 0.8659 -0.4409 0.2362
vn 0.7793 -0.5274 0.3385
vn 0.3753 -0.5942 0.7114
vn 0.6258 -0.5554 0.5476
vn 0.2269 -0.6728 0.7041
vn 0.2350 -0.7363 0.6345
vn 0.8040 -0.5912 0.0631
vn 0.4533 -0.7581 0.4689
vn 0.7331 -0.5147 0.4445
vn 0.2263 -0.4604 0.8584
vn 0.8988 -0.2681 0.3469
vn 0.1485 -0.3361 0.9301
vn 0.3050 -0.5082 0.8054
vn 0.5874 -0.5953 0.5483
vn 0.7715 -0.5455 0.3273
vn 0.8755 -0.4338 0.2129
vn 0.8429 -0.4917 0.2185
vn 0.8754 -0.4021 0.2682
vn 0.8519 -0.4181 0.3155
vn 0.8589 -0.4098 0.3073
vn 0.8827 -0.3862 0.2679
vn 0.8730 -0.3854 0.2989
vn 0.8679 -0.4144 0.2737
vn 0.8661 -0.4603 0.1951
vn 0.8507 -0.4995 0.1639
vn 0.5378 -0.7950 -0.2806
vn 0.4529 -0.8511 -0.2655
vn 0.4311 -0.8936 -0.1254
vn 0.2736 -0.9616 0.0235
vn 0.3867 -0.6866 0.6156
vn 0.1960 -0.5331 0.8231
vn -0.0314 -0.3766 0.9258
vn 0.0470 -0.2899 0.9559
vn -0.0708 -0.3225 0.9439
vn 0.9594 -0.1415 -0.2438
vn -0.0703 -0.2658 0.9615
vn 0.9413 -0.1726 -0.2903
vn -0.1176 -0.3607 0.9252
vn 0.0157 -0.5797 0.8147
vn -0.4372 -0.8743 -0.2108
vn -0.7446 -0.6427 -0.1803
vn -0.1805 -0.4082 0.8949
vn -0.8695 -0.4935 -0.0235
vn -0.2117 -0.2352 0.9486
vn -0.0548 -0.2033 0.9776
vn -0.0549 -0.1412 0.9885
vn 0.7103 -0.5209 -0.4735
vn -0.0079 -0.9065 -0.4220
vn -0.2109 -0.1328 0.9685
vn -0.4813 -0.8049 -0.3472
vn -0.8601 -0.4926 0.1329
vn -0.3361 -0.1485 0.9301
vn -0.2045 -0.1494 0.9674
vn -0.3291 -0.2821 0.9012
vn -0.6606 0.6921 0.2910
vn -0.7181 0.6400 0.2732
vn -0.8117 0.5832 -0.0315
vn -0.8040 0.4651 -0.3705
vn -0.8425 0.5382 -0.0234
vn -0.6887 0.5947 0.4148
vn -0.3053 0.4227 0.8533
vn -0.2890 0.4530 0.8434
vn 0.1411 0.1411 0.9799
vn 0.2265 0.1016 0.9687
vn -0.6312 0.5445 0.5524
vn -0.6253 0.5237 0.5785
vn -0.8589 0.5122 0.0079
vn -0.8278 0.4373 -0.3514
vn -0.7719 0.3509 -0.5302
vn -0.7409 0.3941 -0.5439
vn -0.6641 0.4219 -0.6172
vn -0.7807 0.2732 -0.5621
vn -0.9223 0.2444 -0.2996
vn -0.9368 0.2732 -0.2186
vn -0.4994 0.6008 -0.6242
vn -0.7483 0.2261 -0.6236
vn -0.7962 0.5229 -0.3044
vn -0.6213 0.6371 -0.4562
vn -0.6761 0.5660 -0.4717
vn -0.8834 0.2761 -0.3786
vn -0.7640 0.2729 -0.5847
vn -0.7874 0.3274 -0.5223
vn -0.8613 0.4228 -0.2818
vn -0.8659 0.4992 0.0312
vn -0.6092 0.5077 0.6092
vn 0.1497 0.1498 0.9773
vn 0.8188 -0.4251 0.3858
vn 0.8442 -0.3945 0.3629
vn 0.8654 -0.3698 0.3383
vn 0.1957 0.1409 0.9705
vn 0.0946 0.1892 0.9774
vn -0.5928 0.4992 0.6319
vn -0.5864 0.4848 0.6489
vn 0.0943 0.2043 0.9744
vn 0.3054 0.0940 0.9476
vn 0.8764 -0.3286 0.3521
vn 0.5462 -0.1326 0.8271
vn 0.8908 -0.3548 0.2838
vn 0.8894 -0.3667 0.2731
vn 0.8745 -0.4060 0.2655
vn 0.8814 -0.4329 0.1889
vn 0.8897 -0.3858 0.2441
vn 0.9049 -0.3541 0.2361
vn 0.8891 -0.3533 0.2911
vn 0.4455 -0.1876 0.8754
vn -0.2420 0.3278 0.9132
vn -0.2264 0.2030 0.9526
vn -0.5796 0.4699 0.6658
vn -0.8603 0.5083 0.0391
vn -0.8600 0.5082 0.0469
vn -0.8675 0.4924 0.0703
vn -0.6081 0.4600 0.6471
vn -0.6813 0.4150 0.6030
vn -0.2588 0.0471 0.9648
vn -0.4465 0.0549 0.8931
vn -0.0707 -0.0079 0.9975
vn 0.8677 -0.3707 0.3313
vn 0.8981 -0.3671 0.2422
vn 0.8951 -0.4004 0.1963
vn 0.9048 -0.3777 0.1967
vn 0.5926 -0.7251 -0.3509
vn 0.5477 -0.7590 -0.3521
vn 0.5677 -0.7727 -0.2838
vn -0.8776 0.4701 0.0940
vn -0.8896 0.4292 -0.1561
vn -0.8827 0.4374 -0.1718
vn -0.8801 0.4165 -0.2279
vn -0.8109 0.2362 -0.5354
vn -0.8198 0.2498 -0.5153
vn -0.8772 0.4229 -0.2272
vn -0.8183 0.2911 -0.4957
vn -0.7970 0.2052 -0.5681
vn -0.7976 0.1408 -0.5865
vn -0.7574 0.1341 -0.6390
vn -0.8117 0.2263 -0.5385
vn -0.8498 0.2573 -0.4600
vn -0.9147 0.3785 -0.1419
vn -0.9383 0.3154 -0.1419
vn -0.8360 0.2578 0.4844
vn -0.9233 0.0235 -0.3834
vn -0.8365 0.1329 -0.5316
vn -0.7322 0.1260 -0.6693
vn -0.6879 0.2736 -0.6723
vn -0.8536 0.3837 -0.3524
vn -0.8513 0.3749 -0.3671
vn -0.8181 0.0315 -0.5742
vn -0.8453 0.4540 -0.2818
vn -0.8442 0.3945 -0.3629
vn -0.7574 0.2761 -0.5917
vn -0.8347 0.4368 -0.3354
vn -0.8443 0.4925 -0.2111
vn -0.8500 0.4757 -0.2262
vn -0.8613 0.4463 -0.2428
vn -0.8491 0.3695 -0.3774
vn -0.8687 0.4226 -0.2583
vn -0.8751 0.3863 -0.2917
vn -0.8808 0.4010 -0.2516
vn -0.8815 0.2833 -0.3778
vn -0.9094 0.2901 -0.2979
vn -0.9820 -0.0550 0.1807
vn -0.9843 0.1250 0.1250
vn -0.8964 0.3932 -0.2045
vn -0.8906 0.3783 -0.2522
vn -0.8746 0.4807 -0.0630
vn -0.8302 0.5561 0.0392
vn -0.7800 0.6240 0.0468
vn -0.8364 0.5050 -0.2130
vn -0.7413 0.6704 -0.0315
vn -0.8764 0.3521 -0.3286
vn -0.9291 0.2654 -0.2576
vn -0.8515 0.4609 -0.2500
vn -0.8096 0.5266 -0.2594
vn -0.7409 0.6473 -0.1794
vn -0.5116 0.8579 0.0472
vn -0.5708 0.7975 0.1955
vn -0.6261 0.7357 0.2583
vn -0.6380 0.6617 0.3938
vn -0.6629 0.6313 0.4025
vn -0.5849 0.5927 0.5537
vn -0.8272 0.5541 0.0936
vn -0.8160 0.5727 0.0785
vn -0.7911 0.6109 0.0313
vn -0.7517 0.6578 -0.0470
vn -0.6833 0.7147 -0.1492
vn -0.4164 0.9034 -0.1021
vn -0.7025 0.6635 -0.2576
vn -0.7966 0.5310 -0.2890
vn -0.7257 0.6073 -0.3234
vn -0.7793 0.5589 -0.2834
vn -0.6681 0.6367 -0.3851
vn -0.7484 0.5769 -0.3274
vn -0.7696 0.5419 -0.3377
vn -0.7008 0.5669 -0.4331
vn -0.5743 0.6058 -0.5507
vn -0.5893 0.5264 -0.6129
vn -0.4100 0.5204 -0.7490
vn -0.4167 0.4561 -0.7863
vn -0.1490 0.4547 -0.8781
vn 0.1565 0.3287 -0.9314
vn -0.1570 0.4004 -0.9028
vn -0.3976 0.3820 -0.8342
vn -0.5856 0.4763 -0.6559
vn -0.7010 0.5198 -0.4883
vn -0.6938 0.4809 -0.5361
vn -0.5768 0.6080 -0.5456
vn -0.5105 0.8247 -0.2435
vn -0.4724 0.8346 -0.2834
vn -0.3142 0.9349 -0.1650
vn -0.1964 0.9665 -0.1650
vn -0.2203 0.7317 -0.6451
vn -0.6290 0.6840 -0.3695
vn -0.6238 0.7407 -0.2495
vn -0.6774 0.7247 -0.1260
vn -0.5784 0.7739 -0.2580
vn -0.5125 0.7411 -0.4337
vn -0.4940 0.6743 -0.5489
vn -0.0471 0.6824 -0.7295
vn -0.4005 0.6360 -0.6596
vn -0.5979 0.4170 -0.6845
vn -0.6134 0.4876 -0.6213
vn -0.6710 -0.0156 -0.7413
vn -0.6534 0.3385 -0.6771
vn 0.0626 0.5786 -0.8132
vn -0.1177 0.7061 -0.6983
vn -0.5120 0.6380 -0.5751
vn -0.5750 0.6381 -0.5120
vn -0.4955 0.8337 -0.2438
vn -0.6909 0.7145 -0.1099
vn -0.7723 0.4413 -0.4570
vn -0.7724 0.1170 -0.6242
vn -0.7346 0.1719 -0.6564
vn -0.6088 0.2107 -0.7648
vn -0.3437 -0.0547 -0.9375
vn -0.8078 -0.2509 -0.5333
vn -0.7964 -0.1171 -0.5934
vn -0.8095 -0.5187 -0.2751
vn -0.6818 -0.5173 -0.5173
vn -0.5616 -0.5772 -0.5928
vn -0.8040 0.0390 -0.5933
vn -0.8329 0.4322 -0.3457
vn -0.7337 0.6791 -0.0234
vn -0.7561 0.6537 -0.0315
vn -0.7805 0.6244 0.0312
vn -0.7483 0.6617 0.0472
vn -0.8661 0.4135 -0.2809
vn -0.8272 -0.0078 -0.5619
vn -0.4895 -0.5842 -0.6474
vn -0.8366 -0.0235 -0.5473
vn -0.8844 0.3835 -0.2661
vn -0.7892 0.5939 0.1563
vn -0.8142 0.5715 0.1018
vn -0.8038 0.5831 0.1182
vn -0.8036 0.5851 0.1092
vn -0.8271 0.5462 0.1327
vn -0.6398 0.5774 0.5072
vn -0.8268 0.5382 0.1638
vn -0.8040 0.5754 0.1498
vn -0.8843 0.4539 -0.1095
vn -0.9124 0.3509 -0.2105
vn -0.8299 -0.0470 -0.5559
vn -0.4131 -0.6079 -0.6781
vn -0.3668 -0.6009 -0.7102
vn -0.8367 -0.0156 -0.5474
vn -0.8899 0.4528 -0.0546
vn -0.7885 0.5777 0.2108
vn -0.7967 0.5390 0.2734
vn -0.6469 0.4812 0.5916
vn -0.8724 0.4873 0.0393
vn -0.5230 0.5152 0.6791
vn -0.4177 0.6542 0.6305
vn -0.8776 0.4701 -0.0940
vn -0.9133 0.3981 -0.0859
vn -0.5151 0.6791 0.5230
vn -0.7362 0.4073 0.5404
vn -0.7735 0.5469 0.3203
vn -0.6553 0.5929 0.4681
vn -0.7789 0.5743 0.2518
vn -0.8910 0.4533 -0.0235
vn -0.8277 -0.0394 -0.5597
vn -0.3070 -0.5983 -0.7401
vn -0.2208 -0.6150 -0.7570
vn -0.5681 -0.4024 -0.7179
vn -0.5681 -0.4419 -0.6943
vn -0.5929 -0.4681 -0.6553
vn -0.6393 -0.4499 -0.6235
vn -0.8283 -0.0781 -0.5548
vn -0.7875 -0.1103 -0.6064
vn -0.5245 -0.4148 -0.7435
vn -0.8147 -0.0157 -0.5797
vn -0.4523 -0.3353 -0.8265
vn -0.8344 -0.0158 -0.5510
vn -0.9144 0.4020 -0.0473
vn -0.9160 0.3993 -0.0392
vn -0.8032 0.5433 0.2441
vn -0.8151 0.5016 0.2900
vn -0.9056 0.4137 0.0937
vn -0.8353 0.4886 0.2522
vn -0.9142 0.3829 0.1329
vn -0.8892 0.2262 0.3978
vn -0.8425 -0.0234 -0.5382
vn -0.9207 0.0780 -0.3823
vn -0.8044 -0.0552 -0.5915
vn -0.1499 -0.5521 -0.8202
vn -0.5006 -0.4693 -0.7274
vn -0.7731 -0.1183 -0.6232
vn -0.6254 -0.4769 -0.6176
vn -0.6103 -0.2269 -0.7590
vn -0.5513 -0.2520 -0.7954
vn -0.2185 -0.4917 -0.8429
vn -0.5232 -0.2030 -0.8277
vn -0.4801 -0.0787 -0.8737
vn -0.7303 -0.0000 -0.6832
vn -0.9070 -0.3597 -0.2189
vn -0.7934 -0.2436 0.5578
vn -0.9562 0.2822 -0.0784
vn -0.9224 -0.0000 -0.3863
vn -0.6087 -0.4994 -0.6165
vn -0.1024 -0.0709 -0.9922
vn -0.7957 0.0780 -0.6007
vn -0.7408 -0.1092 -0.6628
vn -0.7734 -0.0391 -0.6328
vn -0.8423 0.0630 -0.5353
vn -0.8906 0.1970 -0.4099
vn -0.8750 0.1484 -0.4609
vn -0.5667 -0.3463 -0.7477
vn -0.4760 -0.3902 -0.7881
vn -0.7112 -0.1016 -0.6956
vn -0.8988 0.3361 -0.2813
vn -0.8915 0.3708 -0.2603
vn -0.8992 0.3832 -0.2111
vn -0.9086 0.3603 -0.2115
vn -0.8675 0.3439 -0.3595
vn -0.8021 0.0944 -0.5897
vn 0.6056 -0.5820 -0.5427
vn 0.6481 -0.6715 -0.3592
vn -0.4932 -0.4383 -0.7514
vn -0.8754 0.1876 -0.4455
vn -0.8446 0.0626 -0.5318
vn -0.8897 0.2441 -0.3858
vn -0.8834 0.2033 -0.4222
vn -0.5680 -0.4024 -0.7179
vn 0.5677 -0.7727 -0.2839
vn -0.6401 -0.3591 -0.6792
vn -0.5878 -0.4702 -0.6583
vn 0.4311 -0.8935 -0.1254
vn -0.8819 0.1951 -0.4292
vn -0.8737 0.1326 -0.4681
vn -0.7975 -0.0391 -0.6021
vn -0.7194 -0.0938 -0.6882
vn -0.4535 -0.2033 -0.8678
vn -0.8832 0.1577 -0.4416
vn -0.8832 0.1876 -0.4299
vn -0.8770 0.1566 -0.4542
vn -0.5709 -0.5318 -0.6256
vn -0.6167 -0.3981 -0.6791
vn -0.5652 0.0314 -0.8243
vn -0.5023 -0.0471 -0.8634
vn -0.8694 -0.4935 -0.0235
vn 0.1178 0.2593 -0.9586
vn -0.1724 0.2665 -0.9483
vn -0.1653 0.3307 -0.9291
vn 0.1492 0.2748 -0.9499
vn -0.7731 -0.1093 -0.6247
vn -0.6159 -0.4912 -0.6159
vn -0.6888 -0.5714 -0.4461
vn -0.9317 0.2192 -0.2897
vn -0.9624 0.0548 -0.2660
vn -0.8890 0.1799 -0.4211
vn -0.8736 -0.1794 -0.4524
vn -0.9539 0.0709 -0.2917
vn -0.6875 -0.5547 -0.4687
vn -0.6323 -0.5074 -0.5854
vn -0.8124 -0.1797 -0.5547
vn 0.3992 -0.9157 -0.0470
vn 0.0393 -0.4406 0.8969
vn 0.1174 -0.1721 0.9781
vn -0.1332 -0.1959 0.9715
vn -0.1808 -0.2515 0.9508
vn -0.2202 -0.0236 0.9752
vn -0.4400 -0.2436 0.8643
vn 0.1884 -0.8244 0.5338
vn 0.1726 -0.7528 0.6352
vn -0.2046 -0.7869 0.5822
vn -0.5340 -0.0942 0.8402
vn -0.0862 -0.7989 0.5953
vn -0.2507 -0.0940 0.9635
vn -0.2579 0.5784 0.7739
vn -0.2682 0.5049 0.8204
vn -0.1717 0.6010 0.7805
vn -0.1418 0.5436 0.8273
vn -0.0859 0.5309 0.8431
vn 0.0157 0.5510 0.8344
vn 0.1327 0.6009 0.7882
vn 0.0704 0.2346 0.9695
vn 0.4728 -0.1970 0.8589
vn 0.4479 0.1965 0.8722
vn 0.5706 0.2267 0.7894
vn 0.6930 0.2678 0.6694
vn 0.8193 0.1261 0.5593
vn 0.5395 -0.1486 0.8288
vn 0.0939 0.9777 -0.1877
vn 0.2435 0.5578 -0.7934
vn 0.4938 0.4076 -0.7681
vn 0.2426 0.9393 -0.2426
vn 0.0158 0.5510 0.8344
vn 0.4476 0.8402 -0.3062
vn 0.6423 0.2820 -0.7127
vn 0.6347 0.7131 -0.2978
vn -0.1418 0.5436 0.8272
vn -0.1717 0.6010 0.7806
vn 0.7225 0.6440 -0.2513
vn 0.7130 0.1645 -0.6816
vn 0.5026 -0.0314 -0.8639
vn 0.8004 0.4786 -0.3610
vn 0.6378 0.7402 0.2126
vn 0.8462 0.1802 -0.5015
vn 0.9553 0.1566 0.2506
vn -0.2507 -0.0941 0.9635
vn -0.0861 -0.7989 0.5953
vn 0.7856 -0.6127 -0.0864
vn 0.5285 -0.5206 -0.6705
vn 0.4260 -0.6074 -0.6705
vn -0.7045 -0.0861 -0.7045
vn -0.7881 0.3121 -0.5306
vn -0.5704 -0.4610 -0.6798
vn 0.3051 -0.8683 -0.3911
vn 0.3438 -0.9375 -0.0547
vn -0.4609 -0.8749 -0.1484
vn -0.5003 -0.6645 -0.5551
vn -0.5588 0.1338 -0.8185
vn -0.7610 -0.6275 -0.1647
vn -0.9886 0.0941 -0.1177
vn -0.5547 0.3437 -0.7578
vn -0.5511 0.4408 -0.7085
vn -0.9294 0.3671 -0.0390
vn -0.8278 0.5545 -0.0859
vn -0.8272 0.3433 0.4448
vn -0.7389 0.1965 0.6446
vn -0.7280 -0.0783 0.6810
vn -0.5271 0.0079 0.8497
vn -0.7032 0.1484 0.6954
vn -0.8297 0.2113 0.5166
vn -0.8232 0.3293 0.4626
vn -0.8240 0.2904 0.4865
vn -0.1102 -0.0708 0.9914
vn -0.1647 -0.1098 0.9802
vn 0.8916 -0.3393 0.2998
vn -0.0468 -0.1172 0.9920
vn 0.2813 -0.2032 0.9379
vn -0.5804 -0.3921 0.7137
vn -0.6353 -0.6742 0.3766
vn 0.3437 -0.9375 -0.0547
vn 0.2033 -0.6644 0.7192
vn 0.9228 -0.2603 0.2839
vn 0.9129 -0.2597 0.3148
vn 0.9188 -0.3377 0.2042
vn 0.9434 -0.2830 0.1730
vn 0.9365 -0.3356 0.1014
vn 0.5285 -0.5207 -0.6705
vn 0.9348 0.2043 -0.2906
vn 0.6284 -0.2199 -0.7462
vn 0.8847 0.3053 -0.3523
vn 0.7066 0.6752 0.2120
vn 0.0624 0.9599 0.2732
vn 0.0471 0.9185 0.3925
vn -0.6219 0.7637 0.1732
vn -0.8191 0.4096 -0.4017
vn -0.8832 0.3154 -0.3470
vn -0.6083 -0.1482 -0.7798
vn 0.0079 -0.2277 -0.9737
vn -0.0000 -0.3373 -0.9414
vn 0.0549 0.6981 -0.7139
vn -0.6250 0.7578 0.1875
vn 0.0472 0.9214 0.3858
vn -0.5599 0.8272 0.0473
vn -0.8761 0.3207 -0.3599
vn -0.5618 -0.0156 -0.8271
vn -0.6168 -0.1483 -0.7730
vn -0.0000 -0.3304 -0.9439
vn 0.5956 -0.0784 -0.7994
vn 0.9311 0.2113 -0.2973
vn 0.6520 0.7541 0.0786
vn 0.7053 0.6740 0.2195
vn 0.0549 0.7061 -0.7060
vn -0.7473 0.0708 -0.6607
vn -0.5107 0.7386 -0.4400
vn -0.5615 0.5693 -0.6005
vn -0.6245 -0.0234 -0.7807
vn -0.8491 0.4245 -0.3145
vn -0.5478 0.7982 0.2504
vn 0.1340 0.8750 0.4651
vn 0.1415 0.9276 0.3459
vn 0.7639 0.5907 0.2599
vn 0.1181 0.7478 -0.6533
vn 0.9057 0.2441 -0.3465
vn 0.9435 0.1258 -0.3066
vn 0.6038 -0.2118 -0.7685
vn -0.0000 -0.1414 -0.9899
vn -0.0000 -0.2591 -0.9658
vt 0.962582 0.599683
vt 0.970174 0.617758
vt 0.955256 0.622891
vt 0.940748 0.607708
vt 0.927372 0.566666
vt 0.914647 0.580788
vt 0.895391 0.531913
vt 0.878328 0.537553
vt 0.895391 0.506464
vt 0.873749 0.551145
vt 0.912310 0.586837
vt 0.910478 0.591537
vt 0.937422 0.614914
vt 0.936530 0.639930
vt 0.957184 0.637496
vt 0.964077 0.661210
vt 0.944411 0.665187
vt 0.908815 0.656149
vt 0.917732 0.629205
vt 0.907152 0.599851
vt 0.889270 0.626048
vt 0.882136 0.583415
vt 0.874762 0.613878
vt 0.882715 0.640749
vt 0.868327 0.639665
vt 0.886956 0.670441
vt 0.911080 0.683069
vt 0.934723 0.693336
vt 0.959907 0.690637
vt 0.978561 0.686853
vt 0.964800 0.697794
vt 0.982778 0.700566
vt 0.958027 0.699819
vt 0.969210 0.718183
vt 0.986369 0.718930
vt 0.973355 0.730064
vt 0.990563 0.729004
vt 0.938964 0.722641
vt 0.913225 0.716544
vt 0.889342 0.705579
vt 0.871098 0.683503
vt 0.855433 0.667091
vt 0.837503 0.645111
vt 0.862230 0.624120
vt 0.849408 0.590043
vt 0.839286 0.605515
vt 0.834683 0.622168
vt 0.821573 0.644388
vt 0.830586 0.661837
vt 0.845022 0.683214
vt 0.867990 0.695553
vt 0.839865 0.695216
vt 0.862109 0.707627
vt 0.883389 0.718448
vt 0.908454 0.727968
vt 0.935663 0.734643
vt 0.955883 0.756237
vt 0.972704 0.749851
vt 0.985044 0.750429
vt 0.998467 0.754478
vt 0.981718 0.757779
vt 0.992298 0.765226
vt 0.985622 0.769468
vt 0.976705 0.759490
vt 0.957714 0.768287
vt 0.932168 0.764527
vt 0.931734 0.753200
vt 0.905875 0.748212
vt 0.880257 0.740283
vt 0.855313 0.730088
vt 0.832056 0.718159
vt 0.807330 0.701337
vt 0.816247 0.681816
vt 0.819139 0.670489
vt 0.798798 0.659764
vt 0.794846 0.670320
vt 0.784844 0.689552
vt 0.777108 0.702421
vt 0.801907 0.714929
vt 0.826441 0.729534
vt 0.851216 0.741656
vt 0.875629 0.750453
vt 0.905128 0.758695
vt 0.763853 0.677912
vt 0.754984 0.689745
vt 0.733752 0.679309
vt 0.741633 0.666922
vt 0.719846 0.656679
vt 0.716352 0.676683
vt 0.707627 0.675068
vt 0.706543 0.655643
vt 0.688420 0.684708
vt 0.727727 0.635833
vt 0.750670 0.647546
vt 0.772529 0.658342
vt 0.779590 0.649160
vt 0.756478 0.636966
vt 0.736837 0.621084
vt 0.714520 0.609154
vt 0.697072 0.639086
vt 0.681431 0.667862
vt 0.663452 0.685527
vt 0.674080 0.702735
vt 0.670682 0.653137
vt 0.681093 0.619421
vt 0.700735 0.587295
vt 0.721220 0.599586
vt 0.756189 0.603153
vt 0.745754 0.586163
vt 0.731125 0.562448
vt 0.708447 0.577101
vt 0.689504 0.574040
vt 0.663163 0.602069
vt 0.655909 0.634507
vt 0.654125 0.670730
vt 0.647931 0.704759
vt 0.654631 0.724015
vt 0.637472 0.717026
vt 0.632290 0.732788
vt 0.634387 0.714809
vt 0.639280 0.691986
vt 0.624916 0.670296
vt 0.639304 0.650413
vt 0.638484 0.618023
vt 0.651571 0.588741
vt 0.683094 0.563099
vt 0.695891 0.563701
vt 0.724763 0.550253
vt 0.744043 0.547892
vt 0.769035 0.574932
vt 0.777349 0.590621
vt 0.771011 0.620794
vt 0.787254 0.633808
vt 0.786893 0.610648
vt 0.793448 0.623325
vt 0.805450 0.642292
vt 0.820657 0.621662
vt 0.812559 0.613998
vt 0.811402 0.600960
vt 0.823790 0.611926
vt 0.833984 0.586428
vt 0.817042 0.584644
vt 0.802196 0.571076
vt 0.784121 0.556013
vt 0.810390 0.546325
vt 0.821452 0.572667
vt 0.840443 0.578667
vt 0.858277 0.573438
vt 0.840539 0.547530
vt 0.815716 0.531094
vt 0.760503 0.522008
vt 0.752116 0.517188
vt 0.812800 0.503716
vt 0.768143 0.495619
vt 0.762672 0.490871
vt 0.733053 0.521502
vt 0.677551 0.545457
vt 0.647666 0.577390
vt 0.629808 0.550350
vt 0.685600 0.511669
vt 0.715870 0.482532
vt 0.734861 0.459516
vt 0.773059 0.465445
vt 0.819572 0.473880
vt 0.848251 0.501619
vt 0.858012 0.525334
vt 0.868640 0.553507
vt 0.862278 0.522394
vt 0.855096 0.503090
vt 0.863314 0.479664
vt 0.865387 0.444478
vt 0.821645 0.444719
vt 0.777614 0.446286
vt 0.768866 0.455395
vt 0.737970 0.450190
vt 0.768769 0.421511
vt 0.776554 0.420836
vt 0.821115 0.414739
vt 0.865218 0.411437
vt 0.872231 0.441080
vt 0.871388 0.477519
vt 0.874400 0.510271
vt 0.887390 0.475712
vt 0.872231 0.409244
vt 0.887583 0.440502
vt 0.865266 0.379769
vt 0.820536 0.383360
vt 0.774891 0.387216
vt 0.766022 0.389578
vt 0.740572 0.421704
vt 0.696710 0.438525
vt 0.713508 0.388879
vt 0.764745 0.345330
vt 0.774481 0.346776
vt 0.821645 0.351717
vt 0.865772 0.349500
vt 0.872761 0.377094
vt 0.887727 0.408810
vt 0.888330 0.379287
vt 0.895391 0.381071
vt 0.895391 0.411919
vt 0.895391 0.440381
vt 0.895391 0.474435
vt 0.895391 0.350512
vt 0.886884 0.349500
vt 0.873894 0.346126
vt 0.864206 0.314048
vt 0.827381 0.319712
vt 0.793014 0.316989
vt 0.786121 0.313398
vt 0.799376 0.285586
vt 0.826272 0.285924
vt 0.854686 0.281104
vt 0.872858 0.310915
vt 0.888282 0.317760
vt 0.895391 0.317856
vt 0.887727 0.297082
vt 0.895391 0.290262
vt 0.867845 0.275295
vt 0.847191 0.250039
vt 0.822802 0.252738
vt 0.799545 0.249123
vt 0.792628 0.283152
vt 0.765781 0.280597
vt 0.791737 0.246038
vt 0.801184 0.214901
vt 0.820777 0.217431
vt 0.864158 0.242953
vt 0.843962 0.210563
vt 0.816198 0.189258
vt 0.808631 0.184848
vt 0.839214 0.159133
vt 0.862206 0.197597
vt 0.870110 0.241628
vt 0.872665 0.267848
vt 0.895391 0.270837
vt 0.895391 0.240061
vt 0.868134 0.199958
vt 0.895391 0.201380
vt 0.866760 0.163423
vt 0.895391 0.166267
vt 0.858542 0.161398
vt 0.845649 0.160603
vt 0.838322 0.150168
vt 0.868688 0.123633
vt 0.872207 0.137708
vt 0.873340 0.147541
vt 0.895391 0.145998
vt 0.895391 0.122862
vt 0.864230 0.088736
vt 0.835478 0.114403
vt 0.802606 0.103534
vt 0.806679 0.146504
vt 0.792339 0.211647
vt 0.786844 0.176148
vt 0.766408 0.233024
vt 0.759587 0.182221
vt 0.751538 0.137660
vt 0.782362 0.141443
vt 0.776843 0.094641
vt 0.744284 0.087098
vt 0.725245 0.175473
vt 0.719557 0.129297
vt 0.728884 0.222588
vt 0.728546 0.273391
vt 0.722955 0.330653
vt 0.667308 0.373841
vt 0.678780 0.316579
vt 0.686974 0.263245
vt 0.689745 0.214660
vt 0.691360 0.169809
vt 0.688154 0.128429
vt 0.713532 0.082374
vt 0.707338 0.037934
vt 0.741584 0.034800
vt 0.777012 0.055912
vt 0.804895 0.068059
vt 0.784121 0.026197
vt 0.735559 0.000000
vt 0.698252 0.000000
vt 0.778602 0.000000
vt 0.810655 0.022799
vt 0.803377 0.000000
vt 0.820777 0.048321
vt 0.836491 0.078807
vt 0.863218 0.058587
vt 0.864375 0.035162
vt 0.838732 0.013544
vt 0.841865 0.000000
vt 0.856470 0.000000
vt 0.861772 0.015810
vt 0.870231 0.000000
vt 0.888764 0.002265
vt 0.895391 0.022389
vt 0.895391 0.053671
vt 0.895391 0.086640
vt 0.665982 0.037717
vt 0.657331 0.000000
vt 0.627061 0.033234
vt 0.618529 0.000000
vt 0.659210 0.056177
vt 0.663355 0.082205
vt 0.657355 0.079386
vt 0.659451 0.099798
vt 0.650848 0.168291
vt 0.650655 0.210514
vt 0.646028 0.254401
vt 0.616553 0.255027
vt 0.634580 0.300914
vt 0.624627 0.355645
vt 0.587850 0.283610
vt 0.595634 0.337377
vt 0.576451 0.324652
vt 0.551145 0.305710
vt 0.526612 0.270572
vt 0.566304 0.229216
vt 0.596044 0.214708
vt 0.600888 0.205983
vt 0.642292 0.174581
vt 0.631326 0.156024
vt 0.637954 0.102570
vt 0.640701 0.094713
vt 0.622193 0.111391
vt 0.621686 0.106667
vt 0.620506 0.162483
vt 0.608938 0.151638
vt 0.591320 0.183402
vt 0.574547 0.194391
vt 0.582114 0.166339
vt 0.580885 0.137298
vt 0.604069 0.119536
vt 0.602816 0.115319
vt 0.580066 0.131466
vt 0.578475 0.119946
vt 0.556592 0.134960
vt 0.556496 0.138624
vt 0.556929 0.172340
vt 0.554206 0.201091
vt 0.531938 0.173593
vt 0.531215 0.138985
vt 0.531624 0.135443
vt 0.555194 0.123248
vt 0.577005 0.109005
vt 0.599587 0.104088
vt 0.620554 0.095244
vt 0.634628 0.084567
vt 0.653764 0.062612
vt 0.631013 0.048610
vt 0.631278 0.058081
vt 0.629206 0.067239
vt 0.619493 0.080518
vt 0.598406 0.092303
vt 0.576475 0.097750
vt 0.554110 0.111559
vt 0.554254 0.099485
vt 0.530612 0.123609
vt 0.505813 0.134045
vt 0.506175 0.170291
vt 0.505379 0.137491
vt 0.489763 0.130261
vt 0.505452 0.122067
vt 0.529913 0.111849
vt 0.530805 0.099798
vt 0.505114 0.109921
vt 0.484003 0.120573
vt 0.479568 0.124332
vt 0.487545 0.133852
vt 0.479954 0.163616
vt 0.453347 0.154650
vt 0.452359 0.120814
vt 0.453106 0.115656
vt 0.479110 0.107438
vt 0.506151 0.098256
vt 0.507958 0.091436
vt 0.532227 0.092834
vt 0.555001 0.093388
vt 0.533480 0.060106
vt 0.508922 0.058997
vt 0.483256 0.088905
vt 0.480701 0.096256
vt 0.452287 0.103847
vt 0.454528 0.093701
vt 0.453130 0.085387
vt 0.483231 0.057768
vt 0.523069 0.051285
vt 0.579343 0.054707
vt 0.577125 0.061142
vt 0.576475 0.092207
vt 0.596261 0.086905
vt 0.595706 0.063648
vt 0.617782 0.077409
vt 0.610914 0.067673
vt 0.600117 0.058153
vt 0.595779 0.058226
vt 0.599466 0.051863
vt 0.597104 0.047092
vt 0.580475 0.048875
vt 0.523310 0.045718
vt 0.470025 0.051140
vt 0.456673 0.056274
vt 0.427126 0.050610
vt 0.470627 0.045525
vt 0.521237 0.027209
vt 0.586115 0.029667
vt 0.566353 0.000000
vt 0.519647 0.000000
vt 0.461397 0.027257
vt 0.427632 0.045139
vt 0.396326 0.044585
vt 0.383963 0.027353
vt 0.457661 0.000000
vt 0.391530 0.000000
vt 0.324315 0.000000
vt 0.322845 0.027763
vt 0.363406 0.042802
vt 0.395483 0.049670
vt 0.407533 0.053333
vt 0.423078 0.053743
vt 0.423270 0.079554
vt 0.415872 0.086013
vt 0.424258 0.098617
vt 0.424162 0.109824
vt 0.424090 0.115271
vt 0.426283 0.144191
vt 0.395338 0.108547
vt 0.398640 0.132840
vt 0.403050 0.150409
vt 0.428717 0.164604
vt 0.454625 0.177810
vt 0.480508 0.189403
vt 0.450214 0.200682
vt 0.384831 0.163182
vt 0.382758 0.139323
vt 0.374926 0.123272
vt 0.365864 0.103654
vt 0.394712 0.103992
vt 0.394423 0.093050
vt 0.367310 0.099196
vt 0.348126 0.095605
vt 0.360586 0.087290
vt 0.363574 0.078012
vt 0.400207 0.083314
vt 0.397772 0.076229
vt 0.365792 0.070300
vt 0.363189 0.048176
vt 0.328147 0.047477
vt 0.331256 0.064371
vt 0.329015 0.070396
vt 0.326412 0.079892
vt 0.294022 0.063672
vt 0.289900 0.049044
vt 0.290744 0.044440
vt 0.327834 0.042778
vt 0.287924 0.029571
vt 0.270187 0.000000
vt 0.257221 0.032824
vt 0.234542 0.000000
vt 0.270066 0.043380
vt 0.284261 0.050466
vt 0.283321 0.060877
vt 0.288454 0.071674
vt 0.267391 0.063166
vt 0.275513 0.051140
vt 0.260137 0.067601
vt 0.248280 0.072059
vt 0.227963 0.083218
vt 0.207213 0.031619
vt 0.200055 0.000000
vt 0.156892 0.025016
vt 0.157567 0.000000
vt 0.126767 0.025908
vt 0.134672 0.000000
vt 0.147083 0.050972
vt 0.175112 0.096015
vt 0.181113 0.140431
vt 0.243845 0.127706
vt 0.276694 0.114162
vt 0.287008 0.103679
vt 0.275513 0.076903
vt 0.289346 0.081241
vt 0.289780 0.086519
vt 0.321086 0.088953
vt 0.343716 0.099100
vt 0.320074 0.093460
vt 0.314892 0.103558
vt 0.309952 0.111583
vt 0.304698 0.125104
vt 0.307445 0.166098
vt 0.211503 0.176774
vt 0.165954 0.122935
vt 0.165664 0.163013
vt 0.158651 0.099051
vt 0.150819 0.108764
vt 0.140673 0.118187
vt 0.135612 0.132309
vt 0.141781 0.184125
vt 0.089918 0.099630
vt 0.110547 0.153493
vt 0.171328 0.213985
vt 0.131225 0.194681
vt 0.194657 0.195789
vt 0.224661 0.229843
vt 0.245942 0.211671
vt 0.232687 0.240230
vt 0.316555 0.191451
vt 0.264137 0.221914
vt 0.307566 0.225215
vt 0.264884 0.229915
vt 0.240158 0.246423
vt 0.227144 0.252039
vt 0.199790 0.247146
vt 0.163447 0.229553
vt 0.185185 0.254063
vt 0.117609 0.270765
vt 0.040320 0.261149
vt 0.094545 0.168194
vt 0.074349 0.123272
vt 0.044682 0.135780
vt 0.060708 0.083362
vt 0.043525 0.102835
vt 0.021883 0.105173
vt 0.026173 0.160049
vt 0.030752 0.215407
vt 0.000000 0.251099
vt 0.000000 0.214949
vt 0.000000 0.173087
vt 0.003398 0.147878
vt 0.049285 0.066468
vt 0.087411 0.044730
vt 0.076759 0.060057
vt 0.088592 0.068251
vt 0.102305 0.083314
vt 0.099003 0.057816
vt 0.114861 0.073529
vt 0.127056 0.062829
vt 0.111246 0.048297
vt 0.103438 0.039235
vt 0.100233 0.019087
vt 0.107680 0.000000
vt 0.000000 0.289201
vt 0.040127 0.296865
vt 0.000000 0.343017
vt 0.039862 0.337883
vt 0.102522 0.324677
vt 0.038295 0.395193
vt 0.000000 0.408641
vt 0.039982 0.460047
vt 0.000000 0.473543
vt 0.040874 0.521623
vt 0.000000 0.533094
vt 0.040826 0.569124
vt 0.000000 0.577294
vt 0.095413 0.517092
vt 0.122188 0.440309
vt 0.112813 0.380998
vt 0.161495 0.343957
vt 0.146143 0.298937
vt 0.214973 0.288285
vt 0.220805 0.274982
vt 0.232301 0.267921
vt 0.247508 0.256305
vt 0.268909 0.280983
vt 0.273416 0.254569
vt 0.314386 0.256594
vt 0.298962 0.266258
vt 0.293082 0.283513
vt 0.327424 0.284020
vt 0.314892 0.302191
vt 0.286623 0.298407
vt 0.270813 0.311108
vt 0.253557 0.292888
vt 0.254256 0.306963
vt 0.254883 0.325255
vt 0.251437 0.376082
vt 0.193669 0.406496
vt 0.152843 0.495209
vt 0.228879 0.456142
vt 0.294479 0.422716
vt 0.297275 0.371479
vt 0.281899 0.334967
vt 0.304963 0.317013
vt 0.337040 0.321110
vt 0.351115 0.300384
vt 0.333907 0.271560
vt 0.359911 0.286719
vt 0.377601 0.318748
vt 0.359044 0.339835
vt 0.323279 0.336630
vt 0.300263 0.354344
vt 0.320026 0.375407
vt 0.330967 0.404665
vt 0.332967 0.463373
vt 0.263029 0.502294
vt 0.162604 0.546855
vt 0.100666 0.561846
vt 0.042995 0.621228
vt 0.000000 0.625325
vt 0.000000 0.660560
vt 0.107149 0.614095
vt 0.047839 0.671911
vt 0.013087 0.688516
vt 0.000000 0.697264
vt 0.013231 0.729558
vt 0.000000 0.727365
vt 0.043911 0.722232
vt 0.097003 0.715291
vt 0.109608 0.668055
vt 0.170918 0.599056
vt 0.176895 0.664319
vt 0.234615 0.585560
vt 0.305686 0.559026
vt 0.266475 0.627711
vt 0.245990 0.673477
vt 0.217696 0.722907
vt 0.157856 0.717725
vt 0.109848 0.771010
vt 0.081025 0.770938
vt 0.047550 0.776192
vt 0.013207 0.763130
vt 0.000000 0.764407
vt 0.010653 0.786651
vt 0.000000 0.786458
vt 0.030583 0.804582
vt 0.009110 0.806317
vt 0.000000 0.812511
vt 0.006941 0.834297
vt 0.000000 0.827549
vt 0.000000 0.842250
vt 0.010508 0.844853
vt 0.001229 0.853818
vt 0.018196 0.856590
vt 0.024486 0.842636
vt 0.042103 0.845817
vt 0.017714 0.823187
vt 0.044320 0.830996
vt 0.066107 0.829405
vt 0.066974 0.815499
vt 0.091219 0.806124
vt 0.093147 0.816704
vt 0.108499 0.805016
vt 0.119537 0.792797
vt 0.144143 0.765275
vt 0.144745 0.788314
vt 0.173015 0.786242
vt 0.205237 0.765781
vt 0.286117 0.731920
vt 0.258377 0.785904
vt 0.311229 0.683816
vt 0.351862 0.744476
vt 0.295757 0.792026
vt 0.326749 0.799569
vt 0.277682 0.802244
vt 0.301709 0.807064
vt 0.323954 0.812366
vt 0.350368 0.818271
vt 0.355790 0.807570
vt 0.373504 0.830851
vt 0.385554 0.813065
vt 0.411100 0.757683
vt 0.374299 0.695673
vt 0.346680 0.637496
vt 0.330991 0.599851
vt 0.378781 0.517501
vt 0.411052 0.558182
vt 0.438694 0.589464
vt 0.418113 0.660150
vt 0.430332 0.731992
vt 0.417028 0.801907
vt 0.444141 0.747127
vt 0.402207 0.827887
vt 0.387241 0.848010
vt 0.418740 0.860952
vt 0.397941 0.878569
vt 0.458722 0.810944
vt 0.476893 0.750646
vt 0.460457 0.708736
vt 0.454890 0.695360
vt 0.468988 0.629013
vt 0.498077 0.652414
vt 0.507500 0.662102
vt 0.506584 0.713387
vt 0.521864 0.776023
vt 0.510874 0.818704
vt 0.495233 0.871339
vt 0.413799 0.914551
vt 0.427946 0.885920
vt 0.396254 0.916912
vt 0.426018 0.912743
vt 0.436742 0.916936
vt 0.464433 0.914936
vt 0.449178 0.932842
vt 0.469133 0.953834
vt 0.454625 0.955400
vt 0.454938 0.965739
vt 0.464867 0.976632
vt 0.472218 0.980995
vt 0.504415 0.928842
vt 0.486051 0.976994
vt 0.478026 0.998684
vt 0.486509 0.998805
vt 0.491160 0.996684
vt 0.501282 0.981983
vt 0.512417 0.966800
vt 0.523816 0.951689
vt 0.532588 0.934771
vt 0.537770 0.919491
vt 0.541168 0.901898
vt 0.541746 0.881750
vt 0.543578 0.861506
vt 0.545675 0.841166
vt 0.546253 0.819331
vt 0.548880 0.800870
vt 0.552857 0.790941
vt 0.573293 0.770336
vt 0.548302 0.729992
vt 0.593513 0.757587
vt 0.571004 0.705964
vt 0.615469 0.745006
vt 0.538830 0.655547
vt 0.536300 0.635399
vt 0.507331 0.612383
vt 0.490775 0.580861
vt 0.471591 0.555218
vt 0.483111 0.545361
vt 0.508753 0.578547
vt 0.530636 0.606238
vt 0.536613 0.627928
vt 0.558279 0.628772
vt 0.550350 0.637640
vt 0.564810 0.662295
vt 0.570522 0.648534
vt 0.581608 0.661451
vt 0.589200 0.642075
vt 0.591586 0.619469
vt 0.549097 0.617975
vt 0.567582 0.598767
vt 0.529022 0.588163
vt 0.521647 0.565726
vt 0.510995 0.548759
vt 0.535480 0.552880
vt 0.545723 0.575800
vt 0.596044 0.577824
vt 0.583729 0.545988
vt 0.542590 0.551314
vt 0.547241 0.530178
vt 0.523937 0.537504
vt 0.496342 0.530660
vt 0.507862 0.519695
vt 0.539505 0.508584
vt 0.514923 0.486677
vt 0.569365 0.474724
vt 0.602069 0.490943
vt 0.635038 0.502776
vt 0.623807 0.598381
vt 0.619349 0.608070
vt 0.622554 0.632869
vt 0.609251 0.652703
vt 0.601876 0.669814
vt 0.598020 0.673815
vt 0.609853 0.690106
vt 0.614673 0.684684
vt 0.622024 0.705121
vt 0.626723 0.702397
vt 0.630965 0.716424
vt 0.628627 0.724931
vt 0.617397 0.713387
vt 0.603852 0.697071
vt 0.593923 0.685142
vt 0.576089 0.669332
vt 0.664030 0.474941
vt 0.627230 0.463541
vt 0.595682 0.446984
vt 0.540734 0.454504
vt 0.580909 0.408087
vt 0.625591 0.415413
vt 0.656824 0.432308
vt 0.691649 0.446647
vt 0.662271 0.425053
vt 0.634845 0.408063
vt 0.603515 0.398953
vt 0.594068 0.393410
vt 0.607636 0.388976
vt 0.597345 0.373359
vt 0.571823 0.372804
vt 0.557243 0.389482
vt 0.516851 0.433103
vt 0.489329 0.468675
vt 0.489618 0.499065
vt 0.478098 0.508777
vt 0.469302 0.477230
vt 0.469350 0.434067
vt 0.492871 0.410593
vt 0.440984 0.448190
vt 0.443563 0.411630
vt 0.442671 0.468313
vt 0.457758 0.485593
vt 0.443249 0.498101
vt 0.464072 0.522129
vt 0.451202 0.530829
vt 0.418354 0.494269
vt 0.419969 0.473687
vt 0.395820 0.449587
vt 0.423367 0.431319
vt 0.398134 0.407870
vt 0.416378 0.388228
vt 0.465855 0.386662
vt 0.512585 0.350464
vt 0.533191 0.369214
vt 0.525045 0.335666
vt 0.553845 0.362104
vt 0.548326 0.354464
vt 0.544759 0.330533
vt 0.561942 0.351476
vt 0.552543 0.336389
vt 0.554953 0.319519
vt 0.562810 0.324821
vt 0.526009 0.319471
vt 0.517068 0.329352
vt 0.466795 0.336341
vt 0.438478 0.363478
vt 0.369575 0.382107
vt 0.386301 0.363526
vt 0.370009 0.424837
vt 0.369551 0.443490
vt 0.343836 0.398664
vt 0.343379 0.357501
vt 0.406882 0.340245
vt 0.431778 0.320411
vt 0.456095 0.291659
vt 0.487401 0.307469
vt 0.496776 0.297805
vt 0.465132 0.282887
vt 0.437755 0.273319
vt 0.484629 0.253991
vt 0.534733 0.231264
vt 0.530974 0.202344
vt 0.496053 0.223890
vt 0.447756 0.237772
vt 0.419270 0.275103
vt 0.436983 0.280429
vt 0.414498 0.285152
vt 0.403484 0.310530
vt 0.373166 0.268162
vt 0.333907 0.251605
vt 0.377625 0.258257
vt 0.411750 0.226204
vt 0.506175 0.198537
vt 0.365213 0.201549
vt 0.336341 0.243459
vt 0.326774 0.237482
vt 0.329111 0.230493
vt 0.306602 0.234952
vt 0.368876 0.149686
vt 0.311759 0.124067
vt 0.373359 0.137129
vt 0.362153 0.117416
vt 0.314699 0.115271
vt 0.571607 0.360417
vt 0.562232 0.369430
vt 0.589489 0.367093
vt 0.608046 0.358537
vt 0.600767 0.353211
vt 0.195091 0.788531
vt 0.209069 0.792122
vt 0.229530 0.794436
vt 0.254256 0.798292
vt 0.942989 0.049044
vt 0.930770 0.028655
vt 0.922986 0.047453
vt 0.930698 0.066540
vt 0.950099 0.056033
vt 0.950340 0.074156
vt 0.969764 0.066010
vt 0.957136 0.048923
vt 0.977139 0.046971
vt 0.968969 0.028294
vt 0.949761 0.020702
vt 0.949954 0.041862
vt 0.950002 0.049188
vt 0.943905 0.234976
vt 0.932530 0.217021
vt 0.925444 0.236808
vt 0.932722 0.255533
vt 0.951906 0.262185
vt 0.950725 0.241724
vt 0.970993 0.254834
vt 0.977982 0.235699
vt 0.957545 0.234759
vt 0.971090 0.216660
vt 0.950605 0.234759
vt 0.950701 0.228083
vt 0.952099 0.209502
vt 0.951472 0.171207
vt 0.970222 0.163013
vt 0.949496 0.151132
vt 0.932361 0.163808
vt 0.942387 0.144094
vt 0.924167 0.144311
vt 0.931831 0.124597
vt 0.950990 0.116861
vt 0.949376 0.136937
vt 0.969836 0.124694
vt 0.956581 0.143926
vt 0.977814 0.143733
vt 0.949255 0.143998
s 1
usemtl models_monsters_darklord_mech_darklord_mech_skirt
f 3118/2944/2713 3120/2945/2714 3119/2946/2715
f 3116/2947/2716 3118/2944/2713 3119/2946/2715
f 3117/2948/2717 3118/2944/2713 3116/2947/2716
f 3115/2949/2718 3117/2948/2717 3116/2947/2716
f 3176/2950/2719 3117/2948/2717 3115/2949/2718
f 3168/2951/2720 3176/2950/2719 3115/2949/2718
f 3176/2950/2719 3168/2951/2720 3175/2952/2721
f 3115/2949/2718 3167/2953/2722 3168/2951/2720
f 3169/2954/2723 3167/2953/2722 3115/2949/2718
f 3116/2947/2716 3169/2954/2723 3115/2949/2718
f 3169/2954/2723 3116/2947/2716 3152/2955/2724
f 3169/2954/2723 3152/2955/2724 3167/2953/2722
f 3116/2947/2716 3119/2946/2715 3127/2956/2725
f 3116/2947/2716 3127/2956/2725 3152/2955/2724
f 3119/2946/2715 3129/2957/2726 3127/2956/2725
f 3153/2958/2727 3129/2957/2726 3119/2946/2715
f 3153/2958/2727 3154/2959/2728 3139/2960/2729
f 3129/2957/2726 3153/2958/2727 3139/2960/2729
f 3129/2957/2726 3139/2960/2729 3135/2961/2730
f 3128/2962/2731 3129/2957/2726 3135/2961/2730
f 3127/2956/2725 3129/2957/2726 3128/2962/2731
f 3128/2962/2731 3163/2963/2732 3127/2956/2725
f 3163/2963/2732 3152/2955/2724 3127/2956/2725
f 3128/2962/2731 3174/2964/2733 3163/2963/2732
f 3135/2961/2730 3174/2964/2733 3128/2962/2731
f 3163/2963/2732 3151/2965/2734 3152/2955/2724
f 3174/2964/2733 3177/2966/2735 3163/2963/2732
f 3163/2963/2732 3177/2966/2735 3151/2965/2734
f 3174/2964/2733 3138/2967/2736 3173/2968/2737
f 3173/2968/2737 3177/2966/2735 3174/2964/2733
f 3174/2964/2733 3135/2961/2730 3138/2967/2736
f 3133/2969/2738 3138/2967/2736 3135/2961/2730
f 3133/2969/2738 3173/2968/2737 3138/2967/2736
f 3135/2961/2730 3134/2970/2739 3133/2969/2738
f 3135/2961/2730 3139/2960/2729 3134/2970/2739
f 3139/2960/2729 3122/2971/2740 3134/2970/2739
f 3122/2971/2740 3139/2960/2729 3121/2972/2741
f 3139/2960/2729 3154/2959/2728 3121/2972/2741
f 3154/2959/2728 3155/2973/2742 3121/2972/2741
f 3121/2972/2741 3155/2973/2742 3124/2974/2743
f 3155/2973/2742 3156/2975/2744 3124/2974/2743
f 3124/2974/2743 3123/2976/2745 3121/2972/2741
f 3121/2972/2741 3123/2976/2745 3122/2971/2740
f 3124/2974/2743 3156/2975/2744 3210/2977/2746
f 3123/2976/2745 3124/2974/2743 3210/2977/2746
f 3156/2975/2744 3211/2978/2747 3210/2977/2746
f 3210/2977/2746 3211/2978/2747 3181/2979/2748
f 3211/2978/2747 3183/2980/2749 3181/2979/2748
f 3181/2979/2748 3240/2981/2750 3210/2977/2746
f 3240/2981/2750 3123/2976/2745 3210/2977/2746
f 3122/2971/2740 3123/2976/2745 3240/2981/2750
f 3240/2981/2750 3241/2982/2751 3122/2971/2740
f 3122/2971/2740 3241/2982/2751 3134/2970/2739
f 3133/2969/2738 3134/2970/2739 3239/2983/2752
f 3241/2982/2751 3239/2983/2752 3134/2970/2739
f 3133/2969/2738 3242/2984/2753 3243/2985/2754
f 3242/2984/2753 3133/2969/2738 3239/2983/2752
f 3243/2985/2754 3173/2968/2737 3133/2969/2738
f 3235/2986/2755 3173/2968/2737 3243/2985/2754
f 3173/2968/2737 3235/2986/2755 3178/2987/2756
f 3178/2987/2756 3177/2966/2735 3173/2968/2737
f 3151/2965/2734 3177/2966/2735 3157/2988/2757
f 3228/2989/2758 3157/2988/2757 3177/2966/2735
f 3228/2989/2758 3177/2966/2735 3178/2987/2756
f 3227/2990/2759 3228/2989/2758 3178/2987/2756
f 3178/2987/2756 3235/2986/2755 3227/2990/2759
f 3227/2990/2759 3235/2986/2755 3234/2991/2760
f 3243/2985/2754 3257/2992/2761 3235/2986/2755
f 3257/2992/2761 3234/2991/2760 3235/2986/2755
f 3243/2985/2754 3251/2993/2762 3257/2992/2761
f 3243/2985/2754 3242/2984/2753 3251/2993/2762
f 3242/2984/2753 3252/2994/2763 3251/2993/2762
f 3252/2994/2763 3242/2984/2753 3239/2983/2752
f 3252/2994/2763 3202/2995/2764 3251/2993/2762
f 3239/2983/2752 3201/2996/2765 3252/2994/2763
f 3201/2996/2765 3202/2995/2764 3252/2994/2763
f 3239/2983/2752 3205/2997/2766 3201/2996/2765
f 3239/2983/2752 3241/2982/2751 3207/2998/2767
f 3205/2997/2766 3239/2983/2752 3207/2998/2767
f 3241/2982/2751 3179/2999/2768 3207/2998/2767
f 3241/2982/2751 3240/2981/2750 3179/2999/2768
f 3179/2999/2768 3240/2981/2750 3181/2979/2748
f 3179/2999/2768 3181/2979/2748 3180/3000/2769
f 3195/3001/2770 3181/2979/2748 3182/3002/2771
f 3195/3001/2770 3180/3000/2769 3181/2979/2748
f 3182/3002/2771 3181/2979/2748 3183/2980/2749
f 3198/3003/2772 3182/3002/2771 3183/2980/2749
f 3182/3002/2771 3198/3003/2772 3196/3004/2773
f 3182/3002/2771 3196/3004/2773 3195/3001/2770
f 3198/3003/2772 3199/3005/2774 3196/3004/2773
f 3199/3005/2774 3215/3006/2775 3196/3004/2773
f 3196/3004/2773 3197/3007/2776 3195/3001/2770
f 3215/3006/2775 3197/3007/2776 3196/3004/2773
f 3197/3007/2776 3180/3000/2769 3195/3001/2770
f 3215/3006/2775 3216/3008/2777 3197/3007/2776
f 3216/3008/2777 3180/3000/2769 3197/3007/2776
f 3180/3000/2769 3216/3008/2777 3212/3009/2778
f 3184/3010/2779 3180/3000/2769 3212/3009/2778
f 3184/3010/2779 3179/2999/2768 3180/3000/2769
f 3184/3010/2779 3206/3011/2780 3179/2999/2768
f 3206/3011/2780 3207/2998/2767 3179/2999/2768
f 3206/3011/2780 3204/3012/2781 3207/2998/2767
f 3204/3012/2781 3205/2997/2766 3207/2998/2767
f 3204/3012/2781 3200/3013/2782 3205/2997/2766
f 3200/3013/2782 3201/2996/2765 3205/2997/2766
f 3200/3013/2782 3190/3014/2783 3201/2996/2765
f 3190/3014/2783 3202/2995/2764 3201/2996/2765
f 3190/3014/2783 3192/3015/2784 3202/2995/2764
f 3202/2995/2764 3203/3016/2785 3251/2993/2762
f 3192/3015/2784 3203/3016/2785 3202/2995/2764
f 3251/2993/2762 3238/3017/2786 3257/2992/2761
f 3203/3016/2785 3238/3017/2786 3251/2993/2762
f 3238/3017/2786 3234/2991/2760 3257/2992/2761
f 3234/2991/2760 3238/3017/2786 3237/3018/2787
f 3237/3018/2787 3238/3017/2786 3186/3019/2788
f 3238/3017/2786 3203/3016/2785 3186/3019/2788
f 3192/3015/2784 3185/3020/2789 3203/3016/2785
f 3185/3020/2789 3186/3019/2788 3203/3016/2785
f 3192/3015/2784 3214/3021/2790 3185/3020/2789
f 3190/3014/2783 3191/3022/2791 3192/3015/2784
f 3191/3022/2791 3214/3021/2790 3192/3015/2784
f 3190/3014/2783 3189/3023/2792 3191/3022/2791
f 3189/3023/2792 3190/3014/2783 3200/3013/2782
f 3217/3024/2793 3189/3023/2792 3200/3013/2782
f 3217/3024/2793 3200/3013/2782 3204/3012/2781
f 3209/3025/2794 3217/3024/2793 3204/3012/2781
f 3209/3025/2794 3204/3012/2781 3206/3011/2780
f 3208/3026/2795 3209/3025/2794 3206/3011/2780
f 3208/3026/2795 3206/3011/2780 3184/3010/2779
f 3212/3009/2778 3208/3026/2795 3184/3010/2779
f 3185/3020/2789 3187/3027/2796 3186/3019/2788
f 3187/3027/2796 3185/3020/2789 3214/3021/2790
f 3213/3028/2797 3187/3027/2796 3214/3021/2790
f 2961/3029/2798 2963/3030/2799 3213/3028/2797
f 2963/3030/2799 3187/3027/2796 3213/3028/2797
f 2961/3029/2798 2962/3031/2800 2963/3030/2799
f 2960/3032/2801 2962/3031/2800 2961/3029/2798
f 2960/3032/2801 2966/3033/2802 2962/3031/2800
f 2964/3034/2803 2966/3033/2802 2965/3035/2804
f 2966/3033/2802 2964/3034/2803 2962/3031/2800
f 2962/3031/2800 2964/3034/2803 3261/3036/2805
f 2963/3030/2799 2962/3031/2800 3261/3036/2805
f 3262/3037/2806 2963/3030/2799 3261/3036/2805
f 2963/3030/2799 3262/3037/2806 3187/3027/2796
f 3187/3027/2796 3188/3038/2807 3186/3019/2788
f 3262/3037/2806 3188/3038/2807 3187/3027/2796
f 3186/3019/2788 3245/3039/2808 3237/3018/2787
f 3188/3038/2807 3245/3039/2808 3186/3019/2788
f 3247/3040/2809 3245/3039/2808 3188/3038/2807
f 3262/3037/2806 3247/3040/2809 3188/3038/2807
f 3249/3041/2810 3247/3040/2809 3262/3037/2806
f 3261/3036/2805 3249/3041/2810 3262/3037/2806
f 3261/3036/2805 3260/3042/2811 3249/3041/2810
f 2964/3034/2803 2969/3043/2812 3261/3036/2805
f 3260/3042/2811 3261/3036/2805 2969/3043/2812
f 2964/3034/2803 2956/3044/2813 2969/3043/2812
f 2956/3044/2813 2964/3034/2803 2965/3035/2804
f 2953/3045/2814 2956/3044/2813 2965/3035/2804
f 2959/3046/2815 2953/3045/2814 2965/3035/2804
f 2956/3044/2813 2953/3045/2814 2954/3047/2816
f 2956/3044/2813 2954/3047/2816 2969/3043/2812
f 3106/3048/2817 2969/3043/2812 2954/3047/2816
f 3106/3048/2817 3260/3042/2811 2969/3043/2812
f 3259/3049/2818 3260/3042/2811 3106/3048/2817
f 3260/3042/2811 3259/3049/2818 3250/3050/2819
f 3260/3042/2811 3250/3050/2819 3249/3041/2810
f 3247/3040/2809 3249/3041/2810 3248/3051/2820
f 3250/3050/2819 3218/3052/2821 3249/3041/2810
f 3218/3052/2821 3248/3051/2820 3249/3041/2810
f 3250/3050/2819 3220/3053/2822 3218/3052/2821
f 3253/3054/2823 3220/3053/2822 3250/3050/2819
f 3259/3049/2818 3253/3054/2823 3250/3050/2819
f 3259/3049/2818 3258/3055/2824 3253/3054/2823
f 3106/3048/2817 3114/3056/2825 3259/3049/2818
f 3258/3055/2824 3259/3049/2818 3114/3056/2825
f 3106/3048/2817 3105/3057/2826 3114/3056/2825
f 3105/3057/2826 3106/3048/2817 2954/3047/2816
f 3105/3057/2826 2954/3047/2816 2955/3058/2827
f 2953/3045/2814 2955/3058/2827 2954/3047/2816
f 2959/3046/2815 2952/3059/2828 2953/3045/2814
f 2953/3045/2814 2952/3059/2828 2955/3058/2827
f 2959/3046/2815 2958/3060/2829 2952/3059/2828
f 2957/3061/2830 2952/3059/2828 2958/3060/2829
f 2970/3062/2831 2957/3061/2830 2958/3060/2829
f 2952/3059/2828 2950/3063/2832 2951/3064/2833
f 2957/3061/2830 2950/3063/2832 2952/3059/2828
f 2951/3064/2833 2955/3058/2827 2952/3059/2828
f 2951/3064/2833 2967/3065/2834 2955/3058/2827
f 3104/3066/2835 3105/3057/2826 2955/3058/2827
f 2967/3065/2834 3104/3066/2835 2955/3058/2827
f 3105/3057/2826 3113/3067/2836 3114/3056/2825
f 3113/3067/2836 3105/3057/2826 3104/3066/2835
f 3113/3067/2836 3109/3068/2837 3114/3056/2825
f 3109/3068/2837 3258/3055/2824 3114/3056/2825
f 3256/3069/2838 3258/3055/2824 3109/3068/2837
f 3258/3055/2824 3256/3069/2838 3255/3070/2839
f 3258/3055/2824 3255/3070/2839 3253/3054/2823
f 3254/3071/2840 3220/3053/2822 3253/3054/2823
f 3255/3070/2839 3254/3071/2840 3253/3054/2823
f 3220/3053/2822 3219/3072/2841 3218/3052/2821
f 3254/3071/2840 3219/3072/2841 3220/3053/2822
f 3219/3072/2841 3221/3073/2842 3218/3052/2821
f 3248/3051/2820 3218/3052/2821 3221/3073/2842
f 3225/3074/2843 3248/3051/2820 3221/3073/2842
f 3246/3075/2844 3248/3051/2820 3225/3074/2843
f 3246/3075/2844 3247/3040/2809 3248/3051/2820
f 3245/3039/2808 3247/3040/2809 3246/3075/2844
f 3244/3076/2845 3245/3039/2808 3246/3075/2844
f 3237/3018/2787 3245/3039/2808 3244/3076/2845
f 3246/3075/2844 3232/3077/2846 3244/3076/2845
f 3232/3077/2846 3246/3075/2844 3225/3074/2843
f 3232/3077/2846 3233/3078/2847 3244/3076/2845
f 3236/3079/2848 3237/3018/2787 3244/3076/2845
f 3236/3079/2848 3244/3076/2845 3233/3078/2847
f 3236/3079/2848 3234/2991/2760 3237/3018/2787
f 3229/3080/2849 3234/2991/2760 3236/3079/2848
f 3229/3080/2849 3227/2990/2759 3234/2991/2760
f 3236/3079/2848 3231/3081/2850 3229/3080/2849
f 3231/3081/2850 3236/3079/2848 3233/3078/2847
f 3233/3078/2847 3232/3077/2846 3231/3081/2850
f 3232/3077/2846 3225/3074/2843 3230/3082/2851
f 3232/3077/2846 3230/3082/2851 3231/3081/2850
f 3226/3083/2852 3229/3080/2849 3231/3081/2850
f 3230/3082/2851 3226/3083/2852 3231/3081/2850
f 3226/3083/2852 3227/2990/2759 3229/3080/2849
f 3226/3083/2852 3228/2989/2758 3227/2990/2759
f 3158/3084/2853 3228/2989/2758 3226/3083/2852
f 3158/3084/2853 3157/2988/2757 3228/2989/2758
f 3226/3083/2852 3224/3085/2854 3158/3084/2853
f 3226/3083/2852 3230/3082/2851 3224/3085/2854
f 3225/3074/2843 3224/3085/2854 3230/3082/2851
f 3221/3073/2842 3223/3086/2855 3225/3074/2843
f 3223/3086/2855 3224/3085/2854 3225/3074/2843
f 3221/3073/2842 3222/3087/2856 3223/3086/2855
f 3221/3073/2842 3219/3072/2841 3222/3087/2856
f 3222/3087/2856 3060/3088/2857 3223/3086/2855
f 3061/3089/2858 3224/3085/2854 3223/3086/2855
f 3061/3089/2858 3223/3086/2855 3060/3088/2857
f 3061/3089/2858 3136/3090/2859 3224/3085/2854
f 3224/3085/2854 3136/3090/2859 3158/3084/2853
f 3157/2988/2757 3158/3084/2853 3136/3090/2859
f 3157/2988/2757 3136/3090/2859 3137/3091/2860
f 3151/2965/2734 3157/2988/2757 3137/3091/2860
f 3136/3090/2859 3062/3092/2861 3137/3091/2860
f 3061/3089/2858 3062/3092/2861 3136/3090/2859
f 3060/3088/2857 3062/3092/2861 3061/3089/2858
f 3062/3092/2861 3060/3088/2857 3039/3093/2862
f 3039/3093/2862 3060/3088/2857 3222/3087/2856
f 3038/3094/2863 3039/3093/2862 3222/3087/2856
f 3219/3072/2841 3038/3094/2863 3222/3087/2856
f 3040/3095/2864 3038/3094/2863 3219/3072/2841
f 3254/3071/2840 3040/3095/2864 3219/3072/2841
f 3038/3094/2863 3002/3096/2865 3039/3093/2862
f 3040/3095/2864 2999/3097/2866 3038/3094/2863
f 3002/3096/2865 3038/3094/2863 2999/3097/2866
f 3040/3095/2864 3001/3098/2867 2999/3097/2866
f 3254/3071/2840 3049/3099/2868 3040/3095/2864
f 3001/3098/2867 3040/3095/2864 3049/3099/2868
f 3254/3071/2840 3050/3100/2869 3049/3099/2868
f 3255/3070/2839 3050/3100/2869 3254/3071/2840
f 3050/3100/2869 3255/3070/2839 3256/3069/2838
f 3050/3100/2869 3256/3069/2838 3077/3101/2870
f 3077/3101/2870 3256/3069/2838 3109/3068/2837
f 3077/3101/2870 3075/3102/2871 3050/3100/2869
f 3048/3103/2872 3049/3099/2868 3050/3100/2869
f 3048/3103/2872 3050/3100/2869 3075/3102/2871
f 3048/3103/2872 3044/3104/2873 3049/3099/2868
f 3001/3098/2867 3049/3099/2868 3044/3104/2873
f 3001/3098/2867 3044/3104/2873 3034/3105/2874
f 3000/3106/2875 3001/3098/2867 3034/3105/2874
f 2999/3097/2866 3001/3098/2867 3000/3106/2875
f 2999/3097/2866 3000/3106/2875 3003/3107/2876
f 3002/3096/2865 2999/3097/2866 3003/3107/2876
f 3160/3108/2877 3002/3096/2865 3003/3107/2876
f 3002/3096/2865 3160/3108/2877 3039/3093/2862
f 3160/3108/2877 3161/3109/2878 3039/3093/2862
f 3039/3093/2862 3161/3109/2878 3062/3092/2861
f 3150/3110/2879 3062/3092/2861 3161/3109/2878
f 3062/3092/2861 3150/3110/2879 3137/3091/2860
f 3150/3110/2879 3151/2965/2734 3137/3091/2860
f 3150/3110/2879 3152/2955/2724 3151/2965/2734
f 3152/2955/2724 3150/3110/2879 3167/2953/2722
f 3167/2953/2722 3150/3110/2879 3170/3111/2880
f 3150/3110/2879 3161/3109/2878 3170/3111/2880
f 3170/3111/2880 3161/3109/2878 3172/3112/2881
f 3161/3109/2878 3160/3108/2877 3172/3112/2881
f 3004/3113/2882 3160/3108/2877 3003/3107/2876
f 3160/3108/2877 3004/3113/2882 3172/3112/2881
f 3003/3107/2876 3005/3114/2883 3004/3113/2882
f 3003/3107/2876 3000/3106/2875 3006/3115/2884
f 3003/3107/2876 3006/3115/2884 3005/3114/2883
f 3000/3106/2875 3007/3116/2885 3006/3115/2884
f 3034/3105/2874 3037/3117/2886 3000/3106/2875
f 3037/3117/2886 3007/3116/2885 3000/3106/2875
f 3034/3105/2874 3035/3118/2887 3037/3117/2886
f 3037/3117/2886 3052/3119/2888 3007/3116/2885
f 3052/3119/2888 3037/3117/2886 3035/3118/2887
f 3052/3119/2888 3008/3120/2889 3007/3116/2885
f 3007/3116/2885 3008/3120/2889 3006/3115/2884
f 3008/3120/2889 3009/3121/2890 3006/3115/2884
f 3006/3115/2884 3009/3121/2890 3010/3122/2891
f 3005/3114/2883 3006/3115/2884 3010/3122/2891
f 3005/3114/2883 3010/3122/2891 3057/3123/2892
f 3005/3114/2883 3057/3123/2892 3059/3124/2893
f 3004/3113/2882 3005/3114/2883 3059/3124/2893
f 3004/3113/2882 3059/3124/2893 3172/3112/2881
f 3170/3111/2880 3172/3112/2881 3171/3125/2894
f 3172/3112/2881 3059/3124/2893 3171/3125/2894
f 3170/3111/2880 3171/3125/2894 3168/2951/2720
f 3167/2953/2722 3170/3111/2880 3168/2951/2720
f 3171/3125/2894 3175/2952/2721 3168/2951/2720
f 3175/2952/2721 3171/3125/2894 3055/3126/2895
f 3059/3124/2893 3055/3126/2895 3171/3125/2894
f 3059/3124/2893 3057/3123/2892 3055/3126/2895
f 3057/3123/2892 3058/3127/2896 3054/3128/2897
f 3057/3123/2892 3054/3128/2897 3055/3126/2895
f 3057/3123/2892 3010/3122/2891 3058/3127/2896
f 3010/3122/2891 3680/3129/2898 3058/3127/2896
f 3770/3130/2899 3680/3129/2898 3010/3122/2891
f 3009/3121/2890 3770/3130/2899 3010/3122/2891
f 3770/3130/2899 3009/3121/2890 3736/3131/2900
f 3009/3121/2890 3008/3120/2889 3736/3131/2900
f 3052/3119/2888 3416/3132/2901 3008/3120/2889
f 3416/3132/2901 3736/3131/2900 3008/3120/2889
f 3052/3119/2888 3051/3133/2902 3416/3132/2901
f 3051/3133/2902 3052/3119/2888 3035/3118/2887
f 3035/3118/2887 3033/3134/2903 3051/3133/2902
f 3033/3134/2903 3035/3118/2887 3034/3105/2874
f 3033/3134/2903 3295/3135/2904 3051/3133/2902
f 3051/3133/2902 3295/3135/2904 3416/3132/2901
f 3314/3136/2905 3416/3132/2901 3295/3135/2904
f 3416/3132/2901 3314/3136/2905 3736/3131/2900
f 3314/3136/2905 3732/3137/2906 3736/3131/2900
f 3769/3138/2907 3770/3130/2899 3736/3131/2900
f 3732/3137/2906 3769/3138/2907 3736/3131/2900
f 3769/3138/2907 3680/3129/2898 3770/3130/2899
f 3682/3139/2908 3680/3129/2898 3769/3138/2907
f 3680/3129/2898 3682/3139/2908 3681/3140/2909
f 3680/3129/2898 3681/3140/2909 3058/3127/2896
f 3058/3127/2896 3684/3141/2910 3054/3128/2897
f 3681/3140/2909 3685/3142/2911 3058/3127/2896
f 3685/3142/2911 3684/3141/2910 3058/3127/2896
f 3685/3142/2911 3688/3143/2912 3684/3141/2910
f 3054/3128/2897 3684/3141/2910 3687/3144/2913
f 3688/3143/2912 3687/3144/2913 3684/3141/2910
f 3687/3144/2913 3056/3145/2914 3054/3128/2897
f 3053/3146/2915 3055/3126/2895 3054/3128/2897
f 3056/3145/2914 3053/3146/2915 3054/3128/2897
f 3053/3146/2915 3175/2952/2721 3055/3126/2895
f 3688/3143/2912 3685/3142/2911 3690/3147/2916
f 3686/3148/2917 3685/3142/2911 3681/3140/2909
f 3685/3142/2911 3686/3148/2917 3690/3147/2916
f 3681/3140/2909 3682/3139/2908 3683/3149/2918
f 3683/3149/2918 3686/3148/2917 3681/3140/2909
f 3682/3139/2908 3677/3150/2919 3683/3149/2918
f 3682/3139/2908 3769/3138/2907 3771/3151/2920
f 3677/3150/2919 3682/3139/2908 3771/3151/2920
f 3769/3138/2907 3733/3152/2921 3771/3151/2920
f 3769/3138/2907 3732/3137/2906 3733/3152/2921
f 3314/3136/2905 3731/3153/2922 3732/3137/2906
f 3731/3153/2922 3733/3152/2921 3732/3137/2906
f 3734/3154/2923 3733/3152/2921 3731/3153/2922
f 3771/3151/2920 3733/3152/2921 3734/3154/2923
f 3772/3155/2924 3771/3151/2920 3734/3154/2923
f 3677/3150/2919 3771/3151/2920 3772/3155/2924
f 3676/3156/2925 3677/3150/2919 3772/3155/2924
f 3675/3157/2926 3677/3150/2919 3676/3156/2925
f 3677/3150/2919 3675/3157/2926 3683/3149/2918
f 3675/3157/2926 3674/3158/2927 3683/3149/2918
f 3674/3158/2927 3686/3148/2917 3683/3149/2918
f 3686/3148/2917 3674/3158/2927 3691/3159/2928
f 3690/3147/2916 3686/3148/2917 3691/3159/2928
f 3674/3158/2927 3491/3160/2929 3691/3159/2928
f 3674/3158/2927 3675/3157/2926 3491/3160/2929
f 3491/3160/2929 3492/3161/2930 3691/3159/2928
f 3675/3157/2926 3347/3162/2931 3491/3160/2929
f 3491/3160/2929 3347/3162/2931 3492/3161/2930
f 3675/3157/2926 3676/3156/2925 3347/3162/2931
f 3676/3156/2925 3678/3163/2932 3347/3162/2931
f 3676/3156/2925 3772/3155/2924 3773/3164/2933
f 3678/3163/2932 3676/3156/2925 3773/3164/2933
f 3772/3155/2924 3734/3154/2923 3773/3164/2933
f 3735/3165/2934 3734/3154/2923 3730/3166/2935
f 3735/3165/2934 3773/3164/2933 3734/3154/2923
f 3730/3166/2935 3734/3154/2923 3731/3153/2922
f 3293/3167/2936 3730/3166/2935 3731/3153/2922
f 3314/3136/2905 3293/3167/2936 3731/3153/2922
f 3293/3167/2936 3729/3168/2937 3730/3166/2935
f 3729/3168/2937 3735/3165/2934 3730/3166/2935
f 3728/3169/2938 3735/3165/2934 3729/3168/2937
f 3735/3165/2934 3728/3169/2938 3773/3164/2933
f 3728/3169/2938 3774/3170/2939 3773/3164/2933
f 3773/3164/2933 3774/3170/2939 3678/3163/2932
f 3678/3163/2932 3311/3171/2940 3347/3162/2931
f 3774/3170/2939 3672/3172/2941 3678/3163/2932
f 3678/3163/2932 3672/3172/2941 3311/3171/2940
f 3774/3170/2939 3728/3169/2938 3727/3173/2942
f 3774/3170/2939 3727/3173/2942 3672/3172/2941
f 3728/3169/2938 3668/3174/2943 3727/3173/2942
f 3727/3173/2942 3673/3175/2944 3672/3172/2941
f 3673/3175/2944 3727/3173/2942 3668/3174/2943
f 3673/3175/2944 3310/3176/2945 3672/3172/2941
f 3672/3172/2941 3310/3176/2945 3311/3171/2940
f 3311/3171/2940 3310/3176/2945 3312/3177/2946
f 3312/3177/2946 3346/3178/2947 3311/3171/2940
f 3346/3178/2947 3347/3162/2931 3311/3171/2940
f 3346/3178/2947 3492/3161/2930 3347/3162/2931
f 3346/3178/2947 3498/3179/2948 3492/3161/2930
f 3498/3179/2948 3346/3178/2947 3499/3180/2949
f 3346/3178/2947 3312/3177/2946 3499/3180/2949
f 3310/3176/2945 3313/3181/2950 3312/3177/2946
f 3499/3180/2949 3312/3177/2946 3313/3181/2950
f 3495/3182/2951 3499/3180/2949 3313/3181/2950
f 3495/3182/2951 3313/3181/2950 3494/3183/2952
f 3313/3181/2950 3310/3176/2945 3494/3183/2952
f 3494/3183/2952 3493/3184/2953 3495/3182/2951
f 3310/3176/2945 3308/3185/2954 3494/3183/2952
f 3308/3185/2954 3310/3176/2945 3309/3186/2955
f 3673/3175/2944 3309/3186/2955 3310/3176/2945
f 3673/3175/2944 3663/3187/2956 3309/3186/2955
f 3663/3187/2956 3673/3175/2944 3668/3174/2943
f 3663/3187/2956 3304/3188/2957 3309/3186/2955
f 3304/3188/2957 3507/3189/2958 3309/3186/2955
f 3507/3189/2958 3308/3185/2954 3309/3186/2955
f 3507/3189/2958 3497/3190/2959 3308/3185/2954
f 3497/3190/2959 3494/3183/2952 3308/3185/2954
f 3493/3184/2953 3494/3183/2952 3497/3190/2959
f 3496/3191/2960 3493/3184/2953 3497/3190/2959
f 3497/3190/2959 3507/3189/2958 3496/3191/2960
f 3305/3192/2961 3496/3191/2960 3507/3189/2958
f 3507/3189/2958 3304/3188/2957 3305/3192/2961
f 3304/3188/2957 3306/3193/2962 3305/3192/2961
f 3663/3187/2956 3661/3194/2963 3304/3188/2957
f 3306/3193/2962 3304/3188/2957 3661/3194/2963
f 3663/3187/2956 3662/3195/2964 3661/3194/2963
f 3668/3174/2943 3664/3196/2965 3663/3187/2956
f 3663/3187/2956 3664/3196/2965 3662/3195/2964
f 3668/3174/2943 3666/3197/2966 3667/3198/2967
f 3668/3174/2943 3667/3198/2967 3664/3196/2965
f 3668/3174/2943 3728/3169/2938 3666/3197/2966
f 3666/3197/2966 3728/3169/2938 3729/3168/2937
f 3666/3197/2966 3729/3168/2937 3315/3199/2968
f 3315/3199/2968 3729/3168/2937 3293/3167/2936
f 3315/3199/2968 3303/3200/2969 3666/3197/2966
f 3303/3200/2969 3667/3198/2967 3666/3197/2966
f 3303/3200/2969 3302/3201/2970 3667/3198/2967
f 3667/3198/2967 3670/3202/2971 3664/3196/2965
f 3302/3201/2970 3670/3202/2971 3667/3198/2967
f 3670/3202/2971 3671/3203/2972 3664/3196/2965
f 3671/3203/2972 3662/3195/2964 3664/3196/2965
f 3670/3202/2971 3341/3204/2973 3671/3203/2972
f 3302/3201/2970 3341/3204/2973 3670/3202/2971
f 3300/3205/2974 3301/3206/2975 3302/3201/2970
f 3302/3201/2970 3301/3206/2975 3341/3204/2973
f 3302/3201/2970 3303/3200/2969 3300/3205/2974
f 3303/3200/2969 3315/3199/2968 3298/3207/2976
f 3300/3205/2974 3303/3200/2969 3298/3207/2976
f 3315/3199/2968 3294/3208/2977 3298/3207/2976
f 3293/3167/2936 3294/3208/2977 3315/3199/2968
f 3292/3209/2978 3294/3208/2977 3293/3167/2936
f 3314/3136/2905 3292/3209/2978 3293/3167/2936
f 3292/3209/2978 3314/3136/2905 3295/3135/2904
f 3292/3209/2978 3295/3135/2904 3283/3210/2979
f 3281/3211/2980 3292/3209/2978 3283/3210/2979
f 3292/3209/2978 3281/3211/2980 3294/3208/2977
f 3281/3211/2980 3296/3212/2981 3294/3208/2977
f 3298/3207/2976 3294/3208/2977 3296/3212/2981
f 3297/3213/2982 3298/3207/2976 3296/3212/2981
f 3300/3205/2974 3298/3207/2976 3297/3213/2982
f 3299/3214/2983 3300/3205/2974 3297/3213/2982
f 3301/3206/2975 3300/3205/2974 3299/3214/2983
f 3324/3215/2984 3301/3206/2975 3299/3214/2983
f 3325/3216/2985 3301/3206/2975 3324/3215/2984
f 3301/3206/2975 3325/3216/2985 3341/3204/2973
f 3342/3217/2986 3343/3218/2987 3341/3204/2973
f 3325/3216/2985 3342/3217/2986 3341/3204/2973
f 3343/3218/2987 3671/3203/2972 3341/3204/2973
f 3665/3219/2988 3671/3203/2972 3343/3218/2987
f 3662/3195/2964 3671/3203/2972 3665/3219/2988
f 3660/3220/2989 3662/3195/2964 3665/3219/2988
f 3661/3194/2963 3662/3195/2964 3660/3220/2989
f 3665/3219/2988 3354/3221/2990 3660/3220/2989
f 3343/3218/2987 3354/3221/2990 3665/3219/2988
f 3343/3218/2987 3342/3217/2986 3352/3222/2991
f 3343/3218/2987 3352/3222/2991 3354/3221/2990
f 3342/3217/2986 3353/3223/2992 3352/3222/2991
f 3352/3222/2991 3357/3224/2993 3354/3221/2990
f 3354/3221/2990 3357/3224/2993 3356/3225/2994
f 3357/3224/2993 3358/3226/2995 3356/3225/2994
f 3354/3221/2990 3356/3225/2994 3355/3227/2996
f 3660/3220/2989 3354/3221/2990 3355/3227/2996
f 3659/3228/2997 3660/3220/2989 3355/3227/2996
f 3659/3228/2997 3661/3194/2963 3660/3220/2989
f 3659/3228/2997 3306/3193/2962 3661/3194/2963
f 3355/3227/2996 3349/3229/2998 3659/3228/2997
f 3659/3228/2997 3349/3229/2998 3306/3193/2962
f 3355/3227/2996 3351/3230/2999 3349/3229/2998
f 3355/3227/2996 3356/3225/2994 3351/3230/2999
f 3777/3231/3000 3356/3225/2994 3358/3226/2995
f 3351/3230/2999 3356/3225/2994 3777/3231/3000
f 3358/3226/2995 3776/3232/3001 3777/3231/3000
f 3781/3233/3002 3777/3231/3000 3776/3232/3001
f 3781/3233/3002 3778/3234/3003 3777/3231/3000
f 3778/3234/3003 3351/3230/2999 3777/3231/3000
f 3781/3233/3002 3782/3235/3004 3778/3234/3003
f 3782/3235/3004 3783/3236/3005 3778/3234/3003
f 3783/3236/3005 3350/3237/3006 3778/3234/3003
f 3350/3237/3006 3351/3230/2999 3778/3234/3003
f 3350/3237/3006 3348/3238/3007 3351/3230/2999
f 3348/3238/3007 3349/3229/2998 3351/3230/2999
f 3348/3238/3007 3307/3239/3008 3349/3229/2998
f 3307/3239/3008 3306/3193/2962 3349/3229/2998
f 3306/3193/2962 3307/3239/3008 3305/3192/2961
f 3353/3223/2992 3342/3217/2986 3333/3240/3009
f 3331/3241/3010 3353/3223/2992 3333/3240/3009
f 3331/3241/3010 3333/3240/3009 3332/3242/3011
f 3334/3243/3012 3331/3241/3010 3332/3242/3011
f 3333/3240/3009 3330/3244/3013 3332/3242/3011
f 3342/3217/2986 3330/3244/3013 3333/3240/3009
f 3342/3217/2986 3325/3216/2985 3330/3244/3013
f 3329/3245/3014 3325/3216/2985 3324/3215/2984
f 3330/3244/3013 3325/3216/2985 3329/3245/3014
f 3329/3245/3014 3622/3246/3015 3330/3244/3013
f 3329/3245/3014 3623/3247/3016 3622/3246/3015
f 3623/3247/3016 3329/3245/3014 3324/3215/2984
f 3623/3247/3016 3324/3215/2984 3640/3248/3017
f 3324/3215/2984 3299/3214/2983 3640/3248/3017
f 3297/3213/2982 3288/3249/3018 3299/3214/2983
f 3288/3249/3018 3640/3248/3017 3299/3214/2983
f 3297/3213/2982 3287/3250/3019 3288/3249/3018
f 3297/3213/2982 3296/3212/2981 3287/3250/3019
f 3287/3250/3019 3289/3251/3020 3288/3249/3018
f 3296/3212/2981 3282/3252/3021 3287/3250/3019
f 3287/3250/3019 3282/3252/3021 3289/3251/3020
f 3296/3212/2981 3281/3211/2980 3282/3252/3021
f 3280/3253/3022 3282/3252/3021 3281/3211/2980
f 3283/3210/2979 3280/3253/3022 3281/3211/2980
f 3282/3252/3021 3277/3254/3023 3289/3251/3020
f 3280/3253/3022 3713/3255/3024 3282/3252/3021
f 3282/3252/3021 3713/3255/3024 3277/3254/3023
f 3713/3255/3024 3279/3256/3025 3277/3254/3023
f 3277/3254/3023 3279/3256/3025 3278/3257/3026
f 3278/3257/3026 3359/3258/3027 3277/3254/3023
f 3519/3259/3028 3277/3254/3023 3359/3258/3027
f 3277/3254/3023 3519/3259/3028 3289/3251/3020
f 3289/3251/3020 3290/3260/3029 3288/3249/3018
f 3519/3259/3028 3290/3260/3029 3289/3251/3020
f 3290/3260/3029 3638/3261/3030 3288/3249/3018
f 3288/3249/3018 3639/3262/3031 3640/3248/3017
f 3638/3261/3030 3639/3262/3031 3288/3249/3018
f 3640/3248/3017 3639/3262/3031 3689/3263/3032
f 3640/3248/3017 3689/3263/3032 3626/3264/3033
f 3623/3247/3016 3640/3248/3017 3626/3264/3033
f 3624/3265/3034 3623/3247/3016 3626/3264/3033
f 3623/3247/3016 3624/3265/3034 3622/3246/3015
f 3626/3264/3033 3625/3266/3035 3604/3267/3036
f 3604/3267/3036 3624/3265/3034 3626/3264/3033
f 3626/3264/3033 3689/3263/3032 3625/3266/3035
f 3639/3262/3031 3551/3268/3037 3689/3263/3032
f 3689/3263/3032 3550/3269/3038 3625/3266/3035
f 3551/3268/3037 3550/3269/3038 3689/3263/3032
f 3550/3269/3038 3551/3268/3037 3549/3270/3039
f 3551/3268/3037 3639/3262/3031 3638/3261/3030
f 3551/3268/3037 3638/3261/3030 3549/3270/3039
f 3549/3270/3039 3638/3261/3030 3290/3260/3029
f 3541/3271/3040 3549/3270/3039 3290/3260/3029
f 3290/3260/3029 3519/3259/3028 3541/3271/3040
f 3541/3271/3040 3547/3272/3041 3549/3270/3039
f 3547/3272/3041 3550/3269/3038 3549/3270/3039
f 3547/3272/3041 3548/3273/3042 3550/3269/3038
f 3548/3273/3042 3552/3274/3043 3550/3269/3038
f 3550/3269/3038 3552/3274/3043 3625/3266/3035
f 3552/3274/3043 3602/3275/3044 3625/3266/3035
f 3602/3275/3044 3604/3267/3036 3625/3266/3035
f 3552/3274/3043 3601/3276/3045 3602/3275/3044
f 3552/3274/3043 3548/3273/3042 3601/3276/3045
f 3601/3276/3045 3600/3277/3046 3602/3275/3044
f 3548/3273/3042 3599/3278/3047 3601/3276/3045
f 3601/3276/3045 3599/3278/3047 3600/3277/3046
f 3548/3273/3042 3547/3272/3041 3511/3279/3048
f 3511/3279/3048 3599/3278/3047 3548/3273/3042
f 3547/3272/3041 3513/3280/3049 3511/3279/3048
f 3513/3280/3049 3547/3272/3041 3541/3271/3040
f 3519/3259/3028 3515/3281/3050 3541/3271/3040
f 3515/3281/3050 3513/3280/3049 3541/3271/3040
f 3512/3282/3051 3513/3280/3049 3515/3281/3050
f 3511/3279/3048 3513/3280/3049 3512/3282/3051
f 3514/3283/3052 3511/3279/3048 3512/3282/3051
f 3511/3279/3048 3514/3283/3052 3596/3284/3053
f 3599/3278/3047 3511/3279/3048 3596/3284/3053
f 3598/3285/3054 3599/3278/3047 3596/3284/3053
f 3599/3278/3047 3598/3285/3054 3600/3277/3046
f 3600/3277/3046 3598/3285/3054 3472/3286/3055
f 3472/3286/3055 3470/3287/3056 3600/3277/3046
f 3470/3287/3056 3602/3275/3044 3600/3277/3046
f 3604/3267/3036 3602/3275/3044 3470/3287/3056
f 3468/3288/3057 3604/3267/3036 3470/3287/3056
f 3624/3265/3034 3604/3267/3036 3468/3288/3057
f 3466/3289/3058 3624/3265/3034 3468/3288/3057
f 3624/3265/3034 3466/3289/3058 3622/3246/3015
f 3466/3289/3058 3591/3290/3059 3622/3246/3015
f 3622/3246/3015 3591/3290/3059 3330/3244/3013
f 3590/3291/3060 3332/3242/3011 3330/3244/3013
f 3330/3244/3013 3591/3290/3059 3590/3291/3060
f 3591/3290/3059 3592/3292/3061 3590/3291/3060
f 3591/3290/3059 3466/3289/3058 3627/3293/3062
f 3592/3292/3061 3591/3290/3059 3627/3293/3062
f 3466/3289/3058 3467/3294/3063 3627/3293/3062
f 3466/3289/3058 3468/3288/3057 3467/3294/3063
f 3468/3288/3057 3470/3287/3056 3469/3295/3064
f 3467/3294/3063 3468/3288/3057 3469/3295/3064
f 3470/3287/3056 3471/3296/3065 3469/3295/3064
f 3470/3287/3056 3472/3286/3055 3471/3296/3065
f 3472/3286/3055 3474/3297/3066 3473/3298/3067
f 3471/3296/3065 3472/3286/3055 3473/3298/3067
f 3472/3286/3055 3598/3285/3054 3474/3297/3066
f 3594/3299/3068 3598/3285/3054 3596/3284/3053
f 3474/3297/3066 3598/3285/3054 3594/3299/3068
f 3596/3284/3053 3597/3300/3069 3594/3299/3068
f 3596/3284/3053 3514/3283/3052 3597/3300/3069
f 3512/3282/3051 3545/3301/3070 3514/3283/3052
f 3514/3283/3052 3553/3302/3071 3597/3300/3069
f 3553/3302/3071 3514/3283/3052 3545/3301/3070
f 3553/3302/3071 3606/3303/3072 3597/3300/3069
f 3597/3300/3069 3595/3304/3073 3594/3299/3068
f 3595/3304/3073 3597/3300/3069 3606/3303/3072
f 3595/3304/3073 3489/3305/3074 3594/3299/3068
f 3489/3305/3074 3474/3297/3066 3594/3299/3068
f 3474/3297/3066 3489/3305/3074 3473/3298/3067
f 3489/3305/3074 3490/3306/3075 3473/3298/3067
f 3595/3304/3073 3568/3307/3076 3489/3305/3074
f 3490/3306/3075 3489/3305/3074 3568/3307/3076
f 3595/3304/3073 3603/3308/3077 3568/3307/3076
f 3603/3308/3077 3595/3304/3073 3606/3303/3072
f 3603/3308/3077 3606/3303/3072 3554/3309/3078
f 3563/3310/3079 3606/3303/3072 3553/3302/3071
f 3606/3303/3072 3563/3310/3079 3554/3309/3078
f 3553/3302/3071 3545/3301/3070 3560/3311/3080
f 3563/3310/3079 3553/3302/3071 3560/3311/3080
f 3560/3311/3080 3554/3309/3078 3563/3310/3079
f 3560/3311/3080 3556/3312/3081 3554/3309/3078
f 3554/3309/3078 3556/3312/3081 3555/3313/3082
f 3555/3313/3082 3605/3314/3083 3554/3309/3078
f 3605/3314/3083 3603/3308/3077 3554/3309/3078
f 3566/3315/3084 3603/3308/3077 3605/3314/3083
f 3603/3308/3077 3566/3315/3084 3568/3307/3076
f 3569/3316/3085 3490/3306/3075 3568/3307/3076
f 3568/3307/3076 3566/3315/3084 3569/3316/3085
f 3490/3306/3075 3569/3316/3085 3572/3317/3086
f 3570/3318/3087 3490/3306/3075 3572/3317/3086
f 3473/3298/3067 3490/3306/3075 3570/3318/3087
f 3473/3298/3067 3571/3319/3088 3471/3296/3065
f 3571/3319/3088 3473/3298/3067 3570/3318/3087
f 3571/3319/3088 3570/3318/3087 3679/3320/3089
f 3679/3320/3089 3570/3318/3087 3572/3317/3086
f 3433/3321/3090 3679/3320/3089 3572/3317/3086
f 3572/3317/3086 3775/3322/3091 3433/3321/3090
f 3572/3317/3086 3569/3316/3085 3775/3322/3091
f 3566/3315/3084 3565/3323/3092 3569/3316/3085
f 3569/3316/3085 3565/3323/3092 3775/3322/3091
f 3566/3315/3084 3564/3324/3093 3565/3323/3092
f 3564/3324/3093 3566/3315/3084 3605/3314/3083
f 3564/3324/3093 3429/3325/3094 3565/3323/3092
f 3775/3322/3091 3565/3323/3092 3429/3325/3094
f 3428/3326/3095 3775/3322/3091 3429/3325/3094
f 3431/3327/3096 3775/3322/3091 3428/3326/3095
f 3775/3322/3091 3431/3327/3096 3433/3321/3090
f 3432/3328/3097 3433/3321/3090 3431/3327/3096
f 3433/3321/3090 3432/3328/3097 3679/3320/3089
f 3630/3329/3098 3632/3330/3099 3679/3320/3089
f 3432/3328/3097 3630/3329/3098 3679/3320/3089
f 3632/3330/3099 3571/3319/3088 3679/3320/3089
f 3571/3319/3088 3632/3330/3099 3573/3331/3100
f 3573/3331/3100 3471/3296/3065 3571/3319/3088
f 3469/3295/3064 3471/3296/3065 3573/3331/3100
f 3574/3332/3101 3469/3295/3064 3573/3331/3100
f 3573/3331/3100 3632/3330/3099 3574/3332/3101
f 3631/3333/3102 3632/3330/3099 3630/3329/3098
f 3632/3330/3099 3631/3333/3102 3574/3332/3101
f 3469/3295/3064 3574/3332/3101 3575/3334/3103
f 3631/3333/3102 3628/3335/3104 3574/3332/3101
f 3575/3334/3103 3574/3332/3101 3628/3335/3104
f 3627/3293/3062 3575/3334/3103 3628/3335/3104
f 3575/3334/3103 3627/3293/3062 3467/3294/3063
f 3467/3294/3063 3469/3295/3064 3575/3334/3103
f 3627/3293/3062 3633/3336/3105 3592/3292/3061
f 3633/3336/3105 3627/3293/3062 3628/3335/3104
f 3631/3333/3102 3633/3336/3105 3628/3335/3104
f 3630/3329/3098 3629/3337/3106 3631/3333/3102
f 3631/3333/3102 3629/3337/3106 3633/3336/3105
f 3593/3338/3107 3592/3292/3061 3633/3336/3105
f 3633/3336/3105 3629/3337/3106 3593/3338/3107
f 3593/3338/3107 3590/3291/3060 3592/3292/3061
f 3629/3337/3106 3437/3339/3108 3593/3338/3107
f 3437/3339/3108 3590/3291/3060 3593/3338/3107
f 3629/3337/3106 3630/3329/3098 3437/3339/3108
f 3436/3340/3109 3437/3339/3108 3630/3329/3098
f 3436/3340/3109 3630/3329/3098 3432/3328/3097
f 3434/3341/3110 3436/3340/3109 3432/3328/3097
f 3434/3341/3110 3432/3328/3097 3427/3342/3111
f 3427/3342/3111 3432/3328/3097 3431/3327/3096
f 3428/3326/3095 3426/3343/3112 3431/3327/3096
f 3426/3343/3112 3427/3342/3111 3431/3327/3096
f 3427/3342/3111 3426/3343/3112 3425/3344/3113
f 3427/3342/3111 3425/3344/3113 3435/3345/3114
f 3435/3345/3114 3434/3341/3110 3427/3342/3111
f 3434/3341/3110 3435/3345/3114 3337/3346/3115
f 3434/3341/3110 3337/3346/3115 3335/3347/3116
f 3436/3340/3109 3434/3341/3110 3335/3347/3116
f 3436/3340/3109 3335/3347/3116 3437/3339/3108
f 3437/3339/3108 3335/3347/3116 3332/3242/3011
f 3590/3291/3060 3437/3339/3108 3332/3242/3011
f 3335/3347/3116 3334/3243/3012 3332/3242/3011
f 3336/3348/3117 3334/3243/3012 3335/3347/3116
f 3335/3347/3116 3337/3346/3115 3336/3348/3117
f 3337/3346/3115 3338/3349/3118 3336/3348/3117
f 3337/3346/3115 3339/3350/3119 3338/3349/3118
f 3435/3345/3114 3339/3350/3119 3337/3346/3115
f 3425/3344/3113 3438/3351/3120 3435/3345/3114
f 3438/3351/3120 3339/3350/3119 3435/3345/3114
f 3425/3344/3113 3439/3352/3121 3438/3351/3120
f 3438/3351/3120 3398/3353/3122 3339/3350/3119
f 3439/3352/3121 3398/3353/3122 3438/3351/3120
f 3339/3350/3119 3340/3354/3123 3338/3349/3118
f 3398/3353/3122 3397/3355/3124 3339/3350/3119
f 3340/3354/3123 3339/3350/3119 3397/3355/3124
f 3398/3353/3122 3400/3356/3125 3397/3355/3124
f 3399/3357/3126 3400/3356/3125 3398/3353/3122
f 3399/3357/3126 3398/3353/3122 3440/3358/3127
f 3398/3353/3122 3439/3352/3121 3440/3358/3127
f 3425/3344/3113 3423/3359/3128 3439/3352/3121
f 3440/3358/3127 3439/3352/3121 3423/3359/3128
f 3425/3344/3113 3419/3360/3129 3423/3359/3128
f 3426/3343/3112 3422/3361/3130 3425/3344/3113
f 3422/3361/3130 3419/3360/3129 3425/3344/3113
f 3426/3343/3112 3421/3362/3131 3422/3361/3130
f 3428/3326/3095 3421/3362/3131 3426/3343/3112
f 3421/3362/3131 3420/3363/3132 3422/3361/3130
f 3422/3361/3130 3420/3363/3132 3419/3360/3129
f 3421/3362/3131 3428/3326/3095 3420/3363/3132
f 3429/3325/3094 3420/3363/3132 3428/3326/3095
f 3567/3364/3133 3420/3363/3132 3429/3325/3094
f 3564/3324/3093 3567/3364/3133 3429/3325/3094
f 3567/3364/3133 3564/3324/3093 3609/3365/3134
f 3564/3324/3093 3605/3314/3083 3609/3365/3134
f 3555/3313/3082 3562/3366/3135 3605/3314/3083
f 3562/3366/3135 3609/3365/3134 3605/3314/3083
f 3555/3313/3082 3558/3367/3136 3562/3366/3135
f 3556/3312/3081 3558/3367/3136 3555/3313/3082
f 3562/3366/3135 3608/3368/3137 3609/3365/3134
f 3558/3367/3136 3737/3369/3138 3562/3366/3135
f 3737/3369/3138 3608/3368/3137 3562/3366/3135
f 3558/3367/3136 3738/3370/3139 3737/3369/3138
f 3556/3312/3081 3557/3371/3140 3558/3367/3136
f 3558/3367/3136 3557/3371/3140 3738/3370/3139
f 3556/3312/3081 3559/3372/3141 3557/3371/3140
f 3559/3372/3141 3556/3312/3081 3560/3311/3080
f 3561/3373/3142 3559/3372/3141 3560/3311/3080
f 3561/3373/3142 3560/3311/3080 3545/3301/3070
f 3561/3373/3142 3645/3374/3143 3559/3372/3141
f 3559/3372/3141 3645/3374/3143 3557/3371/3140
f 3557/3371/3140 3458/3375/3144 3738/3370/3139
f 3645/3374/3143 3458/3375/3144 3557/3371/3140
f 3738/3370/3139 3456/3376/3145 3737/3369/3138
f 3738/3370/3139 3458/3375/3144 3456/3376/3145
f 3737/3369/3138 3456/3376/3145 3621/3377/3146
f 3608/3368/3137 3737/3369/3138 3621/3377/3146
f 3611/3378/3147 3608/3368/3137 3621/3377/3146
f 3607/3379/3148 3608/3368/3137 3611/3378/3147
f 3607/3379/3148 3609/3365/3134 3608/3368/3137
f 3567/3364/3133 3609/3365/3134 3607/3379/3148
f 3454/3380/3149 3567/3364/3133 3607/3379/3148
f 3420/3363/3132 3567/3364/3133 3454/3380/3149
f 3607/3379/3148 3610/3381/3150 3454/3380/3149
f 3610/3381/3150 3607/3379/3148 3611/3378/3147
f 3613/3382/3151 3610/3381/3150 3611/3378/3147
f 3610/3381/3150 3613/3382/3151 3448/3383/3152
f 3610/3381/3150 3448/3383/3152 3454/3380/3149
f 3454/3380/3149 3448/3383/3152 3446/3384/3153
f 3418/3385/3154 3454/3380/3149 3446/3384/3153
f 3418/3385/3154 3420/3363/3132 3454/3380/3149
f 3420/3363/3132 3418/3385/3154 3419/3360/3129
f 3417/3386/3155 3419/3360/3129 3418/3385/3154
f 3417/3386/3155 3418/3385/3154 3446/3384/3153
f 3417/3386/3155 3430/3387/3156 3419/3360/3129
f 3430/3387/3156 3417/3386/3155 3446/3384/3153
f 3430/3387/3156 3424/3388/3157 3419/3360/3129
f 3419/3360/3129 3424/3388/3157 3423/3359/3128
f 3424/3388/3157 3440/3358/3127 3423/3359/3128
f 3424/3388/3157 3441/3389/3158 3440/3358/3127
f 3430/3387/3156 3445/3390/3159 3424/3388/3157
f 3445/3390/3159 3441/3389/3158 3424/3388/3157
f 3430/3387/3156 3446/3384/3153 3445/3390/3159
f 3447/3391/3160 3445/3390/3159 3446/3384/3153
f 3446/3384/3153 3448/3383/3152 3447/3391/3160
f 3448/3383/3152 3449/3392/3161 3447/3391/3160
f 3449/3392/3161 3448/3383/3152 3613/3382/3151
f 3449/3392/3161 3450/3393/3162 3447/3391/3160
f 3445/3390/3159 3447/3391/3160 3450/3393/3162
f 3445/3390/3159 3450/3393/3162 3444/3394/3163
f 3441/3389/3158 3445/3390/3159 3444/3394/3163
f 3444/3394/3163 3443/3395/3164 3441/3389/3158
f 3441/3389/3158 3442/3396/3165 3440/3358/3127
f 3443/3395/3164 3442/3396/3165 3441/3389/3158
f 3442/3396/3165 3399/3357/3126 3440/3358/3127
f 3399/3357/3126 3442/3396/3165 3443/3395/3164
f 3587/3397/3166 3399/3357/3126 3443/3395/3164
f 3400/3356/3125 3399/3357/3126 3587/3397/3166
f 3587/3397/3166 3588/3398/3167 3400/3356/3125
f 3378/3399/3168 3588/3398/3167 3587/3397/3166
f 3377/3400/3169 3588/3398/3167 3378/3399/3168
f 3587/3397/3166 3589/3401/3170 3378/3399/3168
f 3587/3397/3166 3443/3395/3164 3589/3401/3170
f 3635/3402/3171 3443/3395/3164 3444/3394/3163
f 3443/3395/3164 3635/3402/3171 3589/3401/3170
f 3444/3394/3163 3634/3403/3172 3635/3402/3171
f 3444/3394/3163 3450/3393/3162 3634/3403/3172
f 3449/3392/3161 3618/3404/3173 3450/3393/3162
f 3450/3393/3162 3618/3404/3173 3634/3403/3172
f 3637/3405/3174 3634/3403/3172 3618/3404/3173
f 3634/3403/3172 3637/3405/3174 3636/3406/3175
f 3636/3406/3175 3635/3402/3171 3634/3403/3172
f 3589/3401/3170 3635/3402/3171 3636/3406/3175
f 3589/3401/3170 3636/3406/3175 3637/3405/3174
f 3637/3405/3174 3465/3407/3176 3589/3401/3170
f 3378/3399/3168 3589/3401/3170 3464/3408/3177
f 3464/3408/3177 3589/3401/3170 3465/3407/3176
f 3464/3408/3177 3366/3409/3178 3378/3399/3168
f 3377/3400/3169 3378/3399/3168 3376/3410/3179
f 3376/3410/3179 3378/3399/3168 3366/3409/3178
f 3376/3410/3179 3375/3411/3180 3377/3400/3169
f 3375/3411/3180 3376/3410/3179 3387/3412/3181
f 3388/3413/3182 3375/3411/3180 3387/3412/3181
f 3388/3413/3182 3387/3412/3181 3392/3414/3183
f 3391/3415/3184 3388/3413/3182 3392/3414/3183
f 3387/3412/3181 3379/3416/3185 3392/3414/3183
f 3379/3416/3185 3387/3412/3181 3376/3410/3179
f 3369/3417/3186 3379/3416/3185 3376/3410/3179
f 3369/3417/3186 3376/3410/3179 3366/3409/3178
f 3369/3417/3186 3366/3409/3178 3367/3418/3187
f 3366/3409/3178 3364/3419/3188 3367/3418/3187
f 3366/3409/3178 3464/3408/3177 3364/3419/3188
f 3464/3408/3177 3365/3420/3189 3364/3419/3188
f 3465/3407/3176 3453/3421/3190 3464/3408/3177
f 3453/3421/3190 3365/3420/3189 3464/3408/3177
f 3465/3407/3176 3619/3422/3191 3453/3421/3190
f 3637/3405/3174 3619/3422/3191 3465/3407/3176
f 3619/3422/3191 3637/3405/3174 3618/3404/3173
f 3617/3423/3192 3619/3422/3191 3618/3404/3173
f 3617/3423/3192 3618/3404/3173 3449/3392/3161
f 3617/3423/3192 3616/3424/3193 3619/3422/3191
f 3453/3421/3190 3619/3422/3191 3616/3424/3193
f 3617/3423/3192 3614/3425/3194 3616/3424/3193
f 3614/3425/3194 3617/3423/3192 3449/3392/3161
f 3614/3425/3194 3449/3392/3161 3613/3382/3151
f 3613/3382/3151 3612/3426/3195 3614/3425/3194
f 3612/3426/3195 3613/3382/3151 3611/3378/3147
f 3612/3426/3195 3615/3427/3196 3614/3425/3194
f 3615/3427/3196 3616/3424/3193 3614/3425/3194
f 3612/3426/3195 3452/3428/3197 3615/3427/3196
f 3616/3424/3193 3615/3427/3196 3452/3428/3197
f 3453/3421/3190 3616/3424/3193 3452/3428/3197
f 3451/3429/3198 3453/3421/3190 3452/3428/3197
f 3453/3421/3190 3451/3429/3198 3463/3430/3199
f 3365/3420/3189 3453/3421/3190 3463/3430/3199
f 3362/3431/3200 3365/3420/3189 3463/3430/3199
f 3364/3419/3188 3365/3420/3189 3362/3431/3200
f 3360/3432/3201 3364/3419/3188 3362/3431/3200
f 3364/3419/3188 3360/3432/3201 3367/3418/3187
f 3368/3433/3202 3367/3418/3187 3373/3434/3203
f 3373/3434/3203 3367/3418/3187 3360/3432/3201
f 3368/3433/3202 3369/3417/3186 3367/3418/3187
f 3379/3416/3185 3369/3417/3186 3582/3435/3204
f 3369/3417/3186 3368/3433/3202 3583/3436/3205
f 3582/3435/3204 3369/3417/3186 3583/3436/3205
f 3368/3433/3202 3584/3437/3206 3583/3436/3205
f 3373/3434/3203 3402/3438/3207 3368/3433/3202
f 3368/3433/3202 3402/3438/3207 3584/3437/3206
f 3373/3434/3203 3374/3439/3208 3402/3438/3207
f 3584/3437/3206 3402/3438/3207 3393/3440/3209
f 3374/3439/3208 3401/3441/3210 3402/3438/3207
f 3402/3438/3207 3401/3441/3210 3393/3440/3209
f 3374/3439/3208 3372/3442/3211 3806/3443/3212
f 3401/3441/3210 3374/3439/3208 3806/3443/3212
f 3372/3442/3211 3374/3439/3208 3373/3434/3203
f 3371/3444/3213 3372/3442/3211 3373/3434/3203
f 3371/3444/3213 3373/3434/3203 3360/3432/3201
f 3370/3445/3214 3371/3444/3213 3360/3432/3201
f 3361/3446/3215 3370/3445/3214 3360/3432/3201
f 3360/3432/3201 3362/3431/3200 3361/3446/3215
f 3361/3446/3215 3716/3447/3216 3370/3445/3214
f 3362/3431/3200 3363/3448/3217 3361/3446/3215
f 3361/3446/3215 3717/3449/3218 3716/3447/3216
f 3717/3449/3218 3361/3446/3215 3363/3448/3217
f 3669/3450/3219 3717/3449/3218 3363/3448/3217
f 3717/3449/3218 3669/3450/3219 3718/3451/3220
f 3716/3447/3216 3717/3449/3218 3718/3451/3220
f 3754/3452/3221 3716/3447/3216 3718/3451/3220
f 3284/3453/3222 3716/3447/3216 3754/3452/3221
f 3370/3445/3214 3716/3447/3216 3284/3453/3222
f 3291/3454/3223 3370/3445/3214 3284/3453/3222
f 3371/3444/3213 3370/3445/3214 3291/3454/3223
f 3372/3442/3211 3371/3444/3213 3291/3454/3223
f 3804/3455/3224 3372/3442/3211 3291/3454/3223
f 3804/3455/3224 3806/3443/3212 3372/3442/3211
f 3291/3454/3223 3799/3456/3225 3804/3455/3224
f 3804/3455/3224 3838/3457/3226 3806/3443/3212
f 3838/3457/3226 3804/3455/3224 3799/3456/3225
f 3838/3457/3226 3797/3458/3227 3806/3443/3212
f 3807/3459/3228 3401/3441/3210 3806/3443/3212
f 3807/3459/3228 3806/3443/3212 3797/3458/3227
f 3807/3459/3228 3395/3460/3229 3401/3441/3210
f 3401/3441/3210 3395/3460/3229 3393/3440/3209
f 3807/3459/3228 3803/3461/3230 3395/3460/3229
f 3393/3440/3209 3395/3460/3229 3394/3462/3231
f 3803/3461/3230 3396/3463/3232 3395/3460/3229
f 3395/3460/3229 3396/3463/3232 3394/3462/3231
f 3803/3461/3230 3586/3464/3233 3396/3463/3232
f 3396/3463/3232 3586/3464/3233 3394/3462/3231
f 3803/3461/3230 3802/3465/3234 3586/3464/3233
f 3803/3461/3230 3807/3459/3228 3802/3465/3234
f 3807/3459/3228 3796/3466/3235 3802/3465/3234
f 3796/3466/3235 3807/3459/3228 3797/3458/3227
f 3796/3466/3235 3797/3458/3227 3795/3467/3169
f 3794/3468/3180 3796/3466/3235 3795/3467/3169
f 3802/3465/3234 3796/3466/3235 3794/3468/3180
f 3805/3469/3182 3802/3465/3234 3794/3468/3180
f 3801/3470/3236 3802/3465/3234 3805/3469/3182
f 3801/3470/3236 3586/3464/3233 3802/3465/3234
f 3586/3464/3233 3579/3471/3237 3394/3462/3231
f 3460/3472/3238 3578/3473/3239 3579/3471/3237
f 3578/3473/3239 3394/3462/3231 3579/3471/3237
f 3460/3472/3238 3577/3474/3240 3578/3473/3239
f 3578/3473/3239 3577/3474/3240 3394/3462/3231
f 3393/3440/3209 3394/3462/3231 3577/3474/3240
f 3580/3475/3241 3393/3440/3209 3577/3474/3240
f 3580/3475/3241 3584/3437/3206 3393/3440/3209
f 3577/3474/3240 3461/3476/3242 3580/3475/3241
f 3461/3476/3242 3577/3474/3240 3460/3472/3238
f 3461/3476/3242 3585/3477/3243 3580/3475/3241
f 3580/3475/3241 3585/3477/3243 3584/3437/3206
f 3585/3477/3243 3583/3436/3205 3584/3437/3206
f 3582/3435/3204 3583/3436/3205 3585/3477/3243
f 3581/3478/3244 3582/3435/3204 3585/3477/3243
f 3581/3478/3244 3585/3477/3243 3461/3476/3242
f 3581/3478/3244 3379/3416/3185 3582/3435/3204
f 3581/3478/3244 3459/3479/3245 3379/3416/3185
f 3459/3479/3245 3581/3478/3244 3461/3476/3242
f 3459/3479/3245 3461/3476/3242 3460/3472/3238
f 3462/3480/3246 3459/3479/3245 3460/3472/3238
f 3462/3480/3246 3460/3472/3238 3390/3481/3237
f 3462/3480/3246 3392/3414/3183 3459/3479/3245
f 3459/3479/3245 3392/3414/3183 3379/3416/3185
f 3462/3480/3246 3390/3481/3237 3392/3414/3183
f 3391/3415/3184 3392/3414/3183 3390/3481/3237
f 3389/3482/3233 3391/3415/3184 3390/3481/3237
f 3795/3467/3169 3797/3458/3227 3839/3483/3247
f 3837/3484/3248 3797/3458/3227 3838/3457/3226
f 3797/3458/3227 3837/3484/3248 3839/3483/3247
f 3839/3483/3247 3837/3484/3248 3815/3485/3125
f 3817/3486/3249 3837/3484/3248 3653/3487/3250
f 3837/3484/3248 3817/3486/3249 3815/3485/3125
f 3837/3484/3248 3838/3457/3226 3653/3487/3250
f 3817/3486/3249 3653/3487/3250 3816/3488/3251
f 3815/3485/3125 3817/3486/3249 3816/3488/3251
f 3820/3489/3124 3815/3485/3125 3816/3488/3251
f 3816/3488/3251 3840/3490/3252 3820/3489/3124
f 3840/3490/3252 3842/3491/3253 3820/3489/3124
f 3842/3491/3253 3840/3490/3252 3813/3492/3254
f 3834/3493/3255 3842/3491/3253 3813/3492/3254
f 3813/3492/3254 3811/3494/3256 3834/3493/3255
f 3811/3494/3256 3835/3495/3117 3834/3493/3255
f 3813/3492/3254 3812/3496/3257 3811/3494/3256
f 3813/3492/3254 3840/3490/3252 3812/3496/3257
f 3833/3497/3258 3840/3490/3252 3816/3488/3251
f 3840/3490/3252 3833/3497/3258 3812/3496/3257
f 3816/3488/3251 3653/3487/3250 3655/3498/3259
f 3655/3498/3259 3833/3497/3258 3816/3488/3251
f 3653/3487/3250 3654/3499/3260 3655/3498/3259
f 3652/3500/3261 3654/3499/3260 3653/3487/3250
f 3653/3487/3250 3838/3457/3226 3652/3500/3261
f 3652/3500/3261 3838/3457/3226 3799/3456/3225
f 3799/3456/3225 3800/3501/3262 3652/3500/3261
f 3800/3501/3262 3654/3499/3260 3652/3500/3261
f 3799/3456/3225 3285/3502/3263 3800/3501/3262
f 3799/3456/3225 3291/3454/3223 3285/3502/3263
f 3291/3454/3223 3284/3453/3222 3285/3502/3263
f 3284/3453/3222 3286/3503/3264 3285/3502/3263
f 3754/3452/3221 3753/3504/3265 3284/3453/3222
f 3753/3504/3265 3286/3503/3264 3284/3453/3222
f 3754/3452/3221 3718/3451/3220 3753/3504/3265
f 3286/3503/3264 3753/3504/3265 3765/3505/3266
f 3718/3451/3220 3752/3506/3267 3753/3504/3265
f 3753/3504/3265 3752/3506/3267 3765/3505/3266
f 3718/3451/3220 3743/3507/3268 3752/3506/3267
f 3765/3505/3266 3752/3506/3267 3768/3508/3269
f 3768/3508/3269 3752/3506/3267 3743/3507/3268
f 3768/3508/3269 3767/3509/3270 3765/3505/3266
f 3767/3509/3270 3768/3508/3269 3793/3510/3271
f 3793/3510/3271 3768/3508/3269 3743/3507/3268
f 3793/3510/3271 3780/3511/3272 3767/3509/3270
f 3765/3505/3266 3767/3509/3270 3766/3512/3273
f 3766/3512/3273 3767/3509/3270 3780/3511/3272
f 3766/3512/3273 3487/3513/3274 3765/3505/3266
f 3488/3514/3275 3286/3503/3264 3765/3505/3266
f 3488/3514/3275 3765/3505/3266 3487/3513/3274
f 3488/3514/3275 3285/3502/3263 3286/3503/3264
f 3486/3515/3276 3285/3502/3263 3488/3514/3275
f 3285/3502/3263 3486/3515/3276 3800/3501/3262
f 3488/3514/3275 3487/3513/3274 3486/3515/3276
f 3486/3515/3276 3484/3516/3277 3800/3501/3262
f 3654/3499/3260 3800/3501/3262 3798/3517/3278
f 3800/3501/3262 3484/3516/3277 3798/3517/3278
f 3798/3517/3278 3832/3518/3279 3654/3499/3260
f 3655/3498/3259 3654/3499/3260 3832/3518/3279
f 3833/3497/3258 3655/3498/3259 3832/3518/3279
f 3833/3497/3258 3832/3518/3279 3830/3519/3280
f 3830/3519/3280 3812/3496/3257 3833/3497/3258
f 3832/3518/3279 3831/3520/3281 3830/3519/3280
f 3832/3518/3279 3798/3517/3278 3831/3520/3281
f 3819/3521/3282 3798/3517/3278 3481/3522/3283
f 3798/3517/3278 3819/3521/3282 3831/3520/3281
f 3798/3517/3278 3484/3516/3277 3481/3522/3283
f 3484/3516/3277 3485/3523/3284 3481/3522/3283
f 3484/3516/3277 3486/3515/3276 3485/3523/3284
f 3486/3515/3276 3487/3513/3274 3485/3523/3284
f 3487/3513/3274 3766/3512/3273 3779/3524/3285
f 3485/3523/3284 3487/3513/3274 3779/3524/3285
f 3766/3512/3273 3780/3511/3272 3779/3524/3285
f 3780/3511/3272 3757/3525/3286 3779/3524/3285
f 3793/3510/3271 3789/3526/3287 3780/3511/3272
f 3789/3526/3287 3757/3525/3286 3780/3511/3272
f 3743/3507/3268 3744/3527/3288 3793/3510/3271
f 3744/3527/3288 3747/3528/3289 3793/3510/3271
f 3747/3528/3289 3789/3526/3287 3793/3510/3271
f 3762/3529/3290 3789/3526/3287 3747/3528/3289
f 3789/3526/3287 3762/3529/3290 3757/3525/3286
f 3757/3525/3286 3759/3530/3291 3758/3531/3292
f 3762/3529/3290 3759/3530/3291 3757/3525/3286
f 3758/3531/3292 3779/3524/3285 3757/3525/3286
f 3779/3524/3285 3758/3531/3292 3483/3532/3293
f 3485/3523/3284 3779/3524/3285 3483/3532/3293
f 3485/3523/3284 3483/3532/3293 3481/3522/3283
f 3481/3522/3283 3483/3532/3293 3482/3533/3294
f 3483/3532/3293 3758/3531/3292 3482/3533/3294
f 3481/3522/3283 3482/3533/3294 3479/3534/3295
f 3479/3534/3295 3819/3521/3282 3481/3522/3283
f 3818/3535/3296 3819/3521/3282 3479/3534/3295
f 3818/3535/3296 3825/3536/3297 3819/3521/3282
f 3825/3536/3297 3831/3520/3281 3819/3521/3282
f 3830/3519/3280 3831/3520/3281 3825/3536/3297
f 3827/3537/3298 3830/3519/3280 3825/3536/3297
f 3812/3496/3257 3830/3519/3280 3827/3537/3298
f 3814/3538/3299 3812/3496/3257 3827/3537/3298
f 3814/3538/3299 3811/3494/3256 3812/3496/3257
f 3811/3494/3256 3814/3538/3299 3821/3539/3300
f 3835/3495/3117 3811/3494/3256 3821/3539/3300
f 3841/3540/3012 3835/3495/3117 3821/3539/3300
f 3841/3540/3012 3821/3539/3300 3836/3541/3301
f 3814/3538/3299 3809/3542/3302 3821/3539/3300
f 3821/3539/3300 3822/3543/3303 3836/3541/3301
f 3822/3543/3303 3821/3539/3300 3809/3542/3302
f 3822/3543/3303 3542/3544/3304 3836/3541/3301
f 3836/3541/3301 3542/3544/3304 3543/3545/3305
f 3542/3544/3304 3539/3546/3306 3543/3545/3305
f 3539/3546/3306 3540/3547/2991 3543/3545/3305
f 3542/3544/3304 3848/3548/3307 3539/3546/3306
f 3542/3544/3304 3822/3543/3303 3848/3548/3307
f 3848/3548/3307 3822/3543/3303 3658/3549/3308
f 3657/3550/3309 3822/3543/3303 3809/3542/3302
f 3822/3543/3303 3657/3550/3309 3658/3549/3308
f 3809/3542/3302 3808/3551/3310 3810/3552/3311
f 3810/3552/3311 3657/3550/3309 3809/3542/3302
f 3809/3542/3302 3814/3538/3299 3808/3551/3310
f 3814/3538/3299 3827/3537/3298 3808/3551/3310
f 3808/3551/3310 3827/3537/3298 3826/3553/3312
f 3827/3537/3298 3825/3536/3297 3826/3553/3312
f 3824/3554/3313 3825/3536/3297 3818/3535/3296
f 3824/3554/3313 3826/3553/3312 3825/3536/3297
f 3829/3555/3314 3826/3553/3312 3824/3554/3313
f 3826/3553/3312 3829/3555/3314 3808/3551/3310
f 3829/3555/3314 3810/3552/3311 3808/3551/3310
f 3828/3556/3315 3810/3552/3311 3829/3555/3314
f 3810/3552/3311 3828/3556/3315 3326/3557/3316
f 3656/3558/3317 3810/3552/3311 3326/3557/3316
f 3810/3552/3311 3656/3558/3317 3657/3550/3309
f 3656/3558/3317 3658/3549/3308 3657/3550/3309
f 3656/3558/3317 3503/3559/3318 3658/3549/3308
f 3658/3549/3308 3846/3560/3319 3848/3548/3307
f 3503/3559/3318 3846/3560/3319 3658/3549/3308
f 3848/3548/3307 3847/3561/3320 3539/3546/3306
f 3846/3560/3319 3847/3561/3320 3848/3548/3307
f 3539/3546/3306 3537/3562/3321 3540/3547/2991
f 3537/3562/3321 3539/3546/3306 3847/3561/3320
f 3537/3562/3321 3538/3563/3322 3540/3547/2991
f 3537/3562/3321 3535/3564/3323 3538/3563/3322
f 3535/3564/3323 3536/3565/2995 3538/3563/3322
f 3537/3562/3321 3845/3566/3324 3535/3564/3323
f 3537/3562/3321 3847/3561/3320 3845/3566/3324
f 3535/3564/3323 3845/3566/3324 3534/3567/3325
f 3535/3564/3323 3534/3567/3325 3536/3565/2995
f 3534/3567/3325 3533/3568/3326 3536/3565/2995
f 3531/3569/3327 3533/3568/3326 3534/3567/3325
f 3531/3569/3327 3532/3570/3002 3533/3568/3326
f 3530/3571/3328 3532/3570/3002 3531/3569/3327
f 3530/3571/3328 3531/3569/3327 3528/3572/3329
f 3529/3573/3330 3530/3571/3328 3528/3572/3329
f 3527/3574/3331 3529/3573/3330 3528/3572/3329
f 3526/3575/3332 3527/3574/3331 3528/3572/3329
f 3525/3576/3333 3527/3574/3331 3526/3575/3332
f 3528/3572/3329 3844/3577/3334 3526/3575/3332
f 3531/3569/3327 3844/3577/3334 3528/3572/3329
f 3844/3577/3334 3531/3569/3327 3534/3567/3325
f 3845/3566/3324 3844/3577/3334 3534/3567/3325
f 3844/3577/3334 3845/3566/3324 3526/3575/3332
f 3845/3566/3324 3847/3561/3320 3524/3578/3335
f 3845/3566/3324 3524/3578/3335 3526/3575/3332
f 3524/3578/3335 3525/3576/3333 3526/3575/3332
f 3523/3579/3336 3525/3576/3333 3524/3578/3335
f 3522/3580/3337 3523/3579/3336 3524/3578/3335
f 3847/3561/3320 3522/3580/3337 3524/3578/3335
f 3847/3561/3320 3846/3560/3319 3522/3580/3337
f 3503/3559/3318 3504/3581/3338 3846/3560/3319
f 3846/3560/3319 3504/3581/3338 3522/3580/3337
f 3504/3581/3338 3506/3582/3339 3522/3580/3337
f 3506/3582/3339 3523/3579/3336 3522/3580/3337
f 3504/3581/3338 3505/3583/3340 3506/3582/3339
f 3504/3581/3338 3500/3584/3341 3505/3583/3340
f 3500/3584/3341 3504/3581/3338 3503/3559/3318
f 3502/3585/3342 3500/3584/3341 3503/3559/3318
f 3502/3585/3342 3503/3559/3318 3656/3558/3317
f 3502/3585/3342 3501/3586/2951 3500/3584/3341
f 3501/3586/2951 3502/3585/3342 3510/3587/3343
f 3502/3585/3342 3328/3588/3344 3510/3587/3343
f 3328/3588/3344 3502/3585/3342 3656/3558/3317
f 3326/3557/3316 3328/3588/3344 3656/3558/3317
f 3018/3589/3345 3327/3590/3346 3326/3557/3316
f 3327/3590/3346 3328/3588/3344 3326/3557/3316
f 3018/3589/3345 3326/3557/3316 3828/3556/3315
f 3020/3591/3347 3018/3589/3345 3828/3556/3315
f 3828/3556/3315 3829/3555/3314 3020/3591/3347
f 3018/3589/3345 3020/3591/3347 3019/3592/3348
f 3018/3589/3345 3019/3592/3348 3082/3593/3349
f 3082/3593/3349 3327/3590/3346 3018/3589/3345
f 3019/3592/3348 3079/3594/3350 3082/3593/3349
f 3082/3593/3349 3516/3595/3351 3327/3590/3346
f 3079/3594/3350 3080/3596/3352 3082/3593/3349
f 3516/3595/3351 3082/3593/3349 3080/3596/3352
f 3079/3594/3350 3081/3597/2914 3080/3596/3352
f 3081/3597/2914 3079/3594/3350 3083/3598/3353
f 3079/3594/3350 3084/3599/3354 3083/3598/3353
f 3084/3599/3354 3079/3594/3350 3019/3592/3348
f 3084/3599/3354 3125/3600/2721 3083/3598/3353
f 3084/3599/3354 3126/3601/3355 3125/3600/2721
f 3084/3599/3354 3019/3592/3348 3017/3602/3356
f 3126/3601/3355 3084/3599/3354 3017/3602/3356
f 3019/3592/3348 3021/3603/3357 3017/3602/3356
f 3020/3591/3347 3021/3603/3357 3019/3592/3348
f 3020/3591/3347 3066/3604/3358 3021/3603/3357
f 3829/3555/3314 3066/3604/3358 3020/3591/3347
f 3843/3605/3359 3066/3604/3358 3829/3555/3314
f 3843/3605/3359 3829/3555/3314 3824/3554/3313
f 3824/3554/3313 3823/3606/3360 3843/3605/3359
f 3823/3606/3360 3824/3554/3313 3818/3535/3296
f 3823/3606/3360 3091/3607/3361 3843/3605/3359
f 3066/3604/3358 3843/3605/3359 3091/3607/3361
f 3067/3608/3362 3066/3604/3358 3091/3607/3361
f 3066/3604/3358 3067/3608/3362 3047/3609/3363
f 3066/3604/3358 3047/3609/3363 3021/3603/3357
f 3021/3603/3357 3047/3609/3363 3022/3610/3364
f 3021/3603/3357 3022/3610/3364 3017/3602/3356
f 3015/3611/3365 3017/3602/3356 3016/3612/3366
f 3017/3602/3356 3022/3610/3364 3016/3612/3366
f 3015/3611/3365 3126/3601/3355 3017/3602/3356
f 3159/3613/3367 3126/3601/3355 3015/3611/3365
f 3126/3601/3355 3159/3613/3367 3125/3600/2721
f 3159/3613/3367 3131/3614/2719 3125/3600/2721
f 3159/3613/3367 3130/3615/3368 3131/3614/2719
f 3130/3615/3368 3132/3616/3369 3131/3614/2719
f 3159/3613/3367 3140/3617/3370 3130/3615/3368
f 3015/3611/3365 3140/3617/3370 3159/3613/3367
f 3140/3617/3370 3015/3611/3365 3016/3612/3366
f 3144/3618/3371 3140/3617/3370 3016/3612/3366
f 3144/3618/3371 3016/3612/3366 3023/3619/3372
f 3016/3612/3366 3022/3610/3364 3023/3619/3372
f 3022/3610/3364 3024/3620/3373 3023/3619/3372
f 3047/3609/3363 3024/3620/3373 3022/3610/3364
f 3067/3608/3362 3071/3621/3374 3047/3609/3363
f 3024/3620/3373 3047/3609/3363 3071/3621/3374
f 2986/3622/3375 3024/3620/3373 3071/3621/3374
f 3023/3619/3372 3024/3620/3373 2986/3622/3375
f 2984/3623/3376 3023/3619/3372 2986/3622/3375
f 3098/3624/3377 3023/3619/3372 2984/3623/3376
f 3098/3624/3377 3144/3618/3371 3023/3619/3372
f 2978/3625/3378 3144/3618/3371 3098/3624/3377
f 2978/3625/3378 3140/3617/3370 3144/3618/3371
f 3145/3626/3379 3140/3617/3370 2978/3625/3378
f 3145/3626/3379 3162/3627/3380 3140/3617/3370
f 3140/3617/3370 3162/3627/3380 3130/3615/3368
f 3130/3615/3368 3164/3628/3381 3132/3616/3369
f 3162/3627/3380 3149/3629/3382 3130/3615/3368
f 3130/3615/3368 3149/3629/3382 3164/3628/3381
f 3164/3628/3381 3165/3630/2713 3132/3616/3369
f 3149/3629/3382 3166/3631/2715 3164/3628/3381
f 3149/3629/3382 3147/3632/2727 3166/3631/2715
f 3149/3629/3382 3146/3633/3383 3147/3632/2727
f 3162/3627/3380 3146/3633/3383 3149/3629/3382
f 3146/3633/3383 3148/3634/2728 3147/3632/2727
f 3146/3633/3383 3143/3635/3384 3148/3634/2728
f 3148/3634/2728 3143/3635/3384 3141/3636/3385
f 3141/3636/3385 3143/3635/3384 3142/3637/3386
f 3142/3637/3386 3143/3635/3384 3270/3638/2747
f 3270/3638/2747 3143/3635/3384 3266/3639/3387
f 3146/3633/3383 3194/3640/3388 3143/3635/3384
f 3143/3635/3384 3263/3641/3389 3266/3639/3387
f 3143/3635/3384 3194/3640/3388 3263/3641/3389
f 3266/3639/3387 3263/3641/3389 3264/3642/2772
f 3263/3641/3389 3265/3643/3390 3264/3642/2772
f 3263/3641/3389 3267/3644/3391 3265/3643/3390
f 3263/3641/3389 3268/3645/2777 3267/3644/3391
f 3263/3641/3389 3194/3640/3388 3268/3645/2777
f 3194/3640/3388 3269/3646/2778 3268/3645/2777
f 3194/3640/3388 3272/3647/2795 3269/3646/2778
f 3272/3647/2795 3194/3640/3388 3274/3648/3392
f 3194/3640/3388 3275/3649/3393 3274/3648/3392
f 3194/3640/3388 3276/3650/2792 3275/3649/3393
f 3194/3640/3388 3271/3651/2791 3276/3650/2792
f 3194/3640/3388 3146/3633/3383 3162/3627/3380
f 3194/3640/3388 3162/3627/3380 3271/3651/2791
f 3271/3651/2791 3162/3627/3380 3273/3652/2790
f 3273/3652/2790 3162/3627/3380 3145/3626/3379
f 3273/3652/2790 3145/3626/3379 3193/3653/3394
f 3145/3626/3379 2976/3654/2798 3193/3653/3394
f 3145/3626/3379 2978/3625/3378 2976/3654/2798
f 2976/3654/2798 2978/3625/3378 2977/3655/2801
f 2978/3625/3378 2980/3656/3395 2977/3655/2801
f 2980/3656/3395 2978/3625/3378 2971/3657/2804
f 2971/3657/2804 2978/3625/3378 2973/3658/3396
f 2973/3658/3396 2978/3625/3378 3098/3624/3377
f 2973/3658/3396 2972/3659/2815 2971/3657/2804
f 2973/3658/3396 2975/3660/3397 2972/3659/2815
f 2972/3659/2815 2975/3660/3397 2974/3661/3398
f 2973/3658/3396 2982/3662/3399 2975/3660/3397
f 2973/3658/3396 3098/3624/3377 2982/3662/3399
f 2982/3662/3399 3098/3624/3377 2984/3623/3376
f 2982/3662/3399 2984/3623/3376 2983/3663/3400
f 2984/3623/3376 2986/3622/3375 2983/3663/3400
f 2983/3663/3400 2986/3622/3375 2995/3664/3401
f 2986/3622/3375 3071/3621/3374 2995/3664/3401
f 2995/3664/3401 3071/3621/3374 3072/3665/3402
f 3071/3621/3374 3067/3608/3362 3072/3665/3402
f 3072/3665/3402 3067/3608/3362 3073/3666/3403
f 3073/3666/3403 3067/3608/3362 3091/3607/3361
f 3073/3666/3403 3086/3667/3404 3072/3665/3402
f 3086/3667/3404 3088/3668/3405 3072/3665/3402
f 3072/3665/3402 3088/3668/3405 2995/3664/3401
f 3088/3668/3405 3089/3669/3406 2995/3664/3401
f 2983/3663/3400 2995/3664/3401 3030/3670/3407
f 2995/3664/3401 3089/3669/3406 3030/3670/3407
f 2983/3663/3400 3030/3670/3407 3031/3671/3408
f 2983/3663/3400 3031/3671/3408 2988/3672/3409
f 2982/3662/3399 2983/3663/3400 2988/3672/3409
f 2982/3662/3399 2988/3672/3409 2987/3673/3410
f 2975/3660/3397 2982/3662/3399 2987/3673/3410
f 2988/3672/3409 2990/3674/3411 2987/3673/3410
f 2988/3672/3409 3031/3671/3408 2990/3674/3411
f 2990/3674/3411 2989/3675/3412 2987/3673/3410
f 3031/3671/3408 3112/3676/3413 2990/3674/3411
f 2989/3675/3412 2990/3674/3411 3112/3676/3413
f 3031/3671/3408 3070/3677/3414 3112/3676/3413
f 3030/3670/3407 3032/3678/3415 3031/3671/3408
f 3070/3677/3414 3031/3671/3408 3043/3679/3416
f 3031/3671/3408 3032/3678/3415 3043/3679/3416
f 3089/3669/3406 3042/3680/3417 3032/3678/3415
f 3043/3679/3416 3032/3678/3415 3042/3680/3417
f 3032/3678/3415 3030/3670/3407 3089/3669/3406
f 3089/3669/3406 3088/3668/3405 3042/3680/3417
f 3042/3680/3417 3088/3668/3405 3100/3681/3418
f 3088/3668/3405 3101/3682/3419 3100/3681/3418
f 3088/3668/3405 3086/3667/3404 3101/3682/3419
f 3100/3681/3418 3101/3682/3419 2997/3683/3420
f 2997/3683/3420 3041/3684/3421 3100/3681/3418
f 3041/3684/3421 3042/3680/3417 3100/3681/3418
f 3041/3684/3421 3043/3679/3416 3042/3680/3417
f 3043/3679/3416 3041/3684/3421 3076/3685/3422
f 3070/3677/3414 3043/3679/3416 3076/3685/3422
f 3041/3684/3421 3074/3686/3423 3076/3685/3422
f 3041/3684/3421 2998/3687/3424 3074/3686/3423
f 2998/3687/3424 3041/3684/3421 2997/3683/3420
f 2996/3688/3425 2998/3687/3424 2997/3683/3420
f 3074/3686/3423 2998/3687/3424 2996/3688/3425
f 2997/3683/3420 3094/3689/3426 2996/3688/3425
f 3101/3682/3419 3094/3689/3426 2997/3683/3420
f 3086/3667/3404 3102/3690/3427 3101/3682/3419
f 3101/3682/3419 3102/3690/3427 3094/3689/3426
f 3094/3689/3426 3097/3691/3428 3093/3692/3429
f 3102/3690/3427 3097/3691/3428 3094/3689/3426
f 3093/3692/3429 2996/3688/3425 3094/3689/3426
f 3097/3691/3428 3791/3693/3430 3093/3692/3429
f 3093/3692/3429 3092/3694/3431 2996/3688/3425
f 3093/3692/3429 3791/3693/3430 3092/3694/3431
f 3092/3694/3431 3090/3695/3432 2996/3688/3425
f 3074/3686/3423 2996/3688/3425 3090/3695/3432
f 3063/3696/3433 3074/3686/3423 3090/3695/3432
f 3074/3686/3423 3063/3696/3433 3075/3102/2871
f 3075/3102/2871 3076/3685/3422 3074/3686/3423
f 3076/3685/3422 3075/3102/2871 3077/3101/2870
f 3078/3697/3434 3076/3685/3422 3077/3101/2870
f 3078/3697/3434 3070/3677/3414 3076/3685/3422
f 3077/3101/2870 3109/3068/2837 3078/3697/3434
f 3078/3697/3434 3108/3698/3435 3070/3677/3414
f 3078/3697/3434 3109/3068/2837 3108/3698/3435
f 3108/3698/3435 3109/3068/2837 3113/3067/2836
f 3113/3067/2836 3110/3699/3436 3108/3698/3435
f 3110/3699/3436 3113/3067/2836 3104/3066/2835
f 3110/3699/3436 3070/3677/3414 3108/3698/3435
f 3110/3699/3436 3111/3700/3437 3070/3677/3414
f 3111/3700/3437 3110/3699/3436 3104/3066/2835
f 2967/3065/2834 3111/3700/3437 3104/3066/2835
f 3107/3701/3438 3111/3700/3437 2967/3065/2834
f 3112/3676/3413 3111/3700/3437 3107/3701/3438
f 3111/3700/3437 3112/3676/3413 3070/3677/3414
f 3107/3701/3438 2989/3675/3412 3112/3676/3413
f 2989/3675/3412 3107/3701/3438 2994/3702/3439
f 2994/3702/3439 3107/3701/3438 2944/3703/3440
f 2968/3704/3441 3107/3701/3438 2967/3065/2834
f 3107/3701/3438 2968/3704/3441 2944/3703/3440
f 2967/3065/2834 2951/3064/2833 2968/3704/3441
f 2944/3703/3440 2968/3704/3441 2946/3705/3442
f 2951/3064/2833 2949/3706/3443 2968/3704/3441
f 2968/3704/3441 2949/3706/3443 2946/3705/3442
f 2951/3064/2833 2950/3063/2832 2949/3706/3443
f 2949/3706/3443 2948/3707/3444 2946/3705/3442
f 2950/3063/2832 2948/3707/3444 2949/3706/3443
f 2948/3707/3444 2950/3063/2832 2957/3061/2830
f 2970/3062/2831 2948/3707/3444 2957/3061/2830
f 2970/3062/2831 2974/3661/3398 2979/3708/3445
f 2979/3708/3445 2948/3707/3444 2970/3062/2831
f 2974/3661/3398 2945/3709/3446 2979/3708/3445
f 2948/3707/3444 2979/3708/3445 2945/3709/3446
f 2946/3705/3442 2948/3707/3444 2945/3709/3446
f 2944/3703/3440 2946/3705/3442 2945/3709/3446
f 2947/3710/3447 2944/3703/3440 2945/3709/3446
f 2974/3661/3398 2947/3710/3447 2945/3709/3446
f 2944/3703/3440 2981/3711/3448 2994/3702/3439
f 2944/3703/3440 2947/3710/3447 2981/3711/3448
f 2981/3711/3448 2989/3675/3412 2994/3702/3439
f 2947/3710/3447 2975/3660/3397 2981/3711/3448
f 2974/3661/3398 2975/3660/3397 2947/3710/3447
f 2975/3660/3397 2985/3712/3449 2981/3711/3448
f 2985/3712/3449 2989/3675/3412 2981/3711/3448
f 2989/3675/3412 2985/3712/3449 2987/3673/3410
f 2975/3660/3397 2987/3673/3410 2985/3712/3449
f 3063/3696/3433 3048/3103/2872 3075/3102/2871
f 3063/3696/3433 3045/3713/3450 3048/3103/2872
f 3045/3713/3450 3044/3104/2873 3048/3103/2872
f 3063/3696/3433 3065/3714/3451 3045/3713/3450
f 3063/3696/3433 3090/3695/3432 3065/3714/3451
f 3792/3715/3452 3065/3714/3451 3090/3695/3432
f 3092/3694/3431 3792/3715/3452 3090/3695/3432
f 3791/3693/3430 3790/3716/3453 3092/3694/3431
f 3792/3715/3452 3092/3694/3431 3790/3716/3453
f 3701/3717/3454 3792/3715/3452 3790/3716/3453
f 3792/3715/3452 3701/3717/3454 3740/3718/2818
f 3792/3715/3452 3740/3718/2818 3065/3714/3451
f 3045/3713/3450 3065/3714/3451 3064/3719/3455
f 3740/3718/2818 3064/3719/3455 3065/3714/3451
f 3045/3713/3450 3036/3720/3456 3044/3104/2873
f 3036/3720/3456 3045/3713/3450 3064/3719/3455
f 3036/3720/3456 3034/3105/2874 3044/3104/2873
f 3036/3720/3456 3033/3134/2903 3034/3105/2874
f 3064/3719/3455 3739/3721/3457 3036/3720/3456
f 3739/3721/3457 3033/3134/2903 3036/3720/3456
f 3033/3134/2903 3739/3721/3457 3295/3135/2904
f 3739/3721/3457 3283/3210/2979 3295/3135/2904
f 3739/3721/3457 3064/3719/3455 3344/3722/3458
f 3344/3722/3458 3283/3210/2979 3739/3721/3457
f 3064/3719/3455 3740/3718/2818 3344/3722/3458
f 3740/3718/2818 3702/3723/3459 3344/3722/3458
f 3701/3717/3454 3702/3723/3459 3740/3718/2818
f 3700/3724/3460 3702/3723/3459 3701/3717/3454
f 3345/3725/3461 3702/3723/3459 3700/3724/3460
f 3702/3723/3459 3345/3725/3461 3344/3722/3458
f 3344/3722/3458 3345/3725/3461 3280/3253/3022
f 3283/3210/2979 3344/3722/3458 3280/3253/3022
f 3345/3725/3461 3711/3726/3462 3280/3253/3022
f 3711/3726/3462 3345/3725/3461 3700/3724/3460
f 3700/3724/3460 3703/3727/3463 3711/3726/3462
f 3701/3717/3454 3705/3728/3464 3700/3724/3460
f 3705/3728/3464 3703/3727/3463 3700/3724/3460
f 3701/3717/3454 3785/3729/3465 3705/3728/3464
f 3701/3717/3454 3790/3716/3453 3785/3729/3465
f 3787/3730/3466 3785/3729/3465 3790/3716/3453
f 3791/3693/3430 3787/3730/3466 3790/3716/3453
f 3791/3693/3430 3317/3731/3467 3787/3730/3466
f 3097/3691/3428 3317/3731/3467 3791/3693/3430
f 3316/3732/3468 3317/3731/3467 3097/3691/3428
f 3102/3690/3427 3316/3732/3468 3097/3691/3428
f 3316/3732/3468 3323/3733/3469 3317/3731/3467
f 3317/3731/3467 3323/3733/3469 3787/3730/3466
f 3787/3730/3466 3784/3734/3470 3785/3729/3465
f 3787/3730/3466 3323/3733/3469 3784/3734/3470
f 3784/3734/3470 3786/3735/3471 3785/3729/3465
f 3785/3729/3465 3786/3735/3471 3705/3728/3464
f 3784/3734/3470 3320/3736/3472 3749/3737/3473
f 3784/3734/3470 3749/3737/3473 3786/3735/3471
f 3784/3734/3470 3323/3733/3469 3320/3736/3472
f 3320/3736/3472 3323/3733/3469 3319/3738/3474
f 3322/3739/3475 3323/3733/3469 3316/3732/3468
f 3323/3733/3469 3322/3739/3475 3319/3738/3474
f 3316/3732/3468 3321/3740/3476 3322/3739/3475
f 3319/3738/3474 3322/3739/3475 3321/3740/3476
f 3316/3732/3468 3087/3741/3477 3321/3740/3476
f 3087/3741/3477 3316/3732/3468 3102/3690/3427
f 3086/3667/3404 3087/3741/3477 3102/3690/3427
f 3085/3742/3478 3087/3741/3477 3086/3667/3404
f 3321/3740/3476 3087/3741/3477 3085/3742/3478
f 3086/3667/3404 3073/3666/3403 3085/3742/3478
f 3085/3742/3478 3073/3666/3403 3091/3607/3361
f 3085/3742/3478 3091/3607/3361 3475/3743/3479
f 3475/3743/3479 3321/3740/3476 3085/3742/3478
f 3318/3744/3480 3321/3740/3476 3475/3743/3479
f 3318/3744/3480 3319/3738/3474 3321/3740/3476
f 3318/3744/3480 3320/3736/3472 3319/3738/3474
f 3475/3743/3479 3477/3745/3481 3318/3744/3480
f 3318/3744/3480 3477/3745/3481 3320/3736/3472
f 3477/3745/3481 3748/3746/3482 3320/3736/3472
f 3320/3736/3472 3748/3746/3482 3749/3737/3473
f 3477/3745/3481 3750/3747/3483 3748/3746/3482
f 3748/3746/3482 3750/3747/3483 3749/3737/3473
f 3750/3747/3483 3751/3748/3484 3749/3737/3473
f 3749/3737/3473 3763/3749/3485 3786/3735/3471
f 3749/3737/3473 3751/3748/3484 3763/3749/3485
f 3786/3735/3471 3763/3749/3485 3708/3750/3486
f 3709/3751/3487 3786/3735/3471 3708/3750/3486
f 3786/3735/3471 3709/3751/3487 3705/3728/3464
f 3708/3750/3486 3706/3752/3488 3709/3751/3487
f 3705/3728/3464 3709/3751/3487 3699/3753/3489
f 3706/3752/3488 3698/3754/3490 3709/3751/3487
f 3698/3754/3490 3699/3753/3489 3709/3751/3487
f 3706/3752/3488 3694/3755/3491 3698/3754/3490
f 3698/3754/3490 3697/3756/3492 3699/3753/3489
f 3694/3755/3491 3696/3757/3493 3698/3754/3490
f 3696/3757/3493 3697/3756/3492 3698/3754/3490
f 3694/3755/3491 3693/3758/3494 3696/3757/3493
f 3696/3757/3493 3279/3256/3025 3697/3756/3492
f 3693/3758/3494 3692/3759/3495 3696/3757/3493
f 3692/3759/3495 3279/3256/3025 3696/3757/3493
f 3692/3759/3495 3693/3758/3494 3279/3256/3025
f 3693/3758/3494 3278/3257/3026 3279/3256/3025
f 3693/3758/3494 3694/3755/3491 3278/3257/3026
f 3694/3755/3491 3695/3760/3496 3278/3257/3026
f 3694/3755/3491 3706/3752/3488 3695/3760/3496
f 3706/3752/3488 3708/3750/3486 3707/3761/3497
f 3706/3752/3488 3707/3761/3497 3695/3760/3496
f 3708/3750/3486 3763/3749/3485 3788/3762/3498
f 3708/3750/3486 3788/3762/3498 3707/3761/3497
f 3763/3749/3485 3751/3748/3484 3764/3763/3499
f 3763/3749/3485 3764/3763/3499 3788/3762/3498
f 3751/3748/3484 3756/3764/3500 3755/3765/3501
f 3764/3763/3499 3751/3748/3484 3755/3765/3501
f 3751/3748/3484 3750/3747/3483 3756/3764/3500
f 3756/3764/3500 3750/3747/3483 3478/3766/3502
f 3477/3745/3481 3478/3766/3502 3750/3747/3483
f 3475/3743/3479 3476/3767/3503 3477/3745/3481
f 3478/3766/3502 3477/3745/3481 3476/3767/3503
f 3475/3743/3479 3823/3606/3360 3476/3767/3503
f 3091/3607/3361 3823/3606/3360 3475/3743/3479
f 3823/3606/3360 3818/3535/3296 3476/3767/3503
f 3476/3767/3503 3818/3535/3296 3479/3534/3295
f 3476/3767/3503 3479/3534/3295 3478/3766/3502
f 3479/3534/3295 3480/3768/3504 3478/3766/3502
f 3480/3768/3504 3756/3764/3500 3478/3766/3502
f 3756/3764/3500 3480/3768/3504 3760/3769/3505
f 3756/3764/3500 3760/3769/3505 3755/3765/3501
f 3480/3768/3504 3479/3534/3295 3482/3533/3294
f 3480/3768/3504 3482/3533/3294 3760/3769/3505
f 3758/3531/3292 3760/3769/3505 3482/3533/3294
f 3759/3530/3291 3760/3769/3505 3758/3531/3292
f 3760/3769/3505 3759/3530/3291 3755/3765/3501
f 3755/3765/3501 3759/3530/3291 3761/3770/3506
f 3761/3770/3506 3764/3763/3499 3755/3765/3501
f 3764/3763/3499 3761/3770/3506 3746/3771/3507
f 3788/3762/3498 3764/3763/3499 3746/3771/3507
f 3788/3762/3498 3746/3771/3507 3723/3772/3508
f 3741/3773/3509 3788/3762/3498 3723/3772/3508
f 3788/3762/3498 3741/3773/3509 3707/3761/3497
f 3707/3761/3497 3742/3774/3510 3695/3760/3496
f 3741/3773/3509 3742/3774/3510 3707/3761/3497
f 3723/3772/3508 3722/3775/3511 3741/3773/3509
f 3722/3775/3511 3742/3774/3510 3741/3773/3509
f 3723/3772/3508 3647/3776/3512 3722/3775/3511
f 3722/3775/3511 3650/3777/3513 3742/3774/3510
f 3650/3777/3513 3722/3775/3511 3647/3776/3512
f 3650/3777/3513 3359/3258/3027 3742/3774/3510
f 3742/3774/3510 3359/3258/3027 3695/3760/3496
f 3359/3258/3027 3278/3257/3026 3695/3760/3496
f 3518/3778/3514 3519/3259/3028 3359/3258/3027
f 3518/3778/3514 3359/3258/3027 3650/3777/3513
f 3518/3778/3514 3515/3281/3050 3519/3259/3028
f 3517/3779/3515 3515/3281/3050 3518/3778/3514
f 3517/3779/3515 3512/3282/3051 3515/3281/3050
f 3518/3778/3514 3546/3780/3516 3517/3779/3515
f 3546/3780/3516 3518/3778/3514 3650/3777/3513
f 3650/3777/3513 3646/3781/3517 3546/3780/3516
f 3646/3781/3517 3650/3777/3513 3647/3776/3512
f 3647/3776/3512 3648/3782/3518 3646/3781/3517
f 3647/3776/3512 3724/3783/3519 3648/3782/3518
f 3723/3772/3508 3724/3783/3519 3647/3776/3512
f 3724/3783/3519 3726/3784/3520 3648/3782/3518
f 3724/3783/3519 3723/3772/3508 3726/3784/3520
f 3723/3772/3508 3745/3785/3521 3726/3784/3520
f 3723/3772/3508 3746/3771/3507 3745/3785/3521
f 3746/3771/3507 3761/3770/3506 3745/3785/3521
f 3759/3530/3291 3762/3529/3290 3761/3770/3506
f 3761/3770/3506 3762/3529/3290 3745/3785/3521
f 3745/3785/3521 3762/3529/3290 3747/3528/3289
f 3745/3785/3521 3747/3528/3289 3726/3784/3520
f 3648/3782/3518 3726/3784/3520 3725/3786/3522
f 3747/3528/3289 3725/3786/3522 3726/3784/3520
f 3725/3786/3522 3747/3528/3289 3744/3527/3288
f 3720/3787/3523 3725/3786/3522 3744/3527/3288
f 3744/3527/3288 3743/3507/3268 3720/3787/3523
f 3720/3787/3523 3643/3788/3524 3725/3786/3522
f 3643/3788/3524 3648/3782/3518 3725/3786/3522
f 3643/3788/3524 3642/3789/3525 3648/3782/3518
f 3648/3782/3518 3642/3789/3525 3646/3781/3517
f 3645/3374/3143 3646/3781/3517 3642/3789/3525
f 3646/3781/3517 3645/3374/3143 3546/3780/3516
f 3561/3373/3142 3544/3790/3526 3546/3780/3516
f 3561/3373/3142 3546/3780/3516 3645/3374/3143
f 3544/3790/3526 3517/3779/3515 3546/3780/3516
f 3517/3779/3515 3544/3790/3526 3512/3282/3051
f 3544/3790/3526 3545/3301/3070 3512/3282/3051
f 3544/3790/3526 3561/3373/3142 3545/3301/3070
f 3458/3375/3144 3645/3374/3143 3642/3789/3525
f 3458/3375/3144 3642/3789/3525 3641/3791/3527
f 3642/3789/3525 3643/3788/3524 3641/3791/3527
f 3643/3788/3524 3644/3792/3528 3641/3791/3527
f 3644/3792/3528 3643/3788/3524 3720/3787/3523
f 3720/3787/3523 3721/3793/3529 3644/3792/3528
f 3721/3793/3529 3720/3787/3523 3743/3507/3268
f 3721/3793/3529 3649/3794/3530 3644/3792/3528
f 3644/3792/3528 3649/3794/3530 3641/3791/3527
f 3721/3793/3529 3719/3795/3531 3649/3794/3530
f 3719/3795/3531 3721/3793/3529 3743/3507/3268
f 3719/3795/3531 3743/3507/3268 3718/3451/3220
f 3669/3450/3219 3719/3795/3531 3718/3451/3220
f 3669/3450/3219 3649/3794/3530 3719/3795/3531
f 3669/3450/3219 3363/3448/3217 3649/3794/3530
f 3649/3794/3530 3363/3448/3217 3641/3791/3527
f 3363/3448/3217 3362/3431/3200 3641/3791/3527
f 3362/3431/3200 3458/3375/3144 3641/3791/3527
f 3362/3431/3200 3455/3796/3532 3458/3375/3144
f 3458/3375/3144 3455/3796/3532 3456/3376/3145
f 3362/3431/3200 3576/3797/3533 3455/3796/3532
f 3455/3796/3532 3457/3798/3534 3456/3376/3145
f 3457/3798/3534 3455/3796/3532 3576/3797/3533
f 3457/3798/3534 3621/3377/3146 3456/3376/3145
f 3457/3798/3534 3620/3799/3535 3621/3377/3146
f 3620/3799/3535 3611/3378/3147 3621/3377/3146
f 3611/3378/3147 3620/3799/3535 3612/3426/3195
f 3612/3426/3195 3620/3799/3535 3452/3428/3197
f 3457/3798/3534 3651/3800/3536 3620/3799/3535
f 3651/3800/3536 3452/3428/3197 3620/3799/3535
f 3457/3798/3534 3576/3797/3533 3651/3800/3536
f 3362/3431/3200 3463/3430/3199 3576/3797/3533
f 3651/3800/3536 3576/3797/3533 3463/3430/3199
f 3451/3429/3198 3651/3800/3536 3463/3430/3199
f 3452/3428/3197 3651/3800/3536 3451/3429/3198
f 3279/3256/3025 3713/3255/3024 3697/3756/3492
f 3699/3753/3489 3697/3756/3492 3715/3801/3537
f 3713/3255/3024 3715/3801/3537 3697/3756/3492
f 3715/3801/3537 3704/3802/3538 3699/3753/3489
f 3704/3802/3538 3705/3728/3464 3699/3753/3489
f 3715/3801/3537 3703/3727/3463 3704/3802/3538
f 3703/3727/3463 3705/3728/3464 3704/3802/3538
f 3715/3801/3537 3714/3803/3539 3703/3727/3463
f 3714/3803/3539 3715/3801/3537 3713/3255/3024
f 3714/3803/3539 3711/3726/3462 3703/3727/3463
f 3710/3804/3540 3711/3726/3462 3714/3803/3539
f 3710/3804/3540 3280/3253/3022 3711/3726/3462
f 3714/3803/3539 3712/3805/3541 3710/3804/3540
f 3710/3804/3540 3712/3805/3541 3280/3253/3022
f 3714/3803/3539 3713/3255/3024 3712/3805/3541
f 3712/3805/3541 3713/3255/3024 3280/3253/3022
f 3510/3587/3343 3328/3588/3344 3508/3806/2948
f 3508/3806/2948 3328/3588/3344 3509/3807/3542
f 3521/3808/2928 3509/3807/3542 3328/3588/3344
f 3327/3590/3346 3521/3808/2928 3328/3588/3344
f 3520/3809/2916 3521/3808/2928 3327/3590/3346
f 3516/3595/3351 3520/3809/2916 3327/3590/3346
f 2991/3810/3543 2993/3811/3544 2992/3812/3545
f 2992/3812/3545 3095/3813/3546 2991/3810/3543
f 2991/3810/3543 3095/3813/3546 3012/3814/3547
f 3096/3815/3548 3012/3814/3547 3095/3813/3546
f 3011/3816/3549 3012/3814/3547 3096/3815/3548
f 3011/3816/3549 3013/3817/3550 3012/3814/3547
f 3013/3817/3550 3011/3816/3549 3014/3818/3551
f 3014/3818/3551 3099/3819/3552 3013/3817/3550
f 3103/3820/3553 3028/3821/3554 3099/3819/3552
f 3013/3817/3550 3099/3819/3552 3028/3821/3554
f 3103/3820/3553 2993/3811/3544 3028/3821/3554
f 2993/3811/3544 2991/3810/3543 3028/3821/3554
f 2991/3810/3543 3012/3814/3547 3069/3822/3555
f 3069/3822/3555 3028/3821/3554 2991/3810/3543
f 3012/3814/3547 3013/3817/3550 3069/3822/3555
f 3013/3817/3550 3028/3821/3554 3069/3822/3555
f 3027/3823/3556 3025/3824/3557 3029/3825/3558
f 3029/3825/3558 3386/3826/3559 3027/3823/3556
f 3404/3827/3560 3405/3828/3561 3386/3826/3559
f 3027/3823/3556 3386/3826/3559 3405/3828/3561
f 3404/3827/3560 3406/3829/3562 3405/3828/3561
f 3407/3830/3563 3408/3831/3564 3406/3829/3562
f 3406/3829/3562 3408/3831/3564 3405/3828/3561
f 3407/3830/3563 3068/3832/3565 3408/3831/3564
f 3405/3828/3561 3408/3831/3564 3403/3833/2907
f 3027/3823/3556 3405/3828/3561 3403/3833/2907
f 3403/3833/2907 3026/3834/3566 3027/3823/3556
f 3025/3824/3557 3027/3823/3556 3026/3834/3566
f 3403/3833/2907 3408/3831/3564 3026/3834/3566
f 3026/3834/3566 3408/3831/3564 3068/3832/3565
f 3046/3835/3567 3026/3834/3566 3068/3832/3565
f 3025/3824/3557 3026/3834/3566 3046/3835/3567
f 3380/3836/3568 3382/3837/3569 3381/3838/3465
f 3381/3838/3465 3409/3839/3570 3380/3836/3568
f 3409/3839/3570 3381/3838/3465 3411/3840/3571
f 3409/3839/3570 3411/3840/3571 3410/3841/3572
f 3410/3841/3572 3411/3840/3571 3385/3842/3573
f 3383/3843/3574 3385/3842/3573 3384/3844/3575
f 3384/3844/3575 3385/3842/3573 3411/3840/3571
f 3384/3844/3575 3415/3845/3576 3383/3843/3574
f 3415/3845/3576 3384/3844/3575 3414/3846/3577
f 3415/3845/3576 3414/3846/3577 3413/3847/3578
f 3413/3847/3578 3414/3846/3577 3382/3837/3569
f 3381/3838/3465 3382/3837/3569 3414/3846/3577
f 3381/3838/3465 3414/3846/3577 3412/3848/3579
f 3412/3848/3579 3411/3840/3571 3381/3838/3465
f 3384/3844/3575 3411/3840/3571 3412/3848/3579
f 3412/3848/3579 3414/3846/3577 3384/3844/3575
f 4067/2945/3580 4023/2944/3581 4024/2946/3582
f 4023/2944/3581 4022/2947/3583 4024/2946/3582
f 4022/2947/3583 4023/2944/3581 4021/2948/3584
f 4020/2949/3585 4022/2947/3583 4021/2948/3584
f 4020/2949/3585 4021/2948/3584 4081/2950/3586
f 4073/2951/3587 4020/2949/3585 4081/2950/3586
f 4073/2951/3587 4081/2950/3586 4080/2952/3588
f 4073/2951/3587 4072/2953/3589 4020/2949/3585
f 4074/2954/3590 4020/2949/3585 4072/2953/3589
f 4020/2949/3585 4074/2954/3590 4022/2947/3583
f 4072/2953/3589 4056/2955/3591 4074/2954/3590
f 4074/2954/3590 4056/2955/3591 4022/2947/3583
f 4031/2956/3592 4024/2946/3582 4022/2947/3583
f 4056/2955/3591 4031/2956/3592 4022/2947/3583
f 4024/2946/3582 4032/2957/3593 4057/2958/3594
f 4031/2956/3592 4032/2957/3593 4024/2946/3582
f 4057/2958/3594 4043/2960/3595 4058/2959/3596
f 4032/2957/3593 4043/2960/3595 4057/2958/3594
f 4058/2959/3596 4026/2972/3597 4059/2973/3598
f 4043/2960/3595 4026/2972/3597 4058/2959/3596
f 4026/2972/3597 4028/2974/3599 4059/2973/3598
f 4028/2974/3599 4060/2975/3600 4059/2973/3598
f 4026/2972/3597 4027/2976/3601 4028/2974/3599
f 4028/2974/3599 4115/2977/3602 4060/2975/3600
f 4115/2977/3602 4028/2974/3599 4027/2976/3601
f 4115/2977/3602 4116/2978/3603 4060/2975/3600
f 4115/2977/3602 4090/2979/3604 4116/2978/3603
f 4090/2979/3604 4088/2980/3605 4116/2978/3603
f 4115/2977/3602 4145/2981/3606 4090/2979/3604
f 4115/2977/3602 4027/2976/3601 4145/2981/3606
f 4025/2971/3607 4027/2976/3601 4026/2972/3597
f 4145/2981/3606 4027/2976/3601 4025/2971/3607
f 4026/2972/3597 4043/2960/3595 4025/2971/3607
f 4043/2960/3595 4038/2961/3608 4036/2970/3609
f 4025/2971/3607 4043/2960/3595 4036/2970/3609
f 4038/2961/3608 4043/2960/3595 4032/2957/3593
f 4030/2962/3610 4038/2961/3608 4032/2957/3593
f 4030/2962/3610 4032/2957/3593 4031/2956/3592
f 4030/2962/3610 4031/2956/3592 4054/2963/3611
f 4031/2956/3592 4056/2955/3591 4054/2963/3611
f 4054/2963/3611 4079/2964/3612 4030/2962/3610
f 4030/2962/3610 4079/2964/3612 4038/2961/3608
f 4036/2970/3609 4038/2961/3608 4037/2969/3613
f 4079/2964/3612 4042/2967/3614 4038/2961/3608
f 4038/2961/3608 4042/2967/3614 4037/2969/3613
f 4079/2964/3612 4078/2968/3615 4042/2967/3614
f 4042/2967/3614 4078/2968/3615 4037/2969/3613
f 4079/2964/3612 4082/2966/3616 4078/2968/3615
f 4054/2963/3611 4082/2966/3616 4079/2964/3612
f 4054/2963/3611 4056/2955/3591 4055/2965/3617
f 4055/2965/3617 4082/2966/3616 4054/2963/3611
f 4056/2955/3591 4070/3110/3618 4055/2965/3617
f 4070/3110/3618 4056/2955/3591 4072/2953/3589
f 4072/2953/3589 4075/3111/3619 4070/3110/3618
f 4072/2953/3589 4073/2951/3587 4075/3111/3619
f 4073/2951/3587 4076/3125/3620 4075/3111/3619
f 4076/3125/3620 4073/2951/3587 4080/2952/3588
f 4076/3125/3620 4080/2952/3588 3961/3126/3621
f 4080/2952/3588 3958/3146/3622 3961/3126/3621
f 3958/3146/3622 3960/3145/3623 3959/3128/3624
f 3961/3126/3621 3958/3146/3622 3959/3128/3624
f 3960/3145/3623 4592/3144/3625 3959/3128/3624
f 4592/3144/3625 4589/3141/3626 3959/3128/3624
f 4589/3141/3626 4592/3144/3625 4593/3143/3627
f 4590/3142/3628 4589/3141/3626 4593/3143/3627
f 4593/3143/3627 4595/3147/3629 4590/3142/3628
f 4589/3141/3626 4590/3142/3628 3963/3127/3630
f 3959/3128/3624 4589/3141/3626 3963/3127/3630
f 3962/3123/3631 3959/3128/3624 3963/3127/3630
f 3961/3126/3621 3959/3128/3624 3962/3123/3631
f 3964/3124/3632 3961/3126/3621 3962/3123/3631
f 4076/3125/3620 3961/3126/3621 3964/3124/3632
f 4077/3112/3633 4076/3125/3620 3964/3124/3632
f 4076/3125/3620 4077/3112/3633 4075/3111/3619
f 4075/3111/3619 4065/3109/3634 4070/3110/3618
f 4077/3112/3633 4065/3109/3634 4075/3111/3619
f 4065/3109/3634 3967/3092/3635 4070/3110/3618
f 4070/3110/3618 4040/3091/3636 4055/2965/3617
f 4040/3091/3636 4070/3110/3618 3967/3092/3635
f 4040/3091/3636 4061/2988/3637 4055/2965/3617
f 4061/2988/3637 4082/2966/3616 4055/2965/3617
f 4040/3091/3636 4039/3090/3638 4061/2988/3637
f 4039/3090/3638 4040/3091/3636 3967/3092/3635
f 4039/3090/3638 4062/3084/3639 4061/2988/3637
f 4082/2966/3616 4061/2988/3637 4133/2989/3640
f 4133/2989/3640 4061/2988/3637 4062/3084/3639
f 4133/2989/3640 4083/2987/3641 4082/2966/3616
f 4078/2968/3615 4082/2966/3616 4083/2987/3641
f 4133/2989/3640 4131/2990/3642 4083/2987/3641
f 4131/2990/3642 4140/2986/3643 4083/2987/3641
f 4083/2987/3641 4140/2986/3643 4078/2968/3615
f 4148/2985/3644 4078/2968/3615 4140/2986/3643
f 4148/2985/3644 4037/2969/3613 4078/2968/3615
f 4140/2986/3643 4162/2992/3645 4148/2985/3644
f 4140/2986/3643 4131/2990/3642 4139/2991/3646
f 4140/2986/3643 4139/2991/3646 4162/2992/3645
f 4131/2990/3642 4132/3083/3647 4134/3080/3648
f 4131/2990/3642 4134/3080/3648 4139/2991/3646
f 4131/2990/3642 4133/2989/3640 4132/3083/3647
f 4132/3083/3647 4133/2989/3640 4062/3084/3639
f 4132/3083/3647 4062/3084/3639 4129/3085/3649
f 4062/3084/3639 4039/3090/3638 4129/3085/3649
f 4039/3090/3638 3967/3092/3635 3965/3089/3650
f 4129/3085/3649 4039/3090/3638 3965/3089/3650
f 3967/3092/3635 3966/3088/3651 3965/3089/3650
f 3967/3092/3635 4065/3109/3634 3945/3093/3652
f 3945/3093/3652 3966/3088/3651 3967/3092/3635
f 4077/3112/3633 4064/3108/3653 4065/3109/3634
f 3945/3093/3652 4065/3109/3634 4064/3108/3653
f 4077/3112/3633 3910/3113/3654 4064/3108/3653
f 4077/3112/3633 3964/3124/3632 3910/3113/3654
f 4064/3108/3653 3910/3113/3654 3908/3107/3655
f 3964/3124/3632 3911/3114/3656 3910/3113/3654
f 3910/3113/3654 3911/3114/3656 3908/3107/3655
f 3964/3124/3632 3962/3123/3631 3911/3114/3656
f 3911/3114/3656 3912/3115/3657 3908/3107/3655
f 3962/3123/3631 3916/3122/3658 3911/3114/3656
f 3912/3115/3657 3911/3114/3656 3916/3122/3658
f 3962/3123/3631 3963/3127/3630 3916/3122/3658
f 3916/3122/3658 3963/3127/3630 4585/3129/3659
f 4590/3142/3628 4586/3140/3660 3963/3127/3630
f 3963/3127/3630 4586/3140/3660 4585/3129/3659
f 4590/3142/3628 4591/3148/3661 4586/3140/3660
f 4595/3147/3629 4591/3148/3661 4590/3142/3628
f 4595/3147/3629 4596/3159/3662 4591/3148/3661
f 4591/3148/3661 4588/3149/3663 4586/3140/3660
f 4596/3159/3662 4580/3158/3664 4591/3148/3661
f 4591/3148/3661 4580/3158/3664 4588/3149/3663
f 4596/3159/3662 4395/3161/3665 4396/3160/3666
f 4396/3160/3666 4580/3158/3664 4596/3159/3662
f 4579/3157/3667 4580/3158/3664 4396/3160/3666
f 4580/3158/3664 4579/3157/3667 4588/3149/3663
f 4396/3160/3666 4395/3161/3665 4251/3162/3668
f 4251/3162/3668 4579/3157/3667 4396/3160/3666
f 4395/3161/3665 4252/3178/3669 4251/3162/3668
f 4395/3161/3665 4402/3179/3670 4252/3178/3669
f 4402/3179/3670 4403/3180/3671 4252/3178/3669
f 4251/3162/3668 4252/3178/3669 4217/3171/3672
f 4403/3180/3671 4218/3177/3673 4252/3178/3669
f 4252/3178/3669 4218/3177/3673 4217/3171/3672
f 4403/3180/3671 4398/3182/3674 4219/3181/3675
f 4219/3181/3675 4218/3177/3673 4403/3180/3671
f 4218/3177/3673 4219/3181/3675 4216/3176/3676
f 4217/3171/3672 4218/3177/3673 4216/3176/3676
f 4219/3181/3675 4399/3183/3677 4216/3176/3676
f 4399/3183/3677 4219/3181/3675 4398/3182/3674
f 4397/3184/3678 4399/3183/3677 4398/3182/3674
f 4400/3191/3679 4401/3190/3680 4397/3184/3678
f 4401/3190/3680 4399/3183/3677 4397/3184/3678
f 4215/3185/3681 4399/3183/3677 4401/3190/3680
f 4399/3183/3677 4215/3185/3681 4216/3176/3676
f 4401/3190/3680 4400/3191/3679 4411/3189/3682
f 4411/3189/3682 4215/3185/3681 4401/3190/3680
f 4400/3191/3679 4211/3192/3683 4411/3189/3682
f 4411/3189/3682 4214/3186/3684 4215/3185/3681
f 4214/3186/3684 4216/3176/3676 4215/3185/3681
f 4411/3189/3682 4213/3188/3685 4214/3186/3684
f 4211/3192/3683 4213/3188/3685 4411/3189/3682
f 4210/3239/3686 4212/3193/3687 4211/3192/3683
f 4212/3193/3687 4213/3188/3685 4211/3192/3683
f 4210/3239/3686 4254/3229/3688 4212/3193/3687
f 4253/3238/3689 4254/3229/3688 4210/3239/3686
f 4255/3237/3690 4256/3230/3691 4253/3238/3689
f 4256/3230/3691 4254/3229/3688 4253/3238/3689
f 4255/3237/3690 4683/3234/3692 4256/3230/3691
f 4688/3236/3693 4683/3234/3692 4255/3237/3690
f 4683/3234/3692 4688/3236/3693 4687/3235/3694
f 4687/3235/3694 4686/3233/3695 4683/3234/3692
f 4683/3234/3692 4681/3231/3696 4256/3230/3691
f 4681/3231/3696 4683/3234/3692 4686/3233/3695
f 4682/3232/3697 4681/3231/3696 4686/3233/3695
f 4681/3231/3696 4682/3232/3697 4263/3226/3698
f 4262/3225/3699 4681/3231/3696 4263/3226/3698
f 4681/3231/3696 4262/3225/3699 4256/3230/3691
f 4254/3229/3688 4256/3230/3691 4261/3227/3700
f 4256/3230/3691 4262/3225/3699 4261/3227/3700
f 4261/3227/3700 4565/3228/3701 4254/3229/3688
f 4212/3193/3687 4254/3229/3688 4565/3228/3701
f 4212/3193/3687 4565/3228/3701 4567/3194/3702
f 4213/3188/3685 4212/3193/3687 4567/3194/3702
f 4568/3187/3703 4213/3188/3685 4567/3194/3702
f 4568/3187/3703 4214/3186/3684 4213/3188/3685
f 4214/3186/3684 4568/3187/3703 4578/3175/3704
f 4216/3176/3676 4214/3186/3684 4578/3175/3704
f 4577/3172/3705 4216/3176/3676 4578/3175/3704
f 4217/3171/3672 4216/3176/3676 4577/3172/3705
f 4583/3163/3706 4217/3171/3672 4577/3172/3705
f 4251/3162/3668 4217/3171/3672 4583/3163/3706
f 4582/3156/3707 4251/3162/3668 4583/3163/3706
f 4579/3157/3667 4251/3162/3668 4582/3156/3707
f 4581/3150/3708 4579/3157/3667 4582/3156/3707
f 4588/3149/3663 4579/3157/3667 4581/3150/3708
f 4587/3139/3709 4588/3149/3663 4581/3150/3708
f 4586/3140/3660 4588/3149/3663 4587/3139/3709
f 4585/3129/3659 4586/3140/3660 4587/3139/3709
f 4587/3139/3709 4674/3138/3710 4585/3129/3659
f 4676/3151/3711 4674/3138/3710 4587/3139/3709
f 4581/3150/3708 4676/3151/3711 4587/3139/3709
f 4676/3151/3711 4581/3150/3708 4677/3155/3712
f 4581/3150/3708 4582/3156/3707 4677/3155/3712
f 4583/3163/3706 4678/3164/3713 4582/3156/3707
f 4678/3164/3713 4677/3155/3712 4582/3156/3707
f 4583/3163/3706 4679/3170/3714 4678/3164/3713
f 4577/3172/3705 4679/3170/3714 4583/3163/3706
f 4679/3170/3714 4577/3172/3705 4632/3173/3715
f 4577/3172/3705 4578/3175/3704 4632/3173/3715
f 4632/3173/3715 4578/3175/3704 4573/3174/3716
f 4578/3175/3704 4568/3187/3703 4573/3174/3716
f 4573/3174/3716 4633/3169/3717 4632/3173/3715
f 4633/3169/3717 4679/3170/3714 4632/3173/3715
f 4678/3164/3713 4679/3170/3714 4633/3169/3717
f 4640/3165/3718 4678/3164/3713 4633/3169/3717
f 4640/3165/3718 4639/3154/3719 4678/3164/3713
f 4639/3154/3719 4677/3155/3712 4678/3164/3713
f 4676/3151/3711 4677/3155/3712 4639/3154/3719
f 4638/3152/3720 4676/3151/3711 4639/3154/3719
f 4674/3138/3710 4676/3151/3711 4638/3152/3720
f 4639/3154/3719 4636/3153/3721 4638/3152/3720
f 4637/3137/3722 4638/3152/3720 4636/3153/3721
f 4637/3137/3722 4674/3138/3710 4638/3152/3720
f 4674/3138/3710 4637/3137/3722 4641/3131/3723
f 4675/3130/3724 4674/3138/3710 4641/3131/3723
f 4674/3138/3710 4675/3130/3724 4585/3129/3659
f 4585/3129/3659 4675/3130/3724 3916/3122/3658
f 4675/3130/3724 4641/3131/3723 3914/3121/3725
f 4675/3130/3724 3914/3121/3725 3916/3122/3658
f 3914/3121/3725 3912/3115/3657 3916/3122/3658
f 3914/3121/3725 3915/3120/3726 3912/3115/3657
f 4641/3131/3723 3915/3120/3726 3914/3121/3725
f 4199/3136/3727 4321/3132/3728 4641/3131/3723
f 3915/3120/3726 4641/3131/3723 4321/3132/3728
f 4641/3131/3723 4637/3137/3722 4199/3136/3727
f 4199/3136/3727 4637/3137/3722 4636/3153/3721
f 4199/3136/3727 4636/3153/3721 4198/3167/3729
f 4639/3154/3719 4635/3166/3730 4636/3153/3721
f 4636/3153/3721 4635/3166/3730 4198/3167/3729
f 4639/3154/3719 4640/3165/3718 4635/3166/3730
f 4640/3165/3718 4634/3168/3731 4635/3166/3730
f 4640/3165/3718 4633/3169/3717 4634/3168/3731
f 4635/3166/3730 4634/3168/3731 4198/3167/3729
f 4633/3169/3717 4573/3174/3716 4571/3197/3732
f 4633/3169/3717 4571/3197/3732 4634/3168/3731
f 4634/3168/3731 4571/3197/3732 4220/3199/3733
f 4634/3168/3731 4220/3199/3733 4198/3167/3729
f 4203/3208/3734 4197/3209/3735 4198/3167/3729
f 4203/3208/3734 4198/3167/3729 4220/3199/3733
f 4197/3209/3735 4199/3136/3727 4198/3167/3729
f 4197/3209/3735 4200/3135/3736 4199/3136/3727
f 4200/3135/3736 4321/3132/3728 4199/3136/3727
f 4321/3132/3728 4200/3135/3736 3955/3133/3737
f 3956/3119/3738 4321/3132/3728 3955/3133/3737
f 3956/3119/3738 3915/3120/3726 4321/3132/3728
f 3913/3116/3739 3915/3120/3726 3956/3119/3738
f 3915/3120/3726 3913/3116/3739 3912/3115/3657
f 3908/3107/3655 3912/3115/3657 3905/3106/3740
f 3912/3115/3657 3913/3116/3739 3905/3106/3740
f 3905/3106/3740 3913/3116/3739 3943/3117/3741
f 3943/3117/3741 3913/3116/3739 3956/3119/3738
f 3943/3117/3741 3956/3119/3738 3942/3118/3742
f 3956/3119/3738 3955/3133/3737 3942/3118/3742
f 3955/3133/3737 3939/3134/3743 3942/3118/3742
f 4200/3135/3736 3939/3134/3743 3955/3133/3737
f 3942/3118/3742 3939/3134/3743 3940/3105/3744
f 3943/3117/3741 3942/3118/3742 3940/3105/3744
f 3905/3106/3740 3943/3117/3741 3940/3105/3744
f 3905/3106/3740 3940/3105/3744 3907/3098/3745
f 3905/3106/3740 3907/3098/3745 3906/3097/3746
f 3905/3106/3740 3906/3097/3746 3908/3107/3655
f 3906/3097/3746 3909/3096/3747 3908/3107/3655
f 3909/3096/3747 4064/3108/3653 3908/3107/3655
f 3909/3096/3747 3945/3093/3652 4064/3108/3653
f 3944/3094/3748 3945/3093/3652 3909/3096/3747
f 3906/3097/3746 3944/3094/3748 3909/3096/3747
f 3906/3097/3746 3907/3098/3745 3946/3095/3749
f 3944/3094/3748 3906/3097/3746 3946/3095/3749
f 3907/3098/3745 3953/3099/3750 3946/3095/3749
f 3949/3104/3751 3953/3099/3750 3907/3098/3745
f 3940/3105/3744 3949/3104/3751 3907/3098/3745
f 3939/3134/3743 3941/3720/3752 3940/3105/3744
f 3949/3104/3751 3940/3105/3744 3941/3720/3752
f 3939/3134/3743 4644/3721/3753 3941/3720/3752
f 4644/3721/3753 3939/3134/3743 4200/3135/3736
f 4187/3210/3754 4644/3721/3753 4200/3135/3736
f 4187/3210/3754 4200/3135/3736 4197/3209/3735
f 4186/3211/3755 4187/3210/3754 4197/3209/3735
f 4197/3209/3735 4203/3208/3734 4186/3211/3755
f 4186/3211/3755 4185/3253/3756 4187/3210/3754
f 4644/3721/3753 4187/3210/3754 4249/3722/3757
f 4249/3722/3757 4187/3210/3754 4185/3253/3756
f 4249/3722/3757 3969/3719/3758 4644/3721/3753
f 4644/3721/3753 3969/3719/3758 3941/3720/3752
f 3957/3713/3759 3949/3104/3751 3941/3720/3752
f 3941/3720/3752 3969/3719/3758 3957/3713/3759
f 3949/3104/3751 3957/3713/3759 3952/3103/3760
f 3952/3103/3760 3953/3099/3750 3949/3104/3751
f 3954/3100/3761 3953/3099/3750 3952/3103/3760
f 3953/3099/3750 3954/3100/3761 4158/3071/3762
f 4158/3071/3762 3946/3095/3749 3953/3099/3750
f 4158/3071/3762 4123/3072/3763 3946/3095/3749
f 4123/3072/3763 3944/3094/3748 3946/3095/3749
f 4127/3087/3764 3944/3094/3748 4123/3072/3763
f 3944/3094/3748 4127/3087/3764 3945/3093/3652
f 4127/3087/3764 3966/3088/3651 3945/3093/3652
f 4127/3087/3764 4128/3086/3765 3966/3088/3651
f 3966/3088/3651 4128/3086/3765 3965/3089/3650
f 4128/3086/3765 4129/3085/3649 3965/3089/3650
f 4127/3087/3764 4126/3073/3766 4128/3086/3765
f 4128/3086/3765 4130/3074/3767 4129/3085/3649
f 4126/3073/3766 4130/3074/3767 4128/3086/3765
f 4129/3085/3649 4135/3082/3768 4132/3083/3647
f 4135/3082/3768 4129/3085/3649 4130/3074/3767
f 4135/3082/3768 4136/3081/3769 4132/3083/3647
f 4136/3081/3769 4134/3080/3648 4132/3083/3647
f 4135/3082/3768 4137/3077/3770 4136/3081/3769
f 4137/3077/3770 4135/3082/3768 4130/3074/3767
f 4137/3077/3770 4130/3074/3767 4151/3075/3771
f 4130/3074/3767 4153/3051/3772 4151/3075/3771
f 4130/3074/3767 4126/3073/3766 4153/3051/3772
f 4126/3073/3766 4123/3072/3763 4124/3052/3773
f 4126/3073/3766 4124/3052/3773 4153/3051/3772
f 4126/3073/3766 4127/3087/3764 4123/3072/3763
f 4123/3072/3763 4125/3053/3774 4124/3052/3773
f 4125/3053/3774 4123/3072/3763 4158/3071/3762
f 4125/3053/3774 4158/3071/3762 4159/3054/3775
f 4158/3071/3762 4160/3070/3776 4159/3054/3775
f 3954/3100/3761 4160/3070/3776 4158/3071/3762
f 4161/3069/3777 4160/3070/3776 3954/3100/3761
f 4160/3070/3776 4161/3069/3777 4163/3055/3778
f 4159/3054/3775 4160/3070/3776 4163/3055/3778
f 4164/3049/3779 4159/3054/3775 4163/3055/3778
f 4155/3050/3780 4159/3054/3775 4164/3049/3779
f 4125/3053/3774 4159/3054/3775 4155/3050/3780
f 4124/3052/3773 4125/3053/3774 4155/3050/3780
f 4124/3052/3773 4155/3050/3780 4154/3041/3781
f 4153/3051/3772 4124/3052/3773 4154/3041/3781
f 4154/3041/3781 4152/3040/3782 4153/3051/3772
f 4152/3040/3782 4151/3075/3771 4153/3051/3772
f 4152/3040/3782 4150/3039/3783 4151/3075/3771
f 4137/3077/3770 4151/3075/3771 4149/3076/3784
f 4150/3039/3783 4149/3076/3784 4151/3075/3771
f 4137/3077/3770 4138/3078/3785 4136/3081/3769
f 4138/3078/3785 4137/3077/3770 4149/3076/3784
f 4138/3078/3785 4141/3079/3786 4136/3081/3769
f 4134/3080/3648 4136/3081/3769 4141/3079/3786
f 4138/3078/3785 4149/3076/3784 4141/3079/3786
f 4142/3018/3787 4141/3079/3786 4149/3076/3784
f 4150/3039/3783 4142/3018/3787 4149/3076/3784
f 4141/3079/3786 4139/2991/3646 4134/3080/3648
f 4139/2991/3646 4141/3079/3786 4142/3018/3787
f 4143/3017/3788 4139/2991/3646 4142/3018/3787
f 4143/3017/3788 4162/2992/3645 4139/2991/3646
f 4142/3018/3787 4093/3019/3789 4143/3017/3788
f 4093/3019/3789 4142/3018/3787 4150/3039/3783
f 4094/3038/3790 4093/3019/3789 4150/3039/3783
f 4150/3039/3783 4152/3040/3782 4094/3038/3790
f 4152/3040/3782 4154/3041/3781 4167/3037/3791
f 4152/3040/3782 4167/3037/3791 4094/3038/3790
f 4093/3019/3789 4094/3038/3790 4092/3027/3792
f 4094/3038/3790 4167/3037/3791 4092/3027/3792
f 4092/3027/3792 4091/3020/3793 4093/3019/3789
f 4108/3016/3794 4143/3017/3788 4093/3019/3789
f 4108/3016/3794 4093/3019/3789 4091/3020/3793
f 4108/3016/3794 4156/2993/3795 4143/3017/3788
f 4156/2993/3795 4162/2992/3645 4143/3017/3788
f 4148/2985/3644 4162/2992/3645 4156/2993/3795
f 4148/2985/3644 4156/2993/3795 4147/2984/3796
f 4037/2969/3613 4148/2985/3644 4147/2984/3796
f 4037/2969/3613 4147/2984/3796 4144/2983/3797
f 4144/2983/3797 4036/2970/3609 4037/2969/3613
f 4147/2984/3796 4157/2994/3798 4144/2983/3797
f 4156/2993/3795 4157/2994/3798 4147/2984/3796
f 4157/2994/3798 4156/2993/3795 4107/2995/3799
f 4107/2995/3799 4156/2993/3795 4108/3016/3794
f 4107/2995/3799 4108/3016/3794 4098/3015/3800
f 4098/3015/3800 4108/3016/3794 4091/3020/3793
f 4098/3015/3800 4091/3020/3793 4119/3021/3801
f 4091/3020/3793 4092/3027/3792 4119/3021/3801
f 4092/3027/3792 3865/3030/3802 4118/3028/3803
f 4092/3027/3792 4118/3028/3803 4119/3021/3801
f 4092/3027/3792 4167/3037/3791 3865/3030/3802
f 3865/3030/3802 3866/3029/3804 4118/3028/3803
f 4167/3037/3791 4166/3036/3805 3865/3030/3802
f 4154/3041/3781 4166/3036/3805 4167/3037/3791
f 3865/3030/3802 3867/3031/3806 3866/3029/3804
f 4166/3036/3805 3867/3031/3806 3865/3030/3802
f 3867/3031/3806 3868/3032/3807 3866/3029/3804
f 3868/3032/3807 3867/3031/3806 3871/3033/3808
f 3867/3031/3806 3869/3034/3809 3871/3033/3808
f 3867/3031/3806 4166/3036/3805 3869/3034/3809
f 3871/3033/3808 3869/3034/3809 3870/3035/3810
f 4166/3036/3805 3874/3043/3811 3869/3034/3809
f 3869/3034/3809 3860/3044/3812 3870/3035/3810
f 3860/3044/3812 3869/3034/3809 3874/3043/3811
f 3860/3044/3812 3858/3045/3813 3870/3035/3810
f 3864/3046/3814 3870/3035/3810 3858/3045/3813
f 3860/3044/3812 3859/3047/3815 3858/3045/3813
f 3859/3047/3815 3860/3044/3812 3874/3043/3811
f 3874/3043/3811 4011/3048/3816 3859/3047/3815
f 4166/3036/3805 4165/3042/3817 3874/3043/3811
f 4165/3042/3817 4011/3048/3816 3874/3043/3811
f 4166/3036/3805 4154/3041/3781 4165/3042/3817
f 4154/3041/3781 4155/3050/3780 4165/3042/3817
f 4165/3042/3817 4155/3050/3780 4164/3049/3779
f 4165/3042/3817 4164/3049/3779 4011/3048/3816
f 4164/3049/3779 4163/3055/3778 4019/3056/3818
f 4164/3049/3779 4019/3056/3818 4011/3048/3816
f 4011/3048/3816 4010/3057/3819 3859/3047/3815
f 4011/3048/3816 4019/3056/3818 4010/3057/3819
f 3859/3047/3815 4010/3057/3819 3861/3058/3820
f 3861/3058/3820 3858/3045/3813 3859/3047/3815
f 3858/3045/3813 3861/3058/3820 3857/3059/3821
f 3864/3046/3814 3858/3045/3813 3857/3059/3821
f 3862/3060/3822 3864/3046/3814 3857/3059/3821
f 3862/3060/3822 3857/3059/3821 3863/3061/3823
f 3875/3062/3824 3862/3060/3822 3863/3061/3823
f 3857/3059/3821 3855/3063/3825 3863/3061/3823
f 3855/3063/3825 3857/3059/3821 3856/3064/3826
f 3861/3058/3820 3856/3064/3826 3857/3059/3821
f 3856/3064/3826 3861/3058/3820 3872/3065/3827
f 4010/3057/3819 4009/3066/3828 3861/3058/3820
f 3861/3058/3820 4009/3066/3828 3872/3065/3827
f 4010/3057/3819 4019/3056/3818 4018/3067/3829
f 4010/3057/3819 4018/3067/3829 4009/3066/3828
f 4019/3056/3818 4014/3068/3830 4018/3067/3829
f 4163/3055/3778 4014/3068/3830 4019/3056/3818
f 4163/3055/3778 4161/3069/3777 4014/3068/3830
f 4161/3069/3777 3982/3101/3831 4014/3068/3830
f 3982/3101/3831 4161/3069/3777 3954/3100/3761
f 3980/3102/3832 3982/3101/3831 3954/3100/3761
f 3980/3102/3832 3954/3100/3761 3952/3103/3760
f 3968/3696/3833 3980/3102/3832 3952/3103/3760
f 3957/3713/3759 3968/3696/3833 3952/3103/3760
f 3969/3719/3758 3970/3714/3834 3957/3713/3759
f 3968/3696/3833 3957/3713/3759 3970/3714/3834
f 3969/3719/3758 4645/3718/3779 3970/3714/3834
f 4645/3718/3779 3969/3719/3758 4249/3722/3757
f 4645/3718/3779 4697/3715/3835 3970/3714/3834
f 3996/3695/3836 3968/3696/3833 3970/3714/3834
f 3996/3695/3836 3970/3714/3834 4697/3715/3835
f 3996/3695/3836 3978/3686/3837 3968/3696/3833
f 3980/3102/3832 3968/3696/3833 3978/3686/3837
f 3978/3686/3837 3981/3685/3838 3980/3102/3832
f 3980/3102/3832 3981/3685/3838 3982/3101/3831
f 3981/3685/3838 3983/3697/3839 3982/3101/3831
f 3982/3101/3831 3983/3697/3839 4014/3068/3830
f 4013/3698/3840 4014/3068/3830 3983/3697/3839
f 4014/3068/3830 4013/3698/3840 4018/3067/3829
f 4018/3067/3829 4013/3698/3840 4015/3699/3841
f 4018/3067/3829 4015/3699/3841 4009/3066/3828
f 3872/3065/3827 4009/3066/3828 4016/3700/3842
f 4009/3066/3828 4015/3699/3841 4016/3700/3842
f 4015/3699/3841 3975/3677/3843 4016/3700/3842
f 4013/3698/3840 3975/3677/3843 4015/3699/3841
f 3983/3697/3839 3975/3677/3843 4013/3698/3840
f 3975/3677/3843 3983/3697/3839 3981/3685/3838
f 3948/3679/3844 3975/3677/3843 3981/3685/3838
f 3979/3684/3845 3948/3679/3844 3981/3685/3838
f 3978/3686/3837 3979/3684/3845 3981/3685/3838
f 3978/3686/3837 3904/3687/3846 3979/3684/3845
f 3903/3688/3847 3904/3687/3846 3978/3686/3837
f 3996/3695/3836 3903/3688/3847 3978/3686/3837
f 3903/3688/3847 3996/3695/3836 3997/3694/3848
f 3997/3694/3848 3996/3695/3836 4697/3715/3835
f 4695/3716/3849 3997/3694/3848 4697/3715/3835
f 4605/3717/3850 4695/3716/3849 4697/3715/3835
f 4697/3715/3835 4645/3718/3779 4605/3717/3850
f 4645/3718/3779 4249/3722/3757 4607/3723/3851
f 4645/3718/3779 4607/3723/3851 4605/3717/3850
f 4249/3722/3757 4185/3253/3756 4250/3725/3852
f 4249/3722/3757 4250/3725/3852 4607/3723/3851
f 4605/3717/3850 4607/3723/3851 4606/3724/3853
f 4607/3723/3851 4250/3725/3852 4606/3724/3853
f 4250/3725/3852 4185/3253/3756 4615/3726/3854
f 4250/3725/3852 4615/3726/3854 4606/3724/3853
f 4609/3727/3855 4610/3728/3856 4606/3724/3853
f 4606/3724/3853 4615/3726/3854 4609/3727/3855
f 4610/3728/3856 4605/3717/3850 4606/3724/3853
f 4610/3728/3856 4690/3729/3857 4605/3717/3850
f 4690/3729/3857 4695/3716/3849 4605/3717/3850
f 4690/3729/3857 4692/3730/3858 4695/3716/3849
f 4692/3730/3858 4696/3693/3859 4695/3716/3849
f 3997/3694/3848 4695/3716/3849 4696/3693/3859
f 3998/3692/3860 3997/3694/3848 4696/3693/3859
f 3998/3692/3860 3903/3688/3847 3997/3694/3848
f 3903/3688/3847 3998/3692/3860 3999/3689/3861
f 3902/3683/3862 3903/3688/3847 3999/3689/3861
f 3902/3683/3862 3904/3687/3846 3903/3688/3847
f 3902/3683/3862 3979/3684/3845 3904/3687/3846
f 4005/3681/3863 3979/3684/3845 3902/3683/3862
f 3947/3680/3864 3979/3684/3845 4005/3681/3863
f 3948/3679/3844 3979/3684/3845 3947/3680/3864
f 3948/3679/3844 3936/3671/3865 3975/3677/3843
f 3947/3680/3864 3938/3678/3866 3948/3679/3844
f 3948/3679/3844 3938/3678/3866 3936/3671/3865
f 3947/3680/3864 3994/3669/3867 3938/3678/3866
f 3936/3671/3865 3938/3678/3866 3937/3670/3868
f 3937/3670/3868 3938/3678/3866 3994/3669/3867
f 3937/3670/3868 3889/3663/3869 3936/3671/3865
f 3889/3663/3869 3937/3670/3868 3901/3664/3870
f 3937/3670/3868 3994/3669/3867 3901/3664/3870
f 3947/3680/3864 3993/3668/3871 3994/3669/3867
f 3994/3669/3867 3993/3668/3871 3901/3664/3870
f 3947/3680/3864 4005/3681/3863 3993/3668/3871
f 4007/3682/3872 4005/3681/3863 3902/3683/3862
f 4005/3681/3863 4007/3682/3872 3993/3668/3871
f 3902/3683/3862 3999/3689/3861 4007/3682/3872
f 3998/3692/3860 4002/3691/3873 3999/3689/3861
f 3999/3689/3861 4006/3690/3874 4007/3682/3872
f 4002/3691/3873 4006/3690/3874 3999/3689/3861
f 4006/3690/3874 3990/3667/3875 4007/3682/3872
f 3990/3667/3875 3993/3668/3871 4007/3682/3872
f 3993/3668/3871 3990/3667/3875 3977/3665/3876
f 3993/3668/3871 3977/3665/3876 3901/3664/3870
f 3900/3621/3877 3891/3622/3878 3901/3664/3870
f 3901/3664/3870 3977/3665/3876 3900/3621/3877
f 3891/3622/3878 3889/3663/3869 3901/3664/3870
f 3977/3665/3876 3976/3666/3879 3972/3608/3880
f 3990/3667/3875 3976/3666/3879 3977/3665/3876
f 3972/3608/3880 3900/3621/3877 3977/3665/3876
f 3951/3609/3881 3900/3621/3877 3972/3608/3880
f 3900/3621/3877 3951/3609/3881 3929/3620/3882
f 3891/3622/3878 3900/3621/3877 3929/3620/3882
f 3891/3622/3878 3929/3620/3882 3930/3619/3883
f 3888/3623/3884 3891/3622/3878 3930/3619/3883
f 3889/3663/3869 3891/3622/3878 3888/3623/3884
f 3887/3662/3885 3889/3663/3869 3888/3623/3884
f 3892/3672/3886 3889/3663/3869 3887/3662/3885
f 3892/3672/3886 3936/3671/3865 3889/3663/3869
f 3887/3662/3885 3893/3673/3887 3892/3672/3886
f 3892/3672/3886 3895/3674/3888 3936/3671/3865
f 3893/3673/3887 3895/3674/3888 3892/3672/3886
f 3936/3671/3865 4017/3676/3889 3975/3677/3843
f 3936/3671/3865 3895/3674/3888 4017/3676/3889
f 3975/3677/3843 4017/3676/3889 4016/3700/3842
f 3895/3674/3888 3893/3673/3887 3894/3675/3890
f 4017/3676/3889 3895/3674/3888 3894/3675/3890
f 4012/3701/3891 4017/3676/3889 3894/3675/3890
f 4012/3701/3891 4016/3700/3842 4017/3676/3889
f 3872/3065/3827 4016/3700/3842 4012/3701/3891
f 3873/3704/3892 3872/3065/3827 4012/3701/3891
f 3856/3064/3826 3872/3065/3827 3873/3704/3892
f 3853/3706/3893 3856/3064/3826 3873/3704/3892
f 3853/3706/3893 3855/3063/3825 3856/3064/3826
f 3873/3704/3892 3851/3705/3894 3853/3706/3893
f 3855/3063/3825 3853/3706/3893 3854/3707/3895
f 3853/3706/3893 3851/3705/3894 3854/3707/3895
f 3854/3707/3895 3863/3061/3823 3855/3063/3825
f 3875/3062/3824 3863/3061/3823 3854/3707/3895
f 3875/3062/3824 3854/3707/3895 3884/3708/3896
f 3884/3708/3896 3879/3661/3822 3875/3062/3824
f 3854/3707/3895 3849/3709/3897 3884/3708/3896
f 3849/3709/3897 3879/3661/3822 3884/3708/3896
f 3854/3707/3895 3851/3705/3894 3849/3709/3897
f 3849/3709/3897 3851/3705/3894 3850/3703/3898
f 3873/3704/3892 3850/3703/3898 3851/3705/3894
f 3873/3704/3892 4012/3701/3891 3850/3703/3898
f 3899/3702/3899 4012/3701/3891 3894/3675/3890
f 4012/3701/3891 3899/3702/3899 3850/3703/3898
f 3894/3675/3890 3886/3711/3900 3899/3702/3899
f 3850/3703/3898 3899/3702/3899 3886/3711/3900
f 3894/3675/3890 3890/3712/3901 3886/3711/3900
f 3890/3712/3901 3894/3675/3890 3893/3673/3887
f 3890/3712/3901 3893/3673/3887 3880/3660/3902
f 3886/3711/3900 3890/3712/3901 3880/3660/3902
f 3893/3673/3887 3887/3662/3885 3880/3660/3902
f 3887/3662/3885 3878/3658/3903 3880/3660/3902
f 3888/3623/3884 4003/3624/3904 3887/3662/3885
f 3887/3662/3885 4003/3624/3904 3878/3658/3903
f 3888/3623/3884 3930/3619/3883 4003/3624/3904
f 4003/3624/3904 3883/3625/3905 3878/3658/3903
f 3930/3619/3883 4048/3618/3906 4003/3624/3904
f 4003/3624/3904 4048/3618/3906 3883/3625/3905
f 3930/3619/3883 3923/3612/3907 4048/3618/3906
f 4048/3618/3906 4044/3617/3908 3883/3625/3905
f 3923/3612/3907 4044/3617/3908 4048/3618/3906
f 3922/3602/3909 3921/3611/3910 3923/3612/3907
f 3923/3612/3907 3921/3611/3910 4044/3617/3908
f 3923/3612/3907 3928/3610/3911 3922/3602/3909
f 3928/3610/3911 3923/3612/3907 3930/3619/3883
f 3929/3620/3882 3928/3610/3911 3930/3619/3883
f 3929/3620/3882 3951/3609/3881 3928/3610/3911
f 3951/3609/3881 3924/3603/3912 3928/3610/3911
f 3922/3602/3909 3928/3610/3911 3924/3603/3912
f 3951/3609/3881 3971/3604/3913 3924/3603/3912
f 3971/3604/3913 3951/3609/3881 3972/3608/3880
f 3972/3608/3880 3995/3607/3914 3971/3604/3913
f 3995/3607/3914 3972/3608/3880 3976/3666/3879
f 3991/3742/3915 3995/3607/3914 3976/3666/3879
f 3976/3666/3879 3990/3667/3875 3991/3742/3915
f 3990/3667/3875 3992/3741/3916 3991/3742/3915
f 3992/3741/3916 3990/3667/3875 4006/3690/3874
f 4221/3732/3917 3992/3741/3916 4006/3690/3874
f 4221/3732/3917 4006/3690/3874 4002/3691/3873
f 4221/3732/3917 4225/3740/3918 3992/3741/3916
f 3992/3741/3916 4225/3740/3918 3991/3742/3915
f 4225/3740/3918 4379/3743/3919 3991/3742/3915
f 3991/3742/3915 4379/3743/3919 3995/3607/3914
f 4379/3743/3919 4727/3606/3920 3995/3607/3914
f 3995/3607/3914 4747/3605/3921 3971/3604/3913
f 3995/3607/3914 4727/3606/3920 4747/3605/3921
f 4747/3605/3921 4733/3555/3922 3971/3604/3913
f 3971/3604/3913 3926/3591/3923 3924/3603/3912
f 3971/3604/3913 4733/3555/3922 3926/3591/3923
f 3924/3603/3912 3926/3591/3923 3925/3592/3924
f 3925/3592/3924 3922/3602/3909 3924/3603/3912
f 3922/3602/3909 3925/3592/3924 3989/3599/3925
f 3922/3602/3909 4041/3601/3926 3921/3611/3910
f 4041/3601/3926 3922/3602/3909 3989/3599/3925
f 4041/3601/3926 4063/3613/3927 3921/3611/3910
f 4063/3613/3927 4044/3617/3908 3921/3611/3910
f 4041/3601/3926 4029/3600/3928 4063/3613/3927
f 4041/3601/3926 3989/3599/3925 4029/3600/3928
f 4029/3600/3928 4033/3614/3929 4063/3613/3927
f 3989/3599/3925 3988/3598/3930 4029/3600/3928
f 3989/3599/3925 3985/3594/3931 3988/3598/3930
f 3925/3592/3924 3985/3594/3931 3989/3599/3925
f 3985/3594/3931 3986/3597/3623 3988/3598/3930
f 3984/3596/3932 3986/3597/3623 3985/3594/3931
f 3987/3593/3933 3984/3596/3932 3985/3594/3931
f 3987/3593/3933 3985/3594/3931 3925/3592/3924
f 3927/3589/3934 3987/3593/3933 3925/3592/3924
f 3926/3591/3923 3927/3589/3934 3925/3592/3924
f 3927/3589/3934 3926/3591/3923 4732/3556/3935
f 4733/3555/3922 4732/3556/3935 3926/3591/3923
f 4732/3556/3935 4233/3557/3936 3927/3589/3934
f 4732/3556/3935 4563/3552/3937 4233/3557/3936
f 4733/3555/3922 4563/3552/3937 4732/3556/3935
f 4733/3555/3922 4730/3553/3938 4713/3551/3939
f 4563/3552/3937 4733/3555/3922 4713/3551/3939
f 4730/3553/3938 4733/3555/3922 4728/3554/3940
f 4733/3555/3922 4747/3605/3921 4728/3554/3940
f 4727/3606/3920 4728/3554/3940 4747/3605/3921
f 4727/3606/3920 4723/3535/3941 4728/3554/3940
f 4729/3536/3942 4730/3553/3938 4728/3554/3940
f 4723/3535/3941 4729/3536/3942 4728/3554/3940
f 4730/3553/3938 4731/3537/3943 4713/3551/3939
f 4730/3553/3938 4729/3536/3942 4731/3537/3943
f 4713/3551/3939 4731/3537/3943 4718/3538/3944
f 4714/3542/3945 4713/3551/3939 4718/3538/3944
f 4713/3551/3939 4714/3542/3945 4563/3552/3937
f 4561/3558/3946 4563/3552/3937 4562/3550/3947
f 4714/3542/3945 4562/3550/3947 4563/3552/3937
f 4561/3558/3946 4233/3557/3936 4563/3552/3937
f 4233/3557/3936 4561/3558/3946 4234/3588/3948
f 4233/3557/3936 4234/3588/3948 4232/3590/3949
f 3927/3589/3934 4233/3557/3936 4232/3590/3949
f 3927/3589/3934 4232/3590/3949 3987/3593/3933
f 3984/3596/3932 3987/3593/3933 4421/3595/3627
f 4421/3595/3627 3987/3593/3933 4232/3590/3949
f 4424/3809/3950 4421/3595/3627 4232/3590/3949
f 4232/3590/3949 4425/3808/3951 4424/3809/3950
f 4425/3808/3951 4232/3590/3949 4234/3588/3948
f 4412/3807/3665 4425/3808/3951 4234/3588/3948
f 4412/3807/3665 4234/3588/3948 4413/3806/3670
f 4413/3806/3670 4234/3588/3948 4414/3587/3952
f 4234/3588/3948 4406/3585/3953 4414/3587/3952
f 4561/3558/3946 4406/3585/3953 4234/3588/3948
f 4406/3585/3953 4404/3586/3954 4414/3587/3952
f 4404/3586/3954 4406/3585/3953 4405/3584/3678
f 4407/3559/3955 4405/3584/3678 4406/3585/3953
f 4561/3558/3946 4407/3559/3955 4406/3585/3953
f 4561/3558/3946 4753/3549/3956 4407/3559/3955
f 4753/3549/3956 4561/3558/3946 4562/3550/3947
f 4562/3550/3947 4726/3543/3957 4753/3549/3956
f 4726/3543/3957 4562/3550/3947 4714/3542/3945
f 4725/3539/3958 4726/3543/3957 4714/3542/3945
f 4714/3542/3945 4718/3538/3944 4725/3539/3958
f 4718/3538/3944 4715/3496/3959 4716/3494/3960
f 4718/3538/3944 4716/3494/3960 4725/3539/3958
f 4718/3538/3944 4731/3537/3943 4715/3496/3959
f 4729/3536/3942 4734/3519/3961 4731/3537/3943
f 4734/3519/3961 4715/3496/3959 4731/3537/3943
f 4729/3536/3942 4735/3520/3962 4734/3519/3961
f 4735/3520/3962 4729/3536/3942 4722/3521/3963
f 4729/3536/3942 4723/3535/3941 4722/3521/3963
f 4735/3520/3962 4722/3521/3963 4703/3517/3964
f 4736/3518/3965 4735/3520/3962 4703/3517/3964
f 4735/3520/3962 4736/3518/3965 4734/3519/3961
f 4736/3518/3965 4737/3497/3966 4734/3519/3961
f 4737/3497/3966 4715/3496/3959 4734/3519/3961
f 4715/3496/3959 4737/3497/3966 4744/3490/3967
f 4717/3492/3968 4715/3496/3959 4744/3490/3967
f 4715/3496/3959 4717/3492/3968 4716/3494/3960
f 4738/3493/3969 4739/3495/3970 4716/3494/3960
f 4717/3492/3968 4738/3493/3969 4716/3494/3960
f 4739/3495/3970 4725/3539/3958 4716/3494/3960
f 4745/3540/3971 4725/3539/3958 4739/3495/3970
f 4740/3541/3972 4725/3539/3958 4745/3540/3971
f 4726/3543/3957 4725/3539/3958 4740/3541/3972
f 4447/3544/3973 4726/3543/3957 4740/3541/3972
f 4752/3548/3974 4726/3543/3957 4447/3544/3973
f 4726/3543/3957 4752/3548/3974 4753/3549/3956
f 4750/3560/3975 4753/3549/3956 4752/3548/3974
f 4753/3549/3956 4750/3560/3975 4407/3559/3955
f 4407/3559/3955 4408/3581/3976 4405/3584/3678
f 4750/3560/3975 4408/3581/3976 4407/3559/3955
f 4408/3581/3976 4409/3583/3679 4405/3584/3678
f 4408/3581/3976 4410/3582/3683 4409/3583/3679
f 4408/3581/3976 4426/3580/3977 4410/3582/3683
f 4426/3580/3977 4408/3581/3976 4750/3560/3975
f 4426/3580/3977 4427/3579/3978 4410/3582/3683
f 4426/3580/3977 4428/3578/3979 4427/3579/3978
f 4428/3578/3979 4429/3576/3980 4427/3579/3978
f 4426/3580/3977 4751/3561/3981 4428/3578/3979
f 4751/3561/3981 4426/3580/3977 4750/3560/3975
f 4751/3561/3981 4750/3560/3975 4752/3548/3974
f 4751/3561/3981 4752/3548/3974 4443/3546/3982
f 4443/3546/3982 4752/3548/3974 4447/3544/3973
f 4447/3544/3973 4448/3545/3983 4443/3546/3982
f 4448/3545/3983 4447/3544/3973 4740/3541/3972
f 4448/3545/3983 4444/3547/3984 4443/3546/3982
f 4443/3546/3982 4444/3547/3984 4441/3562/3985
f 4441/3562/3985 4751/3561/3981 4443/3546/3982
f 4444/3547/3984 4442/3563/3986 4441/3562/3985
f 4441/3562/3985 4749/3566/3987 4751/3561/3981
f 4749/3566/3987 4428/3578/3979 4751/3561/3981
f 4428/3578/3979 4749/3566/3987 4430/3575/3988
f 4428/3578/3979 4430/3575/3988 4429/3576/3980
f 4430/3575/3988 4431/3574/3690 4429/3576/3980
f 4430/3575/3988 4432/3572/3989 4431/3574/3690
f 4432/3572/3989 4433/3573/3990 4431/3574/3690
f 4435/3571/3991 4433/3573/3990 4432/3572/3989
f 4434/3569/3992 4435/3571/3991 4432/3572/3989
f 4434/3569/3992 4436/3570/3993 4435/3571/3991
f 4437/3568/3994 4436/3570/3993 4434/3569/3992
f 4438/3567/3995 4437/3568/3994 4434/3569/3992
f 4440/3565/3698 4437/3568/3994 4438/3567/3995
f 4434/3569/3992 4748/3577/3996 4438/3567/3995
f 4434/3569/3992 4432/3572/3989 4748/3577/3996
f 4432/3572/3989 4430/3575/3988 4748/3577/3996
f 4749/3566/3987 4748/3577/3996 4430/3575/3988
f 4438/3567/3995 4748/3577/3996 4749/3566/3987
f 4439/3564/3997 4438/3567/3995 4749/3566/3987
f 4439/3564/3997 4749/3566/3987 4441/3562/3985
f 4441/3562/3985 4442/3563/3986 4439/3564/3997
f 4442/3563/3986 4440/3565/3698 4439/3564/3997
f 4439/3564/3997 4440/3565/3698 4438/3567/3995
f 4002/3691/3873 3998/3692/3860 4696/3693/3859
f 4228/3731/3998 4002/3691/3873 4696/3693/3859
f 4228/3731/3998 4696/3693/3859 4692/3730/3858
f 4228/3731/3998 4221/3732/3917 4002/3691/3873
f 4221/3732/3917 4228/3731/3998 4227/3733/3999
f 4227/3733/3999 4228/3731/3998 4692/3730/3858
f 4227/3733/3999 4692/3730/3858 4689/3734/4000
f 4692/3730/3858 4690/3729/3857 4689/3734/4000
f 4690/3729/3857 4691/3735/4001 4689/3734/4000
f 4691/3735/4001 4690/3729/3857 4610/3728/3856
f 4691/3735/4001 4654/3737/4002 4689/3734/4000
f 4689/3734/4000 4654/3737/4002 4224/3736/4003
f 4224/3736/4003 4227/3733/3999 4689/3734/4000
f 4227/3733/3999 4224/3736/4003 4222/3738/4004
f 4226/3739/4005 4227/3733/3999 4222/3738/4004
f 4226/3739/4005 4221/3732/3917 4227/3733/3999
f 4221/3732/3917 4226/3739/4005 4225/3740/3918
f 4225/3740/3918 4226/3739/4005 4222/3738/4004
f 4223/3744/4006 4225/3740/3918 4222/3738/4004
f 4222/3738/4004 4224/3736/4003 4223/3744/4006
f 4223/3744/4006 4379/3743/3919 4225/3740/3918
f 4224/3736/4003 4380/3745/4007 4223/3744/4006
f 4223/3744/4006 4380/3745/4007 4379/3743/3919
f 4224/3736/4003 4656/3746/4008 4380/3745/4007
f 4654/3737/4002 4656/3746/4008 4224/3736/4003
f 4655/3747/4009 4656/3746/4008 4654/3737/4002
f 4656/3746/4008 4655/3747/4009 4380/3745/4007
f 4654/3737/4002 4653/3748/4010 4655/3747/4009
f 4691/3735/4001 4669/3749/4011 4654/3737/4002
f 4653/3748/4010 4654/3737/4002 4669/3749/4011
f 4691/3735/4001 4613/3750/4012 4669/3749/4011
f 4610/3728/3856 4614/3751/4013 4691/3735/4001
f 4691/3735/4001 4614/3751/4013 4613/3750/4012
f 4610/3728/3856 4603/3753/4014 4614/3751/4013
f 4609/3727/3855 4608/3802/4015 4610/3728/3856
f 4608/3802/4015 4603/3753/4014 4610/3728/3856
f 4609/3727/3855 4620/3801/4016 4608/3802/4015
f 4608/3802/4015 4620/3801/4016 4603/3753/4014
f 4609/3727/3855 4619/3803/4017 4620/3801/4016
f 4615/3726/3854 4619/3803/4017 4609/3727/3855
f 4185/3253/3756 4616/3804/4018 4615/3726/3854
f 4619/3803/4017 4615/3726/3854 4616/3804/4018
f 4185/3253/3756 4617/3805/4019 4616/3804/4018
f 4617/3805/4019 4619/3803/4017 4616/3804/4018
f 4185/3253/3756 4618/3255/4020 4617/3805/4019
f 4617/3805/4019 4618/3255/4020 4619/3803/4017
f 4618/3255/4020 4620/3801/4016 4619/3803/4017
f 4601/3756/4021 4620/3801/4016 4618/3255/4020
f 4620/3801/4016 4601/3756/4021 4603/3753/4014
f 4603/3753/4014 4601/3756/4021 4604/3754/4022
f 4614/3751/4013 4603/3753/4014 4604/3754/4022
f 4614/3751/4013 4604/3754/4022 4612/3752/4023
f 4613/3750/4012 4614/3751/4013 4612/3752/4023
f 4611/3761/4024 4613/3750/4012 4612/3752/4023
f 4693/3762/4025 4613/3750/4012 4611/3761/4024
f 4669/3749/4011 4613/3750/4012 4693/3762/4025
f 4668/3763/4026 4669/3749/4011 4693/3762/4025
f 4668/3763/4026 4653/3748/4010 4669/3749/4011
f 4653/3748/4010 4668/3763/4026 4661/3765/4027
f 4653/3748/4010 4661/3765/4027 4660/3764/4028
f 4655/3747/4009 4653/3748/4010 4660/3764/4028
f 4382/3766/4029 4655/3747/4009 4660/3764/4028
f 4655/3747/4009 4382/3766/4029 4380/3745/4007
f 4380/3745/4007 4381/3767/4030 4379/3743/3919
f 4381/3767/4030 4380/3745/4007 4382/3766/4029
f 4381/3767/4030 4727/3606/3920 4379/3743/3919
f 4381/3767/4030 4723/3535/3941 4727/3606/3920
f 4381/3767/4030 4382/3766/4029 4383/3534/4031
f 4723/3535/3941 4381/3767/4030 4383/3534/4031
f 4722/3521/3963 4723/3535/3941 4383/3534/4031
f 4383/3534/4031 4386/3522/4032 4722/3521/3963
f 4386/3522/4032 4703/3517/3964 4722/3521/3963
f 4383/3534/4031 4385/3533/4033 4386/3522/4032
f 4382/3766/4029 4384/3768/4034 4383/3534/4031
f 4384/3768/4034 4385/3533/4033 4383/3534/4031
f 4382/3766/4029 4660/3764/4028 4384/3768/4034
f 4662/3769/4035 4660/3764/4028 4661/3765/4027
f 4384/3768/4034 4660/3764/4028 4662/3769/4035
f 4385/3533/4033 4384/3768/4034 4662/3769/4035
f 4662/3769/4035 4663/3531/4036 4385/3533/4033
f 4385/3533/4033 4387/3532/4037 4386/3522/4032
f 4663/3531/4036 4387/3532/4037 4385/3533/4033
f 4387/3532/4037 4388/3523/4038 4386/3522/4032
f 4389/3516/4039 4703/3517/3964 4386/3522/4032
f 4388/3523/4038 4389/3516/4039 4386/3522/4032
f 4388/3523/4038 4390/3515/4040 4389/3516/4039
f 4389/3516/4039 4390/3515/4040 4704/3501/4041
f 4703/3517/3964 4389/3516/4039 4704/3501/4041
f 4703/3517/3964 4704/3501/4041 4558/3499/4042
f 4736/3518/3965 4703/3517/3964 4558/3499/4042
f 4736/3518/3965 4558/3499/4042 4560/3498/4043
f 4737/3497/3966 4736/3518/3965 4560/3498/4043
f 4737/3497/3966 4560/3498/4043 4719/3488/4044
f 4744/3490/3967 4737/3497/3966 4719/3488/4044
f 4560/3498/4043 4559/3487/4045 4719/3488/4044
f 4559/3487/4045 4560/3498/4043 4558/3499/4042
f 4557/3500/4046 4559/3487/4045 4558/3499/4042
f 4558/3499/4042 4704/3501/4041 4557/3500/4046
f 4704/3501/4041 4705/3456/4047 4557/3500/4046
f 4390/3515/4040 4190/3502/4048 4704/3501/4041
f 4704/3501/4041 4190/3502/4048 4705/3456/4047
f 4390/3515/4040 4391/3513/4049 4392/3514/4050
f 4390/3515/4040 4392/3514/4050 4190/3502/4048
f 4390/3515/4040 4388/3523/4038 4391/3513/4049
f 4388/3523/4038 4684/3524/4051 4391/3513/4049
f 4684/3524/4051 4388/3523/4038 4387/3532/4037
f 4663/3531/4036 4684/3524/4051 4387/3532/4037
f 4662/3769/4035 4664/3530/4052 4663/3531/4036
f 4663/3531/4036 4665/3525/4053 4684/3524/4051
f 4664/3530/4052 4665/3525/4053 4663/3531/4036
f 4665/3525/4053 4685/3511/4054 4684/3524/4051
f 4670/3512/4055 4684/3524/4051 4685/3511/4054
f 4684/3524/4051 4670/3512/4055 4391/3513/4049
f 4671/3505/4056 4392/3514/4050 4391/3513/4049
f 4670/3512/4055 4671/3505/4056 4391/3513/4049
f 4392/3514/4050 4196/3503/4057 4190/3502/4048
f 4392/3514/4050 4671/3505/4056 4196/3503/4057
f 4196/3503/4057 4189/3453/4058 4190/3502/4048
f 4189/3453/4058 4191/3454/4059 4190/3502/4048
f 4190/3502/4048 4191/3454/4059 4705/3456/4047
f 4705/3456/4047 4191/3454/4059 4709/3455/4060
f 4709/3455/4060 4742/3457/4061 4705/3456/4047
f 4742/3457/4061 4557/3500/4046 4705/3456/4047
f 4557/3500/4046 4742/3457/4061 4559/3487/4045
f 4559/3487/4045 4721/3486/4062 4719/3488/4044
f 4742/3457/4061 4741/3484/4063 4559/3487/4045
f 4741/3484/4063 4721/3486/4062 4559/3487/4045
f 4721/3486/4062 4741/3484/4063 4720/3485/4064
f 4719/3488/4044 4721/3486/4062 4720/3485/4064
f 4724/3489/4065 4719/3488/4044 4720/3485/4064
f 4719/3488/4044 4724/3489/4065 4744/3490/3967
f 4724/3489/4065 4746/3491/4066 4744/3490/3967
f 4717/3492/3968 4744/3490/3967 4746/3491/4066
f 4738/3493/3969 4717/3492/3968 4746/3491/4066
f 4670/3512/4055 4672/3509/4067 4671/3505/4056
f 4672/3509/4067 4670/3512/4055 4685/3511/4054
f 4672/3509/4067 4685/3511/4054 4698/3510/4068
f 4694/3526/4069 4698/3510/4068 4685/3511/4054
f 4665/3525/4053 4694/3526/4069 4685/3511/4054
f 4666/3529/4070 4694/3526/4069 4665/3525/4053
f 4664/3530/4052 4666/3529/4070 4665/3525/4053
f 4694/3526/4069 4666/3529/4070 4652/3528/4071
f 4698/3510/4068 4694/3526/4069 4652/3528/4071
f 4666/3529/4070 4650/3785/4072 4652/3528/4071
f 4664/3530/4052 4667/3770/4073 4666/3529/4070
f 4650/3785/4072 4666/3529/4070 4667/3770/4073
f 4664/3530/4052 4661/3765/4027 4667/3770/4073
f 4664/3530/4052 4662/3769/4035 4661/3765/4027
f 4661/3765/4027 4668/3763/4026 4667/3770/4073
f 4667/3770/4073 4668/3763/4026 4651/3771/4074
f 4651/3771/4074 4650/3785/4072 4667/3770/4073
f 4668/3763/4026 4693/3762/4025 4651/3771/4074
f 4650/3785/4072 4651/3771/4074 4629/3772/4075
f 4651/3771/4074 4693/3762/4025 4629/3772/4075
f 4650/3785/4072 4629/3772/4075 4631/3784/4076
f 4652/3528/4071 4650/3785/4072 4631/3784/4076
f 4630/3786/4077 4652/3528/4071 4631/3784/4076
f 4649/3527/4078 4652/3528/4071 4630/3786/4077
f 4649/3527/4078 4698/3510/4068 4652/3528/4071
f 4698/3510/4068 4649/3527/4078 4648/3507/4079
f 4673/3508/4080 4698/3510/4068 4648/3507/4079
f 4673/3508/4080 4672/3509/4067 4698/3510/4068
f 4671/3505/4056 4672/3509/4067 4673/3508/4080
f 4673/3508/4080 4659/3506/4081 4671/3505/4056
f 4673/3508/4080 4648/3507/4079 4659/3506/4081
f 4671/3505/4056 4659/3506/4081 4658/3504/4082
f 4648/3507/4079 4623/3451/4083 4659/3506/4081
f 4658/3504/4082 4659/3506/4081 4623/3451/4083
f 4648/3507/4079 4624/3795/4084 4623/3451/4083
f 4626/3787/4085 4625/3793/4086 4648/3507/4079
f 4625/3793/4086 4624/3795/4084 4648/3507/4079
f 4626/3787/4085 4648/3507/4079 4649/3527/4078
f 4626/3787/4085 4649/3527/4078 4630/3786/4077
f 4626/3787/4085 4630/3786/4077 4548/3788/4087
f 4630/3786/4077 4631/3784/4076 4553/3782/4088
f 4548/3788/4087 4630/3786/4077 4553/3782/4088
f 4631/3784/4076 4628/3783/4089 4553/3782/4088
f 4629/3772/4075 4628/3783/4089 4631/3784/4076
f 4628/3783/4089 4629/3772/4075 4552/3776/4090
f 4628/3783/4089 4552/3776/4090 4553/3782/4088
f 4629/3772/4075 4627/3775/4091 4552/3776/4090
f 4693/3762/4025 4647/3773/4092 4629/3772/4075
f 4627/3775/4091 4629/3772/4075 4647/3773/4092
f 4693/3762/4025 4611/3761/4024 4647/3773/4092
f 4646/3774/4093 4647/3773/4092 4611/3761/4024
f 4646/3774/4093 4627/3775/4091 4647/3773/4092
f 4555/3777/4094 4627/3775/4091 4646/3774/4093
f 4627/3775/4091 4555/3777/4094 4552/3776/4090
f 4552/3776/4090 4550/3781/4095 4553/3782/4088
f 4555/3777/4094 4550/3781/4095 4552/3776/4090
f 4550/3781/4095 4549/3789/4096 4553/3782/4088
f 4553/3782/4088 4549/3789/4096 4548/3788/4087
f 4547/3792/4097 4548/3788/4087 4546/3791/4098
f 4548/3788/4087 4549/3789/4096 4546/3791/4098
f 4547/3792/4097 4626/3787/4085 4548/3788/4087
f 4625/3793/4086 4626/3787/4085 4547/3792/4097
f 4554/3794/4099 4625/3793/4086 4547/3792/4097
f 4624/3795/4084 4625/3793/4086 4554/3794/4099
f 4547/3792/4097 4546/3791/4098 4554/3794/4099
f 4265/3448/4100 4554/3794/4099 4546/3791/4098
f 4554/3794/4099 4265/3448/4100 4574/3450/4101
f 4574/3450/4101 4624/3795/4084 4554/3794/4099
f 4623/3451/4083 4624/3795/4084 4574/3450/4101
f 4622/3449/4102 4623/3451/4083 4574/3450/4101
f 4574/3450/4101 4265/3448/4100 4622/3449/4102
f 4623/3451/4083 4657/3452/4103 4658/3504/4082
f 4657/3452/4103 4623/3451/4083 4621/3447/4104
f 4623/3451/4083 4622/3449/4102 4621/3447/4104
f 4265/3448/4100 4266/3446/4105 4622/3449/4102
f 4622/3449/4102 4266/3446/4105 4621/3447/4104
f 4265/3448/4100 4267/3431/4106 4266/3446/4105
f 4267/3431/4106 4265/3448/4100 4546/3791/4098
f 4363/3375/4107 4267/3431/4106 4546/3791/4098
f 4546/3791/4098 4549/3789/4096 4363/3375/4107
f 4550/3781/4095 4551/3374/4108 4549/3789/4096
f 4551/3374/4108 4363/3375/4107 4549/3789/4096
f 4550/3781/4095 4451/3780/4109 4551/3374/4108
f 4550/3781/4095 4555/3777/4094 4451/3780/4109
f 4264/3258/4110 4423/3778/4111 4555/3777/4094
f 4423/3778/4111 4451/3780/4109 4555/3777/4094
f 4264/3258/4110 4555/3777/4094 4646/3774/4093
f 4264/3258/4110 4646/3774/4093 4600/3760/4112
f 4600/3760/4112 4646/3774/4093 4611/3761/4024
f 4600/3760/4112 4611/3761/4024 4612/3752/4023
f 4599/3755/4113 4600/3760/4112 4612/3752/4023
f 4599/3755/4113 4612/3752/4023 4604/3754/4022
f 4599/3755/4113 4182/3257/4114 4600/3760/4112
f 4182/3257/4114 4264/3258/4110 4600/3760/4112
f 4183/3254/4115 4264/3258/4110 4182/3257/4114
f 4183/3254/4115 4445/3259/4116 4264/3258/4110
f 4445/3259/4116 4423/3778/4111 4264/3258/4110
f 4445/3259/4116 4420/3281/4117 4423/3778/4111
f 4420/3281/4117 4422/3779/4118 4423/3778/4111
f 4423/3778/4111 4422/3779/4118 4451/3780/4109
f 4422/3779/4118 4449/3790/4119 4451/3780/4109
f 4551/3374/4108 4451/3780/4109 4466/3373/4120
f 4451/3780/4109 4449/3790/4119 4466/3373/4120
f 4466/3373/4120 4464/3372/4121 4551/3374/4108
f 4363/3375/4107 4551/3374/4108 4462/3371/4122
f 4551/3374/4108 4464/3372/4121 4462/3371/4122
f 4464/3372/4121 4461/3312/4123 4462/3371/4122
f 4461/3312/4123 4464/3372/4121 4465/3311/4124
f 4464/3372/4121 4466/3373/4120 4465/3311/4124
f 4466/3373/4120 4449/3790/4119 4450/3301/4125
f 4465/3311/4124 4466/3373/4120 4450/3301/4125
f 4449/3790/4119 4416/3282/4126 4450/3301/4125
f 4422/3779/4118 4416/3282/4126 4449/3790/4119
f 4422/3779/4118 4420/3281/4117 4416/3282/4126
f 4420/3281/4117 4418/3280/4127 4416/3282/4126
f 4418/3280/4127 4420/3281/4117 4446/3271/4128
f 4420/3281/4117 4445/3259/4116 4446/3271/4128
f 4445/3259/4116 4195/3260/4129 4446/3271/4128
f 4445/3259/4116 4183/3254/4115 4193/3251/4130
f 4195/3260/4129 4445/3259/4116 4193/3251/4130
f 4183/3254/4115 4188/3252/4131 4193/3251/4130
f 4182/3257/4114 4184/3256/4132 4183/3254/4115
f 4183/3254/4115 4618/3255/4020 4188/3252/4131
f 4184/3256/4132 4618/3255/4020 4183/3254/4115
f 4184/3256/4132 4601/3756/4021 4618/3255/4020
f 4618/3255/4020 4185/3253/3756 4188/3252/4131
f 4188/3252/4131 4185/3253/3756 4186/3211/3755
f 4186/3211/3755 4201/3212/4133 4188/3252/4131
f 4203/3208/3734 4201/3212/4133 4186/3211/3755
f 4201/3212/4133 4192/3250/4134 4188/3252/4131
f 4188/3252/4131 4192/3250/4134 4193/3251/4130
f 4192/3250/4134 4194/3249/4135 4193/3251/4130
f 4194/3249/4135 4195/3260/4129 4193/3251/4130
f 4192/3250/4134 4202/3213/4136 4194/3249/4135
f 4192/3250/4134 4201/3212/4133 4202/3213/4136
f 4203/3208/3734 4204/3207/4137 4201/3212/4133
f 4204/3207/4137 4202/3213/4136 4201/3212/4133
f 4203/3208/3734 4220/3199/3733 4204/3207/4137
f 4204/3207/4137 4205/3205/4138 4202/3213/4136
f 4220/3199/3733 4207/3200/4139 4204/3207/4137
f 4207/3200/4139 4205/3205/4138 4204/3207/4137
f 4220/3199/3733 4571/3197/3732 4207/3200/4139
f 4207/3200/4139 4208/3201/4140 4205/3205/4138
f 4571/3197/3732 4572/3198/4141 4207/3200/4139
f 4208/3201/4140 4207/3200/4139 4572/3198/4141
f 4571/3197/3732 4573/3174/3716 4572/3198/4141
f 4573/3174/3716 4569/3196/4142 4572/3198/4141
f 4573/3174/3716 4568/3187/3703 4569/3196/4142
f 4569/3196/4142 4575/3202/4143 4572/3198/4141
f 4575/3202/4143 4208/3201/4140 4572/3198/4141
f 4246/3204/4144 4208/3201/4140 4575/3202/4143
f 4208/3201/4140 4246/3204/4144 4209/3206/4145
f 4208/3201/4140 4209/3206/4145 4205/3205/4138
f 4205/3205/4138 4206/3214/4146 4202/3213/4136
f 4206/3214/4146 4205/3205/4138 4209/3206/4145
f 4206/3214/4146 4194/3249/4135 4202/3213/4136
f 4209/3206/4145 4229/3215/4147 4206/3214/4146
f 4206/3214/4146 4545/3248/4148 4194/3249/4135
f 4206/3214/4146 4229/3215/4147 4545/3248/4148
f 4545/3248/4148 4544/3262/4149 4194/3249/4135
f 4195/3260/4129 4194/3249/4135 4543/3261/4150
f 4194/3249/4135 4544/3262/4149 4543/3261/4150
f 4195/3260/4129 4543/3261/4150 4454/3270/4151
f 4544/3262/4149 4456/3268/4152 4543/3261/4150
f 4454/3270/4151 4543/3261/4150 4456/3268/4152
f 4544/3262/4149 4594/3263/4153 4456/3268/4152
f 4544/3262/4149 4545/3248/4148 4594/3263/4153
f 4594/3263/4153 4455/3269/4154 4456/3268/4152
f 4454/3270/4151 4456/3268/4152 4455/3269/4154
f 4452/3272/4155 4454/3270/4151 4455/3269/4154
f 4454/3270/4151 4452/3272/4155 4446/3271/4128
f 4195/3260/4129 4454/3270/4151 4446/3271/4128
f 4452/3272/4155 4418/3280/4127 4446/3271/4128
f 4418/3280/4127 4452/3272/4155 4417/3279/4156
f 4416/3282/4126 4418/3280/4127 4417/3279/4156
f 4452/3272/4155 4453/3273/4157 4417/3279/4156
f 4452/3272/4155 4455/3269/4154 4453/3273/4157
f 4455/3269/4154 4457/3274/4158 4453/3273/4157
f 4530/3266/4159 4457/3274/4158 4455/3269/4154
f 4530/3266/4159 4455/3269/4154 4594/3263/4153
f 4530/3266/4159 4594/3263/4153 4531/3264/4160
f 4594/3263/4153 4545/3248/4148 4531/3264/4160
f 4229/3215/4147 4527/3247/4161 4545/3248/4148
f 4545/3248/4148 4527/3247/4161 4531/3264/4160
f 4229/3215/4147 4230/3216/4162 4231/3245/4163
f 4229/3215/4147 4231/3245/4163 4527/3247/4161
f 4229/3215/4147 4209/3206/4145 4230/3216/4162
f 4246/3204/4144 4230/3216/4162 4209/3206/4145
f 4230/3216/4162 4246/3204/4144 4247/3217/4164
f 4235/3244/4165 4230/3216/4162 4247/3217/4164
f 4231/3245/4163 4230/3216/4162 4235/3244/4165
f 4231/3245/4163 4235/3244/4165 4528/3246/4166
f 4231/3245/4163 4528/3246/4166 4527/3247/4161
f 4528/3246/4166 4529/3265/4167 4527/3247/4161
f 4531/3264/4160 4527/3247/4161 4529/3265/4167
f 4531/3264/4160 4529/3265/4167 4509/3267/4168
f 4530/3266/4159 4531/3264/4160 4509/3267/4168
f 4530/3266/4159 4509/3267/4168 4507/3275/4169
f 4457/3274/4158 4530/3266/4159 4507/3275/4169
f 4507/3275/4169 4506/3276/4170 4457/3274/4158
f 4506/3276/4170 4453/3273/4157 4457/3274/4158
f 4453/3273/4157 4506/3276/4170 4503/3278/4171
f 4417/3279/4156 4453/3273/4157 4503/3278/4171
f 4506/3276/4170 4505/3277/4172 4503/3278/4171
f 4506/3276/4170 4507/3275/4169 4505/3277/4172
f 4507/3275/4169 4375/3287/4173 4505/3277/4172
f 4375/3287/4173 4507/3275/4169 4509/3267/4168
f 4373/3288/4174 4375/3287/4173 4509/3267/4168
f 4509/3267/4168 4529/3265/4167 4373/3288/4174
f 4529/3265/4167 4528/3246/4166 4372/3289/4175
f 4529/3265/4167 4372/3289/4175 4373/3288/4174
f 4528/3246/4166 4497/3290/4176 4372/3289/4175
f 4235/3244/4165 4497/3290/4176 4528/3246/4166
f 4372/3289/4175 4371/3294/4177 4373/3288/4174
f 4497/3290/4176 4533/3293/4178 4372/3289/4175
f 4371/3294/4177 4372/3289/4175 4533/3293/4178
f 4371/3294/4177 4533/3293/4178 4480/3334/4179
f 4374/3295/4180 4371/3294/4177 4480/3334/4179
f 4373/3288/4174 4371/3294/4177 4374/3295/4180
f 4375/3287/4173 4373/3288/4174 4374/3295/4180
f 4375/3287/4173 4374/3295/4180 4376/3296/4181
f 4377/3286/4182 4375/3287/4173 4376/3296/4181
f 4375/3287/4173 4377/3286/4182 4505/3277/4172
f 4504/3285/4183 4505/3277/4172 4377/3286/4182
f 4504/3285/4183 4503/3278/4171 4505/3277/4172
f 4503/3278/4171 4504/3285/4183 4502/3284/4184
f 4503/3278/4171 4502/3284/4184 4417/3279/4156
f 4419/3283/4185 4416/3282/4126 4417/3279/4156
f 4502/3284/4184 4419/3283/4185 4417/3279/4156
f 4419/3283/4185 4450/3301/4125 4416/3282/4126
f 4458/3302/4186 4450/3301/4125 4419/3283/4185
f 4450/3301/4125 4458/3302/4186 4465/3311/4124
f 4419/3283/4185 4502/3284/4184 4501/3300/4187
f 4501/3300/4187 4458/3302/4186 4419/3283/4185
f 4502/3284/4184 4500/3299/4188 4501/3300/4187
f 4504/3285/4183 4500/3299/4188 4502/3284/4184
f 4504/3285/4183 4393/3297/4189 4500/3299/4188
f 4393/3297/4189 4504/3285/4183 4377/3286/4182
f 4393/3297/4189 4377/3286/4182 4378/3298/4190
f 4377/3286/4182 4376/3296/4181 4378/3298/4190
f 4378/3298/4190 4394/3305/4191 4393/3297/4189
f 4393/3297/4189 4394/3305/4191 4500/3299/4188
f 4499/3304/4192 4500/3299/4188 4394/3305/4191
f 4499/3304/4192 4501/3300/4187 4500/3299/4188
f 4511/3303/4193 4501/3300/4187 4499/3304/4192
f 4458/3302/4186 4501/3300/4187 4511/3303/4193
f 4468/3310/4194 4458/3302/4186 4511/3303/4193
f 4458/3302/4186 4468/3310/4194 4465/3311/4124
f 4511/3303/4193 4460/3309/4195 4468/3310/4194
f 4468/3310/4194 4460/3309/4195 4465/3311/4124
f 4460/3309/4195 4461/3312/4123 4465/3311/4124
f 4459/3313/4196 4461/3312/4123 4460/3309/4195
f 4463/3367/4197 4461/3312/4123 4459/3313/4196
f 4461/3312/4123 4463/3367/4197 4462/3371/4122
f 4643/3370/4198 4363/3375/4107 4462/3371/4122
f 4643/3370/4198 4462/3371/4122 4463/3367/4197
f 4642/3369/4199 4643/3370/4198 4463/3367/4197
f 4463/3367/4197 4467/3366/4200 4642/3369/4199
f 4467/3366/4200 4463/3367/4197 4459/3313/4196
f 4459/3313/4196 4510/3314/4201 4467/3366/4200
f 4510/3314/4201 4459/3313/4196 4460/3309/4195
f 4508/3308/4202 4510/3314/4201 4460/3309/4195
f 4511/3303/4193 4508/3308/4202 4460/3309/4195
f 4508/3308/4202 4511/3303/4193 4499/3304/4192
f 4508/3308/4202 4499/3304/4192 4473/3307/4203
f 4473/3307/4203 4499/3304/4192 4394/3305/4191
f 4394/3305/4191 4415/3306/4204 4473/3307/4203
f 4415/3306/4204 4394/3305/4191 4378/3298/4190
f 4415/3306/4204 4474/3316/4205 4473/3307/4203
f 4471/3315/4191 4508/3308/4202 4473/3307/4203
f 4471/3315/4191 4473/3307/4203 4474/3316/4205
f 4471/3315/4191 4510/3314/4201 4508/3308/4202
f 4471/3315/4191 4469/3324/4206 4510/3314/4201
f 4510/3314/4201 4469/3324/4206 4513/3365/4207
f 4510/3314/4201 4513/3365/4207 4467/3366/4200
f 4467/3366/4200 4513/3365/4207 4512/3368/4208
f 4467/3366/4200 4512/3368/4208 4642/3369/4199
f 4525/3377/4209 4360/3376/4210 4642/3369/4199
f 4512/3368/4208 4525/3377/4209 4642/3369/4199
f 4360/3376/4210 4643/3370/4198 4642/3369/4199
f 4360/3376/4210 4363/3375/4107 4643/3370/4198
f 4363/3375/4107 4360/3376/4210 4361/3796/4211
f 4363/3375/4107 4361/3796/4211 4267/3431/4106
f 4360/3376/4210 4362/3798/4212 4361/3796/4211
f 4360/3376/4210 4525/3377/4209 4362/3798/4212
f 4362/3798/4212 4481/3797/3533 4361/3796/4211
f 4481/3797/3533 4267/3431/4106 4361/3796/4211
f 4362/3798/4212 4556/3800/4213 4481/3797/3533
f 4481/3797/3533 4368/3430/4214 4267/3431/4106
f 4368/3430/4214 4481/3797/3533 4556/3800/4213
f 4368/3430/4214 4269/3420/4215 4267/3431/4106
f 4368/3430/4214 4357/3429/4216 4358/3421/4217
f 4269/3420/4215 4368/3430/4214 4358/3421/4217
f 4357/3429/4216 4368/3430/4214 4556/3800/4213
f 4357/3429/4216 4356/3428/4218 4358/3421/4217
f 4357/3429/4216 4556/3800/4213 4356/3428/4218
f 4356/3428/4218 4556/3800/4213 4526/3799/4219
f 4556/3800/4213 4362/3798/4212 4526/3799/4219
f 4525/3377/4209 4526/3799/4219 4362/3798/4212
f 4512/3368/4208 4516/3378/4220 4525/3377/4209
f 4516/3378/4220 4526/3799/4219 4525/3377/4209
f 4512/3368/4208 4514/3379/4221 4516/3378/4220
f 4513/3365/4207 4514/3379/4221 4512/3368/4208
f 4513/3365/4207 4472/3364/4222 4514/3379/4221
f 4469/3324/4206 4472/3364/4222 4513/3365/4207
f 4470/3323/4223 4334/3325/4224 4469/3324/4206
f 4472/3364/4222 4469/3324/4206 4334/3325/4224
f 4469/3324/4206 4471/3315/4191 4470/3323/4223
f 4470/3323/4223 4471/3315/4191 4474/3316/4205
f 4470/3323/4223 4474/3316/4205 4680/3322/4225
f 4334/3325/4224 4470/3323/4223 4680/3322/4225
f 4474/3316/4205 4477/3317/4226 4680/3322/4225
f 4474/3316/4205 4415/3306/4204 4477/3317/4226
f 4415/3306/4204 4378/3298/4190 4475/3318/4227
f 4415/3306/4204 4475/3318/4227 4477/3317/4226
f 4378/3298/4190 4476/3319/4228 4475/3318/4227
f 4477/3317/4226 4475/3318/4227 4584/3320/4229
f 4475/3318/4227 4476/3319/4228 4584/3320/4229
f 4584/3320/4229 4338/3321/4230 4477/3317/4226
f 4477/3317/4226 4338/3321/4230 4680/3322/4225
f 4333/3326/4231 4680/3322/4225 4336/3327/4232
f 4338/3321/4230 4336/3327/4232 4680/3322/4225
f 4333/3326/4231 4334/3325/4224 4680/3322/4225
f 4334/3325/4224 4333/3326/4231 4326/3363/4233
f 4326/3363/4233 4472/3364/4222 4334/3325/4224
f 4359/3380/4234 4472/3364/4222 4326/3363/4233
f 4472/3364/4222 4359/3380/4234 4514/3379/4221
f 4515/3381/4235 4516/3378/4220 4514/3379/4221
f 4515/3381/4235 4514/3379/4221 4359/3380/4234
f 4515/3381/4235 4518/3382/4236 4516/3378/4220
f 4517/3426/4237 4516/3378/4220 4518/3382/4236
f 4517/3426/4237 4526/3799/4219 4516/3378/4220
f 4356/3428/4218 4526/3799/4219 4517/3426/4237
f 4519/3427/4238 4356/3428/4218 4517/3426/4237
f 4519/3427/4238 4517/3426/4237 4520/3425/4239
f 4517/3426/4237 4518/3382/4236 4520/3425/4239
f 4519/3427/4238 4520/3425/4239 4521/3424/4240
f 4519/3427/4238 4521/3424/4240 4356/3428/4218
f 4521/3424/4240 4358/3421/4217 4356/3428/4218
f 4520/3425/4239 4522/3423/4241 4521/3424/4240
f 4521/3424/4240 4524/3422/4242 4358/3421/4217
f 4522/3423/4241 4524/3422/4242 4521/3424/4240
f 4354/3392/4243 4523/3404/4244 4522/3423/4241
f 4523/3404/4244 4524/3422/4242 4522/3423/4241
f 4522/3423/4241 4520/3425/4239 4354/3392/4243
f 4520/3425/4239 4518/3382/4236 4354/3392/4243
f 4518/3382/4236 4353/3383/4245 4354/3392/4243
f 4353/3383/4245 4518/3382/4236 4515/3381/4235
f 4353/3383/4245 4515/3381/4235 4359/3380/4234
f 4351/3384/4246 4353/3383/4245 4359/3380/4234
f 4322/3385/4247 4351/3384/4246 4359/3380/4234
f 4322/3385/4247 4359/3380/4234 4326/3363/4233
f 4324/3360/4248 4322/3385/4247 4326/3363/4233
f 4322/3385/4247 4324/3360/4248 4323/3386/4249
f 4322/3385/4247 4323/3386/4249 4351/3384/4246
f 4324/3360/4248 4335/3387/4250 4323/3386/4249
f 4323/3386/4249 4335/3387/4250 4351/3384/4246
f 4350/3390/4251 4352/3391/4252 4351/3384/4246
f 4335/3387/4250 4350/3390/4251 4351/3384/4246
f 4352/3391/4252 4353/3383/4245 4351/3384/4246
f 4352/3391/4252 4354/3392/4243 4353/3383/4245
f 4354/3392/4243 4352/3391/4252 4355/3393/4253
f 4523/3404/4244 4354/3392/4243 4355/3393/4253
f 4352/3391/4252 4350/3390/4251 4355/3393/4253
f 4349/3394/4254 4355/3393/4253 4350/3390/4251
f 4539/3403/4255 4355/3393/4253 4349/3394/4254
f 4539/3403/4255 4523/3404/4244 4355/3393/4253
f 4523/3404/4244 4539/3403/4255 4542/3405/4256
f 4523/3404/4244 4542/3405/4256 4524/3422/4242
f 4370/3407/4257 4524/3422/4242 4542/3405/4256
f 4370/3407/4257 4358/3421/4217 4524/3422/4242
f 4358/3421/4217 4370/3407/4257 4369/3408/4258
f 4269/3420/4215 4358/3421/4217 4369/3408/4258
f 4370/3407/4257 4494/3401/4259 4369/3408/4258
f 4494/3401/4259 4370/3407/4257 4542/3405/4256
f 4542/3405/4256 4541/3406/4260 4494/3401/4259
f 4541/3406/4260 4542/3405/4256 4539/3403/4255
f 4539/3403/4255 4540/3402/4261 4541/3406/4260
f 4349/3394/4254 4540/3402/4261 4539/3403/4255
f 4541/3406/4260 4540/3402/4261 4494/3401/4259
f 4349/3394/4254 4348/3395/4262 4540/3402/4261
f 4494/3401/4259 4540/3402/4261 4348/3395/4262
f 4349/3394/4254 4346/3389/4263 4348/3395/4262
f 4349/3394/4254 4350/3390/4251 4346/3389/4263
f 4350/3390/4251 4335/3387/4250 4329/3388/4264
f 4346/3389/4263 4350/3390/4251 4329/3388/4264
f 4335/3387/4250 4324/3360/4248 4329/3388/4264
f 4328/3359/4265 4329/3388/4264 4324/3360/4248
f 4329/3388/4264 4328/3359/4265 4345/3358/4266
f 4346/3389/4263 4329/3388/4264 4345/3358/4266
f 4347/3396/4267 4346/3389/4263 4345/3358/4266
f 4346/3389/4263 4347/3396/4267 4348/3395/4262
f 4345/3358/4266 4304/3357/4268 4347/3396/4267
f 4348/3395/4262 4347/3396/4267 4304/3357/4268
f 4492/3397/4269 4348/3395/4262 4304/3357/4268
f 4494/3401/4259 4348/3395/4262 4492/3397/4269
f 4280/3399/4270 4494/3401/4259 4492/3397/4269
f 4369/3408/4258 4494/3401/4259 4280/3399/4270
f 4271/3409/4271 4369/3408/4258 4280/3399/4270
f 4369/3408/4258 4271/3409/4271 4270/3419/4272
f 4269/3420/4215 4369/3408/4258 4270/3419/4272
f 4269/3420/4215 4270/3419/4272 4267/3431/4106
f 4267/3431/4106 4268/3432/4273 4266/3446/4105
f 4270/3419/4272 4268/3432/4273 4267/3431/4106
f 4271/3409/4271 4272/3418/4274 4270/3419/4272
f 4272/3418/4274 4268/3432/4273 4270/3419/4272
f 4271/3409/4271 4274/3417/4275 4272/3418/4274
f 4271/3409/4271 4280/3399/4270 4281/3410/4276
f 4274/3417/4275 4271/3409/4271 4281/3410/4276
f 4280/3399/4270 4282/3400/4277 4281/3410/4276
f 4280/3399/4270 4493/3398/4278 4282/3400/4277
f 4492/3397/4269 4493/3398/4278 4280/3399/4270
f 4305/3356/4064 4493/3398/4278 4492/3397/4269
f 4492/3397/4269 4304/3357/4268 4305/3356/4064
f 4304/3357/4268 4303/3353/4279 4305/3356/4064
f 4303/3353/4279 4304/3357/4268 4345/3358/4266
f 4345/3358/4266 4344/3352/4280 4303/3353/4279
f 4328/3359/4265 4344/3352/4280 4345/3358/4266
f 4324/3360/4248 4330/3344/4281 4328/3359/4265
f 4328/3359/4265 4330/3344/4281 4344/3352/4280
f 4330/3344/4281 4343/3351/4282 4344/3352/4280
f 4343/3351/4282 4303/3353/4279 4344/3352/4280
f 4330/3344/4281 4340/3345/4283 4343/3351/4282
f 4343/3351/4282 4244/3350/4284 4303/3353/4279
f 4340/3345/4283 4244/3350/4284 4343/3351/4282
f 4244/3350/4284 4302/3355/4065 4303/3353/4279
f 4303/3353/4279 4302/3355/4065 4305/3356/4064
f 4244/3350/4284 4245/3354/4285 4302/3355/4065
f 4243/3349/3969 4245/3354/4285 4244/3350/4284
f 4242/3346/4286 4243/3349/3969 4244/3350/4284
f 4242/3346/4286 4244/3350/4284 4340/3345/4283
f 4242/3346/4286 4241/3348/3970 4243/3349/3969
f 4242/3346/4286 4240/3347/4287 4241/3348/3970
f 4239/3243/4288 4241/3348/3970 4240/3347/4287
f 4242/3346/4286 4339/3341/4289 4240/3347/4287
f 4339/3341/4289 4242/3346/4286 4340/3345/4283
f 4339/3341/4289 4340/3345/4283 4332/3342/4290
f 4332/3342/4290 4340/3345/4283 4330/3344/4281
f 4332/3342/4290 4330/3344/4281 4331/3343/4291
f 4327/3361/4292 4330/3344/4281 4324/3360/4248
f 4330/3344/4281 4327/3361/4292 4331/3343/4291
f 4324/3360/4248 4326/3363/4233 4327/3361/4292
f 4331/3343/4291 4327/3361/4292 4325/3362/4293
f 4325/3362/4293 4327/3361/4292 4326/3363/4233
f 4333/3326/4231 4325/3362/4293 4326/3363/4233
f 4333/3326/4231 4331/3343/4291 4325/3362/4293
f 4331/3343/4291 4333/3326/4231 4336/3327/4232
f 4336/3327/4232 4332/3342/4290 4331/3343/4291
f 4337/3328/4294 4332/3342/4290 4336/3327/4232
f 4337/3328/4294 4339/3341/4289 4332/3342/4290
f 4339/3341/4289 4337/3328/4294 4342/3340/4295
f 4342/3340/4295 4240/3347/4287 4339/3341/4289
f 4341/3339/4296 4240/3347/4287 4342/3340/4295
f 4236/3242/4297 4240/3347/4287 4341/3339/4296
f 4236/3242/4297 4239/3243/4288 4240/3347/4287
f 4239/3243/4288 4236/3242/4297 4237/3241/3972
f 4236/3242/4297 4238/3240/4298 4237/3241/3972
f 4237/3241/3972 4238/3240/4298 4258/3223/3983
f 4236/3242/4297 4235/3244/4165 4238/3240/4298
f 4238/3240/4298 4247/3217/4164 4258/3223/3983
f 4238/3240/4298 4235/3244/4165 4247/3217/4164
f 4247/3217/4164 4257/3222/3984 4258/3223/3983
f 4246/3204/4144 4248/3218/4299 4247/3217/4164
f 4248/3218/4299 4257/3222/3984 4247/3217/4164
f 4257/3222/3984 4248/3218/4299 4260/3221/4300
f 4259/3224/4301 4257/3222/3984 4260/3221/4300
f 4259/3224/4301 4260/3221/4300 4262/3225/3699
f 4263/3226/3698 4259/3224/4301 4262/3225/3699
f 4260/3221/4300 4261/3227/3700 4262/3225/3699
f 4260/3221/4300 4564/3220/4302 4261/3227/3700
f 4564/3220/4302 4565/3228/3701 4261/3227/3700
f 4260/3221/4300 4570/3219/4303 4564/3220/4302
f 4570/3219/4303 4260/3221/4300 4248/3218/4299
f 4576/3203/4304 4570/3219/4303 4248/3218/4299
f 4246/3204/4144 4576/3203/4304 4248/3218/4299
f 4576/3203/4304 4246/3204/4144 4575/3202/4143
f 4576/3203/4304 4575/3202/4143 4569/3196/4142
f 4566/3195/4305 4576/3203/4304 4569/3196/4142
f 4576/3203/4304 4566/3195/4305 4570/3219/4303
f 4566/3195/4305 4564/3220/4302 4570/3219/4303
f 4566/3195/4305 4567/3194/3702 4564/3220/4302
f 4567/3194/3702 4565/3228/3701 4564/3220/4302
f 4566/3195/4305 4568/3187/3703 4567/3194/3702
f 4569/3196/4142 4568/3187/3703 4566/3195/4305
f 4236/3242/4297 4495/3291/4306 4235/3244/4165
f 4495/3291/4306 4236/3242/4297 4341/3339/4296
f 4495/3291/4306 4497/3290/4176 4235/3244/4165
f 4496/3292/4307 4497/3290/4176 4495/3291/4306
f 4533/3293/4178 4497/3290/4176 4496/3292/4307
f 4495/3291/4306 4498/3338/4308 4496/3292/4307
f 4341/3339/4296 4498/3338/4308 4495/3291/4306
f 4496/3292/4307 4498/3338/4308 4538/3336/4309
f 4533/3293/4178 4496/3292/4307 4538/3336/4309
f 4498/3338/4308 4534/3337/4310 4538/3336/4309
f 4341/3339/4296 4534/3337/4310 4498/3338/4308
f 4342/3340/4295 4536/3329/4311 4341/3339/4296
f 4536/3329/4311 4534/3337/4310 4341/3339/4296
f 4342/3340/4295 4337/3328/4294 4536/3329/4311
f 4534/3337/4310 4536/3329/4311 4535/3333/4312
f 4538/3336/4309 4534/3337/4310 4535/3333/4312
f 4538/3336/4309 4535/3333/4312 4532/3335/4313
f 4533/3293/4178 4538/3336/4309 4532/3335/4313
f 4532/3335/4313 4480/3334/4179 4533/3293/4178
f 4479/3332/4314 4480/3334/4179 4532/3335/4313
f 4535/3333/4312 4479/3332/4314 4532/3335/4313
f 4479/3332/4314 4374/3295/4180 4480/3334/4179
f 4374/3295/4180 4479/3332/4314 4478/3331/4315
f 4376/3296/4181 4374/3295/4180 4478/3331/4315
f 4479/3332/4314 4537/3330/4316 4478/3331/4315
f 4535/3333/4312 4537/3330/4316 4479/3332/4314
f 4536/3329/4311 4537/3330/4316 4535/3333/4312
f 4536/3329/4311 4337/3328/4294 4584/3320/4229
f 4537/3330/4316 4536/3329/4311 4584/3320/4229
f 4476/3319/4228 4537/3330/4316 4584/3320/4229
f 4478/3331/4315 4537/3330/4316 4476/3319/4228
f 4478/3331/4315 4476/3319/4228 4376/3296/4181
f 4476/3319/4228 4378/3298/4190 4376/3296/4181
f 4584/3320/4229 4337/3328/4294 4338/3321/4230
f 4338/3321/4230 4337/3328/4294 4336/3327/4232
f 4035/3616/3584 4069/3630/4317 4068/3628/3580
f 4034/3615/4318 4035/3616/3584 4068/3628/3580
f 4033/3614/3929 4035/3616/3584 4034/3615/4318
f 4063/3613/3927 4033/3614/3929 4034/3615/4318
f 4063/3613/3927 4034/3615/4318 4044/3617/3908
f 4034/3615/4318 4066/3627/4319 4044/3617/3908
f 4053/3629/4320 4066/3627/4319 4034/3615/4318
f 4068/3628/3580 4053/3629/4320 4034/3615/4318
f 4068/3628/3580 4071/3631/3582 4053/3629/4320
f 4071/3631/3582 4050/3632/3594 4053/3629/4320
f 4050/3632/3594 4051/3633/4321 4053/3629/4320
f 4053/3629/4320 4051/3633/4321 4066/3627/4319
f 4050/3632/3594 4052/3634/3596 4051/3633/4321
f 4066/3627/4319 4051/3633/4321 4100/3640/4322
f 4052/3634/3596 4047/3635/4323 4051/3633/4321
f 4047/3635/4323 4100/3640/4322 4051/3633/4321
f 4052/3634/3596 4046/3636/3598 4047/3635/4323
f 4045/3637/4324 4047/3635/4323 4046/3636/3598
f 4175/3638/4325 4047/3635/4323 4045/3637/4324
f 4171/3639/4326 4047/3635/4323 4175/3638/4325
f 4171/3639/4326 4169/3641/4327 4047/3635/4323
f 4169/3641/4327 4100/3640/4322 4047/3635/4323
f 4171/3639/4326 4168/3642/4328 4169/3641/4327
f 4168/3642/4328 4170/3643/4329 4169/3641/4327
f 4170/3643/4329 4172/3644/4330 4169/3641/4327
f 4172/3644/4330 4173/3645/4331 4169/3641/4327
f 4173/3645/4331 4100/3640/4322 4169/3641/4327
f 4173/3645/4331 4174/3646/4332 4100/3640/4322
f 4174/3646/4332 4177/3647/4333 4100/3640/4322
f 4179/3648/4334 4100/3640/4322 4177/3647/4333
f 4179/3648/4334 4180/3649/4335 4100/3640/4322
f 4180/3649/4335 4181/3650/4336 4100/3640/4322
f 4176/3651/4337 4066/3627/4319 4100/3640/4322
f 4181/3650/4336 4176/3651/4337 4100/3640/4322
f 4176/3651/4337 4178/3652/3801 4066/3627/4319
f 4044/3617/3908 4066/3627/4319 4049/3626/4338
f 4049/3626/4338 4066/3627/4319 4178/3652/3801
f 4099/3653/4339 4049/3626/4338 4178/3652/3801
f 4099/3653/4339 3882/3654/3804 4049/3626/4338
f 3882/3654/3804 3883/3625/3905 4049/3626/4338
f 3883/3625/3905 4044/3617/3908 4049/3626/4338
f 3882/3654/3804 3881/3655/4340 3883/3625/3905
f 3881/3655/4340 3885/3656/4341 3883/3625/3905
f 3877/3657/3810 3883/3625/3905 3885/3656/4341
f 3878/3658/3903 3883/3625/3905 3877/3657/3810
f 3876/3659/4342 3878/3658/3903 3877/3657/3810
f 3876/3659/4342 3880/3660/3902 3878/3658/3903
f 3879/3661/3822 3880/3660/3902 3876/3659/4342
f 3852/3710/4343 3880/3660/3902 3879/3661/3822
f 3886/3711/3900 3880/3660/3902 3852/3710/4343
f 3879/3661/3822 3849/3709/3897 3852/3710/4343
f 3852/3710/4343 3849/3709/3897 3850/3703/3898
f 3852/3710/4343 3850/3703/3898 3886/3711/3900
f 4096/3022/4337 4098/3015/3800 4119/3021/3801
f 4095/3023/4336 4097/3014/4344 4096/3022/4337
f 4097/3014/4344 4098/3015/3800 4096/3022/4337
f 4097/3014/4344 4107/2995/3799 4098/3015/3800
f 4106/2996/4345 4107/2995/3799 4097/3014/4344
f 4106/2996/4345 4157/2994/3798 4107/2995/3799
f 4144/2983/3797 4157/2994/3798 4106/2996/4345
f 4110/2997/4346 4144/2983/3797 4106/2996/4345
f 4110/2997/4346 4106/2996/4345 4105/3013/4347
f 4105/3013/4347 4106/2996/4345 4097/3014/4344
f 4105/3013/4347 4097/3014/4344 4095/3023/4336
f 4122/3024/4348 4105/3013/4347 4095/3023/4336
f 4109/3012/4349 4105/3013/4347 4122/3024/4348
f 4109/3012/4349 4110/2997/4346 4105/3013/4347
f 4122/3024/4348 4114/3025/4334 4109/3012/4349
f 4109/3012/4349 4112/2998/4350 4110/2997/4346
f 4144/2983/3797 4110/2997/4346 4112/2998/4350
f 4109/3012/4349 4111/3011/4351 4112/2998/4350
f 4111/3011/4351 4109/3012/4349 4114/3025/4334
f 4113/3026/4352 4111/3011/4351 4114/3025/4334
f 4117/3009/4353 4086/3010/4354 4113/3026/4352
f 4086/3010/4354 4111/3011/4351 4113/3026/4352
f 4086/3010/4354 4084/2999/4355 4111/3011/4351
f 4084/2999/4355 4112/2998/4350 4111/3011/4351
f 4146/2982/4356 4112/2998/4350 4084/2999/4355
f 4146/2982/4356 4144/2983/3797 4112/2998/4350
f 4036/2970/3609 4144/2983/3797 4146/2982/4356
f 4025/2971/3607 4036/2970/3609 4146/2982/4356
f 4025/2971/3607 4146/2982/4356 4145/2981/3606
f 4145/2981/3606 4146/2982/4356 4084/2999/4355
f 4145/2981/3606 4084/2999/4355 4090/2979/3604
f 4084/2999/4355 4086/3010/4354 4085/3000/4357
f 4090/2979/3604 4084/2999/4355 4085/3000/4357
f 4086/3010/4354 4117/3009/4353 4085/3000/4357
f 4121/3008/4331 4085/3000/4357 4117/3009/4353
f 4120/3006/4330 4102/3007/4358 4121/3008/4331
f 4102/3007/4358 4085/3000/4357 4121/3008/4331
f 4101/3001/4359 4085/3000/4357 4102/3007/4358
f 4090/2979/3604 4085/3000/4357 4101/3001/4359
f 4102/3007/4358 4103/3004/4360 4101/3001/4359
f 4102/3007/4358 4120/3006/4330 4103/3004/4360
f 4120/3006/4330 4104/3005/4361 4103/3004/4360
f 4103/3004/4360 4104/3005/4361 4089/3003/4362
f 4087/3002/4363 4103/3004/4360 4089/3003/4362
f 4103/3004/4360 4087/3002/4363 4101/3001/4359
f 4087/3002/4363 4090/2979/3604 4101/3001/4359
f 4090/2979/3604 4087/3002/4363 4088/2980/3605
f 4087/3002/4363 4089/3003/4362 4088/2980/3605
f 4282/3400/4277 4283/3411/4364 4281/3410/4276
f 4293/3413/4365 4284/3412/4366 4283/3411/4364
f 4284/3412/4366 4281/3410/4276 4283/3411/4364
f 4284/3412/4366 4285/3416/4367 4281/3410/4276
f 4285/3416/4367 4274/3417/4275 4281/3410/4276
f 4284/3412/4366 4297/3414/4368 4285/3416/4367
f 4297/3414/4368 4284/3412/4366 4293/3413/4365
f 4295/3415/4369 4297/3414/4368 4293/3413/4365
f 4294/3482/4370 4296/3481/4371 4295/3415/4369
f 4296/3481/4371 4297/3414/4368 4295/3415/4369
f 4366/3480/4372 4297/3414/4368 4296/3481/4371
f 4297/3414/4368 4366/3480/4372 4364/3479/4373
f 4285/3416/4367 4297/3414/4368 4364/3479/4373
f 4366/3480/4372 4365/3472/4374 4364/3479/4373
f 4365/3472/4374 4366/3480/4372 4296/3481/4371
f 4365/3472/4374 4367/3476/4375 4364/3479/4373
f 4486/3478/4376 4364/3479/4373 4367/3476/4375
f 4486/3478/4376 4285/3416/4367 4364/3479/4373
f 4285/3416/4367 4486/3478/4376 4487/3435/4377
f 4274/3417/4275 4285/3416/4367 4487/3435/4377
f 4486/3478/4376 4490/3477/4378 4487/3435/4377
f 4490/3477/4378 4486/3478/4376 4367/3476/4375
f 4490/3477/4378 4488/3436/4379 4487/3435/4377
f 4274/3417/4275 4487/3435/4377 4488/3436/4379
f 4273/3433/4069 4274/3417/4275 4488/3436/4379
f 4273/3433/4069 4272/3418/4274 4274/3417/4275
f 4488/3436/4379 4489/3437/4380 4273/3433/4069
f 4489/3437/4380 4488/3436/4379 4490/3477/4378
f 4485/3475/4381 4489/3437/4380 4490/3477/4378
f 4490/3477/4378 4367/3476/4375 4485/3475/4381
f 4483/3474/4382 4367/3476/4375 4365/3472/4374
f 4367/3476/4375 4483/3474/4382 4485/3475/4381
f 4301/3440/4383 4485/3475/4381 4483/3474/4382
f 4485/3475/4381 4301/3440/4383 4489/3437/4380
f 4301/3440/4383 4307/3438/4384 4489/3437/4380
f 4307/3438/4384 4273/3433/4069 4489/3437/4380
f 4273/3433/4069 4307/3438/4384 4278/3434/4385
f 4272/3418/4274 4273/3433/4069 4278/3434/4385
f 4272/3418/4274 4278/3434/4385 4268/3432/4273
f 4266/3446/4105 4268/3432/4273 4275/3445/4386
f 4278/3434/4385 4276/3444/4387 4268/3432/4273
f 4268/3432/4273 4276/3444/4387 4275/3445/4386
f 4278/3434/4385 4277/3442/4388 4276/3444/4387
f 4276/3444/4387 4191/3454/4059 4275/3445/4386
f 4277/3442/4388 4191/3454/4059 4276/3444/4387
f 4275/3445/4386 4189/3453/4058 4621/3447/4104
f 4275/3445/4386 4191/3454/4059 4189/3453/4058
f 4621/3447/4104 4266/3446/4105 4275/3445/4386
f 4191/3454/4059 4277/3442/4388 4709/3455/4060
f 4278/3434/4385 4279/3439/4389 4277/3442/4388
f 4709/3455/4060 4277/3442/4388 4711/3443/4390
f 4277/3442/4388 4279/3439/4389 4711/3443/4390
f 4709/3455/4060 4711/3443/4390 4742/3457/4061
f 4279/3439/4389 4307/3438/4384 4306/3441/4391
f 4279/3439/4389 4306/3441/4391 4711/3443/4390
f 4279/3439/4389 4278/3434/4385 4307/3438/4384
f 4306/3441/4391 4307/3438/4384 4301/3440/4383
f 4300/3460/4392 4306/3441/4391 4301/3440/4383
f 4300/3460/4392 4301/3440/4383 4299/3462/4393
f 4299/3462/4393 4301/3440/4383 4483/3474/4382
f 4299/3462/4393 4483/3474/4382 4482/3473/4394
f 4482/3473/4394 4483/3474/4382 4365/3472/4374
f 4482/3473/4394 4365/3472/4374 4484/3471/4371
f 4299/3462/4393 4482/3473/4394 4484/3471/4371
f 4299/3462/4393 4484/3471/4371 4491/3464/4395
f 4298/3463/4396 4299/3462/4393 4491/3464/4395
f 4298/3463/4396 4300/3460/4392 4299/3462/4393
f 4491/3464/4395 4708/3461/4397 4298/3463/4396
f 4300/3460/4392 4298/3463/4396 4708/3461/4397
f 4300/3460/4392 4708/3461/4397 4712/3459/4398
f 4306/3441/4391 4300/3460/4392 4712/3459/4398
f 4306/3441/4391 4712/3459/4398 4711/3443/4390
f 4742/3457/4061 4711/3443/4390 4699/3458/4399
f 4711/3443/4390 4712/3459/4398 4699/3458/4399
f 4699/3458/4399 4741/3484/4063 4742/3457/4061
f 4741/3484/4063 4699/3458/4399 4743/3483/4278
f 4741/3484/4063 4743/3483/4278 4720/3485/4064
f 4699/3458/4399 4700/3467/4277 4743/3483/4278
f 4699/3458/4399 4701/3466/4400 4700/3467/4277
f 4712/3459/4398 4701/3466/4400 4699/3458/4399
f 4708/3461/4397 4707/3465/4401 4712/3459/4398
f 4707/3465/4401 4701/3466/4400 4712/3459/4398
f 4708/3461/4397 4491/3464/4395 4707/3465/4401
f 4706/3470/4369 4707/3465/4401 4491/3464/4395
f 4710/3469/4365 4707/3465/4401 4706/3470/4369
f 4707/3465/4401 4710/3469/4365 4702/3468/4402
f 4701/3466/4400 4707/3465/4401 4702/3468/4402
f 4701/3466/4400 4702/3468/4402 4700/3467/4277
f 4657/3452/4103 4621/3447/4104 4189/3453/4058
f 4657/3452/4103 4189/3453/4058 4658/3504/4082
f 4189/3453/4058 4196/3503/4057 4658/3504/4082
f 4671/3505/4056 4658/3504/4082 4196/3503/4057
f 3896/3812/4403 3898/3811/4404 3897/3810/4405
f 3897/3810/4405 4000/3813/4406 3896/3812/4403
f 3917/3814/4407 4000/3813/4406 3897/3810/4405
f 4000/3813/4406 3917/3814/4407 4001/3815/4408
f 4001/3815/4408 3917/3814/4407 3918/3816/4409
f 3917/3814/4407 3919/3817/4410 3918/3816/4409
f 3920/3818/4411 3918/3816/4409 3919/3817/4410
f 3919/3817/4410 4004/3819/4412 3920/3818/4411
f 3934/3821/4413 4004/3819/4412 3919/3817/4410
f 4004/3819/4412 3934/3821/4413 4008/3820/4414
f 4008/3820/4414 3934/3821/4413 3898/3811/4404
f 3934/3821/4413 3897/3810/4405 3898/3811/4404
f 3897/3810/4405 3934/3821/4413 3974/3822/4415
f 3974/3822/4415 3917/3814/4407 3897/3810/4405
f 3919/3817/4410 3917/3814/4407 3974/3822/4415
f 3974/3822/4415 3934/3821/4413 3919/3817/4410
f 3935/3825/4416 3932/3824/4417 3933/3823/4418
f 3933/3823/4418 4292/3826/4419 3935/3825/4416
f 4310/3828/4420 4292/3826/4419 3933/3823/4418
f 4292/3826/4419 4310/3828/4420 4309/3827/4421
f 4309/3827/4421 4310/3828/4420 4311/3829/4422
f 4311/3829/4422 4313/3831/4423 4312/3830/4404
f 4310/3828/4420 4313/3831/4423 4311/3829/4422
f 4312/3830/4404 4313/3831/4423 3973/3832/4424
f 3973/3832/4424 3931/3834/4425 3950/3835/4426
f 3973/3832/4424 4313/3831/4423 3931/3834/4425
f 3950/3835/4426 3931/3834/4425 3932/3824/4417
f 3931/3834/4425 3933/3823/4418 3932/3824/4417
f 3933/3823/4418 3931/3834/4425 4308/3833/4427
f 4308/3833/4427 4310/3828/4420 3933/3823/4418
f 4308/3833/4427 4313/3831/4423 4310/3828/4420
f 3931/3834/4425 4313/3831/4423 4308/3833/4427
f 4184/3256/4132 4182/3257/4114 4598/3758/4428
f 4598/3758/4428 4182/3257/4114 4599/3755/4113
f 4599/3755/4113 4602/3757/4429 4598/3758/4428
f 4602/3757/4429 4599/3755/4113 4604/3754/4022
f 4601/3756/4021 4602/3757/4429 4604/3754/4022
f 4601/3756/4021 4184/3256/4132 4602/3757/4429
f 4597/3759/4430 4184/3256/4132 4598/3758/4428
f 4184/3256/4132 4597/3759/4430 4602/3757/4429
f 4602/3757/4429 4597/3759/4430 4598/3758/4428
f 4286/3838/3857 4288/3837/4431 4287/3836/4432
f 4287/3836/4432 4315/3839/4433 4286/3838/3857
f 4314/3841/4434 4316/3840/4435 4315/3839/4433
f 4316/3840/4435 4286/3838/3857 4315/3839/4433
f 4314/3841/4434 4291/3842/4436 4316/3840/4435
f 4286/3838/3857 4316/3840/4435 4317/3848/4437
f 4291/3842/4436 4289/3844/4438 4316/3840/4435
f 4317/3848/4437 4316/3840/4435 4289/3844/4438
f 4291/3842/4436 4290/3843/4439 4289/3844/4438
f 4290/3843/4439 4320/3845/4440 4289/3844/4438
f 4289/3844/4438 4319/3846/4441 4317/3848/4437
f 4319/3846/4441 4289/3844/4438 4320/3845/4440
f 4319/3846/4441 4286/3838/3857 4317/3848/4437
f 4319/3846/4441 4288/3837/4431 4286/3838/3857
f 4288/3837/4431 4319/3846/4441 4318/3847/4442
f 4318/3847/4442 4319/3846/4441 4320/3845/4440
