# Blender 5.2.1 LTS
# www.blender.org
mtllib CompleteLshoulder.mtl
o luparm
v -4.611046 -13.451738 -32.028164
v -3.823905 -12.891920 -32.811913
v -4.186939 -12.657808 -31.895845
v -3.528728 -12.016560 -31.671911
v -4.000334 -13.828341 -33.178345
v -4.773905 -14.299942 -32.465839
v -4.061403 -14.815667 -33.571915
v -4.794261 -15.287270 -32.849239
v -3.884978 -11.796036 -33.062992
v -3.393015 -11.270139 -32.801739
v -4.271762 -11.589050 -33.354767
v -3.464265 -10.767993 -32.974773
v -4.678902 -14.221899 -34.216553
v -4.505871 -13.349944 -33.795837
v -4.896044 -13.947100 -34.369236
v -5.326936 -14.082806 -34.291199
v -5.252295 -14.574760 -34.023163
v -5.428724 -14.632452 -32.598167
v -7.997108 -16.023518 -32.723698
v -5.930863 -15.738508 -32.238522
v -7.026754 -15.412804 -33.415840
v -5.893544 -18.354393 -27.454611
v -5.181046 -16.868317 -29.463175
v -7.030145 -17.434938 -29.836386
v -5.133542 -18.357780 -27.139074
v -8.492463 -16.715645 -31.695667
v -8.645143 -17.662247 -30.084064
v -8.424607 -18.445995 -28.648888
v -5.113186 -15.562088 -32.136738
v -2.890872 -11.276923 -33.432800
v -3.124980 -11.962275 -32.856018
v -4.275155 -12.522093 -33.388695
v -5.133542 -18.357780 -27.139074
v -4.929974 -17.740280 -29.927994
v -5.181046 -16.868317 -29.463175
v -4.058010 -20.352785 -28.255325
v -5.113186 -15.562088 -32.136738
v -4.156407 -17.434938 -33.181740
v -8.852106 -16.576553 -31.614241
v -9.014961 -17.499393 -30.009424
v -6.816396 -19.253494 -26.491039
v -7.925857 -18.965107 -27.546219
v -7.050501 -19.209400 -26.036402
v -4.692476 -18.792072 -24.414621
v -3.946048 -18.507072 -25.140688
v -4.495690 -19.324743 -25.205156
v -4.095337 -19.301003 -25.693724
v -4.807831 -19.355278 -24.804806
v -8.244787 -18.924400 -27.152647
v -8.865677 -18.235653 -28.638708
v -5.812116 -19.263676 -25.374800
v -5.048723 -19.334925 -25.517292
v -8.271928 -15.721542 -32.862808
v -6.558540 -14.659578 -33.894241
v -7.376218 -15.083691 -33.571915
v -4.760332 -18.758152 -26.572472
v -4.787475 -13.139591 -34.029953
v -4.634796 -12.298162 -33.670303
v -7.284607 -12.542456 -32.655846
v -7.891930 -13.499249 -32.547272
v -7.647644 -14.018340 -32.995125
v -7.610323 -12.936024 -32.096020
v -7.817288 -12.674784 -32.051918
v -7.949607 -13.638350 -31.590485
v -7.773181 -12.898695 -31.478527
v 0.396793 -18.619030 -22.518023
v -0.509097 -18.388325 -22.361950
v 0.189828 -17.848869 -22.395876
v -0.454811 -17.760654 -22.338205
v 0.970185 -19.267071 -22.908199
v 1.238220 -18.507072 -22.782667
v 0.773400 -18.106722 -22.548555
v 1.533394 -19.012615 -23.074451
v 1.631791 -19.572445 -23.400162
v 0.987149 -20.084751 -23.383196
v 1.228040 -20.637775 -24.010880
v 1.530001 -20.132240 -23.722479
v 0.444292 -20.763319 -23.763193
v 0.179651 -21.295998 -24.384089
v -0.451417 -21.041523 -23.902306
v 0.763220 -21.038136 -24.241581
v -1.116416 -21.295998 -24.377302
v -0.468384 -21.384212 -24.431589
v -1.357307 -20.810810 -23.746231
v -1.699989 -21.038136 -24.224623
v -2.161415 -20.637775 -23.987123
v -1.930700 -20.166172 -23.356056
v -1.930700 -20.166172 -23.356056
v -2.558379 -19.572445 -23.369621
v -1.947663 -19.345106 -22.877659
v -2.456589 -20.132240 -23.695339
v -2.453196 -19.012615 -23.047312
v -2.154628 -18.507072 -22.758913
v -1.404807 -18.666550 -22.501055
v -1.102846 -17.848869 -22.385702
v -1.689808 -18.106722 -22.531588
v -2.819626 -11.714603 -33.249588
v -2.354807 -11.945310 -33.958698
v -2.626231 -11.677285 -33.663521
v -3.620334 -12.739239 -33.293701
v -2.677124 -12.484764 -34.267441
v -2.744980 -17.540119 -23.274622
v -3.084268 -17.227974 -23.681767
v -2.816233 -17.417973 -22.792839
v -2.554986 -17.811562 -23.033737
v -2.276767 -18.205109 -23.115164
v -3.311586 -16.868317 -23.423908
v -3.314980 -16.681713 -22.616415
v -3.084268 -17.227974 -23.681767
v -2.816233 -17.417973 -22.792839
v -3.552477 -18.032085 -24.122837
v -3.749262 -17.658850 -24.465515
v -3.749262 -17.658850 -24.465515
v -2.595698 -18.744583 -23.427301
v -1.445520 -16.817440 -22.294098
v -0.583736 -16.698681 -22.236418
v -1.547310 -17.004051 -22.833551
v -0.526060 -16.878498 -23.230516
v 0.345900 -16.715645 -22.378916
v 0.630898 -16.919233 -22.891233
v -1.499810 -17.204224 -22.745338
v -0.454811 -17.401007 -22.667307
v 0.573221 -17.227974 -22.755520
v 0.586791 -11.076742 -32.954411
v -0.563380 -11.127649 -32.767807
v 0.501972 -11.124252 -33.317448
v -0.536240 -11.144595 -33.507458
v -1.604985 -11.100502 -32.984955
v -1.482843 -11.141208 -33.314056
v -1.523560 -10.533880 -33.178345
v -0.661776 -10.418538 -33.113884
v 0.267864 -10.544062 -33.066383
v 1.183934 -10.913890 -33.008705
v 1.289109 -11.307467 -32.954411
v 1.998214 -11.483889 -32.978165
v 1.910001 -11.802819 -33.022278
v 1.258577 -16.844585 -22.738562
v 1.316253 -17.037973 -23.060879
v 2.069467 -17.095665 -23.254269
v 1.954108 -17.309395 -23.464630
v 2.395178 -17.506187 -23.888731
v 1.356965 -18.201721 -23.142303
v 1.662323 -17.814938 -23.074451
v -2.185165 -17.088871 -22.507843
v -2.219091 -17.224575 -22.959091
v -2.263197 -10.859615 -33.300484
v -2.263197 -11.300673 -33.174950
v 2.378215 -12.267637 -33.008705
v 1.278933 -11.941922 -33.982452
v 1.557144 -11.670491 -33.690659
v 1.099111 -11.307467 -33.473522
v -2.124092 -11.266742 -33.395481
v -2.046056 -17.373871 -22.813200
v 1.166971 -17.407791 -22.843733
v 0.159295 -11.239595 -33.568520
v -1.228378 -11.239595 -33.558342
v -1.856057 -11.514413 -33.714413
v 0.783577 -11.514413 -33.731377
v 0.237327 -17.496006 -22.728380
v 0.861613 -17.770836 -22.891233
v -1.150346 -17.496006 -22.718203
v -1.778021 -17.774231 -22.870880
v 2.656425 -12.193001 -33.012100
v 2.720892 -17.475643 -23.861584
v -8.441572 -13.550135 -30.630314
v -8.777461 -14.109953 -29.992466
v -8.322822 -14.266011 -31.067991
v -8.597640 -14.805486 -30.416569
v -9.062463 -15.151564 -30.742281
v -8.655320 -14.394942 -31.766918
v -8.522999 -16.406916 -27.600504
v -8.316034 -16.817440 -26.562298
v -9.018353 -16.820827 -27.736216
v -8.492463 -17.455301 -26.318007
v -8.763891 -15.748690 -28.933895
v -9.215141 -16.064224 -29.198540
v -8.404247 -17.950653 -26.592833
v -9.021747 -17.258518 -28.051754
v -9.211747 -16.488338 -29.452995
v -9.018353 -15.592622 -31.030670
v -8.584069 -14.815667 -32.096020
v -7.790145 -17.611359 -25.334087
v -7.250680 -18.293324 -25.425688
v -3.016411 -17.574032 -34.141907
v -4.054621 -16.688499 -33.666912
v -2.867126 -21.268850 -27.885502
v -4.085157 -20.155991 -27.362997
v -4.105514 -18.948151 -30.664240
v -2.429446 -20.044025 -31.288530
v -2.348020 -21.452065 -28.872822
v -2.497302 -18.513868 -33.860306
v -1.771234 -21.713306 -28.146753
v 0.037148 -21.764212 -29.066212
v -0.366594 -21.893124 -28.231571
v -0.034097 -20.383320 -31.492094
v -4.794261 -15.287270 -32.849239
v -0.135883 -18.887074 -34.084232
v -1.879807 -18.049049 -34.450661
v -0.566773 -18.222075 -34.596554
v 1.146610 -21.611521 -28.122999
v 1.519824 -21.394394 -28.903353
v 1.536787 -19.996536 -31.302103
v 1.340002 -18.547779 -33.938343
v 0.946436 -18.011723 -34.471020
v -3.783193 -13.614591 -33.795837
v -3.627120 -14.486555 -34.297981
v -3.946048 -18.507072 -25.140688
v -3.715337 -18.904037 -24.628372
v -4.095337 -19.301003 -25.693724
v -3.559264 -19.779388 -25.133902
v 0.780187 -21.455452 -26.955868
v -0.458204 -21.611521 -26.986403
v 0.563041 -21.594574 -26.216221
v -0.451417 -21.733667 -26.290867
v -1.506593 -21.469032 -26.891396
v -1.462487 -21.594574 -26.202654
v -2.510876 -21.048317 -26.647120
v -2.375164 -21.190807 -25.961756
v -3.382835 -20.342604 -26.267113
v -3.097837 -20.566536 -25.595331
v -4.095337 -19.301003 -25.693724
v -3.559264 -19.779388 -25.133902
v -4.061403 -14.815667 -33.571915
v -3.376049 -15.721542 -34.247089
v -3.627120 -14.486555 -34.297981
v -3.165694 -15.277088 -34.756020
v -2.582125 -16.420475 -34.650837
v -2.443020 -15.904758 -35.122440
v -1.604985 -16.841190 -34.901909
v -1.530343 -16.305132 -35.359940
v -0.536240 -16.983700 -34.993519
v -0.515884 -16.444225 -35.448151
v 0.583398 -16.885303 -34.915485
v 0.498575 -16.305132 -35.376907
v -4.760332 -18.758152 -26.572472
v 3.239999 -17.797981 -24.468906
v 2.680180 -18.028687 -24.170336
v 3.182319 -12.895317 -32.981556
v 2.612319 -12.739239 -33.334412
v 3.053390 -17.838688 -24.876051
v 2.985534 -13.221024 -32.805134
v 2.608926 -19.399399 -30.949245
v 2.595356 -20.804035 -28.547104
v 2.432497 -18.001541 -33.612629
v 3.630176 -19.158493 -28.944065
v 3.545357 -19.850639 -27.956755
v 3.626782 -18.320471 -30.369061
v 3.606426 -17.485825 -31.851738
v 3.457141 -17.037973 -33.046028
v 4.050889 -18.900640 -27.369791
v 4.376600 -18.303505 -28.448717
v 4.376600 -17.482430 -29.829599
v 4.339281 -16.596895 -31.451380
v 3.986427 -16.040483 -32.513340
v 4.648032 -17.248337 -27.793896
v 4.641245 -16.372984 -29.232466
v 4.617492 -15.514587 -30.816917
v 4.369813 -14.869942 -31.956919
v 4.410530 -17.906540 -26.718365
v 4.301957 -14.065830 -29.995852
v 4.186602 -13.726557 -31.251202
v 4.322314 -15.802964 -26.993189
v 4.240888 -16.732620 -26.022829
v 4.284994 -14.893692 -28.404612
v 3.789641 -13.563704 -31.929777
v 3.647139 -15.680838 -33.141022
v 3.111070 -16.583336 -33.653339
v 2.130536 -17.465483 -34.162270
v 2.357858 -20.997410 -27.756575
v 3.158569 -20.237423 -27.318892
v 3.704819 -19.304401 -26.772652
v 3.898211 -18.300108 -26.134794
v 3.714995 -17.261906 -25.429079
v 1.526611 -16.440826 -34.684765
v 2.361252 -15.826724 -34.291199
v 2.866785 -14.998873 -33.829765
v 3.009284 -14.072624 -33.344589
v 1.733573 -21.004204 -26.711576
v 2.456251 -20.366354 -26.351933
v 2.965178 -19.521547 -25.866755
v 3.145000 -18.608858 -25.327301
v 5.788025 -16.752974 -25.286591
v 6.558199 -16.990482 -24.326406
v 6.364807 -15.823327 -25.483366
v 7.084093 -15.731724 -24.526587
v 4.278207 -17.136372 -25.395153
v 4.905886 -17.424757 -24.411228
v 4.230712 -13.343149 -31.963703
v 5.740525 -13.047989 -31.705845
v 4.848207 -12.630671 -32.713524
v 6.880520 -14.883520 -25.727657
v 1.411255 -15.904758 -35.149582
v 1.479112 -21.190807 -25.988903
v 2.205180 -20.563137 -25.632660
v 2.673393 -19.776001 -25.181400
v 2.836248 -18.900640 -24.675873
v 2.768393 -13.611194 -33.836548
v 2.564820 -14.493340 -34.311550
v 2.140717 -15.277088 -34.793339
v 5.190884 -15.253347 -26.752291
v 5.139991 -13.662101 -29.588717
v 5.187490 -14.374599 -28.180679
v 6.290165 -14.903873 -26.643724
v 6.296952 -14.014954 -28.072107
v 6.334270 -13.258331 -29.524242
v 5.394455 -13.458532 -31.122278
v 5.391061 -16.362804 -25.988903
v 6.917840 -14.286394 -26.752291
v 6.921234 -13.689228 -27.804075
v 6.904271 -13.075127 -28.845682
v -1.448913 -11.629776 -34.654236
v -2.008736 -12.294765 -35.034229
v -1.092666 -11.541560 -35.807796
v -2.239448 -11.785854 -34.403160
v -1.418377 -11.931741 -36.028324
v -2.012126 -13.115842 -35.505833
v -2.538019 -12.291378 -34.691551
v -2.643198 -12.851205 -35.013870
v -0.543023 -11.375320 -34.515129
v -0.559990 -11.392286 -35.726372
v -1.187665 -11.127649 -34.029953
v -1.774627 -11.385492 -34.175835
v 0.356080 -11.629776 -34.667801
v -0.030708 -11.541560 -35.814587
v 0.108402 -11.127649 -34.040123
v -0.539630 -11.039433 -33.982452
v 0.912506 -12.294765 -35.054581
v 0.295011 -11.931741 -36.041901
v 1.153397 -11.785854 -34.426918
v 0.688577 -11.385492 -34.192802
v 0.909112 -13.112444 -35.526196
v 0.291617 -12.413525 -36.320118
v 1.546967 -12.851205 -35.044411
v 1.448575 -12.287980 -34.718689
v 0.349293 -13.777443 -35.906189
v -0.037490 -12.803715 -36.544044
v 1.143217 -13.916555 -35.655125
v 1.445181 -13.411033 -35.366730
v -0.553203 -14.031919 -36.045296
v -0.566773 -12.949602 -36.625477
v 0.094832 -14.574760 -36.028324
v 0.678397 -14.316917 -35.885834
v -1.455700 -13.777443 -35.892616
v -1.096059 -12.803715 -36.537266
v -1.201235 -14.574760 -36.021542
v -0.553203 -14.662976 -36.075836
v -2.012126 -13.115842 -35.505833
v -2.246234 -13.916555 -35.631371
v -2.541412 -13.411033 -35.339584
v -1.421770 -12.413525 -36.309937
v -1.784808 -14.316917 -35.865479
v 0.043935 -19.609753 -21.846241
v -0.478561 -19.477425 -21.758030
v 0.373043 -19.979570 -22.070166
v 0.383223 -20.451193 -22.344992
v 0.071082 -20.841354 -22.562128
v -0.441241 -21.000805 -22.640167
v -0.963737 -20.868500 -22.551947
v -1.292845 -20.498682 -22.328024
v -1.303025 -20.027061 -22.056593
v -0.990880 -19.636900 -21.836061
v -0.580347 -11.589050 -37.151367
v -0.858561 -12.206559 -36.879936
v -0.288562 -12.206559 -36.883331
v -1.031597 -11.738364 -36.608513
v -1.421770 -12.413525 -36.309937
v -0.570166 -11.449957 -36.442257
v -0.112133 -11.738364 -36.615299
v -0.953560 -20.644569 -21.832666
v 0.057505 -20.614044 -21.842848
v -0.146059 -20.105114 -21.544277
v -0.437848 -20.780285 -21.232132
v -0.953560 -20.644569 -21.832666
v -1.292845 -20.498682 -22.328024
v -0.770345 -20.122059 -21.537491
v -0.441241 -20.946533 -22.022667
v 1.594467 -13.685850 -34.990120
v 1.706430 -13.085298 -34.644054
v 1.784465 -19.341709 -23.803905
v 1.672503 -19.942242 -24.149977
v 1.272146 -14.228683 -35.302269
v 1.675897 -18.741184 -23.457844
v 0.773400 -14.659578 -35.546547
v 1.350182 -20.485104 -24.462120
v 0.145721 -14.934397 -35.699234
v -0.549810 -15.029397 -35.750126
v 0.851432 -20.915989 -24.706404
v -1.241952 -14.934397 -35.692444
v -1.866233 -14.659578 -35.526196
v 0.223757 -21.190807 -24.862478
v -2.361590 -14.228683 -35.275120
v -2.680517 -13.685850 -34.959591
v -0.468384 -21.285816 -24.913370
v -2.680517 -13.685850 -34.959591
v -2.789090 -13.085298 -34.613514
v -1.163916 -21.190807 -24.852299
v -1.788201 -20.915989 -24.689438
v -2.283554 -20.488501 -24.434980
v -2.602485 -19.945639 -24.119442
v 1.597860 -12.484764 -34.297981
v -2.707660 -19.345106 -23.773371
v -2.602485 -19.945639 -24.119442
v -2.456589 -20.132240 -23.695339
v -2.541412 -13.411033 -35.339584
v -5.991935 -18.330652 -24.733543
v -5.961400 -17.234756 -23.878553
v -5.201404 -18.513868 -24.350163
v -5.140329 -17.367085 -23.559628
v -6.623003 -13.533169 -33.415840
v -6.575506 -12.484764 -32.957806
v 3.409641 -17.078699 -23.980337
v 4.661602 -16.515474 -23.905701
v 5.017849 -16.776714 -23.898912
v 3.538567 -16.810646 -23.800510
v 2.900715 -16.749588 -23.512129
v 3.080533 -16.447620 -23.247482
v 3.908387 -15.799587 -23.193195
v 4.800707 -16.166008 -24.180515
v 2.306965 -16.498520 -23.009979
v 2.422321 -15.819930 -22.473915
v 1.489288 -16.271191 -22.514629
v -5.333723 -13.132807 -33.867096
v 0.563041 -15.796200 -22.066772
v -5.248902 -12.325309 -33.480309
v 4.743028 -11.796036 -31.726206
v 4.617492 -11.789251 -32.204594
v 4.956779 -11.860491 -32.408169
v 3.338392 -12.094604 -32.615135
v 2.856605 -11.565310 -32.577816
v 3.399461 -12.006388 -32.391201
v 2.938035 -11.219252 -32.414948
v 2.524107 -10.404960 -32.201202
v 2.235712 -10.971561 -32.584599
v 4.094995 -15.263529 -23.600340
v -4.417655 -17.845472 -23.664808
v -3.708550 -16.976906 -22.867485
v -5.194618 -19.219582 -24.906584
v -2.185165 -17.088871 -22.507843
v -4.984260 -11.354958 -33.025673
v 3.918570 -14.547632 -32.513348
v -6.799432 -1.098395 -17.656080
v -7.433896 0.574284 -20.431433
v -0.451417 2.711771 -18.802864
v -5.805331 1.856782 -23.203384
v -4.231050 2.223202 -24.377310
v -1.638912 2.287678 -25.415522
v 1.302683 2.134996 -25.188194
v 4.152671 -6.574440 -30.654062
v 3.711601 -7.310679 -30.908531
v 4.563204 -7.096939 -30.046741
v 3.569107 -8.525325 -30.525131
v 4.308744 -9.818005 -30.715132
v 5.228202 -9.258186 -30.406387
v 4.149278 -7.778904 -30.355484
v 3.141606 -9.047814 -30.674419
v 3.195892 -10.065685 -31.122278
v 5.883021 -8.508359 -29.836384
v 6.575162 -7.348017 -28.896572
v 5.187490 -1.580168 -28.265511
v 5.458918 -2.465710 -27.994078
v 5.611597 -2.051780 -27.620871
v 5.028025 -1.997495 -28.631931
v 4.597135 -14.157442 -22.935339
v 3.385891 -14.693521 -22.938730
v 3.053390 -13.770669 -22.277132
v 3.582676 -13.377081 -21.883560
v 5.323206 -13.706194 -22.660521
v 4.413923 -12.786748 -21.174450
v 6.052667 -12.681566 -22.243202
v 5.360525 -10.279425 -19.525532
v 6.955164 -8.454076 -20.109102
v 6.907664 -9.892641 -20.923386
v 5.519991 -8.996928 -18.677319
v 6.788912 -7.280137 -19.396610
v 5.587847 -8.111396 -18.076794
v 5.628560 -7.317466 -17.598406
v 6.507306 -6.184262 -18.697683
v 5.011061 -6.065510 -29.531023
v 6.914447 -5.756771 -27.899073
v 5.248559 -5.125693 -29.100136
v 2.788748 -9.834950 -31.722813
v 2.636069 -8.518540 -31.173168
v 3.742138 -10.740846 -31.902630
v 4.047496 -10.856218 -31.230841
v 5.424988 -3.595515 -28.465677
v 6.928021 -4.379264 -27.101753
v 6.829628 -3.334266 -26.538548
v 6.531055 -2.163755 -25.931229
v 5.319813 -10.632277 -31.078171
v 6.154452 -10.130151 -30.477633
v 6.615879 -9.339607 -29.727819
v 7.511590 -8.019791 -28.472462
v 7.738911 -6.255509 -27.491928
v 7.704981 -4.392832 -26.494431
v 7.593020 -3.388560 -25.965153
v 7.240165 -2.235005 -25.486763
v 6.571769 -11.399069 -21.717314
v 7.494627 -11.697638 -22.721592
v 6.609092 -13.295658 -23.111771
v 6.042487 -14.259227 -23.318727
v 5.360525 -14.866545 -23.457844
v 7.328378 -6.018023 -19.115007
v 7.538733 -6.750864 -19.637501
v 7.704981 -7.616053 -20.224461
v 7.783018 -9.526220 -21.422136
v 7.643908 -12.515306 -23.461233
v 7.073912 -13.672281 -23.776764
v 6.592129 -14.897089 -24.031231
v 6.052667 -15.850473 -24.085518
v 5.944097 -11.490673 -31.522635
v 6.588736 -10.998708 -30.704952
v 7.029806 -10.228538 -29.826204
v 7.525163 -9.343004 -29.015316
v -9.133713 -11.931740 -21.299988
v -9.964959 -11.497446 -22.426413
v -9.873352 -11.246378 -21.391594
v -8.546748 -12.976748 -22.344990
v -10.534957 -10.472809 -21.656231
v -10.663885 -10.540662 -22.969259
v -11.318704 -9.689062 -22.212666
v 2.968571 -15.093872 -22.382311
v 2.666606 -14.137079 -21.649448
v 3.267138 -13.763885 -21.279631
v 4.268031 -13.037806 -20.607849
v 5.051774 -11.399069 -20.356777
v 4.763383 -11.789249 -19.644281
v 4.987311 -10.659423 -18.738398
v 5.123027 -9.407461 -17.829115
v 5.170527 -8.528724 -17.181082
v 5.204453 -7.775510 -16.645012
v 4.603921 -5.570148 -30.219772
v 4.987311 -3.293570 -29.222284
v 4.871956 -4.620160 -29.775320
v 6.127305 -1.027145 -26.925327
v 6.218915 -1.678565 -26.765869
v 6.839808 -1.410531 -25.853197
v 7.236771 -1.176419 -25.289988
v 7.786412 -2.350348 -25.018557
v 7.569270 -0.826964 -24.597837
v 8.210514 -1.257860 -24.010883
v 8.325873 -2.611587 -24.299265
v 8.814443 -2.251971 -23.959990
v 8.831406 -3.269812 -23.400166
v 9.275870 -2.818552 -23.206776
v 9.018015 -4.043379 -22.158392
v 9.550693 -3.656595 -21.937853
v 9.255514 -4.297834 -20.651962
v 8.804262 -4.688015 -20.869108
v 8.794086 -4.711765 -19.841076
v 8.424266 -5.057843 -20.064999
v 7.728732 -4.491232 -19.121796
v 8.186769 -4.168924 -18.911436
v 7.806767 -5.695695 -19.376251
v 7.314805 -4.827128 -18.561974
v 6.208739 -5.448005 -18.005543
v 7.114625 -4.735526 -17.849480
v 5.194277 -6.496410 -16.787514
v 5.044991 -7.375158 -16.210730
v 5.061958 -5.970513 -16.719660
v 4.814276 -6.486229 -16.156443
v 7.535340 -12.230309 -28.448717
v 6.948377 -12.566206 -29.900854
v 7.633731 -11.517810 -29.951746
v 6.425880 -12.827456 -30.830492
v 6.497126 -12.328706 -32.397987
v 7.134983 -11.948707 -31.237629
v 7.552303 -13.543350 -26.175507
v 7.572663 -14.398339 -24.801411
v 7.582839 -12.905479 -27.318892
v 1.414649 -10.428720 -32.618526
v 1.740359 -9.743348 -32.167274
v 1.095717 -9.407461 -32.146912
v 0.427329 -10.045323 -32.682987
v 1.984644 -8.956202 -31.682091
v -0.475167 -9.404075 -32.397987
v -0.627846 -9.909608 -32.720314
v -1.754271 -9.536403 -32.503166
v -1.628735 -10.045323 -32.781380
v -2.497302 -10.418538 -32.900124
v -2.924802 -9.851916 -32.520123
v -4.142833 -10.330322 -32.611740
v 1.560537 -15.321201 -21.920879
v 0.552865 -15.158348 -21.622309
v -0.461598 -15.769053 -21.897135
v -0.519273 -15.124397 -21.503565
v -1.608379 -15.175314 -21.530704
v -1.581236 -15.945475 -21.846241
v 1.207683 -14.496737 -21.442492
v -0.492134 -14.493340 -21.299992
v -1.815340 -14.449236 -21.249100
v -1.581236 -15.945475 -21.846241
v -2.812840 -15.395838 -21.612127
v -1.608379 -15.175314 -21.530704
v -2.595698 -16.281372 -22.195705
v -1.815340 -14.449236 -21.249100
v -3.264086 -14.272795 -21.123558
v -4.234439 -16.142279 -22.389097
v -11.104953 -9.801038 -23.712294
v -11.763166 -8.891745 -23.016760
v -11.356025 -9.034254 -24.828547
v -11.993880 -8.026575 -24.231405
v -11.898879 -7.456576 -25.415508
v -11.206739 -8.433722 -25.999071
v -11.600307 -7.093552 -26.460499
v -10.769063 -8.155486 -27.010143
v -10.809776 -6.889974 -27.586926
v -10.178708 -8.012997 -28.184067
v -9.781747 -7.059611 -28.845676
v -8.590854 -8.694961 -29.771925
v -8.502642 -7.191929 -29.775318
v -7.610323 -7.931575 -30.280848
v -8.078536 -12.508523 -21.160883
v -7.484786 -13.180296 -21.557838
v -8.112465 -10.126753 -30.654066
v -7.277823 -9.902822 -31.417452
v -7.264252 -14.605304 -22.423021
v -8.031037 -14.462814 -23.183014
v -7.895323 -11.202286 -31.447989
v -7.176039 -11.378708 -32.224957
v -7.779967 -15.497622 -23.786945
v -7.047111 -16.281372 -23.522308
v -7.671394 -16.824223 -24.774265
v -7.108183 -17.092266 -24.261942
v 8.088371 -6.476046 -19.997147
v 8.244444 -7.456578 -20.641777
v 8.312301 -9.268368 -21.771601
v 8.146051 -11.002104 -22.819984
v 7.918734 -12.087818 -23.420511
v 7.939090 -9.091936 -28.577641
v 8.084978 -8.046938 -28.014433
v -9.330499 -8.708539 -28.197634
v -8.607820 -9.078367 -29.151035
v -9.218532 -11.755308 -23.074450
v -8.590854 -12.586567 -22.959089
v -10.083707 -9.807821 -25.435862
v -9.808887 -9.163186 -26.833710
v -9.852994 -10.574604 -24.289076
v -7.841036 -11.534776 -30.928886
v -3.959621 -8.871384 -31.848343
v -2.992662 -8.905325 -32.085842
v -7.522109 -16.437439 -25.354441
v -7.583182 -15.219417 -24.346767
v -8.383891 -13.753702 -23.152481
v -8.343178 -13.601021 -23.437481
v -8.414429 -9.753529 -30.073891
v -8.370318 -9.923165 -29.748173
v -7.854609 -14.204941 -23.600338
v -7.902107 -10.357458 -30.212996
v 8.298731 -6.292838 -27.010145
v -7.939429 -16.932812 -25.873543
v 8.254624 -4.433558 -25.999077
v 8.139269 -3.429266 -25.463017
v 8.607477 -6.194443 -20.577322
v -10.249958 -11.226035 -26.182291
v -9.961566 -10.466026 -27.563181
v -9.954782 -12.043705 -24.903189
v -9.266031 -9.889244 -28.879604
v -9.686746 -13.346546 -25.476578
v -9.584961 -13.794409 -27.675142
v -10.080316 -12.511909 -26.918541
v -9.204961 -14.564599 -26.229794
v -9.323711 -12.844419 -23.861582
v -8.964067 -15.036191 -28.553890
v -9.293177 -12.817274 -29.212105
v 8.797480 -7.246224 -21.252483
v -8.417822 -16.223701 -26.148367
v 8.844979 -9.051200 -22.399265
v -8.716392 -15.806361 -27.176399
v -9.194781 -10.893536 -29.561567
v -8.906390 -12.145491 -30.168892
v -8.719784 -15.056543 -25.086401
v -9.008174 -13.957260 -24.394264
v -9.764781 -11.602627 -28.486034
v 8.688908 -10.791741 -23.434086
v 8.512479 -11.863887 -23.997303
v 8.448016 -9.424425 -28.058538
v 8.644801 -8.396402 -27.542820
v 8.821230 -6.652474 -26.504618
v 8.780518 -4.793204 -25.500332
v 8.583728 -3.693903 -24.950693
v 8.936586 -10.445663 -24.238194
v 8.539622 -11.772274 -24.988007
v 8.923013 -9.030857 -26.772648
v 8.522655 -10.357458 -27.522469
v 8.997658 -4.294446 -23.963381
v 9.160509 -5.071401 -22.721596
v 8.960331 -5.716057 -21.428921
v 9.116405 -5.471762 -24.631767
v 9.269084 -6.248716 -23.389982
v 9.082478 -6.889975 -22.100698
v 9.129978 -7.286929 -25.734434
v 9.289440 -8.063903 -24.492661
v 9.123191 -8.705142 -23.203375
v 9.085872 -9.807821 -25.530863
v 8.342837 -9.736562 -28.289249
v 8.648194 -11.127648 -26.280684
v 8.383554 -12.128524 -24.183908
v 8.217300 -11.202285 -27.668352
v 8.258014 -11.823181 -26.718361
v 8.220694 -12.335489 -25.707294
v 8.135876 -12.661203 -24.862474
v 8.108732 -10.618698 -28.431747
v 8.393729 -12.793532 -23.634264
v 8.556589 -12.369420 -23.671585
v 8.587121 -12.464400 -24.078730
v 8.719440 -12.142092 -23.912483
v 8.678727 -9.529607 -28.397821
v 8.549803 -9.424425 -28.638706
v 8.556589 -9.838346 -28.628532
v 8.349624 -9.614425 -29.127283
v 8.254624 -13.115841 -24.893017
v 8.227481 -10.873173 -28.777819
v 8.356411 -11.548344 -27.885500
v 8.424266 -12.165852 -26.935505
v 8.369980 -12.681566 -25.927826
v 7.861050 -13.862280 -24.082121
v 7.813553 -10.550845 -29.829596
v 6.636236 -16.403519 -23.803905
v 7.213018 -11.073355 -31.003531
v 6.575162 -11.582286 -32.150311
v 8.017122 -13.645134 -25.086399
v 8.115519 -13.217625 -26.053358
v 8.101945 -11.928343 -28.285856
v 7.986591 -11.307467 -29.140858
v 8.166409 -12.613714 -27.193357
v 7.263915 -15.148167 -23.943018
v -1.445520 -16.817440 -22.294098
v 8.892476 -1.719281 -22.545168
v 9.096047 -2.492848 -21.249107
v 8.872119 -3.120538 -20.014116
v 3.640352 -6.917125 -14.622873
v 3.681069 -6.194445 -14.945200
v 8.963724 -2.004271 -20.743572
v 8.339447 -1.648022 -19.284649
v 8.644801 -0.548759 -20.967503
v 8.726227 -2.594643 -19.664644
v 8.044265 -3.402121 -18.392328
v 7.738911 -2.520006 -17.886799
v 7.033200 -4.084105 -17.364296
v 6.771949 -3.225700 -16.845192
v 4.627671 -4.660870 -15.338770
v 5.801595 -3.860165 -16.071617
v 4.878742 -5.410697 -16.027512
v 3.708208 -6.058730 -15.464302
v 3.131429 -5.393731 -14.819668
v 6.001773 -5.359799 -17.099659
v 3.786248 -2.136607 -16.353226
v 0.956612 -3.178208 -15.410010
v 5.564096 -0.562326 -18.504290
v 7.335161 0.360535 -20.784283
v -3.783193 -8.101215 -14.185197
v -3.532121 -6.669444 -13.096100
v -2.107129 -8.359078 -14.446449
v -5.103010 -8.169067 -15.952870
v -3.711943 -8.864601 -15.762870
v -5.499973 -7.578727 -14.246272
v -5.245510 -6.516773 -13.394663
v -7.620503 -7.117285 -16.875721
v -6.507649 -6.991762 -14.531269
v -6.039436 -7.772122 -16.309120
v -7.827466 -5.739809 -15.162336
v -2.005343 -9.095336 -15.874838
v -2.107129 -8.359078 -14.446449
v -1.720345 -6.706773 -13.085921
v 0.026972 -8.535509 -15.030016
v 0.451079 -6.686410 -13.275918
v -4.346405 -14.764760 -21.496777
v -6.185327 -14.907270 -22.249992
v -5.974969 -16.227097 -23.108377
v -6.399077 -11.388889 -32.523521
v -5.014797 -15.304235 -22.053198
v -4.953728 -16.345827 -22.721594
v -5.462652 -13.584065 -21.120163
v -8.119249 -9.970685 -19.121788
v -7.366040 -9.210677 -18.120899
v -6.904613 -10.289606 -18.823219
v -8.533178 -8.796746 -18.443213
v -7.841036 -11.127648 -19.956421
v -6.599256 -11.456740 -19.718920
v -7.440681 -12.128524 -20.618027
v -6.117470 -12.437273 -20.390701
v -6.826575 -13.292261 -21.327135
v -8.617997 -11.263353 -20.305882
v -11.488346 -5.787294 -26.033007
v -10.534957 -5.434432 -27.352823
v -11.905666 -6.129965 -24.981228
v -12.078701 -6.859440 -23.610519
v -11.793702 -7.843359 -22.110878
v -11.864950 -5.678737 -24.686041
v -12.048166 -6.319965 -23.298374
v -11.688522 -7.351415 -21.791950
v -11.277988 -8.691564 -21.211769
v -10.375493 -9.410856 -20.713026
v -9.551032 -10.320139 -20.366955
v -11.118526 -4.694797 -25.653011
v -10.287279 -4.280866 -27.084793
v -11.030312 -8.128360 -20.981066
v -10.392456 -8.888358 -20.278744
v -9.252460 -9.997822 -19.864813
v -9.513712 -8.267473 -18.829996
v -10.731742 -2.876243 -25.286592
v -9.907281 -2.455528 -26.460506
v -11.451024 -3.883922 -23.997305
v -11.681738 -4.745705 -22.541769
v -11.491736 -5.851772 -21.048920
v -10.965848 -6.683011 -19.953030
v -10.121030 -7.707655 -19.148930
v -8.743534 -6.557487 -17.367687
v -9.632460 -6.048547 -17.937689
v -10.463707 -5.247843 -18.738403
v -11.118526 -4.128197 -19.946247
v -2.005343 -9.095336 -15.874838
v 0.081258 -9.024076 -16.190374
v 1.625003 -8.348907 -15.583044
v 2.154286 -6.598195 -13.496457
v 1.594467 -8.847655 -16.234482
v 2.710715 -8.501567 -16.180197
v 3.195892 -9.834950 -17.242153
v 1.519824 -10.096210 -17.272684
v -0.006958 -10.147118 -17.048759
v -2.113915 -10.140323 -16.818039
v -2.113915 -10.140323 -16.818039
v -3.783193 -10.140323 -16.963940
v -5.191224 -9.716221 -17.028400
v -9.218532 -5.264800 -16.102156
v 3.114462 -11.052991 -18.198929
v 1.618217 -11.039433 -17.890182
v 0.010009 -10.991922 -17.764645
v -1.937487 -11.002104 -17.584826
v -3.647480 -11.056378 -17.723930
v -1.937487 -11.002104 -17.584826
v -5.123366 -10.577991 -17.825718
v -4.977474 -11.378706 -18.602678
v 1.536787 -11.989421 -18.894463
v 2.815891 -12.192999 -19.091246
v -0.044277 -11.972455 -18.589106
v -1.683022 -11.897818 -18.358393
v -3.233554 -11.907999 -18.507679
v -1.683022 -11.897818 -18.358393
v -4.546584 -12.342274 -19.345711
v -0.200350 -12.993693 -19.471243
v 1.323039 -13.071737 -19.820709
v -1.537129 -12.959772 -19.315172
v -2.785697 -12.844419 -19.393211
v -1.537129 -12.959772 -19.315172
v -6.901220 -3.385175 -14.918053
v -8.180320 -4.128199 -15.050379
v -8.326213 -3.039107 -16.122517
v -7.501750 -4.660870 -14.626268
v -6.178542 -6.075695 -13.805202
v -4.811225 -5.424275 -13.493065
v 2.351071 -13.390658 -20.119278
v -4.030871 -13.037806 -19.776602
v -2.938372 -13.953863 -20.407671
v 1.261970 -14.208339 -20.733381
v -1.591416 -14.262623 -20.506062
v -1.591416 -14.262623 -20.506062
v -0.356418 -14.313520 -20.577318
v -0.980700 -6.951042 -32.146908
v -0.152846 -6.397999 -31.916199
v -0.685526 -6.269077 -32.092625
v -0.593920 -7.446394 -31.926382
v -3.026588 -6.716940 -31.634588
v -2.924802 -8.362472 -31.356388
v -2.466769 -7.470154 -31.763523
v -0.997667 -4.053557 -31.553165
v -1.574449 -3.900886 -32.082443
v -1.543916 -4.304625 -31.621021
v -0.448028 -5.454794 -31.753340
v -0.997667 -5.760167 -32.001015
v -1.547310 -7.236042 -32.194408
v -1.632129 -7.836575 -31.841553
v -2.144448 -4.053557 -31.519236
v -2.096949 -6.961224 -32.068871
v -1.533736 -5.437829 -31.926380
v -1.540523 -5.780509 -32.370834
v -2.110522 -5.658382 -31.912806
v -2.429446 -6.272475 -31.963697
v -2.639804 -5.163011 -31.542980
v -1.703378 -8.396403 -31.600664
v -2.107129 -2.771059 -31.169773
v -2.850159 -3.052662 -30.979774
v -2.412483 -3.354627 -31.386919
v -1.988380 -2.255345 -30.827097
v -2.816233 -4.033194 -31.227451
v -0.383561 -2.978005 -31.003529
v -0.990880 -2.788025 -31.190125
v -0.648203 -3.337661 -31.332634
v -0.990880 -2.177311 -30.956032
v -0.217313 -3.928013 -31.281740
v -1.533736 -4.715158 -31.522631
v -2.320873 -4.514977 -31.403875
v -1.503203 -5.142658 -31.627802
v -0.807668 -4.599796 -31.485310
v -1.001056 -3.283387 -31.895844
v -1.543916 -3.032319 -32.499771
v -1.543916 -2.811765 -31.702450
v -2.120698 -3.344445 -31.865309
v -2.096949 -6.279259 -32.476017
v -1.543916 -5.967112 -33.079948
v -1.543916 -6.859440 -32.655838
v -1.720345 -6.706773 -13.085921
v -1.034990 -6.248714 -32.533691
v 5.075528 -6.231753 -17.913939
v 1.906608 -5.834808 -13.435376
v 0.376436 -5.902661 -13.184313
v -1.459097 -3.449628 -15.067333
v -1.791591 -5.973911 -13.021453
v -3.189444 -5.851774 -13.018061
v -1.459097 -3.449628 -15.067333
v -1.791591 -5.973911 -13.021453
v -4.563547 -2.533553 -15.844295
v -4.811225 -5.424275 -13.493065
v -6.901220 -3.385175 -14.918053
v -8.326213 -3.039107 -16.122517
v -6.059793 -9.349791 -17.642509
v -5.971578 -10.303175 -18.470360
v -5.717114 -11.297285 -19.260893
v -5.228546 -12.257455 -19.963207
v -4.699259 -13.142987 -20.539997
v 5.940704 3.342847 -22.942133
v 3.772675 1.982306 -23.590166
v 5.146778 3.386950 -24.821772
v 5.065352 1.330887 -21.802139
v 3.915173 3.251245 -26.562305
v 6.276592 2.267315 -21.981960
v 6.680342 1.269808 -21.293209
v 7.335161 0.360535 -20.784283
v 5.564096 -0.562326 -18.504290
v 3.786248 -2.136607 -16.353226
v 0.956612 -3.178208 -15.410010
v -1.655879 -8.813712 -32.191029
v -4.153013 -3.941592 -30.755842
v -3.803549 -2.608208 -30.596386
v 2.676786 -2.428391 -30.060318
v 1.272146 -2.017837 -30.426750
v 2.266253 -4.352126 -30.939062
v 2.744642 -1.179815 -29.612467
v 1.781072 -5.929804 -31.468346
v 1.007505 -7.035861 -31.749956
v 0.250901 -7.809429 -31.790672
v -0.624457 -8.111394 -31.773701
v -0.512491 -8.725506 -32.126553
v 0.661434 -8.545688 -31.919598
v 2.690360 -6.537122 -31.305492
v 3.429997 -5.146055 -30.827097
v 1.628397 -7.911213 -31.610844
v 3.911779 -2.947483 -29.849958
v 3.996603 -1.790529 -29.086569
v 4.078028 -0.535179 -28.543720
v -2.738193 -1.458039 -30.382635
v -4.505871 -0.803213 -29.452999
v -4.370155 0.197682 -29.927998
v 2.398571 -0.426611 -29.425861
v 0.865006 -1.261256 -30.196032
v -5.564436 -9.804426 -31.861919
v -4.743369 -8.236928 -31.261381
v -3.678017 -8.002815 -31.105307
v -4.142833 -7.049429 -30.854244
v -3.990155 -5.312305 -31.017094
v -5.309973 -6.940861 -30.684597
v -4.739975 -5.403908 -30.497992
v 6.680342 1.269808 -21.293209
v 8.807656 0.930523 -21.954813
v -5.686581 -5.783907 -30.291023
v -4.970691 -3.975523 -30.216379
v -5.109797 -1.973744 -29.619249
v -5.930863 -4.399616 -29.849957
v -6.134435 -2.560699 -29.256210
v -8.845322 -2.357131 -27.539434
v -9.126926 -4.311410 -28.245144
v -6.226041 -7.853541 -30.667631
v -6.816396 -6.350509 -29.985674
v -8.377106 -5.814442 -29.188358
v 8.125695 2.233383 -22.545168
v 6.276592 2.267315 -21.981960
v -0.987487 -1.346074 -31.492096
v 0.861612 -0.440179 -30.688000
v -9.500140 -5.573545 -28.509781
v -7.074251 0.028026 -27.335865
v -7.328718 -2.530165 -28.594601
v -5.815510 0.889828 -28.964434
v -6.029257 -0.209464 -28.214609
v 5.214633 0.170535 -27.196760
v -7.043717 -4.498013 -29.371567
v -7.274430 3.108734 -23.624096
v -7.528893 2.905167 -26.043188
v -6.280327 3.359813 -25.174622
v -8.672285 2.857656 -24.591055
v -1.116416 2.060340 -29.459791
v 1.095717 2.609985 -28.767651
v -2.633018 2.453927 -28.859255
v -4.166583 2.989985 -27.814264
v -5.296402 3.264823 -26.569084
v -6.280327 3.359813 -25.174622
v 5.146778 3.386950 -24.821772
v 6.103555 2.969622 -25.293373
v 5.940704 3.342847 -22.942133
v 2.673393 3.003553 -27.746405
v -7.274430 3.108734 -23.624096
v -8.309250 2.308021 -21.724112
v -8.753712 1.391964 -20.601072
v -9.069250 0.248569 -19.528934
v -9.381390 -1.654816 -18.032692
v -8.943712 -2.621770 -17.021626
v -3.189444 -5.851774 -13.018061
v -1.791591 -5.973911 -13.021453
v -10.589241 -2.075531 -18.697685
v -10.375493 -0.246774 -20.204107
v -9.381390 -1.654816 -18.032692
v -9.069250 0.248569 -19.528934
v -8.753712 1.391964 -20.601072
v -10.195674 1.246067 -21.398390
v -8.309250 2.308021 -21.724112
v -9.771567 2.365711 -22.718210
v -9.347461 1.626066 -25.218737
v -10.358528 1.313920 -23.579987
v -10.942096 0.367318 -22.124460
v -6.385505 2.735530 -27.251047
v -5.296402 3.264823 -26.569084
v 8.563372 -0.256955 -21.503572
v -5.109797 2.504805 -28.391045
v -4.166583 2.989985 -27.814264
v -8.207466 1.622669 -26.664085
v 8.763551 0.272319 -21.486603
v 7.226588 3.118916 -23.261065
v 7.681235 2.019634 -24.197483
v 1.095717 2.609985 -28.767651
v 1.733573 2.026419 -29.486931
v 2.673393 3.003553 -27.746405
v 3.324821 2.450530 -28.519972
v 6.507306 1.917850 -25.829445
v 6.856771 1.337669 -24.526594
v 3.915173 3.251245 -26.562305
v 4.800706 2.732132 -27.152655
v 5.048380 1.459817 -27.597118
v 6.785519 -0.653930 -25.985516
v 7.603195 -0.117851 -24.811592
v 7.864443 -0.083920 -23.973558
v 8.743191 -0.972851 -21.988747
v 4.373206 -6.255514 -16.285370
v 5.947487 -4.766060 -16.607697
v 8.743191 0.469103 -23.593561
v 8.929799 -0.565725 -22.029461
v 6.822846 0.747318 -25.201769
v 6.056060 1.208738 -25.788731
v 6.266415 0.503034 -25.917658
v 4.892312 0.852499 -27.206942
v 3.738744 0.231604 -28.475864
v 3.721781 1.005170 -28.913542
v 2.361252 0.475878 -29.911034
v 0.094832 1.483577 -30.189251
v -1.116416 2.060340 -29.459791
v -0.970524 1.018739 -30.654076
v -2.622841 -0.664110 -30.891567
v -2.633018 2.453927 -28.859255
v -2.354807 1.483577 -30.124792
v -3.827299 2.016237 -29.337643
v -8.075143 0.177319 -26.436768
v -9.201569 0.068750 -25.235703
v -1.540523 -2.594638 -31.234234
v -9.371210 -3.948380 -16.309122
v -8.943712 -2.621770 -17.021626
v -10.222816 -3.429268 -17.445730
v -11.311918 -1.074636 -20.713037
v -11.342453 -2.771063 -19.155724
v -10.741920 -4.213017 -17.774834
v -10.029423 -4.857673 -16.818045
v -11.162631 -2.540348 -21.401783
v -10.752100 -1.254474 -22.708029
v -10.012460 -0.284102 -24.014278
v -7.057288 1.412327 -27.858370
vn -0.0234 0.5383 0.8424
vn 0.0472 0.5116 0.8579
vn 0.0078 0.5708 0.8210
vn -0.0938 0.6172 0.7812
vn -0.1092 0.5149 0.8503
vn -0.1025 0.6545 0.7491
vn -0.2575 0.7100 0.6554
vn -0.4066 0.6803 0.6099
vn -0.4069 0.6261 0.6652
vn -0.3755 0.6025 0.7042
vn -0.2190 0.7353 0.6414
vn -0.2121 0.8644 0.4558
vn 0.0157 0.8729 0.4876
vn 0.1095 0.5240 0.8447
vn 0.2208 0.5519 0.8042
vn 0.3630 0.7261 0.5840
vn 0.3063 0.7540 0.5812
vn 0.2653 0.8817 0.3902
vn 0.0703 0.5315 0.8442
vn -0.0157 0.6331 0.7739
vn -0.2525 0.8835 0.3945
vn -0.0000 0.9899 0.1415
vn -0.2595 0.9594 0.1101
vn -0.1408 0.9856 0.0939
vn 0.0078 0.9995 0.0315
vn -0.1808 0.9824 -0.0471
vn -0.0393 0.9962 -0.0784
vn 0.0236 0.9997 -0.0000
vn -0.0078 0.9962 0.0863
vn -0.1250 0.9537 0.2736
vn 0.1573 0.8253 0.5424
vn -0.0937 0.7270 0.6802
vn 0.1577 0.9303 0.3312
vn 0.1261 0.9768 0.1734
vn 0.1962 0.9805 0.0079
vn 0.1489 0.9873 -0.0548
vn 0.0471 0.9889 -0.1412
vn -0.0078 0.7914 -0.6112
vn 0.0624 -0.5463 0.8352
vn -0.0234 0.5383 0.8425
vn -0.1095 -0.4224 0.8997
vn -0.1093 0.5148 0.8503
vn 0.0550 -0.7625 0.6446
vn -0.2979 -0.2901 0.9094
vn -0.1568 -0.7758 0.6112
vn -0.2277 -0.7695 0.5967
vn 0.0236 -0.7950 0.6061
vn 0.0235 -0.6666 0.7450
vn -0.1491 -0.6671 0.7299
vn -0.4294 -0.7417 0.5153
vn -0.4315 -0.5806 0.6904
vn -0.3838 -0.7755 0.5013
vn -0.4876 -0.7078 0.5112
vn -0.4614 -0.5787 0.6725
vn -0.4157 -0.6431 0.6431
vn -0.1570 -0.6825 0.7139
vn 0.0235 -0.6583 0.7524
vn -0.1415 -0.7000 0.7000
vn 0.0157 -0.6667 0.7452
vn -0.4004 -0.6673 0.6280
vn -0.4414 -0.6226 0.6462
vn -0.3840 -0.5565 0.7368
vn -0.3132 -0.6187 0.7205
vn -0.4005 -0.6440 0.6518
vn -0.3454 -0.6829 0.6437
vn -0.1176 -0.6823 0.7216
vn -0.0079 -0.6711 0.7413
vn -0.3051 -0.7040 0.6414
vn -0.1960 -0.7603 0.6193
vn -0.0552 -0.7873 0.6141
vn -0.0392 -0.7066 0.7066
vn -0.1337 -0.6133 0.7784
vn -0.3122 -0.6479 0.6948
vn -0.3833 -0.6570 0.6492
vn -0.2744 -0.6272 0.7290
vn -0.2507 -0.6190 0.7443
vn -0.2587 -0.5644 0.7839
vn -0.1724 -0.5171 0.8384
vn -0.0862 -0.4858 0.8698
vn 0.0314 -0.3766 0.9258
vn -0.0079 -0.4314 0.9021
vn -0.1488 -0.5248 0.8381
vn 0.0078 -0.6417 0.7669
vn -0.0473 -0.6143 0.7877
vn -0.4635 -0.7069 0.5342
vn -0.6820 -0.3763 0.6271
vn 0.2577 -0.8905 0.3749
vn 0.3225 -0.7000 0.6371
vn 0.0628 -0.7135 0.6978
vn 0.2417 -0.6939 0.6783
vn 0.4154 -0.6193 0.6663
vn 0.0628 -0.6051 0.7937
vn 0.5231 -0.7730 0.3591
vn -0.6345 -0.7363 0.2350
vn 0.1492 -0.8323 0.5339
vn 0.0782 -0.9466 -0.3129
vn -0.3832 -0.8992 -0.2111
vn -0.3833 -0.7197 0.5789
vn -0.3611 -0.5494 0.7535
vn -0.3062 -0.5496 0.7773
vn -0.1876 -0.5628 0.8050
vn -0.2902 -0.5254 0.7999
vn -0.2906 -0.5576 0.7776
vn -0.3067 -0.5584 0.7708
vn -0.3448 -0.5719 0.7443
vn -0.4159 -0.5729 0.7063
vn -0.3066 -0.8176 0.4874
vn 0.1334 -0.9101 -0.3923
vn 0.2525 -0.8205 -0.5128
vn -0.7588 -0.5945 -0.2660
vn -0.2113 -0.8529 -0.4773
vn 0.2761 -0.8364 -0.4734
vn 0.1340 -0.8910 -0.4337
vn 0.1180 -0.8818 -0.4566
vn -0.4859 -0.7211 0.4938
vn -0.5341 -0.5655 0.6284
vn -0.4692 -0.5630 0.6803
vn -0.4849 -0.5396 0.6882
vn -0.2895 -0.5399 0.7903
vn -0.2813 -0.5783 0.7658
vn -0.4615 -0.5398 0.7040
vn -0.8913 -0.3283 0.3127
vn -0.9370 -0.1562 0.3124
vn -0.7533 -0.3845 0.5336
vn -0.8293 -0.3912 0.3990
vn -0.7471 -0.5898 0.3067
vn -0.8943 -0.4472 0.0157
vn 0.0629 -0.8660 -0.4960
vn 0.1407 -0.8448 -0.5163
vn 0.2445 -0.7494 -0.6153
vn -0.7105 -0.5855 -0.3903
vn -0.7104 -0.0390 -0.7027
vn 0.3314 -0.7969 -0.5051
vn 0.1637 -0.8111 -0.5615
vn -0.9085 -0.2115 -0.3603
vn -0.9224 -0.3284 -0.2032
vn -0.9923 -0.1016 -0.0703
vn -0.9650 -0.2040 0.1648
vn -0.8940 -0.0314 0.4470
vn -0.9071 0.2424 0.3440
vn -0.8466 0.0862 0.5252
vn -0.9168 0.1097 0.3840
vn -0.8253 -0.4637 0.3223
vn -0.8613 -0.2818 0.4228
vn -0.8163 -0.4239 0.3924
vn -0.7360 -0.5090 0.4463
vn -0.9070 -0.4066 0.1095
vn -0.9258 -0.3766 0.0314
vn -0.9572 0.1569 0.2432
vn -0.9690 0.2032 0.1407
vn -0.9004 0.3758 0.2192
vn -0.9153 0.3990 0.0548
vn -0.9719 -0.0078 -0.2351
vn -0.8657 0.1417 -0.4801
vn -0.7702 -0.0393 -0.6366
vn 0.3600 -0.8843 -0.2974
vn -0.5269 0.0314 -0.8494
vn -0.6235 0.2728 -0.7327
vn -0.3303 0.0078 -0.9438
vn 0.3760 -0.8851 -0.2742
vn 0.4019 -0.2128 -0.8906
vn -0.7723 0.0788 -0.6304
vn -0.8268 0.3120 -0.4680
vn -0.7975 0.3127 -0.5160
vn -0.7503 0.0782 -0.6565
vn -0.7277 0.1330 -0.6729
vn -0.7664 0.3362 -0.5474
vn -0.7117 0.1408 -0.6882
vn -0.7401 0.5275 -0.4172
vn 0.7699 -0.0472 -0.6365
vn -0.7893 0.4894 -0.3710
vn 0.8474 -0.5022 -0.1726
vn 0.9802 -0.1647 -0.1098
vn -0.3134 0.1332 -0.9402
vn -0.4386 0.3445 -0.8300
vn -0.3549 0.4022 -0.8439
vn 0.1645 0.2114 -0.9634
vn 0.1724 0.3604 -0.9167
vn 0.9378 -0.2679 -0.2207
vn 0.6593 -0.1805 -0.7299
vn -0.1336 -0.2199 -0.9663
vn -0.8431 0.3434 -0.4138
vn -0.7334 0.5362 -0.4179
vn -0.7103 0.3552 -0.6077
vn -0.6706 0.1560 -0.7252
vn -0.6774 0.5357 -0.5042
vn -0.7096 0.5361 -0.4573
vn -0.6778 0.6305 -0.3783
vn -0.5680 0.7179 -0.4024
vn -0.6701 0.3784 -0.6386
vn -0.3862 0.8669 -0.3152
vn -0.2898 0.1331 -0.9478
vn -0.5820 0.1337 -0.8021
vn -0.0704 -0.5783 -0.8128
vn 0.8111 -0.4289 -0.3978
vn 0.0392 0.3832 -0.9228
vn 0.0863 0.3687 -0.9256
vn -0.3236 0.4420 -0.8366
vn -0.2592 0.5027 -0.8247
vn -0.1966 0.5033 -0.8414
vn -0.1021 0.4163 -0.9035
vn -0.1177 0.4628 -0.8786
vn -0.1261 0.5357 -0.8350
vn -0.1728 0.5262 -0.8326
vn -0.2434 0.4710 -0.8479
vn -0.2980 0.4549 -0.8392
vn -0.3776 0.3855 -0.8419
vn -0.5682 0.3393 -0.7497
vn -0.5188 0.3538 -0.7782
vn -0.4174 0.4095 -0.8112
vn -0.2588 0.3843 -0.8862
vn -0.1813 0.4335 -0.8827
vn -0.2113 0.2426 -0.9468
vn -0.2122 0.3302 -0.9197
vn -0.1258 0.6052 -0.7860
vn -0.0470 0.4310 -0.9011
vn -0.0786 0.5817 -0.8096
vn -0.2036 0.3837 -0.9007
vn -0.4876 -0.0000 -0.8730
vn -0.3358 -0.2577 -0.9060
vn -0.3375 0.1177 -0.9339
vn -0.2286 0.2602 -0.9381
vn -0.3221 0.2828 -0.9035
vn -0.3777 0.3069 -0.8736
vn -0.8038 0.1717 -0.5696
vn -0.8517 0.1797 -0.4922
vn -0.9052 0.0546 -0.4214
vn -0.8209 0.1876 -0.5394
vn -0.9384 0.2737 -0.2112
vn -0.8678 0.1094 -0.4847
vn -0.8031 0.4054 -0.4366
vn -0.8669 0.4729 -0.1576
vn -0.8759 0.4615 -0.1408
vn -0.8905 0.4453 -0.0937
vn -0.8462 -0.0079 -0.5328
vn -0.7966 0.0625 -0.6013
vn -0.7819 0.2112 -0.5865
vn -0.7789 0.2124 -0.5901
vn -0.6992 -0.0079 -0.7149
vn -0.9368 -0.2186 -0.2732
vn -0.7180 0.2107 -0.6633
vn -0.8425 -0.0234 -0.5382
vn -0.8264 0.2518 -0.5037
vn -0.8368 -0.3285 -0.4380
vn -0.9557 0.1410 -0.2585
vn -0.9384 -0.0313 -0.3441
vn -0.9165 -0.1567 -0.3682
vn -0.9365 -0.1249 -0.3278
vn -0.9546 0.2974 -0.0156
vn -0.9434 -0.2830 -0.1730
vn -0.9381 -0.3049 -0.1642
vn -0.9728 -0.2040 -0.1098
vn -0.9999 -0.0079 -0.0079
vn -0.9054 -0.2497 -0.3434
vn -0.7413 -0.3902 -0.5462
vn -0.6754 0.1021 -0.7303
vn -0.4472 0.2354 -0.8629
vn -0.4077 0.3215 -0.8546
vn -0.5912 0.2995 -0.7488
vn -0.7957 0.0780 -0.6007
vn -0.7276 -0.4929 -0.4772
vn -0.9014 -0.3684 -0.2273
vn -0.7272 -0.5473 -0.4144
vn -0.8981 -0.4373 -0.0469
vn -0.9541 -0.1642 0.2503
vn -0.9141 -0.3672 0.1719
vn -0.8823 -0.0469 -0.4684
vn -0.8540 0.3134 -0.4153
vn -0.7609 0.2902 -0.5804
vn -0.5414 0.3217 -0.7768
vn -0.4088 0.2673 -0.8726
vn -0.3354 0.2340 -0.9126
vn -0.4091 0.1180 -0.9048
vn -0.3925 0.2120 -0.8950
vn -0.4494 0.3154 -0.8358
vn -0.4648 0.3545 -0.8114
vn -0.5747 0.4094 -0.7086
vn -0.7656 0.3157 -0.5604
vn -0.8667 0.3201 -0.3826
vn -0.9475 0.2741 -0.1644
vn -0.9763 0.1181 -0.1811
vn -0.9541 -0.1643 -0.2503
vn -0.9990 -0.0315 0.0315
vn -0.9654 -0.2433 -0.0942
vn -0.7521 -0.5797 -0.3134
vn -0.7335 -0.6321 -0.2497
vn -0.9404 -0.3369 0.0470
vn -0.9596 -0.1258 0.2517
vn -0.9870 0.1175 0.1097
vn -0.9415 -0.0706 0.3295
vn -0.9567 0.0235 0.2902
vn -0.9791 0.1802 0.0940
vn -0.9449 0.2913 -0.1496
vn -0.8675 0.3595 -0.3439
vn -0.7405 0.4131 -0.5301
vn -0.6075 0.2130 -0.7653
vn -0.6844 0.2517 -0.6843
vn -0.7741 0.2737 -0.5708
vn -0.8819 0.2263 -0.4136
vn -0.9453 0.2187 -0.2422
vn -0.9925 0.1182 -0.0315
vn -0.9820 -0.0550 0.1807
vn -0.8626 -0.1647 0.4783
vn -0.8381 -0.1958 0.5092
vn -0.8287 -0.2658 0.4925
vn -0.8479 -0.4710 0.2434
vn -0.7214 -0.6665 -0.1882
vn -0.8491 -0.5268 -0.0393
vn -0.8218 -0.3444 0.4539
vn -0.7454 -0.4943 0.4472
vn -0.7761 -0.5330 0.3371
vn -0.7078 -0.5112 0.4875
vn -0.8252 -0.4794 0.2986
vn -0.9301 -0.3673 -0.0078
vn -0.7929 -0.4789 0.3768
vn -0.7089 -0.6143 0.3465
vn -0.7360 -0.6733 -0.0705
vn -0.7761 -0.4939 0.3920
vn -0.6990 -0.4477 0.5577
vn -0.7368 -0.3841 0.5565
vn -0.7591 -0.2817 0.5869
vn -0.5980 -0.4170 0.6845
vn -0.7370 -0.4155 0.5331
vn -0.8762 -0.2816 0.3912
vn -0.7918 -0.2980 0.5331
vn -0.9045 -0.1652 0.3933
vn -0.9661 0.0864 0.2435
vn -0.6556 0.3747 0.6556
vn -0.6641 -0.4219 0.6172
vn -0.6655 0.3053 0.6811
vn -0.5893 -0.5264 0.6129
vn -0.4702 -0.4859 0.7367
vn -0.5496 -0.5025 0.6674
vn -0.6340 -0.4539 0.6261
vn -0.6833 -0.5577 0.4713
vn -0.5950 -0.6577 0.4619
vn -0.4073 -0.5404 0.7362
vn -0.3208 -0.5869 0.7434
vn -0.3991 -0.5870 0.7044
vn -0.5428 -0.5978 0.5900
vn -0.6668 -0.4472 0.5962
vn -0.5655 0.2513 0.7855
vn -0.4066 0.6802 0.6099
vn -0.4070 0.6260 0.6652
vn -0.3756 0.6025 0.7042
vn -0.6319 0.4993 0.5929
vn -0.9566 0.2666 0.1176
vn -0.9549 0.2818 -0.0939
vn -0.6257 0.5632 0.5397
vn -0.2191 0.7353 0.6414
vn -0.0939 0.7271 0.6801
vn -0.6330 0.6331 0.4455
vn -0.8971 0.2964 -0.3276
vn -0.7889 0.2998 -0.5365
vn -0.7151 0.2514 -0.6522
vn -0.4492 0.8748 -0.1813
vn -0.4092 0.8341 -0.3699
vn -0.5514 0.8192 0.1575
vn 0.1572 0.8253 0.5423
vn 0.1577 0.9303 0.3311
vn 0.1260 0.9768 0.1733
vn -0.3897 0.7639 -0.5144
vn -0.6414 0.2190 -0.7353
vn -0.6053 0.1257 -0.7860
vn -0.5671 0.1418 -0.8113
vn -0.5279 0.1024 -0.8431
vn -0.3298 0.6753 -0.6596
vn 0.1961 0.9805 0.0078
vn 0.1489 0.9873 -0.0549
vn -0.2522 0.5831 -0.7722
vn 0.0471 0.9889 -0.1413
vn -0.1968 0.5274 -0.8265
vn -0.4490 0.1417 -0.8822
vn -0.4156 0.0078 -0.9095
vn -0.3610 0.1098 -0.9261
vn 0.0078 0.4472 -0.8944
vn 0.0550 -0.0001 -0.9985
vn 0.1415 0.5581 -0.8176
vn 0.3849 0.0863 -0.9189
vn -0.0392 0.9961 -0.0784
vn -0.1808 0.9824 -0.0472
vn 0.2502 0.5709 -0.7820
vn 0.4614 0.1407 -0.8759
vn 0.5472 -0.0313 -0.8364
vn 0.4308 -0.0548 -0.9008
vn 0.1409 -0.1487 -0.9788
vn -0.1724 0.4153 -0.8932
vn -0.3684 0.3057 -0.8779
vn -0.2829 0.2986 -0.9115
vn -0.4154 0.6192 -0.6663
vn -0.0549 0.7292 -0.6821
vn -0.0392 0.8937 -0.4469
vn 0.4244 0.5345 -0.7309
vn 0.2203 0.2990 -0.9285
vn 0.2197 0.3296 -0.9182
vn 0.3991 0.3365 -0.8529
vn 0.5422 0.3536 -0.7622
vn 0.6663 -0.0392 -0.7447
vn 0.6015 0.1250 -0.7890
vn 0.3839 0.6040 -0.6984
vn 0.5088 0.6575 -0.5557
vn -0.2596 0.9594 0.1101
vn 0.7228 0.1021 -0.6835
vn 0.7693 -0.1177 -0.6280
vn 0.6515 0.3611 -0.6672
vn 0.6498 0.3210 -0.6890
vn 0.4726 0.3623 -0.8034
vn 0.3365 0.3443 -0.8765
vn 0.2357 0.2908 -0.9273
vn 0.1800 0.2661 -0.9470
vn 0.6129 0.2593 -0.7464
vn 0.7519 0.1489 -0.6422
vn 0.4567 -0.1654 -0.8741
vn -0.0157 0.3303 -0.9437
vn -0.0079 -0.5029 -0.8643
vn -0.7501 0.1641 -0.6407
vn -0.6298 0.2362 -0.7400
vn -0.4840 -0.2342 -0.8431
vn -0.0315 -0.4564 -0.8892
vn 0.0547 0.2034 -0.9776
vn 0.1568 0.2744 -0.9487
vn 0.2116 0.2037 -0.9559
vn 0.3838 0.2350 -0.8930
vn 0.4234 0.3607 -0.8311
vn 0.6371 0.3225 -0.7001
vn 0.6971 0.2663 -0.6657
vn 0.6655 0.1957 -0.7203
vn 0.7681 0.2351 -0.5957
vn 0.8096 0.2044 -0.5502
vn 0.8313 0.1568 -0.5333
vn 0.7044 0.3991 -0.5870
vn 0.6744 0.3764 -0.6352
vn 0.6190 0.3291 -0.7131
vn 0.7121 0.1721 -0.6807
vn 0.6677 0.0943 -0.7384
vn 0.6427 0.1803 -0.7446
vn 0.5796 0.0235 -0.8146
vn 0.3228 0.0552 -0.9449
vn 0.1885 0.0236 -0.9818
vn 0.1964 0.1100 -0.9743
vn 0.1101 0.0708 -0.9914
vn 0.2828 0.0393 -0.9584
vn 0.5027 0.0314 -0.8639
vn 0.4636 -0.1022 -0.8801
vn 0.5658 0.1571 -0.8094
vn 0.5576 0.3298 -0.7618
vn 0.5976 0.3617 -0.7156
vn 0.5953 0.3995 -0.6971
vn 0.7672 0.2583 -0.5872
vn 0.5880 0.4469 -0.6742
vn 0.6187 0.3133 -0.7205
vn 0.7940 -0.0550 -0.6054
vn 0.8381 -0.1488 -0.5248
vn 0.7306 0.2671 -0.6284
vn 0.6829 0.3454 -0.6437
vn 0.7592 0.2035 -0.6183
vn 0.8217 0.0861 -0.5634
vn 0.7536 0.3219 -0.5731
vn 0.7063 0.3688 -0.6043
vn 0.7186 0.4296 -0.5468
vn 0.8247 0.2435 -0.5105
vn 0.8788 0.3452 -0.3295
vn 0.7040 0.3207 -0.6336
vn 0.8931 0.2585 -0.3682
vn 0.9518 0.0078 -0.3068
vn 0.9735 0.1963 -0.1178
vn 0.8497 0.3226 -0.4170
vn 0.8172 0.2671 -0.5108
vn 0.8332 0.1415 -0.5345
vn 0.8418 0.2754 -0.4642
vn 0.7141 0.4238 -0.5572
vn 0.7994 -0.1567 -0.5800
vn 0.7879 0.1733 -0.5909
vn 0.7086 -0.1338 -0.6928
vn 0.7778 -0.0000 -0.6285
vn 0.9784 0.1017 -0.1800
vn 0.9270 0.3535 -0.1257
vn 0.9638 0.1097 -0.2429
vn 0.9766 -0.1891 -0.1024
vn 0.9954 0.0784 0.0549
vn 0.9819 0.1257 -0.1414
vn 0.8863 0.2039 -0.4157
vn 0.9996 0.0236 0.0158
vn 0.9816 0.0628 -0.1806
vn 0.8699 0.1489 -0.4702
vn 0.9992 -0.0315 -0.0236
vn 0.9712 -0.0392 -0.2350
vn 0.9201 0.0708 -0.3853
vn 0.6729 0.2895 -0.6808
vn 0.5802 0.3293 -0.7449
vn 0.6124 0.4476 -0.6516
vn 0.4465 0.4465 -0.7755
vn 0.5278 0.3545 -0.7719
vn 0.4637 0.3222 -0.8253
vn 0.4146 0.0704 -0.9073
vn 0.2906 0.3377 -0.8953
vn 0.3303 -0.0236 -0.9436
vn 0.1330 0.3600 -0.9234
vn 0.5091 0.2271 -0.8302
vn 0.1647 0.4784 -0.8626
vn 0.4326 0.4405 -0.7866
vn 0.4090 0.5662 -0.7156
vn 0.1798 0.7034 -0.6877
vn 0.7163 0.2834 -0.6376
vn 0.6129 0.5264 -0.5893
vn 0.5989 0.3231 -0.7328
vn 0.6437 0.7143 -0.2747
vn 0.9591 0.0079 0.2830
vn 0.9597 -0.2674 -0.0865
vn 0.9565 -0.1490 -0.2509
vn 0.8721 -0.3614 -0.3300
vn 0.8877 -0.3692 -0.2750
vn 0.7551 -0.5663 -0.3303
vn 0.7381 -0.5183 -0.4319
vn 0.9880 -0.0627 -0.1412
vn 0.9919 -0.1250 -0.0234
vn 0.9631 -0.2662 -0.0391
vn 0.9428 -0.1886 -0.2750
vn 0.9863 -0.1409 -0.0861
vn 0.9508 -0.2671 -0.1571
vn 0.9789 -0.1096 -0.1723
vn 0.9856 -0.1408 -0.0938
vn 0.9943 -0.0861 -0.0626
vn 0.7010 -0.6143 -0.3623
vn 0.7471 -0.5898 -0.3067
vn 0.7103 -0.6077 -0.3551
vn 0.7734 -0.5998 -0.2052
vn 0.8735 -0.3778 -0.3069
vn 0.6378 -0.7402 -0.2126
vn 0.4763 -0.8277 -0.2967
vn 0.4142 -0.7893 -0.4533
vn 0.7247 -0.5908 -0.3545
vn 0.7327 -0.5923 -0.3351
vn 0.7434 -0.5869 -0.3208
vn 0.7393 -0.6213 -0.2596
vn 0.9899 -0.1414 -0.0078
vn 0.9803 -0.1960 -0.0235
vn 0.9457 -0.3205 -0.0547
vn 0.9768 -0.2048 0.0630
vn 0.9829 -0.1179 0.1415
vn 0.9820 -0.0550 0.1807
vn 0.9720 -0.0000 0.2352
vn 0.8831 -0.1971 0.4258
vn 0.8817 -0.2653 0.3901
vn 0.8830 -0.3075 0.3548
vn 0.9261 -0.2668 0.2668
vn 0.6800 -0.4299 0.5940
vn 0.7180 -0.3788 0.5839
vn 0.7092 -0.3310 0.6225
vn 0.8736 -0.1180 0.4722
vn 0.9526 -0.2655 0.1483
vn 0.8044 -0.2812 0.5233
vn 0.7336 -0.2524 0.6310
vn 0.5939 -0.3907 0.7033
vn 0.6033 -0.4388 0.6660
vn 0.5856 -0.4763 0.6559
vn 0.6240 -0.3588 0.6942
vn 0.9495 -0.1883 -0.2512
vn 0.9675 0.2517 0.0236
vn 0.6456 0.1102 0.7557
vn 0.9559 -0.2115 -0.2037
vn 0.6183 -0.4852 0.6183
vn 0.4375 -0.4453 0.7812
vn 0.7278 -0.4226 0.5400
vn 0.9588 -0.2829 -0.0236
vn 0.9910 -0.0629 -0.1180
vn 0.8337 -0.5270 -0.1652
vn 0.8594 -0.4573 -0.2286
vn 0.6236 -0.2728 0.7326
vn 0.4241 -0.3377 0.8403
vn 0.5311 -0.4843 0.6952
vn 0.5783 -0.4845 0.6564
vn 0.5163 -0.5398 0.6649
vn 0.3205 -0.6254 0.7114
vn 0.4291 -0.4682 0.7724
vn 0.2108 -0.2499 0.9450
vn 0.1802 -0.5014 0.8462
vn 0.0157 -0.0550 0.9984
vn 0.3354 -0.2340 0.9126
vn 0.8668 -0.4255 -0.2601
vn 0.7730 -0.4969 -0.3944
vn 0.4809 -0.6938 -0.5361
vn 0.6678 -0.5185 -0.5341
vn 0.5708 -0.8210 -0.0078
vn 0.0471 -0.3533 0.9343
vn 0.1887 -0.1729 0.9667
vn 0.3843 -0.3293 0.8625
vn 0.1491 -0.6120 0.7767
vn 0.3134 -0.8540 0.4152
vn 0.5101 -0.6983 0.5021
vn 0.6860 -0.5222 0.5066
vn 0.5074 -0.7182 0.4762
vn 0.4228 -0.8533 0.3053
vn 0.5403 -0.5951 0.5950
vn 0.5311 -0.2889 0.7965
vn 0.5478 -0.2504 0.7982
vn 0.3389 -0.1418 0.9301
vn 0.2118 -0.5725 0.7921
vn 0.2349 -0.9629 0.1331
vn 0.4056 -0.7331 -0.5459
vn 0.3537 -0.6209 -0.6995
vn 0.2361 -0.8578 -0.4565
vn 0.3353 -0.8890 0.3119
vn 0.7722 -0.5516 0.3152
vn 0.9142 -0.3941 -0.0946
vn 0.3896 -0.6779 -0.6234
vn 0.4182 -0.7891 -0.4498
vn 0.9749 -0.1887 -0.1179
vn 0.3938 -0.8743 -0.2836
vn 0.3522 -0.9080 -0.2270
vn 0.8908 -0.3548 -0.2838
vn 0.9703 -0.2113 -0.1174
vn 0.9995 0.0315 -0.0000
vn 0.9674 -0.2045 -0.1495
vn 0.9984 -0.0157 0.0550
vn 0.9362 -0.2281 0.2675
vn 0.9059 -0.4017 -0.1339
vn 0.9136 -0.3466 -0.2126
vn 0.9967 0.0392 -0.0706
vn 0.9052 -0.3043 -0.2966
vn 0.9372 0.1103 -0.3308
vn 0.7884 -0.5282 -0.3154
vn 0.7937 -0.5344 -0.2907
vn 0.8895 -0.4526 0.0624
vn 0.7884 -0.3591 0.4996
vn 0.8282 -0.5442 -0.1341
vn 0.7887 -0.5127 0.3392
vn 0.7792 -0.5116 0.3621
vn 0.6936 -0.6857 0.2207
vn 0.6546 -0.6940 -0.2997
vn 0.6701 -0.6386 -0.3784
vn 0.7856 -0.5184 -0.3378
vn 0.8857 -0.1724 -0.4311
vn 0.6386 -0.6070 -0.4730
vn 0.8086 -0.4161 -0.4161
vn 0.3931 -0.7940 -0.4638
vn 0.3936 -0.8345 -0.3857
vn 0.5310 -0.8356 0.1406
vn 0.6684 -0.6999 0.2516
vn 0.4936 -0.8540 0.1645
vn 0.6414 -0.7040 0.3050
vn 0.7501 -0.5157 0.4141
vn 0.8192 -0.3199 0.4759
vn 0.8266 -0.4133 0.3821
vn 0.7881 -0.3121 0.5306
vn 0.7011 -0.1969 0.6853
vn 0.7570 -0.3199 0.5697
vn 0.7177 -0.5226 0.4602
vn 0.6158 -0.7016 0.3585
vn 0.4448 -0.8505 0.2808
vn 0.4604 -0.8584 0.2263
vn 0.3060 -0.9494 0.0706
vn 0.2668 -0.9575 0.1099
vn 0.2358 -0.9590 0.1572
vn 0.2348 -0.9470 0.2191
vn 0.4385 -0.8534 0.2819
vn 0.5691 -0.7016 0.4288
vn 0.7018 -0.5303 0.4757
vn 0.6942 -0.3588 0.6240
vn 0.7337 -0.1104 0.6705
vn 0.5319 -0.3051 0.7900
vn 0.3432 -0.6240 0.7020
vn 0.3472 -0.5526 0.7577
vn 0.3689 -0.5652 0.7379
vn 0.2761 -0.5917 0.7574
vn 0.3511 -0.5618 0.7491
vn 0.3284 -0.5630 0.7584
vn 0.3528 -0.4860 0.7996
vn 0.5516 -0.3152 0.7723
vn 0.4838 -0.6711 0.5618
vn 0.2425 -0.4771 0.8447
vn 0.2512 -0.4945 0.8321
vn 0.2513 -0.5970 0.7619
vn 0.3768 -0.2669 0.8870
vn 0.5847 -0.2495 0.7719
vn 0.6623 -0.0158 0.7491
vn 0.6887 -0.2270 0.6886
vn 0.4069 0.1565 0.9000
vn 0.3295 0.0706 0.9415
vn -0.0469 -0.5081 0.8600
vn 0.1176 -0.6742 0.7291
vn 0.1724 -0.4623 0.8698
vn 0.1259 -0.4405 0.8889
vn 0.1959 -0.7051 0.6816
vn 0.1804 -0.7764 0.6039
vn 0.2203 -0.7316 0.6451
vn 0.2193 -0.6579 0.7205
vn 0.0941 -0.6427 0.7603
vn 0.0627 -0.7763 0.6272
vn 0.0314 -0.7843 0.6196
vn 0.0470 -0.4151 0.9085
vn 0.1018 -0.4228 0.9005
vn 0.1093 -0.7259 0.6791
vn 0.0550 -0.4084 0.9111
vn -0.0312 0.6870 0.7260
vn 0.1249 0.1795 0.9758
vn 0.2421 0.3670 0.8981
vn 0.5708 -0.0078 0.8210
vn 0.4455 0.1876 0.8754
vn 0.2287 0.2287 0.9463
vn 0.4098 0.1576 0.8985
vn -0.0156 0.2736 0.9617
vn 0.0156 0.3279 0.9446
vn 0.0078 0.3373 0.9414
vn -0.2270 0.3522 0.9080
vn 0.2423 -0.8361 0.4922
vn -0.0078 -0.4314 0.9021
vn -0.0392 -0.7066 0.7065
vn -0.0551 -0.7873 0.6141
vn 0.1097 -0.6584 0.7446
vn -0.0078 -0.6711 0.7413
vn 0.1015 -0.6634 0.7414
vn 0.1016 -0.6796 0.7265
vn 0.2509 -0.6274 0.7372
vn 0.1172 -0.6327 0.7655
vn 0.0784 -0.6351 0.7684
vn 0.1487 -0.7590 0.6338
vn 0.1097 -0.6113 0.7837
vn 0.2506 -0.5796 0.7754
vn 0.1253 -0.6736 0.7284
vn 0.2823 -0.6665 0.6900
vn 0.2428 -0.7598 0.6031
vn 0.1879 -0.7753 0.6030
vn 0.0625 -0.5463 0.8352
vn 0.1328 -0.6096 0.7815
vn 0.3134 -0.5797 0.7521
vn 0.4656 -0.5681 0.6786
vn 0.7016 0.3586 0.6158
vn 0.3357 0.5152 0.7886
vn 0.0782 0.5163 0.8528
vn 0.1095 0.5240 0.8446
vn 0.3674 0.4377 0.8207
vn 0.6949 -0.0312 0.7184
vn 0.3203 0.2186 0.9217
vn 0.4292 0.2809 0.8584
vn 0.6156 -0.4498 0.6471
vn 0.7148 -0.0157 0.6991
vn 0.7328 0.3231 0.5988
vn 0.5843 -0.4894 0.6474
vn 0.9410 0.2431 0.2353
vn 0.6114 -0.4389 0.6584
vn 0.5328 -0.5014 0.6817
vn 0.8586 0.0236 0.5120
vn 0.7546 -0.4794 0.4480
vn 0.8038 -0.1182 0.5831
vn 0.6496 -0.3679 0.6653
vn 0.4492 0.4492 0.7723
vn 0.3630 0.7260 0.5840
vn 0.7248 -0.2572 0.6391
vn 0.5535 0.4833 0.6782
vn 0.5982 0.5666 0.5667
vn 0.3063 0.7539 0.5812
vn 0.8408 -0.0865 0.5344
vn 0.7021 -0.5227 0.4836
vn 0.6393 -0.6236 0.4499
vn 0.5701 -0.6638 0.4842
vn 0.6414 -0.2190 0.7353
vn 0.6791 -0.5152 0.5229
vn 0.7967 -0.2734 0.5390
vn 0.9005 0.1018 0.4228
vn 0.9559 0.2116 0.2037
vn 0.7643 0.5279 0.3703
vn 0.7789 0.2124 0.5901
vn 0.6783 0.2183 0.7017
vn 0.9925 -0.1182 -0.0314
vn 0.8114 0.4648 0.3545
vn 0.0704 0.5315 0.8441
vn 0.6752 0.6674 0.3140
vn -0.0156 0.6332 0.7739
vn 0.8554 -0.0000 -0.5180
vn 0.7524 0.3762 -0.5408
vn 0.4954 0.7785 -0.3853
vn -0.2525 0.8836 0.3945
vn 0.4781 0.8778 0.0313
vn 0.9272 0.0628 0.3693
vn 0.9656 0.2277 0.1256
vn 0.9994 -0.0316 -0.0158
vn 0.9619 -0.1498 0.2286
vn 0.8013 -0.2986 0.5185
vn 0.7099 -0.4447 0.5461
vn 0.7424 -0.1954 0.6408
vn 0.5773 -0.3745 0.7256
vn 0.5366 -0.3551 0.7655
vn 0.7095 -0.2963 0.6394
vn 0.6634 -0.3746 0.6478
vn 0.6173 -0.4454 0.6485
vn 0.7574 -0.4497 0.4734
vn 0.8039 -0.3668 0.4683
vn 0.8420 -0.3274 0.4288
vn 0.5855 -0.5074 0.6323
vn 0.5692 -0.5535 0.6080
vn 0.5614 -0.6081 0.5613
vn 0.0627 -0.7288 0.6818
vn -0.2518 0.0079 0.9678
vn -0.3905 0.1640 0.9059
vn -0.6778 -0.3783 0.6305
vn -0.6038 -0.6194 0.5018
vn -0.6820 -0.3762 0.6271
vn -0.6666 -0.0235 0.7450
vn -0.4394 0.2197 0.8710
vn -0.5795 0.0313 0.8144
vn -0.4297 0.1484 0.8907
vn -0.2113 0.2426 0.9468
vn -0.0313 0.4687 0.8828
vn 0.4787 0.3610 0.8004
vn 0.8019 -0.0000 0.5975
vn 0.4573 0.2287 0.8594
vn 0.0313 -0.4934 0.8693
vn -0.5205 0.3076 0.7965
vn -0.4465 0.2115 0.8694
vn -0.6836 -0.1807 0.7071
vn -0.7222 -0.1099 0.6829
vn -0.7265 -0.1015 0.6796
vn -0.7200 -0.3443 0.6026
vn -0.6667 -0.5647 0.4863
vn -0.8026 -0.0866 0.5902
vn -0.7748 -0.5400 0.3287
vn -0.7061 -0.5491 0.4472
vn -0.7228 -0.5263 0.4478
vn -0.7623 -0.3143 0.5658
vn -0.7232 -0.5188 0.4559
vn -0.7840 -0.2901 0.5488
vn -0.7210 -0.5486 0.4232
vn 0.0628 -0.6050 0.7937
vn -0.7372 -0.1098 0.6666
vn 0.3226 -0.7000 0.6371
vn 0.6714 -0.1484 0.7261
vn 0.7481 -0.5066 0.4286
vn 0.8294 -0.4460 0.3364
vn 0.6790 -0.5230 0.5152
vn 0.5407 -0.8306 0.1332
vn 0.4460 -0.8294 0.3365
vn 0.0393 -0.9827 0.1808
vn 0.0628 -0.9969 0.0471
vn -0.4468 -0.8858 0.1254
vn -0.7060 -0.5492 0.4471
vn -0.3835 -0.8688 0.3131
vn -0.6667 -0.5648 0.4863
vn 0.0471 -0.9648 0.2589
vn 0.2266 -0.9301 0.2892
vn -0.0078 -0.9790 0.2036
vn 0.0078 -0.9774 0.2111
vn -0.2111 -0.9384 0.2737
vn -0.2348 -0.9470 0.2191
vn -0.2435 -0.9583 0.1492
vn 0.0079 -0.9910 0.1337
vn 0.0078 -0.9948 0.1018
vn -0.2429 -0.9638 0.1097
vn -0.4777 -0.8615 0.1723
vn -0.4620 -0.8613 0.2114
vn -0.4467 -0.8541 0.2664
vn -0.5719 -0.7207 0.3917
vn -0.7228 -0.5264 0.4478
vn -0.6176 -0.7035 0.3517
vn -0.6347 -0.7131 0.2978
vn -0.6592 -0.7141 0.2354
vn -0.5099 -0.8551 0.0941
vn -0.2111 -0.9773 0.0156
vn 0.0157 -0.9984 0.0550
vn 0.0313 -0.8987 -0.4375
vn -0.3630 -0.8366 -0.4103
vn -0.7377 -0.6435 0.2040
vn -0.7659 -0.6018 -0.2266
vn -0.7210 -0.5487 0.4232
vn -0.3831 -0.8992 -0.2112
vn -0.7588 -0.5945 -0.2659
vn -0.2113 -0.8530 -0.4773
vn -0.9139 -0.3515 -0.2031
vn -0.7271 -0.5942 -0.3440
vn -0.7815 -0.4895 -0.3868
vn -0.7177 -0.1560 -0.6787
vn -0.7105 -0.0390 -0.7026
vn -0.7722 0.0788 -0.6304
vn -0.6699 -0.1182 -0.7330
vn -0.7503 0.0781 -0.6565
vn -0.4834 -0.2885 -0.8265
vn -0.6461 -0.1024 -0.7564
vn -0.6231 -0.0473 -0.7807
vn -0.5745 -0.0000 -0.8185
vn -0.7117 0.1407 -0.6883
vn -0.6706 0.1559 -0.7252
vn -0.4013 -0.1416 -0.9049
vn -0.7950 0.0236 -0.6061
vn -0.4399 -0.1807 -0.8797
vn -0.4486 -0.1889 -0.8735
vn -0.4649 -0.2443 -0.8510
vn -0.2419 -0.2810 -0.9287
vn -0.2498 -0.3434 -0.9054
vn -0.2515 -0.3851 -0.8880
vn -0.5082 -0.3440 -0.7896
vn -0.3905 -0.7575 -0.5232
vn -0.2418 -0.4679 -0.8501
vn -0.0157 -0.4566 -0.8895
vn -0.0000 -0.4156 -0.9096
vn -0.0000 -0.3700 -0.9290
vn -0.0079 -0.3068 -0.9517
vn -0.0000 -0.3068 -0.9518
vn -0.2199 -0.2199 -0.9504
vn 0.0079 -0.2517 -0.9678
vn -0.4778 -0.3290 -0.8146
vn -0.0000 0.5029 -0.8643
vn -0.4527 -0.2109 -0.8664
vn 0.0157 -0.4472 -0.8943
vn 0.4152 -0.1253 -0.9011
vn 0.2124 -0.2203 -0.9520
vn 0.2202 -0.2753 -0.9358
vn 0.2340 -0.3354 -0.9126
vn 0.2283 -0.3778 -0.8973
vn 0.2516 -0.4011 -0.8808
vn -0.0078 -0.8272 -0.5619
vn -0.3759 -0.7987 -0.4699
vn 0.0156 -0.8662 -0.4994
vn 0.3626 -0.7567 -0.5440
vn 0.4968 -0.2839 -0.8201
vn 0.4652 -0.2917 -0.8358
vn 0.4542 -0.2271 -0.8615
vn 0.4311 -0.1725 -0.8857
vn 0.4335 -0.1813 -0.8827
vn 0.5655 -0.0000 -0.8247
vn 0.6110 -0.0314 -0.7910
vn 0.6358 -0.0628 -0.7693
vn 0.6430 -0.1411 -0.7528
vn 0.6752 -0.1492 -0.7224
vn 0.7772 0.0393 -0.6280
vn 0.7618 0.0707 -0.6440
vn 0.7372 0.1098 -0.6666
vn 0.7139 0.1177 -0.6903
vn 0.7840 0.2901 -0.5488
vn 0.8075 0.2352 -0.5410
vn 0.7754 0.2506 -0.5796
vn 0.7835 0.0548 -0.6190
vn 0.8022 0.1337 -0.5819
vn 0.6913 0.4949 -0.5264
vn 0.7464 0.3378 -0.5735
vn 0.7047 0.1331 -0.6969
vn 0.6683 0.1730 -0.7235
vn 0.6976 0.3605 -0.6192
vn 0.7198 0.5320 -0.4459
vn 0.5105 0.5419 -0.6676
vn 0.3059 -0.1882 -0.9333
vn 0.2572 -0.8029 -0.5378
vn 0.3833 -0.8214 -0.4224
vn 0.2196 -0.3529 -0.9095
vn 0.5351 -0.3934 -0.7476
vn 0.3211 0.6578 -0.6813
vn 0.0157 0.6285 -0.7777
vn 0.2047 0.4566 -0.8658
vn 0.3221 0.2828 -0.9035
vn 0.3057 0.3684 -0.8780
vn 0.4238 0.3924 -0.8163
vn 0.2039 0.4628 -0.8627
vn 0.2513 0.7226 -0.6440
vn 0.1722 0.7669 -0.6182
vn -0.0000 0.8368 -0.5475
vn 0.3367 0.5873 -0.7360
vn 0.4952 0.5738 -0.6524
vn 0.3759 0.3211 -0.8692
vn 0.3526 0.4310 -0.8306
vn 0.3365 0.4459 -0.8294
vn 0.5639 0.4778 -0.6736
vn 0.5564 0.5172 -0.6503
vn 0.3530 0.3216 -0.8786
vn 0.2982 0.4394 -0.8474
vn 0.2816 0.4693 -0.8369
vn 0.2282 0.3384 -0.9129
vn 0.1732 0.5354 -0.8266
vn 0.2047 0.4251 -0.8817
vn 0.1733 0.2758 -0.9455
vn 0.0392 0.3993 -0.9160
vn 0.0863 0.4393 -0.8942
vn 0.0469 0.5559 -0.8299
vn 0.0706 0.1805 -0.9810
vn -0.0078 0.4156 -0.9095
vn 0.3607 0.6274 -0.6901
vn 0.5559 0.5638 -0.6108
vn 0.6518 0.6440 -0.4005
vn 0.6817 0.5014 -0.5328
vn 0.3215 0.8546 -0.4077
vn 0.3919 0.8621 -0.3213
vn 0.0707 0.9588 -0.2751
vn 0.0470 0.4151 -0.9086
vn 0.0709 0.1024 -0.9922
vn -0.0549 0.5411 -0.8391
vn -0.0709 0.2047 -0.9763
vn 0.1415 -0.1729 -0.9747
vn -0.1094 -0.3906 -0.9140
vn -0.4881 -0.3228 -0.8109
vn -0.0625 -0.5697 -0.8195
vn 0.4173 -0.2756 -0.8660
vn -0.0315 -0.5361 -0.8436
vn -0.7363 0.0628 -0.6738
vn -0.6058 0.1180 -0.7868
vn -0.3155 0.2208 -0.9229
vn -0.3223 0.5031 -0.8019
vn -0.0315 0.8436 -0.5361
vn -0.0549 0.2827 -0.9576
vn 0.7131 0.0706 -0.6975
vn 0.4866 0.1334 -0.8634
vn 0.2817 0.5555 -0.7824
vn 0.0078 0.7526 -0.6585
vn -0.0235 0.3995 -0.9164
vn -0.0472 0.0393 -0.9981
vn -0.1489 0.1332 -0.9798
vn -0.3373 0.1725 -0.9255
vn -0.4646 0.0788 -0.8820
vn -0.4316 0.1648 -0.8869
vn -0.4710 0.1805 -0.8635
vn -0.4652 0.2917 -0.8358
vn 0.7032 -0.1485 0.6954
vn 0.5095 -0.2978 -0.8073
vn 0.4386 -0.1958 -0.8771
vn 0.7999 0.0706 -0.5960
vn 0.6674 0.5496 -0.5025
vn 0.7070 0.5342 -0.4635
vn 0.5662 0.7157 -0.4090
vn 0.4394 0.8553 -0.2746
vn 0.4077 0.8546 -0.3215
vn 0.7906 0.5166 -0.3288
vn 0.7228 0.5264 -0.4478
vn 0.4722 0.8736 -0.1180
vn -0.0079 0.9677 -0.2518
vn 0.2127 0.9374 -0.2757
vn 0.2269 0.9625 -0.1487
vn -0.0000 0.9997 0.0236
vn -0.0000 0.9806 -0.1961
vn -0.2122 0.9354 -0.2829
vn -0.2357 0.9664 -0.1021
vn -0.0627 0.9639 -0.2586
vn 0.1958 0.1332 -0.9715
vn 0.0235 0.2425 -0.9699
vn 0.0156 0.2974 -0.9546
vn 0.0706 0.2512 -0.9654
vn -0.2442 0.8510 -0.4649
vn -0.4340 0.8601 -0.2683
vn -0.4234 0.8469 -0.3216
vn -0.5120 0.8508 -0.1182
vn -0.0157 0.9994 -0.0315
vn -0.0000 0.9864 -0.1644
vn -0.7315 0.5270 -0.4326
vn -0.8128 0.4735 -0.3393
vn -0.7950 0.0237 -0.6061
vn -0.4626 0.0313 0.8860
vn -0.1026 0.6545 0.7491
vn -0.4374 0.1250 0.8905
vn -0.6120 -0.6355 0.4708
vn -0.2741 -0.6187 0.7363
vn -0.3913 -0.6887 0.6104
vn -0.4634 -0.5734 0.6756
vt 0.799497 0.132767
vt 0.806872 0.145203
vt 0.835623 0.129176
vt 0.827646 0.095412
vt 0.795280 0.115415
vt 0.803956 0.082952
vt 0.834804 0.062540
vt 0.805136 0.063504
vt 0.809306 0.052369
vt 0.818922 0.040922
vt 0.840708 0.028486
vt 0.858542 0.036994
vt 0.897247 0.097413
vt 0.853698 0.147300
vt 0.883389 0.161350
vt 0.916840 0.159567
vt 0.947930 0.161471
vt 0.947327 0.132767
vt 0.953376 0.149903
vt 0.961377 0.140238
vt 0.971499 0.130647
vt 0.956798 0.109607
vt 0.980368 0.112933
vt 0.985960 0.092038
vt 0.956702 0.078373
vt 0.987164 0.074638
vt 0.985116 0.055406
vt 0.940940 0.051285
vt 0.915587 0.035837
vt 0.894837 0.030969
vt 0.869074 0.014966
vt 0.854831 0.021545
vt 0.892403 0.011110
vt 0.911442 0.010700
vt 0.928698 0.011978
vt 0.945640 0.015545
vt 0.963884 0.022871
vt 0.978151 0.032318
vt 0.212202 0.817403
vt 0.208852 0.826609
vt 0.225529 0.836707
vt 0.233627 0.828103
vt 0.247195 0.850324
vt 0.229337 0.792990
vt 0.254570 0.836394
vt 0.246641 0.807160
vt 0.258088 0.786097
vt 0.239073 0.772794
vt 0.249436 0.755586
vt 0.270018 0.764865
vt 0.274693 0.799689
vt 0.285394 0.776963
vt 0.264571 0.821548
vt 0.287515 0.806703
vt 0.299444 0.781639
vt 0.292069 0.762455
vt 0.276260 0.749513
vt 0.255534 0.739897
vt 0.279802 0.732980
vt 0.261366 0.723774
vt 0.298191 0.748188
vt 0.306144 0.765781
vt 0.316362 0.788025
vt 0.318604 0.769323
vt 0.311494 0.748935
vt 0.301782 0.730908
vt 0.284261 0.714737
vt 0.270042 0.706085
vt 0.301541 0.717870
vt 0.296745 0.697674
vt 0.282743 0.685744
vt 0.291202 0.678900
vt 0.306602 0.690709
vt 0.315254 0.715146
vt 0.314121 0.731486
vt 0.324773 0.749610
vt 0.327472 0.732233
vt 0.329376 0.711700
vt 0.323882 0.689648
vt 0.309976 0.672851
vt 0.294022 0.668609
vt 0.299107 0.659090
vt 0.314531 0.658222
vt 0.301396 0.647039
vt 0.312193 0.645859
vt 0.327352 0.654318
vt 0.321688 0.642725
vt 0.333594 0.637351
vt 0.334148 0.644003
vt 0.349331 0.630531
vt 0.335980 0.652823
vt 0.354730 0.644244
vt 0.369696 0.633447
vt 0.364105 0.620361
vt 0.378516 0.622024
vt 0.379866 0.613588
vt 0.378155 0.628314
vt 0.387602 0.624144
vt 0.402110 0.610528
vt 0.381312 0.631736
vt 0.371985 0.640846
vt 0.358682 0.655643
vt 0.334269 0.668103
vt 0.337233 0.684828
vt 0.345572 0.669525
vt 0.358827 0.676201
vt 0.369069 0.661909
vt 0.381794 0.647329
vt 0.390880 0.633905
vt 0.410497 0.636170
vt 0.424765 0.618409
vt 0.416595 0.610022
vt 0.468723 0.608431
vt 0.465036 0.632555
vt 0.427006 0.644509
vt 0.442840 0.648510
vt 0.406400 0.641737
vt 0.398929 0.654655
vt 0.382951 0.670272
vt 0.373166 0.681406
vt 0.349934 0.696228
vt 0.344993 0.722810
vt 0.361695 0.706277
vt 0.380661 0.694107
vt 0.392181 0.675478
vt 0.400809 0.665934
vt 0.418378 0.662054
vt 0.424066 0.649594
vt 0.443611 0.654366
vt 0.461614 0.653426
vt 0.483135 0.658439
vt 0.516056 0.640846
vt 0.522298 0.632049
vt 0.540276 0.639641
vt 0.535336 0.650847
vt 0.498945 0.661716
vt 0.481617 0.662921
vt 0.460939 0.658415
vt 0.457276 0.672296
vt 0.438791 0.667500
vt 0.416257 0.668561
vt 0.435971 0.673333
vt 0.408111 0.675044
vt 0.419125 0.676755
vt 0.415365 0.684828
vt 0.399917 0.680659
vt 0.388928 0.696228
vt 0.405846 0.701915
vt 0.422668 0.706663
vt 0.430332 0.688877
vt 0.433706 0.680611
vt 0.452697 0.684877
vt 0.455516 0.678032
vt 0.476580 0.683045
vt 0.478315 0.676827
vt 0.493739 0.681382
vt 0.499041 0.667139
vt 0.514802 0.665813
vt 0.512899 0.671694
vt 0.510537 0.686997
vt 0.522756 0.674176
vt 0.535408 0.669332
vt 0.548470 0.656342
vt 0.561870 0.642581
vt 0.567341 0.657089
vt 0.577101 0.656631
vt 0.576595 0.642991
vt 0.596743 0.650004
vt 0.597008 0.659861
vt 0.602840 0.651064
vt 0.581367 0.671067
vt 0.558978 0.667814
vt 0.574980 0.670923
vt 0.540975 0.674248
vt 0.548904 0.680346
vt 0.536517 0.676803
vt 0.524587 0.689721
vt 0.540975 0.688709
vt 0.540782 0.677839
vt 0.546566 0.685045
vt 0.557291 0.689817
vt 0.566859 0.678080
vt 0.574691 0.685575
vt 0.585464 0.687913
vt 0.599587 0.670609
vt 0.603443 0.659957
vt 0.610504 0.652414
vt 0.614312 0.665235
vt 0.605997 0.668826
vt 0.603587 0.681792
vt 0.610046 0.677406
vt 0.599273 0.688419
vt 0.611348 0.690444
vt 0.591947 0.699553
vt 0.592815 0.690829
vt 0.579343 0.700084
vt 0.567485 0.697385
vt 0.562786 0.702470
vt 0.553435 0.694830
vt 0.546133 0.698662
vt 0.554278 0.710640
vt 0.569486 0.722304
vt 0.579632 0.710182
vt 0.587368 0.728136
vt 0.595128 0.717219
vt 0.570594 0.747922
vt 0.547988 0.738403
vt 0.534227 0.717580
vt 0.528202 0.703626
vt 0.518321 0.705338
vt 0.523141 0.720472
vt 0.522756 0.742211
vt 0.535601 0.770962
vt 0.557749 0.761684
vt 0.571558 0.765684
vt 0.582909 0.759394
vt 0.584813 0.745151
vt 0.604359 0.734716
vt 0.603852 0.747681
vt 0.600551 0.758671
vt 0.580042 0.784940
vt 0.588934 0.773252
vt 0.563075 0.780723
vt 0.547410 0.783157
vt 0.525455 0.794291
vt 0.515309 0.772601
vt 0.506705 0.744693
vt 0.510778 0.727871
vt 0.508681 0.708567
vt 0.502463 0.726570
vt 0.508127 0.704566
vt 0.500849 0.708374
vt 0.507404 0.695119
vt 0.496631 0.699553
vt 0.491739 0.687576
vt 0.485762 0.694637
vt 0.484268 0.704542
vt 0.483448 0.722907
vt 0.480460 0.739487
vt 0.499957 0.743078
vt 0.497523 0.766431
vt 0.498921 0.751923
vt 0.493763 0.750308
vt 0.488220 0.762286
vt 0.476893 0.753634
vt 0.472965 0.769950
vt 0.455299 0.752019
vt 0.462361 0.735824
vt 0.467518 0.718858
vt 0.472676 0.700590
vt 0.474652 0.690829
vt 0.450648 0.694854
vt 0.443948 0.713315
vt 0.438887 0.731245
vt 0.434164 0.748043
vt 0.451540 0.769323
vt 0.470410 0.783109
vt 0.483256 0.791929
vt 0.503066 0.785133
vt 0.502921 0.805184
vt 0.486196 0.811209
vt 0.463927 0.799786
vt 0.453444 0.786169
vt 0.429464 0.766094
vt 0.438694 0.786700
vt 0.410931 0.759105
vt 0.414715 0.740692
vt 0.417727 0.723822
vt 0.446671 0.802027
vt 0.446479 0.818319
vt 0.467229 0.818054
vt 0.489329 0.827911
vt 0.519550 0.821837
vt 0.540493 0.801087
vt 0.552736 0.806052
vt 0.534974 0.821958
vt 0.528058 0.849191
vt 0.510778 0.850685
vt 0.487039 0.855264
vt 0.468530 0.832972
vt 0.446768 0.832899
vt 0.429753 0.824296
vt 0.431802 0.818078
vt 0.432766 0.801545
vt 0.413052 0.814415
vt 0.416932 0.799135
vt 0.421945 0.783976
vt 0.405967 0.777084
vt 0.400327 0.792026
vt 0.392085 0.806895
vt 0.410714 0.821476
vt 0.389121 0.813571
vt 0.383698 0.833767
vt 0.405918 0.842539
vt 0.427150 0.847793
vt 0.448238 0.855722
vt 0.467398 0.857626
vt 0.502656 0.889077
vt 0.484918 0.892644
vt 0.462578 0.893752
vt 0.442358 0.892378
vt 0.420161 0.884474
vt 0.398230 0.873315
vt 0.373841 0.858421
vt 0.366225 0.826609
vt 0.375118 0.805811
vt 0.378444 0.798388
vt 0.388301 0.784000
vt 0.393989 0.769106
vt 0.389048 0.746356
vt 0.397194 0.732016
vt 0.400207 0.717050
vt 0.382734 0.710664
vt 0.383867 0.720424
vt 0.381674 0.734547
vt 0.379215 0.719846
vt 0.376106 0.709627
vt 0.371624 0.732884
vt 0.382638 0.757273
vt 0.377480 0.773878
vt 0.366611 0.788676
vt 0.362924 0.796653
vt 0.350825 0.814077
vt 0.342414 0.806413
vt 0.336582 0.837912
vt 0.352705 0.847697
vt 0.330027 0.859578
vt 0.345933 0.865555
vt 0.368804 0.878425
vt 0.340583 0.877991
vt 0.316507 0.854734
vt 0.320749 0.873050
vt 0.322845 0.830272
vt 0.330196 0.797352
vt 0.349524 0.780482
vt 0.356923 0.776023
vt 0.370106 0.763347
vt 0.364105 0.752212
vt 0.349283 0.760816
vt 0.338462 0.759611
vt 0.332582 0.778409
vt 0.307686 0.820271
vt 0.295106 0.847432
vt 0.297950 0.869724
vt 0.309229 0.888040
vt 0.327448 0.894379
vt 0.348632 0.905971
vt 0.362249 0.891607
vt 0.393772 0.893776
vt 0.416233 0.906116
vt 0.388566 0.910839
vt 0.378998 0.928577
vt 0.400014 0.941253
vt 0.411317 0.922986
vt 0.437995 0.913153
vt 0.462794 0.913394
vt 0.486075 0.911779
vt 0.460987 0.933180
vt 0.484991 0.932674
vt 0.432645 0.930939
vt 0.422210 0.950990
vt 0.458288 0.956412
vt 0.486557 0.953496
vt 0.506946 0.929613
vt 0.507018 0.907995
vt 0.520346 0.884522
vt 0.527961 0.900235
vt 0.545699 0.875388
vt 0.529263 0.925347
vt 0.511260 0.947423
vt 0.535071 0.940000
vt 0.550157 0.918527
vt 0.561388 0.932264
vt 0.584693 0.927974
vt 0.571558 0.912333
vt 0.549507 0.890475
vt 0.571414 0.866615
vt 0.574041 0.879870
vt 0.589947 0.906718
vt 0.594935 0.872568
vt 0.601876 0.916816
vt 0.615011 0.890185
vt 0.614673 0.942314
vt 0.638123 0.956051
vt 0.622217 0.929396
vt 0.631881 0.907923
vt 0.638629 0.895632
vt 0.620337 0.877774
vt 0.597345 0.859144
vt 0.583705 0.856060
vt 0.561581 0.847480
vt 0.574643 0.841816
vt 0.583777 0.846974
vt 0.591296 0.850806
vt 0.592092 0.845046
vt 0.599370 0.849697
vt 0.607660 0.848468
vt 0.626289 0.867001
vt 0.643786 0.885148
vt 0.661958 0.901561
vt 0.656511 0.911586
vt 0.649859 0.921515
vt 0.643859 0.941784
vt 0.659861 0.968342
vt 0.667139 0.954436
vt 0.687287 0.983164
vt 0.670200 0.935903
vt 0.675261 0.927685
vt 0.680442 0.919371
vt 0.679117 0.891439
vt 0.662126 0.882281
vt 0.644895 0.866133
vt 0.642533 0.834538
vt 0.611588 0.833309
vt 0.605226 0.841142
vt 0.599466 0.838900
vt 0.602599 0.828417
vt 0.593128 0.838177
vt 0.594261 0.829718
vt 0.586597 0.836081
vt 0.581367 0.836635
vt 0.586283 0.825934
vt 0.595466 0.823332
vt 0.605901 0.821042
vt 0.612408 0.808269
vt 0.640268 0.808197
vt 0.658367 0.827453
vt 0.661090 0.862591
vt 0.676707 0.883847
vt 0.677093 0.864398
vt 0.677237 0.844467
vt 0.688661 0.865844
vt 0.688034 0.882594
vt 0.690613 0.890113
vt 0.715749 0.883341
vt 0.716424 0.867796
vt 0.715556 0.846853
vt 0.688468 0.842732
vt 0.675454 0.829333
vt 0.686829 0.827814
vt 0.672176 0.812728
vt 0.653137 0.803570
vt 0.634291 0.787664
vt 0.618553 0.793713
vt 0.627085 0.772071
vt 0.645256 0.777180
vt 0.661355 0.775758
vt 0.669164 0.800051
vt 0.682925 0.810366
vt 0.712279 0.821645
vt 0.728667 0.845648
vt 0.728474 0.872906
vt 0.713652 0.900307
vt 0.727920 0.887558
vt 0.724112 0.903416
vt 0.713628 0.910478
vt 0.701169 0.901079
vt 0.695987 0.907682
vt 0.699216 0.931734
vt 0.708399 0.918431
vt 0.721292 0.916816
vt 0.733607 0.905995
vt 0.737680 0.876521
vt 0.737295 0.891053
vt 0.745995 0.908236
vt 0.746718 0.891583
vt 0.737728 0.849769
vt 0.747971 0.875990
vt 0.762286 0.906766
vt 0.762648 0.891680
vt 0.741777 0.925878
vt 0.751441 0.915852
vt 0.729125 0.925588
vt 0.723365 0.932047
vt 0.709339 0.938506
vt 0.695987 0.941109
vt 0.695698 0.952677
vt 0.713146 0.949038
vt 0.733463 0.938410
vt 0.765251 0.945784
vt 0.763443 0.932867
vt 0.763732 0.915249
vt 0.781615 0.905874
vt 0.781687 0.891005
vt 0.762576 0.874593
vt 0.748140 0.849745
vt 0.781518 0.874038
vt 0.761539 0.848540
vt 0.747465 0.824946
vt 0.780651 0.848227
vt 0.760913 0.824079
vt 0.748164 0.810727
vt 0.736789 0.824151
vt 0.727823 0.819789
vt 0.736644 0.809354
vt 0.730450 0.802437
vt 0.716858 0.795183
vt 0.704519 0.800461
vt 0.679454 0.798171
vt 0.697987 0.785784
vt 0.675189 0.784530
vt 0.688757 0.772673
vt 0.672297 0.774915
vt 0.703289 0.767612
vt 0.712327 0.780530
vt 0.725630 0.786844
vt 0.720160 0.772408
vt 0.736764 0.785326
vt 0.728233 0.770504
vt 0.740114 0.800147
vt 0.743392 0.805377
vt 0.746260 0.806221
vt 0.746477 0.802003
vt 0.751610 0.790411
vt 0.750381 0.783181
vt 0.742910 0.774890
vt 0.763901 0.775565
vt 0.763925 0.783398
vt 0.765877 0.790363
vt 0.754189 0.795496
vt 0.749827 0.805618
vt 0.761588 0.805739
vt 0.780289 0.824320
vt 0.780482 0.806028
vt 0.765829 0.795544
vt 0.780169 0.795472
vt 0.780024 0.790387
vt 0.780048 0.783735
vt 0.764986 0.762214
vt 0.780819 0.776192
vt 0.750357 0.761418
vt 0.733029 0.761322
vt 0.741343 0.750790
vt 0.758358 0.752767
vt 0.779855 0.754550
vt 0.780675 0.763154
vt 0.796412 0.763949
vt 0.797617 0.777349
vt 0.796268 0.784868
vt 0.794147 0.791568
vt 0.794436 0.796725
vt 0.799063 0.807691
vt 0.799352 0.825959
vt 0.799521 0.850131
vt 0.800268 0.875966
vt 0.800582 0.892909
vt 0.812656 0.877581
vt 0.811427 0.851505
vt 0.811258 0.827188
vt 0.811740 0.812583
vt 0.822537 0.827911
vt 0.822440 0.852806
vt 0.823549 0.879172
vt 0.814198 0.893222
vt 0.800871 0.907803
vt 0.813812 0.909417
vt 0.824947 0.893897
vt 0.832586 0.880063
vt 0.831357 0.851722
vt 0.832370 0.820175
vt 0.823934 0.812752
vt 0.809643 0.808124
vt 0.813282 0.808944
vt 0.816921 0.807835
vt 0.813089 0.805016
vt 0.819572 0.803762
vt 0.828321 0.807450
vt 0.823356 0.789760
vt 0.808342 0.793182
vt 0.805353 0.798099
vt 0.809836 0.786266
vt 0.818126 0.779180
vt 0.832418 0.776240
vt 0.834563 0.792821
vt 0.843745 0.799762
vt 0.848179 0.828152
vt 0.854301 0.810149
vt 0.862085 0.794653
vt 0.850517 0.787471
vt 0.841118 0.778674
vt 0.858301 0.778337
vt 0.847962 0.767757
vt 0.840467 0.763684
vt 0.828899 0.767251
vt 0.811378 0.765034
vt 0.802534 0.755080
vt 0.821163 0.755851
vt 0.838708 0.756333
vt 0.856132 0.752044
vt 0.860591 0.758430
vt 0.871990 0.767443
vt 0.869893 0.785181
vt 0.886523 0.795544
vt 0.879991 0.811137
vt 0.874063 0.833743
vt 0.887631 0.813643
vt 0.896355 0.796388
vt 0.890788 0.786386
vt 0.883751 0.773902
vt 0.876714 0.759177
vt 0.861916 0.752791
vt 0.871942 0.737800
vt 0.850686 0.742837
vt 0.832104 0.746693
vt 0.823091 0.741849
vt 0.840853 0.731173
vt 0.865363 0.726377
vt 0.845143 0.725630
vt 0.829020 0.728787
vt 0.804751 0.741921
vt 0.781735 0.741777
vt 0.782916 0.730450
vt 0.760021 0.738282
vt 0.739247 0.735896
vt 0.736668 0.721436
vt 0.756768 0.727196
vt 0.784025 0.712760
vt 0.807643 0.731101
vt 0.808462 0.714134
vt 0.827164 0.713965
vt 0.807763 0.701120
vt 0.785350 0.699602
vt 0.758165 0.709651
vt 0.759828 0.696300
vt 0.739030 0.706543
vt 0.785374 0.686226
vt 0.807595 0.688275
vt 0.825308 0.700566
vt 0.839503 0.711676
vt 0.823862 0.687576
vt 0.835936 0.698300
vt 0.852517 0.696830
vt 0.834539 0.685045
vt 0.823211 0.672224
vt 0.787784 0.669043
vt 0.762552 0.683527
vt 0.743103 0.692010
vt 0.749875 0.662391
vt 0.746477 0.678586
vt 0.788869 0.654679
vt 0.823428 0.658439
vt 0.833960 0.671983
vt 0.850155 0.683093
vt 0.849481 0.670489
vt 0.860446 0.682322
vt 0.863049 0.695143
vt 0.856421 0.710206
vt 0.861000 0.721292
vt 0.867532 0.707940
vt 0.874834 0.720617
vt 0.885944 0.698831
vt 0.881823 0.689359
vt 0.879365 0.679430
vt 0.878377 0.669308
vt 0.859386 0.669453
vt 0.834587 0.656800
vt 0.850276 0.657186
vt 0.860157 0.656728
vt 0.878593 0.659090
vt 0.884522 0.669019
vt 0.885607 0.678104
vt 0.887944 0.686925
vt 0.891800 0.695071
vt 0.891945 0.707314
vt 0.883028 0.726907
vt 0.879341 0.729847
vt 0.894210 0.733848
vt 0.883100 0.741126
vt 0.873316 0.742548
vt 0.884064 0.747296
vt 0.894765 0.744235
vt 0.898235 0.757008
vt 0.893343 0.768817
vt 0.901175 0.785639
vt 0.912599 0.764696
vt 0.908863 0.747513
vt 0.909610 0.737463
vt 0.906212 0.732354
vt 0.893126 0.729028
vt 0.900259 0.714351
vt 0.899705 0.721557
vt 0.910502 0.718978
vt 0.908309 0.725823
vt 0.917829 0.732065
vt 0.923998 0.740042
vt 0.924046 0.754863
vt 0.927107 0.766311
vt 0.920431 0.777855
vt 0.922986 0.789037
vt 0.912888 0.807233
vt 0.911273 0.829766
vt 0.927131 0.810053
vt 0.944218 0.785904
vt 0.943447 0.774890
vt 0.941808 0.765275
vt 0.938555 0.754454
vt 0.937928 0.740451
vt 0.933421 0.728691
vt 0.930698 0.719533
vt 0.917346 0.726522
vt 0.920817 0.721051
vt 0.904115 0.708133
vt 0.912478 0.711989
vt 0.921178 0.713700
vt 0.915756 0.702976
vt 0.929541 0.704229
vt 0.930047 0.713170
vt 0.946411 0.723148
vt 0.940989 0.718641
vt 0.947447 0.726570
vt 0.948701 0.735535
vt 0.953641 0.750501
vt 0.956268 0.762672
vt 0.961233 0.773565
vt 0.960630 0.784796
vt 0.947954 0.810968
vt 0.966053 0.810607
vt 0.949544 0.830489
vt 0.971861 0.831719
vt 0.928216 0.830345
vt 0.910357 0.849673
vt 0.930120 0.849312
vt 0.951207 0.848709
vt 0.977332 0.848950
vt 0.952918 0.864181
vt 0.981067 0.865507
vt 0.980730 0.885462
vt 0.952581 0.883606
vt 0.932650 0.864446
vt 0.911080 0.870279
vt 0.932770 0.886426
vt 0.918431 0.892234
vt 0.933493 0.897223
vt 0.955304 0.900500
vt 0.983525 0.908212
vt 0.977332 0.937976
vt 0.949255 0.934313
vt 0.928432 0.932626
vt 0.908863 0.923395
vt 0.902862 0.932481
vt 0.929035 0.942242
vt 0.948267 0.944796
vt 0.976416 0.948508
vt 0.958100 0.990201
vt 0.922793 0.986393
vt 0.905441 0.946339
vt 0.873798 0.987598
vt 0.896596 0.933975
vt 0.882329 0.949206
vt 0.862495 0.952629
vt 0.878280 0.936096
vt 0.885342 0.926119
vt 0.885607 0.919780
vt 0.888209 0.907658
vt 0.877461 0.915852
vt 0.885390 0.900356
vt 0.885125 0.888257
vt 0.871243 0.899199
vt 0.874882 0.923950
vt 0.865796 0.912936
vt 0.861217 0.938699
vt 0.844805 0.954099
vt 0.823236 0.993406
vt 0.842467 0.940555
vt 0.824320 0.953713
vt 0.801714 0.956364
vt 0.775493 0.982778
vt 0.822223 0.940289
vt 0.841021 0.929878
vt 0.859868 0.928794
vt 0.851674 0.920142
vt 0.848276 0.906260
vt 0.834635 0.922552
vt 0.820826 0.928071
vt 0.801546 0.941735
vt 0.785663 0.942121
vt 0.775831 0.958822
vt 0.768625 0.959666
vt 0.763516 0.963715
vt 0.762744 0.950797
vt 0.754719 0.966703
vt 0.759033 0.995069
vt 0.737849 0.975837
vt 0.738909 1.000010
vt 0.739970 0.951110
vt 0.719629 0.962052
vt 0.693673 0.969523
vt 0.714785 0.997093
vt 0.721726 0.981766
vt 0.800196 0.933445
vt 0.782506 0.933228
vt 0.781808 0.914695
vt 0.798870 0.915587
vt 0.810896 0.915924
vt 0.825019 0.921708
vt 0.828465 0.906597
vt 0.834201 0.893391
vt 0.836467 0.904935
vt 0.846010 0.889004
vt 0.844588 0.871074
vt 0.845263 0.849866
vt 0.872520 0.852613
vt 0.871388 0.872978
vt 0.871484 0.887076
vt 0.884522 0.874111
vt 0.884691 0.853987
vt 0.884980 0.835093
vt 0.957425 0.728112
vt 0.956823 0.721918
vt 0.965065 0.722545
vt 0.953641 0.720015
vt 0.950050 0.714327
vt 0.960944 0.714158
vt 0.965860 0.716592
vt 0.973644 0.718279
vt 0.958268 0.707964
vt 0.946411 0.708447
vt 0.953207 0.703289
vt 0.942362 0.700301
vt 0.938555 0.711796
vt 0.927902 0.686564
vt 0.920961 0.685792
vt 0.914864 0.681744
vt 0.923516 0.677357
vt 0.926938 0.666295
vt 0.934650 0.684732
vt 0.931252 0.676851
vt 0.951858 0.691360
vt 0.958389 0.696565
vt 0.963836 0.699626
vt 0.962173 0.688950
vt 0.957160 0.679791
vt 0.939952 0.680201
vt 0.943688 0.673959
vt 0.936651 0.670658
vt 0.964221 0.680442
vt 0.967884 0.690540
vt 0.970102 0.681117
vt 0.985646 0.694685
vt 0.989406 0.681840
vt 1.000010 0.688275
vt 0.993551 0.699168
vt 0.980368 0.706808
vt 0.986321 0.710929
vt 0.903826 0.695625
vt 0.917539 0.671501
vt 0.910478 0.675478
vt 0.895946 0.683406
vt 0.908622 0.667597
vt 0.892716 0.668778
vt 0.916816 0.662367
vt 0.909201 0.659499
vt 0.912382 0.652197
vt 0.921901 0.655282
vt 0.917563 0.646895
vt 0.898765 0.640075
vt 0.907393 0.630073
vt 0.893825 0.653691
vt 0.884739 0.659788
vt 0.879967 0.648943
vt 0.885992 0.650679
vt 0.888402 0.641906
vt 0.882522 0.639062
vt 0.864977 0.631423
vt 0.862061 0.644003
vt 0.853433 0.641906
vt 0.856325 0.628675
vt 0.860422 0.614794
vt 0.869219 0.619107
vt 0.886209 0.629615
vt 0.891849 0.633712
vt 0.896500 0.626386
vt 0.902525 0.620361
vt 0.897295 0.613854
vt 0.891101 0.620963
vt 0.874713 0.606985
vt 0.865652 0.600116
vt 0.844010 0.610166
vt 0.840443 0.624000
vt 0.837623 0.639906
vt 0.826634 0.642171
vt 0.831622 0.615830
vt 0.849240 0.589922
vt 0.837334 0.591971
vt 0.872761 0.582837
vt 0.882040 0.595393
vt 0.857626 0.569509
vt 0.847528 0.562207
vt 0.807113 0.549386
vt 0.804703 0.562472
vt 0.760166 0.549964
vt 0.800003 0.582957
vt 0.758840 0.579824
vt 0.746645 0.577776
vt 0.746814 0.554881
vt 0.728137 0.563557
vt 0.727558 0.582499
vt 0.713628 0.573631
vt 0.728787 0.597779
vt 0.717219 0.587078
vt 0.696662 0.598430
vt 0.692685 0.589826
vt 0.689649 0.603081
vt 0.685528 0.595586
vt 0.677430 0.604599
vt 0.683142 0.616746
vt 0.662343 0.620385
vt 0.692083 0.611612
vt 0.698927 0.608286
vt 0.718882 0.600623
vt 0.699891 0.618746
vt 0.719388 0.614119
vt 0.728715 0.612456
vt 0.747031 0.595658
vt 0.756960 0.604382
vt 0.746236 0.611010
vt 0.744236 0.626313
vt 0.727823 0.626795
vt 0.718641 0.627735
vt 0.699650 0.629470
vt 0.693143 0.630338
vt 0.693167 0.620746
vt 0.684395 0.631905
vt 0.666296 0.627181
vt 0.646437 0.641280
vt 0.656463 0.634074
vt 0.667477 0.635568
vt 0.681840 0.647955
vt 0.692035 0.640075
vt 0.698373 0.640364
vt 0.717267 0.641207
vt 0.726787 0.641472
vt 0.742380 0.644051
vt 0.754309 0.631543
vt 0.796051 0.608070
vt 0.791881 0.636122
vt 0.751899 0.648341
vt 0.739946 0.659330
vt 0.724112 0.655185
vt 0.714978 0.654631
vt 0.696084 0.651112
vt 0.689986 0.649811
vt 0.686805 0.659282
vt 0.692806 0.661668
vt 0.711074 0.667765
vt 0.721123 0.669549
vt 0.736210 0.675140
vt 0.732667 0.688371
vt 0.716352 0.683238
vt 0.706181 0.680755
vt 0.688371 0.671863
vt 0.699602 0.693721
vt 0.709869 0.696228
vt 0.727968 0.703361
vt 0.723534 0.716424
vt 0.704036 0.709242
vt 0.690613 0.706326
vt 0.682491 0.681406
vt 0.682660 0.668320
vt 0.675454 0.663114
vt 0.677189 0.676562
vt 0.675020 0.689745
vt 0.682563 0.712351
vt 0.699843 0.713797
vt 0.723847 0.722232
vt 0.731318 0.739632
vt 0.713195 0.733173
vt 0.723895 0.748935
vt 0.721220 0.756285
vt 0.707025 0.742138
vt 0.692203 0.725124
vt 0.685166 0.715918
vt 0.669646 0.718810
vt 0.681165 0.727365
vt 0.691023 0.728546
vt 0.701771 0.741825
vt 0.701892 0.748356
vt 0.713002 0.759635
vt 0.689866 0.756502
vt 0.684419 0.747224
vt 0.678924 0.733053
vt 0.668465 0.730064
vt 0.668127 0.742018
vt 0.668248 0.754670
vt 0.676900 0.760816
vt 0.654173 0.763033
vt 0.654438 0.747224
vt 0.653908 0.732498
vt 0.653643 0.721244
vt 0.638075 0.733245
vt 0.644341 0.749200
vt 0.635038 0.761684
vt 0.619590 0.753369
vt 0.622530 0.741560
vt 0.622193 0.731390
vt 0.638291 0.722425
vt 0.645859 0.714664
vt 0.658246 0.716086
vt 0.671815 0.713604
vt 0.665476 0.696276
vt 0.664922 0.704012
vt 0.656294 0.707242
vt 0.654173 0.700180
vt 0.646534 0.707940
vt 0.628651 0.710182
vt 0.623614 0.721195
vt 0.607684 0.725630
vt 0.615806 0.764383
vt 0.615276 0.775397
vt 0.601225 0.767901
vt 0.593248 0.781084
vt 0.601780 0.777927
vt 0.609516 0.782723
vt 0.601298 0.784482
vt 0.593682 0.791375
vt 0.587705 0.791761
vt 0.582451 0.809113
vt 0.590670 0.801883
vt 0.599273 0.799424
vt 0.600334 0.793303
vt 0.606503 0.793110
vt 0.611805 0.794436
vt 0.606455 0.802316
vt 0.598237 0.806004
vt 0.597683 0.811764
vt 0.596285 0.817692
vt 0.584958 0.819283
vt 0.577366 0.826320
vt 0.564352 0.806751
vt 0.559846 0.827356
vt 0.547627 0.827597
vt 0.540975 0.857481
vt 0.897126 0.702349
vt 0.666151 0.644653
vt 0.656487 0.642918
vt 0.662271 0.652944
vt 0.665187 0.675309
vt 0.670489 0.683672
vt 0.662271 0.689094
vt 0.652920 0.692372
vt 0.651402 0.682129
vt 0.656366 0.659644
vt 0.651450 0.650510
vt 0.648896 0.663259
vt 0.636460 0.682274
vt 0.643328 0.693504
vt 0.642895 0.701602
vt 0.631953 0.699433
vt 0.633736 0.692107
vt 0.624627 0.689191
vt 0.621012 0.696421
vt 0.616095 0.700108
vt 0.613155 0.705410
vt 0.611299 0.715556
vt 0.600767 0.707651
vt 0.602551 0.699626
vt 0.606142 0.696854
vt 0.616505 0.684322
vt 0.623060 0.676273
vt 0.634050 0.660849
vt 0.641015 0.663693
vt 0.643714 0.652582
vt 0.637520 0.648534
vt 0.628844 0.655402
vt 0.625832 0.648558
vt 0.266957 0.843238
vt 0.281321 0.880979
vt 0.287394 0.862446
vt 0.276573 0.830586
vt 0.342222 0.742789
vt 0.354368 0.740210
vt 0.353621 0.727341
s 1
usemtl models_monsters_darklord_mech_darklord_mech_arm
f 909/1/1 911/2/2 910/3/3
f 912/4/4 909/1/1 910/3/3
f 912/4/4 913/5/5 909/1/1
f 912/4/4 914/6/6 913/5/5
f 914/6/6 912/4/4 441/7/7
f 915/8/8 914/6/6 441/7/7
f 441/7/7 1005/9/9 915/8/8
f 441/7/7 1004/10/10 1005/9/9
f 1003/11/11 1004/10/10 441/7/7
f 442/12/12 1003/11/11 441/7/7
f 441/7/7 443/13/13 442/12/12
f 912/4/4 443/13/13 441/7/7
f 910/3/3 443/13/13 912/4/4
f 931/14/14 443/13/13 910/3/3
f 930/15/15 443/13/13 931/14/14
f 929/16/16 443/13/13 930/15/15
f 928/17/17 924/18/18 929/16/16
f 924/18/18 443/13/13 929/16/16
f 928/17/17 927/19/19 924/18/18
f 926/20/20 924/18/18 927/19/19
f 921/21/21 924/18/18 926/20/20
f 924/18/18 921/21/21 922/22/22
f 922/22/22 443/13/13 924/18/18
f 921/21/21 923/23/23 922/22/22
f 922/22/22 923/23/23 925/24/24
f 447/25/25 922/22/22 925/24/24
f 447/25/25 443/13/13 922/22/22
f 925/24/24 999/26/26 447/25/25
f 991/27/27 447/25/25 999/26/26
f 447/25/25 991/27/27 446/28/28
f 446/28/28 443/13/13 447/25/25
f 445/29/29 443/13/13 446/28/28
f 444/30/30 443/13/13 445/29/29
f 442/12/12 443/13/13 444/30/30
f 444/30/30 1001/31/31 442/12/12
f 442/12/12 1002/32/32 1003/11/11
f 1001/31/31 1002/32/32 442/12/12
f 444/30/30 1000/33/33 1001/31/31
f 995/34/34 1000/33/33 444/30/30
f 445/29/29 995/34/34 444/30/30
f 995/34/34 445/29/29 994/35/35
f 993/36/36 445/29/29 446/28/28
f 445/29/29 993/36/36 994/35/35
f 446/28/28 991/27/27 992/37/37
f 992/37/37 993/36/36 446/28/28
f 991/27/27 990/38/38 992/37/37
f 902/39/39 1007/40/2 1006/41/40
f 752/42/41 902/39/39 1006/41/40
f 1006/41/40 851/43/42 752/42/41
f 752/42/41 753/44/43 902/39/39
f 851/43/42 757/45/44 752/42/41
f 752/42/41 751/46/45 753/44/43
f 751/46/45 752/42/41 757/45/44
f 751/46/45 755/47/46 753/44/43
f 755/47/46 762/48/47 753/44/43
f 762/48/47 755/47/46 822/49/48
f 755/47/46 823/50/49 822/49/48
f 751/46/45 754/51/50 755/47/46
f 755/47/46 824/52/51 823/50/49
f 754/51/50 824/52/51 755/47/46
f 751/46/45 756/53/52 754/51/50
f 754/51/50 760/54/53 824/52/51
f 760/54/53 754/51/50 756/53/52
f 760/54/53 916/55/54 824/52/51
f 824/52/51 832/56/55 823/50/49
f 824/52/51 916/55/54 832/56/55
f 832/56/55 830/57/56 823/50/49
f 823/50/49 830/57/56 822/49/48
f 830/57/56 831/58/57 822/49/48
f 830/57/56 838/59/58 831/58/57
f 838/59/58 839/60/59 831/58/57
f 830/57/56 833/61/60 838/59/58
f 830/57/56 832/56/55 833/61/60
f 916/55/54 917/62/61 832/56/55
f 832/56/55 917/62/61 833/61/60
f 916/55/54 775/63/62 776/64/63
f 776/64/63 917/62/61 916/55/54
f 775/63/62 916/55/54 760/54/53
f 917/62/61 918/65/64 833/61/60
f 917/62/61 776/64/63 918/65/64
f 833/61/60 918/65/64 840/66/65
f 833/61/60 840/66/65 838/59/58
f 838/59/58 844/67/66 839/60/59
f 838/59/58 840/66/65 844/67/66
f 844/67/66 845/68/67 839/60/59
f 840/66/65 853/69/68 844/67/66
f 844/67/66 854/70/69 845/68/67
f 844/67/66 853/69/68 854/70/69
f 854/70/69 856/71/70 845/68/67
f 595/72/71 856/71/70 854/70/69
f 596/73/72 595/72/71 854/70/69
f 920/74/73 596/73/72 854/70/69
f 853/69/68 920/74/73 854/70/69
f 840/66/65 919/75/74 853/69/68
f 919/75/74 920/74/73 853/69/68
f 840/66/65 918/65/64 919/75/74
f 776/64/63 779/76/75 918/65/64
f 918/65/64 779/76/75 919/75/74
f 779/76/75 781/77/76 919/75/74
f 919/75/74 781/77/76 920/74/73
f 781/77/76 773/78/77 920/74/73
f 767/79/78 596/73/72 920/74/73
f 773/78/77 767/79/78 920/74/73
f 596/73/72 592/80/79 595/72/71
f 596/73/72 767/79/78 592/80/79
f 592/80/79 593/81/80 595/72/71
f 591/82/81 593/81/80 592/80/79
f 594/83/82 591/82/81 592/80/79
f 591/82/81 594/83/82 727/84/83
f 594/83/82 438/85/84 727/84/83
f 594/83/82 108/86/76 438/85/84
f 108/86/76 110/87/85 438/85/84
f 110/87/85 108/86/76 109/88/86
f 107/89/87 109/88/86 108/86/76
f 107/89/87 113/90/88 109/88/86
f 108/86/76 436/91/89 107/89/87
f 113/90/88 107/89/87 435/92/90
f 107/89/87 436/91/89 435/92/90
f 113/90/88 435/92/90 44/93/91
f 45/94/92 113/90/88 44/93/91
f 44/93/91 46/95/93 45/94/92
f 46/95/93 47/96/94 45/94/92
f 44/93/91 48/97/95 46/95/93
f 46/95/93 52/98/96 47/96/94
f 46/95/93 48/97/95 52/98/96
f 52/98/96 56/99/97 47/96/94
f 48/97/95 437/100/98 52/98/96
f 48/97/95 44/93/91 437/100/98
f 44/93/91 435/92/90 407/101/99
f 44/93/91 407/101/99 437/100/98
f 435/92/90 436/91/89 408/102/100
f 435/92/90 408/102/100 407/101/99
f 436/91/89 108/86/76 597/103/101
f 436/91/89 597/103/101 408/102/100
f 108/86/76 594/83/82 597/103/101
f 594/83/82 592/80/79 597/103/101
f 767/79/78 597/103/101 592/80/79
f 773/78/77 771/104/102 767/79/78
f 767/79/78 771/104/102 597/103/101
f 771/104/102 772/105/103 597/103/101
f 408/102/100 597/103/101 772/105/103
f 771/104/102 769/106/104 772/105/103
f 772/105/103 769/106/104 408/102/100
f 407/101/99 408/102/100 406/107/105
f 769/106/104 406/107/105 408/102/100
f 406/107/105 405/108/106 407/101/99
f 437/100/98 407/101/99 405/108/106
f 51/109/107 437/100/98 405/108/106
f 437/100/98 51/109/107 52/98/96
f 41/110/108 52/98/96 51/109/107
f 56/99/97 52/98/96 41/110/108
f 22/111/109 56/99/97 41/110/108
f 22/111/109 25/112/110 56/99/97
f 23/113/111 25/112/110 22/111/109
f 22/111/109 24/114/112 23/113/111
f 22/111/109 42/115/113 28/116/114
f 22/111/109 28/116/114 24/114/112
f 22/111/109 41/110/108 42/115/113
f 41/110/108 43/117/115 42/115/113
f 43/117/115 41/110/108 51/109/107
f 43/117/115 51/109/107 183/118/116
f 51/109/107 405/108/106 183/118/116
f 623/119/117 183/118/116 405/108/106
f 406/107/105 623/119/117 405/108/106
f 406/107/105 769/106/104 621/120/118
f 623/119/117 406/107/105 621/120/118
f 769/106/104 768/121/119 621/120/118
f 771/104/102 768/121/119 769/106/104
f 771/104/102 773/78/77 768/121/119
f 773/78/77 781/77/76 782/122/120
f 773/78/77 782/122/120 768/121/119
f 616/123/121 621/120/118 768/121/119
f 616/123/121 768/121/119 782/122/120
f 616/123/121 620/124/122 621/120/118
f 620/124/122 622/125/123 621/120/118
f 622/125/123 623/119/117 621/120/118
f 622/125/123 182/126/124 623/119/117
f 182/126/124 183/118/116 623/119/117
f 177/127/125 183/118/116 182/126/124
f 43/117/115 183/118/116 177/127/125
f 49/128/126 43/117/115 177/127/125
f 42/115/113 43/117/115 49/128/126
f 42/115/113 49/128/126 28/116/114
f 49/128/126 50/129/127 28/116/114
f 27/130/128 24/114/112 28/116/114
f 28/116/114 50/129/127 27/130/128
f 27/130/128 26/131/129 24/114/112
f 26/131/129 20/132/130 24/114/112
f 20/132/130 23/113/111 24/114/112
f 29/133/131 23/113/111 20/132/130
f 8/134/132 29/133/131 20/132/130
f 8/134/132 20/132/130 18/135/133
f 19/136/134 18/135/133 20/132/130
f 26/131/129 19/136/134 20/132/130
f 26/131/129 39/137/135 19/136/134
f 26/131/129 40/138/136 39/137/135
f 27/130/128 40/138/136 26/131/129
f 27/130/128 50/129/127 40/138/136
f 40/138/136 50/129/127 179/139/137
f 50/129/127 49/128/126 178/140/138
f 50/129/127 178/140/138 179/139/137
f 49/128/126 177/127/125 178/140/138
f 174/141/139 173/142/140 177/127/125
f 173/142/140 178/140/138 177/127/125
f 174/141/139 177/127/125 182/126/124
f 174/141/139 182/126/124 650/143/141
f 182/126/124 622/125/123 650/143/141
f 650/143/141 172/144/142 174/141/139
f 173/142/140 174/141/139 172/144/142
f 650/143/141 666/145/143 172/144/142
f 622/125/123 641/146/144 650/143/141
f 650/143/141 641/146/144 666/145/143
f 620/124/122 642/147/145 622/125/123
f 641/146/144 622/125/123 642/147/145
f 641/146/144 642/147/145 671/148/146
f 666/145/143 641/146/144 671/148/146
f 666/145/143 671/148/146 661/149/147
f 668/150/148 666/145/143 661/149/147
f 666/145/143 668/150/148 172/144/142
f 171/151/149 173/142/140 172/144/142
f 668/150/148 171/151/149 172/144/142
f 171/151/149 175/152/150 173/142/140
f 173/142/140 176/153/151 178/140/138
f 175/152/150 176/153/151 173/142/140
f 176/153/151 179/139/137 178/140/138
f 176/153/151 169/154/152 179/139/137
f 40/138/136 179/139/137 180/155/153
f 169/154/152 180/155/153 179/139/137
f 180/155/153 39/137/135 40/138/136
f 39/137/135 180/155/153 181/156/154
f 53/157/155 39/137/135 181/156/154
f 19/136/134 39/137/135 53/157/155
f 19/136/134 21/158/156 18/135/133
f 19/136/134 53/157/155 21/158/156
f 21/158/156 53/157/155 55/159/157
f 53/157/155 181/156/154 61/160/158
f 55/159/157 53/157/155 61/160/158
f 54/161/159 55/159/157 61/160/158
f 21/158/156 55/159/157 54/161/159
f 21/158/156 54/161/159 17/162/160
f 18/135/133 21/158/156 17/162/160
f 6/163/161 18/135/133 17/162/160
f 18/135/133 6/163/161 8/134/132
f 7/164/162 8/134/132 6/163/161
f 5/165/163 7/164/162 6/163/161
f 5/165/163 205/166/164 7/164/162
f 205/166/164 206/167/165 7/164/162
f 206/167/165 205/166/164 394/168/166
f 205/166/164 395/169/167 394/168/166
f 394/168/166 395/169/167 404/170/168
f 205/166/164 5/165/163 100/171/169
f 205/166/164 100/171/169 395/169/167
f 5/165/163 1/172/170 2/173/171
f 2/173/171 100/171/169 5/165/163
f 5/165/163 6/163/161 1/172/170
f 13/174/172 14/175/173 6/163/161
f 14/175/173 1/172/170 6/163/161
f 13/174/172 6/163/161 17/162/160
f 13/174/172 17/162/160 16/176/174
f 54/161/159 16/176/174 17/162/160
f 16/176/174 54/161/159 409/177/175
f 409/177/175 54/161/159 61/160/158
f 409/177/175 422/178/176 16/176/174
f 15/179/177 13/174/172 16/176/174
f 16/176/174 422/178/176 15/179/177
f 13/174/172 15/179/177 14/175/173
f 422/178/176 57/180/178 15/179/177
f 15/179/177 57/180/178 14/175/173
f 1/172/170 14/175/173 32/181/179
f 14/175/173 57/180/178 32/181/179
f 32/181/179 3/182/180 1/172/170
f 1/172/170 3/182/180 2/173/171
f 3/182/180 4/183/181 2/173/171
f 100/171/169 2/173/171 31/184/182
f 4/183/181 31/184/182 2/173/171
f 100/171/169 31/184/182 101/185/183
f 100/171/169 101/185/183 395/169/167
f 395/169/167 101/185/183 318/186/184
f 395/169/167 318/186/184 404/170/168
f 316/187/185 404/170/168 318/186/184
f 316/187/185 318/186/184 312/188/186
f 317/189/187 312/188/186 318/186/184
f 101/185/183 317/189/187 318/186/184
f 31/184/182 98/190/188 101/185/183
f 101/185/183 98/190/188 317/189/187
f 317/189/187 314/191/189 312/188/186
f 98/190/188 314/191/189 317/189/187
f 99/192/190 157/193/191 98/190/188
f 98/190/188 157/193/191 314/191/189
f 98/190/188 31/184/182 99/192/190
f 30/194/192 97/195/193 31/184/182
f 97/195/193 99/192/190 31/184/182
f 30/194/192 31/184/182 10/196/194
f 31/184/182 4/183/181 10/196/194
f 9/197/195 10/196/194 4/183/181
f 4/183/181 3/182/180 9/197/195
f 3/182/180 32/181/179 9/197/195
f 9/197/195 11/198/196 10/196/194
f 11/198/196 9/197/195 32/181/179
f 58/199/197 11/198/196 32/181/179
f 57/180/178 58/199/197 32/181/179
f 58/199/197 57/180/178 424/200/198
f 57/180/178 422/178/176 424/200/198
f 58/199/197 424/200/198 439/201/199
f 11/198/196 58/199/197 439/201/199
f 439/201/199 581/202/200 11/198/196
f 11/198/196 12/203/201 10/196/194
f 581/202/200 12/203/201 11/198/196
f 12/203/201 30/194/192 10/196/194
f 580/204/202 579/205/203 12/203/201
f 30/194/192 12/203/201 579/205/203
f 12/203/201 581/202/200 580/204/202
f 581/202/200 639/206/204 580/204/202
f 439/201/199 956/207/205 581/202/200
f 639/206/204 581/202/200 956/207/205
f 439/201/199 770/208/206 956/207/205
f 770/208/206 439/201/199 424/200/198
f 410/209/207 770/208/206 424/200/198
f 410/209/207 424/200/198 422/178/176
f 409/177/175 410/209/207 422/178/176
f 61/160/158 59/210/208 409/177/175
f 59/210/208 410/209/207 409/177/175
f 410/209/207 59/210/208 619/211/209
f 770/208/206 410/209/207 619/211/209
f 770/208/206 619/211/209 615/212/210
f 956/207/205 770/208/206 615/212/210
f 972/213/211 956/207/205 615/212/210
f 957/214/212 956/207/205 972/213/211
f 957/214/212 639/206/204 956/207/205
f 958/215/213 639/206/204 957/214/212
f 958/215/213 864/216/214 639/206/204
f 639/206/204 640/217/215 580/204/202
f 864/216/214 640/217/215 639/206/204
f 580/204/202 577/218/216 579/205/203
f 577/218/216 580/204/202 640/217/215
f 932/219/217 577/218/216 640/217/215
f 880/220/218 932/219/217 640/217/215
f 864/216/214 880/220/218 640/217/215
f 863/221/219 865/222/220 864/216/214
f 864/216/214 865/222/220 880/220/218
f 864/216/214 958/215/213 863/221/219
f 959/223/221 863/221/219 958/215/213
f 959/223/221 958/215/213 957/214/212
f 961/224/222 959/223/221 957/214/212
f 961/224/222 957/214/212 972/213/211
f 961/224/222 972/213/211 973/225/223
f 611/226/224 972/213/211 615/212/210
f 972/213/211 611/226/224 973/225/223
f 615/212/210 614/227/225 611/226/224
f 614/227/225 615/212/210 618/228/226
f 615/212/210 619/211/209 618/228/226
f 59/210/208 63/229/227 619/211/209
f 63/229/227 618/228/226 619/211/209
f 638/230/228 618/228/226 63/229/227
f 618/228/226 638/230/228 614/227/225
f 63/229/227 62/231/229 65/232/230
f 65/232/230 638/230/228 63/229/227
f 63/229/227 59/210/208 62/231/229
f 59/210/208 61/160/158 60/233/231
f 60/233/231 62/231/229 59/210/208
f 61/160/158 181/156/154 60/233/231
f 60/233/231 64/234/232 62/231/229
f 64/234/232 65/232/230 62/231/229
f 60/233/231 170/235/233 64/234/232
f 170/235/233 60/233/231 181/156/154
f 170/235/233 181/156/154 180/155/153
f 169/154/152 170/235/233 180/155/153
f 167/236/234 170/235/233 169/154/152
f 167/236/234 64/234/232 170/235/233
f 167/236/234 165/237/235 64/234/232
f 165/237/235 65/232/230 64/234/232
f 165/237/235 670/238/236 65/232/230
f 670/238/236 638/230/228 65/232/230
f 670/238/236 669/239/237 638/230/228
f 638/230/228 648/240/238 614/227/225
f 669/239/237 648/240/238 638/230/228
f 614/227/225 609/241/239 611/226/224
f 648/240/238 645/242/240 614/227/225
f 614/227/225 645/242/240 609/241/239
f 648/240/238 646/243/241 645/242/240
f 646/243/241 648/240/238 669/239/237
f 646/243/241 632/244/242 645/242/240
f 632/244/242 609/241/239 645/242/240
f 646/243/241 657/245/243 632/244/242
f 657/245/243 646/243/241 669/239/237
f 657/245/243 631/246/244 632/244/242
f 632/244/242 631/246/244 609/241/239
f 657/245/243 655/247/245 631/246/244
f 655/247/245 657/245/243 673/248/246
f 657/245/243 669/239/237 673/248/246
f 669/239/237 670/238/236 664/249/247
f 673/248/246 669/239/237 664/249/247
f 670/238/236 165/237/235 664/249/247
f 165/237/235 167/236/234 166/250/248
f 166/250/248 664/249/247 165/237/235
f 167/236/234 168/251/249 166/250/248
f 168/251/249 167/236/234 169/154/152
f 168/251/249 169/154/152 176/153/151
f 175/152/150 168/251/249 176/153/151
f 168/251/249 175/152/150 663/252/250
f 166/250/248 168/251/249 663/252/250
f 166/250/248 663/252/250 664/249/247
f 663/252/250 659/253/251 664/249/247
f 664/249/247 659/253/251 673/248/246
f 659/253/251 660/254/252 673/248/246
f 673/248/246 660/254/252 655/247/245
f 655/247/245 654/255/253 636/256/254
f 660/254/252 654/255/253 655/247/245
f 636/256/254 631/246/244 655/247/245
f 631/246/244 636/256/254 607/257/255
f 631/246/244 607/257/255 609/241/239
f 609/241/239 607/257/255 608/258/256
f 608/258/256 610/259/257 609/241/239
f 610/259/257 611/226/224 609/241/239
f 973/225/223 611/226/224 610/259/257
f 974/260/258 973/225/223 610/259/257
f 974/260/258 610/259/257 608/258/256
f 979/261/259 974/260/258 608/258/256
f 979/261/259 608/258/256 606/262/260
f 607/257/255 606/262/260 608/258/256
f 607/257/255 605/263/261 606/262/260
f 636/256/254 605/263/261 607/257/255
f 636/256/254 635/264/262 603/265/263
f 605/263/261 636/256/254 603/265/263
f 636/256/254 654/255/253 635/264/262
f 637/266/264 635/264/262 654/255/253
f 656/267/265 637/266/264 654/255/253
f 656/267/265 654/255/253 660/254/252
f 658/268/266 656/267/265 660/254/252
f 658/268/266 660/254/252 659/253/251
f 661/149/147 658/268/266 659/253/251
f 668/150/148 661/149/147 659/253/251
f 663/252/250 668/150/148 659/253/251
f 663/252/250 175/152/150 171/151/149
f 668/150/148 663/252/250 171/151/149
f 605/263/261 603/265/263 604/269/267
f 605/263/261 604/269/267 606/262/260
f 784/270/268 785/271/269 606/262/260
f 604/269/267 784/270/268 606/262/260
f 785/271/269 979/261/259 606/262/260
f 971/272/270 979/261/259 785/271/269
f 979/261/259 971/272/270 974/260/258
f 985/273/271 973/225/223 974/260/258
f 971/272/270 985/273/271 974/260/258
f 973/225/223 965/274/272 961/224/222
f 965/274/272 973/225/223 985/273/271
f 965/274/272 962/275/273 961/224/222
f 962/275/273 959/223/221 961/224/222
f 965/274/272 968/276/274 962/275/273
f 968/276/274 965/274/272 985/273/271
f 969/277/275 968/276/274 985/273/271
f 981/278/276 969/277/275 985/273/271
f 981/278/276 985/273/271 971/272/270
f 970/279/277 981/278/276 971/272/270
f 970/279/277 971/272/270 796/280/278
f 796/280/278 971/272/270 785/271/269
f 796/280/278 785/271/269 795/281/279
f 785/271/269 784/270/268 795/281/279
f 789/282/280 795/281/279 784/270/268
f 786/283/281 789/282/280 784/270/268
f 786/283/281 784/270/268 604/269/267
f 602/284/282 786/283/281 604/269/267
f 603/265/263 602/284/282 604/269/267
f 602/284/282 787/285/283 786/283/281
f 789/282/280 786/283/281 787/285/283
f 602/284/282 601/286/284 787/285/283
f 600/287/285 601/286/284 602/284/282
f 603/265/263 600/287/285 602/284/282
f 635/264/262 600/287/285 603/265/263
f 598/288/286 600/287/285 635/264/262
f 637/266/264 598/288/286 635/264/262
f 600/287/285 599/289/287 601/286/284
f 598/288/286 599/289/287 600/287/285
f 601/286/284 788/290/288 787/285/283
f 599/289/287 788/290/288 601/286/284
f 787/285/283 790/291/289 789/282/280
f 788/290/288 791/292/290 787/285/283
f 791/292/290 790/291/289 787/285/283
f 791/292/290 805/293/291 790/291/289
f 790/291/289 804/294/292 789/282/280
f 805/293/291 804/294/292 790/291/289
f 789/282/280 803/295/293 795/281/279
f 804/294/292 803/295/293 789/282/280
f 795/281/279 801/296/294 796/280/278
f 803/295/293 801/296/294 795/281/279
f 801/296/294 802/297/295 796/280/278
f 802/297/295 970/279/277 796/280/278
f 970/279/277 980/298/296 981/278/276
f 1059/299/297 980/298/296 970/279/277
f 1059/299/297 970/279/277 802/297/295
f 1060/300/298 1059/299/297 802/297/295
f 1060/300/298 802/297/295 1071/301/299
f 802/297/295 801/296/294 1071/301/299
f 803/295/293 1070/302/300 801/296/294
f 1070/302/300 1071/301/299 801/296/294
f 803/295/293 1069/303/301 1070/302/300
f 804/294/292 1069/303/301 803/295/293
f 805/293/291 811/304/302 804/294/292
f 811/304/302 1069/303/301 804/294/292
f 805/293/291 806/305/303 811/304/302
f 806/305/303 805/293/291 791/292/290
f 797/306/304 806/305/303 791/292/290
f 791/292/290 788/290/288 797/306/304
f 792/307/305 788/290/288 599/289/287
f 788/290/288 792/307/305 797/306/304
f 599/289/287 598/288/286 520/308/306
f 520/308/306 792/307/305 599/289/287
f 598/288/286 519/309/307 520/308/306
f 637/266/264 519/309/307 598/288/286
f 519/309/307 637/266/264 633/310/308
f 637/266/264 656/267/265 633/310/308
f 656/267/265 662/311/309 633/310/308
f 656/267/265 658/268/266 662/311/309
f 658/268/266 661/149/147 672/312/310
f 658/268/266 672/312/310 662/311/309
f 661/149/147 671/148/146 672/312/310
f 671/148/146 642/147/145 672/312/310
f 642/147/145 620/124/122 647/313/311
f 642/147/145 647/313/311 672/312/310
f 672/312/310 647/313/311 644/314/312
f 662/311/309 672/312/310 644/314/312
f 662/311/309 644/314/312 634/315/313
f 633/310/308 662/311/309 634/315/313
f 644/314/312 643/316/314 634/315/313
f 644/314/312 647/313/311 643/316/314
f 647/313/311 617/317/315 643/316/314
f 620/124/122 617/317/315 647/313/311
f 617/317/315 620/124/122 616/123/121
f 617/317/315 616/123/121 517/318/316
f 643/316/314 617/317/315 517/318/316
f 643/316/314 517/318/316 634/315/313
f 634/315/313 517/318/316 633/310/308
f 517/318/316 515/319/317 633/310/308
f 515/319/317 519/309/307 633/310/308
f 515/319/317 518/320/318 519/309/307
f 518/320/318 520/308/306 519/309/307
f 518/320/318 793/321/319 520/308/306
f 793/321/319 792/307/305 520/308/306
f 797/306/304 792/307/305 798/322/320
f 792/307/305 793/321/319 798/322/320
f 798/322/320 807/323/321 797/306/304
f 807/323/321 806/305/303 797/306/304
f 798/322/320 800/324/322 807/323/321
f 806/305/303 807/323/321 809/325/323
f 800/324/322 809/325/323 807/323/321
f 809/325/323 810/326/324 806/305/303
f 806/305/303 810/326/324 811/304/302
f 809/325/323 1068/327/325 810/326/324
f 810/326/324 1067/328/326 811/304/302
f 1067/328/326 810/326/324 1068/327/325
f 1067/328/326 1066/329/327 811/304/302
f 811/304/302 1066/329/327 1069/303/301
f 1067/328/326 1064/330/328 1066/329/327
f 1067/328/326 1068/327/325 1064/330/328
f 1068/327/325 825/331/329 1062/332/330
f 1068/327/325 1062/332/330 1064/330/328
f 1068/327/325 809/325/323 825/331/329
f 809/325/323 800/324/322 808/333/331
f 808/333/331 825/331/329 809/325/323
f 800/324/322 777/334/332 808/333/331
f 800/324/322 799/335/333 777/334/332
f 799/335/333 800/324/322 798/322/320
f 799/335/333 798/322/320 793/321/319
f 794/336/334 799/335/333 793/321/319
f 794/336/334 793/321/319 518/320/318
f 516/337/335 794/336/334 518/320/318
f 518/320/318 515/319/317 516/337/335
f 517/318/316 514/338/336 515/319/317
f 514/338/336 516/337/335 515/319/317
f 516/337/335 514/338/336 783/339/337
f 794/336/334 516/337/335 783/339/337
f 794/336/334 783/339/337 799/335/333
f 783/339/337 778/340/338 799/335/333
f 799/335/333 774/341/339 777/334/332
f 774/341/339 799/335/333 778/340/338
f 774/341/339 775/63/62 777/334/332
f 808/333/331 777/334/332 758/342/340
f 777/334/332 775/63/62 758/342/340
f 758/342/340 761/343/341 808/333/331
f 761/343/341 825/331/329 808/333/331
f 825/331/329 761/343/341 847/344/342
f 825/331/329 847/344/342 1062/332/330
f 848/345/343 1062/332/330 847/344/342
f 848/345/343 1063/346/344 1062/332/330
f 1063/346/344 1064/330/328 1062/332/330
f 1063/346/344 1010/347/345 1064/330/328
f 1010/347/345 1008/348/346 1064/330/328
f 1008/348/346 1066/329/327 1064/330/328
f 1065/349/347 1066/329/327 1008/348/346
f 1066/329/327 1065/349/347 1069/303/301
f 1069/303/301 1065/349/347 1070/302/300
f 1065/349/347 1018/350/348 1070/302/300
f 1070/302/300 1018/350/348 1071/301/299
f 1065/349/347 1009/351/349 1018/350/348
f 1009/351/349 1065/349/347 1008/348/346
f 1008/348/346 1010/347/345 1009/351/349
f 1010/347/345 1011/352/350 1009/351/349
f 1011/352/350 1012/353/351 1009/351/349
f 1012/353/351 1013/354/352 1009/351/349
f 1013/354/352 1018/350/348 1009/351/349
f 1017/355/353 1018/350/348 1013/354/352
f 1018/350/348 1017/355/353 1071/301/299
f 1017/355/353 1016/356/354 1071/301/299
f 1016/356/354 1060/300/298 1071/301/299
f 1060/300/298 1016/356/354 1059/299/297
f 1016/356/354 1024/357/355 1059/299/297
f 1059/299/297 1024/357/355 980/298/296
f 1016/356/354 989/358/356 987/359/357
f 987/359/357 1024/357/355 1016/356/354
f 1016/356/354 1017/355/353 989/358/356
f 1017/355/353 1015/360/358 989/358/356
f 1015/360/358 1017/355/353 1013/354/352
f 1014/361/359 1015/360/358 1013/354/352
f 1012/353/351 1014/361/359 1013/354/352
f 1014/361/359 986/362/360 1015/360/358
f 986/362/360 989/358/356 1015/360/358
f 989/358/356 986/362/360 987/359/357
f 986/362/360 988/363/361 987/359/357
f 987/359/357 988/363/361 1019/364/362
f 987/359/357 1019/364/362 1024/357/355
f 1019/364/362 1072/365/363 1024/357/355
f 1024/357/355 1072/365/363 980/298/296
f 980/298/296 983/366/364 981/278/276
f 983/366/364 980/298/296 1072/365/363
f 983/366/364 969/277/275 981/278/276
f 982/367/365 952/368/366 983/366/364
f 983/366/364 952/368/366 969/277/275
f 983/366/364 1072/365/363 982/367/365
f 1019/364/362 1022/369/367 1072/365/363
f 1022/369/367 982/367/365 1072/365/363
f 1019/364/362 1020/370/368 1022/369/367
f 988/363/361 1020/370/368 1019/364/362
f 1020/370/368 1023/371/369 1022/369/367
f 1022/369/367 1058/372/370 982/367/365
f 1022/369/367 1023/371/369 1058/372/370
f 1023/371/369 1056/373/371 1058/372/370
f 1056/373/371 1053/374/38 1057/375/372
f 1058/372/370 1056/373/371 1057/375/372
f 1058/372/370 1057/375/372 953/376/373
f 1058/372/370 953/376/373 982/367/365
f 953/376/373 952/368/366 982/367/365
f 952/368/366 953/376/373 951/377/374
f 953/376/373 1055/378/375 951/377/374
f 1057/375/372 1055/378/375 953/376/373
f 1053/374/38 1054/379/376 1057/375/372
f 1057/375/372 1054/379/376 1055/378/375
f 1054/379/376 977/380/377 1055/378/375
f 1055/378/375 977/380/377 951/377/374
f 1054/379/376 1052/381/378 978/382/379
f 977/380/377 1054/379/376 978/382/379
f 1052/381/378 1054/379/376 1053/374/38
f 1053/374/38 1028/383/380 1052/381/378
f 1028/383/380 1030/384/381 1029/385/382
f 1028/383/380 1029/385/382 1052/381/378
f 1052/381/378 1029/385/382 1051/386/383
f 978/382/379 1052/381/378 1051/386/383
f 978/382/379 1051/386/383 954/387/384
f 955/388/385 978/382/379 954/387/384
f 977/380/377 978/382/379 955/388/385
f 889/389/386 977/380/377 955/388/385
f 977/380/377 889/389/386 951/377/374
f 889/389/386 884/390/387 951/377/374
f 951/377/374 934/391/388 952/368/366
f 884/390/387 882/392/389 951/377/374
f 934/391/388 951/377/374 882/392/389
f 884/390/387 881/393/390 882/392/389
f 881/393/390 884/390/387 1061/394/391
f 884/390/387 889/389/386 1061/394/391
f 1061/394/391 897/395/392 881/393/390
f 889/389/386 887/396/393 1061/394/391
f 1061/394/391 887/396/393 897/395/392
f 889/389/386 886/397/394 887/396/393
f 886/397/394 889/389/386 955/388/385
f 936/398/395 886/397/394 955/388/385
f 938/399/396 936/398/395 955/388/385
f 954/387/384 938/399/396 955/388/385
f 938/399/396 954/387/384 950/400/397
f 954/387/384 1049/401/398 950/400/397
f 954/387/384 1051/386/383 1049/401/398
f 1051/386/383 1050/402/399 1049/401/398
f 1050/402/399 1051/386/383 1029/385/382
f 1031/403/400 1050/402/399 1029/385/382
f 1030/384/381 1031/403/400 1029/385/382
f 1030/384/381 1034/404/24 1031/403/400
f 1034/404/24 1035/405/401 1031/403/400
f 1034/404/24 996/406/402 1035/405/401
f 1031/403/400 1035/405/401 1036/407/403
f 1050/402/399 1031/403/400 1036/407/403
f 1050/402/399 1036/407/403 1049/401/398
f 1048/408/404 984/409/405 1049/401/398
f 1036/407/403 1048/408/404 1049/401/398
f 984/409/405 950/400/397 1049/401/398
f 950/400/397 984/409/405 459/410/406
f 950/400/397 459/410/406 949/411/407
f 949/411/407 938/399/396 950/400/397
f 938/399/396 949/411/407 935/412/408
f 935/412/408 936/398/395 938/399/396
f 935/412/408 937/413/409 936/398/395
f 936/398/395 890/414/410 886/397/394
f 890/414/410 936/398/395 937/413/409
f 890/414/410 888/415/411 886/397/394
f 886/397/394 888/415/411 887/396/393
f 887/396/393 888/415/411 895/416/412
f 897/395/392 887/396/393 895/416/412
f 888/415/411 866/417/413 895/416/412
f 888/415/411 890/414/410 866/417/413
f 895/416/412 896/418/414 897/395/392
f 867/419/415 896/418/414 895/416/412
f 867/419/415 895/416/412 866/417/413
f 867/419/415 898/420/416 896/418/414
f 897/395/392 896/418/414 898/420/416
f 881/393/390 897/395/392 898/420/416
f 883/421/417 881/393/390 898/420/416
f 881/393/390 883/421/417 882/392/389
f 898/420/416 867/419/415 873/422/418
f 883/421/417 898/420/416 873/422/418
f 867/419/415 868/423/419 873/422/418
f 866/417/413 868/423/419 867/419/415
f 868/423/419 866/417/413 894/424/420
f 866/417/413 890/414/410 894/424/420
f 869/425/421 894/424/420 890/414/410
f 939/426/422 869/425/421 890/414/410
f 937/413/409 939/426/422 890/414/410
f 939/426/422 937/413/409 946/427/423
f 948/428/424 946/427/423 937/413/409
f 935/412/408 948/428/424 937/413/409
f 949/411/407 948/428/424 935/412/408
f 459/410/406 462/429/425 949/411/407
f 948/428/424 949/411/407 532/430/426
f 949/411/407 462/429/425 532/430/426
f 532/430/426 533/431/427 948/428/424
f 533/431/427 946/427/423 948/428/424
f 532/430/426 485/432/428 533/431/427
f 460/433/429 485/432/428 532/430/426
f 462/429/425 460/433/429 532/430/426
f 462/429/425 459/410/406 460/433/429
f 459/410/406 461/434/430 460/433/429
f 460/433/429 461/434/430 487/435/431
f 460/433/429 487/435/431 485/432/428
f 485/432/428 486/436/432 479/437/433
f 487/435/431 486/436/432 485/432/428
f 479/437/433 480/438/434 485/432/428
f 485/432/428 480/438/434 533/431/427
f 533/431/427 480/438/434 531/439/435
f 946/427/423 533/431/427 531/439/435
f 480/438/434 478/440/436 531/439/435
f 478/440/436 480/438/434 479/437/433
f 478/440/436 448/441/437 531/439/435
f 946/427/423 531/439/435 448/441/437
f 946/427/423 448/441/437 945/442/438
f 945/442/438 939/426/422 946/427/423
f 939/426/422 945/442/438 940/443/439
f 939/426/422 940/443/439 860/444/440
f 869/425/421 939/426/422 860/444/440
f 940/443/439 941/445/441 860/444/440
f 945/442/438 947/446/442 940/443/439
f 941/445/441 940/443/439 947/446/442
f 945/442/438 482/447/443 947/446/442
f 448/441/437 449/448/444 945/442/438
f 449/448/444 482/447/443 945/442/438
f 448/441/437 450/449/445 449/448/444
f 478/440/436 450/449/445 448/441/437
f 450/449/445 478/440/436 458/450/446
f 458/450/446 478/440/436 479/437/433
f 479/437/433 493/451/447 458/450/446
f 479/437/433 486/436/432 493/451/447
f 486/436/432 494/452/448 493/451/447
f 486/436/432 487/435/431 494/452/448
f 461/434/430 488/453/449 487/435/431
f 487/435/431 495/454/450 494/452/448
f 488/453/449 496/455/451 487/435/431
f 496/455/451 495/454/450 487/435/431
f 488/453/449 536/456/452 496/455/451
f 461/434/430 535/457/453 488/453/449
f 488/453/449 535/457/453 536/456/452
f 461/434/430 534/458/454 535/457/453
f 536/456/452 535/457/453 534/458/454
f 461/434/430 459/410/406 534/458/454
f 984/409/405 534/458/454 459/410/406
f 534/458/454 984/409/405 1047/459/455
f 1047/459/455 984/409/405 1048/408/404
f 1047/459/455 1037/460/456 534/458/454
f 1037/460/456 536/456/452 534/458/454
f 537/461/457 536/456/452 1037/460/456
f 537/461/457 496/455/451 536/456/452
f 538/462/458 496/455/451 537/461/457
f 496/455/451 538/462/458 495/454/450
f 494/452/448 495/454/450 651/463/459
f 538/462/458 652/464/460 495/454/450
f 495/454/450 652/464/460 651/463/459
f 538/462/458 541/465/461 652/464/460
f 652/464/460 680/466/462 651/463/459
f 541/465/461 680/466/462 652/464/460
f 651/463/459 649/467/463 494/452/448
f 680/466/462 679/468/464 651/463/459
f 651/463/459 679/468/464 649/467/463
f 680/466/462 543/469/465 685/470/466
f 680/466/462 685/470/466 679/468/464
f 680/466/462 541/465/461 543/469/465
f 540/471/467 542/472/468 541/465/461
f 543/469/465 541/465/461 542/472/468
f 541/465/461 538/462/458 540/471/467
f 539/473/469 538/462/458 537/461/457
f 538/462/458 539/473/469 540/471/467
f 537/461/457 1037/460/456 1038/474/470
f 1038/474/470 539/473/469 537/461/457
f 1037/460/456 1045/475/471 1038/474/470
f 1047/459/455 1045/475/471 1037/460/456
f 1047/459/455 1046/476/472 1045/475/471
f 1046/476/472 1047/459/455 1048/408/404
f 1046/476/472 1048/408/404 1036/407/403
f 1032/477/473 1046/476/472 1036/407/403
f 1032/477/473 1036/407/403 1035/405/401
f 1032/477/473 1033/478/474 1046/476/472
f 1046/476/472 1033/478/474 1045/475/471
f 1045/475/471 1033/478/474 1038/474/470
f 1038/474/470 1039/479/475 539/473/469
f 1033/478/474 1039/479/475 1038/474/470
f 1039/479/475 540/471/467 539/473/469
f 540/471/467 1039/479/475 1040/480/476
f 728/481/477 540/471/467 1040/480/476
f 540/471/467 728/481/477 542/472/468
f 544/482/478 543/469/465 542/472/468
f 728/481/477 544/482/478 542/472/468
f 544/482/478 545/483/479 543/469/465
f 543/469/465 545/483/479 685/470/466
f 545/483/479 686/484/480 685/470/466
f 685/470/466 686/484/480 688/485/481
f 685/470/466 688/485/481 679/468/464
f 679/468/464 678/486/482 649/467/463
f 679/468/464 688/485/481 678/486/482
f 686/484/480 689/487/483 688/485/481
f 688/485/481 691/488/484 678/486/482
f 688/485/481 689/487/483 691/488/484
f 678/486/482 691/488/484 677/489/485
f 689/487/483 692/490/486 691/488/484
f 691/488/484 683/491/487 677/489/485
f 691/488/484 692/490/486 683/491/487
f 677/489/485 683/491/487 676/492/488
f 630/493/489 677/489/485 676/492/488
f 678/486/482 677/489/485 630/493/489
f 649/467/463 678/486/482 630/493/489
f 493/451/447 649/467/463 630/493/489
f 493/451/447 494/452/448 649/467/463
f 630/493/489 492/494/490 493/451/447
f 493/451/447 492/494/490 458/450/446
f 630/493/489 629/495/491 492/494/490
f 629/495/491 630/493/489 676/492/488
f 629/495/491 513/496/492 492/494/490
f 458/450/446 492/494/490 491/497/493
f 492/494/490 513/496/492 491/497/493
f 491/497/493 457/498/494 458/450/446
f 450/449/445 458/450/446 457/498/494
f 454/499/495 450/449/445 457/498/494
f 450/449/445 454/499/495 449/448/444
f 457/498/494 453/500/496 454/499/495
f 457/498/494 491/497/493 453/500/496
f 453/500/496 451/501/497 454/499/495
f 454/499/495 451/501/497 449/448/444
f 451/501/497 482/447/443 449/448/444
f 452/502/498 455/503/499 451/501/497
f 482/447/443 451/501/497 455/503/499
f 451/501/497 453/500/496 452/502/498
f 452/502/498 453/500/496 489/504/500
f 491/497/493 490/505/501 453/500/496
f 453/500/496 490/505/501 489/504/500
f 491/497/493 512/506/502 490/505/501
f 513/496/492 512/506/502 491/497/493
f 490/505/501 511/507/503 489/504/500
f 512/506/502 511/507/503 490/505/501
f 717/508/504 719/509/505 512/506/502
f 719/509/505 511/507/503 512/506/502
f 512/506/502 513/496/492 717/508/504
f 710/510/506 513/496/492 629/495/491
f 513/496/492 710/510/506 717/508/504
f 629/495/491 676/492/488 708/511/507
f 708/511/507 710/510/506 629/495/491
f 676/492/488 707/512/508 708/511/507
f 708/511/507 709/513/509 710/510/506
f 707/512/508 709/513/509 708/511/507
f 709/513/509 712/514/510 710/510/506
f 712/514/510 717/508/504 710/510/506
f 717/508/504 712/514/510 724/515/511
f 563/516/512 717/508/504 724/515/511
f 719/509/505 717/508/504 563/516/512
f 724/515/511 561/517/513 563/516/512
f 723/518/514 561/517/513 724/515/511
f 723/518/514 724/515/511 712/514/510
f 713/519/515 723/518/514 712/514/510
f 713/519/515 712/514/510 702/520/516
f 702/520/516 712/514/510 709/513/509
f 695/521/517 702/520/516 709/513/509
f 695/521/517 709/513/509 707/512/508
f 676/492/488 695/521/517 707/512/508
f 695/521/517 676/492/488 684/522/518
f 702/520/516 695/521/517 684/522/518
f 676/492/488 683/491/487 684/522/518
f 692/490/486 694/523/519 683/491/487
f 683/491/487 694/523/519 684/522/518
f 694/523/519 696/524/520 684/522/518
f 698/525/521 702/520/516 684/522/518
f 684/522/518 696/524/520 698/525/521
f 698/525/521 713/519/515 702/520/516
f 696/524/520 699/526/522 698/525/521
f 698/525/521 699/526/522 713/519/515
f 699/526/522 714/527/523 713/519/515
f 725/528/524 723/518/514 713/519/515
f 714/527/523 725/528/524 713/519/515
f 723/518/514 725/528/524 561/517/513
f 310/529/525 561/517/513 569/530/526
f 725/528/524 569/530/526 561/517/513
f 310/529/525 562/531/527 561/517/513
f 562/531/527 563/516/512 561/517/513
f 566/532/528 563/516/512 562/531/527
f 566/532/528 719/509/505 563/516/512
f 562/531/527 564/533/529 566/532/528
f 562/531/527 310/529/525 305/534/530
f 564/533/529 562/531/527 305/534/530
f 310/529/525 304/535/531 305/534/530
f 569/530/526 309/536/532 310/529/525
f 310/529/525 309/536/532 304/535/531
f 569/530/526 308/537/533 309/536/532
f 304/535/531 309/536/532 308/537/533
f 569/530/526 567/538/534 308/537/533
f 569/530/526 725/528/524 722/539/535
f 567/538/534 569/530/526 722/539/535
f 725/528/524 715/540/536 722/539/535
f 725/528/524 714/527/523 715/540/536
f 715/540/536 714/527/523 699/526/522
f 700/541/537 715/540/536 699/526/522
f 700/541/537 699/526/522 696/524/520
f 682/542/538 700/541/537 696/524/520
f 682/542/538 696/524/520 694/523/519
f 681/543/539 682/542/538 694/523/519
f 681/543/539 694/523/519 692/490/486
f 693/544/540 681/543/539 692/490/486
f 693/544/540 692/490/486 689/487/483
f 690/545/541 693/544/540 689/487/483
f 690/545/541 689/487/483 686/484/480
f 687/546/542 690/545/541 686/484/480
f 687/546/542 686/484/480 545/483/479
f 687/546/542 665/547/543 690/545/541
f 667/548/544 693/544/540 690/545/541
f 665/547/543 667/548/544 690/545/541
f 667/548/544 674/549/545 693/544/540
f 674/549/545 681/543/539 693/544/540
f 674/549/545 675/550/546 681/543/539
f 675/550/546 682/542/538 681/543/539
f 674/549/545 627/551/547 675/550/546
f 627/551/547 674/549/545 667/548/544
f 626/552/548 627/551/547 667/548/544
f 626/552/548 667/548/544 665/547/543
f 625/553/549 626/552/548 665/547/543
f 625/553/549 665/547/543 653/554/550
f 653/554/550 665/547/543 687/546/542
f 653/554/550 687/546/542 548/555/551
f 548/555/551 687/546/542 545/483/479
f 548/555/551 550/556/552 653/554/550
f 624/557/553 653/554/550 550/556/552
f 624/557/553 625/553/549 653/554/550
f 504/558/554 625/553/549 624/557/553
f 504/558/554 505/559/555 625/553/549
f 505/559/555 626/552/548 625/553/549
f 627/551/547 626/552/548 505/559/555
f 498/560/556 627/551/547 505/559/555
f 628/561/557 627/551/547 498/560/556
f 628/561/557 675/550/546 627/551/547
f 682/542/538 675/550/546 697/562/558
f 675/550/546 706/563/559 697/562/558
f 704/564/560 706/563/559 675/550/546
f 628/561/557 704/564/560 675/550/546
f 704/564/560 705/565/561 706/563/559
f 706/563/559 705/565/561 697/562/558
f 704/564/560 703/566/562 705/565/561
f 704/564/560 628/561/557 703/566/562
f 506/567/563 628/561/557 498/560/556
f 628/561/557 506/567/563 703/566/562
f 716/568/564 703/566/562 506/567/563
f 716/568/564 711/569/565 703/566/562
f 711/569/565 705/565/561 703/566/562
f 705/565/561 711/569/565 701/570/566
f 697/562/558 705/565/561 701/570/566
f 682/542/538 697/562/558 701/570/566
f 700/541/537 682/542/538 701/570/566
f 700/541/537 701/570/566 715/540/536
f 701/570/566 711/569/565 715/540/536
f 722/539/535 715/540/536 711/569/565
f 721/571/567 722/539/535 711/569/565
f 711/569/565 716/568/564 721/571/567
f 721/571/567 567/538/534 722/539/535
f 716/568/564 568/572/568 721/571/567
f 568/572/568 567/538/534 721/571/567
f 716/568/564 726/573/569 568/572/568
f 506/567/563 507/574/570 716/568/564
f 726/573/569 716/568/564 507/574/570
f 506/567/563 499/575/571 507/574/570
f 498/560/556 499/575/571 506/567/563
f 505/559/555 497/576/572 498/560/556
f 498/560/556 469/577/573 499/575/571
f 497/576/572 469/577/573 498/560/556
f 469/577/573 467/578/574 499/575/571
f 499/575/571 500/579/575 507/574/570
f 467/578/574 500/579/575 499/575/571
f 500/579/575 508/580/576 507/574/570
f 508/580/576 726/573/569 507/574/570
f 500/579/575 501/581/577 508/580/576
f 501/581/577 500/579/575 467/578/574
f 501/581/577 509/582/578 508/580/576
f 508/580/576 509/582/578 726/573/569
f 509/582/578 718/583/579 726/573/569
f 726/573/569 285/584/580 568/572/568
f 726/573/569 718/583/579 285/584/580
f 285/584/580 291/585/581 568/572/568
f 567/538/534 568/572/568 291/585/581
f 308/537/533 567/538/534 291/585/581
f 303/586/582 308/537/533 291/585/581
f 303/586/582 304/535/531 308/537/533
f 291/585/581 284/587/583 303/586/582
f 284/587/583 291/585/581 285/584/580
f 284/587/583 285/584/580 283/588/584
f 718/583/579 283/588/584 285/584/580
f 509/582/578 413/589/585 718/583/579
f 718/583/579 413/589/585 283/588/584
f 509/582/578 501/581/577 418/590/586
f 418/590/586 413/589/585 509/582/578
f 501/581/577 434/591/587 418/590/586
f 467/578/574 463/592/588 501/581/577
f 434/591/587 501/581/577 463/592/588
f 467/578/574 466/593/589 463/592/588
f 466/593/589 467/578/574 468/594/590
f 467/578/574 469/577/573 468/594/590
f 525/595/591 468/594/590 469/577/573
f 497/576/572 525/595/591 469/577/573
f 468/594/590 524/596/592 466/593/589
f 524/596/592 468/594/590 525/595/591
f 524/596/592 523/597/593 466/593/589
f 465/598/594 463/592/588 466/593/589
f 465/598/594 466/593/589 523/597/593
f 465/598/594 464/599/595 463/592/588
f 464/599/595 434/591/587 463/592/588
f 417/600/596 434/591/587 464/599/595
f 418/590/586 434/591/587 417/600/596
f 412/601/597 418/590/586 417/600/596
f 418/590/586 412/601/597 413/589/585
f 411/602/598 413/589/585 412/601/597
f 413/589/585 411/602/598 287/603/599
f 413/589/585 287/603/599 283/588/584
f 282/604/600 284/587/583 283/588/584
f 282/604/600 283/588/584 287/603/599
f 282/604/600 307/605/601 284/587/583
f 307/605/601 303/586/582 284/587/583
f 282/604/600 286/606/602 307/605/601
f 286/606/602 282/604/600 287/603/599
f 286/606/602 287/603/599 236/607/603
f 411/602/598 236/607/603 287/603/599
f 236/607/603 273/608/604 286/606/602
f 263/609/605 307/605/601 286/606/602
f 273/608/604 263/609/605 286/606/602
f 263/609/605 300/610/606 307/605/601
f 300/610/606 303/586/582 307/605/601
f 300/610/606 302/611/607 303/586/582
f 302/611/607 304/535/531 303/586/582
f 300/610/606 264/612/608 302/611/607
f 302/611/607 301/613/609 304/535/531
f 301/613/609 302/611/607 264/612/608
f 301/613/609 305/534/530 304/535/531
f 306/614/610 305/534/530 301/613/609
f 564/533/529 305/534/530 306/614/610
f 301/613/609 261/615/611 306/614/610
f 301/613/609 260/616/612 261/615/611
f 260/616/612 301/613/609 264/612/608
f 260/616/612 264/612/608 256/617/613
f 262/618/614 264/612/608 300/610/606
f 256/617/613 264/612/608 262/618/614
f 300/610/606 263/609/605 262/618/614
f 262/618/614 263/609/605 255/619/615
f 255/619/615 256/617/613 262/618/614
f 263/609/605 259/620/616 255/619/615
f 263/609/605 273/608/604 259/620/616
f 255/619/615 259/620/616 251/621/617
f 251/621/617 252/622/618 255/619/615
f 252/622/618 256/617/613 255/619/615
f 257/623/619 256/617/613 252/622/618
f 257/623/619 260/616/612 256/617/613
f 260/616/612 257/623/619 261/615/611
f 257/623/619 253/624/620 258/625/621
f 257/623/619 258/625/621 261/615/611
f 257/623/619 252/622/618 253/624/620
f 247/626/622 252/622/618 245/627/623
f 253/624/620 252/622/618 247/626/622
f 252/622/618 251/621/617 245/627/623
f 245/627/623 251/621/617 250/628/624
f 259/620/616 250/628/624 251/621/617
f 259/620/616 272/629/625 250/628/624
f 273/608/604 272/629/625 259/620/616
f 250/628/624 246/630/626 245/627/623
f 272/629/625 271/631/627 250/628/624
f 250/628/624 271/631/627 246/630/626
f 272/629/625 280/632/628 271/631/627
f 271/631/627 270/633/629 246/630/626
f 271/631/627 280/632/628 270/633/629
f 246/630/626 270/633/629 243/634/630
f 245/627/623 246/630/626 243/634/630
f 242/635/631 245/627/623 243/634/630
f 245/627/623 242/635/631 247/626/622
f 247/626/622 242/635/631 248/636/632
f 248/636/632 253/624/620 247/626/622
f 254/637/633 253/624/620 248/636/632
f 253/624/620 254/637/633 258/625/621
f 248/636/632 244/638/634 249/639/635
f 249/639/635 254/637/633 248/636/632
f 248/636/632 242/635/631 244/638/634
f 202/640/636 242/635/631 201/641/637
f 244/638/634 242/635/631 202/640/636
f 242/635/631 243/634/630 201/641/637
f 243/634/630 269/642/638 201/641/637
f 270/633/629 269/642/638 243/634/630
f 270/633/629 279/643/639 269/642/638
f 280/632/628 279/643/639 270/633/629
f 279/643/639 278/644/640 269/642/638
f 279/643/639 280/632/628 294/645/641
f 279/643/639 294/645/641 278/644/640
f 280/632/628 295/646/642 294/645/641
f 272/629/625 281/647/643 280/632/628
f 280/632/628 281/647/643 295/646/642
f 272/629/625 273/608/604 281/647/643
f 273/608/604 240/648/644 281/647/643
f 236/607/603 240/648/644 273/608/604
f 281/647/643 296/649/645 295/646/642
f 281/647/643 240/648/644 296/649/645
f 240/648/644 236/607/603 237/650/646
f 240/648/644 237/650/646 296/649/645
f 379/651/647 380/652/648 296/649/645
f 379/651/647 296/649/645 237/650/646
f 380/652/648 295/646/642 296/649/645
f 380/652/648 384/653/649 295/646/642
f 384/653/649 294/645/641 295/646/642
f 384/653/649 387/654/650 294/645/641
f 294/645/641 293/655/651 278/644/640
f 387/654/650 293/655/651 294/645/641
f 278/644/640 200/656/652 269/642/638
f 293/655/651 211/657/653 278/644/640
f 278/644/640 211/657/653 200/656/652
f 293/655/651 213/658/654 211/657/653
f 213/658/654 293/655/651 387/654/650
f 390/659/655 213/658/654 387/654/650
f 387/654/650 81/660/656 390/659/655
f 81/660/656 387/654/650 384/653/649
f 76/661/657 81/660/656 384/653/649
f 76/661/657 384/653/649 380/652/648
f 77/662/658 76/661/657 380/652/648
f 77/662/658 380/652/648 379/651/647
f 74/663/659 77/662/658 379/651/647
f 74/663/659 379/651/647 382/664/660
f 382/664/660 379/651/647 237/650/646
f 382/664/660 237/650/646 141/665/661
f 237/650/646 236/607/603 141/665/661
f 164/666/662 141/665/661 236/607/603
f 236/607/603 411/602/598 164/666/662
f 164/666/662 139/667/663 141/665/661
f 411/602/598 415/668/664 164/666/662
f 164/666/662 415/668/664 139/667/663
f 411/602/598 412/601/597 414/669/665
f 415/668/664 411/602/598 414/669/665
f 412/601/597 417/600/596 414/669/665
f 416/670/666 415/668/664 414/669/665
f 416/670/666 414/669/665 417/600/596
f 416/670/666 419/671/667 415/668/664
f 415/668/664 419/671/667 139/667/663
f 416/670/666 420/672/668 419/671/667
f 420/672/668 416/670/666 521/673/669
f 416/670/666 417/600/596 521/673/669
f 521/673/669 417/600/596 464/599/595
f 521/673/669 464/599/595 465/598/594
f 522/674/670 521/673/669 465/598/594
f 522/674/670 465/598/594 523/597/593
f 522/674/670 582/675/671 521/673/669
f 582/675/671 420/672/668 521/673/669
f 582/675/671 421/676/672 420/672/668
f 421/676/672 419/671/667 420/672/668
f 419/671/667 421/676/672 137/677/673
f 139/667/663 419/671/667 137/677/673
f 137/677/673 138/678/674 139/667/663
f 141/665/661 139/667/663 140/679/675
f 138/678/674 140/679/675 139/667/663
f 141/665/661 140/679/675 142/680/676
f 142/680/676 382/664/660 141/665/661
f 140/679/675 143/681/677 142/680/676
f 140/679/675 138/678/674 143/681/677
f 143/681/677 160/682/678 142/680/676
f 138/678/674 154/683/679 143/681/677
f 154/683/679 160/682/678 143/681/677
f 138/678/674 120/684/680 154/683/679
f 120/684/680 138/678/674 137/677/673
f 119/685/681 120/684/680 137/677/673
f 137/677/673 421/676/672 119/685/681
f 421/676/672 423/686/682 119/685/681
f 423/686/682 421/676/672 582/675/671
f 583/687/683 423/686/682 582/675/671
f 583/687/683 582/675/671 588/688/684
f 582/675/671 522/674/670 588/688/684
f 588/688/684 522/674/670 855/689/685
f 522/674/670 523/597/593 855/689/685
f 524/596/592 852/690/686 523/597/593
f 852/690/686 855/689/685 523/597/593
f 524/596/592 835/691/687 852/690/686
f 855/689/685 852/690/686 842/692/688
f 842/692/688 852/690/686 835/691/687
f 842/692/688 858/693/689 855/689/685
f 588/688/684 855/689/685 858/693/689
f 589/694/690 588/688/684 858/693/689
f 583/687/683 588/688/684 589/694/690
f 585/695/691 583/687/683 589/694/690
f 585/695/691 584/696/692 583/687/683
f 584/696/692 423/686/682 583/687/683
f 423/686/682 584/696/692 119/685/681
f 116/697/693 118/698/694 119/685/681
f 584/696/692 116/697/693 119/685/681
f 118/698/694 120/684/680 119/685/681
f 118/698/694 122/699/695 120/684/680
f 123/700/696 154/683/679 120/684/680
f 122/699/695 123/700/696 120/684/680
f 154/683/679 123/700/696 160/682/678
f 159/701/697 123/700/696 122/699/695
f 123/700/696 159/701/697 160/682/678
f 160/682/678 71/702/698 142/680/676
f 159/701/697 72/703/699 160/682/678
f 72/703/699 71/702/698 160/682/678
f 159/701/697 68/704/700 72/703/699
f 68/704/700 159/701/697 122/699/695
f 68/704/700 66/705/701 72/703/699
f 71/702/698 72/703/699 66/705/701
f 68/704/700 67/706/702 66/705/701
f 122/699/695 69/707/703 68/704/700
f 68/704/700 69/707/703 67/706/702
f 122/699/695 121/708/704 161/709/705
f 69/707/703 122/699/695 161/709/705
f 121/708/704 122/699/695 118/698/694
f 117/710/706 121/708/704 118/698/694
f 117/710/706 118/698/694 116/697/693
f 115/711/83 117/710/706 116/697/693
f 587/712/707 115/711/83 116/697/693
f 584/696/692 587/712/707 116/697/693
f 584/696/692 585/695/691 586/713/80
f 587/712/707 584/696/692 586/713/80
f 585/695/691 589/694/690 586/713/80
f 590/714/708 586/713/80 589/694/690
f 590/714/708 589/694/690 857/715/709
f 589/694/690 858/693/689 857/715/709
f 857/715/709 858/693/689 841/716/710
f 841/716/710 858/693/689 842/692/688
f 841/716/710 843/717/711 857/715/709
f 843/717/711 841/716/710 836/718/712
f 837/719/59 843/717/711 836/718/712
f 841/716/710 834/720/713 836/718/712
f 841/716/710 842/692/688 834/720/713
f 834/720/713 842/692/688 835/691/687
f 834/720/713 835/691/687 826/721/714
f 827/722/715 834/720/713 826/721/714
f 836/718/712 834/720/713 827/722/715
f 828/723/716 836/718/712 827/722/715
f 837/719/59 836/718/712 828/723/716
f 829/724/57 837/719/59 828/723/716
f 829/724/57 828/723/716 820/725/715
f 821/726/48 829/724/57 820/725/715
f 812/727/47 821/726/48 820/725/715
f 813/728/717 812/727/47 820/725/715
f 813/728/717 820/725/715 819/729/718
f 820/725/715 828/723/716 819/729/718
f 828/723/716 827/722/715 819/729/718
f 819/729/718 827/722/715 826/721/714
f 818/730/719 819/729/718 826/721/714
f 816/731/720 819/729/718 818/730/719
f 816/731/720 813/728/717 819/729/718
f 818/730/719 817/732/721 816/731/720
f 813/728/717 816/731/720 814/733/722
f 816/731/720 817/732/721 814/733/722
f 814/733/722 765/734/723 813/728/717
f 812/727/47 813/728/717 765/734/723
f 763/735/43 812/727/47 765/734/723
f 763/735/43 765/734/723 764/736/724
f 765/734/723 766/737/725 764/736/724
f 765/734/723 814/733/722 766/737/725
f 814/733/722 815/738/726 766/737/725
f 814/733/722 731/739/727 815/738/726
f 814/733/722 817/732/721 731/739/727
f 815/738/726 731/739/727 732/740/728
f 905/741/729 815/738/726 732/740/728
f 766/737/725 815/738/726 905/741/729
f 906/742/730 766/737/725 905/741/729
f 764/736/724 766/737/725 906/742/730
f 908/743/2 764/736/724 906/742/730
f 908/743/2 906/742/730 907/744/3
f 906/742/730 748/745/731 907/744/3
f 748/745/731 906/742/730 905/741/729
f 748/745/731 905/741/729 745/746/732
f 905/741/729 732/740/728 745/746/732
f 748/745/731 745/746/732 747/747/15
f 732/740/728 744/748/733 745/746/732
f 745/746/732 741/749/734 747/747/15
f 745/746/732 744/748/733 741/749/734
f 741/749/734 742/750/735 747/747/15
f 744/748/733 743/751/736 741/749/734
f 741/749/734 743/751/736 742/750/735
f 744/748/733 1041/752/737 743/751/736
f 732/740/728 560/753/738 744/748/733
f 560/753/738 1041/752/737 744/748/733
f 732/740/728 731/739/727 560/753/738
f 558/754/739 560/753/738 731/739/727
f 731/739/727 817/732/721 558/754/739
f 560/753/738 558/754/739 557/755/740
f 817/732/721 530/756/741 558/754/739
f 558/754/739 530/756/741 557/755/740
f 817/732/721 529/757/742 530/756/741
f 817/732/721 818/730/719 529/757/742
f 530/756/741 529/757/742 476/758/743
f 530/756/741 476/758/743 557/755/740
f 559/759/744 557/755/740 904/760/745
f 476/758/743 904/760/745 557/755/740
f 559/759/744 560/753/738 557/755/740
f 559/759/744 1041/752/737 560/753/738
f 559/759/744 743/751/736 1041/752/737
f 743/751/736 559/759/744 1042/761/746
f 743/751/736 1042/761/746 742/750/735
f 747/747/15 742/750/735 740/762/747
f 742/750/735 1042/761/746 740/762/747
f 740/762/747 749/763/748 747/747/15
f 1042/761/746 739/764/749 740/762/747
f 740/762/747 738/765/750 749/763/748
f 740/762/747 739/764/749 738/765/750
f 738/765/750 734/766/751 749/763/748
f 749/763/748 734/766/751 750/767/752
f 738/765/750 737/768/753 734/766/751
f 739/764/749 737/768/753 738/765/750
f 739/764/749 556/769/754 737/768/753
f 1042/761/746 746/770/755 739/764/749
f 746/770/755 556/769/754 739/764/749
f 1042/761/746 559/759/744 746/770/755
f 555/771/756 746/770/755 559/759/744
f 559/759/744 904/760/745 555/771/756
f 746/770/755 555/771/756 556/769/754
f 904/760/745 476/758/743 477/772/757
f 477/772/757 555/771/756 904/760/745
f 555/771/756 477/772/757 554/773/758
f 555/771/756 554/773/758 556/769/754
f 556/769/754 554/773/758 552/774/759
f 556/769/754 552/774/759 737/768/753
f 737/768/753 736/775/760 734/766/751
f 737/768/753 552/774/759 736/775/760
f 736/775/760 733/776/761 734/766/751
f 733/776/761 735/777/762 734/766/751
f 734/766/751 735/777/762 750/767/752
f 733/776/761 1040/480/476 735/777/762
f 735/777/762 1021/778/763 750/767/752
f 1021/778/763 735/777/762 1040/480/476
f 1021/778/763 1025/779/764 750/767/752
f 1025/779/764 1021/778/763 1044/780/765
f 1021/778/763 1040/480/476 1044/780/765
f 1025/779/764 1044/780/765 964/781/766
f 750/767/752 1025/779/764 964/781/766
f 963/782/767 750/767/752 964/781/766
f 963/782/767 964/781/766 975/783/768
f 976/784/769 963/782/767 975/783/768
f 964/781/766 1043/785/770 975/783/768
f 1043/785/770 964/781/766 1044/780/765
f 1044/780/765 1040/480/476 1043/785/770
f 1040/480/476 1039/479/475 1043/785/770
f 975/783/768 1043/785/770 1027/786/771
f 1043/785/770 1039/479/475 1027/786/771
f 1039/479/475 1033/478/474 1027/786/771
f 1027/786/771 1033/478/474 1032/477/473
f 1027/786/771 1032/477/473 997/787/772
f 997/787/772 1032/477/473 1035/405/401
f 996/406/402 997/787/772 1035/405/401
f 996/406/402 998/788/773 997/787/772
f 1026/789/774 1027/786/771 997/787/772
f 998/788/773 1026/789/774 997/787/772
f 1026/789/774 975/783/768 1027/786/771
f 976/784/769 975/783/768 1026/789/774
f 998/788/773 976/784/769 1026/789/774
f 736/775/760 730/790/775 733/776/761
f 552/774/759 730/790/775 736/775/760
f 733/776/761 729/791/776 1040/480/476
f 730/790/775 729/791/776 733/776/761
f 729/791/776 728/481/477 1040/480/476
f 728/481/477 729/791/776 544/482/478
f 546/792/777 545/483/479 544/482/478
f 729/791/776 546/792/777 544/482/478
f 547/793/778 546/792/777 729/791/776
f 730/790/775 547/793/778 729/791/776
f 547/793/778 545/483/479 546/792/777
f 548/555/551 545/483/479 547/793/778
f 548/555/551 547/793/778 549/794/779
f 549/794/779 547/793/778 730/790/775
f 552/774/759 549/794/779 730/790/775
f 552/774/759 551/795/780 549/794/779
f 554/773/758 551/795/780 552/774/759
f 549/794/779 550/556/552 548/555/551
f 551/795/780 550/556/552 549/794/779
f 553/796/781 550/556/552 551/795/780
f 554/773/758 553/796/781 551/795/780
f 553/796/781 624/557/553 550/556/552
f 503/797/782 624/557/553 553/796/781
f 503/797/782 504/558/554 624/557/553
f 553/796/781 502/798/783 503/797/782
f 554/773/758 502/798/783 553/796/781
f 477/772/757 502/798/783 554/773/758
f 477/772/757 474/799/784 502/798/783
f 474/799/784 503/797/782 502/798/783
f 504/558/554 503/797/782 474/799/784
f 471/800/785 504/558/554 474/799/784
f 505/559/555 504/558/554 471/800/785
f 472/801/786 505/559/555 471/800/785
f 472/801/786 497/576/572 505/559/555
f 497/576/572 472/801/786 525/595/591
f 470/802/787 472/801/786 471/800/785
f 472/801/786 470/802/787 525/595/591
f 471/800/785 473/803/788 470/802/787
f 473/803/788 471/800/785 474/799/784
f 475/804/789 473/803/788 474/799/784
f 475/804/789 474/799/784 476/758/743
f 474/799/784 477/772/757 476/758/743
f 476/758/743 529/757/742 475/804/789
f 528/805/790 473/803/788 475/804/789
f 529/757/742 528/805/790 475/804/789
f 818/730/719 528/805/790 529/757/742
f 528/805/790 818/730/719 527/806/791
f 528/805/790 527/806/791 473/803/788
f 527/806/791 470/802/787 473/803/788
f 527/806/791 526/807/792 470/802/787
f 526/807/792 525/595/591 470/802/787
f 526/807/792 524/596/592 525/595/591
f 526/807/792 835/691/687 524/596/592
f 826/721/714 835/691/687 526/807/792
f 527/806/791 826/721/714 526/807/792
f 818/730/719 826/721/714 527/806/791
f 115/711/83 144/808/84 117/710/706
f 144/808/84 145/809/793 117/710/706
f 144/808/84 104/810/85 145/809/793
f 117/710/706 145/809/793 153/811/794
f 121/708/704 117/710/706 153/811/794
f 153/811/794 162/812/795 121/708/704
f 162/812/795 161/709/705 121/708/704
f 153/811/794 105/813/796 162/812/795
f 105/813/796 153/811/794 145/809/793
f 102/814/797 105/813/796 145/809/793
f 104/810/85 102/814/797 145/809/793
f 102/814/797 104/810/85 103/815/798
f 102/814/797 103/815/798 105/813/796
f 106/816/799 105/813/796 103/815/798
f 105/813/796 106/816/799 162/812/795
f 162/812/795 96/817/800 161/709/705
f 106/816/799 93/818/801 162/812/795
f 93/818/801 96/817/800 162/812/795
f 93/818/801 94/819/802 96/817/800
f 95/820/803 96/817/800 94/819/802
f 96/817/800 95/820/803 161/709/705
f 95/820/803 69/707/703 161/709/705
f 69/707/703 95/820/803 67/706/702
f 94/819/802 67/706/702 95/820/803
f 94/819/802 353/821/804 67/706/702
f 352/822/805 66/705/701 67/706/702
f 353/821/804 352/822/805 67/706/702
f 352/822/805 354/823/806 66/705/701
f 353/821/804 371/824/807 352/822/805
f 354/823/806 352/822/805 371/824/807
f 371/824/807 372/825/808 354/823/806
f 371/824/807 353/821/804 372/825/808
f 353/821/804 361/826/809 375/827/810
f 353/821/804 375/827/810 372/825/808
f 353/821/804 94/819/802 361/826/809
f 93/818/801 90/828/811 94/819/802
f 361/826/809 94/819/802 90/828/811
f 93/818/801 92/829/812 90/828/811
f 92/829/812 93/818/801 106/816/799
f 114/830/813 92/829/812 106/816/799
f 106/816/799 103/815/798 114/830/813
f 114/830/813 89/831/814 92/829/812
f 92/829/812 89/831/814 90/828/811
f 88/832/815 90/828/811 89/831/814
f 88/832/815 360/833/816 90/828/811
f 360/833/816 361/826/809 90/828/811
f 375/827/810 361/826/809 360/833/816
f 375/827/810 360/833/816 372/825/808
f 360/833/816 374/834/817 373/835/818
f 360/833/816 373/835/818 372/825/808
f 360/833/816 88/832/815 374/834/817
f 89/831/814 91/836/819 88/832/815
f 114/830/813 401/837/820 89/831/814
f 91/836/819 89/831/814 401/837/820
f 402/838/821 91/836/819 401/837/820
f 401/837/820 208/839/822 402/838/821
f 208/839/822 210/840/823 402/838/821
f 209/841/94 210/840/823 208/839/822
f 207/842/824 209/841/94 208/839/822
f 207/842/824 208/839/822 111/843/825
f 111/843/825 208/839/822 401/837/820
f 114/830/813 111/843/825 401/837/820
f 111/843/825 114/830/813 103/815/798
f 111/843/825 103/815/798 112/844/826
f 112/844/826 207/842/824 111/843/825
f 354/823/806 70/845/827 66/705/701
f 372/825/808 370/846/828 354/823/806
f 354/823/806 355/847/829 70/845/827
f 354/823/806 370/846/828 355/847/829
f 355/847/829 75/848/830 70/845/827
f 370/846/828 356/849/831 355/847/829
f 356/849/831 75/848/830 355/847/829
f 370/846/828 372/825/808 356/849/831
f 75/848/830 356/849/831 78/850/832
f 372/825/808 376/851/833 356/849/831
f 356/849/831 357/852/834 78/850/832
f 356/849/831 376/851/833 357/852/834
f 358/853/835 376/851/833 372/825/808
f 358/853/835 357/852/834 376/851/833
f 372/825/808 369/854/836 358/853/835
f 369/854/836 359/855/817 358/853/835
f 358/853/835 359/855/817 84/856/837
f 359/855/817 87/857/838 84/856/837
f 84/856/837 80/858/839 358/853/835
f 358/853/835 80/858/839 357/852/834
f 357/852/834 80/858/839 78/850/832
f 75/848/830 78/850/832 76/661/657
f 80/858/839 79/859/840 78/850/832
f 78/850/832 81/660/656 76/661/657
f 78/850/832 79/859/840 81/660/656
f 81/660/656 79/859/840 390/659/655
f 390/659/655 79/859/840 393/860/841
f 79/859/840 80/858/839 83/861/842
f 79/859/840 83/861/842 393/860/841
f 80/858/839 82/862/843 83/861/842
f 80/858/839 84/856/837 82/862/843
f 83/861/842 82/862/843 396/863/844
f 393/860/841 83/861/842 396/863/844
f 396/863/844 216/864/845 393/860/841
f 393/860/841 214/865/846 390/659/655
f 216/864/845 214/865/846 393/860/841
f 214/865/846 213/658/654 390/659/655
f 213/658/654 214/865/846 212/866/847
f 211/657/653 213/658/654 212/866/847
f 214/865/846 215/867/848 212/866/847
f 214/865/846 216/864/845 215/867/848
f 215/867/848 216/864/845 217/868/849
f 218/869/850 216/864/845 396/863/844
f 216/864/845 218/869/850 217/868/849
f 396/863/844 397/870/851 218/869/850
f 396/863/844 82/862/843 397/870/851
f 85/871/851 82/862/843 84/856/837
f 82/862/843 85/871/851 397/870/851
f 84/856/837 86/872/852 85/871/851
f 86/872/852 84/856/837 87/857/838
f 86/872/852 87/857/838 403/873/853
f 86/872/852 403/873/853 399/874/821
f 398/875/854 86/872/852 399/874/821
f 85/871/851 86/872/852 398/875/854
f 397/870/851 85/871/851 398/875/854
f 398/875/854 220/876/855 397/870/851
f 220/876/855 218/869/850 397/870/851
f 217/868/849 218/869/850 220/876/855
f 219/877/856 217/868/849 220/876/855
f 217/868/849 219/877/856 186/878/857
f 215/867/848 217/868/849 186/878/857
f 192/879/858 215/867/848 186/878/857
f 212/866/847 215/867/848 192/879/858
f 194/880/859 212/866/847 192/879/858
f 212/866/847 194/880/859 211/657/653
f 194/880/859 200/656/652 211/657/653
f 192/879/858 193/881/860 194/880/859
f 194/880/859 193/881/860 200/656/652
f 192/879/858 190/882/861 193/881/860
f 186/878/857 190/882/861 192/879/858
f 186/878/857 187/883/862 36/884/863
f 186/878/857 36/884/863 190/882/861
f 186/878/857 219/877/856 187/883/862
f 221/885/94 219/877/856 222/886/864
f 219/877/856 221/885/94 187/883/862
f 219/877/856 220/876/855 222/886/864
f 222/886/864 220/876/855 398/875/854
f 399/874/821 222/886/864 398/875/854
f 221/885/94 235/887/865 187/883/862
f 235/887/865 33/888/866 187/883/862
f 33/888/866 36/884/863 187/883/862
f 33/888/866 35/889/867 34/890/868
f 33/888/866 34/890/868 36/884/863
f 35/889/867 37/891/131 34/890/868
f 36/884/863 34/890/868 188/892/869
f 37/891/131 38/893/870 34/890/868
f 188/892/869 34/890/868 38/893/870
f 37/891/131 185/894/871 38/893/870
f 185/894/871 37/891/131 196/895/872
f 185/894/871 196/895/872 223/896/873
f 224/897/874 185/894/871 223/896/873
f 223/896/873 225/898/875 224/897/874
f 185/894/871 224/897/874 227/899/876
f 225/898/875 226/900/877 224/897/874
f 224/897/874 226/900/877 227/899/876
f 225/898/875 391/901/878 226/900/877
f 225/898/875 392/902/166 391/901/878
f 391/901/878 392/902/166 348/903/879
f 392/902/166 349/904/880 348/903/879
f 348/903/879 349/904/880 347/905/881
f 347/905/881 343/906/882 348/903/879
f 347/905/881 350/907/883 343/906/882
f 343/906/882 351/908/884 348/903/879
f 391/901/878 348/903/879 351/908/884
f 389/909/885 391/901/878 351/908/884
f 226/900/877 391/901/878 389/909/885
f 228/910/886 226/900/877 389/909/885
f 226/900/877 228/910/886 227/899/876
f 389/909/885 388/911/887 228/910/886
f 227/899/876 228/910/886 230/912/888
f 230/912/888 228/910/886 388/911/887
f 230/912/888 229/913/889 227/899/876
f 184/914/890 185/894/871 227/899/876
f 184/914/890 227/899/876 229/913/889
f 184/914/890 38/893/870 185/894/871
f 38/893/870 191/915/891 188/892/869
f 191/915/891 38/893/870 184/914/890
f 191/915/891 184/914/890 198/916/892
f 198/916/892 184/914/890 229/913/889
f 199/917/893 198/916/892 229/913/889
f 231/918/894 199/917/893 229/913/889
f 229/913/889 230/912/888 231/918/894
f 230/912/888 232/919/895 231/918/894
f 230/912/888 388/911/887 386/920/896
f 232/919/895 230/912/888 386/920/896
f 388/911/887 346/921/897 386/920/896
f 388/911/887 389/909/885 345/922/898
f 388/911/887 345/922/898 346/921/897
f 389/909/885 351/908/884 345/922/898
f 351/908/884 343/906/882 345/922/898
f 345/922/898 343/906/882 339/923/899
f 346/921/897 345/922/898 339/923/899
f 343/906/882 344/924/900 339/923/899
f 350/907/883 344/924/900 343/906/882
f 362/925/901 363/926/902 350/907/883
f 344/924/900 350/907/883 363/926/902
f 344/924/900 363/926/902 340/927/903
f 344/924/900 340/927/903 339/923/899
f 363/926/902 362/925/901 340/927/903
f 339/923/899 340/927/903 335/928/904
f 341/929/905 339/923/899 335/928/904
f 346/921/897 339/923/899 341/929/905
f 386/920/896 346/921/897 341/929/905
f 385/930/906 386/920/896 341/929/905
f 232/919/895 386/920/896 385/930/906
f 234/931/907 232/919/895 385/930/906
f 231/918/894 232/919/895 234/931/907
f 233/932/908 231/918/894 234/931/907
f 199/917/893 231/918/894 233/932/908
f 204/933/909 199/917/893 233/932/908
f 199/917/893 204/933/909 197/934/910
f 198/916/892 199/917/893 197/934/910
f 191/915/891 198/916/892 197/934/910
f 191/915/891 197/934/910 189/935/911
f 191/915/891 189/935/911 188/892/869
f 188/892/869 189/935/911 36/884/863
f 189/935/911 190/882/861 36/884/863
f 189/935/911 195/936/912 190/882/861
f 197/934/910 195/936/912 189/935/911
f 197/934/910 203/937/913 195/936/912
f 204/933/909 203/937/913 197/934/910
f 203/937/913 204/933/909 268/938/914
f 204/933/909 233/932/908 274/939/915
f 268/938/914 204/933/909 274/939/915
f 233/932/908 234/931/907 274/939/915
f 234/931/907 292/940/916 274/939/915
f 234/931/907 385/930/906 383/941/917
f 292/940/916 234/931/907 383/941/917
f 385/930/906 342/942/918 383/941/917
f 385/930/906 341/929/905 342/942/918
f 342/942/918 341/929/905 335/928/904
f 342/942/918 335/928/904 337/943/919
f 342/942/918 337/943/919 381/944/920
f 383/941/917 342/942/918 381/944/920
f 383/941/917 381/944/920 299/945/921
f 292/940/916 383/941/917 299/945/921
f 292/940/916 299/945/921 275/946/922
f 274/939/915 292/940/916 275/946/922
f 268/938/914 274/939/915 275/946/922
f 267/947/923 268/938/914 275/946/922
f 244/638/634 268/938/914 267/947/923
f 244/638/634 203/937/913 268/938/914
f 203/937/913 244/638/634 202/640/636
f 203/937/913 202/640/636 195/936/912
f 195/936/912 202/640/636 201/641/637
f 193/881/860 195/936/912 201/641/637
f 195/936/912 193/881/860 190/882/861
f 201/641/637 200/656/652 193/881/860
f 269/642/638 200/656/652 201/641/637
f 249/639/635 244/638/634 267/947/923
f 249/639/635 267/947/923 266/948/924
f 267/947/923 275/946/922 276/949/925
f 266/948/924 267/947/923 276/949/925
f 275/946/922 299/945/921 276/949/925
f 299/945/921 298/950/926 276/949/925
f 299/945/921 381/944/920 298/950/926
f 381/944/920 377/951/927 298/950/926
f 381/944/920 337/943/919 377/951/927
f 298/950/926 377/951/927 297/952/928
f 298/950/926 297/952/928 277/953/929
f 276/949/925 298/950/926 277/953/929
f 266/948/924 276/949/925 277/953/929
f 440/954/930 266/948/924 277/953/929
f 254/637/633 266/948/924 440/954/930
f 254/637/633 249/639/635 266/948/924
f 440/954/930 258/625/621 254/637/633
f 258/625/621 440/954/930 265/955/931
f 261/615/611 258/625/621 265/955/931
f 440/954/930 241/956/932 265/955/931
f 440/954/930 277/953/929 241/956/932
f 277/953/929 297/952/928 241/956/932
f 297/952/928 239/957/933 241/956/932
f 297/952/928 378/958/934 239/957/933
f 377/951/927 378/958/934 297/952/928
f 337/943/919 338/959/935 377/951/927
f 377/951/927 338/959/935 378/958/934
f 337/943/919 331/960/936 338/959/935
f 338/959/935 333/961/937 378/958/934
f 338/959/935 331/960/936 333/961/937
f 378/958/934 333/961/937 400/962/938
f 378/958/934 400/962/938 239/957/933
f 239/957/933 148/963/939 238/964/940
f 239/957/933 400/962/938 148/963/939
f 238/964/940 241/956/932 239/957/933
f 265/955/931 241/956/932 238/964/940
f 265/955/931 238/964/940 288/965/941
f 261/615/611 265/955/931 288/965/941
f 261/615/611 288/965/941 306/614/610
f 288/965/941 289/966/942 306/614/610
f 289/966/942 564/533/529 306/614/610
f 288/965/941 290/967/943 289/966/942
f 238/964/940 290/967/943 288/965/941
f 289/966/942 565/968/944 564/533/529
f 290/967/943 565/968/944 289/966/942
f 565/968/944 566/532/528 564/533/529
f 565/968/944 720/969/945 566/532/528
f 720/969/945 719/509/505 566/532/528
f 565/968/944 427/970/946 720/969/945
f 290/967/943 427/970/946 565/968/944
f 238/964/940 428/971/947 290/967/943
f 428/971/947 427/970/946 290/967/943
f 238/964/940 163/972/948 428/971/947
f 163/972/948 238/964/940 148/963/939
f 148/963/939 135/973/949 163/972/948
f 163/972/948 135/973/949 429/974/950
f 163/972/948 429/974/950 428/971/947
f 430/975/951 426/976/952 428/971/947
f 428/971/947 429/974/950 430/975/951
f 426/976/952 427/970/946 428/971/947
f 425/977/953 427/970/946 426/976/952
f 425/977/953 510/978/954 427/970/946
f 510/978/954 720/969/945 427/970/946
f 719/509/505 720/969/945 510/978/954
f 511/507/503 719/509/505 510/978/954
f 511/507/503 510/978/954 489/504/500
f 489/504/500 510/978/954 425/977/953
f 484/979/955 489/504/500 425/977/953
f 483/980/956 484/979/955 425/977/953
f 426/976/952 483/980/956 425/977/953
f 483/980/956 426/976/952 430/975/951
f 431/981/957 483/980/956 430/975/951
f 429/974/950 431/981/957 430/975/951
f 431/981/957 429/974/950 433/982/958
f 135/973/949 433/982/958 429/974/950
f 433/982/958 432/983/959 431/981/957
f 483/980/956 431/981/957 432/983/959
f 481/984/960 483/980/956 432/983/959
f 481/984/960 456/985/961 483/980/956
f 456/985/961 484/979/955 483/980/956
f 456/985/961 452/502/498 484/979/955
f 452/502/498 489/504/500 484/979/955
f 456/985/961 455/503/499 452/502/498
f 455/503/499 456/985/961 481/984/960
f 482/447/443 455/503/499 481/984/960
f 574/986/962 482/447/443 481/984/960
f 574/986/962 481/984/960 571/987/963
f 481/984/960 432/983/959 571/987/963
f 432/983/959 433/982/958 570/988/964
f 571/987/963 432/983/959 570/988/964
f 433/982/958 133/989/965 570/988/964
f 135/973/949 133/989/965 433/982/958
f 570/988/964 573/990/966 572/991/967
f 573/990/966 570/988/964 133/989/965
f 572/991/967 571/987/963 570/988/964
f 571/987/963 572/991/967 574/986/962
f 947/446/442 574/986/962 944/992/968
f 574/986/962 572/991/967 944/992/968
f 947/446/442 482/447/443 574/986/962
f 944/992/968 941/445/441 947/446/442
f 941/445/441 944/992/968 943/993/969
f 575/994/970 943/993/969 944/992/968
f 572/991/967 575/994/970 944/992/968
f 572/991/967 573/990/966 575/994/970
f 573/990/966 576/995/971 575/994/970
f 576/995/971 573/990/966 132/996/972
f 132/996/972 573/990/966 133/989/965
f 132/996/972 133/989/965 124/997/973
f 133/989/965 135/973/949 134/998/974
f 133/989/965 134/998/974 124/997/973
f 135/973/949 136/999/975 134/998/974
f 136/999/975 135/973/949 148/963/939
f 148/963/939 149/1000/976 136/999/975
f 400/962/938 149/1000/976 148/963/939
f 149/1000/976 150/1001/977 136/999/975
f 136/999/975 150/1001/977 134/998/974
f 124/997/973 134/998/974 151/1002/978
f 150/1001/977 151/1002/978 134/998/974
f 151/1002/978 150/1001/977 158/1003/979
f 150/1001/977 149/1000/976 158/1003/979
f 158/1003/979 126/1004/980 151/1002/978
f 126/1004/980 124/997/973 151/1002/978
f 124/997/973 126/1004/980 125/1005/981
f 124/997/973 125/1005/981 132/996/972
f 125/1005/981 131/1006/982 132/996/972
f 131/1006/982 576/995/971 132/996/972
f 578/1007/983 576/995/971 131/1006/982
f 578/1007/983 577/218/216 576/995/971
f 577/218/216 575/994/970 576/995/971
f 575/994/970 577/218/216 932/219/217
f 943/993/969 575/994/970 932/219/217
f 942/1008/984 943/993/969 932/219/217
f 942/1008/984 941/445/441 943/993/969
f 932/219/217 880/220/218 942/1008/984
f 942/1008/984 862/1009/985 941/445/441
f 941/445/441 862/1009/985 860/444/440
f 942/1008/984 872/1010/986 862/1009/985
f 942/1008/984 880/220/218 872/1010/986
f 865/222/220 872/1010/986 880/220/218
f 865/222/220 874/1011/987 872/1010/986
f 865/222/220 863/221/219 874/1011/987
f 874/1011/987 871/1012/988 872/1010/986
f 872/1010/986 871/1012/988 862/1009/985
f 862/1009/985 859/1013/989 860/444/440
f 871/1012/988 859/1013/989 862/1009/985
f 874/1011/987 901/1014/990 871/1012/988
f 859/1013/989 871/1012/988 901/1014/990
f 874/1011/987 899/1015/991 901/1014/990
f 863/221/219 878/1016/992 874/1011/987
f 874/1011/987 878/1016/992 899/1015/991
f 863/221/219 879/1017/993 878/1016/992
f 878/1016/992 877/1018/994 899/1015/991
f 879/1017/993 877/1018/994 878/1016/992
f 877/1018/994 876/1019/995 899/1015/991
f 900/1020/996 901/1014/990 899/1015/991
f 876/1019/995 900/1020/996 899/1015/991
f 901/1014/990 900/1020/996 903/1021/997
f 901/1014/990 903/1021/997 859/1013/989
f 900/1020/996 876/1019/995 903/1021/997
f 903/1021/997 861/1022/998 859/1013/989
f 859/1013/989 861/1022/998 860/444/440
f 860/444/440 861/1022/998 869/425/421
f 861/1022/998 870/1023/999 869/425/421
f 861/1022/998 903/1021/997 870/1023/999
f 876/1019/995 870/1023/999 903/1021/997
f 875/1024/1000 870/1023/999 876/1019/995
f 876/1019/995 877/1018/994 875/1024/1000
f 893/1025/1001 875/1024/1000 877/1018/994
f 879/1017/993 893/1025/1001 877/1018/994
f 893/1025/1001 870/1023/999 875/1024/1000
f 869/425/421 870/1023/999 893/1025/1001
f 893/1025/1001 894/424/420 869/425/421
f 893/1025/1001 891/1026/1002 894/424/420
f 891/1026/1002 868/423/419 894/424/420
f 893/1025/1001 892/1027/1003 891/1026/1002
f 891/1026/1002 892/1027/1003 868/423/419
f 893/1025/1001 879/1017/993 892/1027/1003
f 892/1027/1003 873/422/418 868/423/419
f 879/1017/993 885/1028/1004 892/1027/1003
f 892/1027/1003 885/1028/1004 873/422/418
f 879/1017/993 960/1029/1005 885/1028/1004
f 960/1029/1005 879/1017/993 863/221/219
f 959/223/221 960/1029/1005 863/221/219
f 962/275/273 960/1029/1005 959/223/221
f 933/1030/1006 960/1029/1005 962/275/273
f 960/1029/1005 933/1030/1006 885/1028/1004
f 882/392/389 883/421/417 885/1028/1004
f 885/1028/1004 933/1030/1006 882/392/389
f 883/421/417 873/422/418 885/1028/1004
f 933/1030/1006 934/391/388 882/392/389
f 934/391/388 933/1030/1006 966/1031/1007
f 966/1031/1007 933/1030/1006 962/275/273
f 968/276/274 966/1031/1007 962/275/273
f 966/1031/1007 968/276/274 969/277/275
f 967/1032/1008 966/1031/1007 969/277/275
f 967/1032/1008 934/391/388 966/1031/1007
f 967/1032/1008 952/368/366 934/391/388
f 952/368/366 967/1032/1008 969/277/275
f 70/845/827 71/702/698 66/705/701
f 73/1033/1009 71/702/698 70/845/827
f 71/702/698 73/1033/1009 142/680/676
f 73/1033/1009 382/664/660 142/680/676
f 73/1033/1009 74/663/659 382/664/660
f 70/845/827 74/663/659 73/1033/1009
f 74/663/659 70/845/827 75/848/830
f 74/663/659 75/848/830 77/662/658
f 76/661/657 77/662/658 75/848/830
f 337/943/919 335/928/904 331/960/936
f 335/928/904 336/1034/1010 331/960/936
f 340/927/903 336/1034/1010 335/928/904
f 362/925/901 364/1035/1011 340/927/903
f 336/1034/1010 340/927/903 364/1035/1011
f 336/1034/1010 364/1035/1011 332/1036/1012
f 336/1034/1010 332/1036/1012 331/960/936
f 364/1035/1011 362/925/901 332/1036/1012
f 331/960/936 332/1036/1012 327/1037/1013
f 333/961/937 331/960/936 327/1037/1013
f 334/1038/1014 333/961/937 327/1037/1013
f 333/961/937 334/1038/1014 400/962/938
f 400/962/938 334/1038/1014 149/1000/976
f 334/1038/1014 327/1037/1013 329/1039/1015
f 334/1038/1014 329/1039/1015 149/1000/976
f 149/1000/976 329/1039/1015 158/1003/979
f 330/1040/1016 329/1039/1015 323/1041/1017
f 329/1039/1015 330/1040/1016 158/1003/979
f 329/1039/1015 327/1037/1013 323/1041/1017
f 327/1037/1013 328/1042/1018 323/1041/1017
f 332/1036/1012 328/1042/1018 327/1037/1013
f 362/925/901 368/1043/1019 332/1036/1012
f 328/1042/1018 332/1036/1012 368/1043/1019
f 328/1042/1018 368/1043/1019 324/1044/1020
f 328/1042/1018 324/1044/1020 323/1041/1017
f 368/1043/1019 362/925/901 324/1044/1020
f 323/1041/1017 324/1044/1020 319/1045/1021
f 325/1046/1022 323/1041/1017 319/1045/1021
f 330/1040/1016 323/1041/1017 325/1046/1022
f 330/1040/1016 325/1046/1022 155/1047/1023
f 158/1003/979 330/1040/1016 155/1047/1023
f 155/1047/1023 126/1004/980 158/1003/979
f 155/1047/1023 127/1048/1024 126/1004/980
f 155/1047/1023 325/1046/1022 127/1048/1024
f 126/1004/980 127/1048/1024 125/1005/981
f 325/1046/1022 319/1045/1021 326/1049/1025
f 325/1046/1022 326/1049/1025 127/1048/1024
f 319/1045/1021 321/1050/1026 326/1049/1025
f 127/1048/1024 326/1049/1025 156/1051/1027
f 326/1049/1025 321/1050/1026 156/1051/1027
f 156/1051/1027 129/1052/1028 127/1048/1024
f 125/1005/981 127/1048/1024 129/1052/1028
f 128/1053/1029 125/1005/981 129/1052/1028
f 131/1006/982 125/1005/981 128/1053/1029
f 130/1054/1030 131/1006/982 128/1053/1029
f 130/1054/1030 578/1007/983 131/1006/982
f 128/1053/1029 146/1055/1031 130/1054/1030
f 130/1054/1030 579/205/203 578/1007/983
f 146/1055/1031 579/205/203 130/1054/1030
f 579/205/203 577/218/216 578/1007/983
f 146/1055/1031 30/194/192 579/205/203
f 128/1053/1029 147/1056/1032 146/1055/1031
f 146/1055/1031 147/1056/1032 30/194/192
f 128/1053/1029 129/1052/1028 152/1057/1033
f 152/1057/1033 147/1056/1032 128/1053/1029
f 129/1052/1028 157/193/191 152/1057/1033
f 156/1051/1027 157/193/191 129/1052/1028
f 157/193/191 156/1051/1027 322/1058/1034
f 156/1051/1027 321/1050/1026 322/1058/1034
f 321/1050/1026 319/1045/1021 311/1059/1035
f 322/1058/1034 321/1050/1026 311/1059/1035
f 322/1058/1034 311/1059/1035 314/191/189
f 157/193/191 322/1058/1034 314/191/189
f 99/192/190 152/1057/1033 157/193/191
f 147/1056/1032 152/1057/1033 99/192/190
f 97/195/193 147/1056/1032 99/192/190
f 147/1056/1032 97/195/193 30/194/192
f 314/191/189 311/1059/1035 312/188/186
f 311/1059/1035 313/1060/1036 312/188/186
f 320/1061/1037 313/1060/1036 311/1059/1035
f 319/1045/1021 320/1061/1037 311/1059/1035
f 324/1044/1020 320/1061/1037 319/1045/1021
f 320/1061/1037 324/1044/1020 367/1062/1038
f 320/1061/1037 367/1062/1038 313/1060/1036
f 324/1044/1020 362/925/901 367/1062/1038
f 362/925/901 313/1060/1036 367/1062/1038
f 362/925/901 365/1063/1039 313/1060/1036
f 313/1060/1036 315/1064/1040 312/188/186
f 315/1064/1040 313/1060/1036 365/1063/1039
f 315/1064/1040 316/187/185 312/188/186
f 315/1064/1040 366/1065/1041 316/187/185
f 315/1064/1040 365/1063/1039 366/1065/1041
f 362/925/901 366/1065/1041 365/1063/1039
f 756/53/52 751/46/45 757/45/44
f 756/53/52 757/45/44 850/1066/1042
f 850/1066/1042 757/45/44 851/43/42
f 851/43/42 846/1067/1043 850/1066/1042
f 847/344/342 849/1068/1044 846/1067/1043
f 846/1067/1043 849/1068/1044 850/1066/1042
f 846/1067/1043 848/345/343 847/344/342
f 847/344/342 761/343/341 849/1068/1044
f 849/1068/1044 761/343/341 850/1066/1042
f 761/343/341 759/1069/1045 850/1066/1042
f 759/1069/1045 756/53/52 850/1066/1042
f 759/1069/1045 760/54/53 756/53/52
f 758/342/340 760/54/53 759/1069/1045
f 761/343/341 758/342/340 759/1069/1045
f 758/342/340 775/63/62 760/54/53
f 774/341/339 776/64/63 775/63/62
f 774/341/339 778/340/338 776/64/63
f 778/340/338 779/76/75 776/64/63
f 779/76/75 778/340/338 780/1070/1046
f 781/77/76 779/76/75 780/1070/1046
f 778/340/338 783/339/337 780/1070/1046
f 612/1071/1047 780/1070/1046 783/339/337
f 514/338/336 612/1071/1047 783/339/337
f 514/338/336 517/318/316 612/1071/1047
f 517/318/316 613/1072/1048 612/1071/1047
f 612/1071/1047 613/1072/1048 780/1070/1046
f 781/77/76 780/1070/1046 782/122/120
f 613/1072/1048 782/122/120 780/1070/1046
f 613/1072/1048 616/123/121 782/122/120
f 616/123/121 613/1072/1048 517/318/316
o lshoulder
v -10.548526 1.008572 -19.081064
v -9.785138 2.762672 -21.795343
v -10.667274 0.452152 -21.961588
v -9.160852 3.858568 -17.778206
v -10.551919 1.710899 -15.851075
v -10.053170 3.183407 -14.965543
v -9.978530 2.647330 -18.840174
v -11.155845 -0.056779 -16.655184
v -9.866564 4.377680 -20.485706
v -0.939987 11.940338 -16.003754
v -1.594805 11.970873 -16.193754
v -0.939987 12.327122 -16.227688
v -0.939987 12.439068 -17.859648
v -0.939987 12.805508 -17.340530
v -1.662661 12.340670 -17.632322
v -0.939987 12.747837 -18.911425
v -1.530343 12.788542 -19.118391
v -0.939987 13.283894 -19.138744
v -1.238562 13.311031 -19.294817
v -0.939987 14.091393 -19.233744
v -1.452307 13.487453 -19.576422
v -1.574449 13.192291 -20.434814
v -1.805164 12.927654 -19.718918
v -0.939987 13.239782 -16.363398
v -0.939987 13.718187 -20.105701
v -1.509986 12.591759 -16.743395
v -0.939987 13.300859 -20.682486
v -0.939987 15.299255 -23.959980
v -0.939987 14.498541 -23.590157
v -2.500695 14.366203 -24.146587
v -0.939987 13.633371 -22.833549
v -3.060518 13.633371 -23.654621
v -0.939987 16.320494 -24.133013
v -2.015519 15.258539 -24.431587
v -1.859447 16.795494 -24.767471
v -0.939987 17.630119 -23.997303
v -0.939987 17.328175 -25.344255
v -1.530343 17.175493 -25.184792
v -0.939987 16.530857 -26.589436
v -2.025699 16.181402 -26.151760
v -2.724624 15.604597 -25.330692
v -2.602485 14.827642 -27.132292
v -0.939987 15.092279 -27.790497
v -1.269095 12.357645 -16.380358
v -0.939987 -0.501234 -30.542099
v -2.612661 0.279118 -29.904243
v -0.939987 1.788934 -29.911022
v -0.939987 4.465886 -29.975498
v -0.939987 10.973375 -27.675140
v -3.457482 10.885149 -27.474968
v -0.939987 11.774080 -24.933727
v -3.515158 11.533194 -24.665688
v -6.192113 10.505150 -24.126225
v -6.046222 9.585696 -26.569073
v -7.847822 8.706947 -23.654621
v -0.939987 11.587467 -22.144798
v -4.102120 11.214262 -21.829269
v -6.738362 10.186239 -21.452665
v -8.526390 8.381233 -21.795343
v -0.939987 7.967302 -29.320675
v -3.745873 7.458391 -29.035667
v -5.768005 7.085166 -27.861752
v -7.019966 6.793392 -26.273895
v -8.370317 6.399804 -23.976940
v -9.157460 5.850177 -22.148193
v -3.861228 4.391249 -28.974602
v -5.333722 4.591430 -28.041569
v -6.544968 4.286067 -26.619968
v -8.027641 3.889112 -24.584263
v -9.120139 3.692318 -22.853907
v -0.939987 10.905512 -19.552673
v -4.302299 10.596752 -19.454275
v -6.924969 9.850332 -19.243923
v -8.838531 8.133552 -19.308390
v -9.598531 5.792496 -19.885170
v -6.843537 9.290525 -16.628044
v -4.237832 9.796039 -16.587324
v -0.939987 9.935152 -16.617863
v -8.709603 7.543209 -16.729820
v -8.902998 5.042668 -16.668758
v -4.017297 0.998391 -29.137459
v -5.313366 1.558228 -28.133179
v -6.595861 2.084105 -26.762465
v -7.766394 2.341977 -25.337471
v -8.370317 2.341977 -24.445160
v -8.974245 2.165536 -23.508730
v -9.496747 1.812684 -23.037128
v -9.897099 1.174822 -22.931942
v -11.362807 -0.630165 -19.766418
v -11.335665 -1.305336 -21.106594
v -11.087988 -1.434277 -22.823378
v -10.188885 0.506446 -23.101589
v -10.674062 -0.969439 -23.797121
v -10.918345 -1.179801 -23.871763
v -11.037096 -1.871947 -24.153366
v -11.484951 -2.513197 -22.948906
v -11.240665 -2.336775 -23.919270
v -11.725843 -2.526755 -21.503559
v -11.902271 -2.414810 -20.129457
v -11.942986 -2.143379 -18.877491
v -11.895486 -1.603914 -17.869820
v -11.413701 -0.691234 -16.950359
v -2.456589 9.354980 -14.059657
v -0.939987 9.354980 -14.059657
v -4.034260 9.246422 -14.015549
v -6.205682 8.873198 -14.188581
v -8.085320 7.115700 -14.073231
v -8.791031 5.979108 -13.964657
v -9.425493 4.754282 -13.747510
v -12.329769 -1.223904 -23.647839
v -11.240665 -2.336775 -23.919270
v -11.037096 -1.871947 -24.153366
v -12.658875 -1.488551 -22.789442
v -10.918345 -1.179801 -23.871763
v -12.143162 -0.511415 -23.610519
v -10.674062 -0.969439 -23.797121
v -11.637630 0.852514 -23.003197
v -10.188885 0.506446 -23.101589
v -11.257630 1.646434 -22.921761
v -9.897099 1.174822 -22.931942
v -10.735131 2.362330 -23.183014
v -9.496747 1.812684 -23.037128
v -10.175313 2.745727 -23.773367
v -8.974245 2.165536 -23.508730
v -9.445851 2.840726 -24.794621
v -8.370317 2.341977 -24.445160
v -8.818174 2.779638 -25.653011
v -7.766394 2.341977 -25.337471
v -8.638356 2.535364 -26.005857
v -7.902106 2.453943 -26.976219
v -6.595861 2.084105 -26.762465
v -7.074250 2.311433 -27.905859
v -5.313366 1.558228 -28.133179
v -5.812116 1.989105 -29.049240
v -4.017297 0.998391 -29.137459
v -4.295512 1.395376 -30.039953
v -2.612661 0.279118 -29.904243
v -2.619448 0.608230 -30.898350
v -0.939987 -0.501234 -30.542099
v -0.939987 -0.172122 -31.529419
v -0.939987 11.349976 -15.053756
v -2.958728 11.336409 -15.036795
v -2.965515 12.276215 -18.409285
v -2.948552 11.852123 -16.773930
v -1.923913 12.096395 -16.784107
v -2.945159 12.584965 -19.583208
v -3.087657 12.988714 -21.761417
v -0.939987 13.273714 -22.080339
v -3.979978 13.718189 -25.415512
v -4.919794 13.087112 -24.058376
v -4.709439 13.321215 -25.853188
v -3.301409 14.389973 -25.395149
v -3.603370 13.887827 -27.318890
v -3.861228 13.555336 -27.919434
v -2.293734 14.003189 -28.523354
v -2.419270 13.585861 -29.242641
v -0.939987 14.026928 -28.838892
v -0.939987 13.551939 -29.721033
v -5.371046 12.500147 -21.890343
v -7.420323 11.628193 -21.886948
v -6.975860 12.055693 -23.712292
v -6.656930 12.228725 -25.072834
v -6.093720 12.401760 -26.630146
v -5.235332 12.544250 -28.153530
v -4.193726 12.503544 -29.568352
v -2.775521 12.517103 -30.671024
v -0.939987 12.758018 -30.901743
v -0.939987 11.760502 -32.106201
v -2.541412 11.533194 -31.861916
v -3.956228 11.156591 -31.173168
v -7.963175 11.149796 -24.190693
v -7.698536 11.048012 -25.771759
v -6.972467 11.360159 -27.183174
v -6.059792 11.526409 -28.611565
v -4.991047 11.441580 -30.029781
v -8.940317 9.202310 -24.574081
v -9.045494 9.796039 -22.263554
v -8.441570 9.083560 -26.117832
v -7.640858 9.405878 -27.542820
v -6.629789 10.023367 -28.842285
v -9.778351 8.486414 -22.572296
v -9.476386 7.706062 -24.699615
v -8.777460 7.624630 -26.277288
v -7.858000 7.933381 -27.807468
v -7.084428 8.628923 -28.771030
v -10.372098 6.810348 -22.765697
v -10.093885 6.155529 -24.092302
v -9.608709 5.538031 -25.218727
v -8.658712 5.548212 -26.725145
v -7.715499 6.074108 -28.245144
v -6.765503 6.627132 -29.459778
v -6.198898 8.757835 -29.812635
v -5.584796 7.441425 -30.518349
v -5.676400 9.728186 -30.114601
v -4.936761 8.751051 -30.972988
v -3.623727 9.972471 -31.722811
v -2.612661 10.433902 -32.197807
v -5.459258 12.025156 -19.980171
v -7.288001 11.414442 -19.861420
v -9.150674 9.731583 -20.343203
v -9.815673 8.791777 -20.614634
v -10.321207 7.743390 -20.791058
v -5.421939 11.648535 -18.531422
v -7.213360 10.966589 -17.628929
v -5.449080 11.258373 -16.994469
v -9.313531 9.395697 -18.212498
v -10.029420 8.479630 -18.504282
v -10.511205 7.499096 -18.785887
v -7.030144 10.634081 -15.973222
v -4.906225 10.936045 -15.416792
v -9.452637 8.879982 -15.861257
v -10.212636 7.953733 -15.976606
v -10.748705 6.973200 -16.281963
v -6.829967 10.454262 -15.294655
v -4.794262 11.112476 -15.118221
v -9.629066 8.761232 -15.084294
v -10.460312 7.651777 -15.013042
v -11.016740 6.314985 -14.795903
v -0.939987 10.586580 -14.117335
v -2.595698 10.586580 -14.117335
v -2.456589 9.354980 -14.059657
v -0.939987 9.354980 -14.059657
v -4.583903 10.433901 -14.171615
v -4.034260 9.246422 -14.015549
v -9.897099 6.715348 -14.035910
v -10.840311 5.683908 -14.351440
v -10.609597 5.151247 -13.923944
v -7.053895 9.656946 -14.293762
v -9.079427 7.899449 -14.141081
v -6.205682 8.873198 -14.188581
v -8.085320 7.115700 -14.073231
v -8.791031 5.979108 -13.964657
v -9.425493 4.754282 -13.747510
v -10.053170 3.183407 -14.965543
v -11.125311 3.777136 -14.992689
v -10.853882 5.510883 -15.359113
v -11.176203 5.117326 -15.331973
v -11.515488 3.872136 -15.942680
v -12.146555 1.941615 -17.092859
v -11.698701 1.945012 -16.329464
v -10.551919 1.710899 -15.851075
v -11.155845 -0.056779 -16.655184
v -12.696198 0.207858 -17.075891
v -13.198338 -1.176404 -18.721428
v -11.895486 -1.603914 -17.869820
v -11.942986 -2.143379 -18.877491
v -12.950662 -0.426597 -17.374472
v -11.484951 -2.513197 -22.948906
v -11.725843 -2.526755 -21.503559
v -12.940481 -1.556404 -21.459452
v -11.902271 -2.414810 -20.129457
v -13.171194 -1.464801 -20.064989
v -11.413701 -0.691234 -16.950359
v -11.474771 5.500702 -16.797682
v -11.023524 5.829814 -16.590715
v -11.267809 5.928201 -18.955532
v -10.802989 6.308201 -18.836779
v -12.692803 0.838935 -17.900360
v -12.238161 2.521795 -17.890179
v -11.817451 4.007862 -17.164104
v -11.752985 4.540532 -18.941959
v -12.244948 2.803398 -18.677313
v -12.702983 1.307150 -18.796068
v -13.018517 0.061981 -18.894459
v -11.634236 4.431954 -20.173563
v -12.244948 2.620183 -19.858025
v -13.008337 -0.151759 -20.058210
v -12.730126 1.100185 -19.959810
v -12.777624 -0.341759 -21.588377
v -12.543519 0.920367 -21.289806
v -12.170305 2.155355 -21.042130
v -11.590128 3.906057 -21.184626
v -10.999774 6.203019 -20.448389
v -11.067632 5.371781 -21.897129
v -12.431555 -0.280690 -22.691057
v -10.602810 6.535530 -20.349989
v -10.918345 5.721256 -22.433197
v -12.061734 0.821970 -22.385696
v -11.600307 1.972139 -22.260159
v -10.592632 4.591430 -23.373009
v -11.026917 3.210544 -22.643559
v -10.406026 3.553205 -23.590157
v -9.856385 4.014646 -24.641933
v -9.120139 3.719465 -25.663187
v -9.981923 4.313214 -24.865870
v -9.364424 4.163930 -25.802296
v -8.529783 4.167317 -27.003365
v -8.081928 3.515897 -26.966038
v -10.680847 5.134281 -23.573196
v -0.939987 10.739264 -32.567619
v -7.389787 4.493032 -28.455502
v -6.382111 5.354815 -29.626034
v -5.357472 6.437132 -30.613346
v -5.072473 7.044460 -30.837269
v -4.488904 8.035155 -31.247807
v -2.755160 9.578913 -32.180847
v -0.939987 9.952127 -32.618523
v -7.172646 3.505716 -28.044962
v -6.053007 3.441260 -29.140858
v -4.074981 2.691433 -30.117992
v -5.136936 4.055372 -30.128170
v -3.806942 3.967156 -30.579418
v -4.278549 5.561780 -30.874596
v -2.660161 2.732148 -30.596384
v -0.939987 2.267331 -30.857635
v -3.671230 5.144453 -30.942457
v -2.524445 3.641421 -30.830490
v -0.939987 3.176623 -30.959423
v -3.884978 6.213201 -31.200308
v -3.542301 7.217494 -31.546377
v -0.939987 8.808743 -32.279240
v -2.358201 8.486414 -32.085842
v -1.560879 6.318383 -32.116371
v -0.939987 6.684824 -32.211380
v -1.876413 7.519450 -32.394592
v -0.939987 7.756959 -32.459057
v -0.939987 5.989290 -31.780489
v -1.737308 5.938383 -32.021370
v -2.633018 6.647496 -32.163879
v -2.687304 5.263213 -31.807627
v -1.923913 4.303043 -31.590483
v -1.598199 5.541418 -31.922989
v -0.939987 5.137669 -31.824598
v -0.939987 4.024828 -31.546377
v -2.850160 5.965530 -31.984053
v 8.671944 1.008572 -19.081064
v 7.908552 2.762672 -21.795343
v 8.101944 2.647330 -18.840174
v 7.280878 3.858568 -17.778206
v 8.176588 3.183407 -14.965543
v 8.675333 1.710899 -15.851075
v 9.279263 -0.056779 -16.655184
v 7.986589 4.377680 -20.485706
v -0.939987 11.940338 -16.003754
v -0.939987 12.327122 -16.227688
v -0.281775 11.970873 -16.193754
v -0.939987 12.439068 -17.859648
v -0.217313 12.340670 -17.632322
v -0.939987 12.805508 -17.340530
v -0.939987 12.747837 -18.911425
v -0.939987 13.283894 -19.138744
v -0.346238 12.788542 -19.118391
v -0.641420 13.311031 -19.294817
v -0.939987 14.091393 -19.233744
v -0.424278 13.487453 -19.576422
v -0.302132 13.192291 -20.434814
v -0.071421 12.927654 -19.718918
v -0.939987 13.239782 -16.363398
v -0.939987 13.718187 -20.105701
v -0.366594 12.591759 -16.743395
v -0.939987 13.300859 -20.682486
v -0.939987 15.299255 -23.959980
v 0.624114 14.366203 -24.146587
v -0.939987 14.498541 -23.590157
v -0.939987 13.633371 -22.833549
v 1.180540 13.633371 -23.654621
v -0.939987 16.320494 -24.133013
v 0.138938 15.258539 -24.431587
v -0.020528 16.795494 -24.767471
v -0.346238 17.175493 -25.184792
v 0.149114 16.181402 -26.151760
v 0.848039 15.604597 -25.330692
v 0.725900 14.827642 -27.132292
v -0.607490 12.357645 -16.380358
v 0.732687 0.279118 -29.904243
v 1.580893 10.885149 -27.474968
v 1.638573 11.533194 -24.665688
v 4.312136 10.505150 -24.126225
v 5.971237 8.706947 -23.654621
v 4.169633 9.585696 -26.569073
v 2.225535 11.214262 -21.829269
v 4.861779 10.186239 -21.452665
v 6.649805 8.381233 -21.795343
v 1.869288 7.458391 -29.035667
v 3.891422 7.085166 -27.861752
v 5.143384 6.793392 -26.273895
v 6.493736 6.399804 -23.976940
v 7.280878 5.850177 -22.148193
v 1.981250 4.391249 -28.974602
v 3.453746 4.591430 -28.041569
v 4.664994 4.286067 -26.619968
v 6.151059 3.889112 -24.584263
v 7.243554 3.692318 -22.853907
v 2.425714 10.596752 -19.454275
v 5.048380 9.850332 -19.243923
v 6.961946 8.133552 -19.308390
v 7.721948 5.792496 -19.885170
v 4.963561 9.290525 -16.628044
v 2.357858 9.796039 -16.587324
v 6.829627 7.543209 -16.729820
v 7.026412 5.042668 -16.668758
v 2.137323 0.998391 -29.137459
v 3.433389 1.558228 -28.133179
v 4.719276 2.084105 -26.762465
v 5.886414 2.341977 -25.337471
v 6.493736 2.341977 -24.445160
v 7.097662 2.165536 -23.508730
v 7.620158 1.812684 -23.037128
v 8.020514 1.174822 -22.931942
v 8.790692 0.452152 -21.961588
v 9.486224 -0.630165 -19.766418
v 9.455690 -1.305336 -21.106594
v 9.211407 -1.434277 -22.823378
v 8.312300 0.506446 -23.101589
v 8.797480 -0.969439 -23.797121
v 9.041764 -1.179801 -23.871763
v 9.160509 -1.871947 -24.153366
v 9.604974 -2.513197 -22.948906
v 9.364081 -2.336775 -23.919270
v 9.849262 -2.526755 -21.503559
v 10.025686 -2.414810 -20.129457
v 10.066403 -2.143379 -18.877491
v 10.015507 -1.603914 -17.869820
v 9.537118 -0.691234 -16.950359
v 0.576615 9.354980 -14.059657
v 2.154286 9.246422 -14.015549
v 4.329099 8.873198 -14.188581
v 6.208739 7.115700 -14.073231
v 6.911057 5.979108 -13.964657
v 7.548912 4.754282 -13.747510
v 10.453186 -1.223904 -23.647839
v 9.160509 -1.871947 -24.153366
v 9.364081 -2.336775 -23.919270
v 10.782290 -1.488551 -22.789442
v 9.041764 -1.179801 -23.871763
v 10.266579 -0.511415 -23.610519
v 8.797480 -0.969439 -23.797121
v 8.312300 0.506446 -23.101589
v 9.761046 0.852514 -23.003197
v 8.020514 1.174822 -22.931942
v 9.381044 1.646434 -22.921761
v 7.620158 1.812684 -23.037128
v 8.858548 2.362330 -23.183014
v 7.097662 2.165536 -23.508730
v 8.295336 2.745727 -23.773367
v 6.493736 2.341977 -24.445160
v 7.569269 2.840726 -24.794621
v 5.886414 2.341977 -25.337471
v 6.941590 2.779638 -25.653011
v 6.761767 2.535364 -26.005857
v 4.719276 2.084105 -26.762465
v 6.025523 2.453943 -26.976219
v 5.197670 2.311433 -27.905859
v 3.433389 1.558228 -28.133179
v 3.935529 1.989105 -29.049240
v 2.137323 0.998391 -29.137459
v 2.418927 1.395376 -30.039953
v 0.732687 0.279118 -29.904243
v 0.742863 0.608230 -30.898350
v 1.082148 11.336409 -15.036795
v -0.939987 11.349976 -15.053756
v 1.085541 12.276215 -18.409285
v 0.047328 12.096395 -16.784107
v 1.068574 11.852123 -16.773930
v 1.065185 12.584965 -19.583208
v -0.939987 13.273714 -22.080339
v 1.207683 12.988714 -21.761417
v 2.103393 13.718189 -25.415512
v 3.039819 13.087112 -24.058376
v 2.832854 13.321215 -25.853188
v 1.424825 14.389973 -25.395149
v 1.726785 13.887827 -27.318890
v 1.981250 13.555336 -27.919434
v 0.417149 14.003189 -28.523354
v 0.542685 13.585861 -29.242641
v 3.491065 12.500147 -21.890343
v 5.543740 11.628193 -21.886948
v 5.099277 12.055693 -23.712292
v 4.780349 12.228725 -25.072834
v 4.217137 12.401760 -26.630146
v 3.358747 12.544250 -28.153530
v 2.317145 12.503544 -29.568352
v 0.898932 12.517103 -30.671024
v 0.664827 11.533194 -31.861916
v 2.079643 11.156591 -31.173168
v 6.083199 11.149796 -24.190693
v 5.821951 11.048012 -25.771759
v 5.092490 11.360159 -27.183174
v 4.183207 11.526409 -28.611565
v 3.114461 11.441580 -30.029781
v 7.063736 9.202310 -24.574081
v 7.168912 9.796039 -22.263554
v 6.561592 9.083560 -26.117832
v 5.764275 9.405878 -27.542820
v 4.749813 10.023367 -28.842285
v 7.596408 7.706062 -24.699615
v 7.898376 8.486414 -22.572296
v 6.900877 7.624630 -26.277288
v 5.981417 7.933381 -27.807468
v 5.204453 8.628923 -28.771030
v 8.217300 6.155529 -24.092302
v 8.495515 6.810348 -22.765697
v 7.732124 5.538031 -25.218727
v 6.782127 5.548212 -26.725145
v 5.835525 6.074108 -28.245144
v 4.888922 6.627132 -29.459778
v 3.708207 7.441425 -30.518349
v 4.318923 8.757835 -29.812635
v 3.799817 9.728186 -30.114601
v 3.060176 8.751051 -30.972988
v 1.747146 9.972471 -31.722811
v 0.732687 10.433902 -32.197807
v 5.408024 11.414442 -19.861420
v 3.582675 12.025156 -19.980171
v 7.274091 9.731583 -20.343203
v 7.939089 8.791777 -20.614634
v 8.444622 7.743390 -20.791058
v 3.545355 11.648535 -18.531422
v 3.569106 11.258373 -16.994469
v 5.336774 10.966589 -17.628929
v 7.436946 9.395697 -18.212498
v 8.152838 8.479630 -18.504282
v 8.634621 7.499096 -18.785887
v 3.029639 10.936045 -15.416792
v 5.150170 10.634081 -15.973222
v 7.576052 8.879982 -15.861257
v 8.336053 7.953733 -15.976606
v 8.872118 6.973200 -16.281963
v 2.914283 11.112476 -15.118221
v 4.953385 10.454262 -15.294655
v 7.752481 8.761232 -15.084294
v 8.583727 7.651777 -15.013042
v 9.140153 6.314985 -14.795903
v -0.939987 10.586580 -14.117335
v 0.719114 10.586580 -14.117335
v 0.576615 9.354980 -14.059657
v -0.939987 9.354980 -14.059657
v 2.707322 10.433901 -14.171615
v 2.154286 9.246422 -14.015549
v 8.017121 6.715348 -14.035910
v 8.963724 5.683908 -14.351440
v 8.729620 5.151247 -13.923944
v 5.177309 9.656946 -14.293762
v 7.199449 7.899449 -14.141081
v 4.329099 8.873198 -14.188581
v 6.208739 7.115700 -14.073231
v 7.548912 4.754282 -13.747510
v 6.911057 5.979108 -13.964657
v 8.176588 3.183407 -14.965543
v 9.248726 3.777136 -14.992689
v 8.973908 5.510883 -15.359113
v 9.296226 5.117326 -15.331973
v 9.635514 3.872136 -15.942680
v 9.822115 1.945012 -16.329464
v 10.269976 1.941615 -17.092859
v 8.675333 1.710899 -15.851075
v 9.279263 -0.056779 -16.655184
v 10.819613 0.207858 -17.075891
v 11.318359 -1.176404 -18.721428
v 10.066403 -2.143379 -18.877491
v 10.015507 -1.603914 -17.869820
v 11.074075 -0.426597 -17.374472
v 9.604974 -2.513197 -22.948906
v 11.060505 -1.556404 -21.459452
v 9.849262 -2.526755 -21.503559
v 11.294610 -1.464801 -20.064989
v 10.025686 -2.414810 -20.129457
v 9.537118 -0.691234 -16.950359
v 9.598187 5.500702 -16.797682
v 9.146940 5.829814 -16.590715
v 9.391225 5.928201 -18.955532
v 8.923012 6.308201 -18.836779
v 10.816219 0.838935 -17.900360
v 10.361582 2.521795 -17.890179
v 9.940868 4.007862 -17.164104
v 9.876405 4.540532 -18.941959
v 10.368365 2.803398 -18.677313
v 10.823007 1.307150 -18.796068
v 11.141934 0.061981 -18.894459
v 10.368365 2.620183 -19.858025
v 9.754259 4.431954 -20.173563
v 11.128361 -0.151759 -20.058210
v 10.850146 1.100185 -19.959810
v 10.901039 -0.341759 -21.588377
v 10.666934 0.920367 -21.289806
v 10.290332 2.155355 -21.042130
v 9.713547 3.906057 -21.184626
v 9.123190 6.203019 -20.448389
v 9.191050 5.371781 -21.897129
v 10.554973 -0.280690 -22.691057
v 8.722833 6.535530 -20.349989
v 9.041764 5.721256 -22.433197
v 10.185153 0.821970 -22.385696
v 9.720333 1.972139 -22.260159
v 8.716050 4.591430 -23.373009
v 8.529441 3.553205 -23.590157
v 9.150333 3.210544 -22.643559
v 7.979802 4.014646 -24.641933
v 7.240165 3.719465 -25.663187
v 8.101944 4.313214 -24.865870
v 7.484446 4.163930 -25.802296
v 6.205345 3.515897 -26.966038
v 6.653198 4.167317 -27.003365
v 8.800873 5.134281 -23.573196
v 5.513204 4.493032 -28.455502
v 4.505528 5.354815 -29.626034
v 3.480889 6.437132 -30.613346
v 3.195892 7.044460 -30.837269
v 2.612319 8.035154 -31.247807
v 0.878575 9.578913 -32.180847
v 5.296062 3.505716 -28.044962
v 4.176420 3.441260 -29.140858
v 2.198392 2.691433 -30.117992
v 3.260354 4.055372 -30.128170
v 1.930357 3.967156 -30.579418
v 2.401964 5.561780 -30.874596
v 0.783576 2.732148 -30.596384
v 1.794641 5.144453 -30.942457
v 0.647864 3.641421 -30.830490
v 2.008394 6.213201 -31.200308
v 1.665716 7.217494 -31.546377
v 0.481612 8.486414 -32.085842
v -0.000171 7.519450 -32.394592
v -0.315705 6.318383 -32.116371
v -0.139277 5.938383 -32.021370
v 0.756437 6.647496 -32.163879
v 0.810719 5.263213 -31.807627
v -0.278382 5.541418 -31.922989
v 0.047328 4.303043 -31.590483
v 0.970185 5.965530 -31.984053
v 7.799980 6.213200 -5.278971
v -0.980700 0.000912 0.000302
v 5.876237 8.282844 -5.407897
v 2.832854 10.193022 -5.418077
v -0.939987 10.837658 -5.357003
v -4.801048 10.389807 -5.462182
v -7.610322 8.910504 -5.506289
v -10.199064 6.674641 -5.407897
v -12.017627 3.865351 -5.333250
v -12.882804 0.380911 -5.197538
v -12.282269 -3.127309 -5.092359
v 9.638903 3.084999 -5.234865
v -10.589239 -6.672817 -4.929507
v -7.491570 -9.532993 -4.922721
v -4.454974 -10.594948 -4.912540
v -0.939987 -11.181911 -4.895574
v 2.574999 -10.594948 -4.912540
v 5.614990 -9.532993 -4.922721
v 9.204619 -7.249600 -4.960040
v 10.673717 -3.290161 -5.065219
v 10.534616 0.221436 -5.190752
v -6.270149 -7.300482 -7.365561
v -5.900328 -6.713537 -7.918604
v -8.146391 -5.118893 -7.552174
v -7.861393 -4.535324 -7.959318
v -3.813729 -8.627094 -7.338422
v -3.508371 -7.901015 -7.884671
v -0.821242 -9.112274 -7.328242
v -0.939987 -8.308182 -7.874498
v -5.289616 6.006243 -9.238420
v -3.844266 6.854467 -9.207880
v -5.903722 6.823921 -8.264675
v -3.508371 8.008032 -8.295208
v -6.354970 7.393919 -7.755737
v -8.271927 5.392148 -7.745565
v -0.939987 -6.292818 -11.477697
v -2.629624 -5.444593 -13.092691
v -2.836590 -6.126568 -11.077339
v -0.939987 -5.763533 -13.235188
v -0.939987 -7.018877 -9.866089
v -2.999445 -6.679602 -9.672705
v -7.783360 4.761072 -8.200201
v -3.854446 8.710347 -7.806631
v -2.649981 -5.285137 -14.687326
v -0.939987 -5.515852 -14.819652
v -0.956950 9.209096 -7.813417
v -0.939987 8.418564 -8.305387
v -0.939987 -7.273353 -8.885563
v -3.209804 -6.930662 -8.888957
v -3.613550 6.464277 -9.679491
v -3.284446 6.647503 -12.051085
v -2.921409 6.949468 -9.557344
v -2.751767 7.322673 -12.397156
v -5.286223 -5.872096 -8.926277
v -2.368376 7.288741 -9.177347
v -0.939987 7.516068 -9.177347
v 1.998214 8.737483 -7.843958
v -0.956950 9.785878 -6.975392
v 2.249289 9.232854 -6.985572
v 4.529278 7.471961 -7.762524
v 5.000884 7.780699 -6.961818
v 6.595522 5.395523 -7.745566
v 7.023019 5.707678 -6.890564
v -0.821242 -9.112274 -7.328242
v 2.113573 -9.319242 -6.503781
v 1.893038 -8.688162 -7.351996
v -0.939987 7.302319 -9.499665
v -0.939987 7.631433 -12.319124
v 4.892312 -8.233528 -6.561468
v 4.485171 -7.395504 -7.399494
v 7.487839 -5.990860 -6.592001
v 6.575162 -5.322462 -7.457174
v -8.115856 -0.087295 -11.311445
v -7.644250 -1.892292 -10.381805
v -6.806218 -1.410507 -11.355550
v -6.673899 -2.567472 -10.619301
v 7.911946 -2.696409 -7.501281
v 8.933191 -2.889787 -6.683606
v -7.671392 2.884828 -12.722866
v -7.800322 2.233407 -11.698229
v -8.153176 1.531090 -13.096084
v -8.383888 0.832160 -12.213943
v -7.281216 3.519302 -11.457336
v -6.941932 4.262325 -12.427688
v 8.329267 0.119655 -7.616640
v 9.245332 0.221438 -6.795565
v -7.576394 1.130728 -13.241976
v -7.362646 0.017887 -12.254656
v 8.570158 2.976433 -6.815925
v 7.894982 2.871253 -7.681099
v -0.858561 -9.678879 -6.429141
v -3.348909 -6.282637 -9.682884
v -3.219980 -5.675329 -10.999308
v 1.967681 6.854466 -9.207880
v 1.631790 8.008030 -8.295208
v -3.111407 -4.250320 -13.248755
v 5.241776 -3.816031 -8.966989
v 3.406246 -5.872096 -8.926277
v 5.923737 -4.864438 -7.966105
v -6.120863 3.254665 -10.575195
v -5.503365 3.929826 -11.684654
v -7.501749 2.925553 -10.358051
v -7.936034 1.544658 -10.612514
v -6.436395 3.013759 -9.431805
v -7.576394 2.769464 -9.380912
v 4.023745 -6.713538 -7.918605
v 1.333215 -6.930662 -8.888957
v 1.631790 -7.901016 -7.884671
v -0.939987 -7.273353 -8.885563
v -0.939987 -8.308182 -7.874498
v -4.617833 5.778934 -9.251987
v -4.767118 4.927334 -11.721973
v -4.332835 5.938391 -11.667686
v -5.041940 4.930731 -9.265560
v 4.027138 6.823919 -8.264675
v 3.487672 5.870536 -9.201094
v 5.927130 4.971432 -8.217169
v 5.313025 3.617686 -9.194315
v -5.696758 3.980723 -10.391985
v -7.406752 -2.866040 -9.370739
v -6.270149 -3.944970 -9.598057
v -5.248901 -4.426753 -10.877161
v -5.181046 -5.257991 -9.750736
v -5.119972 -3.758346 -11.976439
v -3.121587 -5.020501 -12.034118
v -6.500862 -1.532655 -11.572697
v 2.449463 9.561945 -6.449494
v -0.950167 10.148911 -6.422355
v -4.960511 -3.001754 -13.160542
v -6.422825 -0.915155 -12.926439
v -6.354970 0.167161 -12.458221
v -6.141220 0.591273 -13.581260
v -6.290505 -0.521587 -14.215721
v -5.014797 -2.642107 -14.398934
v -3.192837 -4.006047 -14.388753
v -6.490684 0.981454 -13.316615
v -4.180156 9.290525 -6.995752
v -6.789253 7.919813 -6.975392
v -8.940317 5.836601 -6.934671
v -0.858561 -9.678879 -6.429141
v -4.007121 -9.247992 -6.473248
v -6.633181 -7.996017 -6.469854
v -8.879248 -5.580315 -6.520748
v -9.435672 -2.584442 -7.582705
v -10.226206 -2.750683 -6.690393
v -9.964958 0.085736 -7.613246
v -10.976024 0.187518 -6.775213
v -9.510317 2.786437 -7.667525
v -10.378885 3.159660 -6.856638
v -8.994603 -3.259610 -8.240913
v -7.562824 -3.313893 -9.231634
v -8.187107 -2.543714 -9.218060
v -8.031035 -4.409780 -8.458059
v -9.737638 0.031443 -8.329134
v 3.165355 4.930729 -9.265560
v 2.890534 4.927334 -11.721973
v 3.816780 3.980721 -10.391985
v 3.626781 3.929825 -11.684654
v 4.244280 3.254664 -10.575195
v 4.556421 3.013756 -9.431805
v 3.182318 4.659290 -12.685548
v -8.814781 0.055194 -9.058596
v -8.061569 2.708405 -9.258774
v -8.902998 3.553211 -8.410566
v -7.542466 3.410723 -9.245208
v -8.078535 4.533744 -8.427526
v -8.285498 -4.284246 -7.745565
v -8.947104 -3.208724 -7.728599
v -9.747816 0.068770 -7.769310
v -9.266029 2.725369 -7.860924
v -8.170140 4.638925 -7.989850
v -7.172646 -3.683712 -8.983955
v -7.199788 3.712688 -9.187528
v 1.122860 -6.679603 -9.672705
v 1.472325 -6.282638 -9.682884
v 4.393562 -3.944971 -9.598057
v 5.526777 -2.866042 -9.370739
v 4.797312 -2.567473 -10.619301
v 5.767668 -1.892293 -10.381805
v 3.301067 -5.257992 -9.750736
v 3.372320 -4.426754 -10.877161
v 1.343395 -5.675330 -10.999308
v 1.245003 -5.020501 -12.034118
v 3.243387 -3.758346 -11.976439
v 4.624281 -1.532655 -11.572697
v 1.234827 -4.250320 -13.248755
v 3.083926 -3.001755 -13.160542
v 0.753043 -5.444593 -13.092691
v 0.960005 -6.126568 -11.077339
v 4.546241 -0.915155 -12.926439
v 4.478384 0.167161 -12.458221
v 4.264637 0.591273 -13.581260
v 3.138212 -2.642107 -14.398934
v 4.413922 -0.521587 -14.215721
v 1.316252 -4.006047 -14.388753
v 7.067125 -3.324077 -8.383420
v 5.689629 -3.344429 -9.218060
v 6.218915 -4.423359 -8.430920
v 6.341057 -2.268897 -8.827883
v 4.926241 -1.410508 -11.355550
v 7.857660 0.068769 -8.349495
v 6.717660 0.061986 -8.888957
v 3.915172 1.195194 -15.318394
v 6.229095 2.372517 -8.994128
v 6.968733 3.604116 -8.447887
v 4.610703 0.981454 -13.316615
v 4.420709 1.425919 -14.551613
v 5.713382 3.359833 -9.258774
v 5.486061 0.017887 -12.254656
v 5.699809 1.130728 -13.241976
v 5.245165 1.429306 -14.582145
v 6.171415 4.479467 -8.508953
v 6.215522 -4.518360 -7.820212
v 7.250341 -2.855864 -7.806631
v 7.888196 0.055190 -7.843958
v 7.274091 2.956072 -7.955925
v 6.317307 4.574467 -8.044136
v 2.676785 9.938547 -5.831999
v -0.939987 10.837658 -5.357003
v -0.943380 10.562840 -5.784500
v 2.832854 10.193022 -5.418077
v 5.645522 8.150517 -5.815041
v 5.876237 8.282844 -5.407897
v 7.596408 6.080892 -5.703074
v 7.799980 6.213200 -5.278971
v -0.916237 -10.784946 -5.299323
v 2.574999 -10.594948 -4.912540
v 2.456250 -10.259050 -5.329864
v -0.939987 -11.181911 -4.895574
v 5.424988 -9.190323 -5.353610
v 5.614990 -9.532993 -4.922721
v 8.753373 -6.917110 -5.390930
v 9.204619 -7.249600 -4.960040
v 10.673717 -3.290161 -5.065219
v 10.215685 -3.184979 -5.489322
v 10.534616 0.221436 -5.190752
v 10.195330 0.221436 -5.611460
v 9.638903 3.084999 -5.234865
v 9.360688 3.054456 -5.648780
v -4.638189 10.101419 -5.865926
v -4.801048 10.389807 -5.462182
v -7.393180 8.652653 -5.893072
v -7.610322 8.910504 -5.506289
v -9.866564 6.454088 -5.808254
v -10.199064 6.674641 -5.407897
v -4.336229 -10.238708 -5.323077
v -0.939987 -11.181911 -4.895574
v -0.916237 -10.784946 -5.299323
v -4.454974 -10.594948 -4.912540
v -7.267644 -9.129244 -5.329864
v -7.491570 -9.532993 -4.922721
v -10.137991 -6.384429 -5.350217
v -10.589239 -6.672817 -4.929507
v -11.742807 -3.028911 -5.513068
v -12.282269 -3.127309 -5.092359
v -12.384056 0.330005 -5.611460
v -12.882804 0.380911 -5.197538
v -12.017627 3.865351 -5.333250
v -11.586737 3.678749 -5.733607
v 5.699809 2.769462 -9.380912
v 1.041435 6.949466 -9.557344
v 1.733572 6.464276 -9.679491
v 2.741248 5.778934 -9.251987
v 5.625166 2.925551 -10.358051
v 6.103555 1.201975 -9.458952
v 6.059449 1.544657 -10.612514
v -7.980145 1.178217 -9.350379
v 6.239271 -0.087296 -11.311445
v 6.235878 -0.653909 -9.455559
v -8.112463 -0.653907 -9.455559
v 5.302849 7.953733 -6.429141
v 7.291054 5.880712 -6.337536
v 8.939975 3.013751 -6.273069
v 9.689796 0.221437 -6.242537
v 9.530331 -3.025523 -6.127177
v 8.078195 -6.421737 -6.032178
v 5.139990 -8.677984 -5.998243
v 2.273039 -9.756903 -5.957532
v -0.885705 -10.194593 -5.903253
v -4.159800 -9.709414 -5.937179
v -0.885705 -10.194593 -5.903253
v -6.928360 -8.525312 -5.937179
v 2.452857 5.938390 -11.667686
v 1.407862 6.647503 -12.051085
v 1.960894 6.583047 -13.065552
v 1.550360 7.190355 -14.137682
v -9.466208 -5.956918 -5.974499
v 1.926964 5.914651 -13.336967
v -10.931916 -2.879605 -6.140751
v 2.612319 5.381970 -14.765358
v 6.507306 0.832159 -12.213943
v 5.920343 2.233407 -11.698229
v 5.401237 3.519301 -11.457336
v -0.939987 -7.018877 -9.866089
v 0.770007 -5.285137 -14.687326
v -11.630845 0.255369 -6.235749
v -10.942094 3.403933 -6.334143
v -0.939987 -5.763533 -13.235188
v -0.939987 -5.515852 -14.819652
v -9.371209 6.124996 -6.412174
v -0.939987 -6.292818 -11.477697
v 0.881969 8.323568 -13.401434
v 0.875182 7.322673 -12.397156
v -7.070859 8.262483 -6.469854
v -4.393905 9.670515 -6.466461
v 4.502134 5.113937 -14.504113
v 5.428381 3.295372 -14.643218
v 5.061958 4.262325 -12.427688
v 5.791419 2.884828 -12.722866
v 6.276591 1.531090 -13.096084
v 5.967843 1.822874 -14.565187
v -4.271762 0.771092 -26.477463
v -0.939987 -2.207835 -26.026213
v -2.392127 1.039126 -27.156029
v -3.705156 -2.838892 -24.896391
v -7.121754 1.429306 -14.582145
v -5.795149 1.195194 -15.318394
v -6.002112 1.347875 -16.068207
v -6.297292 1.425919 -14.551613
v -7.121754 -1.220498 -22.938717
v -4.309085 -4.002649 -23.094791
v -6.015686 0.024672 -15.664464
v -5.737471 0.180740 -16.505892
v -6.599255 -0.433372 -24.278896
v -0.939987 -4.827104 -23.976933
v -3.223373 -3.391935 -15.735716
v -4.359978 -2.089065 -16.271786
v -5.360864 0.357161 -25.737822
v -6.785860 -3.076401 -19.705347
v -3.569444 -5.071378 -21.279617
v -0.939987 -5.091741 -17.252312
v -2.656768 -5.040854 -16.119108
v -0.939987 -5.417456 -16.227680
v -0.939987 -5.719421 -20.014099
v -4.638189 -4.443717 -18.049631
v -2.643198 -4.867819 -17.347311
v -6.168363 -3.629425 -18.809635
v -7.281216 -1.759963 -21.961580
v -7.186217 -2.391040 -20.889452
v -0.939987 1.093400 -27.301922
v -0.939987 -5.091741 -17.252312
v -4.916400 -3.354606 -17.598389
v -5.442295 -3.768527 -16.950354
v -3.165694 -3.269788 -17.204811
v -5.499973 -2.180687 -16.427853
v -5.058903 4.659290 -12.685548
v -4.875688 -1.390154 -16.455000
v -2.643198 -4.867819 -17.347311
v -4.638189 -4.443717 -18.049631
v -7.749427 1.476806 -15.959642
v -6.758718 1.534477 -16.312500
v -6.446574 0.313048 -16.566965
v -8.495855 1.531090 -17.594997
v -7.769788 1.229125 -17.591602
v -8.339783 2.131624 -15.861250
v -9.055676 2.246986 -17.561064
v -7.844429 1.822874 -14.565187
v -8.312641 4.581256 -17.259098
v -7.308357 3.295372 -14.643218
v -7.915678 1.415748 -18.256596
v -6.283720 -1.013542 -16.889280
v -7.074250 -1.837996 -16.522858
v -7.003003 -3.222298 -17.075886
v -6.324433 -2.682823 -18.226057
v -6.168363 -3.629425 -18.809635
v -7.359252 0.828763 -17.652668
v -7.437286 -0.182294 -17.703560
v -8.265141 -1.094974 -17.581425
v -8.397461 -2.329981 -17.903748
v -7.522107 1.100194 -18.334639
v -7.779966 0.547181 -19.199810
v -8.132820 1.001797 -19.376236
v -8.007286 1.958590 -19.254097
v -8.475498 1.436090 -19.637486
v -8.336390 2.355555 -19.393204
v -8.492462 -0.541940 -18.531414
v -8.587461 0.377524 -19.990345
v -8.455143 1.877148 -20.299088
v -8.685856 -0.681043 -20.353374
v -8.706212 -0.175509 -21.021769
v -8.573889 -1.705688 -18.884272
v -6.785860 -3.076401 -19.705347
v -7.281216 -1.987291 -19.053911
v -7.630680 -1.213713 -20.217663
v -7.186217 -2.391040 -20.889452
v -7.281216 -1.759963 -21.961580
v -7.688356 -0.586043 -21.296587
v -8.285498 2.626976 -20.400875
v -8.984424 3.512508 -19.491594
v -7.684964 -0.019441 -21.703724
v -7.488179 -0.202657 -22.355150
v -0.939987 1.093400 -27.301922
v -0.939987 1.500566 -27.254421
v -2.392127 1.039126 -27.156029
v -2.463376 1.565022 -27.067814
v -8.007286 1.554840 -20.628201
v -7.437286 1.894114 -22.087112
v -4.271762 0.771092 -26.477463
v -4.417655 1.466625 -26.297644
v -5.360864 0.357161 -25.737822
v -7.121754 -1.220498 -22.938717
v -6.599255 -0.433372 -24.278896
v -6.938540 0.282524 -23.810682
v -7.203181 1.205365 -23.189793
v -7.854607 2.301280 -20.740158
v -4.923187 3.560008 -25.093174
v -6.243007 2.589647 -24.251751
v -4.841761 2.491260 -25.737822
v -5.846044 1.612512 -25.110146
v -6.592468 3.397156 -22.962473
v -5.113186 4.774653 -23.725859
v -6.928360 4.170723 -21.686762
v -5.248901 5.772151 -22.589264
v -7.311750 4.683041 -21.388191
v -5.489793 6.508390 -22.080334
v -0.939987 3.156269 -28.190845
v -2.585518 3.112156 -27.722631
v -3.342123 3.027318 -27.281559
v -3.460871 3.733032 -26.874422
v -3.498194 5.035892 -26.019424
v -3.810336 6.257321 -24.682642
v -4.061403 7.149649 -23.138901
v -2.643198 5.660186 -26.049957
v -2.653374 6.959650 -24.672470
v -2.700874 3.834826 -27.454597
v -0.939987 3.878939 -27.997456
v -0.939987 6.009641 -26.277281
v -0.939987 7.013924 -25.072826
v -3.148731 7.750183 -23.369610
v -2.884089 8.001241 -22.049793
v -4.251405 7.387139 -21.557829
v -2.914622 8.635715 -22.239798
v -2.683911 7.539820 -24.543545
v -3.053731 8.062309 -20.258375
v -4.268369 7.458399 -19.980165
v -3.277660 7.930001 -18.955526
v -4.302299 7.271776 -18.385530
v -3.002838 8.896955 -20.190525
v -2.531232 9.453385 -20.183739
v -2.415876 9.107298 -22.361938
v -0.939987 9.745169 -20.271948
v -0.939987 9.093729 -22.477299
v -3.233553 9.022479 -19.803730
v -2.582125 9.680704 -19.881773
v -0.939987 9.938557 -19.847839
v -4.991047 6.956253 -17.058928
v -3.348909 7.560183 -17.126780
v -3.555870 6.050356 -14.456614
v -4.488904 5.381970 -14.765358
v -3.219980 8.235343 -15.538925
v -3.426945 7.190355 -14.137682
v -3.837475 6.583047 -13.065552
v -3.803549 5.914651 -13.336967
v -6.283720 7.407492 -21.157482
v -7.841035 5.870538 -20.651945
v -2.761947 8.323568 -13.401434
v -2.768734 9.446590 -14.534645
v -3.338729 8.937660 -18.314278
v -2.694087 9.792660 -18.114100
v -2.236054 7.848569 -24.689426
v -0.939987 8.632318 -13.330189
v -0.939987 9.785885 -14.480361
v -0.939987 9.901228 -18.103918
v -0.939987 7.865525 -24.641926
v -6.378720 5.113937 -14.504113
v -8.254964 5.337857 -18.975880
v -6.673899 7.264992 -18.439810
v -6.443182 7.478762 -19.830879
v -6.877465 6.844287 -17.014822
v 2.395177 0.771092 -26.477463
v 0.515545 1.039126 -27.156029
v 1.825182 -2.838892 -24.896391
v 5.241776 -1.220498 -22.938717
v 2.432497 -4.002649 -23.094791
v 4.722670 -0.433372 -24.278896
v 3.484282 0.357161 -25.737822
v 1.692859 -5.071378 -21.279617
v 4.909278 -3.076401 -19.705347
v 5.309632 -2.391040 -20.889452
v 0.766613 -4.867819 -17.347311
v 2.761604 -4.443717 -18.049631
v 4.291780 -3.629425 -18.809635
v 5.404631 -1.759963 -21.961580
v 3.039819 -3.354606 -17.598389
v 1.285719 -3.269788 -17.204811
v 3.562319 -3.768527 -16.950354
v 3.623388 -2.180687 -16.427853
v 2.483393 -2.089065 -16.271786
v 2.999106 -1.390154 -16.455000
v 1.346789 -3.391935 -15.735716
v 4.139101 0.024672 -15.664464
v 3.860886 0.180740 -16.505892
v 0.766613 -4.867819 -17.347311
v -0.939987 -5.091741 -17.252312
v 0.780187 -5.040854 -16.119108
v -0.939987 -5.417456 -16.227680
v 2.761604 -4.443717 -18.049631
v 4.122138 1.347875 -16.068207
v 5.872844 1.476806 -15.959642
v 4.882135 1.534477 -16.312500
v 4.569990 0.313048 -16.566965
v 5.893201 1.229125 -17.591602
v 6.619272 1.531090 -17.594997
v 6.459806 2.131624 -15.861250
v 7.179088 2.246986 -17.561064
v 6.432663 4.581256 -17.259098
v 6.039093 1.415748 -18.256596
v 4.407135 -1.013542 -16.889280
v 5.197670 -1.837996 -16.522858
v 5.126420 -3.222298 -17.075886
v 4.447852 -2.682823 -18.226057
v 4.291780 -3.629425 -18.809635
v 5.479274 0.828763 -17.652668
v 5.560703 -0.182294 -17.703560
v 6.388557 -1.094974 -17.581425
v 6.517486 -2.329981 -17.903748
v 5.645522 1.100194 -18.334639
v 5.903381 0.547181 -19.199810
v 6.252845 1.001797 -19.376236
v 6.127305 1.958590 -19.254097
v 6.598916 1.436090 -19.637486
v 6.459806 2.355555 -19.393204
v 6.612485 -0.541940 -18.531414
v 6.710877 0.377524 -19.990345
v 6.578556 1.877148 -20.299088
v 6.809271 -0.681043 -20.353374
v 6.826233 -0.175509 -21.021769
v 6.697304 -1.705688 -18.884272
v 5.404631 -1.987291 -19.053911
v 4.909278 -3.076401 -19.705347
v 5.750701 -1.213713 -20.217663
v 5.309632 -2.391040 -20.889452
v 5.404631 -1.759963 -21.961580
v 5.808382 -0.586043 -21.296587
v 6.408914 2.626976 -20.400875
v 7.104448 3.512508 -19.491594
v 5.808382 -0.019441 -21.703724
v 5.611597 -0.202657 -22.355150
v -0.939987 1.093400 -27.301922
v 0.515545 1.039126 -27.156029
v -0.939987 1.500566 -27.254421
v 0.583398 1.565022 -27.067814
v 6.130698 1.554840 -20.628201
v 5.560703 1.894114 -22.087112
v 2.395177 0.771092 -26.477463
v 3.484282 0.357161 -25.737822
v 2.541069 1.466625 -26.297644
v 5.241776 -1.220498 -22.938717
v 4.722670 -0.433372 -24.278896
v 5.061958 0.282524 -23.810682
v 5.326599 1.205365 -23.189793
v 5.978024 2.301280 -20.740158
v 3.046602 3.560008 -25.093174
v 2.965176 2.491260 -25.737822
v 4.366418 2.589647 -24.251751
v 3.969459 1.612512 -25.110146
v 4.715883 3.397156 -22.962473
v 3.236604 4.774653 -23.725859
v 5.051773 4.170723 -21.686762
v 3.372320 5.772151 -22.589264
v 5.435168 4.683041 -21.388191
v 3.613212 6.508390 -22.080334
v -0.939987 3.156269 -28.190845
v 0.705540 3.112156 -27.722631
v 1.465538 3.027318 -27.281559
v 1.580893 3.733032 -26.874422
v 1.621610 5.035892 -26.019424
v 1.933751 6.257321 -24.682642
v 2.181429 7.149649 -23.138901
v 0.776793 6.959650 -24.672470
v 0.766613 5.660186 -26.049957
v 0.824293 3.834826 -27.454597
v -0.939987 3.878939 -27.997456
v -0.939987 6.009641 -26.277281
v -0.939987 7.013924 -25.072826
v 1.272146 7.750183 -23.369610
v 1.007505 8.001241 -22.049793
v 2.374821 7.387139 -21.557829
v 1.038041 8.635715 -22.239798
v 0.807326 7.539820 -24.543545
v 2.391784 7.458399 -19.980165
v 1.177147 8.062309 -20.258375
v 2.425714 7.271776 -18.385530
v 1.401075 7.930001 -18.955526
v 0.539291 9.107298 -22.361938
v 0.654647 9.453385 -20.183739
v 1.126254 8.896955 -20.190525
v 1.353575 9.022479 -19.803730
v 0.705540 9.680704 -19.881773
v 1.472325 7.560183 -17.126780
v 3.114461 6.956253 -17.058928
v 1.679290 6.050356 -14.456614
v 1.343395 8.235343 -15.538925
v 4.407135 7.407492 -21.157482
v 5.961060 5.870538 -20.651945
v 0.892145 9.446590 -14.534645
v 1.462144 8.937660 -18.314278
v 0.814113 9.792660 -18.114100
v 0.356080 7.848569 -24.689426
v -0.939987 7.865525 -24.641926
v 6.378381 5.337857 -18.975880
v 4.797312 7.264992 -18.439810
v 4.566597 7.478762 -19.830879
v 5.000884 6.844287 -17.014822
vn 0.0470 -0.9877 0.1489
vn 0.0078 -0.9678 0.2518
vn 0.0079 0.4628 0.8864
vn -0.0156 0.4842 0.8748
vn -0.0000 0.8308 0.5565
vn 0.1097 -0.9406 0.3214
vn -0.1181 0.8818 0.4566
vn -0.1488 0.4856 0.8614
vn 0.4142 -0.8752 0.2500
vn -0.2656 0.5312 0.8046
vn 0.7492 -0.6165 0.2419
vn -0.2263 0.8819 0.4136
vn -0.3616 0.8176 0.4481
vn -0.2278 0.9583 0.1728
vn -0.1336 0.8956 0.4243
vn -0.2199 0.9426 0.2514
vn -0.2278 0.9428 0.2435
vn -0.4526 0.8583 0.2419
vn -0.6300 0.7717 0.0866
vn -0.5587 0.6925 0.4564
vn -0.2669 0.3375 0.9027
vn -0.3219 0.2591 0.9107
vn 0.8893 -0.2731 0.3667
vn -0.7737 0.4924 0.3986
vn -0.8270 0.5617 0.0234
vn -0.8425 0.5383 0.0234
vn -0.9413 0.3373 -0.0157
vn -0.9685 0.1874 0.1640
vn -0.8011 0.1963 0.5655
vn -0.4641 -0.1495 0.8731
vn 0.6711 -0.4838 0.5618
vn 0.7020 -0.5522 0.4497
vn -0.6599 -0.2750 0.6992
vn 0.6940 -0.5537 0.4601
vn -0.9326 0.2038 0.2978
vn -0.9718 0.2352 0.0157
vn -0.9011 0.4232 0.0941
vn -0.9375 0.3466 -0.0315
vn -0.9049 0.4250 -0.0236
vn -0.9068 0.4022 0.1262
vn -0.9437 0.1022 0.3146
vn -0.6116 -0.1882 0.7684
vn 0.6875 -0.4687 0.5547
vn -0.6139 -0.0629 0.7869
vn 0.6802 -0.6099 0.4066
vn -0.9100 0.2040 0.3609
vn -0.9696 0.2049 0.1340
vn -0.8775 0.4780 -0.0392
vn -0.9538 0.2967 -0.0470
vn -0.9404 0.3056 -0.1489
vn -0.8669 0.4729 -0.1576
vn -0.9319 0.3524 -0.0862
vn -0.9463 0.2287 -0.2287
vn -0.9466 0.2973 -0.1252
vn -0.9207 0.2341 -0.3121
vn -0.8995 0.3050 -0.3128
vn -0.8190 0.2964 -0.4914
vn -0.8667 0.1483 -0.4763
vn -0.9258 -0.0314 -0.3766
vn -0.9313 0.3209 -0.1722
vn -0.9164 0.3446 -0.2037
vn -0.9054 0.1248 -0.4058
vn -0.8668 -0.0473 -0.4964
vn -0.8817 0.2205 -0.4172
vn -0.8984 0.2734 -0.3437
vn -0.8618 0.1175 -0.4935
vn -0.8343 -0.0945 -0.5431
vn -0.8301 -0.2741 -0.4855
vn -0.8430 -0.0473 -0.5358
vn -0.5382 -0.1638 -0.8268
vn -0.5785 -0.5238 -0.6254
vn -0.6332 -0.6097 -0.4768
vn -0.7740 -0.3440 -0.5316
vn -0.7872 -0.1496 -0.5983
vn -0.8359 0.0469 -0.5469
vn -0.8689 0.1566 -0.4696
vn -0.8148 -0.0079 -0.5798
vn -0.7192 -0.2032 -0.6644
vn -0.6941 -0.2808 -0.6629
vn -0.7488 -0.2995 -0.5912
vn -0.7031 -0.5781 -0.4140
vn 0.6575 -0.6575 0.3678
vn 0.6017 -0.7659 0.2266
vn 0.7881 -0.6147 -0.0315
vn 0.9020 -0.4079 -0.1412
vn -0.4009 0.1494 -0.9039
vn 0.8146 -0.0235 -0.5796
vn -0.8053 0.3909 -0.4457
vn -0.2827 0.4005 -0.8716
vn 0.7070 0.0236 -0.7069
vn -0.8850 0.3132 -0.3446
vn -0.3538 0.3930 -0.8488
vn 0.4708 0.0784 -0.8787
vn -0.7109 -0.1484 -0.6874
vn 0.4243 -0.1336 -0.8956
vn 0.0234 -0.8661 -0.4993
vn -0.8689 -0.4071 -0.2818
vn 0.0314 -0.9951 -0.0940
vn 0.1642 -0.9853 0.0469
vn -0.8770 -0.4542 -0.1566
vn 0.2601 -0.9539 0.1497
vn -0.9602 0.1810 -0.2125
vn -0.9135 0.2993 -0.2756
vn -0.9534 0.2813 -0.1094
vn -0.9767 0.1797 -0.1172
vn -0.8988 -0.4377 -0.0234
vn 0.3676 -0.8838 0.2894
vn -0.8709 -0.4315 0.2354
vn 0.4056 -0.8112 0.4212
vn -0.7674 -0.3054 0.5638
vn -0.9483 0.2665 0.1724
vn -0.9783 0.2035 0.0391
vn -0.9608 0.2734 0.0469
vn -0.9565 0.2352 0.1725
vn -0.9612 0.2758 0.0079
vn 0.6719 -0.5078 0.5391
vn -0.6577 -0.7047 -0.2662
vn -0.5939 -0.7033 -0.3907
vn 0.6226 -0.4413 0.6463
vn -0.6348 -0.6191 -0.4623
vn 0.5117 -0.3936 0.7637
vn -0.5934 -0.2499 -0.7652
vn -0.5929 -0.4681 -0.6553
vn 0.3684 -0.3841 0.8466
vn -0.5615 -0.3354 -0.7564
vn 0.1489 -0.4074 0.9010
vn -0.4139 -0.1484 -0.8981
vn -0.6334 -0.1877 -0.7507
vn -0.4805 -0.2914 -0.8271
vn -0.2918 -0.2523 -0.9226
vn -0.2351 -0.0000 -0.9720
vn -0.4211 -0.1794 -0.8891
vn 0.0079 -0.7914 0.6112
vn -0.0000 -0.1962 -0.9806
vn -0.0000 0.1337 -0.9910
vn 0.4247 -0.1731 -0.8887
vn -0.1412 -0.4079 0.9021
vn 0.5663 -0.3304 -0.7551
vn -0.3617 -0.3852 0.8490
vn 0.2425 -0.0000 -0.9701
vn -0.0000 -0.3373 -0.9414
vn -0.2968 -0.3827 -0.8749
vn -0.3547 -0.2286 -0.9066
vn -0.4527 -0.3513 -0.8196
vn -0.5191 -0.1494 -0.8416
vn -0.4948 -0.1885 -0.8483
vn -0.4372 -0.2108 -0.8743
vn -0.3899 -0.3899 -0.8343
vn -0.2189 -0.4612 -0.8599
vn 0.0393 -0.1884 -0.9813
vn 0.0625 -0.2421 -0.9682
vn -0.3535 -0.0314 -0.9349
vn -0.4405 -0.0393 -0.8969
vn -0.4480 -0.1022 -0.8882
vn -0.6454 0.0236 -0.7635
vn -0.4337 -0.0631 -0.8989
vn -0.2755 -0.0394 -0.9605
vn -0.1809 0.0157 -0.9834
vn 0.0393 -0.2828 -0.9584
vn -0.0000 -0.2277 -0.9737
vn -0.0000 -0.1810 -0.9835
vn -0.0000 -0.4250 -0.9052
vn 0.2263 -0.4604 -0.8584
vn -0.0314 -0.1885 -0.9816
vn -0.0547 -0.2422 -0.9687
vn 0.3936 -0.3857 -0.8344
vn 0.2998 -0.3787 -0.8756
vn 0.2990 -0.2517 -0.9205
vn 0.4569 -0.3466 -0.8192
vn 0.4409 -0.2047 -0.8739
vn -0.0314 -0.2829 -0.9586
vn 0.3604 -0.0313 -0.9323
vn -0.0000 -0.2830 -0.9591
vn 0.1885 0.0157 -0.9819
vn -0.0000 -0.0000 -1.0000
vn -0.0000 -0.0863 -0.9963
vn 0.2828 -0.0393 -0.9584
vn 0.4469 -0.0392 -0.8937
vn 0.5007 -0.1878 -0.8450
vn 0.3616 -0.2280 -0.9040
vn 0.4865 -0.2904 -0.8240
vn 0.4173 -0.1417 -0.8976
vn 0.5981 -0.4643 -0.6532
vn -0.5071 -0.3978 0.7646
vn 0.5981 -0.2440 -0.7634
vn 0.6394 -0.6160 -0.4601
vn -0.6173 -0.4454 0.6485
vn 0.6992 -0.2750 -0.6599
vn 0.5990 -0.7014 -0.3862
vn -0.6676 -0.5105 0.5419
vn 0.7523 -0.2978 -0.5877
vn 0.6627 -0.7022 -0.2604
vn 0.7086 -0.5747 -0.4094
vn -0.6530 -0.6609 0.3698
vn 0.6386 -0.6070 -0.4730
vn -0.5967 -0.7695 0.2276
vn 0.7793 -0.3385 -0.5274
vn 0.7902 -0.1487 -0.5946
vn 0.7241 -0.1968 -0.6611
vn 0.6381 -0.1812 -0.7483
vn 0.5248 -0.1488 -0.8381
vn 0.4543 -0.1018 -0.8850
vn 0.6500 0.0235 -0.7596
vn 0.4400 -0.0629 -0.8958
vn 0.3148 -0.0944 -0.9444
vn 0.5322 0.1252 -0.8373
vn 0.6064 0.1102 -0.7875
vn 0.7284 0.1253 -0.6736
vn 0.7378 -0.0000 -0.6750
vn 0.8185 -0.0000 -0.5745
vn 0.8398 0.0392 -0.5415
vn 0.8367 -0.0939 -0.5396
vn 0.8351 -0.2679 -0.4805
vn 0.5837 -0.5206 -0.6231
vn -0.7840 -0.6195 -0.0392
vn 0.5423 -0.1572 -0.8253
vn -0.8981 -0.4140 -0.1484
vn 0.8453 -0.0470 -0.5322
vn 0.9288 -0.0236 -0.3699
vn 0.8687 -0.0470 -0.4931
vn 0.8658 0.1102 -0.4880
vn 0.8731 0.1494 -0.4641
vn 0.8408 0.1257 -0.5265
vn 0.7939 0.1493 -0.5895
vn 0.7768 0.3217 -0.5414
vn 0.6898 0.2430 -0.6820
vn 0.5644 0.4155 -0.7133
vn 0.3526 0.1881 -0.9167
vn -0.0000 -0.1259 -0.9920
vn -0.3123 -0.1015 -0.9446
vn -0.5265 0.1257 -0.8408
vn -0.3457 0.1886 -0.9192
vn -0.0000 0.2591 -0.9658
vn 0.3298 0.5576 -0.7618
vn -0.0000 0.6371 -0.7708
vn -0.3228 0.5590 -0.7637
vn -0.5590 0.4173 -0.7165
vn -0.6021 0.1173 -0.7898
vn -0.7247 0.1260 -0.6774
vn -0.6857 0.2443 -0.6857
vn -0.3228 0.7398 -0.5903
vn -0.6462 0.4729 -0.5990
vn -0.4799 0.7238 -0.4957
vn -0.5672 0.7641 -0.3072
vn -0.7007 0.5275 -0.4803
vn -0.7715 0.3273 -0.5455
vn -0.7892 0.1563 -0.5939
vn -0.7339 -0.0078 -0.6792
vn -0.8365 0.1329 -0.5316
vn -0.8381 0.3133 -0.4465
vn -0.7729 0.5231 -0.3591
vn -0.5743 0.7946 -0.1967
vn -0.8046 0.5312 -0.2656
vn -0.8603 0.3363 -0.3832
vn -0.8740 0.4214 -0.2419
vn -0.8891 0.4211 -0.1794
vn -0.9379 0.3361 -0.0859
vn -0.8582 0.5118 -0.0394
vn -0.8041 0.5912 -0.0631
vn -0.7880 0.6085 -0.0936
vn -0.5678 0.8201 -0.0710
vn -0.4965 0.8668 -0.0473
vn -0.4886 0.8195 -0.2994
vn -0.2820 0.8227 -0.4936
vn -0.3224 0.7864 -0.5269
vn -0.5829 0.7798 -0.2284
vn -0.5235 0.8439 0.1172
vn -0.3618 0.9202 0.1494
vn -0.5116 0.8579 0.0472
vn -0.5813 0.8091 0.0864
vn -0.7333 0.6787 0.0390
vn -0.6785 0.7253 0.1170
vn -0.4841 0.8511 0.2030
vn -0.5105 0.8482 0.1414
vn -0.2987 0.9355 0.1887
vn -0.2809 0.9363 0.2107
vn -0.2509 0.9409 0.2274
vn -0.2283 0.9445 0.2361
vn -0.2444 0.9460 0.2128
vn -0.2108 0.9527 0.2187
vn -0.3045 0.8822 0.3591
vn -0.7823 0.6102 0.1252
vn -0.5694 0.6864 -0.4524
vn -0.8672 0.4888 0.0946
vn -0.5077 0.6092 0.6092
vn -0.0001 0.8589 0.5122
vn 0.0077 0.5937 0.8046
vn -0.0000 0.9821 0.1886
vn -0.2590 0.9651 0.0392
vn -0.0001 0.9851 -0.1720
vn -0.0000 0.8991 -0.4378
vn 0.0078 0.9921 0.1249
vn -0.7956 0.5908 0.1340
vn -0.4340 0.8600 0.2683
vn -0.2357 0.9112 0.3378
vn -0.5302 0.3509 0.7719
vn 0.0078 0.3139 0.9494
vn -0.0000 0.8730 0.4877
vn -0.0000 0.9980 0.0628
vn -0.2433 0.9572 0.1569
vn -0.0001 0.8944 -0.4472
vn -0.0000 0.9864 0.1644
vn -0.7599 0.6267 0.1724
vn -0.3858 0.8897 0.2441
vn -0.4952 0.4166 0.7624
vn 0.0078 0.3605 0.9327
vn -0.0000 0.7885 0.6151
vn 0.0077 0.3279 0.9447
vn 0.0078 0.1250 0.9921
vn -0.5319 0.3598 0.7666
vn -0.7435 0.3835 0.5478
vn 0.0078 0.4690 0.8832
vn -0.5755 0.7726 -0.2681
vn -0.6226 0.6462 -0.4413
vn -0.0000 0.7227 -0.6912
vn -0.0000 0.9125 -0.4091
vn 0.5808 0.7691 -0.2668
vn 0.7489 0.3784 0.5439
vn 0.5366 0.3551 0.7655
vn 0.8692 0.4855 0.0940
vn 0.6274 0.6431 -0.4391
vn 0.5745 0.6847 -0.4486
vn -0.0000 0.7071 -0.7071
vn -0.0000 0.7915 -0.6112
vn 0.3294 0.7844 -0.5255
vn 0.7868 0.6058 0.1180
vn 0.5881 0.7762 -0.2274
vn 0.4945 0.8164 -0.2983
vn 0.2893 0.8208 -0.4925
vn -0.0000 0.8404 -0.5419
vn -0.0000 0.7953 -0.6063
vn 0.3297 0.7380 -0.5888
vn 0.4860 0.7211 -0.4938
vn 0.6508 0.4705 -0.5959
vn 0.5725 0.7607 -0.3059
vn 0.5023 0.8634 -0.0471
vn 0.5275 0.8424 0.1102
vn 0.3686 0.9176 0.1490
vn 0.3075 0.8830 0.3548
vn 0.5126 0.6072 0.6072
vn 0.0079 0.3279 0.9447
vn 0.0079 0.5937 0.8046
vn 0.0001 0.8589 0.5122
vn 0.2128 0.9536 0.2128
vn 0.0001 0.9821 0.1886
vn 0.0001 0.9851 -0.1720
vn 0.2663 0.9631 0.0391
vn 0.0078 0.9921 0.1250
vn 0.7985 0.5871 0.1331
vn 0.0079 0.3139 0.9494
vn 0.5348 0.3461 0.7708
vn 0.2431 0.9095 0.3372
vn 0.2506 0.9553 0.1566
vn 0.0001 0.8944 -0.4472
vn -0.0001 0.9864 0.1644
vn 0.7647 0.6228 0.1655
vn 0.5011 0.4150 0.7594
vn 0.0079 0.3606 0.9327
vn 0.1413 0.8947 0.4238
vn -0.0000 0.7885 0.6150
vn 0.1258 0.8809 0.4562
vn 0.0234 0.4842 0.8746
vn -0.0392 -0.9881 0.1490
vn 0.0079 -0.9678 0.2518
vn -0.1020 -0.9414 0.3216
vn 0.1565 0.4850 0.8604
vn -0.4076 -0.8780 0.2508
vn -0.7458 -0.6202 0.2434
vn 0.2728 0.5300 0.8029
vn 0.2287 0.8830 0.4099
vn 0.3684 0.8153 0.4468
vn 0.2352 0.9565 0.1724
vn 0.2274 0.9409 0.2509
vn 0.3925 0.8870 0.2433
vn 0.2357 0.9428 0.2357
vn 0.2352 0.9410 0.2432
vn 0.4564 0.8578 0.2361
vn 0.6347 0.7679 0.0862
vn 0.5641 0.6894 0.4543
vn 0.2742 0.3368 0.9008
vn 0.3289 0.2584 0.9083
vn -0.8877 -0.2749 0.3693
vn 0.7791 0.4879 0.3935
vn 0.8307 0.5564 0.0157
vn 0.8461 0.5327 0.0157
vn 0.6829 0.7222 0.1099
vn 0.4881 0.8503 0.1968
vn 0.2582 0.9390 0.2269
vn 0.2518 0.9442 0.2124
vn 0.4404 0.8571 0.2674
vn 0.2834 0.9369 0.2047
vn 0.5163 0.8448 0.1408
vn 0.7374 0.6747 0.0314
vn 0.5865 0.8054 0.0860
vn 0.3059 0.9333 0.1882
vn 0.5174 0.8545 0.0470
vn 0.5731 0.8164 -0.0707
vn 0.7923 0.6040 -0.0863
vn 0.8068 0.5875 -0.0627
vn 0.8603 0.5083 -0.0391
vn 0.9384 0.3441 -0.0313
vn 0.9438 0.3304 -0.0079
vn 0.9711 0.1801 0.1567
vn 0.8039 0.1951 0.5619
vn 0.9737 0.2278 0.0079
vn 0.9048 0.4170 0.0866
vn 0.9049 0.4249 -0.0236
vn 0.9350 0.3458 -0.0786
vn 0.9409 0.3294 -0.0784
vn 0.8932 0.4153 -0.1724
vn 0.8785 0.4157 -0.2353
vn 0.8096 0.5266 -0.2594
vn 0.5796 0.7910 -0.1958
vn 0.7783 0.5188 -0.3538
vn 0.7047 0.5246 -0.4776
vn 0.8431 0.3073 -0.4413
vn 0.8651 0.3303 -0.3775
vn 0.9027 0.2669 -0.3376
vn 0.9203 0.3382 -0.1967
vn 0.9349 0.3142 -0.1650
vn 0.9471 0.2270 -0.2270
vn 0.8688 0.4697 -0.1566
vn 0.9082 0.3993 0.1253
vn 0.8810 0.4720 -0.0315
vn 0.9437 0.2988 -0.1417
vn 0.9562 0.2900 -0.0392
vn 0.9496 0.2904 -0.1177
vn 0.9246 0.2272 -0.3056
vn 0.8709 0.1412 -0.4708
vn 0.9091 0.1175 -0.3997
vn 0.8817 0.2205 -0.4172
vn 0.8240 0.2904 -0.4865
vn 0.9038 0.2986 -0.3065
vn 0.9562 0.2743 -0.1019
vn 0.9135 0.2993 -0.2757
vn 0.8106 0.3856 -0.4407
vn 0.4074 0.1489 -0.9010
vn -0.8119 -0.0237 -0.5833
vn 0.2899 0.3996 -0.8696
vn -0.7029 0.0312 -0.7106
vn 0.3606 0.3919 -0.8464
vn -0.4647 0.0788 -0.8820
vn 0.8895 0.3070 -0.3385
vn 0.9602 0.1810 -0.2126
vn 0.9789 0.1723 -0.1097
vn 0.9801 0.1960 0.0314
vn 0.9631 0.2662 0.0391
vn 0.9618 0.2737 0.0078
vn 0.9700 0.2034 0.1330
vn 0.9595 0.2281 0.1652
vn 0.9515 0.2595 0.1651
vn 0.9140 0.1970 0.3546
vn 0.9446 0.1015 0.3123
vn 0.9362 0.1968 0.2911
vn 0.4702 -0.1489 0.8699
vn 0.6643 -0.2735 0.6956
vn 0.6165 -0.1873 0.7648
vn 0.6187 -0.0626 0.7831
vn 0.7726 -0.2996 0.5597
vn 0.8754 -0.4259 0.2287
vn 0.9020 -0.4314 -0.0157
vn -0.3608 -0.8863 0.2902
vn -0.3991 -0.8138 0.4225
vn -0.6759 -0.6132 0.4088
vn -0.6833 -0.4713 0.5577
vn -0.6900 -0.5567 0.4627
vn -0.6965 -0.5557 0.4539
vn -0.6667 -0.4864 0.5647
vn -0.2579 -0.9535 0.1563
vn 0.8812 -0.4485 -0.1495
vn -0.1566 -0.9865 0.0469
vn 0.8735 -0.4014 -0.2754
vn -0.0236 -0.9953 -0.0940
vn -0.0156 -0.8662 -0.4994
vn 0.7155 -0.1415 -0.6841
vn -0.4178 -0.1341 -0.8986
vn 0.6941 -0.5537 0.4601
vn 0.9256 -0.3765 0.0392
vn 0.6803 -0.6099 0.4066
vn 0.9144 -0.3986 0.0704
vn 0.2601 -0.9539 0.1498
vn 0.9415 -0.2981 0.1569
vn 0.9214 -0.3592 0.1484
vn 0.9508 -0.2515 0.1807
vn 0.9377 -0.3467 -0.0236
vn 0.9494 -0.3060 -0.0706
vn 0.7021 -0.5522 0.4496
vn 0.9915 -0.1259 0.0315
vn 0.9806 -0.1883 -0.0549
vn 0.9824 -0.1808 -0.0471
vn 0.8894 -0.2731 0.3666
vn 0.8801 -0.4322 -0.1965
vn 0.7492 -0.6166 0.2420
vn 0.4618 -0.8531 -0.2427
vn 0.8423 -0.5353 -0.0630
vn 0.8513 -0.5076 0.1328
vn 0.9428 -0.1886 0.2750
vn 0.8989 -0.1173 0.4221
vn 0.8901 -0.1418 0.4332
vn 0.8441 -0.4497 0.2919
vn 0.5320 -0.8450 -0.0547
vn 0.4757 -0.8657 -0.1560
vn 0.1251 -0.9621 -0.2425
vn 0.0078 -0.9638 -0.2664
vn -0.0392 -0.9881 0.1489
vn -0.1174 -0.9630 -0.2427
vn -0.4076 -0.8780 0.2509
vn -0.4556 -0.8562 -0.2435
vn -0.8757 -0.4379 -0.2033
vn -0.8877 -0.2750 0.3692
vn -0.9806 -0.1883 -0.0549
vn -0.6667 -0.4863 0.5648
vn -0.6966 -0.5557 0.4539
vn -0.9466 -0.3129 -0.0782
vn -0.6900 -0.5567 0.4626
vn -0.9787 -0.1957 -0.0626
vn -0.8383 -0.5406 -0.0705
vn -0.4696 -0.8689 -0.1566
vn -0.1639 -0.9523 -0.2576
vn 0.0078 -0.9569 -0.2902
vn 0.1655 -0.9534 -0.2521
vn 0.2195 -0.9642 -0.1489
vn 0.0078 -0.9851 -0.1720
vn -0.2120 -0.9658 -0.1492
vn -0.5264 -0.8485 -0.0550
vn -0.8491 -0.5110 0.1337
vn -0.9393 -0.1957 0.2818
vn -0.9903 -0.1336 0.0393
vn -0.9349 -0.3535 -0.0315
vn -0.9225 -0.3831 0.0469
vn -0.6760 -0.6131 0.4087
vn -0.9144 -0.3986 0.0703
vn -0.3990 -0.8138 0.4226
vn -0.9381 -0.3049 0.1642
vn -0.9202 -0.3618 0.1494
vn -0.9476 -0.2584 0.1880
vn -0.8989 -0.1173 0.4221
vn -0.8860 -0.1490 0.4391
vn -0.8392 -0.4549 0.2980
vn -0.5423 -0.8253 0.1572
vn -0.2580 -0.9616 0.0938
vn -0.6434 -0.5414 0.5413
vn -0.8330 -0.1100 0.5422
vn -0.8362 -0.0391 0.5470
vn -0.7846 0.0157 0.6198
vn -0.6437 -0.1334 0.7536
vn -0.3295 -0.2511 0.9101
vn -0.3135 -0.7132 0.6270
vn 0.0078 -0.9948 0.1018
vn 0.2601 -0.9617 0.0867
vn 0.5479 -0.8218 0.1565
vn 0.6479 -0.5386 0.5386
vn 0.3205 -0.7114 0.6254
vn 0.0078 -0.7452 0.6668
vn 0.0079 -0.3303 0.9438
vn 0.3365 -0.2504 0.9078
vn 0.0078 -0.0940 0.9955
vn -0.4086 -0.0471 0.9115
vn -0.6332 0.0156 0.7739
vn -0.6531 -0.6609 0.3698
vn -0.5967 -0.7695 0.2277
vn -0.7841 -0.6194 -0.0392
vn -0.8981 -0.4139 -0.1484
vn -0.8119 -0.0236 -0.5833
vn -0.9242 -0.3368 0.1801
vn -0.7028 0.0312 -0.7107
vn -0.4647 0.0787 -0.8820
vn -0.4178 -0.1340 -0.8986
vn -0.0156 -0.8662 -0.4995
vn -0.1566 -0.9865 0.0470
vn -0.5071 -0.3979 0.7646
vn -0.3616 -0.3852 0.8490
vn -0.1412 -0.4078 0.9021
vn 0.0079 -0.0472 0.9989
vn 0.0079 -0.7915 0.6112
vn 0.4151 -0.0470 0.9086
vn 0.5118 -0.3936 0.7637
vn 0.6371 0.0079 0.7708
vn 0.6226 -0.4413 0.6462
vn 0.7885 0.0079 0.6150
vn 0.6482 -0.1328 0.7498
vn 0.8354 -0.1093 0.5387
vn 0.8400 -0.0314 0.5417
vn 0.6575 -0.6575 0.3679
vn 0.7881 -0.6147 -0.0316
vn 0.9021 -0.4079 -0.1412
vn 0.9279 -0.3303 0.1730
vn 0.7069 0.0235 -0.7069
vn 0.0078 -0.4378 0.8990
vn 0.0079 -0.7110 -0.7032
vn 0.1177 -0.4316 0.8944
vn 0.1815 -0.7337 -0.6548
vn 0.3454 -0.6437 -0.6829
vn 0.2111 -0.3832 0.8992
vn 0.4714 -0.3850 -0.7935
vn 0.3440 -0.2424 0.9071
vn 0.4308 -0.0549 0.9008
vn 0.6506 -0.1489 -0.7447
vn 0.4542 0.1018 0.8850
vn 0.3628 -0.6389 -0.6783
vn 0.1795 -0.7336 -0.6555
vn -0.0078 -0.7885 -0.6150
vn -0.0156 -0.7338 -0.6792
vn 0.1886 -0.7544 -0.6287
vn 0.3774 -0.5975 -0.7075
vn 0.4879 -0.3777 -0.7869
vn 0.6528 -0.1651 -0.7393
vn 0.7684 0.0784 -0.6351
vn 0.4251 0.2047 0.8817
vn 0.7684 0.3293 -0.5488
vn 0.3787 0.2998 0.8756
vn 0.7763 0.0627 -0.6273
vn 0.6202 -0.1884 -0.7615
vn 0.7703 0.3223 -0.5502
vn 0.7146 0.0314 -0.6989
vn 0.6199 -0.0000 -0.7847
vn 0.7539 0.2748 -0.5968
vn 0.7051 0.5014 -0.5014
vn 0.7079 0.4955 -0.5034
vn 0.2971 0.3987 0.8676
vn 0.5398 0.6649 -0.5163
vn 0.1795 0.4525 0.8735
vn 0.5258 0.6748 -0.5179
vn 0.2737 0.7741 -0.5708
vn 0.0157 0.4843 0.8748
vn 0.2592 0.7774 -0.5732
vn 0.0156 0.8367 -0.5474
vn -0.2037 0.7521 -0.6268
vn -0.1561 0.4604 0.8739
vn -0.4326 0.6135 -0.6607
vn -0.2655 0.4060 0.8745
vn -0.5511 0.4409 -0.7085
vn -0.3452 0.3296 0.8788
vn -0.6054 0.2280 -0.7626
vn -0.4086 0.2122 0.8877
vn -0.6332 -0.0078 -0.7739
vn -0.4402 0.0550 0.8962
vn -0.4323 -0.1022 0.8959
vn -0.5705 -0.2267 -0.7894
vn -0.3603 -0.2428 0.9007
vn -0.6331 -0.0234 -0.7737
vn -0.6064 0.2205 -0.7639
vn -0.5584 0.4326 -0.7078
vn -0.2122 0.7546 -0.6210
vn -0.2274 0.7449 -0.6273
vn -0.4411 0.6064 -0.6616
vn -0.5697 0.4136 -0.7102
vn -0.6134 0.2045 -0.7628
vn -0.5695 -0.2341 -0.7880
vn -0.6368 -0.0315 -0.7704
vn -0.6153 0.1893 -0.7652
vn -0.5264 0.3771 -0.7621
vn -0.4096 0.5436 -0.7326
vn 0.0001 0.8308 -0.5566
vn -0.2043 0.6600 -0.7229
vn 0.2593 0.7938 -0.5501
vn 0.5100 0.6747 -0.5335
vn 0.6954 0.4922 -0.5235
vn 0.6590 0.2118 -0.7217
vn 0.5940 0.4299 -0.6800
vn 0.4228 0.5794 -0.6968
vn 0.2195 0.6740 -0.7054
vn -0.0000 0.7149 -0.6992
vn -0.3944 0.4969 -0.7730
vn -0.1810 0.5901 -0.7868
vn 0.0079 0.6150 -0.7885
vn 0.1728 0.5732 -0.8010
vn 0.3691 0.4712 -0.8011
vn 0.4315 0.3845 -0.8161
vn 0.5344 0.2908 -0.7936
vn 0.8147 -0.0156 -0.5797
vn 0.7579 0.2110 -0.6173
vn 0.5484 -0.1880 -0.8148
vn 0.8112 -0.2678 -0.5198
vn 0.7227 -0.0000 -0.6912
vn 0.6915 0.2751 -0.6679
vn 0.4158 0.5099 -0.7531
vn 0.2979 0.3136 -0.9016
vn 0.3534 0.3770 -0.8561
vn 0.2830 0.6210 -0.7310
vn 0.0393 0.7144 -0.6987
vn -0.1254 0.7208 -0.6817
vn -0.3062 0.6202 -0.7222
vn -0.2974 0.9547 -0.0079
vn -0.0000 0.9995 0.0315
vn 0.2902 0.9568 -0.0157
vn 0.5783 0.8049 -0.1329
vn 0.7124 0.5715 -0.4071
vn 0.6616 0.4411 -0.6065
vn 0.8373 0.5399 -0.0861
vn 0.7787 0.6214 -0.0865
vn 0.6516 0.7536 0.0864
vn 0.4331 0.8582 0.2756
vn -0.0000 0.9438 0.3304
vn -0.4292 0.8584 0.2809
vn -0.6473 0.7565 0.0936
vn -0.5731 0.8086 -0.1335
vn -0.7744 0.6257 -0.0939
vn -0.7023 0.5760 -0.4183
vn -0.3618 0.4011 -0.8416
vn -0.8349 0.5435 -0.0866
vn -0.6385 0.4178 -0.6464
vn -0.8344 0.5510 -0.0079
vn -0.8278 0.5544 -0.0859
vn -0.9415 0.3295 0.0706
vn -0.5770 0.6004 0.5536
vn 0.0078 0.7110 0.7032
vn 0.5823 0.5980 0.5508
vn 0.9444 0.3227 0.0629
vn 0.8368 0.5474 -0.0078
vn 0.8319 0.5493 -0.0785
vn 0.7856 0.5813 0.2121
vn 0.9648 0.2588 0.0471
vn 0.5478 0.7982 0.2505
vn -0.0000 0.9612 0.2758
vn -0.5423 0.8016 0.2515
vn -0.9624 0.2660 0.0548
vn -0.7807 0.5855 0.2185
vn -0.3073 0.8431 0.4412
vn -0.3784 0.8906 0.2522
vn -0.4527 0.8352 0.3122
vn -0.7966 0.5994 -0.0789
vn -0.3219 0.3299 -0.8874
vn -0.4319 0.6831 -0.5889
vn -0.4294 0.8743 0.2264
vn -0.5918 0.7417 0.3156
vn -0.5772 0.7800 0.2418
vn -0.5308 0.7260 0.4372
vn -0.1489 0.8937 0.4233
vn -0.7985 0.5636 0.2114
vn -0.9320 0.3603 0.0392
vn -0.3929 0.9193 0.0236
vn -0.0000 1.0000 0.0078
vn 0.3995 0.9164 0.0235
vn 0.8034 0.5592 0.2048
vn 0.9349 0.3535 0.0314
vn 0.3463 0.9285 -0.1338
vn -0.0002 0.9980 -0.0630
vn -0.3368 0.9321 -0.1332
vn -0.9289 0.3357 -0.1562
vn -0.8518 0.5236 0.0156
vn -0.1959 0.9715 0.1332
vn -0.4685 0.8746 0.1249
vn -0.5288 0.7340 0.4262
vn -0.8844 0.3835 0.2661
vn -0.8625 0.3842 0.3293
vn -0.8668 0.4964 0.0473
vn -0.7949 0.4171 -0.4407
vn -0.3768 0.9263 -0.0000
vn -0.1720 0.9848 0.0235
vn -0.7792 0.6218 -0.0787
vn -0.9048 0.3777 -0.1968
vn -0.3697 0.8966 -0.2438
vn -0.0000 0.9678 -0.2518
vn 0.3764 0.8940 -0.2431
vn 0.9325 0.3291 -0.1489
vn 0.8554 0.5179 0.0079
vn 0.7823 0.6180 -0.0782
vn 0.9048 0.3777 -0.1967
vn 0.8609 0.4696 -0.1957
vn 0.2582 0.8997 -0.3520
vn -0.0000 0.9196 -0.3929
vn -0.2509 0.9015 -0.3527
vn -0.8589 0.4728 -0.1970
vn -0.7255 0.6860 -0.0552
vn -0.3200 0.9287 -0.1873
vn -0.4152 0.7835 -0.4623
vn -0.5074 0.4762 -0.7182
vn -0.6572 0.1252 -0.7433
vn -0.9691 0.1103 -0.2206
vn -0.8043 -0.0312 -0.5934
vn -0.9863 -0.0157 0.1643
vn -0.8676 -0.4416 -0.2287
vn -0.9078 0.0626 0.4148
vn -0.6745 -0.7372 -0.0392
vn -0.3298 -0.9346 0.1335
vn -0.9969 -0.0628 0.0471
vn -0.4841 -0.8431 0.2341
vn -0.7070 -0.6913 -0.1492
vn -0.9328 -0.2509 0.2587
vn -0.9346 0.0393 0.3534
vn -0.9178 0.1961 -0.3451
vn -0.8391 0.1411 -0.5254
vn -0.7588 0.2660 -0.5945
vn -0.7086 0.4094 -0.5747
vn -0.6367 0.6681 -0.3851
vn -0.6209 0.6995 -0.3537
vn -0.3588 0.6240 -0.6942
vn -0.7331 0.4729 -0.4888
vn -0.1969 0.7088 -0.6774
vn -0.0000 0.7846 -0.6200
vn -0.2907 0.6444 -0.7073
vn -0.0001 0.6832 -0.7303
vn -0.6534 0.5353 -0.5353
vn -0.7425 0.4455 -0.5002
vn -0.7969 0.3945 -0.4576
vn -0.9153 0.1956 -0.3520
vn -0.7579 0.2110 -0.6173
vn -0.9610 0.1875 0.2031
vn -0.8183 0.0235 -0.5743
vn -0.8597 0.0788 -0.5047
vn -0.8971 0.1560 -0.4134
vn -0.7729 0.3391 -0.5363
vn -0.7249 0.4019 -0.5594
vn -0.6525 0.4559 -0.6053
vn -0.3275 0.5223 -0.7874
vn -0.0000 0.5565 -0.8308
vn -0.0000 -0.2757 -0.9612
vn -0.3045 -0.2107 -0.9289
vn -0.0000 -0.3468 -0.9379
vn -0.5545 -0.0859 -0.8278
vn -0.2523 -0.2365 -0.9383
vn -0.0000 -0.3068 -0.9518
vn -0.2047 -0.3307 -0.9213
vn -0.3234 -0.3391 -0.8834
vn -0.5616 0.0312 -0.8268
vn -0.5598 -0.2996 -0.7726
vn -0.7001 0.2282 -0.6766
vn -0.7337 0.1499 -0.6627
vn -0.6498 -0.4070 -0.6419
vn -0.8608 0.0157 -0.5087
vn -0.6946 0.3434 -0.6322
vn -0.9421 -0.0942 -0.3219
vn -0.7011 -0.5042 -0.5042
vn -0.7524 -0.5564 -0.3527
vn -0.8230 -0.4390 -0.3606
vn -0.8559 -0.4476 -0.2591
vn -0.7040 -0.6414 -0.3050
vn -0.7317 -0.6451 -0.2202
vn -0.6754 -0.7304 -0.1021
vn -0.5741 -0.7864 -0.2281
vn -0.8170 -0.5263 -0.2357
vn -0.8696 0.3682 0.3290
vn -0.7263 0.2499 0.6404
vn -0.7498 -0.6482 0.1327
vn -0.4921 -0.8591 -0.1405
vn -0.6015 -0.7890 0.1250
vn -0.4004 -0.8716 0.2827
vn -0.3064 -0.8957 0.3221
vn -0.5424 -0.5659 0.6209
vn -0.0627 -0.8388 0.5408
vn -0.4472 -0.8315 0.3295
vn -0.3767 0.0157 0.9262
vn -0.6579 0.3368 0.6736
vn -0.7885 0.3626 0.4967
vn -0.8136 -0.1721 0.5554
vn -0.9261 -0.2669 0.2668
vn -0.8762 -0.2817 0.3911
vn -0.5478 -0.2739 0.7905
vn -0.2978 0.1646 0.9403
vn -0.1413 -0.1334 0.9809
vn -0.6599 -0.7463 0.0865
vn -0.6729 -0.2895 0.6807
vn -0.7832 -0.4072 0.4699
vn -0.9094 -0.2822 -0.3057
vn -0.5412 -0.7921 0.2823
vn -0.4167 -0.7863 0.4560
vn -0.2188 -0.9687 -0.1172
vn -0.9409 -0.3294 -0.0784
vn -0.9347 -0.2591 -0.2434
vn -0.7277 -0.6103 -0.3130
vn -0.7894 -0.5705 -0.2267
vn -0.7589 -0.6259 -0.1799
vn -0.6513 -0.7455 -0.1412
vn -0.3617 -0.9040 0.2280
vn 0.0079 -0.9962 0.0863
vn -0.0001 -0.9849 -0.1733
vn 0.0078 -0.9899 -0.1414
vn -0.5467 -0.8279 -0.1250
vn -0.0000 -0.9771 -0.2128
vn 0.0078 -0.9301 -0.3673
vn -0.5000 -0.8359 -0.2265
vn -0.6901 -0.6665 -0.2822
vn -0.7132 -0.6270 -0.3135
vn -0.9263 -0.3218 -0.1962
vn -0.9818 -0.0236 -0.1885
vn -0.4143 -0.8834 -0.2189
vn -0.3281 -0.7966 -0.5077
vn -0.3674 -0.7739 -0.5159
vn -0.6711 -0.3745 -0.6398
vn -0.3779 -0.6141 -0.6928
vn -0.7754 -0.4386 -0.4543
vn -0.6484 -0.5937 -0.4765
vn -0.6317 -0.6474 -0.4263
vn -0.3141 -0.8714 -0.3768
vn -0.0001 -0.9379 -0.3468
vn -0.2731 -0.8894 -0.3667
vn -0.0000 -0.8121 -0.5835
vn -0.4622 -0.7520 -0.4700
vn -0.2338 -0.7327 -0.6391
vn -0.0000 -0.6371 -0.7708
vn -0.1893 -0.6153 -0.7652
vn -0.2108 -0.6794 -0.7028
vn -0.0157 -0.7338 -0.6792
vn -0.0079 -0.7885 -0.6150
vn -0.2051 -0.7415 -0.6389
vn 0.0078 -0.7110 -0.7032
vn -0.1959 -0.7051 -0.6816
vn -0.4182 -0.5760 -0.7023
vn -0.4261 -0.5603 -0.7103
vn -0.3977 -0.5303 -0.7487
vn -0.4465 -0.5797 -0.6816
vn -0.5544 -0.6716 -0.4916
vn -0.5256 -0.7138 -0.4628
vn -0.6160 -0.6394 -0.4601
vn -0.6720 -0.5314 -0.5158
vn -0.4650 -0.4966 -0.7330
vn -0.4579 -0.4895 -0.7421
vn -0.5691 -0.4288 -0.7016
vn -0.5612 -0.4131 -0.7172
vn -0.3626 -0.5439 -0.7568
vn -0.4894 -0.3710 -0.7892
vn -0.1872 -0.7100 -0.6788
vn 0.0079 -0.4378 0.8990
vn -0.1177 -0.4315 0.8944
vn -0.3542 -0.5510 -0.7556
vn -0.4835 -0.3821 -0.7876
vn -0.2355 -0.3610 0.9024
vn -0.6321 -0.2497 -0.7335
vn -0.6391 -0.2338 -0.7327
vn -0.6786 -0.4656 -0.5681
vn -0.4135 -0.6321 -0.6554
vn -0.3708 -0.3867 -0.8444
vn -0.6394 -0.4600 -0.6161
vn -0.6954 -0.4923 -0.5235
vn -0.5617 -0.5149 -0.6476
vn -0.8152 -0.4468 -0.3684
vn -0.9462 -0.2580 -0.1955
vn -0.9070 -0.1095 -0.4066
vn -0.5619 -0.1951 -0.8038
vn -0.8092 -0.2907 -0.5106
vn -0.9413 -0.3216 -0.1020
vn -0.8270 -0.0234 -0.5617
vn -0.5744 0.0157 -0.8184
vn -0.5514 0.1576 -0.8192
vn -0.8727 0.1258 -0.4718
vn -0.9761 0.2030 0.0781
vn -0.9788 -0.1409 -0.1488
vn -0.9805 0.0941 -0.1726
vn -0.9381 0.3390 0.0709
vn -0.7261 0.6714 0.1483
vn -0.7004 0.5351 -0.4722
vn -0.3681 0.3681 -0.8538
vn -0.7487 0.3152 -0.5832
vn -0.8663 0.2419 -0.4371
vn -0.9461 -0.0469 -0.3206
vn -0.6366 -0.0393 -0.7702
vn -0.9134 0.4059 -0.0312
vn -0.4173 0.5590 -0.7165
vn -0.5958 0.3371 -0.7290
vn -0.4498 0.4183 -0.7891
vn 0.2123 -0.3301 -0.9198
vn 0.2597 -0.2360 -0.9364
vn 0.3304 -0.3383 -0.8811
vn 0.3072 -0.2047 -0.9294
vn 0.5584 -0.0786 -0.8258
vn 0.3308 0.5198 -0.7876
vn 0.0001 0.6832 -0.7303
vn 0.2979 0.6429 -0.7056
vn 0.6570 0.4536 -0.6022
vn 0.6999 0.3382 -0.6291
vn 0.5654 0.0236 -0.8245
vn 0.7041 0.2269 -0.6728
vn 0.7286 0.3996 -0.5563
vn 0.6579 0.5325 -0.5325
vn 0.7480 0.4410 -0.4960
vn 0.3625 0.6226 -0.6935
vn 0.2045 0.7077 -0.6763
vn 0.7367 0.4702 -0.4859
vn 0.6257 0.6961 -0.3520
vn 0.6413 0.6647 -0.3832
vn 0.7125 0.4071 -0.5715
vn 0.7997 0.3920 -0.4547
vn 0.7760 0.3370 -0.5331
vn 0.7373 0.1490 -0.6589
vn 0.9010 0.1489 -0.4074
vn 0.9192 0.1886 -0.3457
vn 0.7639 0.2599 -0.5907
vn 0.5122 0.4728 -0.7170
vn 0.6617 0.1181 -0.7404
vn 0.3228 0.9290 -0.1811
vn 0.7292 0.6821 -0.0549
vn 0.1733 0.9847 0.0158
vn 0.4243 0.7779 -0.4636
vn 0.7977 0.4145 -0.4379
vn 0.3835 0.9235 -0.0000
vn 0.2034 0.9700 0.1330
vn 0.1566 0.8926 0.4228
vn 0.4722 0.8736 0.1180
vn 0.8687 0.4931 0.0470
vn 0.9691 0.1103 -0.2206
vn 0.8082 -0.0235 -0.5885
vn 0.8434 0.1340 -0.5203
vn 0.8617 0.0783 -0.5013
vn 0.7628 0.2045 -0.6134
vn 0.9217 0.1891 -0.3387
vn 0.8702 -0.4369 -0.2280
vn 0.9876 -0.0079 0.1568
vn 0.8673 0.3785 0.3233
vn 0.5344 0.7309 0.4244
vn 0.5357 0.7248 0.4333
vn 0.3145 0.8411 0.4401
vn 0.3851 0.8880 0.2515
vn 0.4568 0.8348 0.3071
vn 0.5818 0.7784 0.2358
vn 0.8888 0.3776 0.2596
vn 0.9111 0.0549 0.4084
vn 0.6787 -0.7333 -0.0390
vn 0.3368 -0.9321 0.1332
vn 0.9977 -0.0551 0.0393
vn 0.9164 0.3995 -0.0235
vn 0.5969 0.7383 0.3142
vn 0.4331 0.8740 0.2204
vn 0.7994 0.5957 -0.0784
vn 0.4481 0.6919 -0.5661
vn 0.7684 0.5175 -0.3764
vn 0.7299 0.6671 0.1491
vn 0.9391 0.3365 0.0704
vn 0.9825 0.0864 -0.1651
vn 0.2206 -0.9691 -0.1103
vn 0.3741 -0.7716 -0.5144
vn 0.9809 -0.1335 -0.1413
vn 0.9781 0.1956 0.0704
vn 0.9499 0.1491 -0.2747
vn 0.4149 0.2427 -0.8769
vn 0.5336 0.1020 -0.8396
vn 0.5420 -0.0000 -0.8404
vn 0.9557 -0.1253 -0.2664
vn 0.9494 -0.2511 -0.1884
vn 0.3846 -0.6123 -0.6908
vn 0.3315 -0.7969 -0.5050
vn 0.4179 -0.8832 -0.2129
vn 0.9834 -0.0158 -0.1809
vn 0.6764 -0.3696 -0.6371
vn 0.7808 -0.4338 -0.4496
vn 0.5669 -0.5117 -0.6456
vn 0.8204 -0.4418 -0.3629
vn 0.7010 -0.4883 -0.5198
vn 0.7078 -0.4326 -0.5585
vn 0.5240 -0.1095 -0.8447
vn 0.7382 -0.2827 -0.6125
vn 0.3917 -0.2507 -0.8853
vn 0.4497 -0.4734 -0.7574
vn 0.6705 -0.5285 -0.5206
vn 0.6213 -0.6371 -0.4562
vn 0.6538 -0.5908 -0.4727
vn 0.7170 -0.6235 -0.3117
vn 0.9300 -0.3152 -0.1891
vn 0.9383 -0.2523 -0.2365
vn 0.9439 -0.3225 -0.0708
vn 0.5467 -0.7887 0.2811
vn 0.9135 -0.2756 -0.2992
vn 0.7330 -0.6069 -0.3074
vn 0.6941 -0.6629 -0.2807
vn 0.7637 -0.6219 -0.1732
vn 0.6643 -0.7425 0.0860
vn 0.7943 -0.5662 -0.2202
vn 0.6558 -0.7417 -0.1405
vn 0.5479 -0.5635 0.6183
vn 0.0705 -0.8384 0.5405
vn 0.1489 -0.1333 0.9798
vn 0.6780 -0.2838 0.6780
vn 0.7885 -0.4022 0.4653
vn 0.3049 0.1642 0.9381
vn 0.5566 -0.2744 0.7841
vn 0.4232 -0.7838 0.4546
vn 0.4881 -0.8424 0.2283
vn 0.7109 -0.6875 -0.1484
vn 0.9299 -0.2601 0.2601
vn 0.8808 -0.2753 0.3853
vn 0.6631 0.3316 0.6710
vn 0.7914 0.3604 0.4937
vn 0.8182 -0.1652 0.5507
vn 0.9365 -0.2440 0.2519
vn 0.9375 0.0315 0.3467
vn 0.9639 0.1802 0.1959
vn 0.8743 0.3623 0.3229
vn 0.7313 0.2438 0.6370
vn 0.3835 0.0157 0.9234
vn 0.4534 -0.8286 0.3283
vn 0.7543 -0.6443 0.1257
vn 0.8196 -0.5230 -0.2342
vn 0.8579 -0.4446 -0.2574
vn 0.8209 0.0234 -0.5707
vn 0.8281 -0.4338 -0.3550
vn 0.7092 -0.6383 -0.2994
vn 0.5793 -0.7829 -0.2270
vn 0.4959 -0.8580 -0.1338
vn 0.3135 -0.8936 0.3213
vn 0.6058 -0.7868 0.1180
vn 0.6796 -0.7265 -0.1016
vn 0.7353 -0.6414 -0.2190
vn 0.7578 -0.5525 -0.3473
vn 0.9451 -0.0866 -0.3150
vn 0.8643 0.0078 -0.5029
vn 0.7051 -0.5014 -0.5014
vn 0.6552 -0.4025 -0.6393
vn 0.5652 -0.2982 -0.7692
vn 0.4070 -0.8689 0.2818
vn 0.3685 -0.9014 0.2273
vn 0.0079 -0.9962 0.0862
vn 0.0001 -0.9849 -0.1734
vn 0.0079 -0.9899 -0.1414
vn 0.5508 -0.8262 -0.1180
vn 0.5042 -0.8350 -0.2206
vn 0.0079 -0.9301 -0.3673
vn 0.6364 -0.6442 -0.4242
vn 0.5312 -0.7109 -0.4609
vn 0.3211 -0.8693 -0.3759
vn 0.0001 -0.9379 -0.3468
vn 0.2758 -0.8903 -0.3624
vn 0.0001 -0.8121 -0.5835
vn 0.4683 -0.7493 -0.4683
vn 0.5594 -0.6697 -0.4885
vn 0.4339 -0.5837 -0.6863
vn 0.2364 -0.7327 -0.6382
vn 0.1888 -0.5980 -0.7790
vn 0.1889 -0.6455 -0.7400
vn 0.3509 -0.5068 -0.7874
vn 0.3544 -0.5041 -0.7876
vn 0.4326 -0.4405 -0.7866
vn 0.4556 -0.3535 -0.8170
vn 0.5821 -0.3383 -0.7394
vn 0.4558 -0.5972 -0.6600
vn 0.3786 0.2998 0.8757
vn 0.2970 0.3987 0.8677
vn 0.0079 0.0315 0.9995
vn 0.1794 0.4524 0.8736
vn 0.0156 0.4842 0.8748
vn -0.3452 0.3295 0.8788
vn -0.4085 0.2121 0.8877
vn -0.2354 -0.3609 0.9024
vn 0.1177 -0.4315 0.8944
vn 0.2111 -0.3831 0.8992
vn 0.3441 -0.2424 0.9071
vn 0.4308 -0.0548 0.9008
vn 0.0078 -0.4995 -0.8663
vn 0.2122 -0.3302 -0.9197
vn 0.3706 -0.5598 -0.7411
vn 0.5651 -0.2983 -0.7692
vn 0.6551 -0.4026 -0.6393
vn 0.7051 -0.5015 -0.5014
vn 0.5002 -0.7425 -0.4455
vn 0.7577 -0.5526 -0.3473
vn 0.7352 -0.6414 -0.2190
vn 0.3549 -0.9228 -0.1499
vn 0.0078 -0.8427 -0.5384
vn -0.3668 -0.5619 -0.7414
vn -0.5597 -0.2996 -0.7726
vn -0.6497 -0.4071 -0.6419
vn -0.4943 -0.7454 -0.4472
vn -0.7523 -0.5564 -0.3527
vn -0.7316 -0.6451 -0.2203
vn -0.3519 -0.9229 -0.1564
vn 0.0079 -0.9995 -0.0315
vn 0.4070 -0.8689 0.2817
vn 0.3684 -0.9015 0.2273
vn 0.0078 -0.9962 0.0864
vn -0.3616 -0.9040 0.2279
vn -0.4005 -0.8716 0.2826
vn -0.6015 -0.7890 0.1249
vt 0.105920 0.974897
vt 0.111511 1.000010
vt 0.132503 0.995575
vt 0.126188 0.968270
vt 0.153253 0.990321
vt 0.097148 0.949014
vt 0.144914 0.957401
vt 0.115416 0.936578
vt 0.084471 0.910695
vt 0.097630 0.896283
vt 0.051960 0.872183
vt 0.133804 0.928649
vt 0.120477 0.895487
vt 0.137973 0.924359
vt 0.173593 0.973596
vt 0.175955 0.948170
vt 0.160242 0.906646
vt 0.130719 0.888474
vt 0.103100 0.846179
vt 0.090376 0.849745
vt 0.069047 0.858662
vt 0.054177 0.838515
vt 0.034704 0.849745
vt 0.077265 0.832610
vt 0.093726 0.828224
vt 0.132768 0.811764
vt 0.087146 0.809787
vt 0.061769 0.815764
vt 0.049406 0.814487
vt 0.038054 0.814318
vt 0.020654 0.824464
vt 0.012966 0.783904
vt 0.034006 0.783012
vt 0.009954 0.751538
vt 0.054491 0.794122
vt 0.060106 0.800292
vt 0.079290 0.790893
vt 0.125971 0.793399
vt 0.114837 0.775517
vt 0.076976 0.781205
vt 0.047743 0.770914
vt 0.029981 0.741801
vt 0.001639 0.716183
vt 0.026197 0.706012
vt 0.000000 0.701747
vt 0.042175 0.731583
vt 0.065745 0.757803
vt 0.110596 0.765925
vt 0.096015 0.745922
vt 0.112885 0.731800
vt 0.134117 0.755900
vt 0.138142 0.764142
vt 0.147662 0.729871
vt 0.089339 0.709748
vt 0.123079 0.714038
vt 0.101871 0.690757
vt 0.120838 0.674586
vt 0.141733 0.688540
vt 0.165568 0.704084
vt 0.158603 0.730643
vt 0.174172 0.745898
vt 0.171858 0.712230
vt 0.190536 0.689287
vt 0.189644 0.725076
vt 0.211334 0.746067
vt 0.205092 0.706808
vt 0.208394 0.679936
vt 0.186077 0.684154
vt 0.163110 0.684780
vt 0.145083 0.669163
vt 0.162748 0.669163
vt 0.186125 0.662054
vt 0.206345 0.671019
vt 0.233000 0.672128
vt 0.233265 0.696830
vt 0.236181 0.734161
vt 0.263438 0.696541
vt 0.264788 0.668103
vt 0.259414 0.650679
vt 0.234759 0.658318
vt 0.205140 0.653643
vt 0.186222 0.640171
vt 0.167496 0.645352
vt 0.155422 0.647329
vt 0.144987 0.643183
vt 0.128864 0.662030
vt 0.136527 0.634748
vt 0.106017 0.658150
vt 0.117054 0.650727
vt 0.118886 0.609901
vt 0.093605 0.641834
vt 0.101655 0.628410
vt 0.112982 0.607780
vt 0.093726 0.620264
vt 0.101823 0.597514
vt 0.091099 0.594863
vt 0.079723 0.625759
vt 0.073216 0.601225
vt 0.049237 0.615613
vt 0.062347 0.638629
vt 0.029740 0.633471
vt 0.078398 0.652703
vt 0.090424 0.671814
vt 0.074108 0.688299
vt 0.061190 0.671140
vt 0.046128 0.654535
vt 0.014340 0.653137
vt 0.033042 0.671959
vt 0.005736 0.674489
vt 0.024848 0.694493
vt 0.043525 0.706808
vt 0.048755 0.685913
vt 0.060419 0.703434
vt 0.059913 0.729992
vt 0.074060 0.724931
vt 0.204779 0.631398
vt 0.212226 0.648293
vt 0.233386 0.639544
vt 0.239772 0.615203
vt 0.255582 0.630314
vt 0.278718 0.600213
vt 0.287394 0.642774
vt 0.287394 0.617324
vt 0.313615 0.586066
vt 0.322122 0.601370
vt 0.348584 0.570980
vt 0.327569 0.622915
vt 0.292069 0.676297
vt 0.311976 0.649956
vt 0.336510 0.644123
vt 0.356489 0.621421
vt 0.358610 0.585753
vt 0.390783 0.559146
vt 0.390808 0.575269
vt 0.390928 0.613926
vt 0.423078 0.585584
vt 0.433055 0.570763
vt 0.459637 0.601032
vt 0.468072 0.585681
vt 0.425367 0.621252
vt 0.390952 0.628386
vt 0.360104 0.636387
vt 0.332292 0.672200
vt 0.341499 0.663452
vt 0.316338 0.690010
vt 0.340655 0.682202
vt 0.360899 0.677839
vt 0.362562 0.666488
vt 0.373913 0.649811
vt 0.380348 0.669404
vt 0.378324 0.675911
vt 0.365044 0.688178
vt 0.348584 0.698156
vt 0.322845 0.698999
vt 0.314555 0.707266
vt 0.335016 0.713363
vt 0.369479 0.716303
vt 0.377143 0.700855
vt 0.381264 0.681888
vt 0.391073 0.675309
vt 0.391048 0.662560
vt 0.391000 0.644967
vt 0.408111 0.649715
vt 0.401773 0.669356
vt 0.403822 0.675839
vt 0.419535 0.666344
vt 0.421848 0.636218
vt 0.445467 0.643834
vt 0.440574 0.663186
vt 0.421246 0.677671
vt 0.400905 0.681840
vt 0.417173 0.688034
vt 0.391097 0.687407
vt 0.405123 0.700783
vt 0.391145 0.704084
vt 0.391193 0.719990
vt 0.412883 0.716183
vt 0.433682 0.697939
vt 0.441538 0.681936
vt 0.449853 0.671887
vt 0.470049 0.649546
vt 0.454311 0.622602
vt 0.494462 0.616794
vt 0.503042 0.599635
vt 0.494583 0.642244
vt 0.526322 0.629615
vt 0.542060 0.614432
vt 0.522587 0.650004
vt 0.548567 0.638725
vt 0.577149 0.630434
vt 0.547289 0.657499
vt 0.569775 0.647353
vt 0.576884 0.652679
vt 0.595731 0.639111
vt 0.595948 0.660969
vt 0.614481 0.644196
vt 0.575776 0.670055
vt 0.549121 0.671308
vt 0.517333 0.667452
vt 0.490100 0.675767
vt 0.465879 0.689624
vt 0.459420 0.698662
vt 0.467759 0.706856
vt 0.447346 0.713074
vt 0.417125 0.733583
vt 0.430163 0.741801
vt 0.453661 0.726064
vt 0.477881 0.731872
vt 0.493474 0.698710
vt 0.518803 0.695890
vt 0.548976 0.696011
vt 0.573776 0.678972
vt 0.596116 0.683093
vt 0.619349 0.667958
vt 0.626555 0.646100
vt 0.637038 0.667862
vt 0.636966 0.641882
vt 0.619084 0.683599
vt 0.616722 0.702928
vt 0.591658 0.688227
vt 0.577222 0.705844
vt 0.546277 0.733366
vt 0.518466 0.729269
vt 0.497788 0.735390
vt 0.486895 0.757538
vt 0.466530 0.745874
vt 0.434959 0.762768
vt 0.414426 0.746549
vt 0.391241 0.737849
vt 0.365334 0.733703
vt 0.352344 0.741994
vt 0.368081 0.746669
vt 0.391265 0.749489
vt 0.413245 0.764407
vt 0.391314 0.765998
vt 0.369358 0.764503
vt 0.347644 0.762985
vt 0.328750 0.726377
vt 0.304577 0.732306
vt 0.316001 0.746260
vt 0.364201 0.787736
vt 0.329111 0.774023
vt 0.339547 0.795110
vt 0.316314 0.805811
vt 0.306120 0.783928
vt 0.295684 0.758044
vt 0.284671 0.735945
vt 0.288792 0.699240
vt 0.263969 0.729944
vt 0.269632 0.755731
vt 0.282405 0.790098
vt 0.291419 0.814632
vt 0.258715 0.794412
vt 0.244809 0.759250
vt 0.223071 0.771926
vt 0.187330 0.775059
vt 0.155422 0.778385
vt 0.164098 0.797255
vt 0.197525 0.800485
vt 0.238856 0.808317
vt 0.267752 0.823814
vt 0.304746 0.845311
vt 0.337185 0.827453
vt 0.366828 0.816560
vt 0.366900 0.829911
vt 0.337498 0.839720
vt 0.311398 0.861121
vt 0.278814 0.861289
vt 0.247316 0.832152
vt 0.217311 0.840298
vt 0.171617 0.816752
vt 0.139829 0.831309
vt 0.155615 0.874810
vt 0.189475 0.858156
vt 0.240278 0.872809
vt 0.209093 0.886257
vt 0.185740 0.896957
vt 0.204345 0.936940
vt 0.225143 0.928721
vt 0.261173 0.908911
vt 0.295612 0.892981
vt 0.325593 0.872665
vt 0.357067 0.855071
vt 0.346897 0.886956
vt 0.315977 0.897897
vt 0.299010 0.932577
vt 0.320098 0.926769
vt 0.284671 0.938747
vt 0.252184 0.943519
vt 0.262595 0.950411
vt 0.255919 0.958606
vt 0.246038 0.970800
vt 0.242881 0.956316
vt 0.237290 0.945832
vt 0.227867 0.954484
vt 0.237314 0.960268
vt 0.235169 0.965426
vt 0.226879 0.965643
vt 0.209840 0.972222
vt 0.200055 0.963257
vt 0.202947 0.979042
vt 0.190078 0.991358
vt 0.188511 0.975162
vt 0.183041 0.965016
vt 0.180871 0.979428
vt 0.178293 0.985043
vt 0.171762 0.985622
vt 0.337474 0.925058
vt 0.359791 0.925564
vt 0.336534 0.904838
vt 0.368467 0.907128
vt 0.391723 0.925902
vt 0.379987 0.903995
vt 0.369286 0.881871
vt 0.391603 0.880280
vt 0.391675 0.902983
vt 0.403364 0.903947
vt 0.423656 0.925396
vt 0.414908 0.907007
vt 0.446816 0.904549
vt 0.436357 0.886715
vt 0.413944 0.881750
vt 0.426018 0.854879
vt 0.391530 0.851288
vt 0.391482 0.827718
vt 0.416064 0.829790
vt 0.457589 0.872327
vt 0.445515 0.839455
vt 0.445780 0.827188
vt 0.416064 0.816439
vt 0.391434 0.812125
vt 0.391362 0.789833
vt 0.418547 0.787591
vt 0.443225 0.794845
vt 0.453540 0.773710
vt 0.466530 0.805425
vt 0.478291 0.844877
vt 0.471712 0.860711
vt 0.504319 0.860711
vt 0.487690 0.892475
vt 0.467325 0.897512
vt 0.445997 0.924769
vt 0.463373 0.926408
vt 0.484485 0.932095
vt 0.522201 0.908236
vt 0.498848 0.938217
vt 0.520996 0.949737
vt 0.531383 0.942796
vt 0.527720 0.957907
vt 0.537649 0.970053
vt 0.540758 0.955545
vt 0.548519 0.964606
vt 0.546350 0.959449
vt 0.555749 0.953617
vt 0.556809 0.964775
vt 0.573872 0.971258
vt 0.583608 0.962245
vt 0.580813 0.978054
vt 0.593754 0.990297
vt 0.595224 0.974102
vt 0.602888 0.978319
vt 0.605491 0.983935
vt 0.610118 0.972463
vt 0.612022 0.984465
vt 0.630555 0.989068
vt 0.638725 0.956123
vt 0.657499 0.966872
vt 0.651330 0.994225
vt 0.677816 0.973403
vt 0.672345 0.998515
vt 0.686443 0.947447
vt 0.668103 0.935132
vt 0.698903 0.909080
vt 0.731221 0.870375
vt 0.685696 0.894740
vt 0.649667 0.927299
vt 0.662825 0.894065
vt 0.645497 0.923034
vt 0.607636 0.947062
vt 0.600647 0.963908
vt 0.579174 0.935951
vt 0.623108 0.905417
vt 0.652559 0.887101
vt 0.679936 0.844660
vt 0.692685 0.848155
vt 0.714062 0.856975
vt 0.728835 0.836731
vt 0.748357 0.847841
vt 0.705699 0.830947
vt 0.689215 0.826657
vt 0.650100 0.810414
vt 0.643136 0.829983
vt 0.627591 0.873556
vt 0.597586 0.895873
vt 0.558351 0.927854
vt 0.546301 0.945013
vt 0.574161 0.885293
vt 0.593634 0.857096
vt 0.611275 0.815620
vt 0.565702 0.839382
vt 0.542903 0.872038
vt 0.535649 0.831405
vt 0.515164 0.823187
vt 0.543988 0.807522
vt 0.585271 0.799473
vt 0.618698 0.796074
vt 0.656776 0.792002
vt 0.695698 0.808173
vt 0.721099 0.814005
vt 0.733487 0.812679
vt 0.722690 0.798557
vt 0.703458 0.789254
vt 0.667838 0.774071
vt 0.644485 0.762816
vt 0.627254 0.777156
vt 0.595345 0.773999
vt 0.559581 0.771059
vt 0.524057 0.793713
vt 0.491450 0.814101
vt 0.500342 0.789543
vt 0.476580 0.783494
vt 0.512923 0.755104
vt 0.537770 0.758478
vt 0.571173 0.745127
vt 0.608359 0.744765
vt 0.623831 0.729438
vt 0.634749 0.728594
vt 0.648438 0.754550
vt 0.705724 0.779566
vt 0.672032 0.764455
vt 0.669549 0.730353
vt 0.686492 0.744356
vt 0.692975 0.708157
vt 0.659258 0.712640
vt 0.640485 0.687238
vt 0.610480 0.711097
vt 0.592742 0.724015
vt 0.661283 0.673188
vt 0.680346 0.689239
vt 0.708109 0.686612
vt 0.691697 0.670224
vt 0.676008 0.656655
vt 0.653209 0.660656
vt 0.645377 0.633423
vt 0.664946 0.649281
vt 0.662898 0.608479
vt 0.680226 0.626892
vt 0.668778 0.606334
vt 0.688347 0.640267
vt 0.703603 0.651064
vt 0.720907 0.669404
vt 0.733415 0.684081
vt 0.721846 0.701674
vt 0.708326 0.723268
vt 0.716810 0.756068
vt 0.722521 0.728257
vt 0.738765 0.704952
vt 0.740259 0.729751
vt 0.734885 0.769106
vt 0.728281 0.792339
vt 0.744838 0.812463
vt 0.748694 0.781108
vt 0.752502 0.739897
vt 0.756093 0.704084
vt 0.757394 0.692564
vt 0.749056 0.670055
vt 0.735873 0.652727
vt 0.767661 0.651137
vt 0.776385 0.672441
vt 0.782265 0.699674
vt 0.780723 0.714110
vt 0.772577 0.749513
vt 0.769733 0.781904
vt 0.762262 0.822488
vt 0.752140 0.631567
vt 0.719581 0.636893
vt 0.732571 0.613805
vt 0.702133 0.624120
vt 0.708495 0.599538
vt 0.690589 0.593272
vt 0.688106 0.618698
vt 0.679864 0.595995
vt 0.951906 0.305951
vt 0.933518 0.283610
vt 0.902284 0.306626
vt 0.927517 0.275247
vt 0.888113 0.283489
vt 0.912189 0.263655
vt 0.896910 0.259076
vt 0.878955 0.258811
vt 0.867676 0.278115
vt 0.858711 0.306409
vt 0.864712 0.340631
vt 0.911056 0.328725
vt 0.933180 0.344125
vt 0.972415 0.324797
vt 0.891318 0.355525
vt 0.906019 0.371503
vt 0.954316 0.357814
vt 1.000010 0.347331
vt 1.000010 0.366924
vt 0.958919 0.391313
vt 1.000010 0.386662
vt 0.965306 0.427078
vt 1.000010 0.427728
vt 0.923179 0.400929
vt 0.890644 0.410208
vt 0.873075 0.381360
vt 0.849047 0.359790
vt 0.849770 0.399483
vt 0.868688 0.423342
vt 0.903513 0.440839
vt 0.930867 0.433585
vt 0.969330 0.466144
vt 1.000010 0.464602
vt 1.000010 0.491064
vt 0.971258 0.517742
vt 1.000010 0.517742
vt 1.000010 0.544397
vt 0.969330 0.569317
vt 1.000010 0.570883
vt 1.000010 0.607756
vt 0.965306 0.608407
vt 1.000010 0.648823
vt 0.958919 0.644171
vt 1.000010 0.668537
vt 0.954316 0.677671
vt 1.000010 0.688154
vt 0.972415 0.710688
vt 0.933180 0.691335
vt 0.951906 0.729534
vt 0.906019 0.663982
vt 0.923179 0.634531
vt 0.930867 0.601900
vt 0.933662 0.564858
vt 0.934626 0.517742
vt 0.933662 0.470627
vt 0.905080 0.476893
vt 0.903393 0.517742
vt 0.905080 0.558568
vt 0.903513 0.594646
vt 0.890644 0.625277
vt 0.873075 0.654101
vt 0.891318 0.679960
vt 0.911032 0.706760
vt 0.902284 0.728859
vt 0.933518 0.751875
vt 0.927517 0.760238
vt 0.888113 0.751995
vt 0.912189 0.771830
vt 0.896910 0.776409
vt 0.878955 0.776674
vt 0.867676 0.757346
vt 0.858711 0.729076
vt 0.864712 0.694854
vt 0.849047 0.675670
vt 0.849770 0.635977
vt 0.868688 0.612142
vt 0.872785 0.582403
vt 0.872665 0.548398
vt 0.840756 0.580089
vt 0.822416 0.609395
vt 0.819404 0.655354
vt 0.791279 0.621493
vt 0.807546 0.585271
vt 0.797159 0.555700
vt 0.839431 0.545819
vt 0.871122 0.517742
vt 0.872665 0.487087
vt 0.872785 0.453058
vt 0.840756 0.455395
vt 0.839431 0.489642
vt 0.838154 0.517742
vt 0.798220 0.517742
vt 0.797159 0.479785
vt 0.756695 0.517742
vt 0.764070 0.567172
vt 0.777277 0.593103
vt 0.764383 0.634291
vt 0.793303 0.661258
vt 0.811957 0.676032
vt 0.830875 0.689721
vt 0.841214 0.701168
vt 0.843745 0.712929
vt 0.841817 0.724015
vt 0.843431 0.754598
vt 0.830369 0.744982
vt 0.829044 0.749296
vt 0.824127 0.758502
vt 0.826754 0.765732
vt 0.839937 0.770432
vt 0.859820 0.774288
vt 0.738693 0.603659
vt 0.721051 0.574667
vt 0.705748 0.547217
vt 0.723582 0.517742
vt 0.691649 0.517742
vt 0.705748 0.488268
vt 0.764070 0.468313
vt 0.721051 0.460794
vt 0.738693 0.431826
vt 0.777277 0.442357
vt 0.764383 0.401194
vt 0.791279 0.413991
vt 0.793303 0.374226
vt 0.807546 0.450214
vt 0.822416 0.426066
vt 0.819404 0.380131
vt 0.811957 0.359453
vt 0.830875 0.345740
vt 0.841214 0.334292
vt 0.843745 0.322532
vt 0.841817 0.311446
vt 0.843431 0.280863
vt 0.830369 0.290502
vt 0.829044 0.286164
vt 0.824127 0.276982
vt 0.826754 0.269752
vt 0.839961 0.265053
vt 0.859844 0.261197
vt 0.000796 0.000000
vt 0.000000 0.011255
vt 0.041934 0.000000
vt 0.043573 0.010170
vt 0.001663 0.028269
vt 0.083652 0.009495
vt 0.080904 0.000000
vt 0.135443 0.009206
vt 0.132695 0.000000
vt 0.193572 0.000000
vt 0.193861 0.008845
vt 0.242688 0.000000
vt 0.138769 0.023570
vt 0.087580 0.023666
vt 0.046128 0.025112
vt 0.004869 0.043043
vt 0.011713 0.063962
vt 0.048827 0.037934
vt 0.091291 0.035861
vt 0.141612 0.036463
vt 0.194416 0.022317
vt 0.242495 0.008435
vt 0.282767 0.000000
vt 0.283225 0.008122
vt 0.331931 0.000000
vt 0.242544 0.021112
vt 0.194801 0.034222
vt 0.284165 0.020268
vt 0.242568 0.032198
vt 0.241652 0.052008
vt 0.284984 0.030848
vt 0.331569 0.019955
vt 0.331714 0.008001
vt 0.370636 0.000000
vt 0.371672 0.007953
vt 0.419173 0.000000
vt 0.373455 0.019810
vt 0.419607 0.008435
vt 0.468844 0.000000
vt 0.420451 0.021112
vt 0.468940 0.008700
vt 0.518418 0.008652
vt 0.518755 0.000000
vt 0.560737 0.008483
vt 0.560448 0.000000
vt 0.606287 0.008845
vt 0.606190 0.000000
vt 0.651257 0.009399
vt 0.650679 0.000000
vt 0.698855 0.009664
vt 0.698686 0.000000
vt 0.746742 0.000000
vt 0.746332 0.010363
vt 0.798509 0.000000
vt 0.698975 0.024389
vt 0.651980 0.023522
vt 0.606262 0.022124
vt 0.560882 0.021112
vt 0.517719 0.021594
vt 0.469109 0.021690
vt 0.517044 0.032921
vt 0.561002 0.032029
vt 0.606311 0.033740
vt 0.652631 0.036030
vt 0.745995 0.025859
vt 0.699144 0.037211
vt 0.653547 0.055623
vt 0.606214 0.051598
vt 0.560930 0.048658
vt 0.469253 0.032993
vt 0.515839 0.050466
vt 0.421294 0.032174
vt 0.375118 0.030077
vt 0.331401 0.030366
vt 0.286550 0.048562
vt 0.330919 0.046706
vt 0.377649 0.045814
vt 0.421969 0.049333
vt 0.469398 0.050200
vt 0.560882 0.063046
vt 0.514827 0.065841
vt 0.469277 0.065769
vt 0.423270 0.064853
vt 0.377625 0.061311
vt 0.331666 0.061455
vt 0.321737 0.058636
vt 0.240640 0.060057
vt 0.290985 0.058298
vt 0.194584 0.053454
vt 0.189162 0.063239
vt 0.241074 0.068083
vt 0.302529 0.066034
vt 0.321616 0.066468
vt 0.318821 0.087821
vt 0.373696 0.083507
vt 0.408714 0.086953
vt 0.469133 0.087483
vt 0.498535 0.088134
vt 0.529986 0.087556
vt 0.511862 0.095605
vt 0.469061 0.094014
vt 0.426837 0.094183
vt 0.408666 0.097605
vt 0.383288 0.092906
vt 0.364828 0.096376
vt 0.368105 0.133876
vt 0.389795 0.131490
vt 0.414811 0.137009
vt 0.430982 0.143685
vt 0.469398 0.141323
vt 0.507886 0.144311
vt 0.524105 0.137877
vt 0.530082 0.098642
vt 0.549145 0.132623
vt 0.555508 0.094472
vt 0.562256 0.084736
vt 0.570883 0.135226
vt 0.574065 0.098136
vt 0.536228 0.154747
vt 0.548808 0.159808
vt 0.527166 0.173786
vt 0.502102 0.166146
vt 0.469470 0.163881
vt 0.436887 0.165712
vt 0.411871 0.173087
vt 0.402761 0.153855
vt 0.390205 0.158844
vt 0.392037 0.176364
vt 0.421993 0.199645
vt 0.443081 0.188728
vt 0.469518 0.189330
vt 0.495980 0.189041
vt 0.517116 0.200175
vt 0.547048 0.177256
vt 0.566642 0.181763
vt 0.581030 0.150650
vt 0.594984 0.135322
vt 0.595706 0.116259
vt 0.619084 0.088905
vt 0.618337 0.103630
vt 0.611805 0.119561
vt 0.630531 0.136406
vt 0.617951 0.152987
vt 0.600960 0.185161
vt 0.557942 0.225432
vt 0.530733 0.224782
vt 0.511380 0.246520
vt 0.495739 0.243989
vt 0.469567 0.244616
vt 0.443442 0.243724
vt 0.408425 0.224155
vt 0.427777 0.246110
vt 0.444599 0.271295
vt 0.469591 0.272307
vt 0.494558 0.271560
vt 0.507910 0.270307
vt 0.525527 0.257124
vt 0.543699 0.246978
vt 0.578017 0.251629
vt 0.586042 0.231409
vt 0.639280 0.188559
vt 0.625759 0.235120
vt 0.614023 0.261992
vt 0.601924 0.286309
vt 0.572113 0.271849
vt 0.540758 0.274524
vt 0.520466 0.279778
vt 0.507356 0.277537
vt 0.495522 0.277344
vt 0.469567 0.280019
vt 0.443635 0.277079
vt 0.431272 0.269921
vt 0.413679 0.256546
vt 0.418740 0.279272
vt 0.431826 0.277151
vt 0.431946 0.310867
vt 0.443876 0.312482
vt 0.469518 0.318917
vt 0.495233 0.312747
vt 0.507187 0.311229
vt 0.517719 0.309180
vt 0.542277 0.302119
vt 0.569871 0.291105
vt 0.567461 0.313325
vt 0.611396 0.306023
vt 0.641521 0.273873
vt 0.650414 0.294768
vt 0.660439 0.244447
vt 0.660247 0.277681
vt 0.663741 0.213744
vt 0.673213 0.245339
vt 0.678129 0.215503
vt 0.669597 0.189258
vt 0.684684 0.245700
vt 0.678900 0.258184
vt 0.668344 0.275175
vt 0.672610 0.286622
vt 0.662874 0.296046
vt 0.651474 0.305565
vt 0.614697 0.315976
vt 0.573293 0.326508
vt 0.540373 0.328773
vt 0.521117 0.331714
vt 0.523286 0.358730
vt 0.516369 0.351331
vt 0.507404 0.353115
vt 0.488557 0.360923
vt 0.498631 0.375865
vt 0.538083 0.386445
vt 0.512151 0.399459
vt 0.546181 0.357404
vt 0.582331 0.348680
vt 0.618120 0.339378
vt 0.650076 0.330461
vt 0.663452 0.307324
vt 0.687480 0.296214
vt 0.691071 0.314892
vt 0.684250 0.333714
vt 0.653981 0.351765
vt 0.621662 0.363791
vt 0.592983 0.376154
vt 0.555990 0.385168
vt 0.559870 0.417028
vt 0.538878 0.438067
vt 0.548181 0.447201
vt 0.567003 0.427102
vt 0.576378 0.463276
vt 0.577053 0.417197
vt 0.590380 0.441562
vt 0.581873 0.467156
vt 0.596695 0.447635
vt 0.620240 0.421535
vt 0.612577 0.412280
vt 0.639545 0.405894
vt 0.604672 0.393193
vt 0.628579 0.384493
vt 0.669091 0.381818
vt 0.662994 0.367960
vt 0.570426 0.405822
vt 0.682539 0.345860
vt 0.693673 0.363068
vt 0.711218 0.350729
vt 0.697602 0.331400
vt 0.701458 0.308819
vt 0.717653 0.319760
vt 0.732402 0.337739
vt 0.756454 0.320796
vt 0.740355 0.306095
vt 0.722714 0.293997
vt 0.708760 0.280838
vt 0.720690 0.271439
vt 0.734089 0.283730
vt 0.763419 0.292888
vt 0.776554 0.303709
vt 0.804028 0.278790
vt 0.786242 0.270042
vt 0.802172 0.243242
vt 0.775301 0.263077
vt 0.755225 0.271584
vt 0.740379 0.256280
vt 0.708905 0.256305
vt 0.689022 0.276597
vt 0.680804 0.280405
vt 0.686516 0.259052
vt 0.694204 0.248376
vt 0.713845 0.231216
vt 0.733463 0.241386
vt 0.759443 0.241338
vt 0.772915 0.226493
vt 0.756117 0.226565
vt 0.723967 0.223287
vt 0.727293 0.209574
vt 0.705531 0.214804
vt 0.694878 0.220323
vt 0.684973 0.190969
vt 0.707989 0.204128
vt 0.734258 0.186004
vt 0.777060 0.191114
vt 0.804293 0.219118
vt 0.815813 0.196343
vt 0.833309 0.227047
vt 0.828803 0.248062
vt 0.856855 0.251268
vt 0.861410 0.233891
vt 0.866519 0.210394
vt 0.839021 0.202730
vt 0.873171 0.183619
vt 0.884546 0.153614
vt 0.845335 0.175376
vt 0.822681 0.177642
vt 0.784001 0.170243
vt 0.738427 0.165230
vt 0.713339 0.178317
vt 0.699843 0.192487
vt 0.703964 0.174027
vt 0.686612 0.166435
vt 0.718111 0.161326
vt 0.707796 0.148529
vt 0.744187 0.141949
vt 0.794123 0.148553
vt 0.835816 0.156482
vt 0.856421 0.138600
vt 0.898524 0.124308
vt 0.865893 0.112788
vt 0.906526 0.106643
vt 0.856494 0.113174
vt 0.869002 0.097967
vt 0.919347 0.080687
vt 0.877991 0.073481
vt 0.882088 0.056948
vt 0.928505 0.062973
vt 0.933903 0.042440
vt 0.886908 0.037885
vt 0.936289 0.027884
vt 0.889655 0.025112
vt 0.937253 0.011110
vt 0.844323 0.037138
vt 0.838467 0.056057
vt 0.834466 0.070179
vt 0.828586 0.093556
vt 0.819404 0.109101
vt 0.846034 0.137129
vt 0.804293 0.129008
vt 0.788266 0.106691
vt 0.776457 0.093653
vt 0.784940 0.070348
vt 0.791664 0.059455
vt 0.794267 0.038777
vt 0.847938 0.024293
vt 0.795810 0.025353
vt 0.892403 0.010170
vt 0.936121 0.000000
vt 0.894210 0.000000
vt 0.851818 0.009592
vt 0.797424 0.010170
vt 0.854590 0.000000
vt 0.745802 0.039307
vt 0.745103 0.057069
vt 0.777759 0.064058
vt 0.777638 0.075072
vt 0.765154 0.094111
vt 0.759226 0.100497
vt 0.760117 0.123537
vt 0.739054 0.136961
vt 0.738765 0.115271
vt 0.702422 0.129803
vt 0.712761 0.099606
vt 0.747802 0.090833
vt 0.756286 0.069480
vt 0.757105 0.061600
vt 0.699650 0.070300
vt 0.698373 0.087845
vt 0.645618 0.091291
vt 0.674634 0.098545
vt 0.668899 0.119319
vt 0.685022 0.144986
vt 0.674321 0.161567
vt 0.656897 0.138286
vt 0.639472 0.116259
vt 0.640075 0.098786
vt 0.628435 0.090183
vt 0.638075 0.068613
vt 0.653258 0.060467
vt 0.699602 0.061600
vt 0.699457 0.057382
vt 0.647160 0.156626
vt 0.617373 0.067649
vt 0.616095 0.060419
vt 0.610022 0.065625
vt 0.356634 0.466361
vt 0.362153 0.462529
vt 0.341957 0.446743
vt 0.348319 0.440718
vt 0.318700 0.420523
vt 0.390446 0.446623
vt 0.371768 0.426403
vt 0.399797 0.437585
vt 0.361791 0.416426
vt 0.378950 0.416377
vt 0.426644 0.399122
vt 0.400833 0.385891
vt 0.440237 0.375600
vt 0.382999 0.384517
vt 0.368491 0.405098
vt 0.326412 0.411341
vt 0.334437 0.392277
vt 0.346174 0.375287
vt 0.392880 0.356778
vt 0.356899 0.347837
vt 0.415727 0.358248
vt 0.431561 0.352753
vt 0.450335 0.360754
vt 0.422620 0.350921
vt 0.417992 0.331232
vt 0.398785 0.328147
vt 0.365936 0.325689
vt 0.321279 0.338414
vt 0.317664 0.362827
vt 0.310675 0.383505
vt 0.285562 0.350753
vt 0.289467 0.329448
vt 0.324701 0.314988
vt 0.371792 0.312530
vt 0.328003 0.305035
vt 0.396929 0.301468
vt 0.421439 0.308722
vt 0.398471 0.273849
vt 0.369407 0.290262
vt 0.337426 0.285321
vt 0.367189 0.270981
vt 0.395531 0.246255
vt 0.381264 0.224565
vt 0.361261 0.250713
vt 0.325352 0.260956
vt 0.297974 0.272837
vt 0.289129 0.293732
vt 0.288093 0.304529
vt 0.255510 0.332774
vt 0.276163 0.306312
vt 0.276718 0.295033
vt 0.279296 0.276645
vt 0.279031 0.243387
vt 0.313591 0.234012
vt 0.353235 0.230397
vt 0.338245 0.183980
vt 0.372491 0.180727
vt 0.358031 0.149324
vt 0.344053 0.133780
vt 0.321206 0.151493
vt 0.299998 0.187330
vt 0.275657 0.212659
vt 0.266282 0.244327
vt 0.261318 0.214467
vt 0.269753 0.188125
vt 0.292093 0.155156
vt 0.308626 0.134695
vt 0.327280 0.117729
vt 0.343306 0.114524
vt 0.320797 0.101582
vt 0.299299 0.096063
vt 0.299733 0.114114
vt 0.282357 0.136648
vt 0.264981 0.160362
vt 0.254401 0.189981
vt 0.252714 0.165375
vt 0.254280 0.143829
vt 0.270403 0.117560
vt 0.264836 0.098304
vt 0.309349 0.088062
vt 0.286840 0.087387
vt 0.241339 0.087218
vt 0.226879 0.099148
vt 0.236904 0.128936
vt 0.231482 0.147734
vt 0.235362 0.173183
vt 0.239531 0.191596
vt 0.225987 0.177594
vt 0.221167 0.160675
vt 0.194946 0.141684
vt 0.200128 0.136648
vt 0.200441 0.115006
vt 0.178944 0.123585
vt 0.179883 0.100521
vt 0.196681 0.088158
vt 0.181932 0.072565
vt 0.173087 0.094352
vt 0.159663 0.094207
vt 0.150409 0.107535
vt 0.134310 0.129707
vt 0.144745 0.148987
vt 0.155084 0.170436
vt 0.200802 0.164821
vt 0.205068 0.185522
vt 0.231434 0.203332
vt 0.233940 0.213985
vt 0.212153 0.208972
vt 0.162218 0.191162
vt 0.116331 0.178365
vt 0.123441 0.196946
vt 0.166653 0.226445
vt 0.135226 0.219504
vt 0.106378 0.227939
vt 0.137636 0.243604
vt 0.164604 0.263028
vt 0.180221 0.241097
vt 0.183426 0.226300
vt 0.215552 0.222637
vt 0.206153 0.240808
vt 0.225674 0.230469
vt 0.244592 0.219431
vt 0.254859 0.244736
vt 0.260667 0.257196
vt 0.253075 0.258088
vt 0.245387 0.247484
vt 0.230759 0.255509
vt 0.250641 0.275681
vt 0.258835 0.279441
vt 0.271223 0.274187
vt 0.267005 0.285610
vt 0.252256 0.295274
vt 0.231024 0.280019
vt 0.219070 0.270740
vt 0.199356 0.255774
vt 0.184655 0.271247
vt 0.205791 0.283152
vt 0.217190 0.293298
vt 0.238374 0.307951
vt 0.248713 0.313952
vt 0.242230 0.330533
vt 0.222324 0.319013
vt 0.199718 0.305565
vt 0.176702 0.292647
vt 0.153783 0.270138
vt 0.163736 0.303661
vt 0.183812 0.320459
vt 0.207719 0.337112
vt 0.228734 0.349885
vt 0.257197 0.344896
vt 0.276525 0.366924
vt 0.246086 0.362104
vt 0.270379 0.380782
vt 0.299589 0.404833
vt 0.136214 0.279200
vt 0.111222 0.248882
vt 0.083363 0.252617
vt 0.078446 0.235337
vt 0.072975 0.211912
vt 0.100305 0.203718
vt 0.065914 0.185185
vt 0.093605 0.176437
vt 0.054057 0.155253
vt 0.102908 0.157422
vt 0.092376 0.138190
vt 0.081965 0.139757
vt 0.039645 0.126019
vt 0.072084 0.113993
vt 0.031379 0.108402
vt 0.081507 0.114307
vt 0.118814 0.110017
vt 0.109270 0.094617
vt 0.068686 0.099100
vt 0.059238 0.074493
vt 0.018244 0.082567
vt 0.053840 0.057117
vt 0.098449 0.055912
vt 0.102908 0.071360
vt 0.148288 0.070348
vt 0.145878 0.056418
vt 0.156121 0.067239
vt 0.159663 0.075674
vt 0.003254 0.469301
vt 0.010387 0.500511
vt 0.125514 0.455926
vt 0.002892 0.428235
vt 0.030053 0.536131
vt 0.063576 0.563460
vt 0.103944 0.580812
vt 0.139733 0.582499
vt 0.177498 0.574570
vt 0.210804 0.556905
vt 0.238447 0.527479
vt 0.252618 0.490003
vt 0.255726 0.445828
vt 0.241965 0.400375
vt 0.218829 0.372371
vt 0.187571 0.346897
vt 0.149806 0.332726
vt 0.113946 0.326845
vt 0.066444 0.330774
vt 0.029740 0.360730
vt 0.010604 0.395314
vt 0.945086 0.801063
vt 0.910791 0.789085
vt 0.884185 0.841744
vt 0.884185 0.786434
vt 0.857554 0.789061
vt 0.823284 0.801063
vt 0.839118 0.863193
vt 0.803690 0.816728
vt 0.780916 0.846853
vt 0.771083 0.874810
vt 0.829791 0.898211
vt 0.768360 0.895054
vt 0.770023 0.917659
vt 0.776674 0.942434
vt 0.841841 0.932457
vt 0.884185 0.893150
vt 0.929228 0.863193
vt 0.964655 0.816728
vt 0.987430 0.846877
vt 0.997262 0.874810
vt 0.938555 0.898187
vt 1.000010 0.895054
vt 0.998323 0.917659
vt 0.991671 0.942458
vt 0.926529 0.932457
vt 0.884161 0.956437
vt 0.816006 0.981380
vt 0.787760 0.961498
vt 0.851939 0.997021
vt 0.884185 1.000010
vt 0.916382 0.997021
vt 0.952364 0.981404
vt 0.980585 0.961473
s 1
usemtl models_monsters_darklord_mech_darklord_mech_shoulder
f 1293/1073/1049 1294/1074/1050 1291/1075/1051
f 1292/1076/1052 1293/1073/1049 1291/1075/1051
f 1291/1075/1051 1213/1077/1053 1292/1076/1052
f 1293/1073/1049 1292/1076/1052 1296/1078/1054
f 1213/1077/1053 1214/1079/1055 1292/1076/1052
f 1292/1076/1052 1295/1080/1056 1296/1078/1054
f 1292/1076/1052 1214/1079/1055 1295/1080/1056
f 1295/1080/1056 1302/1081/1057 1296/1078/1054
f 1300/1082/1058 1302/1081/1057 1295/1080/1056
f 1302/1081/1057 1300/1082/1058 1303/1083/1059
f 1295/1080/1056 1287/1084/1060 1286/1085/1061
f 1286/1085/1061 1300/1082/1058 1295/1080/1056
f 1295/1080/1056 1214/1079/1055 1287/1084/1060
f 1286/1085/1061 1287/1084/1060 1282/1086/1062
f 1214/1079/1055 1282/1086/1062 1287/1084/1060
f 1213/1077/1053 1083/1087/1063 1214/1079/1055
f 1214/1079/1055 1216/1088/1064 1282/1086/1062
f 1214/1079/1055 1083/1087/1063 1216/1088/1064
f 1216/1088/1064 1277/1089/1065 1282/1086/1062
f 1281/1090/1066 1282/1086/1062 1277/1089/1065
f 1281/1090/1066 1286/1085/1061 1282/1086/1062
f 1281/1090/1066 1283/1091/1067 1286/1085/1061
f 1286/1085/1061 1288/1092/1068 1300/1082/1058
f 1283/1091/1067 1288/1092/1068 1286/1085/1061
f 1288/1092/1068 1301/1093/1069 1300/1082/1058
f 1300/1082/1058 1301/1093/1069 1303/1083/1059
f 1301/1093/1069 1297/1094/1070 1303/1083/1059
f 1297/1094/1070 1304/1095/1071 1303/1083/1059
f 1301/1093/1069 1289/1096/1072 1297/1094/1070
f 1288/1092/1068 1289/1096/1072 1301/1093/1069
f 1283/1091/1067 1284/1097/1073 1288/1092/1068
f 1284/1097/1073 1289/1096/1072 1288/1092/1068
f 1283/1091/1067 1279/1098/1074 1284/1097/1073
f 1284/1097/1073 1285/1099/1075 1289/1096/1072
f 1285/1099/1075 1284/1097/1073 1279/1098/1074
f 1285/1099/1075 1290/1100/1076 1289/1096/1072
f 1298/1101/1077 1289/1096/1072 1290/1100/1076
f 1297/1094/1070 1289/1096/1072 1298/1101/1077
f 1299/1102/1078 1297/1094/1070 1298/1101/1077
f 1297/1094/1070 1299/1102/1078 1304/1095/1071
f 1299/1102/1078 1305/1103/1079 1304/1095/1071
f 1305/1103/1079 1299/1102/1078 1306/1104/1080
f 1299/1102/1078 1307/1105/1081 1306/1104/1080
f 1306/1104/1080 1307/1105/1081 1313/1106/1082
f 1299/1102/1078 1298/1101/1077 1309/1107/1083
f 1309/1107/1083 1307/1105/1081 1299/1102/1078
f 1298/1101/1077 1308/1108/1084 1309/1107/1083
f 1298/1101/1077 1290/1100/1076 1308/1108/1084
f 1290/1100/1076 1285/1099/1075 1308/1108/1084
f 1309/1107/1083 1308/1108/1084 1327/1109/1085
f 1285/1099/1075 1327/1109/1085 1308/1108/1084
f 1279/1098/1074 1280/1110/1086 1285/1099/1075
f 1327/1109/1085 1285/1099/1075 1329/1111/1087
f 1285/1099/1075 1280/1110/1086 1329/1111/1087
f 1329/1111/1087 1326/1112/1088 1327/1109/1085
f 1326/1112/1088 1309/1107/1083 1327/1109/1085
f 1309/1107/1083 1326/1112/1088 1310/1113/1089
f 1310/1113/1089 1307/1105/1081 1309/1107/1083
f 1312/1114/1090 1307/1105/1081 1310/1113/1089
f 1307/1105/1081 1312/1114/1090 1313/1106/1082
f 1313/1106/1082 1312/1114/1090 1314/1115/1091
f 1312/1114/1090 1315/1116/1092 1314/1115/1091
f 1314/1115/1091 1315/1116/1092 1325/1117/1093
f 1312/1114/1090 1310/1113/1089 1311/1118/1094
f 1315/1116/1092 1312/1114/1090 1311/1118/1094
f 1310/1113/1089 1332/1119/1095 1311/1118/1094
f 1326/1112/1088 1332/1119/1095 1310/1113/1089
f 1329/1111/1087 1328/1120/1096 1326/1112/1088
f 1326/1112/1088 1333/1121/1097 1332/1119/1095
f 1328/1120/1096 1333/1121/1097 1326/1112/1088
f 1333/1121/1097 1328/1120/1096 1337/1122/1098
f 1328/1120/1096 1329/1111/1087 1345/1123/1099
f 1328/1120/1096 1345/1123/1099 1337/1122/1098
f 1329/1111/1087 1348/1124/1100 1345/1123/1099
f 1329/1111/1087 1280/1110/1086 1348/1124/1100
f 1345/1123/1099 1348/1124/1100 1346/1125/1101
f 1345/1123/1099 1346/1125/1101 1337/1122/1098
f 1337/1122/1098 1338/1126/1102 1333/1121/1097
f 1346/1125/1101 1344/1127/1103 1337/1122/1098
f 1338/1126/1102 1337/1122/1098 1344/1127/1103
f 1343/1128/1104 1338/1126/1102 1344/1127/1103
f 1343/1128/1104 1344/1127/1103 1351/1129/1105
f 1344/1127/1103 1346/1125/1101 1353/1130/1106
f 1344/1127/1103 1353/1130/1106 1351/1129/1105
f 1346/1125/1101 1352/1131/1107 1353/1130/1106
f 1348/1124/1100 1349/1132/1108 1346/1125/1101
f 1346/1125/1101 1349/1132/1108 1352/1131/1107
f 1348/1124/1100 1258/1133/1109 1349/1132/1108
f 1349/1132/1108 1361/1134/1110 1352/1131/1107
f 1349/1132/1108 1258/1133/1109 1361/1134/1110
f 1361/1134/1110 1357/1135/1111 1352/1131/1107
f 1258/1133/1109 1259/1136/1112 1361/1134/1110
f 1361/1134/1110 1259/1136/1112 1357/1135/1111
f 1258/1133/1109 1254/1137/1113 1259/1136/1112
f 1259/1136/1112 1260/1138/1114 1357/1135/1111
f 1260/1138/1114 1259/1136/1112 1254/1137/1113
f 1260/1138/1114 1358/1139/1115 1357/1135/1111
f 1357/1135/1111 1358/1139/1115 1355/1140/1116
f 1357/1135/1111 1355/1140/1116 1352/1131/1107
f 1352/1131/1107 1354/1141/1117 1353/1130/1106
f 1352/1131/1107 1355/1140/1116 1354/1141/1117
f 1353/1130/1106 1354/1141/1117 1193/1142/1118
f 1351/1129/1105 1353/1130/1106 1193/1142/1118
f 1354/1141/1117 1195/1143/1119 1193/1142/1118
f 1195/1143/1119 1354/1141/1117 1355/1140/1116
f 1197/1144/1120 1195/1143/1119 1355/1140/1116
f 1355/1140/1116 1356/1145/1121 1197/1144/1120
f 1358/1139/1115 1356/1145/1121 1355/1140/1116
f 1358/1139/1115 1359/1146/1122 1356/1145/1121
f 1261/1147/1123 1359/1146/1122 1358/1139/1115
f 1260/1138/1114 1261/1147/1123 1358/1139/1115
f 1254/1137/1113 1255/1148/1124 1260/1138/1114
f 1255/1148/1124 1261/1147/1123 1260/1138/1114
f 1261/1147/1123 1255/1148/1124 1262/1149/1125
f 1261/1147/1123 1262/1149/1125 1363/1150/1126
f 1359/1146/1122 1261/1147/1123 1363/1150/1126
f 1359/1146/1122 1363/1150/1126 1370/1151/1127
f 1360/1152/1128 1359/1146/1122 1370/1151/1127
f 1359/1146/1122 1360/1152/1128 1356/1145/1121
f 1356/1145/1121 1199/1153/1129 1197/1144/1120
f 1199/1153/1129 1356/1145/1121 1360/1152/1128
f 1199/1153/1129 1198/1154/1130 1197/1144/1120
f 1195/1143/1119 1197/1144/1120 1196/1155/1131
f 1197/1144/1120 1198/1154/1130 1196/1155/1131
f 1195/1143/1119 1196/1155/1131 1194/1156/1132
f 1193/1142/1118 1195/1143/1119 1194/1156/1132
f 1193/1142/1118 1194/1156/1132 1192/1157/1133
f 1191/1158/1134 1193/1142/1118 1192/1157/1133
f 1191/1158/1134 1351/1129/1105 1193/1142/1118
f 1192/1157/1133 1190/1159/1135 1191/1158/1134
f 1191/1158/1134 1350/1160/1136 1351/1129/1105
f 1190/1159/1135 1189/1161/1137 1191/1158/1134
f 1189/1161/1137 1350/1160/1136 1191/1158/1134
f 1190/1159/1135 1188/1162/1138 1189/1161/1137
f 1189/1161/1137 1347/1163/1139 1350/1160/1136
f 1188/1162/1138 1187/1164/1140 1189/1161/1137
f 1187/1164/1140 1347/1163/1139 1189/1161/1137
f 1188/1162/1138 1186/1165/1141 1187/1164/1140
f 1347/1163/1139 1187/1164/1140 1182/1166/1142
f 1186/1165/1141 1182/1166/1142 1187/1164/1140
f 1184/1167/1143 1182/1166/1142 1186/1165/1141
f 1182/1166/1142 1184/1167/1143 1183/1168/1144
f 1182/1166/1142 1183/1168/1144 1185/1169/1145
f 1185/1169/1145 1347/1163/1139 1182/1166/1142
f 1183/1168/1144 1320/1170/1146 1185/1169/1145
f 1320/1170/1146 1321/1171/1147 1185/1169/1145
f 1321/1171/1147 1322/1172/1148 1185/1169/1145
f 1321/1171/1147 1323/1173/1149 1322/1172/1148
f 1322/1172/1148 1341/1174/1150 1185/1169/1145
f 1341/1174/1150 1347/1163/1139 1185/1169/1145
f 1341/1174/1150 1342/1175/1151 1347/1163/1139
f 1347/1163/1139 1342/1175/1151 1350/1160/1136
f 1351/1129/1105 1350/1160/1136 1342/1175/1151
f 1343/1128/1104 1351/1129/1105 1342/1175/1151
f 1342/1175/1151 1340/1176/1152 1343/1128/1104
f 1340/1176/1152 1338/1126/1102 1343/1128/1104
f 1342/1175/1151 1339/1177/1153 1340/1176/1152
f 1341/1174/1150 1339/1177/1153 1342/1175/1151
f 1322/1172/1148 1324/1178/1154 1341/1174/1150
f 1324/1178/1154 1339/1177/1153 1341/1174/1150
f 1322/1172/1148 1323/1173/1149 1324/1178/1154
f 1323/1173/1149 1318/1179/1155 1324/1178/1154
f 1318/1179/1155 1316/1180/1156 1324/1178/1154
f 1339/1177/1153 1324/1178/1154 1316/1180/1156
f 1318/1179/1155 1317/1181/1157 1316/1180/1156
f 1316/1180/1156 1317/1181/1157 1319/1182/1158
f 1319/1182/1158 1317/1181/1157 1325/1117/1093
f 1315/1116/1092 1319/1182/1158 1325/1117/1093
f 1319/1182/1158 1315/1116/1092 1330/1183/1159
f 1315/1116/1092 1311/1118/1094 1330/1183/1159
f 1330/1183/1159 1336/1184/1160 1319/1182/1158
f 1336/1184/1160 1316/1180/1156 1319/1182/1158
f 1336/1184/1160 1339/1177/1153 1316/1180/1156
f 1340/1176/1152 1339/1177/1153 1336/1184/1160
f 1335/1185/1161 1340/1176/1152 1336/1184/1160
f 1338/1126/1102 1340/1176/1152 1335/1185/1161
f 1336/1184/1160 1330/1183/1159 1335/1185/1161
f 1330/1183/1159 1311/1118/1094 1331/1186/1162
f 1335/1185/1161 1330/1183/1159 1331/1186/1162
f 1311/1118/1094 1332/1119/1095 1331/1186/1162
f 1331/1186/1162 1332/1119/1095 1334/1187/1163
f 1334/1187/1163 1335/1185/1161 1331/1186/1162
f 1334/1187/1163 1338/1126/1102 1335/1185/1161
f 1338/1126/1102 1334/1187/1163 1333/1121/1097
f 1332/1119/1095 1333/1121/1097 1334/1187/1163
f 1199/1153/1129 1200/1188/1164 1198/1154/1130
f 1201/1189/1165 1200/1188/1164 1199/1153/1129
f 1199/1153/1129 1360/1152/1128 1201/1189/1165
f 1201/1189/1165 1202/1190/1166 1200/1188/1164
f 1360/1152/1128 1202/1190/1166 1201/1189/1165
f 1202/1190/1166 1203/1191/1167 1200/1188/1164
f 1203/1191/1167 1202/1190/1166 1204/1192/1168
f 1203/1191/1167 1204/1192/1168 1205/1193/1169
f 1202/1190/1166 1360/1152/1128 1370/1151/1127
f 1370/1151/1127 1204/1192/1168 1202/1190/1166
f 1363/1150/1126 1371/1194/1170 1370/1151/1127
f 1370/1151/1127 1371/1194/1170 1204/1192/1168
f 1204/1192/1168 1206/1195/1171 1205/1193/1169
f 1371/1194/1170 1206/1195/1171 1204/1192/1168
f 1205/1193/1169 1206/1195/1171 1207/1196/1172
f 1206/1195/1171 1208/1197/1173 1207/1196/1172
f 1207/1196/1172 1208/1197/1173 1209/1198/1174
f 1206/1195/1171 1372/1199/1175 1208/1197/1173
f 1206/1195/1171 1371/1194/1170 1372/1199/1175
f 1363/1150/1126 1364/1200/1176 1371/1194/1170
f 1371/1194/1170 1373/1201/1177 1372/1199/1175
f 1364/1200/1176 1373/1201/1177 1371/1194/1170
f 1373/1201/1177 1374/1202/1178 1372/1199/1175
f 1372/1199/1175 1376/1203/1179 1208/1197/1173
f 1376/1203/1179 1372/1199/1175 1374/1202/1178
f 1376/1203/1179 1210/1204/1180 1208/1197/1173
f 1208/1197/1173 1210/1204/1180 1209/1198/1174
f 1209/1198/1174 1210/1204/1180 1211/1205/1181
f 1210/1204/1180 1212/1206/1182 1211/1205/1181
f 1210/1204/1180 1376/1203/1179 1377/1207/1183
f 1212/1206/1182 1210/1204/1180 1377/1207/1183
f 1212/1206/1182 1377/1207/1183 1521/1208/1184
f 1212/1206/1182 1521/1208/1184 1211/1205/1181
f 1521/1208/1184 1520/1209/1185 1211/1205/1181
f 1520/1209/1185 1521/1208/1184 1519/1210/1186
f 1518/1211/1187 1520/1209/1185 1519/1210/1186
f 1521/1208/1184 1679/1212/1188 1519/1210/1186
f 1377/1207/1183 1679/1212/1188 1521/1208/1184
f 1377/1207/1183 1376/1203/1179 1380/1213/1189
f 1377/1207/1183 1380/1213/1189 1679/1212/1188
f 1376/1203/1179 1374/1202/1178 1379/1214/1190
f 1376/1203/1179 1379/1214/1190 1380/1213/1189
f 1374/1202/1178 1375/1215/1191 1378/1216/1192
f 1374/1202/1178 1378/1216/1192 1379/1214/1190
f 1374/1202/1178 1373/1201/1177 1375/1215/1191
f 1364/1200/1176 1365/1217/1193 1373/1201/1177
f 1365/1217/1193 1375/1215/1191 1373/1201/1177
f 1375/1215/1191 1365/1217/1193 1381/1218/1194
f 1378/1216/1192 1375/1215/1191 1381/1218/1194
f 1381/1218/1194 1397/1219/1195 1378/1216/1192
f 1378/1216/1192 1392/1220/1196 1379/1214/1190
f 1397/1219/1195 1392/1220/1196 1378/1216/1192
f 1379/1214/1190 1393/1221/1197 1380/1213/1189
f 1392/1220/1196 1393/1221/1197 1379/1214/1190
f 1392/1220/1196 1394/1222/1198 1393/1221/1197
f 1392/1220/1196 1397/1219/1195 1390/1223/1199
f 1394/1222/1198 1392/1220/1196 1390/1223/1199
f 1397/1219/1195 1391/1224/1200 1390/1223/1199
f 1381/1218/1194 1382/1225/1201 1397/1219/1195
f 1382/1225/1201 1391/1224/1200 1397/1219/1195
f 1381/1218/1194 1366/1226/1202 1382/1225/1201
f 1365/1217/1193 1366/1226/1202 1381/1218/1194
f 1365/1217/1193 1265/1227/1203 1366/1226/1202
f 1367/1228/1204 1382/1225/1201 1366/1226/1202
f 1367/1228/1204 1366/1226/1202 1265/1227/1203
f 1367/1228/1204 1384/1229/1205 1382/1225/1201
f 1382/1225/1201 1384/1229/1205 1391/1224/1200
f 1391/1224/1200 1387/1230/1206 1385/1231/1207
f 1384/1229/1205 1387/1230/1206 1391/1224/1200
f 1385/1231/1207 1390/1223/1199 1391/1224/1200
f 1390/1223/1199 1385/1231/1207 1389/1232/1208
f 1389/1232/1208 1394/1222/1198 1390/1223/1199
f 1395/1233/1209 1394/1222/1198 1389/1232/1208
f 1394/1222/1198 1395/1233/1209 1393/1221/1197
f 1395/1233/1209 1396/1234/1210 1393/1221/1197
f 1393/1221/1197 1396/1234/1210 1380/1213/1189
f 1395/1233/1209 1691/1235/1211 1396/1234/1210
f 1396/1234/1210 1691/1235/1211 1380/1213/1189
f 1395/1233/1209 1389/1232/1208 1690/1236/1212
f 1395/1233/1209 1690/1236/1212 1691/1235/1211
f 1389/1232/1208 1687/1237/1213 1690/1236/1212
f 1690/1236/1212 1689/1238/1214 1691/1235/1211
f 1690/1236/1212 1687/1237/1213 1689/1238/1214
f 1691/1235/1211 1689/1238/1214 1681/1239/1215
f 1691/1235/1211 1681/1239/1215 1380/1213/1189
f 1380/1213/1189 1681/1239/1215 1679/1212/1188
f 1679/1212/1188 1681/1239/1215 1677/1240/1216
f 1689/1238/1214 1680/1241/1217 1681/1239/1215
f 1681/1239/1215 1680/1241/1217 1677/1240/1216
f 1689/1238/1214 1692/1242/1218 1680/1241/1217
f 1687/1237/1213 1692/1242/1218 1689/1238/1214
f 1686/1243/1219 1688/1244/1220 1687/1237/1213
f 1688/1244/1220 1692/1242/1218 1687/1237/1213
f 1687/1237/1213 1389/1232/1208 1686/1243/1219
f 1389/1232/1208 1385/1231/1207 1386/1245/1221
f 1389/1232/1208 1386/1245/1221 1686/1243/1219
f 1385/1231/1207 1387/1230/1206 1386/1245/1221
f 1386/1245/1221 1685/1246/1222 1686/1243/1219
f 1688/1244/1220 1686/1243/1219 1685/1246/1222
f 1386/1245/1221 1388/1247/1223 1685/1246/1222
f 1387/1230/1206 1388/1247/1223 1386/1245/1221
f 1384/1229/1205 1383/1248/1224 1387/1230/1206
f 1383/1248/1224 1388/1247/1223 1387/1230/1206
f 1685/1246/1222 1388/1247/1223 1383/1248/1224
f 1684/1249/1225 1685/1246/1222 1383/1248/1224
f 1688/1244/1220 1685/1246/1222 1684/1249/1225
f 1683/1250/1226 1688/1244/1220 1684/1249/1225
f 1692/1242/1218 1688/1244/1220 1683/1250/1226
f 1682/1251/1227 1692/1242/1218 1683/1250/1226
f 1692/1242/1218 1682/1251/1227 1680/1241/1217
f 1677/1240/1216 1680/1241/1217 1678/1252/1228
f 1680/1241/1217 1682/1251/1227 1678/1252/1228
f 1678/1252/1228 1676/1253/1229 1677/1240/1216
f 1677/1240/1216 1676/1253/1229 1675/1254/1230
f 1679/1212/1188 1677/1240/1216 1675/1254/1230
f 1679/1212/1188 1675/1254/1230 1519/1210/1186
f 1518/1211/1187 1519/1210/1186 1517/1255/1231
f 1519/1210/1186 1675/1254/1230 1517/1255/1231
f 1517/1255/1231 1516/1256/1232 1518/1211/1187
f 1675/1254/1230 1674/1257/1233 1517/1255/1231
f 1676/1253/1229 1674/1257/1233 1675/1254/1230
f 1517/1255/1231 1515/1258/1234 1516/1256/1232
f 1517/1255/1231 1674/1257/1233 1515/1258/1234
f 1515/1258/1234 1513/1259/1235 1516/1256/1232
f 1674/1257/1233 1673/1260/1236 1515/1258/1234
f 1513/1259/1235 1515/1258/1234 1514/1261/1237
f 1515/1258/1234 1673/1260/1236 1514/1261/1237
f 1513/1259/1235 1514/1261/1237 1510/1262/1238
f 1673/1260/1236 1664/1263/1239 1514/1261/1237
f 1514/1261/1237 1512/1264/1240 1510/1262/1238
f 1514/1261/1237 1664/1263/1239 1512/1264/1240
f 1512/1264/1240 1511/1265/1241 1510/1262/1238
f 1664/1263/1239 1511/1265/1241 1512/1264/1240
f 1510/1262/1238 1511/1265/1241 1508/1266/1242
f 1508/1266/1242 1509/1267/1243 1506/1268/1244
f 1511/1265/1241 1509/1267/1243 1508/1266/1242
f 1509/1267/1243 1511/1265/1241 1661/1269/1245
f 1511/1265/1241 1664/1263/1239 1661/1269/1245
f 1664/1263/1239 1665/1270/1246 1661/1269/1245
f 1664/1263/1239 1673/1260/1236 1665/1270/1246
f 1673/1260/1236 1667/1271/1247 1665/1270/1246
f 1674/1257/1233 1667/1271/1247 1673/1260/1236
f 1667/1271/1247 1674/1257/1233 1668/1272/1248
f 1674/1257/1233 1676/1253/1229 1668/1272/1248
f 1678/1252/1228 1669/1273/1249 1676/1253/1229
f 1669/1273/1249 1668/1272/1248 1676/1253/1229
f 1678/1252/1228 1682/1251/1227 1669/1273/1249
f 1682/1251/1227 1670/1274/1250 1669/1273/1249
f 1682/1251/1227 1683/1250/1226 1670/1274/1250
f 1669/1273/1249 1670/1274/1250 1569/1275/1251
f 1683/1250/1226 1671/1276/1252 1670/1274/1250
f 1670/1274/1250 1671/1276/1252 1569/1275/1251
f 1683/1250/1226 1684/1249/1225 1671/1276/1252
f 1684/1249/1225 1383/1248/1224 1672/1277/1253
f 1672/1277/1253 1671/1276/1252 1684/1249/1225
f 1671/1276/1252 1672/1277/1253 1573/1278/1254
f 1572/1279/1255 1671/1276/1252 1573/1278/1254
f 1671/1276/1252 1572/1279/1255 1569/1275/1251
f 1569/1275/1251 1570/1280/1256 1568/1281/1257
f 1569/1275/1251 1572/1279/1255 1570/1280/1256
f 1568/1281/1257 1669/1273/1249 1569/1275/1251
f 1668/1272/1248 1669/1273/1249 1568/1281/1257
f 1668/1272/1248 1568/1281/1257 1567/1282/1258
f 1667/1271/1247 1668/1272/1248 1567/1282/1258
f 1667/1271/1247 1567/1282/1258 1566/1283/1259
f 1665/1270/1246 1667/1271/1247 1566/1283/1259
f 1665/1270/1246 1566/1283/1259 1663/1284/1260
f 1665/1270/1246 1663/1284/1260 1661/1269/1245
f 1660/1285/1261 1509/1267/1243 1661/1269/1245
f 1660/1285/1261 1661/1269/1245 1663/1284/1260
f 1509/1267/1243 1507/1286/1262 1506/1268/1244
f 1509/1267/1243 1660/1285/1261 1507/1286/1262
f 1506/1268/1244 1507/1286/1262 1504/1287/1263
f 1504/1287/1263 1505/1288/1264 1502/1289/1265
f 1507/1286/1262 1505/1288/1264 1504/1287/1263
f 1507/1286/1262 1658/1290/1266 1505/1288/1264
f 1660/1285/1261 1658/1290/1266 1507/1286/1262
f 1657/1291/1267 1658/1290/1266 1660/1285/1261
f 1660/1285/1261 1662/1292/1268 1657/1291/1267
f 1662/1292/1268 1660/1285/1261 1663/1284/1260
f 1663/1284/1260 1565/1293/1269 1662/1292/1268
f 1566/1283/1259 1565/1293/1269 1663/1284/1260
f 1566/1283/1259 1560/1294/1270 1565/1293/1269
f 1566/1283/1259 1567/1282/1258 1560/1294/1270
f 1567/1282/1258 1561/1295/1271 1560/1294/1270
f 1567/1282/1258 1568/1281/1257 1561/1295/1271
f 1568/1281/1257 1562/1296/1272 1561/1295/1271
f 1570/1280/1256 1562/1296/1272 1568/1281/1257
f 1562/1296/1272 1570/1280/1256 1557/1297/1273
f 1572/1279/1255 1571/1298/1274 1570/1280/1256
f 1570/1280/1256 1571/1298/1274 1557/1297/1273
f 1572/1279/1255 1573/1278/1254 1547/1299/1275
f 1547/1299/1275 1571/1298/1274 1572/1279/1255
f 1573/1278/1254 1574/1300/1276 1547/1299/1275
f 1573/1278/1254 1672/1277/1253 1574/1300/1276
f 1672/1277/1253 1369/1301/1277 1574/1300/1276
f 1383/1248/1224 1369/1301/1277 1672/1277/1253
f 1369/1301/1277 1383/1248/1224 1368/1302/1278
f 1383/1248/1224 1384/1229/1205 1368/1302/1278
f 1368/1302/1278 1384/1229/1205 1367/1228/1204
f 1268/1303/1279 1368/1302/1278 1367/1228/1204
f 1268/1303/1279 1269/1304/1280 1368/1302/1278
f 1369/1301/1277 1368/1302/1278 1269/1304/1280
f 1362/1305/1281 1369/1301/1277 1269/1304/1280
f 1369/1301/1277 1362/1305/1281 1574/1300/1276
f 1574/1300/1276 1546/1306/1282 1547/1299/1275
f 1574/1300/1276 1362/1305/1281 1546/1306/1282
f 1240/1307/1283 1362/1305/1281 1241/1308/1284
f 1362/1305/1281 1240/1307/1283 1546/1306/1282
f 1362/1305/1281 1269/1304/1280 1241/1308/1284
f 1268/1303/1279 1242/1309/1285 1269/1304/1280
f 1242/1309/1285 1241/1308/1284 1269/1304/1280
f 1268/1303/1279 1267/1310/1286 1242/1309/1285
f 1267/1310/1286 1268/1303/1279 1367/1228/1204
f 1267/1310/1286 1367/1228/1204 1265/1227/1203
f 1265/1227/1203 1264/1311/1287 1267/1310/1286
f 1266/1312/1288 1242/1309/1285 1267/1310/1286
f 1264/1311/1287 1266/1312/1288 1267/1310/1286
f 1242/1309/1285 1238/1313/1289 1241/1308/1284
f 1266/1312/1288 1247/1314/1290 1242/1309/1285
f 1238/1313/1289 1242/1309/1285 1237/1315/1291
f 1242/1309/1285 1247/1314/1290 1237/1315/1291
f 1237/1315/1291 1247/1314/1290 1236/1316/1292
f 1246/1317/1293 1247/1314/1290 1266/1312/1288
f 1247/1314/1290 1246/1317/1293 1236/1316/1292
f 1266/1312/1288 1264/1311/1287 1252/1318/1294
f 1252/1318/1294 1246/1317/1293 1266/1312/1288
f 1264/1311/1287 1257/1319/1295 1252/1318/1294
f 1257/1319/1295 1264/1311/1287 1263/1320/1296
f 1264/1311/1287 1265/1227/1203 1263/1320/1296
f 1263/1320/1296 1265/1227/1203 1365/1217/1193
f 1364/1200/1176 1263/1320/1296 1365/1217/1193
f 1363/1150/1126 1262/1149/1125 1364/1200/1176
f 1262/1149/1125 1263/1320/1296 1364/1200/1176
f 1262/1149/1125 1256/1321/1297 1263/1320/1296
f 1256/1321/1297 1257/1319/1295 1263/1320/1296
f 1257/1319/1295 1256/1321/1297 1251/1322/1298
f 1252/1318/1294 1257/1319/1295 1251/1322/1298
f 1251/1322/1298 1245/1323/1299 1252/1318/1294
f 1245/1323/1299 1246/1317/1293 1252/1318/1294
f 1246/1317/1293 1245/1323/1299 1235/1324/1300
f 1236/1316/1292 1246/1317/1293 1235/1324/1300
f 1245/1323/1299 1244/1325/1301 1235/1324/1300
f 1244/1325/1301 1245/1323/1299 1251/1322/1298
f 1250/1326/1302 1244/1325/1301 1251/1322/1298
f 1251/1322/1298 1256/1321/1297 1250/1326/1302
f 1256/1321/1297 1255/1148/1124 1250/1326/1302
f 1255/1148/1124 1256/1321/1297 1262/1149/1125
f 1255/1148/1124 1254/1137/1113 1250/1326/1302
f 1244/1325/1301 1250/1326/1302 1248/1327/1303
f 1248/1327/1303 1250/1326/1302 1254/1137/1113
f 1248/1327/1303 1254/1137/1113 1253/1328/1304
f 1253/1328/1304 1254/1137/1113 1258/1133/1109
f 1258/1133/1109 1274/1329/1305 1253/1328/1304
f 1274/1329/1305 1258/1133/1109 1348/1124/1100
f 1280/1110/1086 1274/1329/1305 1348/1124/1100
f 1274/1329/1305 1280/1110/1086 1273/1330/1306
f 1274/1329/1305 1273/1330/1306 1253/1328/1304
f 1249/1331/1307 1248/1327/1303 1253/1328/1304
f 1253/1328/1304 1273/1330/1306 1249/1331/1307
f 1248/1327/1303 1249/1331/1307 1243/1332/1308
f 1243/1332/1308 1244/1325/1301 1248/1327/1303
f 1234/1333/1309 1244/1325/1301 1243/1332/1308
f 1234/1333/1309 1235/1324/1300 1244/1325/1301
f 1223/1334/1310 1235/1324/1300 1234/1333/1309
f 1235/1324/1300 1223/1334/1310 1236/1316/1292
f 1223/1334/1310 1226/1335/1311 1236/1316/1292
f 1237/1315/1291 1236/1316/1292 1226/1335/1311
f 1226/1335/1311 1228/1336/1312 1237/1315/1291
f 1228/1336/1312 1238/1313/1289 1237/1315/1291
f 1226/1335/1311 1227/1337/1313 1228/1336/1312
f 1226/1335/1311 1223/1334/1310 1225/1338/1314
f 1225/1338/1314 1227/1337/1313 1226/1335/1311
f 1223/1334/1310 1221/1339/1315 1225/1338/1314
f 1222/1340/1316 1221/1339/1315 1223/1334/1310
f 1222/1340/1316 1223/1334/1310 1234/1333/1309
f 1234/1333/1309 1233/1341/1317 1222/1340/1316
f 1233/1341/1317 1234/1333/1309 1243/1332/1308
f 1232/1342/1318 1233/1341/1317 1243/1332/1308
f 1232/1342/1318 1243/1332/1308 1249/1331/1307
f 1249/1331/1307 1272/1343/1319 1232/1342/1318
f 1273/1330/1306 1272/1343/1319 1249/1331/1307
f 1273/1330/1306 1279/1098/1074 1272/1343/1319
f 1280/1110/1086 1279/1098/1074 1273/1330/1306
f 1279/1098/1074 1278/1344/1320 1272/1343/1319
f 1278/1344/1320 1279/1098/1074 1283/1091/1067
f 1278/1344/1320 1283/1091/1067 1281/1090/1066
f 1276/1345/1321 1278/1344/1320 1281/1090/1066
f 1276/1345/1321 1281/1090/1066 1277/1089/1065
f 1276/1345/1321 1271/1346/1322 1278/1344/1320
f 1272/1343/1319 1278/1344/1320 1271/1346/1322
f 1272/1343/1319 1271/1346/1322 1232/1342/1318
f 1232/1342/1318 1231/1347/1323 1233/1341/1317
f 1271/1346/1322 1270/1348/1324 1232/1342/1318
f 1231/1347/1323 1232/1342/1318 1270/1348/1324
f 1271/1346/1322 1275/1349/1325 1270/1348/1324
f 1271/1346/1322 1276/1345/1321 1275/1349/1325
f 1276/1345/1321 1277/1089/1065 1275/1349/1325
f 1275/1349/1325 1277/1089/1065 1215/1350/1326
f 1277/1089/1065 1216/1088/1064 1215/1350/1326
f 1275/1349/1325 1215/1350/1326 1218/1351/1327
f 1270/1348/1324 1275/1349/1325 1218/1351/1327
f 1270/1348/1324 1218/1351/1327 1219/1352/1328
f 1231/1347/1323 1270/1348/1324 1219/1352/1328
f 1222/1340/1316 1231/1347/1323 1219/1352/1328
f 1231/1347/1323 1222/1340/1316 1233/1341/1317
f 1219/1352/1328 1104/1353/1329 1222/1340/1316
f 1221/1339/1315 1222/1340/1316 1104/1353/1329
f 1221/1339/1315 1104/1353/1329 1224/1354/1330
f 1225/1338/1314 1221/1339/1315 1224/1354/1330
f 1225/1338/1314 1114/1355/1331 1227/1337/1313
f 1114/1355/1331 1225/1338/1314 1224/1354/1330
f 1113/1356/1332 1114/1355/1331 1224/1354/1330
f 1102/1357/1333 1113/1356/1332 1224/1354/1330
f 1104/1353/1329 1102/1357/1333 1224/1354/1330
f 1103/1358/1334 1101/1359/1335 1104/1353/1329
f 1102/1357/1333 1104/1353/1329 1101/1359/1335
f 1103/1358/1334 1104/1353/1329 1219/1352/1328
f 1220/1360/1336 1103/1358/1334 1219/1352/1328
f 1219/1352/1328 1094/1361/1337 1220/1360/1336
f 1219/1352/1328 1218/1351/1327 1094/1361/1337
f 1094/1361/1337 1099/1362/1338 1220/1360/1336
f 1099/1362/1338 1094/1361/1337 1097/1363/1339
f 1094/1361/1337 1092/1364/1340 1097/1363/1339
f 1092/1364/1340 1094/1361/1337 1093/1365/1341
f 1218/1351/1327 1095/1366/1342 1094/1361/1337
f 1095/1366/1342 1093/1365/1341 1094/1361/1337
f 1218/1351/1327 1089/1367/1343 1095/1366/1342
f 1215/1350/1326 1089/1367/1343 1218/1351/1327
f 1095/1366/1342 1089/1367/1343 1093/1365/1341
f 1091/1368/1344 1092/1364/1340 1093/1365/1341
f 1091/1368/1344 1093/1365/1341 1089/1367/1343
f 1091/1368/1344 1090/1369/1345 1092/1364/1340
f 1091/1368/1344 1089/1367/1343 1090/1369/1345
f 1088/1370/1346 1090/1369/1345 1089/1367/1343
f 1085/1371/1347 1088/1370/1346 1089/1367/1343
f 1215/1350/1326 1087/1372/1348 1089/1367/1343
f 1087/1372/1348 1085/1371/1347 1089/1367/1343
f 1215/1350/1326 1216/1088/1064 1087/1372/1348
f 1085/1371/1347 1087/1372/1348 1086/1373/1349
f 1096/1374/1350 1086/1373/1349 1087/1372/1348
f 1096/1374/1350 1087/1372/1348 1098/1375/1351
f 1217/1376/1352 1098/1375/1351 1087/1372/1348
f 1216/1088/1064 1217/1376/1352 1087/1372/1348
f 1083/1087/1063 1217/1376/1352 1216/1088/1064
f 1217/1376/1352 1083/1087/1063 1098/1375/1351
f 1116/1377/1353 1098/1375/1351 1083/1087/1063
f 1116/1377/1353 1096/1374/1350 1098/1375/1351
f 1096/1374/1350 1116/1377/1353 1084/1378/1354
f 1116/1377/1353 1083/1087/1063 1084/1378/1354
f 1082/1379/1355 1084/1378/1354 1083/1087/1063
f 1082/1379/1355 1083/1087/1063 1213/1077/1053
f 1100/1380/1356 1102/1357/1333 1101/1359/1335
f 1105/1381/1357 1106/1382/1358 1100/1380/1356
f 1106/1382/1358 1102/1357/1333 1100/1380/1356
f 1102/1357/1333 1106/1382/1358 1113/1356/1332
f 1107/1383/1359 1106/1382/1358 1105/1381/1357
f 1107/1383/1359 1113/1356/1332 1106/1382/1358
f 1105/1381/1357 1108/1384/1360 1107/1383/1359
f 1107/1383/1359 1110/1385/1361 1113/1356/1332
f 1107/1383/1359 1108/1384/1360 1110/1385/1361
f 1110/1385/1361 1112/1386/1362 1113/1356/1332
f 1113/1356/1332 1112/1386/1362 1114/1355/1331
f 1110/1385/1361 1111/1387/1363 1112/1386/1362
f 1112/1386/1362 1111/1387/1363 1114/1355/1331
f 1110/1385/1361 1109/1388/1364 1111/1387/1363
f 1108/1384/1360 1109/1388/1364 1110/1385/1361
f 1109/1388/1364 1432/1389/1365 1111/1387/1363
f 1108/1384/1360 1432/1389/1365 1109/1388/1364
f 1108/1384/1360 1429/1390/1357 1431/1391/1366
f 1431/1391/1366 1432/1389/1365 1108/1384/1360
f 1429/1390/1357 1430/1392/1367 1431/1391/1366
f 1431/1391/1366 1434/1393/1368 1432/1389/1365
f 1431/1391/1366 1430/1392/1367 1434/1393/1368
f 1434/1393/1368 1433/1394/1369 1432/1389/1365
f 1111/1387/1363 1432/1389/1365 1433/1394/1369
f 1433/1394/1369 1435/1395/1370 1111/1387/1363
f 1434/1393/1368 1435/1395/1370 1433/1394/1369
f 1111/1387/1363 1115/1396/1371 1114/1355/1331
f 1115/1396/1371 1111/1387/1363 1435/1395/1370
f 1115/1396/1371 1227/1337/1313 1114/1355/1331
f 1229/1397/1372 1227/1337/1313 1115/1396/1371
f 1227/1337/1313 1229/1397/1372 1228/1336/1312
f 1115/1396/1371 1536/1398/1373 1229/1397/1372
f 1115/1396/1371 1435/1395/1370 1536/1398/1373
f 1434/1393/1368 1533/1399/1374 1435/1395/1370
f 1536/1398/1373 1435/1395/1370 1534/1400/1375
f 1435/1395/1370 1533/1399/1374 1534/1400/1375
f 1534/1400/1375 1535/1401/1376 1536/1398/1373
f 1536/1398/1373 1537/1402/1377 1229/1397/1372
f 1535/1401/1376 1537/1402/1377 1536/1398/1373
f 1229/1397/1372 1230/1403/1378 1228/1336/1312
f 1537/1402/1377 1230/1403/1378 1229/1397/1372
f 1228/1336/1312 1230/1403/1378 1238/1313/1289
f 1230/1403/1378 1239/1404/1379 1238/1313/1289
f 1241/1308/1284 1238/1313/1289 1239/1404/1379
f 1240/1307/1283 1241/1308/1284 1239/1404/1379
f 1546/1306/1282 1240/1307/1283 1239/1404/1379
f 1545/1405/1380 1546/1306/1282 1239/1404/1379
f 1545/1405/1380 1239/1404/1379 1230/1403/1378
f 1537/1402/1377 1545/1405/1380 1230/1403/1378
f 1545/1405/1380 1537/1402/1377 1544/1406/1381
f 1537/1402/1377 1535/1401/1376 1544/1406/1381
f 1544/1406/1381 1547/1299/1275 1545/1405/1380
f 1545/1405/1380 1547/1299/1275 1546/1306/1282
f 1544/1406/1381 1552/1407/1382 1547/1299/1275
f 1571/1298/1274 1547/1299/1275 1552/1407/1382
f 1544/1406/1381 1543/1408/1383 1552/1407/1382
f 1544/1406/1381 1535/1401/1376 1543/1408/1383
f 1535/1401/1376 1534/1400/1375 1532/1409/1384
f 1543/1408/1383 1535/1401/1376 1532/1409/1384
f 1534/1400/1375 1530/1410/1385 1532/1409/1384
f 1534/1400/1375 1533/1399/1374 1530/1410/1385
f 1530/1410/1385 1531/1411/1386 1532/1409/1384
f 1533/1399/1374 1428/1412/1387 1530/1410/1385
f 1530/1410/1385 1428/1412/1387 1531/1411/1386
f 1533/1399/1374 1434/1393/1368 1425/1413/1388
f 1428/1412/1387 1533/1399/1374 1425/1413/1388
f 1434/1393/1368 1430/1392/1367 1425/1413/1388
f 1429/1390/1357 1424/1414/1389 1430/1392/1367
f 1430/1392/1367 1424/1414/1389 1425/1413/1388
f 1424/1414/1389 1426/1415/1390 1425/1413/1388
f 1425/1413/1388 1426/1415/1390 1428/1412/1387
f 1427/1416/1391 1428/1412/1387 1426/1415/1390
f 1428/1412/1387 1427/1416/1391 1529/1417/1392
f 1428/1412/1387 1529/1417/1392 1531/1411/1386
f 1427/1416/1391 1528/1418/1393 1529/1417/1392
f 1423/1419/1394 1418/1420/1395 1528/1418/1393
f 1418/1420/1395 1529/1417/1392 1528/1418/1393
f 1423/1419/1394 1421/1421/1339 1418/1420/1395
f 1418/1420/1395 1421/1421/1339 1416/1422/1396
f 1416/1422/1396 1417/1423/1397 1418/1420/1395
f 1416/1422/1396 1413/1424/1398 1415/1425/1399
f 1415/1425/1399 1417/1423/1397 1416/1422/1396
f 1413/1424/1398 1414/1426/1400 1415/1425/1399
f 1415/1425/1399 1414/1426/1400 1417/1423/1397
f 1413/1424/1398 1412/1427/1346 1414/1426/1400
f 1414/1426/1400 1412/1427/1346 1409/1428/1347
f 1410/1429/1401 1414/1426/1400 1409/1428/1347
f 1409/1428/1347 1411/1430/1402 1410/1429/1401
f 1420/1431/1403 1410/1429/1401 1411/1430/1402
f 1420/1431/1403 1422/1432/1404 1410/1429/1401
f 1436/1433/1405 1422/1432/1404 1420/1431/1403
f 1420/1431/1403 1407/1434/1406 1436/1433/1405
f 1436/1433/1405 1408/1435/1407 1422/1432/1404
f 1436/1433/1405 1407/1434/1406 1408/1435/1407
f 1406/1436/1408 1408/1435/1407 1407/1434/1406
f 1408/1435/1407 1406/1436/1408 1523/1437/1053
f 1522/1438/1409 1408/1435/1407 1523/1437/1053
f 1597/1439/1410 1522/1438/1409 1523/1437/1053
f 1596/1440/1051 1597/1439/1410 1523/1437/1053
f 1597/1439/1410 1596/1440/1051 1598/1441/1411
f 1596/1440/1051 1599/1442/1412 1598/1441/1411
f 1597/1439/1410 1598/1441/1411 1601/1443/1413
f 1600/1444/1414 1597/1439/1410 1601/1443/1413
f 1597/1439/1410 1600/1444/1414 1522/1438/1409
f 1601/1443/1413 1607/1445/1415 1600/1444/1414
f 1607/1445/1415 1608/1446/1416 1605/1447/1417
f 1607/1445/1415 1605/1447/1417 1600/1444/1414
f 1600/1444/1414 1591/1448/1418 1522/1438/1409
f 1605/1447/1417 1592/1449/1419 1600/1444/1414
f 1592/1449/1419 1591/1448/1418 1600/1444/1414
f 1591/1448/1418 1592/1449/1419 1586/1450/1420
f 1522/1438/1409 1591/1448/1418 1586/1450/1420
f 1526/1451/1421 1522/1438/1409 1586/1450/1420
f 1408/1435/1407 1522/1438/1409 1526/1451/1421
f 1525/1452/1422 1408/1435/1407 1526/1451/1421
f 1525/1452/1422 1422/1432/1404 1408/1435/1407
f 1525/1452/1422 1410/1429/1401 1422/1432/1404
f 1410/1429/1401 1525/1452/1422 1526/1451/1421
f 1524/1453/1423 1410/1429/1401 1526/1451/1421
f 1410/1429/1401 1524/1453/1423 1414/1426/1400
f 1526/1451/1421 1586/1450/1420 1581/1454/1424
f 1526/1451/1421 1581/1454/1424 1524/1453/1423
f 1586/1450/1420 1587/1455/1425 1581/1454/1424
f 1592/1449/1419 1587/1455/1425 1586/1450/1420
f 1587/1455/1425 1592/1449/1419 1588/1456/1426
f 1592/1449/1419 1605/1447/1417 1593/1457/1427
f 1592/1449/1419 1593/1457/1427 1588/1456/1426
f 1605/1447/1417 1606/1458/1428 1593/1457/1427
f 1608/1446/1416 1606/1458/1428 1605/1447/1417
f 1606/1458/1428 1608/1446/1416 1602/1459/1429
f 1608/1446/1416 1610/1460/1430 1602/1459/1429
f 1606/1458/1428 1602/1459/1429 1594/1461/1431
f 1593/1457/1427 1606/1458/1428 1594/1461/1431
f 1594/1461/1431 1589/1462/1432 1593/1457/1427
f 1589/1462/1432 1588/1456/1426 1593/1457/1427
f 1588/1456/1426 1589/1462/1432 1584/1463/1433
f 1583/1464/1434 1588/1456/1426 1584/1463/1433
f 1587/1455/1425 1588/1456/1426 1583/1464/1434
f 1582/1465/1435 1587/1455/1425 1583/1464/1434
f 1587/1455/1425 1582/1465/1435 1581/1454/1424
f 1581/1454/1424 1582/1465/1435 1580/1466/1436
f 1581/1454/1424 1580/1466/1436 1524/1453/1423
f 1414/1426/1400 1524/1453/1423 1527/1467/1437
f 1524/1453/1423 1580/1466/1436 1527/1467/1437
f 1527/1467/1437 1419/1468/1438 1414/1426/1400
f 1419/1468/1438 1417/1423/1397 1414/1426/1400
f 1527/1467/1437 1418/1420/1395 1419/1468/1438
f 1419/1468/1438 1418/1420/1395 1417/1423/1397
f 1527/1467/1437 1529/1417/1392 1418/1420/1395
f 1527/1467/1437 1576/1469/1439 1529/1417/1392
f 1580/1466/1436 1576/1469/1439 1527/1467/1437
f 1580/1466/1436 1575/1470/1440 1576/1469/1439
f 1582/1465/1435 1575/1470/1440 1580/1466/1436
f 1582/1465/1435 1583/1464/1434 1575/1470/1440
f 1583/1464/1434 1577/1471/1441 1575/1470/1440
f 1583/1464/1434 1584/1463/1433 1577/1471/1441
f 1575/1470/1440 1577/1471/1441 1539/1472/1442
f 1575/1470/1440 1539/1472/1442 1576/1469/1439
f 1539/1472/1442 1538/1473/1443 1576/1469/1439
f 1576/1469/1439 1538/1473/1443 1529/1417/1392
f 1529/1417/1392 1538/1473/1443 1531/1411/1386
f 1539/1472/1442 1540/1474/1444 1538/1473/1443
f 1540/1474/1444 1531/1411/1386 1538/1473/1443
f 1541/1475/1445 1531/1411/1386 1540/1474/1444
f 1532/1409/1384 1531/1411/1386 1541/1475/1445
f 1540/1474/1444 1548/1476/1446 1541/1475/1445
f 1539/1472/1442 1548/1476/1446 1540/1474/1444
f 1539/1472/1442 1554/1477/1447 1548/1476/1446
f 1577/1471/1441 1554/1477/1447 1539/1472/1442
f 1577/1471/1441 1578/1478/1448 1554/1477/1447
f 1584/1463/1433 1578/1478/1448 1577/1471/1441
f 1584/1463/1433 1585/1479/1449 1578/1478/1448
f 1589/1462/1432 1590/1480/1450 1584/1463/1433
f 1590/1480/1450 1585/1479/1449 1584/1463/1433
f 1589/1462/1432 1594/1461/1431 1590/1480/1450
f 1594/1461/1431 1595/1481/1451 1590/1480/1450
f 1603/1482/1452 1595/1481/1451 1594/1461/1431
f 1602/1459/1429 1603/1482/1452 1594/1461/1431
f 1603/1482/1452 1613/1483/1453 1595/1481/1451
f 1590/1480/1450 1595/1481/1451 1613/1483/1453
f 1632/1484/1454 1590/1480/1450 1613/1483/1453
f 1632/1484/1454 1634/1485/1455 1590/1480/1450
f 1634/1485/1455 1585/1479/1449 1590/1480/1450
f 1634/1485/1455 1653/1486/1456 1585/1479/1449
f 1585/1479/1449 1579/1487/1457 1578/1478/1448
f 1653/1486/1456 1579/1487/1457 1585/1479/1449
f 1578/1478/1448 1559/1488/1458 1554/1477/1447
f 1578/1478/1448 1579/1487/1457 1559/1488/1458
f 1559/1488/1458 1553/1489/1459 1554/1477/1447
f 1553/1489/1459 1548/1476/1446 1554/1477/1447
f 1549/1490/1460 1548/1476/1446 1553/1489/1459
f 1548/1476/1446 1549/1490/1460 1541/1475/1445
f 1542/1491/1461 1532/1409/1384 1541/1475/1445
f 1541/1475/1445 1549/1490/1460 1542/1491/1461
f 1542/1491/1461 1543/1408/1383 1532/1409/1384
f 1549/1490/1460 1550/1492/1462 1542/1491/1461
f 1542/1491/1461 1551/1493/1463 1543/1408/1383
f 1550/1492/1462 1551/1493/1463 1542/1491/1461
f 1551/1493/1463 1552/1407/1382 1543/1408/1383
f 1571/1298/1274 1552/1407/1382 1551/1493/1463
f 1557/1297/1273 1571/1298/1274 1551/1493/1463
f 1557/1297/1273 1551/1493/1463 1550/1492/1462
f 1556/1494/1464 1557/1297/1273 1550/1492/1462
f 1556/1494/1464 1550/1492/1462 1549/1490/1460
f 1555/1495/1465 1556/1494/1464 1549/1490/1460
f 1555/1495/1465 1549/1490/1460 1553/1489/1459
f 1553/1489/1459 1558/1496/1466 1555/1495/1465
f 1558/1496/1466 1553/1489/1459 1559/1488/1458
f 1558/1496/1466 1559/1488/1458 1564/1497/1467
f 1579/1487/1457 1564/1497/1467 1559/1488/1458
f 1564/1497/1467 1579/1487/1457 1653/1486/1456
f 1654/1498/1468 1564/1497/1467 1653/1486/1456
f 1654/1498/1468 1653/1486/1456 1651/1499/1469
f 1650/1500/1470 1653/1486/1456 1634/1485/1455
f 1653/1486/1456 1650/1500/1470 1651/1499/1469
f 1634/1485/1455 1631/1501/1471 1633/1502/1472
f 1633/1502/1472 1650/1500/1470 1634/1485/1455
f 1634/1485/1455 1632/1484/1454 1631/1501/1471
f 1650/1500/1470 1633/1502/1472 1643/1503/1473
f 1651/1499/1469 1650/1500/1470 1643/1503/1473
f 1633/1502/1472 1638/1504/1474 1643/1503/1473
f 1638/1504/1474 1633/1502/1472 1631/1501/1471
f 1638/1504/1474 1642/1505/1475 1643/1503/1473
f 1649/1506/1476 1651/1499/1469 1643/1503/1473
f 1649/1506/1476 1643/1503/1473 1642/1505/1475
f 1649/1506/1476 1659/1507/1477 1651/1499/1469
f 1657/1291/1267 1651/1499/1469 1659/1507/1477
f 1651/1499/1469 1657/1291/1267 1654/1498/1468
f 1657/1291/1267 1666/1508/1478 1654/1498/1468
f 1654/1498/1468 1666/1508/1478 1564/1497/1467
f 1563/1509/1479 1558/1496/1466 1564/1497/1467
f 1666/1508/1478 1563/1509/1479 1564/1497/1467
f 1657/1291/1267 1662/1292/1268 1666/1508/1478
f 1666/1508/1478 1662/1292/1268 1563/1509/1479
f 1662/1292/1268 1565/1293/1269 1563/1509/1479
f 1565/1293/1269 1558/1496/1466 1563/1509/1479
f 1560/1294/1270 1558/1496/1466 1565/1293/1269
f 1558/1496/1466 1560/1294/1270 1555/1495/1465
f 1560/1294/1270 1561/1295/1271 1555/1495/1465
f 1561/1295/1271 1556/1494/1464 1555/1495/1465
f 1561/1295/1271 1562/1296/1272 1556/1494/1464
f 1562/1296/1272 1557/1297/1273 1556/1494/1464
f 1657/1291/1267 1659/1507/1477 1658/1290/1266
f 1658/1290/1266 1659/1507/1477 1505/1288/1264
f 1659/1507/1477 1649/1506/1476 1656/1510/1480
f 1505/1288/1264 1659/1507/1477 1656/1510/1480
f 1649/1506/1476 1648/1511/1481 1656/1510/1480
f 1648/1511/1481 1649/1506/1476 1642/1505/1475
f 1648/1511/1481 1642/1505/1475 1645/1512/1482
f 1647/1513/1483 1648/1511/1481 1645/1512/1482
f 1656/1510/1480 1648/1511/1481 1647/1513/1483
f 1655/1514/1484 1656/1510/1480 1647/1513/1483
f 1503/1515/1485 1656/1510/1480 1655/1514/1484
f 1503/1515/1485 1505/1288/1264 1656/1510/1480
f 1505/1288/1264 1503/1515/1485 1502/1289/1265
f 1502/1289/1265 1503/1515/1485 1500/1516/1486
f 1503/1515/1485 1501/1517/1487 1500/1516/1486
f 1501/1517/1487 1503/1515/1485 1655/1514/1484
f 1501/1517/1487 1499/1518/1488 1500/1516/1486
f 1501/1517/1487 1498/1519/1489 1499/1518/1488
f 1499/1518/1488 1498/1519/1489 1497/1520/1490
f 1501/1517/1487 1652/1521/1491 1498/1519/1489
f 1501/1517/1487 1655/1514/1484 1652/1521/1491
f 1652/1521/1491 1655/1514/1484 1647/1513/1483
f 1646/1522/1492 1652/1521/1491 1647/1513/1483
f 1646/1522/1492 1647/1513/1483 1644/1523/1493
f 1647/1513/1483 1645/1512/1482 1644/1523/1493
f 1644/1523/1493 1645/1512/1482 1641/1524/1494
f 1645/1512/1482 1642/1505/1475 1640/1525/1495
f 1645/1512/1482 1640/1525/1495 1641/1524/1494
f 1642/1505/1475 1638/1504/1474 1639/1526/1496
f 1642/1505/1475 1639/1526/1496 1640/1525/1495
f 1638/1504/1474 1637/1527/1497 1639/1526/1496
f 1640/1525/1495 1639/1526/1496 1636/1528/1498
f 1636/1528/1498 1639/1526/1496 1637/1527/1497
f 1636/1528/1498 1635/1529/1499 1640/1525/1495
f 1635/1529/1499 1641/1524/1494 1640/1525/1495
f 1636/1528/1498 1617/1530/1500 1635/1529/1499
f 1636/1528/1498 1637/1527/1497 1617/1530/1500
f 1637/1527/1497 1615/1531/1501 1617/1530/1500
f 1637/1527/1497 1638/1504/1474 1631/1501/1471
f 1637/1527/1497 1631/1501/1471 1615/1531/1501
f 1631/1501/1471 1632/1484/1454 1614/1532/1502
f 1631/1501/1471 1614/1532/1502 1615/1531/1501
f 1632/1484/1454 1613/1483/1453 1614/1532/1502
f 1603/1482/1452 1614/1532/1502 1613/1483/1453
f 1614/1532/1502 1603/1482/1452 1604/1533/1503
f 1612/1534/1504 1614/1532/1502 1604/1533/1503
f 1615/1531/1501 1614/1532/1502 1612/1534/1504
f 1612/1534/1504 1616/1535/1505 1615/1531/1501
f 1616/1535/1505 1617/1530/1500 1615/1531/1501
f 1620/1536/1506 1617/1530/1500 1616/1535/1505
f 1635/1529/1499 1617/1530/1500 1620/1536/1506
f 1624/1537/1507 1635/1529/1499 1620/1536/1506
f 1641/1524/1494 1635/1529/1499 1624/1537/1507
f 1621/1538/1508 1641/1524/1494 1624/1537/1507
f 1644/1523/1493 1641/1524/1494 1621/1538/1508
f 1644/1523/1493 1628/1539/1509 1646/1522/1492
f 1628/1539/1509 1644/1523/1493 1621/1538/1508
f 1621/1538/1508 1622/1540/1510 1628/1539/1509
f 1621/1538/1508 1623/1541/1511 1622/1540/1510
f 1621/1538/1508 1624/1537/1507 1623/1541/1511
f 1624/1537/1507 1630/1542/1512 1623/1541/1511
f 1624/1537/1507 1620/1536/1506 1630/1542/1512
f 1619/1543/1513 1620/1536/1506 1616/1535/1505
f 1620/1536/1506 1619/1543/1513 1630/1542/1512
f 1616/1535/1505 1612/1534/1504 1618/1544/1514
f 1618/1544/1514 1619/1543/1513 1616/1535/1505
f 1612/1534/1504 1611/1545/1515 1618/1544/1514
f 1611/1545/1515 1612/1534/1504 1604/1533/1503
f 1609/1546/1516 1611/1545/1515 1604/1533/1503
f 1609/1546/1516 1604/1533/1503 1610/1460/1430
f 1604/1533/1503 1603/1482/1452 1602/1459/1429
f 1604/1533/1503 1602/1459/1429 1610/1460/1430
f 1622/1540/1510 1629/1547/1517 1628/1539/1509
f 1628/1539/1509 1629/1547/1517 1626/1548/1518
f 1626/1548/1518 1646/1522/1492 1628/1539/1509
f 1629/1547/1517 1627/1549/1519 1626/1548/1518
f 1646/1522/1492 1626/1548/1518 1496/1550/1520
f 1626/1548/1518 1627/1549/1519 1496/1550/1520
f 1496/1550/1520 1652/1521/1491 1646/1522/1492
f 1627/1549/1519 1625/1551/1521 1496/1550/1520
f 1496/1550/1520 1625/1551/1521 1495/1552/1522
f 1493/1553/1523 1496/1550/1520 1495/1552/1522
f 1652/1521/1491 1496/1550/1520 1493/1553/1523
f 1498/1519/1489 1652/1521/1491 1493/1553/1523
f 1497/1520/1490 1498/1519/1489 1493/1553/1523
f 1494/1554/1524 1497/1520/1490 1493/1553/1523
f 1493/1553/1523 1495/1552/1522 1494/1554/1524
f 1077/1555/1525 1080/1556/1091 1073/1557/1526
f 1174/1558/1527 1073/1557/1526 1080/1556/1091
f 1073/1557/1526 1174/1558/1527 1161/1559/1528
f 1174/1558/1527 1173/1560/1157 1161/1559/1528
f 1172/1561/1155 1161/1559/1528 1173/1560/1157
f 1171/1562/1529 1161/1559/1528 1172/1561/1155
f 1161/1559/1528 1171/1562/1529 1162/1563/1530
f 1161/1559/1528 1162/1563/1530 1075/1564/1531
f 1161/1559/1528 1075/1564/1531 1073/1557/1526
f 1073/1557/1526 1075/1564/1531 1074/1565/1532
f 1079/1566/1533 1073/1557/1526 1074/1565/1532
f 1073/1557/1526 1079/1566/1533 1077/1555/1525
f 1076/1567/1534 1078/1568/1535 1077/1555/1525
f 1077/1555/1525 1079/1566/1533 1076/1567/1534
f 1076/1567/1534 1079/1566/1533 1081/1569/1536
f 1074/1565/1532 1081/1569/1536 1079/1566/1533
f 1081/1569/1536 1147/1570/1537 1076/1567/1534
f 1076/1567/1534 1152/1571/1538 1078/1568/1535
f 1147/1570/1537 1152/1571/1538 1076/1567/1534
f 1152/1571/1538 1181/1572/1079 1078/1568/1535
f 1181/1572/1079 1152/1571/1538 1180/1573/1539
f 1151/1574/1540 1152/1571/1538 1147/1570/1537
f 1180/1573/1539 1152/1571/1538 1151/1574/1540
f 1179/1575/1541 1180/1573/1539 1151/1574/1540
f 1179/1575/1541 1151/1574/1540 1148/1576/1542
f 1178/1577/1057 1179/1575/1541 1148/1576/1542
f 1151/1574/1540 1146/1578/1543 1148/1576/1542
f 1146/1578/1543 1151/1574/1540 1147/1570/1537
f 1131/1579/1544 1146/1578/1543 1147/1570/1537
f 1137/1580/1545 1131/1579/1544 1147/1570/1537
f 1081/1569/1536 1137/1580/1545 1147/1570/1537
f 1137/1580/1545 1081/1569/1536 1142/1581/1546
f 1081/1569/1536 1074/1565/1532 1142/1581/1546
f 1137/1580/1545 1142/1581/1546 1136/1582/1547
f 1131/1579/1544 1137/1580/1545 1136/1582/1547
f 1127/1583/1548 1131/1579/1544 1136/1582/1547
f 1130/1584/1549 1131/1579/1544 1127/1583/1548
f 1130/1584/1549 1145/1585/1550 1131/1579/1544
f 1145/1585/1550 1146/1578/1543 1131/1579/1544
f 1145/1585/1550 1148/1576/1542 1146/1578/1543
f 1148/1576/1542 1145/1585/1550 1149/1586/1551
f 1178/1577/1057 1148/1576/1542 1149/1586/1551
f 1177/1587/1054 1178/1577/1057 1149/1586/1551
f 1175/1588/1049 1177/1587/1054 1149/1586/1551
f 1150/1589/1552 1175/1588/1049 1149/1586/1551
f 1150/1589/1552 1176/1590/1412 1175/1588/1049
f 1150/1589/1552 1487/1591/1553 1176/1590/1412
f 1150/1589/1552 1461/1592/1554 1487/1591/1553
f 1461/1592/1554 1488/1593/1413 1487/1591/1553
f 1489/1594/1555 1488/1593/1413 1461/1592/1554
f 1460/1595/1556 1489/1594/1555 1461/1592/1554
f 1490/1596/1416 1489/1594/1555 1460/1595/1556
f 1462/1597/1557 1490/1596/1416 1460/1595/1556
f 1491/1598/1558 1490/1596/1416 1462/1597/1557
f 1463/1599/1559 1491/1598/1558 1462/1597/1557
f 1492/1600/1560 1491/1598/1558 1463/1599/1559
f 1402/1601/1561 1492/1600/1560 1463/1599/1559
f 1401/1602/1562 1402/1601/1561 1463/1599/1559
f 1401/1602/1562 1403/1603/1563 1402/1601/1561
f 1463/1599/1559 1459/1604/1564 1401/1602/1562
f 1459/1604/1564 1463/1599/1559 1462/1597/1557
f 1458/1605/1565 1459/1604/1564 1462/1597/1557
f 1458/1605/1565 1462/1597/1557 1460/1595/1556
f 1457/1606/1566 1458/1605/1565 1460/1595/1556
f 1460/1595/1556 1461/1592/1554 1457/1606/1566
f 1461/1592/1554 1456/1607/1567 1457/1606/1566
f 1461/1592/1554 1150/1589/1552 1456/1607/1567
f 1150/1589/1552 1143/1608/1568 1456/1607/1567
f 1149/1586/1551 1144/1609/1569 1150/1589/1552
f 1143/1608/1568 1150/1589/1552 1144/1609/1569
f 1149/1586/1551 1145/1585/1550 1144/1609/1569
f 1144/1609/1569 1145/1585/1550 1130/1584/1549
f 1129/1610/1570 1144/1609/1569 1130/1584/1549
f 1143/1608/1568 1144/1609/1569 1129/1610/1570
f 1128/1611/1571 1143/1608/1568 1129/1610/1570
f 1128/1611/1571 1443/1612/1572 1143/1608/1568
f 1443/1612/1572 1456/1607/1567 1143/1608/1568
f 1443/1612/1572 1444/1613/1573 1456/1607/1567
f 1444/1613/1573 1457/1606/1566 1456/1607/1567
f 1444/1613/1573 1445/1614/1574 1457/1606/1566
f 1445/1614/1574 1458/1605/1565 1457/1606/1566
f 1459/1604/1564 1458/1605/1565 1445/1614/1574
f 1450/1615/1575 1459/1604/1564 1445/1614/1574
f 1405/1616/1576 1459/1604/1564 1450/1615/1575
f 1405/1616/1576 1401/1602/1562 1459/1604/1564
f 1401/1602/1562 1405/1616/1576 1400/1617/1577
f 1403/1603/1563 1401/1602/1562 1400/1617/1577
f 1398/1618/1578 1403/1603/1563 1400/1617/1577
f 1403/1603/1563 1398/1618/1578 1404/1619/1513
f 1486/1620/1579 1404/1619/1513 1398/1618/1578
f 1486/1620/1579 1398/1618/1578 1473/1621/1580
f 1485/1622/1581 1486/1620/1579 1473/1621/1580
f 1484/1623/1510 1485/1622/1581 1473/1621/1580
f 1483/1624/1517 1484/1623/1510 1473/1621/1580
f 1483/1624/1517 1473/1621/1580 1474/1625/1582
f 1473/1621/1580 1472/1626/1583 1474/1625/1582
f 1473/1621/1580 1398/1618/1578 1472/1626/1583
f 1398/1618/1578 1400/1617/1577 1399/1627/1584
f 1472/1626/1583 1398/1618/1578 1399/1627/1584
f 1400/1617/1577 1405/1616/1576 1399/1627/1584
f 1450/1615/1575 1455/1628/1585 1405/1616/1576
f 1455/1628/1585 1399/1627/1584 1405/1616/1576
f 1450/1615/1575 1449/1629/1586 1455/1628/1585
f 1449/1629/1586 1450/1615/1575 1445/1614/1574
f 1441/1630/1587 1449/1629/1586 1445/1614/1574
f 1445/1614/1574 1444/1613/1573 1441/1630/1587
f 1440/1631/1588 1444/1613/1573 1443/1612/1572
f 1444/1613/1573 1440/1631/1588 1441/1630/1587
f 1443/1612/1572 1128/1611/1571 1439/1632/1589
f 1439/1632/1589 1440/1631/1588 1443/1612/1572
f 1440/1631/1588 1439/1632/1589 1442/1633/1590
f 1440/1631/1588 1442/1633/1590 1441/1630/1587
f 1442/1633/1590 1448/1634/1591 1441/1630/1587
f 1448/1634/1591 1449/1629/1586 1441/1630/1587
f 1454/1635/1592 1449/1629/1586 1448/1634/1591
f 1454/1635/1592 1455/1628/1585 1449/1629/1586
f 1448/1634/1591 1453/1636/1593 1454/1635/1592
f 1442/1633/1590 1447/1637/1594 1448/1634/1591
f 1453/1636/1593 1448/1634/1591 1447/1637/1594
f 1442/1633/1590 1446/1638/1595 1447/1637/1594
f 1439/1632/1589 1438/1639/1596 1442/1633/1590
f 1442/1633/1590 1438/1639/1596 1446/1638/1595
f 1439/1632/1589 1123/1640/1597 1438/1639/1596
f 1123/1640/1597 1439/1632/1589 1128/1611/1571
f 1123/1640/1597 1128/1611/1571 1124/1641/1598
f 1128/1611/1571 1129/1610/1570 1124/1641/1598
f 1124/1641/1598 1129/1610/1570 1125/1642/1599
f 1129/1610/1570 1130/1584/1549 1125/1642/1599
f 1125/1642/1599 1130/1584/1549 1127/1583/1548
f 1125/1642/1599 1127/1583/1548 1126/1643/1600
f 1124/1641/1598 1125/1642/1599 1126/1643/1600
f 1122/1644/1601 1124/1641/1598 1126/1643/1600
f 1123/1640/1597 1124/1641/1598 1122/1644/1601
f 1121/1645/1602 1123/1640/1597 1122/1644/1601
f 1121/1645/1602 1438/1639/1596 1123/1640/1597
f 1438/1639/1596 1121/1645/1602 1132/1646/1603
f 1446/1638/1595 1438/1639/1596 1132/1646/1603
f 1121/1645/1602 1122/1644/1601 1132/1646/1603
f 1122/1644/1601 1133/1647/1604 1132/1646/1603
f 1122/1644/1601 1126/1643/1600 1133/1647/1604
f 1132/1646/1603 1133/1647/1604 1120/1648/1605
f 1446/1638/1595 1132/1646/1603 1120/1648/1605
f 1451/1649/1606 1446/1638/1595 1120/1648/1605
f 1451/1649/1606 1452/1650/1607 1446/1638/1595
f 1452/1650/1607 1447/1637/1594 1446/1638/1595
f 1452/1650/1607 1453/1636/1593 1447/1637/1594
f 1466/1651/1235 1453/1636/1593 1452/1650/1607
f 1466/1651/1235 1467/1652/1238 1453/1636/1593
f 1467/1652/1238 1454/1635/1592 1453/1636/1593
f 1468/1653/1608 1454/1635/1592 1467/1652/1238
f 1455/1628/1585 1454/1635/1592 1468/1653/1608
f 1469/1654/1609 1455/1628/1585 1468/1653/1608
f 1469/1654/1609 1470/1655/1610 1455/1628/1585
f 1470/1655/1610 1399/1627/1584 1455/1628/1585
f 1470/1655/1610 1471/1656/1611 1399/1627/1584
f 1471/1656/1611 1472/1626/1583 1399/1627/1584
f 1476/1657/1612 1472/1626/1583 1471/1656/1611
f 1475/1658/1613 1472/1626/1583 1476/1657/1612
f 1475/1658/1613 1474/1625/1582 1472/1626/1583
f 1476/1657/1612 1477/1659/1614 1475/1658/1613
f 1478/1660/1615 1475/1658/1613 1477/1659/1614
f 1478/1660/1615 1479/1661/1616 1475/1658/1613
f 1479/1661/1616 1481/1662/1617 1475/1658/1613
f 1480/1663/1521 1475/1658/1613 1481/1662/1617
f 1480/1663/1521 1482/1664/1618 1475/1658/1613
f 1482/1664/1618 1474/1625/1582 1475/1658/1613
f 1482/1664/1618 1483/1624/1517 1474/1625/1582
f 1465/1665/1619 1466/1651/1235 1452/1650/1607
f 1465/1665/1619 1452/1650/1607 1451/1649/1606
f 1464/1666/1620 1465/1665/1619 1451/1649/1606
f 1437/1667/1621 1464/1666/1620 1451/1649/1606
f 1120/1648/1605 1437/1667/1621 1451/1649/1606
f 1120/1648/1605 1119/1668/1622 1437/1667/1621
f 1117/1669/1623 1437/1667/1621 1119/1668/1622
f 1117/1669/1623 1119/1668/1622 1118/1670/1174
f 1120/1648/1605 1118/1670/1174 1119/1668/1622
f 1133/1647/1604 1138/1671/1624 1120/1648/1605
f 1120/1648/1605 1138/1671/1624 1118/1670/1174
f 1138/1671/1624 1153/1672/1172 1118/1670/1174
f 1153/1672/1172 1138/1671/1624 1154/1673/1625
f 1138/1671/1624 1133/1647/1604 1139/1674/1626
f 1138/1671/1624 1139/1674/1626 1154/1673/1625
f 1155/1675/1627 1154/1673/1625 1139/1674/1626
f 1140/1676/1628 1155/1675/1627 1139/1674/1626
f 1156/1677/1164 1155/1675/1627 1140/1676/1628
f 1139/1674/1626 1134/1678/1629 1140/1676/1628
f 1133/1647/1604 1134/1678/1629 1139/1674/1626
f 1126/1643/1600 1134/1678/1629 1133/1647/1604
f 1134/1678/1629 1126/1643/1600 1135/1679/1630
f 1134/1678/1629 1135/1679/1630 1140/1676/1628
f 1126/1643/1600 1127/1583/1548 1135/1679/1630
f 1127/1583/1548 1136/1582/1547 1135/1679/1630
f 1140/1676/1628 1135/1679/1630 1141/1680/1631
f 1135/1679/1630 1136/1582/1547 1141/1680/1631
f 1141/1680/1631 1156/1677/1164 1140/1676/1628
f 1157/1681/1632 1156/1677/1164 1141/1680/1631
f 1141/1680/1631 1142/1581/1546 1157/1681/1632
f 1142/1581/1546 1141/1680/1631 1136/1582/1547
f 1142/1581/1546 1158/1682/1131 1157/1681/1632
f 1158/1682/1131 1142/1581/1546 1159/1683/1633
f 1142/1581/1546 1074/1565/1532 1159/1683/1633
f 1159/1683/1633 1074/1565/1532 1160/1684/1634
f 1074/1565/1532 1075/1564/1531 1160/1684/1634
f 1164/1685/1135 1160/1684/1634 1075/1564/1531
f 1075/1564/1531 1163/1686/1635 1164/1685/1135
f 1163/1686/1635 1075/1564/1531 1162/1563/1530
f 1163/1686/1635 1165/1687/1636 1164/1685/1135
f 1166/1688/1141 1165/1687/1636 1163/1686/1635
f 1166/1688/1141 1163/1686/1635 1167/1689/1143
f 1167/1689/1143 1163/1686/1635 1169/1690/1144
f 1168/1691/1146 1169/1690/1144 1163/1686/1635
f 1170/1692/1147 1168/1691/1146 1163/1686/1635
f 1162/1563/1530 1170/1692/1147 1163/1686/1635
f 1171/1562/1529 1170/1692/1147 1162/1563/1530
f 1921/1693/1637 1918/1694/1638 1919/1695/1639
f 1918/1694/1638 1920/1696/1640 1919/1695/1639
f 1918/1694/1638 1971/1697/1638 1920/1696/1640
f 1920/1696/1640 1922/1698/1641 1919/1695/1639
f 1922/1698/1641 1923/1699/1642 1919/1695/1639
f 1922/1698/1641 1924/1700/1643 1923/1699/1642
f 1924/1700/1643 1925/1701/1644 1923/1699/1642
f 1925/1701/1644 1924/1700/1643 1926/1702/1645
f 1924/1700/1643 1927/1703/1646 1926/1702/1645
f 1926/1702/1645 1927/1703/1646 1928/1704/1647
f 1924/1700/1643 1968/1705/1643 1927/1703/1646
f 1968/1705/1643 1924/1700/1643 1922/1698/1641
f 1969/1706/1648 1968/1705/1643 1922/1698/1641
f 1969/1706/1648 1922/1698/1641 1920/1696/1640
f 1970/1707/1649 1969/1706/1648 1920/1696/1640
f 1971/1697/1638 1970/1707/1649 1920/1696/1640
f 1971/1697/1638 1783/1708/1650 1970/1707/1649
f 1783/1708/1650 1756/1709/1651 1757/1710/1652
f 1783/1708/1650 1757/1710/1652 1970/1707/1649
f 1761/1711/1653 1969/1706/1648 1970/1707/1649
f 1757/1710/1652 1761/1711/1653 1970/1707/1649
f 1969/1706/1648 1763/1712/1654 1968/1705/1643
f 1761/1711/1653 1763/1712/1654 1969/1706/1648
f 1968/1705/1643 1967/1713/1655 1927/1703/1646
f 1968/1705/1643 1763/1712/1654 1967/1713/1655
f 1927/1703/1646 1967/1713/1655 1929/1714/1656
f 1927/1703/1646 1929/1714/1656 1928/1704/1647
f 1928/1704/1647 1929/1714/1656 1930/1715/1657
f 1929/1714/1656 1931/1716/1658 1930/1715/1657
f 1930/1715/1657 1931/1716/1658 1917/1717/1659
f 1929/1714/1656 1966/1718/1660 1931/1716/1658
f 1967/1713/1655 1966/1718/1660 1929/1714/1656
f 1967/1713/1655 1770/1719/1661 1966/1718/1660
f 1763/1712/1654 1770/1719/1661 1967/1713/1655
f 1966/1718/1660 1965/1720/1662 1931/1716/1658
f 1770/1719/1661 1778/1721/1663 1966/1718/1660
f 1966/1718/1660 1778/1721/1663 1965/1720/1662
f 1770/1719/1661 1777/1722/1664 1778/1721/1663
f 1778/1721/1663 1781/1723/1665 1965/1720/1662
f 1778/1721/1663 1777/1722/1664 1781/1723/1665
f 1965/1720/1662 1781/1723/1665 1964/1724/1666
f 1965/1720/1662 1964/1724/1666 1916/1725/1667
f 1931/1716/1658 1965/1720/1662 1916/1725/1667
f 1931/1716/1658 1916/1725/1667 1917/1717/1659
f 1917/1717/1659 1916/1725/1667 1915/1726/1668
f 1916/1725/1667 1914/1727/1669 1915/1726/1668
f 1916/1725/1667 1964/1724/1666 1914/1727/1669
f 1915/1726/1668 1914/1727/1669 1913/1728/1670
f 1964/1724/1666 1963/1729/1671 1914/1727/1669
f 1914/1727/1669 1910/1730/1672 1913/1728/1670
f 1914/1727/1669 1963/1729/1671 1910/1730/1672
f 1913/1728/1670 1910/1730/1672 1911/1731/1673
f 1963/1729/1671 1819/1732/1674 1910/1730/1672
f 1910/1730/1672 1912/1733/1675 1911/1731/1673
f 1910/1730/1672 1819/1732/1674 1912/1733/1675
f 1912/1733/1675 1932/1734/1676 1911/1731/1673
f 1932/1734/1676 1933/1735/1677 1911/1731/1673
f 1932/1734/1676 1934/1736/1678 1933/1735/1677
f 1934/1736/1678 1935/1737/1679 1933/1735/1677
f 1934/1736/1678 1936/1738/1680 1935/1737/1679
f 1936/1738/1680 1937/1739/1681 1935/1737/1679
f 1936/1738/1680 1951/1740/1682 1937/1739/1681
f 1951/1740/1682 1950/1741/1683 1937/1739/1681
f 1951/1740/1682 1948/1742/1684 1950/1741/1683
f 1948/1742/1684 1949/1743/1685 1950/1741/1683
f 1949/1743/1685 1948/1742/1684 1947/1744/1686
f 1947/1744/1686 1946/1745/1687 1945/1746/1688
f 1948/1742/1684 1946/1745/1687 1947/1744/1686
f 1948/1742/1684 1988/1747/1689 1946/1745/1687
f 1988/1747/1689 1948/1742/1684 1951/1740/1682
f 1989/1748/1690 1988/1747/1689 1951/1740/1682
f 1989/1748/1690 1951/1740/1682 1936/1738/1680
f 1992/1749/1691 1989/1748/1690 1936/1738/1680
f 1992/1749/1691 1936/1738/1680 1934/1736/1678
f 1996/1750/1678 1992/1749/1691 1934/1736/1678
f 1996/1750/1678 1934/1736/1678 1932/1734/1676
f 1997/1751/1692 1996/1750/1678 1932/1734/1676
f 1997/1751/1692 1932/1734/1676 1912/1733/1675
f 1820/1752/1675 1997/1751/1692 1912/1733/1675
f 1819/1732/1674 1820/1752/1675 1912/1733/1675
f 1997/1751/1692 1820/1752/1675 1829/1753/1693
f 1997/1751/1692 1829/1753/1693 1830/1754/1694
f 1996/1750/1678 1997/1751/1692 1830/1754/1694
f 1996/1750/1678 1830/1754/1694 1831/1755/1695
f 1992/1749/1691 1996/1750/1678 1831/1755/1695
f 1992/1749/1691 1831/1755/1695 1841/1756/1696
f 1989/1748/1690 1992/1749/1691 1841/1756/1696
f 1989/1748/1690 1841/1756/1696 1988/1747/1689
f 1988/1747/1689 1981/1757/1697 1946/1745/1687
f 1841/1756/1696 1839/1758/1698 1988/1747/1689
f 1988/1747/1689 1839/1758/1698 1981/1757/1697
f 1841/1756/1696 1840/1759/1699 1839/1758/1698
f 1841/1756/1696 1831/1755/1695 1840/1759/1699
f 1831/1755/1695 1830/1754/1694 1727/1760/1700
f 1831/1755/1695 1727/1760/1700 1840/1759/1699
f 1830/1754/1694 1829/1753/1693 1726/1761/1701
f 1830/1754/1694 1726/1761/1701 1727/1760/1700
f 1829/1753/1693 1750/1762/1702 1735/1763/1703
f 1829/1753/1693 1735/1763/1703 1726/1761/1701
f 1829/1753/1693 1820/1752/1675 1750/1762/1702
f 1819/1732/1674 1751/1764/1704 1820/1752/1675
f 1751/1764/1704 1750/1762/1702 1820/1752/1675
f 1819/1732/1674 1753/1765/1705 1751/1764/1704
f 1963/1729/1671 1753/1765/1705 1819/1732/1674
f 1755/1766/1706 1753/1765/1705 1963/1729/1671
f 1964/1724/1666 1755/1766/1706 1963/1729/1671
f 1781/1723/1665 1755/1766/1706 1964/1724/1666
f 1777/1722/1664 1782/1767/1707 1781/1723/1665
f 1781/1723/1665 1782/1767/1707 1755/1766/1706
f 1755/1766/1706 1754/1768/1708 1753/1765/1705
f 1782/1767/1707 1754/1768/1708 1755/1766/1706
f 1753/1765/1705 1752/1769/1709 1751/1764/1704
f 1754/1768/1708 1752/1769/1709 1753/1765/1705
f 1751/1764/1704 1749/1770/1710 1750/1762/1702
f 1752/1769/1709 1749/1770/1710 1751/1764/1704
f 1749/1770/1710 1738/1771/1711 1750/1762/1702
f 1750/1762/1702 1738/1771/1711 1735/1763/1703
f 1726/1761/1701 1735/1763/1703 1724/1772/1712
f 1738/1771/1711 1725/1773/1713 1735/1763/1703
f 1735/1763/1703 1725/1773/1713 1724/1772/1712
f 1738/1771/1711 1739/1774/1714 1725/1773/1713
f 1787/1775/1715 1739/1774/1714 1738/1771/1711
f 1749/1770/1710 1787/1775/1715 1738/1771/1711
f 1752/1769/1709 1807/1776/1716 1749/1770/1710
f 1807/1776/1716 1787/1775/1715 1749/1770/1710
f 1752/1769/1709 1809/1777/1717 1807/1776/1716
f 1754/1768/1708 1809/1777/1717 1752/1769/1709
f 1782/1767/1707 1909/1778/1718 1754/1768/1708
f 1754/1768/1708 1909/1778/1718 1809/1777/1717
f 1782/1767/1707 1907/1779/1719 1908/1780/1720
f 1908/1780/1720 1909/1778/1718 1782/1767/1707
f 1782/1767/1707 1777/1722/1664 1907/1779/1719
f 1769/1781/1721 1777/1722/1664 1770/1719/1661
f 1777/1722/1664 1769/1781/1721 1907/1779/1719
f 1770/1719/1661 1763/1712/1654 1769/1781/1721
f 1769/1781/1721 1906/1782/1722 1907/1779/1719
f 1908/1780/1720 1907/1779/1719 1893/1783/1723
f 1907/1779/1719 1906/1782/1722 1893/1783/1723
f 1893/1783/1723 1897/1784/1724 1908/1780/1720
f 1908/1780/1720 1897/1784/1724 1909/1778/1718
f 1897/1784/1724 1904/1785/1725 1909/1778/1718
f 1904/1785/1725 1809/1777/1717 1909/1778/1718
f 1809/1777/1717 1904/1785/1725 1810/1786/1726
f 1809/1777/1717 1810/1786/1726 1808/1787/1727
f 1807/1776/1716 1809/1777/1717 1808/1787/1727
f 1807/1776/1716 1808/1787/1727 1786/1788/1728
f 1787/1775/1715 1807/1776/1716 1786/1788/1728
f 1786/1788/1728 1748/1789/1729 1787/1775/1715
f 1748/1789/1729 1739/1774/1714 1787/1775/1715
f 1739/1774/1714 1748/1789/1729 1747/1790/1730
f 1725/1773/1713 1739/1774/1714 1747/1790/1730
f 1723/1791/1731 1725/1773/1713 1747/1790/1730
f 1724/1772/1712 1725/1773/1713 1723/1791/1731
f 1747/1790/1730 1744/1792/1732 1723/1791/1731
f 1747/1790/1730 1748/1789/1729 1759/1793/1733
f 1744/1792/1732 1747/1790/1730 1759/1793/1733
f 1748/1789/1729 1953/1794/1734 1759/1793/1733
f 1748/1789/1729 1786/1788/1728 1953/1794/1734
f 1954/1795/1735 1953/1794/1734 1786/1788/1728
f 1954/1795/1735 1786/1788/1728 1955/1796/1736
f 1786/1788/1728 1808/1787/1727 1955/1796/1736
f 1847/1797/1737 1808/1787/1727 1810/1786/1726
f 1955/1796/1736 1808/1787/1727 1847/1797/1737
f 1847/1797/1737 1848/1798/1738 1955/1796/1736
f 1955/1796/1736 1975/1799/1739 1954/1795/1735
f 1848/1798/1738 1975/1799/1739 1955/1796/1736
f 1975/1799/1739 1976/1800/1740 1954/1795/1735
f 1953/1794/1734 1954/1795/1735 1976/1800/1740
f 1995/1801/1741 1953/1794/1734 1976/1800/1740
f 1759/1793/1733 1953/1794/1734 1995/1801/1741
f 1760/1802/1742 1759/1793/1733 1995/1801/1741
f 1759/1793/1733 1760/1802/1742 1745/1803/1743
f 1744/1792/1732 1759/1793/1733 1745/1803/1743
f 1744/1792/1732 1745/1803/1743 1743/1804/1744
f 1742/1805/1745 1744/1792/1732 1743/1804/1744
f 1744/1792/1732 1742/1805/1745 1723/1791/1731
f 1743/1804/1744 1805/1806/1746 1742/1805/1745
f 1742/1805/1745 1803/1807/1747 1723/1791/1731
f 1805/1806/1746 1803/1807/1747 1742/1805/1745
f 1723/1791/1731 1722/1808/1748 1724/1772/1712
f 1803/1807/1747 1722/1808/1748 1723/1791/1731
f 1804/1809/1749 1806/1810/1750 1803/1807/1747
f 1803/1807/1747 1806/1810/1750 1722/1808/1748
f 1803/1807/1747 1805/1806/1746 1804/1809/1749
f 2144/1811/1751 2145/1812/1752 1805/1806/1746
f 2145/1812/1752 1804/1809/1749 1805/1806/1746
f 1805/1806/1746 1743/1804/1744 2144/1811/1751
f 1743/1804/1744 2143/1813/1753 2144/1811/1751
f 1743/1804/1744 1745/1803/1743 2143/1813/1753
f 1745/1803/1743 2148/1814/1754 2143/1813/1753
f 1745/1803/1743 1760/1802/1742 2148/1814/1754
f 1760/1802/1742 2153/1815/1755 2148/1814/1754
f 1760/1802/1742 1995/1801/1741 1994/1816/1756
f 2153/1815/1755 1760/1802/1742 1994/1816/1756
f 1995/1801/1741 1978/1817/1757 1994/1816/1756
f 1995/1801/1741 1976/1800/1740 1978/1817/1757
f 1975/1799/1739 1977/1818/1758 1976/1800/1740
f 1977/1818/1758 1978/1817/1757 1976/1800/1740
f 1975/1799/1739 1980/1819/1759 1977/1818/1758
f 1848/1798/1738 1980/1819/1759 1975/1799/1739
f 1977/1818/1758 2284/1820/1760 1978/1817/1757
f 1977/1818/1758 1980/1819/1759 2284/1820/1760
f 1978/1817/1757 2284/1820/1760 2285/1821/1761
f 1994/1816/1756 1978/1817/1757 2285/1821/1761
f 2288/1822/1762 1994/1816/1756 2285/1821/1761
f 2153/1815/1755 1994/1816/1756 2288/1822/1762
f 2154/1823/1763 2153/1815/1755 2288/1822/1762
f 2153/1815/1755 2154/1823/1763 2149/1824/1764
f 2148/1814/1754 2153/1815/1755 2149/1824/1764
f 2148/1814/1754 2149/1824/1764 2142/1825/1765
f 2143/1813/1753 2148/1814/1754 2142/1825/1765
f 2140/1826/1766 2143/1813/1753 2142/1825/1765
f 2143/1813/1753 2140/1826/1766 2144/1811/1751
f 2140/1826/1766 2145/1812/1752 2144/1811/1751
f 2145/1812/1752 2140/1826/1766 2141/1827/1767
f 2145/1812/1752 2141/1827/1767 2038/1828/1768
f 1804/1809/1749 2145/1812/1752 2038/1828/1768
f 2038/1828/1768 1793/1829/1769 1804/1809/1749
f 1806/1810/1750 1804/1809/1749 1811/1830/1770
f 1804/1809/1749 1793/1829/1769 1811/1830/1770
f 1806/1810/1750 1865/1831/1771 1722/1808/1748
f 1806/1810/1750 1811/1830/1770 1796/1832/1772
f 1796/1832/1772 1865/1831/1771 1806/1810/1750
f 1811/1830/1770 1792/1833/1773 1796/1832/1772
f 1793/1829/1769 1792/1833/1773 1811/1830/1770
f 1792/1833/1773 1793/1829/1769 1775/1834/1774
f 1793/1829/1769 2038/1828/1768 1776/1835/1775
f 1775/1834/1774 1793/1829/1769 1776/1835/1775
f 2038/1828/1768 2157/1836/1776 1776/1835/1775
f 2038/1828/1768 2141/1827/1767 2157/1836/1776
f 2138/1837/1777 2141/1827/1767 2140/1826/1766
f 2141/1827/1767 2138/1837/1777 2157/1836/1776
f 2140/1826/1766 2139/1838/1778 2138/1837/1777
f 2139/1838/1778 2140/1826/1766 2142/1825/1765
f 2139/1838/1778 2142/1825/1765 2150/1839/1779
f 2150/1839/1779 2142/1825/1765 2151/1840/1780
f 2142/1825/1765 2149/1824/1764 2151/1840/1780
f 2149/1824/1764 2154/1823/1763 2151/1840/1780
f 2154/1823/1763 2155/1841/1781 2151/1840/1780
f 2154/1823/1763 2288/1822/1762 2290/1842/1782
f 2155/1841/1781 2154/1823/1763 2290/1842/1782
f 2288/1822/1762 2285/1821/1761 2290/1842/1782
f 2284/1820/1760 2282/1843/1783 2285/1821/1761
f 2285/1821/1761 2289/1844/1784 2290/1842/1782
f 2289/1844/1784 2285/1821/1761 2282/1843/1783
f 2289/1844/1784 2281/1845/1785 2290/1842/1782
f 2155/1841/1781 2290/1842/1782 2281/1845/1785
f 2137/1846/1786 2155/1841/1781 2281/1845/1785
f 2155/1841/1781 2137/1846/1786 2136/1847/1787
f 2151/1840/1780 2155/1841/1781 2136/1847/1787
f 2150/1839/1779 2151/1840/1780 2136/1847/1787
f 2135/1848/1788 2150/1839/1779 2136/1847/1787
f 2128/1849/1789 2150/1839/1779 2135/1848/1788
f 2128/1849/1789 2139/1838/1778 2150/1839/1779
f 2139/1838/1778 2128/1849/1789 2129/1850/1790
f 2138/1837/1777 2139/1838/1778 2129/1850/1790
f 2138/1837/1777 2129/1850/1790 2159/1851/1791
f 2161/1852/1792 2138/1837/1777 2159/1851/1791
f 2138/1837/1777 2161/1852/1792 2157/1836/1776
f 2157/1836/1776 2051/1853/1793 1776/1835/1775
f 2161/1852/1792 2050/1854/1794 2157/1836/1776
f 2050/1854/1794 2051/1853/1793 2157/1836/1776
f 2161/1852/1792 2158/1855/1795 2050/1854/1794
f 2159/1851/1791 2158/1855/1795 2161/1852/1792
f 2158/1855/1795 2159/1851/1791 2147/1856/1796
f 2159/1851/1791 2129/1850/1790 2160/1857/1797
f 2159/1851/1791 2160/1857/1797 2147/1856/1796
f 2129/1850/1790 2128/1849/1789 2127/1858/1798
f 2129/1850/1790 2127/1858/1798 2160/1857/1797
f 2128/1849/1789 2126/1859/1799 2127/1858/1798
f 2126/1859/1799 2128/1849/1789 2135/1848/1788
f 2130/1860/1800 2126/1859/1799 2135/1848/1788
f 2130/1860/1800 2135/1848/1788 2131/1861/1801
f 2135/1848/1788 2136/1847/1787 2131/1861/1801
f 2131/1861/1801 2136/1847/1787 2133/1862/1802
f 2136/1847/1787 2137/1846/1786 2133/1862/1802
f 2133/1862/1802 2137/1846/1786 2281/1845/1785
f 2278/1863/1803 2133/1862/1802 2281/1845/1785
f 2278/1863/1803 2281/1845/1785 2280/1864/1804
f 2280/1864/1804 2281/1845/1785 2289/1844/1784
f 2280/1864/1804 2289/1844/1784 2276/1865/1805
f 2276/1865/1805 2289/1844/1784 2282/1843/1783
f 2276/1865/1805 2274/1866/1806 2280/1864/1804
f 2279/1867/1807 2278/1863/1803 2280/1864/1804
f 2279/1867/1807 2280/1864/1804 2274/1866/1806
f 2279/1867/1807 2271/1868/1808 2278/1863/1803
f 2271/1868/1808 2279/1867/1807 2274/1866/1806
f 2271/1868/1808 2277/1869/1809 2278/1863/1803
f 2133/1862/1802 2278/1863/1803 2277/1869/1809
f 2134/1870/1810 2133/1862/1802 2277/1869/1809
f 2133/1862/1802 2134/1870/1810 2132/1871/1811
f 2131/1861/1801 2133/1862/1802 2132/1871/1811
f 2131/1861/1801 2132/1871/1811 2124/1872/1812
f 2130/1860/1800 2131/1861/1801 2124/1872/1812
f 2126/1859/1799 2130/1860/1800 2124/1872/1812
f 2122/1873/1813 2126/1859/1799 2124/1872/1812
f 2122/1873/1813 2123/1874/1814 2126/1859/1799
f 2123/1874/1814 2127/1858/1798 2126/1859/1799
f 2127/1858/1798 2123/1874/1814 2146/1875/1815
f 2160/1857/1797 2127/1858/1798 2146/1875/1815
f 2146/1875/1815 2147/1856/1796 2160/1857/1797
f 2146/1875/1815 2107/1876/1816 2147/1856/1796
f 2107/1876/1816 2146/1875/1815 2123/1874/1814
f 2107/1876/1816 2106/1877/1817 2147/1856/1796
f 2158/1855/1795 2147/1856/1796 2081/1878/1818
f 2147/1856/1796 2106/1877/1817 2081/1878/1818
f 2158/1855/1795 2081/1878/1818 2050/1854/1794
f 2106/1877/1817 2080/1879/1819 2081/1878/1818
f 2081/1878/1818 2048/1880/1820 2050/1854/1794
f 2080/1879/1819 2067/1881/1821 2081/1878/1818
f 2081/1878/1818 2067/1881/1821 2048/1880/1820
f 2047/1882/1822 2048/1880/1820 2045/1883/1823
f 2048/1880/1820 2067/1881/1821 2045/1883/1823
f 2047/1882/1822 2050/1854/1794 2048/1880/1820
f 2050/1854/1794 2047/1882/1822 2051/1853/1793
f 2047/1882/1822 2042/1884/1824 2049/1885/1825
f 2051/1853/1793 2047/1882/1822 2049/1885/1825
f 2042/1884/1824 2047/1882/1822 2045/1883/1823
f 2045/1883/1823 2046/1886/1826 2042/1884/1824
f 2067/1881/1821 2052/1887/1827 2045/1883/1823
f 2046/1886/1826 2045/1883/1823 2052/1887/1827
f 2067/1881/1821 2065/1888/1828 2052/1887/1827
f 2065/1888/1828 2067/1881/1821 2066/1889/1829
f 2066/1889/1829 2067/1881/1821 2070/1890/1830
f 2067/1881/1821 2080/1879/1819 2070/1890/1830
f 2070/1890/1830 2080/1879/1819 2097/1891/1831
f 2080/1879/1819 2106/1877/1817 2104/1892/1832
f 2097/1891/1831 2080/1879/1819 2104/1892/1832
f 2106/1877/1817 2105/1893/1833 2104/1892/1832
f 2106/1877/1817 2107/1876/1816 2105/1893/1833
f 2114/1894/1834 2105/1893/1833 2107/1876/1816
f 2123/1874/1814 2114/1894/1834 2107/1876/1816
f 2122/1873/1813 2121/1895/1835 2123/1874/1814
f 2123/1874/1814 2121/1895/1835 2114/1894/1834
f 2122/1873/1813 2124/1872/1812 2121/1895/1835
f 2121/1895/1835 2116/1896/1836 2114/1894/1834
f 2124/1872/1812 2125/1897/1837 2121/1895/1835
f 2116/1896/1836 2121/1895/1835 2125/1897/1837
f 2124/1872/1812 2152/1898/1838 2125/1897/1837
f 2116/1896/1836 2125/1897/1837 2152/1898/1838
f 2124/1872/1812 2132/1871/1811 2152/1898/1838
f 2132/1871/1811 2134/1870/1810 2152/1898/1838
f 2134/1870/1810 2156/1899/1839 2152/1898/1838
f 2152/1898/1838 2156/1899/1839 2120/1900/1283
f 2116/1896/1836 2152/1898/1838 2120/1900/1283
f 2115/1901/1840 2116/1896/1836 2120/1900/1283
f 2119/1902/1841 2115/1901/1840 2120/1900/1283
f 2115/1901/1840 2113/1903/1842 2116/1896/1836
f 2116/1896/1836 2113/1903/1842 2114/1894/1834
f 2105/1893/1833 2114/1894/1834 2113/1903/1842
f 2103/1904/1843 2105/1893/1833 2113/1903/1842
f 2103/1904/1843 2102/1905/1844 2105/1893/1833
f 2102/1905/1844 2104/1892/1832 2105/1893/1833
f 2102/1905/1844 2089/1906/1845 2104/1892/1832
f 2089/1906/1845 2097/1891/1831 2104/1892/1832
f 2097/1891/1831 2089/1906/1845 2088/1907/1846
f 2088/1907/1846 2070/1890/1830 2097/1891/1831
f 2070/1890/1830 2069/1908/1847 2066/1889/1829
f 2088/1907/1846 2072/1909/1848 2070/1890/1830
f 2072/1909/1848 2069/1908/1847 2070/1890/1830
f 2088/1907/1846 2082/1910/1849 2072/1909/1848
f 2089/1906/1845 2082/1910/1849 2088/1907/1846
f 2096/1911/1850 2082/1910/1849 2089/1906/1845
f 2096/1911/1850 2089/1906/1845 2102/1905/1844
f 2099/1912/1851 2096/1911/1850 2102/1905/1844
f 2099/1912/1851 2102/1905/1844 2103/1904/1843
f 2098/1913/1852 2099/1912/1851 2103/1904/1843
f 2098/1913/1852 2103/1904/1843 2112/1914/1853
f 2103/1904/1843 2113/1903/1842 2112/1914/1853
f 2112/1914/1853 2113/1903/1842 2115/1901/1840
f 2115/1901/1840 2117/1915/1854 2112/1914/1853
f 2117/1915/1854 2115/1901/1840 2119/1902/1841
f 2118/1916/1855 2117/1915/1854 2119/1902/1841
f 2108/1917/1856 2109/1918/1857 2118/1916/1855
f 2109/1918/1857 2117/1915/1854 2118/1916/1855
f 2108/1917/1856 2085/1919/1858 2109/1918/1857
f 2117/1915/1854 2109/1918/1857 2110/1920/1859
f 2085/1919/1858 2087/1921/1860 2109/1918/1857
f 2109/1918/1857 2087/1921/1860 2110/1920/1859
f 2085/1919/1858 2084/1922/1861 2086/1923/1862
f 2086/1923/1862 2087/1921/1860 2085/1919/1858
f 2086/1923/1862 2090/1924/1863 2087/1921/1860
f 2090/1924/1863 2091/1925/1864 2087/1921/1860
f 2087/1921/1860 2091/1925/1864 2110/1920/1859
f 2090/1924/1863 2092/1926/1865 2091/1925/1864
f 2091/1925/1864 2100/1927/1866 2110/1920/1859
f 2092/1926/1865 2101/1928/1867 2091/1925/1864
f 2101/1928/1867 2100/1927/1866 2091/1925/1864
f 2092/1926/1865 2094/1929/1868 2101/1928/1867
f 2100/1927/1866 2101/1928/1867 2099/1912/1851
f 2094/1929/1868 2095/1930/1869 2101/1928/1867
f 2099/1912/1851 2101/1928/1867 2096/1911/1850
f 2101/1928/1867 2095/1930/1869 2096/1911/1850
f 2099/1912/1851 2098/1913/1852 2100/1927/1866
f 2100/1927/1866 2098/1913/1852 2111/1931/1870
f 2098/1913/1852 2112/1914/1853 2111/1931/1870
f 2117/1915/1854 2111/1931/1870 2112/1914/1853
f 2111/1931/1870 2117/1915/1854 2110/1920/1859
f 2100/1927/1866 2111/1931/1870 2110/1920/1859
f 2095/1930/1869 2083/1932/1871 2096/1911/1850
f 2083/1932/1871 2082/1910/1849 2096/1911/1850
f 2095/1930/1869 2093/1933/1872 2083/1932/1871
f 2094/1929/1868 2093/1933/1872 2095/1930/1869
f 2083/1932/1871 2093/1933/1872 2078/1934/1873
f 2079/1935/1874 2083/1932/1871 2078/1934/1873
f 2083/1932/1871 2079/1935/1874 2082/1910/1849
f 2072/1909/1848 2082/1910/1849 2079/1935/1874
f 2071/1936/1875 2072/1909/1848 2079/1935/1874
f 2071/1936/1875 2069/1908/1847 2072/1909/1848
f 2079/1935/1874 2076/1937/1876 2071/1936/1875
f 2076/1937/1876 2079/1935/1874 2078/1934/1873
f 2077/1938/1877 2076/1937/1876 2078/1934/1873
f 2074/1939/1878 2075/1940/1879 2077/1938/1877
f 2075/1940/1879 2076/1937/1876 2077/1938/1877
f 2075/1940/1879 2073/1941/1880 2076/1937/1876
f 2073/1941/1880 2071/1936/1875 2076/1937/1876
f 2071/1936/1875 2073/1941/1880 2068/1942/1881
f 2069/1908/1847 2071/1936/1875 2068/1942/1881
f 2073/1941/1880 2060/1943/1882 2068/1942/1881
f 2061/1944/1883 2060/1943/1882 2073/1941/1880
f 2061/1944/1883 2073/1941/1880 2075/1940/1879
f 2056/1945/1884 2061/1944/1883 2075/1940/1879
f 2056/1945/1884 2075/1940/1879 2074/1939/1878
f 2057/1946/1885 2056/1945/1884 2074/1939/1878
f 2041/1947/1886 2034/1948/1887 2057/1946/1885
f 2034/1948/1887 2056/1945/1884 2057/1946/1885
f 2041/1947/1886 2036/1949/1888 2034/1948/1887
f 2056/1945/1884 2034/1948/1887 2035/1950/1889
f 2034/1948/1887 2036/1949/1888 2035/1950/1889
f 2035/1950/1889 2055/1951/1890 2056/1945/1884
f 2056/1945/1884 2055/1951/1890 2061/1944/1883
f 2060/1943/1882 2061/1944/1883 2054/1952/1891
f 2061/1944/1883 2055/1951/1890 2054/1952/1891
f 2054/1952/1891 2059/1953/1892 2060/1943/1882
f 2060/1943/1882 2059/1953/1892 2068/1942/1881
f 2059/1953/1892 2063/1954/1893 2068/1942/1881
f 2069/1908/1847 2068/1942/1881 2063/1954/1893
f 2063/1954/1893 2064/1955/1894 2069/1908/1847
f 2064/1955/1894 2066/1889/1829 2069/1908/1847
f 2064/1955/1894 2065/1888/1828 2066/1889/1829
f 2064/1955/1894 2052/1887/1827 2065/1888/1828
f 2063/1954/1893 2062/1956/1895 2064/1955/1894
f 2062/1956/1895 2052/1887/1827 2064/1955/1894
f 2063/1954/1893 2059/1953/1892 2062/1956/1895
f 2052/1887/1827 2062/1956/1895 2046/1886/1826
f 2059/1953/1892 2058/1957/1896 2062/1956/1895
f 2062/1956/1895 2058/1957/1896 2046/1886/1826
f 2059/1953/1892 2044/1958/1897 2058/1957/1896
f 2058/1957/1896 2044/1958/1897 2046/1886/1826
f 2059/1953/1892 2053/1959/1898 2044/1958/1897
f 2053/1959/1898 2059/1953/1892 2054/1952/1891
f 2053/1959/1898 2054/1952/1891 2037/1960/1899
f 2054/1952/1891 2055/1951/1890 2037/1960/1899
f 2055/1951/1890 2035/1950/1889 2037/1960/1899
f 2036/1949/1888 2019/1961/1900 2035/1950/1889
f 2019/1961/1900 2037/1960/1899 2035/1950/1889
f 2037/1960/1899 2019/1961/1900 2039/1962/1901
f 2039/1962/1901 2053/1959/1898 2037/1960/1899
f 2053/1959/1898 2039/1962/1901 2015/1963/1902
f 2044/1958/1897 2053/1959/1898 2015/1963/1902
f 2039/1962/1901 2014/1964/1903 2015/1963/1902
f 2019/1961/1900 2014/1964/1903 2039/1962/1901
f 2014/1964/1903 2010/1965/1904 2015/1963/1902
f 2044/1958/1897 2015/1963/1902 2010/1965/1904
f 2043/1966/1905 2044/1958/1897 2010/1965/1904
f 2044/1958/1897 2043/1966/1905 2046/1886/1826
f 2046/1886/1826 2043/1966/1905 2042/1884/1824
f 2042/1884/1824 2043/1966/1905 2010/1965/1904
f 2008/1967/1906 2042/1884/1824 2010/1965/1904
f 2042/1884/1824 2008/1967/1906 2049/1885/1825
f 2010/1965/1904 2009/1968/1907 2008/1967/1906
f 2009/1968/1907 2010/1965/1904 2014/1964/1903
f 2009/1968/1907 2014/1964/1903 1825/1969/1908
f 1825/1969/1908 2014/1964/1903 1826/1970/1909
f 2014/1964/1903 2019/1961/1900 1826/1970/1909
f 2019/1961/1900 2018/1971/1910 1826/1970/1909
f 2019/1961/1900 2036/1949/1888 2018/1971/1910
f 2018/1971/1910 1827/1972/1911 1826/1970/1909
f 2036/1949/1888 2024/1973/1912 2018/1971/1910
f 2018/1971/1910 2024/1973/1912 1827/1972/1911
f 2036/1949/1888 2041/1947/1886 2040/1974/1913
f 2040/1974/1913 2024/1973/1912 2036/1949/1888
f 2040/1974/1913 2023/1975/1914 2024/1973/1912
f 2023/1975/1914 2025/1976/1915 2024/1973/1912
f 2025/1976/1915 1737/1977/1916 2024/1973/1912
f 2024/1973/1912 1736/1978/1917 1827/1972/1911
f 1737/1977/1916 1736/1978/1917 2024/1973/1912
f 1737/1977/1916 1731/1979/1918 1736/1978/1917
f 1731/1979/1918 1728/1980/1919 1729/1981/1920
f 1731/1979/1918 1729/1981/1920 1736/1978/1917
f 1736/1978/1917 1729/1981/1920 1788/1982/1921
f 1827/1972/1911 1736/1978/1917 1788/1982/1921
f 1788/1982/1921 1821/1983/1922 1827/1972/1911
f 1821/1983/1922 1826/1970/1909 1827/1972/1911
f 1826/1970/1909 1821/1983/1922 1822/1984/1923
f 1825/1969/1908 1826/1970/1909 1822/1984/1923
f 1825/1969/1908 1822/1984/1923 1824/1985/1924
f 1824/1985/1924 2009/1968/1907 1825/1969/1908
f 2011/1986/1925 2009/1968/1907 1824/1985/1924
f 2011/1986/1925 2008/1967/1906 2009/1968/1907
f 1824/1985/1924 1828/1987/1926 2011/1986/1925
f 2011/1986/1925 1828/1987/1926 2008/1967/1906
f 2049/1885/1825 2008/1967/1906 1779/1988/1927
f 1828/1987/1926 1779/1988/1927 2008/1967/1906
f 1824/1985/1924 1823/1989/1928 1828/1987/1926
f 1828/1987/1926 1780/1990/1929 1779/1988/1927
f 1823/1989/1928 1780/1990/1929 1828/1987/1926
f 1822/1984/1923 1818/1991/1930 1823/1989/1928
f 1780/1990/1929 1823/1989/1928 1818/1991/1930
f 1822/1984/1923 1823/1989/1928 1824/1985/1924
f 1822/1984/1923 1821/1983/1922 1818/1991/1930
f 1816/1992/1931 1821/1983/1922 1788/1982/1921
f 1816/1992/1931 1818/1991/1930 1821/1983/1922
f 1788/1982/1921 1817/1993/1932 1816/1992/1931
f 1788/1982/1921 1729/1981/1920 1817/1993/1932
f 1728/1980/1919 1730/1994/1933 1729/1981/1920
f 1817/1993/1932 1729/1981/1920 1730/1994/1933
f 1728/1980/1919 1732/1995/1934 1730/1994/1933
f 1732/1995/1934 1733/1996/1935 1730/1994/1933
f 1732/1995/1934 1740/1997/1936 1733/1996/1935
f 1730/1994/1933 1733/1996/1935 1784/1998/1937
f 1740/1997/1936 1741/1999/1938 1733/1996/1935
f 1733/1996/1935 1741/1999/1938 1784/1998/1937
f 1740/1997/1936 1721/2000/1939 1719/2001/1940
f 1741/1999/1938 1740/1997/1936 1719/2001/1940
f 1721/2000/1939 1718/2002/1941 1719/2001/1940
f 1720/2003/1942 1718/2002/1941 1721/2000/1939
f 1718/2002/1941 1720/2003/1942 1832/2004/1943
f 1833/2005/1944 1718/2002/1941 1832/2004/1943
f 1833/2005/1944 1832/2004/1943 1973/2006/1945
f 1972/2007/1946 1833/2005/1944 1973/2006/1945
f 1972/2007/1946 1973/2006/1945 1940/2008/1945
f 1972/2007/1946 1834/2009/1947 1833/2005/1944
f 1833/2005/1944 1834/2009/1947 1718/2002/1941
f 1718/2002/1941 1714/2010/1948 1719/2001/1940
f 1834/2009/1947 1714/2010/1948 1718/2002/1941
f 1714/2010/1948 1715/2011/1949 1719/2001/1940
f 1741/1999/1938 1719/2001/1940 1715/2011/1949
f 1746/2012/1950 1741/1999/1938 1715/2011/1949
f 1784/1998/1937 1741/1999/1938 1746/2012/1950
f 1815/2013/1951 1784/1998/1937 1746/2012/1950
f 1785/2014/1952 1784/1998/1937 1815/2013/1951
f 1785/2014/1952 1730/1994/1933 1784/1998/1937
f 1785/2014/1952 1817/1993/1932 1730/1994/1933
f 1816/1992/1931 1817/1993/1932 1814/2015/1953
f 1817/1993/1932 1785/2014/1952 1814/2015/1953
f 1814/2015/1953 1785/2014/1952 1815/2013/1951
f 1814/2015/1953 1815/2013/1951 1813/2016/1954
f 1815/2013/1951 1746/2012/1950 1813/2016/1954
f 1864/2017/1955 1746/2012/1950 1717/2018/1956
f 1746/2012/1950 1864/2017/1955 1813/2016/1954
f 1746/2012/1950 1715/2011/1949 1717/2018/1956
f 1714/2010/1948 1716/2019/1957 1715/2011/1949
f 1716/2019/1957 1717/2018/1956 1715/2011/1949
f 1714/2010/1948 1835/2020/1958 1716/2019/1957
f 1834/2009/1947 1835/2020/1958 1714/2010/1948
f 1974/2021/1959 1979/2022/1960 1834/2009/1947
f 1979/2022/1960 1835/2020/1958 1834/2009/1947
f 1974/2021/1959 1834/2009/1947 1972/2007/1946
f 1974/2021/1959 1972/2007/1946 1938/2023/1961
f 1938/2023/1961 1972/2007/1946 1940/2008/1945
f 1938/2023/1961 1940/2008/1945 1939/2024/1962
f 1941/2025/1963 1938/2023/1961 1939/2024/1962
f 1942/2026/1964 1938/2023/1961 1941/2025/1963
f 1942/2026/1964 1974/2021/1959 1938/2023/1961
f 1974/2021/1959 1942/2026/1964 1944/2027/1965
f 1979/2022/1960 1974/2021/1959 1944/2027/1965
f 1942/2026/1964 1943/2028/1966 1944/2027/1965
f 1943/2028/1966 1942/2026/1964 1941/2025/1963
f 1943/2028/1966 1945/1746/1688 1944/2027/1965
f 1946/1745/1687 1944/2027/1965 1945/1746/1688
f 1946/1745/1687 1981/1757/1697 1944/2027/1965
f 1981/1757/1697 1979/2022/1960 1944/2027/1965
f 1981/1757/1697 1837/2029/1967 1979/2022/1960
f 1837/2029/1967 1835/2020/1958 1979/2022/1960
f 1837/2029/1967 1836/2030/1968 1835/2020/1958
f 1836/2030/1968 1716/2019/1957 1835/2020/1958
f 1859/2031/1969 1716/2019/1957 1836/2030/1968
f 1716/2019/1957 1859/2031/1969 1717/2018/1956
f 1845/2032/1970 1717/2018/1956 1859/2031/1969
f 1717/2018/1956 1845/2032/1970 1864/2017/1955
f 1843/2033/1971 1864/2017/1955 1845/2032/1970
f 1864/2017/1955 1843/2033/1971 1812/2034/1972
f 1813/2016/1954 1864/2017/1955 1812/2034/1972
f 1813/2016/1954 1768/2035/1973 1814/2015/1953
f 1768/2035/1973 1813/2016/1954 1812/2034/1972
f 1768/2035/1973 1816/1992/1931 1814/2015/1953
f 1768/2035/1973 1818/1991/1930 1816/1992/1931
f 1818/1991/1930 1768/2035/1973 1767/2036/1974
f 1767/2036/1974 1780/1990/1929 1818/1991/1930
f 1768/2035/1973 1766/2037/1975 1767/2036/1974
f 1766/2037/1975 1768/2035/1973 1812/2034/1972
f 1766/2037/1975 1765/2038/1976 1767/2036/1974
f 1780/1990/1929 1767/2036/1974 1765/2038/1976
f 1766/2037/1975 1962/2039/1977 1765/2038/1976
f 1812/2034/1972 1962/2039/1977 1766/2037/1975
f 1812/2034/1972 1843/2033/1971 1844/2040/1978
f 1812/2034/1972 1844/2040/1978 1962/2039/1977
f 1843/2033/1971 1842/2041/1979 1844/2040/1978
f 1845/2032/1970 1842/2041/1979 1843/2033/1971
f 1842/2041/1979 1845/2032/1970 1859/2031/1969
f 1860/2042/1980 1842/2041/1979 1859/2031/1969
f 1860/2042/1980 1859/2031/1969 1836/2030/1968
f 1860/2042/1980 1846/2043/1981 1842/2041/1979
f 1844/2040/1978 1842/2041/1979 1846/2043/1981
f 1854/2044/1982 1844/2040/1978 1846/2043/1981
f 1854/2044/1982 1962/2039/1977 1844/2040/1978
f 1846/2043/1981 1855/2045/1983 1854/2044/1982
f 1962/2039/1977 1854/2044/1982 1959/2046/1984
f 1855/2045/1983 1959/2046/1984 1854/2044/1982
f 1962/2039/1977 1795/2047/1985 1765/2038/1976
f 1795/2047/1985 1962/2039/1977 1959/2046/1984
f 1795/2047/1985 1774/2048/1986 1765/2038/1976
f 1774/2048/1986 1780/1990/1929 1765/2038/1976
f 1779/1988/1927 1780/1990/1929 1774/2048/1986
f 1773/2049/1987 1779/1988/1927 1774/2048/1986
f 1773/2049/1987 2049/1885/1825 1779/1988/1927
f 1774/2048/1986 1772/2050/1988 1773/2049/1987
f 1772/2050/1988 1774/2048/1986 1795/2047/1985
f 1795/2047/1985 1794/2051/1989 1772/2050/1988
f 1795/2047/1985 1959/2046/1984 1794/2051/1989
f 1797/2052/1990 1794/2051/1989 1959/2046/1984
f 1797/2052/1990 1959/2046/1984 1855/2045/1983
f 1855/2045/1983 1857/2053/1991 1797/2052/1990
f 1846/2043/1981 1856/2054/1992 1855/2045/1983
f 1855/2045/1983 1856/2054/1992 1857/2053/1991
f 1846/2043/1981 1862/2055/1993 1856/2054/1992
f 1860/2042/1980 1861/2056/1994 1846/2043/1981
f 1861/2056/1994 1862/2055/1993 1846/2043/1981
f 1860/2042/1980 1836/2030/1968 1861/2056/1994
f 1861/2056/1994 1840/1759/1699 1862/2055/1993
f 1836/2030/1968 1838/2057/1995 1861/2056/1994
f 1838/2057/1995 1840/1759/1699 1861/2056/1994
f 1836/2030/1968 1837/2029/1967 1838/2057/1995
f 1840/1759/1699 1838/2057/1995 1839/1758/1698
f 1839/1758/1698 1838/2057/1995 1837/2029/1967
f 1839/1758/1698 1837/2029/1967 1981/1757/1697
f 1771/2058/1996 1773/2049/1987 1772/2050/1988
f 2049/1885/1825 1773/2049/1987 1771/2058/1996
f 2051/1853/1793 2049/1885/1825 1771/2058/1996
f 2051/1853/1793 1771/2058/1996 1776/1835/1775
f 1775/1834/1774 1776/1835/1775 1771/2058/1996
f 1772/2050/1988 1775/1834/1774 1771/2058/1996
f 1794/2051/1989 1775/1834/1774 1772/2050/1988
f 1794/2051/1989 1792/1833/1773 1775/1834/1774
f 1796/1832/1772 1792/1833/1773 1794/2051/1989
f 1797/2052/1990 1796/1832/1772 1794/2051/1989
f 1865/1831/1771 1796/1832/1772 1797/2052/1990
f 1857/2053/1991 1865/1831/1771 1797/2052/1990
f 1856/2054/1992 1858/2059/1997 1857/2053/1991
f 1857/2053/1991 1858/2059/1997 1865/1831/1771
f 1856/2054/1992 1862/2055/1993 1863/2060/1998
f 1858/2059/1997 1856/2054/1992 1863/2060/1998
f 1862/2055/1993 1840/1759/1699 1863/2060/1998
f 1840/1759/1699 1727/1760/1700 1863/2060/1998
f 1858/2059/1997 1863/2060/1998 1734/2061/1999
f 1727/1760/1700 1734/2061/1999 1863/2060/1998
f 1734/2061/1999 1865/1831/1771 1858/2059/1997
f 1722/1808/1748 1865/1831/1771 1734/2061/1999
f 1724/1772/1712 1722/1808/1748 1734/2061/1999
f 1724/1772/1712 1734/2061/1999 1727/1760/1700
f 1726/1761/1701 1724/1772/1712 1727/1760/1700
f 2231/2062/1861 2233/2063/1858 2232/2064/2000
f 2233/2063/1858 2234/2065/2001 2232/2064/2000
f 2232/2064/2000 2234/2065/2001 2237/2066/2002
f 2233/2063/1858 2255/2067/1856 2256/2068/2003
f 2256/2068/2003 2234/2065/2001 2233/2063/1858
f 2255/2067/1856 2265/2069/1855 2256/2068/2003
f 2256/2068/2003 2257/2070/2004 2234/2065/2001
f 2265/2069/1855 2264/2071/2005 2256/2068/2003
f 2256/2068/2003 2264/2071/2005 2257/2070/2004
f 2265/2069/1855 2266/2072/2006 2264/2071/2005
f 2266/2072/2006 2263/2073/2007 2264/2071/2005
f 2266/2072/2006 2267/2074/1283 2263/2073/2007
f 2264/2071/2005 2263/2073/2007 2259/2075/2008
f 2258/2076/2009 2264/2071/2005 2259/2075/2008
f 2264/2071/2005 2258/2076/2009 2257/2070/2004
f 2257/2070/2004 2239/2077/2010 2234/2065/2001
f 2258/2076/2009 2246/2078/2011 2257/2070/2004
f 2239/2077/2010 2257/2070/2004 2246/2078/2011
f 2258/2076/2009 2245/2079/2012 2246/2078/2011
f 2259/2075/2008 2245/2079/2012 2258/2076/2009
f 2260/2080/2013 2250/2081/2014 2259/2075/2008
f 2250/2081/2014 2245/2079/2012 2259/2075/2008
f 2260/2080/2013 2259/2075/2008 2263/2073/2007
f 2262/2082/2015 2260/2080/2013 2263/2073/2007
f 2267/2074/1283 2262/2082/2015 2263/2073/2007
f 2262/2082/2015 2267/2074/1283 2291/2083/2016
f 2267/2074/1283 2292/2084/1839 2291/2083/2016
f 2292/2084/1839 2134/1870/1810 2291/2083/2016
f 2134/1870/1810 2277/1869/1809 2291/2083/2016
f 2291/2083/2016 2277/1869/1809 2271/1868/1808
f 2272/2085/2017 2291/2083/2016 2271/1868/1808
f 2262/2082/2015 2291/2083/2016 2272/2085/2017
f 2262/2082/2015 2272/2085/2017 2268/2086/2018
f 2272/2085/2017 2271/1868/1808 2268/2086/2018
f 2268/2086/2018 2261/2087/2019 2262/2082/2015
f 2262/2082/2015 2261/2087/2019 2260/2080/2013
f 2261/2087/2019 2252/2088/2020 2260/2080/2013
f 2252/2088/2020 2250/2081/2014 2260/2080/2013
f 2250/2081/2014 2252/2088/2020 2249/2089/2021
f 2250/2081/2014 2249/2089/2021 2247/2090/2022
f 2245/2079/2012 2250/2081/2014 2247/2090/2022
f 2245/2079/2012 2247/2090/2022 2246/2078/2011
f 2247/2090/2022 2248/2091/2023 2246/2078/2011
f 2239/2077/2010 2246/2078/2011 2248/2091/2023
f 2247/2090/2022 2243/2092/2024 2248/2091/2023
f 2247/2090/2022 2249/2089/2021 2243/2092/2024
f 2249/2089/2021 2236/2093/2025 2243/2092/2024
f 2252/2088/2020 2251/2094/2026 2249/2089/2021
f 2249/2089/2021 2251/2094/2026 2236/2093/2025
f 2252/2088/2020 2254/2095/2027 2253/2096/2028
f 2253/2096/2028 2251/2094/2026 2252/2088/2020
f 2252/2088/2020 2261/2087/2019 2254/2095/2027
f 2270/2097/2029 2261/2087/2019 2268/2086/2018
f 2270/2097/2029 2254/2095/2027 2261/2087/2019
f 2268/2086/2018 2269/2098/2030 2270/2097/2029
f 2268/2086/2018 2271/1868/1808 2269/2098/2030
f 2269/2098/2030 2271/1868/1808 2274/1866/1806
f 2270/2097/2029 2269/2098/2030 2274/1866/1806
f 2273/2099/2031 2270/2097/2029 2274/1866/1806
f 2273/2099/2031 2274/1866/1806 2276/1865/1805
f 2273/2099/2031 2286/2100/2032 2270/2097/2029
f 2254/2095/2027 2270/2097/2029 2286/2100/2032
f 2286/2100/2032 2287/2101/2033 2254/2095/2027
f 2287/2101/2033 2253/2096/2028 2254/2095/2027
f 2286/2100/2032 2295/2102/2034 2287/2101/2033
f 2295/2102/2034 2286/2100/2032 2273/2099/2031
f 2295/2102/2034 2273/2099/2031 2275/2103/2035
f 2275/2103/2035 2273/2099/2031 2276/1865/1805
f 2276/1865/1805 2282/1843/1783 2275/2103/2035
f 2282/1843/1783 2283/2104/2036 2275/2103/2035
f 2283/2104/2036 2282/1843/1783 2284/1820/1760
f 2283/2104/2036 2294/2105/2037 2275/2103/2035
f 2294/2105/2037 2295/2102/2034 2275/2103/2035
f 2287/2101/2033 2295/2102/2034 2294/2105/2037
f 2293/2106/2038 2287/2101/2033 2294/2105/2037
f 2293/2106/2038 2228/2107/2039 2287/2101/2033
f 2287/2101/2033 2228/2107/2039 2253/2096/2028
f 2253/2096/2028 2227/2108/2040 2251/2094/2026
f 2228/2107/2039 2227/2108/2040 2253/2096/2028
f 2251/2094/2026 2244/2109/2041 2236/2093/2025
f 2227/2108/2040 2244/2109/2041 2251/2094/2026
f 2236/2093/2025 2229/2110/2042 2243/2092/2024
f 2244/2109/2041 2235/2111/2043 2236/2093/2025
f 2236/2093/2025 2235/2111/2043 2229/2110/2042
f 2244/2109/2041 2217/2112/2044 2235/2111/2043
f 2244/2109/2041 2227/2108/2040 2217/2112/2044
f 2227/2108/2040 2214/2113/2045 2217/2112/2044
f 2228/2107/2039 2214/2113/2045 2227/2108/2040
f 2228/2107/2039 2197/2114/2046 2214/2113/2045
f 2198/2115/2047 2197/2114/2046 2228/2107/2039
f 2293/2106/2038 2198/2115/2047 2228/2107/2039
f 2294/2105/2037 2296/2116/2048 2293/2106/2038
f 2296/2116/2048 2198/2115/2047 2293/2106/2038
f 2294/2105/2037 2283/2104/2036 2296/2116/2048
f 2296/2116/2048 1998/2117/2049 2198/2115/2047
f 2296/2116/2048 2283/2104/2036 1998/2117/2049
f 1982/2118/2050 2283/2104/2036 2284/1820/1760
f 2283/2104/2036 1982/2118/2050 1998/2117/2049
f 2284/1820/1760 1980/1819/1759 1982/2118/2050
f 1998/2117/2049 1982/2118/2050 1853/2119/2051
f 1853/2119/2051 1982/2118/2050 1980/1819/1759
f 1848/1798/1738 1853/2119/2051 1980/1819/1759
f 1853/2119/2051 1848/1798/1738 1850/2120/2052
f 2000/2121/2053 1853/2119/2051 1850/2120/2052
f 2000/2121/2053 1998/2117/2049 1853/2119/2051
f 1998/2117/2049 2000/2121/2053 1999/2122/2054
f 1998/2117/2049 1999/2122/2054 2198/2115/2047
f 2198/2115/2047 2196/2123/2055 2197/2114/2046
f 2198/2115/2047 1999/2122/2054 2196/2123/2055
f 2196/2123/2055 2195/2124/2056 2197/2114/2046
f 2197/2114/2046 2195/2124/2056 2214/2113/2045
f 2196/2123/2055 2191/2125/2057 2195/2124/2056
f 1999/2122/2054 2003/2126/2058 2196/2123/2055
f 2191/2125/2057 2196/2123/2055 2003/2126/2058
f 1999/2122/2054 2001/2127/2059 2003/2126/2058
f 2000/2121/2053 2001/2127/2059 1999/2122/2054
f 2001/2127/2059 2000/2121/2053 1985/2128/2060
f 1985/2128/2060 2000/2121/2053 1850/2120/2052
f 1985/2128/2060 1850/2120/2052 1851/2129/2061
f 1848/1798/1738 1849/2130/2062 1850/2120/2052
f 1849/2130/2062 1851/2129/2061 1850/2120/2052
f 1848/1798/1738 1847/1797/1737 1849/2130/2062
f 1849/2130/2062 1852/2131/2063 1851/2129/2061
f 1847/1797/1737 1852/2131/2063 1849/2130/2062
f 1852/2131/2063 1847/1797/1737 1810/1786/1726
f 1952/2132/2064 1852/2131/2063 1810/1786/1726
f 1952/2132/2064 1956/2133/2065 1852/2131/2063
f 1956/2133/2065 1851/2129/2061 1852/2131/2063
f 1956/2133/2065 1985/2128/2060 1851/2129/2061
f 1984/2134/2066 1985/2128/2060 1956/2133/2065
f 1984/2134/2066 2001/2127/2059 1985/2128/2060
f 2002/2135/2067 2001/2127/2059 1984/2134/2066
f 2001/2127/2059 2002/2135/2067 2003/2126/2058
f 1903/2136/2068 2003/2126/2058 1902/2137/2069
f 2003/2126/2058 2002/2135/2067 1902/2137/2069
f 1903/2136/2068 2191/2125/2057 2003/2126/2058
f 2002/2135/2067 1984/2134/2066 1983/2138/2070
f 1902/2137/2069 2002/2135/2067 1983/2138/2070
f 1984/2134/2066 1958/2139/2071 1983/2138/2070
f 1958/2139/2071 1984/2134/2066 1956/2133/2065
f 1958/2139/2071 1956/2133/2065 1957/2140/2072
f 1952/2132/2064 1957/2140/2072 1956/2133/2065
f 1810/1786/1726 1900/2141/2073 1952/2132/2064
f 1952/2132/2064 1896/2142/2074 1957/2140/2072
f 1896/2142/2074 1952/2132/2064 1900/2141/2073
f 1897/1784/1724 1896/2142/2074 1900/2141/2073
f 1904/1785/1725 1897/1784/1724 1900/2141/2073
f 1900/2141/2073 1810/1786/1726 1904/1785/1725
f 1897/1784/1724 1893/1783/1723 1896/2142/2074
f 1894/2143/2075 1896/2142/2074 1893/1783/1723
f 1896/2142/2074 1894/2143/2075 1957/2140/2072
f 1957/2140/2072 1961/2144/2076 1958/2139/2071
f 1894/2143/2075 1961/2144/2076 1957/2140/2072
f 1958/2139/2071 1961/2144/2076 1960/2145/2077
f 1960/2145/2077 1983/2138/2070 1958/2139/2071
f 1901/2146/2078 1983/2138/2070 1960/2145/2077
f 1901/2146/2078 1902/2137/2069 1983/2138/2070
f 1898/2147/2079 1902/2137/2069 1901/2146/2078
f 1903/2136/2068 1902/2137/2069 1898/2147/2079
f 1899/2148/2080 1903/2136/2068 1898/2147/2079
f 1899/2148/2080 1898/2147/2079 1884/2149/2081
f 1884/2149/2081 1898/2147/2079 1883/2150/2082
f 1883/2150/2082 1898/2147/2079 1901/2146/2078
f 1883/2150/2082 1901/2146/2078 1877/2151/2083
f 1892/2152/2084 1901/2146/2078 1960/2145/2077
f 1901/2146/2078 1892/2152/2084 1877/2151/2083
f 1960/2145/2077 1961/2144/2076 1871/2153/2085
f 1960/2145/2077 1871/2153/2085 1892/2152/2084
f 1877/2151/2083 1892/2152/2084 1870/2154/2086
f 1871/2153/2085 1870/2154/2086 1892/2152/2084
f 1870/2154/2086 1871/2153/2085 1869/2155/2087
f 1871/2153/2085 1961/2144/2076 1869/2155/2087
f 1869/2155/2087 1961/2144/2076 1891/2156/2088
f 1894/2143/2075 1891/2156/2088 1961/2144/2076
f 1891/2156/2088 1894/2143/2075 1893/1783/1723
f 1888/2157/2089 1891/2156/2088 1893/1783/1723
f 1906/1782/1722 1888/2157/2089 1893/1783/1723
f 1891/2156/2088 1888/2157/2089 1889/2158/2090
f 1869/2155/2087 1891/2156/2088 1889/2158/2090
f 1869/2155/2087 1889/2158/2090 1789/2159/2091
f 1868/2160/2092 1869/2155/2087 1789/2159/2091
f 1868/2160/2092 1870/2154/2086 1869/2155/2087
f 1873/2161/2093 1870/2154/2086 1868/2160/2092
f 1873/2161/2093 1876/2162/2094 1870/2154/2086
f 1876/2162/2094 1877/2151/2083 1870/2154/2086
f 1876/2162/2094 1879/2163/2095 1877/2151/2083
f 1877/2151/2083 1882/2164/2096 1883/2150/2082
f 1879/2163/2095 1882/2164/2096 1877/2151/2083
f 1882/2164/2096 1884/2149/2081 1883/2150/2082
f 1886/2165/2097 1884/2149/2081 1882/2164/2096
f 1895/2166/2098 1884/2149/2081 1886/2165/2097
f 1895/2166/2098 1899/2148/2080 1884/2149/2081
f 1903/2136/2068 1899/2148/2080 1895/2166/2098
f 2190/2167/2099 1903/2136/2068 1895/2166/2098
f 1903/2136/2068 2190/2167/2099 2191/2125/2057
f 1895/2166/2098 1886/2165/2097 2183/2168/2100
f 2190/2167/2099 1895/2166/2098 2183/2168/2100
f 1886/2165/2097 1885/2169/2101 2183/2168/2100
f 1885/2169/2101 1886/2165/2097 1882/2164/2096
f 1879/2163/2095 1885/2169/2101 1882/2164/2096
f 1876/2162/2094 1878/2170/2102 1879/2163/2095
f 1879/2163/2095 1887/2171/2103 1885/2169/2101
f 1878/2170/2102 1887/2171/2103 1879/2163/2095
f 1885/2169/2101 2180/2172/2104 2183/2168/2100
f 1887/2171/2103 2182/2173/2105 1885/2169/2101
f 2182/2173/2105 2180/2172/2104 1885/2169/2101
f 1887/2171/2103 2187/2174/2106 2182/2173/2105
f 2180/2172/2104 2182/2173/2105 2177/2175/2107
f 2182/2173/2105 2187/2174/2106 2177/2175/2107
f 2180/2172/2104 2177/2175/2107 2178/2176/2108
f 2179/2177/2109 2180/2172/2104 2178/2176/2108
f 2179/2177/2109 2181/2178/2110 2180/2172/2104
f 2180/2172/2104 2181/2178/2110 2183/2168/2100
f 2181/2178/2110 2184/2179/2111 2183/2168/2100
f 2184/2179/2111 2190/2167/2099 2183/2168/2100
f 2181/2178/2110 2200/2180/2112 2184/2179/2111
f 2181/2178/2110 2179/2177/2109 2200/2180/2112
f 2200/2180/2112 2193/2181/2113 2184/2179/2111
f 2184/2179/2111 2193/2181/2113 2190/2167/2099
f 2190/2167/2099 2192/2182/2114 2191/2125/2057
f 2193/2181/2113 2192/2182/2114 2190/2167/2099
f 2192/2182/2114 2194/2183/2115 2191/2125/2057
f 2193/2181/2113 2194/2183/2115 2192/2182/2114
f 2194/2183/2115 2195/2124/2056 2191/2125/2057
f 2194/2183/2115 2199/2184/2116 2195/2124/2056
f 2214/2113/2045 2195/2124/2056 2199/2184/2116
f 2194/2183/2115 2209/2185/2117 2199/2184/2116
f 2193/2181/2113 2205/2186/2118 2194/2183/2115
f 2205/2186/2118 2209/2185/2117 2194/2183/2115
f 2193/2181/2113 2206/2187/2119 2205/2186/2118
f 2200/2180/2112 2206/2187/2119 2193/2181/2113
f 2206/2187/2119 2209/2185/2117 2205/2186/2118
f 2210/2188/2120 2209/2185/2117 2206/2187/2119
f 2210/2188/2120 2211/2189/2121 2209/2185/2117
f 2211/2189/2121 2199/2184/2116 2209/2185/2117
f 2211/2189/2121 2212/2190/2122 2199/2184/2116
f 2212/2190/2122 2214/2113/2045 2199/2184/2116
f 2211/2189/2121 2213/2191/2123 2212/2190/2122
f 2213/2191/2123 2214/2113/2045 2212/2190/2122
f 2214/2113/2045 2213/2191/2123 2217/2112/2044
f 2216/2192/2124 2213/2191/2123 2211/2189/2121
f 2216/2192/2124 2217/2112/2044 2213/2191/2123
f 2211/2189/2121 2210/2188/2120 2216/2192/2124
f 2215/2193/2125 2210/2188/2120 2206/2187/2119
f 2216/2192/2124 2210/2188/2120 2215/2193/2125
f 2206/2187/2119 2207/2194/2126 2215/2193/2125
f 2200/2180/2112 2201/2195/2127 2206/2187/2119
f 2201/2195/2127 2207/2194/2126 2206/2187/2119
f 2200/2180/2112 2179/2177/2109 2201/2195/2127
f 2178/2176/2108 2202/2196/2128 2179/2177/2109
f 2202/2196/2128 2201/2195/2127 2179/2177/2109
f 2202/2196/2128 2208/2197/2129 2201/2195/2127
f 2208/2197/2129 2207/2194/2126 2201/2195/2127
f 2208/2197/2129 2220/2198/2130 2207/2194/2126
f 2220/2198/2130 2215/2193/2125 2207/2194/2126
f 2220/2198/2130 2218/2199/2131 2215/2193/2125
f 2218/2199/2131 2216/2192/2124 2215/2193/2125
f 2218/2199/2131 2219/2200/2132 2216/2192/2124
f 2219/2200/2132 2217/2112/2044 2216/2192/2124
f 2235/2111/2043 2217/2112/2044 2219/2200/2132
f 2219/2200/2132 2229/2110/2042 2235/2111/2043
f 2219/2200/2132 2218/2199/2131 2226/2201/2133
f 2219/2200/2132 2226/2201/2133 2229/2110/2042
f 2218/2199/2131 2220/2198/2130 2223/2202/2134
f 2218/2199/2131 2223/2202/2134 2226/2201/2133
f 2220/2198/2130 2208/2197/2129 2221/2203/2135
f 2221/2203/2135 2223/2202/2134 2220/2198/2130
f 2208/2197/2129 2203/2204/2136 2221/2203/2135
f 2203/2204/2136 2208/2197/2129 2202/2196/2128
f 2203/2204/2136 2202/2196/2128 2178/2176/2108
f 2176/2205/2137 2203/2204/2136 2178/2176/2108
f 2176/2205/2137 2178/2176/2108 2177/2175/2107
f 2176/2205/2137 2204/2206/2138 2203/2204/2136
f 2203/2204/2136 2204/2206/2138 2222/2207/2139
f 2221/2203/2135 2203/2204/2136 2222/2207/2139
f 2222/2207/2139 2224/2208/2140 2221/2203/2135
f 2224/2208/2140 2223/2202/2134 2221/2203/2135
f 2224/2208/2140 2225/2209/2141 2223/2202/2134
f 2225/2209/2141 2226/2201/2133 2223/2202/2134
f 2230/2210/2142 2226/2201/2133 2225/2209/2141
f 2230/2210/2142 2229/2110/2042 2226/2201/2133
f 2243/2092/2024 2229/2110/2042 2230/2210/2142
f 2242/2211/2143 2243/2092/2024 2230/2210/2142
f 2242/2211/2143 2248/2091/2023 2243/2092/2024
f 2230/2210/2142 2240/2212/2144 2242/2211/2143
f 2240/2212/2144 2230/2210/2142 2225/2209/2141
f 2240/2212/2144 2241/2213/2145 2242/2211/2143
f 2248/2091/2023 2242/2211/2143 2241/2213/2145
f 2238/2214/2146 2248/2091/2023 2241/2213/2145
f 2238/2214/2146 2239/2077/2010 2248/2091/2023
f 2237/2066/2002 2239/2077/2010 2238/2214/2146
f 2234/2065/2001 2239/2077/2010 2237/2066/2002
f 2189/2215/2147 2204/2206/2138 2176/2205/2137
f 2176/2205/2137 2177/2175/2107 2189/2215/2147
f 2177/2175/2107 2185/2216/2148 2189/2215/2147
f 2187/2174/2106 2185/2216/2148 2177/2175/2107
f 2185/2216/2148 2187/2174/2106 2186/2217/2149
f 2187/2174/2106 2188/2218/2150 2186/2217/2149
f 1991/2219/2151 2188/2218/2150 2187/2174/2106
f 1987/2220/2152 1991/2219/2151 2187/2174/2106
f 1887/2171/2103 1987/2220/2152 2187/2174/2106
f 1987/2220/2152 1990/2221/1918 1991/2219/2151
f 1880/2222/2153 1990/2221/1918 1987/2220/2152
f 1993/2223/2154 1990/2221/1918 1880/2222/2153
f 1987/2220/2152 1878/2170/2102 1880/2222/2153
f 1887/2171/2103 1878/2170/2102 1987/2220/2152
f 1878/2170/2102 1875/2224/2155 1880/2222/2153
f 1875/2224/2155 1878/2170/2102 1876/2162/2094
f 1875/2224/2155 1876/2162/2094 1873/2161/2093
f 1874/2225/2156 1875/2224/2155 1873/2161/2093
f 1874/2225/2156 1881/2226/2157 1875/2224/2155
f 1875/2224/2155 1881/2226/2157 1880/2222/2153
f 1881/2226/2157 1993/2223/2154 1880/2222/2153
f 1986/2227/2158 1993/2223/2154 1881/2226/2157
f 1866/2228/2159 1986/2227/2158 1881/2226/2157
f 1801/2229/2160 1986/2227/2158 1866/2228/2159
f 1881/2226/2157 1867/2230/2161 1866/2228/2159
f 1874/2225/2156 1867/2230/2161 1881/2226/2157
f 1867/2230/2161 1874/2225/2156 1872/2231/2162
f 1874/2225/2156 1873/2161/2093 1872/2231/2162
f 1872/2231/2162 1873/2161/2093 1868/2160/2092
f 1872/2231/2162 1868/2160/2092 1790/2232/2163
f 1872/2231/2162 1790/2232/2163 1867/2230/2161
f 1868/2160/2092 1789/2159/2091 1790/2232/2163
f 1790/2232/2163 1799/2233/2164 1867/2230/2161
f 1866/2228/2159 1867/2230/2161 1799/2233/2164
f 1799/2233/2164 1801/2229/2160 1866/2228/2159
f 1799/2233/2164 1800/2234/2165 1801/2229/2160
f 1800/2234/2165 1802/2235/1939 1801/2229/2160
f 1802/2235/1939 1800/2234/2165 1756/1709/1651
f 1756/1709/1651 1758/2236/2166 1757/1710/1652
f 1800/2234/2165 1758/2236/2166 1756/1709/1651
f 1757/1710/1652 1758/2236/2166 1761/1711/1653
f 1758/2236/2166 1762/2237/2167 1761/1711/1653
f 1758/2236/2166 1800/2234/2165 1762/2237/2167
f 1798/2238/2168 1800/2234/2165 1799/2233/2164
f 1800/2234/2165 1798/2238/2168 1762/2237/2167
f 1799/2233/2164 1790/2232/2163 1798/2238/2168
f 1789/2159/2091 1791/2239/2169 1790/2232/2163
f 1791/2239/2169 1798/2238/2168 1790/2232/2163
f 1798/2238/2168 1791/2239/2169 1764/2240/2170
f 1762/2237/2167 1798/2238/2168 1764/2240/2170
f 1762/2237/2167 1764/2240/2170 1763/1712/1654
f 1761/1711/1653 1762/2237/2167 1763/1712/1654
f 1764/2240/2170 1769/1781/1721 1763/1712/1654
f 1769/1781/1721 1764/2240/2170 1905/2241/2171
f 1764/2240/2170 1791/2239/2169 1905/2241/2171
f 1905/2241/2171 1906/1782/1722 1769/1781/1721
f 1888/2157/2089 1906/1782/1722 1905/2241/2171
f 1890/2242/2172 1888/2157/2089 1905/2241/2171
f 1890/2242/2172 1905/2241/2171 1791/2239/2169
f 1791/2239/2169 1789/2159/2091 1890/2242/2172
f 1889/2158/2090 1890/2242/2172 1789/2159/2091
f 1888/2157/2089 1890/2242/2172 1889/2158/2090
f 1693/2243/2173 1695/2244/2174 1694/2245/2175
f 1704/2246/1657 1693/2243/2173 1694/2245/2175
f 1695/2244/2174 1696/2247/2176 1694/2245/2175
f 1696/2247/2176 1697/2248/2177 1694/2245/2175
f 1697/2248/2177 1698/2249/1677 1694/2245/2175
f 1698/2249/1677 1699/2250/1679 1694/2245/2175
f 1699/2250/1679 1700/2251/2178 1694/2245/2175
f 1700/2251/2178 1701/2252/2179 1694/2245/2175
f 1701/2252/2179 1702/2253/1685 1694/2245/2175
f 1702/2253/1685 1703/2254/1686 1694/2245/2175
f 1703/2254/1686 1705/2255/1688 1694/2245/2175
f 1705/2255/1688 1706/2256/2180 1694/2245/2175
f 1706/2256/2180 1707/2257/1963 1694/2245/2175
f 1707/2257/1963 1708/2258/1637 1694/2245/2175
f 1708/2258/1637 1709/2259/2181 1694/2245/2175
f 1709/2259/2181 1710/2260/2182 1694/2245/2175
f 1710/2260/2182 1711/2261/2183 1694/2245/2175
f 1711/2261/2183 1712/2262/2184 1694/2245/2175
f 1712/2262/2184 1713/2263/1647 1694/2245/2175
f 1713/2263/1647 1704/2246/1657 1694/2245/2175
f 2004/2264/1863 2006/2265/1862 2005/2266/2185
f 2032/2267/1861 2005/2266/2185 2006/2265/1862
f 2032/2267/1861 2163/2268/2186 2005/2266/2185
f 2162/2269/2002 2005/2266/2185 2163/2268/2186
f 2005/2266/2185 2162/2269/2002 2164/2270/2187
f 2168/2271/2188 2164/2270/2187 2162/2269/2002
f 2167/2272/2189 2164/2270/2187 2168/2271/2188
f 2164/2270/2187 2167/2272/2189 2165/2273/2190
f 2165/2273/2190 2166/2274/2191 2164/2270/2187
f 2165/2273/2190 2175/2275/2192 2166/2274/2191
f 2175/2275/2192 2171/2276/2193 2166/2274/2191
f 2170/2277/2139 2166/2274/2191 2171/2276/2193
f 2166/2274/2191 2170/2277/2139 2169/2278/2194
f 2166/2274/2191 2169/2278/2194 2017/2279/2195
f 2017/2279/2195 2164/2270/2187 2166/2274/2191
f 2005/2266/2185 2164/2270/2187 2017/2279/2195
f 2005/2266/2185 2017/2279/2195 2007/2280/2196
f 2005/2266/2185 2007/2280/2196 2004/2264/1863
f 2020/2281/2197 2004/2264/1863 2007/2280/2196
f 2016/2282/2198 2020/2281/2197 2007/2280/2196
f 2007/2280/2196 2012/2283/1872 2016/2282/2198
f 2012/2283/1872 2007/2280/2196 2013/2284/2199
f 2017/2279/2195 2013/2284/2199 2007/2280/2196
f 2012/2283/1872 2013/2284/2199 2030/2285/2200
f 2030/2285/2200 2013/2284/2199 2031/2286/2201
f 2021/2287/1878 2031/2286/2201 2013/2284/2199
f 2013/2284/2199 2022/2288/2202 2021/2287/1878
f 2013/2284/2199 2017/2279/2195 2022/2288/2202
f 2017/2279/2195 2026/2289/2203 2022/2288/2202
f 2017/2279/2195 2169/2278/2194 2026/2289/2203
f 2173/2290/2204 2026/2289/2203 2169/2278/2194
f 2173/2290/2204 2169/2278/2194 2174/2291/2138
f 2174/2291/2138 2169/2278/2194 2170/2277/2139
f 2173/2290/2204 2172/2292/2205 2026/2289/2203
f 2172/2292/2205 2033/2293/2206 2026/2289/2203
f 2028/2294/2207 2026/2289/2203 2033/2293/2206
f 2026/2289/2203 2028/2294/2207 2027/2295/2208
f 2027/2295/2208 2022/2288/2202 2026/2289/2203
f 2027/2295/2208 2029/2296/2209 2022/2288/2202
f 2029/2296/2209 2021/2287/1878 2022/2288/2202
