# Blender 5.2.1 LTS
# www.blender.org
mtllib Effect.mtl
o Effect
v 26.839981 -12.472960 7.485665
v 26.014050 -13.099634 6.746208
v 26.002243 -12.974005 6.683850
v 25.954445 -13.216038 6.788628
v 26.689323 -13.235817 7.815918
v 26.937195 -12.876205 7.683445
v 26.002243 -12.974005 6.683850
v 26.014050 -13.099634 6.746208
v 25.732113 -12.639349 6.465732
v 26.234734 -11.908863 7.089178
v 25.888206 -12.792902 6.572816
v 26.689323 -13.235817 7.815918
v 25.885612 -13.676611 7.854467
v 25.773849 -13.371937 6.823490
v 25.563301 -13.494118 6.835773
v 25.888206 -12.792902 6.572816
v 25.732113 -12.639349 6.465732
v 25.954445 -13.216038 6.788628
v 24.809608 -11.772630 6.675621
v 25.070347 -12.551567 6.279801
v 24.889431 -13.467613 6.676373
v 24.448994 -13.598587 7.466109
v 25.070347 -12.551567 6.279801
v 24.202454 -12.411886 6.024270
v 23.996124 -13.456600 6.476546
v 24.202454 -12.411886 6.024270
v 23.468597 -11.424410 6.156509
v 23.009350 -13.749749 7.163188
v 23.475185 -12.234385 5.781371
v 23.224083 -13.505814 6.331795
v 23.475185 -12.234385 5.781371
v 23.195930 -12.148181 5.679518
v 22.930241 -12.010174 5.555961
v 22.610157 -13.630865 6.257586
v 22.920628 -13.542156 6.282994
v 22.930241 -12.010174 5.555961
v 23.195930 -12.148181 5.679518
v 21.744881 -11.067577 4.849140
v 21.146702 -10.826352 4.604030
v 22.084953 -9.527736 5.063468
v 20.950462 -15.272147 7.550324
v 20.426075 -14.475199 6.183681
v 21.097466 -14.345724 6.268305
v 21.146702 -10.826352 4.604030
v 21.744881 -11.067577 4.849140
v 22.293755 -11.457245 5.154154
v 21.780056 -14.058314 6.280205
v 22.293755 -11.457245 5.154154
v 20.920208 -8.499210 4.278115
v 19.419048 -16.100218 7.568726
v 20.294319 -10.675534 4.346581
v 19.282883 -10.554717 4.068759
v 18.518692 -14.424152 5.743908
v 19.543434 -14.477570 5.992546
v 19.282883 -10.554717 4.068759
v 20.294319 -10.675534 4.346581
v 20.703423 -8.486099 3.393659
v 19.088509 -16.663074 6.933618
v 20.703423 -8.486099 3.393659
v 22.477108 -6.011526 2.602279
v 24.765385 -3.004636 1.669630
v 24.701382 -3.477075 2.753665
v 21.129692 -21.562012 10.582948
v 20.886322 -22.645927 10.172688
v 19.842052 -19.353882 8.378410
v 24.765385 -3.004636 1.669630
v 22.477108 -6.011526 2.602279
v 24.929871 -2.888013 2.500096
v 21.118580 -22.186165 10.854603
v 25.760971 -1.924645 1.372491
v 21.429321 -23.857569 10.867634
v 25.760971 -1.924645 1.372491
v 29.087307 0.341055 1.891848
v 27.498173 -0.541723 1.965842
v 27.830450 -0.329020 1.063862
v 22.810242 -25.748421 12.068366
v 22.693363 -24.870459 12.498172
v 23.886787 -25.991323 13.291594
v 27.830450 -0.329020 1.063862
v 26.300255 -1.442040 2.125731
v 26.705246 -1.070803 1.171803
v 22.010555 -24.841936 11.462742
v 21.883896 -23.803883 11.806564
v 26.705246 -1.070803 1.171803
v 30.360474 0.825424 1.942471
v 30.271349 0.770611 1.072195
v 31.554419 1.165535 1.163728
v 25.829914 -27.819992 13.712070
v 24.742882 -27.222277 13.190811
v 24.930031 -26.671150 13.846221
v 31.554419 1.165535 1.163728
v 30.271349 0.770611 1.072195
v 28.857405 0.218658 1.026896
v 23.590328 -26.450722 12.572539
v 28.857405 0.218658 1.026896
v 31.774305 1.263493 2.045778
v 26.127247 -27.329884 14.424349
v 32.445679 1.349726 2.143324
v 32.531548 1.393475 1.268087
v 26.686031 -28.204796 14.081698
v 26.741741 -27.531639 14.646577
v 32.531548 1.393475 1.268087
v 33.761223 1.568645 1.452573
v 27.806793 -28.581076 14.504919
v 33.761223 1.568645 1.452573
v 27.599216 -4.918246 4.070797
v 27.922005 -3.548763 3.493152
v 28.903086 -4.910172 3.477855
v 29.133213 -3.964073 3.077697
v 25.481651 -22.453417 11.082056
v 24.271660 -22.031979 11.494856
v 25.626667 -21.500031 10.659891
v 24.491005 -20.656399 10.884115
v 29.133213 -3.964073 3.077697
v 28.903086 -4.910172 3.477855
v 29.415314 -3.243620 2.796253
v 28.379349 -2.501971 3.090737
v 24.306671 -23.123646 12.018221
v 25.474533 -23.197401 11.434593
v 29.415314 -3.243620 2.796253
v 28.941496 -1.505026 2.742527
v 29.894131 -2.353066 2.476705
v 25.591522 -24.138931 11.908188
v 24.463421 -24.179359 12.558642
v 29.894131 -2.353066 2.476705
v 29.718729 -0.548284 2.460312
v 30.480860 -1.506018 2.201369
v 25.829739 -25.056568 12.396816
v 24.843731 -25.232401 13.146499
v 30.480860 -1.506018 2.201369
v 30.700905 0.223057 2.303317
v 31.098438 -0.789345 1.994802
v 26.148415 -25.853352 12.845449
v 25.493122 -26.146091 13.718983
v 31.098438 -0.789345 1.994802
v 31.928965 0.992043 2.201005
v 32.239143 0.334316 1.708488
v 26.814747 -27.131626 13.598973
v 26.381138 -27.098888 14.362061
v 32.239143 0.334316 1.708488
v 32.832188 0.825663 1.603819
v 27.196625 -27.709505 13.957191
v 32.832188 0.825663 1.603819
v 31.511915 -6.700988 5.756242
v 30.012032 -6.409642 5.302352
v 31.055614 -5.944879 4.439185
v 28.108957 -20.865025 10.898376
v 27.402397 -19.623316 11.022785
v 28.963995 -19.602167 11.341387
v 31.055614 -5.944879 4.439185
v 28.572975 -5.752389 4.679907
v 29.382473 -5.247159 3.742661
v 30.106787 -5.608225 4.072276
v 27.061501 -21.027752 10.747663
v 26.221016 -21.254921 10.672697
v 25.756405 -20.013851 10.853945
v 30.106787 -5.608225 4.072276
v 29.382473 -5.247159 3.742661
v 42.296600 -8.158621 8.810672
v 37.204033 -7.589285 7.438061
v 40.600243 -7.341031 7.182743
v 37.879265 -21.118423 13.147221
v 34.814644 -19.687777 12.675709
v 39.958023 -19.999763 13.936907
v 40.600243 -7.341031 7.182743
v 42.484715 -7.390120 7.616599
v 39.720181 -21.388096 13.676564
v 42.484715 -7.390120 7.616599
v 32.019341 -6.189342 4.765458
v 29.136211 -20.787807 11.085388
v 32.019341 -6.189342 4.765458
v 37.613457 -7.007580 6.373442
v 34.861626 -20.941225 12.405558
v 37.613457 -7.007580 6.373442
v 43.936829 -7.618703 8.888014
v 43.452785 -7.292255 7.780890
v 40.617462 -21.648687 13.996043
v 41.330215 -20.817055 14.601811
v 43.452785 -7.292255 7.780890
v 44.544834 -7.055453 7.906071
v 41.581841 -22.058325 14.401073
v 44.544834 -7.055453 7.906071
v 71.953033 -11.752790 16.111952
v 73.880188 -11.855376 16.580564
v 73.800087 -12.305634 17.639042
v 72.024231 -21.297554 21.531803
v 71.806641 -22.354626 21.125872
v 69.903687 -22.129490 20.604210
v 73.880188 -11.855376 16.580564
v 71.953033 -11.752790 16.111952
v 59.462906 -10.522076 12.805527
v 59.217880 -10.850830 13.739614
v 48.059032 -9.387423 9.781426
v 46.446251 -9.552780 10.347475
v 44.506420 -19.374958 14.599665
v 57.357315 -20.271664 17.818052
v 45.885040 -20.395245 14.546905
v 57.350632 -21.217403 17.435717
v 48.059032 -9.387423 9.781426
v 59.462906 -10.522076 12.805527
v 46.874065 -9.167646 9.418707
v 44.654083 -20.408306 14.284987
v 46.874065 -9.167646 9.418707
v 42.755299 -14.215927 11.804970
v 58.111835 -15.529895 15.775407
v 57.357315 -20.271664 17.818052
v 44.506420 -19.374958 14.599665
v 44.741718 -8.882257 9.695348
v 46.022682 -8.792598 9.054756
v 43.685326 -20.627613 14.178342
v 42.604027 -19.706257 14.381243
v 46.022682 -8.792598 9.054756
v 45.243237 -8.171352 8.589296
v 42.690475 -21.097044 14.185057
v 45.243237 -8.171352 8.589296
v 85.518265 -12.259245 19.307869
v 84.929237 -11.337395 19.606283
v 86.100060 -11.470963 19.059427
v 83.471054 -24.782681 24.822304
v 82.407936 -24.103775 25.133070
v 83.214790 -23.922691 24.357182
v 86.100060 -11.470963 19.059427
v 85.518265 -12.259245 19.307869
v 84.693733 -12.229064 19.990850
v 82.528214 -23.193995 24.737759
v 85.432297 -12.526049 19.416124
v 83.235313 -23.650290 24.232006
v 85.432297 -12.526049 19.416124
v 85.449966 -12.773680 19.537832
v 83.348572 -23.413857 24.144150
v 85.449966 -12.773680 19.537832
v 84.998337 -13.339952 20.566761
v 83.251518 -22.184811 24.395855
v 86.501289 -12.894791 19.824482
v 84.412010 -23.473694 24.404274
v 86.501289 -12.894791 19.824482
v 87.341873 -12.919980 20.019566
v 87.254303 -13.352650 21.071882
v 85.438507 -22.546772 25.052177
v 85.234421 -23.590799 24.639153
v 87.341873 -12.919980 20.019566
v 88.345238 -12.967226 21.114586
v 87.830917 -12.837209 20.086702
v 85.675079 -23.753120 24.812397
v 86.341873 -23.111088 25.506046
v 87.830917 -12.837209 20.086702
v 90.213493 -11.729464 20.078478
v 90.834488 -11.720293 20.209381
v 90.534332 -11.811497 21.068180
v 88.013031 -24.577873 26.594967
v 88.144989 -25.338375 26.104885
v 87.548187 -25.224998 25.920929
v 90.834488 -11.720293 20.209381
v 90.213493 -11.729464 20.078478
v 91.296463 -11.825245 20.359961
v 91.059143 -11.886822 21.203035
v 88.547523 -24.604177 26.708603
v 88.632378 -25.314650 26.199760
v 91.296463 -11.825245 20.359961
v 91.840195 -12.055582 20.588026
v 89.247498 -25.183472 26.271324
v 91.840195 -12.055582 20.588026
v 92.184235 -12.268828 20.764462
v 89.662933 -25.035210 26.291248
v 92.184235 -12.268828 20.764462
v 89.637939 -12.068423 20.968399
v 89.644096 -11.898827 20.035048
v 87.063499 -24.965448 25.691822
v 87.242493 -24.197556 26.219311
v 89.644096 -11.898827 20.035048
v 88.257996 -12.680593 20.105192
v 86.027130 -23.976402 24.995346
v 88.257996 -12.680593 20.105192
v 109.869980 -19.445873 28.909662
v 107.514069 -17.877977 27.646442
v 108.985138 -17.899790 27.104137
v 108.092667 -22.418724 29.060461
v 106.783752 -21.575848 29.247313
v 109.670914 -20.453823 29.346024
v 108.985138 -17.899790 27.104137
v 104.187714 -16.090336 26.074890
v 106.284538 -16.403841 25.803898
v 104.900764 -23.410488 28.837196
v 102.874130 -22.741600 28.954338
v 106.284538 -16.403841 25.803898
v 99.691872 -13.994536 24.082787
v 100.131752 -13.391249 23.029850
v 103.194489 -14.840295 24.386650
v 101.306091 -24.402058 28.526108
v 97.782303 -25.287542 28.179958
v 97.711502 -24.021975 28.423843
v 103.194489 -14.840295 24.386650
v 100.131752 -13.391249 23.029850
v 111.461380 -19.554129 28.430887
v 111.955978 -19.982763 28.742626
v 111.773849 -20.904932 29.141853
v 111.129196 -21.236092 29.159042
v 111.955978 -19.982763 28.742626
v 111.461380 -19.554129 28.430887
v 112.144714 -20.257496 28.914494
v 109.670914 -20.453823 29.346024
v 112.063019 -20.671089 29.093550
v 111.773849 -20.904932 29.141853
v 112.144714 -20.257496 28.914494
v 110.607254 -18.923374 27.944637
v 110.058449 -21.702135 29.147610
v 110.607254 -18.923374 27.944637
v 112.172333 -20.471704 29.022465
v 110.280807 -19.995071 29.260536
v 112.172333 -20.471704 29.022465
v 96.968491 -14.104574 23.549593
v 93.345772 -13.990875 22.706350
v 95.140442 -13.515607 22.001791
v 93.005180 -24.327353 26.682386
v 91.575958 -22.952156 26.585842
v 95.122444 -23.451881 27.596203
v 95.140442 -13.515607 22.001791
v 97.454926 -13.511139 22.503819
v 95.240997 -24.721165 27.356838
v 97.454926 -13.511139 22.503819
v 93.217026 -13.444491 21.548979
v 91.118065 -24.072418 26.149990
v 93.217026 -13.444491 21.548979
v 90.918716 -13.543959 21.945824
v 91.532944 -13.291048 21.109106
v 89.430336 -23.937355 25.718071
v 89.053307 -22.989300 26.034870
v 91.532944 -13.291048 21.109106
v 91.806465 -12.647747 20.862511
v 89.444901 -24.605312 26.039150
v 91.806465 -12.647747 20.862511
v 91.626900 -12.950155 20.967329
v 90.834480 -12.348108 21.388954
v 88.511642 -24.109598 26.480711
v 89.388763 -24.282726 25.873394
v 91.626900 -12.950155 20.967329
v 98.370743 -18.974621 26.184364
v 97.711502 -24.021975 28.423843
v 95.122444 -23.451881 27.596203
v 88.409126 -18.122261 23.608789
v 91.575958 -22.952156 26.585842
v 89.053307 -22.989300 26.034870
v 80.263245 -13.002691 19.393969
v 80.236328 -12.405466 18.226913
v 81.020058 -12.432020 18.410267
v 78.933189 -22.998674 22.984755
v 78.165207 -22.892462 22.766920
v 78.544876 -21.703560 23.160728
v 81.020058 -12.432020 18.410267
v 80.236328 -12.405466 18.226913
v 81.714485 -12.354364 18.524574
v 81.811378 -12.707973 19.583271
v 79.926605 -22.251358 23.714767
v 79.574379 -23.190617 23.215778
v 81.714485 -12.354364 18.524574
v 83.907776 -11.429810 18.562302
v 84.472191 -11.235103 18.592581
v 84.232178 -11.466331 19.485172
v 81.779861 -23.883450 24.860764
v 81.805679 -24.736759 24.437687
v 81.335648 -24.453533 24.200497
v 84.472191 -11.235103 18.592581
v 83.907776 -11.429810 18.562302
v 84.953979 -11.189087 18.675627
v 85.455940 -11.260082 18.818760
v 82.766441 -24.878159 24.714258
v 82.253571 -24.862320 24.595005
v 85.455940 -11.260082 18.818760
v 84.953979 -11.189087 18.675627
v 83.011230 -12.098574 19.550764
v 82.400146 -12.135754 18.569883
v 80.152344 -23.517349 23.497177
v 80.849350 -23.045124 24.289719
v 82.400146 -12.135754 18.569883
v 79.658218 -12.315496 18.058167
v 79.187881 -12.774242 19.031851
v 77.414452 -21.753904 22.919304
v 77.571350 -22.882147 22.632654
v 79.658218 -12.315496 18.058167
v 79.323456 -11.064369 18.243759
v 79.889862 -11.547110 17.742918
v 79.725098 -11.875709 17.863420
v 77.465187 -23.318571 22.817240
v 77.496841 -23.663982 22.988531
v 76.880814 -23.432470 23.598125
v 79.725098 -11.875709 17.863420
v 79.889862 -11.547110 17.742918
v 79.009064 -11.801854 18.549252
v 76.866531 -22.650364 23.245754
v 80.342628 -10.990793 17.576773
v 77.718460 -24.278000 23.329041
v 80.342628 -10.990793 17.576773
v 78.218262 -11.002056 17.996338
v 78.072830 -10.886932 17.032919
v 78.671341 -10.738754 17.092768
v 78.671341 -10.738754 17.092768
v 78.072830 -10.886932 17.032919
v 79.213768 -10.722859 17.203354
v 75.791359 -23.290503 23.316219
v 76.523056 -24.347061 23.101513
v 76.004837 -24.240417 22.937872
v 79.213768 -10.722859 17.203354
v 79.803772 -10.820071 17.378141
v 77.131203 -24.352367 23.236511
v 79.803772 -10.820071 17.378141
v 76.635208 -11.531205 17.891863
v 76.741180 -11.392963 16.983690
v 74.392952 -23.283131 22.131151
v 74.464859 -22.520647 22.649382
v 75.483772 -23.996441 22.708252
v 76.741180 -11.392963 16.983690
v 75.392517 -11.732422 16.851473
v 75.286583 -12.082151 17.852646
v 73.373978 -21.766460 22.045156
v 73.220947 -22.727991 21.611645
v 75.392517 -11.732422 16.851473
v 59.217880 -10.850830 13.739614
v 59.462906 -10.522076 12.805527
v 57.350632 -21.217403 17.435717
v 57.357315 -20.271664 17.818052
v 27.402397 -19.623316 11.022785
v 34.814644 -19.687777 12.675709
v 28.963995 -19.602167 11.341387
v 39.958023 -19.999763 13.936907
v 42.604027 -19.706257 14.381243
v 58.111835 -15.529895 15.775407
v 75.645325 -17.030138 20.308701
v 72.024231 -21.297554 21.531803
v 72.024231 -21.297554 21.531803
v 73.373978 -21.766460 22.045156
v 78.544876 -21.703560 23.160728
v 77.414452 -21.753904 22.919304
v 79.926605 -22.251358 23.714767
v 85.438507 -22.546772 25.052177
v 83.251518 -22.184811 24.395855
v 86.341873 -23.111088 25.506046
v 106.783752 -21.575848 29.247313
v 102.874130 -22.741600 28.954338
v 25.954445 -13.216038 6.788628
v 25.563301 -13.494118 6.835773
v 25.773849 -13.371937 6.823490
v 24.889431 -13.467613 6.676373
v 23.996124 -13.456600 6.476546
v 23.224083 -13.505814 6.331795
v 22.920628 -13.542156 6.282994
v 22.610157 -13.630865 6.257586
v 21.097466 -14.345724 6.268305
v 20.426075 -14.475199 6.183681
v 21.780056 -14.058314 6.280205
v 19.543434 -14.477570 5.992546
v 18.518692 -14.424152 5.743908
v 19.088509 -16.663074 6.933618
v 19.842052 -19.353882 8.378410
v 20.886322 -22.645927 10.172688
v 21.429321 -23.857569 10.867634
v 22.810242 -25.748421 12.068366
v 22.010555 -24.841936 11.462742
v 24.742882 -27.222277 13.190811
v 25.829914 -27.819992 13.712070
v 23.590328 -26.450722 12.572539
v 26.686031 -28.204796 14.081698
v 27.806793 -28.581076 14.504919
v 25.626667 -21.500031 10.659891
v 25.481651 -22.453417 11.082056
v 25.474533 -23.197401 11.434593
v 25.591522 -24.138931 11.908188
v 25.829739 -25.056568 12.396816
v 26.148415 -25.853352 12.845449
v 26.814747 -27.131626 13.598973
v 27.196625 -27.709505 13.957191
v 28.108957 -20.865025 10.898376
v 26.221016 -21.254921 10.672697
v 27.061501 -21.027752 10.747663
v 37.879265 -21.118423 13.147221
v 39.720181 -21.388096 13.676564
v 29.136211 -20.787807 11.085388
v 34.861626 -20.941225 12.405558
v 40.617462 -21.648687 13.996043
v 41.581841 -22.058325 14.401073
v 69.903687 -22.129490 20.604210
v 71.806641 -22.354626 21.125872
v 57.350632 -21.217403 17.435717
v 45.885040 -20.395245 14.546905
v 44.654083 -20.408306 14.284987
v 43.685326 -20.627613 14.178342
v 42.690475 -21.097044 14.185057
v 83.214790 -23.922691 24.357182
v 83.471054 -24.782681 24.822304
v 83.235313 -23.650290 24.232006
v 83.348572 -23.413857 24.144150
v 84.412010 -23.473694 24.404274
v 85.234421 -23.590799 24.639153
v 85.675079 -23.753120 24.812397
v 87.548187 -25.224998 25.920929
v 88.144989 -25.338375 26.104885
v 88.632378 -25.314650 26.199760
v 89.247498 -25.183472 26.271324
v 89.662933 -25.035210 26.291248
v 87.063499 -24.965448 25.691822
v 86.027130 -23.976402 24.995346
v 108.092667 -22.418724 29.060461
v 104.900764 -23.410488 28.837196
v 97.782303 -25.287542 28.179958
v 101.306091 -24.402058 28.526108
v 111.129196 -21.236092 29.159042
v 111.773849 -20.904932 29.141853
v 112.063019 -20.671089 29.093550
v 110.058449 -21.702135 29.147610
v 93.005180 -24.327353 26.682386
v 95.240997 -24.721165 27.356838
v 91.118065 -24.072418 26.149990
v 89.430336 -23.937355 25.718071
v 89.444901 -24.605312 26.039150
v 89.388763 -24.282726 25.873394
v 78.165207 -22.892462 22.766920
v 78.933189 -22.998674 22.984755
v 79.574379 -23.190617 23.215778
v 81.335648 -24.453533 24.200497
v 81.805679 -24.736759 24.437687
v 82.253571 -24.862320 24.595005
v 82.766441 -24.878159 24.714258
v 80.152344 -23.517349 23.497177
v 77.571350 -22.882147 22.632654
v 77.496841 -23.663982 22.988531
v 77.465187 -23.318571 22.817240
v 77.718460 -24.278000 23.329041
v 75.483772 -23.996441 22.708252
v 76.004837 -24.240417 22.937872
v 76.523056 -24.347061 23.101513
v 77.131203 -24.352367 23.236511
v 74.392952 -23.283131 22.131151
v 73.220947 -22.727991 21.611645
v 112.158447 -20.473263 29.012527
v 112.131058 -20.260923 28.905502
v 112.050079 -20.670910 29.082991
v 111.940399 -19.983799 28.732075
v 112.127487 -20.256132 28.902445
v 111.758102 -20.906712 29.131620
v 112.044754 -20.674915 29.083736
v 111.450119 -19.558895 28.423052
v 111.119087 -21.234982 29.148663
v 110.603432 -18.933651 27.941044
v 110.057678 -21.696960 29.137329
v 108.995483 -17.919003 27.107880
v 108.974907 -17.905304 27.096880
v 108.109055 -22.407297 29.050938
v 108.083847 -22.417074 29.050106
v 106.297882 -16.422417 25.807991
v 104.919815 -23.400183 28.828785
v 106.268860 -16.406820 25.794243
v 104.885689 -23.410370 28.826202
v 103.166122 -14.838521 24.371971
v 103.205780 -14.856921 24.389370
v 101.322403 -24.393282 28.517828
v 100.130470 -13.402291 23.027174
v 101.276917 -24.404404 28.513210
v 97.784286 -25.282063 28.170135
v 90.839096 -11.727481 20.206154
v 90.834503 -11.726809 20.204830
v 91.296982 -11.831507 20.355398
v 91.835907 -12.059806 20.581451
v 91.802483 -12.646736 20.853510
v 92.176903 -12.271170 20.756323
v 91.800636 -12.650860 20.855074
v 97.477310 -13.521116 22.505791
v 91.530029 -13.299043 21.104622
v 93.198936 -13.451111 21.540531
v 91.622635 -12.950644 20.958969
v 91.529488 -13.288572 21.099518
v 97.453270 -13.522042 22.500999
v 95.159073 -13.526481 22.003370
v 95.127266 -13.525509 21.995979
v 93.220779 -13.455027 21.547150
v 95.242569 -24.715740 27.346943
v 95.265457 -24.720686 27.354290
v 93.026352 -24.325386 26.678406
v 92.995224 -24.320967 26.669521
v 91.124725 -24.068270 26.141811
v 91.102097 -24.068384 26.136940
v 90.218903 -11.735894 20.075062
v 90.210953 -11.738225 20.074438
v 89.429558 -23.934536 25.708908
v 89.646652 -11.906064 20.031403
v 88.261406 -12.688881 20.102222
v 88.272980 -12.680826 20.100914
v 89.439407 -24.606724 26.030975
v 89.383759 -24.286942 25.866659
v 89.439575 -24.611023 26.033054
v 89.655685 -25.037117 26.282925
v 89.243919 -25.184071 26.263170
v 89.424973 -23.944572 25.712688
v 88.634254 -25.314087 26.192249
v 88.151169 -25.337603 26.098211
v 88.146461 -25.337486 26.097126
v 87.838150 -12.844092 20.083902
v 87.828438 -12.847485 20.083399
v 87.554848 -25.225098 25.914772
v 87.548065 -25.221512 25.911589
v 84.956375 -11.196120 18.671841
v 85.453911 -11.266489 18.813704
v 84.478851 -11.241728 18.589527
v 84.472610 -11.242943 18.588745
v 83.913361 -11.435862 18.558744
v 86.092331 -11.475501 19.052248
v 83.902496 -11.441401 18.559019
v 85.515678 -12.256814 19.298496
v 85.513718 -12.264685 19.301813
v 82.408142 -12.141128 18.566530
v 85.428490 -12.529171 19.409130
v 85.446014 -12.774656 19.529778
v 87.343719 -12.929523 20.016857
v 86.510574 -12.904558 19.823500
v 86.490540 -12.904449 19.819082
v 85.448563 -12.784419 19.534985
v 84.404312 -23.467951 24.392208
v 84.423706 -23.471212 24.397987
v 85.683678 -23.753084 24.806593
v 85.675598 -23.748169 24.802494
v 85.238846 -23.587284 24.630791
v 83.350311 -23.408640 24.134396
v 83.344048 -23.417656 24.137314
v 87.067711 -24.964283 25.684528
v 86.040634 -23.984108 24.994301
v 86.032562 -23.974365 24.987911
v 82.397598 -12.146473 18.566780
v 81.717941 -12.363171 18.521864
v 79.887413 -11.548500 17.735392
v 80.336113 -10.997175 17.570736
v 79.802078 -10.827981 17.373886
v 81.029602 -12.440139 18.408560
v 81.016098 -12.442684 18.406826
v 80.239182 -12.416365 18.225069
v 80.229637 -12.414446 18.222076
v 79.656662 -12.325279 18.054825
v 80.161095 -23.518898 23.492167
v 80.152977 -23.511953 23.487095
v 79.580078 -23.188091 23.208162
v 78.944511 -22.997833 22.979166
v 78.932434 -22.993130 22.974304
v 83.231781 -23.652033 24.224405
v 83.211441 -23.922064 24.348499
v 81.333984 -24.446844 24.189293
v 83.464272 -24.782398 24.813034
v 83.210274 -23.930014 24.352032
v 81.342331 -24.454027 24.194534
v 83.160645 -24.823536 24.766479
v 82.765892 -24.877029 24.705950
v 82.257561 -24.861328 24.587748
v 81.813622 -24.736885 24.431820
v 81.808060 -24.734657 24.429546
v 79.217361 -10.731636 17.200665
v 79.207703 -10.731014 17.198257
v 78.670013 -10.746774 17.088638
v 78.076721 -10.893661 17.029308
v 78.062729 -10.898350 17.028502
v 76.742867 -11.399908 16.979702
v 79.724121 -11.874155 17.854818
v 79.721466 -11.880785 17.857389
v 75.394188 -11.741259 16.848389
v 75.406128 -11.736362 16.848654
v 79.655174 -12.316732 18.050442
v 78.171112 -22.887835 22.758354
v 78.161140 -22.888054 22.756287
v 77.572571 -22.877827 22.623205
v 77.567818 -22.885841 22.625980
v 77.462578 -23.318457 22.808966
v 77.462570 -23.325312 22.812223
v 76.519295 -24.343561 23.091370
v 76.528877 -24.344587 23.093950
v 77.131577 -24.349842 23.227734
v 77.713562 -24.276142 23.319431
v 77.493942 -23.667629 22.981976
v 75.489075 -23.996002 22.701544
v 75.477386 -23.989120 22.695724
v 76.005600 -24.237846 22.929161
v 75.381042 -11.743196 16.846447
v 74.396202 -23.282104 22.123724
v 73.882088 -11.865065 16.577934
v 73.224930 -22.725132 21.603506
v 73.234550 -22.731876 21.608810
v 71.971970 -11.763380 16.113464
v 71.838936 -11.750225 16.078228
v 73.212975 -22.721052 21.598949
v 71.811172 -22.350990 21.117474
v 69.925056 -22.127836 20.600420
v 69.791245 -22.118162 20.566668
v 59.463272 -10.530798 12.802099
v 57.353302 -21.214439 17.427235
v 51.465130 -9.734989 10.681130
v 48.163956 -9.406546 9.805729
v 48.046993 -9.394630 9.774577
v 45.992805 -20.399818 14.564901
v 45.875126 -20.391678 14.535398
v 33.752312 1.561010 1.446610
v 32.831417 0.824541 1.596537
v 32.533413 1.387379 1.263743
v 32.527588 1.386625 1.262827
v 31.558947 1.160662 1.159379
v 32.826885 0.821404 1.597040
v 32.239037 0.334360 1.700791
v 31.546654 1.156866 1.158507
v 30.274733 0.765387 1.067772
v 30.263590 0.761137 1.067369
v 29.798222 0.579475 1.052455
v 28.862038 0.214016 1.022464
v 32.228386 0.327641 1.701663
v 31.608973 -0.282526 1.857144
v 31.097597 -0.786256 1.985493
v 31.089069 -0.792971 1.986833
v 30.476854 -1.503412 2.191606
v 30.470095 -1.511716 2.194086
v 29.888466 -2.351402 2.467022
v 29.883524 -2.360069 2.470080
v 27.844086 -0.328865 1.059104
v 27.830156 -0.336601 1.059752
v 29.408886 -3.242858 2.786839
v 29.129246 -3.957015 3.065822
v 29.125259 -3.966170 3.069304
v 28.897139 -4.904010 3.465969
v 26.714809 -1.071883 1.166746
v 26.704292 -1.079779 1.168211
v 25.768330 -1.926105 1.367131
v 25.756134 -1.938986 1.370608
v 24.769466 -3.009294 1.665087
v 24.767437 -3.014494 1.667119
v 22.499233 -5.995019 2.591584
v 22.465439 -6.040053 2.605656
v 45.234093 -8.172085 8.580002
v 44.541969 -7.066233 7.902923
v 45.241478 -8.183273 8.586929
v 46.014122 -8.799098 9.048336
v 43.459755 -7.300898 7.778873
v 43.445267 -7.305551 7.777932
v 42.485676 -7.402562 7.615079
v 40.617714 -7.353902 7.185025
v 40.573223 -7.348916 7.172956
v 37.612503 -7.018374 6.370717
v 32.067184 -6.207269 4.776760
v 32.017433 -6.199618 4.762285
v 31.062305 -5.957336 4.438921
v 31.049047 -5.954687 4.434772
v 30.108568 -5.620992 4.071091
v 30.095966 -5.615204 4.065591
v 29.377996 -5.257306 3.738860
v 28.894314 -4.915950 3.471041
v 28.902809 -4.923282 3.476375
v 20.708019 -8.491922 3.389778
v 46.029144 -8.805210 9.054512
v 46.872787 -9.176846 9.415155
v 26.025002 -13.103315 6.742697
v 26.024033 -13.099764 6.740794
v 25.899315 -12.795766 6.568946
v 25.893883 -12.790790 6.565394
v 26.012337 -12.975250 6.678988
v 26.022690 -13.106563 6.743738
v 25.963615 -13.221930 6.785784
v 25.784637 -13.376439 6.820333
v 25.777451 -13.380340 6.820621
v 25.739170 -12.638597 6.459256
v 25.726154 -12.637008 6.455670
v 25.568764 -13.501435 6.832795
v 25.070541 -12.550042 6.271473
v 24.197731 -12.407722 6.013611
v 24.210712 -12.411662 6.018313
v 22.294544 -11.446113 5.141377
v 22.308098 -11.462620 5.152186
v 23.201267 -12.146652 5.672300
v 22.938232 -12.010025 5.549973
v 23.477726 -12.231998 5.773138
v 21.147236 -10.810732 4.589057
v 21.157497 -10.820728 4.596050
v 21.750458 -11.059842 4.839019
v 19.300503 -10.541576 4.058692
v 20.302670 -10.661288 4.333963
v 25.555565 -13.500803 6.829618
v 23.988873 -13.465233 6.471420
v 24.002949 -13.463638 6.473731
v 24.887955 -13.474547 6.671700
v 23.224548 -13.513953 6.328118
v 22.924126 -13.549936 6.279801
v 22.616760 -13.637758 6.254652
v 21.794949 -14.060934 6.277042
v 21.775429 -14.074613 6.279299
v 21.098793 -14.359512 6.267504
v 19.855949 -19.378948 8.385713
v 19.840786 -19.329769 8.359009
v 20.891071 -22.642147 10.164274
v 20.433262 -14.487856 6.183621
v 20.419453 -14.495795 6.184394
v 18.529560 -14.445228 5.748651
v 19.094154 -16.663622 6.927451
v 19.544907 -14.498142 5.995007
v 44.655350 -20.404625 14.275857
v 43.695389 -20.621941 14.170183
v 43.678509 -20.625288 14.168100
v 42.692337 -21.090624 14.174755
v 42.680840 -21.100227 14.176818
v 41.582188 -22.052860 14.390896
v 40.626488 -21.646910 13.989512
v 40.614292 -21.639940 13.983536
v 39.724873 -21.381636 13.666861
v 37.900101 -21.114323 13.142150
v 37.855133 -21.111654 13.131087
v 34.863831 -20.936005 12.395905
v 29.188360 -20.783926 11.087251
v 29.137293 -20.782944 11.075665
v 28.119200 -20.859480 10.890318
v 28.105356 -20.859808 10.887459
v 27.067120 -21.021103 10.738070
v 27.052677 -21.024578 10.736580
v 26.219563 -21.249765 10.662277
v 25.630421 -21.492723 10.649580
v 25.619370 -21.498377 10.649858
v 25.617462 -21.510387 10.655164
v 25.473709 -22.455454 11.073643
v 25.474010 -22.464968 11.078235
v 25.466957 -23.202461 11.427700
v 21.429150 -23.848299 10.855534
v 21.435932 -23.862799 10.863907
v 20.891010 -22.647516 10.166815
v 27.195255 -27.713665 13.951222
v 27.192097 -27.709869 13.948728
v 26.813564 -27.137054 13.593649
v 27.800072 -28.577595 14.494144
v 26.689137 -28.204613 14.074635
v 26.805878 -27.128773 13.588030
v 26.145332 -25.861601 12.841051
v 26.683796 -28.202915 14.072662
v 26.139694 -25.853676 12.836051
v 25.824707 -27.815716 13.701245
v 25.835114 -27.821449 13.706242
v 25.584332 -24.144989 11.901853
v 25.820477 -25.054649 12.386230
v 25.823788 -25.063816 12.391316
v 24.747124 -27.223194 13.184515
v 25.582920 -24.135773 11.897156
v 24.737995 -27.217205 13.179678
v 22.822296 -25.756269 12.067076
v 22.811832 -25.746441 12.060112
v 23.595539 -26.452412 12.566832
v 22.012054 -24.838499 11.453781
v 22.019161 -24.847904 11.459803
vn -0.7244 0.5428 -0.4250
vn -0.2266 0.4810 0.8469
vn -0.9647 0.0721 -0.2534
vn -0.2020 0.4152 0.8870
vn -0.1760 0.3467 0.9213
vn -0.1912 0.3481 0.9177
vn -0.1936 0.3779 0.9054
vn -0.1868 0.4139 0.8910
vn -0.2114 0.3647 0.9068
vn -0.1581 0.3598 0.9195
vn -0.1873 0.3700 0.9100
vn -0.2062 0.3048 0.9298
vn -0.1949 0.3707 0.9081
vn -0.1692 0.4624 0.8704
vn -0.1632 0.5240 0.8359
vn 0.2026 0.8974 -0.3919
vn 0.3796 0.8619 -0.3364
vn 0.5362 0.7989 -0.2723
vn -0.1372 0.4663 0.8739
vn 0.8190 0.5652 -0.0994
vn -0.0306 0.6907 0.7225
vn 0.5302 0.8020 -0.2751
vn -0.1632 0.8729 -0.4598
vn -0.1905 0.4714 0.8611
vn -0.1782 0.4562 0.8719
vn 0.2102 0.8966 -0.3898
vn 0.0731 0.9033 -0.4228
vn 0.2327 0.8937 -0.3835
vn 0.2698 0.8879 -0.3727
vn -0.1647 0.4831 0.8599
vn 0.3586 0.8679 -0.3438
vn -0.1495 0.4816 0.8635
vn 0.4864 0.8226 -0.2944
vn 0.5843 0.7724 -0.2492
vn -0.1525 0.4679 0.8705
vn 0.9556 0.2880 0.0623
vn -0.2343 0.3666 0.9004
vn -0.2503 0.3603 0.8986
vn -0.9100 -0.4145 -0.0098
vn -0.7544 -0.6428 0.1327
vn -0.2830 -0.8885 0.3612
vn -0.2453 0.3452 0.9059
vn -0.2312 -0.8971 0.3766
vn -0.3345 -0.8771 0.3446
vn -0.2453 0.3451 0.9059
vn -0.1458 0.4244 0.8937
vn -0.0435 0.3822 0.9231
vn 0.9373 -0.1879 0.2936
vn 0.8959 -0.2926 0.3344
vn -0.0098 0.3472 0.9377
vn 0.8445 -0.3884 0.3688
vn 0.0074 0.3065 0.9518
vn 0.7728 -0.4911 0.4021
vn 0.0493 0.2137 0.9756
vn 0.6750 -0.5983 0.4318
vn 0.1370 0.0557 0.9890
vn 0.5915 -0.6704 0.4479
vn 0.2544 -0.2306 0.9392
vn 0.6001 -0.6636 0.4466
vn -0.2573 0.9105 0.3236
vn 0.2585 0.5915 0.7638
vn 0.8573 0.5117 -0.0568
vn -0.0837 0.8890 -0.4502
vn -0.2038 0.8623 -0.4636
vn -0.3049 0.8079 0.5043
vn -0.3267 0.7152 0.6179
vn -0.3454 0.6299 0.6957
vn -0.3492 0.5590 0.7520
vn -0.3141 0.4917 0.8121
vn -0.3788 0.5257 0.7616
vn -0.7009 0.5678 -0.4317
vn -0.7712 0.4878 -0.4090
vn -0.7879 0.4662 -0.4023
vn -0.5813 0.6738 -0.4562
vn -0.4662 0.7509 -0.4678
vn -0.3715 0.8003 -0.4707
vn -0.2705 0.8412 -0.4681
vn -0.4192 0.4779 0.7719
vn -0.8060 0.4414 -0.3945
vn -0.8573 -0.5117 0.0568
vn -0.5287 -0.8053 0.2681
vn -0.2265 0.3659 0.9027
vn -0.7727 -0.6218 0.1276
vn -0.5632 -0.7870 0.2519
vn -0.6728 -0.7141 0.1934
vn -0.4657 -0.8341 0.2956
vn -0.7243 0.5429 -0.4250
vn -0.4852 0.7395 -0.4665
vn -0.2131 0.4731 0.8548
vn 0.0654 0.9031 -0.4244
vn -0.2161 0.4941 0.8421
vn -0.1734 0.3613 0.9162
vn -0.0008 -0.9030 0.4296
vn -0.1912 0.3482 0.9177
vn 0.1407 -0.8817 0.4503
vn 0.2554 -0.8503 0.4603
vn 0.8075 -0.4447 0.3875
vn -0.1500 0.4030 0.9028
vn 0.0112 0.9004 -0.4349
vn 0.1188 0.9031 -0.4128
vn -0.1320 0.8799 -0.4564
vn -0.3775 0.7975 -0.4706
vn -0.5090 0.7246 -0.4646
vn -0.2056 0.4725 0.8570
vn -0.2440 0.8501 -0.4666
vn -0.4401 0.3713 0.8176
vn 0.1189 0.9030 -0.4128
vn -0.6322 0.6325 -0.4475
vn -0.9502 -0.3034 -0.0714
vn -0.9446 -0.3240 -0.0515
vn -0.3405 0.3570 0.8698
vn -0.0365 0.4176 0.9079
vn 0.9786 0.0169 0.2051
vn 0.0084 0.4393 0.8983
vn 0.9801 0.1252 0.1539
vn 0.9685 0.2269 0.1030
vn 0.0396 0.4695 0.8820
vn 0.9398 0.3389 0.0434
vn 0.1122 0.5318 0.8394
vn 0.8877 0.4598 -0.0255
vn 0.2474 0.6134 0.7500
vn 0.8365 0.5415 -0.0843
vn 0.4438 0.7225 0.5301
vn 0.8410 0.5363 -0.0720
vn 0.1563 0.0756 0.9848
vn 0.6256 -0.6427 0.4422
vn -0.4223 -0.8507 0.3130
vn -0.4837 -0.2690 0.8329
vn -0.4750 -0.0622 0.8778
vn -0.4503 0.0831 0.8890
vn -0.4298 0.1977 0.8810
vn -0.4031 0.2834 0.8702
vn -0.4189 0.3207 0.8495
vn -0.9343 -0.3538 -0.0439
vn -0.8968 -0.4424 0.0064
vn -0.8219 -0.5640 0.0806
vn -0.7405 -0.6568 0.1425
vn -0.6682 -0.7198 0.1882
vn -0.5855 -0.7741 0.2409
vn -0.5288 -0.8053 0.2681
vn -0.0944 -0.9067 0.4110
vn -0.1326 -0.9059 0.4023
vn -0.1555 -0.9047 0.3967
vn -0.2757 -0.8899 0.3635
vn -0.4933 -0.8222 0.2838
vn -0.1576 0.0822 0.9841
vn 0.1914 -0.8694 0.4555
vn 0.5651 -0.6904 0.4517
vn 0.1984 -0.8675 0.4561
vn -0.1873 0.3700 0.9099
vn 0.0218 -0.9009 0.4335
vn -0.1632 -0.9042 0.3948
vn -0.1631 -0.9042 0.3948
vn -0.1439 0.3053 0.9413
vn 0.3888 -0.7962 0.4636
vn 0.5380 -0.7096 0.4549
vn 0.3049 -0.8325 0.4626
vn 0.2819 -0.8410 0.4617
vn -0.1595 0.3079 0.9380
vn 0.2221 -0.8607 0.4580
vn -0.1671 0.3086 0.9364
vn 0.1745 -0.8738 0.4539
vn -0.1847 0.2944 0.9377
vn -0.0325 -0.9052 0.4238
vn -0.2189 0.3208 0.9215
vn -0.1962 0.3634 0.9107
vn -0.1479 -0.9051 0.3986
vn -0.1797 0.3693 0.9118
vn 0.3148 -0.8286 0.4630
vn 0.0893 0.3881 0.9173
vn 0.9812 0.0892 0.1712
vn 0.9446 0.3240 0.0515
vn 0.1876 -0.0352 0.9816
vn 0.9688 -0.0612 0.2402
vn 0.0536 -0.8971 0.4386
vn -0.1783 -0.9030 0.3909
vn -0.3634 -0.1358 0.9217
vn -0.4039 0.1739 0.8981
vn -0.2516 0.3530 0.9012
vn -0.5533 -0.7949 0.2489
vn -0.2228 0.3434 0.9124
vn -0.2985 -0.8854 0.3563
vn -0.1819 0.3989 0.8988
vn 0.4141 -0.7836 0.4632
vn 0.0597 0.3272 0.9431
vn 0.9536 -0.1321 0.2706
vn 0.9803 0.1424 0.1369
vn 0.1376 0.1029 0.9851
vn -0.0097 -0.9037 0.4280
vn -0.2535 -0.8937 0.3701
vn -0.4833 -0.8293 0.2806
vn -0.4472 0.0261 0.8940
vn -0.3963 0.1809 0.9001
vn -0.2176 0.3726 0.9021
vn -0.6602 -0.7238 0.2007
vn -0.6805 -0.7080 0.1888
vn -0.4621 -0.8382 0.2895
vn -0.4622 -0.8382 0.2895
vn -0.3711 -0.8673 0.3319
vn -0.2201 0.3135 0.9237
vn -0.1402 -0.9055 0.4004
vn -0.1784 0.3765 0.9091
vn 0.6592 -0.6131 0.4354
vn 0.0276 0.3704 0.9285
vn 0.9791 0.0239 0.2019
vn -0.3522 0.1803 0.9184
vn -0.2290 0.3513 0.9078
vn -0.4871 -0.8250 0.2866
vn -0.5574 -0.7902 0.2547
vn -0.2609 -0.8925 0.3679
vn -0.3596 0.0466 0.9320
vn 0.0790 0.0426 0.9960
vn 0.8132 -0.4365 0.3849
vn -0.0248 -0.9048 0.4252
vn -0.1859 -0.9023 0.3890
vn -0.3795 -0.8647 0.3289
vn -0.1439 0.3054 0.9413
vn 0.7330 -0.5383 0.4159
vn -0.0722 0.4010 0.9132
vn 0.9648 -0.0826 0.2495
vn 0.9200 0.3916 0.0141
vn 0.8005 0.5883 -0.1144
vn -0.1034 0.5117 0.8529
vn 0.6912 0.6973 -0.1901
vn 0.6248 0.7467 -0.2281
vn 0.6062 0.7589 -0.2380
vn -0.1192 0.5128 0.8502
vn -0.2177 0.3726 0.9021
vn -0.2291 0.3513 0.9078
vn -0.1768 0.4631 0.8685
vn 0.0883 0.9034 -0.4196
vn -0.1561 0.8746 -0.4591
vn -0.2026 0.4863 0.8500
vn -0.2617 0.6423 0.7204
vn -0.2372 0.8523 -0.4662
vn -0.2440 0.8502 -0.4666
vn -0.1630 0.4548 0.8755
vn 0.0346 0.4059 0.9133
vn -0.2290 0.7423 0.6297
vn -0.0370 0.8957 -0.4432
vn 0.1646 0.9008 -0.4017
vn 0.1982 0.6454 0.7376
vn 0.3360 0.8738 -0.3515
vn 0.9573 0.2790 0.0758
vn 0.9347 -0.1957 0.2967
vn 0.8790 0.4748 -0.0433
vn 0.2252 0.8947 -0.3857
vn -0.1798 0.5187 0.8358
vn -0.0279 0.8967 -0.4417
vn -0.1995 0.4651 0.8625
vn -0.1247 0.8814 -0.4555
vn -0.3617 0.8048 -0.4706
vn -0.3051 0.6417 0.7037
vn -0.1749 0.4345 0.8835
vn -0.1935 0.4925 0.8485
vn 0.1188 0.9030 -0.4128
vn 0.7078 0.6852 -0.1719
vn 0.0807 0.4333 0.8976
vn -0.3049 0.7541 0.5817
vn -0.1489 0.8762 -0.4583
vn 0.2321 0.5804 0.7805
vn 0.0959 0.9034 -0.4179
vn 0.3429 0.8750 -0.3418
vn 0.8889 -0.3073 0.3398
vn 0.9722 -0.0399 0.2307
vn 0.0493 0.9026 -0.4277
vn -0.2304 0.8544 -0.4657
vn -0.2251 0.4878 0.8434
vn -0.3110 0.6487 0.6946
vn -0.3873 0.7928 -0.4705
vn -0.1247 0.8814 -0.4556
vn -0.1702 0.8500 0.4986
vn 0.1874 0.8990 -0.3959
vn 0.0852 0.3668 0.9264
vn 0.3234 0.6496 0.6880
vn 0.4085 0.8527 -0.3257
vn 0.5563 0.7883 -0.2628
vn 0.9588 -0.1109 0.2616
vn 0.7832 -0.4777 0.3979
vn 0.9111 -0.2581 0.3213
vn 0.6328 0.7412 -0.2238
vn -0.1616 0.4617 0.8722
vn -0.1753 0.4701 0.8650
vn 0.2177 0.8957 -0.3878
vn -0.1814 0.5120 0.8396
vn -0.1385 0.5292 0.8371
vn 0.3289 0.8755 -0.3539
vn 0.5157 0.8091 -0.2816
vn -0.1269 0.5136 0.8486
vn -0.9080 -0.4186 -0.0195
vn -0.4882 -0.7641 -0.4216
vn -0.9647 0.0722 -0.2533
vn -0.7545 -0.6426 0.1334
vn 0.2584 -0.9017 -0.3465
vn -0.1017 -0.9879 -0.1172
vn -0.2312 -0.8970 0.3767
vn 0.1969 -0.9531 0.2297
vn -0.2831 -0.8885 0.3611
vn 0.4162 -0.8838 -0.2135
vn 0.3110 -0.9491 0.0493
vn -0.3345 -0.8772 0.3444
vn -0.1070 -0.9876 0.1147
vn -0.3348 -0.8764 0.3461
vn 0.3520 -0.9063 -0.2339
vn -0.4660 -0.8334 0.2971
vn 0.2419 -0.9540 -0.1769
vn -0.6730 -0.7136 0.1946
vn -0.7727 -0.6218 0.1275
vn -0.3201 -0.9016 -0.2910
vn 0.4757 0.3512 -0.8064
vn 0.3786 0.2324 -0.8959
vn -0.5288 -0.8052 0.2683
vn 0.3312 -0.8559 -0.3972
vn 0.6316 -0.7254 -0.2734
vn -0.5622 -0.7891 0.2475
vn -0.4352 -0.3649 -0.8230
vn -0.8061 0.4417 -0.3938
vn -0.7878 0.4663 -0.4023
vn -0.7075 0.3428 -0.6180
vn -0.7714 0.4884 -0.4079
vn -0.8812 -0.1024 -0.4616
vn -0.8294 0.0285 -0.5580
vn -0.7058 -0.0865 -0.7031
vn -0.7249 0.0735 -0.6849
vn -0.7011 0.5683 -0.4307
vn -0.5814 0.6740 -0.4558
vn -0.5904 0.5143 -0.6220
vn 0.9378 -0.1888 0.2913
vn 0.7273 0.0545 -0.6842
vn 0.8965 -0.2938 0.3317
vn 0.8459 -0.5066 -0.1666
vn 0.8447 -0.3889 0.3678
vn -0.4664 0.7514 -0.4668
vn -0.4650 0.5746 -0.6734
vn -0.6436 0.3621 -0.6743
vn -0.3719 0.8014 -0.4685
vn -0.3555 0.4285 -0.8307
vn -0.2706 0.8417 -0.4673
vn -0.2039 0.8625 -0.4632
vn 0.8579 -0.3659 -0.3607
vn 0.7728 -0.4912 0.4017
vn -0.2403 0.3516 -0.9048
vn -0.3269 0.4588 -0.8262
vn -0.0838 0.8890 -0.4501
vn -0.1916 0.4665 -0.8635
vn 0.1285 -0.3540 -0.9264
vn 0.8572 0.5119 -0.0564
vn 0.8943 -0.2501 -0.3710
vn 0.6323 -0.7170 -0.2935
vn 0.5926 -0.6729 0.4427
vn 0.5848 0.7710 -0.2522
vn 0.0641 0.1964 -0.9784
vn -0.1150 -0.2437 -0.9630
vn 0.4863 0.8227 -0.2944
vn 0.3591 0.8665 -0.3466
vn 0.2788 0.5479 -0.7887
vn 0.1468 0.6093 -0.7792
vn -0.0905 0.4552 -0.8858
vn 0.2328 0.8934 -0.3842
vn 0.0680 0.6038 -0.7942
vn 0.2700 0.8875 -0.3734
vn -0.4085 0.0817 -0.9091
vn 0.2102 0.8965 -0.3899
vn -0.0022 0.5041 -0.8637
vn -0.4428 -0.1573 -0.8827
vn 0.0737 0.9018 -0.4258
vn -0.1639 0.8743 -0.4569
vn -0.4415 0.3078 -0.8428
vn 0.2609 0.4080 -0.8749
vn 0.5283 0.8077 -0.2619
vn 0.8200 0.5626 -0.1053
vn -0.7225 0.5380 -0.4343
vn -0.5809 0.1335 -0.8030
vn -0.4852 0.7396 -0.4664
vn -0.3419 0.5242 -0.7800
vn 0.0655 0.9032 -0.4242
vn -0.6343 0.0094 -0.7730
vn 0.5420 -0.4059 -0.7359
vn -0.0941 -0.9073 0.4097
vn -0.0002 -0.9043 0.4269
vn 0.5122 -0.3303 -0.7928
vn 0.1408 -0.8818 0.4502
vn 0.4771 -0.8769 -0.0586
vn -0.2135 0.0347 -0.9763
vn 0.0110 0.9010 -0.4338
vn 0.0113 0.9004 -0.4349
vn -0.1324 0.8808 -0.4546
vn -0.5164 0.1606 -0.8411
vn -0.3777 0.7978 -0.4699
vn 0.9791 0.0159 0.2030
vn 0.9305 -0.0127 -0.3660
vn -0.2430 0.8479 -0.4711
vn -0.4414 -0.1352 -0.8871
vn -0.2038 0.8622 -0.4637
vn 0.1190 0.9026 -0.4137
vn 0.0352 -0.8893 -0.4559
vn -0.6323 0.6324 -0.4475
vn -0.9503 -0.3032 -0.0707
vn -0.8971 -0.4417 0.0083
vn -0.6711 -0.7336 -0.1074
vn -0.4570 -0.8576 -0.2357
vn 0.9807 0.1240 0.1513
vn 0.5555 -0.0295 -0.8310
vn 0.9399 0.3388 0.0433
vn 0.3404 0.2213 -0.9139
vn 0.5730 0.3240 -0.7528
vn 0.8870 0.4611 -0.0230
vn 0.4198 0.2533 -0.8716
vn 0.5050 0.1267 -0.8537
vn 0.8358 0.5430 -0.0813
vn 0.5365 0.4254 -0.7289
vn 0.6142 0.3162 -0.7230
vn 0.8409 0.5364 -0.0718
vn 0.6758 0.5689 -0.4687
vn 0.6277 -0.0651 -0.7757
vn 0.6255 -0.6425 0.4427
vn -0.5289 -0.8048 0.2692
vn -0.2882 -0.9462 0.1473
vn -0.4221 -0.8509 0.3127
vn -0.3053 -0.9496 -0.0717
vn -0.1896 -0.9782 0.0850
vn -0.6686 -0.7190 0.1899
vn -0.3029 -0.9515 -0.0531
vn -0.5855 -0.7738 0.2417
vn -0.2161 -0.9168 -0.3359
vn -0.7407 -0.6563 0.1438
vn 0.5362 0.7989 -0.2725
vn 0.2814 0.6719 -0.6851
vn -0.0800 0.2394 -0.9676
vn 0.3806 0.8595 -0.3412
vn -0.2520 0.1981 -0.9472
vn -0.0472 0.5695 -0.8206
vn 0.2026 0.8976 -0.3916
vn 0.0382 0.6858 -0.7268
vn 0.2026 0.8975 -0.3918
vn 0.2723 0.3662 -0.8898
vn -0.3085 0.2253 -0.9241
vn -0.2000 0.5358 -0.8203
vn 0.0005 0.6397 -0.7687
vn 0.0889 0.9020 -0.4226
vn -0.3948 0.0292 -0.9183
vn -0.3268 0.4396 -0.8366
vn -0.1562 0.8747 -0.4589
vn -0.4797 0.3460 -0.8063
vn -0.2368 0.8513 -0.4682
vn -0.3247 0.6338 -0.7021
vn -0.4842 0.1652 -0.8592
vn -0.4406 0.4764 -0.7608
vn -0.2993 0.1530 -0.9418
vn -0.2442 0.8505 -0.4659
vn -0.0373 0.8961 -0.4422
vn -0.3787 0.3455 -0.8586
vn -0.2250 0.1691 -0.9596
vn 0.8085 -0.4462 0.3838
vn 0.3638 -0.1471 -0.9198
vn 0.9573 0.2790 0.0757
vn 0.8300 -0.2093 -0.5170
vn 0.9346 -0.1958 0.2970
vn 0.8847 0.4610 -0.0696
vn 0.9748 -0.2228 0.0123
vn 0.1291 0.2609 -0.9567
vn 0.9391 0.3281 -0.1020
vn 0.2259 0.8932 -0.3887
vn -0.3826 0.0038 -0.9239
vn -0.2004 0.4393 -0.8757
vn -0.1237 0.8791 -0.4602
vn -0.5229 -0.0464 -0.8511
vn -0.4522 0.4125 -0.7908
vn -0.3620 0.8053 -0.4695
vn -0.4334 -0.0377 -0.9004
vn -0.5475 0.1515 -0.8230
vn -0.3716 0.8003 -0.4706
vn -0.3084 0.2081 -0.9282
vn 0.0950 0.9055 -0.4136
vn -0.1567 0.6244 -0.7653
vn -0.1494 0.8774 -0.4559
vn 0.8906 -0.3105 0.3322
vn 0.3550 0.3716 -0.8579
vn 0.9785 0.0170 0.2055
vn 0.9173 -0.0750 -0.3911
vn 0.9369 -0.1596 -0.3111
vn 0.4114 0.0684 -0.9089
vn 0.9738 -0.0433 0.2230
vn 0.7173 0.6689 -0.1949
vn -0.3525 0.1718 -0.9199
vn 0.1189 0.9031 -0.4127
vn 0.0500 0.9004 -0.4323
vn -0.1357 0.5424 -0.8291
vn -0.4131 -0.0854 -0.9067
vn -0.3622 0.3369 -0.8691
vn -0.2303 0.8543 -0.4659
vn -0.4015 0.5215 -0.7529
vn -0.4870 -0.8251 0.2866
vn 0.2548 -0.8428 -0.4741
vn 0.2575 -0.8882 -0.3806
vn -0.2604 -0.8938 0.3653
vn -0.2190 -0.9756 -0.0143
vn 0.5615 -0.8002 -0.2105
vn -0.1632 -0.9041 0.3949
vn 0.1280 -0.9876 0.0910
vn 0.5755 -0.7775 -0.2535
vn 0.4044 -0.9146 -0.0016
vn -0.1631 -0.9043 0.3945
vn 0.2027 -0.9775 0.0576
vn 0.6392 -0.7280 -0.2479
vn -0.2751 -0.8912 0.3606
vn -0.1556 -0.9046 0.3968
vn -0.4941 -0.8206 0.2872
vn 0.5417 -0.7109 -0.4486
vn 0.1894 -0.8627 0.4688
vn 0.5664 -0.6933 0.4455
vn 0.8036 -0.4996 -0.3235
vn 0.8053 -0.5866 -0.0855
vn 0.3810 -0.9245 -0.0092
vn 0.1984 -0.8676 0.4559
vn 0.7895 -0.5106 -0.3406
vn 0.0231 -0.9032 0.4286
vn -0.5568 -0.7915 0.2518
vn -0.1723 -0.9788 -0.1111
vn -0.5635 -0.7865 0.2530
vn -0.3798 -0.8642 0.3301
vn 0.1400 -0.9823 -0.1248
vn -0.1860 -0.9022 0.3890
vn 0.4297 -0.7497 -0.5034
vn -0.0255 -0.9033 0.4281
vn 0.5437 -0.1957 -0.8162
vn 0.8132 -0.4364 0.3851
vn 0.9564 0.2861 0.0587
vn 0.7707 0.1842 -0.6100
vn 0.9792 0.0239 0.2016
vn 0.8913 0.1236 -0.4363
vn 0.7945 0.0192 -0.6070
vn 0.6658 -0.6247 0.4081
vn 0.9070 0.1042 -0.4079
vn -0.3711 -0.8672 0.3319
vn 0.3278 -0.8757 -0.3546
vn 0.4782 -0.6808 -0.5549
vn -0.4611 -0.8403 0.2849
vn 0.0482 -0.9648 -0.2584
vn -0.6604 -0.7234 0.2015
vn 0.0585 -0.9222 -0.3822
vn -0.4840 -0.8280 0.2832
vn -0.6683 -0.7196 0.1883
vn -0.2544 -0.8917 0.3744
vn 0.4142 -0.9073 -0.0718
vn -0.0097 -0.9038 0.4279
vn 0.1544 -0.9775 -0.1436
vn 0.9323 -0.1675 0.3206
vn 0.9818 0.1385 0.1299
vn 0.2926 -0.2517 -0.9225
vn 0.7711 0.2375 -0.5907
vn 0.6004 -0.1348 -0.7882
vn 0.9550 -0.1353 0.2640
vn 0.4251 -0.7928 0.4368
vn 0.8661 -0.1998 -0.4581
vn 0.7325 -0.5023 -0.4595
vn -0.2311 -0.8971 0.3765
vn 0.4355 -0.8046 -0.4037
vn 0.5686 -0.6682 -0.4798
vn -0.2976 -0.8876 0.3515
vn 0.3133 -0.8574 -0.4083
vn -0.7394 -0.6588 0.1386
vn -0.5533 -0.7948 0.2492
vn -0.6818 -0.7055 0.1936
vn -0.0941 -0.9817 -0.1657
vn -0.4623 -0.8380 0.2899
vn 0.1295 -0.8869 -0.4435
vn -0.1788 -0.9019 0.3931
vn 0.3910 -0.9139 -0.1091
vn 0.0530 -0.8956 0.4417
vn 0.3632 -0.9207 0.1428
vn 0.2219 -0.8606 0.4583
vn 0.6585 -0.1954 -0.7268
vn 0.9689 -0.0613 0.2398
vn 0.9457 0.3217 0.0468
vn 0.7378 0.3073 -0.6010
vn 0.4128 -0.0501 -0.9094
vn 0.9824 0.0865 0.1655
vn 0.8714 0.0414 -0.4888
vn 0.3239 -0.8345 0.4457
vn 0.3297 -0.9425 -0.0543
vn -0.1470 -0.9070 0.3947
vn 0.5658 -0.5925 -0.5734
vn -0.2828 -0.8888 0.3607
vn -0.2312 -0.8970 0.3768
vn 0.5107 -0.7797 -0.3623
vn 0.5421 -0.5555 -0.6305
vn -0.0343 -0.9005 0.4335
vn 0.5897 -0.5757 -0.5665
vn 0.6449 -0.6695 -0.3687
vn 0.6638 -0.4002 -0.6318
vn 0.6514 -0.3900 -0.6508
vn 0.2815 -0.8400 0.4638
vn 0.2219 -0.8605 0.4586
vn 0.5981 -0.3235 -0.7333
vn 0.3046 -0.8319 0.4639
vn 0.3889 -0.7964 0.4633
vn 0.7297 -0.4184 -0.5408
vn 0.5383 -0.7102 0.4537
vn 0.7601 -0.3191 -0.5660
vn 0.7323 -0.5372 0.4184
vn 0.6989 -0.0474 -0.7137
vn 0.9195 0.3928 0.0165
vn 0.3977 0.1829 -0.8991
vn 0.1458 0.2588 -0.9549
vn -0.1110 -0.0076 -0.9938
vn 0.6245 0.7474 -0.2266
vn 0.6912 0.6972 -0.1902
vn 0.6057 0.7598 -0.2362
vn 0.1900 0.3686 -0.9100
vn -0.0139 0.2997 -0.9539
vn 0.5562 0.7886 -0.2621
vn 0.1657 0.4463 -0.8794
vn -0.0380 0.2624 -0.9642
vn 0.1044 0.4117 -0.9053
vn 0.5157 0.8091 -0.2817
vn -0.1298 -0.0932 -0.9871
vn 0.3273 0.8799 -0.3445
vn -0.2605 0.1817 -0.9482
vn 0.0655 0.9028 -0.4250
vn 0.1188 0.9031 -0.4127
vn -0.1852 0.3834 -0.9048
vn -0.2902 -0.1660 -0.9425
vn 0.2183 0.8940 -0.3912
vn 0.7842 -0.4799 0.3933
vn 0.3397 -0.0427 -0.9396
vn 0.9587 -0.1108 0.2618
vn 0.1870 0.8998 -0.3941
vn 0.1771 0.4946 -0.8509
vn -0.0224 0.6671 -0.7446
vn -0.3886 0.7948 -0.4662
vn -0.4847 0.0587 -0.8727
vn -0.4650 0.7491 -0.4718
vn -0.2018 0.0308 -0.9789
vn -0.3517 0.0499 -0.9348
vn -0.1248 0.8814 -0.4555
vn -0.0363 0.6824 -0.7301
vn 0.7575 0.1677 -0.6309
vn 0.1710 -0.9493 -0.2637
vn -0.0242 -0.9924 -0.1206
vn -0.0095 -0.9803 -0.1971
vn 0.0063 0.4352 -0.9003
vn 0.3356 0.8749 -0.3493
vn -0.0168 0.3207 -0.9470
vn 0.9016 -0.3932 -0.1805
vn 0.3728 0.6268 -0.6843
vn 0.9081 -0.2523 -0.3342
vn 0.6841 -0.3092 -0.6606
vn 0.3897 -0.0929 -0.9163
vn 0.9122 -0.2605 0.3163
vn 0.6404 0.7301 -0.2386
vn 0.3489 -0.9265 -0.1408
vn 0.5399 -0.7957 -0.2745
vn 0.8029 -0.5930 -0.0602
vn 0.8128 -0.5514 -0.1883
vn 0.0152 -0.9999 -0.0006
vn 0.6773 -0.7338 0.0525
vn -0.1456 -0.7179 -0.6807
vn -0.9346 -0.3532 -0.0429
vn -0.9447 -0.3239 -0.0515
vn 0.6793 0.3063 -0.6669
vn 0.1936 -0.1106 -0.9748
vn 0.9687 0.2264 0.1020
vn -0.4105 0.3230 -0.8528
vn -0.3480 0.2057 -0.9147
vn -0.1549 0.4828 -0.8619
vn 0.5807 -0.5294 -0.6185
vn -0.6040 -0.0312 -0.7964
vn -0.1804 -0.0105 -0.9835
vn 0.8007 0.5878 -0.1153
vn -0.0302 -0.9668 -0.2538
vn 0.0494 -0.9882 -0.1451
vn 0.4055 -0.8776 -0.2556
vn 0.7266 -0.4994 -0.4718
vn 0.0049 0.2183 -0.9759
vn -0.3647 0.3037 -0.8802
vn -0.1702 -0.0061 -0.9854
vn 0.6837 -0.7157 -0.1427
vn -0.1832 0.6447 -0.7421
vn -0.0280 0.8968 -0.4415
vn 0.5103 -0.8062 -0.2993
vn -0.1324 -0.9063 0.4014
vn 0.6084 -0.6607 -0.4396
vn -0.5288 -0.8399 -0.1226
vn -0.2795 -0.8369 -0.4706
vn -0.8218 -0.5641 0.0800
vn 0.3259 0.2964 -0.8977
vn 0.4080 0.8541 -0.3225
vn 0.5564 0.7883 -0.2629
vn -0.1930 0.4216 0.8860
vn -0.1930 0.4217 0.8860
vn -0.1861 0.4145 0.8908
vn -0.2205 -0.7472 -0.6270
vn 0.7162 -0.5442 -0.4369
vn 0.7070 -0.4285 -0.5627
vn 0.8068 -0.5907 -0.0128
vn 0.6000 -0.6634 0.4471
vn 0.7708 -0.6346 -0.0556
vn 0.3500 0.2801 -0.8939
vn 0.8275 -0.1191 -0.5486
vn 0.1647 0.9008 -0.4017
vn 0.9364 -0.3024 -0.1782
vn 0.8344 -0.1548 -0.5290
vn 0.1591 -0.8588 -0.4869
vn -0.1007 -0.2447 -0.9644
vn -0.1962 0.5682 -0.7992
vn -0.2606 -0.9422 -0.2106
vn 0.4506 -0.2743 -0.8496
vn -0.5893 -0.2658 -0.7629
vn 0.5197 -0.6810 -0.5158
vn -0.1396 -0.9070 0.3974
vn -0.2854 -0.9361 -0.2055
vn 0.2735 -0.9032 -0.3307
vn -0.2310 -0.8974 0.3758
vn -0.2300 0.0215 -0.9730
vn -0.1178 -0.7338 -0.6691
vn -0.0018 -0.9731 -0.2305
vn 0.2420 -0.9237 -0.2971
vn -0.2289 -0.9638 -0.1371
vn 0.2226 -0.9744 -0.0320
vn 0.1682 0.3532 -0.9203
vn 0.5685 -0.5962 -0.5669
vn 0.6110 -0.4863 -0.6247
vn 0.3440 0.5264 -0.7776
vn -0.1931 0.4216 0.8860
vn -0.1929 0.4217 0.8860
vn -0.1930 0.4218 0.8859
vn -0.1944 0.4116 0.8904
vn 0.8752 -0.1002 -0.4733
vn -0.2936 0.1548 -0.9433
vn -0.0480 0.4104 -0.9106
vn 0.3425 0.8758 -0.3401
vn -0.3714 0.5531 -0.7457
vn -0.4589 0.5349 -0.7094
vn -0.2092 -0.0261 -0.9775
vn -0.2826 0.4006 -0.8716
vn -0.2830 -0.8876 -0.3634
vn -0.0361 -0.9784 -0.2034
vn 0.0717 -0.9052 -0.4189
vn -0.2672 0.1979 -0.9431
vn -0.2639 -0.7492 -0.6075
vn 0.7906 0.1949 -0.5805
vn 0.7159 -0.4091 -0.5658
vn -0.7872 0.2856 -0.5466
vn -0.4637 -0.7521 -0.4683
vn -0.3823 -0.7463 -0.5448
vn 0.2606 -0.9373 -0.2314
vn 0.7775 -0.1577 -0.6088
vn 0.2560 -0.8516 0.4574
vn 0.7541 -0.6358 -0.1646
vn -0.5943 -0.7535 -0.2811
vn 0.1187 0.9033 -0.4124
vn -0.2073 0.3141 -0.9265
vn 0.2518 0.4345 -0.8647
vn -0.0469 -0.9983 0.0332
vn 0.5799 -0.8142 -0.0278
vn 0.7873 -0.6147 0.0479
vn 0.7154 -0.5531 -0.4269
vn -0.2232 0.1617 -0.9613
vn -0.6072 0.1846 -0.7728
vn -0.3502 0.1478 -0.9249
vn -0.2555 -0.5150 -0.8182
vn -0.5090 0.7248 -0.4644
vn 0.8314 0.0471 -0.5537
vn -0.4076 -0.7054 -0.5799
vn -0.2524 -0.8923 -0.3743
vn 0.2091 -0.9769 0.0449
vn 0.1955 -0.9678 -0.1587
vn 0.9491 -0.1415 -0.2814
vn -0.5093 0.4876 -0.7091
vn -0.0429 -0.0091 -0.9990
vn -0.2358 0.4493 -0.8617
vn -0.6656 -0.3449 -0.6619
vn -0.4697 -0.1824 -0.8638
vn -0.3599 -0.4400 -0.8227
vn 0.3987 -0.0192 -0.9169
vn -0.2409 -0.9561 -0.1671
vn 0.9098 -0.2969 -0.2901
vn -0.1464 0.5539 -0.8196
vn 0.2233 -0.9733 0.0535
vn -0.0085 -0.9822 -0.1879
vn 0.4754 -0.8102 -0.3429
vn 0.3254 -0.8648 -0.3823
vn 0.2675 -0.9604 -0.0784
vn -0.0316 -0.9582 -0.2844
vn 0.3848 -0.9199 0.0762
vn 0.6460 0.0248 -0.7630
vn 0.9648 -0.0825 0.2498
vn -0.2046 -0.0155 -0.9787
vn -0.1822 0.4209 0.8886
vn -0.1921 0.4212 0.8864
vn -0.1921 0.4211 0.8865
vn -0.1936 0.4207 0.8863
vn -0.1924 0.4213 0.8863
vn -0.1929 0.4216 0.8860
vn -0.1905 0.4223 0.8862
vn -0.1924 0.4200 0.8869
vn -0.1930 0.4215 0.8861
vn -0.1930 0.4215 0.8860
vn -0.1931 0.4214 0.8861
vn -0.1932 0.4219 0.8858
vn -0.1929 0.4220 0.8858
vn -0.1878 0.4417 0.8773
vn -0.1930 0.4217 0.8859
vn -0.1915 0.4237 0.8854
vn -0.1944 0.4219 0.8855
vn -0.1934 0.4220 0.8857
vn -0.1949 0.4222 0.8853
vn -0.1927 0.4216 0.8861
vn -0.1931 0.4217 0.8859
vn -0.1993 0.4278 0.8816
vn -0.1912 0.4342 0.8803
vn -0.1932 0.4200 0.8867
vn -0.1929 0.4215 0.8861
vn -0.1931 0.4225 0.8856
vn -0.1889 0.4214 0.8870
vn -0.1936 0.4208 0.8863
vn -0.1785 0.4310 0.8845
vn -0.1925 0.4225 0.8857
vn -0.1965 0.4178 0.8870
vn -0.1939 0.4213 0.8860
vn -0.1937 0.4216 0.8858
vn -0.1918 0.4203 0.8869
vn -0.1936 0.4212 0.8861
vn -0.1943 0.4223 0.8854
vn -0.1929 0.4218 0.8859
vn -0.1930 0.4219 0.8859
vn -0.1897 0.4207 0.8872
vn -0.1909 0.4219 0.8863
vn -0.1932 0.4216 0.8859
vn -0.1930 0.4212 0.8862
vn -0.1931 0.4219 0.8859
vn -0.1917 0.4235 0.8854
vn -0.1935 0.4225 0.8855
vn -0.2057 0.4237 0.8821
vn -0.1927 0.4191 0.8873
vn -0.1953 0.4172 0.8876
vn -0.1927 0.4217 0.8860
vn -0.1973 0.4142 0.8885
vn -0.1659 0.5687 0.8057
vn -0.1931 0.4215 0.8860
vn -0.1932 0.4210 0.8862
vn -0.1887 0.4276 0.8840
vn -0.1924 0.4253 0.8844
vn -0.1923 0.4217 0.8861
vn -0.1933 0.4212 0.8861
vn -0.1933 0.4217 0.8859
vn -0.1884 0.4275 0.8842
vn -0.1924 0.4246 0.8847
vn -0.1948 0.4172 0.8877
vn -0.1931 0.4202 0.8866
vn -0.1922 0.4224 0.8858
vn -0.1959 0.4177 0.8872
vn -0.2038 0.4196 0.8846
vn -0.1909 0.4221 0.8862
vn -0.2086 0.3443 0.9154
vn -0.1932 0.4215 0.8860
vn -0.1931 0.4232 0.8852
vn -0.1934 0.4237 0.8849
vn -0.1931 0.4218 0.8859
vn -0.1895 0.4118 0.8914
vn -0.1926 0.4254 0.8843
vn -0.1945 0.4199 0.8865
vn -0.1731 0.4150 0.8932
vn -0.1948 0.4145 0.8890
vn -0.1931 0.4213 0.8861
vn -0.1933 0.4216 0.8860
vn -0.2019 0.4189 0.8853
vn -0.1932 0.4212 0.8862
vn -0.1930 0.4222 0.8857
vn -0.1918 0.4249 0.8847
vn -0.1929 0.4203 0.8866
vn -0.1937 0.4238 0.8848
vn -0.1930 0.4189 0.8873
vn -0.1920 0.4226 0.8857
vn -0.1933 0.4184 0.8874
vn -0.1924 0.4207 0.8866
vn -0.1940 0.4262 0.8836
vn -0.1935 0.4240 0.8848
vn -0.1934 0.4207 0.8863
vn -0.1912 0.4274 0.8836
vn -0.1936 0.4196 0.8868
vn -0.1928 0.4221 0.8858
vn -0.1955 0.4386 0.8772
vn -0.1928 0.4259 0.8840
vn -0.1969 0.4237 0.8841
vn -0.1930 0.4214 0.8861
vn -0.1926 0.4221 0.8859
vn -0.1932 0.4209 0.8863
vn -0.1946 0.4237 0.8846
vn -0.1960 0.4257 0.8834
vn -0.1936 0.4250 0.8842
vn -0.1869 0.4271 0.8847
vt 0.497908 1.081010
vt 0.503789 1.090795
vt 0.495089 1.081396
vt 0.495089 1.092698
vt 0.645690 1.111400
vt 0.642099 1.127595
vt 0.632989 1.188689
vt 0.495089 1.260194
vt 0.630001 1.242890
vt 0.618409 1.269907
vt 0.607010 1.288897
vt 0.602503 1.424509
vt 0.495089 1.422701
vt 0.597610 1.579400
vt 0.383095 1.288897
vt 0.387699 1.424509
vt 0.373094 1.424292
vt 0.369599 1.303189
vt 0.366900 1.290392
vt 0.360200 1.280800
vt 0.371696 1.269907
vt 0.347692 1.271401
vt 0.344608 1.258796
vt 0.324002 1.261809
vt 0.331401 1.250988
vt 0.360104 1.242890
vt 0.357091 1.188689
vt 0.338004 1.221393
vt 0.335498 1.241107
vt 0.336197 1.189605
vt 0.328702 1.129692
vt 0.348006 1.127595
vt 0.324990 1.119088
vt 0.344391 1.111400
vt 0.319303 1.108508
vt 0.312603 1.100290
vt 0.332509 1.095109
vt 0.305903 1.094602
vt 0.474893 1.083396
vt 0.486292 1.090795
vt 0.492293 1.081010
vt 0.488509 1.079395
vt 0.485304 1.077491
vt 0.474194 1.068189
vt 0.484605 1.070406
vt 0.483111 1.061103
vt 0.468506 1.053295
vt 0.315712 1.083299
vt 0.284406 1.083806
vt 0.284309 1.095109
vt 0.267608 1.096506
vt 0.259992 1.086408
vt 0.246689 1.099591
vt 0.236591 1.090192
vt 0.226589 1.104001
vt 0.213696 1.096410
vt 0.209406 1.108990
vt 0.194392 1.104990
vt 0.182004 1.118510
vt 0.174798 1.116196
vt 0.169810 1.123691
vt 0.169111 1.114003
vt 0.165809 1.120799
vt 0.151397 1.131789
vt 0.157591 1.119401
vt 0.164604 1.109689
vt 0.181595 1.100194
vt 0.194898 1.087903
vt 0.217696 1.073201
vt 0.240110 1.062598
vt 0.288888 1.050089
vt 0.275103 1.051198
vt 0.245098 1.055705
vt 0.271199 1.047607
vt 0.342993 1.029990
vt 0.224107 1.063802
vt 0.205309 1.073997
vt 0.190994 1.083589
vt 0.175907 1.097205
vt 0.408401 1.021001
vt 0.401894 1.016590
vt 0.451010 1.006010
vt 0.451708 1.016807
vt 0.453492 1.025989
vt 0.429609 1.035292
vt 0.465397 1.039196
vt 0.457709 1.032689
vt 0.476604 1.047005
vt 0.479207 1.050089
vt 0.480605 1.053102
vt -0.496197 1.090795
vt -0.502101 1.081010
vt -0.498293 1.079395
vt -0.484797 1.083396
vt -0.495209 1.077491
vt -0.354295 1.111400
vt -0.484098 1.068189
vt -0.342293 1.095109
vt -0.334798 1.119088
vt -0.357910 1.127595
vt -0.329207 1.108508
vt -0.322411 1.100290
vt -0.315807 1.094602
vt -0.325496 1.083299
vt -0.478411 1.053295
vt -0.492991 1.061103
vt -0.494510 1.070406
vt -0.490509 1.053102
vt -0.489111 1.050089
vt -0.486508 1.047005
vt -0.475302 1.039196
vt -0.439393 1.035292
vt -0.467590 1.032689
vt -0.463396 1.025989
vt -0.418305 1.021001
vt -0.461589 1.016807
vt -0.460890 1.006010
vt -0.411702 1.016590
vt -0.352897 1.029990
vt -0.298793 1.050089
vt -0.294190 1.083806
vt -0.294190 1.095109
vt -0.269897 1.086408
vt -0.277392 1.096506
vt -0.256593 1.099591
vt -0.246496 1.090192
vt -0.236398 1.104001
vt -0.223504 1.096410
vt -0.219190 1.108990
vt -0.204296 1.104990
vt -0.191788 1.118510
vt -0.184703 1.116196
vt -0.179594 1.123691
vt -0.175689 1.120799
vt -0.161302 1.131789
vt -0.167495 1.119401
vt -0.178991 1.114003
vt -0.191499 1.100194
vt -0.204802 1.087903
vt -0.227601 1.073201
vt -0.249990 1.062598
vt -0.285008 1.051198
vt -0.281103 1.047607
vt -0.254906 1.055705
vt -0.233891 1.063802
vt -0.215093 1.073997
vt -0.200898 1.083589
vt -0.185811 1.097205
vt -0.174509 1.109689
vt -0.338510 1.129692
vt -0.366996 1.188689
vt -0.346101 1.189605
vt -0.347909 1.221393
vt -0.370009 1.242890
vt -0.345306 1.241107
vt -0.341305 1.250988
vt -0.354488 1.258796
vt -0.381601 1.269907
vt -0.333907 1.261809
vt -0.357597 1.271401
vt -0.370009 1.280800
vt -0.393000 1.288897
vt -0.376805 1.290392
vt -0.379504 1.303189
vt -0.397507 1.424509
vt -0.382999 1.424292
vt -0.493401 0.969595
vt -0.485810 0.984200
vt -0.494389 0.990201
vt -0.473205 0.974006
vt -0.453395 0.954991
vt -0.462698 0.941904
vt -0.425005 0.923805
vt -0.429102 0.903609
vt -0.395892 0.888402
vt -0.390711 0.852396
vt -0.369310 0.853601
vt -0.377190 0.825910
vt -0.398398 0.824296
vt -0.381697 0.801907
vt -0.402809 0.786410
vt -0.383794 0.781711
vt -0.397193 0.760093
vt -0.383601 0.763804
vt -0.370900 0.756912
vt -0.375696 0.764094
vt -0.368611 0.765395
vt -0.359911 0.758189
vt -0.359405 0.768504
vt -0.355307 0.764503
vt -0.351210 0.758406
vt -0.349692 0.753297
vt -0.359405 0.752694
vt -0.366610 0.743801
vt -0.389289 0.732209
vt -0.376202 0.728498
vt -0.380492 0.724401
vt -0.400110 0.721605
vt -0.383312 0.719508
vt -0.384396 0.710712
vt -0.404110 0.698108
vt -0.383697 0.699409
vt -0.379890 0.692709
vt -0.378106 0.698710
vt -0.371888 0.699096
vt -0.359405 0.693312
vt -0.353211 0.703506
vt -0.349692 0.696396
vt -0.348993 0.690998
vt -0.350994 0.686106
vt -0.363405 0.686202
vt -0.380107 0.674899
vt -0.396109 0.663596
vt -0.375190 0.666392
vt -0.356488 0.680611
vt -0.356006 0.741295
vt -0.351090 0.746910
vt -0.381408 0.659692
vt -0.384493 0.652607
vt -0.405701 0.648196
vt -0.385409 0.644388
vt -0.402592 0.636411
vt -0.384493 0.638195
vt -0.381312 0.632604
vt -0.374491 0.638002
vt -0.379697 0.607298
vt -0.394494 0.594405
vt -0.379600 0.592597
vt -0.402399 0.579390
vt -0.369406 0.605997
vt -0.385192 0.577101
vt -0.386589 0.556809
vt -0.397507 0.424499
vt -0.382999 0.424306
vt -0.355500 0.618794
vt -0.364899 0.622795
vt -0.363911 0.634291
vt -0.366803 0.638990
vt -0.353500 0.642605
vt -0.350704 0.636604
vt -0.349596 0.630290
vt -0.350994 0.624699
vt 0.506608 0.969595
vt 0.505596 0.990201
vt 0.499788 0.992707
vt 0.495089 0.974994
vt 0.495089 0.993502
vt 0.490293 0.992707
vt 0.484605 0.990201
vt 0.483593 0.969595
vt 0.475905 0.984200
vt 0.463397 0.974006
vt 0.443490 0.954991
vt 0.452889 0.941904
vt 0.495089 0.848998
vt 0.537312 0.941904
vt 0.570907 0.903609
vt 0.609299 0.852396
vt 0.601611 0.824296
vt 0.597201 0.786410
vt 0.495089 0.743488
vt 0.602792 0.760093
vt 0.610697 0.732209
vt 0.599900 0.721605
vt 0.595899 0.698108
vt 0.495089 0.608407
vt 0.603901 0.663596
vt 0.594309 0.648196
vt 0.597394 0.636411
vt 0.605491 0.594405
vt 0.597610 0.579390
vt 0.495089 0.422692
vt 0.392591 0.579390
vt 0.387699 0.424499
vt 0.376709 0.556809
vt 0.373094 0.424306
vt 0.375311 0.577101
vt 0.369696 0.592597
vt 0.384590 0.594405
vt 0.369792 0.607298
vt 0.359501 0.605997
vt 0.345596 0.618794
vt 0.392711 0.636411
vt 0.371407 0.632604
vt 0.354995 0.622795
vt 0.341089 0.624699
vt 0.339691 0.630290
vt 0.354103 0.634291
vt 0.340800 0.636604
vt 0.343595 0.642605
vt 0.356899 0.638990
vt 0.364611 0.638002
vt 0.374588 0.638195
vt 0.375504 0.644388
vt 0.395893 0.648196
vt 0.374588 0.652607
vt 0.386204 0.663596
vt 0.371503 0.659692
vt 0.365310 0.666392
vt 0.370298 0.674899
vt 0.346608 0.680611
vt 0.394206 0.698108
vt 0.390205 0.721605
vt 0.374492 0.710712
vt 0.373793 0.699409
vt 0.370009 0.692709
vt 0.353501 0.686202
vt 0.341209 0.686106
vt 0.349500 0.693312
vt 0.339209 0.690998
vt 0.339812 0.696396
vt 0.343306 0.703506
vt 0.362104 0.699096
vt 0.368298 0.698710
vt 0.373407 0.719508
vt 0.370612 0.724401
vt 0.379408 0.732209
vt 0.366298 0.728498
vt 0.356802 0.743801
vt 0.346102 0.741295
vt 0.341209 0.746910
vt 0.349500 0.752694
vt 0.339812 0.753297
vt 0.360996 0.756912
vt 0.350102 0.758189
vt 0.341306 0.758406
vt 0.345403 0.764503
vt 0.349596 0.768504
vt 0.358706 0.765395
vt 0.365912 0.764094
vt 0.373696 0.763804
vt 0.387409 0.760093
vt 0.392904 0.786410
vt 0.373889 0.781711
vt 0.371792 0.801907
vt 0.388494 0.824296
vt 0.367310 0.825910
vt 0.380806 0.852396
vt 0.359405 0.853601
vt 0.386012 0.888402
vt 0.419197 0.903609
vt 0.415197 0.923805
vt 0.492293 0.081000
vt 0.495010 0.081494
vt 0.495089 0.081410
vt 0.488509 0.079410
vt 0.485212 0.077558
vt 0.488389 0.079445
vt 0.484605 0.070396
vt 0.485201 0.077419
vt 0.485304 0.077506
vt 0.483028 0.061160
vt 0.484508 0.070376
vt 0.483111 0.061094
vt 0.482965 0.061016
vt 0.480605 0.053093
vt 0.479100 0.050136
vt 0.479207 0.050104
vt 0.465428 0.039352
vt 0.476604 0.046995
vt 0.465397 0.039211
vt 0.465085 0.039177
vt 0.305903 0.094593
vt 0.305989 0.094494
vt 0.305715 0.094499
vt 0.453492 0.026004
vt 0.453079 0.025958
vt 0.453283 0.026085
vt 0.457709 0.032704
vt 0.343593 0.029922
vt 0.401894 0.016605
vt 0.342993 0.030005
vt 0.342518 0.030181
vt 0.271199 0.047598
vt 0.271234 0.047630
vt 0.271354 0.047620
vt 0.245367 0.055655
vt 0.224248 0.063782
vt 0.245098 0.055695
vt 0.224107 0.063793
vt 0.224051 0.063875
vt 0.284309 0.095099
vt 0.284310 0.095000
vt 0.267608 0.096497
vt 0.246805 0.099490
vt 0.246689 0.099606
vt 0.205309 0.074011
vt 0.205218 0.074133
vt 0.205418 0.074004
vt 0.190994 0.083603
vt 0.164752 0.109621
vt 0.175907 0.097196
vt 0.164604 0.109704
vt 0.226676 0.103872
vt 0.226589 0.103992
vt 0.157691 0.119345
vt 0.164643 0.109741
vt 0.157591 0.119392
vt 0.157663 0.119404
vt 0.151523 0.131707
vt 0.151397 0.131803
vt 0.209276 0.108970
vt 0.196992 0.113227
vt 0.182004 0.118500
vt 0.312603 0.100305
vt 0.306136 0.094597
vt 0.319418 0.108381
vt 0.319303 0.108499
vt 0.324990 0.119103
vt 0.319523 0.108524
vt 0.325195 0.119179
vt 0.325161 0.119035
vt 0.336197 0.189595
vt 0.328949 0.130221
vt 0.328702 0.129707
vt 0.338171 0.221122
vt 0.338004 0.221408
vt 0.338198 0.221596
vt 0.331652 0.250932
vt 0.335498 0.241097
vt 0.331401 0.251002
vt 0.331520 0.251073
vt 0.347665 0.271278
vt 0.324002 0.261799
vt 0.347692 0.271391
vt 0.497908 0.081000
vt 0.501711 0.079511
vt 0.501692 0.079410
vt 0.504893 0.077558
vt 0.504801 0.077506
vt 0.501811 0.079445
vt 0.665005 0.119179
vt 0.661500 0.129707
vt 0.665211 0.119103
vt 0.670581 0.108524
vt 0.670802 0.108499
vt 0.670688 0.108381
vt 0.507140 0.061016
vt 0.509501 0.053093
vt 0.506994 0.061094
vt 0.510898 0.050104
vt 0.513582 0.047058
vt 0.513501 0.046995
vt 0.705796 0.095099
vt 0.684391 0.094499
vt 0.684202 0.094593
vt 0.532396 0.032704
vt 0.536798 0.026085
vt 0.536589 0.026004
vt 0.538396 0.016798
vt 0.539486 0.006138
vt 0.539095 0.006001
vt 0.588308 0.016605
vt 0.745103 0.055695
vt 0.744833 0.055655
vt 0.745146 0.055756
vt 0.722594 0.096497
vt 0.706008 0.095023
vt 0.763612 0.103992
vt 0.780758 0.108895
vt 0.763724 0.103926
vt 0.780795 0.109005
vt 0.780925 0.108970
vt 0.808089 0.118383
vt 0.808197 0.118500
vt 0.808259 0.118480
vt 0.820347 0.123640
vt 0.820392 0.123706
vt 0.820426 0.123680
vt 0.838582 0.131707
vt 0.838708 0.131803
vt 0.825501 0.109704
vt 0.832390 0.119345
vt 0.832490 0.119392
vt 0.825353 0.109621
vt 0.825462 0.109741
vt 0.799111 0.083603
vt 0.814031 0.097114
vt 0.814198 0.097196
vt 0.784983 0.074133
vt 0.784892 0.074011
vt 0.360200 0.280790
vt 0.360408 0.280864
vt 0.360301 0.280695
vt 0.366900 0.290406
vt 0.369722 0.303073
vt 0.367047 0.290393
vt 0.369599 0.303203
vt 0.369765 0.304315
vt 0.370777 0.339372
vt 0.376810 0.555596
vt 0.373228 0.424308
vt 0.376849 0.557008
vt 0.369898 0.592481
vt 0.375464 0.577121
vt 0.369829 0.592613
vt 0.369697 0.592727
vt 0.345810 0.618692
vt 0.359593 0.606008
vt 0.341210 0.624682
vt 0.345678 0.618829
vt 0.339825 0.630224
vt 0.343690 0.642531
vt 0.364517 0.637969
vt 0.364670 0.637955
vt 0.374749 0.638179
vt 0.374560 0.638146
vt 0.374773 0.652568
vt 0.375681 0.644421
vt 0.365493 0.666367
vt 0.371632 0.659726
vt 0.346816 0.680561
vt 0.365353 0.666467
vt 0.346671 0.680662
vt 0.341283 0.686169
vt 0.343361 0.703416
vt 0.362173 0.699040
vt 0.361993 0.699044
vt 0.373760 0.699351
vt 0.374667 0.710600
vt 0.374631 0.710808
vt 0.370785 0.724376
vt 0.373556 0.719527
vt 0.370690 0.724471
vt 0.620409 0.592597
vt 0.620276 0.592613
vt 0.620408 0.592727
vt 0.614794 0.577101
vt 0.620207 0.592480
vt 0.613256 0.557008
vt 0.613396 0.556809
vt 0.617011 0.424306
vt 0.613296 0.555595
vt 0.620341 0.304315
vt 0.616878 0.424308
vt 0.620506 0.303203
vt 0.620383 0.303073
vt 0.651907 0.221596
vt 0.654704 0.241097
vt 0.652101 0.221408
vt 0.658704 0.251002
vt 0.665918 0.261772
vt 0.666103 0.261799
vt 0.642388 0.271391
vt 0.642416 0.271278
vt 0.642179 0.271378
vt 0.629900 0.280695
vt 0.630001 0.280790
vt 0.629792 0.280864
vt 0.623205 0.290406
vt 0.630603 0.605997
vt 0.644295 0.618693
vt 0.644509 0.618794
vt 0.648992 0.624699
vt 0.650256 0.630224
vt 0.650390 0.630290
vt 0.650262 0.630326
vt 0.649305 0.636604
vt 0.646416 0.642530
vt 0.646510 0.642605
vt 0.633206 0.638990
vt 0.633232 0.638948
vt 0.625494 0.638002
vt 0.625589 0.637969
vt 0.625435 0.637955
vt 0.615493 0.638195
vt 0.615521 0.638146
vt 0.615493 0.652607
vt 0.615309 0.652568
vt 0.615391 0.652703
vt 0.618602 0.659692
vt 0.624612 0.666367
vt 0.624795 0.666392
vt 0.643434 0.680662
vt 0.648992 0.686106
vt 0.643497 0.680611
vt 0.650992 0.690998
vt 0.650208 0.696369
vt 0.650293 0.696396
vt 0.648250 0.700352
vt 0.646799 0.703506
vt 0.628097 0.699096
vt 0.646744 0.703416
vt 0.628208 0.699044
vt 0.628028 0.699040
vt 0.621903 0.698710
vt 0.616288 0.699409
vt 0.616321 0.699351
vt 0.616107 0.699397
vt 0.615589 0.710712
vt 0.615414 0.710600
vt 0.615450 0.710808
vt 0.616698 0.719508
vt 0.619414 0.724471
vt 0.623807 0.728498
vt 0.619493 0.724401
vt 0.644003 0.741295
vt 0.648757 0.746882
vt 0.648896 0.746910
vt 0.648823 0.746960
vt 0.650293 0.753297
vt 0.650203 0.753340
vt 0.648799 0.758406
vt 0.644661 0.764447
vt 0.644702 0.764503
vt 0.640601 0.768413
vt 0.640605 0.768504
vt 0.631399 0.765395
vt 0.631476 0.765331
vt 0.631379 0.765321
vt 0.624289 0.764094
vt 0.616519 0.763745
vt 0.616409 0.763804
vt 0.616071 0.781516
vt 0.616192 0.781711
vt 0.618142 0.802103
vt 0.622795 0.825910
vt 0.618288 0.801907
vt 0.622609 0.825896
vt 0.622676 0.826145
vt 0.630700 0.853601
vt 0.630511 0.853591
vt 0.604093 0.888402
vt 0.604139 0.888083
vt 0.603804 0.888535
vt 0.574676 0.923963
vt 0.546591 0.954991
vt 0.575005 0.923805
vt 0.546242 0.955118
vt 0.526804 0.974006
vt 0.514200 0.984200
vt 0.505605 0.990021
vt 0.499848 0.992505
vt 0.499747 0.992553
vt 0.495089 0.993341
vt 0.490335 0.992553
vt 0.475972 0.984072
vt 0.443840 0.955118
vt 0.443572 0.954876
vt 0.415526 0.923963
vt 0.415232 0.923629
vt 0.386301 0.888535
vt 0.385965 0.888083
vt 0.367429 0.826145
vt 0.371939 0.802103
vt 0.371978 0.801770
vt 0.349601 0.768413
vt 0.339903 0.753340
vt 0.339896 0.753291
vt 0.366213 0.728635
vt 0.341349 0.746882
vt 0.346198 0.741317
vt 0.341282 0.746961
vt 0.284097 0.095023
vt 0.650209 0.753291
vt 0.648871 0.624682
vt 0.644427 0.618829
vt 0.339820 0.630326
vt 0.340919 0.636583
vt 0.226477 0.103926
vt 0.373974 0.699397
vt 0.358726 0.765321
vt 0.358630 0.765331
vt 0.373586 0.763745
vt 0.618103 0.801770
vt 0.616024 0.781752
vt 0.182112 0.118383
vt 0.181941 0.118480
vt 0.614448 0.644318
vt 0.615332 0.638179
vt 0.647586 0.030181
vt 0.718906 0.047598
vt 0.647112 0.030005
vt 0.743480 0.099524
vt 0.743276 0.099490
vt 0.743392 0.099606
vt 0.511005 0.050136
vt 0.509621 0.053095
vt 0.328874 0.129688
vt 0.665039 0.119035
vt 0.524677 0.039352
vt 0.490234 0.992506
vt 0.624752 0.666467
vt 0.619320 0.724376
vt 0.616549 0.719527
vt 0.546510 0.954876
vt 0.463573 0.973967
vt 0.335713 0.241113
vt 0.484596 0.990021
vt 0.209443 0.108895
vt 0.209406 0.109005
vt 0.374690 0.652703
vt 0.651934 0.221122
vt 0.653908 0.189595
vt 0.653726 0.189588
vt 0.765952 0.063782
vt 0.766150 0.063875
vt 0.766094 0.063793
vt 0.345445 0.764448
vt 0.615921 0.657722
vt 0.640296 0.681217
vt 0.637898 0.690091
vt 0.495089 0.081512
vt 0.514134 0.984072
vt 0.526628 0.973967
vt 0.169853 0.123640
vt 0.169810 0.123706
vt 0.169775 0.123680
vt 0.763524 0.103872
vt 0.246601 0.099524
vt 0.684117 0.094494
vt 0.683970 0.094597
vt 0.488490 0.079512
vt 0.375657 0.644318
vt 0.181039 0.092641
vt 0.643289 0.680561
vt 0.450619 0.006138
vt 0.401953 0.016645
vt 0.614425 0.644421
vt 0.614601 0.644388
vt 0.658453 0.250932
vt 0.658585 0.251073
vt 0.451708 0.016798
vt 0.451010 0.006001
vt 0.374011 0.781516
vt 0.537003 0.025958
vt 0.648878 0.686107
vt 0.648918 0.686169
vt 0.814149 0.097222
vt 0.654487 0.241113
vt 0.373820 0.763771
vt 0.661327 0.129688
vt 0.661251 0.130221
vt 0.347902 0.271378
vt 0.614162 0.809836
vt 0.394061 0.868784
vt 0.382724 0.750470
vt 0.181796 0.137135
vt 0.188361 0.127809
vt 0.203517 0.111614
vt 0.365869 0.764031
vt 0.504904 0.077419
vt 0.339897 0.696369
vt 0.175956 0.097222
vt 0.176073 0.097114
vt 0.324188 0.261772
vt 0.507077 0.061160
vt 0.784783 0.074004
vt 0.623690 0.728531
vt 0.623893 0.728635
vt 0.374057 0.781752
vt 0.495166 0.081494
vt 0.705796 0.095000
vt 0.451311 0.016836
vt 0.245054 0.055756
vt 0.646513 0.029922
vt 0.588247 0.016645
vt 0.476523 0.047058
vt 0.621888 0.698658
vt 0.677599 0.100305
vt 0.677424 0.100259
vt 0.718871 0.047630
vt 0.505500 0.070396
vt 0.505597 0.070376
vt 0.341384 0.758404
vt 0.832418 0.119404
vt 0.623058 0.290393
vt 0.616286 0.763771
vt 0.574969 0.923629
vt 0.341322 0.686107
vt 0.366415 0.728531
vt 0.367495 0.825896
vt 0.525021 0.039177
vt 0.524708 0.039211
vt 0.368313 0.698658
vt 0.718751 0.047620
vt 0.492239 0.081088
vt 0.480484 0.053095
vt 0.457464 0.032726
vt 0.267541 0.096409
vt 0.191028 0.083641
vt 0.312777 0.100259
vt 0.336379 0.189588
vt 0.497961 0.081088
vt 0.532642 0.032726
vt 0.538793 0.016836
vt 0.722659 0.096409
vt 0.799077 0.083641
vt 0.356874 0.638948
vt 0.339300 0.691019
vt 0.614642 0.577121
vt 0.630512 0.606008
vt 0.649187 0.636583
vt 0.618473 0.659726
vt 0.650900 0.691018
vt 0.643908 0.741317
vt 0.648722 0.758404
vt 0.624331 0.764031
vt 0.359594 0.853591
vt 0.218257 0.131243
vt 0.212805 0.103052
vt 0.225938 0.094028
vt 0.226124 0.093905
vt 0.243442 0.084292
vt 0.243625 0.084203
vt 0.262937 0.076585
vt 0.263228 0.076489
vt 0.287300 0.068807
vt 0.287412 0.068797
vt 0.353591 0.052155
vt 0.354590 0.051908
vt 0.408838 0.039292
vt 0.454077 0.029356
vt 0.454785 0.039521
vt 0.229825 0.127090
vt 0.229670 0.127162
vt 0.456394 0.048182
vt 0.456584 0.048303
vt 0.460511 0.054647
vt 0.467593 0.060794
vt 0.467913 0.060961
vt 0.478200 0.068276
vt 0.480579 0.071150
vt 0.245727 0.122414
vt 0.481865 0.074056
vt 0.484244 0.081534
vt 0.484303 0.081671
vt 0.485654 0.090461
vt 0.486298 0.097128
vt 0.486308 0.097260
vt 0.489204 0.099091
vt 0.489299 0.099155
vt 0.492838 0.100626
vt 0.495413 0.100985
vt 0.495486 0.101002
vt 0.495557 0.100985
vt 0.498068 0.100626
vt 0.501608 0.099155
vt 0.501702 0.099091
vt 0.504599 0.097260
vt 0.504609 0.097128
vt 0.505253 0.090461
vt 0.506604 0.081671
vt 0.506662 0.081534
vt 0.509041 0.074056
vt 0.510327 0.071149
vt 0.512706 0.068276
vt 0.522994 0.060961
vt 0.523314 0.060794
vt 0.530460 0.054647
vt 0.534323 0.048303
vt 0.534513 0.048182
vt 0.536122 0.039521
vt 0.536830 0.029356
vt 0.582068 0.039292
vt 0.636317 0.051908
vt 0.637315 0.052154
vt 0.703495 0.068797
vt 0.703607 0.068807
vt 0.727679 0.076489
vt 0.727969 0.076585
vt 0.747281 0.084203
vt 0.747465 0.084292
vt 0.764782 0.093905
vt 0.764969 0.094028
vt 0.778101 0.103052
vt 0.792007 0.115869
vt 0.792115 0.115972
vt 0.802545 0.127809
vt 0.802646 0.127923
vt 0.809085 0.137079
vt 0.809111 0.137135
vt 0.814904 0.148874
vt 0.797973 0.141190
vt 0.797900 0.141151
vt 0.786634 0.136279
vt 0.786475 0.136187
vt 0.761237 0.127162
vt 0.761082 0.127090
vt 0.745180 0.122414
vt 0.744994 0.122364
vt 0.726452 0.118243
vt 0.726263 0.118211
vt 0.707013 0.115236
vt 0.691626 0.113863
vt 0.691429 0.113841
vt 0.671471 0.113416
vt 0.671217 0.113411
vt 0.671080 0.113510
vt 0.664964 0.118872
vt 0.658783 0.126687
vt 0.658685 0.126823
vt 0.653471 0.136795
vt 0.653439 0.136932
vt 0.650028 0.146870
vt 0.649957 0.147378
vt 0.643004 0.203914
vt 0.641330 0.233898
vt 0.641306 0.234349
vt 0.643623 0.252953
vt 0.245912 0.122364
vt 0.264454 0.118244
vt 0.647422 0.262272
vt 0.647545 0.262407
vt 0.654303 0.272671
vt 0.632484 0.281693
vt 0.264644 0.118212
vt 0.299478 0.113841
vt 0.299280 0.113863
vt 0.283893 0.115236
vt 0.632263 0.281788
vt 0.319436 0.113416
vt 0.620804 0.290650
vt 0.620704 0.290810
vt 0.614461 0.299897
vt 0.319690 0.113411
vt 0.319827 0.113510
vt 0.612016 0.311959
vt 0.611975 0.313141
vt 0.325943 0.118872
vt 0.332123 0.126687
vt 0.608694 0.427305
vt 0.605347 0.552320
vt 0.605310 0.553665
vt 0.332221 0.126823
vt 0.340879 0.146870
vt 0.337532 0.136932
vt 0.337500 0.136795
vt 0.606598 0.572792
vt 0.611812 0.587406
vt 0.340950 0.147378
vt 0.349601 0.234349
vt 0.349576 0.233898
vt 0.347967 0.203914
vt 0.611876 0.587533
vt 0.611999 0.587641
vt 0.621398 0.600229
vt 0.634208 0.612326
vt 0.634330 0.612455
vt 0.347284 0.252954
vt 0.638451 0.618046
vt 0.336604 0.272671
vt 0.343427 0.262407
vt 0.343550 0.262272
vt 0.639738 0.623343
vt 0.639743 0.623440
vt 0.638777 0.629423
vt 0.636202 0.635045
vt 0.623909 0.631678
vt 0.616829 0.630697
vt 0.358423 0.281693
vt 0.358643 0.281788
vt 0.616686 0.630684
vt 0.607480 0.630880
vt 0.376446 0.299897
vt 0.370203 0.290810
vt 0.370103 0.290650
vt 0.607304 0.630912
vt 0.606467 0.636764
vt 0.606445 0.636862
vt 0.378891 0.311959
vt 0.607282 0.644612
vt 0.607359 0.644741
vt 0.610191 0.651411
vt 0.378931 0.313141
vt 0.639717 0.686284
vt 0.638458 0.676515
vt 0.638494 0.676574
vt 0.633303 0.671254
vt 0.633438 0.671351
vt 0.616051 0.657816
vt 0.379890 0.346495
vt 0.636498 0.693020
vt 0.619182 0.688835
vt 0.619015 0.688831
vt 0.613349 0.688504
vt 0.385596 0.553665
vt 0.385559 0.552321
vt 0.382213 0.427305
vt 0.608263 0.689157
vt 0.384309 0.572792
vt 0.608064 0.689202
vt 0.379095 0.587406
vt 0.607420 0.699762
vt 0.607454 0.699961
vt 0.608419 0.708265
vt 0.369509 0.600228
vt 0.378907 0.587641
vt 0.379031 0.587533
vt 0.356576 0.612455
vt 0.356699 0.612325
vt 0.610994 0.712907
vt 0.352456 0.618046
vt 0.351164 0.623440
vt 0.351168 0.623343
vt 0.354704 0.635046
vt 0.352130 0.629423
vt 0.366998 0.631678
vt 0.611082 0.712997
vt 0.615073 0.716887
vt 0.615261 0.716986
vt 0.633863 0.729082
vt 0.374078 0.630698
vt 0.638368 0.734345
vt 0.638431 0.734419
vt 0.639719 0.740501
vt 0.639713 0.740548
vt 0.638361 0.745289
vt 0.634563 0.751076
vt 0.630765 0.754868
vt 0.622268 0.751893
vt 0.622178 0.751883
vt 0.615611 0.750706
vt 0.374221 0.630684
vt 0.383427 0.630880
vt 0.608401 0.750444
vt 0.608183 0.750470
vt 0.607990 0.767305
vt 0.607947 0.767529
vt 0.383603 0.630912
vt 0.384462 0.636862
vt 0.384439 0.636764
vt 0.380716 0.651411
vt 0.383548 0.644741
vt 0.383625 0.644612
vt 0.357603 0.671254
vt 0.374856 0.657816
vt 0.374986 0.657722
vt 0.352449 0.676515
vt 0.357469 0.671351
vt 0.350610 0.681217
vt 0.352413 0.676574
vt 0.354408 0.693020
vt 0.351190 0.686285
vt 0.377558 0.688504
vt 0.371892 0.688831
vt 0.371724 0.688835
vt 0.382644 0.689158
vt 0.382843 0.689202
vt 0.382487 0.708265
vt 0.383453 0.699961
vt 0.383487 0.699762
vt 0.609879 0.786558
vt 0.609915 0.786875
vt 0.379913 0.712908
vt 0.614100 0.809599
vt 0.379825 0.712997
vt 0.621372 0.835893
vt 0.596846 0.868784
vt 0.357044 0.729082
vt 0.375645 0.716987
vt 0.375834 0.716887
vt 0.596533 0.869213
vt 0.569687 0.902598
vt 0.569413 0.902916
vt 0.543275 0.932345
vt 0.543027 0.932575
vt 0.524743 0.950494
vt 0.513219 0.960107
vt 0.505236 0.965797
vt 0.499892 0.968184
vt 0.499799 0.968228
vt 0.495486 0.968916
vt 0.491108 0.968229
vt 0.491015 0.968184
vt 0.485671 0.965797
vt 0.477688 0.960107
vt 0.466164 0.950494
vt 0.447880 0.932575
vt 0.447631 0.932345
vt 0.421493 0.902916
vt 0.421220 0.902598
vt 0.394374 0.869213
vt 0.369535 0.835893
vt 0.376745 0.809836
vt 0.352476 0.734419
vt 0.352539 0.734345
vt 0.351194 0.740548
vt 0.351188 0.740501
vt 0.356344 0.751076
vt 0.352546 0.745289
vt 0.368639 0.751893
vt 0.360142 0.754869
vt 0.375295 0.750706
vt 0.368728 0.751883
vt 0.376807 0.809600
vt 0.380992 0.786875
vt 0.382506 0.750444
vt 0.381028 0.786558
vt 0.382959 0.767529
vt 0.382917 0.767305
vt 0.204432 0.136187
vt 0.204273 0.136279
vt 0.193071 0.141151
vt 0.192997 0.141190
vt 0.176002 0.148874
vt 0.181822 0.137079
vt 0.188260 0.127923
vt 0.198791 0.115972
vt 0.198900 0.115869
s 1
usemtl models_monsters_darklord_mech_darklord_mech_sword_effect
f 4/1/1 5/2/2 2/3/3
f 5/2/2 6/4/4 2/3/3
f 6/4/4 5/2/2 421/5/5
f 423/6/6 6/4/4 421/5/5
f 6/4/4 423/6/6 422/7/7
f 204/8/8 6/4/4 422/7/7
f 204/8/8 422/7/7 424/9/9
f 204/8/8 424/9/9 425/10/10
f 207/11/11 204/8/8 425/10/10
f 206/12/12 205/13/8 207/11/11
f 205/13/8 204/8/8 207/11/11
f 206/12/12 429/14/13 205/13/8
f 204/8/8 205/13/8 194/15/14
f 205/13/8 192/16/15 194/15/14
f 191/17/16 193/18/16 192/16/15
f 193/18/16 194/15/14 192/16/15
f 194/15/14 193/18/16 201/19/17
f 209/20/18 194/15/14 201/19/17
f 194/15/14 209/20/18 208/21/19
f 204/8/8 194/15/14 208/21/19
f 209/20/18 213/22/20 208/21/19
f 175/23/21 213/22/20 180/24/22
f 213/22/20 175/23/21 208/21/19
f 180/24/22 176/25/23 175/23/21
f 208/21/19 175/23/21 159/26/24
f 175/23/21 176/25/23 159/26/24
f 159/26/24 204/8/8 208/21/19
f 6/4/4 204/8/8 160/27/25
f 160/27/25 204/8/8 159/26/24
f 159/26/24 161/28/26 160/27/25
f 159/26/24 176/25/23 166/29/27
f 161/28/26 159/26/24 166/29/27
f 172/30/28 160/27/25 161/28/26
f 160/27/25 172/30/28 169/31/29
f 144/32/30 160/27/25 169/31/29
f 144/32/30 6/4/4 160/27/25
f 169/31/29 146/33/31 144/32/30
f 6/4/4 144/32/30 145/34/32
f 144/32/30 146/33/31 145/34/32
f 153/35/33 145/34/32 146/33/31
f 152/36/34 151/37/35 153/35/33
f 153/35/33 151/37/35 145/34/32
f 152/36/34 108/38/36 151/37/35
f 151/37/35 10/39/37 145/34/32
f 1/40/38 6/4/4 145/34/32
f 10/39/37 1/40/38 145/34/32
f 6/4/4 1/40/38 2/3/3
f 1/40/38 3/41/39 2/3/3
f 3/41/39 1/40/38 11/42/40
f 11/42/40 1/40/38 10/39/37
f 9/43/41 11/42/40 10/39/37
f 10/39/37 19/44/42 9/43/41
f 151/37/35 19/44/42 10/39/37
f 19/44/42 20/45/43 9/43/41
f 19/44/42 24/46/44 20/45/43
f 27/47/45 24/46/44 19/44/42
f 19/44/42 151/37/35 27/47/45
f 106/48/46 151/37/35 108/38/36
f 151/37/35 106/48/46 27/47/45
f 108/38/36 107/49/47 106/48/46
f 108/38/36 109/50/48 107/49/47
f 116/51/49 117/52/50 109/50/48
f 117/52/50 107/49/47 109/50/48
f 116/51/49 122/53/51 117/52/50
f 121/54/52 117/52/50 122/53/51
f 121/54/52 122/53/51 127/55/53
f 126/56/54 121/54/52 127/55/53
f 126/56/54 127/55/53 132/57/55
f 131/58/56 126/56/54 132/57/55
f 131/58/56 132/57/55 137/59/57
f 136/60/58 131/58/56 137/59/57
f 137/59/57 141/61/59 136/60/58
f 131/58/56 136/60/58 96/62/60
f 141/61/59 98/63/61 136/60/58
f 98/63/61 96/62/60 136/60/58
f 141/61/59 103/64/62 98/63/61
f 98/63/61 99/65/63 96/62/60
f 98/63/61 103/64/62 99/65/63
f 99/65/63 87/66/64 96/62/60
f 87/66/64 85/67/65 96/62/60
f 85/67/65 131/58/56 96/62/60
f 126/56/54 131/58/56 85/67/65
f 73/68/66 126/56/54 85/67/65
f 121/54/52 126/56/54 73/68/66
f 74/69/67 121/54/52 73/68/66
f 121/54/52 74/69/67 117/52/50
f 74/69/67 80/70/68 117/52/50
f 117/52/50 80/70/68 107/49/47
f 106/48/46 107/49/47 62/71/69
f 80/70/68 68/72/70 107/49/47
f 107/49/47 68/72/70 62/71/69
f 80/70/68 70/73/71 68/72/70
f 68/72/70 61/74/72 62/71/69
f 68/72/70 70/73/71 61/74/72
f 61/74/72 60/75/73 62/71/69
f 70/73/71 80/70/68 81/76/74
f 74/69/67 81/76/74 80/70/68
f 73/68/66 75/77/75 74/69/67
f 81/76/74 74/69/67 75/77/75
f 73/68/66 93/78/76 75/77/75
f 93/78/76 73/68/66 86/79/77
f 73/68/66 85/67/65 86/79/77
f 85/67/65 87/66/64 86/79/77
f 62/71/69 60/75/73 49/80/78
f 49/80/78 60/75/73 57/81/79
f 52/82/80 49/80/78 57/81/79
f 51/83/43 49/80/78 52/82/80
f 39/84/81 49/80/78 51/83/43
f 49/80/78 39/84/81 40/85/82
f 49/80/78 40/85/82 62/71/69
f 40/85/82 106/48/46 62/71/69
f 106/48/46 40/85/82 27/47/45
f 40/85/82 46/86/83 27/47/45
f 39/84/81 38/87/84 40/85/82
f 40/85/82 38/87/84 46/86/83
f 27/47/45 46/86/83 33/88/85
f 32/89/86 27/47/45 33/88/85
f 27/47/45 32/89/86 29/90/44
f 24/46/44 27/47/45 29/90/44
f 12/91/2 18/92/87 14/93/88
f 12/91/2 14/93/88 13/94/89
f 14/93/88 15/95/90 13/94/89
f 12/91/2 13/94/89 148/96/5
f 15/95/90 22/97/91 13/94/89
f 13/94/89 156/98/92 148/96/5
f 22/97/91 156/98/92 13/94/89
f 148/96/5 147/99/93 149/100/94
f 156/98/92 154/101/95 148/96/5
f 148/96/5 154/101/95 147/99/93
f 156/98/92 155/102/96 154/101/95
f 155/102/96 156/98/92 112/103/97
f 156/98/92 113/104/98 112/103/97
f 156/98/92 22/97/91 28/105/91
f 113/104/98 156/98/92 28/105/91
f 22/97/91 25/106/99 28/105/91
f 15/95/90 21/107/100 22/97/91
f 25/106/99 22/97/91 21/107/100
f 30/108/99 28/105/91 25/106/99
f 35/109/101 28/105/91 30/108/99
f 28/105/91 35/109/101 34/110/102
f 47/111/103 28/105/91 34/110/102
f 47/111/103 41/112/104 28/105/91
f 41/112/104 113/104/98 28/105/91
f 47/111/103 43/113/105 41/112/104
f 41/112/104 43/113/105 42/114/64
f 42/114/64 50/115/106 41/112/104
f 50/115/106 42/114/64 54/116/107
f 50/115/106 54/116/107 53/117/108
f 50/115/106 53/117/108 58/118/109
f 65/119/110 50/115/106 58/118/109
f 65/119/110 63/120/111 50/115/106
f 41/112/104 50/115/106 63/120/111
f 113/104/98 41/112/104 63/120/111
f 111/121/112 113/104/98 63/120/111
f 112/103/97 113/104/98 111/121/112
f 110/122/113 112/103/97 111/121/112
f 111/121/112 118/123/114 110/122/113
f 118/123/114 119/124/115 110/122/113
f 119/124/115 118/123/114 123/125/116
f 118/123/114 124/126/117 123/125/116
f 123/125/116 124/126/117 128/127/118
f 124/126/117 129/128/119 128/127/118
f 128/127/118 129/128/119 133/129/120
f 129/128/119 134/130/121 133/129/120
f 133/129/120 134/130/121 138/131/122
f 134/130/121 139/132/123 138/131/122
f 142/133/124 138/131/122 139/132/123
f 101/134/125 142/133/124 139/132/123
f 101/134/125 104/135/126 142/133/124
f 104/135/126 101/134/125 100/136/127
f 100/136/127 101/134/125 97/137/128
f 97/137/128 101/134/125 139/132/123
f 139/132/123 134/130/121 97/137/128
f 134/130/121 90/138/129 97/137/128
f 134/130/121 129/128/119 90/138/129
f 129/128/119 78/139/130 90/138/129
f 129/128/119 124/126/117 78/139/130
f 124/126/117 77/140/131 78/139/130
f 77/140/131 124/126/117 118/123/114
f 83/141/132 77/140/131 118/123/114
f 83/141/132 118/123/114 111/121/112
f 69/142/133 83/141/132 111/121/112
f 69/142/133 111/121/112 63/120/111
f 64/143/134 69/142/133 63/120/111
f 63/120/111 65/119/110 64/143/134
f 64/143/134 71/144/135 69/142/133
f 69/142/133 71/144/135 83/141/132
f 82/145/136 83/141/132 71/144/135
f 82/145/136 77/140/131 83/141/132
f 77/140/131 82/145/136 76/146/137
f 76/146/137 78/139/130 77/140/131
f 78/139/130 76/146/137 94/147/138
f 78/139/130 94/147/138 89/148/139
f 90/138/129 78/139/130 89/148/139
f 88/149/140 90/138/129 89/148/139
f 90/138/129 88/149/140 97/137/128
f 88/149/140 100/136/127 97/137/128
f 149/100/94 147/99/93 170/150/141
f 163/151/7 149/100/94 170/150/141
f 173/152/142 163/151/7 170/150/141
f 162/153/143 163/151/7 173/152/142
f 162/153/143 164/154/9 163/151/7
f 164/154/9 162/153/143 167/155/144
f 177/156/145 164/154/9 167/155/144
f 177/156/145 178/157/146 164/154/9
f 178/157/146 211/158/10 164/154/9
f 177/156/145 181/159/147 178/157/146
f 178/157/146 214/160/148 211/158/10
f 214/160/148 178/157/146 181/159/147
f 214/160/148 210/161/149 211/158/10
f 210/161/149 195/162/150 211/158/10
f 195/162/150 210/161/149 202/163/151
f 197/164/152 195/162/150 202/163/151
f 195/162/150 197/164/152 196/165/12
f 197/164/152 198/166/153 196/165/12
f 279/167/154 297/168/155 296/169/156
f 297/168/155 279/167/154 306/170/157
f 279/167/154 277/171/158 306/170/157
f 277/171/158 279/167/154 278/172/159
f 278/172/159 283/173/160 277/171/158
f 283/173/160 278/172/159 284/174/161
f 283/173/160 284/174/161 289/175/162
f 291/176/163 289/175/162 284/174/161
f 289/175/162 291/176/163 290/177/164
f 319/178/41 290/177/164 291/176/163
f 316/179/165 319/178/41 291/176/163
f 316/179/165 314/180/43 319/178/41
f 314/180/43 316/179/165 315/181/166
f 314/180/43 315/181/166 322/182/167
f 322/182/167 315/181/166 327/183/168
f 326/184/169 322/182/167 327/183/168
f 327/183/168 334/185/170 326/184/169
f 334/185/170 335/186/171 326/184/169
f 334/185/170 330/187/172 335/186/171
f 257/188/173 330/187/172 334/185/170
f 330/187/172 257/188/173 264/189/174
f 257/188/173 261/190/160 264/189/174
f 257/188/173 258/191/175 261/190/160
f 257/188/173 251/192/176 258/191/175
f 251/192/176 257/188/173 250/193/177
f 257/188/173 334/185/170 250/193/177
f 334/185/170 327/183/168 269/194/178
f 250/193/177 334/185/170 269/194/178
f 327/183/168 245/195/179 269/194/178
f 269/194/178 245/195/179 272/196/137
f 244/197/180 245/195/179 239/198/181
f 245/195/179 244/197/180 272/196/137
f 239/198/181 240/199/182 244/197/180
f 239/198/181 235/200/43 240/199/182
f 233/201/183 235/200/43 239/198/181
f 235/200/43 233/201/183 230/202/184
f 230/202/184 225/203/185 227/204/186
f 225/203/185 230/202/184 233/201/183
f 225/203/185 221/205/187 227/204/186
f 221/205/187 225/203/185 220/206/188
f 219/207/48 221/205/187 220/206/188
f 220/206/188 366/208/189 219/207/48
f 220/206/188 367/209/190 366/208/189
f 367/209/190 220/206/188 360/210/191
f 220/206/188 359/211/192 360/210/191
f 220/206/188 225/203/185 359/211/192
f 225/203/185 233/201/183 373/212/193
f 359/211/192 225/203/185 373/212/193
f 233/201/183 353/213/194 373/212/193
f 372/214/195 361/215/138 373/212/193
f 372/214/195 373/212/193 353/213/194
f 361/215/138 359/211/192 373/212/193
f 359/211/192 361/215/138 360/210/191
f 268/216/196 269/194/178 272/196/137
f 268/216/196 252/217/197 269/194/178
f 252/217/197 250/193/177 269/194/178
f 250/193/177 252/217/197 251/192/176
f 354/218/198 372/214/195 353/213/194
f 353/213/194 346/219/199 354/218/198
f 348/220/200 346/219/199 353/213/194
f 346/219/199 348/220/200 347/221/201
f 348/220/200 377/222/202 347/221/201
f 377/222/202 378/223/203 347/221/201
f 378/223/203 377/222/202 389/224/204
f 383/225/205 378/223/203 389/224/204
f 377/222/202 409/226/206 389/224/204
f 377/222/202 414/227/207 409/226/206
f 414/227/207 415/228/208 409/226/206
f 415/228/208 414/227/207 186/229/13
f 415/228/208 408/230/209 409/226/206
f 186/229/13 187/231/210 415/228/208
f 186/229/13 188/232/153 187/231/210
f 188/232/153 186/229/13 420/233/12
f 419/234/152 188/232/153 420/233/12
f 408/230/209 410/235/84 409/226/206
f 410/235/84 399/236/211 409/226/206
f 399/236/211 389/224/204 409/226/206
f 385/237/212 389/224/204 399/236/211
f 385/237/212 383/225/205 389/224/204
f 383/225/205 385/237/212 384/238/36
f 391/239/213 384/238/36 385/237/212
f 385/237/212 404/240/214 391/239/213
f 385/237/212 400/241/215 404/240/214
f 399/236/211 400/241/215 385/237/212
f 399/236/211 401/242/216 400/241/215
f 401/242/216 399/236/211 410/235/84
f 301/243/217 303/244/156 302/245/218
f 301/243/217 302/245/218 309/246/219
f 302/245/218 308/247/220 309/246/219
f 308/247/220 300/248/221 309/246/219
f 295/249/222 274/250/223 300/248/221
f 300/248/221 274/250/223 309/246/219
f 295/249/222 294/251/224 274/250/223
f 274/250/223 294/251/224 305/252/225
f 276/253/226 274/250/223 305/252/225
f 274/250/223 276/253/226 275/254/227
f 275/254/227 337/255/8 274/250/223
f 274/250/223 337/255/8 309/246/219
f 337/255/8 301/243/217 309/246/219
f 337/255/8 437/256/159 301/243/217
f 337/255/8 438/257/161 437/256/159
f 438/257/161 337/255/8 338/258/163
f 337/255/8 339/259/165 338/258/163
f 339/259/165 337/255/8 341/260/166
f 341/260/166 337/255/8 340/261/8
f 341/260/166 340/261/8 342/262/168
f 340/261/8 436/263/179 342/262/168
f 340/261/8 434/264/181 436/263/179
f 434/264/181 340/261/8 435/265/183
f 427/266/8 435/265/183 340/261/8
f 435/265/183 427/266/8 433/267/228
f 427/266/8 431/268/200 433/267/228
f 431/268/200 427/266/8 432/269/202
f 427/266/8 430/270/229 432/269/202
f 430/270/229 427/266/8 428/271/13
f 427/266/8 426/272/8 428/271/13
f 426/272/8 427/266/8 185/273/230
f 417/274/15 426/272/8 185/273/230
f 185/273/230 183/275/16 417/274/15
f 183/275/16 418/276/16 417/274/15
f 185/273/230 184/277/231 183/275/16
f 412/278/232 184/277/231 185/273/230
f 413/279/233 412/278/232 185/273/230
f 427/266/8 413/279/233 185/273/230
f 412/278/232 406/280/234 407/281/235
f 412/278/232 413/279/233 406/280/234
f 406/280/234 394/282/236 407/281/235
f 413/279/233 376/283/237 406/280/234
f 413/279/233 427/266/8 376/283/237
f 376/283/237 388/284/238 406/280/234
f 393/285/239 394/282/236 406/280/234
f 388/284/238 393/285/239 406/280/234
f 393/285/239 395/286/240 394/282/236
f 395/286/240 393/285/239 398/287/241
f 398/287/241 393/285/239 380/288/242
f 388/284/238 380/288/242 393/285/239
f 398/287/241 380/288/242 403/289/243
f 403/289/243 380/288/242 390/290/244
f 381/291/97 390/290/244 380/288/242
f 380/288/242 382/292/245 381/291/97
f 382/292/245 380/288/242 388/284/238
f 375/293/246 382/292/245 388/284/238
f 376/283/237 375/293/246 388/284/238
f 375/293/246 376/283/237 344/294/247
f 376/283/237 343/295/248 344/294/247
f 427/266/8 343/295/248 376/283/237
f 343/295/248 345/296/249 344/294/247
f 345/296/249 343/295/248 352/297/250
f 343/295/248 427/266/8 352/297/250
f 345/296/249 352/297/250 351/298/251
f 371/299/252 351/298/251 352/297/250
f 370/300/253 371/299/252 352/297/250
f 356/301/76 371/299/252 370/300/253
f 352/297/250 232/302/254 370/300/253
f 427/266/8 232/302/254 352/297/250
f 232/302/254 427/266/8 340/261/8
f 340/261/8 238/303/255 232/302/254
f 232/302/254 234/304/256 229/305/257
f 234/304/256 232/302/254 238/303/255
f 229/305/257 224/306/258 232/302/254
f 232/302/254 224/306/258 370/300/253
f 358/307/259 356/301/76 370/300/253
f 224/306/258 358/307/259 370/300/253
f 356/301/76 358/307/259 357/308/260
f 358/307/259 217/309/261 357/308/260
f 224/306/258 217/309/261 358/307/259
f 217/309/261 364/310/262 357/308/260
f 364/310/262 217/309/261 365/311/263
f 365/311/263 217/309/261 218/312/113
f 216/313/264 218/312/113 217/309/261
f 224/306/258 216/313/264 217/309/261
f 216/313/264 224/306/258 226/314/265
f 224/306/258 229/305/257 226/314/265
f 234/304/256 238/303/255 237/315/266
f 238/303/255 243/316/267 237/315/266
f 242/317/268 243/316/267 238/303/255
f 238/303/255 340/261/8 242/317/268
f 243/316/267 242/317/268 271/318/75
f 242/317/268 266/319/269 271/318/75
f 266/319/269 267/320/270 271/318/75
f 247/321/271 267/320/270 266/319/269
f 249/322/272 247/321/271 266/319/269
f 247/321/271 249/322/272 248/323/273
f 266/319/269 333/324/274 249/322/272
f 249/322/272 256/325/275 248/323/273
f 333/324/274 256/325/275 249/322/272
f 248/323/273 256/325/275 255/326/276
f 255/326/276 256/325/275 260/327/277
f 260/327/277 256/325/275 263/328/278
f 256/325/275 329/329/279 263/328/278
f 329/329/279 256/325/275 333/324/274
f 329/329/279 333/324/274 332/330/280
f 332/330/280 333/324/274 325/331/281
f 333/324/274 324/332/282 325/331/281
f 324/332/282 333/324/274 266/319/269
f 242/317/268 324/332/282 266/319/269
f 242/317/268 340/261/8 324/332/282
f 337/255/8 312/333/283 340/261/8
f 340/261/8 312/333/283 324/332/282
f 312/333/283 321/334/284 324/332/282
f 321/334/284 325/331/281 324/332/282
f 312/333/283 313/335/107 321/334/284
f 311/336/285 313/335/107 312/333/283
f 337/255/8 311/336/285 312/333/283
f 313/335/107 311/336/285 318/337/90
f 318/337/90 311/336/285 286/338/286
f 311/336/285 337/255/8 286/338/286
f 286/338/286 287/339/287 318/337/90
f 286/338/286 288/340/288 287/339/287
f 288/340/288 286/338/286 281/341/289
f 337/255/8 281/341/289 286/338/286
f 281/341/289 337/255/8 275/254/227
f 275/254/227 282/342/277 281/341/289
f 281/341/289 282/342/277 288/340/288
f 275/254/227 276/253/226 282/342/277
f 7/343/290 751/344/291 8/345/292
f 16/346/293 759/347/294 753/348/295
f 23/349/296 760/350/297 17/351/298
f 23/349/296 764/352/299 762/353/300
f 26/354/301 763/355/302 764/352/299
f 31/356/303 763/355/302 26/354/301
f 767/357/304 31/356/303 37/358/305
f 766/359/306 36/360/307 48/361/308
f 48/361/308 765/362/309 766/359/306
f 115/363/36 745/364/310 719/365/311
f 44/366/312 770/367/313 771/368/314
f 45/369/315 765/362/309 48/361/308
f 727/370/316 59/371/317 67/372/318
f 67/372/318 726/373/319 727/370/316
f 66/374/320 724/375/321 725/376/322
f 66/374/320 723/377/323 724/375/321
f 721/378/324 72/379/325 84/380/326
f 84/380/326 720/381/327 721/378/324
f 114/382/328 719/365/311 718/383/329
f 120/384/330 713/385/331 125/386/332
f 79/387/333 714/388/334 715/389/335
f 95/390/336 714/388/334 79/387/333
f 701/391/337 92/392/338 91/393/339
f 125/386/332 711/394/340 130/395/341
f 91/393/339 697/396/342 698/397/343
f 102/398/344 696/399/345 697/396/342
f 694/400/346 102/398/344 105/401/347
f 708/402/348 707/403/349 140/404/350
f 158/405/351 746/406/352 115/363/36
f 743/407/353 158/405/351 157/408/354
f 150/409/355 742/410/356 157/408/354
f 150/409/355 740/411/357 741/412/358
f 174/413/359 738/414/360 171/415/361
f 736/416/362 174/413/359 165/417/363
f 165/417/363 735/418/364 736/416/362
f 733/419/365 168/420/366 179/421/367
f 179/421/367 732/422/368 733/419/365
f 728/423/369 182/424/370 215/425/371
f 439/426/372 757/427/373 441/428/374
f 441/428/374 761/429/375 440/430/376
f 441/428/374 757/427/373 758/431/377
f 807/432/378 476/433/379 471/434/380
f 809/435/381 471/434/380 473/436/382
f 473/436/382 810/437/383 809/435/381
f 776/438/384 444/439/385 443/440/386
f 445/441/387 781/442/388 446/443/389
f 464/444/390 814/445/391 463/446/97
f 447/447/392 788/448/393 448/449/394
f 450/450/395 790/451/396 451/452/397
f 790/451/396 452/453/398 451/452/397
f 455/454/399 818/455/400 819/456/401
f 465/457/402 816/458/403 464/444/390
f 467/459/404 829/460/405 834/461/406
f 468/462/407 827/463/408 829/460/405
f 468/462/407 826/464/409 827/463/408
f 469/465/410 823/466/411 826/464/409
f 469/465/410 822/467/412 823/466/411
f 470/468/413 821/469/414 822/467/412
f 824/470/415 470/468/413 462/471/416
f 459/472/417 828/473/418 461/474/419
f 459/472/417 830/475/420 831/476/421
f 460/477/422 837/478/423 458/479/424
f 838/480/425 460/477/422 456/481/426
f 212/482/427 748/483/428 731/484/429
f 203/485/430 691/486/431 749/487/432
f 199/488/433 690/489/434 691/486/431
f 200/276/435 689/490/436 690/489/434
f 200/276/435 682/491/437 687/492/438
f 190/275/435 681/493/439 682/491/437
f 189/277/440 681/493/439 190/275/435
f 189/277/440 676/494/441 678/495/442
f 416/278/443 659/496/444 676/494/441
f 411/281/445 660/497/446 416/278/443
f 411/281/445 655/498/447 656/499/448
f 653/500/449 397/282/450 396/286/451
f 397/282/450 654/501/452 655/498/447
f 396/286/451 652/502/453 653/500/449
f 387/291/454 628/503/455 392/290/456
f 657/504/457 387/291/454 386/292/458
f 379/293/459 658/505/460 386/292/458
f 379/293/459 634/506/461 661/507/462
f 350/294/463 631/508/464 632/509/465
f 355/298/466 625/510/467 626/511/468
f 374/299/469 605/512/470 608/513/471
f 374/299/469 608/513/471 625/510/467
f 363/301/472 603/514/473 605/512/470
f 369/310/474 601/515/475 362/308/476
f 223/313/477 604/516/478 222/312/479
f 223/313/477 607/517/480 606/518/481
f 610/519/482 228/314/483 231/305/484
f 613/520/485 231/305/484 236/304/486
f 241/315/487 612/521/488 236/304/486
f 241/315/487 596/522/489 611/523/490
f 246/316/491 595/524/492 596/522/489
f 532/525/493 679/526/494 680/527/495
f 481/528/496 683/529/497 532/525/493
f 685/530/498 481/528/496 480/531/153
f 482/532/499 686/533/500 480/531/153
f 482/532/499 692/534/501 688/535/502
f 483/536/503 693/537/504 692/534/501
f 802/538/505 475/539/506 474/540/507
f 478/541/508 798/542/509 479/543/510
f 486/544/511 797/545/512 796/546/513
f 486/544/511 795/547/514 485/548/515
f 794/549/516 484/550/517 485/548/515
f 531/551/518 674/552/519 527/553/520
f 528/554/521 668/555/522 529/556/523
f 669/557/524 530/558/525 529/556/523
f 529/556/523 668/555/522 669/557/524
f 530/558/525 671/559/526 526/560/527
f 524/561/528 671/559/526 672/562/529
f 525/563/530 667/564/531 666/565/532
f 523/566/533 666/565/532 665/567/534
f 516/568/535 639/569/536 638/570/537
f 638/570/537 517/571/538 516/568/535
f 517/571/538 636/572/539 522/573/540
f 645/574/541 519/575/542 518/576/543
f 520/577/544 647/578/545 521/579/546
f 647/578/545 646/580/547 488/581/548
f 487/582/549 643/583/550 644/584/551
f 641/585/552 489/586/553 487/582/549
f 490/587/554 621/588/555 620/589/556
f 491/590/557 615/591/558 616/592/559
f 616/592/559 492/593/560 491/590/557
f 617/594/561 500/595/562 493/596/563
f 499/597/564 598/598/565 494/599/566
f 597/600/567 495/601/568 494/599/566
f 593/602/569 496/603/570 495/601/568
f 496/603/570 590/604/571 497/605/572
f 497/605/572 589/606/573 498/607/574
f 513/608/575 588/609/576 586/610/577
f 586/610/577 514/611/578 513/608/575
f 514/611/578 591/612/579 512/613/580
f 512/613/580 579/614/581 511/615/582
f 576/616/583 510/617/584 509/618/585
f 510/617/584 574/619/586 575/620/587
f 503/621/588 575/620/587 557/622/589
f 504/623/162 556/624/590 554/625/591
f 549/626/592 501/627/593 502/628/594
f 546/629/595 508/630/596 501/627/593
f 505/631/597 538/632/598 506/244/599
f 506/244/599 539/633/600 507/245/601
f 507/245/601 539/633/600 535/634/602
f 304/248/603 533/635/604 534/636/605
f 540/637/606 307/252/607 299/251/608
f 280/253/609 544/638/610 545/639/611
f 285/342/612 548/640/613 550/641/614
f 285/342/612 553/642/615 292/340/616
f 552/643/617 293/339/618 292/340/616
f 293/339/618 565/644/619 320/337/620
f 317/335/621 571/645/622 572/646/623
f 572/646/623 323/334/624 317/335/621
f 331/329/625 563/647/626 265/328/627
f 253/323/628 558/648/629 559/649/630
f 270/320/631 585/650/632 273/318/633
f 270/320/631 581/651/634 583/652/635
f 254/321/636 580/653/637 581/651/634
f 717/654/638 120/384/330 114/382/328
f 594/655/639 593/602/569 495/601/568
f 675/656/640 527/553/520 673/657/641
f 651/658/642 405/289/643 629/659/644
f 711/394/340 710/660/645 130/395/341
f 614/661/646 610/519/482 231/305/484
f 556/624/590 503/621/588 557/622/589
f 564/662/647 562/663/648 331/329/625
f 554/625/591 502/628/594 504/623/162
f 569/664/649 336/330/650 328/331/651
f 577/665/652 511/615/582 578/666/653
f 706/667/654 700/668/655 140/404/350
f 663/669/656 523/566/533 664/670/657
f 720/381/327 79/387/333 715/389/335
f 785/671/658 454/672/659 453/673/660
f 832/674/661 836/675/662 466/676/663
f 780/677/664 444/439/385 779/678/665
f 740/411/357 171/415/361 739/679/666
f 808/680/667 807/432/378 471/434/380
f 748/483/428 203/485/430 749/487/432
f 782/681/668 446/443/389 781/442/388
f 537/682/669 298/249/670 304/248/603
f 636/572/539 635/683/671 522/573/540
f 618/684/672 492/593/560 619/685/673
f 547/686/674 546/629/595 501/627/593
f 544/638/610 307/252/607 542/687/675
f 836/675/662 465/457/402 466/676/663
f 735/418/364 168/420/366 734/688/676
f 536/689/677 299/251/608 298/249/670
f 667/564/531 524/561/528 672/562/529
f 709/690/678 708/402/348 135/691/55
f 630/692/679 631/508/464 349/296/680
f 803/693/681 477/694/682 804/695/683
f 841/696/684 842/697/685 457/698/686
f 561/699/687 259/326/688 262/327/689
f 636/700/690 648/701/691 646/702/692
f 751/344/291 750/703/693 8/345/292
f 541/704/694 508/630/596 543/705/695
f 680/527/495 531/551/518 532/525/493
f 665/567/534 664/670/657 523/566/533
f 618/684/672 617/594/561 493/596/563
f 699/706/696 140/404/350 700/668/655
f 694/400/346 143/707/697 695/708/698
f 833/709/699 466/676/663 467/459/404
f 713/385/331 712/710/700 125/386/332
f 651/658/642 652/502/453 402/287/701
f 686/533/500 685/530/498 480/531/153
f 797/545/512 479/543/510 798/542/509
f 726/373/319 66/374/320 725/376/322
f 813/711/702 812/712/703 463/446/97
f 753/348/295 752/713/704 16/346/293
f 718/383/329 717/654/638 114/382/328
f 632/509/465 633/714/705 350/294/463
f 704/715/706 95/390/336 92/392/338
f 642/716/707 645/574/541 518/576/543
f 773/717/708 59/371/317 747/718/709
f 663/669/656 662/719/710 515/720/711
f 800/721/712 799/722/713 478/541/508
f 773/717/708 56/723/714 55/724/80
f 742/410/356 743/407/353 157/408/354
f 567/725/715 328/331/651 323/334/624
f 841/696/684 455/454/399 819/456/401
f 789/726/716 450/450/395 448/449/394
f 650/727/717 649/728/718 519/575/542
f 760/350/297 759/347/294 17/351/298
f 837/478/423 835/729/719 458/479/424
f 800/721/712 475/539/506 801/730/720
f 639/569/536 515/720/711 662/719/710
f 566/731/721 569/664/649 328/331/651
f 842/697/685 456/481/426 457/698/686
f 806/732/722 805/733/723 476/433/379
f 730/734/724 728/423/369 215/425/371
f 580/653/637 253/323/628 559/649/630
f 563/647/626 262/327/689 265/328/627
f 533/635/604 507/245/601 535/634/602
f 575/735/725 552/736/690 566/737/726
f 696/738/727 701/739/691 704/740/728
f 548/640/613 280/253/609 545/639/611
f 834/461/406 833/709/699 467/459/404
f 699/706/696 695/708/698 143/707/697
f 746/406/352 745/364/310 115/363/36
f 731/484/429 215/425/371 212/482/427
f 564/662/647 336/330/650 568/741/729
f 761/429/375 775/742/730 440/430/376
f 600/743/731 369/310/474 368/311/732
f 702/744/733 703/745/734 92/392/338
f 729/746/735 179/421/367 182/424/370
f 777/747/736 776/438/384 443/440/386
f 738/414/360 739/679/666 171/415/361
f 839/748/737 838/480/425 456/481/426
f 624/749/738 623/750/739 500/595/562
f 589/606/573 513/608/575 498/607/574
f 633/714/705 379/293/459 350/294/463
f 709/690/678 130/395/341 710/660/645
f 683/529/497 679/526/494 532/525/493
f 805/733/723 477/694/682 476/433/379
f 803/693/681 802/538/505 474/540/507
f 788/448/393 789/726/716 448/449/394
f 698/397/343 701/391/337 91/393/339
f 598/598/565 597/600/567 494/599/566
f 573/751/740 567/725/715 323/334/624
f 750/703/693 755/752/741 8/345/292
f 816/458/403 815/753/742 464/444/390
f 795/547/514 794/549/516 485/548/515
f 674/552/519 673/657/641 527/553/520
f 770/367/313 56/723/714 774/754/743
f 615/591/558 490/587/554 620/589/556
f 722/755/744 723/377/323 72/379/325
f 644/584/551 641/585/552 487/582/549
f 534/636/605 537/682/669 304/248/603
f 623/750/739 499/597/564 500/595/562
f 786/756/745 452/453/398 791/757/746
f 768/758/747 37/358/305 36/360/307
f 612/521/488 613/520/485 236/304/486
f 660/497/446 659/496/444 416/278/443
f 621/588/555 489/586/553 640/759/748
f 810/437/383 472/760/749 811/761/750
f 579/614/581 578/666/653 511/615/582
f 818/455/400 454/672/659 820/762/751
f 777/747/736 442/763/752 778/764/753
f 558/648/629 259/326/688 560/765/754
f 824/470/415 461/474/419 825/766/755
f 693/537/504 484/550/517 793/767/756
f 604/516/478 368/311/732 222/312/479
f 591/612/579 582/768/757 512/613/580
f 649/728/718 520/577/544 519/575/542
f 786/756/745 785/671/658 453/673/660
f 551/769/758 549/626/592 502/628/594
f 812/712/703 472/760/749 463/446/97
f 630/692/679 355/298/466 626/511/468
f 830/475/420 458/479/424 835/729/719
f 642/716/707 522/573/540 635/683/671
f 755/752/741 439/426/372 8/345/292
f 603/514/473 362/308/476 602/770/759
f 585/650/632 584/771/760 273/318/633
f 565/644/619 570/772/761 320/337/620
f 577/665/652 576/616/583 509/618/585
f 595/524/492 273/318/633 584/771/760
f 828/473/418 825/766/755 461/474/419
f 571/645/622 320/337/620 570/772/761
f 783/773/762 447/447/392 449/774/763
f 775/742/730 442/763/752 440/430/376
f 814/445/391 813/711/702 463/446/97
f 601/515/475 602/770/759 362/308/476
f 658/505/460 657/504/457 386/292/458
f 553/642/615 552/643/617 292/340/616
f 771/368/314 45/369/315 44/366/312
f 752/713/704 7/343/290 16/346/293
f 607/517/480 228/314/483 609/775/764
f 782/681/668 783/773/762 449/774/763
f 628/503/455 405/289/643 392/290/456
f 787/776/765 820/762/751 454/672/659
f 7/343/290 754/777/766 751/344/291
f 16/346/293 17/351/298 759/347/294
f 23/349/296 762/353/300 760/350/297
f 23/349/296 26/354/301 764/352/299
f 31/356/303 769/778/767 763/355/302
f 767/357/304 769/778/767 31/356/303
f 766/359/306 768/758/747 36/360/307
f 45/369/315 772/779/768 765/362/309
f 727/370/316 747/718/709 59/371/317
f 66/374/320 72/379/325 723/377/323
f 721/378/324 722/755/744 72/379/325
f 114/382/328 115/363/36 719/365/311
f 120/384/330 716/780/769 713/385/331
f 95/390/336 705/781/770 714/388/334
f 701/391/337 702/744/733 92/392/338
f 125/386/332 712/710/700 711/394/340
f 91/393/339 102/398/344 697/396/342
f 694/400/346 696/399/345 102/398/344
f 140/404/350 135/691/55 708/402/348
f 707/403/349 706/667/654 140/404/350
f 158/405/351 744/782/771 746/406/352
f 743/407/353 744/782/771 158/405/351
f 150/409/355 741/412/358 742/410/356
f 174/413/359 737/783/772 738/414/360
f 736/416/362 737/783/772 174/413/359
f 733/419/365 734/688/676 168/420/366
f 728/423/369 729/746/735 182/424/370
f 439/426/372 756/784/773 757/427/373
f 441/428/374 758/431/377 761/429/375
f 807/432/378 806/732/722 476/433/379
f 809/435/381 808/680/667 471/434/380
f 776/438/384 779/678/665 444/439/385
f 445/441/387 780/677/664 781/442/388
f 464/444/390 815/753/742 814/445/391
f 447/447/392 784/785/774 788/448/393
f 450/450/395 792/786/775 790/451/396
f 790/451/396 791/757/746 452/453/398
f 465/457/402 817/787/776 816/458/403
f 467/459/404 468/462/407 829/460/405
f 468/462/407 469/465/410 826/464/409
f 469/465/410 470/468/413 822/467/412
f 824/470/415 821/469/414 470/468/413
f 459/472/417 831/476/421 828/473/418
f 460/477/422 840/788/777 837/478/423
f 838/480/425 840/788/777 460/477/422
f 203/485/430 199/488/433 691/486/431
f 690/489/434 199/488/433 200/276/435
f 200/276/435 687/492/438 689/490/436
f 200/276/435 190/275/435 682/491/437
f 189/277/440 678/495/442 681/493/439
f 189/277/440 416/278/443 676/494/441
f 411/281/445 656/499/448 660/497/446
f 411/281/445 397/282/450 655/498/447
f 653/500/449 654/501/452 397/282/450
f 396/286/451 402/287/701 652/502/453
f 387/291/454 627/789/778 628/503/455
f 657/504/457 627/789/778 387/291/454
f 379/293/459 661/507/462 658/505/460
f 350/294/463 349/296/680 631/508/464
f 355/298/466 374/299/469 625/510/467
f 374/299/469 363/301/472 605/512/470
f 369/310/474 599/790/779 601/515/475
f 223/313/477 606/518/481 604/516/478
f 610/519/482 609/775/764 228/314/483
f 613/520/485 614/661/646 231/305/484
f 241/315/487 611/523/490 612/521/488
f 241/315/487 246/316/491 596/522/489
f 481/528/496 684/791/780 683/529/497
f 685/530/498 684/791/780 481/528/496
f 482/532/499 688/535/502 686/533/500
f 482/532/499 483/536/503 692/534/501
f 802/538/505 801/730/720 475/539/506
f 478/541/508 799/722/713 798/542/509
f 486/544/511 796/546/513 795/547/514
f 794/549/516 793/767/756 484/550/517
f 531/551/518 677/792/781 674/552/519
f 528/554/521 675/656/640 668/555/522
f 669/557/524 670/793/782 530/558/525
f 530/558/525 670/793/782 671/559/526
f 524/561/528 526/560/527 671/559/526
f 523/566/533 525/563/530 666/565/532
f 638/570/537 637/794/783 517/571/538
f 517/571/538 637/794/783 636/572/539
f 645/574/541 650/727/717 519/575/542
f 520/577/544 648/795/784 647/578/545
f 488/581/548 521/579/546 647/578/545
f 646/580/547 643/583/550 488/581/548
f 487/582/549 488/581/548 643/583/550
f 641/585/552 640/759/748 489/586/553
f 616/592/559 619/685/673 492/593/560
f 617/594/561 624/749/738 500/595/562
f 499/597/564 622/796/785 598/598/565
f 597/600/567 594/655/639 495/601/568
f 593/602/569 592/797/786 496/603/570
f 496/603/570 592/797/786 590/604/571
f 497/605/572 590/604/571 589/606/573
f 586/610/577 587/798/787 514/611/578
f 514/611/578 587/798/787 591/612/579
f 512/613/580 582/768/757 579/614/581
f 576/616/583 574/619/586 510/617/584
f 503/621/588 510/617/584 575/620/587
f 549/626/592 547/686/674 501/627/593
f 546/629/595 543/705/695 508/630/596
f 505/631/597 541/704/694 538/632/598
f 506/244/599 538/632/598 539/633/600
f 304/248/603 310/247/788 533/635/604
f 540/637/606 542/687/675 307/252/607
f 285/342/612 550/641/614 553/642/615
f 552/643/617 555/799/789 293/339/618
f 293/339/618 555/799/789 565/644/619
f 572/646/623 573/751/740 323/334/624
f 331/329/625 562/663/648 563/647/626
f 270/320/631 583/652/635 585/650/632
f 270/320/631 254/321/636 581/651/634
f 717/654/638 716/780/769 120/384/330
f 675/656/640 528/554/521 527/553/520
f 651/658/642 402/287/701 405/289/643
f 556/624/590 504/623/162 503/621/588
f 554/625/591 551/769/758 502/628/594
f 569/664/649 568/741/729 336/330/650
f 577/665/652 509/618/585 511/615/582
f 663/669/656 515/720/711 523/566/533
f 720/381/327 84/380/326 79/387/333
f 785/671/658 787/776/765 454/672/659
f 780/677/664 445/441/387 444/439/385
f 740/411/357 150/409/355 171/415/361
f 748/483/428 212/482/427 203/485/430
f 782/681/668 449/774/763 446/443/389
f 537/682/669 536/689/677 298/249/670
f 618/684/672 493/596/563 492/593/560
f 544/638/610 280/253/609 307/252/607
f 836/675/662 817/787/776 465/457/402
f 735/418/364 165/417/363 168/420/366
f 536/689/677 540/637/606 299/251/608
f 667/564/531 525/563/530 524/561/528
f 803/693/681 474/540/507 477/694/682
f 561/699/687 560/765/754 259/326/688
f 707/800/790 704/740/728 705/801/691
f 705/801/691 714/802/791 715/803/691
f 715/803/691 720/804/792 721/805/691
f 721/805/691 722/806/793 723/807/690
f 723/807/690 724/808/794 725/809/795
f 725/809/795 726/810/796 727/811/691
f 727/811/691 747/812/691 773/813/691
f 727/811/691 773/813/691 774/814/691
f 723/807/690 725/809/795 727/811/691
f 715/803/691 721/805/691 723/807/690
f 707/800/790 705/801/691 715/803/691
f 709/815/690 708/816/797 707/800/790
f 709/815/690 707/800/790 715/803/691
f 715/803/691 723/807/690 727/811/691
f 727/811/691 774/814/691 770/817/691
f 770/817/691 771/818/798 772/819/691
f 765/820/691 766/821/799 768/822/690
f 727/811/691 770/817/691 772/819/691
f 765/820/691 768/822/690 767/823/691
f 727/811/691 772/819/691 765/820/691
f 709/815/690 715/803/691 727/811/691
f 710/824/691 709/815/690 727/811/691
f 727/811/691 765/820/691 767/823/691
f 767/823/691 769/825/800 763/826/691
f 763/826/691 764/827/801 762/828/802
f 762/828/802 760/829/803 759/830/804
f 759/830/804 753/831/805 752/832/727
f 754/833/691 751/834/806 750/835/807
f 750/835/807 755/836/808 756/837/809
f 757/838/810 758/839/811 761/840/691
f 761/840/691 775/841/812 778/842/690
f 778/842/690 777/843/813 776/844/690
f 776/844/690 779/845/798 780/846/691
f 780/846/691 781/847/690 782/848/814
f 780/846/691 782/848/814 783/849/691
f 778/842/690 776/844/690 780/846/691
f 761/840/691 778/842/690 780/846/691
f 761/840/691 780/846/691 783/849/691
f 761/840/691 783/849/691 784/850/815
f 784/850/815 788/851/727 789/852/691
f 792/853/691 790/854/691 791/855/691
f 761/840/691 784/850/815 789/852/691
f 789/852/691 792/853/691 791/855/691
f 791/855/691 786/856/816 785/857/690
f 787/858/725 820/859/817 818/860/818
f 791/855/691 785/857/690 787/858/725
f 761/840/691 789/852/691 791/855/691
f 761/840/691 791/855/691 787/858/725
f 787/858/725 818/860/818 819/861/726
f 819/861/726 841/862/819 842/863/691
f 842/863/691 839/864/820 838/865/725
f 838/865/725 840/866/691 837/867/691
f 837/867/691 835/868/821 830/869/691
f 830/869/691 831/870/822 828/871/823
f 825/872/690 824/873/691 821/874/691
f 830/869/691 828/871/823 825/872/690
f 838/865/725 837/867/691 830/869/691
f 819/861/726 842/863/691 838/865/725
f 761/840/691 787/858/725 819/861/726
f 757/838/810 761/840/691 819/861/726
f 819/861/726 838/865/725 830/869/691
f 830/869/691 825/872/690 821/874/691
f 822/875/691 823/876/824 826/877/691
f 830/869/691 821/874/691 822/875/691
f 756/837/809 757/838/810 819/861/726
f 750/835/807 756/837/809 819/861/726
f 819/861/726 830/869/691 822/875/691
f 826/877/691 827/878/825 829/879/691
f 819/861/726 822/875/691 826/877/691
f 819/861/726 826/877/691 829/879/691
f 819/861/726 829/879/691 834/880/691
f 819/861/726 834/880/691 833/881/826
f 819/861/726 833/881/826 832/882/727
f 819/861/726 832/882/727 836/883/827
f 817/884/691 816/885/828 815/886/691
f 819/861/726 836/883/827 817/884/691
f 819/861/726 817/884/691 815/886/691
f 819/861/726 815/886/691 814/887/726
f 750/835/807 819/861/726 814/887/726
f 750/835/807 814/887/726 813/888/829
f 750/835/807 813/888/829 812/889/830
f 750/835/807 812/889/830 811/890/691
f 750/835/807 811/890/691 810/891/795
f 750/835/807 810/891/795 809/892/795
f 754/833/691 750/835/807 809/892/795
f 808/893/691 807/894/831 806/895/726
f 754/833/691 809/892/795 808/893/691
f 754/833/691 808/893/691 806/895/726
f 754/833/691 806/895/726 805/896/691
f 754/833/691 805/896/691 804/897/691
f 754/833/691 804/897/691 803/898/726
f 752/832/727 754/833/691 803/898/726
f 752/832/727 803/898/726 802/899/691
f 763/826/691 762/828/802 759/830/804
f 759/830/804 752/832/727 802/899/691
f 759/830/804 802/899/691 801/900/691
f 767/823/691 763/826/691 759/830/804
f 711/901/804 710/824/691 727/811/691
f 712/902/832 711/901/804 727/811/691
f 727/811/691 767/823/691 759/830/804
f 759/830/804 801/900/691 800/903/726
f 800/903/726 799/904/833 798/905/691
f 800/903/726 798/905/691 797/906/725
f 727/811/691 759/830/804 800/903/726
f 713/907/834 712/902/832 727/811/691
f 718/908/810 717/909/835 716/910/691
f 716/910/691 713/907/834 727/811/691
f 727/811/691 800/903/726 797/906/725
f 727/811/691 797/906/725 796/911/725
f 718/908/810 716/910/691 727/811/691
f 719/912/804 718/908/810 727/811/691
f 727/811/691 796/911/725 795/913/690
f 795/913/690 794/914/836 793/915/691
f 727/811/691 795/913/690 793/915/691
f 745/916/799 719/912/804 727/811/691
f 746/917/690 745/916/799 727/811/691
f 727/811/691 793/915/691 693/918/691
f 727/811/691 693/918/691 692/919/691
f 744/920/691 746/917/690 727/811/691
f 743/921/799 744/920/691 727/811/691
f 727/811/691 692/919/691 688/922/691
f 688/922/691 686/923/837 685/924/691
f 727/811/691 688/922/691 685/924/691
f 742/925/690 743/921/799 727/811/691
f 739/926/798 740/927/838 741/928/691
f 741/928/691 742/925/690 727/811/691
f 727/811/691 685/924/691 684/929/691
f 727/811/691 684/929/691 683/930/839
f 739/926/798 741/928/691 727/811/691
f 738/931/691 739/926/798 727/811/691
f 738/931/691 727/811/691 683/930/839
f 735/932/691 736/933/840 737/934/691
f 737/934/691 738/931/691 683/930/839
f 679/935/841 680/936/842 677/937/691
f 737/934/691 683/930/839 679/935/841
f 735/932/691 737/934/691 679/935/841
f 677/937/691 674/938/843 673/939/691
f 734/940/691 735/932/691 679/935/841
f 677/937/691 673/939/691 675/941/691
f 734/940/691 679/935/841 677/937/691
f 729/942/691 732/943/727 733/944/691
f 677/937/691 675/941/691 668/945/727
f 668/945/727 669/946/844 670/947/691
f 670/947/691 671/948/691 672/949/691
f 670/947/691 672/949/691 667/950/845
f 677/937/691 668/945/727 670/947/691
f 728/951/846 729/942/691 733/944/691
f 730/952/690 728/951/846 733/944/691
f 734/940/691 677/937/691 670/947/691
f 670/947/691 667/950/845 666/953/847
f 670/947/691 666/953/847 665/954/841
f 730/952/690 733/944/691 734/940/691
f 749/955/691 748/956/848 731/957/690
f 731/957/690 730/952/690 734/940/691
f 734/940/691 670/947/691 665/954/841
f 664/958/841 663/959/849 662/960/691
f 734/940/691 665/954/841 664/958/841
f 749/955/691 731/957/690 734/940/691
f 749/955/691 734/940/691 664/958/841
f 749/955/691 664/958/841 662/960/691
f 691/961/691 749/955/691 662/960/691
f 639/962/690 638/963/850 637/964/690
f 691/961/691 662/960/691 639/962/690
f 690/965/690 691/961/691 639/962/690
f 690/965/690 639/962/690 637/964/690
f 648/701/691 647/966/691 646/702/692
f 650/967/690 649/968/851 648/701/691
f 642/969/690 645/970/852 650/967/690
f 636/700/690 635/971/853 642/969/690
f 689/972/854 690/965/690 637/964/690
f 636/700/690 642/969/690 650/967/690
f 646/702/692 689/972/854 637/964/690
f 636/700/690 650/967/690 648/701/691
f 646/702/692 637/964/690 636/700/690
f 541/704/694 505/631/597 508/630/596
f 680/527/495 677/792/781 531/551/518
f 699/706/696 143/707/697 140/404/350
f 694/400/346 105/401/347 143/707/697
f 833/709/699 832/674/661 466/676/663
f 797/545/512 486/544/511 479/543/510
f 726/373/319 67/372/318 66/374/320
f 92/392/338 703/745/734 704/715/706
f 704/715/706 705/781/770 95/390/336
f 773/717/708 55/724/80 59/371/317
f 773/717/708 774/754/743 56/723/714
f 567/725/715 566/731/721 328/331/651
f 841/696/684 457/698/686 455/454/399
f 789/726/716 792/786/775 450/450/395
f 800/721/712 478/541/508 475/539/506
f 639/569/536 516/568/535 515/720/711
f 842/697/685 839/748/737 456/481/426
f 580/653/637 254/321/636 253/323/628
f 563/647/626 561/699/687 262/327/689
f 533/635/604 310/247/788 507/245/601
f 689/972/854 646/702/692 643/973/691
f 644/974/726 641/975/855 640/976/691
f 689/972/854 643/973/691 644/974/726
f 681/977/691 682/978/856 687/979/691
f 687/979/691 689/972/854 644/974/726
f 687/979/691 644/974/726 640/976/691
f 681/977/691 687/979/691 640/976/691
f 681/977/691 640/976/691 621/980/857
f 678/981/691 681/977/691 621/980/857
f 678/981/691 621/980/857 620/982/857
f 676/983/691 678/981/691 620/982/857
f 615/984/691 616/985/858 619/986/691
f 676/983/691 620/982/857 615/984/691
f 656/987/691 660/988/859 659/989/860
f 659/989/860 676/983/691 615/984/691
f 659/989/860 615/984/691 619/986/691
f 654/990/690 655/991/861 656/987/691
f 656/987/691 659/989/860 619/986/691
f 656/987/691 619/986/691 618/992/726
f 653/993/691 654/990/690 656/987/691
f 651/994/727 652/995/862 653/993/691
f 628/996/691 629/997/690 651/994/727
f 627/998/691 628/996/691 651/994/727
f 651/994/727 653/993/691 656/987/691
f 656/987/691 618/992/726 617/999/691
f 624/1000/690 623/1001/863 622/1002/691
f 656/987/691 617/999/691 624/1000/690
f 627/998/691 651/994/727 656/987/691
f 657/1003/800 627/998/691 656/987/691
f 656/987/691 624/1000/690 622/1002/691
f 622/1002/691 598/1004/864 597/1005/691
f 597/1005/691 594/1006/865 593/1007/866
f 593/1007/866 592/1008/691 590/1009/691
f 590/1009/691 589/1010/691 588/1011/867
f 588/1011/867 586/1012/868 587/1013/847
f 590/1009/691 588/1011/867 587/1013/847
f 597/1005/691 593/1007/866 590/1009/691
f 656/987/691 622/1002/691 597/1005/691
f 658/1014/800 657/1003/800 656/987/691
f 661/1015/869 658/1014/800 656/987/691
f 656/987/691 597/1005/691 590/1009/691
f 590/1009/691 587/1013/847 591/1016/691
f 582/1017/691 579/1018/870 578/1019/691
f 656/987/691 590/1009/691 591/1016/691
f 656/987/691 591/1016/691 582/1017/691
f 634/1020/841 661/1015/869 656/987/691
f 632/1021/691 633/1022/871 634/1020/841
f 626/1023/691 630/1024/872 631/1025/691
f 605/1026/727 608/1027/873 625/1028/691
f 602/1029/690 603/1030/873 605/1026/727
f 599/1031/691 601/1032/874 602/1029/690
f 604/1033/691 600/1034/804 599/1031/691
f 609/1035/691 607/1036/875 606/1037/691
f 606/1037/691 604/1033/691 599/1031/691
f 599/1031/691 602/1029/690 605/1026/727
f 599/1031/691 605/1026/727 625/1028/691
f 609/1035/691 606/1037/691 599/1031/691
f 610/1038/826 609/1035/691 599/1031/691
f 610/1038/826 599/1031/691 625/1028/691
f 614/1039/690 610/1038/826 625/1028/691
f 614/1039/690 625/1028/691 626/1023/691
f 611/1040/691 612/1041/876 613/1042/690
f 613/1042/690 614/1039/690 626/1023/691
f 613/1042/690 626/1023/691 631/1025/691
f 613/1042/690 631/1025/691 632/1021/691
f 634/1020/841 656/987/691 582/1017/691
f 632/1021/691 634/1020/841 582/1017/691
f 632/1021/691 582/1017/691 578/1019/691
f 613/1042/690 632/1021/691 578/1019/691
f 613/1042/690 578/1019/691 577/1043/691
f 611/1040/691 613/1042/690 577/1043/691
f 611/1040/691 577/1043/691 576/1044/691
f 596/1045/725 611/1040/691 576/1044/691
f 596/1045/725 576/1044/691 574/1046/857
f 595/1047/725 596/1045/725 574/1046/857
f 575/735/725 557/1048/691 556/1049/798
f 595/1047/725 574/1046/857 575/735/725
f 583/1050/691 585/1051/877 584/1052/690
f 584/1052/690 595/1047/725 575/735/725
f 575/735/725 556/1049/798 554/1053/691
f 554/1053/691 551/1054/878 549/1055/691
f 549/1055/691 547/1056/879 546/1057/691
f 546/1057/691 543/1058/691 541/1059/691
f 541/1059/691 538/1060/691 539/1061/795
f 539/1061/795 535/1062/794 533/1063/691
f 533/1063/691 534/1064/794 537/1065/795
f 537/1065/795 536/1066/691 540/1067/691
f 540/1067/691 542/1068/691 544/1069/691
f 544/1069/691 545/1070/880 548/1071/691
f 548/1071/691 550/1072/881 553/1073/882
f 552/736/690 555/1074/691 565/1075/883
f 548/1071/691 553/1073/882 552/736/690
f 540/1067/691 544/1069/691 548/1071/691
f 533/1063/691 537/1065/795 540/1067/691
f 541/1059/691 539/1061/795 533/1063/691
f 549/1055/691 546/1057/691 541/1059/691
f 575/735/725 554/1053/691 549/1055/691
f 583/1050/691 584/1052/690 575/735/725
f 580/1076/691 581/1077/884 583/1050/691
f 558/1078/827 559/1079/885 580/1076/691
f 561/1080/691 560/1081/804 558/1078/827
f 562/1082/810 563/1083/691 561/1080/691
f 568/1084/691 564/1085/886 562/1082/810
f 568/1084/691 562/1082/810 561/1080/691
f 561/1080/691 558/1078/827 580/1076/691
f 580/1076/691 583/1050/691 575/735/725
f 575/735/725 549/1055/691 541/1059/691
f 541/1059/691 533/1063/691 540/1067/691
f 540/1067/691 548/1071/691 552/736/690
f 552/736/690 565/1075/883 570/1086/691
f 552/736/690 570/1086/691 571/1087/887
f 541/1059/691 540/1067/691 552/736/690
f 568/1084/691 561/1080/691 580/1076/691
f 569/1088/888 568/1084/691 580/1076/691
f 575/735/725 541/1059/691 552/736/690
f 552/736/690 571/1087/887 572/1089/691
f 573/1090/691 567/1091/889 566/737/726
f 552/736/690 572/1089/691 573/1090/691
f 566/737/726 569/1088/888 580/1076/691
f 552/736/690 573/1090/691 566/737/726
f 566/737/726 580/1076/691 575/735/725
f 704/740/728 707/800/790 706/1092/810
f 706/1092/810 700/1093/890 699/1094/860
f 699/1094/860 695/1095/891 694/1096/691
f 696/738/727 697/1097/892 698/1098/726
f 699/1094/860 694/1096/691 696/738/727
f 704/740/728 706/1092/810 699/1094/860
f 702/1099/690 703/1100/893 704/740/728
f 696/738/727 698/1098/726 701/739/691
f 701/739/691 702/1099/690 704/740/728
f 704/740/728 699/1094/860 696/738/727
f 548/640/613 285/342/612 280/253/609
f 731/484/429 730/734/724 215/425/371
f 564/662/647 331/329/625 336/330/650
f 600/743/731 599/790/779 369/310/474
f 729/746/735 732/422/368 179/421/367
f 589/606/573 588/609/576 513/608/575
f 633/714/705 634/506/461 379/293/459
f 709/690/678 135/691/55 130/395/341
f 805/733/723 804/695/683 477/694/682
f 770/367/313 44/366/312 56/723/714
f 615/591/558 491/590/557 490/587/554
f 623/750/739 622/796/785 499/597/564
f 786/756/745 453/673/660 452/453/398
f 768/758/747 767/357/304 37/358/305
f 621/588/555 490/587/554 489/586/553
f 810/437/383 473/436/382 472/760/749
f 818/455/400 455/454/399 454/672/659
f 777/747/736 443/440/386 442/763/752
f 558/648/629 253/323/628 259/326/688
f 824/470/415 462/471/416 461/474/419
f 693/537/504 483/536/503 484/550/517
f 604/516/478 600/743/731 368/311/732
f 649/728/718 648/795/784 520/577/544
f 812/712/703 811/761/750 472/760/749
f 630/692/679 349/296/680 355/298/466
f 830/475/420 459/472/417 458/479/424
f 642/716/707 518/576/543 522/573/540
f 755/752/741 756/784/773 439/426/372
f 603/514/473 363/301/472 362/308/476
f 595/524/492 246/316/491 273/318/633
f 571/645/622 317/335/621 320/337/620
f 783/773/762 784/785/774 447/447/392
f 775/742/730 778/764/753 442/763/752
f 771/368/314 772/779/768 45/369/315
f 752/713/704 754/777/766 7/343/290
f 607/517/480 223/313/477 228/314/483
f 628/503/455 629/659/644 405/289/643
