# Blender 5.2.1 LTS
# www.blender.org
mtllib fullrhand.mtl
o Blade
v 26.839985 -12.472954 7.485670
v 26.014050 -13.099628 6.746213
v 26.002243 -12.973999 6.683855
v 25.954445 -13.216032 6.788632
v 26.689323 -13.235811 7.815923
v 26.937195 -12.876200 7.683450
v 26.002243 -12.973999 6.683855
v 26.014050 -13.099628 6.746213
v 27.133327 -13.113889 6.138995
v 27.225952 -13.507118 6.357816
v 25.732113 -12.639343 6.465736
v 26.234734 -11.908857 7.089183
v 25.888206 -12.792896 6.572821
v 26.689323 -13.235811 7.815923
v 25.885612 -13.676605 7.854472
v 25.773849 -13.371931 6.823495
v 25.563305 -13.494112 6.835779
v 26.530037 -12.554081 5.733493
v 25.888206 -12.792896 6.572821
v 25.732113 -12.639343 6.465736
v 25.954445 -13.216032 6.788632
v 24.809612 -11.772624 6.675626
v 25.070347 -12.551561 6.279806
v 24.889435 -13.467607 6.676378
v 24.448994 -13.598581 7.466114
v 25.070347 -12.551561 6.279806
v 25.091167 -12.387807 5.383057
v 24.202454 -12.411880 6.024276
v 23.996124 -13.456594 6.476551
v 24.202454 -12.411880 6.024276
v 23.468597 -11.424404 6.156514
v 23.009350 -13.749743 7.163193
v 23.729855 -11.995235 4.957131
v 23.475185 -12.234379 5.781376
v 23.224083 -13.505808 6.331800
v 23.475185 -12.234379 5.781376
v 23.195930 -12.148175 5.679523
v 22.930241 -12.010168 5.555965
v 22.610161 -13.630859 6.257591
v 22.920628 -13.542150 6.282999
v 22.930241 -12.010168 5.555965
v 23.195930 -12.148175 5.679523
v 21.744881 -11.067572 4.849146
v 21.146702 -10.826346 4.604034
v 22.084957 -9.527729 5.063473
v 20.950462 -15.272141 7.550330
v 20.426075 -14.475193 6.183686
v 21.097466 -14.345718 6.268311
v 22.384190 -10.181536 3.689746
v 21.146702 -10.826346 4.604034
v 21.744881 -11.067572 4.849146
v 22.293755 -11.457239 5.154160
v 21.780056 -14.058309 6.280210
v 22.293755 -11.457239 5.154160
v 20.920208 -8.499205 4.278120
v 19.419048 -16.100212 7.568730
v 21.205040 -9.121540 2.970523
v 20.294319 -10.675528 4.346586
v 19.282883 -10.554711 4.068764
v 18.518692 -14.424147 5.743914
v 19.543434 -14.477564 5.992551
v 19.282883 -10.554711 4.068764
v 20.294319 -10.675528 4.346586
v 20.703423 -8.486094 3.393663
v 19.088509 -16.663069 6.933622
v 20.703423 -8.486094 3.393663
v 22.477108 -6.011520 2.602283
v 24.765385 -3.004630 1.669635
v 24.701382 -3.477069 2.753670
v 21.129692 -21.562006 10.582952
v 20.886322 -22.645922 10.172693
v 19.842052 -19.353876 8.378415
v 24.999966 -4.129446 1.382947
v 24.765385 -3.004630 1.669635
v 22.477108 -6.011520 2.602283
v 24.929871 -2.888007 2.500101
v 21.118580 -22.186159 10.854608
v 25.221249 -3.524649 1.162448
v 25.760971 -1.924640 1.372497
v 21.429325 -23.857563 10.867638
v 25.760971 -1.924640 1.372497
v 29.087309 0.341062 1.891852
v 27.498173 -0.541718 1.965847
v 27.830450 -0.329014 1.063867
v 22.810242 -25.748413 12.068371
v 22.693363 -24.870453 12.498177
v 23.886787 -25.991318 13.291598
v 27.830450 -0.329014 1.063867
v 27.796755 -1.194104 0.595123
v 29.385891 -0.311321 0.521129
v 26.300255 -1.442035 2.125735
v 26.705246 -1.070797 1.171807
v 22.010559 -24.841930 11.462748
v 21.883896 -23.803875 11.806568
v 26.705246 -1.070797 1.171807
v 26.596874 -2.090127 0.764033
v 30.360474 0.825429 1.942475
v 30.271349 0.770617 1.072200
v 31.554420 1.165540 1.163733
v 25.829914 -27.819984 13.712074
v 24.742882 -27.222271 13.190815
v 24.930031 -26.671146 13.846226
v 31.554420 1.165540 1.163733
v 30.271349 0.770617 1.072200
v 30.661018 0.168759 0.562741
v 28.857405 0.218665 1.026901
v 23.590328 -26.450716 12.572544
v 28.857405 0.218665 1.026901
v 31.774305 1.263499 2.045784
v 26.127247 -27.329878 14.424354
v 32.075504 0.605399 0.663041
v 32.445679 1.349732 2.143329
v 32.531548 1.393481 1.268092
v 26.686031 -28.204792 14.081703
v 26.741741 -27.531633 14.646582
v 32.531548 1.393481 1.268092
v 32.744255 0.697354 0.772611
v 33.761223 1.568652 1.452578
v 27.806795 -28.581072 14.504924
v 33.761223 1.568652 1.452578
v 27.599216 -4.918241 4.070802
v 27.922007 -3.548758 3.493156
v 28.903086 -4.910166 3.477859
v 29.133213 -3.964067 3.077702
v 25.481651 -22.453411 11.082060
v 24.271660 -22.031975 11.494860
v 25.626667 -21.500025 10.659896
v 24.491005 -20.656393 10.884121
v 29.133213 -3.964067 3.077702
v 28.221899 -4.203993 2.116426
v 28.903086 -4.910166 3.477859
v 27.898453 -5.572046 2.697075
v 29.415314 -3.243614 2.796258
v 28.379349 -2.501966 3.090742
v 24.306671 -23.123640 12.018227
v 25.474533 -23.197395 11.434599
v 28.678585 -3.155777 1.717015
v 29.415314 -3.243614 2.796258
v 28.941496 -1.505020 2.742532
v 29.894131 -2.353061 2.476710
v 25.591522 -24.138926 11.908194
v 24.463425 -24.179352 12.558647
v 29.894131 -2.353061 2.476710
v 29.242041 -2.161691 1.362798
v 29.718729 -0.548278 2.460317
v 30.480860 -1.506012 2.201374
v 25.829739 -25.056561 12.396821
v 24.843731 -25.232395 13.146503
v 30.480860 -1.506012 2.201374
v 30.019928 -1.206378 1.077575
v 30.700905 0.223063 2.303322
v 31.098438 -0.789339 1.994807
v 26.148415 -25.853346 12.845455
v 25.493126 -26.146086 13.718988
v 31.098438 -0.789339 1.994807
v 31.001451 -0.433607 0.923588
v 31.928965 0.992047 2.201010
v 32.239143 0.334321 1.708492
v 26.814747 -27.131618 13.598978
v 26.381138 -27.098885 14.362065
v 32.239143 0.334321 1.708492
v 32.227547 0.339671 0.830287
v 32.832188 0.825669 1.603825
v 27.196625 -27.709499 13.957195
v 32.832188 0.825669 1.603825
v 31.511915 -6.700981 5.756247
v 30.012032 -6.409636 5.302358
v 31.055616 -5.944873 4.439190
v 28.108957 -20.865017 10.898382
v 27.402397 -19.623310 11.022790
v 28.963995 -19.602161 11.341393
v 31.055616 -5.944873 4.439190
v 30.309305 -7.059154 3.937652
v 31.805258 -7.341917 4.409572
v 28.572975 -5.752383 4.679913
v 29.382473 -5.247153 3.742665
v 30.106789 -5.608219 4.072281
v 27.061501 -21.027746 10.747667
v 26.221016 -21.254915 10.672703
v 25.756405 -20.013845 10.853951
v 30.106789 -5.608219 4.072281
v 29.382473 -5.247153 3.742665
v 28.871553 -6.404759 3.309194
v 42.296600 -8.158615 8.810677
v 37.204041 -7.589279 7.438066
v 40.600243 -7.341025 7.182749
v 37.879269 -21.118418 13.147226
v 34.814644 -19.687771 12.675714
v 39.958027 -19.999758 13.936912
v 40.600243 -7.341025 7.182749
v 37.503929 -8.244514 6.061330
v 42.594521 -8.809563 7.442962
v 42.484718 -7.390114 7.616603
v 39.720184 -21.388090 13.676569
v 42.484718 -7.390114 7.616603
v 32.019341 -6.189336 4.765463
v 29.136213 -20.787800 11.085392
v 32.019341 -6.189336 4.765463
v 37.613461 -7.007574 6.373446
v 34.861629 -20.941219 12.405562
v 37.613461 -7.007574 6.373446
v 43.936832 -7.618697 8.888018
v 43.452789 -7.292250 7.780896
v 40.617462 -21.648682 13.996048
v 41.330219 -20.817049 14.601816
v 43.452789 -7.292250 7.780896
v 44.226902 -8.252474 7.556372
v 44.544838 -7.055448 7.906076
v 41.581841 -22.058319 14.401077
v 44.544838 -7.055448 7.906076
v 71.953041 -11.752785 16.111956
v 73.880188 -11.855370 16.580570
v 73.800087 -12.305628 17.639046
v 72.024231 -21.297548 21.531809
v 71.806641 -22.354620 21.125877
v 69.903687 -22.129484 20.604214
v 74.095398 -12.950851 16.283356
v 73.880188 -11.855370 16.580570
v 71.953041 -11.752785 16.111956
v 59.462910 -10.522070 12.805532
v 59.217884 -10.850823 13.739620
v 48.059036 -9.387417 9.781431
v 46.446255 -9.552774 10.347481
v 44.506424 -19.374952 14.599669
v 57.357319 -20.271658 17.818058
v 45.885040 -20.395239 14.546909
v 57.350632 -21.217396 17.435722
v 46.733704 -10.180834 9.027863
v 59.502716 -11.473160 12.432017
v 48.059036 -9.387417 9.781431
v 59.462910 -10.522070 12.805532
v 46.874069 -9.167640 9.418711
v 44.654083 -20.408298 14.284992
v 46.874069 -9.167640 9.418711
v 42.755302 -14.215920 11.804975
v 58.111839 -15.529889 15.775412
v 57.357319 -20.271658 17.818058
v 44.506424 -19.374952 14.599669
v 58.413040 -16.187990 14.392669
v 43.056499 -14.874021 10.422232
v 44.741722 -8.882252 9.695353
v 46.022686 -8.792591 9.054761
v 43.685326 -20.627607 14.178347
v 42.604031 -19.706251 14.381248
v 46.022686 -8.792591 9.054761
v 45.041611 -9.537488 8.318617
v 45.243240 -8.171347 8.589300
v 42.690475 -21.097038 14.185061
v 45.243240 -8.171347 8.589300
v 85.518272 -12.259239 19.307875
v 84.929245 -11.337389 19.606289
v 86.100067 -11.470958 19.059431
v 83.471069 -24.782675 24.822308
v 82.407944 -24.103769 25.133076
v 83.214798 -23.922686 24.357185
v 86.100067 -11.470958 19.059431
v 85.225204 -11.984047 18.247589
v 85.518272 -12.259239 19.307875
v 84.693741 -12.229058 19.990856
v 82.528221 -23.193989 24.737762
v 84.994293 -12.885729 18.611116
v 85.432297 -12.526043 19.416130
v 83.235321 -23.650284 24.232010
v 85.432297 -12.526043 19.416130
v 85.449974 -12.773674 19.537838
v 83.348579 -23.413849 24.144154
v 85.449974 -12.773674 19.537838
v 84.998344 -13.339947 20.566767
v 83.251526 -22.184805 24.395859
v 85.292328 -13.982306 19.217089
v 86.501297 -12.894785 19.824486
v 84.412018 -23.473688 24.404278
v 86.501297 -12.894785 19.824486
v 87.341881 -12.919974 20.019571
v 87.254311 -13.352644 21.071888
v 85.438515 -22.546766 25.052181
v 85.234428 -23.590794 24.639156
v 87.550270 -13.999302 19.713188
v 87.341881 -12.919974 20.019571
v 88.345245 -12.967220 21.114590
v 87.830925 -12.837203 20.086706
v 85.675087 -23.753113 24.812401
v 86.341881 -23.111082 25.506050
v 87.830925 -12.837203 20.086706
v 88.637283 -13.605291 19.773933
v 90.213501 -11.729458 20.078484
v 90.834503 -11.720287 20.209387
v 90.534340 -11.811491 21.068186
v 88.013039 -24.577866 26.594973
v 88.144997 -25.338367 26.104891
v 87.548203 -25.224995 25.920933
v 90.835533 -12.469586 19.685438
v 90.834503 -11.720287 20.209387
v 90.213501 -11.729458 20.078484
v 91.296471 -11.825239 20.359966
v 91.059143 -11.886816 21.203039
v 88.547531 -24.604172 26.708607
v 88.632385 -25.314644 26.199766
v 91.355118 -12.533469 19.844341
v 91.296471 -11.825239 20.359966
v 91.840210 -12.055576 20.588032
v 89.247505 -25.183466 26.271330
v 91.840210 -12.055576 20.588032
v 92.184242 -12.268823 20.764467
v 89.662941 -25.035202 26.291254
v 92.184242 -12.268823 20.764467
v 89.637947 -12.068418 20.968405
v 89.644104 -11.898821 20.035053
v 87.063507 -24.965443 25.691826
v 87.242493 -24.197548 26.219316
v 89.644104 -11.898821 20.035053
v 89.929977 -12.706489 19.627743
v 88.258011 -12.680587 20.105198
v 86.027138 -23.976397 24.995352
v 88.258011 -12.680587 20.105198
v 109.869980 -19.445868 28.909668
v 107.514069 -17.877972 27.646446
v 108.985146 -17.899784 27.104141
v 108.092667 -22.418716 29.060467
v 106.783768 -21.575844 29.247318
v 109.670914 -20.453817 29.346027
v 108.985146 -17.899784 27.104141
v 107.813309 -18.531778 26.272715
v 110.169861 -20.101105 27.532936
v 104.187729 -16.090330 26.074894
v 106.284546 -16.403835 25.803902
v 104.900772 -23.410482 28.837202
v 102.874130 -22.741592 28.954342
v 106.284546 -16.403835 25.803902
v 104.487617 -16.745571 24.698164
v 99.691879 -13.994530 24.082792
v 100.131760 -13.391243 23.029854
v 103.194504 -14.840289 24.386654
v 101.306099 -24.402054 28.526112
v 97.782310 -25.287537 28.179964
v 97.711502 -24.021969 28.423849
v 103.194504 -14.840289 24.386654
v 100.131760 -13.391243 23.029854
v 99.987183 -14.639754 22.727097
v 111.461388 -19.554123 28.430893
v 111.955978 -19.982758 28.742630
v 111.773849 -20.904926 29.141857
v 111.129211 -21.236086 29.159046
v 111.955978 -19.982758 28.742630
v 111.461388 -19.554123 28.430893
v 112.144714 -20.257492 28.914499
v 109.670914 -20.453817 29.346027
v 112.063026 -20.671083 29.093555
v 111.773849 -20.904926 29.141857
v 112.144714 -20.257492 28.914499
v 110.607254 -18.923368 27.944641
v 110.058456 -21.702129 29.147615
v 110.607254 -18.923368 27.944641
v 112.172348 -20.471699 29.022469
v 110.280815 -19.995066 29.260542
v 110.580704 -20.650307 27.883812
v 112.172348 -20.471699 29.022469
v 96.968506 -14.104568 23.549599
v 93.345779 -13.990870 22.706356
v 95.140457 -13.515601 22.001797
v 93.005188 -24.327347 26.682392
v 91.575966 -22.952150 26.585846
v 95.122452 -23.451876 27.596207
v 95.140457 -13.515601 22.001797
v 93.643051 -14.640382 21.341644
v 97.266426 -14.755520 22.181885
v 97.454926 -13.511133 22.503822
v 95.241005 -24.721157 27.356844
v 97.454926 -13.511133 22.503822
v 93.217041 -13.444486 21.548983
v 91.118073 -24.072412 26.149994
v 93.217041 -13.444486 21.548983
v 90.918716 -13.543953 21.945827
v 91.532951 -13.291042 21.109112
v 89.430344 -23.937349 25.718077
v 89.053314 -22.989294 26.034876
v 91.532951 -13.291042 21.109112
v 91.209450 -14.179160 20.611179
v 91.806473 -12.647741 20.862514
v 89.444908 -24.605309 26.039154
v 91.806473 -12.647741 20.862514
v 91.626907 -12.950150 20.967333
v 90.834488 -12.348103 21.388960
v 88.511642 -24.109592 26.480717
v 89.388771 -24.282721 25.873398
v 91.135689 -13.006203 20.006218
v 91.626907 -12.950150 20.967333
v 98.370743 -18.974615 26.184368
v 97.711502 -24.021969 28.423849
v 95.122452 -23.451876 27.596207
v 98.671951 -19.632715 24.801620
v 88.409134 -18.122255 23.608795
v 91.575966 -22.952150 26.585846
v 88.710342 -18.780361 22.226046
v 89.053314 -22.989294 26.034876
v 80.263260 -13.002686 19.393972
v 80.236343 -12.405459 18.226917
v 81.020065 -12.432014 18.410273
v 78.933197 -22.998669 22.984760
v 78.165207 -22.892456 22.766926
v 78.544884 -21.703554 23.160732
v 81.020065 -12.432014 18.410273
v 80.236343 -12.405459 18.226917
v 80.563812 -13.659356 18.014238
v 81.714493 -12.354359 18.524580
v 81.811386 -12.707968 19.583275
v 79.926613 -22.251352 23.714771
v 79.574387 -23.190611 23.215784
v 82.109314 -13.358915 18.215561
v 81.714493 -12.354359 18.524580
v 83.907776 -11.429804 18.562305
v 84.472198 -11.235097 18.592587
v 84.232193 -11.466326 19.485178
v 81.779869 -23.883444 24.860767
v 81.805687 -24.736755 24.437691
v 81.335648 -24.453529 24.200500
v 84.517670 -12.090090 18.174576
v 84.472198 -11.235097 18.592587
v 83.907776 -11.429804 18.562305
v 84.953979 -11.189081 18.675632
v 85.455948 -11.260077 18.818764
v 82.766449 -24.878153 24.714264
v 82.253586 -24.862312 24.595009
v 85.455948 -11.260077 18.818764
v 84.953979 -11.189081 18.675632
v 83.011238 -12.098568 19.550770
v 82.400154 -12.135747 18.569887
v 80.152344 -23.517342 23.497181
v 80.849358 -23.045116 24.289722
v 82.400154 -12.135747 18.569887
v 83.307854 -12.746651 18.189066
v 79.658234 -12.315491 18.058172
v 79.187897 -12.774237 19.031857
v 77.414459 -21.753899 22.919308
v 77.571365 -22.882141 22.632660
v 79.481903 -13.416601 17.682178
v 79.658234 -12.315491 18.058172
v 79.323456 -11.064363 18.243763
v 79.889877 -11.547104 17.742922
v 79.725105 -11.875704 17.863426
v 77.465195 -23.318565 22.817245
v 77.496841 -23.663977 22.988535
v 76.880821 -23.432465 23.598129
v 79.725105 -11.875704 17.863426
v 79.889877 -11.547104 17.742922
v 79.615494 -11.702435 16.903101
v 79.009071 -11.801847 18.549255
v 76.866531 -22.650360 23.245760
v 79.308952 -12.457088 17.172525
v 80.342636 -10.990788 17.576778
v 77.718468 -24.277992 23.329044
v 80.342636 -10.990788 17.576778
v 78.218269 -11.002050 17.996342
v 78.072845 -10.886927 17.032925
v 78.671356 -10.738749 17.092773
v 78.671356 -10.738749 17.092773
v 78.072845 -10.886927 17.032925
v 78.518150 -11.657291 16.619612
v 79.213776 -10.722854 17.203358
v 75.791359 -23.290497 23.316223
v 76.523064 -24.347057 23.101517
v 76.004837 -24.240410 22.937878
v 79.213776 -10.722854 17.203358
v 79.803780 -10.820065 17.378145
v 77.131210 -24.352362 23.236515
v 79.803780 -10.820065 17.378145
v 76.635208 -11.531199 17.891869
v 76.741188 -11.392958 16.983696
v 74.392952 -23.283125 22.131157
v 74.464859 -22.520641 22.649387
v 75.483780 -23.996437 22.708258
v 76.741188 -11.392958 16.983696
v 76.931190 -12.177853 16.533169
v 75.392517 -11.732416 16.851477
v 75.286583 -12.082146 17.852652
v 73.373978 -21.766455 22.045162
v 73.220947 -22.727985 21.611650
v 75.579933 -12.723081 16.505981
v 75.392517 -11.732416 16.851477
v 59.217884 -10.850823 13.739620
v 59.462910 -10.522070 12.805532
v 57.350632 -21.217396 17.435722
v 57.357319 -20.271658 17.818058
v 27.402397 -19.623310 11.022790
v 34.814644 -19.687771 12.675714
v 28.963995 -19.602161 11.341393
v 39.958027 -19.999758 13.936912
v 42.604031 -19.706251 14.381248
v 58.111839 -15.529889 15.775412
v 75.645325 -17.030132 20.308704
v 72.024231 -21.297548 21.531809
v 72.024231 -21.297548 21.531809
v 75.946526 -17.688232 18.925957
v 73.373978 -21.766455 22.045162
v 78.544884 -21.703554 23.160732
v 77.414459 -21.753899 22.919308
v 79.926613 -22.251352 23.714771
v 85.438515 -22.546766 25.052181
v 83.251526 -22.184805 24.395859
v 86.341881 -23.111082 25.506050
v 106.783768 -21.575844 29.247318
v 102.874130 -22.741592 28.954342
v 26.982666 -13.876741 6.469249
v 25.954445 -13.216032 6.788632
v 25.563305 -13.494112 6.835779
v 26.180916 -14.321829 6.498781
v 25.773849 -13.371931 6.823495
v 24.730549 -14.213759 6.173545
v 24.889435 -13.467607 6.676378
v 23.996124 -13.456594 6.476551
v 23.270611 -14.320574 5.963810
v 23.224083 -13.505808 6.331800
v 22.920628 -13.542150 6.282999
v 22.610161 -13.630859 6.257591
v 21.097466 -14.345718 6.268311
v 20.426075 -14.475193 6.183686
v 21.249699 -15.925948 6.176603
v 21.780056 -14.058309 6.280210
v 19.703876 -16.722542 6.261132
v 19.543434 -14.477564 5.992551
v 18.518692 -14.424147 5.743914
v 19.088509 -16.663069 6.933622
v 19.842052 -19.353876 8.378415
v 20.886322 -22.645922 10.172693
v 21.428272 -22.214382 9.212229
v 21.409954 -22.822800 9.516954
v 21.429325 -23.857563 10.867638
v 24.185371 -26.643696 11.920876
v 22.991947 -25.522829 11.127453
v 22.810242 -25.748413 12.068371
v 22.180511 -24.451958 10.444866
v 22.010559 -24.841930 11.462748
v 25.230576 -27.327816 12.466487
v 24.742882 -27.222271 13.190815
v 25.829914 -27.819984 13.712074
v 23.590328 -26.450716 12.572544
v 26.428448 -27.987978 13.041611
v 27.040325 -28.184010 13.275858
v 26.686031 -28.204792 14.081703
v 27.806795 -28.581072 14.504924
v 24.790237 -21.310200 9.510393
v 24.571552 -22.687214 10.118130
v 25.626667 -21.500025 10.659896
v 25.481651 -22.453411 11.082060
v 25.474533 -23.197395 11.434599
v 24.605904 -23.777447 10.644499
v 24.763969 -24.836023 11.178913
v 25.591522 -24.138926 11.908194
v 25.144928 -25.890495 11.763761
v 25.829739 -25.056561 12.396821
v 25.793671 -26.802757 12.339249
v 26.148415 -25.853346 12.845455
v 26.679718 -27.751261 12.991346
v 26.814747 -27.131618 13.598978
v 27.196625 -27.709499 13.957195
v 29.257336 -20.243095 9.994718
v 27.699669 -20.272823 9.658084
v 28.108957 -20.865017 10.898382
v 26.054985 -20.666222 9.483227
v 26.221016 -21.254915 10.672703
v 27.061501 -21.027746 10.747667
v 40.255959 -20.650705 12.569197
v 35.114532 -20.343012 11.298983
v 37.879269 -21.118418 13.147226
v 39.720184 -21.388090 13.676569
v 29.136213 -20.787800 11.085392
v 34.861629 -20.941219 12.405562
v 41.620293 -21.450832 13.270170
v 40.617462 -21.648682 13.996048
v 41.581841 -22.058319 14.401077
v 69.903687 -22.129484 20.604214
v 71.806641 -22.354620 21.125877
v 72.319534 -21.942772 20.176113
v 57.350632 -21.217396 17.435722
v 57.642147 -20.893993 16.510466
v 45.885040 -20.395239 14.546909
v 44.793873 -20.003006 13.280052
v 44.654083 -20.408298 14.284992
v 42.903919 -20.361492 13.004517
v 43.685326 -20.627607 14.178347
v 42.690475 -21.097038 14.185061
v 83.214798 -23.922686 24.357185
v 82.703903 -24.750427 23.774376
v 83.471069 -24.782675 24.822308
v 82.828773 -23.850658 23.358025
v 83.235321 -23.650284 24.232010
v 83.348579 -23.413849 24.144154
v 83.545517 -22.827169 23.046181
v 84.412018 -23.473688 24.404278
v 85.234428 -23.590794 24.639156
v 85.734474 -23.193420 23.693481
v 86.633911 -23.749153 24.165390
v 85.675087 -23.753113 24.812401
v 87.548203 -25.224995 25.920933
v 88.144997 -25.338367 26.104891
v 88.314232 -25.235966 25.212231
v 88.632385 -25.314644 26.199766
v 88.843498 -25.250832 25.349907
v 89.247505 -25.183466 26.271330
v 89.662941 -25.035202 26.291254
v 87.534531 -24.835619 24.878658
v 87.063507 -24.965443 25.691826
v 86.027138 -23.976397 24.995352
v 109.970795 -21.109058 27.969292
v 107.082993 -22.229649 27.873590
v 108.092667 -22.418716 29.060467
v 103.174026 -23.396830 27.577612
v 104.900772 -23.410482 28.837202
v 98.006805 -24.667198 27.068153
v 97.782310 -25.287537 28.179964
v 101.306099 -24.402054 28.526112
v 111.129211 -21.236086 29.159046
v 111.773849 -20.904926 29.141857
v 112.063026 -20.671083 29.093555
v 110.058456 -21.702129 29.147615
v 95.420372 -24.102821 26.228493
v 91.873245 -23.601662 25.221142
v 93.005188 -24.327347 26.682392
v 95.241005 -24.721157 27.356844
v 91.118073 -24.072412 26.149994
v 89.344040 -23.624500 24.700230
v 89.430344 -23.937349 25.718077
v 89.444908 -24.605309 26.039154
v 89.388771 -24.282721 25.873398
v 88.812843 -24.767693 25.097973
v 78.845428 -22.360224 21.780994
v 78.165207 -22.892456 22.766926
v 78.933197 -22.998669 22.984760
v 79.574387 -23.190611 23.215784
v 80.224548 -22.902298 22.347057
v 81.335648 -24.453529 24.200500
v 81.805687 -24.736755 24.437691
v 82.065346 -24.507210 23.550167
v 82.253586 -24.862312 24.595009
v 82.766449 -24.878153 24.714264
v 81.145973 -23.693205 22.928020
v 80.152344 -23.517342 23.497181
v 77.571365 -22.882141 22.632660
v 77.708450 -22.396263 21.569630
v 77.172852 -24.070534 22.257467
v 77.496841 -23.663977 22.988535
v 77.465195 -23.318565 22.817245
v 77.166435 -23.305595 21.869030
v 77.718468 -24.277992 23.329044
v 76.091255 -23.945738 21.939493
v 75.483780 -23.996437 22.708258
v 76.004837 -24.240410 22.937878
v 76.523064 -24.347057 23.101517
v 77.131210 -24.352362 23.236515
v 74.760818 -23.167299 21.290688
v 74.392952 -23.283125 22.131157
v 73.220947 -22.727985 21.611650
v 73.667320 -22.407391 20.698486
vn -0.7244 0.5428 -0.4250
vn -0.2266 0.4810 0.8469
vn -0.9647 0.0721 -0.2534
vn -0.2020 0.4152 0.8870
vn -0.1760 0.3467 0.9213
vn -0.1912 0.3481 0.9177
vn -0.1936 0.3779 0.9054
vn -0.1868 0.4139 0.8910
vn -0.2114 0.3647 0.9068
vn -0.1581 0.3598 0.9195
vn -0.1873 0.3700 0.9100
vn -0.2062 0.3048 0.9298
vn -0.1949 0.3707 0.9081
vn -0.1692 0.4624 0.8704
vn -0.1632 0.5240 0.8359
vn 0.2026 0.8974 -0.3919
vn 0.3796 0.8619 -0.3364
vn 0.5362 0.7989 -0.2723
vn -0.1372 0.4663 0.8739
vn 0.8190 0.5652 -0.0994
vn -0.0306 0.6907 0.7225
vn 0.5302 0.8020 -0.2751
vn -0.1632 0.8729 -0.4598
vn -0.1905 0.4714 0.8611
vn -0.1782 0.4562 0.8719
vn 0.2102 0.8966 -0.3898
vn 0.0731 0.9033 -0.4228
vn 0.2327 0.8937 -0.3835
vn 0.2698 0.8879 -0.3727
vn -0.1647 0.4831 0.8599
vn 0.3586 0.8679 -0.3438
vn -0.1495 0.4816 0.8635
vn 0.4864 0.8226 -0.2944
vn 0.5843 0.7724 -0.2492
vn -0.1525 0.4679 0.8705
vn 0.9556 0.2880 0.0623
vn -0.2343 0.3666 0.9004
vn -0.2503 0.3603 0.8986
vn -0.9100 -0.4145 -0.0098
vn -0.7544 -0.6428 0.1327
vn -0.2830 -0.8885 0.3612
vn -0.2453 0.3452 0.9059
vn -0.2312 -0.8971 0.3766
vn -0.3345 -0.8771 0.3446
vn -0.2453 0.3451 0.9059
vn -0.1458 0.4244 0.8937
vn -0.0435 0.3822 0.9231
vn 0.9373 -0.1879 0.2936
vn 0.8959 -0.2926 0.3344
vn -0.0098 0.3472 0.9377
vn 0.8445 -0.3884 0.3688
vn 0.0074 0.3065 0.9518
vn 0.7728 -0.4911 0.4021
vn 0.0493 0.2137 0.9756
vn 0.6750 -0.5983 0.4318
vn 0.1370 0.0557 0.9890
vn 0.5915 -0.6704 0.4479
vn 0.2544 -0.2306 0.9392
vn 0.6001 -0.6637 0.4466
vn -0.2573 0.9105 0.3236
vn 0.2585 0.5915 0.7638
vn 0.8573 0.5117 -0.0568
vn -0.0837 0.8890 -0.4502
vn -0.2038 0.8623 -0.4636
vn -0.3049 0.8079 0.5043
vn -0.3267 0.7152 0.6179
vn -0.3454 0.6299 0.6957
vn -0.3492 0.5590 0.7520
vn -0.3141 0.4917 0.8121
vn -0.3788 0.5257 0.7616
vn -0.7009 0.5678 -0.4317
vn -0.7712 0.4878 -0.4090
vn -0.7879 0.4662 -0.4023
vn -0.5813 0.6738 -0.4562
vn -0.4662 0.7509 -0.4678
vn -0.3715 0.8003 -0.4707
vn -0.2705 0.8412 -0.4681
vn -0.4192 0.4779 0.7719
vn -0.8060 0.4414 -0.3945
vn -0.8573 -0.5117 0.0568
vn -0.5287 -0.8053 0.2681
vn -0.2265 0.3659 0.9027
vn -0.7727 -0.6218 0.1276
vn -0.5632 -0.7870 0.2519
vn -0.6728 -0.7141 0.1934
vn -0.4657 -0.8341 0.2956
vn -0.7243 0.5429 -0.4250
vn -0.4852 0.7395 -0.4665
vn -0.2131 0.4731 0.8548
vn 0.0654 0.9031 -0.4244
vn -0.2161 0.4941 0.8421
vn -0.1734 0.3613 0.9162
vn -0.0008 -0.9030 0.4296
vn -0.1912 0.3482 0.9177
vn 0.1407 -0.8817 0.4503
vn 0.2554 -0.8503 0.4603
vn 0.8075 -0.4447 0.3875
vn -0.1500 0.4030 0.9028
vn 0.0112 0.9004 -0.4349
vn 0.1188 0.9031 -0.4128
vn -0.1320 0.8799 -0.4564
vn -0.3775 0.7975 -0.4706
vn -0.5090 0.7246 -0.4646
vn -0.2056 0.4725 0.8570
vn -0.2440 0.8501 -0.4666
vn -0.4401 0.3713 0.8176
vn 0.1189 0.9030 -0.4128
vn -0.6322 0.6324 -0.4475
vn -0.9502 -0.3034 -0.0714
vn -0.9446 -0.3240 -0.0515
vn -0.3405 0.3570 0.8698
vn -0.0365 0.4176 0.9079
vn 0.9786 0.0169 0.2051
vn 0.0084 0.4393 0.8983
vn 0.9801 0.1252 0.1539
vn 0.9685 0.2269 0.1030
vn 0.0396 0.4695 0.8820
vn 0.9398 0.3389 0.0434
vn 0.1122 0.5318 0.8394
vn 0.8877 0.4598 -0.0255
vn 0.2474 0.6134 0.7500
vn 0.8365 0.5415 -0.0843
vn 0.4438 0.7225 0.5301
vn 0.8410 0.5363 -0.0720
vn 0.1563 0.0756 0.9848
vn 0.6256 -0.6427 0.4422
vn -0.4223 -0.8507 0.3130
vn -0.4836 -0.2690 0.8329
vn -0.4750 -0.0622 0.8778
vn -0.4503 0.0831 0.8890
vn -0.4298 0.1976 0.8810
vn -0.4031 0.2834 0.8702
vn -0.4189 0.3207 0.8495
vn -0.9343 -0.3538 -0.0439
vn -0.8968 -0.4424 0.0064
vn -0.8219 -0.5640 0.0806
vn -0.7405 -0.6568 0.1425
vn -0.6682 -0.7198 0.1882
vn -0.5855 -0.7741 0.2409
vn -0.5288 -0.8053 0.2681
vn -0.0944 -0.9067 0.4110
vn -0.1326 -0.9059 0.4022
vn -0.1555 -0.9047 0.3967
vn -0.2757 -0.8899 0.3635
vn -0.4933 -0.8222 0.2838
vn -0.1576 0.0822 0.9841
vn 0.1914 -0.8694 0.4555
vn 0.5651 -0.6904 0.4517
vn 0.1984 -0.8675 0.4561
vn -0.1873 0.3700 0.9099
vn 0.0218 -0.9009 0.4335
vn -0.1632 -0.9042 0.3948
vn -0.1631 -0.9042 0.3948
vn -0.1439 0.3053 0.9413
vn 0.3888 -0.7962 0.4636
vn 0.5380 -0.7096 0.4549
vn 0.3049 -0.8325 0.4626
vn 0.2819 -0.8410 0.4617
vn -0.1595 0.3079 0.9380
vn 0.2221 -0.8607 0.4580
vn -0.1671 0.3086 0.9364
vn 0.1745 -0.8738 0.4539
vn -0.1847 0.2944 0.9377
vn -0.0325 -0.9052 0.4238
vn -0.2189 0.3208 0.9215
vn -0.1962 0.3634 0.9107
vn -0.1479 -0.9051 0.3986
vn -0.1797 0.3693 0.9118
vn 0.3148 -0.8286 0.4630
vn 0.0893 0.3881 0.9173
vn 0.9812 0.0892 0.1712
vn 0.9446 0.3240 0.0515
vn 0.1876 -0.0352 0.9816
vn 0.9688 -0.0612 0.2402
vn 0.0536 -0.8971 0.4386
vn -0.1783 -0.9030 0.3909
vn -0.3634 -0.1358 0.9217
vn -0.4039 0.1739 0.8981
vn -0.2516 0.3530 0.9012
vn -0.5533 -0.7949 0.2489
vn -0.2228 0.3434 0.9124
vn -0.2985 -0.8854 0.3563
vn -0.1819 0.3989 0.8988
vn 0.4141 -0.7836 0.4632
vn 0.0597 0.3272 0.9431
vn 0.9536 -0.1321 0.2706
vn 0.9803 0.1424 0.1369
vn 0.1376 0.1029 0.9851
vn -0.0097 -0.9037 0.4280
vn -0.2535 -0.8937 0.3701
vn -0.4833 -0.8293 0.2806
vn -0.4472 0.0261 0.8940
vn -0.3963 0.1809 0.9001
vn -0.2176 0.3726 0.9021
vn -0.6602 -0.7238 0.2007
vn -0.6805 -0.7080 0.1888
vn -0.4621 -0.8382 0.2895
vn -0.4622 -0.8382 0.2895
vn -0.3711 -0.8673 0.3319
vn -0.2201 0.3135 0.9237
vn -0.1402 -0.9055 0.4004
vn -0.1784 0.3765 0.9091
vn 0.6592 -0.6131 0.4354
vn 0.0276 0.3704 0.9285
vn 0.9791 0.0239 0.2019
vn -0.3522 0.1803 0.9184
vn -0.2290 0.3513 0.9078
vn -0.4871 -0.8250 0.2866
vn -0.5574 -0.7902 0.2547
vn -0.2609 -0.8925 0.3679
vn -0.3596 0.0466 0.9320
vn 0.0790 0.0426 0.9960
vn 0.8132 -0.4365 0.3849
vn -0.0248 -0.9048 0.4252
vn -0.1859 -0.9023 0.3890
vn -0.3795 -0.8647 0.3289
vn -0.1439 0.3054 0.9413
vn 0.7330 -0.5383 0.4159
vn -0.0722 0.4010 0.9132
vn 0.9648 -0.0826 0.2495
vn 0.9200 0.3916 0.0141
vn 0.8005 0.5883 -0.1144
vn -0.1034 0.5117 0.8529
vn 0.6912 0.6973 -0.1901
vn 0.6248 0.7467 -0.2281
vn 0.6062 0.7589 -0.2380
vn -0.1192 0.5128 0.8502
vn -0.2177 0.3726 0.9021
vn -0.2291 0.3513 0.9078
vn -0.1768 0.4631 0.8685
vn 0.0883 0.9034 -0.4196
vn -0.1561 0.8746 -0.4591
vn -0.2026 0.4863 0.8500
vn -0.2617 0.6423 0.7204
vn -0.2372 0.8523 -0.4662
vn -0.2440 0.8502 -0.4666
vn -0.1630 0.4548 0.8755
vn 0.0346 0.4059 0.9133
vn -0.2290 0.7423 0.6297
vn -0.0370 0.8957 -0.4432
vn 0.1646 0.9008 -0.4017
vn 0.1982 0.6454 0.7376
vn 0.3360 0.8738 -0.3515
vn 0.9573 0.2790 0.0758
vn 0.9347 -0.1957 0.2967
vn 0.8790 0.4748 -0.0433
vn 0.2252 0.8947 -0.3857
vn -0.1798 0.5187 0.8358
vn -0.0279 0.8967 -0.4417
vn -0.1995 0.4651 0.8625
vn -0.1247 0.8814 -0.4555
vn -0.3617 0.8048 -0.4706
vn -0.3051 0.6417 0.7037
vn -0.1749 0.4345 0.8835
vn -0.1935 0.4925 0.8485
vn 0.1188 0.9030 -0.4128
vn 0.7078 0.6852 -0.1719
vn 0.0807 0.4333 0.8976
vn -0.3049 0.7541 0.5817
vn -0.1489 0.8762 -0.4583
vn 0.2321 0.5804 0.7805
vn 0.0959 0.9034 -0.4179
vn 0.3429 0.8750 -0.3418
vn 0.8889 -0.3073 0.3398
vn 0.9722 -0.0399 0.2307
vn 0.0493 0.9026 -0.4277
vn -0.2304 0.8544 -0.4657
vn -0.2251 0.4878 0.8434
vn -0.3110 0.6487 0.6946
vn -0.3873 0.7928 -0.4705
vn -0.1247 0.8814 -0.4556
vn -0.1702 0.8500 0.4986
vn 0.1874 0.8990 -0.3959
vn 0.0852 0.3668 0.9264
vn 0.3234 0.6496 0.6880
vn 0.4085 0.8527 -0.3257
vn 0.5563 0.7883 -0.2628
vn 0.9588 -0.1109 0.2616
vn 0.7832 -0.4777 0.3979
vn 0.9111 -0.2581 0.3213
vn 0.6328 0.7412 -0.2238
vn -0.1616 0.4617 0.8722
vn -0.1753 0.4701 0.8650
vn 0.2177 0.8957 -0.3878
vn -0.1814 0.5120 0.8396
vn -0.1385 0.5292 0.8371
vn 0.3289 0.8755 -0.3539
vn 0.5157 0.8091 -0.2816
vn -0.1269 0.5136 0.8486
vn -0.9100 -0.4146 -0.0097
vn 0.1434 -0.4740 -0.8688
vn -0.9647 0.0721 -0.2533
vn -0.7544 -0.6428 0.1328
vn 0.1601 -0.4686 -0.8688
vn 0.1481 -0.4884 -0.8599
vn 0.2239 -0.3804 -0.8973
vn 0.1480 -0.4885 -0.8599
vn -0.4658 -0.8341 0.2955
vn -0.6728 -0.7141 0.1933
vn 0.1677 -0.4694 -0.8669
vn 0.2308 -0.4246 -0.8755
vn 0.9556 0.2880 0.0622
vn 0.3319 -0.4434 -0.8326
vn 0.0733 -0.3493 -0.9341
vn -0.0402 -0.3456 -0.9375
vn -0.7878 0.4663 -0.4024
vn 0.0015 -0.3004 -0.9538
vn -0.7009 0.5678 -0.4318
vn 0.0312 -0.2669 -0.9632
vn -0.5812 0.6738 -0.4562
vn 0.0270 -0.1785 -0.9836
vn 0.3626 -0.4717 -0.8037
vn 0.8445 -0.3883 0.3688
vn 0.3770 -0.5060 -0.7758
vn 0.0266 -0.0569 -0.9980
vn -0.2705 0.8412 -0.4682
vn 0.0281 0.0869 -0.9958
vn 0.4094 -0.5776 -0.7063
vn 0.4704 -0.6767 -0.5664
vn 0.0271 0.2974 -0.9544
vn 0.5909 -0.1546 -0.7918
vn 0.6001 -0.6636 0.4466
vn 0.5171 -0.8077 -0.2832
vn 0.5842 0.7724 -0.2491
vn 0.4864 0.8227 -0.2944
vn 0.2265 -0.3659 -0.9027
vn 0.3585 0.8679 -0.3438
vn 0.2114 -0.3647 -0.9068
vn 0.2698 0.8879 -0.3726
vn 0.1985 -0.3930 -0.8978
vn 0.2012 -0.3786 -0.9034
vn 0.3233 -0.1065 -0.9403
vn 0.8189 0.5652 -0.0994
vn 0.2389 -0.3816 -0.8929
vn 0.1930 -0.4217 -0.8860
vn 0.1645 -0.3678 -0.9152
vn -0.4852 0.7396 -0.4665
vn 0.1784 -0.3766 -0.9091
vn 0.2026 -0.4862 -0.8500
vn 0.1875 -0.4851 -0.8541
vn 0.1858 -0.4569 -0.8699
vn 0.2056 -0.4725 -0.8570
vn 0.1747 -0.3540 -0.9188
vn -0.5089 0.7247 -0.4646
vn 0.1860 -0.3773 -0.9072
vn 0.2294 -0.4317 -0.8724
vn 0.2554 -0.8502 0.4603
vn 0.3361 -0.4222 -0.8419
vn 0.0495 -0.4696 -0.8815
vn -0.0584 -0.4379 -0.8971
vn -0.2039 0.8623 -0.4636
vn -0.6323 0.6324 -0.4476
vn -0.9502 -0.3035 -0.0714
vn -0.9446 -0.3241 -0.0515
vn -0.0362 -0.4911 -0.8704
vn -0.0205 -0.5282 -0.8489
vn 0.3782 -0.3939 -0.8378
vn 0.9801 0.1253 0.1539
vn 0.4066 -0.3573 -0.8408
vn -0.0556 -0.5965 -0.8007
vn -0.8219 -0.5640 0.0805
vn -0.0907 -0.6806 -0.7270
vn 0.4701 -0.2736 -0.8391
vn 0.8876 0.4598 -0.0255
vn -0.1414 -0.7711 -0.6208
vn 0.5794 -0.1320 -0.8043
vn -0.2039 -0.8727 -0.4436
vn 0.7064 0.1364 -0.6946
vn 0.8410 0.5363 -0.0721
vn 0.4902 -0.6574 -0.5723
vn -0.4223 -0.8508 0.3129
vn 0.5362 0.7990 -0.2723
vn 0.2075 -0.3864 -0.8987
vn 0.3795 0.8619 -0.3363
vn 0.1929 -0.4217 -0.8860
vn 0.2114 -0.3202 -0.9235
vn 0.1999 -0.3858 -0.9007
vn 0.1886 -0.3627 -0.9126
vn 0.2137 -0.3943 -0.8938
vn 0.1093 -0.1690 -0.9795
vn -0.2372 0.8523 -0.4661
vn -0.0370 0.8956 -0.4432
vn 0.1309 -0.0373 -0.9907
vn 0.1647 0.9008 -0.4018
vn 0.4021 -0.4224 -0.8123
vn 0.5385 -0.1055 -0.8360
vn 0.9347 -0.1956 0.2967
vn 0.8790 0.4749 -0.0434
vn 0.2251 0.8947 -0.3857
vn 0.2101 -0.3275 -0.9212
vn 0.1923 -0.3852 -0.9026
vn -0.1248 0.8814 -0.4556
vn -0.3616 0.8048 -0.4707
vn 0.0627 -0.1619 -0.9848
vn 0.2020 -0.4152 -0.8870
vn 0.4443 -0.3857 -0.8086
vn 0.0459 -0.0061 -0.9989
vn 0.5737 -0.1735 -0.8005
vn 0.9786 0.0168 0.2052
vn 0.8889 -0.3072 0.3399
vn 0.9722 -0.0398 0.2307
vn 0.0492 0.9026 -0.4277
vn 0.1975 -0.3561 -0.9133
vn 0.1657 -0.3606 -0.9179
vn 0.1928 -0.4217 -0.8860
vn 0.1978 -0.4365 -0.8777
vn 0.1768 -0.4631 -0.8685
vn 0.1723 -0.5181 -0.8378
vn 0.2010 -0.4581 -0.8659
vn 0.1648 -0.4831 -0.8599
vn 0.1844 -0.4638 -0.8665
vn -0.4870 -0.8250 0.2866
vn 0.0265 -0.6228 -0.7820
vn 0.1707 -0.5247 -0.8340
vn 0.1919 -0.4645 -0.8645
vn 0.2206 -0.4736 -0.8526
vn 0.1829 -0.4707 -0.8631
vn -0.1326 -0.9059 0.4023
vn -0.2756 -0.8899 0.3635
vn -0.4934 -0.8222 0.2839
vn 0.2040 -0.7080 -0.6762
vn 0.0219 -0.9009 0.4335
vn -0.0049 -0.7229 -0.6909
vn -0.1860 -0.9023 0.3889
vn 0.4166 -0.6997 -0.5804
vn -0.0249 -0.9048 0.4252
vn 0.3979 -0.4437 -0.8030
vn -0.1403 -0.9055 0.4004
vn -0.0206 -0.6161 -0.7874
vn 0.4259 -0.4776 -0.7684
vn -0.0955 -0.7210 -0.6863
vn -0.4834 -0.8292 0.2806
vn 0.4810 -0.6474 -0.5912
vn 0.4141 -0.7836 0.4631
vn 0.1708 -0.4906 -0.8545
vn -0.2985 -0.8854 0.3564
vn -0.5533 -0.7949 0.2490
vn 0.1419 -0.4808 -0.8652
vn -0.0295 -0.6204 -0.7837
vn -0.6805 -0.7080 0.1887
vn -0.0343 -0.8334 -0.5517
vn -0.1784 -0.9030 0.3909
vn 0.4515 -0.4281 -0.7828
vn 0.5006 -0.7224 -0.4770
vn 0.9446 0.3241 0.0515
vn 0.9812 0.0892 0.1713
vn 0.3148 -0.8286 0.4629
vn 0.1995 -0.4651 -0.8625
vn 0.1738 -0.5114 -0.8416
vn -0.2829 -0.8885 0.3612
vn 0.1917 -0.5339 -0.8235
vn -0.0325 -0.9052 0.4237
vn 0.2099 -0.5209 -0.8274
vn 0.2221 -0.8608 0.4580
vn 0.2173 -0.5214 -0.8252
vn 0.2326 -0.5230 -0.8200
vn 0.7330 -0.5384 0.4158
vn 0.3048 -0.4284 -0.8506
vn 0.9649 -0.0826 0.2495
vn 0.9200 0.3916 0.0140
vn 0.2707 -0.3313 -0.9039
vn 0.6912 0.6972 -0.1901
vn 0.2552 -0.3310 -0.9085
vn 0.2478 -0.3305 -0.9107
vn 0.5157 0.8092 -0.2816
vn 0.2438 -0.3079 -0.9197
vn 0.2089 -0.3348 -0.9188
vn 0.2150 -0.3871 -0.8966
vn 0.2176 0.8957 -0.3878
vn 0.6328 0.7413 -0.2238
vn 0.4501 -0.4352 -0.7797
vn 0.9111 -0.2580 0.3213
vn 0.7832 -0.4777 0.3980
vn 0.6354 -0.0493 -0.7706
vn 0.9588 -0.1109 0.2617
vn 0.4085 0.8527 -0.3256
vn 0.1875 0.8989 -0.3959
vn 0.1518 0.1432 -0.9780
vn 0.0616 -0.1598 -0.9852
vn -0.3872 0.7928 -0.4706
vt 0.497908 1.081010
vt 0.503789 1.090795
vt 0.495089 1.081396
vt 0.495089 1.092698
vt 0.645690 1.111400
vt 0.642099 1.127595
vt 0.632989 1.188689
vt 0.495089 1.260194
vt 0.630001 1.242890
vt 0.618409 1.269907
vt 0.607010 1.288897
vt 0.602503 1.424509
vt 0.495089 1.422701
vt 0.597610 1.579400
vt 0.383095 1.288897
vt 0.387699 1.424509
vt 0.373094 1.424292
vt 0.369599 1.303189
vt 0.366900 1.290392
vt 0.360200 1.280800
vt 0.371696 1.269907
vt 0.347692 1.271401
vt 0.344608 1.258796
vt 0.324002 1.261809
vt 0.331401 1.250988
vt 0.360104 1.242890
vt 0.357091 1.188689
vt 0.338004 1.221393
vt 0.335498 1.241107
vt 0.336197 1.189605
vt 0.328702 1.129692
vt 0.348006 1.127595
vt 0.324990 1.119088
vt 0.344391 1.111400
vt 0.319303 1.108508
vt 0.312603 1.100290
vt 0.332509 1.095109
vt 0.305903 1.094602
vt 0.474893 1.083396
vt 0.486292 1.090795
vt 0.492293 1.081010
vt 0.488509 1.079395
vt 0.485304 1.077491
vt 0.474194 1.068189
vt 0.484605 1.070406
vt 0.483111 1.061103
vt 0.468506 1.053295
vt 0.315712 1.083299
vt 0.284406 1.083806
vt 0.284309 1.095109
vt 0.267608 1.096506
vt 0.259992 1.086408
vt 0.246689 1.099591
vt 0.236591 1.090192
vt 0.226589 1.104001
vt 0.213696 1.096410
vt 0.209406 1.108990
vt 0.194392 1.104990
vt 0.182004 1.118510
vt 0.174798 1.116196
vt 0.169810 1.123691
vt 0.169111 1.114003
vt 0.165809 1.120799
vt 0.151397 1.131789
vt 0.157591 1.119401
vt 0.164604 1.109689
vt 0.181595 1.100194
vt 0.194898 1.087903
vt 0.217696 1.073201
vt 0.240110 1.062598
vt 0.288888 1.050089
vt 0.275103 1.051198
vt 0.245098 1.055705
vt 0.271199 1.047607
vt 0.342993 1.029990
vt 0.224107 1.063802
vt 0.205309 1.073997
vt 0.190994 1.083589
vt 0.175907 1.097205
vt 0.408401 1.021001
vt 0.401894 1.016590
vt 0.451010 1.006010
vt 0.451708 1.016807
vt 0.453492 1.025989
vt 0.429609 1.035292
vt 0.465397 1.039196
vt 0.457709 1.032689
vt 0.476604 1.047005
vt 0.479207 1.050089
vt 0.480605 1.053102
vt -0.496197 1.090795
vt -0.502101 1.081010
vt -0.498293 1.079395
vt -0.484797 1.083396
vt -0.495209 1.077491
vt -0.354295 1.111400
vt -0.484098 1.068189
vt -0.342293 1.095109
vt -0.334798 1.119088
vt -0.357910 1.127595
vt -0.329207 1.108508
vt -0.322411 1.100290
vt -0.315807 1.094602
vt -0.325496 1.083299
vt -0.478411 1.053295
vt -0.492991 1.061103
vt -0.494510 1.070406
vt -0.490509 1.053102
vt -0.489111 1.050089
vt -0.486508 1.047005
vt -0.475302 1.039196
vt -0.439393 1.035292
vt -0.467590 1.032689
vt -0.463396 1.025989
vt -0.418305 1.021001
vt -0.461589 1.016807
vt -0.460890 1.006010
vt -0.411702 1.016590
vt -0.352897 1.029990
vt -0.298793 1.050089
vt -0.294190 1.083806
vt -0.294190 1.095109
vt -0.269897 1.086408
vt -0.277392 1.096506
vt -0.256593 1.099591
vt -0.246496 1.090192
vt -0.236398 1.104001
vt -0.223504 1.096410
vt -0.219190 1.108990
vt -0.204296 1.104990
vt -0.191788 1.118510
vt -0.184703 1.116196
vt -0.179594 1.123691
vt -0.175689 1.120799
vt -0.161302 1.131789
vt -0.167495 1.119401
vt -0.178991 1.114003
vt -0.191499 1.100194
vt -0.204802 1.087903
vt -0.227601 1.073201
vt -0.249990 1.062598
vt -0.285008 1.051198
vt -0.281103 1.047607
vt -0.254906 1.055705
vt -0.233891 1.063802
vt -0.215093 1.073997
vt -0.200898 1.083589
vt -0.185811 1.097205
vt -0.174509 1.109689
vt -0.338510 1.129692
vt -0.366996 1.188689
vt -0.346101 1.189605
vt -0.347909 1.221393
vt -0.370009 1.242890
vt -0.345306 1.241107
vt -0.341305 1.250988
vt -0.354488 1.258796
vt -0.381601 1.269907
vt -0.333907 1.261809
vt -0.357597 1.271401
vt -0.370009 1.280800
vt -0.393000 1.288897
vt -0.376805 1.290392
vt -0.379504 1.303189
vt -0.397507 1.424509
vt -0.382999 1.424292
vt -0.493401 0.969595
vt -0.485810 0.984200
vt -0.494389 0.990201
vt -0.473205 0.974006
vt -0.453395 0.954991
vt -0.462698 0.941904
vt -0.425005 0.923805
vt -0.429102 0.903609
vt -0.395892 0.888402
vt -0.390711 0.852396
vt -0.369310 0.853601
vt -0.377190 0.825910
vt -0.398398 0.824296
vt -0.381697 0.801907
vt -0.402809 0.786410
vt -0.383794 0.781711
vt -0.397193 0.760093
vt -0.383601 0.763804
vt -0.370900 0.756912
vt -0.375696 0.764094
vt -0.368611 0.765395
vt -0.359911 0.758189
vt -0.359405 0.768504
vt -0.355307 0.764503
vt -0.351210 0.758406
vt -0.349692 0.753297
vt -0.359405 0.752694
vt -0.366610 0.743801
vt -0.389289 0.732209
vt -0.376202 0.728498
vt -0.380492 0.724401
vt -0.400110 0.721605
vt -0.383312 0.719508
vt -0.384396 0.710712
vt -0.404110 0.698108
vt -0.383697 0.699409
vt -0.379890 0.692709
vt -0.378106 0.698710
vt -0.371888 0.699096
vt -0.359405 0.693312
vt -0.353211 0.703506
vt -0.349692 0.696396
vt -0.348993 0.690998
vt -0.350994 0.686106
vt -0.363405 0.686202
vt -0.380107 0.674899
vt -0.396109 0.663596
vt -0.375190 0.666392
vt -0.356488 0.680611
vt -0.356006 0.741295
vt -0.351090 0.746910
vt -0.381408 0.659692
vt -0.384493 0.652607
vt -0.405701 0.648196
vt -0.385409 0.644388
vt -0.402592 0.636411
vt -0.384493 0.638195
vt -0.381312 0.632604
vt -0.374491 0.638002
vt -0.379697 0.607298
vt -0.394494 0.594405
vt -0.379600 0.592597
vt -0.402399 0.579390
vt -0.369406 0.605997
vt -0.385192 0.577101
vt -0.386589 0.556809
vt -0.397507 0.424499
vt -0.382999 0.424306
vt -0.355500 0.618794
vt -0.364899 0.622795
vt -0.363911 0.634291
vt -0.366803 0.638990
vt -0.353500 0.642605
vt -0.350704 0.636604
vt -0.349596 0.630290
vt -0.350994 0.624699
vt 0.506608 0.969595
vt 0.505596 0.990201
vt 0.499788 0.992707
vt 0.495089 0.974994
vt 0.495089 0.993502
vt 0.490293 0.992707
vt 0.484605 0.990201
vt 0.483593 0.969595
vt 0.475905 0.984200
vt 0.463397 0.974006
vt 0.443490 0.954991
vt 0.452889 0.941904
vt 0.495089 0.848998
vt 0.537312 0.941904
vt 0.570907 0.903609
vt 0.609299 0.852396
vt 0.601611 0.824296
vt 0.597201 0.786410
vt 0.495089 0.743488
vt 0.602792 0.760093
vt 0.610697 0.732209
vt 0.599900 0.721605
vt 0.595899 0.698108
vt 0.495089 0.608407
vt 0.603901 0.663596
vt 0.594309 0.648196
vt 0.597394 0.636411
vt 0.605491 0.594405
vt 0.597610 0.579390
vt 0.495089 0.422692
vt 0.392591 0.579390
vt 0.387699 0.424499
vt 0.376709 0.556809
vt 0.373094 0.424306
vt 0.375311 0.577101
vt 0.369696 0.592597
vt 0.384590 0.594405
vt 0.369792 0.607298
vt 0.359501 0.605997
vt 0.345596 0.618794
vt 0.392711 0.636411
vt 0.371407 0.632604
vt 0.354995 0.622795
vt 0.341089 0.624699
vt 0.339691 0.630290
vt 0.354103 0.634291
vt 0.340800 0.636604
vt 0.343595 0.642605
vt 0.356899 0.638990
vt 0.364611 0.638002
vt 0.374588 0.638195
vt 0.375504 0.644388
vt 0.395893 0.648196
vt 0.374588 0.652607
vt 0.386204 0.663596
vt 0.371503 0.659692
vt 0.365310 0.666392
vt 0.370298 0.674899
vt 0.346608 0.680611
vt 0.394206 0.698108
vt 0.390205 0.721605
vt 0.374492 0.710712
vt 0.373793 0.699409
vt 0.370009 0.692709
vt 0.353501 0.686202
vt 0.341209 0.686106
vt 0.349500 0.693312
vt 0.339209 0.690998
vt 0.339812 0.696396
vt 0.343306 0.703506
vt 0.362104 0.699096
vt 0.368298 0.698710
vt 0.373407 0.719508
vt 0.370612 0.724401
vt 0.379408 0.732209
vt 0.366298 0.728498
vt 0.356802 0.743801
vt 0.346102 0.741295
vt 0.341209 0.746910
vt 0.349500 0.752694
vt 0.339812 0.753297
vt 0.360996 0.756912
vt 0.350102 0.758189
vt 0.341306 0.758406
vt 0.345403 0.764503
vt 0.349596 0.768504
vt 0.358706 0.765395
vt 0.365912 0.764094
vt 0.373696 0.763804
vt 0.387409 0.760093
vt 0.392904 0.786410
vt 0.373889 0.781711
vt 0.371792 0.801907
vt 0.388494 0.824296
vt 0.367310 0.825910
vt 0.380806 0.852396
vt 0.359405 0.853601
vt 0.386012 0.888402
vt 0.419197 0.903609
vt 0.415197 0.923805
vt 0.492293 0.081000
vt 0.486292 0.090809
vt 0.495089 0.081410
vt 0.488509 0.079410
vt 0.474893 0.083410
vt 0.485304 0.077506
vt 0.484605 0.070396
vt 0.474194 0.068203
vt 0.483111 0.061094
vt 0.332509 0.095099
vt 0.468506 0.053309
vt 0.480605 0.053093
vt 0.479207 0.050104
vt 0.476604 0.046995
vt 0.465397 0.039211
vt 0.429609 0.035307
vt 0.315712 0.083290
vt 0.305903 0.094593
vt 0.284406 0.083796
vt 0.288888 0.050104
vt 0.408401 0.020991
vt 0.457709 0.032704
vt 0.453492 0.026004
vt 0.451708 0.016798
vt 0.451010 0.006001
vt 0.401894 0.016605
vt 0.342993 0.030005
vt 0.271199 0.047598
vt 0.275103 0.051189
vt 0.245098 0.055695
vt 0.240110 0.062612
vt 0.224107 0.063793
vt 0.217696 0.073192
vt 0.205309 0.074011
vt 0.259992 0.086399
vt 0.284309 0.095099
vt 0.267608 0.096497
vt 0.246689 0.099606
vt 0.236591 0.090207
vt 0.194898 0.087893
vt 0.190994 0.083603
vt 0.175907 0.097196
vt 0.181595 0.100208
vt 0.164604 0.109704
vt 0.213696 0.096400
vt 0.226589 0.103992
vt 0.209406 0.109005
vt 0.194392 0.105004
vt 0.169111 0.113993
vt 0.157591 0.119392
vt 0.165809 0.120790
vt 0.151397 0.131803
vt 0.169810 0.123706
vt 0.174798 0.116211
vt 0.182004 0.118500
vt 0.312603 0.100305
vt 0.319303 0.108499
vt 0.344391 0.111391
vt 0.324990 0.119103
vt 0.348006 0.127610
vt 0.328702 0.129707
vt 0.357091 0.188704
vt 0.336197 0.189595
vt 0.338004 0.221408
vt 0.360104 0.242905
vt 0.335498 0.241097
vt 0.331401 0.251002
vt 0.344608 0.258811
vt 0.324002 0.261799
vt 0.347692 0.271391
vt 0.371696 0.269897
vt 0.495089 0.260209
vt 0.495089 0.092689
vt 0.503789 0.090809
vt 0.497908 0.081000
vt 0.501692 0.079410
vt 0.504801 0.077506
vt 0.515188 0.083410
vt 0.645690 0.111391
vt 0.642099 0.127610
vt 0.632989 0.188704
vt 0.661500 0.129707
vt 0.665211 0.119103
vt 0.670802 0.108499
vt 0.657692 0.095099
vt 0.515911 0.068203
vt 0.505500 0.070396
vt 0.506994 0.061094
vt 0.521599 0.053309
vt 0.509501 0.053093
vt 0.510898 0.050104
vt 0.513501 0.046995
vt 0.524708 0.039211
vt 0.560593 0.035307
vt 0.532396 0.032704
vt 0.674490 0.083290
vt 0.684202 0.094593
vt 0.677599 0.100305
vt 0.705796 0.083796
vt 0.705796 0.095099
vt 0.701193 0.050104
vt 0.581704 0.020991
vt 0.536589 0.026004
vt 0.538396 0.016798
vt 0.539095 0.006001
vt 0.588308 0.016605
vt 0.647112 0.030005
vt 0.718906 0.047598
vt 0.715002 0.051189
vt 0.745103 0.055695
vt 0.749995 0.062612
vt 0.730089 0.086399
vt 0.722594 0.096497
vt 0.743392 0.099606
vt 0.753490 0.090207
vt 0.763612 0.103992
vt 0.772408 0.073192
vt 0.766094 0.063793
vt 0.784892 0.074011
vt 0.795207 0.087893
vt 0.776505 0.096400
vt 0.780795 0.109005
vt 0.808510 0.100208
vt 0.795689 0.105004
vt 0.808197 0.118500
vt 0.820994 0.113993
vt 0.815307 0.116211
vt 0.820392 0.123706
vt 0.824296 0.120790
vt 0.838708 0.131803
vt 0.832490 0.119392
vt 0.825501 0.109704
vt 0.814198 0.097196
vt 0.799111 0.083603
vt 0.360200 0.280790
vt 0.383095 0.288912
vt 0.366900 0.290406
vt 0.369599 0.303203
vt 0.620409 0.592597
vt 0.620289 0.607298
vt 0.630603 0.605997
vt 0.614794 0.577101
vt 0.613396 0.556809
vt 0.602503 0.424499
vt 0.617011 0.424306
vt 0.620506 0.303203
vt 0.607010 0.288912
vt 0.618409 0.269897
vt 0.630001 0.242905
vt 0.652101 0.221408
vt 0.653908 0.189595
vt 0.654704 0.241097
vt 0.658704 0.251002
vt 0.645497 0.258811
vt 0.666103 0.261799
vt 0.642388 0.271391
vt 0.630001 0.280790
vt 0.623205 0.290406
vt 0.644509 0.618794
vt 0.635110 0.622795
vt 0.648992 0.624699
vt 0.650390 0.630290
vt 0.636098 0.634291
vt 0.649305 0.636604
vt 0.646510 0.642605
vt 0.633206 0.638990
vt 0.625494 0.638002
vt 0.618698 0.632604
vt 0.615493 0.638195
vt 0.614601 0.644388
vt 0.615493 0.652607
vt 0.618602 0.659692
vt 0.624795 0.666392
vt 0.619903 0.674899
vt 0.643497 0.680611
vt 0.620096 0.692709
vt 0.636604 0.686202
vt 0.648992 0.686106
vt 0.640605 0.693312
vt 0.650992 0.690998
vt 0.650293 0.696396
vt 0.646799 0.703506
vt 0.628097 0.699096
vt 0.621903 0.698710
vt 0.616288 0.699409
vt 0.615589 0.710712
vt 0.616698 0.719508
vt 0.619493 0.724401
vt 0.623807 0.728498
vt 0.633399 0.743801
vt 0.644003 0.741295
vt 0.648896 0.746910
vt 0.640605 0.752694
vt 0.650293 0.753297
vt 0.629109 0.756912
vt 0.640099 0.758189
vt 0.648799 0.758406
vt 0.644702 0.764503
vt 0.640605 0.768504
vt 0.631399 0.765395
vt 0.624289 0.764094
vt 0.616409 0.763804
vt 0.616192 0.781711
vt 0.618288 0.801907
vt 0.622795 0.825910
vt 0.630700 0.853601
vt 0.604093 0.888402
vt 0.575005 0.923805
vt 0.546591 0.954991
vt 0.526804 0.974006
vt 0.514200 0.984200
s 1
usemtl models_monsters_darklord_mech_darklord_mech_sword
f 4/1/1 5/2/2 2/3/3
f 5/2/2 6/4/4 2/3/3
f 6/4/4 5/2/2 484/5/5
f 486/6/6 6/4/4 484/5/5
f 6/4/4 486/6/6 485/7/7
f 235/8/8 6/4/4 485/7/7
f 235/8/8 485/7/7 487/9/9
f 235/8/8 487/9/9 488/10/10
f 238/11/11 235/8/8 488/10/10
f 237/12/12 236/13/8 238/11/11
f 236/13/8 235/8/8 238/11/11
f 237/12/12 492/14/13 236/13/8
f 235/8/8 236/13/8 223/15/14
f 236/13/8 221/16/15 223/15/14
f 220/17/16 222/18/16 221/16/15
f 222/18/16 223/15/14 221/16/15
f 223/15/14 222/18/16 232/19/17
f 242/20/18 223/15/14 232/19/17
f 223/15/14 242/20/18 241/21/19
f 235/8/8 223/15/14 241/21/19
f 242/20/18 247/22/20 241/21/19
f 202/23/21 247/22/20 208/24/22
f 247/22/20 202/23/21 241/21/19
f 208/24/22 203/25/23 202/23/21
f 241/21/19 202/23/21 184/26/24
f 202/23/21 203/25/23 184/26/24
f 184/26/24 235/8/8 241/21/19
f 6/4/4 235/8/8 185/27/25
f 185/27/25 235/8/8 184/26/24
f 184/26/24 186/28/26 185/27/25
f 184/26/24 203/25/23 193/29/27
f 186/28/26 184/26/24 193/29/27
f 199/30/28 185/27/25 186/28/26
f 185/27/25 199/30/28 196/31/29
f 166/32/30 185/27/25 196/31/29
f 166/32/30 6/4/4 185/27/25
f 196/31/29 168/33/31 166/32/30
f 6/4/4 166/32/30 167/34/32
f 166/32/30 168/33/31 167/34/32
f 177/35/33 167/34/32 168/33/31
f 176/36/34 175/37/35 177/35/33
f 177/35/33 175/37/35 167/34/32
f 176/36/34 123/38/36 175/37/35
f 175/37/35 12/39/37 167/34/32
f 1/40/38 6/4/4 167/34/32
f 12/39/37 1/40/38 167/34/32
f 6/4/4 1/40/38 2/3/3
f 1/40/38 3/41/39 2/3/3
f 3/41/39 1/40/38 13/42/40
f 13/42/40 1/40/38 12/39/37
f 11/43/41 13/42/40 12/39/37
f 12/39/37 22/44/42 11/43/41
f 175/37/35 22/44/42 12/39/37
f 22/44/42 23/45/43 11/43/41
f 22/44/42 28/46/44 23/45/43
f 31/47/45 28/46/44 22/44/42
f 22/44/42 175/37/35 31/47/45
f 121/48/46 175/37/35 123/38/36
f 175/37/35 121/48/46 31/47/45
f 123/38/36 122/49/47 121/48/46
f 123/38/36 124/50/48 122/49/47
f 133/51/49 134/52/50 124/50/48
f 134/52/50 122/49/47 124/50/48
f 133/51/49 140/53/51 134/52/50
f 139/54/52 134/52/50 140/53/51
f 139/54/52 140/53/51 146/55/53
f 145/56/54 139/54/52 146/55/53
f 145/56/54 146/55/53 152/57/55
f 151/58/56 145/56/54 152/57/55
f 151/58/56 152/57/55 158/59/57
f 157/60/58 151/58/56 158/59/57
f 158/59/57 163/61/59 157/60/58
f 151/58/56 157/60/58 109/62/60
f 163/61/59 112/63/61 157/60/58
f 112/63/61 109/62/60 157/60/58
f 163/61/59 118/64/62 112/63/61
f 112/63/61 113/65/63 109/62/60
f 112/63/61 118/64/62 113/65/63
f 113/65/63 99/66/64 109/62/60
f 99/66/64 97/67/65 109/62/60
f 97/67/65 151/58/56 109/62/60
f 145/56/54 151/58/56 97/67/65
f 82/68/66 145/56/54 97/67/65
f 139/54/52 145/56/54 82/68/66
f 83/69/67 139/54/52 82/68/66
f 139/54/52 83/69/67 134/52/50
f 83/69/67 91/70/68 134/52/50
f 134/52/50 91/70/68 122/49/47
f 121/48/46 122/49/47 69/71/69
f 91/70/68 76/72/70 122/49/47
f 122/49/47 76/72/70 69/71/69
f 91/70/68 79/73/71 76/72/70
f 76/72/70 68/74/72 69/71/69
f 76/72/70 79/73/71 68/74/72
f 68/74/72 67/75/73 69/71/69
f 79/73/71 91/70/68 92/76/74
f 83/69/67 92/76/74 91/70/68
f 82/68/66 84/77/75 83/69/67
f 92/76/74 83/69/67 84/77/75
f 82/68/66 106/78/76 84/77/75
f 106/78/76 82/68/66 98/79/77
f 82/68/66 97/67/65 98/79/77
f 97/67/65 99/66/64 98/79/77
f 69/71/69 67/75/73 55/80/78
f 55/80/78 67/75/73 64/81/79
f 59/82/80 55/80/78 64/81/79
f 58/83/43 55/80/78 59/82/80
f 44/84/81 55/80/78 58/83/43
f 55/80/78 44/84/81 45/85/82
f 55/80/78 45/85/82 69/71/69
f 45/85/82 121/48/46 69/71/69
f 121/48/46 45/85/82 31/47/45
f 45/85/82 52/86/83 31/47/45
f 44/84/81 43/87/84 45/85/82
f 45/85/82 43/87/84 52/86/83
f 31/47/45 52/86/83 38/88/85
f 37/89/86 31/47/45 38/88/85
f 31/47/45 37/89/86 34/90/44
f 28/46/44 31/47/45 34/90/44
f 14/91/2 21/92/87 16/93/88
f 14/91/2 16/93/88 15/94/89
f 16/93/88 17/95/90 15/94/89
f 14/91/2 15/94/89 170/96/5
f 17/95/90 25/97/91 15/94/89
f 15/94/89 180/98/92 170/96/5
f 25/97/91 180/98/92 15/94/89
f 170/96/5 169/99/93 171/100/94
f 180/98/92 178/101/95 170/96/5
f 170/96/5 178/101/95 169/99/93
f 180/98/92 179/102/96 178/101/95
f 179/102/96 180/98/92 127/103/97
f 180/98/92 128/104/98 127/103/97
f 180/98/92 25/97/91 32/105/91
f 128/104/98 180/98/92 32/105/91
f 25/97/91 29/106/99 32/105/91
f 17/95/90 24/107/100 25/97/91
f 29/106/99 25/97/91 24/107/100
f 35/108/99 32/105/91 29/106/99
f 40/109/101 32/105/91 35/108/99
f 32/105/91 40/109/101 39/110/102
f 53/111/103 32/105/91 39/110/102
f 53/111/103 46/112/104 32/105/91
f 46/112/104 128/104/98 32/105/91
f 53/111/103 48/113/105 46/112/104
f 46/112/104 48/113/105 47/114/64
f 47/114/64 56/115/106 46/112/104
f 56/115/106 47/114/64 61/116/107
f 56/115/106 61/116/107 60/117/108
f 56/115/106 60/117/108 65/118/109
f 72/119/110 56/115/106 65/118/109
f 72/119/110 70/120/111 56/115/106
f 46/112/104 56/115/106 70/120/111
f 128/104/98 46/112/104 70/120/111
f 126/121/112 128/104/98 70/120/111
f 127/103/97 128/104/98 126/121/112
f 125/122/113 127/103/97 126/121/112
f 126/121/112 135/123/114 125/122/113
f 135/123/114 136/124/115 125/122/113
f 136/124/115 135/123/114 141/125/116
f 135/123/114 142/126/117 141/125/116
f 141/125/116 142/126/117 147/127/118
f 142/126/117 148/128/119 147/127/118
f 147/127/118 148/128/119 153/129/120
f 148/128/119 154/130/121 153/129/120
f 153/129/120 154/130/121 159/131/122
f 154/130/121 160/132/123 159/131/122
f 164/133/124 159/131/122 160/132/123
f 115/134/125 164/133/124 160/132/123
f 115/134/125 119/135/126 164/133/124
f 119/135/126 115/134/125 114/136/127
f 114/136/127 115/134/125 110/137/128
f 110/137/128 115/134/125 160/132/123
f 160/132/123 154/130/121 110/137/128
f 154/130/121 102/138/129 110/137/128
f 154/130/121 148/128/119 102/138/129
f 148/128/119 87/139/130 102/138/129
f 148/128/119 142/126/117 87/139/130
f 142/126/117 86/140/131 87/139/130
f 86/140/131 142/126/117 135/123/114
f 94/141/132 86/140/131 135/123/114
f 94/141/132 135/123/114 126/121/112
f 77/142/133 94/141/132 126/121/112
f 77/142/133 126/121/112 70/120/111
f 71/143/134 77/142/133 70/120/111
f 70/120/111 72/119/110 71/143/134
f 71/143/134 80/144/135 77/142/133
f 77/142/133 80/144/135 94/141/132
f 93/145/136 94/141/132 80/144/135
f 93/145/136 86/140/131 94/141/132
f 86/140/131 93/145/136 85/146/137
f 85/146/137 87/139/130 86/140/131
f 87/139/130 85/146/137 107/147/138
f 87/139/130 107/147/138 101/148/139
f 102/138/129 87/139/130 101/148/139
f 100/149/140 102/138/129 101/148/139
f 102/138/129 100/149/140 110/137/128
f 100/149/140 114/136/127 110/137/128
f 171/100/94 169/99/93 197/150/141
f 188/151/7 171/100/94 197/150/141
f 200/152/142 188/151/7 197/150/141
f 187/153/143 188/151/7 200/152/142
f 187/153/143 189/154/9 188/151/7
f 189/154/9 187/153/143 194/155/144
f 204/156/145 189/154/9 194/155/144
f 204/156/145 205/157/146 189/154/9
f 205/157/146 244/158/10 189/154/9
f 204/156/145 209/159/147 205/157/146
f 205/157/146 248/160/148 244/158/10
f 248/160/148 205/157/146 209/159/147
f 248/160/148 243/161/149 244/158/10
f 243/161/149 224/162/150 244/158/10
f 224/162/150 243/161/149 233/163/151
f 226/164/152 224/162/150 233/163/151
f 224/162/150 226/164/152 225/165/12
f 226/164/152 227/166/153 225/165/12
f 321/167/154 343/168/155 342/169/156
f 343/168/155 321/167/154 352/170/157
f 321/167/154 319/171/158 352/170/157
f 319/171/158 321/167/154 320/172/159
f 320/172/159 327/173/160 319/171/158
f 327/173/160 320/172/159 328/174/161
f 327/173/160 328/174/161 334/175/162
f 336/176/163 334/175/162 328/174/161
f 334/175/162 336/176/163 335/177/164
f 368/178/41 335/177/164 336/176/163
f 363/179/165 368/178/41 336/176/163
f 363/179/165 361/180/43 368/178/41
f 361/180/43 363/179/165 362/181/166
f 361/180/43 362/181/166 371/182/167
f 371/182/167 362/181/166 376/183/168
f 375/184/169 371/182/167 376/183/168
f 376/183/168 384/185/170 375/184/169
f 384/185/170 385/186/171 375/184/169
f 384/185/170 380/187/172 385/186/171
f 297/188/173 380/187/172 384/185/170
f 380/187/172 297/188/173 305/189/174
f 297/188/173 302/190/160 305/189/174
f 297/188/173 298/191/175 302/190/160
f 297/188/173 290/192/176 298/191/175
f 290/192/176 297/188/173 289/193/177
f 297/188/173 384/185/170 289/193/177
f 384/185/170 376/183/168 310/194/178
f 289/193/177 384/185/170 310/194/178
f 376/183/168 283/195/179 310/194/178
f 310/194/178 283/195/179 314/196/137
f 282/197/180 283/195/179 276/198/181
f 283/195/179 282/197/180 314/196/137
f 276/198/181 277/199/182 282/197/180
f 276/198/181 272/200/43 277/199/182
f 269/201/183 272/200/43 276/198/181
f 272/200/43 269/201/183 266/202/184
f 266/202/184 260/203/185 263/204/186
f 260/203/185 266/202/184 269/201/183
f 260/203/185 255/205/187 263/204/186
f 255/205/187 260/203/185 254/206/188
f 253/207/48 255/205/187 254/206/188
f 254/206/188 422/208/189 253/207/48
f 254/206/188 423/209/190 422/208/189
f 423/209/190 254/206/188 415/210/191
f 254/206/188 414/211/192 415/210/191
f 254/206/188 260/203/185 414/211/192
f 260/203/185 269/201/183 429/212/193
f 414/211/192 260/203/185 429/212/193
f 269/201/183 407/213/194 429/212/193
f 428/214/195 416/215/138 429/212/193
f 428/214/195 429/212/193 407/213/194
f 416/215/138 414/211/192 429/212/193
f 414/211/192 416/215/138 415/210/191
f 309/216/196 310/194/178 314/196/137
f 309/216/196 291/217/197 310/194/178
f 291/217/197 289/193/177 310/194/178
f 289/193/177 291/217/197 290/192/176
f 408/218/198 428/214/195 407/213/194
f 407/213/194 399/219/199 408/218/198
f 401/220/200 399/219/199 407/213/194
f 399/219/199 401/220/200 400/221/201
f 401/220/200 434/222/202 400/221/201
f 434/222/202 435/223/203 400/221/201
f 435/223/203 434/222/202 448/224/204
f 441/225/205 435/223/203 448/224/204
f 434/222/202 470/226/206 448/224/204
f 434/222/202 476/227/207 470/226/206
f 476/227/207 477/228/208 470/226/206
f 477/228/208 476/227/207 214/229/13
f 477/228/208 469/230/209 470/226/206
f 214/229/13 215/231/210 477/228/208
f 214/229/13 216/232/153 215/231/210
f 216/232/153 214/229/13 483/233/12
f 482/234/152 216/232/153 483/233/12
f 469/230/209 471/235/84 470/226/206
f 471/235/84 460/236/211 470/226/206
f 460/236/211 448/224/204 470/226/206
f 443/237/212 448/224/204 460/236/211
f 443/237/212 441/225/205 448/224/204
f 441/225/205 443/237/212 442/238/36
f 451/239/213 442/238/36 443/237/212
f 443/237/212 465/240/214 451/239/213
f 443/237/212 461/241/215 465/240/214
f 460/236/211 461/241/215 443/237/212
f 460/236/211 462/242/216 461/241/215
f 462/242/216 460/236/211 471/235/84
f 347/243/217 349/244/156 348/245/218
f 347/243/217 348/245/218 355/246/219
f 348/245/218 354/247/220 355/246/219
f 354/247/220 346/248/221 355/246/219
f 341/249/222 316/250/223 346/248/221
f 346/248/221 316/250/223 355/246/219
f 341/249/222 340/251/224 316/250/223
f 316/250/223 340/251/224 351/252/225
f 318/253/226 316/250/223 351/252/225
f 316/250/223 318/253/226 317/254/227
f 317/254/227 388/255/8 316/250/223
f 316/250/223 388/255/8 355/246/219
f 388/255/8 347/243/217 355/246/219
f 388/255/8 501/256/159 347/243/217
f 388/255/8 502/257/161 501/256/159
f 502/257/161 388/255/8 389/258/163
f 388/255/8 390/259/165 389/258/163
f 390/259/165 388/255/8 393/260/166
f 393/260/166 388/255/8 392/261/8
f 393/260/166 392/261/8 395/262/168
f 392/261/8 500/263/179 395/262/168
f 392/261/8 498/264/181 500/263/179
f 498/264/181 392/261/8 499/265/183
f 490/266/8 499/265/183 392/261/8
f 499/265/183 490/266/8 497/267/228
f 490/266/8 495/268/200 497/267/228
f 495/268/200 490/266/8 496/269/202
f 490/266/8 494/270/229 496/269/202
f 494/270/229 490/266/8 491/271/13
f 490/266/8 489/272/8 491/271/13
f 489/272/8 490/266/8 213/273/230
f 480/274/15 489/272/8 213/273/230
f 213/273/230 211/275/16 480/274/15
f 211/275/16 481/276/16 480/274/15
f 213/273/230 212/277/231 211/275/16
f 474/278/232 212/277/231 213/273/230
f 475/279/233 474/278/232 213/273/230
f 490/266/8 475/279/233 213/273/230
f 474/278/232 467/280/234 468/281/235
f 474/278/232 475/279/233 467/280/234
f 467/280/234 454/282/236 468/281/235
f 475/279/233 433/283/237 467/280/234
f 475/279/233 490/266/8 433/283/237
f 433/283/237 447/284/238 467/280/234
f 453/285/239 454/282/236 467/280/234
f 447/284/238 453/285/239 467/280/234
f 453/285/239 455/286/240 454/282/236
f 455/286/240 453/285/239 459/287/241
f 459/287/241 453/285/239 438/288/242
f 447/284/238 438/288/242 453/285/239
f 459/287/241 438/288/242 464/289/243
f 464/289/243 438/288/242 450/290/244
f 439/291/97 450/290/244 438/288/242
f 438/288/242 440/292/245 439/291/97
f 440/292/245 438/288/242 447/284/238
f 432/293/246 440/292/245 447/284/238
f 433/283/237 432/293/246 447/284/238
f 432/293/246 433/283/237 397/294/247
f 433/283/237 396/295/248 397/294/247
f 490/266/8 396/295/248 433/283/237
f 396/295/248 398/296/249 397/294/247
f 398/296/249 396/295/248 406/297/250
f 396/295/248 490/266/8 406/297/250
f 398/296/249 406/297/250 405/298/251
f 427/299/252 405/298/251 406/297/250
f 426/300/253 427/299/252 406/297/250
f 411/301/76 427/299/252 426/300/253
f 406/297/250 268/302/254 426/300/253
f 490/266/8 268/302/254 406/297/250
f 268/302/254 490/266/8 392/261/8
f 392/261/8 275/303/255 268/302/254
f 268/302/254 271/304/256 265/305/257
f 271/304/256 268/302/254 275/303/255
f 265/305/257 259/306/258 268/302/254
f 268/302/254 259/306/258 426/300/253
f 413/307/259 411/301/76 426/300/253
f 259/306/258 413/307/259 426/300/253
f 411/301/76 413/307/259 412/308/260
f 413/307/259 251/309/261 412/308/260
f 259/306/258 251/309/261 413/307/259
f 251/309/261 420/310/262 412/308/260
f 420/310/262 251/309/261 421/311/263
f 421/311/263 251/309/261 252/312/113
f 250/313/264 252/312/113 251/309/261
f 259/306/258 250/313/264 251/309/261
f 250/313/264 259/306/258 262/314/265
f 259/306/258 265/305/257 262/314/265
f 271/304/256 275/303/255 274/315/266
f 275/303/255 281/316/267 274/315/266
f 280/317/268 281/316/267 275/303/255
f 275/303/255 392/261/8 280/317/268
f 281/316/267 280/317/268 313/318/75
f 280/317/268 307/319/269 313/318/75
f 307/319/269 308/320/270 313/318/75
f 286/321/271 308/320/270 307/319/269
f 288/322/272 286/321/271 307/319/269
f 286/321/271 288/322/272 287/323/273
f 307/319/269 383/324/274 288/322/272
f 288/322/272 296/325/275 287/323/273
f 383/324/274 296/325/275 288/322/272
f 287/323/273 296/325/275 295/326/276
f 295/326/276 296/325/275 301/327/277
f 301/327/277 296/325/275 304/328/278
f 296/325/275 379/329/279 304/328/278
f 379/329/279 296/325/275 383/324/274
f 379/329/279 383/324/274 382/330/280
f 382/330/280 383/324/274 374/331/281
f 383/324/274 373/332/282 374/331/281
f 373/332/282 383/324/274 307/319/269
f 280/317/268 373/332/282 307/319/269
f 280/317/268 392/261/8 373/332/282
f 388/255/8 359/333/283 392/261/8
f 392/261/8 359/333/283 373/332/282
f 359/333/283 370/334/284 373/332/282
f 370/334/284 374/331/281 373/332/282
f 359/333/283 360/335/107 370/334/284
f 358/336/285 360/335/107 359/333/283
f 388/255/8 358/336/285 359/333/283
f 360/335/107 358/336/285 367/337/90
f 367/337/90 358/336/285 331/338/286
f 358/336/285 388/255/8 331/338/286
f 331/338/286 332/339/287 367/337/90
f 331/338/286 333/340/288 332/339/287
f 333/340/288 331/338/286 325/341/289
f 388/255/8 325/341/289 331/338/286
f 325/341/289 388/255/8 317/254/227
f 317/254/227 326/342/277 325/341/289
f 325/341/289 326/342/277 333/340/288
f 317/254/227 318/253/226 326/342/277
f 7/343/290 9/344/291 8/345/292
f 9/344/291 7/343/290 19/346/293
f 9/344/291 19/346/293 18/347/294
f 19/346/293 20/348/41 18/347/294
f 26/349/43 27/350/295 20/348/41
f 27/350/295 18/347/294 20/348/41
f 26/349/43 30/351/44 27/350/295
f 27/350/295 183/352/296 18/347/294
f 30/351/44 33/353/297 27/350/295
f 183/352/296 27/350/295 33/353/297
f 30/351/44 36/354/44 33/353/297
f 42/355/298 33/353/297 36/354/44
f 33/353/297 42/355/298 41/356/299
f 54/357/83 33/353/297 41/356/299
f 54/357/83 49/358/300 33/353/297
f 132/359/301 183/352/296 33/353/297
f 49/358/300 132/359/301 33/353/297
f 183/352/296 132/359/301 131/360/302
f 131/360/302 132/359/301 130/361/303
f 132/359/301 49/358/300 73/362/304
f 130/361/303 132/359/301 73/362/304
f 49/358/300 57/363/305 73/362/304
f 49/358/300 51/364/84 50/365/81
f 50/365/81 57/363/305 49/358/300
f 51/364/84 49/358/300 54/357/83
f 57/363/305 50/365/81 63/366/43
f 57/363/305 63/366/43 62/367/80
f 57/363/305 62/367/80 66/368/79
f 75/369/306 57/363/305 66/368/79
f 75/369/306 73/362/304 57/363/305
f 73/362/304 75/369/306 74/370/72
f 74/370/72 78/371/307 73/362/304
f 78/371/307 130/361/303 73/362/304
f 74/370/72 81/372/308 78/371/307
f 78/371/307 96/373/309 130/361/303
f 78/371/307 81/372/308 96/373/309
f 95/374/310 96/373/309 81/372/308
f 95/374/310 89/375/311 96/373/309
f 89/375/311 95/374/310 88/376/75
f 89/375/311 137/377/312 96/373/309
f 96/373/309 137/377/312 130/361/303
f 129/378/48 131/360/302 130/361/303
f 130/361/303 137/377/312 129/378/48
f 137/377/312 138/379/49 129/378/48
f 138/379/49 137/377/312 143/380/313
f 137/377/312 144/381/314 143/380/313
f 89/375/311 144/381/314 137/377/312
f 88/376/75 90/382/315 89/375/311
f 144/381/314 89/375/311 90/382/315
f 88/376/75 108/383/76 90/382/315
f 90/382/315 108/383/76 104/384/316
f 105/385/317 90/382/315 104/384/316
f 103/386/64 105/385/317 104/384/316
f 105/385/317 150/387/318 90/382/315
f 150/387/318 144/381/314 90/382/315
f 144/381/314 150/387/318 149/388/53
f 143/380/313 144/381/314 149/388/53
f 150/387/318 155/389/55 149/388/53
f 150/387/318 156/390/319 155/389/55
f 156/390/319 150/387/318 105/385/317
f 156/390/319 105/385/317 111/391/320
f 105/385/317 103/386/64 111/391/320
f 103/386/64 116/392/63 111/391/320
f 116/392/63 117/393/321 111/391/320
f 120/394/62 117/393/321 116/392/63
f 117/393/321 120/394/62 165/395/322
f 117/393/321 165/395/322 162/396/323
f 111/391/320 117/393/321 162/396/323
f 162/396/323 156/390/319 111/391/320
f 156/390/319 162/396/323 161/397/57
f 155/389/55 156/390/319 161/397/57
f 162/396/323 165/395/322 161/397/57
f 182/398/324 183/352/296 131/360/302
f 181/399/325 183/352/296 182/398/324
f 183/352/296 181/399/325 173/400/326
f 18/347/294 183/352/296 173/400/326
f 181/399/325 172/401/327 173/400/326
f 172/401/327 174/402/328 173/400/326
f 174/402/328 172/401/327 198/403/329
f 191/404/330 174/402/328 198/403/329
f 201/405/28 191/404/330 198/403/329
f 190/406/26 191/404/330 201/405/28
f 190/406/26 192/407/331 191/404/330
f 192/407/331 190/406/26 195/408/27
f 206/409/23 192/407/331 195/408/27
f 206/409/23 207/410/332 192/407/331
f 207/410/332 206/409/23 210/411/22
f 249/412/333 207/410/332 210/411/22
f 207/410/332 249/412/333 246/413/334
f 207/410/332 246/413/334 192/407/331
f 240/414/335 191/404/330 192/407/331
f 240/414/335 192/407/331 246/413/334
f 240/414/335 10/415/335 191/404/330
f 10/415/335 174/402/328 191/404/330
f 174/402/328 10/415/335 173/400/326
f 9/344/291 18/347/294 173/400/326
f 10/415/335 9/344/291 173/400/326
f 9/344/291 10/415/335 8/345/292
f 10/415/335 503/416/336 8/345/292
f 503/416/336 504/417/87 8/345/292
f 504/417/87 503/416/336 507/418/337
f 505/419/90 507/418/337 506/420/338
f 507/418/337 503/416/336 506/420/338
f 506/420/338 503/416/336 557/421/339
f 503/416/336 10/415/335 557/421/339
f 556/422/340 10/415/335 563/423/341
f 10/415/335 556/422/340 557/421/339
f 10/415/335 240/414/335 563/423/341
f 556/422/340 563/423/341 566/424/141
f 558/425/93 556/422/340 566/424/141
f 556/422/340 558/425/93 557/421/339
f 561/426/95 557/421/339 558/425/93
f 561/426/95 559/427/342 557/421/339
f 559/427/342 506/420/338 557/421/339
f 559/427/342 508/428/343 506/420/338
f 506/420/338 508/428/343 505/419/90
f 508/428/343 509/429/256 505/419/90
f 508/428/343 510/430/99 509/429/256
f 511/431/343 510/430/99 508/428/343
f 508/428/343 559/427/342 511/431/343
f 510/430/99 511/431/343 512/432/99
f 511/431/343 513/433/101 512/432/99
f 513/433/101 511/431/343 514/434/102
f 511/431/343 518/435/344 514/434/102
f 517/436/345 518/435/344 511/431/343
f 517/436/345 515/437/236 518/435/344
f 511/431/343 541/438/346 517/436/345
f 559/427/342 541/438/346 511/431/343
f 541/438/346 559/427/342 543/439/97
f 559/427/342 561/426/95 560/440/347
f 559/427/342 560/440/347 543/439/97
f 541/438/346 543/439/97 542/441/348
f 543/439/97 544/442/113 542/441/348
f 541/438/346 542/441/348 525/443/349
f 517/436/345 541/438/346 525/443/349
f 519/444/350 517/436/345 525/443/349
f 519/444/350 516/445/351 517/436/345
f 515/437/236 517/436/345 516/445/351
f 519/444/350 520/446/100 516/445/351
f 520/446/100 519/444/350 521/447/352
f 521/447/352 519/444/350 522/448/353
f 525/443/349 523/449/354 519/444/350
f 519/444/350 523/449/354 522/448/353
f 525/443/349 524/450/134 523/449/354
f 526/451/355 524/450/134 525/443/349
f 542/441/348 526/451/355 525/443/349
f 526/451/355 527/452/135 524/450/134
f 527/452/135 526/451/355 531/453/356
f 531/453/356 526/451/355 542/441/348
f 546/454/357 531/453/356 542/441/348
f 546/454/357 542/441/348 544/442/113
f 545/455/358 546/454/357 544/442/113
f 546/454/357 545/455/358 548/456/116
f 547/457/359 546/454/357 548/456/116
f 547/457/359 548/456/116 550/458/118
f 547/457/359 529/459/360 546/454/357
f 529/459/360 531/453/356 546/454/357
f 529/459/360 532/460/361 531/453/356
f 531/453/356 532/460/361 527/452/135
f 529/459/360 530/461/137 532/460/361
f 528/462/362 530/461/137 529/459/360
f 529/459/360 547/457/359 528/462/362
f 549/463/363 547/457/359 550/458/118
f 547/457/359 549/463/363 528/462/362
f 550/458/118 552/464/364 549/463/363
f 528/462/362 549/463/363 533/465/365
f 552/464/364 551/466/366 549/463/363
f 549/463/363 551/466/366 533/465/365
f 552/464/364 554/467/122 551/466/366
f 533/465/365 551/466/366 537/468/367
f 554/467/122 553/469/368 551/466/366
f 551/466/366 553/469/368 537/468/367
f 554/467/122 555/470/369 553/469/368
f 553/469/368 538/471/370 537/468/367
f 555/470/369 538/471/370 553/469/368
f 540/472/126 538/471/370 555/470/369
f 538/471/370 540/472/126 539/473/371
f 538/471/370 539/473/371 537/468/367
f 539/473/371 535/474/81 537/468/367
f 535/474/81 533/465/365 537/468/367
f 533/465/365 535/474/81 534/475/139
f 528/462/362 533/465/365 534/475/139
f 536/476/138 528/462/362 534/475/139
f 530/461/137 528/462/362 536/476/138
f 246/413/334 249/412/333 245/477/372
f 245/477/372 228/478/373 246/413/334
f 228/478/373 245/477/372 234/479/374
f 228/478/373 240/414/335 246/413/334
f 234/479/374 230/480/16 228/478/373
f 228/478/373 239/272/375 240/414/335
f 230/480/16 229/274/376 228/478/373
f 229/274/376 239/272/375 228/478/373
f 230/480/16 231/276/16 229/274/376
f 231/276/16 219/275/16 229/274/376
f 219/275/16 217/273/377 229/274/376
f 239/272/375 229/274/376 217/273/377
f 219/275/16 218/277/231 217/273/377
f 218/277/231 479/278/232 217/273/377
f 479/278/232 478/279/378 217/273/377
f 478/279/378 493/266/375 217/273/377
f 493/266/375 239/272/375 217/273/377
f 478/279/378 436/283/379 493/266/375
f 478/279/378 479/278/232 473/280/380
f 436/283/379 478/279/378 473/280/380
f 479/278/232 472/281/381 473/280/380
f 472/281/381 457/282/105 473/280/380
f 456/286/382 458/285/383 457/282/105
f 457/282/105 458/285/383 473/280/380
f 456/286/382 463/287/384 458/285/383
f 458/285/383 449/284/385 473/280/380
f 449/284/385 436/283/379 473/280/380
f 458/285/383 446/288/386 449/284/385
f 458/285/383 463/287/384 446/288/386
f 446/288/386 463/287/384 466/289/243
f 446/288/386 466/289/243 452/290/244
f 452/290/244 445/291/97 446/288/386
f 444/292/387 446/288/386 445/291/97
f 446/288/386 444/292/387 449/284/385
f 444/292/387 437/293/388 449/284/385
f 437/293/388 436/283/379 449/284/385
f 436/283/379 437/293/388 403/294/389
f 404/295/390 436/283/379 403/294/389
f 404/295/390 493/266/375 436/283/379
f 403/294/389 402/296/249 404/295/390
f 493/266/375 404/295/390 409/297/391
f 404/295/390 402/296/249 409/297/391
f 409/297/391 402/296/249 410/298/392
f 410/298/392 430/299/393 409/297/391
f 430/299/393 419/301/76 431/300/394
f 430/299/393 431/300/394 409/297/391
f 409/297/391 270/302/395 493/266/375
f 270/302/395 409/297/391 431/300/394
f 261/306/396 270/302/395 431/300/394
f 417/307/397 261/306/396 431/300/394
f 419/301/76 417/307/397 431/300/394
f 417/307/397 419/301/76 418/308/260
f 257/309/398 417/307/397 418/308/260
f 257/309/398 261/306/396 417/307/397
f 418/308/260 425/310/262 257/309/398
f 257/309/398 425/310/262 424/311/263
f 257/309/398 424/311/263 256/312/399
f 256/312/399 258/313/400 257/309/398
f 258/313/400 261/306/396 257/309/398
f 261/306/396 258/313/400 264/314/401
f 267/305/257 261/306/396 264/314/401
f 261/306/396 267/305/257 270/302/395
f 273/304/256 270/302/395 267/305/257
f 279/315/402 278/303/403 273/304/256
f 270/302/395 273/304/256 278/303/403
f 279/315/402 284/316/267 278/303/403
f 284/316/267 285/317/404 278/303/403
f 285/317/404 284/316/267 315/318/75
f 285/317/404 394/261/405 278/303/403
f 278/303/403 394/261/405 270/302/395
f 493/266/375 270/302/395 394/261/405
f 588/265/406 493/266/375 394/261/405
f 493/266/375 588/265/406 630/267/407
f 626/268/408 493/266/375 630/267/407
f 493/266/375 626/268/408 639/269/409
f 653/270/410 493/266/375 639/269/409
f 493/266/375 653/270/410 573/271/411
f 239/272/375 493/266/375 573/271/411
f 653/270/410 652/481/412 573/271/411
f 652/481/412 653/270/410 650/482/413
f 653/270/410 639/269/409 650/482/413
f 650/482/413 651/483/209 652/481/412
f 652/481/412 572/484/210 573/271/411
f 571/485/153 573/271/411 572/484/210
f 573/271/411 571/485/153 575/486/414
f 575/486/414 239/272/375 573/271/411
f 571/485/153 574/487/153 575/486/414
f 574/487/153 576/488/153 575/486/414
f 576/488/153 577/489/415 575/486/414
f 239/272/375 575/486/414 577/489/415
f 240/414/335 239/272/375 577/489/415
f 240/414/335 577/489/415 579/490/416
f 562/491/417 240/414/335 579/490/416
f 563/423/341 240/414/335 562/491/417
f 562/491/417 564/492/143 563/423/341
f 563/423/341 564/492/143 567/493/418
f 563/423/341 567/493/418 566/424/141
f 564/492/143 562/491/417 565/494/419
f 562/491/417 569/495/420 565/494/419
f 568/496/421 569/495/420 562/491/417
f 579/490/416 568/496/421 562/491/417
f 569/495/420 568/496/421 570/497/147
f 568/496/421 581/498/148 570/497/147
f 581/498/148 568/496/421 579/490/416
f 581/498/148 579/490/416 580/499/149
f 577/489/415 580/499/149 579/490/416
f 577/489/415 576/488/153 578/500/422
f 580/499/149 577/489/415 578/500/422
f 646/501/84 651/483/209 650/482/413
f 645/502/423 646/501/84 650/482/413
f 645/502/423 647/503/216 646/501/84
f 647/503/216 645/502/423 648/504/424
f 648/504/424 640/505/425 649/506/426
f 648/504/424 645/502/423 640/505/425
f 649/506/426 640/505/425 644/507/213
f 641/508/36 644/507/213 640/505/425
f 640/505/425 642/509/205 641/508/36
f 642/509/205 640/505/425 643/510/427
f 643/510/427 640/505/425 645/502/423
f 643/510/427 645/502/423 650/482/413
f 639/269/409 643/510/427 650/482/413
f 639/269/409 638/511/203 643/510/427
f 638/511/203 642/509/205 643/510/427
f 639/269/409 627/512/428 638/511/203
f 639/269/409 626/268/408 627/512/428
f 626/268/408 628/513/199 627/512/428
f 628/513/199 626/268/408 630/267/407
f 628/513/199 630/267/407 629/514/197
f 637/515/195 629/514/197 630/267/407
f 636/516/429 637/515/195 630/267/407
f 630/267/407 588/265/406 636/516/429
f 636/516/429 631/517/138 637/515/195
f 588/265/406 585/518/430 636/516/429
f 636/516/429 633/519/431 631/517/138
f 585/518/430 633/519/431 636/516/429
f 631/517/138 633/519/431 632/520/432
f 633/519/431 583/521/433 632/520/432
f 585/518/430 583/521/433 633/519/431
f 583/521/433 634/522/190 632/520/432
f 634/522/190 583/521/433 635/523/189
f 635/523/189 583/521/433 584/524/48
f 582/525/187 584/524/48 583/521/433
f 585/518/430 582/525/187 583/521/433
f 582/525/187 585/518/430 586/526/186
f 585/518/430 587/527/434 586/526/186
f 587/527/434 585/518/430 588/265/406
f 588/265/406 589/528/43 587/527/434
f 589/528/43 588/265/406 591/264/435
f 394/261/405 591/264/435 588/265/406
f 589/528/43 591/264/435 590/529/436
f 591/264/435 593/530/437 590/529/436
f 592/263/438 593/530/437 591/264/435
f 591/264/435 394/261/405 592/263/438
f 593/530/437 592/263/438 603/531/137
f 592/263/438 601/532/439 603/531/137
f 601/532/439 602/533/440 603/531/137
f 594/534/198 602/533/440 601/532/439
f 596/535/441 594/534/198 601/532/439
f 594/534/198 596/535/441 595/536/442
f 601/532/439 625/537/443 596/535/441
f 596/535/441 598/538/444 595/536/442
f 625/537/443 598/538/444 596/535/441
f 595/536/442 598/538/444 597/539/175
f 597/539/175 598/538/444 599/540/160
f 599/540/160 598/538/444 600/541/174
f 598/538/444 623/542/445 600/541/174
f 623/542/445 598/538/444 625/537/443
f 623/542/445 625/537/443 624/543/446
f 624/543/446 625/537/443 622/544/447
f 625/537/443 621/262/448 622/544/447
f 621/262/448 625/537/443 601/532/439
f 592/263/438 621/262/448 601/532/439
f 592/263/438 394/261/405 621/262/448
f 617/260/417 620/545/167 621/262/448
f 394/261/405 617/260/417 621/262/448
f 620/545/167 622/544/447 621/262/448
f 617/260/417 618/546/43 620/545/167
f 616/259/449 618/546/43 617/260/417
f 618/546/43 616/259/449 619/547/450
f 617/260/417 394/261/405 391/255/375
f 391/255/375 616/259/449 617/260/417
f 616/259/449 391/255/375 609/258/451
f 619/547/450 616/259/449 609/258/451
f 610/548/452 619/547/450 609/258/451
f 609/258/451 611/549/162 610/548/452
f 611/549/162 609/258/451 607/257/453
f 391/255/375 607/257/453 609/258/451
f 607/257/453 608/550/454 611/549/162
f 605/256/455 608/550/454 607/257/453
f 607/257/453 391/255/375 605/256/455
f 608/550/454 605/256/455 606/551/158
f 391/255/375 604/243/456 605/256/455
f 604/243/456 606/551/158 605/256/455
f 606/551/158 604/243/456 615/552/157
f 604/243/456 612/553/155 615/552/157
f 612/553/155 604/243/456 613/244/156
f 613/244/156 604/243/456 614/245/457
f 614/245/457 604/243/456 356/246/458
f 604/243/456 391/255/375 356/246/458
f 356/246/458 357/247/459 614/245/457
f 350/248/460 357/247/459 356/246/458
f 324/250/461 350/248/460 356/246/458
f 391/255/375 324/250/461 356/246/458
f 324/250/461 344/249/222 350/248/460
f 324/250/461 345/251/462 344/249/222
f 345/251/462 324/250/461 353/252/225
f 324/250/461 322/253/226 353/252/225
f 322/253/226 324/250/461 323/254/463
f 391/255/375 323/254/463 324/250/461
f 323/254/463 329/342/277 322/253/226
f 329/342/277 323/254/463 330/341/464
f 329/342/277 330/341/464 337/340/465
f 323/254/463 391/255/375 330/341/464
f 330/341/464 339/338/466 337/340/465
f 330/341/464 391/255/375 339/338/466
f 337/340/465 339/338/466 338/339/287
f 369/337/90 338/339/287 339/338/466
f 366/336/467 369/337/90 339/338/466
f 391/255/375 366/336/467 339/338/466
f 366/336/467 364/335/100 369/337/90
f 364/335/100 366/336/467 365/333/331
f 366/336/467 391/255/375 365/333/331
f 365/333/331 391/255/375 394/261/405
f 365/333/331 394/261/405 378/332/468
f 394/261/405 285/317/404 378/332/468
f 378/332/468 372/334/469 365/333/331
f 364/335/100 365/333/331 372/334/469
f 378/332/468 377/331/470 372/334/469
f 378/332/468 386/324/471 377/331/470
f 386/324/471 387/330/472 377/331/470
f 386/324/471 381/329/473 387/330/472
f 299/325/474 381/329/473 386/324/471
f 381/329/473 299/325/474 306/328/475
f 299/325/474 303/327/277 306/328/475
f 299/325/474 300/326/476 303/327/277
f 299/325/474 293/323/477 300/326/476
f 293/323/477 299/325/474 292/322/478
f 299/325/474 386/324/471 292/322/478
f 386/324/471 378/332/468 312/319/479
f 292/322/478 386/324/471 312/319/479
f 378/332/468 285/317/404 312/319/479
f 312/319/479 285/317/404 315/318/75
f 311/320/480 312/319/479 315/318/75
f 311/320/480 294/321/271 312/319/479
f 294/321/271 292/322/478 312/319/479
f 292/322/478 294/321/271 293/323/477
o Effect
v 26.839981 -12.472960 7.485665
v 26.014050 -13.099634 6.746208
v 26.002243 -12.974005 6.683850
v 25.954445 -13.216038 6.788628
v 26.689323 -13.235817 7.815918
v 26.937195 -12.876205 7.683445
v 26.002243 -12.974005 6.683850
v 26.014050 -13.099634 6.746208
v 25.732113 -12.639349 6.465732
v 26.234734 -11.908863 7.089178
v 25.888206 -12.792902 6.572816
v 26.689323 -13.235817 7.815918
v 25.885612 -13.676611 7.854467
v 25.773849 -13.371937 6.823490
v 25.563301 -13.494118 6.835773
v 25.888206 -12.792902 6.572816
v 25.732113 -12.639349 6.465732
v 25.954445 -13.216038 6.788628
v 24.809608 -11.772630 6.675621
v 25.070347 -12.551567 6.279801
v 24.889431 -13.467613 6.676373
v 24.448994 -13.598587 7.466109
v 25.070347 -12.551567 6.279801
v 24.202454 -12.411886 6.024270
v 23.996124 -13.456600 6.476546
v 24.202454 -12.411886 6.024270
v 23.468597 -11.424410 6.156509
v 23.009350 -13.749749 7.163188
v 23.475185 -12.234385 5.781371
v 23.224083 -13.505814 6.331795
v 23.475185 -12.234385 5.781371
v 23.195930 -12.148181 5.679518
v 22.930241 -12.010174 5.555961
v 22.610157 -13.630865 6.257586
v 22.920628 -13.542156 6.282994
v 22.930241 -12.010174 5.555961
v 23.195930 -12.148181 5.679518
v 21.744881 -11.067577 4.849140
v 21.146702 -10.826352 4.604030
v 22.084953 -9.527736 5.063468
v 20.950462 -15.272147 7.550324
v 20.426075 -14.475199 6.183681
v 21.097466 -14.345724 6.268305
v 21.146702 -10.826352 4.604030
v 21.744881 -11.067577 4.849140
v 22.293755 -11.457245 5.154154
v 21.780056 -14.058314 6.280205
v 22.293755 -11.457245 5.154154
v 20.920208 -8.499210 4.278115
v 19.419048 -16.100218 7.568726
v 20.294319 -10.675534 4.346581
v 19.282883 -10.554717 4.068759
v 18.518692 -14.424152 5.743908
v 19.543434 -14.477570 5.992546
v 19.282883 -10.554717 4.068759
v 20.294319 -10.675534 4.346581
v 20.703423 -8.486099 3.393659
v 19.088509 -16.663074 6.933618
v 20.703423 -8.486099 3.393659
v 22.477108 -6.011526 2.602279
v 24.765385 -3.004636 1.669630
v 24.701382 -3.477075 2.753665
v 21.129692 -21.562012 10.582948
v 20.886322 -22.645927 10.172688
v 19.842052 -19.353882 8.378410
v 24.765385 -3.004636 1.669630
v 22.477108 -6.011526 2.602279
v 24.929871 -2.888013 2.500096
v 21.118580 -22.186165 10.854603
v 25.760971 -1.924645 1.372491
v 21.429321 -23.857569 10.867634
v 25.760971 -1.924645 1.372491
v 29.087307 0.341055 1.891848
v 27.498173 -0.541723 1.965842
v 27.830450 -0.329020 1.063862
v 22.810242 -25.748421 12.068366
v 22.693363 -24.870459 12.498172
v 23.886787 -25.991323 13.291594
v 27.830450 -0.329020 1.063862
v 26.300255 -1.442040 2.125731
v 26.705246 -1.070803 1.171803
v 22.010555 -24.841936 11.462742
v 21.883896 -23.803883 11.806564
v 26.705246 -1.070803 1.171803
v 30.360474 0.825424 1.942471
v 30.271349 0.770611 1.072195
v 31.554419 1.165535 1.163728
v 25.829914 -27.819992 13.712070
v 24.742882 -27.222277 13.190811
v 24.930031 -26.671150 13.846221
v 31.554419 1.165535 1.163728
v 30.271349 0.770611 1.072195
v 28.857405 0.218658 1.026896
v 23.590328 -26.450722 12.572539
v 28.857405 0.218658 1.026896
v 31.774305 1.263493 2.045778
v 26.127247 -27.329884 14.424349
v 32.445679 1.349726 2.143324
v 32.531548 1.393475 1.268087
v 26.686031 -28.204796 14.081698
v 26.741741 -27.531639 14.646577
v 32.531548 1.393475 1.268087
v 33.761223 1.568645 1.452573
v 27.806793 -28.581076 14.504919
v 33.761223 1.568645 1.452573
v 27.599216 -4.918246 4.070797
v 27.922005 -3.548763 3.493152
v 28.903086 -4.910172 3.477855
v 29.133213 -3.964073 3.077697
v 25.481651 -22.453417 11.082056
v 24.271660 -22.031979 11.494856
v 25.626667 -21.500031 10.659891
v 24.491005 -20.656399 10.884115
v 29.133213 -3.964073 3.077697
v 28.903086 -4.910172 3.477855
v 29.415314 -3.243620 2.796253
v 28.379349 -2.501971 3.090737
v 24.306671 -23.123646 12.018221
v 25.474533 -23.197401 11.434593
v 29.415314 -3.243620 2.796253
v 28.941496 -1.505026 2.742527
v 29.894131 -2.353066 2.476705
v 25.591522 -24.138931 11.908188
v 24.463421 -24.179359 12.558642
v 29.894131 -2.353066 2.476705
v 29.718729 -0.548284 2.460312
v 30.480860 -1.506018 2.201369
v 25.829739 -25.056568 12.396816
v 24.843731 -25.232401 13.146499
v 30.480860 -1.506018 2.201369
v 30.700905 0.223057 2.303317
v 31.098438 -0.789345 1.994802
v 26.148415 -25.853352 12.845449
v 25.493122 -26.146091 13.718983
v 31.098438 -0.789345 1.994802
v 31.928965 0.992043 2.201005
v 32.239143 0.334316 1.708488
v 26.814747 -27.131626 13.598973
v 26.381138 -27.098888 14.362061
v 32.239143 0.334316 1.708488
v 32.832188 0.825663 1.603819
v 27.196625 -27.709505 13.957191
v 32.832188 0.825663 1.603819
v 31.511915 -6.700988 5.756242
v 30.012032 -6.409642 5.302352
v 31.055614 -5.944879 4.439185
v 28.108957 -20.865025 10.898376
v 27.402397 -19.623316 11.022785
v 28.963995 -19.602167 11.341387
v 31.055614 -5.944879 4.439185
v 28.572975 -5.752389 4.679907
v 29.382473 -5.247159 3.742661
v 30.106787 -5.608225 4.072276
v 27.061501 -21.027752 10.747663
v 26.221016 -21.254921 10.672697
v 25.756405 -20.013851 10.853945
v 30.106787 -5.608225 4.072276
v 29.382473 -5.247159 3.742661
v 42.296600 -8.158621 8.810672
v 37.204033 -7.589285 7.438061
v 40.600243 -7.341031 7.182743
v 37.879265 -21.118423 13.147221
v 34.814644 -19.687777 12.675709
v 39.958023 -19.999763 13.936907
v 40.600243 -7.341031 7.182743
v 42.484715 -7.390120 7.616599
v 39.720181 -21.388096 13.676564
v 42.484715 -7.390120 7.616599
v 32.019341 -6.189342 4.765458
v 29.136211 -20.787807 11.085388
v 32.019341 -6.189342 4.765458
v 37.613457 -7.007580 6.373442
v 34.861626 -20.941225 12.405558
v 37.613457 -7.007580 6.373442
v 43.936829 -7.618703 8.888014
v 43.452785 -7.292255 7.780890
v 40.617462 -21.648687 13.996043
v 41.330215 -20.817055 14.601811
v 43.452785 -7.292255 7.780890
v 44.544834 -7.055453 7.906071
v 41.581841 -22.058325 14.401073
v 44.544834 -7.055453 7.906071
v 71.953033 -11.752790 16.111952
v 73.880188 -11.855376 16.580564
v 73.800087 -12.305634 17.639042
v 72.024231 -21.297554 21.531803
v 71.806641 -22.354626 21.125872
v 69.903687 -22.129490 20.604210
v 73.880188 -11.855376 16.580564
v 71.953033 -11.752790 16.111952
v 59.462906 -10.522076 12.805527
v 59.217880 -10.850830 13.739614
v 48.059032 -9.387423 9.781426
v 46.446251 -9.552780 10.347475
v 44.506420 -19.374958 14.599665
v 57.357315 -20.271664 17.818052
v 45.885040 -20.395245 14.546905
v 57.350632 -21.217403 17.435717
v 48.059032 -9.387423 9.781426
v 59.462906 -10.522076 12.805527
v 46.874065 -9.167646 9.418707
v 44.654083 -20.408306 14.284987
v 46.874065 -9.167646 9.418707
v 42.755299 -14.215927 11.804970
v 58.111835 -15.529895 15.775407
v 57.357315 -20.271664 17.818052
v 44.506420 -19.374958 14.599665
v 44.741718 -8.882257 9.695348
v 46.022682 -8.792598 9.054756
v 43.685326 -20.627613 14.178342
v 42.604027 -19.706257 14.381243
v 46.022682 -8.792598 9.054756
v 45.243237 -8.171352 8.589296
v 42.690475 -21.097044 14.185057
v 45.243237 -8.171352 8.589296
v 85.518265 -12.259245 19.307869
v 84.929237 -11.337395 19.606283
v 86.100060 -11.470963 19.059427
v 83.471054 -24.782681 24.822304
v 82.407936 -24.103775 25.133070
v 83.214790 -23.922691 24.357182
v 86.100060 -11.470963 19.059427
v 85.518265 -12.259245 19.307869
v 84.693733 -12.229064 19.990850
v 82.528214 -23.193995 24.737759
v 85.432297 -12.526049 19.416124
v 83.235313 -23.650290 24.232006
v 85.432297 -12.526049 19.416124
v 85.449966 -12.773680 19.537832
v 83.348572 -23.413857 24.144150
v 85.449966 -12.773680 19.537832
v 84.998337 -13.339952 20.566761
v 83.251518 -22.184811 24.395855
v 86.501289 -12.894791 19.824482
v 84.412010 -23.473694 24.404274
v 86.501289 -12.894791 19.824482
v 87.341873 -12.919980 20.019566
v 87.254303 -13.352650 21.071882
v 85.438507 -22.546772 25.052177
v 85.234421 -23.590799 24.639153
v 87.341873 -12.919980 20.019566
v 88.345238 -12.967226 21.114586
v 87.830917 -12.837209 20.086702
v 85.675079 -23.753120 24.812397
v 86.341873 -23.111088 25.506046
v 87.830917 -12.837209 20.086702
v 90.213493 -11.729464 20.078478
v 90.834488 -11.720293 20.209381
v 90.534332 -11.811497 21.068180
v 88.013031 -24.577873 26.594967
v 88.144989 -25.338375 26.104885
v 87.548187 -25.224998 25.920929
v 90.834488 -11.720293 20.209381
v 90.213493 -11.729464 20.078478
v 91.296463 -11.825245 20.359961
v 91.059143 -11.886822 21.203035
v 88.547523 -24.604177 26.708603
v 88.632378 -25.314650 26.199760
v 91.296463 -11.825245 20.359961
v 91.840195 -12.055582 20.588026
v 89.247498 -25.183472 26.271324
v 91.840195 -12.055582 20.588026
v 92.184235 -12.268828 20.764462
v 89.662933 -25.035210 26.291248
v 92.184235 -12.268828 20.764462
v 89.637939 -12.068423 20.968399
v 89.644096 -11.898827 20.035048
v 87.063499 -24.965448 25.691822
v 87.242493 -24.197556 26.219311
v 89.644096 -11.898827 20.035048
v 88.257996 -12.680593 20.105192
v 86.027130 -23.976402 24.995346
v 88.257996 -12.680593 20.105192
v 109.869980 -19.445873 28.909662
v 107.514069 -17.877977 27.646442
v 108.985138 -17.899790 27.104137
v 108.092667 -22.418724 29.060461
v 106.783752 -21.575848 29.247313
v 109.670914 -20.453823 29.346024
v 108.985138 -17.899790 27.104137
v 104.187714 -16.090336 26.074890
v 106.284538 -16.403841 25.803898
v 104.900764 -23.410488 28.837196
v 102.874130 -22.741600 28.954338
v 106.284538 -16.403841 25.803898
v 99.691872 -13.994536 24.082787
v 100.131752 -13.391249 23.029850
v 103.194489 -14.840295 24.386650
v 101.306091 -24.402058 28.526108
v 97.782303 -25.287542 28.179958
v 97.711502 -24.021975 28.423843
v 103.194489 -14.840295 24.386650
v 100.131752 -13.391249 23.029850
v 111.461380 -19.554129 28.430887
v 111.955978 -19.982763 28.742626
v 111.773849 -20.904932 29.141853
v 111.129196 -21.236092 29.159042
v 111.955978 -19.982763 28.742626
v 111.461380 -19.554129 28.430887
v 112.144714 -20.257496 28.914494
v 109.670914 -20.453823 29.346024
v 112.063019 -20.671089 29.093550
v 111.773849 -20.904932 29.141853
v 112.144714 -20.257496 28.914494
v 110.607254 -18.923374 27.944637
v 110.058449 -21.702135 29.147610
v 110.607254 -18.923374 27.944637
v 112.172333 -20.471704 29.022465
v 110.280807 -19.995071 29.260536
v 112.172333 -20.471704 29.022465
v 96.968491 -14.104574 23.549593
v 93.345772 -13.990875 22.706350
v 95.140442 -13.515607 22.001791
v 93.005180 -24.327353 26.682386
v 91.575958 -22.952156 26.585842
v 95.122444 -23.451881 27.596203
v 95.140442 -13.515607 22.001791
v 97.454926 -13.511139 22.503819
v 95.240997 -24.721165 27.356838
v 97.454926 -13.511139 22.503819
v 93.217026 -13.444491 21.548979
v 91.118065 -24.072418 26.149990
v 93.217026 -13.444491 21.548979
v 90.918716 -13.543959 21.945824
v 91.532944 -13.291048 21.109106
v 89.430336 -23.937355 25.718071
v 89.053307 -22.989300 26.034870
v 91.532944 -13.291048 21.109106
v 91.806465 -12.647747 20.862511
v 89.444901 -24.605312 26.039150
v 91.806465 -12.647747 20.862511
v 91.626900 -12.950155 20.967329
v 90.834480 -12.348108 21.388954
v 88.511642 -24.109598 26.480711
v 89.388763 -24.282726 25.873394
v 91.626900 -12.950155 20.967329
v 98.370743 -18.974621 26.184364
v 97.711502 -24.021975 28.423843
v 95.122444 -23.451881 27.596203
v 88.409126 -18.122261 23.608789
v 91.575958 -22.952156 26.585842
v 89.053307 -22.989300 26.034870
v 80.263245 -13.002691 19.393969
v 80.236328 -12.405466 18.226913
v 81.020058 -12.432020 18.410267
v 78.933189 -22.998674 22.984755
v 78.165207 -22.892462 22.766920
v 78.544876 -21.703560 23.160728
v 81.020058 -12.432020 18.410267
v 80.236328 -12.405466 18.226913
v 81.714485 -12.354364 18.524574
v 81.811378 -12.707973 19.583271
v 79.926605 -22.251358 23.714767
v 79.574379 -23.190617 23.215778
v 81.714485 -12.354364 18.524574
v 83.907776 -11.429810 18.562302
v 84.472191 -11.235103 18.592581
v 84.232178 -11.466331 19.485172
v 81.779861 -23.883450 24.860764
v 81.805679 -24.736759 24.437687
v 81.335648 -24.453533 24.200497
v 84.472191 -11.235103 18.592581
v 83.907776 -11.429810 18.562302
v 84.953979 -11.189087 18.675627
v 85.455940 -11.260082 18.818760
v 82.766441 -24.878159 24.714258
v 82.253571 -24.862320 24.595005
v 85.455940 -11.260082 18.818760
v 84.953979 -11.189087 18.675627
v 83.011230 -12.098574 19.550764
v 82.400146 -12.135754 18.569883
v 80.152344 -23.517349 23.497177
v 80.849350 -23.045124 24.289719
v 82.400146 -12.135754 18.569883
v 79.658218 -12.315496 18.058167
v 79.187881 -12.774242 19.031851
v 77.414452 -21.753904 22.919304
v 77.571350 -22.882147 22.632654
v 79.658218 -12.315496 18.058167
v 79.323456 -11.064369 18.243759
v 79.889862 -11.547110 17.742918
v 79.725098 -11.875709 17.863420
v 77.465187 -23.318571 22.817240
v 77.496841 -23.663982 22.988531
v 76.880814 -23.432470 23.598125
v 79.725098 -11.875709 17.863420
v 79.889862 -11.547110 17.742918
v 79.009064 -11.801854 18.549252
v 76.866531 -22.650364 23.245754
v 80.342628 -10.990793 17.576773
v 77.718460 -24.278000 23.329041
v 80.342628 -10.990793 17.576773
v 78.218262 -11.002056 17.996338
v 78.072830 -10.886932 17.032919
v 78.671341 -10.738754 17.092768
v 78.671341 -10.738754 17.092768
v 78.072830 -10.886932 17.032919
v 79.213768 -10.722859 17.203354
v 75.791359 -23.290503 23.316219
v 76.523056 -24.347061 23.101513
v 76.004837 -24.240417 22.937872
v 79.213768 -10.722859 17.203354
v 79.803772 -10.820071 17.378141
v 77.131203 -24.352367 23.236511
v 79.803772 -10.820071 17.378141
v 76.635208 -11.531205 17.891863
v 76.741180 -11.392963 16.983690
v 74.392952 -23.283131 22.131151
v 74.464859 -22.520647 22.649382
v 75.483772 -23.996441 22.708252
v 76.741180 -11.392963 16.983690
v 75.392517 -11.732422 16.851473
v 75.286583 -12.082151 17.852646
v 73.373978 -21.766460 22.045156
v 73.220947 -22.727991 21.611645
v 75.392517 -11.732422 16.851473
v 59.217880 -10.850830 13.739614
v 59.462906 -10.522076 12.805527
v 57.350632 -21.217403 17.435717
v 57.357315 -20.271664 17.818052
v 27.402397 -19.623316 11.022785
v 34.814644 -19.687777 12.675709
v 28.963995 -19.602167 11.341387
v 39.958023 -19.999763 13.936907
v 42.604027 -19.706257 14.381243
v 58.111835 -15.529895 15.775407
v 75.645325 -17.030138 20.308701
v 72.024231 -21.297554 21.531803
v 72.024231 -21.297554 21.531803
v 73.373978 -21.766460 22.045156
v 78.544876 -21.703560 23.160728
v 77.414452 -21.753904 22.919304
v 79.926605 -22.251358 23.714767
v 85.438507 -22.546772 25.052177
v 83.251518 -22.184811 24.395855
v 86.341873 -23.111088 25.506046
v 106.783752 -21.575848 29.247313
v 102.874130 -22.741600 28.954338
v 25.954445 -13.216038 6.788628
v 25.563301 -13.494118 6.835773
v 25.773849 -13.371937 6.823490
v 24.889431 -13.467613 6.676373
v 23.996124 -13.456600 6.476546
v 23.224083 -13.505814 6.331795
v 22.920628 -13.542156 6.282994
v 22.610157 -13.630865 6.257586
v 21.097466 -14.345724 6.268305
v 20.426075 -14.475199 6.183681
v 21.780056 -14.058314 6.280205
v 19.543434 -14.477570 5.992546
v 18.518692 -14.424152 5.743908
v 19.088509 -16.663074 6.933618
v 19.842052 -19.353882 8.378410
v 20.886322 -22.645927 10.172688
v 21.429321 -23.857569 10.867634
v 22.810242 -25.748421 12.068366
v 22.010555 -24.841936 11.462742
v 24.742882 -27.222277 13.190811
v 25.829914 -27.819992 13.712070
v 23.590328 -26.450722 12.572539
v 26.686031 -28.204796 14.081698
v 27.806793 -28.581076 14.504919
v 25.626667 -21.500031 10.659891
v 25.481651 -22.453417 11.082056
v 25.474533 -23.197401 11.434593
v 25.591522 -24.138931 11.908188
v 25.829739 -25.056568 12.396816
v 26.148415 -25.853352 12.845449
v 26.814747 -27.131626 13.598973
v 27.196625 -27.709505 13.957191
v 28.108957 -20.865025 10.898376
v 26.221016 -21.254921 10.672697
v 27.061501 -21.027752 10.747663
v 37.879265 -21.118423 13.147221
v 39.720181 -21.388096 13.676564
v 29.136211 -20.787807 11.085388
v 34.861626 -20.941225 12.405558
v 40.617462 -21.648687 13.996043
v 41.581841 -22.058325 14.401073
v 69.903687 -22.129490 20.604210
v 71.806641 -22.354626 21.125872
v 57.350632 -21.217403 17.435717
v 45.885040 -20.395245 14.546905
v 44.654083 -20.408306 14.284987
v 43.685326 -20.627613 14.178342
v 42.690475 -21.097044 14.185057
v 83.214790 -23.922691 24.357182
v 83.471054 -24.782681 24.822304
v 83.235313 -23.650290 24.232006
v 83.348572 -23.413857 24.144150
v 84.412010 -23.473694 24.404274
v 85.234421 -23.590799 24.639153
v 85.675079 -23.753120 24.812397
v 87.548187 -25.224998 25.920929
v 88.144989 -25.338375 26.104885
v 88.632378 -25.314650 26.199760
v 89.247498 -25.183472 26.271324
v 89.662933 -25.035210 26.291248
v 87.063499 -24.965448 25.691822
v 86.027130 -23.976402 24.995346
v 108.092667 -22.418724 29.060461
v 104.900764 -23.410488 28.837196
v 97.782303 -25.287542 28.179958
v 101.306091 -24.402058 28.526108
v 111.129196 -21.236092 29.159042
v 111.773849 -20.904932 29.141853
v 112.063019 -20.671089 29.093550
v 110.058449 -21.702135 29.147610
v 93.005180 -24.327353 26.682386
v 95.240997 -24.721165 27.356838
v 91.118065 -24.072418 26.149990
v 89.430336 -23.937355 25.718071
v 89.444901 -24.605312 26.039150
v 89.388763 -24.282726 25.873394
v 78.165207 -22.892462 22.766920
v 78.933189 -22.998674 22.984755
v 79.574379 -23.190617 23.215778
v 81.335648 -24.453533 24.200497
v 81.805679 -24.736759 24.437687
v 82.253571 -24.862320 24.595005
v 82.766441 -24.878159 24.714258
v 80.152344 -23.517349 23.497177
v 77.571350 -22.882147 22.632654
v 77.496841 -23.663982 22.988531
v 77.465187 -23.318571 22.817240
v 77.718460 -24.278000 23.329041
v 75.483772 -23.996441 22.708252
v 76.004837 -24.240417 22.937872
v 76.523056 -24.347061 23.101513
v 77.131203 -24.352367 23.236511
v 74.392952 -23.283131 22.131151
v 73.220947 -22.727991 21.611645
v 112.158447 -20.473263 29.012527
v 112.131058 -20.260923 28.905502
v 112.050079 -20.670910 29.082991
v 111.940399 -19.983799 28.732075
v 112.127487 -20.256132 28.902445
v 111.758102 -20.906712 29.131620
v 112.044754 -20.674915 29.083736
v 111.450119 -19.558895 28.423052
v 111.119087 -21.234982 29.148663
v 110.603432 -18.933651 27.941044
v 110.057678 -21.696960 29.137329
v 108.995483 -17.919003 27.107880
v 108.974907 -17.905304 27.096880
v 108.109055 -22.407297 29.050938
v 108.083847 -22.417074 29.050106
v 106.297882 -16.422417 25.807991
v 104.919815 -23.400183 28.828785
v 106.268860 -16.406820 25.794243
v 104.885689 -23.410370 28.826202
v 103.166122 -14.838521 24.371971
v 103.205780 -14.856921 24.389370
v 101.322403 -24.393282 28.517828
v 100.130470 -13.402291 23.027174
v 101.276917 -24.404404 28.513210
v 97.784286 -25.282063 28.170135
v 90.839096 -11.727481 20.206154
v 90.834503 -11.726809 20.204830
v 91.296982 -11.831507 20.355398
v 91.835907 -12.059806 20.581451
v 91.802483 -12.646736 20.853510
v 92.176903 -12.271170 20.756323
v 91.800636 -12.650860 20.855074
v 97.477310 -13.521116 22.505791
v 91.530029 -13.299043 21.104622
v 93.198936 -13.451111 21.540531
v 91.622635 -12.950644 20.958969
v 91.529488 -13.288572 21.099518
v 97.453270 -13.522042 22.500999
v 95.159073 -13.526481 22.003370
v 95.127266 -13.525509 21.995979
v 93.220779 -13.455027 21.547150
v 95.242569 -24.715740 27.346943
v 95.265457 -24.720686 27.354290
v 93.026352 -24.325386 26.678406
v 92.995224 -24.320967 26.669521
v 91.124725 -24.068270 26.141811
v 91.102097 -24.068384 26.136940
v 90.218903 -11.735894 20.075062
v 90.210953 -11.738225 20.074438
v 89.429558 -23.934536 25.708908
v 89.646652 -11.906064 20.031403
v 88.261406 -12.688881 20.102222
v 88.272980 -12.680826 20.100914
v 89.439407 -24.606724 26.030975
v 89.383759 -24.286942 25.866659
v 89.439575 -24.611023 26.033054
v 89.655685 -25.037117 26.282925
v 89.243919 -25.184071 26.263170
v 89.424973 -23.944572 25.712688
v 88.634254 -25.314087 26.192249
v 88.151169 -25.337603 26.098211
v 88.146461 -25.337486 26.097126
v 87.838150 -12.844092 20.083902
v 87.828438 -12.847485 20.083399
v 87.554848 -25.225098 25.914772
v 87.548065 -25.221512 25.911589
v 84.956375 -11.196120 18.671841
v 85.453911 -11.266489 18.813704
v 84.478851 -11.241728 18.589527
v 84.472610 -11.242943 18.588745
v 83.913361 -11.435862 18.558744
v 86.092331 -11.475501 19.052248
v 83.902496 -11.441401 18.559019
v 85.515678 -12.256814 19.298496
v 85.513718 -12.264685 19.301813
v 82.408142 -12.141128 18.566530
v 85.428490 -12.529171 19.409130
v 85.446014 -12.774656 19.529778
v 87.343719 -12.929523 20.016857
v 86.510574 -12.904558 19.823500
v 86.490540 -12.904449 19.819082
v 85.448563 -12.784419 19.534985
v 84.404312 -23.467951 24.392208
v 84.423706 -23.471212 24.397987
v 85.683678 -23.753084 24.806593
v 85.675598 -23.748169 24.802494
v 85.238846 -23.587284 24.630791
v 83.350311 -23.408640 24.134396
v 83.344048 -23.417656 24.137314
v 87.067711 -24.964283 25.684528
v 86.040634 -23.984108 24.994301
v 86.032562 -23.974365 24.987911
v 82.397598 -12.146473 18.566780
v 81.717941 -12.363171 18.521864
v 79.887413 -11.548500 17.735392
v 80.336113 -10.997175 17.570736
v 79.802078 -10.827981 17.373886
v 81.029602 -12.440139 18.408560
v 81.016098 -12.442684 18.406826
v 80.239182 -12.416365 18.225069
v 80.229637 -12.414446 18.222076
v 79.656662 -12.325279 18.054825
v 80.161095 -23.518898 23.492167
v 80.152977 -23.511953 23.487095
v 79.580078 -23.188091 23.208162
v 78.944511 -22.997833 22.979166
v 78.932434 -22.993130 22.974304
v 83.231781 -23.652033 24.224405
v 83.211441 -23.922064 24.348499
v 81.333984 -24.446844 24.189293
v 83.464272 -24.782398 24.813034
v 83.210274 -23.930014 24.352032
v 81.342331 -24.454027 24.194534
v 83.160645 -24.823536 24.766479
v 82.765892 -24.877029 24.705950
v 82.257561 -24.861328 24.587748
v 81.813622 -24.736885 24.431820
v 81.808060 -24.734657 24.429546
v 79.217361 -10.731636 17.200665
v 79.207703 -10.731014 17.198257
v 78.670013 -10.746774 17.088638
v 78.076721 -10.893661 17.029308
v 78.062729 -10.898350 17.028502
v 76.742867 -11.399908 16.979702
v 79.724121 -11.874155 17.854818
v 79.721466 -11.880785 17.857389
v 75.394188 -11.741259 16.848389
v 75.406128 -11.736362 16.848654
v 79.655174 -12.316732 18.050442
v 78.171112 -22.887835 22.758354
v 78.161140 -22.888054 22.756287
v 77.572571 -22.877827 22.623205
v 77.567818 -22.885841 22.625980
v 77.462578 -23.318457 22.808966
v 77.462570 -23.325312 22.812223
v 76.519295 -24.343561 23.091370
v 76.528877 -24.344587 23.093950
v 77.131577 -24.349842 23.227734
v 77.713562 -24.276142 23.319431
v 77.493942 -23.667629 22.981976
v 75.489075 -23.996002 22.701544
v 75.477386 -23.989120 22.695724
v 76.005600 -24.237846 22.929161
v 75.381042 -11.743196 16.846447
v 74.396202 -23.282104 22.123724
v 73.882088 -11.865065 16.577934
v 73.224930 -22.725132 21.603506
v 73.234550 -22.731876 21.608810
v 71.971970 -11.763380 16.113464
v 71.838936 -11.750225 16.078228
v 73.212975 -22.721052 21.598949
v 71.811172 -22.350990 21.117474
v 69.925056 -22.127836 20.600420
v 69.791245 -22.118162 20.566668
v 59.463272 -10.530798 12.802099
v 57.353302 -21.214439 17.427235
v 51.465130 -9.734989 10.681130
v 48.163956 -9.406546 9.805729
v 48.046993 -9.394630 9.774577
v 45.992805 -20.399818 14.564901
v 45.875126 -20.391678 14.535398
v 33.752312 1.561010 1.446610
v 32.831417 0.824541 1.596537
v 32.533413 1.387379 1.263743
v 32.527588 1.386625 1.262827
v 31.558947 1.160662 1.159379
v 32.826885 0.821404 1.597040
v 32.239037 0.334360 1.700791
v 31.546654 1.156866 1.158507
v 30.274733 0.765387 1.067772
v 30.263590 0.761137 1.067369
v 29.798222 0.579475 1.052455
v 28.862038 0.214016 1.022464
v 32.228386 0.327641 1.701663
v 31.608973 -0.282526 1.857144
v 31.097597 -0.786256 1.985493
v 31.089069 -0.792971 1.986833
v 30.476854 -1.503412 2.191606
v 30.470095 -1.511716 2.194086
v 29.888466 -2.351402 2.467022
v 29.883524 -2.360069 2.470080
v 27.844086 -0.328865 1.059104
v 27.830156 -0.336601 1.059752
v 29.408886 -3.242858 2.786839
v 29.129246 -3.957015 3.065822
v 29.125259 -3.966170 3.069304
v 28.897139 -4.904010 3.465969
v 26.714809 -1.071883 1.166746
v 26.704292 -1.079779 1.168211
v 25.768330 -1.926105 1.367131
v 25.756134 -1.938986 1.370608
v 24.769466 -3.009294 1.665087
v 24.767437 -3.014494 1.667119
v 22.499233 -5.995019 2.591584
v 22.465439 -6.040053 2.605656
v 45.234093 -8.172085 8.580002
v 44.541969 -7.066233 7.902923
v 45.241478 -8.183273 8.586929
v 46.014122 -8.799098 9.048336
v 43.459755 -7.300898 7.778873
v 43.445267 -7.305551 7.777932
v 42.485676 -7.402562 7.615079
v 40.617714 -7.353902 7.185025
v 40.573223 -7.348916 7.172956
v 37.612503 -7.018374 6.370717
v 32.067184 -6.207269 4.776760
v 32.017433 -6.199618 4.762285
v 31.062305 -5.957336 4.438921
v 31.049047 -5.954687 4.434772
v 30.108568 -5.620992 4.071091
v 30.095966 -5.615204 4.065591
v 29.377996 -5.257306 3.738860
v 28.894314 -4.915950 3.471041
v 28.902809 -4.923282 3.476375
v 20.708019 -8.491922 3.389778
v 46.029144 -8.805210 9.054512
v 46.872787 -9.176846 9.415155
v 26.025002 -13.103315 6.742697
v 26.024033 -13.099764 6.740794
v 25.899315 -12.795766 6.568946
v 25.893883 -12.790790 6.565394
v 26.012337 -12.975250 6.678988
v 26.022690 -13.106563 6.743738
v 25.963615 -13.221930 6.785784
v 25.784637 -13.376439 6.820333
v 25.777451 -13.380340 6.820621
v 25.739170 -12.638597 6.459256
v 25.726154 -12.637008 6.455670
v 25.568764 -13.501435 6.832795
v 25.070541 -12.550042 6.271473
v 24.197731 -12.407722 6.013611
v 24.210712 -12.411662 6.018313
v 22.294544 -11.446113 5.141377
v 22.308098 -11.462620 5.152186
v 23.201267 -12.146652 5.672300
v 22.938232 -12.010025 5.549973
v 23.477726 -12.231998 5.773138
v 21.147236 -10.810732 4.589057
v 21.157497 -10.820728 4.596050
v 21.750458 -11.059842 4.839019
v 19.300503 -10.541576 4.058692
v 20.302670 -10.661288 4.333963
v 25.555565 -13.500803 6.829618
v 23.988873 -13.465233 6.471420
v 24.002949 -13.463638 6.473731
v 24.887955 -13.474547 6.671700
v 23.224548 -13.513953 6.328118
v 22.924126 -13.549936 6.279801
v 22.616760 -13.637758 6.254652
v 21.794949 -14.060934 6.277042
v 21.775429 -14.074613 6.279299
v 21.098793 -14.359512 6.267504
v 19.855949 -19.378948 8.385713
v 19.840786 -19.329769 8.359009
v 20.891071 -22.642147 10.164274
v 20.433262 -14.487856 6.183621
v 20.419453 -14.495795 6.184394
v 18.529560 -14.445228 5.748651
v 19.094154 -16.663622 6.927451
v 19.544907 -14.498142 5.995007
v 44.655350 -20.404625 14.275857
v 43.695389 -20.621941 14.170183
v 43.678509 -20.625288 14.168100
v 42.692337 -21.090624 14.174755
v 42.680840 -21.100227 14.176818
v 41.582188 -22.052860 14.390896
v 40.626488 -21.646910 13.989512
v 40.614292 -21.639940 13.983536
v 39.724873 -21.381636 13.666861
v 37.900101 -21.114323 13.142150
v 37.855133 -21.111654 13.131087
v 34.863831 -20.936005 12.395905
v 29.188360 -20.783926 11.087251
v 29.137293 -20.782944 11.075665
v 28.119200 -20.859480 10.890318
v 28.105356 -20.859808 10.887459
v 27.067120 -21.021103 10.738070
v 27.052677 -21.024578 10.736580
v 26.219563 -21.249765 10.662277
v 25.630421 -21.492723 10.649580
v 25.619370 -21.498377 10.649858
v 25.617462 -21.510387 10.655164
v 25.473709 -22.455454 11.073643
v 25.474010 -22.464968 11.078235
v 25.466957 -23.202461 11.427700
v 21.429150 -23.848299 10.855534
v 21.435932 -23.862799 10.863907
v 20.891010 -22.647516 10.166815
v 27.195255 -27.713665 13.951222
v 27.192097 -27.709869 13.948728
v 26.813564 -27.137054 13.593649
v 27.800072 -28.577595 14.494144
v 26.689137 -28.204613 14.074635
v 26.805878 -27.128773 13.588030
v 26.145332 -25.861601 12.841051
v 26.683796 -28.202915 14.072662
v 26.139694 -25.853676 12.836051
v 25.824707 -27.815716 13.701245
v 25.835114 -27.821449 13.706242
v 25.584332 -24.144989 11.901853
v 25.820477 -25.054649 12.386230
v 25.823788 -25.063816 12.391316
v 24.747124 -27.223194 13.184515
v 25.582920 -24.135773 11.897156
v 24.737995 -27.217205 13.179678
v 22.822296 -25.756269 12.067076
v 22.811832 -25.746441 12.060112
v 23.595539 -26.452412 12.566832
v 22.012054 -24.838499 11.453781
v 22.019161 -24.847904 11.459803
vn -0.7244 0.5428 -0.4250
vn -0.2266 0.4810 0.8469
vn -0.9647 0.0721 -0.2534
vn -0.2020 0.4152 0.8870
vn -0.1760 0.3467 0.9213
vn -0.1912 0.3481 0.9177
vn -0.1936 0.3779 0.9054
vn -0.1868 0.4139 0.8910
vn -0.2114 0.3647 0.9068
vn -0.1581 0.3598 0.9195
vn -0.1873 0.3700 0.9100
vn -0.2062 0.3048 0.9298
vn -0.1949 0.3707 0.9081
vn -0.1692 0.4624 0.8704
vn -0.1632 0.5240 0.8359
vn 0.2026 0.8974 -0.3919
vn 0.3796 0.8619 -0.3364
vn 0.5362 0.7989 -0.2723
vn -0.1372 0.4663 0.8739
vn 0.8190 0.5652 -0.0994
vn -0.0306 0.6907 0.7225
vn 0.5302 0.8020 -0.2751
vn -0.1632 0.8729 -0.4598
vn -0.1905 0.4714 0.8611
vn -0.1782 0.4562 0.8719
vn 0.2102 0.8966 -0.3898
vn 0.0731 0.9033 -0.4228
vn 0.2327 0.8937 -0.3835
vn 0.2698 0.8879 -0.3727
vn -0.1647 0.4831 0.8599
vn 0.3586 0.8679 -0.3438
vn -0.1495 0.4816 0.8635
vn 0.4864 0.8226 -0.2944
vn 0.5843 0.7724 -0.2492
vn -0.1525 0.4679 0.8705
vn 0.9556 0.2880 0.0623
vn -0.2343 0.3666 0.9004
vn -0.2503 0.3603 0.8986
vn -0.9100 -0.4145 -0.0098
vn -0.7544 -0.6428 0.1327
vn -0.2830 -0.8885 0.3612
vn -0.2453 0.3452 0.9059
vn -0.2312 -0.8971 0.3766
vn -0.3345 -0.8771 0.3446
vn -0.2453 0.3451 0.9059
vn -0.1458 0.4244 0.8937
vn -0.0435 0.3822 0.9231
vn 0.9373 -0.1879 0.2936
vn 0.8959 -0.2926 0.3344
vn -0.0098 0.3472 0.9377
vn 0.8445 -0.3884 0.3688
vn 0.0074 0.3065 0.9518
vn 0.7728 -0.4911 0.4021
vn 0.0493 0.2137 0.9756
vn 0.6750 -0.5983 0.4318
vn 0.1370 0.0557 0.9890
vn 0.5915 -0.6704 0.4479
vn 0.2544 -0.2306 0.9392
vn 0.6001 -0.6636 0.4466
vn -0.2573 0.9105 0.3236
vn 0.2585 0.5915 0.7638
vn 0.8573 0.5117 -0.0568
vn -0.0837 0.8890 -0.4502
vn -0.2038 0.8623 -0.4636
vn -0.3049 0.8079 0.5043
vn -0.3267 0.7152 0.6179
vn -0.3454 0.6299 0.6957
vn -0.3492 0.5590 0.7520
vn -0.3141 0.4917 0.8121
vn -0.3788 0.5257 0.7616
vn -0.7009 0.5678 -0.4317
vn -0.7712 0.4878 -0.4090
vn -0.7879 0.4662 -0.4023
vn -0.5813 0.6738 -0.4562
vn -0.4662 0.7509 -0.4678
vn -0.3715 0.8003 -0.4707
vn -0.2705 0.8412 -0.4681
vn -0.4192 0.4779 0.7719
vn -0.8060 0.4414 -0.3945
vn -0.8573 -0.5117 0.0568
vn -0.5287 -0.8053 0.2681
vn -0.2265 0.3659 0.9027
vn -0.7727 -0.6218 0.1276
vn -0.5632 -0.7870 0.2519
vn -0.6728 -0.7141 0.1934
vn -0.4657 -0.8341 0.2956
vn -0.7243 0.5429 -0.4250
vn -0.4852 0.7395 -0.4665
vn -0.2131 0.4731 0.8548
vn 0.0654 0.9031 -0.4244
vn -0.2161 0.4941 0.8421
vn -0.1734 0.3613 0.9162
vn -0.0008 -0.9030 0.4296
vn -0.1912 0.3482 0.9177
vn 0.1407 -0.8817 0.4503
vn 0.2554 -0.8503 0.4603
vn 0.8075 -0.4447 0.3875
vn -0.1500 0.4030 0.9028
vn 0.0112 0.9004 -0.4349
vn 0.1188 0.9031 -0.4128
vn -0.1320 0.8799 -0.4564
vn -0.3775 0.7975 -0.4706
vn -0.5090 0.7246 -0.4646
vn -0.2056 0.4725 0.8570
vn -0.2440 0.8501 -0.4666
vn -0.4401 0.3713 0.8176
vn 0.1189 0.9030 -0.4128
vn -0.6322 0.6325 -0.4475
vn -0.9502 -0.3034 -0.0714
vn -0.9446 -0.3240 -0.0515
vn -0.3405 0.3570 0.8698
vn -0.0365 0.4176 0.9079
vn 0.9786 0.0169 0.2051
vn 0.0084 0.4393 0.8983
vn 0.9801 0.1252 0.1539
vn 0.9685 0.2269 0.1030
vn 0.0396 0.4695 0.8820
vn 0.9398 0.3389 0.0434
vn 0.1122 0.5318 0.8394
vn 0.8877 0.4598 -0.0255
vn 0.2474 0.6134 0.7500
vn 0.8365 0.5415 -0.0843
vn 0.4438 0.7225 0.5301
vn 0.8410 0.5363 -0.0720
vn 0.1563 0.0756 0.9848
vn 0.6256 -0.6427 0.4422
vn -0.4223 -0.8507 0.3130
vn -0.4837 -0.2690 0.8329
vn -0.4750 -0.0622 0.8778
vn -0.4503 0.0831 0.8890
vn -0.4298 0.1977 0.8810
vn -0.4031 0.2834 0.8702
vn -0.4189 0.3207 0.8495
vn -0.9343 -0.3538 -0.0439
vn -0.8968 -0.4424 0.0064
vn -0.8219 -0.5640 0.0806
vn -0.7405 -0.6568 0.1425
vn -0.6682 -0.7198 0.1882
vn -0.5855 -0.7741 0.2409
vn -0.5288 -0.8053 0.2681
vn -0.0944 -0.9067 0.4110
vn -0.1326 -0.9059 0.4023
vn -0.1555 -0.9047 0.3967
vn -0.2757 -0.8899 0.3635
vn -0.4933 -0.8222 0.2838
vn -0.1576 0.0822 0.9841
vn 0.1914 -0.8694 0.4555
vn 0.5651 -0.6904 0.4517
vn 0.1984 -0.8675 0.4561
vn -0.1873 0.3700 0.9099
vn 0.0218 -0.9009 0.4335
vn -0.1632 -0.9042 0.3948
vn -0.1631 -0.9042 0.3948
vn -0.1439 0.3053 0.9413
vn 0.3888 -0.7962 0.4636
vn 0.5380 -0.7096 0.4549
vn 0.3049 -0.8325 0.4626
vn 0.2819 -0.8410 0.4617
vn -0.1595 0.3079 0.9380
vn 0.2221 -0.8607 0.4580
vn -0.1671 0.3086 0.9364
vn 0.1745 -0.8738 0.4539
vn -0.1847 0.2944 0.9377
vn -0.0325 -0.9052 0.4238
vn -0.2189 0.3208 0.9215
vn -0.1962 0.3634 0.9107
vn -0.1479 -0.9051 0.3986
vn -0.1797 0.3693 0.9118
vn 0.3148 -0.8286 0.4630
vn 0.0893 0.3881 0.9173
vn 0.9812 0.0892 0.1712
vn 0.9446 0.3240 0.0515
vn 0.1876 -0.0352 0.9816
vn 0.9688 -0.0612 0.2402
vn 0.0536 -0.8971 0.4386
vn -0.1783 -0.9030 0.3909
vn -0.3634 -0.1358 0.9217
vn -0.4039 0.1739 0.8981
vn -0.2516 0.3530 0.9012
vn -0.5533 -0.7949 0.2489
vn -0.2228 0.3434 0.9124
vn -0.2985 -0.8854 0.3563
vn -0.1819 0.3989 0.8988
vn 0.4141 -0.7836 0.4632
vn 0.0597 0.3272 0.9431
vn 0.9536 -0.1321 0.2706
vn 0.9803 0.1424 0.1369
vn 0.1376 0.1029 0.9851
vn -0.0097 -0.9037 0.4280
vn -0.2535 -0.8937 0.3701
vn -0.4833 -0.8293 0.2806
vn -0.4472 0.0261 0.8940
vn -0.3963 0.1809 0.9001
vn -0.2176 0.3726 0.9021
vn -0.6602 -0.7238 0.2007
vn -0.6805 -0.7080 0.1888
vn -0.4621 -0.8382 0.2895
vn -0.4622 -0.8382 0.2895
vn -0.3711 -0.8673 0.3319
vn -0.2201 0.3135 0.9237
vn -0.1402 -0.9055 0.4004
vn -0.1784 0.3765 0.9091
vn 0.6592 -0.6131 0.4354
vn 0.0276 0.3704 0.9285
vn 0.9791 0.0239 0.2019
vn -0.3522 0.1803 0.9184
vn -0.2290 0.3513 0.9078
vn -0.4871 -0.8250 0.2866
vn -0.5574 -0.7902 0.2547
vn -0.2609 -0.8925 0.3679
vn -0.3596 0.0466 0.9320
vn 0.0790 0.0426 0.9960
vn 0.8132 -0.4365 0.3849
vn -0.0248 -0.9048 0.4252
vn -0.1859 -0.9023 0.3890
vn -0.3795 -0.8647 0.3289
vn -0.1439 0.3054 0.9413
vn 0.7330 -0.5383 0.4159
vn -0.0722 0.4010 0.9132
vn 0.9648 -0.0826 0.2495
vn 0.9200 0.3916 0.0141
vn 0.8005 0.5883 -0.1144
vn -0.1034 0.5117 0.8529
vn 0.6912 0.6973 -0.1901
vn 0.6248 0.7467 -0.2281
vn 0.6062 0.7589 -0.2380
vn -0.1192 0.5128 0.8502
vn -0.2177 0.3726 0.9021
vn -0.2291 0.3513 0.9078
vn -0.1768 0.4631 0.8685
vn 0.0883 0.9034 -0.4196
vn -0.1561 0.8746 -0.4591
vn -0.2026 0.4863 0.8500
vn -0.2617 0.6423 0.7204
vn -0.2372 0.8523 -0.4662
vn -0.2440 0.8502 -0.4666
vn -0.1630 0.4548 0.8755
vn 0.0346 0.4059 0.9133
vn -0.2290 0.7423 0.6297
vn -0.0370 0.8957 -0.4432
vn 0.1646 0.9008 -0.4017
vn 0.1982 0.6454 0.7376
vn 0.3360 0.8738 -0.3515
vn 0.9573 0.2790 0.0758
vn 0.9347 -0.1957 0.2967
vn 0.8790 0.4748 -0.0433
vn 0.2252 0.8947 -0.3857
vn -0.1798 0.5187 0.8358
vn -0.0279 0.8967 -0.4417
vn -0.1995 0.4651 0.8625
vn -0.1247 0.8814 -0.4555
vn -0.3617 0.8048 -0.4706
vn -0.3051 0.6417 0.7037
vn -0.1749 0.4345 0.8835
vn -0.1935 0.4925 0.8485
vn 0.1188 0.9030 -0.4128
vn 0.7078 0.6852 -0.1719
vn 0.0807 0.4333 0.8976
vn -0.3049 0.7541 0.5817
vn -0.1489 0.8762 -0.4583
vn 0.2321 0.5804 0.7805
vn 0.0959 0.9034 -0.4179
vn 0.3429 0.8750 -0.3418
vn 0.8889 -0.3073 0.3398
vn 0.9722 -0.0399 0.2307
vn 0.0493 0.9026 -0.4277
vn -0.2304 0.8544 -0.4657
vn -0.2251 0.4878 0.8434
vn -0.3110 0.6487 0.6946
vn -0.3873 0.7928 -0.4705
vn -0.1247 0.8814 -0.4556
vn -0.1702 0.8500 0.4986
vn 0.1874 0.8990 -0.3959
vn 0.0852 0.3668 0.9264
vn 0.3234 0.6496 0.6880
vn 0.4085 0.8527 -0.3257
vn 0.5563 0.7883 -0.2628
vn 0.9588 -0.1109 0.2616
vn 0.7832 -0.4777 0.3979
vn 0.9111 -0.2581 0.3213
vn 0.6328 0.7412 -0.2238
vn -0.1616 0.4617 0.8722
vn -0.1753 0.4701 0.8650
vn 0.2177 0.8957 -0.3878
vn -0.1814 0.5120 0.8396
vn -0.1385 0.5292 0.8371
vn 0.3289 0.8755 -0.3539
vn 0.5157 0.8091 -0.2816
vn -0.1269 0.5136 0.8486
vn -0.9080 -0.4186 -0.0195
vn -0.4882 -0.7641 -0.4216
vn -0.9647 0.0722 -0.2533
vn -0.7545 -0.6426 0.1334
vn 0.2584 -0.9017 -0.3465
vn -0.1017 -0.9879 -0.1172
vn -0.2312 -0.8970 0.3767
vn 0.1969 -0.9531 0.2297
vn -0.2831 -0.8885 0.3611
vn 0.4162 -0.8838 -0.2135
vn 0.3110 -0.9491 0.0493
vn -0.3345 -0.8772 0.3444
vn -0.1070 -0.9876 0.1147
vn -0.3348 -0.8764 0.3461
vn 0.3520 -0.9063 -0.2339
vn -0.4660 -0.8334 0.2971
vn 0.2419 -0.9540 -0.1769
vn -0.6730 -0.7136 0.1946
vn -0.7727 -0.6218 0.1275
vn -0.3201 -0.9016 -0.2910
vn 0.4757 0.3512 -0.8064
vn 0.3786 0.2324 -0.8959
vn -0.5288 -0.8052 0.2683
vn 0.3312 -0.8559 -0.3972
vn 0.6316 -0.7254 -0.2734
vn -0.5622 -0.7891 0.2475
vn -0.4352 -0.3649 -0.8230
vn -0.8061 0.4417 -0.3938
vn -0.7878 0.4663 -0.4023
vn -0.7075 0.3428 -0.6180
vn -0.7714 0.4884 -0.4079
vn -0.8812 -0.1024 -0.4616
vn -0.8294 0.0285 -0.5580
vn -0.7058 -0.0865 -0.7031
vn -0.7249 0.0735 -0.6849
vn -0.7011 0.5683 -0.4307
vn -0.5814 0.6740 -0.4558
vn -0.5904 0.5143 -0.6220
vn 0.9378 -0.1888 0.2913
vn 0.7273 0.0545 -0.6842
vn 0.8965 -0.2938 0.3317
vn 0.8459 -0.5066 -0.1666
vn 0.8447 -0.3889 0.3678
vn -0.4664 0.7514 -0.4668
vn -0.4650 0.5746 -0.6734
vn -0.6436 0.3621 -0.6743
vn -0.3719 0.8014 -0.4685
vn -0.3555 0.4285 -0.8307
vn -0.2706 0.8417 -0.4673
vn -0.2039 0.8625 -0.4632
vn 0.8579 -0.3659 -0.3607
vn 0.7728 -0.4912 0.4017
vn -0.2403 0.3516 -0.9048
vn -0.3269 0.4588 -0.8262
vn -0.0838 0.8890 -0.4501
vn -0.1916 0.4665 -0.8635
vn 0.1285 -0.3540 -0.9264
vn 0.8572 0.5119 -0.0564
vn 0.8943 -0.2501 -0.3710
vn 0.6323 -0.7170 -0.2935
vn 0.5926 -0.6729 0.4427
vn 0.5848 0.7710 -0.2522
vn 0.0641 0.1964 -0.9784
vn -0.1150 -0.2437 -0.9630
vn 0.4863 0.8227 -0.2944
vn 0.3591 0.8665 -0.3466
vn 0.2788 0.5479 -0.7887
vn 0.1468 0.6093 -0.7792
vn -0.0905 0.4552 -0.8858
vn 0.2328 0.8934 -0.3842
vn 0.0680 0.6038 -0.7942
vn 0.2700 0.8875 -0.3734
vn -0.4085 0.0817 -0.9091
vn 0.2102 0.8965 -0.3899
vn -0.0022 0.5041 -0.8637
vn -0.4428 -0.1573 -0.8827
vn 0.0737 0.9018 -0.4258
vn -0.1639 0.8743 -0.4569
vn -0.4415 0.3078 -0.8428
vn 0.2609 0.4080 -0.8749
vn 0.5283 0.8077 -0.2619
vn 0.8200 0.5626 -0.1053
vn -0.7225 0.5380 -0.4343
vn -0.5809 0.1335 -0.8030
vn -0.4852 0.7396 -0.4664
vn -0.3419 0.5242 -0.7800
vn 0.0655 0.9032 -0.4242
vn -0.6343 0.0094 -0.7730
vn 0.5420 -0.4059 -0.7359
vn -0.0941 -0.9073 0.4097
vn -0.0002 -0.9043 0.4269
vn 0.5122 -0.3303 -0.7928
vn 0.1408 -0.8818 0.4502
vn 0.4771 -0.8769 -0.0586
vn -0.2135 0.0347 -0.9763
vn 0.0110 0.9010 -0.4338
vn 0.0113 0.9004 -0.4349
vn -0.1324 0.8808 -0.4546
vn -0.5164 0.1606 -0.8411
vn -0.3777 0.7978 -0.4699
vn 0.9791 0.0159 0.2030
vn 0.9305 -0.0127 -0.3660
vn -0.2430 0.8479 -0.4711
vn -0.4414 -0.1352 -0.8871
vn -0.2038 0.8622 -0.4637
vn 0.1190 0.9026 -0.4137
vn 0.0352 -0.8893 -0.4559
vn -0.6323 0.6324 -0.4475
vn -0.9503 -0.3032 -0.0707
vn -0.8971 -0.4417 0.0083
vn -0.6711 -0.7336 -0.1074
vn -0.4570 -0.8576 -0.2357
vn 0.9807 0.1240 0.1513
vn 0.5555 -0.0295 -0.8310
vn 0.9399 0.3388 0.0433
vn 0.3404 0.2213 -0.9139
vn 0.5730 0.3240 -0.7528
vn 0.8870 0.4611 -0.0230
vn 0.4198 0.2533 -0.8716
vn 0.5050 0.1267 -0.8537
vn 0.8358 0.5430 -0.0813
vn 0.5365 0.4254 -0.7289
vn 0.6142 0.3162 -0.7230
vn 0.8409 0.5364 -0.0718
vn 0.6758 0.5689 -0.4687
vn 0.6277 -0.0651 -0.7757
vn 0.6255 -0.6425 0.4427
vn -0.5289 -0.8048 0.2692
vn -0.2882 -0.9462 0.1473
vn -0.4221 -0.8509 0.3127
vn -0.3053 -0.9496 -0.0717
vn -0.1896 -0.9782 0.0850
vn -0.6686 -0.7190 0.1899
vn -0.3029 -0.9515 -0.0531
vn -0.5855 -0.7738 0.2417
vn -0.2161 -0.9168 -0.3359
vn -0.7407 -0.6563 0.1438
vn 0.5362 0.7989 -0.2725
vn 0.2814 0.6719 -0.6851
vn -0.0800 0.2394 -0.9676
vn 0.3806 0.8595 -0.3412
vn -0.2520 0.1981 -0.9472
vn -0.0472 0.5695 -0.8206
vn 0.2026 0.8976 -0.3916
vn 0.0382 0.6858 -0.7268
vn 0.2026 0.8975 -0.3918
vn 0.2723 0.3662 -0.8898
vn -0.3085 0.2253 -0.9241
vn -0.2000 0.5358 -0.8203
vn 0.0005 0.6397 -0.7687
vn 0.0889 0.9020 -0.4226
vn -0.3948 0.0292 -0.9183
vn -0.3268 0.4396 -0.8366
vn -0.1562 0.8747 -0.4589
vn -0.4797 0.3460 -0.8063
vn -0.2368 0.8513 -0.4682
vn -0.3247 0.6338 -0.7021
vn -0.4842 0.1652 -0.8592
vn -0.4406 0.4764 -0.7608
vn -0.2993 0.1530 -0.9418
vn -0.2442 0.8505 -0.4659
vn -0.0373 0.8961 -0.4422
vn -0.3787 0.3455 -0.8586
vn -0.2250 0.1691 -0.9596
vn 0.8085 -0.4462 0.3838
vn 0.3638 -0.1471 -0.9198
vn 0.9573 0.2790 0.0757
vn 0.8300 -0.2093 -0.5170
vn 0.9346 -0.1958 0.2970
vn 0.8847 0.4610 -0.0696
vn 0.9748 -0.2228 0.0123
vn 0.1291 0.2609 -0.9567
vn 0.9391 0.3281 -0.1020
vn 0.2259 0.8932 -0.3887
vn -0.3826 0.0038 -0.9239
vn -0.2004 0.4393 -0.8757
vn -0.1237 0.8791 -0.4602
vn -0.5229 -0.0464 -0.8511
vn -0.4522 0.4125 -0.7908
vn -0.3620 0.8053 -0.4695
vn -0.4334 -0.0377 -0.9004
vn -0.5475 0.1515 -0.8230
vn -0.3716 0.8003 -0.4706
vn -0.3084 0.2081 -0.9282
vn 0.0950 0.9055 -0.4136
vn -0.1567 0.6244 -0.7653
vn -0.1494 0.8774 -0.4559
vn 0.8906 -0.3105 0.3322
vn 0.3550 0.3716 -0.8579
vn 0.9785 0.0170 0.2055
vn 0.9173 -0.0750 -0.3911
vn 0.9369 -0.1596 -0.3111
vn 0.4114 0.0684 -0.9089
vn 0.9738 -0.0433 0.2230
vn 0.7173 0.6689 -0.1949
vn -0.3525 0.1718 -0.9199
vn 0.1189 0.9031 -0.4127
vn 0.0500 0.9004 -0.4323
vn -0.1357 0.5424 -0.8291
vn -0.4131 -0.0854 -0.9067
vn -0.3622 0.3369 -0.8691
vn -0.2303 0.8543 -0.4659
vn -0.4015 0.5215 -0.7529
vn -0.4870 -0.8251 0.2866
vn 0.2548 -0.8428 -0.4741
vn 0.2575 -0.8882 -0.3806
vn -0.2604 -0.8938 0.3653
vn -0.2190 -0.9756 -0.0143
vn 0.5615 -0.8002 -0.2105
vn -0.1632 -0.9041 0.3949
vn 0.1280 -0.9876 0.0910
vn 0.5755 -0.7775 -0.2535
vn 0.4044 -0.9146 -0.0016
vn -0.1631 -0.9043 0.3945
vn 0.2027 -0.9775 0.0576
vn 0.6392 -0.7280 -0.2479
vn -0.2751 -0.8912 0.3606
vn -0.1556 -0.9046 0.3968
vn -0.4941 -0.8206 0.2872
vn 0.5417 -0.7109 -0.4486
vn 0.1894 -0.8627 0.4688
vn 0.5664 -0.6933 0.4455
vn 0.8036 -0.4996 -0.3235
vn 0.8053 -0.5866 -0.0855
vn 0.3810 -0.9245 -0.0092
vn 0.1984 -0.8676 0.4559
vn 0.7895 -0.5106 -0.3406
vn 0.0231 -0.9032 0.4286
vn -0.5568 -0.7915 0.2518
vn -0.1723 -0.9788 -0.1111
vn -0.5635 -0.7865 0.2530
vn -0.3798 -0.8642 0.3301
vn 0.1400 -0.9823 -0.1248
vn -0.1860 -0.9022 0.3890
vn 0.4297 -0.7497 -0.5034
vn -0.0255 -0.9033 0.4281
vn 0.5437 -0.1957 -0.8162
vn 0.8132 -0.4364 0.3851
vn 0.9564 0.2861 0.0587
vn 0.7707 0.1842 -0.6100
vn 0.9792 0.0239 0.2016
vn 0.8913 0.1236 -0.4363
vn 0.7945 0.0192 -0.6070
vn 0.6658 -0.6247 0.4081
vn 0.9070 0.1042 -0.4079
vn -0.3711 -0.8672 0.3319
vn 0.3278 -0.8757 -0.3546
vn 0.4782 -0.6808 -0.5549
vn -0.4611 -0.8403 0.2849
vn 0.0482 -0.9648 -0.2584
vn -0.6604 -0.7234 0.2015
vn 0.0585 -0.9222 -0.3822
vn -0.4840 -0.8280 0.2832
vn -0.6683 -0.7196 0.1883
vn -0.2544 -0.8917 0.3744
vn 0.4142 -0.9073 -0.0718
vn -0.0097 -0.9038 0.4279
vn 0.1544 -0.9775 -0.1436
vn 0.9323 -0.1675 0.3206
vn 0.9818 0.1385 0.1299
vn 0.2926 -0.2517 -0.9225
vn 0.7711 0.2375 -0.5907
vn 0.6004 -0.1348 -0.7882
vn 0.9550 -0.1353 0.2640
vn 0.4251 -0.7928 0.4368
vn 0.8661 -0.1998 -0.4581
vn 0.7325 -0.5023 -0.4595
vn -0.2311 -0.8971 0.3765
vn 0.4355 -0.8046 -0.4037
vn 0.5686 -0.6682 -0.4798
vn -0.2976 -0.8876 0.3515
vn 0.3133 -0.8574 -0.4083
vn -0.7394 -0.6588 0.1386
vn -0.5533 -0.7948 0.2492
vn -0.6818 -0.7055 0.1936
vn -0.0941 -0.9817 -0.1657
vn -0.4623 -0.8380 0.2899
vn 0.1295 -0.8869 -0.4435
vn -0.1788 -0.9019 0.3931
vn 0.3910 -0.9139 -0.1091
vn 0.0530 -0.8956 0.4417
vn 0.3632 -0.9207 0.1428
vn 0.2219 -0.8606 0.4583
vn 0.6585 -0.1954 -0.7268
vn 0.9689 -0.0613 0.2398
vn 0.9457 0.3217 0.0468
vn 0.7378 0.3073 -0.6010
vn 0.4128 -0.0501 -0.9094
vn 0.9824 0.0865 0.1655
vn 0.8714 0.0414 -0.4888
vn 0.3239 -0.8345 0.4457
vn 0.3297 -0.9425 -0.0543
vn -0.1470 -0.9070 0.3947
vn 0.5658 -0.5925 -0.5734
vn -0.2828 -0.8888 0.3607
vn -0.2312 -0.8970 0.3768
vn 0.5107 -0.7797 -0.3623
vn 0.5421 -0.5555 -0.6305
vn -0.0343 -0.9005 0.4335
vn 0.5897 -0.5757 -0.5665
vn 0.6449 -0.6695 -0.3687
vn 0.6638 -0.4002 -0.6318
vn 0.6514 -0.3900 -0.6508
vn 0.2815 -0.8400 0.4638
vn 0.2219 -0.8605 0.4586
vn 0.5981 -0.3235 -0.7333
vn 0.3046 -0.8319 0.4639
vn 0.3889 -0.7964 0.4633
vn 0.7297 -0.4184 -0.5408
vn 0.5383 -0.7102 0.4537
vn 0.7601 -0.3191 -0.5660
vn 0.7323 -0.5372 0.4184
vn 0.6989 -0.0474 -0.7137
vn 0.9195 0.3928 0.0165
vn 0.3977 0.1829 -0.8991
vn 0.1458 0.2588 -0.9549
vn -0.1110 -0.0076 -0.9938
vn 0.6245 0.7474 -0.2266
vn 0.6912 0.6972 -0.1902
vn 0.6057 0.7598 -0.2362
vn 0.1900 0.3686 -0.9100
vn -0.0139 0.2997 -0.9539
vn 0.5562 0.7886 -0.2621
vn 0.1657 0.4463 -0.8794
vn -0.0380 0.2624 -0.9642
vn 0.1044 0.4117 -0.9053
vn 0.5157 0.8091 -0.2817
vn -0.1298 -0.0932 -0.9871
vn 0.3273 0.8799 -0.3445
vn -0.2605 0.1817 -0.9482
vn 0.0655 0.9028 -0.4250
vn 0.1188 0.9031 -0.4127
vn -0.1852 0.3834 -0.9048
vn -0.2902 -0.1660 -0.9425
vn 0.2183 0.8940 -0.3912
vn 0.7842 -0.4799 0.3933
vn 0.3397 -0.0427 -0.9396
vn 0.9587 -0.1108 0.2618
vn 0.1870 0.8998 -0.3941
vn 0.1771 0.4946 -0.8509
vn -0.0224 0.6671 -0.7446
vn -0.3886 0.7948 -0.4662
vn -0.4847 0.0587 -0.8727
vn -0.4650 0.7491 -0.4718
vn -0.2018 0.0308 -0.9789
vn -0.3517 0.0499 -0.9348
vn -0.1248 0.8814 -0.4555
vn -0.0363 0.6824 -0.7301
vn 0.7575 0.1677 -0.6309
vn 0.1710 -0.9493 -0.2637
vn -0.0242 -0.9924 -0.1206
vn -0.0095 -0.9803 -0.1971
vn 0.0063 0.4352 -0.9003
vn 0.3356 0.8749 -0.3493
vn -0.0168 0.3207 -0.9470
vn 0.9016 -0.3932 -0.1805
vn 0.3728 0.6268 -0.6843
vn 0.9081 -0.2523 -0.3342
vn 0.6841 -0.3092 -0.6606
vn 0.3897 -0.0929 -0.9163
vn 0.9122 -0.2605 0.3163
vn 0.6404 0.7301 -0.2386
vn 0.3489 -0.9265 -0.1408
vn 0.5399 -0.7957 -0.2745
vn 0.8029 -0.5930 -0.0602
vn 0.8128 -0.5514 -0.1883
vn 0.0152 -0.9999 -0.0006
vn 0.6773 -0.7338 0.0525
vn -0.1456 -0.7179 -0.6807
vn -0.9346 -0.3532 -0.0429
vn -0.9447 -0.3239 -0.0515
vn 0.6793 0.3063 -0.6669
vn 0.1936 -0.1106 -0.9748
vn 0.9687 0.2264 0.1020
vn -0.4105 0.3230 -0.8528
vn -0.3480 0.2057 -0.9147
vn -0.1549 0.4828 -0.8619
vn 0.5807 -0.5294 -0.6185
vn -0.6040 -0.0312 -0.7964
vn -0.1804 -0.0105 -0.9835
vn 0.8007 0.5878 -0.1153
vn -0.0302 -0.9668 -0.2538
vn 0.0494 -0.9882 -0.1451
vn 0.4055 -0.8776 -0.2556
vn 0.7266 -0.4994 -0.4718
vn 0.0049 0.2183 -0.9759
vn -0.3647 0.3037 -0.8802
vn -0.1702 -0.0061 -0.9854
vn 0.6837 -0.7157 -0.1427
vn -0.1832 0.6447 -0.7421
vn -0.0280 0.8968 -0.4415
vn 0.5103 -0.8062 -0.2993
vn -0.1324 -0.9063 0.4014
vn 0.6084 -0.6607 -0.4396
vn -0.5288 -0.8399 -0.1226
vn -0.2795 -0.8369 -0.4706
vn -0.8218 -0.5641 0.0800
vn 0.3259 0.2964 -0.8977
vn 0.4080 0.8541 -0.3225
vn 0.5564 0.7883 -0.2629
vn -0.1930 0.4216 0.8860
vn -0.1930 0.4217 0.8860
vn -0.1861 0.4145 0.8908
vn -0.2205 -0.7472 -0.6270
vn 0.7162 -0.5442 -0.4369
vn 0.7070 -0.4285 -0.5627
vn 0.8068 -0.5907 -0.0128
vn 0.6000 -0.6634 0.4471
vn 0.7708 -0.6346 -0.0556
vn 0.3500 0.2801 -0.8939
vn 0.8275 -0.1191 -0.5486
vn 0.1647 0.9008 -0.4017
vn 0.9364 -0.3024 -0.1782
vn 0.8344 -0.1548 -0.5290
vn 0.1591 -0.8588 -0.4869
vn -0.1007 -0.2447 -0.9644
vn -0.1962 0.5682 -0.7992
vn -0.2606 -0.9422 -0.2106
vn 0.4506 -0.2743 -0.8496
vn -0.5893 -0.2658 -0.7629
vn 0.5197 -0.6810 -0.5158
vn -0.1396 -0.9070 0.3974
vn -0.2854 -0.9361 -0.2055
vn 0.2735 -0.9032 -0.3307
vn -0.2310 -0.8974 0.3758
vn -0.2300 0.0215 -0.9730
vn -0.1178 -0.7338 -0.6691
vn -0.0018 -0.9731 -0.2305
vn 0.2420 -0.9237 -0.2971
vn -0.2289 -0.9638 -0.1371
vn 0.2226 -0.9744 -0.0320
vn 0.1682 0.3532 -0.9203
vn 0.5685 -0.5962 -0.5669
vn 0.6110 -0.4863 -0.6247
vn 0.3440 0.5264 -0.7776
vn -0.1931 0.4216 0.8860
vn -0.1929 0.4217 0.8860
vn -0.1930 0.4218 0.8859
vn -0.1944 0.4116 0.8904
vn 0.8752 -0.1002 -0.4733
vn -0.2936 0.1548 -0.9433
vn -0.0480 0.4104 -0.9106
vn 0.3425 0.8758 -0.3401
vn -0.3714 0.5531 -0.7457
vn -0.4589 0.5349 -0.7094
vn -0.2092 -0.0261 -0.9775
vn -0.2826 0.4006 -0.8716
vn -0.2830 -0.8876 -0.3634
vn -0.0361 -0.9784 -0.2034
vn 0.0717 -0.9052 -0.4189
vn -0.2672 0.1979 -0.9431
vn -0.2639 -0.7492 -0.6075
vn 0.7906 0.1949 -0.5805
vn 0.7159 -0.4091 -0.5658
vn -0.7872 0.2856 -0.5466
vn -0.4637 -0.7521 -0.4683
vn -0.3823 -0.7463 -0.5448
vn 0.2606 -0.9373 -0.2314
vn 0.7775 -0.1577 -0.6088
vn 0.2560 -0.8516 0.4574
vn 0.7541 -0.6358 -0.1646
vn -0.5943 -0.7535 -0.2811
vn 0.1187 0.9033 -0.4124
vn -0.2073 0.3141 -0.9265
vn 0.2518 0.4345 -0.8647
vn -0.0469 -0.9983 0.0332
vn 0.5799 -0.8142 -0.0278
vn 0.7873 -0.6147 0.0479
vn 0.7154 -0.5531 -0.4269
vn -0.2232 0.1617 -0.9613
vn -0.6072 0.1846 -0.7728
vn -0.3502 0.1478 -0.9249
vn -0.2555 -0.5150 -0.8182
vn -0.5090 0.7248 -0.4644
vn 0.8314 0.0471 -0.5537
vn -0.4076 -0.7054 -0.5799
vn -0.2524 -0.8923 -0.3743
vn 0.2091 -0.9769 0.0449
vn 0.1955 -0.9678 -0.1587
vn 0.9491 -0.1415 -0.2814
vn -0.5093 0.4876 -0.7091
vn -0.0429 -0.0091 -0.9990
vn -0.2358 0.4493 -0.8617
vn -0.6656 -0.3449 -0.6619
vn -0.4697 -0.1824 -0.8638
vn -0.3599 -0.4400 -0.8227
vn 0.3987 -0.0192 -0.9169
vn -0.2409 -0.9561 -0.1671
vn 0.9098 -0.2969 -0.2901
vn -0.1464 0.5539 -0.8196
vn 0.2233 -0.9733 0.0535
vn -0.0085 -0.9822 -0.1879
vn 0.4754 -0.8102 -0.3429
vn 0.3254 -0.8648 -0.3823
vn 0.2675 -0.9604 -0.0784
vn -0.0316 -0.9582 -0.2844
vn 0.3848 -0.9199 0.0762
vn 0.6460 0.0248 -0.7630
vn 0.9648 -0.0825 0.2498
vn -0.2046 -0.0155 -0.9787
vn -0.1822 0.4209 0.8886
vn -0.1921 0.4212 0.8864
vn -0.1921 0.4211 0.8865
vn -0.1936 0.4207 0.8863
vn -0.1924 0.4213 0.8863
vn -0.1929 0.4216 0.8860
vn -0.1905 0.4223 0.8862
vn -0.1924 0.4200 0.8869
vn -0.1930 0.4215 0.8861
vn -0.1930 0.4215 0.8860
vn -0.1931 0.4214 0.8861
vn -0.1932 0.4219 0.8858
vn -0.1929 0.4220 0.8858
vn -0.1878 0.4417 0.8773
vn -0.1930 0.4217 0.8859
vn -0.1915 0.4237 0.8854
vn -0.1944 0.4219 0.8855
vn -0.1934 0.4220 0.8857
vn -0.1949 0.4222 0.8853
vn -0.1927 0.4216 0.8861
vn -0.1931 0.4217 0.8859
vn -0.1993 0.4278 0.8816
vn -0.1912 0.4342 0.8803
vn -0.1932 0.4200 0.8867
vn -0.1929 0.4215 0.8861
vn -0.1931 0.4225 0.8856
vn -0.1889 0.4214 0.8870
vn -0.1936 0.4208 0.8863
vn -0.1785 0.4310 0.8845
vn -0.1925 0.4225 0.8857
vn -0.1965 0.4178 0.8870
vn -0.1939 0.4213 0.8860
vn -0.1937 0.4216 0.8858
vn -0.1918 0.4203 0.8869
vn -0.1936 0.4212 0.8861
vn -0.1943 0.4223 0.8854
vn -0.1929 0.4218 0.8859
vn -0.1930 0.4219 0.8859
vn -0.1897 0.4207 0.8872
vn -0.1909 0.4219 0.8863
vn -0.1932 0.4216 0.8859
vn -0.1930 0.4212 0.8862
vn -0.1931 0.4219 0.8859
vn -0.1917 0.4235 0.8854
vn -0.1935 0.4225 0.8855
vn -0.2057 0.4237 0.8821
vn -0.1927 0.4191 0.8873
vn -0.1953 0.4172 0.8876
vn -0.1927 0.4217 0.8860
vn -0.1973 0.4142 0.8885
vn -0.1659 0.5687 0.8057
vn -0.1931 0.4215 0.8860
vn -0.1932 0.4210 0.8862
vn -0.1887 0.4276 0.8840
vn -0.1924 0.4253 0.8844
vn -0.1923 0.4217 0.8861
vn -0.1933 0.4212 0.8861
vn -0.1933 0.4217 0.8859
vn -0.1884 0.4275 0.8842
vn -0.1924 0.4246 0.8847
vn -0.1948 0.4172 0.8877
vn -0.1931 0.4202 0.8866
vn -0.1922 0.4224 0.8858
vn -0.1959 0.4177 0.8872
vn -0.2038 0.4196 0.8846
vn -0.1909 0.4221 0.8862
vn -0.2086 0.3443 0.9154
vn -0.1932 0.4215 0.8860
vn -0.1931 0.4232 0.8852
vn -0.1934 0.4237 0.8849
vn -0.1931 0.4218 0.8859
vn -0.1895 0.4118 0.8914
vn -0.1926 0.4254 0.8843
vn -0.1945 0.4199 0.8865
vn -0.1731 0.4150 0.8932
vn -0.1948 0.4145 0.8890
vn -0.1931 0.4213 0.8861
vn -0.1933 0.4216 0.8860
vn -0.2019 0.4189 0.8853
vn -0.1932 0.4212 0.8862
vn -0.1930 0.4222 0.8857
vn -0.1918 0.4249 0.8847
vn -0.1929 0.4203 0.8866
vn -0.1937 0.4238 0.8848
vn -0.1930 0.4189 0.8873
vn -0.1920 0.4226 0.8857
vn -0.1933 0.4184 0.8874
vn -0.1924 0.4207 0.8866
vn -0.1940 0.4262 0.8836
vn -0.1935 0.4240 0.8848
vn -0.1934 0.4207 0.8863
vn -0.1912 0.4274 0.8836
vn -0.1936 0.4196 0.8868
vn -0.1928 0.4221 0.8858
vn -0.1955 0.4386 0.8772
vn -0.1928 0.4259 0.8840
vn -0.1969 0.4237 0.8841
vn -0.1930 0.4214 0.8861
vn -0.1926 0.4221 0.8859
vn -0.1932 0.4209 0.8863
vn -0.1946 0.4237 0.8846
vn -0.1960 0.4257 0.8834
vn -0.1936 0.4250 0.8842
vn -0.1869 0.4271 0.8847
vt 0.497908 1.081010
vt 0.503789 1.090795
vt 0.495089 1.081396
vt 0.495089 1.092698
vt 0.645690 1.111400
vt 0.642099 1.127595
vt 0.632989 1.188689
vt 0.495089 1.260194
vt 0.630001 1.242890
vt 0.618409 1.269907
vt 0.607010 1.288897
vt 0.602503 1.424509
vt 0.495089 1.422701
vt 0.597610 1.579400
vt 0.383095 1.288897
vt 0.387699 1.424509
vt 0.373094 1.424292
vt 0.369599 1.303189
vt 0.366900 1.290392
vt 0.360200 1.280800
vt 0.371696 1.269907
vt 0.347692 1.271401
vt 0.344608 1.258796
vt 0.324002 1.261809
vt 0.331401 1.250988
vt 0.360104 1.242890
vt 0.357091 1.188689
vt 0.338004 1.221393
vt 0.335498 1.241107
vt 0.336197 1.189605
vt 0.328702 1.129692
vt 0.348006 1.127595
vt 0.324990 1.119088
vt 0.344391 1.111400
vt 0.319303 1.108508
vt 0.312603 1.100290
vt 0.332509 1.095109
vt 0.305903 1.094602
vt 0.474893 1.083396
vt 0.486292 1.090795
vt 0.492293 1.081010
vt 0.488509 1.079395
vt 0.485304 1.077491
vt 0.474194 1.068189
vt 0.484605 1.070406
vt 0.483111 1.061103
vt 0.468506 1.053295
vt 0.315712 1.083299
vt 0.284406 1.083806
vt 0.284309 1.095109
vt 0.267608 1.096506
vt 0.259992 1.086408
vt 0.246689 1.099591
vt 0.236591 1.090192
vt 0.226589 1.104001
vt 0.213696 1.096410
vt 0.209406 1.108990
vt 0.194392 1.104990
vt 0.182004 1.118510
vt 0.174798 1.116196
vt 0.169810 1.123691
vt 0.169111 1.114003
vt 0.165809 1.120799
vt 0.151397 1.131789
vt 0.157591 1.119401
vt 0.164604 1.109689
vt 0.181595 1.100194
vt 0.194898 1.087903
vt 0.217696 1.073201
vt 0.240110 1.062598
vt 0.288888 1.050089
vt 0.275103 1.051198
vt 0.245098 1.055705
vt 0.271199 1.047607
vt 0.342993 1.029990
vt 0.224107 1.063802
vt 0.205309 1.073997
vt 0.190994 1.083589
vt 0.175907 1.097205
vt 0.408401 1.021001
vt 0.401894 1.016590
vt 0.451010 1.006010
vt 0.451708 1.016807
vt 0.453492 1.025989
vt 0.429609 1.035292
vt 0.465397 1.039196
vt 0.457709 1.032689
vt 0.476604 1.047005
vt 0.479207 1.050089
vt 0.480605 1.053102
vt -0.496197 1.090795
vt -0.502101 1.081010
vt -0.498293 1.079395
vt -0.484797 1.083396
vt -0.495209 1.077491
vt -0.354295 1.111400
vt -0.484098 1.068189
vt -0.342293 1.095109
vt -0.334798 1.119088
vt -0.357910 1.127595
vt -0.329207 1.108508
vt -0.322411 1.100290
vt -0.315807 1.094602
vt -0.325496 1.083299
vt -0.478411 1.053295
vt -0.492991 1.061103
vt -0.494510 1.070406
vt -0.490509 1.053102
vt -0.489111 1.050089
vt -0.486508 1.047005
vt -0.475302 1.039196
vt -0.439393 1.035292
vt -0.467590 1.032689
vt -0.463396 1.025989
vt -0.418305 1.021001
vt -0.461589 1.016807
vt -0.460890 1.006010
vt -0.411702 1.016590
vt -0.352897 1.029990
vt -0.298793 1.050089
vt -0.294190 1.083806
vt -0.294190 1.095109
vt -0.269897 1.086408
vt -0.277392 1.096506
vt -0.256593 1.099591
vt -0.246496 1.090192
vt -0.236398 1.104001
vt -0.223504 1.096410
vt -0.219190 1.108990
vt -0.204296 1.104990
vt -0.191788 1.118510
vt -0.184703 1.116196
vt -0.179594 1.123691
vt -0.175689 1.120799
vt -0.161302 1.131789
vt -0.167495 1.119401
vt -0.178991 1.114003
vt -0.191499 1.100194
vt -0.204802 1.087903
vt -0.227601 1.073201
vt -0.249990 1.062598
vt -0.285008 1.051198
vt -0.281103 1.047607
vt -0.254906 1.055705
vt -0.233891 1.063802
vt -0.215093 1.073997
vt -0.200898 1.083589
vt -0.185811 1.097205
vt -0.174509 1.109689
vt -0.338510 1.129692
vt -0.366996 1.188689
vt -0.346101 1.189605
vt -0.347909 1.221393
vt -0.370009 1.242890
vt -0.345306 1.241107
vt -0.341305 1.250988
vt -0.354488 1.258796
vt -0.381601 1.269907
vt -0.333907 1.261809
vt -0.357597 1.271401
vt -0.370009 1.280800
vt -0.393000 1.288897
vt -0.376805 1.290392
vt -0.379504 1.303189
vt -0.397507 1.424509
vt -0.382999 1.424292
vt -0.493401 0.969595
vt -0.485810 0.984200
vt -0.494389 0.990201
vt -0.473205 0.974006
vt -0.453395 0.954991
vt -0.462698 0.941904
vt -0.425005 0.923805
vt -0.429102 0.903609
vt -0.395892 0.888402
vt -0.390711 0.852396
vt -0.369310 0.853601
vt -0.377190 0.825910
vt -0.398398 0.824296
vt -0.381697 0.801907
vt -0.402809 0.786410
vt -0.383794 0.781711
vt -0.397193 0.760093
vt -0.383601 0.763804
vt -0.370900 0.756912
vt -0.375696 0.764094
vt -0.368611 0.765395
vt -0.359911 0.758189
vt -0.359405 0.768504
vt -0.355307 0.764503
vt -0.351210 0.758406
vt -0.349692 0.753297
vt -0.359405 0.752694
vt -0.366610 0.743801
vt -0.389289 0.732209
vt -0.376202 0.728498
vt -0.380492 0.724401
vt -0.400110 0.721605
vt -0.383312 0.719508
vt -0.384396 0.710712
vt -0.404110 0.698108
vt -0.383697 0.699409
vt -0.379890 0.692709
vt -0.378106 0.698710
vt -0.371888 0.699096
vt -0.359405 0.693312
vt -0.353211 0.703506
vt -0.349692 0.696396
vt -0.348993 0.690998
vt -0.350994 0.686106
vt -0.363405 0.686202
vt -0.380107 0.674899
vt -0.396109 0.663596
vt -0.375190 0.666392
vt -0.356488 0.680611
vt -0.356006 0.741295
vt -0.351090 0.746910
vt -0.381408 0.659692
vt -0.384493 0.652607
vt -0.405701 0.648196
vt -0.385409 0.644388
vt -0.402592 0.636411
vt -0.384493 0.638195
vt -0.381312 0.632604
vt -0.374491 0.638002
vt -0.379697 0.607298
vt -0.394494 0.594405
vt -0.379600 0.592597
vt -0.402399 0.579390
vt -0.369406 0.605997
vt -0.385192 0.577101
vt -0.386589 0.556809
vt -0.397507 0.424499
vt -0.382999 0.424306
vt -0.355500 0.618794
vt -0.364899 0.622795
vt -0.363911 0.634291
vt -0.366803 0.638990
vt -0.353500 0.642605
vt -0.350704 0.636604
vt -0.349596 0.630290
vt -0.350994 0.624699
vt 0.506608 0.969595
vt 0.505596 0.990201
vt 0.499788 0.992707
vt 0.495089 0.974994
vt 0.495089 0.993502
vt 0.490293 0.992707
vt 0.484605 0.990201
vt 0.483593 0.969595
vt 0.475905 0.984200
vt 0.463397 0.974006
vt 0.443490 0.954991
vt 0.452889 0.941904
vt 0.495089 0.848998
vt 0.537312 0.941904
vt 0.570907 0.903609
vt 0.609299 0.852396
vt 0.601611 0.824296
vt 0.597201 0.786410
vt 0.495089 0.743488
vt 0.602792 0.760093
vt 0.610697 0.732209
vt 0.599900 0.721605
vt 0.595899 0.698108
vt 0.495089 0.608407
vt 0.603901 0.663596
vt 0.594309 0.648196
vt 0.597394 0.636411
vt 0.605491 0.594405
vt 0.597610 0.579390
vt 0.495089 0.422692
vt 0.392591 0.579390
vt 0.387699 0.424499
vt 0.376709 0.556809
vt 0.373094 0.424306
vt 0.375311 0.577101
vt 0.369696 0.592597
vt 0.384590 0.594405
vt 0.369792 0.607298
vt 0.359501 0.605997
vt 0.345596 0.618794
vt 0.392711 0.636411
vt 0.371407 0.632604
vt 0.354995 0.622795
vt 0.341089 0.624699
vt 0.339691 0.630290
vt 0.354103 0.634291
vt 0.340800 0.636604
vt 0.343595 0.642605
vt 0.356899 0.638990
vt 0.364611 0.638002
vt 0.374588 0.638195
vt 0.375504 0.644388
vt 0.395893 0.648196
vt 0.374588 0.652607
vt 0.386204 0.663596
vt 0.371503 0.659692
vt 0.365310 0.666392
vt 0.370298 0.674899
vt 0.346608 0.680611
vt 0.394206 0.698108
vt 0.390205 0.721605
vt 0.374492 0.710712
vt 0.373793 0.699409
vt 0.370009 0.692709
vt 0.353501 0.686202
vt 0.341209 0.686106
vt 0.349500 0.693312
vt 0.339209 0.690998
vt 0.339812 0.696396
vt 0.343306 0.703506
vt 0.362104 0.699096
vt 0.368298 0.698710
vt 0.373407 0.719508
vt 0.370612 0.724401
vt 0.379408 0.732209
vt 0.366298 0.728498
vt 0.356802 0.743801
vt 0.346102 0.741295
vt 0.341209 0.746910
vt 0.349500 0.752694
vt 0.339812 0.753297
vt 0.360996 0.756912
vt 0.350102 0.758189
vt 0.341306 0.758406
vt 0.345403 0.764503
vt 0.349596 0.768504
vt 0.358706 0.765395
vt 0.365912 0.764094
vt 0.373696 0.763804
vt 0.387409 0.760093
vt 0.392904 0.786410
vt 0.373889 0.781711
vt 0.371792 0.801907
vt 0.388494 0.824296
vt 0.367310 0.825910
vt 0.380806 0.852396
vt 0.359405 0.853601
vt 0.386012 0.888402
vt 0.419197 0.903609
vt 0.415197 0.923805
vt 0.492293 0.081000
vt 0.495010 0.081494
vt 0.495089 0.081410
vt 0.488509 0.079410
vt 0.485212 0.077558
vt 0.488389 0.079445
vt 0.484605 0.070396
vt 0.485201 0.077419
vt 0.485304 0.077506
vt 0.483028 0.061160
vt 0.484508 0.070376
vt 0.483111 0.061094
vt 0.482965 0.061016
vt 0.480605 0.053093
vt 0.479100 0.050136
vt 0.479207 0.050104
vt 0.465428 0.039352
vt 0.476604 0.046995
vt 0.465397 0.039211
vt 0.465085 0.039177
vt 0.305903 0.094593
vt 0.305989 0.094494
vt 0.305715 0.094499
vt 0.453492 0.026004
vt 0.453079 0.025958
vt 0.453283 0.026085
vt 0.457709 0.032704
vt 0.343593 0.029922
vt 0.401894 0.016605
vt 0.342993 0.030005
vt 0.342518 0.030181
vt 0.271199 0.047598
vt 0.271234 0.047630
vt 0.271354 0.047620
vt 0.245367 0.055655
vt 0.224248 0.063782
vt 0.245098 0.055695
vt 0.224107 0.063793
vt 0.224051 0.063875
vt 0.284309 0.095099
vt 0.284310 0.095000
vt 0.267608 0.096497
vt 0.246805 0.099490
vt 0.246689 0.099606
vt 0.205309 0.074011
vt 0.205218 0.074133
vt 0.205418 0.074004
vt 0.190994 0.083603
vt 0.164752 0.109621
vt 0.175907 0.097196
vt 0.164604 0.109704
vt 0.226676 0.103872
vt 0.226589 0.103992
vt 0.157691 0.119345
vt 0.164643 0.109741
vt 0.157591 0.119392
vt 0.157663 0.119404
vt 0.151523 0.131707
vt 0.151397 0.131803
vt 0.209276 0.108970
vt 0.196992 0.113227
vt 0.182004 0.118500
vt 0.312603 0.100305
vt 0.306136 0.094597
vt 0.319418 0.108381
vt 0.319303 0.108499
vt 0.324990 0.119103
vt 0.319523 0.108524
vt 0.325195 0.119179
vt 0.325161 0.119035
vt 0.336197 0.189595
vt 0.328949 0.130221
vt 0.328702 0.129707
vt 0.338171 0.221122
vt 0.338004 0.221408
vt 0.338198 0.221596
vt 0.331652 0.250932
vt 0.335498 0.241097
vt 0.331401 0.251002
vt 0.331520 0.251073
vt 0.347665 0.271278
vt 0.324002 0.261799
vt 0.347692 0.271391
vt 0.497908 0.081000
vt 0.501711 0.079511
vt 0.501692 0.079410
vt 0.504893 0.077558
vt 0.504801 0.077506
vt 0.501811 0.079445
vt 0.665005 0.119179
vt 0.661500 0.129707
vt 0.665211 0.119103
vt 0.670581 0.108524
vt 0.670802 0.108499
vt 0.670688 0.108381
vt 0.507140 0.061016
vt 0.509501 0.053093
vt 0.506994 0.061094
vt 0.510898 0.050104
vt 0.513582 0.047058
vt 0.513501 0.046995
vt 0.705796 0.095099
vt 0.684391 0.094499
vt 0.684202 0.094593
vt 0.532396 0.032704
vt 0.536798 0.026085
vt 0.536589 0.026004
vt 0.538396 0.016798
vt 0.539486 0.006138
vt 0.539095 0.006001
vt 0.588308 0.016605
vt 0.745103 0.055695
vt 0.744833 0.055655
vt 0.745146 0.055756
vt 0.722594 0.096497
vt 0.706008 0.095023
vt 0.763612 0.103992
vt 0.780758 0.108895
vt 0.763724 0.103926
vt 0.780795 0.109005
vt 0.780925 0.108970
vt 0.808089 0.118383
vt 0.808197 0.118500
vt 0.808259 0.118480
vt 0.820347 0.123640
vt 0.820392 0.123706
vt 0.820426 0.123680
vt 0.838582 0.131707
vt 0.838708 0.131803
vt 0.825501 0.109704
vt 0.832390 0.119345
vt 0.832490 0.119392
vt 0.825353 0.109621
vt 0.825462 0.109741
vt 0.799111 0.083603
vt 0.814031 0.097114
vt 0.814198 0.097196
vt 0.784983 0.074133
vt 0.784892 0.074011
vt 0.360200 0.280790
vt 0.360408 0.280864
vt 0.360301 0.280695
vt 0.366900 0.290406
vt 0.369722 0.303073
vt 0.367047 0.290393
vt 0.369599 0.303203
vt 0.369765 0.304315
vt 0.370777 0.339372
vt 0.376810 0.555596
vt 0.373228 0.424308
vt 0.376849 0.557008
vt 0.369898 0.592481
vt 0.375464 0.577121
vt 0.369829 0.592613
vt 0.369697 0.592727
vt 0.345810 0.618692
vt 0.359593 0.606008
vt 0.341210 0.624682
vt 0.345678 0.618829
vt 0.339825 0.630224
vt 0.343690 0.642531
vt 0.364517 0.637969
vt 0.364670 0.637955
vt 0.374749 0.638179
vt 0.374560 0.638146
vt 0.374773 0.652568
vt 0.375681 0.644421
vt 0.365493 0.666367
vt 0.371632 0.659726
vt 0.346816 0.680561
vt 0.365353 0.666467
vt 0.346671 0.680662
vt 0.341283 0.686169
vt 0.343361 0.703416
vt 0.362173 0.699040
vt 0.361993 0.699044
vt 0.373760 0.699351
vt 0.374667 0.710600
vt 0.374631 0.710808
vt 0.370785 0.724376
vt 0.373556 0.719527
vt 0.370690 0.724471
vt 0.620409 0.592597
vt 0.620276 0.592613
vt 0.620408 0.592727
vt 0.614794 0.577101
vt 0.620207 0.592480
vt 0.613256 0.557008
vt 0.613396 0.556809
vt 0.617011 0.424306
vt 0.613296 0.555595
vt 0.620341 0.304315
vt 0.616878 0.424308
vt 0.620506 0.303203
vt 0.620383 0.303073
vt 0.651907 0.221596
vt 0.654704 0.241097
vt 0.652101 0.221408
vt 0.658704 0.251002
vt 0.665918 0.261772
vt 0.666103 0.261799
vt 0.642388 0.271391
vt 0.642416 0.271278
vt 0.642179 0.271378
vt 0.629900 0.280695
vt 0.630001 0.280790
vt 0.629792 0.280864
vt 0.623205 0.290406
vt 0.630603 0.605997
vt 0.644295 0.618693
vt 0.644509 0.618794
vt 0.648992 0.624699
vt 0.650256 0.630224
vt 0.650390 0.630290
vt 0.650262 0.630326
vt 0.649305 0.636604
vt 0.646416 0.642530
vt 0.646510 0.642605
vt 0.633206 0.638990
vt 0.633232 0.638948
vt 0.625494 0.638002
vt 0.625589 0.637969
vt 0.625435 0.637955
vt 0.615493 0.638195
vt 0.615521 0.638146
vt 0.615493 0.652607
vt 0.615309 0.652568
vt 0.615391 0.652703
vt 0.618602 0.659692
vt 0.624612 0.666367
vt 0.624795 0.666392
vt 0.643434 0.680662
vt 0.648992 0.686106
vt 0.643497 0.680611
vt 0.650992 0.690998
vt 0.650208 0.696369
vt 0.650293 0.696396
vt 0.648250 0.700352
vt 0.646799 0.703506
vt 0.628097 0.699096
vt 0.646744 0.703416
vt 0.628208 0.699044
vt 0.628028 0.699040
vt 0.621903 0.698710
vt 0.616288 0.699409
vt 0.616321 0.699351
vt 0.616107 0.699397
vt 0.615589 0.710712
vt 0.615414 0.710600
vt 0.615450 0.710808
vt 0.616698 0.719508
vt 0.619414 0.724471
vt 0.623807 0.728498
vt 0.619493 0.724401
vt 0.644003 0.741295
vt 0.648757 0.746882
vt 0.648896 0.746910
vt 0.648823 0.746960
vt 0.650293 0.753297
vt 0.650203 0.753340
vt 0.648799 0.758406
vt 0.644661 0.764447
vt 0.644702 0.764503
vt 0.640601 0.768413
vt 0.640605 0.768504
vt 0.631399 0.765395
vt 0.631476 0.765331
vt 0.631379 0.765321
vt 0.624289 0.764094
vt 0.616519 0.763745
vt 0.616409 0.763804
vt 0.616071 0.781516
vt 0.616192 0.781711
vt 0.618142 0.802103
vt 0.622795 0.825910
vt 0.618288 0.801907
vt 0.622609 0.825896
vt 0.622676 0.826145
vt 0.630700 0.853601
vt 0.630511 0.853591
vt 0.604093 0.888402
vt 0.604139 0.888083
vt 0.603804 0.888535
vt 0.574676 0.923963
vt 0.546591 0.954991
vt 0.575005 0.923805
vt 0.546242 0.955118
vt 0.526804 0.974006
vt 0.514200 0.984200
vt 0.505605 0.990021
vt 0.499848 0.992505
vt 0.499747 0.992553
vt 0.495089 0.993341
vt 0.490335 0.992553
vt 0.475972 0.984072
vt 0.443840 0.955118
vt 0.443572 0.954876
vt 0.415526 0.923963
vt 0.415232 0.923629
vt 0.386301 0.888535
vt 0.385965 0.888083
vt 0.367429 0.826145
vt 0.371939 0.802103
vt 0.371978 0.801770
vt 0.349601 0.768413
vt 0.339903 0.753340
vt 0.339896 0.753291
vt 0.366213 0.728635
vt 0.341349 0.746882
vt 0.346198 0.741317
vt 0.341282 0.746961
vt 0.284097 0.095023
vt 0.650209 0.753291
vt 0.648871 0.624682
vt 0.644427 0.618829
vt 0.339820 0.630326
vt 0.340919 0.636583
vt 0.226477 0.103926
vt 0.373974 0.699397
vt 0.358726 0.765321
vt 0.358630 0.765331
vt 0.373586 0.763745
vt 0.618103 0.801770
vt 0.616024 0.781752
vt 0.182112 0.118383
vt 0.181941 0.118480
vt 0.614448 0.644318
vt 0.615332 0.638179
vt 0.647586 0.030181
vt 0.718906 0.047598
vt 0.647112 0.030005
vt 0.743480 0.099524
vt 0.743276 0.099490
vt 0.743392 0.099606
vt 0.511005 0.050136
vt 0.509621 0.053095
vt 0.328874 0.129688
vt 0.665039 0.119035
vt 0.524677 0.039352
vt 0.490234 0.992506
vt 0.624752 0.666467
vt 0.619320 0.724376
vt 0.616549 0.719527
vt 0.546510 0.954876
vt 0.463573 0.973967
vt 0.335713 0.241113
vt 0.484596 0.990021
vt 0.209443 0.108895
vt 0.209406 0.109005
vt 0.374690 0.652703
vt 0.651934 0.221122
vt 0.653908 0.189595
vt 0.653726 0.189588
vt 0.765952 0.063782
vt 0.766150 0.063875
vt 0.766094 0.063793
vt 0.345445 0.764448
vt 0.615921 0.657722
vt 0.640296 0.681217
vt 0.637898 0.690091
vt 0.495089 0.081512
vt 0.514134 0.984072
vt 0.526628 0.973967
vt 0.169853 0.123640
vt 0.169810 0.123706
vt 0.169775 0.123680
vt 0.763524 0.103872
vt 0.246601 0.099524
vt 0.684117 0.094494
vt 0.683970 0.094597
vt 0.488490 0.079512
vt 0.375657 0.644318
vt 0.181039 0.092641
vt 0.643289 0.680561
vt 0.450619 0.006138
vt 0.401953 0.016645
vt 0.614425 0.644421
vt 0.614601 0.644388
vt 0.658453 0.250932
vt 0.658585 0.251073
vt 0.451708 0.016798
vt 0.451010 0.006001
vt 0.374011 0.781516
vt 0.537003 0.025958
vt 0.648878 0.686107
vt 0.648918 0.686169
vt 0.814149 0.097222
vt 0.654487 0.241113
vt 0.373820 0.763771
vt 0.661327 0.129688
vt 0.661251 0.130221
vt 0.347902 0.271378
vt 0.614162 0.809836
vt 0.394061 0.868784
vt 0.382724 0.750470
vt 0.181796 0.137135
vt 0.188361 0.127809
vt 0.203517 0.111614
vt 0.365869 0.764031
vt 0.504904 0.077419
vt 0.339897 0.696369
vt 0.175956 0.097222
vt 0.176073 0.097114
vt 0.324188 0.261772
vt 0.507077 0.061160
vt 0.784783 0.074004
vt 0.623690 0.728531
vt 0.623893 0.728635
vt 0.374057 0.781752
vt 0.495166 0.081494
vt 0.705796 0.095000
vt 0.451311 0.016836
vt 0.245054 0.055756
vt 0.646513 0.029922
vt 0.588247 0.016645
vt 0.476523 0.047058
vt 0.621888 0.698658
vt 0.677599 0.100305
vt 0.677424 0.100259
vt 0.718871 0.047630
vt 0.505500 0.070396
vt 0.505597 0.070376
vt 0.341384 0.758404
vt 0.832418 0.119404
vt 0.623058 0.290393
vt 0.616286 0.763771
vt 0.574969 0.923629
vt 0.341322 0.686107
vt 0.366415 0.728531
vt 0.367495 0.825896
vt 0.525021 0.039177
vt 0.524708 0.039211
vt 0.368313 0.698658
vt 0.718751 0.047620
vt 0.492239 0.081088
vt 0.480484 0.053095
vt 0.457464 0.032726
vt 0.267541 0.096409
vt 0.191028 0.083641
vt 0.312777 0.100259
vt 0.336379 0.189588
vt 0.497961 0.081088
vt 0.532642 0.032726
vt 0.538793 0.016836
vt 0.722659 0.096409
vt 0.799077 0.083641
vt 0.356874 0.638948
vt 0.339300 0.691019
vt 0.614642 0.577121
vt 0.630512 0.606008
vt 0.649187 0.636583
vt 0.618473 0.659726
vt 0.650900 0.691018
vt 0.643908 0.741317
vt 0.648722 0.758404
vt 0.624331 0.764031
vt 0.359594 0.853591
vt 0.218257 0.131243
vt 0.212805 0.103052
vt 0.225938 0.094028
vt 0.226124 0.093905
vt 0.243442 0.084292
vt 0.243625 0.084203
vt 0.262937 0.076585
vt 0.263228 0.076489
vt 0.287300 0.068807
vt 0.287412 0.068797
vt 0.353591 0.052155
vt 0.354590 0.051908
vt 0.408838 0.039292
vt 0.454077 0.029356
vt 0.454785 0.039521
vt 0.229825 0.127090
vt 0.229670 0.127162
vt 0.456394 0.048182
vt 0.456584 0.048303
vt 0.460511 0.054647
vt 0.467593 0.060794
vt 0.467913 0.060961
vt 0.478200 0.068276
vt 0.480579 0.071150
vt 0.245727 0.122414
vt 0.481865 0.074056
vt 0.484244 0.081534
vt 0.484303 0.081671
vt 0.485654 0.090461
vt 0.486298 0.097128
vt 0.486308 0.097260
vt 0.489204 0.099091
vt 0.489299 0.099155
vt 0.492838 0.100626
vt 0.495413 0.100985
vt 0.495486 0.101002
vt 0.495557 0.100985
vt 0.498068 0.100626
vt 0.501608 0.099155
vt 0.501702 0.099091
vt 0.504599 0.097260
vt 0.504609 0.097128
vt 0.505253 0.090461
vt 0.506604 0.081671
vt 0.506662 0.081534
vt 0.509041 0.074056
vt 0.510327 0.071149
vt 0.512706 0.068276
vt 0.522994 0.060961
vt 0.523314 0.060794
vt 0.530460 0.054647
vt 0.534323 0.048303
vt 0.534513 0.048182
vt 0.536122 0.039521
vt 0.536830 0.029356
vt 0.582068 0.039292
vt 0.636317 0.051908
vt 0.637315 0.052154
vt 0.703495 0.068797
vt 0.703607 0.068807
vt 0.727679 0.076489
vt 0.727969 0.076585
vt 0.747281 0.084203
vt 0.747465 0.084292
vt 0.764782 0.093905
vt 0.764969 0.094028
vt 0.778101 0.103052
vt 0.792007 0.115869
vt 0.792115 0.115972
vt 0.802545 0.127809
vt 0.802646 0.127923
vt 0.809085 0.137079
vt 0.809111 0.137135
vt 0.814904 0.148874
vt 0.797973 0.141190
vt 0.797900 0.141151
vt 0.786634 0.136279
vt 0.786475 0.136187
vt 0.761237 0.127162
vt 0.761082 0.127090
vt 0.745180 0.122414
vt 0.744994 0.122364
vt 0.726452 0.118243
vt 0.726263 0.118211
vt 0.707013 0.115236
vt 0.691626 0.113863
vt 0.691429 0.113841
vt 0.671471 0.113416
vt 0.671217 0.113411
vt 0.671080 0.113510
vt 0.664964 0.118872
vt 0.658783 0.126687
vt 0.658685 0.126823
vt 0.653471 0.136795
vt 0.653439 0.136932
vt 0.650028 0.146870
vt 0.649957 0.147378
vt 0.643004 0.203914
vt 0.641330 0.233898
vt 0.641306 0.234349
vt 0.643623 0.252953
vt 0.245912 0.122364
vt 0.264454 0.118244
vt 0.647422 0.262272
vt 0.647545 0.262407
vt 0.654303 0.272671
vt 0.632484 0.281693
vt 0.264644 0.118212
vt 0.299478 0.113841
vt 0.299280 0.113863
vt 0.283893 0.115236
vt 0.632263 0.281788
vt 0.319436 0.113416
vt 0.620804 0.290650
vt 0.620704 0.290810
vt 0.614461 0.299897
vt 0.319690 0.113411
vt 0.319827 0.113510
vt 0.612016 0.311959
vt 0.611975 0.313141
vt 0.325943 0.118872
vt 0.332123 0.126687
vt 0.608694 0.427305
vt 0.605347 0.552320
vt 0.605310 0.553665
vt 0.332221 0.126823
vt 0.340879 0.146870
vt 0.337532 0.136932
vt 0.337500 0.136795
vt 0.606598 0.572792
vt 0.611812 0.587406
vt 0.340950 0.147378
vt 0.349601 0.234349
vt 0.349576 0.233898
vt 0.347967 0.203914
vt 0.611876 0.587533
vt 0.611999 0.587641
vt 0.621398 0.600229
vt 0.634208 0.612326
vt 0.634330 0.612455
vt 0.347284 0.252954
vt 0.638451 0.618046
vt 0.336604 0.272671
vt 0.343427 0.262407
vt 0.343550 0.262272
vt 0.639738 0.623343
vt 0.639743 0.623440
vt 0.638777 0.629423
vt 0.636202 0.635045
vt 0.623909 0.631678
vt 0.616829 0.630697
vt 0.358423 0.281693
vt 0.358643 0.281788
vt 0.616686 0.630684
vt 0.607480 0.630880
vt 0.376446 0.299897
vt 0.370203 0.290810
vt 0.370103 0.290650
vt 0.607304 0.630912
vt 0.606467 0.636764
vt 0.606445 0.636862
vt 0.378891 0.311959
vt 0.607282 0.644612
vt 0.607359 0.644741
vt 0.610191 0.651411
vt 0.378931 0.313141
vt 0.639717 0.686284
vt 0.638458 0.676515
vt 0.638494 0.676574
vt 0.633303 0.671254
vt 0.633438 0.671351
vt 0.616051 0.657816
vt 0.379890 0.346495
vt 0.636498 0.693020
vt 0.619182 0.688835
vt 0.619015 0.688831
vt 0.613349 0.688504
vt 0.385596 0.553665
vt 0.385559 0.552321
vt 0.382213 0.427305
vt 0.608263 0.689157
vt 0.384309 0.572792
vt 0.608064 0.689202
vt 0.379095 0.587406
vt 0.607420 0.699762
vt 0.607454 0.699961
vt 0.608419 0.708265
vt 0.369509 0.600228
vt 0.378907 0.587641
vt 0.379031 0.587533
vt 0.356576 0.612455
vt 0.356699 0.612325
vt 0.610994 0.712907
vt 0.352456 0.618046
vt 0.351164 0.623440
vt 0.351168 0.623343
vt 0.354704 0.635046
vt 0.352130 0.629423
vt 0.366998 0.631678
vt 0.611082 0.712997
vt 0.615073 0.716887
vt 0.615261 0.716986
vt 0.633863 0.729082
vt 0.374078 0.630698
vt 0.638368 0.734345
vt 0.638431 0.734419
vt 0.639719 0.740501
vt 0.639713 0.740548
vt 0.638361 0.745289
vt 0.634563 0.751076
vt 0.630765 0.754868
vt 0.622268 0.751893
vt 0.622178 0.751883
vt 0.615611 0.750706
vt 0.374221 0.630684
vt 0.383427 0.630880
vt 0.608401 0.750444
vt 0.608183 0.750470
vt 0.607990 0.767305
vt 0.607947 0.767529
vt 0.383603 0.630912
vt 0.384462 0.636862
vt 0.384439 0.636764
vt 0.380716 0.651411
vt 0.383548 0.644741
vt 0.383625 0.644612
vt 0.357603 0.671254
vt 0.374856 0.657816
vt 0.374986 0.657722
vt 0.352449 0.676515
vt 0.357469 0.671351
vt 0.350610 0.681217
vt 0.352413 0.676574
vt 0.354408 0.693020
vt 0.351190 0.686285
vt 0.377558 0.688504
vt 0.371892 0.688831
vt 0.371724 0.688835
vt 0.382644 0.689158
vt 0.382843 0.689202
vt 0.382487 0.708265
vt 0.383453 0.699961
vt 0.383487 0.699762
vt 0.609879 0.786558
vt 0.609915 0.786875
vt 0.379913 0.712908
vt 0.614100 0.809599
vt 0.379825 0.712997
vt 0.621372 0.835893
vt 0.596846 0.868784
vt 0.357044 0.729082
vt 0.375645 0.716987
vt 0.375834 0.716887
vt 0.596533 0.869213
vt 0.569687 0.902598
vt 0.569413 0.902916
vt 0.543275 0.932345
vt 0.543027 0.932575
vt 0.524743 0.950494
vt 0.513219 0.960107
vt 0.505236 0.965797
vt 0.499892 0.968184
vt 0.499799 0.968228
vt 0.495486 0.968916
vt 0.491108 0.968229
vt 0.491015 0.968184
vt 0.485671 0.965797
vt 0.477688 0.960107
vt 0.466164 0.950494
vt 0.447880 0.932575
vt 0.447631 0.932345
vt 0.421493 0.902916
vt 0.421220 0.902598
vt 0.394374 0.869213
vt 0.369535 0.835893
vt 0.376745 0.809836
vt 0.352476 0.734419
vt 0.352539 0.734345
vt 0.351194 0.740548
vt 0.351188 0.740501
vt 0.356344 0.751076
vt 0.352546 0.745289
vt 0.368639 0.751893
vt 0.360142 0.754869
vt 0.375295 0.750706
vt 0.368728 0.751883
vt 0.376807 0.809600
vt 0.380992 0.786875
vt 0.382506 0.750444
vt 0.381028 0.786558
vt 0.382959 0.767529
vt 0.382917 0.767305
vt 0.204432 0.136187
vt 0.204273 0.136279
vt 0.193071 0.141151
vt 0.192997 0.141190
vt 0.176002 0.148874
vt 0.181822 0.137079
vt 0.188260 0.127923
vt 0.198791 0.115972
vt 0.198900 0.115869
s 1
usemtl models_monsters_darklord_mech_darklord_mech_sword_effect
f 657/554/481 658/555/482 655/556/483
f 658/555/482 659/557/484 655/556/483
f 659/557/484 658/555/482 1074/558/485
f 1076/559/486 659/557/484 1074/558/485
f 659/557/484 1076/559/486 1075/560/487
f 857/561/488 659/557/484 1075/560/487
f 857/561/488 1075/560/487 1077/562/489
f 857/561/488 1077/562/489 1078/563/490
f 860/564/491 857/561/488 1078/563/490
f 859/565/492 858/566/488 860/564/491
f 858/566/488 857/561/488 860/564/491
f 859/565/492 1082/567/493 858/566/488
f 857/561/488 858/566/488 847/568/494
f 858/566/488 845/569/495 847/568/494
f 844/570/496 846/571/496 845/569/495
f 846/571/496 847/568/494 845/569/495
f 847/568/494 846/571/496 854/572/497
f 862/573/498 847/568/494 854/572/497
f 847/568/494 862/573/498 861/574/499
f 857/561/488 847/568/494 861/574/499
f 862/573/498 866/575/500 861/574/499
f 828/576/501 866/575/500 833/577/502
f 866/575/500 828/576/501 861/574/499
f 833/577/502 829/578/503 828/576/501
f 861/574/499 828/576/501 812/579/504
f 828/576/501 829/578/503 812/579/504
f 812/579/504 857/561/488 861/574/499
f 659/557/484 857/561/488 813/580/505
f 813/580/505 857/561/488 812/579/504
f 812/579/504 814/581/506 813/580/505
f 812/579/504 829/578/503 819/582/507
f 814/581/506 812/579/504 819/582/507
f 825/583/508 813/580/505 814/581/506
f 813/580/505 825/583/508 822/584/509
f 797/585/510 813/580/505 822/584/509
f 797/585/510 659/557/484 813/580/505
f 822/584/509 799/586/511 797/585/510
f 659/557/484 797/585/510 798/587/512
f 797/585/510 799/586/511 798/587/512
f 806/588/513 798/587/512 799/586/511
f 805/589/514 804/590/515 806/588/513
f 806/588/513 804/590/515 798/587/512
f 805/589/514 761/591/516 804/590/515
f 804/590/515 663/592/517 798/587/512
f 654/593/518 659/557/484 798/587/512
f 663/592/517 654/593/518 798/587/512
f 659/557/484 654/593/518 655/556/483
f 654/593/518 656/594/519 655/556/483
f 656/594/519 654/593/518 664/595/520
f 664/595/520 654/593/518 663/592/517
f 662/596/521 664/595/520 663/592/517
f 663/592/517 672/597/522 662/596/521
f 804/590/515 672/597/522 663/592/517
f 672/597/522 673/598/523 662/596/521
f 672/597/522 677/599/524 673/598/523
f 680/600/525 677/599/524 672/597/522
f 672/597/522 804/590/515 680/600/525
f 759/601/526 804/590/515 761/591/516
f 804/590/515 759/601/526 680/600/525
f 761/591/516 760/602/527 759/601/526
f 761/591/516 762/603/528 760/602/527
f 769/604/529 770/605/530 762/603/528
f 770/605/530 760/602/527 762/603/528
f 769/604/529 775/606/531 770/605/530
f 774/607/532 770/605/530 775/606/531
f 774/607/532 775/606/531 780/608/533
f 779/609/534 774/607/532 780/608/533
f 779/609/534 780/608/533 785/610/535
f 784/611/536 779/609/534 785/610/535
f 784/611/536 785/610/535 790/612/537
f 789/613/538 784/611/536 790/612/537
f 790/612/537 794/614/539 789/613/538
f 784/611/536 789/613/538 749/615/540
f 794/614/539 751/616/541 789/613/538
f 751/616/541 749/615/540 789/613/538
f 794/614/539 756/617/542 751/616/541
f 751/616/541 752/618/543 749/615/540
f 751/616/541 756/617/542 752/618/543
f 752/618/543 740/619/544 749/615/540
f 740/619/544 738/620/545 749/615/540
f 738/620/545 784/611/536 749/615/540
f 779/609/534 784/611/536 738/620/545
f 726/621/546 779/609/534 738/620/545
f 774/607/532 779/609/534 726/621/546
f 727/622/547 774/607/532 726/621/546
f 774/607/532 727/622/547 770/605/530
f 727/622/547 733/623/548 770/605/530
f 770/605/530 733/623/548 760/602/527
f 759/601/526 760/602/527 715/624/549
f 733/623/548 721/625/550 760/602/527
f 760/602/527 721/625/550 715/624/549
f 733/623/548 723/626/551 721/625/550
f 721/625/550 714/627/552 715/624/549
f 721/625/550 723/626/551 714/627/552
f 714/627/552 713/628/553 715/624/549
f 723/626/551 733/623/548 734/629/554
f 727/622/547 734/629/554 733/623/548
f 726/621/546 728/630/555 727/622/547
f 734/629/554 727/622/547 728/630/555
f 726/621/546 746/631/556 728/630/555
f 746/631/556 726/621/546 739/632/557
f 726/621/546 738/620/545 739/632/557
f 738/620/545 740/619/544 739/632/557
f 715/624/549 713/628/553 702/633/558
f 702/633/558 713/628/553 710/634/559
f 705/635/560 702/633/558 710/634/559
f 704/636/523 702/633/558 705/635/560
f 692/637/561 702/633/558 704/636/523
f 702/633/558 692/637/561 693/638/562
f 702/633/558 693/638/562 715/624/549
f 693/638/562 759/601/526 715/624/549
f 759/601/526 693/638/562 680/600/525
f 693/638/562 699/639/563 680/600/525
f 692/637/561 691/640/564 693/638/562
f 693/638/562 691/640/564 699/639/563
f 680/600/525 699/639/563 686/641/565
f 685/642/566 680/600/525 686/641/565
f 680/600/525 685/642/566 682/643/524
f 677/599/524 680/600/525 682/643/524
f 665/644/482 671/645/567 667/646/568
f 665/644/482 667/646/568 666/647/569
f 667/646/568 668/648/570 666/647/569
f 665/644/482 666/647/569 801/649/485
f 668/648/570 675/650/571 666/647/569
f 666/647/569 809/651/572 801/649/485
f 675/650/571 809/651/572 666/647/569
f 801/649/485 800/652/573 802/653/574
f 809/651/572 807/654/575 801/649/485
f 801/649/485 807/654/575 800/652/573
f 809/651/572 808/655/576 807/654/575
f 808/655/576 809/651/572 765/656/577
f 809/651/572 766/657/578 765/656/577
f 809/651/572 675/650/571 681/658/571
f 766/657/578 809/651/572 681/658/571
f 675/650/571 678/659/579 681/658/571
f 668/648/570 674/660/580 675/650/571
f 678/659/579 675/650/571 674/660/580
f 683/661/579 681/658/571 678/659/579
f 688/662/581 681/658/571 683/661/579
f 681/658/571 688/662/581 687/663/582
f 700/664/583 681/658/571 687/663/582
f 700/664/583 694/665/584 681/658/571
f 694/665/584 766/657/578 681/658/571
f 700/664/583 696/666/585 694/665/584
f 694/665/584 696/666/585 695/667/544
f 695/667/544 703/668/586 694/665/584
f 703/668/586 695/667/544 707/669/587
f 703/668/586 707/669/587 706/670/588
f 703/668/586 706/670/588 711/671/589
f 718/672/590 703/668/586 711/671/589
f 718/672/590 716/673/591 703/668/586
f 694/665/584 703/668/586 716/673/591
f 766/657/578 694/665/584 716/673/591
f 764/674/592 766/657/578 716/673/591
f 765/656/577 766/657/578 764/674/592
f 763/675/593 765/656/577 764/674/592
f 764/674/592 771/676/594 763/675/593
f 771/676/594 772/677/595 763/675/593
f 772/677/595 771/676/594 776/678/596
f 771/676/594 777/679/597 776/678/596
f 776/678/596 777/679/597 781/680/598
f 777/679/597 782/681/599 781/680/598
f 781/680/598 782/681/599 786/682/600
f 782/681/599 787/683/601 786/682/600
f 786/682/600 787/683/601 791/684/602
f 787/683/601 792/685/603 791/684/602
f 795/686/604 791/684/602 792/685/603
f 754/687/605 795/686/604 792/685/603
f 754/687/605 757/688/606 795/686/604
f 757/688/606 754/687/605 753/689/607
f 753/689/607 754/687/605 750/690/608
f 750/690/608 754/687/605 792/685/603
f 792/685/603 787/683/601 750/690/608
f 787/683/601 743/691/609 750/690/608
f 787/683/601 782/681/599 743/691/609
f 782/681/599 731/692/610 743/691/609
f 782/681/599 777/679/597 731/692/610
f 777/679/597 730/693/611 731/692/610
f 730/693/611 777/679/597 771/676/594
f 736/694/612 730/693/611 771/676/594
f 736/694/612 771/676/594 764/674/592
f 722/695/613 736/694/612 764/674/592
f 722/695/613 764/674/592 716/673/591
f 717/696/614 722/695/613 716/673/591
f 716/673/591 718/672/590 717/696/614
f 717/696/614 724/697/615 722/695/613
f 722/695/613 724/697/615 736/694/612
f 735/698/616 736/694/612 724/697/615
f 735/698/616 730/693/611 736/694/612
f 730/693/611 735/698/616 729/699/617
f 729/699/617 731/692/610 730/693/611
f 731/692/610 729/699/617 747/700/618
f 731/692/610 747/700/618 742/701/619
f 743/691/609 731/692/610 742/701/619
f 741/702/620 743/691/609 742/701/619
f 743/691/609 741/702/620 750/690/608
f 741/702/620 753/689/607 750/690/608
f 802/653/574 800/652/573 823/703/621
f 816/704/487 802/653/574 823/703/621
f 826/705/622 816/704/487 823/703/621
f 815/706/623 816/704/487 826/705/622
f 815/706/623 817/707/489 816/704/487
f 817/707/489 815/706/623 820/708/624
f 830/709/625 817/707/489 820/708/624
f 830/709/625 831/710/626 817/707/489
f 831/710/626 864/711/490 817/707/489
f 830/709/625 834/712/627 831/710/626
f 831/710/626 867/713/628 864/711/490
f 867/713/628 831/710/626 834/712/627
f 867/713/628 863/714/629 864/711/490
f 863/714/629 848/715/630 864/711/490
f 848/715/630 863/714/629 855/716/631
f 850/717/632 848/715/630 855/716/631
f 848/715/630 850/717/632 849/718/492
f 850/717/632 851/719/633 849/718/492
f 932/720/634 950/721/635 949/722/636
f 950/721/635 932/720/634 959/723/637
f 932/720/634 930/724/638 959/723/637
f 930/724/638 932/720/634 931/725/639
f 931/725/639 936/726/640 930/724/638
f 936/726/640 931/725/639 937/727/641
f 936/726/640 937/727/641 942/728/642
f 944/729/643 942/728/642 937/727/641
f 942/728/642 944/729/643 943/730/644
f 972/731/521 943/730/644 944/729/643
f 969/732/645 972/731/521 944/729/643
f 969/732/645 967/733/523 972/731/521
f 967/733/523 969/732/645 968/734/646
f 967/733/523 968/734/646 975/735/647
f 975/735/647 968/734/646 980/736/648
f 979/737/649 975/735/647 980/736/648
f 980/736/648 987/738/650 979/737/649
f 987/738/650 988/739/651 979/737/649
f 987/738/650 983/740/652 988/739/651
f 910/741/653 983/740/652 987/738/650
f 983/740/652 910/741/653 917/742/654
f 910/741/653 914/743/640 917/742/654
f 910/741/653 911/744/655 914/743/640
f 910/741/653 904/745/656 911/744/655
f 904/745/656 910/741/653 903/746/657
f 910/741/653 987/738/650 903/746/657
f 987/738/650 980/736/648 922/747/658
f 903/746/657 987/738/650 922/747/658
f 980/736/648 898/748/659 922/747/658
f 922/747/658 898/748/659 925/749/617
f 897/750/660 898/748/659 892/751/661
f 898/748/659 897/750/660 925/749/617
f 892/751/661 893/752/662 897/750/660
f 892/751/661 888/753/523 893/752/662
f 886/754/663 888/753/523 892/751/661
f 888/753/523 886/754/663 883/755/664
f 883/755/664 878/756/665 880/757/666
f 878/756/665 883/755/664 886/754/663
f 878/756/665 874/758/667 880/757/666
f 874/758/667 878/756/665 873/759/668
f 872/760/528 874/758/667 873/759/668
f 873/759/668 1019/761/669 872/760/528
f 873/759/668 1020/762/670 1019/761/669
f 1020/762/670 873/759/668 1013/763/671
f 873/759/668 1012/764/672 1013/763/671
f 873/759/668 878/756/665 1012/764/672
f 878/756/665 886/754/663 1026/765/673
f 1012/764/672 878/756/665 1026/765/673
f 886/754/663 1006/766/674 1026/765/673
f 1025/767/675 1014/768/618 1026/765/673
f 1025/767/675 1026/765/673 1006/766/674
f 1014/768/618 1012/764/672 1026/765/673
f 1012/764/672 1014/768/618 1013/763/671
f 921/769/676 922/747/658 925/749/617
f 921/769/676 905/770/677 922/747/658
f 905/770/677 903/746/657 922/747/658
f 903/746/657 905/770/677 904/745/656
f 1007/771/678 1025/767/675 1006/766/674
f 1006/766/674 999/772/679 1007/771/678
f 1001/773/680 999/772/679 1006/766/674
f 999/772/679 1001/773/680 1000/774/681
f 1001/773/680 1030/775/682 1000/774/681
f 1030/775/682 1031/776/683 1000/774/681
f 1031/776/683 1030/775/682 1042/777/684
f 1036/778/685 1031/776/683 1042/777/684
f 1030/775/682 1062/779/686 1042/777/684
f 1030/775/682 1067/780/687 1062/779/686
f 1067/780/687 1068/781/688 1062/779/686
f 1068/781/688 1067/780/687 839/782/493
f 1068/781/688 1061/783/689 1062/779/686
f 839/782/493 840/784/690 1068/781/688
f 839/782/493 841/785/633 840/784/690
f 841/785/633 839/782/493 1073/786/492
f 1072/787/632 841/785/633 1073/786/492
f 1061/783/689 1063/788/564 1062/779/686
f 1063/788/564 1052/789/691 1062/779/686
f 1052/789/691 1042/777/684 1062/779/686
f 1038/790/692 1042/777/684 1052/789/691
f 1038/790/692 1036/778/685 1042/777/684
f 1036/778/685 1038/790/692 1037/791/516
f 1044/792/693 1037/791/516 1038/790/692
f 1038/790/692 1057/793/694 1044/792/693
f 1038/790/692 1053/794/695 1057/793/694
f 1052/789/691 1053/794/695 1038/790/692
f 1052/789/691 1054/795/696 1053/794/695
f 1054/795/696 1052/789/691 1063/788/564
f 954/796/697 956/797/636 955/798/698
f 954/796/697 955/798/698 962/799/699
f 955/798/698 961/800/700 962/799/699
f 961/800/700 953/801/701 962/799/699
f 948/802/702 927/803/703 953/801/701
f 953/801/701 927/803/703 962/799/699
f 948/802/702 947/804/704 927/803/703
f 927/803/703 947/804/704 958/805/705
f 929/806/706 927/803/703 958/805/705
f 927/803/703 929/806/706 928/807/707
f 928/807/707 990/808/488 927/803/703
f 927/803/703 990/808/488 962/799/699
f 990/808/488 954/796/697 962/799/699
f 990/808/488 1090/809/639 954/796/697
f 990/808/488 1091/810/641 1090/809/639
f 1091/810/641 990/808/488 991/811/643
f 990/808/488 992/812/645 991/811/643
f 992/812/645 990/808/488 994/813/646
f 994/813/646 990/808/488 993/814/488
f 994/813/646 993/814/488 995/815/648
f 993/814/488 1089/816/659 995/815/648
f 993/814/488 1087/817/661 1089/816/659
f 1087/817/661 993/814/488 1088/818/663
f 1080/819/488 1088/818/663 993/814/488
f 1088/818/663 1080/819/488 1086/820/708
f 1080/819/488 1084/821/680 1086/820/708
f 1084/821/680 1080/819/488 1085/822/682
f 1080/819/488 1083/823/709 1085/822/682
f 1083/823/709 1080/819/488 1081/824/493
f 1080/819/488 1079/825/488 1081/824/493
f 1079/825/488 1080/819/488 838/826/710
f 1070/827/495 1079/825/488 838/826/710
f 838/826/710 836/828/496 1070/827/495
f 836/828/496 1071/829/496 1070/827/495
f 838/826/710 837/830/711 836/828/496
f 1065/831/712 837/830/711 838/826/710
f 1066/832/713 1065/831/712 838/826/710
f 1080/819/488 1066/832/713 838/826/710
f 1065/831/712 1059/833/714 1060/834/715
f 1065/831/712 1066/832/713 1059/833/714
f 1059/833/714 1047/835/716 1060/834/715
f 1066/832/713 1029/836/717 1059/833/714
f 1066/832/713 1080/819/488 1029/836/717
f 1029/836/717 1041/837/718 1059/833/714
f 1046/838/719 1047/835/716 1059/833/714
f 1041/837/718 1046/838/719 1059/833/714
f 1046/838/719 1048/839/720 1047/835/716
f 1048/839/720 1046/838/719 1051/840/721
f 1051/840/721 1046/838/719 1033/841/722
f 1041/837/718 1033/841/722 1046/838/719
f 1051/840/721 1033/841/722 1056/842/723
f 1056/842/723 1033/841/722 1043/843/724
f 1034/844/577 1043/843/724 1033/841/722
f 1033/841/722 1035/845/725 1034/844/577
f 1035/845/725 1033/841/722 1041/837/718
f 1028/846/726 1035/845/725 1041/837/718
f 1029/836/717 1028/846/726 1041/837/718
f 1028/846/726 1029/836/717 997/847/727
f 1029/836/717 996/848/728 997/847/727
f 1080/819/488 996/848/728 1029/836/717
f 996/848/728 998/849/729 997/847/727
f 998/849/729 996/848/728 1005/850/730
f 996/848/728 1080/819/488 1005/850/730
f 998/849/729 1005/850/730 1004/851/731
f 1024/852/732 1004/851/731 1005/850/730
f 1023/853/733 1024/852/732 1005/850/730
f 1009/854/556 1024/852/732 1023/853/733
f 1005/850/730 885/855/734 1023/853/733
f 1080/819/488 885/855/734 1005/850/730
f 885/855/734 1080/819/488 993/814/488
f 993/814/488 891/856/735 885/855/734
f 885/855/734 887/857/736 882/858/737
f 887/857/736 885/855/734 891/856/735
f 882/858/737 877/859/738 885/855/734
f 885/855/734 877/859/738 1023/853/733
f 1011/860/739 1009/854/556 1023/853/733
f 877/859/738 1011/860/739 1023/853/733
f 1009/854/556 1011/860/739 1010/861/740
f 1011/860/739 870/862/741 1010/861/740
f 877/859/738 870/862/741 1011/860/739
f 870/862/741 1017/863/742 1010/861/740
f 1017/863/742 870/862/741 1018/864/743
f 1018/864/743 870/862/741 871/865/593
f 869/866/744 871/865/593 870/862/741
f 877/859/738 869/866/744 870/862/741
f 869/866/744 877/859/738 879/867/745
f 877/859/738 882/858/737 879/867/745
f 887/857/736 891/856/735 890/868/746
f 891/856/735 896/869/747 890/868/746
f 895/870/748 896/869/747 891/856/735
f 891/856/735 993/814/488 895/870/748
f 896/869/747 895/870/748 924/871/555
f 895/870/748 919/872/749 924/871/555
f 919/872/749 920/873/750 924/871/555
f 900/874/751 920/873/750 919/872/749
f 902/875/752 900/874/751 919/872/749
f 900/874/751 902/875/752 901/876/753
f 919/872/749 986/877/754 902/875/752
f 902/875/752 909/878/755 901/876/753
f 986/877/754 909/878/755 902/875/752
f 901/876/753 909/878/755 908/879/756
f 908/879/756 909/878/755 913/880/757
f 913/880/757 909/878/755 916/881/758
f 909/878/755 982/882/759 916/881/758
f 982/882/759 909/878/755 986/877/754
f 982/882/759 986/877/754 985/883/760
f 985/883/760 986/877/754 978/884/761
f 986/877/754 977/885/762 978/884/761
f 977/885/762 986/877/754 919/872/749
f 895/870/748 977/885/762 919/872/749
f 895/870/748 993/814/488 977/885/762
f 990/808/488 965/886/763 993/814/488
f 993/814/488 965/886/763 977/885/762
f 965/886/763 974/887/764 977/885/762
f 974/887/764 978/884/761 977/885/762
f 965/886/763 966/888/587 974/887/764
f 964/889/765 966/888/587 965/886/763
f 990/808/488 964/889/765 965/886/763
f 966/888/587 964/889/765 971/890/570
f 971/890/570 964/889/765 939/891/766
f 964/889/765 990/808/488 939/891/766
f 939/891/766 940/892/767 971/890/570
f 939/891/766 941/893/768 940/892/767
f 941/893/768 939/891/766 934/894/769
f 990/808/488 934/894/769 939/891/766
f 934/894/769 990/808/488 928/807/707
f 928/807/707 935/895/757 934/894/769
f 934/894/769 935/895/757 941/893/768
f 928/807/707 929/806/706 935/895/757
f 660/896/770 1404/897/771 661/898/772
f 669/899/773 1412/900/774 1406/901/775
f 676/902/776 1413/903/777 670/904/778
f 676/902/776 1417/905/779 1415/906/780
f 679/907/781 1416/908/782 1417/905/779
f 684/909/783 1416/908/782 679/907/781
f 1420/910/784 684/909/783 690/911/785
f 1419/912/786 689/913/787 701/914/788
f 701/914/788 1418/915/789 1419/912/786
f 768/916/516 1398/917/790 1372/918/791
f 697/919/792 1423/920/793 1424/921/794
f 698/922/795 1418/915/789 701/914/788
f 1380/923/796 712/924/797 720/925/798
f 720/925/798 1379/926/799 1380/923/796
f 719/927/800 1377/928/801 1378/929/802
f 719/927/800 1376/930/803 1377/928/801
f 1374/931/804 725/932/805 737/933/806
f 737/933/806 1373/934/807 1374/931/804
f 767/935/808 1372/918/791 1371/936/809
f 773/937/810 1366/938/811 778/939/812
f 732/940/813 1367/941/814 1368/942/815
f 748/943/816 1367/941/814 732/940/813
f 1354/944/817 745/945/818 744/946/819
f 778/939/812 1364/947/820 783/948/821
f 744/946/819 1350/949/822 1351/950/823
f 755/951/824 1349/952/825 1350/949/822
f 1347/953/826 755/951/824 758/954/827
f 1361/955/828 1360/956/829 793/957/830
f 811/958/831 1399/959/832 768/916/516
f 1396/960/833 811/958/831 810/961/834
f 803/962/835 1395/963/836 810/961/834
f 803/962/835 1393/964/837 1394/965/838
f 827/966/839 1391/967/840 824/968/841
f 1389/969/842 827/966/839 818/970/843
f 818/970/843 1388/971/844 1389/969/842
f 1386/972/845 821/973/846 832/974/847
f 832/974/847 1385/975/848 1386/972/845
f 1381/976/849 835/977/850 868/978/851
f 1092/979/852 1410/980/853 1094/981/854
f 1094/981/854 1414/982/855 1093/983/856
f 1094/981/854 1410/980/853 1411/984/857
f 1460/985/858 1129/986/859 1124/987/860
f 1462/988/861 1124/987/860 1126/989/862
f 1126/989/862 1463/990/863 1462/988/861
f 1429/991/864 1097/992/865 1096/993/866
f 1098/994/867 1434/995/868 1099/996/869
f 1117/997/870 1467/998/871 1116/999/577
f 1100/1000/872 1441/1001/873 1101/1002/874
f 1103/1003/875 1443/1004/876 1104/1005/877
f 1443/1004/876 1105/1006/878 1104/1005/877
f 1108/1007/879 1471/1008/880 1472/1009/881
f 1118/1010/882 1469/1011/883 1117/997/870
f 1120/1012/884 1482/1013/885 1487/1014/886
f 1121/1015/887 1480/1016/888 1482/1013/885
f 1121/1015/887 1479/1017/889 1480/1016/888
f 1122/1018/890 1476/1019/891 1479/1017/889
f 1122/1018/890 1475/1020/892 1476/1019/891
f 1123/1021/893 1474/1022/894 1475/1020/892
f 1477/1023/895 1123/1021/893 1115/1024/896
f 1112/1025/897 1481/1026/898 1114/1027/899
f 1112/1025/897 1483/1028/900 1484/1029/901
f 1113/1030/902 1490/1031/903 1111/1032/904
f 1491/1033/905 1113/1030/902 1109/1034/906
f 865/1035/907 1401/1036/908 1384/1037/909
f 856/1038/910 1344/1039/911 1402/1040/912
f 852/1041/913 1343/1042/914 1344/1039/911
f 853/829/915 1342/1043/916 1343/1042/914
f 853/829/915 1335/1044/917 1340/1045/918
f 843/828/915 1334/1046/919 1335/1044/917
f 842/830/920 1334/1046/919 843/828/915
f 842/830/920 1329/1047/921 1331/1048/922
f 1069/831/923 1312/1049/924 1329/1047/921
f 1064/834/925 1313/1050/926 1069/831/923
f 1064/834/925 1308/1051/927 1309/1052/928
f 1306/1053/929 1050/835/930 1049/839/931
f 1050/835/930 1307/1054/932 1308/1051/927
f 1049/839/931 1305/1055/933 1306/1053/929
f 1040/844/934 1281/1056/935 1045/843/936
f 1310/1057/937 1040/844/934 1039/845/938
f 1032/846/939 1311/1058/940 1039/845/938
f 1032/846/939 1287/1059/941 1314/1060/942
f 1003/847/943 1284/1061/944 1285/1062/945
f 1008/851/946 1278/1063/947 1279/1064/948
f 1027/852/949 1258/1065/950 1261/1066/951
f 1027/852/949 1261/1066/951 1278/1063/947
f 1016/854/952 1256/1067/953 1258/1065/950
f 1022/863/954 1254/1068/955 1015/861/956
f 876/866/957 1257/1069/958 875/865/959
f 876/866/957 1260/1070/960 1259/1071/961
f 1263/1072/962 881/867/963 884/858/964
f 1266/1073/965 884/858/964 889/857/966
f 894/868/967 1265/1074/968 889/857/966
f 894/868/967 1249/1075/969 1264/1076/970
f 899/869/971 1248/1077/972 1249/1075/969
f 1185/1078/973 1332/1079/974 1333/1080/975
f 1134/1081/976 1336/1082/977 1185/1078/973
f 1338/1083/978 1134/1081/976 1133/1084/633
f 1135/1085/979 1339/1086/980 1133/1084/633
f 1135/1085/979 1345/1087/981 1341/1088/982
f 1136/1089/983 1346/1090/984 1345/1087/981
f 1455/1091/985 1128/1092/986 1127/1093/987
f 1131/1094/988 1451/1095/989 1132/1096/990
f 1139/1097/991 1450/1098/992 1449/1099/993
f 1139/1097/991 1448/1100/994 1138/1101/995
f 1447/1102/996 1137/1103/997 1138/1101/995
f 1184/1104/998 1327/1105/999 1180/1106/1000
f 1181/1107/1001 1321/1108/1002 1182/1109/1003
f 1322/1110/1004 1183/1111/1005 1182/1109/1003
f 1182/1109/1003 1321/1108/1002 1322/1110/1004
f 1183/1111/1005 1324/1112/1006 1179/1113/1007
f 1177/1114/1008 1324/1112/1006 1325/1115/1009
f 1178/1116/1010 1320/1117/1011 1319/1118/1012
f 1176/1119/1013 1319/1118/1012 1318/1120/1014
f 1169/1121/1015 1292/1122/1016 1291/1123/1017
f 1291/1123/1017 1170/1124/1018 1169/1121/1015
f 1170/1124/1018 1289/1125/1019 1175/1126/1020
f 1298/1127/1021 1172/1128/1022 1171/1129/1023
f 1173/1130/1024 1300/1131/1025 1174/1132/1026
f 1300/1131/1025 1299/1133/1027 1141/1134/1028
f 1140/1135/1029 1296/1136/1030 1297/1137/1031
f 1294/1138/1032 1142/1139/1033 1140/1135/1029
f 1143/1140/1034 1274/1141/1035 1273/1142/1036
f 1144/1143/1037 1268/1144/1038 1269/1145/1039
f 1269/1145/1039 1145/1146/1040 1144/1143/1037
f 1270/1147/1041 1153/1148/1042 1146/1149/1043
f 1152/1150/1044 1251/1151/1045 1147/1152/1046
f 1250/1153/1047 1148/1154/1048 1147/1152/1046
f 1246/1155/1049 1149/1156/1050 1148/1154/1048
f 1149/1156/1050 1243/1157/1051 1150/1158/1052
f 1150/1158/1052 1242/1159/1053 1151/1160/1054
f 1166/1161/1055 1241/1162/1056 1239/1163/1057
f 1239/1163/1057 1167/1164/1058 1166/1161/1055
f 1167/1164/1058 1244/1165/1059 1165/1166/1060
f 1165/1166/1060 1232/1167/1061 1164/1168/1062
f 1229/1169/1063 1163/1170/1064 1162/1171/1065
f 1163/1170/1064 1227/1172/1066 1228/1173/1067
f 1156/1174/1068 1228/1173/1067 1210/1175/1069
f 1157/1176/642 1209/1177/1070 1207/1178/1071
f 1202/1179/1072 1154/1180/1073 1155/1181/1074
f 1199/1182/1075 1161/1183/1076 1154/1180/1073
f 1158/1184/1077 1191/1185/1078 1159/797/1079
f 1159/797/1079 1192/1186/1080 1160/798/1081
f 1160/798/1081 1192/1186/1080 1188/1187/1082
f 957/801/1083 1186/1188/1084 1187/1189/1085
f 1193/1190/1086 960/805/1087 952/804/1088
f 933/806/1089 1197/1191/1090 1198/1192/1091
f 938/895/1092 1201/1193/1093 1203/1194/1094
f 938/895/1092 1206/1195/1095 945/893/1096
f 1205/1196/1097 946/892/1098 945/893/1096
f 946/892/1098 1218/1197/1099 973/890/1100
f 970/888/1101 1224/1198/1102 1225/1199/1103
f 1225/1199/1103 976/887/1104 970/888/1101
f 984/882/1105 1216/1200/1106 918/881/1107
f 906/876/1108 1211/1201/1109 1212/1202/1110
f 923/873/1111 1238/1203/1112 926/871/1113
f 923/873/1111 1234/1204/1114 1236/1205/1115
f 907/874/1116 1233/1206/1117 1234/1204/1114
f 1370/1207/1118 773/937/810 767/935/808
f 1247/1208/1119 1246/1155/1049 1148/1154/1048
f 1328/1209/1120 1180/1106/1000 1326/1210/1121
f 1304/1211/1122 1058/842/1123 1282/1212/1124
f 1364/947/820 1363/1213/1125 783/948/821
f 1267/1214/1126 1263/1072/962 884/858/964
f 1209/1177/1070 1156/1174/1068 1210/1175/1069
f 1217/1215/1127 1215/1216/1128 984/882/1105
f 1207/1178/1071 1155/1181/1074 1157/1176/642
f 1222/1217/1129 989/883/1130 981/884/1131
f 1230/1218/1132 1164/1168/1062 1231/1219/1133
f 1359/1220/1134 1353/1221/1135 793/957/830
f 1316/1222/1136 1176/1119/1013 1317/1223/1137
f 1373/934/807 732/940/813 1368/942/815
f 1438/1224/1138 1107/1225/1139 1106/1226/1140
f 1485/1227/1141 1489/1228/1142 1119/1229/1143
f 1433/1230/1144 1097/992/865 1432/1231/1145
f 1393/964/837 824/968/841 1392/1232/1146
f 1461/1233/1147 1460/985/858 1124/987/860
f 1401/1036/908 856/1038/910 1402/1040/912
f 1435/1234/1148 1099/996/869 1434/995/868
f 1190/1235/1149 951/802/1150 957/801/1083
f 1289/1125/1019 1288/1236/1151 1175/1126/1020
f 1271/1237/1152 1145/1146/1040 1272/1238/1153
f 1200/1239/1154 1199/1182/1075 1154/1180/1073
f 1197/1191/1090 960/805/1087 1195/1240/1155
f 1489/1228/1142 1118/1010/882 1119/1229/1143
f 1388/971/844 821/973/846 1387/1241/1156
f 1189/1242/1157 952/804/1088 951/802/1150
f 1320/1117/1011 1177/1114/1008 1325/1115/1009
f 1362/1243/1158 1361/955/828 788/1244/535
f 1283/1245/1159 1284/1061/944 1002/849/1160
f 1456/1246/1161 1130/1247/1162 1457/1248/1163
f 1494/1249/1164 1495/1250/1165 1110/1251/1166
f 1214/1252/1167 912/879/1168 915/880/1169
f 1289/1253/1170 1301/1254/1171 1299/1255/1172
f 1404/897/771 1403/1256/1173 661/898/772
f 1194/1257/1174 1161/1183/1076 1196/1258/1175
f 1333/1080/975 1184/1104/998 1185/1078/973
f 1318/1120/1014 1317/1223/1137 1176/1119/1013
f 1271/1237/1152 1270/1147/1041 1146/1149/1043
f 1352/1259/1176 793/957/830 1353/1221/1135
f 1347/953/826 796/1260/1177 1348/1261/1178
f 1486/1262/1179 1119/1229/1143 1120/1012/884
f 1366/938/811 1365/1263/1180 778/939/812
f 1304/1211/1122 1305/1055/933 1055/840/1181
f 1339/1086/980 1338/1083/978 1133/1084/633
f 1450/1098/992 1132/1096/990 1451/1095/989
f 1379/926/799 719/927/800 1378/929/802
f 1466/1264/1182 1465/1265/1183 1116/999/577
f 1406/901/775 1405/1266/1184 669/899/773
f 1371/936/809 1370/1207/1118 767/935/808
f 1285/1062/945 1286/1267/1185 1003/847/943
f 1357/1268/1186 748/943/816 745/945/818
f 1295/1269/1187 1298/1127/1021 1171/1129/1023
f 1426/1270/1188 712/924/797 1400/1271/1189
f 1316/1222/1136 1315/1272/1190 1168/1273/1191
f 1453/1274/1192 1452/1275/1193 1131/1094/988
f 1426/1270/1188 709/1276/1194 708/1277/560
f 1395/963/836 1396/960/833 810/961/834
f 1220/1278/1195 981/884/1131 976/887/1104
f 1494/1249/1164 1108/1007/879 1472/1009/881
f 1442/1279/1196 1103/1003/875 1101/1002/874
f 1303/1280/1197 1302/1281/1198 1172/1128/1022
f 1413/903/777 1412/900/774 670/904/778
f 1490/1031/903 1488/1282/1199 1111/1032/904
f 1453/1274/1192 1128/1092/986 1454/1283/1200
f 1292/1122/1016 1168/1273/1191 1315/1272/1190
f 1219/1284/1201 1222/1217/1129 981/884/1131
f 1495/1250/1165 1109/1034/906 1110/1251/1166
f 1459/1285/1202 1458/1286/1203 1129/986/859
f 1383/1287/1204 1381/976/849 868/978/851
f 1233/1206/1117 906/876/1108 1212/1202/1110
f 1216/1200/1106 915/880/1169 918/881/1107
f 1186/1188/1084 1160/798/1081 1188/1187/1082
f 1228/1288/1205 1205/1289/1170 1219/1290/1206
f 1349/1291/1207 1354/1292/1171 1357/1293/1208
f 1201/1193/1093 933/806/1089 1198/1192/1091
f 1487/1014/886 1486/1262/1179 1120/1012/884
f 1352/1259/1176 1348/1261/1178 796/1260/1177
f 1399/959/832 1398/917/790 768/916/516
f 1384/1037/909 868/978/851 865/1035/907
f 1217/1215/1127 989/883/1130 1221/1294/1209
f 1414/982/855 1428/1295/1210 1093/983/856
f 1253/1296/1211 1022/863/954 1021/864/1212
f 1355/1297/1213 1356/1298/1214 745/945/818
f 1382/1299/1215 832/974/847 835/977/850
f 1430/1300/1216 1429/991/864 1096/993/866
f 1391/967/840 1392/1232/1146 824/968/841
f 1492/1301/1217 1491/1033/905 1109/1034/906
f 1277/1302/1218 1276/1303/1219 1153/1148/1042
f 1242/1159/1053 1166/1161/1055 1151/1160/1054
f 1286/1267/1185 1032/846/939 1003/847/943
f 1362/1243/1158 783/948/821 1363/1213/1125
f 1336/1082/977 1332/1079/974 1185/1078/973
f 1458/1286/1203 1130/1247/1162 1129/986/859
f 1456/1246/1161 1455/1091/985 1127/1093/987
f 1441/1001/873 1442/1279/1196 1101/1002/874
f 1351/950/823 1354/944/817 744/946/819
f 1251/1151/1045 1250/1153/1047 1147/1152/1046
f 1226/1304/1220 1220/1278/1195 976/887/1104
f 1403/1256/1173 1408/1305/1221 661/898/772
f 1469/1011/883 1468/1306/1222 1117/997/870
f 1448/1100/994 1447/1102/996 1138/1101/995
f 1327/1105/999 1326/1210/1121 1180/1106/1000
f 1423/920/793 709/1276/1194 1427/1307/1223
f 1268/1144/1038 1143/1140/1034 1273/1142/1036
f 1375/1308/1224 1376/930/803 725/932/805
f 1297/1137/1031 1294/1138/1032 1140/1135/1029
f 1187/1189/1085 1190/1235/1149 957/801/1083
f 1276/1303/1219 1152/1150/1044 1153/1148/1042
f 1439/1309/1225 1105/1006/878 1444/1310/1226
f 1421/1311/1227 690/911/785 689/913/787
f 1265/1074/968 1266/1073/965 889/857/966
f 1313/1050/926 1312/1049/924 1069/831/923
f 1274/1141/1035 1142/1139/1033 1293/1312/1228
f 1463/990/863 1125/1313/1229 1464/1314/1230
f 1232/1167/1061 1231/1219/1133 1164/1168/1062
f 1471/1008/880 1107/1225/1139 1473/1315/1231
f 1430/1300/1216 1095/1316/1232 1431/1317/1233
f 1211/1201/1109 912/879/1168 1213/1318/1234
f 1477/1023/895 1114/1027/899 1478/1319/1235
f 1346/1090/984 1137/1103/997 1446/1320/1236
f 1257/1069/958 1021/864/1212 875/865/959
f 1244/1165/1059 1235/1321/1237 1165/1166/1060
f 1302/1281/1198 1173/1130/1024 1172/1128/1022
f 1439/1309/1225 1438/1224/1138 1106/1226/1140
f 1204/1322/1238 1202/1179/1072 1155/1181/1074
f 1465/1265/1183 1125/1313/1229 1116/999/577
f 1283/1245/1159 1008/851/946 1279/1064/948
f 1483/1028/900 1111/1032/904 1488/1282/1199
f 1295/1269/1187 1175/1126/1020 1288/1236/1151
f 1408/1305/1221 1092/979/852 661/898/772
f 1256/1067/953 1015/861/956 1255/1323/1239
f 1238/1203/1112 1237/1324/1240 926/871/1113
f 1218/1197/1099 1223/1325/1241 973/890/1100
f 1230/1218/1132 1229/1169/1063 1162/1171/1065
f 1248/1077/972 926/871/1113 1237/1324/1240
f 1481/1026/898 1478/1319/1235 1114/1027/899
f 1224/1198/1102 973/890/1100 1223/1325/1241
f 1436/1326/1242 1100/1000/872 1102/1327/1243
f 1428/1295/1210 1095/1316/1232 1093/983/856
f 1467/998/871 1466/1264/1182 1116/999/577
f 1254/1068/955 1255/1323/1239 1015/861/956
f 1311/1058/940 1310/1057/937 1039/845/938
f 1206/1195/1095 1205/1196/1097 945/893/1096
f 1424/921/794 698/922/795 697/919/792
f 1405/1266/1184 660/896/770 669/899/773
f 1260/1070/960 881/867/963 1262/1328/1244
f 1435/1234/1148 1436/1326/1242 1102/1327/1243
f 1281/1056/935 1058/842/1123 1045/843/936
f 1440/1329/1245 1473/1315/1231 1107/1225/1139
f 660/896/770 1407/1330/1246 1404/897/771
f 669/899/773 670/904/778 1412/900/774
f 676/902/776 1415/906/780 1413/903/777
f 676/902/776 679/907/781 1417/905/779
f 684/909/783 1422/1331/1247 1416/908/782
f 1420/910/784 1422/1331/1247 684/909/783
f 1419/912/786 1421/1311/1227 689/913/787
f 698/922/795 1425/1332/1248 1418/915/789
f 1380/923/796 1400/1271/1189 712/924/797
f 719/927/800 725/932/805 1376/930/803
f 1374/931/804 1375/1308/1224 725/932/805
f 767/935/808 768/916/516 1372/918/791
f 773/937/810 1369/1333/1249 1366/938/811
f 748/943/816 1358/1334/1250 1367/941/814
f 1354/944/817 1355/1297/1213 745/945/818
f 778/939/812 1365/1263/1180 1364/947/820
f 744/946/819 755/951/824 1350/949/822
f 1347/953/826 1349/952/825 755/951/824
f 793/957/830 788/1244/535 1361/955/828
f 1360/956/829 1359/1220/1134 793/957/830
f 811/958/831 1397/1335/1251 1399/959/832
f 1396/960/833 1397/1335/1251 811/958/831
f 803/962/835 1394/965/838 1395/963/836
f 827/966/839 1390/1336/1252 1391/967/840
f 1389/969/842 1390/1336/1252 827/966/839
f 1386/972/845 1387/1241/1156 821/973/846
f 1381/976/849 1382/1299/1215 835/977/850
f 1092/979/852 1409/1337/1253 1410/980/853
f 1094/981/854 1411/984/857 1414/982/855
f 1460/985/858 1459/1285/1202 1129/986/859
f 1462/988/861 1461/1233/1147 1124/987/860
f 1429/991/864 1432/1231/1145 1097/992/865
f 1098/994/867 1433/1230/1144 1434/995/868
f 1117/997/870 1468/1306/1222 1467/998/871
f 1100/1000/872 1437/1338/1254 1441/1001/873
f 1103/1003/875 1445/1339/1255 1443/1004/876
f 1443/1004/876 1444/1310/1226 1105/1006/878
f 1118/1010/882 1470/1340/1256 1469/1011/883
f 1120/1012/884 1121/1015/887 1482/1013/885
f 1121/1015/887 1122/1018/890 1479/1017/889
f 1122/1018/890 1123/1021/893 1475/1020/892
f 1477/1023/895 1474/1022/894 1123/1021/893
f 1112/1025/897 1484/1029/901 1481/1026/898
f 1113/1030/902 1493/1341/1257 1490/1031/903
f 1491/1033/905 1493/1341/1257 1113/1030/902
f 856/1038/910 852/1041/913 1344/1039/911
f 1343/1042/914 852/1041/913 853/829/915
f 853/829/915 1340/1045/918 1342/1043/916
f 853/829/915 843/828/915 1335/1044/917
f 842/830/920 1331/1048/922 1334/1046/919
f 842/830/920 1069/831/923 1329/1047/921
f 1064/834/925 1309/1052/928 1313/1050/926
f 1064/834/925 1050/835/930 1308/1051/927
f 1306/1053/929 1307/1054/932 1050/835/930
f 1049/839/931 1055/840/1181 1305/1055/933
f 1040/844/934 1280/1342/1258 1281/1056/935
f 1310/1057/937 1280/1342/1258 1040/844/934
f 1032/846/939 1314/1060/942 1311/1058/940
f 1003/847/943 1002/849/1160 1284/1061/944
f 1008/851/946 1027/852/949 1278/1063/947
f 1027/852/949 1016/854/952 1258/1065/950
f 1022/863/954 1252/1343/1259 1254/1068/955
f 876/866/957 1259/1071/961 1257/1069/958
f 1263/1072/962 1262/1328/1244 881/867/963
f 1266/1073/965 1267/1214/1126 884/858/964
f 894/868/967 1264/1076/970 1265/1074/968
f 894/868/967 899/869/971 1249/1075/969
f 1134/1081/976 1337/1344/1260 1336/1082/977
f 1338/1083/978 1337/1344/1260 1134/1081/976
f 1135/1085/979 1341/1088/982 1339/1086/980
f 1135/1085/979 1136/1089/983 1345/1087/981
f 1455/1091/985 1454/1283/1200 1128/1092/986
f 1131/1094/988 1452/1275/1193 1451/1095/989
f 1139/1097/991 1449/1099/993 1448/1100/994
f 1447/1102/996 1446/1320/1236 1137/1103/997
f 1184/1104/998 1330/1345/1261 1327/1105/999
f 1181/1107/1001 1328/1209/1120 1321/1108/1002
f 1322/1110/1004 1323/1346/1262 1183/1111/1005
f 1183/1111/1005 1323/1346/1262 1324/1112/1006
f 1177/1114/1008 1179/1113/1007 1324/1112/1006
f 1176/1119/1013 1178/1116/1010 1319/1118/1012
f 1291/1123/1017 1290/1347/1263 1170/1124/1018
f 1170/1124/1018 1290/1347/1263 1289/1125/1019
f 1298/1127/1021 1303/1280/1197 1172/1128/1022
f 1173/1130/1024 1301/1348/1264 1300/1131/1025
f 1141/1134/1028 1174/1132/1026 1300/1131/1025
f 1299/1133/1027 1296/1136/1030 1141/1134/1028
f 1140/1135/1029 1141/1134/1028 1296/1136/1030
f 1294/1138/1032 1293/1312/1228 1142/1139/1033
f 1269/1145/1039 1272/1238/1153 1145/1146/1040
f 1270/1147/1041 1277/1302/1218 1153/1148/1042
f 1152/1150/1044 1275/1349/1265 1251/1151/1045
f 1250/1153/1047 1247/1208/1119 1148/1154/1048
f 1246/1155/1049 1245/1350/1266 1149/1156/1050
f 1149/1156/1050 1245/1350/1266 1243/1157/1051
f 1150/1158/1052 1243/1157/1051 1242/1159/1053
f 1239/1163/1057 1240/1351/1267 1167/1164/1058
f 1167/1164/1058 1240/1351/1267 1244/1165/1059
f 1165/1166/1060 1235/1321/1237 1232/1167/1061
f 1229/1169/1063 1227/1172/1066 1163/1170/1064
f 1156/1174/1068 1163/1170/1064 1228/1173/1067
f 1202/1179/1072 1200/1239/1154 1154/1180/1073
f 1199/1182/1075 1196/1258/1175 1161/1183/1076
f 1158/1184/1077 1194/1257/1174 1191/1185/1078
f 1159/797/1079 1191/1185/1078 1192/1186/1080
f 957/801/1083 963/800/1268 1186/1188/1084
f 1193/1190/1086 1195/1240/1155 960/805/1087
f 938/895/1092 1203/1194/1094 1206/1195/1095
f 1205/1196/1097 1208/1352/1269 946/892/1098
f 946/892/1098 1208/1352/1269 1218/1197/1099
f 1225/1199/1103 1226/1304/1220 976/887/1104
f 984/882/1105 1215/1216/1128 1216/1200/1106
f 923/873/1111 1236/1205/1115 1238/1203/1112
f 923/873/1111 907/874/1116 1234/1204/1114
f 1370/1207/1118 1369/1333/1249 773/937/810
f 1328/1209/1120 1181/1107/1001 1180/1106/1000
f 1304/1211/1122 1055/840/1181 1058/842/1123
f 1209/1177/1070 1157/1176/642 1156/1174/1068
f 1207/1178/1071 1204/1322/1238 1155/1181/1074
f 1222/1217/1129 1221/1294/1209 989/883/1130
f 1230/1218/1132 1162/1171/1065 1164/1168/1062
f 1316/1222/1136 1168/1273/1191 1176/1119/1013
f 1373/934/807 737/933/806 732/940/813
f 1438/1224/1138 1440/1329/1245 1107/1225/1139
f 1433/1230/1144 1098/994/867 1097/992/865
f 1393/964/837 803/962/835 824/968/841
f 1401/1036/908 865/1035/907 856/1038/910
f 1435/1234/1148 1102/1327/1243 1099/996/869
f 1190/1235/1149 1189/1242/1157 951/802/1150
f 1271/1237/1152 1146/1149/1043 1145/1146/1040
f 1197/1191/1090 933/806/1089 960/805/1087
f 1489/1228/1142 1470/1340/1256 1118/1010/882
f 1388/971/844 818/970/843 821/973/846
f 1189/1242/1157 1193/1190/1086 952/804/1088
f 1320/1117/1011 1178/1116/1010 1177/1114/1008
f 1456/1246/1161 1127/1093/987 1130/1247/1162
f 1214/1252/1167 1213/1318/1234 912/879/1168
f 1360/1353/1270 1357/1293/1208 1358/1354/1171
f 1358/1354/1171 1367/1355/1271 1368/1356/1171
f 1368/1356/1171 1373/1357/1272 1374/1358/1171
f 1374/1358/1171 1375/1359/1273 1376/1360/1170
f 1376/1360/1170 1377/1361/1274 1378/1362/1275
f 1378/1362/1275 1379/1363/1276 1380/1364/1171
f 1380/1364/1171 1400/1365/1171 1426/1366/1171
f 1380/1364/1171 1426/1366/1171 1427/1367/1171
f 1376/1360/1170 1378/1362/1275 1380/1364/1171
f 1368/1356/1171 1374/1358/1171 1376/1360/1170
f 1360/1353/1270 1358/1354/1171 1368/1356/1171
f 1362/1368/1170 1361/1369/1277 1360/1353/1270
f 1362/1368/1170 1360/1353/1270 1368/1356/1171
f 1368/1356/1171 1376/1360/1170 1380/1364/1171
f 1380/1364/1171 1427/1367/1171 1423/1370/1171
f 1423/1370/1171 1424/1371/1278 1425/1372/1171
f 1418/1373/1171 1419/1374/1279 1421/1375/1170
f 1380/1364/1171 1423/1370/1171 1425/1372/1171
f 1418/1373/1171 1421/1375/1170 1420/1376/1171
f 1380/1364/1171 1425/1372/1171 1418/1373/1171
f 1362/1368/1170 1368/1356/1171 1380/1364/1171
f 1363/1377/1171 1362/1368/1170 1380/1364/1171
f 1380/1364/1171 1418/1373/1171 1420/1376/1171
f 1420/1376/1171 1422/1378/1280 1416/1379/1171
f 1416/1379/1171 1417/1380/1281 1415/1381/1282
f 1415/1381/1282 1413/1382/1283 1412/1383/1284
f 1412/1383/1284 1406/1384/1285 1405/1385/1207
f 1407/1386/1171 1404/1387/1286 1403/1388/1287
f 1403/1388/1287 1408/1389/1288 1409/1390/1289
f 1410/1391/1290 1411/1392/1291 1414/1393/1171
f 1414/1393/1171 1428/1394/1292 1431/1395/1170
f 1431/1395/1170 1430/1396/1293 1429/1397/1170
f 1429/1397/1170 1432/1398/1278 1433/1399/1171
f 1433/1399/1171 1434/1400/1170 1435/1401/1294
f 1433/1399/1171 1435/1401/1294 1436/1402/1171
f 1431/1395/1170 1429/1397/1170 1433/1399/1171
f 1414/1393/1171 1431/1395/1170 1433/1399/1171
f 1414/1393/1171 1433/1399/1171 1436/1402/1171
f 1414/1393/1171 1436/1402/1171 1437/1403/1295
f 1437/1403/1295 1441/1404/1207 1442/1405/1171
f 1445/1406/1171 1443/1407/1171 1444/1408/1171
f 1414/1393/1171 1437/1403/1295 1442/1405/1171
f 1442/1405/1171 1445/1406/1171 1444/1408/1171
f 1444/1408/1171 1439/1409/1296 1438/1410/1170
f 1440/1411/1205 1473/1412/1297 1471/1413/1298
f 1444/1408/1171 1438/1410/1170 1440/1411/1205
f 1414/1393/1171 1442/1405/1171 1444/1408/1171
f 1414/1393/1171 1444/1408/1171 1440/1411/1205
f 1440/1411/1205 1471/1413/1298 1472/1414/1206
f 1472/1414/1206 1494/1415/1299 1495/1416/1171
f 1495/1416/1171 1492/1417/1300 1491/1418/1205
f 1491/1418/1205 1493/1419/1171 1490/1420/1171
f 1490/1420/1171 1488/1421/1301 1483/1422/1171
f 1483/1422/1171 1484/1423/1302 1481/1424/1303
f 1478/1425/1170 1477/1426/1171 1474/1427/1171
f 1483/1422/1171 1481/1424/1303 1478/1425/1170
f 1491/1418/1205 1490/1420/1171 1483/1422/1171
f 1472/1414/1206 1495/1416/1171 1491/1418/1205
f 1414/1393/1171 1440/1411/1205 1472/1414/1206
f 1410/1391/1290 1414/1393/1171 1472/1414/1206
f 1472/1414/1206 1491/1418/1205 1483/1422/1171
f 1483/1422/1171 1478/1425/1170 1474/1427/1171
f 1475/1428/1171 1476/1429/1304 1479/1430/1171
f 1483/1422/1171 1474/1427/1171 1475/1428/1171
f 1409/1390/1289 1410/1391/1290 1472/1414/1206
f 1403/1388/1287 1409/1390/1289 1472/1414/1206
f 1472/1414/1206 1483/1422/1171 1475/1428/1171
f 1479/1430/1171 1480/1431/1305 1482/1432/1171
f 1472/1414/1206 1475/1428/1171 1479/1430/1171
f 1472/1414/1206 1479/1430/1171 1482/1432/1171
f 1472/1414/1206 1482/1432/1171 1487/1433/1171
f 1472/1414/1206 1487/1433/1171 1486/1434/1306
f 1472/1414/1206 1486/1434/1306 1485/1435/1207
f 1472/1414/1206 1485/1435/1207 1489/1436/1307
f 1470/1437/1171 1469/1438/1308 1468/1439/1171
f 1472/1414/1206 1489/1436/1307 1470/1437/1171
f 1472/1414/1206 1470/1437/1171 1468/1439/1171
f 1472/1414/1206 1468/1439/1171 1467/1440/1206
f 1403/1388/1287 1472/1414/1206 1467/1440/1206
f 1403/1388/1287 1467/1440/1206 1466/1441/1309
f 1403/1388/1287 1466/1441/1309 1465/1442/1310
f 1403/1388/1287 1465/1442/1310 1464/1443/1171
f 1403/1388/1287 1464/1443/1171 1463/1444/1275
f 1403/1388/1287 1463/1444/1275 1462/1445/1275
f 1407/1386/1171 1403/1388/1287 1462/1445/1275
f 1461/1446/1171 1460/1447/1311 1459/1448/1206
f 1407/1386/1171 1462/1445/1275 1461/1446/1171
f 1407/1386/1171 1461/1446/1171 1459/1448/1206
f 1407/1386/1171 1459/1448/1206 1458/1449/1171
f 1407/1386/1171 1458/1449/1171 1457/1450/1171
f 1407/1386/1171 1457/1450/1171 1456/1451/1206
f 1405/1385/1207 1407/1386/1171 1456/1451/1206
f 1405/1385/1207 1456/1451/1206 1455/1452/1171
f 1416/1379/1171 1415/1381/1282 1412/1383/1284
f 1412/1383/1284 1405/1385/1207 1455/1452/1171
f 1412/1383/1284 1455/1452/1171 1454/1453/1171
f 1420/1376/1171 1416/1379/1171 1412/1383/1284
f 1364/1454/1284 1363/1377/1171 1380/1364/1171
f 1365/1455/1312 1364/1454/1284 1380/1364/1171
f 1380/1364/1171 1420/1376/1171 1412/1383/1284
f 1412/1383/1284 1454/1453/1171 1453/1456/1206
f 1453/1456/1206 1452/1457/1313 1451/1458/1171
f 1453/1456/1206 1451/1458/1171 1450/1459/1205
f 1380/1364/1171 1412/1383/1284 1453/1456/1206
f 1366/1460/1314 1365/1455/1312 1380/1364/1171
f 1371/1461/1290 1370/1462/1315 1369/1463/1171
f 1369/1463/1171 1366/1460/1314 1380/1364/1171
f 1380/1364/1171 1453/1456/1206 1450/1459/1205
f 1380/1364/1171 1450/1459/1205 1449/1464/1205
f 1371/1461/1290 1369/1463/1171 1380/1364/1171
f 1372/1465/1284 1371/1461/1290 1380/1364/1171
f 1380/1364/1171 1449/1464/1205 1448/1466/1170
f 1448/1466/1170 1447/1467/1316 1446/1468/1171
f 1380/1364/1171 1448/1466/1170 1446/1468/1171
f 1398/1469/1279 1372/1465/1284 1380/1364/1171
f 1399/1470/1170 1398/1469/1279 1380/1364/1171
f 1380/1364/1171 1446/1468/1171 1346/1471/1171
f 1380/1364/1171 1346/1471/1171 1345/1472/1171
f 1397/1473/1171 1399/1470/1170 1380/1364/1171
f 1396/1474/1279 1397/1473/1171 1380/1364/1171
f 1380/1364/1171 1345/1472/1171 1341/1475/1171
f 1341/1475/1171 1339/1476/1317 1338/1477/1171
f 1380/1364/1171 1341/1475/1171 1338/1477/1171
f 1395/1478/1170 1396/1474/1279 1380/1364/1171
f 1392/1479/1278 1393/1480/1318 1394/1481/1171
f 1394/1481/1171 1395/1478/1170 1380/1364/1171
f 1380/1364/1171 1338/1477/1171 1337/1482/1171
f 1380/1364/1171 1337/1482/1171 1336/1483/1319
f 1392/1479/1278 1394/1481/1171 1380/1364/1171
f 1391/1484/1171 1392/1479/1278 1380/1364/1171
f 1391/1484/1171 1380/1364/1171 1336/1483/1319
f 1388/1485/1171 1389/1486/1320 1390/1487/1171
f 1390/1487/1171 1391/1484/1171 1336/1483/1319
f 1332/1488/1321 1333/1489/1322 1330/1490/1171
f 1390/1487/1171 1336/1483/1319 1332/1488/1321
f 1388/1485/1171 1390/1487/1171 1332/1488/1321
f 1330/1490/1171 1327/1491/1323 1326/1492/1171
f 1387/1493/1171 1388/1485/1171 1332/1488/1321
f 1330/1490/1171 1326/1492/1171 1328/1494/1171
f 1387/1493/1171 1332/1488/1321 1330/1490/1171
f 1382/1495/1171 1385/1496/1207 1386/1497/1171
f 1330/1490/1171 1328/1494/1171 1321/1498/1207
f 1321/1498/1207 1322/1499/1324 1323/1500/1171
f 1323/1500/1171 1324/1501/1171 1325/1502/1171
f 1323/1500/1171 1325/1502/1171 1320/1503/1325
f 1330/1490/1171 1321/1498/1207 1323/1500/1171
f 1381/1504/1326 1382/1495/1171 1386/1497/1171
f 1383/1505/1170 1381/1504/1326 1386/1497/1171
f 1387/1493/1171 1330/1490/1171 1323/1500/1171
f 1323/1500/1171 1320/1503/1325 1319/1506/1327
f 1323/1500/1171 1319/1506/1327 1318/1507/1321
f 1383/1505/1170 1386/1497/1171 1387/1493/1171
f 1402/1508/1171 1401/1509/1328 1384/1510/1170
f 1384/1510/1170 1383/1505/1170 1387/1493/1171
f 1387/1493/1171 1323/1500/1171 1318/1507/1321
f 1317/1511/1321 1316/1512/1329 1315/1513/1171
f 1387/1493/1171 1318/1507/1321 1317/1511/1321
f 1402/1508/1171 1384/1510/1170 1387/1493/1171
f 1402/1508/1171 1387/1493/1171 1317/1511/1321
f 1402/1508/1171 1317/1511/1321 1315/1513/1171
f 1344/1514/1171 1402/1508/1171 1315/1513/1171
f 1292/1515/1170 1291/1516/1330 1290/1517/1170
f 1344/1514/1171 1315/1513/1171 1292/1515/1170
f 1343/1518/1170 1344/1514/1171 1292/1515/1170
f 1343/1518/1170 1292/1515/1170 1290/1517/1170
f 1301/1254/1171 1300/1519/1171 1299/1255/1172
f 1303/1520/1170 1302/1521/1331 1301/1254/1171
f 1295/1522/1170 1298/1523/1332 1303/1520/1170
f 1289/1253/1170 1288/1524/1333 1295/1522/1170
f 1342/1525/1334 1343/1518/1170 1290/1517/1170
f 1289/1253/1170 1295/1522/1170 1303/1520/1170
f 1299/1255/1172 1342/1525/1334 1290/1517/1170
f 1289/1253/1170 1303/1520/1170 1301/1254/1171
f 1299/1255/1172 1290/1517/1170 1289/1253/1170
f 1194/1257/1174 1158/1184/1077 1161/1183/1076
f 1333/1080/975 1330/1345/1261 1184/1104/998
f 1352/1259/1176 796/1260/1177 793/957/830
f 1347/953/826 758/954/827 796/1260/1177
f 1486/1262/1179 1485/1227/1141 1119/1229/1143
f 1450/1098/992 1139/1097/991 1132/1096/990
f 1379/926/799 720/925/798 719/927/800
f 745/945/818 1356/1298/1214 1357/1268/1186
f 1357/1268/1186 1358/1334/1250 748/943/816
f 1426/1270/1188 708/1277/560 712/924/797
f 1426/1270/1188 1427/1307/1223 709/1276/1194
f 1220/1278/1195 1219/1284/1201 981/884/1131
f 1494/1249/1164 1110/1251/1166 1108/1007/879
f 1442/1279/1196 1445/1339/1255 1103/1003/875
f 1453/1274/1192 1131/1094/988 1128/1092/986
f 1292/1122/1016 1169/1121/1015 1168/1273/1191
f 1495/1250/1165 1492/1301/1217 1109/1034/906
f 1233/1206/1117 907/874/1116 906/876/1108
f 1216/1200/1106 1214/1252/1167 915/880/1169
f 1186/1188/1084 963/800/1268 1160/798/1081
f 1342/1525/1334 1299/1255/1172 1296/1526/1171
f 1297/1527/1206 1294/1528/1335 1293/1529/1171
f 1342/1525/1334 1296/1526/1171 1297/1527/1206
f 1334/1530/1171 1335/1531/1336 1340/1532/1171
f 1340/1532/1171 1342/1525/1334 1297/1527/1206
f 1340/1532/1171 1297/1527/1206 1293/1529/1171
f 1334/1530/1171 1340/1532/1171 1293/1529/1171
f 1334/1530/1171 1293/1529/1171 1274/1533/1337
f 1331/1534/1171 1334/1530/1171 1274/1533/1337
f 1331/1534/1171 1274/1533/1337 1273/1535/1337
f 1329/1536/1171 1331/1534/1171 1273/1535/1337
f 1268/1537/1171 1269/1538/1338 1272/1539/1171
f 1329/1536/1171 1273/1535/1337 1268/1537/1171
f 1309/1540/1171 1313/1541/1339 1312/1542/1340
f 1312/1542/1340 1329/1536/1171 1268/1537/1171
f 1312/1542/1340 1268/1537/1171 1272/1539/1171
f 1307/1543/1170 1308/1544/1341 1309/1540/1171
f 1309/1540/1171 1312/1542/1340 1272/1539/1171
f 1309/1540/1171 1272/1539/1171 1271/1545/1206
f 1306/1546/1171 1307/1543/1170 1309/1540/1171
f 1304/1547/1207 1305/1548/1342 1306/1546/1171
f 1281/1549/1171 1282/1550/1170 1304/1547/1207
f 1280/1551/1171 1281/1549/1171 1304/1547/1207
f 1304/1547/1207 1306/1546/1171 1309/1540/1171
f 1309/1540/1171 1271/1545/1206 1270/1552/1171
f 1277/1553/1170 1276/1554/1343 1275/1555/1171
f 1309/1540/1171 1270/1552/1171 1277/1553/1170
f 1280/1551/1171 1304/1547/1207 1309/1540/1171
f 1310/1556/1280 1280/1551/1171 1309/1540/1171
f 1309/1540/1171 1277/1553/1170 1275/1555/1171
f 1275/1555/1171 1251/1557/1344 1250/1558/1171
f 1250/1558/1171 1247/1559/1345 1246/1560/1346
f 1246/1560/1346 1245/1561/1171 1243/1562/1171
f 1243/1562/1171 1242/1563/1171 1241/1564/1347
f 1241/1564/1347 1239/1565/1348 1240/1566/1327
f 1243/1562/1171 1241/1564/1347 1240/1566/1327
f 1250/1558/1171 1246/1560/1346 1243/1562/1171
f 1309/1540/1171 1275/1555/1171 1250/1558/1171
f 1311/1567/1280 1310/1556/1280 1309/1540/1171
f 1314/1568/1349 1311/1567/1280 1309/1540/1171
f 1309/1540/1171 1250/1558/1171 1243/1562/1171
f 1243/1562/1171 1240/1566/1327 1244/1569/1171
f 1235/1570/1171 1232/1571/1350 1231/1572/1171
f 1309/1540/1171 1243/1562/1171 1244/1569/1171
f 1309/1540/1171 1244/1569/1171 1235/1570/1171
f 1287/1573/1321 1314/1568/1349 1309/1540/1171
f 1285/1574/1171 1286/1575/1351 1287/1573/1321
f 1279/1576/1171 1283/1577/1352 1284/1578/1171
f 1258/1579/1207 1261/1580/1353 1278/1581/1171
f 1255/1582/1170 1256/1583/1353 1258/1579/1207
f 1252/1584/1171 1254/1585/1354 1255/1582/1170
f 1257/1586/1171 1253/1587/1284 1252/1584/1171
f 1262/1588/1171 1260/1589/1355 1259/1590/1171
f 1259/1590/1171 1257/1586/1171 1252/1584/1171
f 1252/1584/1171 1255/1582/1170 1258/1579/1207
f 1252/1584/1171 1258/1579/1207 1278/1581/1171
f 1262/1588/1171 1259/1590/1171 1252/1584/1171
f 1263/1591/1306 1262/1588/1171 1252/1584/1171
f 1263/1591/1306 1252/1584/1171 1278/1581/1171
f 1267/1592/1170 1263/1591/1306 1278/1581/1171
f 1267/1592/1170 1278/1581/1171 1279/1576/1171
f 1264/1593/1171 1265/1594/1356 1266/1595/1170
f 1266/1595/1170 1267/1592/1170 1279/1576/1171
f 1266/1595/1170 1279/1576/1171 1284/1578/1171
f 1266/1595/1170 1284/1578/1171 1285/1574/1171
f 1287/1573/1321 1309/1540/1171 1235/1570/1171
f 1285/1574/1171 1287/1573/1321 1235/1570/1171
f 1285/1574/1171 1235/1570/1171 1231/1572/1171
f 1266/1595/1170 1285/1574/1171 1231/1572/1171
f 1266/1595/1170 1231/1572/1171 1230/1596/1171
f 1264/1593/1171 1266/1595/1170 1230/1596/1171
f 1264/1593/1171 1230/1596/1171 1229/1597/1171
f 1249/1598/1205 1264/1593/1171 1229/1597/1171
f 1249/1598/1205 1229/1597/1171 1227/1599/1337
f 1248/1600/1205 1249/1598/1205 1227/1599/1337
f 1228/1288/1205 1210/1601/1171 1209/1602/1278
f 1248/1600/1205 1227/1599/1337 1228/1288/1205
f 1236/1603/1171 1238/1604/1357 1237/1605/1170
f 1237/1605/1170 1248/1600/1205 1228/1288/1205
f 1228/1288/1205 1209/1602/1278 1207/1606/1171
f 1207/1606/1171 1204/1607/1358 1202/1608/1171
f 1202/1608/1171 1200/1609/1359 1199/1610/1171
f 1199/1610/1171 1196/1611/1171 1194/1612/1171
f 1194/1612/1171 1191/1613/1171 1192/1614/1275
f 1192/1614/1275 1188/1615/1274 1186/1616/1171
f 1186/1616/1171 1187/1617/1274 1190/1618/1275
f 1190/1618/1275 1189/1619/1171 1193/1620/1171
f 1193/1620/1171 1195/1621/1171 1197/1622/1171
f 1197/1622/1171 1198/1623/1360 1201/1624/1171
f 1201/1624/1171 1203/1625/1361 1206/1626/1362
f 1205/1289/1170 1208/1627/1171 1218/1628/1363
f 1201/1624/1171 1206/1626/1362 1205/1289/1170
f 1193/1620/1171 1197/1622/1171 1201/1624/1171
f 1186/1616/1171 1190/1618/1275 1193/1620/1171
f 1194/1612/1171 1192/1614/1275 1186/1616/1171
f 1202/1608/1171 1199/1610/1171 1194/1612/1171
f 1228/1288/1205 1207/1606/1171 1202/1608/1171
f 1236/1603/1171 1237/1605/1170 1228/1288/1205
f 1233/1629/1171 1234/1630/1364 1236/1603/1171
f 1211/1631/1307 1212/1632/1365 1233/1629/1171
f 1214/1633/1171 1213/1634/1284 1211/1631/1307
f 1215/1635/1290 1216/1636/1171 1214/1633/1171
f 1221/1637/1171 1217/1638/1366 1215/1635/1290
f 1221/1637/1171 1215/1635/1290 1214/1633/1171
f 1214/1633/1171 1211/1631/1307 1233/1629/1171
f 1233/1629/1171 1236/1603/1171 1228/1288/1205
f 1228/1288/1205 1202/1608/1171 1194/1612/1171
f 1194/1612/1171 1186/1616/1171 1193/1620/1171
f 1193/1620/1171 1201/1624/1171 1205/1289/1170
f 1205/1289/1170 1218/1628/1363 1223/1639/1171
f 1205/1289/1170 1223/1639/1171 1224/1640/1367
f 1194/1612/1171 1193/1620/1171 1205/1289/1170
f 1221/1637/1171 1214/1633/1171 1233/1629/1171
f 1222/1641/1368 1221/1637/1171 1233/1629/1171
f 1228/1288/1205 1194/1612/1171 1205/1289/1170
f 1205/1289/1170 1224/1640/1367 1225/1642/1171
f 1226/1643/1171 1220/1644/1369 1219/1290/1206
f 1205/1289/1170 1225/1642/1171 1226/1643/1171
f 1219/1290/1206 1222/1641/1368 1233/1629/1171
f 1205/1289/1170 1226/1643/1171 1219/1290/1206
f 1219/1290/1206 1233/1629/1171 1228/1288/1205
f 1357/1293/1208 1360/1353/1270 1359/1645/1290
f 1359/1645/1290 1353/1646/1370 1352/1647/1340
f 1352/1647/1340 1348/1648/1371 1347/1649/1171
f 1349/1291/1207 1350/1650/1372 1351/1651/1206
f 1352/1647/1340 1347/1649/1171 1349/1291/1207
f 1357/1293/1208 1359/1645/1290 1352/1647/1340
f 1355/1652/1170 1356/1653/1373 1357/1293/1208
f 1349/1291/1207 1351/1651/1206 1354/1292/1171
f 1354/1292/1171 1355/1652/1170 1357/1293/1208
f 1357/1293/1208 1352/1647/1340 1349/1291/1207
f 1201/1193/1093 938/895/1092 933/806/1089
f 1384/1037/909 1383/1287/1204 868/978/851
f 1217/1215/1127 984/882/1105 989/883/1130
f 1253/1296/1211 1252/1343/1259 1022/863/954
f 1382/1299/1215 1385/975/848 832/974/847
f 1242/1159/1053 1241/1162/1056 1166/1161/1055
f 1286/1267/1185 1287/1059/941 1032/846/939
f 1362/1243/1158 788/1244/535 783/948/821
f 1458/1286/1203 1457/1248/1163 1130/1247/1162
f 1423/920/793 697/919/792 709/1276/1194
f 1268/1144/1038 1144/1143/1037 1143/1140/1034
f 1276/1303/1219 1275/1349/1265 1152/1150/1044
f 1439/1309/1225 1106/1226/1140 1105/1006/878
f 1421/1311/1227 1420/910/784 690/911/785
f 1274/1141/1035 1143/1140/1034 1142/1139/1033
f 1463/990/863 1126/989/862 1125/1313/1229
f 1471/1008/880 1108/1007/879 1107/1225/1139
f 1430/1300/1216 1096/993/866 1095/1316/1232
f 1211/1201/1109 906/876/1108 912/879/1168
f 1477/1023/895 1115/1024/896 1114/1027/899
f 1346/1090/984 1136/1089/983 1137/1103/997
f 1257/1069/958 1253/1296/1211 1021/864/1212
f 1302/1281/1198 1301/1348/1264 1173/1130/1024
f 1465/1265/1183 1464/1314/1230 1125/1313/1229
f 1283/1245/1159 1002/849/1160 1008/851/946
f 1483/1028/900 1112/1025/897 1111/1032/904
f 1295/1269/1187 1171/1129/1023 1175/1126/1020
f 1408/1305/1221 1409/1337/1253 1092/979/852
f 1256/1067/953 1016/854/952 1015/861/956
f 1248/1077/972 899/869/971 926/871/1113
f 1224/1198/1102 970/888/1101 973/890/1100
f 1436/1326/1242 1437/1338/1254 1100/1000/872
f 1428/1295/1210 1431/1317/1233 1095/1316/1232
f 1424/921/794 1425/1332/1248 698/922/795
f 1405/1266/1184 1407/1330/1246 660/896/770
f 1260/1070/960 876/866/957 881/867/963
f 1281/1056/935 1282/1212/1124 1058/842/1123
o hilt
v 8.114864 -9.888712 2.847061
v 7.649797 -10.485469 3.278690
v -3.294625 -9.041822 0.579080
v -3.597158 -10.573669 1.242241
v 7.492481 -11.282029 3.623538
v 7.676192 -12.109880 3.808646
v -2.555375 -10.657034 -2.814669
v 8.261364 -11.821698 0.471114
v 8.641308 -11.038960 0.430259
v 8.202638 -13.260130 1.391844
v 8.104048 -12.618258 0.815957
v -2.857907 -12.188881 -2.151508
v 20.302517 -12.306500 3.611952
v 19.584011 -12.252550 3.131065
v 19.418404 -13.258331 3.370716
v 19.216740 -14.112205 3.936142
v 19.973969 -13.970083 4.332146
v 18.438087 -11.795772 2.491724
v 18.697567 -13.250267 3.060502
v 20.815542 -12.283671 6.259459
v 20.944901 -11.796922 5.906617
v 21.211187 -12.307835 5.958869
v 21.152494 -12.605008 6.087526
v 20.731314 -12.878402 6.374807
v 21.432503 -12.791397 4.942851
v 21.251337 -12.466469 4.499825
v 21.173710 -13.066240 4.615193
v 21.211000 -12.460471 6.031474
v 21.432320 -12.944033 5.015456
v 20.481567 -11.588383 5.986001
v 20.241360 -12.804667 6.512550
v 20.883604 -12.466807 4.140333
v 20.028557 -12.048623 6.443367
v 20.546492 -13.180272 4.065641
v 19.789169 -11.184868 5.968632
v 19.460617 -12.848451 6.688827
v 18.734158 -11.763300 6.511957
v 19.312389 -10.798622 5.818815
v 18.969172 -10.909167 5.953669
v 18.601898 -12.768823 6.758746
v 18.868881 -13.044303 6.791009
v 19.873543 -12.024693 3.242692
v 21.398613 -12.422829 6.039115
v 21.408470 -12.243798 6.005836
v 21.498383 -12.352670 5.717260
v 21.406712 -12.838444 5.924659
v 21.323153 -12.675780 6.192847
v 21.375622 -12.539252 6.089514
v 21.609041 -12.594454 5.209251
v 21.641571 -12.753112 4.935708
v 21.615347 -12.896379 5.044132
v 20.079388 -14.235586 4.339777
v 19.408024 -14.561167 4.149359
v 19.315239 -14.805740 4.835299
v 21.073254 -13.625733 5.403385
v 21.178381 -13.772109 4.948330
v 20.716024 -13.961914 4.620100
v 18.887669 -13.871522 6.798192
v 18.778778 -13.186310 7.038097
v 19.518238 -13.009515 6.915900
v 19.660248 -13.729829 6.332283
v 20.900391 -13.248040 6.196961
v 20.256020 -13.501430 6.211660
v 20.247202 -12.937568 6.772375
v 21.196871 -11.746837 5.547065
v 21.091740 -11.600462 6.002120
v 20.566067 -11.323004 6.073405
v 19.926048 -10.944589 6.021955
v 19.307604 -10.508646 5.878892
v 19.597404 -10.277817 5.242415
v 20.444004 -11.455686 4.053517
v 20.014723 -10.953659 3.567899
v 20.024979 -11.212034 3.279517
v 19.439640 -10.370903 4.842596
v 19.727091 -10.998962 3.522974
v 19.727930 -10.327030 4.884512
v 19.001015 -14.675385 5.114565
v 18.713566 -14.047331 6.434182
v 19.262024 -14.764880 5.217843
v 18.975229 -14.138256 6.534457
v 21.607899 -12.296618 5.584234
v 21.673374 -12.439685 5.283639
v 21.369736 -12.124530 4.753484
v 20.818253 -12.985247 6.601617
v 21.451870 -12.387323 4.348833
v 20.487202 -12.170660 3.445831
v 20.863052 -11.770916 4.436525
v 21.034893 -12.347355 3.921129
v 21.439653 -11.985184 4.855572
v 21.319172 -11.721941 5.408670
v 20.988205 -13.397778 6.134170
v 21.468128 -13.004334 5.890618
v 15.233211 -16.108082 5.259092
v 14.966669 -15.921968 5.671563
v 15.042015 -15.690336 6.136834
v 15.911434 -16.221209 4.951339
v 15.546064 -15.422900 6.628679
v 18.391850 -16.134636 5.423628
v 18.017967 -15.317729 7.140046
v 18.351864 -8.167084 4.012478
v 16.943760 -8.345786 3.564870
v 19.296467 -8.844162 4.337526
v 19.621830 -8.501162 4.471089
v 18.795151 -9.135636 1.977433
v 19.670349 -9.661070 2.621108
v 17.309130 -9.144094 1.887534
v 21.432320 -12.944033 5.015456
v 21.211000 -12.460471 6.031474
v 21.324104 -12.276439 6.022139
v 21.408470 -12.243798 6.005836
v 21.398613 -12.422829 6.039115
v 21.375622 -12.539252 6.089514
v 21.323153 -12.675780 6.192847
v 21.256336 -12.619574 6.170686
v 21.615347 -12.896379 5.044132
v 21.641571 -12.753112 4.935708
v 21.563755 -12.800059 4.921950
v 21.091740 -11.600462 6.002120
v 21.014862 -11.691562 6.051707
v 20.782516 -12.868021 6.561016
v 20.818253 -12.985247 6.601617
v 21.382851 -12.495593 4.362347
v 21.451870 -12.387323 4.348833
v 20.566067 -11.323004 6.073405
v 20.526861 -11.451511 6.114534
v 20.257004 -12.817916 6.706071
v 20.247202 -12.937568 6.772375
v 20.991760 -12.467276 3.980295
v 21.034893 -12.347355 3.921129
v 19.926048 -10.944589 6.021955
v 19.856514 -11.044291 6.081071
v 19.494081 -12.879438 6.875534
v 19.518238 -13.009515 6.915900
v 20.426830 -12.290396 3.462862
v 20.487202 -12.170660 3.445831
v 19.307604 -10.508646 5.878892
v 19.328773 -10.644790 5.955960
v 18.853798 -13.049782 6.997123
v 18.778778 -13.186310 7.038097
v 19.959986 -12.023941 3.058201
v 19.936848 -11.883504 2.990154
v 18.995079 -10.506454 5.932324
v 18.959772 -10.745792 6.057690
v 18.554379 -12.798470 6.946325
v 18.492878 -13.049314 7.033171
v 19.636816 -12.225094 2.949513
v 19.665577 -11.971445 2.854204
v 20.210247 -10.944942 5.126654
v 17.421375 -8.880006 1.568016
v 16.489328 -8.362000 2.964272
v 16.428499 -8.520100 2.467167
v 16.680523 -8.779751 2.086530
v 16.869459 -15.673112 7.261969
v 15.448178 -15.686481 6.947252
v 18.681278 -16.528868 5.452200
v 17.312746 -16.641670 5.226929
v 20.677750 -11.366040 5.287215
v 19.936848 -11.883504 2.990154
v 19.317677 -10.324161 5.207368
v 18.635162 -13.779999 6.703466
v 19.746559 -11.261238 3.238458
v 19.094669 -10.234795 5.242634
v 18.402475 -13.739652 6.759947
v 19.566113 -11.264864 3.078335
v 19.597404 -10.277817 5.242415
v 18.887669 -13.871522 6.798192
v 20.024979 -11.212034 3.279517
v 19.317677 -10.324161 5.207368
v 18.635162 -13.779999 6.703466
v 19.746559 -11.261238 3.238458
v 19.374878 -10.314239 4.839811
v 18.634888 -14.061123 6.461902
v 19.675425 -10.970908 3.460073
v 19.094669 -10.234795 5.242634
v 18.402475 -13.739652 6.759947
v 19.566113 -11.264864 3.078335
v 19.094669 -10.234795 5.242634
v 19.455488 -9.879806 5.324609
v 19.374878 -10.314239 4.839811
v 18.634888 -14.061123 6.461902
v 18.638046 -14.018843 7.116470
v 18.402475 -13.739652 6.759947
v 19.675425 -10.970908 3.460073
v 19.985863 -11.038637 2.889765
v 19.566113 -11.264864 3.078335
v 19.696091 -10.516307 4.129006
v 18.901037 -14.541990 5.871794
v 20.648479 -10.198965 5.487452
v 21.329824 -10.874186 4.655201
v 20.620087 -14.467881 6.210973
v 19.880653 -14.086776 7.170555
v 21.094385 -11.173231 3.440387
v 21.157932 -10.397144 5.505104
v 20.423384 -14.116463 7.115260
v 21.539017 -11.229787 3.755622
v 21.657761 -10.696958 5.431160
v 22.011333 -11.216000 4.966337
v 21.411713 -14.252109 6.280719
v 20.977669 -14.140537 6.921943
v 21.927532 -11.286383 4.192700
v 22.173836 -11.222016 5.165437
v 21.593578 -14.160088 6.437380
v 22.229492 -11.343620 4.909925
v 22.167103 -11.194595 5.078158
v 22.197876 -11.261841 4.936873
v 22.265076 -11.206013 4.940256
v 22.197876 -11.261841 4.936873
v 22.239538 -11.150214 5.057496
v 22.167103 -11.194595 5.078158
v 21.565668 -14.239901 6.396520
v 22.173836 -11.222016 5.165437
v 22.290047 -11.138767 5.124323
v 21.616928 -14.302747 6.422282
v 21.669857 -14.279047 6.483804
v 21.565668 -14.239901 6.396520
v 21.593578 -14.160088 6.437380
v 22.265076 -11.206013 4.940256
v 22.336536 -11.240347 4.910897
v 22.197876 -11.261841 4.936873
v 22.229492 -11.343620 4.909925
v 21.157932 -10.397144 5.505104
v 20.648479 -10.198965 5.487452
v 21.417095 -9.892616 5.512905
v 20.987904 -9.264124 5.449630
v 19.892132 -14.812460 7.851604
v 19.880653 -14.086776 7.170555
v 20.504662 -14.512656 7.513002
v 20.423384 -14.116463 7.115260
v 21.547741 -10.487337 2.879519
v 21.094385 -11.173231 3.440387
v 21.864313 -10.869752 3.459828
v 21.539017 -11.229787 3.755622
v 21.657761 -10.696958 5.431160
v 21.852690 -10.620169 5.437072
v 21.136898 -14.244508 7.006114
v 20.977669 -14.140537 6.921943
v 22.122458 -11.209599 4.198612
v 21.927532 -11.286383 4.192700
v 22.151089 -10.800574 5.243282
v 21.447401 -14.363636 6.785794
v 22.303656 -11.133911 4.542887
v 21.918514 -10.386370 5.382265
v 21.115593 -14.451877 7.142292
v 22.202690 -11.007271 4.077671
v 21.695772 -9.970989 5.415604
v 20.777287 -14.621663 7.428966
v 22.076202 -10.802198 3.669130
v 21.411091 -9.493141 5.382743
v 20.352228 -14.854585 7.703804
v 21.879259 -10.516053 3.233471
v 21.157425 -9.093262 5.340139
v 19.980577 -15.052131 7.919834
v 21.695004 -10.267829 2.872231
v 21.058975 -9.012264 5.326098
v 19.860346 -15.081425 7.953542
v 21.611614 -10.219742 2.789052
v 19.508163 -8.645440 5.162189
v 19.455488 -9.879806 5.324609
v 18.638046 -14.018843 7.116470
v 18.267181 -14.929057 7.882476
v 19.985863 -11.038637 2.889765
v 20.179972 -10.113290 2.078057
v 19.652023 -8.587654 5.100922
v 18.374733 -15.055095 7.900786
v 20.301565 -10.006864 2.118997
v 19.094669 -10.234795 5.242634
v 18.402475 -13.739652 6.759947
v 19.566113 -11.264864 3.078335
v 11.482079 -9.846586 3.560487
v 12.026182 -10.457295 4.463668
v 9.600134 -10.250266 3.783063
v 9.313334 -11.702450 4.411739
v 11.747248 -11.869657 5.075105
v 10.915133 -12.717263 4.803250
v 10.277180 -11.729563 0.674892
v 12.721561 -11.976650 1.271325
v 12.008525 -10.996836 1.143684
v 9.702701 -9.660432 3.091948
v 9.123049 -12.595440 4.362566
v 10.232421 -10.817834 0.660113
v 10.703068 -9.614277 3.073428
v 10.042944 -12.956755 4.520447
v 11.159451 -10.611442 0.978271
v 12.382788 -9.808834 3.911038
v 11.794663 -12.786735 5.200225
v 12.968163 -11.087840 1.223701
v 11.252389 -9.540247 2.809374
v 10.496060 -13.369848 4.467279
v 11.589602 -10.277034 1.261298
v 11.828010 -9.586204 2.757496
v 11.043243 -13.559804 4.477739
v 12.096472 -10.172774 1.525048
v 12.428219 -9.542728 2.871374
v 11.606542 -13.703210 4.672516
v 12.697986 -10.132154 1.632915
v 13.031302 -9.302265 3.719305
v 12.897405 -9.306050 2.903059
v 11.974683 -13.978172 4.925701
v 12.212651 -13.447430 5.513816
v 13.181580 -9.926951 1.598470
v 13.585902 -10.514030 1.173242
v 12.662107 -10.310298 4.555205
v 12.308146 -12.102558 5.331109
v 13.365345 -11.846828 1.326790
v 13.417191 -9.562144 4.371268
v 12.748596 -12.947515 5.836857
v 14.123050 -11.104393 1.130823
v 14.325963 -8.907033 4.242113
v 14.141405 -8.514197 3.589875
v 12.980290 -14.393408 6.135086
v 13.370568 -13.744593 6.336378
v 14.696663 -9.727393 1.040804
v 15.026582 -10.437835 1.025722
v 11.555582 -9.532761 2.400828
v 10.721200 -13.757584 4.229824
v 11.731063 -9.916178 1.595227
v 11.691188 -9.650679 1.973334
v 12.094942 -9.713262 2.091068
v 11.240593 -14.039186 3.963838
v 10.825947 -14.031744 3.869973
v 12.094942 -9.713262 2.091068
v 11.691188 -9.650679 1.973334
v 11.359433 -9.880871 2.010628
v 10.595238 -13.750306 3.685772
v 11.359433 -9.880871 2.010628
v 11.050519 -9.733734 2.574106
v 10.337149 -13.345815 4.137838
v 11.290170 -10.257354 1.473917
v 14.083358 -8.496256 2.841079
v 12.815146 -14.917735 5.621050
v 14.390451 -9.167227 1.431279
v 12.517099 -9.699539 2.176494
v 11.643388 -14.123502 4.091703
v 12.517099 -9.699539 2.176494
v 16.534233 -7.694336 3.337940
v 16.862450 -7.726798 3.907402
v 15.378166 -8.004535 3.612878
v 13.977444 -15.096966 6.683312
v 15.318933 -15.542257 7.290854
v 14.921134 -15.862125 6.873919
v 15.932768 -9.216301 1.066816
v 17.452408 -9.015816 1.199020
v 16.959187 -8.622830 1.387062
v 15.282285 -8.188363 2.059602
v 16.249094 -7.928393 2.146468
v 15.270868 -7.968904 2.856426
v 16.238388 -7.747211 2.751040
v 14.579302 -16.147837 6.387823
v 14.563387 -16.463820 5.841603
v 13.760027 -15.618932 6.168255
v 13.729692 -16.049784 5.462949
v 16.475418 -8.265107 1.662876
v 16.249094 -7.928393 2.146468
v 15.580579 -8.645604 1.434601
v 15.282285 -8.188363 2.059602
v 15.147282 -8.538764 4.261065
v 14.023679 -14.228025 6.724048
v 15.853792 -10.082442 1.017617
v 16.095499 -8.300741 4.358163
v 14.847858 -14.618061 7.093040
v 16.803320 -9.847283 1.108697
v 14.160258 -8.678066 2.048260
v 12.985131 -9.487233 2.177400
v 12.014006 -14.404447 4.306150
v 12.835777 -15.384471 4.951583
v 12.985131 -9.487233 2.177400
v 14.160258 -8.678066 2.048260
v 16.982016 -7.920035 3.585019
v 16.862450 -7.726798 3.907402
v 16.534233 -7.694336 3.337940
v 14.921134 -15.862125 6.873919
v 15.318933 -15.542257 7.290854
v 15.448178 -15.686481 6.947252
v 16.959187 -8.622830 1.387062
v 17.452408 -9.015816 1.199020
v 17.421375 -8.880006 1.568016
v 16.238388 -7.747211 2.751040
v 16.249094 -7.928393 2.146468
v 16.431862 -8.115379 2.275274
v 14.813318 -16.310740 5.823188
v 14.563387 -16.463820 5.841603
v 14.579302 -16.147837 6.387823
v 16.431862 -8.115379 2.275274
v 16.249094 -7.928393 2.146468
v 16.475418 -8.265107 1.662876
v 16.492889 -7.920269 2.892673
v 14.893705 -16.017586 6.398144
v 16.731232 -8.441025 1.798497
v 19.568674 -9.509070 4.383935
v 19.829277 -10.078472 3.187556
v 20.817612 -9.920610 4.871003
v 19.720110 -9.367522 4.701869
v 19.759899 -9.491427 4.520587
v 18.685911 -14.929471 6.874811
v 18.634022 -14.866838 7.082619
v 19.862823 -14.755102 6.963939
v 20.055859 -10.138086 3.161893
v 20.101196 -10.200166 2.952387
v 21.085419 -10.505742 3.641559
v 21.893078 -10.900301 4.426518
v 21.768669 -10.628477 4.997653
v 22.141460 -10.944648 4.593635
v 22.049137 -10.742928 5.017478
v 21.878487 -10.404940 5.190910
v 20.999634 -14.522424 6.683412
v 21.056808 -14.565426 6.992057
v 21.301884 -14.526579 6.655488
v 22.097183 -10.882783 4.186912
v 21.478603 -9.737993 5.203796
v 20.469963 -14.845156 7.414774
v 21.840042 -10.527714 3.544497
v 21.099964 -9.173299 5.155087
v 19.926142 -15.116850 7.728151
v 21.564861 -10.189063 3.020848
v 19.558443 -8.712615 4.891092
v 18.298096 -15.094276 7.653823
v 20.122868 -9.945840 2.299941
v 22.265076 -11.206013 4.940256
v 22.239538 -11.150214 5.057496
v 22.151089 -10.800574 5.243282
v 22.290047 -11.138767 5.124323
v 21.669857 -14.279047 6.483804
v 21.616928 -14.302747 6.422282
v 21.447401 -14.363636 6.785794
v 22.336536 -11.240347 4.910897
v 22.303656 -11.133911 4.542887
v 21.918514 -10.386370 5.382265
v 21.115593 -14.451877 7.142292
v 22.202690 -11.007271 4.077671
v 21.695772 -9.970989 5.415604
v 20.777287 -14.621663 7.428966
v 22.076202 -10.802198 3.669130
v 21.411091 -9.493141 5.382743
v 20.352228 -14.854585 7.703804
v 21.879259 -10.516053 3.233471
v 21.157425 -9.093262 5.340139
v 19.980577 -15.052131 7.919834
v 21.695004 -10.267829 2.872231
v 21.058975 -9.012264 5.326098
v 19.860346 -15.081425 7.953542
v 21.611614 -10.219742 2.789052
v 19.652023 -8.587654 5.100922
v 18.374733 -15.055095 7.900786
v 20.301565 -10.006864 2.118997
v 19.508163 -8.645440 5.162189
v 18.267181 -14.929057 7.882476
v 20.179972 -10.113290 2.078057
v 19.524807 -8.332571 5.024566
v 18.162207 -15.231994 8.011442
v 20.199234 -9.806145 1.928409
v 19.493107 -8.272141 4.759128
v 18.076651 -15.444229 7.864051
v 20.088957 -9.574035 2.023688
v 18.230789 -15.544574 7.520305
v 20.072319 -9.485451 2.402980
v 18.492872 -14.956299 6.742134
v 16.982016 -7.920035 3.585019
v 18.711597 -8.051601 4.495417
v 17.237061 -15.517805 7.727668
v 19.311378 -9.362083 1.741946
v 17.737547 -7.854733 4.193372
v 16.218840 -15.544584 7.522447
v 18.338638 -9.168074 1.433894
v 16.862450 -7.726798 3.907402
v 15.318933 -15.542257 7.290854
v 17.452408 -9.015816 1.199020
v 19.524807 -8.332571 5.024566
v 19.171619 -8.406162 5.101370
v 19.493107 -8.272141 4.759128
v 18.076651 -15.444229 7.864051
v 17.865894 -15.017597 7.963579
v 18.162207 -15.231994 8.011442
v 20.088957 -9.574035 2.023688
v 19.886642 -9.968439 1.818845
v 20.199234 -9.806145 1.928409
v 18.143003 -8.282780 4.795614
v 18.711597 -8.051601 4.495417
v 17.237061 -15.517805 7.727668
v 16.820938 -14.976931 7.693627
v 19.311378 -9.362083 1.741946
v 18.850168 -9.827887 1.549157
v 17.065521 -8.243544 4.542235
v 17.737547 -7.854733 4.193372
v 16.218840 -15.544584 7.522447
v 15.764029 -14.833534 7.395154
v 18.338638 -9.168074 1.433894
v 17.772688 -9.788656 1.295778
v 11.361324 -11.082959 4.720021
v 12.092063 -12.679571 1.365349
v 9.317278 -10.891569 4.229630
v 10.064385 -12.523946 0.799813
v 11.843854 -11.133871 4.822552
v 12.565426 -12.710454 1.509966
v 12.560804 -10.676958 4.608080
v 12.442270 -11.238684 4.853440
v 12.338747 -11.801331 5.094840
v 13.113423 -12.705104 1.772311
v 13.229993 -12.139085 1.535977
v 13.194552 -11.370409 4.892347
v 13.357313 -10.830890 4.563798
v 13.127388 -11.995086 5.067802
v 13.926973 -12.075561 1.948598
v 13.800880 -12.695196 2.108820
v 14.049910 -10.823438 4.879616
v 13.885942 -11.375957 5.194945
v 13.357313 -10.830890 4.563798
v 13.194552 -11.370409 4.892347
v 13.127388 -11.995086 5.067802
v 13.818171 -11.996829 5.387595
v 13.800880 -12.695196 2.108820
v 14.543344 -12.812332 2.176947
v 13.926973 -12.075561 1.948598
v 14.677846 -12.195436 1.996890
v 14.595050 -11.105648 5.465848
v 14.501266 -11.580518 5.671429
v 14.446104 -13.368828 2.504869
v 15.243134 -13.201452 2.265656
v 15.155924 -10.590202 5.384820
v 14.969498 -11.317460 5.824374
v 14.849157 -12.143488 6.057266
v 15.771606 -13.070015 2.142059
v 15.911544 -12.241178 1.915927
v 15.336918 -12.726583 2.060075
v 15.994524 -10.231472 5.320170
v 15.869742 -11.387619 6.073011
v 15.509869 -12.685489 6.382558
v 16.677744 -13.153046 2.363639
v 16.723953 -11.825225 1.971516
v 16.857199 -10.100588 5.399838
v 16.856411 -11.481662 6.305883
v 16.286625 -12.989645 6.650561
v 17.655247 -13.227060 2.638602
v 17.570913 -11.660001 2.123320
v 17.763662 -10.322193 5.587875
v 17.233019 -13.009051 6.751060
v 17.961592 -11.642203 6.439218
v 15.064968 -10.490047 5.470520
v 14.743681 -12.116864 6.174800
v 15.872972 -12.255473 1.761153
v 15.589672 -10.228897 5.445211
v 15.146766 -12.471515 6.416076
v 16.392437 -11.982882 1.759888
v 16.201096 -10.041228 5.454611
v 15.660774 -12.777101 6.639015
v 16.992077 -11.769461 1.823392
v 16.843451 -9.992927 5.529417
v 16.257143 -12.961641 6.814625
v 17.620022 -11.689684 1.964338
v 17.496861 -10.116832 5.654129
v 16.926287 -13.005889 6.904853
v 18.247244 -11.756361 2.209285
v 18.086838 -10.328035 5.791255
v 17.565273 -12.968934 6.934545
v 18.805790 -11.898900 2.490693
v 18.203579 -10.102989 5.713400
v 17.591858 -13.200377 7.054316
v 18.924496 -11.678143 2.403827
v 17.576435 -9.899322 5.567946
v 16.918732 -13.229546 7.009655
v 18.327469 -11.540280 2.120093
v 16.883142 -9.782001 5.418528
v 16.210314 -13.188820 6.893396
v 17.653824 -11.465882 1.880496
v 16.169357 -9.857450 5.352568
v 15.557638 -12.954837 6.693479
v 16.958370 -11.581389 1.730370
v 15.532650 -10.059908 5.340862
v 15.024397 -12.633401 6.454978
v 16.331484 -11.805305 1.673580
v 14.976763 -10.373095 5.387983
v 14.611912 -12.220496 6.187757
v 15.782803 -12.134233 1.687637
v 14.443983 -10.906339 5.544873
v 14.306633 -11.601797 5.845947
v 15.255913 -12.680347 1.817465
v 14.056666 -10.686736 5.007506
v 13.798305 -11.994936 5.573849
v 14.750080 -12.201802 1.824184
v 16.072746 -9.541702 4.484280
v 17.404213 -9.616045 4.763740
v 16.554098 -13.920521 6.627225
v 15.244413 -13.735891 6.300015
v 17.938517 -10.783464 2.310859
v 16.623421 -10.744885 1.956254
v 14.719807 -9.982227 4.403068
v 14.107484 -13.082678 5.745304
v 15.271790 -11.188274 1.869025
v 14.719807 -9.982227 4.403068
v 14.107484 -13.082678 5.745304
v 15.271790 -11.188274 1.869025
v 16.072746 -9.541702 4.484280
v 15.244413 -13.735891 6.300015
v 16.623421 -10.744885 1.956254
v 17.404213 -9.616045 4.763740
v 16.554098 -13.920521 6.627225
v 17.938517 -10.783464 2.310859
v -7.073492 -8.303949 -0.664172
v -9.068687 -8.697876 -1.156386
v -8.276548 -8.191516 -1.699691
v -8.853172 -11.111212 -0.435708
v -9.275999 -10.073570 -0.497010
v -7.546652 -10.699752 0.373011
v -7.807724 -9.215862 -3.851966
v -8.333817 -10.064734 -4.056565
v -6.358469 -9.866232 -3.946697
v -7.829271 -9.315838 0.047236
v -6.979362 -11.172828 -3.854522
v -7.709877 -8.080188 -1.583277
v -8.342167 -11.281740 -0.197272
v -7.224680 -9.140308 -3.810707
v -11.260843 -9.274998 -2.144270
v -11.488647 -9.188352 -2.499369
v -10.354811 -8.975085 -1.741163
v -10.553272 -9.979971 -1.306133
v -11.653273 -10.024054 -2.152803
v -11.360680 -9.780512 -1.925425
v -9.872234 -10.029478 -3.956569
v -11.243607 -9.785014 -3.739772
v -10.898094 -10.067583 -3.809582
v -6.909414 -7.440642 -1.502683
v -7.787966 -11.889117 0.423136
v -6.352848 -8.656702 -4.057761
v -9.398031 -8.385396 -2.077643
v -9.883448 -10.858490 -0.964219
v -8.988684 -9.190310 -3.845655
v -10.334049 -8.669354 -2.318709
v -10.711758 -10.560743 -1.470166
v -9.991446 -9.417329 -3.864125
v -11.318920 -9.512119 -1.998114
v -11.808762 -9.430822 -2.511140
v -11.890490 -9.596549 -2.453896
v -11.874714 -9.764761 -2.366573
v -11.639053 -10.145922 -3.608190
v -10.940456 -10.339034 -3.735567
v -11.556015 -9.983054 -3.671446
v -10.437017 -9.425368 -1.395415
v -9.904024 -10.589923 -3.842283
v -9.422863 -9.325198 -0.701371
v -8.711767 -10.878887 -3.965859
v -11.881927 -9.474506 -2.732226
v -12.376507 -9.681816 -3.254441
v -11.627636 -9.244299 -3.299550
v -11.875107 -10.497349 -2.757082
v -12.429148 -9.948356 -3.139054
v -11.959980 -9.869719 -2.561130
v -11.627636 -9.244299 -3.299550
v -12.376507 -9.681816 -3.254441
v -11.706448 -9.857918 -3.537822
v -11.965778 -9.672585 -2.663871
v -12.448954 -9.812699 -3.207933
v -12.448954 -9.812699 -3.207933
v -11.792917 -10.050279 -3.457452
v -10.897394 -8.951624 -3.279775
v -11.283426 -10.906254 -2.433583
v -10.897394 -8.951624 -3.279775
v -10.019833 -8.671551 -3.221920
v -10.543213 -11.321639 -2.074649
v -10.019833 -8.671551 -3.221920
v -9.388830 -8.510567 -3.161085
v -9.996315 -11.586514 -1.829454
v -9.388830 -8.510567 -3.161085
v -8.789576 -8.409191 -3.078802
v -9.455750 -11.782308 -1.618519
v -8.789576 -8.409191 -3.078802
v -7.967087 -8.174221 -2.360456
v -8.661699 -11.691338 -0.837838
v -7.744459 -8.660647 -3.382491
v -8.151499 -8.364092 -2.961278
v -8.856398 -11.933285 -1.416111
v -8.151499 -8.364092 -2.961278
v -6.906376 -7.464552 -1.712751
v -7.806711 -12.023314 0.260817
v -6.425110 -8.516086 -3.922140
v -7.711889 -7.787209 -2.634581
v -7.037947 -7.197654 -2.067576
v -8.064741 -12.396729 0.183196
v -8.585602 -12.211171 -0.719373
v -6.625435 -8.098967 -3.961342
v -7.539026 -8.164902 -3.428163
v -7.344713 -6.700444 -2.838239
v -7.717161 -6.889148 -3.201024
v -8.958147 -13.172766 -0.480732
v -8.620186 -13.158694 -0.042349
v -7.591444 -7.163832 -3.778166
v -7.091967 -7.252675 -3.998541
v -7.972834 -8.251648 -2.975873
v -8.727953 -12.075128 -1.320623
v -7.972834 -8.251648 -2.975873
v -7.856104 -7.862857 -3.135487
v -8.765512 -12.467574 -1.142025
v -7.856104 -7.862857 -3.135487
v -7.837843 -7.079322 -3.504424
v -9.052811 -13.231199 -0.841166
v -7.837843 -7.079322 -3.504424
v -7.789139 -6.355840 -3.711773
v -9.269125 -13.849620 -0.467587
v -7.745924 -6.450267 -3.910170
v -7.803326 -6.331448 -3.852843
v -9.309328 -13.956958 -0.551623
v -7.803326 -6.331448 -3.852843
v -6.623104 -7.444613 -1.346520
v -6.277802 -7.953374 -0.715143
v -6.920984 -11.210072 0.694736
v -7.496212 -11.865512 0.567364
v -5.582423 -9.472729 -3.907486
v -6.034454 -8.730771 -4.048889
v -6.308155 -8.638083 -0.062712
v -6.637915 -10.307793 0.660138
v -5.498842 -10.406379 -3.778091
v -6.119698 -8.469855 -0.178319
v -6.532352 -10.559289 0.726237
v -5.336577 -10.180919 -3.773464
v -6.482962 -7.414825 -1.552275
v -7.403263 -12.074694 0.465062
v -5.970921 -8.533599 -3.902948
v -6.129425 -8.021974 -0.849310
v -6.778656 -11.309311 0.573830
v -5.501488 -9.393972 -3.732041
v -5.838858 -8.534122 -0.320156
v -6.267847 -10.706277 0.620209
v -5.135619 -10.070646 -3.548571
v -5.718374 -7.979908 -0.929147
v -6.418434 -11.524590 0.605410
v -5.142166 -9.238885 -3.574404
v -5.742825 -7.421814 -1.751534
v -6.736338 -12.452392 0.426289
v -5.355192 -8.268763 -3.531073
v -6.840096 -7.096557 -2.064931
v -6.221903 -6.824379 -2.733805
v -7.513712 -13.365346 0.097894
v -7.912270 -12.525415 0.285314
v -6.036598 -7.229254 -3.584495
v -6.424309 -8.005023 -3.973725
v -5.622623 -7.273237 -2.316876
v -6.749857 -12.980888 0.154061
v -5.412437 -7.732486 -3.281798
v -7.681847 -6.268167 -3.703325
v -7.669138 -6.258813 -3.858183
v -9.208420 -14.052830 -0.484020
v -9.195110 -13.930443 -0.386191
v -7.669138 -6.258813 -3.858183
v -7.628809 -6.384048 -3.946807
v -6.786451 -6.523729 -3.130078
v -8.194433 -13.652921 -0.043724
v -6.646328 -6.829883 -3.773354
v -6.083561 -6.877383 -3.218403
v -6.724569 -6.532794 -3.522037
v -8.188217 -13.943852 -0.313661
v -7.434668 -13.718592 -0.256727
v -6.724569 -6.532794 -3.522037
v -6.083561 -6.877383 -3.218403
v -5.480095 -7.327796 -2.872584
v -6.676910 -13.387766 -0.249115
v -5.480095 -7.327796 -2.872584
v -1.424207 -8.653086 -1.358345
v -2.862696 -8.164568 -1.467631
v -2.522529 -8.331684 -1.750558
v -3.427098 -12.911890 0.232295
v -3.760003 -12.708013 0.499307
v -2.241041 -12.789061 0.432192
v -2.713405 -8.490751 -2.152992
v -2.653971 -8.387104 -0.879690
v -3.410905 -12.219779 0.779540
v -2.355390 -9.039481 -2.250413
v -3.349475 -8.061503 -1.278059
v -4.223186 -12.485467 0.637150
v -3.082323 -8.645210 -2.504500
v -1.621280 -8.406023 -0.990390
v -2.453847 -12.621655 0.834631
v -1.439904 -8.802315 -1.823043
v -3.761196 -8.182565 -0.582521
v -2.946539 -8.569223 -0.270823
v -3.541921 -11.583890 1.034279
v -4.472752 -11.785460 0.977235
v -2.446939 -9.660815 -2.564383
v -3.245228 -9.309921 -2.951226
v -3.800736 -8.635388 0.141364
v -3.988275 -8.409514 -0.160172
v -4.553404 -11.271001 1.078611
v -4.263005 -10.976044 1.154678
v -3.347242 -9.810124 -3.103016
v -3.107322 -10.150449 -3.041957
v -2.814318 -8.457926 -0.187768
v -3.441769 -11.634971 1.187633
v -2.278705 -9.628209 -2.646656
v -2.486151 -8.286182 -0.760955
v -3.270312 -12.256719 0.957958
v -2.142390 -9.037279 -2.339092
v -1.266748 -8.563755 -1.366564
v -2.122911 -12.898870 0.510181
v -3.865006 -8.279612 -0.689152
v -3.465622 -8.174729 -1.410313
v -4.313920 -12.470016 0.449187
v -4.552963 -11.763025 0.818881
v -3.253471 -8.638262 -2.384256
v -3.393562 -9.309682 -2.853447
v -4.377181 -8.509003 0.005430
v -4.861836 -10.963018 1.067817
v -3.667396 -10.059833 -3.253047
v -5.342271 -8.654580 0.140214
v -5.299699 -8.253949 -0.286274
v -4.692122 -8.698568 0.222357
v -5.848492 -11.032714 0.916705
v -5.066052 -10.591930 1.042025
v -5.699863 -10.465216 0.924072
v -4.579437 -9.827673 -3.592843
v -3.915548 -10.395326 -3.342727
v -4.538198 -10.411420 -3.551117
v -4.694263 -7.862104 -1.083811
v -5.518965 -12.037913 0.723971
v -4.227404 -8.882168 -3.227065
v -4.279683 -7.835122 -1.726290
v -5.229633 -12.645111 0.356035
v -4.059020 -8.317254 -2.739310
v -2.673189 -8.437175 -1.733169
v -3.531774 -12.784548 0.148886
v -3.216782 -8.256699 -1.937474
v -4.128007 -12.870611 0.059968
v -3.840155 -7.965662 -1.905421
v -4.800391 -12.827729 0.199454
v -3.734735 -8.195993 -2.389381
v -3.582142 -8.100820 -2.091246
v -4.541772 -12.959828 0.012304
v -3.751232 -8.198504 -2.081588
v -4.428423 -7.938406 -1.824418
v -5.349331 -12.601333 0.194244
v -4.666694 -12.833866 -0.074861
v -4.247704 -8.333263 -2.654068
v -4.306849 -7.960920 -2.315690
v -5.296127 -12.970050 -0.147152
v -4.801505 -7.974897 -1.141567
v -5.591112 -11.973009 0.589286
v -4.365418 -8.927715 -3.143547
v -5.566307 -8.344307 -0.182632
v -6.055199 -10.819761 0.889040
v -4.804793 -10.008159 -3.678579
v -5.471025 -7.850240 -0.768486
v -6.206177 -11.572622 0.842999
v -4.837194 -9.235114 -3.678260
v -5.493813 -7.333344 -1.624516
v -6.513344 -12.495658 0.610341
v -5.066894 -8.266133 -3.584410
v -5.363433 -7.180688 -2.227878
v -6.525156 -13.062967 0.318662
v -5.127712 -7.695725 -3.310031
v -5.199803 -7.273890 -2.837183
v -6.426872 -13.487044 -0.147401
v -5.480095 -7.327796 -2.872584
v -5.622623 -7.273237 -2.316876
v -6.749857 -12.980888 0.154061
v -6.676910 -13.387766 -0.249115
v -5.412437 -7.732486 -3.281798
v -5.742825 -7.421814 -1.751534
v -6.736338 -12.452392 0.426289
v -5.355192 -8.268763 -3.531073
v -5.718374 -7.979908 -0.929147
v -6.418434 -11.524590 0.605410
v -5.142166 -9.238885 -3.574404
v -5.838858 -8.534122 -0.320156
v -6.267847 -10.706277 0.620209
v -5.135619 -10.070646 -3.548571
v -6.049732 -9.499722 0.434304
v -6.065626 -9.880005 0.546727
v -5.925856 -9.172297 0.240349
v -5.128331 -10.914831 -3.420925
v -2.859802 -9.552760 0.985898
v 7.189435 -10.853837 3.346070
v -2.968108 -10.101161 1.223307
v -5.835108 -9.158251 0.383641
v -5.944979 -9.460565 0.572525
v -5.965197 -9.816938 0.668800
v -5.079354 -11.351894 -3.401379
v -4.993056 -10.998071 -3.482044
v -5.229289 -11.292330 -3.332182
v -6.025412 -8.849297 0.133873
v -6.278328 -10.129917 0.688276
v -5.203659 -10.644770 -3.638625
v -5.134429 -9.540930 0.756687
v -5.700100 -9.020902 0.328530
v -5.890696 -9.985963 0.746321
v -4.279284 -11.409356 -3.169115
v -4.864597 -10.846420 -3.507094
v -4.539156 -9.081203 0.510545
v -4.758795 -10.193321 0.991999
v -3.737701 -10.832324 -3.168766
v -4.329120 -9.630445 0.917273
v -3.492962 -11.457395 -2.921354
v -4.072150 -9.020742 0.437980
v -3.718310 -9.300711 0.690423
v -3.894384 -10.192241 1.076385
v -4.351084 -10.433103 1.049412
v -2.951560 -10.976009 -2.829572
v -3.320458 -10.663136 -3.012882
v -3.441930 -9.615836 0.904436
v -3.504857 -9.934464 1.042373
v -2.205941 -11.766442 -2.275642
v 7.798383 -12.184343 0.550518
v -2.674523 -11.292564 -2.618567
v -5.606087 -8.973980 0.089242
v -5.851742 -10.217834 0.627730
v -4.851122 -10.623526 -3.376648
v -5.606087 -8.973980 0.089242
v -5.851742 -10.217834 0.627730
v -4.851122 -10.623526 -3.376648
v -4.727042 -9.058359 0.251950
v -4.978144 -10.329789 0.802378
v -3.996304 -10.654966 -3.102717
v -4.727042 -9.058359 0.251950
v -4.978144 -10.329789 0.802378
v -3.996304 -10.654966 -3.102717
v -4.365811 -8.869909 0.018844
v -4.733085 -10.729564 0.823917
v -3.710373 -10.302000 -2.990144
v -4.365811 -8.869909 0.018844
v -4.733085 -10.729564 0.823917
v -3.710373 -10.302000 -2.990144
v -3.891442 -8.954304 0.101057
v -4.250246 -10.771071 0.887565
v -3.256959 -10.340609 -2.811725
v -3.503367 -9.266789 0.441551
v -3.738738 -10.458566 0.957490
v -2.832214 -10.733214 -2.639578
v -3.891442 -8.954304 0.101057
v -4.250246 -10.771071 0.887565
v -3.256959 -10.340609 -2.811725
v -3.503367 -9.266789 0.441551
v -3.738738 -10.458566 0.957490
v -2.832214 -10.733214 -2.639578
v -3.145328 -9.684566 0.768158
v -3.223380 -10.079782 0.939254
v -2.457806 -11.186755 -2.388116
v 7.798383 -12.184343 0.550518
v -2.097634 -11.218041 -2.513052
v -3.223380 -10.079782 0.939254
v -3.145328 -9.684566 0.768158
v -5.268101 -11.622548 -3.114542
v -2.457806 -11.186755 -2.388116
v 8.942594 -9.997912 3.458468
v 8.571690 -11.875953 4.271496
v 9.598687 -11.431428 0.446473
v 8.711477 -10.326148 3.740489
v 8.499706 -11.398433 4.204704
v 9.427812 -11.891284 0.451952
v 9.011063 -9.591174 2.893012
v 8.852259 -9.768168 3.149450
v 8.369417 -12.212995 4.207858
v 8.425361 -12.556821 4.176890
v 9.447457 -11.068638 0.417019
v 9.534888 -10.735695 0.488234
v 8.452330 -9.705182 3.017037
v 7.956178 -12.217402 4.104624
v 9.041636 -10.992771 0.311659
v 7.333464 -10.721823 3.716714
v 7.556022 -10.536257 3.665389
v 7.474943 -10.946790 3.843115
v 8.298545 -12.158621 0.256617
v 8.079916 -12.352770 0.289906
v 9.727139 -9.763700 2.786446
v 8.798296 -9.660307 2.523423
v 8.966961 -9.498745 1.897352
v 8.216078 -13.300776 3.543322
v 8.197468 -12.702549 3.840460
v 9.137203 -12.750791 4.079609
v 9.168635 -9.939384 0.971512
v 9.200333 -10.538733 0.677756
v 10.133105 -10.650707 0.922742
v 11.050519 -9.733734 2.574106
v 10.337149 -13.345815 4.137838
v 11.290170 -10.257354 1.473917
v 9.066197 -9.659729 1.405845
v 11.359433 -9.880871 2.010628
v 10.595238 -13.750306 3.685772
v 8.292321 -13.578184 3.102214
v 8.568101 -10.280087 3.208651
v 8.114864 -9.888712 2.847061
v 7.676192 -12.109880 3.808646
v 8.277065 -11.753716 3.846612
v 8.641308 -11.038960 0.430259
v 9.121393 -11.488995 0.668596
v 8.287615 -10.501180 3.785075
v 8.165998 -11.116980 4.051670
v 9.022283 -12.106374 0.412377
v 7.649797 -10.485469 3.278690
v 7.492481 -11.282029 3.623538
v 8.261364 -11.821698 0.471114
v 8.568101 -10.280087 3.208651
v 8.277065 -11.753716 3.846612
v 9.121393 -11.488995 0.668596
v 7.189435 -10.853837 3.346070
v 7.189435 -10.853837 3.346070
v 7.798383 -12.184343 0.550518
v 8.798296 -9.660307 2.523423
v 8.197468 -12.702549 3.840460
v 9.200333 -10.538733 0.677756
v 9.727139 -9.763700 2.786446
v 9.137203 -12.750791 4.079609
v 10.133105 -10.650707 0.922742
v 21.037750 -13.547943 4.968016
v 21.373814 -13.088575 5.071503
v 20.643394 -13.683091 4.666882
v 19.430031 -14.270374 4.214886
v 21.592354 -13.012797 5.094531
v 21.556259 -13.185094 5.122719
v 21.517372 -13.080227 5.416650
v 21.533604 -13.147402 5.590017
v 21.108685 -13.661020 5.581071
v 21.432320 -12.944033 5.015456
v 21.211000 -12.460471 6.031474
v 21.495987 -13.143193 5.070497
v 21.556259 -13.185094 5.122719
v 21.592354 -13.012797 5.094531
v 21.178381 -13.772109 4.948330
v 21.150507 -13.672049 4.871656
v 20.716024 -13.961914 4.620100
v 20.721899 -13.833675 4.571837
v 20.079388 -14.235586 4.339777
v 20.064400 -14.125539 4.257330
v 19.408024 -14.561167 4.149359
v 19.485008 -14.428934 4.099364
v 19.163376 -14.514305 3.955056
v 19.231426 -14.277761 3.838149
v 19.894005 -14.240573 5.259147
v 20.441320 -13.906305 5.360976
v 19.064047 -14.717076 4.734550
v 18.873917 -14.769722 4.595647
v 19.315239 -14.805740 4.835299
v 19.064047 -14.717076 4.734550
v 18.935432 -14.717793 5.082168
v 18.873917 -14.769722 4.595647
v 18.873917 -14.769722 4.595647
v 19.168423 -15.177675 4.681626
v 18.935432 -14.717793 5.082168
v 20.326561 -15.061052 5.123491
v 20.804470 -14.949106 5.365777
v 21.247440 -14.729967 5.683488
v 21.649235 -14.281696 6.181869
v 21.596441 -14.307140 6.255236
v 21.596441 -14.307140 6.255236
v 21.642467 -14.358541 6.305041
v 21.649235 -14.281696 6.181869
v 21.716347 -14.380627 6.270378
v 21.596441 -14.307140 6.255236
v 21.642467 -14.358541 6.305041
v 20.804470 -14.949106 5.365777
v 20.326561 -15.061052 5.123491
v 20.951878 -15.489792 5.459921
v 20.451975 -16.035671 5.281492
v 21.247440 -14.729967 5.683488
v 21.406670 -14.833939 5.767654
v 21.599964 -14.696982 6.085404
v 21.399773 -15.072783 5.837704
v 21.157715 -15.452877 5.682492
v 20.820398 -15.877506 5.554537
v 20.518158 -16.226698 5.451931
v 20.412983 -16.288902 5.416495
v 18.938988 -16.396908 4.798348
v 19.168423 -15.177675 4.681626
v 19.024277 -16.474304 4.918862
v 18.873917 -14.769722 4.595647
v 11.441579 -13.867507 2.386448
v 12.442627 -13.389011 1.882762
v 9.990379 -13.181746 1.303568
v 9.652770 -13.752842 1.930731
v 10.499327 -13.953919 2.425286
v 12.380040 -14.065741 2.512883
v 10.833273 -14.106635 2.919203
v 11.311705 -14.146375 3.245292
v 11.876311 -14.292635 3.434061
v 12.767254 -14.659196 2.967754
v 12.258859 -14.599073 3.621112
v 13.011383 -13.639083 2.102689
v 13.454453 -14.489763 2.596412
v 14.071186 -15.275394 3.119982
v 13.535547 -15.606604 3.586020
v 10.896681 -14.140995 3.424228
v 10.825947 -14.031744 3.869973
v 11.240593 -14.039186 3.963838
v 10.595238 -13.750306 3.685772
v 10.576800 -13.869440 3.037649
v 13.122237 -15.588712 4.211249
v 11.643388 -14.123502 4.091703
v 15.346090 -16.790619 4.923041
v 15.908894 -16.831280 4.582472
v 14.532046 -16.308731 4.137255
v 13.729692 -16.049784 5.462949
v 14.563387 -16.463820 5.841603
v 14.069736 -16.295628 4.746436
v 14.816334 -16.665733 5.299658
v 14.730190 -15.771708 3.480600
v 15.555681 -16.164604 3.843578
v 12.835777 -15.384471 4.951583
v 12.014006 -14.404447 4.306150
v 15.887537 -16.646446 4.930243
v 15.908894 -16.831280 4.582472
v 15.346090 -16.790619 4.923041
v 14.816334 -16.665733 5.299658
v 14.563387 -16.463820 5.841603
v 14.813318 -16.310740 5.823188
v 15.132047 -16.538345 5.303967
v 18.753475 -15.525701 5.545760
v 20.130629 -15.340243 5.734495
v 19.015108 -15.699482 5.333141
v 18.981873 -15.576129 5.516112
v 21.124043 -14.794249 6.112278
v 21.394207 -14.728298 6.231645
v 21.275509 -15.043264 5.988058
v 20.831402 -15.634882 5.755475
v 20.391037 -16.132614 5.593913
v 18.862518 -16.327501 5.062672
v 21.642467 -14.358541 6.305041
v 21.599964 -14.696982 6.085404
v 21.716347 -14.380627 6.270378
v 21.399773 -15.072783 5.837704
v 21.157715 -15.452877 5.682492
v 20.820398 -15.877506 5.554537
v 20.518158 -16.226698 5.451931
v 20.412983 -16.288902 5.416495
v 19.024277 -16.474304 4.918862
v 18.938988 -16.396908 4.798348
v 18.836632 -16.705566 4.915290
v 18.672504 -16.746134 5.128612
v 15.887537 -16.646446 4.930243
v 17.836842 -16.828281 4.974197
v 16.819931 -16.857925 4.762963
v 15.908894 -16.831280 4.582472
v 18.836632 -16.705566 4.915290
v 18.580919 -16.579874 4.681048
v 18.672504 -16.746134 5.128612
v 17.528105 -16.522043 4.447175
v 17.836842 -16.828281 4.974197
v 16.471197 -16.378641 4.148702
v 16.819931 -16.857925 4.762963
v 13.007935 -13.263457 2.022737
v 13.697050 -13.239757 2.452602
v 13.697050 -13.239757 2.452602
v 15.604776 -13.794464 2.588372
v 16.239296 -14.279236 3.033898
v 17.000340 -14.549063 3.374049
v 17.907448 -14.482625 3.654909
v 15.551683 -13.882291 2.465428
v 15.949530 -14.225494 2.730757
v 16.451754 -14.505334 3.007802
v 17.033714 -14.658399 3.249546
v 17.676666 -14.645418 3.460008
v 18.284225 -14.539793 3.633983
v 18.312775 -14.775530 3.744738
v 17.669769 -14.870514 3.561807
v 16.980991 -14.872696 3.355369
v 16.346649 -14.678776 3.071286
v 15.823234 -14.378798 2.787692
v 15.417948 -13.981634 2.487410
v 15.118563 -13.375806 2.118543
v 14.491716 -13.509993 2.390522
v 15.795086 -14.939070 3.771990
v 17.088402 -15.087940 4.174345
v 14.659466 -14.288725 3.211266
v 14.659466 -14.288725 3.211266
v 15.795086 -14.939070 3.771990
v 17.088402 -15.087940 4.174345
v -6.831629 -12.262029 -2.909514
v -8.782951 -11.532898 -3.417344
v -8.384350 -12.135558 -2.587983
v -7.856972 -12.341861 -2.424697
v -10.997929 -10.573097 -3.590737
v -11.345789 -10.641637 -3.369650
v -10.070696 -11.034363 -3.521534
v -7.231401 -13.105172 -2.131942
v -9.514870 -11.773446 -2.692567
v -10.374346 -11.315507 -3.024961
v -11.621967 -10.316993 -3.526879
v -11.784498 -10.253135 -3.366726
v -12.429148 -9.948356 -3.139054
v -11.875107 -10.497349 -2.757082
v -11.283426 -10.906254 -2.433583
v -10.543213 -11.321639 -2.074649
v -9.996315 -11.586514 -1.829454
v -9.455750 -11.782308 -1.618519
v -8.439072 -12.177758 -1.859874
v -8.856398 -11.933285 -1.416111
v -7.325445 -13.074847 -1.948572
v -8.412739 -12.588864 -1.512949
v -7.652227 -13.298041 -1.710570
v -8.367441 -13.710926 -1.202655
v -8.832430 -13.447450 -1.057874
v -8.727953 -12.075128 -1.320623
v -8.765512 -12.467574 -1.142025
v -9.052811 -13.231199 -0.841166
v -9.225908 -13.944042 -0.665985
v -9.309328 -13.956958 -0.551623
v -6.907560 -13.151670 -2.135005
v -6.225605 -12.729426 -2.497606
v -5.828602 -12.076089 -3.055247
v -5.749231 -12.270357 -2.868908
v -6.891222 -13.193467 -1.885611
v -6.150721 -12.681304 -2.308896
v -5.564610 -12.242802 -2.608211
v -5.842224 -12.783566 -2.039846
v -6.348707 -13.299341 -1.353249
v -7.496481 -13.433881 -1.623480
v -7.328409 -13.770221 -0.752796
v -6.539671 -13.440127 -0.810856
v -9.142073 -14.046329 -0.629673
v -9.208420 -14.052830 -0.484020
v -8.054312 -13.959080 -0.686995
v -7.434668 -13.718592 -0.256727
v -8.188217 -13.943852 -0.313661
v -6.676910 -13.387766 -0.249115
v -3.610713 -13.034196 -0.186054
v -3.112324 -12.872155 -0.591183
v -3.956034 -13.069174 -0.589286
v -2.272471 -13.017948 0.001978
v -3.956782 -12.912816 -1.391469
v -3.042322 -12.675481 -1.259280
v -3.569591 -12.491105 -2.028649
v -3.912372 -12.671611 -1.864227
v -2.906155 -12.805249 -1.271260
v -2.926552 -13.007812 -0.620178
v -4.081521 -12.793096 -1.345419
v -4.101770 -12.933548 -0.524750
v -4.152052 -12.513849 -2.190659
v -4.895791 -12.222060 -2.767258
v -5.128230 -12.606433 -2.389869
v -4.289478 -12.288688 -2.523059
v -5.052105 -13.057966 -1.419289
v -5.008971 -13.127243 -0.656979
v -4.694971 -13.058065 -0.284506
v -5.168610 -12.996195 -0.635406
v -5.155027 -12.925827 -1.412694
v -5.293685 -12.483614 -2.606906
v -5.572348 -12.957492 -2.066779
v -6.086424 -13.428442 -1.349558
v -6.289434 -13.578005 -0.763490
v -6.539671 -13.440127 -0.810856
v -6.348707 -13.299341 -1.353249
v -5.842224 -12.783566 -2.039846
v -5.564610 -12.242802 -2.608211
v -5.123145 -11.656763 -3.196885
v -5.456575 -11.925390 -3.084222
v -5.055192 -11.811477 -3.089302
v -3.957340 -11.944443 -2.687311
v -3.599392 -12.075496 -2.401445
v -3.127633 -11.867539 -2.443610
v -2.737452 -11.611191 -2.480625
v -5.096777 -11.867380 -2.838160
v -5.096777 -11.867380 -2.838160
v -4.247406 -11.926406 -2.552294
v -4.247406 -11.926406 -2.552294
v -4.077645 -12.161654 -2.185066
v -4.077645 -12.161654 -2.185066
v -3.615763 -12.157375 -2.025217
v -3.067585 -11.924987 -2.123634
v -3.615763 -12.157375 -2.025217
v -3.067585 -11.924987 -2.123634
v -2.535858 -11.581967 -2.217019
v 9.543169 -13.637798 2.215904
v 8.900665 -12.722175 0.678966
v 8.217467 -12.569155 0.434344
v 9.216040 -12.963574 0.916167
v 8.949187 -13.701347 1.772117
v 8.599505 -13.580974 1.994793
v 8.545484 -13.504992 1.399246
v 8.202638 -13.260130 1.391844
v -2.097634 -11.218041 -2.513052
v 8.104048 -12.618258 0.815957
v 7.798383 -12.184343 0.550518
v 8.830358 -12.962623 1.306557
v 8.830358 -12.962623 1.306557
v 9.227783 -13.309467 1.259510
v 8.964615 -13.513459 1.475427
v 8.599505 -13.580974 1.994793
v 8.417752 -13.741420 2.617477
v 10.576800 -13.869440 3.037649
v 9.543169 -13.637798 2.215904
v -2.535858 -11.581967 -2.217019
v -2.457806 -11.186755 -2.388116
v 15.272046 -14.740104 5.615984
v 15.270315 -14.962426 5.943522
v 15.144203 -15.275195 5.892585
v 15.124219 -15.177382 5.362993
v 15.175729 -14.798587 5.193934
v 15.189318 -14.748432 5.402787
v 15.105480 -15.643095 5.580564
v 15.143182 -15.957867 5.738589
v 15.209010 -15.660997 6.289451
v 15.304958 -15.139669 6.226903
v 15.436640 -15.344811 6.628949
v 15.276701 -16.377417 5.967352
v 15.373074 -16.227205 6.609990
v 15.477375 -16.743519 6.185306
v 15.744587 -16.789175 6.904763
v 15.454247 -15.417332 6.686446
v 16.973364 -18.018011 7.117750
v 16.704929 -17.467861 7.467604
v 17.255743 -18.055429 7.767667
v 17.204678 -18.296387 7.300622
v 15.860542 -16.497885 7.300707
v 15.646912 -16.223764 7.116056
v 16.459991 -17.600231 6.807088
v 16.194715 -17.134741 7.171113
v 15.520929 -15.867176 6.918900
v 17.244656 -17.413414 7.995816
v 16.825657 -17.027073 7.785773
v 16.433441 -16.910770 7.641161
v 15.798923 -17.104389 6.427099
v 16.127943 -17.359966 6.620406
v 16.098764 -16.714907 7.463550
v 22.124996 -25.745859 11.917888
v 21.852150 -25.610363 11.793967
v 22.152569 -25.556980 12.036956
v 21.894825 -25.417637 11.937473
v 21.652748 -25.280647 11.831027
v 21.881205 -25.073587 11.832027
v 22.322748 -25.316807 11.975036
v 16.953518 -18.455593 7.321688
v 17.050632 -18.441526 7.780374
v 16.300280 -18.362576 7.498920
v 15.573784 -18.495491 7.476700
v 15.655081 -18.314793 7.262880
v 16.157696 -18.554981 7.701134
v 15.743850 -18.327164 6.997068
v 16.406937 -18.374556 7.164060
v 15.935690 -18.831228 7.638721
v 15.205486 -18.735033 7.380270
v 15.011429 -18.517109 7.291726
v 15.020196 -18.417906 6.882622
v 14.988449 -18.395023 7.094579
v 14.260748 -18.589046 6.947999
v 14.268207 -18.618376 6.814231
v 14.331076 -18.656277 7.102533
v 16.765198 -18.688231 8.000275
v 14.462408 -18.789930 7.148798
v 16.615704 -19.051962 7.968500
v 14.543182 -18.928520 7.021739
v 15.286640 -18.973444 7.205065
v 15.941156 -19.097988 7.406909
v 16.583944 -19.349264 7.666515
v 17.104544 -19.646160 7.921219
v 17.127327 -19.353678 8.242691
v 17.257307 -18.853764 8.259014
v 17.716045 -18.202467 8.332351
v 17.539677 -18.533394 8.129754
v 17.271147 -18.390663 7.746751
v 17.228010 -18.447926 7.377830
v 17.271147 -18.390663 7.746751
v 17.228010 -18.447926 7.377830
v 18.063177 -20.556896 8.563489
v 17.662537 -20.073986 8.246387
v 18.088467 -20.375145 8.838632
v 17.653383 -19.864361 8.500762
v 18.281439 -20.118214 9.034110
v 17.539677 -18.533394 8.129754
v 23.332279 -25.970661 12.287860
v 23.231766 -25.819386 12.305019
v 23.350430 -25.878754 12.248071
v 23.261492 -26.042488 12.306623
v 23.163799 -25.944420 12.349720
v 23.308435 -25.787926 12.195694
v 23.139658 -26.069458 12.292920
v 22.687124 -25.801651 12.227723
v 22.649439 -25.955853 12.132071
v 22.824266 -25.581837 12.164468
v 22.917213 -25.527023 11.986303
v 22.473372 -25.246038 11.755892
v 21.597233 -25.451469 11.662814
v 22.072983 -24.958241 11.604461
v 22.142784 -25.015247 11.574036
v 21.677547 -24.527174 11.508465
v 21.388683 -24.610119 11.619050
v 21.279926 -24.024092 11.308786
v 20.996349 -24.136719 11.361896
v 21.150623 -24.811686 11.548239
v 21.096825 -24.984947 11.331779
v 20.762323 -24.333225 11.209134
v 20.724297 -24.460835 11.001183
v 21.426407 -25.100372 11.718902
v 21.673477 -24.905350 11.752664
v 21.375423 -25.276712 11.531328
v 21.890905 -24.779182 11.579142
v 18.877251 -21.710728 9.289970
v 18.899220 -21.531073 9.550074
v 19.703468 -22.887411 10.029969
v 19.741549 -22.743681 10.283872
v 19.937782 -22.544027 10.461370
v 19.095928 -21.264751 9.734236
v 20.235889 -23.680674 10.523489
v 20.254175 -23.542408 10.729727
v 20.462904 -23.346939 10.911931
v 20.741615 -23.197327 10.889955
v 20.220314 -22.380268 10.456458
v 19.372015 -21.052422 9.743102
v 20.220314 -22.380268 10.456458
v 19.372015 -21.052422 9.743102
v 20.422104 -22.189526 10.555154
v 19.585945 -20.820662 9.890020
v 19.917545 -20.563232 9.889517
v 20.651543 -22.058609 10.554312
v 20.923637 -23.096159 10.981019
v 20.741615 -23.197327 10.889955
v 21.118916 -23.000711 10.978130
v 21.004501 -22.310658 10.601807
v 21.274160 -22.962227 10.920867
v 20.125921 -20.289406 9.731820
v 20.289158 -20.317942 9.662244
v 20.764660 -21.636065 10.297431
v 20.948490 -22.124434 10.485657
v 20.898233 -21.657852 10.195209
v 21.005173 -21.907820 10.161306
v 20.986580 -21.722782 10.076847
v 20.928204 -21.503189 9.967278
v 20.432503 -20.342957 9.548370
v 20.548544 -20.424089 9.439926
v 21.766699 -24.481289 11.559655
v 21.677547 -24.527174 11.508465
v 21.406452 -23.938515 11.364555
v 21.279926 -24.024092 11.308786
v 21.541445 -23.873917 11.367045
v 21.875305 -24.439726 11.575017
v 21.973049 -24.749283 11.624928
v 21.890905 -24.779182 11.579142
v 22.062199 -24.717144 11.644369
v 22.106936 -24.891041 11.644972
v 22.072983 -24.958241 11.604461
v 22.142784 -25.015247 11.574036
v 22.197533 -24.982365 11.631583
v 22.253593 -24.972958 11.635488
v 22.168636 -24.858294 11.661973
v 21.671284 -23.877613 11.339644
v 21.972815 -24.419571 11.544543
v 22.134123 -24.684811 11.621671
v 22.221134 -24.835384 11.643358
v 22.286583 -24.954977 11.622627
v 22.268147 -25.004166 11.596072
v 22.215408 -25.018353 11.591335
v 22.297110 -24.975491 11.588730
v 22.072342 -24.637032 11.087635
v 21.972815 -24.419571 11.544543
v 21.812065 -24.185200 10.693355
v 21.671284 -23.877613 11.339644
v 22.268932 -24.939831 11.423920
v 22.221134 -24.835384 11.643358
v 22.204840 -24.839325 11.297027
v 22.134123 -24.684811 11.621671
v 22.297110 -24.975491 11.588730
v 22.286583 -24.954977 11.622627
v 22.300938 -24.988834 11.542301
v 14.534435 -18.947304 6.818141
v 14.268207 -18.618376 6.814231
v 14.311824 -18.700644 6.713528
v 14.260748 -18.589046 6.947999
v 14.331076 -18.656277 7.102533
v 14.418818 -18.847980 6.699736
v 21.135757 -22.533596 9.625952
v 20.948490 -22.124434 10.485657
v 21.113213 -22.143879 9.665322
v 21.005173 -21.907820 10.161306
v 20.928204 -21.503189 9.967278
v 21.041481 -21.750690 9.447248
v 20.986580 -21.722782 10.076847
v 21.096581 -21.963131 9.571846
v 20.635090 -20.688646 8.772840
v 20.494312 -20.381054 9.419126
v 20.492809 -20.781490 8.571579
v 20.278040 -20.312233 9.557536
v 18.541359 -19.908718 9.063783
v 19.459251 -17.280499 7.308233
v 19.516754 -17.360191 7.358687
v 19.475241 -17.299725 7.661683
v 19.258652 -17.178455 7.981870
v 19.358131 -17.385349 8.113490
v 19.111015 -17.393150 8.277838
v 18.446796 -16.992146 8.041862
v 18.565212 -17.124050 8.233829
v 18.206902 -17.172558 8.270774
v 17.160923 -17.056129 7.880295
v 17.507126 -17.034525 7.949253
v 17.696892 -17.257660 8.188695
v 17.959011 -16.966164 7.992175
v 17.988428 -17.837437 8.501330
v 18.359461 -17.589973 8.521817
v 18.745239 -17.462452 8.445591
v 19.237001 -19.480467 9.398279
v 18.804893 -19.691730 9.285985
v 18.541359 -19.908718 9.063783
v 19.918667 -19.431507 9.266878
v 18.975208 -17.092709 8.059306
v 19.797256 -19.530428 9.390918
v 19.269167 -17.097078 7.723320
v 19.393444 -17.214737 7.829368
v 19.479776 -17.393385 7.898729
v 19.763184 -19.640770 9.458989
v 19.857693 -19.963427 9.598670
v 20.005367 -20.214485 9.719691
v 20.160082 -19.490658 8.979996
v 20.077126 -19.430048 9.116886
v 20.134783 -19.528082 9.038244
v 19.971939 -19.523758 9.234311
v 20.494312 -20.381054 9.419126
v 20.278040 -20.312233 9.557536
v 20.098953 -20.240734 9.580235
v 19.939697 -20.002522 9.458980
v 19.862820 -19.686501 9.303314
v 15.574139 -15.320200 6.635698
v 15.397839 -15.105005 6.219147
v 15.353014 -14.938716 5.957912
v 15.355537 -14.783440 5.727551
v 15.189318 -14.748432 5.402787
v 15.358451 -14.817336 5.242660
v 15.272046 -14.740104 5.615984
v 15.175729 -14.798587 5.193934
v 15.451708 -14.884511 5.294941
v 15.813684 -15.731734 5.777019
v 15.565256 -15.405163 5.567473
v 15.479801 -15.129921 5.417860
v 20.134783 -19.528082 9.038244
v 20.310921 -19.912928 8.229635
v 19.971939 -19.523758 9.234311
v 20.227959 -20.083141 8.058977
v 19.479776 -17.393385 7.898729
v 19.475241 -17.299725 7.661683
v 19.661806 -17.791107 7.063073
v 19.589123 -17.557911 7.108575
v 18.713753 -16.967625 7.847080
v 18.883198 -17.011368 7.571650
v 19.360554 -17.240902 7.267891
v 19.014259 -17.173887 7.160563
v 18.540236 -16.712626 7.324123
v 18.397533 -16.677315 7.574927
v 18.659515 -16.863140 6.935397
v 18.237263 -16.694838 7.713029
v 17.897455 -16.812273 7.859573
v 17.506609 -16.896578 7.833706
v 17.197676 -16.912752 7.785594
v 16.870872 -16.877186 7.701308
v 16.515972 -16.759951 7.575869
v 16.222893 -16.589453 7.419392
v 16.006828 -16.407223 7.281769
v 15.812669 -16.164555 7.120152
v 15.694145 -15.825554 6.929160
v 15.607212 -15.377089 6.692956
v 15.691154 -15.563975 6.551263
v 15.778322 -16.043787 6.871374
v 16.047729 -16.452148 7.135906
v 16.882355 -16.917206 7.562026
v 17.391026 -16.958986 7.688880
v 16.437677 -16.751055 7.378422
v 17.873936 -16.868361 7.727962
v 18.423477 -16.725811 7.431336
v 18.575996 -16.915182 6.941972
v 18.285967 -16.724945 7.596272
v 15.851070 -15.862663 5.847476
v 17.391026 -16.958986 7.688880
v 16.882355 -16.917206 7.562026
v 17.090176 -16.678431 7.340466
v 17.668917 -16.649330 7.437364
v 17.873936 -16.868361 7.727962
v 16.703056 -16.553215 7.192717
v 16.437677 -16.751055 7.378422
v 16.402632 -16.323999 7.029670
v 16.047729 -16.452148 7.135906
v 16.175150 -16.045221 6.832118
v 15.778322 -16.043787 6.871374
v 15.691154 -15.563975 6.551263
v 16.106779 -15.754672 6.621502
v 18.285967 -16.724945 7.596272
v 18.126776 -16.509840 7.317528
v 16.185650 -15.868824 6.333045
v 15.851070 -15.862663 5.847476
v 16.281904 -16.024145 6.018179
v 16.289429 -15.716363 5.873328
v 16.422173 -15.347635 5.726754
v 16.289478 -15.195682 6.399085
v 16.213440 -15.599685 6.559482
v 16.185650 -15.868824 6.333045
v 16.281904 -16.024145 6.018179
v 16.656534 -15.037452 5.630175
v 16.508032 -14.833290 6.285705
v 17.005013 -14.789989 5.588309
v 16.895252 -14.567254 6.208966
v 18.423477 -16.725811 7.431336
v 18.192614 -16.508511 7.185718
v 18.575996 -16.915182 6.941972
v 18.295830 -16.648205 6.753880
v 18.295830 -16.648205 6.753880
v 18.192614 -16.508511 7.185718
v 18.090742 -16.345015 7.334633
v 18.573608 -16.354198 6.674456
v 18.391384 -16.055347 7.246936
v 18.387194 -14.870868 5.927876
v 18.668352 -15.200239 6.145885
v 18.228371 -14.641547 6.550038
v 18.489494 -14.947035 6.744650
v 18.597897 -15.308354 6.940228
v 18.784761 -15.571596 6.347984
v 17.979990 -14.674025 5.745493
v 17.831602 -14.449351 6.352990
v 17.686096 -16.677380 7.293619
v 17.151882 -16.721283 7.182829
v 16.724066 -16.573996 7.050172
v 16.434525 -16.374109 6.780917
v 16.257912 -16.156590 6.543184
v 16.274998 -15.974319 6.755026
v 16.257912 -16.156590 6.543184
v 16.460976 -16.236725 6.928084
v 16.434525 -16.374109 6.780917
v 16.736874 -16.484276 7.098339
v 16.724066 -16.573996 7.050172
v 17.686096 -16.677380 7.293619
v 17.649702 -16.567600 7.348327
v 16.736874 -16.484276 7.098339
v 16.460976 -16.236725 6.928084
v 17.160101 -16.621555 7.252036
v 16.736874 -16.484276 7.098339
v 17.160101 -16.621555 7.252036
v 16.724066 -16.573996 7.050172
v 17.151882 -16.721283 7.182829
v 18.090742 -16.345015 7.334633
v 17.649702 -16.567600 7.348327
v 16.213440 -15.599685 6.559482
v 16.289478 -15.195682 6.399085
v 18.553085 -15.694316 7.121820
v 18.597897 -15.308354 6.940228
v 17.479982 -14.643704 5.622150
v 17.351183 -14.416222 6.236397
v 18.750118 -15.982986 6.536235
v 18.553085 -15.694316 7.121820
v 18.228371 -14.641547 6.550038
v 16.895252 -14.567254 6.208966
v 17.831602 -14.449351 6.352990
v 17.351183 -14.416222 6.236397
v 16.274998 -15.974319 6.755026
v 18.391384 -16.055347 7.246936
v 16.508032 -14.833290 6.285705
v 18.489494 -14.947035 6.744650
v 15.308553 -15.634289 5.138091
v 15.493596 -15.450281 4.918483
v 15.419373 -15.062003 4.939638
v 15.268547 -14.921541 5.039066
v 15.441459 -16.168882 5.222331
v 15.593063 -15.769157 4.904277
v 15.819035 -16.180313 4.873454
v 15.610104 -16.745102 5.521826
v 15.963940 -17.268444 5.897760
v 15.843188 -16.267145 4.900895
v 17.451527 -18.483198 6.868874
v 16.934101 -17.968594 6.415508
v 16.037163 -17.076431 5.324494
v 16.253412 -17.356276 5.497125
v 16.415379 -17.616873 6.158099
v 15.911180 -16.719843 5.127337
v 17.623119 -18.240339 6.258364
v 17.226383 -17.902634 5.946117
v 16.832859 -17.783470 5.807513
v 16.494909 -17.580456 5.644934
v 21.972092 -25.586458 11.582767
v 21.852150 -25.610363 11.793967
v 22.222630 -25.710060 11.715316
v 22.124996 -25.745859 11.917888
v 21.980076 -25.289614 11.378129
v 21.733944 -25.458046 11.458290
v 22.397396 -25.479902 11.632355
v 16.425341 -18.635830 6.924782
v 17.203197 -18.774872 7.079979
v 16.953518 -18.455593 7.321688
v 15.754606 -18.532251 6.805972
v 16.330559 -18.932674 6.907557
v 15.723076 -18.821686 6.791333
v 16.406937 -18.374556 7.164060
v 15.743850 -18.327164 6.997068
v 15.310905 -18.965364 6.896310
v 16.059444 -19.101618 7.070594
v 15.136492 -18.790363 6.717583
v 15.067020 -18.566696 6.733861
v 15.020196 -18.417906 6.882622
v 14.268207 -18.618376 6.814231
v 14.311824 -18.700644 6.713528
v 14.418818 -18.847980 6.699736
v 16.973419 -19.143181 7.044374
v 16.765652 -19.379580 7.280129
v 17.283821 -19.695606 7.524264
v 17.490410 -19.363077 7.188886
v 18.046057 -18.923519 6.817339
v 17.759686 -19.014095 7.119743
v 17.228010 -18.447926 7.377830
v 17.404068 -18.681087 7.136539
v 17.404068 -18.681087 7.136539
v 17.775826 -20.131893 7.938648
v 18.210255 -20.641247 8.279526
v 18.498173 -20.591759 8.039132
v 17.759686 -19.014095 7.119743
v 23.350430 -25.878754 12.248071
v 23.269743 -25.902370 12.130671
v 23.332279 -25.970661 12.287860
v 23.201775 -26.027407 12.175371
v 23.261492 -26.042488 12.306623
v 23.308435 -25.787926 12.195694
v 23.139658 -26.069458 12.292920
v 22.649439 -25.955853 12.132071
v 22.742781 -25.923262 11.972212
v 22.883198 -25.710592 11.893929
v 22.917213 -25.527023 11.986303
v 22.473372 -25.246038 11.755892
v 21.597233 -25.451469 11.662814
v 22.097866 -25.012604 11.490229
v 22.142784 -25.015247 11.574036
v 21.152187 -24.477215 10.646478
v 21.526844 -24.911985 10.984790
v 21.414810 -24.318804 10.689554
v 21.769875 -24.728899 11.084621
v 20.852032 -24.529226 10.797316
v 21.248840 -25.026281 11.097348
v 21.788065 -25.155716 11.226624
v 21.515453 -25.294943 11.310092
v 21.949833 -24.907940 11.308602
v 19.848930 -22.978306 9.790891
v 19.016426 -21.787163 9.012004
v 19.304806 -21.721138 8.775326
v 20.124393 -22.951767 9.604667
v 20.346500 -23.744127 10.305883
v 20.633804 -23.720333 10.127376
v 20.907928 -23.560707 10.126434
v 20.410202 -22.795155 9.584733
v 19.597912 -21.546001 8.706038
v 19.883217 -21.470173 8.525310
v 19.597912 -21.546001 8.706038
v 20.662411 -22.714581 9.451961
v 20.410202 -22.795155 9.584733
v 20.895123 -22.590816 9.436086
v 20.232498 -21.251377 8.443644
v 20.907928 -23.560707 10.126434
v 21.124002 -23.533939 10.061186
v 21.319935 -23.439926 10.055294
v 21.449642 -23.345638 10.115266
v 21.197662 -22.732697 9.715044
v 20.415993 -20.923183 8.400173
v 20.980738 -22.108181 9.305451
v 20.537975 -20.861591 8.519975
v 21.135757 -22.533596 9.625952
v 21.113213 -22.143879 9.665322
v 21.066513 -22.025534 9.422668
v 21.096581 -21.963131 9.571846
v 21.041481 -21.750690 9.447248
v 20.685392 -20.723095 8.811679
v 20.628286 -20.770725 8.649578
v 21.414810 -24.318804 10.689554
v 21.769875 -24.728899 11.084621
v 21.565563 -24.286163 10.634099
v 21.876701 -24.721638 11.054655
v 21.701214 -24.222998 10.633586
v 21.989235 -24.688662 11.051980
v 21.949833 -24.907940 11.308602
v 22.047041 -24.910950 11.285251
v 22.141426 -24.890259 11.280648
v 22.097866 -25.012604 11.490229
v 22.154736 -24.995480 11.425534
v 22.218487 -25.028145 11.535393
v 22.142784 -25.015247 11.574036
v 22.222332 -24.975609 11.415483
v 22.271875 -25.015398 11.537126
v 21.812065 -24.185200 10.693355
v 22.072342 -24.637032 11.087635
v 22.204840 -24.839325 11.297027
v 22.268932 -24.939831 11.423920
v 22.300938 -24.988834 11.542301
v 22.215408 -25.018353 11.591335
v 22.268147 -25.004166 11.596072
v 22.297110 -24.975491 11.588730
v 21.449642 -23.345638 10.115266
v 21.274160 -22.962227 10.920867
v 21.197662 -22.732697 9.715044
v 21.004501 -22.310658 10.601807
v 20.685392 -20.723095 8.811679
v 20.548544 -20.424089 9.439926
v 18.782318 -20.435198 7.957582
v 19.589123 -17.557911 7.108575
v 19.516754 -17.360191 7.358687
v 19.459251 -17.280499 7.308233
v 19.450191 -18.134232 6.720740
v 19.624630 -17.967623 6.890063
v 19.520565 -17.750715 6.779478
v 18.647572 -18.135387 6.247754
v 18.974449 -18.018211 6.355097
v 18.820679 -17.809048 6.325449
v 17.564270 -17.937407 6.028609
v 18.132977 -18.210476 6.186715
v 17.911783 -17.918669 6.091561
v 18.356464 -17.834572 6.167548
v 18.416000 -18.771648 6.538427
v 18.806023 -18.565685 6.471745
v 19.158407 -18.365196 6.548818
v 19.610231 -20.295944 7.684871
v 18.782318 -20.435198 7.957582
v 19.138176 -20.419930 7.755946
v 20.204807 -20.056702 7.953268
v 19.298672 -17.799450 6.574356
v 20.118103 -20.231449 7.917987
v 19.455124 -17.503384 6.869621
v 19.587917 -17.639641 6.936592
v 19.661806 -17.791107 7.063073
v 20.175262 -20.657295 8.140772
v 20.092543 -20.360392 7.946981
v 20.311804 -20.884031 8.312895
v 20.299751 -19.916470 8.094851
v 20.319849 -19.839741 8.246531
v 20.227959 -20.083141 8.058977
v 20.310921 -19.912928 8.229635
v 20.635090 -20.688646 8.772840
v 20.492809 -20.781490 8.571579
v 20.346462 -20.781525 8.443977
v 19.862820 -19.686501 9.303314
v 20.124077 -20.257332 8.103936
v 20.196369 -20.563335 8.280637
v 20.124077 -20.257332 8.103936
v 15.682014 -15.725902 4.914553
v 15.953259 -16.148548 4.895236
v 15.578915 -15.432289 4.920849
v 15.527744 -15.159703 4.936983
v 15.419373 -15.062003 4.939638
v 15.358451 -14.817336 5.242660
v 15.268547 -14.921541 5.039066
v 15.175729 -14.798587 5.193934
v 15.451708 -14.884511 5.294941
v 15.565256 -15.405163 5.567473
v 15.813684 -15.731734 5.777019
v 15.479801 -15.129921 5.417860
v 20.346462 -20.781525 8.443977
v 20.098953 -20.240734 9.580235
v 20.196369 -20.563335 8.280637
v 19.939697 -20.002522 9.458980
v 20.319849 -19.839741 8.246531
v 20.160082 -19.490658 8.979996
v 19.516754 -17.360191 7.358687
v 19.004475 -17.602837 6.512430
v 19.059990 -17.397644 6.760032
v 19.360554 -17.240902 7.267891
v 19.014259 -17.173887 7.160563
v 18.666653 -17.265316 6.339476
v 18.706551 -17.076014 6.560603
v 18.659515 -16.863140 6.935397
v 18.562033 -17.404438 6.222066
v 18.278540 -17.644917 6.110091
v 17.894241 -17.743526 6.054163
v 17.589235 -17.768288 5.988024
v 17.264395 -17.737007 5.894717
v 16.911461 -17.624065 5.760257
v 16.615107 -17.446419 5.618814
v 16.397078 -17.259895 5.490206
v 16.201609 -17.014366 5.334600
v 16.081779 -16.672503 5.149617
v 15.994190 -16.222609 4.916421
v 15.992352 -16.222076 5.168520
v 16.377741 -17.173199 5.620891
v 16.105057 -16.757685 5.371396
v 17.728237 -17.695774 6.140804
v 17.220224 -17.655426 6.010942
v 16.772926 -17.483559 5.839367
v 18.203293 -17.587982 6.215954
v 18.575996 -16.915182 6.941972
v 18.633663 -17.185055 6.466414
v 18.562939 -17.330109 6.324747
v 15.851070 -15.862663 5.847476
v 17.375660 -17.302197 6.029860
v 17.220224 -17.655426 6.010942
v 17.728237 -17.695774 6.140804
v 18.203293 -17.587982 6.215954
v 17.949820 -17.263073 6.147803
v 16.772926 -17.483559 5.839367
v 16.987230 -17.174122 5.888127
v 16.377741 -17.173199 5.620891
v 16.691393 -16.954918 5.704040
v 16.105057 -16.757685 5.371396
v 16.458672 -16.664692 5.530533
v 16.370655 -16.331226 5.410094
v 15.992352 -16.222076 5.168520
v 18.354641 -17.007702 6.271449
v 18.562939 -17.330109 6.324747
v 16.325773 -16.174988 5.689764
v 15.851070 -15.862663 5.847476
v 16.281904 -16.024145 6.018179
v 16.554665 -15.775100 5.181665
v 16.325773 -16.174988 5.689764
v 16.472734 -16.166227 5.369120
v 16.777149 -15.421291 5.050249
v 17.151926 -15.128068 5.030628
v 18.370716 -16.897650 6.368093
v 18.633663 -17.185055 6.466414
v 18.354622 -16.921568 6.123226
v 18.370716 -16.897650 6.368093
v 18.650024 -16.620455 6.059577
v 18.749445 -15.515001 5.551274
v 18.490282 -15.213813 5.347651
v 18.857191 -15.874897 5.749862
v 18.087622 -15.008740 5.177656
v 17.911999 -17.170958 6.256556
v 17.371891 -17.201984 6.172823
v 16.955204 -17.079012 5.989059
v 16.627029 -16.794724 5.897163
v 16.417681 -16.505671 5.809724
v 16.417681 -16.505671 5.809724
v 16.535603 -16.543720 5.558646
v 16.627029 -16.794724 5.897163
v 16.724855 -16.813278 5.716677
v 16.955204 -17.079012 5.989059
v 16.997477 -17.053677 5.901965
v 17.914234 -17.145590 6.133915
v 17.911999 -17.170958 6.256556
v 17.419392 -17.188099 6.061674
v 16.724855 -16.813278 5.716677
v 16.997477 -17.053677 5.901965
v 17.371891 -17.201984 6.172823
v 17.419392 -17.188099 6.061674
v 16.955204 -17.079012 5.989059
v 16.997477 -17.053677 5.901965
v 16.554665 -15.775100 5.181665
v 18.857191 -15.874897 5.749862
v 16.777149 -15.421291 5.050249
v 18.749445 -15.515001 5.551274
v 17.151926 -15.128068 5.030628
v 18.490282 -15.213813 5.347651
v 16.535603 -16.543720 5.558646
v 18.814997 -16.266582 5.919434
v 16.472734 -16.166227 5.369120
v 18.650024 -16.620455 6.059577
v 18.354622 -16.921568 6.123226
v 17.608513 -14.978465 5.055056
v 18.087622 -15.008740 5.177656
v 17.608513 -14.978465 5.055056
v 18.814997 -16.266582 5.919434
v 17.914234 -17.145590 6.133915
v 16.196474 -9.630147 2.956422
v 16.293810 -9.255273 2.799208
v 16.222166 -9.518714 3.138746
v 16.456591 -8.801882 2.618881
v 16.615307 -8.503917 2.511638
v 16.417864 -8.826130 3.100670
v 16.658138 -8.323471 3.112904
v 16.326675 -9.400099 3.304198
v 16.442322 -9.028065 3.374432
v 16.571360 -8.727369 3.450902
v 16.816792 -8.356535 3.603598
v 16.907351 -8.120779 2.392908
v 17.038815 -7.792877 2.958619
v 17.243559 -7.800618 2.313763
v 17.608791 -7.349951 2.818360
v 16.864651 -8.275876 3.594782
v 18.805107 -6.833803 2.863933
v 19.184875 -6.820235 2.270034
v 19.551964 -6.428739 2.734269
v 19.516624 -6.590037 2.232740
v 17.678759 -7.291503 3.315102
v 17.364689 -7.525959 3.350622
v 18.526287 -7.137741 2.277690
v 18.178719 -7.088916 2.822096
v 17.104383 -7.849503 3.447904
v 19.366009 -6.672126 3.345726
v 18.820553 -6.926093 3.412881
v 18.395664 -6.975232 3.339888
v 17.694590 -7.505855 2.271723
v 18.111950 -7.314137 2.271389
v 17.993830 -7.119440 3.309503
v 26.848482 -0.335240 1.078860
v 26.850582 -0.301250 0.837206
v 27.148577 -0.260125 1.085500
v 27.166992 -0.216167 0.865633
v 26.562840 -0.418834 1.067912
v 26.710215 -0.622307 1.246639
v 27.221949 -0.510138 1.235795
v 19.486015 -6.110187 2.441917
v 19.335657 -6.393861 2.099949
v 18.718721 -6.117021 2.197604
v 18.077539 -5.817955 1.988367
v 18.675365 -5.806981 2.182297
v 18.066259 -6.106002 1.977478
v 18.116306 -6.314452 1.796549
v 18.775761 -6.380223 1.971501
v 18.547749 -5.605296 1.912983
v 17.796976 -5.613261 1.699622
v 17.532730 -5.750730 1.764929
v 17.451950 -6.104947 1.552126
v 17.444403 -5.959518 1.711028
v 16.805042 -5.706248 1.370803
v 16.802820 -5.784591 1.258260
v 16.913490 -5.580460 1.441779
v 19.328854 -5.707394 2.380640
v 17.086571 -5.502719 1.396531
v 19.300980 -5.455319 2.082276
v 17.925323 -5.612708 1.420963
v 17.189131 -5.531023 1.221723
v 18.606461 -5.602451 1.564454
v 19.325491 -5.467698 1.656943
v 19.944107 -5.268279 1.696782
v 19.915464 -5.236210 2.130991
v 19.879051 -5.578811 2.512052
v 20.108467 -6.088653 3.088068
v 20.022255 -5.963084 2.687845
v 19.671434 -6.237020 2.485218
v 19.598047 -6.447463 2.182621
v 19.671434 -6.237020 2.485218
v 19.598047 -6.447463 2.182621
v 20.609119 -4.898256 2.021666
v 20.649734 -4.948571 1.698327
v 21.228142 -4.477676 1.956338
v 21.224636 -4.549130 1.633448
v 21.353348 -4.563879 2.300369
v 20.022255 -5.963084 2.687845
v 28.281019 -0.252933 1.236851
v 28.420864 -0.205064 1.133478
v 28.403315 -0.293912 1.171942
v 28.380936 -0.120645 1.084603
v 28.263876 -0.120614 1.170144
v 28.327438 -0.374651 1.193839
v 28.273623 -0.074080 1.039061
v 27.754530 -0.143278 1.119760
v 27.754969 -0.104470 0.940554
v 27.803331 -0.370761 1.250151
v 27.847876 -0.561045 1.178094
v 27.309647 -0.757998 1.154588
v 26.542423 -0.411960 0.822771
v 26.820919 -0.917493 1.196798
v 26.900400 -0.925493 1.145154
v 26.298418 -1.129804 1.379331
v 25.736221 -1.460041 1.540410
v 26.070065 -0.906381 1.357285
v 25.514360 -1.260174 1.458237
v 25.902187 -0.752559 1.132621
v 25.337215 -1.168695 1.180804
v 25.877430 -0.778764 0.852493
v 25.313704 -1.222775 0.941018
v 26.277201 -0.538799 1.085769
v 26.450455 -0.717551 1.281337
v 26.260103 -0.543575 0.823917
v 26.589222 -0.989659 1.280242
v 23.740414 -2.495780 1.518199
v 22.458204 -3.510472 1.748636
v 23.715649 -2.572105 1.235118
v 22.459833 -3.570644 1.436808
v 22.582912 -3.608730 2.090634
v 23.884611 -2.559603 1.809759
v 24.539843 -1.842317 1.335373
v 24.537889 -1.897866 1.093330
v 24.697746 -1.904202 1.628994
v 24.907476 -2.103846 1.758214
v 24.095745 -2.757358 1.961354
v 22.774286 -3.825314 2.285182
v 24.095745 -2.757358 1.961354
v 24.237030 -2.872985 2.192682
v 22.774286 -3.825314 2.285182
v 22.920452 -3.936682 2.580647
v 24.409599 -3.030054 2.316513
v 23.147984 -4.206215 2.808274
v 25.058037 -2.161990 1.918248
v 24.907476 -2.103846 1.758214
v 25.209755 -2.287130 2.010852
v 25.334743 -2.401826 2.019912
v 24.827900 -2.951218 2.220766
v 23.232925 -4.557374 2.921146
v 23.385269 -4.641061 2.875444
v 24.343613 -3.514363 2.452223
v 24.699280 -3.132640 2.263773
v 24.637373 -3.516510 2.199382
v 24.461454 -3.615804 2.384485
v 24.548588 -3.686859 2.268779
v 24.407928 -3.883927 2.339591
v 23.511070 -4.754920 2.800030
v 23.631344 -4.814603 2.682306
v 25.736221 -1.460041 1.540410
v 26.298418 -1.129804 1.379331
v 25.834911 -1.515391 1.657193
v 26.374258 -1.151317 1.459701
v 25.940861 -1.597854 1.723347
v 26.464710 -1.201666 1.514852
v 26.662899 -1.002655 1.344593
v 26.589222 -0.989659 1.280242
v 26.738079 -1.036492 1.396217
v 26.820919 -0.917493 1.196798
v 26.836721 -0.942209 1.277099
v 26.900400 -0.925493 1.145154
v 26.949099 -0.923242 1.215960
v 26.999109 -0.944470 1.233130
v 26.886322 -0.970732 1.320629
v 26.059807 -1.656691 1.719815
v 26.545279 -1.267297 1.521517
v 26.792507 -1.097496 1.410304
v 26.925503 -1.015233 1.331193
v 27.022415 -0.975513 1.241494
v 26.971214 -0.937777 1.166428
v 27.017290 -0.957297 1.185755
v 27.034157 -0.989894 1.204942
v 26.644808 -1.484757 1.064609
v 26.200594 -1.964285 1.073530
v 26.545279 -1.267297 1.521517
v 26.059807 -1.656691 1.719815
v 26.973301 -1.119672 1.111755
v 26.863224 -1.252005 1.085659
v 26.925503 -1.015233 1.331193
v 26.792507 -1.097496 1.410304
v 27.022415 -0.975513 1.241494
v 27.034157 -0.989894 1.204942
v 27.035561 -1.015491 1.163823
v 16.856117 -5.817840 1.136332
v 17.158598 -5.660093 1.065874
v 16.802820 -5.784591 1.258260
v 16.913490 -5.580460 1.441779
v 16.805042 -5.706248 1.370803
v 17.001230 -5.772168 1.038981
v 24.886545 -3.541804 1.404067
v 24.745407 -3.752570 1.703397
v 24.699280 -3.132640 2.263773
v 24.637373 -3.516510 2.199382
v 24.407928 -3.883927 2.339591
v 24.548588 -3.686859 2.268779
v 24.521202 -4.131428 1.819557
v 24.658592 -3.927207 1.763778
v 23.704578 -5.146570 2.044399
v 23.573189 -5.184262 1.819263
v 23.563803 -4.838976 2.690684
v 23.358421 -4.715006 2.805225
v 21.533401 -4.758785 2.505113
v 21.388216 -7.884206 3.256365
v 21.301674 -7.951571 3.269575
v 21.372116 -7.695068 3.503657
v 21.353029 -7.284375 3.740599
v 21.174889 -7.475760 3.781399
v 21.147055 -7.083840 3.814753
v 20.542561 -7.111924 3.899402
v 20.363033 -7.289446 3.841392
v 20.228424 -6.936778 3.839524
v 19.157030 -6.949027 3.504748
v 19.483871 -7.025462 3.616151
v 19.766819 -6.776789 3.651337
v 19.890982 -7.183811 3.757221
v 20.270124 -6.284272 3.499757
v 20.540716 -6.545387 3.740420
v 20.850254 -6.803886 3.831315
v 22.092903 -5.019865 3.138028
v 21.741268 -4.823654 2.849333
v 21.533401 -4.758785 2.505113
v 22.697727 -5.359996 3.175073
v 20.892658 -7.383888 3.856186
v 22.633194 -5.170928 3.174435
v 21.122478 -7.713005 3.660787
v 21.290924 -7.607012 3.670012
v 21.439581 -7.470101 3.602767
v 22.646317 -5.042300 3.139050
v 22.858204 -4.770605 3.021430
v 23.094219 -4.574364 2.948806
v 22.824722 -5.517847 3.094045
v 22.902834 -5.602970 2.967764
v 22.899319 -5.530096 2.978269
v 22.772177 -5.345017 3.096087
v 23.563803 -4.838976 2.690684
v 23.358421 -4.715006 2.805225
v 23.170259 -4.689463 2.847819
v 22.927500 -4.874038 2.909590
v 22.732634 -5.155436 3.012559
v 16.646088 -8.784617 3.482936
v 16.937952 -8.414650 3.646162
v 16.514133 -9.059495 3.412692
v 16.434366 -9.320885 3.362711
v 16.380405 -9.642769 3.002497
v 16.222166 -9.518714 3.138746
v 16.326675 -9.400099 3.304198
v 16.196474 -9.630147 2.956422
v 16.496653 -9.593521 3.004380
v 16.808662 -9.109282 2.841876
v 17.175686 -8.835375 2.791457
v 16.619137 -9.360997 2.920393
v 22.899319 -5.530096 2.978269
v 22.772177 -5.345017 3.096087
v 23.075457 -5.914947 2.169660
v 23.028198 -5.904407 1.920748
v 21.484787 -7.959376 2.953199
v 21.372116 -7.695068 3.503657
v 21.621611 -7.867823 2.767105
v 21.439581 -7.470101 3.602767
v 20.577955 -7.528405 3.760673
v 20.712307 -7.749840 3.562171
v 21.190872 -7.973248 3.255757
v 20.830057 -7.979759 3.180263
v 20.260431 -8.002563 3.553379
v 20.149801 -7.804882 3.733894
v 20.366402 -8.220476 3.193832
v 20.025227 -7.641641 3.793737
v 19.765289 -7.354669 3.765206
v 19.422848 -7.193883 3.633236
v 19.132065 -7.118145 3.545334
v 18.802841 -7.094833 3.466354
v 18.415268 -7.143036 3.412533
v 18.064102 -7.266652 3.383383
v 17.783901 -7.409172 3.386352
v 17.501404 -7.613801 3.418380
v 17.254608 -7.924299 3.508569
v 16.995836 -8.345930 3.649036
v 17.114872 -8.355121 3.430420
v 17.395657 -7.854548 3.326110
v 17.816332 -7.496989 3.259055
v 19.314522 -7.219521 3.472495
v 18.807068 -7.171618 3.342986
v 18.311560 -7.262827 3.270800
v 19.742977 -7.404634 3.630949
v 20.169689 -7.884012 3.603563
v 20.305874 -8.156100 3.150008
v 20.064251 -7.720760 3.698205
v 17.262688 -8.715081 2.753158
v 18.807068 -7.171618 3.342986
v 19.314522 -7.219521 3.472495
v 18.893871 -7.545575 3.386691
v 19.742977 -7.404634 3.630949
v 19.439941 -7.681918 3.555212
v 18.311560 -7.262827 3.270800
v 18.470448 -7.604183 3.318519
v 17.816332 -7.496989 3.259055
v 18.092575 -7.767120 3.325243
v 17.395657 -7.854548 3.326110
v 17.762236 -8.009167 3.353168
v 17.575268 -8.319102 3.402511
v 17.114872 -8.355121 3.430420
v 20.064251 -7.720760 3.698205
v 19.807041 -8.001974 3.634322
v 17.645672 -8.476147 3.132624
v 17.262688 -8.715081 2.753158
v 17.741924 -8.631468 2.817758
v 17.614758 -9.309104 3.112565
v 17.629646 -8.930290 2.935521
v 17.535303 -8.887552 3.668183
v 17.616585 -8.494995 3.483738
v 17.645672 -8.476147 3.132624
v 17.741924 -8.631468 2.817758
v 17.607433 -9.266575 3.875772
v 17.720844 -9.648422 3.297170
v 17.873642 -9.613271 4.064297
v 17.961622 -9.946299 3.491389
v 20.169689 -7.884012 3.603563
v 19.849884 -8.117068 3.552916
v 19.931320 -8.367061 3.168822
v 20.305874 -8.156100 3.150008
v 19.849884 -8.117068 3.552916
v 19.931320 -8.367061 3.168822
v 19.722601 -8.082251 3.757535
v 19.898598 -8.423706 3.943061
v 20.085663 -8.698046 3.359972
v 19.329279 -10.100708 3.862791
v 19.193447 -9.754963 4.434548
v 19.729031 -9.829600 3.820835
v 19.563488 -9.508986 4.390420
v 19.808632 -9.177917 4.286250
v 19.985815 -9.490177 3.715225
v 18.732544 -9.887521 4.378092
v 18.859150 -10.222481 3.818339
v 19.444416 -7.774302 3.439316
v 18.943480 -7.649710 3.255583
v 18.476938 -7.698495 3.207809
v 18.103897 -7.921400 3.121591
v 17.834707 -8.172617 3.086783
v 17.834707 -8.172617 3.086783
v 17.822145 -8.140470 3.363613
v 18.104939 -7.912683 3.324457
v 18.103897 -7.921400 3.121591
v 18.466751 -7.725194 3.306380
v 18.476938 -7.698495 3.207809
v 19.444416 -7.774302 3.439316
v 19.383209 -7.790137 3.548408
v 18.104939 -7.912683 3.324457
v 18.466751 -7.725194 3.306380
v 18.928703 -7.666397 3.375189
v 18.943480 -7.649710 3.255583
v 18.928703 -7.666397 3.375189
v 18.476938 -7.698495 3.207809
v 18.466751 -7.725194 3.306380
v 19.722601 -8.082251 3.757535
v 19.383209 -7.790137 3.548408
v 19.808632 -9.177917 4.286250
v 17.535303 -8.887552 3.668183
v 19.915688 -8.794893 4.134939
v 17.616585 -8.494995 3.483738
v 18.363981 -10.167654 3.684382
v 18.255754 -9.836006 4.253544
v 19.915688 -8.794893 4.134939
v 20.112118 -9.086627 3.550674
v 19.193447 -9.754963 4.434548
v 18.732544 -9.887521 4.378092
v 17.873642 -9.613271 4.064297
v 18.255754 -9.836006 4.253544
v 17.822145 -8.140470 3.363613
v 19.898598 -8.423706 3.943061
v 19.563488 -9.508986 4.390420
v 17.607433 -9.266575 3.875772
v 16.665606 -9.515920 2.349393
v 16.582214 -9.185224 2.346175
v 16.474001 -9.721993 2.627853
v 16.301394 -9.691823 2.775025
v 16.890587 -8.831350 2.045784
v 16.859465 -9.356857 2.128277
v 17.199188 -9.192042 1.848109
v 17.275846 -8.310774 1.870454
v 17.828142 -7.829225 1.811353
v 19.034279 -7.334535 1.811836
v 19.747746 -6.856507 1.835477
v 18.071629 -8.149899 1.511520
v 17.754940 -8.378627 1.559060
v 18.399382 -7.571048 1.809082
v 17.494635 -8.702175 1.656341
v 19.744476 -7.499051 1.608268
v 19.221279 -7.801659 1.573226
v 18.795082 -7.847929 1.506240
v 18.389973 -7.984989 1.490883
v 17.253593 -9.125685 1.809231
v 26.925749 -0.504056 0.724155
v 27.218641 -0.413205 0.763864
v 26.850582 -0.301250 0.837206
v 27.166992 -0.216167 0.865633
v 26.644032 -0.596231 0.695170
v 26.809090 -0.838338 0.792740
v 27.296597 -0.673239 0.893114
v 19.638580 -6.443533 1.741523
v 18.843782 -6.390275 1.623465
v 19.335657 -6.393861 2.099949
v 18.226831 -6.144148 1.303005
v 18.165787 -6.323463 1.520571
v 18.848228 -6.184674 1.388720
v 18.116306 -6.314452 1.796549
v 18.775761 -6.380223 1.971501
v 18.671505 -5.875686 1.344857
v 17.902391 -5.843597 1.215662
v 17.657793 -6.023983 1.190791
v 17.451950 -6.104947 1.552126
v 17.522974 -6.131197 1.350311
v 16.856117 -5.817840 1.136332
v 16.802820 -5.784591 1.258260
v 17.001230 -5.772168 1.038981
v 19.537075 -6.162344 1.424739
v 19.450926 -5.782947 1.393906
v 20.071957 -5.578139 1.412560
v 20.112154 -6.088125 1.441924
v 20.438480 -6.809705 1.573052
v 20.242264 -6.443787 1.677834
v 19.804356 -6.527445 1.875012
v 19.598047 -6.447463 2.182621
v 19.804356 -6.527445 1.875012
v 20.731565 -5.165787 1.459557
v 21.349930 -4.743777 1.397233
v 21.570082 -5.037424 1.305386
v 20.242264 -6.443787 1.677834
v 28.319000 -0.335908 1.062497
v 28.403315 -0.293912 1.171942
v 28.420864 -0.205064 1.133478
v 28.380936 -0.120645 1.084603
v 28.301857 -0.203600 0.995790
v 28.327438 -0.374651 1.193839
v 28.273623 -0.074080 1.039061
v 27.754969 -0.104470 0.940554
v 27.810188 -0.264887 0.864254
v 27.862268 -0.499517 0.979611
v 27.847876 -0.561045 1.178094
v 27.309647 -0.757998 1.154588
v 26.542423 -0.411960 0.822771
v 26.845800 -0.971857 1.082571
v 26.900400 -0.925493 1.145154
v 26.390747 -1.331524 0.955488
v 26.208225 -1.208246 0.723024
v 25.871105 -1.754754 0.921183
v 25.670200 -1.600668 0.742814
v 26.000404 -0.967155 0.681726
v 25.426918 -1.364697 0.768985
v 26.366253 -0.733371 0.676954
v 26.565039 -0.967912 0.755297
v 26.648155 -1.118422 1.009702
v 23.847797 -2.730405 1.025218
v 22.575409 -3.766557 1.210571
v 22.791790 -4.065110 1.131720
v 24.071224 -2.967341 0.953062
v 24.632168 -2.044037 0.911534
v 24.868649 -2.277596 0.844439
v 25.073795 -2.467233 0.994694
v 24.285631 -3.172245 1.089624
v 23.000191 -4.318893 1.248118
v 24.285631 -3.172245 1.089624
v 23.000191 -4.318893 1.248118
v 24.477341 -3.398034 1.089490
v 23.217724 -4.586199 1.215940
v 24.653175 -3.562256 1.198292
v 23.462936 -4.894356 1.362405
v 25.258404 -2.599775 0.998415
v 25.073795 -2.467233 0.994694
v 25.410774 -2.726340 1.088015
v 25.510223 -2.785242 1.214307
v 25.021063 -3.373262 1.334003
v 23.522991 -5.191151 1.589499
v 23.634087 -5.184710 1.733174
v 24.559689 -3.986478 1.460249
v 24.886545 -3.541804 1.404067
v 24.745407 -3.752570 1.703397
v 24.629734 -3.983484 1.611949
v 24.658592 -3.927207 1.763778
v 24.521202 -4.131428 1.819557
v 23.706850 -5.182688 1.901242
v 23.768192 -5.113610 2.054058
v 25.871105 -1.754754 0.921183
v 25.994024 -1.863044 0.926737
v 26.390747 -1.331524 0.955488
v 26.484261 -1.391665 0.954701
v 26.100630 -1.946936 0.989887
v 26.578642 -1.450597 0.991815
v 26.736887 -1.164317 1.004915
v 26.648155 -1.118422 1.009702
v 26.817965 -1.211030 1.029492
v 26.845800 -0.971857 1.082571
v 26.884521 -1.046654 1.057660
v 26.970049 -0.969018 1.119775
v 26.900400 -0.925493 1.145154
v 27.016178 -0.993032 1.137418
v 26.940012 -1.088046 1.074138
v 26.200594 -1.964285 1.073530
v 26.644808 -1.484757 1.064609
v 26.863224 -1.252005 1.085659
v 26.973301 -1.119672 1.111755
v 27.035561 -1.015491 1.163823
v 26.971214 -0.937777 1.166428
v 27.017290 -0.957297 1.185755
v 27.034157 -0.989894 1.204942
v 25.510223 -2.785242 1.214307
v 25.334743 -2.401826 2.019912
v 25.021063 -3.373262 1.334003
v 24.827900 -2.951218 2.220766
v 23.768192 -5.113610 2.054058
v 23.631344 -4.814603 2.682306
v 21.774361 -5.285269 1.398912
v 21.388216 -7.884206 3.256365
v 21.484787 -7.959376 2.953199
v 21.301674 -7.951571 3.269575
v 21.619524 -7.866648 2.517172
v 21.486233 -7.824921 2.257656
v 21.436802 -8.048019 2.579013
v 20.951801 -8.006084 2.020669
v 20.669090 -7.899608 1.816504
v 20.736916 -8.106354 2.124979
v 19.560379 -7.830305 1.653063
v 19.888527 -7.909605 1.758459
v 20.202902 -7.729607 1.649362
v 20.288435 -8.052219 1.932593
v 20.697697 -7.218490 1.536859
v 20.987278 -7.521092 1.690347
v 21.263424 -7.706634 1.934536
v 22.466133 -5.835339 1.424619
v 22.074554 -5.551853 1.319294
v 21.774361 -5.285269 1.398912
v 22.983868 -5.985190 1.861463
v 21.216122 -8.090629 2.371235
v 22.954041 -5.871950 1.701504
v 21.308437 -8.119309 2.807088
v 21.485397 -8.031921 2.777236
v 21.621611 -7.867823 2.767105
v 22.975674 -5.761922 1.627042
v 23.175774 -5.464475 1.563533
v 23.400656 -5.243911 1.542009
v 23.047348 -6.004268 2.072015
v 23.062603 -5.952051 2.234305
v 23.075457 -5.914947 2.169660
v 23.028198 -5.904407 1.920748
v 23.704578 -5.146570 2.044399
v 23.573189 -5.184262 1.819263
v 23.417767 -5.230253 1.711561
v 22.732634 -5.155436 3.012559
v 22.993893 -5.726272 1.813181
v 23.184177 -5.434857 1.731252
v 22.993893 -5.726272 1.813181
v 16.930262 -9.405523 2.178347
v 17.317074 -9.243000 1.905700
v 16.740032 -9.553074 2.375629
v 16.606575 -9.697143 2.572144
v 16.380405 -9.642769 3.002497
v 16.474001 -9.721993 2.627853
v 16.301394 -9.691823 2.775025
v 16.196474 -9.630147 2.956422
v 16.496653 -9.593521 3.004380
v 16.808662 -9.109282 2.841876
v 17.175686 -8.835375 2.791457
v 16.619137 -9.360997 2.920393
v 23.417767 -5.230253 1.711561
v 23.170259 -4.689463 2.847819
v 23.184177 -5.434857 1.731252
v 22.927500 -4.874038 2.909590
v 23.062603 -5.952051 2.234305
v 22.902834 -5.602970 2.967764
v 21.388216 -7.884206 3.256365
v 20.868679 -8.163611 2.426023
v 20.889099 -8.136116 2.750552
v 21.190872 -7.973248 3.255757
v 20.830057 -7.979759 3.180263
v 20.426748 -8.365950 2.789863
v 20.418915 -8.392882 2.498438
v 20.366402 -8.220476 3.193832
v 20.349997 -8.351240 2.302775
v 20.146374 -8.187312 2.015728
v 19.810478 -8.040833 1.853693
v 19.523624 -7.973681 1.747764
v 19.196365 -7.954654 1.659763
v 18.810757 -8.007154 1.596921
v 18.456318 -8.123618 1.582805
v 18.174150 -8.261845 1.594789
v 17.890345 -8.463614 1.632830
v 17.642241 -8.771248 1.729025
v 17.382812 -9.191450 1.872506
v 17.416069 -9.013221 2.047677
v 17.722393 -8.568447 1.826127
v 18.146343 -8.218040 1.744043
v 19.651737 -7.956317 1.924419
v 19.144932 -7.909834 1.791902
v 18.646809 -7.995319 1.731740
v 20.072334 -8.124250 2.118942
v 20.379879 -8.343256 2.638647
v 20.305874 -8.156100 3.150008
v 20.341225 -8.325926 2.426675
v 17.262688 -8.715081 2.753158
v 19.144932 -7.909834 1.791902
v 19.179358 -8.169340 2.076084
v 19.651737 -7.956317 1.924419
v 20.072334 -8.124250 2.118942
v 19.720842 -8.295661 2.265651
v 18.646809 -7.995319 1.731740
v 18.754625 -8.225088 2.013930
v 18.146343 -8.218040 1.744043
v 18.381336 -8.398038 1.999614
v 17.722393 -8.568447 1.826127
v 18.045755 -8.628643 2.051587
v 17.839146 -8.895657 2.191103
v 17.416069 -9.013221 2.047677
v 20.341225 -8.325926 2.426675
v 20.034901 -8.499847 2.588243
v 17.785795 -8.782310 2.489343
v 17.262688 -8.715081 2.753158
v 17.741924 -8.631468 2.817758
v 17.800493 -9.466966 2.450764
v 17.875877 -9.061533 2.293371
v 17.785795 -8.782310 2.489343
v 17.876553 -9.854570 2.640315
v 18.130318 -10.174085 2.885959
v 20.379879 -8.343256 2.638647
v 20.027985 -8.506207 2.735290
v 20.027985 -8.506207 2.735290
v 19.986481 -8.658804 2.546127
v 20.157238 -8.988813 2.755703
v 19.455359 -10.327229 3.232157
v 19.823437 -10.076953 3.197050
v 20.067926 -9.744458 3.095888
v 18.988564 -10.446910 3.202753
v 19.670315 -8.267881 2.402253
v 19.163486 -8.130407 2.245577
v 18.708076 -8.203510 2.146697
v 18.296402 -8.342010 2.237831
v 17.994476 -8.521699 2.353323
v 17.994476 -8.521699 2.353323
v 18.082752 -8.709870 2.167234
v 18.368813 -8.489237 2.113049
v 18.296402 -8.342010 2.237831
v 18.727356 -8.294595 2.110001
v 18.708076 -8.203510 2.146697
v 19.670315 -8.267881 2.402253
v 19.647743 -8.368116 2.333992
v 18.368813 -8.489237 2.113049
v 19.187996 -8.232939 2.184827
v 18.727356 -8.294595 2.110001
v 19.163486 -8.130407 2.245577
v 18.708076 -8.203510 2.146697
v 19.187996 -8.232939 2.184827
v 18.727356 -8.294595 2.110001
v 19.986481 -8.658804 2.546127
v 19.647743 -8.368116 2.333992
v 20.067926 -9.744458 3.095888
v 20.177601 -9.367159 2.932547
v 17.800493 -9.466966 2.450764
v 17.875877 -9.061533 2.293371
v 18.513084 -10.398254 3.072198
v 20.177601 -9.367159 2.932547
v 19.455359 -10.327229 3.232157
v 18.130318 -10.174085 2.885959
v 18.988564 -10.446910 3.202753
v 18.513084 -10.398254 3.072198
v 18.082752 -8.709870 2.167234
v 20.157238 -8.988813 2.755703
v 19.823437 -10.076953 3.197050
v 17.876553 -9.854570 2.640315
vn 0.5147 -0.8542 -0.0741
vn 0.4476 -0.8941 -0.0166
vn 0.3448 -0.8868 -0.3077
vn 0.5218 -0.7841 0.3361
vn 0.4460 -0.8948 0.0193
vn 0.5568 -0.8160 0.1554
vn 0.3601 -0.8591 0.3636
vn 0.5280 -0.8258 0.1984
vn 0.8288 -0.5357 0.1617
vn 0.7765 0.5825 -0.2404
vn 0.9267 -0.3466 0.1450
vn 0.8538 -0.4765 0.2096
vn 0.4236 -0.8361 0.3486
vn 0.4682 -0.6674 0.5791
vn 0.3276 -0.7623 0.5582
vn 0.3965 -0.7093 0.5828
vn 0.7537 -0.3135 0.5776
vn 0.4382 -0.5560 0.7063
vn 0.2762 -0.5236 0.8060
vn 0.4245 -0.5989 0.6790
vn 0.3148 -0.4163 0.8530
vn 0.7409 -0.3389 0.5798
vn 0.8906 -0.1557 0.4272
vn 0.7784 0.6276 -0.0145
vn 0.7225 0.1336 0.6783
vn 0.9244 -0.2841 -0.2545
vn 0.2905 -0.8007 0.5238
vn 0.2656 -0.4960 0.8267
vn 0.0714 -0.2904 0.9542
vn -0.2563 -0.8704 0.4204
vn -0.2022 -0.5156 0.8326
vn 0.3376 -0.8524 0.3993
vn -0.2260 -0.9207 0.3181
vn 0.9192 0.3877 0.0689
vn -0.0248 0.4374 0.8989
vn 0.9407 0.3388 -0.0186
vn 0.0151 -0.9862 -0.1647
vn 0.3474 -0.4008 -0.8477
vn 0.5492 0.7596 0.3483
vn 0.5257 0.8074 0.2677
vn 0.2971 0.8297 0.4726
vn 0.7402 0.6723 -0.0087
vn 0.5416 0.8069 0.2357
vn 0.6888 0.7055 0.1667
vn 0.6273 0.7713 -0.1072
vn 0.6863 0.7180 0.1159
vn 0.8852 0.3786 0.2705
vn 0.5266 -0.6606 0.5351
vn 0.9414 0.1231 0.3140
vn 0.9014 0.3709 0.2236
vn 0.6707 0.7389 -0.0646
vn 0.7925 0.5521 -0.2592
vn 0.6791 0.6655 -0.3098
vn 0.7392 0.6052 -0.2956
vn 0.9926 0.0935 -0.0775
vn 0.8089 0.4404 -0.3896
vn 0.7112 0.4298 -0.5563
vn 0.7911 0.4865 -0.3707
vn 0.7491 0.3152 -0.5826
vn 0.9731 0.1822 -0.1411
vn 0.9998 0.0154 -0.0117
vn 0.5143 -0.7789 0.3590
vn 0.7225 0.1336 0.6784
vn 0.6342 0.7161 -0.2915
vn 0.7074 0.4033 -0.5805
vn 0.5669 0.2251 -0.7924
vn 0.3163 0.4946 -0.8095
vn 0.1154 0.8747 -0.4707
vn 0.6209 0.7676 -0.1590
vn 0.0973 0.9312 -0.3512
vn 0.0984 0.9761 0.1939
vn 0.7455 -0.4919 0.4498
vn -0.0400 0.3595 0.9323
vn 0.7606 -0.5398 0.3608
vn 0.3346 -0.4644 -0.8200
vn 0.5258 0.8074 0.2678
vn 0.0984 0.9761 0.1940
vn 0.1905 0.7797 0.5964
vn -0.0401 0.3596 0.9323
vn -0.0090 -0.0250 0.9996
vn 0.5492 0.7597 0.3482
vn -0.2275 -0.1202 0.9663
vn -0.1467 -0.0672 0.9869
vn -0.0115 0.0453 0.9989
vn 0.0484 0.4748 0.8788
vn -0.3174 -0.1016 0.9428
vn 0.2372 0.8819 0.4075
vn -0.1555 0.3743 0.9142
vn 0.1418 0.8749 0.4630
vn -0.0144 0.9200 0.3917
vn -0.1963 0.4435 0.8745
vn -0.1496 0.0069 0.9887
vn -0.2069 0.8652 0.4567
vn -0.3242 0.8417 0.4318
vn -0.1797 0.4492 0.8752
vn -0.0612 -0.0985 0.9933
vn -0.0991 0.4619 0.8814
vn -0.2280 -0.1310 0.9648
vn -0.0495 0.4696 0.8815
vn -0.0331 0.3953 0.9180
vn -0.1028 0.4049 0.9085
vn -0.1792 0.4132 0.8928
vn -0.1325 0.4516 0.8823
vn 0.0709 -0.0413 0.9966
vn -0.4167 0.7542 0.5075
vn -0.5034 0.6947 0.5139
vn -0.0630 0.3628 0.9297
vn -0.5021 0.2948 0.8130
vn -0.5186 0.2324 0.8228
vn 0.0912 0.0635 0.9938
vn -0.1310 0.4586 0.8789
vn -0.4400 0.3274 0.8362
vn -0.2843 0.4205 0.8616
vn -0.4311 0.4218 0.7977
vn -0.1257 0.4077 0.9044
vn -0.0475 0.4409 0.8963
vn -0.4536 0.5433 0.7064
vn -0.4026 0.5189 0.7541
vn -0.1492 0.3662 0.9185
vn -0.1479 0.3735 0.9158
vn -0.1200 0.3556 0.9269
vn -0.0761 0.3348 0.9392
vn 0.0136 0.2980 0.9545
vn 0.0697 0.3773 0.9235
vn 0.1119 0.4128 0.9039
vn -0.1314 -0.2958 0.9462
vn 0.2340 0.3395 0.9110
vn -0.0682 -0.2120 0.9749
vn 0.6863 0.7180 0.1160
vn 0.8852 0.3785 0.2705
vn -0.1998 -0.0381 0.9791
vn 0.1716 0.1683 0.9707
vn 0.3909 0.2920 0.8729
vn 0.2072 0.3465 0.9149
vn 0.0964 0.3345 0.9375
vn 0.2354 0.3466 0.9080
vn 0.1094 0.8934 0.4358
vn 0.2408 0.5176 0.8211
vn 0.1396 0.8407 0.5231
vn -0.0398 0.7753 0.6304
vn 0.3450 0.3371 0.8760
vn 0.3351 0.2876 0.8972
vn 0.7784 0.6276 -0.0144
vn 0.4246 -0.5989 0.6790
vn 0.2761 -0.5235 0.8060
vn -0.0333 0.8282 0.5594
vn 0.1380 0.7197 0.6805
vn 0.1129 0.6751 0.7291
vn 0.0278 0.7829 0.6215
vn 0.0090 -0.1387 0.9903
vn -0.1350 0.8282 0.5439
vn -0.0305 0.8341 0.5508
vn -0.0059 0.7371 0.6757
vn -0.0911 -0.2753 0.9570
vn -0.0112 -0.3502 0.9366
vn -0.0247 0.4373 0.8990
vn 0.2656 -0.4961 0.8267
vn -0.1401 0.4525 0.8807
vn -0.2552 -0.3045 0.9177
vn -0.2061 0.3937 0.8958
vn -0.4084 -0.1630 0.8982
vn 0.1180 0.7793 0.6155
vn 0.2179 0.7020 0.6780
vn -0.5137 -0.1282 0.8484
vn -0.1923 0.3852 0.9026
vn -0.5619 0.0096 0.8272
vn 0.2076 0.6288 0.7493
vn -0.4460 0.5942 0.6693
vn -0.6258 0.0767 0.7762
vn 0.5054 0.0839 -0.8588
vn 0.3249 -0.7606 -0.5620
vn 0.1003 -0.8365 -0.5387
vn 0.3337 -0.7145 -0.6149
vn 0.1911 -0.8023 -0.5654
vn 0.0212 -0.8189 -0.5736
vn 0.4971 0.2982 -0.8149
vn 0.2236 -0.4597 -0.8594
vn 0.4258 0.2360 -0.8735
vn 0.2703 0.2927 -0.9172
vn 0.1957 -0.4074 -0.8920
vn 0.1954 -0.7539 -0.6273
vn 0.1063 0.1782 -0.9782
vn -0.0137 0.1626 -0.9866
vn 0.1971 -0.4002 -0.8950
vn 0.2667 -0.8134 -0.5169
vn 0.2762 -0.3839 -0.8811
vn 0.0985 -0.8401 -0.5334
vn 0.3236 -0.3711 -0.8704
vn 0.4146 -0.3500 -0.8400
vn 0.4778 -0.3915 -0.7864
vn 0.1544 -0.9169 -0.3680
vn 0.2310 -0.8737 -0.4280
vn 0.7912 0.4865 -0.3706
vn 0.9731 0.1822 -0.1410
vn 0.1381 -0.7840 -0.6052
vn 0.5144 -0.7788 0.3589
vn 0.6604 -0.4246 -0.6193
vn 0.5160 -0.5881 -0.6228
vn 0.5834 -0.4239 -0.6928
vn 0.5566 -0.4202 -0.7167
vn 0.4364 -0.4287 -0.7911
vn 0.3419 -0.4294 -0.8359
vn 0.2756 -0.4272 -0.8611
vn 0.2006 -0.4223 -0.8840
vn 0.2438 -0.3965 -0.8851
vn 0.3958 -0.7563 -0.5209
vn 0.2451 -0.3893 -0.8879
vn 0.4346 -0.6868 -0.5826
vn -0.0872 0.0354 -0.9956
vn -0.1771 -0.0183 -0.9840
vn 0.3130 -0.4641 -0.8287
vn -0.1580 -0.5487 -0.8209
vn -0.0591 -0.4803 -0.8751
vn 0.1090 -0.4130 -0.9042
vn -0.0241 -0.3032 -0.9526
vn 0.2296 -0.4672 -0.8538
vn 0.2311 -0.4603 -0.8572
vn 0.2580 -0.4758 -0.8409
vn 0.2996 -0.4915 -0.8177
vn 0.3822 -0.5125 -0.7689
vn 0.4642 -0.4692 -0.7512
vn 0.7048 -0.3945 -0.5896
vn 0.5848 -0.4168 -0.6959
vn 0.6676 -0.3892 -0.6347
vn 0.5852 -0.2424 -0.7738
vn 0.2971 0.0157 -0.9547
vn 0.7765 0.5825 -0.2405
vn 0.8288 -0.5356 0.1617
vn 0.4386 0.1682 -0.8828
vn 0.3892 0.2631 -0.8828
vn 0.2876 0.1043 -0.9520
vn 0.4567 -0.0982 -0.8842
vn 0.3584 0.0384 -0.9328
vn 0.1961 0.1013 -0.9753
vn 0.2882 0.1150 -0.9506
vn 0.4399 0.0554 -0.8963
vn 0.3380 -0.0375 -0.9404
vn 0.1985 -0.9053 -0.3756
vn 0.3244 -0.8278 -0.4577
vn 0.2531 -0.9256 -0.2814
vn 0.0220 -0.9206 -0.3898
vn 0.2363 -0.3960 -0.8873
vn 0.3473 -0.4009 -0.8477
vn 0.4758 -0.0254 -0.8792
vn 0.5147 -0.8541 -0.0741
vn 0.5280 -0.8257 0.1984
vn -0.0889 -0.8409 -0.5338
vn 0.1887 -0.4429 -0.8765
vn -0.1985 -0.7987 -0.5681
vn 0.1873 -0.4499 -0.8732
vn -0.2280 -0.7010 -0.6758
vn 0.5419 -0.0253 -0.8400
vn 0.5445 -0.1279 -0.8289
vn -0.0872 -0.1899 -0.9779
vn -0.2978 -0.6315 -0.7159
vn 0.3257 -0.4003 -0.8565
vn -0.0840 -0.2602 -0.9619
vn -0.0556 -0.3947 -0.9171
vn 0.2533 -0.4260 -0.8685
vn -0.1302 -0.4945 -0.8593
vn -0.0401 0.3595 0.9323
vn 0.7455 -0.4920 0.4497
vn -0.2172 -0.3283 0.9193
vn -0.1631 -0.9042 0.3948
vn -0.2706 -0.5977 0.7547
vn -0.3500 -0.8731 0.3393
vn -0.2344 -0.5870 0.7749
vn -0.4009 -0.7264 0.5583
vn -0.5081 -0.8154 0.2774
vn -0.2046 -0.6977 0.6865
vn 0.2832 -0.9568 0.0656
vn 0.1216 -0.6206 0.7746
vn -0.0664 -0.9964 0.0530
vn -0.2920 -0.9524 0.0871
vn -0.0540 -0.9946 -0.0888
vn -0.0812 -0.9937 -0.0777
vn 0.0540 -0.9314 -0.3599
vn -0.0247 0.4374 0.8989
vn 0.0292 0.9240 0.3813
vn 0.2026 0.8974 -0.3919
vn 0.0433 0.9968 0.0679
vn 0.9407 0.3387 -0.0186
vn 0.3473 -0.4009 -0.8478
vn 0.3077 0.3101 -0.8995
vn 0.2262 0.5931 -0.7727
vn -0.0053 0.8990 -0.4379
vn 0.0768 0.9925 0.0947
vn -0.0636 0.9814 -0.1810
vn -0.1800 0.8687 -0.4615
vn 0.1345 0.9903 -0.0354
vn 0.5787 0.5524 -0.6000
vn 0.4344 0.8927 0.1199
vn 0.2742 0.6812 -0.6788
vn 0.0393 0.7509 -0.6592
vn 0.2654 0.5758 -0.7733
vn 0.8850 0.4525 0.1098
vn 0.9455 0.2875 -0.1531
vn 0.8531 0.0224 0.5213
vn 0.8656 0.1796 0.4674
vn 0.2371 -0.1260 0.9633
vn 0.8112 0.3678 0.4547
vn -0.4009 -0.7263 0.5583
vn 0.0817 0.0671 0.9944
vn 0.7843 0.4222 0.4545
vn 0.7251 0.5132 0.4593
vn -0.0627 0.1619 0.9848
vn 0.7102 0.5723 0.4100
vn 0.2509 0.9160 0.3132
vn 0.2758 0.9609 -0.0250
vn -0.0868 0.1571 0.9838
vn 0.6051 0.6444 0.4677
vn -0.1939 0.2337 0.9528
vn -0.2013 0.3342 0.9208
vn -0.1862 0.3328 0.9244
vn 0.1030 0.9787 0.1774
vn 0.2045 0.9767 0.0658
vn 0.4793 0.8777 0.0046
vn -0.0947 0.9176 0.3861
vn -0.2161 0.4592 0.8616
vn -0.2053 0.4371 0.8757
vn -0.3076 0.8954 0.3218
vn -0.0387 0.9992 0.0102
vn -0.0683 0.9840 -0.1646
vn -0.3286 0.9406 -0.0852
vn -0.0445 0.8947 -0.4444
vn -0.2870 0.8353 -0.4689
vn -0.4946 0.8640 -0.0944
vn -0.4567 0.7564 -0.4683
vn -0.4903 0.7364 -0.4662
vn -0.5325 0.8424 -0.0831
vn -0.2892 0.9557 0.0557
vn -0.1729 0.8705 -0.4608
vn 0.1265 0.9028 -0.4110
vn -0.1152 0.8833 -0.4544
vn -0.1048 0.9702 -0.2185
vn 0.0118 0.9921 0.1250
vn -0.1079 0.8369 0.5366
vn -0.0377 0.9866 0.1586
vn 0.0655 0.9031 -0.4244
vn 0.0148 0.9849 -0.1726
vn -0.0439 0.9877 0.1502
vn 0.0282 0.9917 0.1251
vn -0.0586 0.8730 0.4841
vn 0.0136 0.9461 0.3237
vn 0.0030 0.9874 0.1584
vn -0.4553 0.7391 0.4964
vn -0.0701 0.7788 0.6233
vn -0.3252 0.7365 0.5931
vn -0.2596 0.6231 0.7378
vn -0.2196 0.7492 0.6249
vn -0.1029 0.6870 0.7193
vn -0.2227 0.6958 0.6828
vn -0.1966 0.7699 0.6071
vn -0.1169 0.6133 0.7811
vn -0.1563 0.4110 0.8981
vn -0.2782 0.7494 0.6008
vn -0.1640 0.4117 0.8964
vn -0.4661 0.4204 0.7785
vn -0.4182 0.0339 0.9077
vn -0.1639 0.4117 0.8965
vn -0.1992 0.1948 0.9604
vn -0.3477 -0.0007 0.9376
vn -0.4540 0.0555 0.8893
vn -0.3379 0.1076 0.9350
vn -0.2181 0.1003 0.9708
vn -0.2020 0.4152 0.8870
vn -0.1687 0.6493 0.7416
vn -0.3571 0.8007 0.4810
vn -0.5145 0.7991 0.3108
vn -0.4604 0.8362 0.2980
vn -0.2251 0.4528 0.8628
vn -0.1591 0.3967 0.9041
vn -0.1563 0.4110 0.8982
vn -0.0799 0.4020 0.9121
vn 0.0220 0.3416 0.9396
vn -0.2645 0.1610 0.9509
vn 0.0304 0.3847 0.9226
vn 0.0402 0.4339 0.9001
vn -0.0629 0.3628 0.9297
vn -0.0476 0.4409 0.8963
vn -0.1521 0.4322 0.8888
vn -0.5246 -0.0574 0.8494
vn -0.2959 -0.1210 0.9475
vn -0.5655 -0.4774 0.6725
vn -0.6933 -0.1240 0.7099
vn -0.2376 0.3887 0.8902
vn -0.2123 0.4015 0.8909
vn -0.6574 -0.1751 0.7329
vn -0.7517 -0.4567 0.4758
vn -0.7786 -0.4232 0.4633
vn -0.7591 -0.6363 0.1375
vn -0.7340 -0.6612 0.1548
vn -0.5019 -0.8183 0.2801
vn -0.2237 -0.8981 0.3787
vn -0.2905 -0.5448 0.7866
vn -0.4335 -0.7392 0.5155
vn -0.4507 -0.8402 0.3017
vn -0.2830 -0.8885 0.3612
vn -0.3263 -0.7493 0.5762
vn -0.3236 -0.5047 0.8004
vn -0.3375 -0.5066 0.7934
vn -0.2687 -0.1962 0.9430
vn -0.2676 -0.5527 0.7893
vn -0.2854 -0.5183 0.8062
vn -0.2469 -0.3775 0.8925
vn -0.3601 0.0321 0.9324
vn -0.3417 0.2041 0.9174
vn -0.5947 0.0237 0.8036
vn -0.2302 -0.0356 0.9725
vn -0.5992 -0.7656 0.2339
vn -0.6199 -0.5511 0.5585
vn -0.3865 -0.8626 0.3264
vn -0.5303 -0.2444 0.8118
vn -0.2314 0.3810 0.8951
vn -0.1541 0.4959 0.8546
vn -0.3300 -0.2813 0.9011
vn -0.3491 -0.6172 0.7052
vn -0.3961 -0.7215 0.5679
vn -0.1942 -0.5289 0.8262
vn -0.1693 0.4974 0.8509
vn -0.1204 -0.6409 0.7581
vn -0.1255 0.5815 0.8038
vn 0.0039 0.6175 0.7865
vn 0.0292 0.9240 0.3814
vn 0.0251 0.6074 0.7940
vn 0.1926 0.6278 0.7542
vn 0.3969 0.6784 0.6182
vn -0.0636 0.9814 -0.1811
vn 0.8155 -0.0691 0.5745
vn 0.7014 -0.1790 0.6899
vn 0.6623 -0.2027 0.7213
vn 0.5773 -0.2380 0.7811
vn 0.5369 -0.3058 0.7863
vn -0.0177 -0.4419 0.8969
vn -0.0610 -0.7180 0.6933
vn 0.4222 -0.2764 0.8633
vn 0.1616 -0.7111 0.6843
vn 0.8631 0.0721 0.4998
vn 0.5786 0.5524 -0.6000
vn 0.7409 -0.5951 0.3114
vn 0.6939 -0.4373 0.5721
vn 0.8850 0.4525 0.1097
vn 0.9706 -0.2390 -0.0289
vn 0.9892 -0.0957 -0.1113
vn -0.2920 -0.9525 0.0871
vn 0.5267 -0.7611 -0.3785
vn 0.9645 0.0259 -0.2627
vn 0.9498 0.0542 -0.3081
vn 0.4225 -0.6820 -0.5969
vn 0.3000 -0.6360 -0.7110
vn 0.0541 -0.9314 -0.3599
vn 0.9111 0.1001 -0.3998
vn 0.8902 0.1732 -0.4213
vn 0.4875 0.3918 -0.7803
vn 0.4036 0.6777 -0.6147
vn 0.2763 -0.6423 -0.7149
vn 0.1786 -0.5862 -0.7903
vn 0.8233 0.1592 -0.5449
vn 0.2236 -0.4598 -0.8594
vn 0.5882 0.6354 -0.5003
vn 0.3710 0.6081 -0.7019
vn 0.1769 -0.4980 -0.8489
vn 0.3154 0.5094 -0.8006
vn 0.1920 -0.4992 -0.8449
vn 0.1941 0.2824 -0.9394
vn 0.1757 -0.3910 -0.9035
vn -0.0272 0.2816 -0.9591
vn 0.1375 0.6272 -0.7667
vn 0.1868 -0.4139 -0.8910
vn -0.1856 0.2367 -0.9537
vn 0.1667 -0.3974 -0.9024
vn 0.2204 -0.4382 -0.8714
vn 0.3130 -0.4641 -0.8286
vn -0.2355 0.1927 -0.9526
vn -0.3469 0.5418 -0.7656
vn -0.1781 0.6111 -0.7712
vn 0.0421 0.7410 -0.6702
vn -0.0446 0.8947 -0.4444
vn -0.4903 0.7364 -0.4661
vn -0.3814 0.5133 -0.7688
vn -0.0876 0.5240 -0.8472
vn -0.0339 0.0945 -0.9949
vn 0.2233 -0.4240 -0.8777
vn 0.3919 -0.4716 -0.7899
vn 0.2098 -0.1713 -0.9626
vn 0.2199 0.1168 -0.9685
vn 0.2158 0.5423 -0.8120
vn -0.0123 0.7667 -0.6419
vn -0.1152 0.8833 -0.4543
vn 0.0654 0.9031 -0.4244
vn 0.1162 0.7611 -0.6381
vn 0.1873 0.5070 -0.8413
vn 0.1722 0.5115 -0.8419
vn 0.2381 0.5462 -0.8031
vn 0.2608 0.1844 -0.9476
vn 0.2543 -0.1182 -0.9599
vn 0.1930 -0.4217 -0.8860
vn 0.2976 -0.4282 -0.8533
vn 0.4008 -0.4295 -0.8093
vn 0.4075 -0.3937 -0.8240
vn 0.1158 -0.6449 -0.7554
vn 0.2233 -0.4241 -0.8777
vn 0.1406 -0.6904 -0.7097
vn 0.1473 -0.1062 -0.9834
vn 0.1329 -0.0230 -0.9909
vn 0.2253 0.5142 -0.8276
vn 0.2772 0.3648 -0.8889
vn -0.1260 0.0237 -0.9918
vn 0.2670 0.0184 -0.9635
vn 0.0280 -0.0294 -0.9992
vn 0.1199 -0.2003 -0.9724
vn 0.1578 0.0028 -0.9875
vn 0.2502 -0.2143 -0.9442
vn 0.0765 -0.0192 -0.9969
vn 0.2157 -0.4235 -0.8798
vn -0.0880 -0.3811 -0.9203
vn -0.0625 -0.7212 -0.6899
vn 0.1700 -0.6180 -0.7676
vn 0.0077 -0.7543 -0.6564
vn 0.0335 -0.6801 -0.7323
vn -0.1048 -0.7009 -0.7055
vn -0.0003 -0.7310 -0.6824
vn 0.0396 -0.8313 -0.5544
vn 0.0510 -0.8724 -0.4861
vn 0.0398 -0.6048 -0.7954
vn -0.0710 -0.9818 -0.1760
vn -0.2645 -0.6796 -0.6843
vn 0.1080 -0.7822 -0.6136
vn 0.0092 -0.9481 -0.3178
vn -0.0660 -0.9887 -0.1348
vn -0.1154 -0.9747 -0.1915
vn -0.2199 -0.9682 0.1197
vn -0.1059 -0.9749 -0.1958
vn -0.3431 -0.9336 0.1031
vn -0.0801 -0.9865 -0.1427
vn -0.3681 -0.9019 -0.2260
vn -0.1967 -0.7551 -0.6255
vn -0.4152 -0.7225 -0.5529
vn 0.2247 -0.4169 -0.8807
vn 0.1568 -0.4471 -0.8806
vn 0.1826 -0.4352 -0.8817
vn -0.3804 -0.7670 -0.5168
vn -0.6285 -0.7468 -0.2174
vn -0.6045 -0.7736 -0.1900
vn -0.4507 -0.8401 0.3017
vn -0.2830 -0.8885 0.3613
vn -0.2458 -0.8501 -0.4658
vn 0.1630 -0.4548 -0.8756
vn 0.2215 -0.3507 -0.9099
vn -0.0344 -0.9070 -0.4197
vn 0.0107 -0.9889 -0.1481
vn -0.1802 -0.9814 -0.0669
vn -0.4680 -0.8754 -0.1207
vn -0.5992 -0.7657 0.2339
vn -0.2877 -0.9550 0.0728
vn 0.2064 -0.3495 -0.9139
vn 0.0449 -0.9990 -0.0013
vn 0.2448 -0.2532 -0.9359
vn 0.2687 -0.9445 0.1892
vn 0.6397 -0.7544 -0.1475
vn 0.3652 -0.1961 -0.9100
vn 0.3076 0.3101 -0.8996
vn 0.3859 -0.2048 -0.8995
vn 0.2261 0.5931 -0.7727
vn 0.0652 -0.9914 0.1133
vn 0.2215 -0.9550 -0.1972
vn 0.7149 -0.6979 -0.0429
vn 0.7613 -0.6439 -0.0766
vn 0.5361 -0.1300 -0.8341
vn 0.2655 0.5758 -0.7733
vn 0.6866 0.0363 -0.7262
vn 0.2743 0.6812 -0.6788
vn 0.8254 -0.5632 -0.0399
vn 0.8548 -0.5183 -0.0265
vn 0.9391 -0.3435 -0.0038
vn 0.9806 -0.1894 -0.0504
vn 0.5187 0.4342 -0.7365
vn -0.0387 0.9992 0.0103
vn -0.0946 0.9176 0.3861
vn 0.8692 0.2898 -0.4007
vn -0.0683 0.9840 -0.1647
vn 0.3782 0.7917 -0.4798
vn 0.7330 0.5426 -0.4102
vn 0.9169 0.3992 0.0009
vn 0.9075 0.4200 -0.0022
vn 0.5681 0.8206 -0.0623
vn 0.7183 0.6263 0.3031
vn 0.1375 0.6271 -0.7667
vn 0.3017 0.9153 0.2670
vn 0.3168 0.9280 -0.1959
vn 0.3526 0.2838 -0.8917
vn 0.4582 0.7446 -0.4854
vn 0.5187 0.4341 -0.7365
vn 0.2045 0.9766 0.0658
vn 0.6688 0.3423 -0.6600
vn 0.4793 0.8776 0.0046
vn 0.6587 0.4566 -0.5980
vn -0.0867 0.1571 0.9838
vn 0.2759 0.9609 -0.0250
vn 0.3587 0.3610 -0.8608
vn 0.2509 0.9159 0.3132
vn 0.4878 0.3206 -0.8119
vn 0.4873 0.6661 -0.5647
vn 0.4738 0.3793 -0.7948
vn 0.4851 0.7856 -0.3839
vn 0.3642 0.9223 -0.1296
vn 0.8535 0.5015 -0.1415
vn 0.7792 0.6260 -0.0305
vn 0.4455 0.8700 -0.2110
vn 0.3595 0.9331 -0.0112
vn 0.5675 0.7132 -0.4115
vn 0.6895 0.4554 -0.5632
vn 0.8111 0.3678 0.4547
vn 0.6892 0.6606 -0.2977
vn 0.4614 0.8859 -0.0471
vn 0.2287 0.8941 0.3851
vn 0.2311 0.9166 0.3263
vn 0.0984 0.9359 0.3384
vn 0.4838 0.8466 0.2217
vn 0.4525 0.8229 0.3436
vn 0.0761 0.9075 0.4131
vn 0.3017 0.9152 0.2670
vn 0.8233 0.1593 -0.5448
vn 0.8902 0.1733 -0.4214
vn 0.9498 0.0543 -0.3080
vn 0.5230 0.8260 0.2103
vn 0.6781 0.7326 -0.0597
vn 0.9706 -0.2390 -0.0290
vn 0.9455 0.2876 -0.1531
vn 0.8531 0.0224 0.5212
vn -0.3490 -0.6172 0.7052
vn 0.2357 -0.9633 -0.1285
vn -0.3301 -0.2814 0.9011
vn 0.6603 -0.7493 0.0504
vn 0.3300 -0.8994 0.2868
vn 0.0233 -0.9585 0.2842
vn 0.7259 -0.5462 0.4181
vn 0.7098 -0.5634 0.4228
vn 0.3466 -0.6429 0.6830
vn -0.0357 -0.8305 0.5559
vn 0.0191 -0.4919 0.8705
vn 0.5095 -0.4176 0.7524
vn -0.3865 -0.8626 0.3263
vn -0.0343 -0.9070 -0.4197
vn 0.0442 -0.7920 0.6089
vn 0.0191 -0.4918 0.8705
vn -0.1706 -0.3099 0.9353
vn 0.0107 -0.9889 -0.1480
vn 0.2041 -0.4270 0.8809
vn 0.2688 -0.9444 0.1892
vn 0.2068 -0.5398 0.8160
vn 0.6397 -0.7544 -0.1474
vn 0.3653 -0.1961 -0.9100
vn -0.1625 -0.3880 0.9072
vn 0.7613 -0.6438 -0.0766
vn -0.0213 -0.3708 0.9285
vn 0.0420 -0.7183 0.6944
vn -0.0345 -0.4269 0.9036
vn 0.1076 -0.8412 0.5299
vn 0.1485 -0.9785 0.1428
vn 0.1766 -0.7828 0.5967
vn 0.2501 -0.5449 0.8004
vn 0.3436 -0.7552 0.5582
vn 0.2269 -0.9474 0.2255
vn 0.2330 -0.9353 -0.2663
vn 0.4334 -0.8313 0.3481
vn 0.4205 -0.9069 0.0265
vn 0.7408 -0.5951 0.3114
vn 0.6939 -0.4374 0.5721
vn 0.9806 -0.1895 -0.0504
vn 0.8156 -0.0691 0.5745
vn 0.7014 -0.1789 0.6899
vn 0.0911 -0.9528 -0.2896
vn 0.5369 -0.3057 0.7863
vn -0.0177 -0.4420 0.8969
vn -0.0609 -0.7180 0.6933
vn 0.3827 -0.9239 0.0020
vn 0.0039 0.6176 0.7865
vn 0.4183 -0.9005 -0.1193
vn -0.1205 -0.6409 0.7581
vn 0.2107 -0.9529 -0.2181
vn 0.1366 -0.9220 0.3623
vn 0.0973 -0.9635 0.2493
vn 0.5538 -0.7460 0.3698
vn 0.1124 -0.9243 -0.3647
vn -0.1941 -0.5289 0.8262
vn -0.3301 -0.2813 0.9011
vn 0.5850 -0.6323 0.5079
vn 0.2278 -0.3586 -0.9053
vn 0.0130 -0.4501 -0.8929
vn 0.2708 -0.0277 -0.9622
vn 0.1545 -0.3371 -0.9287
vn 0.0279 -0.0294 -0.9992
vn 0.2760 0.1831 -0.9436
vn 0.2821 0.4506 -0.8470
vn 0.2503 0.7346 -0.6307
vn 0.4189 0.4971 -0.7599
vn 0.3447 0.2797 -0.8961
vn 0.3866 -0.0664 -0.9199
vn 0.2238 -0.2904 -0.9304
vn 0.4352 -0.3126 -0.8443
vn 0.4330 0.0561 -0.8997
vn 0.3661 0.2291 -0.9019
vn 0.3670 0.3344 -0.8680
vn 0.4030 0.3809 -0.8322
vn 0.3132 0.5443 -0.7782
vn 0.3682 0.6852 -0.6284
vn 0.1341 0.9025 -0.4092
vn 0.3879 0.5943 -0.7045
vn 0.3896 0.5695 -0.7238
vn 0.3805 0.3735 -0.8460
vn 0.4147 0.1279 -0.9009
vn 0.4495 -0.3192 -0.8343
vn 0.3227 0.0593 -0.9446
vn 0.1840 -0.4281 -0.8848
vn 0.2876 -0.0888 -0.9536
vn -0.0943 -0.1626 -0.9822
vn 0.2299 -0.0592 -0.9714
vn 0.1293 0.0298 -0.9912
vn 0.4077 0.1524 -0.9003
vn 0.5450 0.3705 -0.7521
vn 0.6158 0.5351 -0.5784
vn 0.3458 0.7867 -0.5114
vn 0.4652 0.8316 -0.3033
vn 0.0264 0.9014 -0.4321
vn 0.3217 0.8772 -0.3563
vn 0.2443 0.9693 -0.0288
vn 0.2220 0.9710 0.0883
vn 0.3360 0.8738 -0.3515
vn 0.2751 0.9434 -0.1853
vn 0.1188 0.9030 -0.4128
vn 0.4621 0.8767 0.1339
vn 0.2080 0.9715 0.1137
vn 0.1583 0.9327 0.3240
vn 0.1204 0.9825 0.1418
vn 0.1259 0.9363 0.3279
vn 0.1106 0.7812 0.6145
vn 0.3140 0.8886 0.3343
vn 0.1050 0.8249 0.5554
vn 0.0964 0.8392 0.5352
vn 0.2610 0.8758 0.4060
vn 0.4256 0.8918 0.1537
vn 0.6379 0.7377 -0.2210
vn 0.5179 0.2993 -0.8014
vn 0.5881 0.5276 -0.6130
vn 0.5563 0.7883 -0.2628
vn 0.4800 0.8254 -0.2971
vn 0.3023 0.9366 0.1772
vn 0.0498 0.8790 0.4743
vn -0.2144 0.7830 0.5839
vn -0.4539 0.6188 0.6412
vn -0.1291 0.7251 0.6764
vn -0.0744 0.7021 0.7082
vn -0.2109 0.4086 0.8880
vn 0.0875 0.4959 0.8640
vn -0.0056 0.7995 0.6006
vn 0.0719 0.5052 0.8600
vn 0.0696 0.8831 0.4639
vn 0.0412 0.7109 0.7020
vn -0.1491 0.5502 0.8216
vn -0.2354 0.5089 0.8280
vn -0.0737 0.7491 0.6583
vn -0.3308 0.3714 0.8675
vn 0.0600 0.9078 0.4150
vn 0.1055 0.9243 0.3669
vn 0.2161 0.9552 0.2022
vn 0.1373 0.9843 -0.1111
vn 0.0534 0.9693 0.2399
vn -0.0283 0.8702 0.4918
vn 0.0135 0.9461 0.3236
vn 0.1028 0.9944 0.0253
vn 0.0282 0.9917 0.1250
vn 0.2586 0.6368 -0.7264
vn 0.2381 0.5463 -0.8031
vn 0.2101 0.8966 -0.3898
vn -0.3253 0.7365 0.5931
vn -0.1480 0.4884 0.8600
vn -0.1639 0.4118 0.8964
vn -0.3540 0.4787 0.8035
vn -0.1773 0.3394 0.9238
vn -0.2262 0.0134 0.9740
vn -0.2701 0.3320 0.9038
vn -0.2385 -0.1987 0.9506
vn -0.2360 -0.4642 0.8537
vn -0.2105 -0.7479 0.6295
vn -0.0836 -0.5350 0.8407
vn -0.1788 -0.3044 0.9356
vn -0.0993 0.0315 0.9946
vn -0.2034 0.2736 0.9401
vn 0.0232 0.2580 0.9659
vn -0.0689 -0.0980 0.9928
vn -0.1552 -0.2578 0.9537
vn -0.1547 -0.3629 0.9189
vn -0.1137 -0.4158 0.9023
vn -0.1908 -0.5637 0.8037
vn -0.0938 -0.7157 0.6921
vn -0.2162 -0.8990 0.3808
vn -0.1007 -0.6258 0.7735
vn -0.1087 -0.6051 0.7887
vn -0.1386 -0.4043 0.9040
vn -0.0975 -0.1662 0.9813
vn 0.0413 0.2617 0.9643
vn -0.1797 -0.0852 0.9800
vn -0.2067 0.4300 0.8788
vn -0.1979 0.0710 0.9776
vn -0.5353 0.2011 0.8204
vn -0.2611 0.0517 0.9639
vn -0.3717 -0.0196 0.9282
vn -0.1064 -0.1888 0.9762
vn 0.0487 -0.4313 0.9009
vn 0.1641 -0.6138 0.7723
vn -0.0784 -0.8192 0.5682
vn 0.1167 -0.8867 0.4473
vn -0.3202 -0.8806 0.3494
vn -0.0401 -0.9056 0.4223
vn 0.0348 -0.9943 0.1010
vn 0.0736 -0.9972 -0.0155
vn -0.0251 -0.9044 0.4260
vn -0.0100 -0.9671 0.2541
vn -0.2309 -0.8978 0.3751
vn 0.3166 -0.9462 0.0674
vn 0.3212 -0.8261 0.4631
vn 0.1275 -0.5974 0.7917
vn 0.0136 -0.3527 0.9356
vn -0.1776 -0.2399 0.9544
vn 0.0001 -0.5690 0.8223
vn 0.1335 -0.8833 0.4495
vn 0.2220 -0.8608 0.4580
vn 0.2920 -0.9559 0.0317
vn 0.1894 -0.9806 -0.0502
vn 0.1237 -0.8944 -0.4298
vn 0.2740 -0.9235 -0.2685
vn -0.0209 -0.7636 -0.6454
vn 0.2832 -0.9419 -0.1806
vn 0.1996 -0.8656 -0.4592
vn -0.1740 -0.5666 -0.8054
vn 0.1057 -0.7252 -0.6804
vn 0.1571 -0.7113 -0.6851
vn 0.1854 -0.4210 -0.8879
vn 0.1495 -0.8123 -0.5638
vn 0.2192 -0.8537 -0.4723
vn 0.1097 -0.9573 -0.2673
vn 0.0718 -0.9966 -0.0414
vn 0.1365 -0.9591 -0.2482
vn 0.2595 -0.8140 -0.5196
vn 0.4056 -0.5391 -0.7382
vn 0.3887 -0.5456 -0.7425
vn 0.2533 -0.7390 -0.6243
vn 0.1718 -0.5522 -0.8158
vn 0.1222 -0.4994 -0.8577
vn 0.1259 -0.7559 -0.6425
vn 0.0782 -0.3649 -0.9278
vn 0.2010 -0.4930 -0.8465
vn 0.0662 -0.8736 -0.4822
vn 0.0994 -0.9221 -0.3741
vn 0.1352 -0.9014 -0.4113
vn 0.1129 -0.9438 -0.3107
vn 0.0080 -0.9941 -0.1086
vn 0.1240 -0.9857 -0.1144
vn -0.0005 -0.9741 -0.2262
vn -0.0995 -0.9877 0.1209
vn -0.0642 -0.9978 -0.0188
vn -0.0659 -0.9887 -0.1348
vn -0.2198 -0.9682 0.1197
vn -0.1555 -0.9047 0.3967
vn -0.2272 -0.6473 0.7276
vn -0.2676 -0.5526 0.7893
vn -0.3264 -0.7493 0.5763
vn 0.3443 0.2149 -0.9139
vn 0.4924 0.5151 -0.7016
vn -0.1005 0.8861 -0.4525
vn -0.6368 0.6284 -0.4467
vn -0.5485 0.8255 0.1332
vn -0.2317 0.9509 0.2051
vn -0.4536 0.5433 0.7065
vn -0.0972 0.9621 0.2547
vn 0.0731 0.9033 -0.4228
vn -0.3093 0.5120 0.8014
vn -0.4285 -0.4262 0.7967
vn -0.3149 -0.3302 0.8898
vn -0.2727 0.4764 0.8359
vn -0.4249 -0.3003 0.8540
vn -0.2976 0.4634 0.8347
vn -0.0257 0.9474 0.3191
vn 0.2101 0.8966 -0.3899
vn 0.1950 0.8982 -0.3939
vn -0.1237 0.8944 0.4297
vn -0.5182 0.7186 -0.4638
vn -0.8160 0.4139 0.4035
vn -0.5551 0.2144 0.8037
vn -0.3021 0.3633 0.8813
vn -0.2939 0.4844 0.8240
vn -0.5191 -0.2621 0.8135
vn -0.5570 -0.2067 0.8044
vn -0.6349 -0.7443 0.2071
vn -0.2161 -0.8990 0.3808
vn -0.3641 -0.8693 0.3344
vn -0.1421 -0.9003 -0.4115
vn -0.2420 -0.8597 -0.4498
vn 0.0916 -0.3816 -0.9198
vn -0.0322 -0.9279 -0.3714
vn 0.1173 -0.3701 -0.9216
vn -0.2904 -0.8869 0.3593
vn -0.1860 -0.9402 -0.2853
vn -0.5484 0.8255 0.1333
vn -0.3247 0.3383 -0.8832
vn 0.0774 -0.3275 -0.9417
vn 0.1610 0.4089 -0.8982
vn 0.0119 0.4165 -0.9091
vn -0.3248 0.3383 -0.8832
vn -0.6368 0.6285 -0.4466
vn 0.2471 0.3623 -0.8987
vn 0.0950 -0.3596 -0.9283
vn 0.1852 0.2287 -0.9557
vn 0.0900 -0.4677 -0.8793
vn -0.2671 -0.8243 -0.4991
vn -0.4477 -0.7595 -0.4719
vn -0.7294 -0.6675 0.1500
vn -0.7014 -0.2141 0.6798
vn -0.7835 -0.2252 0.5792
vn -0.5087 0.1310 0.8509
vn -0.5236 0.1293 0.8421
vn -0.4467 0.1741 0.8776
vn -0.4998 0.1478 0.8535
vn -0.3644 0.2520 0.8965
vn -0.7855 -0.1982 0.5863
vn -0.4525 0.1893 0.8715
vn -0.7834 -0.1940 0.5905
vn -0.7847 -0.1669 0.5970
vn -0.4293 0.2051 0.8796
vn -0.2996 0.2884 0.9094
vn -0.3327 0.2667 0.9045
vn -0.1544 0.3371 0.9287
vn -0.7462 -0.1232 0.6542
vn -0.8520 -0.5199 0.0619
vn -0.8465 -0.5281 0.0670
vn -0.8364 -0.5439 0.0678
vn -0.8334 -0.5481 0.0705
vn -0.8219 -0.5639 0.0806
vn -0.5598 -0.7053 -0.4349
vn -0.1503 -0.6306 -0.7614
vn -0.1383 -0.6201 -0.7722
vn -0.5547 -0.6937 -0.4594
vn -0.5507 -0.6935 -0.4646
vn -0.0813 -0.5986 -0.7969
vn -0.5450 -0.6808 -0.4893
vn -0.4820 -0.6887 -0.5416
vn -0.7912 -0.6024 0.1056
vn -0.6494 -0.0999 0.7538
vn -0.1239 0.3338 0.9345
vn 0.0290 0.3776 0.9255
vn -0.0270 0.3795 0.9248
vn 0.2024 0.4357 0.8771
vn -0.5414 -0.1047 0.8342
vn -0.7148 -0.6808 0.1595
vn -0.3532 -0.7322 -0.5823
vn 0.0539 -0.5530 -0.8315
vn -0.0543 -0.5905 -0.8052
vn 0.0193 -0.5618 -0.8270
vn -0.0764 -0.6121 -0.7871
vn -0.1674 -0.6276 -0.7603
vn -0.1960 -0.5487 -0.8127
vn -0.5471 -0.1764 -0.8183
vn -0.5182 0.7186 -0.4637
vn 0.0897 -0.5370 -0.8388
vn 0.2236 -0.4946 -0.8399
vn 0.2533 -0.4962 -0.8304
vn -0.2253 -0.7775 -0.5872
vn -0.6218 -0.7533 0.2142
vn -0.6218 -0.7533 0.2143
vn -0.4697 -0.0975 0.8774
vn -0.5372 -0.8010 0.2642
vn -0.3462 0.0166 0.9380
vn 0.0611 0.5278 0.8472
vn 0.3118 0.6704 0.6733
vn 0.0884 0.6232 0.7770
vn -0.3389 0.0160 0.9407
vn -0.4657 -0.8341 0.2955
vn -0.2852 0.0361 0.9578
vn -0.2236 -0.8981 0.3787
vn 0.0747 0.6324 0.7710
vn -0.1304 0.0475 0.9903
vn 0.4824 -0.7455 0.4599
vn 0.8636 -0.3556 0.3574
vn 0.1871 0.5833 0.7904
vn 0.9797 0.1321 0.1505
vn 0.6805 0.7080 -0.1888
vn 0.6061 0.7589 -0.2380
vn 0.6602 0.7238 -0.2007
vn 0.7268 0.6681 -0.1596
vn 0.3790 -0.8164 0.4357
vn 0.9177 0.3971 0.0108
vn 0.8089 0.1705 0.5626
vn 0.2243 -0.2862 0.9316
vn 0.8597 0.4882 0.1504
vn 0.0219 -0.9009 0.4335
vn 0.0493 -0.0012 0.9988
vn -0.1264 -0.4900 0.8625
vn -0.3000 -0.2526 0.9199
vn -0.3305 -0.0723 0.9410
vn -0.0347 0.1794 0.9832
vn 0.8470 0.5190 0.1152
vn 0.8566 0.5049 0.1063
vn -0.0105 0.2942 0.9557
vn 0.8807 0.4567 0.1258
vn 0.8854 0.4391 0.1523
vn 0.0109 0.3734 0.9276
vn -0.3336 0.0752 0.9397
vn -0.3140 0.1872 0.9308
vn -0.3382 0.2281 0.9130
vn -0.2996 0.2884 0.9095
vn -0.0062 0.4056 0.9140
vn 0.8257 0.4698 0.3122
vn -0.0283 0.3799 0.9246
vn 0.8483 0.3402 0.4058
vn -0.3768 0.2136 0.9013
vn -0.4039 0.1739 0.8981
vn -0.4960 0.1229 0.8596
vn -0.6565 0.0060 0.7543
vn -0.7985 -0.2845 0.5306
vn -0.8705 -0.4903 0.0437
vn -0.5999 -0.7102 -0.3684
vn -0.1960 -0.5487 -0.8128
vn -0.7268 -0.6680 0.1596
vn -0.6840 -0.5110 0.5206
vn -0.6015 -0.0911 0.7937
vn -0.3555 0.3125 0.8809
vn -0.4361 0.2054 0.8761
vn -0.1468 0.3363 0.9302
vn -0.0950 0.3596 0.9283
vn 0.2422 0.5023 0.8301
vn 0.3426 0.4808 0.8071
vn 0.6785 0.4689 0.5655
vn 0.9648 0.1341 0.2263
vn 0.9536 0.2496 0.1686
vn 0.9119 0.3775 0.1610
vn 0.6369 0.5551 0.5350
vn 0.4949 0.5482 0.6742
vn 0.2516 0.9113 -0.3259
vn 0.7316 0.6756 -0.0914
vn 0.2626 0.5445 0.7966
vn 0.1722 0.4637 0.8691
vn 0.9113 0.4076 0.0574
vn 0.2188 0.4453 0.8683
vn 0.9694 0.0517 0.2398
vn 0.1710 0.4570 0.8729
vn 0.7995 -0.3964 0.4513
vn 0.4650 0.5143 0.7206
vn 0.1533 0.4827 0.8623
vn -0.1222 0.3853 0.9147
vn -0.1323 0.5551 0.8212
vn 0.1247 0.6851 0.7177
vn 0.2672 0.8275 0.4937
vn 0.3506 0.5333 0.7698
vn 0.6272 0.5134 0.5857
vn 0.7259 0.4675 0.5045
vn 0.6336 -0.6217 0.4605
vn 0.9408 0.3254 0.0945
vn 0.9266 0.3561 0.1209
vn 0.4631 0.7371 0.4922
vn 0.3607 0.9324 -0.0211
vn 0.7209 0.6506 0.2388
vn 0.8977 0.4368 0.0582
vn 0.9139 0.4059 0.0059
vn 0.3429 0.8750 -0.3418
vn 0.4825 0.8758 -0.0123
vn 0.3664 0.8740 0.3192
vn 0.1221 0.8066 0.5784
vn -0.1064 0.7002 0.7060
vn 0.0377 0.8863 0.4616
vn 0.4150 0.8668 0.2764
vn 0.5011 0.8636 -0.0549
vn 0.5505 0.7914 -0.2656
vn 0.5979 0.7641 -0.2422
vn 0.5843 0.7724 -0.2491
vn 0.5212 0.8534 -0.0103
vn -0.0260 0.9022 0.4306
vn -0.1799 0.8878 0.4236
vn -0.1682 0.8676 0.4679
vn -0.1797 0.6382 0.7486
vn -0.1792 0.9331 0.3118
vn -0.1308 0.8532 0.5050
vn -0.0302 0.9421 0.3340
vn 0.0308 0.8589 0.5112
vn -0.2825 0.3476 0.8941
vn -0.5085 -0.1843 0.8411
vn 0.0305 0.8736 0.4857
vn -0.5527 -0.3384 0.7616
vn 0.1466 0.8540 0.4993
vn 0.1853 0.8106 0.5556
vn 0.3175 0.8115 0.4906
vn 0.2462 0.7068 0.6632
vn -0.6494 -0.3482 0.6760
vn -0.6643 -0.6014 0.4439
vn -0.6473 -0.7333 0.2080
vn -0.5351 -0.8304 -0.1552
vn -0.5582 -0.8289 -0.0376
vn -0.6557 -0.7293 0.1955
vn -0.7808 -0.4894 0.3885
vn -0.7158 -0.2097 0.6661
vn 0.3024 0.7285 0.6148
vn 0.4168 0.6503 0.6351
vn 0.3821 0.5906 0.7108
vn -0.7892 -0.1381 0.5983
vn 0.5647 0.4816 0.6702
vn 0.7429 0.6578 0.1245
vn 0.7398 0.5106 0.4382
vn 0.8663 0.4963 -0.0563
vn 0.6459 0.7321 -0.2166
vn -0.7578 0.2093 0.6180
vn 0.7579 0.6488 0.0677
vn 0.7851 0.6183 0.0365
vn 0.8754 0.4818 -0.0386
vn -0.7580 0.4183 0.5005
vn -0.8435 0.3384 0.4171
vn -0.9576 -0.0236 0.2870
vn -0.7876 0.1067 0.6068
vn -0.9118 -0.2410 0.3324
vn -0.9256 -0.3772 -0.0309
vn -0.8410 -0.5363 0.0721
vn -0.7268 -0.6680 0.1597
vn -0.6675 -0.7340 -0.1252
vn -0.4213 -0.8361 -0.3514
vn -0.3032 -0.8759 -0.3753
vn -0.2054 -0.8291 -0.5201
vn -0.2931 -0.7483 -0.5951
vn -0.3419 -0.6646 -0.6643
vn -0.1368 -0.6403 -0.7559
vn -0.0763 -0.6121 -0.7871
vn -0.0618 -0.5889 -0.8058
vn 0.0321 -0.5093 -0.8600
vn 0.1100 -0.4842 -0.8680
vn 0.3360 0.2005 -0.9203
vn 0.4392 0.1960 -0.8768
vn 0.3425 0.1722 -0.9236
vn 0.2398 0.3473 -0.9066
vn 0.2002 -0.1855 -0.9620
vn 0.2486 -0.1003 -0.9634
vn 0.2401 -0.2841 -0.9282
vn 0.2564 -0.4476 -0.8567
vn 0.2311 -0.4951 -0.8376
vn -0.0295 -0.6204 -0.7837
vn 0.0032 -0.5925 -0.8056
vn 0.0454 -0.5853 -0.8095
vn 0.0673 -0.6212 -0.7808
vn 0.3994 -0.4365 -0.8062
vn 0.3644 -0.4297 -0.8262
vn 0.3462 -0.4436 -0.8267
vn 0.2881 -0.4773 -0.8302
vn 0.5834 -0.2647 -0.7678
vn 0.5250 -0.3301 -0.7845
vn 0.5980 -0.2091 -0.7737
vn 0.7687 0.6047 -0.2084
vn 0.9306 0.3647 -0.0326
vn 0.5650 -0.3339 -0.7545
vn 0.9883 0.0015 0.1524
vn 0.5239 -0.3375 -0.7821
vn 0.5130 -0.3093 -0.8007
vn 0.4656 -0.0813 -0.8813
vn 0.4356 0.1016 -0.8944
vn 0.5893 0.3793 -0.7134
vn 0.3271 0.2251 -0.9178
vn 0.1524 0.1754 -0.9726
vn 0.0995 0.3336 -0.9375
vn 0.1298 0.2198 -0.9669
vn 0.1907 0.1469 -0.9706
vn 0.4875 0.1318 -0.8631
vn 0.5919 0.2036 -0.7799
vn 0.5641 -0.0064 -0.8257
vn 0.6064 0.0556 -0.7932
vn -0.4639 -0.7492 -0.4728
vn 0.7049 0.0060 -0.7093
vn 0.6899 -0.0911 -0.7181
vn 0.8274 -0.1057 -0.5516
vn 0.8370 0.4475 -0.3148
vn -0.5440 -0.6638 -0.5132
vn -0.7657 -0.5537 -0.3272
vn -0.7902 -0.3825 -0.4788
vn -0.4987 -0.5100 -0.7009
vn -0.4498 -0.4465 -0.7735
vn 0.9173 0.1167 -0.3807
vn 0.8303 0.4897 -0.2660
vn -0.4586 -0.2367 -0.8565
vn 0.8403 0.4951 -0.2210
vn 0.9487 0.2864 -0.1341
vn 0.9624 0.2574 0.0871
vn -0.5784 -0.2329 -0.7818
vn -0.8231 -0.2270 -0.5205
vn -0.9624 -0.2574 -0.0871
vn -0.9783 0.1057 0.1784
vn -0.9786 -0.1286 -0.1608
vn -0.9765 -0.0131 -0.2153
vn -0.6865 0.1190 -0.7173
vn -0.3429 0.1745 -0.9230
vn -0.5956 -0.0978 -0.7973
vn 0.9372 0.2666 -0.2247
vn 0.9200 0.3916 0.0140
vn 0.4657 0.8341 -0.2955
vn -0.6865 0.1190 -0.7174
vn -0.8466 0.3790 -0.3736
vn -0.8466 0.3790 -0.3737
vn -0.8628 0.4994 0.0785
vn -0.6058 0.7480 0.2711
vn -0.8424 0.4346 0.3184
vn 0.8373 0.4899 0.2429
vn 0.8815 0.4365 0.1800
vn -0.8628 0.4995 0.0786
vn 0.9091 0.4007 0.1138
vn 0.1219 0.9127 -0.3900
vn 0.9177 0.3971 0.0109
vn 0.8089 0.1704 0.5627
vn 0.9664 -0.1823 -0.1810
vn 0.9333 0.3012 -0.1954
vn 0.9117 0.3578 -0.2018
vn 0.8469 0.5191 0.1152
vn 0.9131 0.3664 -0.1787
vn 0.9338 0.3325 -0.1322
vn 0.8807 0.4566 0.1258
vn 0.9425 0.3085 -0.1285
vn 0.8854 0.4391 0.1524
vn 0.9476 0.1898 -0.2571
vn 0.9844 0.0554 -0.1667
vn 0.9914 0.0626 0.1153
vn 0.9817 0.1866 0.0365
vn 0.9615 0.2641 -0.0758
vn 0.9119 0.3774 0.1610
vn 0.9463 0.3176 -0.0603
vn 0.1753 0.8934 -0.4137
vn 0.1220 0.9127 -0.3901
vn 0.2799 0.8631 -0.4205
vn 0.9113 0.4077 0.0574
vn 0.8201 -0.4764 0.3169
vn 0.6215 -0.6595 0.4228
vn 0.6336 -0.6216 0.4605
vn 0.9572 0.2888 0.0178
vn 0.9578 0.2864 -0.0251
vn 0.9072 0.4115 -0.0872
vn -0.2771 0.8389 -0.4684
vn -0.1578 0.9490 -0.2731
vn 0.5641 0.7581 0.3272
vn 0.2239 0.6504 0.7259
vn 0.4026 0.6373 0.6570
vn 0.1666 0.7708 0.6149
vn 0.2462 0.7069 0.6631
vn 0.2934 0.7524 0.5897
vn 0.1708 0.8150 0.5537
vn 0.1853 0.8106 0.5555
vn 0.1318 0.7892 0.5998
vn 0.0309 0.8589 0.5111
vn -0.0236 0.8641 0.5028
vn -0.0232 0.9068 0.4210
vn -0.1484 0.8477 0.5093
vn -0.1047 0.7053 0.7011
vn -0.1308 0.8532 0.5049
vn -0.0083 0.9172 0.3983
vn 0.7690 0.6050 0.2065
vn -0.0261 0.9022 0.4305
vn 0.5842 0.7724 -0.2492
vn 0.9604 -0.1038 0.2586
vn 0.8803 0.3566 -0.3129
vn 0.6180 0.6379 -0.4595
vn 0.2703 0.2872 -0.9190
vn 0.2623 0.2503 -0.9320
vn 0.2494 -0.0930 -0.9639
vn 0.1819 0.1345 -0.9741
vn 0.2625 0.2609 -0.9290
vn 0.2831 0.1716 -0.9436
vn 0.4786 0.1350 -0.8676
vn 0.1908 0.1469 -0.9706
vn 0.4491 0.0758 -0.8903
vn 0.5907 0.0861 -0.8023
vn 0.4837 0.0583 -0.8733
vn 0.6970 -0.0212 -0.7168
vn 0.5553 -0.0938 -0.8263
vn 0.8370 0.4475 -0.3147
vn 0.7559 0.3312 -0.5647
vn -0.0833 0.7853 -0.6134
vn -0.2771 0.8389 -0.4685
vn -0.3756 0.1005 0.9213
vn -0.3077 0.3335 0.8911
vn -0.3236 0.3711 0.8704
vn 0.2238 0.6503 0.7259
vn -0.1578 0.9490 -0.2730
vn -0.4075 0.3937 0.8240
vn -0.9520 0.1288 -0.2776
vn -0.2770 0.8389 -0.4685
vn -0.4739 0.4548 0.7540
vn -0.0834 0.7854 -0.6134
vn -0.8666 0.3440 -0.3613
vn -0.4500 0.6066 0.6554
vn -0.6656 0.6024 -0.4405
vn -0.3522 0.7958 0.4926
vn -0.3873 0.7929 -0.4706
vn -0.1057 0.9880 -0.1127
vn -0.0370 0.8957 -0.4432
vn 0.1648 0.9559 0.2429
vn 0.0258 0.6985 -0.7152
vn -0.0263 0.0835 -0.9962
vn -0.0632 -0.1951 -0.9788
vn -0.0912 -0.3582 -0.9292
vn -0.0223 -0.4227 -0.9060
vn 0.0676 -0.4581 -0.8863
vn 0.0833 -0.4953 -0.8647
vn -0.0072 -0.6809 -0.7323
vn 0.3851 0.4582 -0.8011
vn 0.3431 0.8720 -0.3491
vn 0.6712 0.7132 -0.2020
vn 0.2671 0.7754 0.5722
vn 0.8838 0.4664 -0.0383
vn 0.1630 0.5618 0.8111
vn 0.5639 0.1100 -0.8185
vn 0.5438 -0.1993 -0.8152
vn 0.9775 0.1610 0.1363
vn 0.1345 0.4507 0.8825
vn 0.5081 -0.3461 -0.7887
vn 0.9498 -0.1462 0.2765
vn 0.1140 0.3459 0.9313
vn 0.4754 -0.4479 -0.7573
vn 0.8172 -0.4308 0.3830
vn 0.1168 0.2230 0.9678
vn 0.9604 -0.1039 0.2586
vn 0.0205 0.2345 0.9719
vn 0.4710 -0.5548 -0.6858
vn 0.3846 -0.5658 -0.7294
vn 0.7690 0.6049 0.2065
vn 0.2447 -0.6959 -0.6752
vn 0.1674 -0.5386 -0.8257
vn 0.2625 0.2610 -0.9290
vn 0.4786 0.1351 -0.8676
vn -0.0073 -0.6809 -0.7323
vn -0.1047 0.7054 0.7011
vn -0.1170 0.0933 0.9887
vn -0.2087 0.2891 0.9343
vn -0.0231 0.9068 0.4209
vn -0.3756 0.1004 0.9213
vn 0.1140 0.3460 0.9313
vn -0.4738 0.4548 0.7541
vn -0.4501 0.6066 0.6554
vn -0.3522 0.7958 0.4927
vn -0.1058 0.9880 -0.1127
vn 0.6229 -0.0268 -0.7818
vn 0.4417 -0.1717 -0.8806
vn 0.4244 -0.2902 -0.8577
vn 0.5557 -0.3424 -0.7576
vn 0.3530 -0.4508 -0.8198
vn 0.3994 -0.4366 -0.8062
vn -0.1424 -0.7930 -0.5923
vn 0.0120 -0.7430 -0.6691
vn 0.0167 -0.7509 -0.6602
vn 0.0694 -0.7388 -0.6704
vn 0.4341 -0.1586 -0.8868
vn 0.5318 -0.1916 -0.8249
vn 0.2204 -0.7256 -0.6519
vn 0.3789 -0.8164 0.4358
vn 0.9664 -0.1824 -0.1810
vn 0.4717 -0.8442 -0.2545
vn 0.9333 0.3012 -0.1955
vn 0.3761 -0.7362 -0.5626
vn 0.0813 -0.9823 -0.1688
vn 0.7268 0.6680 -0.1596
vn 0.0048 -0.8973 -0.4415
vn 0.3333 -0.6246 -0.7062
vn 0.3597 -0.5198 -0.7749
vn 0.0132 -0.8006 -0.5990
vn 0.5556 -0.3425 -0.7576
vn 0.0339 -0.7041 -0.7093
vn 0.3826 -0.4437 -0.8104
vn 0.9845 0.0554 -0.1667
vn 0.6659 -0.2452 -0.7046
vn 0.8951 -0.0132 -0.4456
vn 0.9913 0.0626 0.1154
vn 0.9818 0.1866 0.0365
vn 0.8613 0.0557 -0.5051
vn 0.7744 -0.0769 -0.6280
vn 0.2798 0.8631 -0.4204
vn 0.1752 0.8934 -0.4137
vn 0.4722 0.6724 -0.5700
vn 0.3429 0.8750 -0.3417
vn 0.8512 0.3409 -0.3990
vn 0.7139 0.1776 -0.6774
vn 0.8616 -0.0079 -0.5075
vn 0.9183 0.0390 -0.3941
vn 0.7565 -0.1387 -0.6391
vn 0.6694 -0.1819 -0.7203
vn 0.5458 0.2029 -0.8130
vn 0.5817 0.6522 -0.4861
vn 0.5980 0.7640 -0.2422
vn 0.5860 0.6747 -0.4488
vn 0.5843 0.7725 -0.2489
vn 0.6181 0.6378 -0.4595
vn 0.6162 0.4169 -0.6682
vn 0.2624 0.2503 -0.9319
vn -0.0073 -0.6809 -0.7324
vn 0.3846 -0.5658 -0.7293
vn 0.4709 -0.5548 -0.6859
vn 0.4753 -0.4479 -0.7573
vn -0.0911 -0.3582 -0.9292
vn 0.5082 -0.3461 -0.7887
vn -0.0631 -0.1950 -0.9788
vn 0.3851 0.4583 -0.8010
vn 0.0259 0.6985 -0.7151
vn -0.7587 -0.2558 0.5990
vn -0.8582 -0.5112 0.0475
vn -0.4375 -0.8452 0.3070
vn -0.4932 -0.3852 0.7800
vn -0.5021 0.2947 0.8130
vn -0.2757 -0.8899 0.3635
vn -0.3584 -0.4021 0.8425
vn -0.3439 0.3351 0.8772
vn -0.1552 0.9681 0.1968
vn -0.2935 0.3702 0.8814
vn -0.0662 0.9360 0.3458
vn -0.1845 0.9270 0.3266
vn -0.3129 0.3856 0.8680
vn -0.2772 -0.3700 0.8867
vn -0.1707 -0.9036 0.3928
vn -0.3372 -0.2264 0.9138
vn -0.7782 -0.6173 0.1154
vn -0.8421 0.2793 0.4614
vn -0.4790 0.6048 0.6361
vn -0.2785 0.4835 0.8298
vn -0.4169 0.6761 0.6075
vn -0.3175 0.3635 0.8758
vn -0.2951 0.9038 0.3101
vn -0.1730 0.8705 -0.4608
vn -0.0204 0.8975 -0.4405
vn 0.0578 0.9029 -0.4259
vn 0.2096 0.3288 -0.9209
vn 0.0928 0.3182 -0.9435
vn -0.0139 0.2971 -0.9547
vn -0.3296 0.8187 -0.4703
vn -0.3459 0.8747 0.3396
vn -0.4977 0.8374 0.2260
vn -0.4023 0.6764 0.6169
vn -0.3541 0.6479 0.6744
vn -0.3989 0.6647 0.6317
vn -0.2992 0.5851 0.7537
vn -0.5843 0.7998 0.1377
vn -0.4471 0.7618 -0.4688
vn -0.2429 0.2844 -0.9274
vn -0.0558 0.2477 -0.9672
vn 0.1110 -0.3619 -0.9256
vn 0.0739 -0.4660 -0.8817
vn 0.0791 -0.4451 -0.8920
vn 0.0991 -0.4619 -0.8814
vn 0.0452 -0.4899 -0.8706
vn 0.0823 0.4461 -0.8912
vn -0.8582 -0.5112 0.0476
vn -0.7587 -0.2559 0.5991
vn -0.5349 -0.7362 -0.4146
vn -0.1302 -0.4945 -0.8594
vn -0.2454 -0.9119 -0.3290
vn -0.1070 -0.9455 -0.3077
vn -0.0120 -0.9443 -0.3288
vn -0.0347 -0.8814 -0.4710
vn -0.1250 -0.1656 -0.9782
vn -0.0660 -0.0888 -0.9939
vn -0.0453 -0.0987 -0.9941
vn -0.3604 0.3127 -0.8788
vn -0.5812 0.6738 -0.4562
vn -0.5986 0.6603 -0.4535
vn -0.5939 0.7882 0.1614
vn -0.6072 0.6534 -0.4521
vn -0.5926 0.7879 0.1676
vn -0.3652 0.6357 0.6800
vn -0.3474 0.6239 0.7000
vn -0.2483 0.5502 0.7972
vn -0.6016 0.7756 0.1912
vn -0.6240 0.6395 -0.4491
vn -0.3597 0.2814 -0.8896
vn -0.3630 0.2860 -0.8868
vn -0.0389 -0.1169 -0.9924
vn 0.0041 -0.1662 -0.9861
vn -0.3619 0.2545 -0.8968
vn -0.6156 0.6465 -0.4506
vn -0.5716 0.7757 0.2674
vn -0.2731 0.5712 0.7740
vn -0.1252 0.4860 0.8650
vn 0.0332 0.3989 0.9164
vn -0.0947 0.4823 0.8709
vn -0.4741 0.8004 0.3668
vn -0.5365 0.7063 -0.4619
vn -0.3082 0.2027 -0.9295
vn 0.0257 -0.1859 -0.9822
vn 0.0824 -0.2431 -0.9665
vn 0.0145 -0.1523 -0.9882
vn 0.1388 -0.2898 -0.9470
vn 0.1113 -0.2630 -0.9584
vn -0.1805 0.1603 -0.9704
vn -0.4319 0.7701 -0.4695
vn -0.3598 0.8256 0.4346
vn -0.0200 0.4152 0.9095
vn 0.1700 0.2719 0.9472
vn 0.0039 0.2382 0.9712
vn 0.1654 -0.0511 0.9849
vn -0.2886 0.8285 0.4799
vn -0.3133 0.8253 -0.4699
vn -0.2137 0.8594 -0.4644
vn -0.2008 0.7586 0.6198
vn -0.0110 0.1197 0.9928
vn -0.1934 0.7586 0.6222
vn -0.1320 0.8799 -0.4564
vn -0.0476 0.9013 -0.4305
vn -0.1475 0.7384 0.6580
vn 0.1264 0.9028 -0.4110
vn -0.0008 0.7061 0.7081
vn 0.7591 0.6363 -0.1375
vn 0.9748 0.1930 0.1117
vn 0.0959 0.1225 0.9878
vn 0.8928 -0.2991 0.3368
vn -0.0276 0.1140 0.9931
vn 0.2819 -0.8410 0.4617
vn 0.3533 -0.8125 0.4637
vn 0.4390 -0.7704 0.4624
vn 0.3790 -0.8008 0.4637
vn 0.7286 -0.5431 0.4173
vn 0.6845 0.6935 -0.2250
vn 0.7791 0.0221 0.6265
vn 0.4343 0.7618 0.4807
vn 0.3795 0.8619 -0.3363
vn 0.6645 -0.4837 0.5696
vn 0.1849 0.6850 0.7047
vn 0.6377 -0.5236 0.5650
vn 0.1657 0.9557 0.2433
vn 0.4390 -0.7703 0.4624
vn -0.0731 0.9028 0.4237
vn 0.0524 0.5894 0.8061
vn 0.6500 -0.5241 0.5504
vn 0.0273 0.4859 0.8736
vn 0.6909 -0.4880 0.5334
vn -0.1569 0.8124 0.5615
vn -0.2075 0.7184 0.6640
vn 0.0180 0.4087 0.9125
vn 0.7048 -0.4598 0.5402
vn -0.0104 0.3843 0.9232
vn 0.6616 -0.3477 0.6644
vn -0.2264 0.6343 0.7392
vn -0.1252 0.4860 0.8649
vn -0.2646 0.6035 0.7521
vn -0.2483 0.5502 0.7973
vn -0.2978 0.6170 0.7285
vn -0.3110 0.6487 0.6946
vn -0.0213 0.4152 0.9095
vn 0.7382 -0.2079 0.6418
vn 0.2768 0.1489 0.9493
vn 0.5604 -0.1218 0.8192
vn 0.8889 -0.2423 0.3888
vn 0.8325 -0.3517 0.4282
vn 0.7508 -0.4237 0.5068
vn 0.4911 -0.1820 0.8519
vn 0.7339 -0.4705 0.4899
vn -0.2251 -0.8947 0.3857
vn -0.1095 -0.8894 0.4438
vn 0.3788 -0.0322 0.9249
vn 0.1792 0.1839 0.9665
vn -0.0686 0.4578 0.8864
vn -0.1176 0.4851 0.8665
vn -0.3865 0.6837 0.6190
vn -0.3544 0.6235 0.6969
vn -0.5144 0.7355 0.4409
vn -0.4790 0.6048 0.6362
vn -0.5860 0.8080 0.0608
vn -0.8421 0.2794 0.4614
vn -0.6531 0.6139 -0.4433
vn -0.7782 -0.6173 0.1155
vn -0.5707 -0.2972 -0.7655
vn -0.3876 0.3758 -0.8418
vn -0.4096 0.9079 -0.0891
vn -0.4263 0.8076 0.4076
vn -0.3124 0.5327 0.7865
vn -0.1894 0.2648 0.9455
vn -0.1124 0.4350 0.8934
vn -0.0052 0.0273 0.9996
vn 0.1068 0.2476 0.9630
vn 0.1331 0.2656 0.9548
vn 0.1316 0.2583 0.9571
vn 0.1810 0.2544 0.9500
vn 0.9222 -0.1825 0.3409
vn 0.7292 -0.5164 0.4490
vn 0.9407 0.3050 0.1485
vn 0.3680 0.0275 0.9294
vn 0.5964 -0.1791 0.7825
vn 0.8584 0.5125 -0.0218
vn 0.7853 -0.4472 0.4281
vn 0.5008 -0.1192 0.8573
vn 0.7657 -0.4432 0.4660
vn 0.2620 0.0869 0.9612
vn 0.2624 -0.2725 0.9257
vn 0.0469 -0.2643 0.9633
vn 0.1041 -0.4484 0.8877
vn -0.0714 -0.1435 0.9871
vn -0.2275 0.0837 0.9702
vn -0.1932 -0.2496 0.9489
vn 0.1429 -0.4915 0.8591
vn 0.1628 -0.7228 0.6716
vn 0.0286 -0.7251 0.6881
vn 0.4950 -0.4787 0.7252
vn 0.7069 -0.5299 0.4684
vn 0.7215 -0.5510 0.4194
vn -0.0097 -0.9037 0.4280
vn 0.2152 -0.8628 0.4575
vn 0.1783 -0.7512 0.6356
vn 0.2720 -0.8446 0.4612
vn 0.2541 -0.8470 0.4669
vn 0.2068 -0.7199 0.6626
vn -0.2626 -0.2609 0.9290
vn -0.3948 -0.2091 0.8947
vn -0.3653 -0.1679 0.9156
vn -0.2703 0.1764 0.9465
vn -0.4187 -0.3168 0.8511
vn -0.3268 -0.1460 0.9337
vn -0.2849 -0.3538 0.8909
vn -0.1770 -0.1970 0.9643
vn -0.2534 0.4962 0.8304
vn -0.1856 -0.2240 0.9568
vn -0.0747 -0.2378 0.9684
vn -0.0163 -0.1828 0.9830
vn 0.1024 -0.2736 0.9564
vn 0.0936 -0.0638 0.9936
vn -0.4053 0.9039 0.1368
vn 0.1323 -0.1294 0.9827
vn 0.2660 -0.0997 0.9588
vn 0.2646 -0.0009 0.9644
vn -0.5136 0.8297 0.2187
vn -0.6149 0.7596 0.2118
vn 0.4647 -0.0195 0.8853
vn 0.4970 -0.5703 0.6540
vn 0.5891 -0.2561 0.7664
vn 0.6384 -0.6318 0.4397
vn 0.3311 -0.8220 0.4633
vn 0.5076 -0.6124 0.6061
vn -0.6933 0.5420 0.4750
vn -0.6902 0.6091 0.3907
vn -0.7373 0.6724 -0.0652
vn -0.5237 0.8321 -0.1826
vn -0.3092 0.9261 0.2163
vn -0.3733 0.9053 -0.2028
vn -0.3023 0.8707 0.3878
vn -0.8525 0.5201 0.0522
vn -0.7758 0.3264 0.5400
vn 0.5368 -0.6209 0.5713
vn 0.6546 -0.6173 0.4364
vn 0.7059 -0.4376 0.5570
vn 0.8265 -0.4167 0.3784
vn -0.8435 0.3385 0.4171
vn -0.8850 0.2147 0.4132
vn -0.9277 0.3677 0.0652
vn 0.6561 -0.4127 0.6319
vn 0.7330 -0.5383 0.4159
vn -0.7690 -0.0920 0.6326
vn 0.1263 -0.8848 0.4486
vn -0.9572 0.0111 0.2893
vn -0.9657 -0.2367 -0.1066
vn -0.9572 0.0112 0.2892
vn -0.9423 0.1638 -0.2921
vn -0.9657 -0.2366 -0.1066
vn -0.7831 -0.3614 -0.5061
vn -0.7725 0.0338 -0.6341
vn -0.5056 -0.6560 -0.5604
vn -0.9003 0.2761 -0.3364
vn -0.8304 0.4052 -0.3825
vn -0.6865 0.1510 -0.7113
vn -0.7539 0.5091 -0.4154
vn -0.5880 0.3592 -0.7247
vn -0.4092 0.5827 -0.7021
vn -0.3556 0.8075 -0.4707
vn -0.3457 0.8118 -0.4706
vn -0.2655 0.6693 -0.6939
vn -0.2582 0.5830 -0.7703
vn -0.1183 0.1397 -0.9831
vn -0.2028 0.0571 -0.9775
vn -0.0661 -0.0888 -0.9939
vn -0.0330 -0.0876 -0.9956
vn 0.0181 -0.1850 -0.9826
vn 0.0728 -0.3036 -0.9500
vn 0.1366 -0.3501 -0.9267
vn -0.0039 0.2175 -0.9761
vn -0.0558 0.3801 -0.9232
vn -0.1788 0.4091 -0.8948
vn 0.1134 -0.8864 -0.4487
vn 0.2234 -0.8869 -0.4043
vn 0.1115 -0.6325 -0.7665
vn -0.0077 -0.9390 -0.3439
vn 0.1853 -0.5598 -0.8077
vn 0.1291 -0.7022 -0.7002
vn 0.2635 -0.4122 -0.8722
vn 0.2578 -0.3607 -0.8963
vn 0.0616 -0.1598 -0.9852
vn 0.0803 -0.2035 -0.9758
vn 0.0824 -0.2432 -0.9665
vn 0.1169 -0.2244 -0.9675
vn 0.2503 -0.3603 -0.8986
vn 0.3630 -0.4367 -0.8231
vn 0.1531 -0.1886 -0.9701
vn 0.1586 -0.0749 -0.9845
vn 0.5254 -0.5049 -0.6849
vn 0.3868 -0.4226 -0.8197
vn 0.3950 -0.3425 -0.8525
vn 0.1860 0.0711 -0.9800
vn 0.2244 0.2485 -0.9423
vn 0.4800 -0.7405 -0.4705
vn 0.4126 -0.2211 -0.8837
vn 0.7085 -0.6524 0.2690
vn 0.7444 -0.6084 0.2751
vn 0.7608 -0.5937 0.2620
vn 0.7862 -0.6114 0.0903
vn 0.3504 -0.4224 -0.8360
vn 0.3056 -0.3854 -0.8707
vn 0.5225 -0.5693 -0.6348
vn 0.6020 -0.5636 -0.5656
vn 0.8773 -0.4757 0.0635
vn 0.7770 -0.6001 -0.1903
vn 0.9215 -0.2839 0.2651
vn 0.8606 -0.4141 0.2963
vn 0.8005 -0.5350 0.2701
vn 0.7144 -0.6741 -0.1877
vn 0.6593 -0.6497 -0.3783
vn -0.0837 -0.9285 0.3618
vn 0.5171 -0.6130 -0.5974
vn 0.4897 -0.7765 0.3965
vn 0.7457 -0.5527 0.3722
vn 0.4867 -0.5214 -0.7009
vn 0.5296 -0.5107 -0.6772
vn 0.9439 -0.2185 0.2475
vn 0.4885 -0.5147 -0.7046
vn 0.9673 0.2538 0.0011
vn 0.4684 -0.5426 -0.6973
vn 0.6612 -0.6132 -0.4322
vn 0.8563 0.5098 -0.0827
vn 0.7887 -0.6039 -0.1147
vn 0.8017 -0.4834 0.3516
vn 0.7352 -0.6361 -0.2341
vn 0.7949 -0.5151 0.3206
vn 0.5132 -0.8237 -0.2413
vn 0.5825 -0.6153 -0.5312
vn 0.3294 -0.8807 -0.3405
vn 0.3369 -0.7259 -0.5997
vn 0.2480 -0.8395 -0.4835
vn 0.3235 -0.9356 -0.1415
vn 0.1059 -0.8991 -0.4247
vn -0.0505 -0.8497 -0.5249
vn -0.1457 -0.9065 -0.3963
vn -0.0851 -0.8661 -0.4927
vn 0.0020 -0.8426 -0.5385
vn 0.1283 -0.8731 -0.4703
vn 0.2910 -0.8529 -0.4334
vn 0.3740 -0.8730 -0.3129
vn 0.4124 -0.7651 -0.4945
vn 0.4342 -0.7937 -0.4259
vn 0.5724 -0.6771 -0.4625
vn 0.5560 -0.7363 -0.3857
vn -0.2626 0.2830 -0.9225
vn -0.3697 0.2268 -0.9011
vn -0.4027 -0.0197 -0.9151
vn 0.7289 -0.5951 -0.3385
vn 0.5912 -0.7770 0.2160
vn -0.3872 -0.1269 -0.9132
vn 0.7643 -0.6428 -0.0508
vn 0.3311 -0.8220 0.4634
vn 0.5780 -0.7670 0.2784
vn -0.4738 -0.3147 -0.8225
vn 0.5920 -0.7420 0.3146
vn 0.7730 -0.5858 0.2435
vn 0.7560 -0.6333 0.1653
vn -0.6382 -0.3162 -0.7020
vn -0.5055 -0.6560 -0.5604
vn -0.7831 -0.3615 -0.5061
vn 0.7791 0.0222 0.6265
vn 0.7286 -0.5432 0.4172
vn 0.9364 -0.3310 -0.1165
vn 0.7467 -0.6298 0.2138
vn 0.7027 -0.6694 0.2411
vn 0.6376 -0.5236 0.5650
vn 0.6500 -0.5241 0.5503
vn 0.7609 -0.5936 0.2621
vn 0.7048 -0.4599 0.5402
vn 0.6616 -0.3477 0.6643
vn 0.8324 -0.3517 0.4282
vn 0.7711 -0.5526 0.3162
vn -0.1753 -0.9095 0.3769
vn -0.1096 -0.8894 0.4437
vn 0.4510 -0.7329 0.5093
vn 0.7456 -0.5527 0.3722
vn 0.8563 0.5098 -0.0828
vn 0.8584 0.5125 -0.0217
vn 0.7003 -0.6176 0.3579
vn 0.4511 -0.7329 0.5093
vn 0.1799 0.1271 0.9754
vn -0.4893 -0.7422 0.4580
vn -0.5949 -0.7707 0.2283
vn 0.4971 -0.5703 0.6539
vn 0.3264 -0.4351 0.8392
vn 0.0963 0.0277 0.9950
vn 0.2600 -0.0712 0.9630
vn 0.0937 -0.0639 0.9936
vn 0.1128 -0.1592 0.9808
vn -0.0163 -0.1829 0.9830
vn -0.0079 -0.1124 0.9936
vn -0.0266 -0.1844 0.9825
vn -0.0484 -0.1234 0.9912
vn -0.2379 -0.1863 0.9533
vn -0.2626 -0.2716 0.9259
vn -0.3343 -0.1323 0.9332
vn -0.2352 0.0817 0.9685
vn -0.2552 -0.2991 0.9195
vn 0.5525 -0.4901 0.6742
vn -0.2625 -0.2609 0.9290
vn 0.9675 -0.0683 0.2433
vn 0.2554 -0.8502 0.4603
vn 0.6622 -0.7313 0.1635
vn 0.3018 -0.9268 0.2236
vn 0.0296 -0.9213 -0.3878
vn 0.0336 -0.9028 -0.4286
vn 0.1273 -0.7073 -0.6953
vn -0.0102 -0.8347 -0.5506
vn 0.0307 -0.9074 -0.4190
vn -0.0851 -0.8661 -0.4926
vn 0.0765 -0.8688 -0.4893
vn 0.2769 -0.8548 -0.4389
vn 0.2695 -0.8249 -0.4970
vn 0.1284 -0.8731 -0.4703
vn 0.4105 -0.8149 -0.4092
vn 0.3099 -0.8131 -0.4928
vn 0.5564 -0.7220 -0.4112
vn 0.4324 -0.7083 -0.5580
vn 0.4124 -0.7652 -0.4944
vn 0.5177 -0.8542 -0.0484
vn -0.4120 -0.9024 0.1263
vn -0.5936 -0.7736 0.2218
vn -0.2577 0.7028 0.6630
vn -0.0266 -0.1843 0.9825
vn -0.2729 0.5112 0.8150
vn -0.0079 -0.1123 0.9936
vn -0.3027 0.4777 0.8247
vn 0.0963 0.0278 0.9950
vn -0.4893 -0.7422 0.4581
vn -0.3950 0.4577 0.7966
vn -0.9726 0.0223 -0.2314
vn -0.4863 0.3909 0.7815
vn -0.5949 -0.7707 0.2284
vn -0.0125 -0.3730 -0.9278
vn 0.0859 -0.3658 -0.9267
vn 0.1157 -0.3322 -0.9361
vn 0.1093 -0.0926 -0.9897
vn -0.1009 -0.4077 -0.9075
vn -0.9718 -0.1996 -0.1255
vn -0.5259 0.2176 0.8222
vn -0.8760 -0.4814 0.0295
vn -0.5169 -0.0476 0.8547
vn -0.1280 -0.5503 -0.8251
vn -0.1860 -0.7514 -0.6331
vn -0.6805 -0.7080 0.1887
vn -0.4256 -0.6755 0.6021
vn -0.3795 -0.8647 0.3289
vn -0.2957 -0.9552 0.0091
vn 0.0993 -0.9796 -0.1748
vn -0.0173 -0.9043 0.4266
vn 0.3632 -0.8081 0.4637
vn 0.0747 -0.1754 0.9817
vn 0.6672 -0.6057 0.4336
vn 0.0833 0.1584 0.9839
vn 0.3756 -0.8325 -0.4073
vn 0.4575 -0.6309 -0.6267
vn 0.8792 -0.3266 0.3469
vn 0.1023 0.2881 0.9521
vn 0.9742 -0.0256 0.2244
vn 0.1238 0.3956 0.9100
vn 0.4756 -0.5089 -0.7175
vn 0.4825 -0.4123 -0.7728
vn 0.9589 0.2726 0.0791
vn 0.1712 0.4985 0.8498
vn 0.0779 0.5252 0.8474
vn 0.5232 -0.2934 -0.8001
vn 0.4398 -0.2893 -0.8502
vn 0.6621 -0.7313 0.1635
vn 0.1273 -0.7074 -0.6953
vn 0.3587 -0.1239 -0.9252
vn 0.2140 -0.3045 -0.9282
vn 0.0306 -0.9074 -0.4191
vn 0.1093 -0.0925 -0.9897
vn -0.2353 0.0817 0.9685
vn 0.0043 0.6739 0.7389
vn -0.1599 0.5380 0.8277
vn -0.2577 0.7029 0.6630
vn -0.1598 0.5380 0.8277
vn -0.2577 0.7028 0.6631
vn 0.0043 0.6739 0.7388
vn -0.4863 0.3908 0.7815
vn 0.0832 0.1584 0.9839
vn -0.5259 0.2176 0.8223
vn -0.1263 -0.4900 0.8625
vn -0.4375 -0.8452 0.3069
vn -0.8581 -0.5112 0.0476
vn -0.1707 -0.9036 0.3929
vn 0.4390 -0.7705 0.4622
vn 0.4800 -0.7404 -0.4705
vn 0.3440 -0.6613 -0.6666
vn 0.3694 -0.5656 -0.7373
vn 0.5255 -0.5049 -0.6848
vn 0.3588 -0.4154 -0.8359
vn 0.2800 -0.3621 -0.8891
vn -0.0482 0.1445 -0.9883
vn 0.0382 0.1214 -0.9919
vn 0.1564 -0.0147 -0.9876
vn 0.1582 -0.0005 -0.9874
vn -0.2136 0.8594 -0.4645
vn 0.2087 -0.0369 -0.9773
vn 0.3278 -0.6679 -0.6682
vn 0.3790 -0.8009 0.4637
vn 0.4424 -0.6387 -0.6296
vn 0.8928 -0.2992 0.3368
vn 0.3487 -0.0809 -0.9337
vn 0.7711 -0.5526 0.3161
vn -0.1752 -0.9095 0.3769
vn 0.7026 -0.6694 0.2411
vn 0.5089 -0.0641 -0.8584
vn 0.7468 -0.6298 0.2138
vn 0.6798 0.1947 -0.7071
vn 0.9365 -0.3308 -0.1165
vn 0.3699 0.4701 -0.8014
vn 0.4391 -0.7704 0.4623
vn 0.3795 0.8619 -0.3364
vn 0.6845 0.6934 -0.2251
vn 0.7288 -0.5430 0.4172
vn 0.1376 -0.9790 0.1504
vn 0.6278 -0.7734 0.0880
vn 0.2637 -0.9424 0.2056
vn 0.2611 -0.9317 0.2526
vn 0.2554 -0.8503 0.4602
vn 0.3017 -0.9268 0.2236
vn 0.3461 -0.9348 -0.0802
vn 0.0335 -0.9029 -0.4286
vn 0.2139 -0.3045 -0.9282
vn 0.3586 -0.1239 -0.9252
vn 0.4824 -0.4124 -0.7728
vn -0.0125 -0.3730 -0.9277
vn -0.1279 -0.5502 -0.8251
vn 0.4575 -0.6308 -0.6267
vn 0.3755 -0.8325 -0.4073
vn -0.6157 0.6464 -0.4506
vn -0.9647 0.0721 -0.2534
vn -0.7984 0.3585 0.4838
vn -0.8465 -0.5281 0.0669
vn -0.6085 0.7786 0.1534
vn -0.4068 0.7832 -0.4702
vn -0.4562 0.8792 0.1374
vn -0.3118 0.8219 -0.4768
vn -0.3631 0.9216 0.1374
vn -0.2121 0.8560 -0.4714
vn -0.1591 0.8812 -0.4452
vn -0.2834 0.9469 0.1517
vn -0.0956 0.8976 -0.4304
vn -0.4299 0.7369 0.5217
vn -0.5017 0.6378 0.5844
vn -0.6405 0.6403 0.4239
vn -0.7295 0.3812 0.5678
vn -0.7972 -0.1931 0.5720
vn -0.7003 -0.6916 0.1767
vn -0.7418 0.0868 0.6649
vn -0.6906 -0.3209 0.6481
vn -0.6248 -0.7467 0.2281
vn -0.6156 -0.3724 0.6945
vn -0.4900 -0.8183 0.3005
vn -0.5415 -0.3804 0.7497
vn -0.4334 -0.8382 0.3311
vn -0.5649 0.0450 0.8239
vn -0.5967 0.1474 0.7888
vn -0.5638 0.4124 0.7155
vn -0.5353 0.4155 0.7354
vn -0.4417 0.4355 0.7844
vn -0.3294 0.7645 0.5541
vn -0.2428 0.9322 0.2684
vn -0.3927 0.9197 0.0060
vn -0.0688 0.8913 -0.4481
vn -0.8019 0.4470 -0.3963
vn -0.8075 0.4593 0.3701
vn -0.9758 -0.0060 -0.2185
vn -0.8343 0.2965 0.4648
vn -0.9796 -0.0773 -0.1854
vn -0.4116 0.7102 0.5712
vn -0.8401 0.3778 0.3892
vn -0.9463 0.1499 -0.2863
vn -0.0558 0.9395 0.3379
vn 0.2772 0.8865 -0.3704
vn 0.4375 0.8452 -0.3070
vn 0.1702 0.9259 0.3373
vn 0.6115 0.7555 -0.2352
vn 0.2666 0.9045 0.3328
vn 0.3023 0.9366 0.1771
vn 0.0288 0.8715 0.4896
vn -0.7031 0.4347 0.5627
vn -0.6048 0.7272 0.3247
vn 0.1361 0.8509 0.5073
vn 0.2464 0.7699 0.5887
vn -0.1290 0.7251 0.6765
vn -0.5011 0.7379 0.4520
vn -0.0987 0.7859 0.6104
vn -0.4791 0.8247 0.3006
vn -0.3063 0.7079 0.6364
vn -0.0645 0.7310 0.6793
vn 0.0381 0.7241 0.6887
vn -0.1853 0.5598 0.8077
vn 0.0309 0.6263 0.7790
vn -0.0375 0.7397 0.6719
vn -0.0627 0.7133 0.6981
vn 0.0967 0.8063 0.5836
vn -0.1491 0.5503 0.8216
vn -0.2826 0.5315 0.7985
vn -0.1920 0.4644 0.8646
vn -0.3405 0.4365 0.8328
vn -0.4707 0.0145 0.8822
vn -0.4903 -0.3099 0.8146
vn -0.4348 0.0920 0.8958
vn -0.6708 -0.1600 0.7241
vn -0.6587 -0.4566 0.5980
vn -0.4122 -0.8570 0.3093
vn -0.9485 -0.3095 -0.0681
vn -0.8530 0.2243 0.4713
vn -0.7537 -0.0390 0.6561
vn -0.6432 0.0080 0.7656
vn -0.2612 -0.0435 0.9643
vn -0.0825 -0.2268 0.9705
vn -0.1927 -0.2174 0.9569
vn -0.7210 0.3423 0.6025
vn -0.5344 0.0806 0.8414
vn -0.8137 0.4029 0.4190
vn -0.9443 0.1569 -0.2892
vn -0.9209 0.2266 -0.3173
vn -0.8552 0.2999 0.4228
vn -0.9751 0.0010 -0.2217
vn -0.3074 -0.3412 0.8883
vn -0.0868 -0.9067 0.4126
vn 0.0925 -0.8911 0.4443
vn -0.0985 -0.4060 0.9086
vn -0.0013 -0.4270 0.9043
vn 0.0632 -0.1558 0.9858
vn -0.3716 -0.0196 0.9282
vn -0.2611 0.0516 0.9639
vn -0.1026 0.0101 0.9947
vn -0.2087 0.0368 0.9773
vn -0.2423 0.2693 0.9321
vn -0.0654 0.1376 0.9883
vn -0.1979 0.0711 0.9776
vn -0.1872 0.0174 0.9822
vn -0.1919 0.0559 0.9798
vn 0.0231 0.2580 0.9659
vn -0.0887 -0.1342 0.9870
vn -0.3256 0.3121 0.8925
vn -0.2101 0.3720 0.9041
vn -0.2096 0.4158 0.8850
vn 0.1330 0.1551 0.9789
vn -0.3540 0.4787 0.8034
vn 0.2170 0.5421 0.8118
vn -0.0000 -0.5690 0.8223
vn 0.2885 -0.8387 0.4620
vn -0.9647 0.0721 -0.2533
vn -0.5089 -0.2554 -0.8221
vn -0.5637 -0.6898 -0.4544
vn -0.7003 -0.6917 0.1766
vn -0.4613 -0.8039 -0.3755
vn -0.3775 -0.8627 -0.3366
vn -0.3233 -0.9038 -0.2804
vn -0.4334 -0.8382 0.3310
vn -0.2305 -0.6873 -0.6888
vn -0.2509 -0.5881 -0.7689
vn -0.4456 -0.5729 -0.6879
vn -0.4119 -0.2923 -0.8631
vn -0.3807 0.2834 -0.8802
vn -0.4068 0.7832 -0.4703
vn -0.3300 -0.0202 -0.9438
vn -0.2388 0.3889 -0.8898
vn -0.3117 0.8219 -0.4768
vn -0.1370 0.4169 -0.8986
vn -0.0546 0.4552 -0.8887
vn -0.0955 0.8976 -0.4304
vn -0.0974 0.0117 -0.9952
vn -0.1545 -0.0984 -0.9831
vn -0.2017 -0.3553 -0.9127
vn -0.1763 -0.3689 -0.9126
vn -0.0636 -0.3859 -0.9204
vn -0.1424 -0.7308 -0.6676
vn -0.2260 -0.8926 -0.3900
vn -0.4762 -0.8485 -0.2310
vn -0.4123 -0.8570 0.3092
vn -0.5871 -0.3478 -0.7310
vn -0.9443 0.1568 -0.2892
vn -0.5398 -0.1881 -0.8205
vn -0.1858 -0.6607 -0.7273
vn -0.5928 -0.2570 -0.7633
vn -0.0275 -0.9327 -0.3596
vn -0.0868 -0.9067 0.4127
vn 0.0925 -0.8911 0.4442
vn 0.1542 -0.9549 -0.2538
vn 0.2388 -0.9497 -0.2027
vn 0.1335 -0.8833 0.4494
vn 0.1237 -0.8944 -0.4297
vn -0.4015 -0.3480 -0.8472
vn -0.4754 -0.6378 -0.6060
vn 0.2188 -0.8825 -0.4162
vn 0.3665 -0.8243 -0.4316
vn -0.3254 -0.6696 -0.6677
vn 0.0902 -0.7875 -0.6097
vn -0.3934 -0.7528 -0.5277
vn -0.0650 -0.6789 -0.7313
vn 0.1475 -0.7384 -0.6580
vn 0.2417 -0.7489 -0.6171
vn 0.1475 -0.5567 -0.8175
vn 0.2947 -0.6549 -0.6959
vn 0.1658 -0.7511 -0.6391
vn 0.1609 -0.7220 -0.6730
vn 0.2286 -0.8352 -0.5002
vn 0.1222 -0.4995 -0.8577
vn 0.2975 -0.4282 -0.8533
vn 0.3369 -0.7259 -0.5996
vn 0.2532 -0.4260 -0.8685
vn 0.0637 -0.5132 -0.8559
vn 0.1843 -0.4638 -0.8665
vn 0.0456 -0.4117 -0.9102
vn 0.0153 0.0174 -0.9997
vn 0.0214 0.3605 -0.9325
vn 0.0493 -0.0692 -0.9964
vn -0.2037 0.2242 -0.9530
vn -0.2075 0.5215 -0.8277
vn -0.8020 0.4470 -0.3963
vn -0.5416 -0.1147 -0.8328
vn -0.3267 0.1209 -0.9374
vn -0.1864 0.0525 -0.9811
vn 0.2453 0.0343 -0.9688
vn 0.4317 0.1861 -0.8826
vn 0.3288 0.1951 -0.9240
vn -0.3835 -0.2565 -0.8872
vn -0.0642 -0.0441 -0.9970
vn -0.5594 -0.2873 -0.7775
vn -0.9758 -0.0061 -0.2185
vn -0.5790 -0.1929 -0.7922
vn 0.2171 0.3387 -0.9155
vn 0.2772 0.8866 -0.3704
vn 0.4176 0.3685 -0.8306
vn 0.5027 0.3741 -0.7793
vn 0.3442 0.2149 -0.9140
vn 0.5493 0.0905 -0.8307
vn 0.3812 -0.0484 -0.9232
vn 0.2836 -0.0535 -0.9575
vn 0.2023 -0.2810 -0.9382
vn 0.3893 -0.1805 -0.9033
vn 0.3076 -0.0380 -0.9508
vn 0.3228 0.0593 -0.9446
vn 0.2888 -0.0788 -0.9541
vn 0.4136 0.0933 -0.9057
vn 0.2239 -0.2904 -0.9304
vn 0.1043 -0.3084 -0.9455
vn 0.1999 -0.3858 -0.9007
vn 0.5542 -0.2293 -0.8002
vn 0.4852 -0.6038 -0.6324
vn 0.0782 -0.3648 -0.9278
vt 0.427536 0.466747
vt 0.456866 0.452793
vt 0.449612 0.473880
vt 0.432862 0.438453
vt 0.406497 0.458263
vt 0.392808 0.434452
vt 0.414088 0.434597
vt 0.390663 0.449178
vt 0.371262 0.438887
vt 0.365840 0.437634
vt 0.371648 0.429488
vt 0.374540 0.425150
vt 0.393410 0.428958
vt 0.432621 0.400495
vt 0.413775 0.403797
vt 0.393410 0.410208
vt 0.374492 0.415341
vt 0.392254 0.404858
vt 0.405581 0.380782
vt 0.389627 0.390301
vt 0.426982 0.372298
vt 0.370419 0.401580
vt 0.371166 0.411341
vt 0.364852 0.403098
vt 0.358995 0.403002
vt 0.360128 0.438284
vt 0.456986 0.397362
vt 0.456697 0.385963
vt 0.449106 0.365020
vt 0.465662 0.396326
vt 0.465204 0.384517
vt 0.457059 0.441393
vt 0.465711 0.442309
vt 0.468097 0.395459
vt 0.471519 0.380685
vt 0.468145 0.443249
vt 0.465253 0.454166
vt 0.471519 0.458071
vt 0.360634 0.382661
vt 0.390277 0.369286
vt 0.382589 0.390229
vt 0.366515 0.354488
vt 0.339739 0.373768
vt 0.326412 0.349692
vt 0.347765 0.350271
vt 0.324074 0.364345
vt 0.304818 0.353862
vt 0.299396 0.352609
vt 0.305421 0.344222
vt 0.308313 0.339956
vt 0.327207 0.344198
vt 0.367093 0.316531
vt 0.348247 0.319471
vt 0.327786 0.325472
vt 0.308964 0.330244
vt 0.326798 0.320049
vt 0.340462 0.296262
vt 0.324315 0.305445
vt 0.362008 0.288213
vt 0.304987 0.316579
vt 0.305855 0.326074
vt 0.299420 0.318073
vt 0.293636 0.317687
vt 0.293636 0.352994
vt 0.391506 0.313880
vt 0.391434 0.302456
vt 0.384252 0.281369
vt 0.399941 0.301179
vt 0.400182 0.312988
vt 0.390663 0.357886
vt 0.399315 0.358995
vt 0.398616 0.370828
vt 0.401725 0.359959
vt 0.404810 0.374853
vt 0.402641 0.312193
vt 0.406328 0.297492
vt 0.273006 0.125465
vt 0.266355 0.103992
vt 0.275007 0.103775
vt 0.282478 0.127008
vt 0.282646 0.103992
vt 0.271657 0.130285
vt 0.251413 0.134888
vt 0.252473 0.138961
vt 0.229578 0.142456
vt 0.282815 0.135250
vt 0.270934 0.136551
vt 0.281514 0.141227
vt 0.310988 0.126935
vt 0.309325 0.119151
vt 0.340149 0.091797
vt 0.329400 0.115849
vt 0.351235 0.115174
vt 0.384084 0.095484
vt 0.350777 0.122404
vt 0.372275 0.120741
vt 0.390350 0.129755
vt 0.425994 0.117102
vt 0.370106 0.126767
vt 0.350199 0.127297
vt 0.330051 0.123272
vt 0.321881 0.129659
vt 0.305686 0.174822
vt 0.340053 0.175135
vt 0.371045 0.175425
vt 0.375118 0.134647
vt 0.387602 0.135467
vt 0.405195 0.141998
vt 0.436284 0.151782
vt 0.461300 0.155012
vt 0.439297 0.156747
vt 0.417751 0.160290
vt 0.401918 0.145974
vt 0.398616 0.149324
vt 0.414859 0.167303
vt 0.400086 0.175690
vt 0.438526 0.176051
vt 0.461397 0.176268
vt 0.460915 0.197500
vt 0.438959 0.195355
vt 0.414715 0.184366
vt 0.398134 0.202031
vt 0.374395 0.216274
vt 0.349331 0.223167
vt 0.321086 0.220275
vt 0.280911 0.207960
vt 0.282261 0.174605
vt 0.254449 0.144793
vt 0.230325 0.146649
vt 0.231409 0.152530
vt 0.214322 0.151325
vt 0.212298 0.148023
vt 0.199091 0.165881
vt 0.201308 0.167423
vt 0.198320 0.171424
vt 0.216733 0.156385
vt 0.218829 0.174027
vt 0.243291 0.174244
vt 0.253919 0.203911
vt 0.231024 0.195765
vt 0.229843 0.201621
vt 0.216419 0.191644
vt 0.213913 0.196657
vt 0.201188 0.180317
vt 0.204851 0.178823
vt 0.203622 0.173882
vt 0.204948 0.168990
vt 0.198272 0.176268
vt 0.198947 0.181835
vt 0.211816 0.199910
vt 0.229024 0.205815
vt 0.251846 0.209719
vt 0.250714 0.213768
vt 0.270861 0.218732
vt 0.272139 0.223577
vt 0.270235 0.212466
vt 0.282092 0.213961
vt 0.281634 0.222203
vt 0.310120 0.222805
vt 0.329135 0.226806
vt 0.349813 0.228083
vt 0.328340 0.234229
vt 0.308337 0.230566
vt 0.281369 0.245218
vt 0.273753 0.245315
vt 0.265101 0.244929
vt 0.338631 0.258474
vt 0.350175 0.235289
vt 0.382662 0.255581
vt 0.371286 0.230132
vt 0.369238 0.224059
vt 0.386879 0.215696
vt 0.389530 0.221456
vt 0.424933 0.234759
vt 0.404593 0.209478
vt 0.401387 0.205429
vt 0.417486 0.191427
vt 0.435851 0.200272
vt 0.897295 0.025739
vt 0.890162 0.047067
vt 0.888643 0.025329
vt 0.880666 0.048393
vt 0.881028 0.025377
vt 0.911538 0.056997
vt 0.891415 0.051912
vt 0.910382 0.061021
vt 0.933180 0.065046
vt 0.891993 0.058178
vt 0.880136 0.056611
vt 0.852156 0.047646
vt 0.853987 0.039910
vt 0.823814 0.011833
vt 0.834008 0.036126
vt 0.812174 0.034945
vt 0.779783 0.014508
vt 0.812487 0.042175
vt 0.791014 0.040030
vt 0.772746 0.048610
vt 0.737415 0.035114
vt 0.793062 0.046103
vt 0.812945 0.047092
vt 0.833165 0.043549
vt 0.841190 0.050104
vt 0.881293 0.062636
vt 0.908261 0.066805
vt 0.932337 0.069240
vt 0.948243 0.074276
vt 0.950340 0.071023
vt 0.963137 0.089194
vt 0.960895 0.090689
vt 0.963787 0.094762
vt 0.958413 0.097099
vt 0.957208 0.092159
vt 0.945712 0.079289
vt 0.931132 0.075072
vt 0.918768 0.096521
vt 0.879774 0.095991
vt 0.856349 0.095653
vt 0.821982 0.095147
vt 0.791014 0.094713
vt 0.787857 0.053840
vt 0.775349 0.054394
vt 0.764046 0.067986
vt 0.760816 0.064564
vt 0.757611 0.060491
vt 0.726329 0.069553
vt 0.701241 0.072204
vt 0.744645 0.078494
vt 0.747393 0.085555
vt 0.761973 0.094304
vt 0.747152 0.102642
vt 0.763323 0.120669
vt 0.786724 0.135491
vt 0.811619 0.142962
vt 0.839937 0.140720
vt 0.880377 0.129369
vt 0.907441 0.125947
vt 0.943230 0.096882
vt 0.930529 0.118331
vt 0.957088 0.101992
vt 0.945230 0.114548
vt 0.960703 0.103558
vt 0.963715 0.099606
vt 0.962896 0.105149
vt 0.947616 0.119609
vt 0.931590 0.124188
vt 0.909393 0.131779
vt 0.890933 0.134093
vt 0.879051 0.135322
vt 0.850830 0.143492
vt 0.831743 0.147083
vt 0.791713 0.143371
vt 0.811017 0.147854
vt 0.832370 0.154506
vt 0.879341 0.143564
vt 0.852445 0.151300
vt 0.810511 0.155060
vt 0.821500 0.178509
vt 0.879051 0.166580
vt 0.886691 0.166869
vt 0.888788 0.145179
vt 0.895343 0.166700
vt 0.890186 0.140359
vt 0.910430 0.135852
vt 0.932313 0.128405
vt 0.949617 0.122935
vt 0.789520 0.149396
vt 0.777566 0.174581
vt 0.771469 0.140287
vt 0.735776 0.152770
vt 0.756695 0.127971
vt 0.774240 0.134599
vt 0.759997 0.124019
vt 0.744211 0.109631
vt 0.725654 0.118042
vt 0.700638 0.114692
vt 0.722642 0.113054
vt 0.723534 0.093773
vt 0.700638 0.093436
vt 0.723196 0.074469
vt 0.509886 0.642798
vt 0.516706 0.629350
vt 0.524443 0.647618
vt 0.523720 0.605708
vt 0.516706 0.582090
vt 0.560954 0.640846
vt 0.577077 0.605708
vt 0.576451 0.635881
vt 0.591658 0.627157
vt 0.602214 0.605708
vt 0.608263 0.610769
vt 0.607612 0.608070
vt 0.607612 0.603346
vt 0.608263 0.600647
vt 0.591658 0.584283
vt 0.576451 0.575558
vt 0.560954 0.570594
vt 0.524443 0.563798
vt 0.509886 0.568642
vt 0.605997 0.899922
vt 0.619276 0.892981
vt 0.624048 0.907730
vt 0.582668 0.907007
vt 0.617348 0.944700
vt 0.559315 0.899922
vt 0.546036 0.892981
vt 0.541264 0.907754
vt 0.547964 0.944700
vt 0.582668 0.961040
vt 0.612456 0.960389
vt 0.603828 0.975789
vt 0.582668 0.986465
vt 0.587657 0.992587
vt 0.584982 0.991936
vt 0.580331 0.991936
vt 0.577656 0.992587
vt 0.561484 0.975789
vt 0.552857 0.960389
vt 0.465903 0.204176
vt 0.469808 0.203525
vt 0.465927 0.206803
vt 0.470651 0.206008
vt 0.471712 0.201862
vt 0.473423 0.206032
vt 0.481713 0.195934
vt 0.493498 0.197091
vt 0.495402 0.189740
vt 0.496920 0.202489
vt 0.514754 0.203622
vt 0.516803 0.186487
vt 0.508271 0.183137
vt 0.523286 0.175497
vt 0.537746 0.177473
vt 0.536420 0.169568
vt 0.540300 0.169062
vt 0.583849 0.179955
vt 0.586115 0.184438
vt 0.531070 0.207116
vt 0.567678 0.217696
vt 0.572595 0.232566
vt 0.591176 0.175159
vt 0.598454 0.183643
vt 0.628507 0.241579
vt 0.628579 0.195114
vt 0.658367 0.209960
vt 0.665934 0.259606
vt 0.651884 0.184872
vt 0.622144 0.175256
vt 0.596815 0.168966
vt 0.678322 0.193885
vt 0.683262 0.225866
vt 0.705169 0.246231
vt 0.697264 0.290840
vt 0.715099 0.221938
vt 0.697939 0.188680
vt 0.717701 0.183956
vt 0.733993 0.209502
vt 0.733487 0.172774
vt 0.754430 0.195428
vt 0.758045 0.240302
vt 0.777156 0.224782
vt 0.800027 0.261727
vt 0.782940 0.276669
vt 0.793327 0.288816
vt 0.808414 0.272837
vt 0.817789 0.279730
vt 0.828514 0.285827
vt 0.821669 0.298142
vt 0.808125 0.299998
vt 0.797665 0.326098
vt 0.819572 0.313205
vt 0.837937 0.293443
vt 0.830707 0.312096
vt 0.826296 0.330147
vt 0.854566 0.342366
vt 0.848541 0.350367
vt 0.881389 0.354729
vt 0.868520 0.358850
vt 0.878810 0.372226
vt 0.889583 0.378275
vt 0.869484 0.386879
vt 0.866158 0.369406
vt 0.856614 0.377094
vt 0.833213 0.373961
vt 0.853794 0.391916
vt 0.860808 0.404448
vt 0.886161 0.408232
vt 0.825549 0.398519
vt 0.878762 0.417221
vt 0.894885 0.424451
vt 0.882570 0.424957
vt 0.874304 0.427078
vt 0.890258 0.434717
vt 0.872424 0.438622
vt 0.853023 0.421679
vt 0.845552 0.439779
vt 0.839069 0.424475
vt 0.812198 0.420426
vt 0.767950 0.371792
vt 0.763732 0.342438
vt 0.770697 0.313904
vt 0.761467 0.289394
vt 0.740620 0.253364
vt 0.722666 0.267631
vt 0.739174 0.297564
vt 0.748935 0.328966
vt 0.754671 0.365647
vt 0.745802 0.340342
vt 0.743223 0.387747
vt 0.738331 0.358079
vt 0.729944 0.375359
vt 0.717653 0.348487
vt 0.722907 0.331376
vt 0.708302 0.363670
vt 0.723509 0.385216
vt 0.693625 0.398230
vt 0.726450 0.411726
vt 0.753177 0.424427
vt 0.722473 0.445466
vt 0.702084 0.420667
vt 0.660464 0.405123
vt 0.661235 0.370515
vt 0.633038 0.405701
vt 0.617397 0.366876
vt 0.661524 0.428210
vt 0.663139 0.450093
vt 0.706591 0.445442
vt 0.706591 0.468289
vt 0.664006 0.474892
vt 0.720376 0.467446
vt 0.731655 0.470145
vt 0.740500 0.449491
vt 0.747947 0.461107
vt 0.743223 0.474386
vt 0.755056 0.476652
vt 0.764287 0.458914
vt 0.757852 0.449660
vt 0.774915 0.443755
vt 0.804558 0.447587
vt 0.802534 0.457444
vt 0.823959 0.457348
vt 0.829285 0.469928
vt 0.829815 0.436332
vt 0.830297 0.448672
vt 0.840684 0.456504
vt 0.852252 0.460818
vt 0.627230 0.476652
vt 0.624410 0.451780
vt 0.596598 0.475374
vt 0.621349 0.429175
vt 0.603491 0.402206
vt 0.575342 0.393482
vt 0.579463 0.349958
vt 0.576354 0.419293
vt 0.585295 0.437754
vt 0.594646 0.455974
vt 0.552326 0.404930
vt 0.544783 0.380372
vt 0.525720 0.388421
vt 0.516538 0.364755
vt 0.536228 0.312988
vt 0.509067 0.354778
vt 0.521888 0.318917
vt 0.490052 0.297757
vt 0.472242 0.322266
vt 0.465325 0.300335
vt 0.476773 0.287538
vt 0.457999 0.275536
vt 0.464265 0.274645
vt 0.451540 0.254328
vt 0.449419 0.267246
vt 0.453757 0.281802
vt 0.457203 0.295973
vt 0.461324 0.312482
vt 0.465470 0.326412
vt 0.467639 0.329737
vt 0.504223 0.355983
vt 0.505428 0.364731
vt 0.504488 0.373069
vt 0.447322 0.255726
vt 0.449708 0.252207
vt 0.447322 0.253196
vt 0.445250 0.249773
vt 0.447226 0.248062
vt 0.460264 0.466385
vt 0.462722 0.467205
vt 0.458625 0.468289
vt 0.462722 0.470024
vt 0.452769 0.478411
vt 0.459252 0.493835
vt 0.453902 0.490365
vt 0.446671 0.492293
vt 0.440140 0.505307
vt 0.443466 0.513959
vt 0.460385 0.511862
vt 0.463855 0.528371
vt 0.434549 0.535167
vt 0.474314 0.565461
vt 0.432597 0.520514
vt 0.426741 0.533817
vt 0.426259 0.537770
vt 0.437032 0.581849
vt 0.441466 0.584138
vt 0.488991 0.570449
vt 0.440671 0.596622
vt 0.432284 0.589272
vt 0.497884 0.627036
vt 0.426186 0.594959
vt 0.432380 0.620626
vt 0.451998 0.627133
vt 0.441876 0.650727
vt 0.466675 0.657282
vt 0.515694 0.664946
vt 0.450793 0.677502
vt 0.482388 0.682491
vt 0.478508 0.714713
vt 0.445659 0.697360
vt 0.502487 0.704687
vt 0.546542 0.696662
vt 0.509549 0.740572
vt 0.523623 0.722376
vt 0.553194 0.739102
vt 0.586597 0.722617
vt 0.545145 0.761659
vt 0.496655 0.758213
vt 0.466241 0.733872
vt 0.440984 0.717363
vt 0.429946 0.733342
vt 0.452335 0.754550
vt 0.481303 0.777566
vt 0.517815 0.800702
vt 0.532564 0.783398
vt 0.544566 0.793930
vt 0.569341 0.771010
vt 0.584211 0.748983
vt 0.603491 0.717315
vt 0.595441 0.745802
vt 0.597514 0.763949
vt 0.581391 0.798316
vt 0.555628 0.808896
vt 0.528805 0.809185
vt 0.535601 0.818704
vt 0.553772 0.822609
vt 0.541626 0.829549
vt 0.549121 0.839093
vt 0.567558 0.831767
vt 0.568642 0.820512
vt 0.585392 0.827308
vt 0.597466 0.855939
vt 0.605371 0.849818
vt 0.628651 0.834297
vt 0.626531 0.768215
vt 0.620433 0.754791
vt 0.612962 0.738234
vt 0.630025 0.729751
vt 0.618505 0.707820
vt 0.642268 0.743199
vt 0.639762 0.723220
vt 0.674538 0.813017
vt 0.652896 0.826537
vt 0.646413 0.855144
vt 0.631760 0.858012
vt 0.613757 0.870038
vt 0.609661 0.883100
vt 0.626964 0.880449
vt 0.632917 0.891366
vt 0.641424 0.871026
vt 0.624169 0.867652
vt 0.658777 0.862253
vt 0.662512 0.887920
vt 0.671405 0.880401
vt 0.678539 0.896741
vt 0.679021 0.884281
vt 0.681117 0.875894
vt 0.688685 0.892041
vt 0.692541 0.873990
vt 0.675791 0.854373
vt 0.678539 0.840226
vt 0.693673 0.846781
vt 0.690251 0.830875
vt 0.678490 0.753273
vt 0.701361 0.805281
vt 0.702446 0.831357
vt 0.711025 0.824922
vt 0.710182 0.841865
vt 0.714448 0.853553
vt 0.723437 0.830321
vt 0.711098 0.803232
vt 0.697578 0.775276
vt 0.712568 0.764503
vt 0.703410 0.757996
vt 0.714713 0.747971
vt 0.703265 0.740427
vt 0.699265 0.722184
vt 0.665958 0.726208
vt 0.674779 0.701530
vt 0.652607 0.692974
vt 0.625229 0.660174
vt 0.659427 0.659379
vt 0.660006 0.631615
vt 0.682226 0.660463
vt 0.699241 0.706085
vt 0.703844 0.662102
vt 0.721822 0.706085
vt 0.720979 0.720039
vt 0.723654 0.731486
vt 0.727847 0.743175
vt 0.730065 0.755177
vt 0.621662 0.615782
vt 0.683166 0.619782
vt 0.656559 0.601707
vt 0.647931 0.573197
vt 0.604937 0.577390
vt 0.673429 0.574233
vt 0.659234 0.549916
vt 0.691649 0.583271
vt 0.705507 0.622891
vt 0.730065 0.625735
vt 0.728329 0.662994
vt 0.728811 0.594718
vt 0.709652 0.592742
vt 0.634990 0.542252
vt 0.642943 0.522972
vt 0.619590 0.513645
vt 0.568425 0.533576
vt 0.627784 0.501451
vt 0.619542 0.502415
vt 0.609709 0.506102
vt 0.574282 0.519068
vt 0.577631 0.468795
vt 0.553411 0.486822
vt 0.610914 0.501186
vt 0.584982 0.464144
vt 0.581728 0.461951
vt 0.567967 0.457733
vt 0.555966 0.461782
vt 0.543337 0.473374
vt 0.530588 0.460697
vt 0.531480 0.454335
vt 0.510537 0.447804
vt 0.551652 0.453564
vt 0.537649 0.450069
vt 0.523310 0.445659
vt 0.511911 0.443538
vt 0.508440 0.445948
vt 0.509404 0.443514
vt 0.487232 0.041645
vt 0.470964 0.046441
vt 0.483014 0.030511
vt 0.470482 0.061744
vt 0.460264 0.063142
vt 0.497330 0.050996
vt 0.482364 0.067649
vt 0.465711 0.081362
vt 0.457059 0.082037
vt 0.478677 0.083049
vt 0.486340 0.096665
vt 0.466410 0.088953
vt 0.476965 0.106089
vt 0.466892 0.108065
vt 0.457974 0.091171
vt 0.482219 0.120525
vt 0.499089 0.119850
vt 0.504897 0.107607
vt 0.498704 0.131755
vt 0.537312 0.032270
vt 0.574065 0.041332
vt 0.494149 0.039259
vt 0.517911 0.022582
vt 0.490485 0.028053
vt 0.548519 0.017906
vt 0.577149 0.026534
vt 0.574402 0.015689
vt 0.588742 0.017979
vt 0.579126 0.009881
vt 0.588525 0.009230
vt 0.592790 0.010941
vt 0.637906 0.019738
vt 0.636966 0.012580
vt 0.640605 0.013906
vt 0.652607 0.021280
vt 0.666127 0.030197
vt 0.654704 0.030487
vt 0.636098 0.045139
vt 0.599370 0.038608
vt 0.599346 0.045838
vt 0.580379 0.102763
vt 0.593730 0.050345
vt 0.597659 0.090231
vt 0.603949 0.093605
vt 0.639930 0.086760
vt 0.671550 0.053213
vt 0.673646 0.043934
vt 0.676996 0.039018
vt 0.686781 0.049333
vt 0.680780 0.054394
vt 0.673357 0.072107
vt 0.660994 0.097605
vt 0.605467 0.100642
vt 0.646702 0.111439
vt 0.599105 0.123007
vt 0.586187 0.116837
vt 0.546446 0.118838
vt 0.502849 0.119874
vt 0.529166 0.132044
vt 0.501210 0.131659
vt 0.559870 0.130960
vt 0.585512 0.128044
vt 0.591200 0.132840
vt 0.600527 0.131659
vt 0.604334 0.129128
vt 0.647136 0.118669
vt 0.650438 0.116644
vt 0.660729 0.107053
vt 0.672224 0.095774
vt 0.677044 0.080856
vt 0.682178 0.069264
vt 0.694083 0.062516
vt 0.688950 0.073192
vt 0.681214 0.085097
vt 0.695939 0.064154
vt 0.693746 0.058925
vt 0.695264 0.056973
vt 0.981380 0.364683
vt 0.981067 0.347596
vt 0.992828 0.348222
vt 0.967017 0.369671
vt 0.968752 0.379914
vt 0.957931 0.359983
vt 0.969113 0.341426
vt 0.949882 0.379986
vt 0.951882 0.388590
vt 0.944290 0.367454
vt 0.929180 0.363381
vt 0.913057 0.347861
vt 0.903609 0.357886
vt 0.942338 0.380541
vt 0.923082 0.375287
vt 0.924239 0.385650
vt 0.942820 0.389313
vt 0.907996 0.374443
vt 0.892523 0.361935
vt 0.905176 0.269993
vt 0.901416 0.350825
vt 0.895440 0.306987
vt 0.885462 0.326412
vt 0.890258 0.354295
vt 0.881510 0.295347
vt 0.890644 0.266547
vt 0.879871 0.269078
vt 0.882425 0.254618
vt 0.874256 0.264161
vt 0.873798 0.254642
vt 0.875581 0.250376
vt 0.885245 0.204899
vt 0.878160 0.205670
vt 0.879557 0.202031
vt 0.887101 0.190053
vt 0.896187 0.176557
vt 0.896235 0.188101
vt 0.910285 0.207261
vt 0.903031 0.244303
vt 0.910189 0.244471
vt 0.951472 0.204297
vt 0.919058 0.171569
vt 0.909924 0.169231
vt 0.905128 0.165736
vt 0.915539 0.156048
vt 0.920407 0.162242
vt 0.937735 0.170147
vt 0.962655 0.183209
vt 0.935108 0.161157
vt 0.946459 0.166604
vt 0.928722 0.148963
vt 0.925155 0.149204
vt 0.923275 0.147637
vt 0.939157 0.154385
vt 0.930361 0.147107
vt 0.950725 0.162459
vt 0.961064 0.171810
vt 0.971957 0.183691
vt 0.976006 0.197982
vt 0.981212 0.194319
vt 0.983140 0.197693
vt 0.992539 0.241242
vt 0.986393 0.246423
vt 0.994949 0.245170
vt 0.995913 0.254642
vt 0.991045 0.260281
vt 0.980007 0.259341
vt 0.993358 0.286309
vt 0.964438 0.239483
vt 0.957449 0.240856
vt 0.965980 0.264908
vt 0.953979 0.247171
vt 0.981115 0.299637
vt 0.993792 0.317422
vt 0.981188 0.343788
vt 0.992780 0.345692
vt 0.914527 0.250255
vt 0.421728 0.555989
vt 0.431874 0.867917
vt 0.408208 0.544686
vt 0.436140 0.878641
vt 0.416860 0.885871
vt 0.424114 0.892885
vt 0.383216 0.537095
vt 0.395121 0.520321
vt 0.385457 0.878786
vt 0.363333 0.523406
vt 0.365816 0.874496
vt 0.348849 0.853360
vt 0.363984 0.881076
vt 0.386108 0.884498
vt 0.406617 0.906525
vt 0.416354 0.908357
vt 0.418113 0.921997
vt 0.407485 0.924745
vt 0.397411 0.914960
vt 0.381746 0.911201
vt 0.380565 0.916093
vt 0.358080 0.905874
vt 0.347717 0.893897
vt 0.334196 0.851890
vt 0.354248 0.910960
vt 0.354007 0.938651
vt 0.375504 0.944748
vt 0.405027 0.956099
vt 0.418113 0.933541
vt 0.429175 0.932939
vt 0.421704 0.953038
vt 0.431296 0.961088
vt 0.411726 0.962654
vt 0.416161 0.972656
vt 0.393434 0.977717
vt 0.390976 0.967956
vt 0.375408 0.949616
vt 0.351982 0.944386
vt 0.344728 0.927757
vt 0.335546 0.909827
vt 0.335136 0.892306
vt 0.335016 0.887004
vt 0.322628 0.894427
vt 0.316917 0.911755
vt 0.335835 0.922070
vt 0.327207 0.928119
vt 0.335980 0.927830
vt 0.320724 0.945061
vt 0.318435 0.939422
vt 0.290913 0.918045
vt 0.312868 0.906839
vt 0.297251 0.946459
vt 0.264475 0.927926
vt 0.297588 0.951327
vt 0.268307 0.959160
vt 0.282887 0.970366
vt 0.307108 0.980970
vt 0.321978 0.983260
vt 0.336389 0.946628
vt 0.367262 0.979645
vt 0.352488 0.982585
vt 0.337257 0.984248
vt 0.337450 0.993286
vt 0.321929 0.992273
vt 0.305445 0.990249
vt 0.280887 0.980223
vt 0.261920 0.966028
vt 0.257992 0.976223
vt 0.242327 0.965378
vt 0.251533 0.956870
vt 0.254256 0.937229
vt 0.243170 0.937156
vt 0.253750 0.925685
vt 0.274042 0.917684
vt 0.264571 0.909658
vt 0.254979 0.911996
vt 0.246713 0.896813
vt 0.253557 0.889342
vt 0.234542 0.883100
vt 0.283924 0.886691
vt 0.289491 0.913201
vt 0.305782 0.882305
vt 0.319568 0.853963
vt 0.303565 0.875822
vt 0.284261 0.880955
vt 0.269873 0.539722
vt 0.290214 0.525093
vt 0.310723 0.525238
vt 0.290214 0.496004
vt 0.334052 0.846612
vt 0.343041 0.524514
vt 0.362393 0.494462
vt 0.344511 0.458769
vt 0.326894 0.525286
vt 0.306819 0.459565
vt 0.325569 0.454118
vt 0.244496 0.548374
vt 0.257076 0.523575
vt 0.237651 0.872014
vt 0.228397 0.558592
vt 0.222468 0.883124
vt 0.219673 0.872038
vt 0.212708 0.548012
vt 0.203502 0.889294
vt 0.210346 0.896741
vt 0.187330 0.539481
vt 0.200152 0.523261
vt 0.172774 0.880883
vt 0.167038 0.524996
vt 0.153446 0.875773
vt 0.137419 0.853963
vt 0.151228 0.882281
vt 0.173111 0.886618
vt 0.192488 0.909562
vt 0.202104 0.911875
vt 0.203357 0.925540
vt 0.192656 0.927806
vt 0.183041 0.917587
vt 0.167592 0.913153
vt 0.166170 0.917973
vt 0.144215 0.906814
vt 0.134407 0.894403
vt 0.122790 0.851890
vt 0.140142 0.911731
vt 0.138720 0.939398
vt 0.159904 0.946411
vt 0.188897 0.959039
vt 0.202899 0.937084
vt 0.213985 0.936964
vt 0.205671 0.956702
vt 0.214925 0.965161
vt 0.195307 0.965884
vt 0.199284 0.976054
vt 0.176389 0.980127
vt 0.174365 0.970270
vt 0.159591 0.951255
vt 0.136455 0.945037
vt 0.129900 0.928095
vt 0.121513 0.909827
vt 0.121899 0.892306
vt 0.121995 0.886980
vt 0.109294 0.893897
vt 0.102835 0.910960
vt 0.121272 0.922070
vt 0.112403 0.927733
vt 0.121152 0.927830
vt 0.105173 0.944411
vt 0.120766 0.946604
vt 0.135298 0.983236
vt 0.150168 0.980922
vt 0.151855 0.990177
vt 0.135371 0.992249
vt 0.119850 0.993286
vt 0.120019 0.984224
vt 0.104812 0.982609
vt 0.104378 0.991599
vt 0.087990 0.988875
vt 0.090038 0.979693
vt 0.063866 0.977813
vt 0.081772 0.949664
vt 0.066276 0.968053
vt 0.045525 0.962823
vt 0.041139 0.972825
vt 0.025956 0.961305
vt 0.035524 0.953207
vt 0.028005 0.933156
vt 0.052201 0.956244
vt 0.081676 0.944796
vt 0.103125 0.938675
vt 0.076542 0.916141
vt 0.049646 0.924865
vt 0.039067 0.933710
vt 0.039018 0.922166
vt 0.050466 0.906622
vt 0.040754 0.908526
vt 0.032993 0.893077
vt 0.040151 0.885944
vt 0.020992 0.878955
vt 0.024703 0.868110
vt 0.008339 0.878208
vt 0.006724 0.866977
vt 0.034849 0.555965
vt 0.048851 0.544927
vt 0.073964 0.537336
vt 0.062058 0.520562
vt 0.071529 0.878834
vt 0.070879 0.884546
vt 0.059672 0.915057
vt 0.075337 0.911249
vt 0.098979 0.905874
vt 0.093003 0.881100
vt 0.091147 0.874520
vt 0.093918 0.523478
vt 0.108113 0.853360
vt 0.122911 0.846612
vt 0.114235 0.524539
vt 0.094931 0.494462
vt 0.112909 0.458769
vt 0.130358 0.525286
vt 0.146529 0.525213
vt 0.167110 0.495980
vt 0.150578 0.459541
vt 0.131852 0.454094
vt 0.369310 0.988827
vt 0.352946 0.991599
vt 0.055479 0.082278
vt 0.035789 0.068878
vt 0.038585 0.065769
vt 0.059214 0.076976
vt 0.043260 0.063456
vt 0.078422 0.084471
vt 0.074711 0.091918
vt 0.064034 0.071626
vt 0.048562 0.062588
vt 0.072301 0.066878
vt 0.081459 0.076204
vt 0.096136 0.069143
vt 0.099486 0.079964
vt 0.097341 0.089363
vt 0.092810 0.099244
vt 0.107704 0.106522
vt 0.119175 0.097991
vt 0.114211 0.110764
vt 0.122766 0.103920
vt 0.136624 0.101172
vt 0.135925 0.087387
vt 0.119392 0.084085
vt 0.120091 0.071505
vt 0.139829 0.071577
vt 0.139733 0.057888
vt 0.119151 0.057864
vt 0.074855 0.057864
vt 0.096425 0.057864
vt 0.096136 0.046586
vt 0.120091 0.044248
vt 0.099486 0.035789
vt 0.072301 0.048851
vt 0.081459 0.039524
vt 0.051502 0.057864
vt 0.048562 0.053141
vt 0.037018 0.057864
vt 0.043091 0.064275
vt 0.038344 0.061744
vt 0.038344 0.053984
vt 0.043091 0.051454
vt 0.064034 0.044103
vt 0.043260 0.052273
vt 0.078422 0.031258
vt 0.059238 0.038753
vt 0.038585 0.049959
vt 0.055479 0.033451
vt 0.035789 0.046851
vt 0.074735 0.023811
vt 0.097365 0.026390
vt 0.119392 0.031667
vt 0.119199 0.017738
vt 0.135925 0.028366
vt 0.139829 0.044175
vt 0.163278 0.047646
vt 0.163953 0.057888
vt 0.163278 0.068107
vt 0.185933 0.067986
vt 0.187764 0.079338
vt 0.190439 0.089315
vt 0.235675 0.088568
vt 0.234374 0.078205
vt 0.286647 0.086712
vt 0.233844 0.067191
vt 0.285273 0.076855
vt 0.283827 0.066757
vt 0.315639 0.065673
vt 0.317519 0.076108
vt 0.318989 0.085772
vt 0.349548 0.075481
vt 0.351862 0.084615
vt 0.347644 0.065311
vt 0.315446 0.057864
vt 0.346873 0.057840
vt 0.282719 0.057864
vt 0.233579 0.057888
vt 0.185378 0.057888
vt 0.185933 0.047766
vt 0.187764 0.036415
vt 0.234374 0.037572
vt 0.233844 0.048562
vt 0.283827 0.048971
vt 0.285273 0.038897
vt 0.315639 0.050032
vt 0.347644 0.050393
vt 0.368708 0.057840
vt 0.368732 0.066058
vt 0.369865 0.075481
vt 0.372708 0.084712
vt 0.382951 0.075602
vt 0.383047 0.084856
vt 0.381698 0.065986
vt 0.382276 0.057840
vt 0.368732 0.049622
vt 0.349524 0.040223
vt 0.317519 0.039620
vt 0.286623 0.029041
vt 0.235675 0.027185
vt 0.190439 0.026462
vt 0.136648 0.014580
vt 0.122790 0.011833
vt 0.114235 0.004965
vt 0.107728 0.009230
vt 0.092834 0.016509
vt 0.318989 0.029956
vt 0.351862 0.031089
vt 0.369865 0.040199
vt 0.381698 0.049694
vt 0.391627 0.056322
vt 0.391627 0.059383
vt 0.390832 0.066950
vt 0.401219 0.061648
vt 0.399435 0.068926
vt 0.391314 0.076445
vt 0.390639 0.086230
vt 0.406714 0.080109
vt 0.408497 0.070999
vt 0.410835 0.064540
vt 0.427994 0.070734
vt 0.426090 0.076012
vt 0.442068 0.078566
vt 0.424258 0.083892
vt 0.439899 0.082061
vt 0.444213 0.082037
vt 0.444141 0.085507
vt 0.438718 0.086134
vt 0.442382 0.088375
vt 0.439152 0.090134
vt 0.423367 0.090062
vt 0.406111 0.088471
vt 0.392736 0.088230
vt 0.084110 0.103582
vt 0.085170 0.102859
vt 0.085893 0.103847
vt 0.085194 0.104715
vt 0.088665 0.107197
vt 0.083025 0.104860
vt 0.087363 0.108426
vt 0.084254 0.106113
vt 0.081844 0.107004
vt 0.082977 0.109800
vt 0.085580 0.109752
vt 0.085507 0.117319
vt 0.087725 0.115247
vt 0.089773 0.113246
vt 0.091725 0.111656
vt 0.096955 0.119898
vt 0.094738 0.122187
vt 0.107848 0.136527
vt 0.127948 0.162338
vt 0.105703 0.139925
vt 0.092159 0.124573
vt 0.089604 0.126791
vt 0.102088 0.142600
vt 0.098015 0.145420
vt 0.118717 0.169472
vt 0.113536 0.173930
vt 0.124068 0.165640
vt 0.142649 0.180534
vt 0.143492 0.193765
vt 0.147662 0.185185
vt 0.136889 0.198055
vt 0.129056 0.202224
vt 0.153831 0.248520
vt 0.163134 0.243748
vt 0.182631 0.285249
vt 0.172870 0.292985
vt 0.205984 0.345836
vt 0.193982 0.349476
vt 0.200706 0.368756
vt 0.191717 0.364128
vt 0.185619 0.376660
vt 0.183739 0.371840
vt 0.172702 0.371768
vt 0.169303 0.381384
vt 0.161134 0.362658
vt 0.190126 0.388156
vt 0.213045 0.391385
vt 0.222806 0.370949
vt 0.231723 0.357886
vt 0.218829 0.339570
vt 0.194030 0.274669
vt 0.174678 0.238446
vt 0.185908 0.237579
vt 0.157904 0.198175
vt 0.161302 0.194440
vt 0.159398 0.186342
vt 0.164098 0.190391
vt 0.169569 0.195717
vt 0.192199 0.228686
vt 0.188632 0.232903
vt 0.191741 0.233482
vt 0.190560 0.239145
vt 0.186222 0.241869
vt 0.191355 0.250111
vt 0.195259 0.246881
vt 0.199043 0.258281
vt 0.202971 0.253991
vt 0.202899 0.259510
vt 0.208996 0.255533
vt 0.208779 0.258811
vt 0.239676 0.324917
vt 0.229963 0.332389
vt 0.239869 0.344198
vt 0.246882 0.335811
vt 0.256980 0.327303
vt 0.249726 0.317953
vt 0.257245 0.313157
vt 0.214467 0.255557
vt 0.215889 0.251701
vt 0.218203 0.251918
vt 0.264643 0.310602
vt 0.261486 0.319640
vt 0.269126 0.322146
vt 0.266764 0.316627
vt 0.272307 0.313952
vt 0.281730 0.314265
vt 0.282694 0.317567
vt 0.283369 0.321182
vt 0.270259 0.334557
vt 0.260257 0.337064
vt 0.251099 0.342125
vt 0.244713 0.355886
vt 0.258932 0.353886
vt 0.264619 0.351500
vt 0.273079 0.349982
vt 0.284381 0.333136
vt 0.285972 0.349909
vt 0.285659 0.352994
vt 0.269006 0.352584
vt 0.262740 0.354705
vt 0.252063 0.363574
vt 0.249244 0.360321
vt 0.237675 0.367743
vt 0.242544 0.370202
vt 0.244616 0.375624
vt 0.238664 0.378781
vt 0.241074 0.389891
vt 0.233289 0.377432
vt 0.230879 0.387626
vt 0.236639 0.388638
vt 0.231434 0.400447
vt 0.237362 0.400809
vt 0.242761 0.404833
vt 0.239869 0.412280
vt 0.247099 0.421077
vt 0.234567 0.412931
vt 0.218058 0.410738
vt 0.197959 0.408135
vt 0.175642 0.406424
vt 0.185113 0.423969
vt 0.202779 0.420426
vt 0.223818 0.428090
vt 0.237844 0.423222
vt 0.242423 0.421511
vt 0.245990 0.432091
vt 0.253220 0.437344
vt 0.241363 0.434308
vt 0.250834 0.444117
vt 0.260739 0.455516
vt 0.254883 0.459035
vt 0.282188 0.468482
vt 0.282839 0.463541
vt 0.250906 0.460119
vt 0.255582 0.461710
vt 0.255437 0.476989
vt 0.275416 0.484484
vt 0.251895 0.462842
vt 0.252256 0.477134
vt 0.239170 0.467638
vt 0.246110 0.446093
vt 0.232446 0.448310
vt 0.218516 0.460577
vt 0.213479 0.447756
vt 0.207743 0.433079
vt 0.192656 0.440622
vt 0.174557 0.437031
vt 0.168412 0.425776
vt 0.160121 0.416040
vt 0.154699 0.398326
vt 0.149927 0.368370
vt 0.138238 0.306891
vt 0.125899 0.308047
vt 0.121971 0.261317
vt 0.136335 0.372708
vt 0.139371 0.395001
vt 0.151469 0.410304
vt 0.156603 0.420788
vt 0.164315 0.430139
vt 0.154217 0.424788
vt 0.148457 0.415004
vt 0.141709 0.406304
vt 0.128550 0.402568
vt 0.124164 0.390711
vt 0.123369 0.375214
vt 0.110427 0.308264
vt 0.111969 0.264306
vt 0.100112 0.212804
vt 0.108619 0.210394
vt 0.100739 0.179040
vt 0.093967 0.179401
vt 0.092713 0.147541
vt 0.087821 0.148312
vt 0.086182 0.128140
vt 0.087460 0.180341
vt 0.092400 0.214298
vt 0.099992 0.268451
vt 0.091219 0.275633
vt 0.095750 0.288526
vt 0.093894 0.278959
vt 0.088906 0.279995
vt 0.090713 0.288888
vt 0.095678 0.299829
vt 0.089918 0.299420
vt 0.093726 0.303396
vt 0.111246 0.376516
vt 0.113367 0.389458
vt 0.114572 0.396977
vt 0.104498 0.399676
vt 0.116838 0.410979
vt 0.128261 0.408930
vt 0.139829 0.411485
vt 0.128406 0.413269
vt 0.141998 0.416859
vt 0.163110 0.436838
vt 0.170267 0.440236
vt 0.170966 0.451636
vt 0.174654 0.448744
vt 0.179160 0.446816
vt 0.179209 0.458914
vt 0.177522 0.467759
vt 0.183836 0.471036
vt 0.184342 0.486195
vt 0.184077 0.457323
vt 0.200055 0.461324
vt 0.208249 0.480050
vt 0.188608 0.469205
vt 0.194633 0.482725
vt 0.190994 0.484701
vt 0.177473 0.510512
vt 0.173690 0.507379
vt 0.192271 0.487111
vt 0.195741 0.485400
vt 0.202730 0.498149
vt 0.193259 0.517477
vt 0.209478 0.505042
vt 0.203863 0.521671
vt 0.205164 0.496052
vt 0.217263 0.494413
vt 0.224059 0.474772
vt 0.242327 0.484364
vt 0.227987 0.484798
vt 0.233434 0.498703
vt 0.229530 0.511645
vt 0.220420 0.512272
vt 0.211864 0.503572
vt 0.215046 0.511645
vt 0.211985 0.525093
vt 0.217986 0.514706
vt 0.215672 0.526370
vt 0.220709 0.521020
vt 0.221215 0.527575
vt 0.237820 0.509838
vt 0.245050 0.505403
vt 0.252111 0.499547
vt 0.252449 0.487280
vt 0.255606 0.495377
vt 0.255196 0.486677
vt 0.270524 0.494896
vt 0.266933 0.503041
vt 0.255534 0.499619
vt 0.265101 0.506512
vt 0.257799 0.506126
vt 0.261896 0.511235
vt 0.195091 0.224203
vt 0.195910 0.226324
vt 0.034439 0.244206
vt 0.030583 0.247653
vt 0.033210 0.244327
vt 0.035789 0.244568
vt 0.038030 0.247894
vt 0.039669 0.252955
vt 0.028631 0.252569
vt 0.041597 0.262474
vt 0.026077 0.261944
vt 0.044152 0.282212
vt 0.022245 0.281489
vt 0.045815 0.315109
vt 0.018413 0.314169
vt 0.046393 0.338679
vt 0.016292 0.337642
vt 0.045694 0.345595
vt 0.016533 0.344607
vt 0.039187 0.355525
vt 0.022365 0.354970
vt 0.039163 0.361767
vt 0.021980 0.361188
vt 0.039115 0.369527
vt 0.021522 0.368924
vt 0.039717 0.407822
vt 0.018389 0.407099
vt 0.039934 0.410087
vt 0.018027 0.409340
vt 0.045550 0.415823
vt 0.012050 0.414690
vt 0.047935 0.421197
vt 0.009327 0.419896
vt 0.048321 0.430645
vt 0.008291 0.429295
vt 0.048321 0.441562
vt 0.007592 0.440188
vt 0.047670 0.447997
vt 0.007809 0.446647
vt 0.041332 0.452238
vt 0.013858 0.451322
vt 0.039982 0.454094
vt 0.015111 0.453250
vt 0.010918 0.527865
vt 0.039235 0.528828
vt 0.015786 0.533841
vt 0.034439 0.534637
vt 0.024799 0.536516
vt 0.522539 0.945519
vt 0.536926 0.949134
vt 0.520707 0.956461
vt 0.531311 0.972535
vt 0.519550 0.966052
vt 0.509356 0.958075
vt 0.508970 0.968149
vt 0.514875 0.978898
vt 0.498607 0.960582
vt 0.498439 0.979982
vt 0.496318 0.968101
vt 0.485425 0.962052
vt 0.482749 0.977813
vt 0.483665 0.966052
vt 0.468771 0.973572
vt 0.470868 0.961931
vt 0.472386 0.956774
vt 0.455324 0.952508
vt 0.457950 0.948773
vt 0.455155 0.967137
vt 0.443563 0.958003
vt 0.446551 0.940338
vt 0.447081 0.935975
vt 0.435176 0.938892
vt 0.436357 0.945592
vt 0.435103 0.921853
vt 0.448118 0.921853
vt 0.447081 0.907730
vt 0.435176 0.904814
vt 0.446551 0.903368
vt 0.436333 0.898090
vt 0.457950 0.894909
vt 0.443587 0.885679
vt 0.455324 0.891198
vt 0.472386 0.886932
vt 0.470868 0.881774
vt 0.485425 0.881654
vt 0.455155 0.876569
vt 0.468771 0.870110
vt 0.483665 0.877629
vt 0.482749 0.865892
vt 0.496318 0.875605
vt 0.498607 0.883124
vt 0.508970 0.875557
vt 0.509356 0.885630
vt 0.498463 0.863723
vt 0.514899 0.864832
vt 0.531311 0.871194
vt 0.519550 0.877677
vt 0.520707 0.887269
vt 0.536926 0.894596
vt 0.522539 0.898187
vt 0.484364 0.208875
vt 0.493040 0.216877
vt 0.481906 0.210394
vt 0.488967 0.221239
vt 0.501234 0.223697
vt 0.495691 0.229602
vt 0.503692 0.236422
vt 0.511838 0.230180
vt 0.507934 0.250207
vt 0.499041 0.246038
vt 0.523623 0.235313
vt 0.494824 0.255847
vt 0.518779 0.255268
vt 0.535432 0.240567
vt 0.529046 0.260088
vt 0.547844 0.247339
vt 0.540035 0.265246
vt 0.560786 0.253364
vt 0.552760 0.271198
vt 0.574089 0.259703
vt 0.544518 0.288960
vt 0.531624 0.282839
vt 0.518490 0.277657
vt 0.506898 0.271945
vt 0.495402 0.266161
vt 0.483641 0.262185
vt 0.484509 0.254087
vt 0.473856 0.254304
vt 0.473206 0.260281
vt 0.461108 0.255871
vt 0.461565 0.258739
vt 0.557894 0.295106
vt 0.565895 0.277344
vt 0.578330 0.283176
vt 0.587127 0.265366
vt 0.590766 0.289008
vt 0.599105 0.271126
vt 0.570618 0.301516
vt 0.582693 0.307035
vt 0.601973 0.294262
vt 0.610528 0.276524
vt 0.594140 0.312337
vt 0.613589 0.299709
vt 0.622048 0.281730
vt 0.605515 0.317880
vt 0.624747 0.304938
vt 0.632989 0.287177
vt 0.635375 0.309903
vt 0.644461 0.291973
vt 0.616722 0.322797
vt 0.627736 0.328533
vt 0.643569 0.299082
vt 0.632507 0.323255
vt 0.640460 0.336919
vt 0.637544 0.339088
vt 0.644847 0.351765
vt 0.648293 0.350801
vt 0.651257 0.364249
vt 0.648486 0.365068
vt 0.658993 0.296359
vt 0.658752 0.292720
vt 0.673020 0.290165
vt 0.674538 0.293443
vt 0.686564 0.287032
vt 0.685383 0.284381
vt 0.484388 0.789085
vt 0.496511 0.796508
vt 0.472290 0.787398
vt 0.507765 0.823934
vt 0.505114 0.809113
vt 0.461252 0.788073
vt 0.505644 0.836755
vt 0.499162 0.847576
vt 0.449756 0.793930
vt 0.440574 0.803545
vt 0.489497 0.856180
vt 0.477496 0.860639
vt 0.435176 0.815716
vt 0.435176 0.830272
vt 0.464024 0.860349
vt 0.450672 0.854758
vt 0.440189 0.844010
vt 0.406111 0.027233
vt 0.390639 0.029474
vt 0.392736 0.027474
vt 0.423367 0.025642
vt 0.406738 0.035572
vt 0.391314 0.039259
vt 0.383047 0.030824
vt 0.382975 0.040103
vt 0.372708 0.030993
vt 0.390856 0.048754
vt 0.399435 0.046778
vt 0.408497 0.044706
vt 0.401219 0.054056
vt 0.410835 0.051164
vt 0.426090 0.039669
vt 0.424258 0.031812
vt 0.439152 0.025570
vt 0.442382 0.027329
vt 0.438718 0.029571
vt 0.444141 0.030173
vt 0.439899 0.033644
vt 0.442068 0.037138
vt 0.427994 0.044971
vt 0.444213 0.033644
vt 0.073216 0.107679
vt 0.074445 0.107438
vt 0.073265 0.109077
vt 0.074518 0.109173
vt 0.076108 0.107607
vt 0.073578 0.113246
vt 0.075361 0.113222
vt 0.074373 0.118596
vt 0.076060 0.109318
vt 0.078422 0.108354
vt 0.079482 0.111198
vt 0.077554 0.112957
vt 0.076880 0.118404
vt 0.076181 0.128237
vt 0.079338 0.128357
vt 0.079531 0.147902
vt 0.079723 0.118428
vt 0.082736 0.118404
vt 0.082832 0.128309
vt 0.083387 0.148866
vt 0.082399 0.180630
vt 0.084037 0.204080
vt 0.083555 0.210948
vt 0.084905 0.227529
vt 0.079892 0.227143
vt 0.075795 0.219938
vt 0.075120 0.226131
vt 0.074759 0.233819
vt 0.080615 0.273536
vt 0.086086 0.274114
vt 0.084206 0.276693
vt 0.076325 0.274404
vt 0.075482 0.272259
vt 0.080519 0.391145
vt 0.074952 0.401098
vt 0.073409 0.398037
vt 0.087942 0.394976
vt 0.076904 0.404183
vt 0.085893 0.389313
vt 0.083387 0.383433
vt 0.091774 0.387819
vt 0.090472 0.380155
vt 0.077434 0.308481
vt 0.082615 0.308529
vt 0.078976 0.306722
vt 0.086568 0.304722
vt 0.088978 0.306963
vt 0.099196 0.378444
vt 0.100257 0.390277
vt 0.095509 0.404785
vt 0.084278 0.413558
vt 0.094473 0.426861
vt 0.103896 0.417968
vt 0.096786 0.428885
vt 0.108619 0.417052
vt 0.111078 0.413196
vt 0.114620 0.414208
vt 0.534420 0.478074
vt 0.541505 0.490509
vt 0.542879 0.502800
vt 0.507597 0.466072
vt 0.541987 0.513935
vt 0.522201 0.469084
vt 0.494896 0.467928
vt 0.484075 0.474266
vt 0.535938 0.525454
vt 0.526250 0.534540
vt 0.475375 0.483833
vt 0.514104 0.539722
vt 0.470699 0.495908
vt 0.499740 0.539384
vt 0.470699 0.509524
vt 0.475905 0.523165
vt 0.486268 0.534034
vt 0.963715 0.974801
vt 0.961257 0.979042
vt 0.945279 0.963618
vt 0.957184 0.981718
vt 0.949135 0.957617
vt 0.966438 0.947278
vt 0.942796 0.942145
vt 0.964583 0.921467
vt 0.933518 0.904525
vt 0.959498 0.892547
vt 0.954027 0.872207
vt 0.921106 0.876111
vt 0.947038 0.853915
vt 0.915177 0.911008
vt 0.930674 0.937831
vt 0.943061 0.954002
vt 0.940266 0.958798
vt 0.939519 0.967836
vt 0.930192 0.985815
vt 0.935663 0.961859
vt 0.923998 0.962534
vt 0.904694 0.985212
vt 0.886667 0.953810
vt 0.875846 0.981525
vt 0.855506 0.976970
vt 0.857916 0.942097
vt 0.837117 0.970704
vt 0.891897 0.935783
vt 0.919082 0.950171
vt 0.924311 0.943447
vt 0.901320 0.921299
vt 0.875123 0.896042
vt 0.890764 0.875581
vt 0.902380 0.844443
vt 0.920359 0.831140
vt 0.939711 0.836008
vt 0.938988 0.829983
vt 0.926746 0.815692
vt 0.942941 0.818319
vt 0.945905 0.789519
vt 0.955979 0.795520
vt 0.931831 0.780650
vt 0.962245 0.773975
vt 0.966342 0.772408
vt 0.960558 0.770360
vt 0.964655 0.767950
vt 0.937856 0.750790
vt 0.930336 0.760503
vt 0.916093 0.741608
vt 0.908839 0.755610
vt 0.892620 0.733462
vt 0.884112 0.749152
vt 0.873364 0.763949
vt 0.902501 0.784747
vt 0.905031 0.791182
vt 0.892451 0.796725
vt 0.881943 0.786266
vt 0.848035 0.778602
vt 0.851818 0.790628
vt 0.828152 0.794701
vt 0.886523 0.798484
vt 0.878810 0.792966
vt 0.894741 0.828248
vt 0.859121 0.822199
vt 0.852975 0.796797
vt 0.831406 0.803762
vt 0.829020 0.811764
vt 0.816994 0.808751
vt 0.809161 0.798027
vt 0.804895 0.804751
vt 0.790339 0.778626
vt 0.780843 0.778433
vt 0.790098 0.763997
vt 0.774481 0.765419
vt 0.778241 0.754381
vt 0.759732 0.753514
vt 0.760840 0.785711
vt 0.759394 0.763588
vt 0.778337 0.802581
vt 0.803473 0.810872
vt 0.807474 0.813836
vt 0.838756 0.860904
vt 0.855385 0.909321
vt 0.825597 0.925974
vt 0.801521 0.883317
vt 0.809258 0.919057
vt 0.813331 0.944820
vt 0.819066 0.964149
vt 0.813089 0.963715
vt 0.798388 0.952026
vt 0.778024 0.918238
vt 0.779470 0.912189
vt 0.773638 0.904645
vt 0.767179 0.908140
vt 0.766697 0.928986
vt 0.773180 0.931228
vt 0.764070 0.958847
vt 0.773493 0.972656
vt 0.801762 0.968270
vt 0.779904 0.982537
vt 0.758937 0.989936
vt 0.757611 0.994153
vt 0.755297 0.988417
vt 0.753128 0.992635
vt 0.734909 0.966390
vt 0.744115 0.958316
vt 0.738259 0.936819
vt 0.744790 0.900524
vt 0.770023 0.877436
vt 0.757997 0.874207
vt 0.772939 0.853336
vt 0.782025 0.856180
vt 0.776168 0.878328
vt 0.789809 0.853384
vt 0.786266 0.841359
vt 0.775301 0.833936
vt 0.781711 0.829333
vt 0.755249 0.815836
vt 0.754598 0.806221
vt 0.740789 0.816222
vt 0.741440 0.800340
vt 0.730739 0.804654
vt 0.729004 0.785904
vt 0.738909 0.785157
vt 0.787688 0.827597
vt 0.790821 0.831502
vt 0.799497 0.822994
vt 0.795737 0.819379
vt 0.738427 0.771131
vt 0.730209 0.765564
vt 0.745561 0.763732
vt 0.739801 0.755659
vt 0.730691 0.912116
vt 0.715605 0.921467
vt 0.724787 0.944796
vt 0.979115 0.486991
vt 0.981597 0.491232
vt 0.963209 0.502487
vt 0.975018 0.484316
vt 0.957425 0.498294
vt 0.947905 0.480363
vt 0.940386 0.503885
vt 0.922263 0.481110
vt 0.904308 0.511983
vt 0.893246 0.485521
vt 0.873316 0.490124
vt 0.874280 0.520658
vt 0.854903 0.495884
vt 0.909972 0.530588
vt 0.937109 0.516079
vt 0.953617 0.504270
vt 0.958244 0.507331
vt 0.967113 0.508488
vt 0.984465 0.518827
vt 0.961064 0.512127
vt 0.961305 0.523261
vt 0.982634 0.544734
vt 0.950966 0.561556
vt 0.977115 0.573968
vt 0.971740 0.593971
vt 0.940603 0.591368
vt 0.965282 0.612359
vt 0.933349 0.555242
vt 0.948773 0.528371
vt 0.942362 0.522779
vt 0.919467 0.545048
vt 0.893391 0.570425
vt 0.874930 0.552278
vt 0.843697 0.540541
vt 0.831333 0.521791
vt 0.836973 0.502415
vt 0.830996 0.502873
vt 0.816343 0.514633
vt 0.819669 0.498342
vt 0.791375 0.494028
vt 0.797762 0.484123
vt 0.781976 0.507909
vt 0.776747 0.476796
vt 0.775397 0.472579
vt 0.773107 0.478339
vt 0.770914 0.474097
vt 0.752767 0.500439
vt 0.762021 0.508488
vt 0.742717 0.522080
vt 0.756213 0.530033
vt 0.733607 0.545457
vt 0.748742 0.554784
vt 0.762889 0.566328
vt 0.784724 0.537770
vt 0.791207 0.535504
vt 0.796099 0.548494
vt 0.785302 0.558640
vt 0.776216 0.592646
vt 0.788266 0.589344
vt 0.791231 0.613468
vt 0.797593 0.554543
vt 0.791785 0.562111
vt 0.827357 0.547578
vt 0.819789 0.583343
vt 0.794412 0.588428
vt 0.800341 0.610600
vt 0.808149 0.613347
vt 0.804630 0.625398
vt 0.793665 0.632869
vt 0.800124 0.637448
vt 0.773662 0.651016
vt 0.773059 0.660632
vt 0.759202 0.650630
vt 0.759925 0.666488
vt 0.749200 0.662198
vt 0.747513 0.680900
vt 0.779349 0.681213
vt 0.757442 0.681695
vt 0.796774 0.664271
vt 0.806100 0.639183
vt 0.809209 0.635255
vt 0.857120 0.605660
vt 0.907658 0.593561
vt 0.920745 0.621879
vt 0.877557 0.644340
vt 0.913153 0.638146
vt 0.938771 0.635182
vt 0.958124 0.630266
vt 0.957425 0.636291
vt 0.945230 0.650630
vt 0.910960 0.669718
vt 0.905056 0.667982
vt 0.897343 0.673550
vt 0.900501 0.680249
vt 0.921082 0.681671
vt 0.923589 0.675237
vt 0.950436 0.685696
vt 0.964510 0.676755
vt 0.961426 0.647955
vt 0.974560 0.670706
vt 0.980923 0.692251
vt 0.985020 0.693794
vt 0.979260 0.695890
vt 0.983333 0.698276
vt 0.956581 0.715556
vt 0.949038 0.705868
vt 0.927541 0.710832
vt 0.891993 0.702590
vt 0.870327 0.675984
vt 0.866592 0.688034
vt 0.846661 0.671983
vt 0.849866 0.662897
vt 0.871484 0.669814
vt 0.847480 0.654872
vt 0.835430 0.657957
vt 0.827622 0.668729
vt 0.823356 0.662006
vt 0.808848 0.688227
vt 0.799328 0.688443
vt 0.808583 0.702879
vt 0.792942 0.701530
vt 0.796726 0.712543
vt 0.778120 0.713459
vt 0.777831 0.703385
vt 0.821910 0.655884
vt 0.825911 0.652896
vt 0.817909 0.643738
vt 0.814174 0.647377
vt 0.763949 0.703265
vt 0.758093 0.711338
vt 0.756960 0.695698
vt 0.748742 0.701192
vt 0.902814 0.717388
vt 0.911370 0.733077
vt 0.934819 0.724810
s 1
usemtl models_monsters_darklord_mech_darklord_mech_sword_hilt
f 1547/1654/1374 1549/1655/1375 1548/1656/1376
f 1549/1655/1375 1547/1654/1374 2517/1657/1377
f 1547/1654/1374 1552/1658/1378 2517/1657/1377
f 1552/1658/1378 1550/1659/1379 2518/1660/1380
f 1552/1658/1378 2518/1660/1380 2517/1657/1377
f 1552/1658/1378 1551/1661/1381 1550/1659/1379
f 2498/1662/1382 1550/1659/1379 1551/1661/1381
f 2497/1663/1383 2499/1664/1384 2498/1662/1382
f 1550/1659/1379 2498/1662/1382 2499/1664/1384
f 2499/1664/1384 2500/1665/1385 1550/1659/1379
f 2518/1660/1380 1550/1659/1379 2501/1666/1386
f 2500/1665/1385 2501/1666/1386 1550/1659/1379
f 2518/1660/1380 1556/1667/1387 2517/1657/1377
f 2501/1666/1386 1558/1668/1388 2518/1660/1380
f 2518/1660/1380 1558/1668/1388 1556/1667/1387
f 2501/1666/1386 2500/1665/1385 1586/1669/1389
f 2501/1666/1386 1586/1669/1389 1558/1668/1388
f 2500/1665/1385 1587/1670/1390 1586/1669/1389
f 1586/1669/1389 1557/1671/1391 1558/1668/1388
f 1586/1669/1389 1587/1670/1390 1557/1671/1391
f 1557/1671/1391 1559/1672/1392 1558/1668/1388
f 1558/1668/1388 1559/1672/1392 1556/1667/1387
f 1557/1671/1391 1579/1673/1393 1559/1672/1392
f 1559/1672/1392 1555/1674/1394 1556/1667/1387
f 1579/1673/1393 1557/1671/1391 1542/1675/1395
f 1542/1675/1395 1557/1671/1391 1541/1676/1396
f 1587/1670/1390 1541/1676/1396 1557/1671/1391
f 1587/1670/1390 2500/1665/1385 1541/1676/1396
f 2500/1665/1385 2499/1664/1384 1541/1676/1396
f 1541/1676/1396 2499/1664/1384 2497/1663/1383
f 1543/1677/1397 1541/1676/1396 2497/1663/1383
f 1541/1676/1396 1543/1677/1397 1542/1675/1395
f 2497/1663/1383 2503/1678/1398 1543/1677/1397
f 2502/1679/1399 2503/1678/1398 2497/1663/1383
f 1556/1667/1387 1575/1680/1400 2517/1657/1377
f 1555/1674/1394 1553/1681/1401 1556/1667/1387
f 1556/1667/1387 1553/1681/1401 1575/1680/1400
f 1555/1674/1394 1554/1682/1402 1553/1681/1401
f 1553/1681/1401 1573/1683/1403 1575/1680/1400
f 1664/1684/1404 1573/1683/1403 1553/1681/1401
f 1573/1683/1403 1574/1685/1405 1575/1680/1400
f 1575/1680/1400 1574/1685/1405 2517/1657/1377
f 1549/1655/1375 2517/1657/1377 1574/1685/1405
f 1574/1685/1405 1572/1686/1406 1549/1655/1375
f 1572/1686/1406 1574/1685/1405 1573/1683/1403
f 1573/1683/1403 1667/1687/1407 1572/1686/1406
f 1664/1684/1404 1667/1687/1407 1573/1683/1403
f 1667/1687/1407 1664/1684/1404 1670/1688/1408
f 1667/1687/1407 2523/1689/1409 1572/1686/1406
f 1572/1686/1406 2522/1690/1410 1549/1655/1375
f 2523/1689/1409 2522/1690/1410 1572/1686/1406
f 2522/1690/1410 2523/1689/1409 2524/1691/1411
f 1563/1692/1412 1565/1693/1413 1564/1694/1414
f 1565/1693/1413 1563/1692/1412 1643/1695/1415
f 1563/1692/1412 1562/1696/1416 1643/1695/1415
f 1562/1696/1416 1560/1697/1417 1652/1698/1418
f 1562/1696/1416 1652/1698/1418 1643/1695/1415
f 1562/1696/1416 1561/1699/1419 1560/1697/1417
f 1539/1700/1420 1560/1697/1417 1561/1699/1419
f 1538/1701/1421 1540/1702/1422 1539/1700/1420
f 1560/1697/1417 1539/1700/1420 1540/1702/1422
f 1540/1702/1422 1576/1703/1423 1560/1697/1417
f 1652/1698/1418 1560/1697/1417 1585/1704/1424
f 1576/1703/1423 1585/1704/1424 1560/1697/1417
f 1652/1698/1418 1566/1705/1425 1643/1695/1415
f 1585/1704/1424 1582/1706/1426 1652/1698/1418
f 1652/1698/1418 1582/1706/1426 1566/1705/1425
f 1585/1704/1424 1576/1703/1423 1584/1707/1427
f 1585/1704/1424 1584/1707/1427 1582/1706/1426
f 1576/1703/1423 1540/1702/1422 1577/1708/1428
f 1577/1708/1428 1584/1707/1427 1576/1703/1423
f 1584/1707/1427 1577/1708/1428 1578/1709/1429
f 1578/1709/1429 1582/1706/1426 1584/1707/1427
f 1578/1709/1429 1583/1710/1430 1582/1706/1426
f 1582/1706/1426 1583/1710/1430 1566/1705/1425
f 1578/1709/1429 1580/1711/1431 1583/1710/1430
f 1583/1710/1430 1581/1712/1432 1566/1705/1425
f 1580/1711/1431 1578/1709/1429 1545/1713/1433
f 1545/1713/1433 1578/1709/1429 1544/1714/1434
f 1577/1708/1428 1544/1714/1434 1578/1709/1429
f 1540/1702/1422 1544/1714/1434 1577/1708/1428
f 1544/1714/1434 1540/1702/1422 1546/1715/1435
f 1540/1702/1422 1538/1701/1421 1546/1715/1435
f 1544/1714/1434 1546/1715/1435 1545/1713/1433
f 1538/1701/1421 1602/1716/1399 1546/1715/1435
f 1538/1701/1421 1603/1717/1436 1602/1716/1399
f 1566/1705/1425 1567/1718/1437 1643/1695/1415
f 1566/1705/1425 1568/1719/1438 1567/1718/1437
f 1581/1712/1432 1568/1719/1438 1566/1705/1425
f 1568/1719/1438 1581/1712/1432 1653/1720/1439
f 1665/1721/1440 1570/1722/1441 1568/1719/1438
f 1570/1722/1441 1567/1718/1437 1568/1719/1438
f 1571/1723/1442 1567/1718/1437 1570/1722/1441
f 1567/1718/1437 1571/1723/1442 1643/1695/1415
f 1565/1693/1413 1643/1695/1415 1571/1723/1442
f 1571/1723/1442 1569/1724/1443 1565/1693/1413
f 1569/1724/1443 1571/1723/1442 1570/1722/1441
f 1569/1724/1443 1663/1725/1444 1565/1693/1413
f 1666/1726/1445 1663/1725/1444 1569/1724/1443
f 1663/1725/1444 1666/1726/1445 1669/1727/1446
f 1569/1724/1443 1668/1728/1447 1666/1726/1445
f 1570/1722/1441 1668/1728/1447 1569/1724/1443
f 1665/1721/1440 1668/1728/1447 1570/1722/1441
f 1668/1728/1447 1665/1721/1440 1671/1729/1448
f 1631/1730/1414 1660/1731/1449 1654/1732/1450
f 1637/1733/1451 1631/1730/1414 1654/1732/1450
f 1637/1733/1451 1654/1732/1450 1657/1734/1452
f 1637/1733/1451 1632/1735/1453 1631/1730/1414
f 1631/1730/1414 1632/1735/1453 1625/1736/1454
f 1625/1736/1454 1626/1737/1455 1619/1738/1416
f 1632/1735/1453 1626/1737/1455 1625/1736/1454
f 1637/1733/1451 1638/1739/1456 1632/1735/1453
f 1626/1737/1455 1632/1735/1453 1533/1740/1457
f 1533/1740/1457 1632/1735/1453 1638/1739/1456
f 1534/1741/1458 1533/1740/1457 1638/1739/1456
f 1638/1739/1456 2047/1742/1459 1534/1741/1458
f 1638/1739/1456 1637/1733/1451 2047/1742/1459
f 1637/1733/1451 2050/1743/1460 2047/1742/1459
f 1657/1734/1452 2050/1743/1460 1637/1733/1451
f 2050/1743/1460 1657/1734/1452 2075/1744/1461
f 2053/1745/1462 2050/1743/1460 2075/1744/1461
f 2047/1742/1459 2050/1743/1460 2053/1745/1462
f 2075/1744/1461 2056/1746/1463 2053/1745/1462
f 2074/1747/1464 2056/1746/1463 2075/1744/1461
f 2053/1745/1462 2056/1746/1463 2041/1748/1465
f 2056/1746/1463 2074/1747/1464 2059/1749/1466
f 2041/1748/1465 2056/1746/1463 2059/1749/1466
f 2074/1747/1464 2062/1750/1467 2059/1749/1466
f 2062/1750/1467 2074/1747/1464 2080/1751/1468
f 2062/1750/1467 2038/1752/1469 2059/1749/1466
f 2038/1752/1469 2041/1748/1465 2059/1749/1466
f 2041/1748/1465 2038/1752/1469 2024/1753/1470
f 2044/1754/1471 2041/1748/1465 2024/1753/1470
f 2044/1754/1471 2053/1745/1462 2041/1748/1465
f 2044/1754/1471 2047/1742/1459 2053/1745/1462
f 2044/1754/1471 2029/1755/1472 2047/1742/1459
f 2047/1742/1459 2029/1755/1472 1534/1741/1458
f 2044/1754/1471 2024/1753/1470 2029/1755/1472
f 2029/1755/1472 2031/1756/1473 1534/1741/1458
f 2024/1753/1470 2025/1757/1474 2029/1755/1472
f 2025/1757/1474 2031/1756/1473 2029/1755/1472
f 2024/1753/1470 2020/1758/1475 2025/1757/1474
f 2038/1752/1469 2019/1759/1476 2024/1753/1470
f 2020/1758/1475 2024/1753/1470 2019/1759/1476
f 2038/1752/1469 2035/1760/1477 2019/1759/1476
f 2035/1760/1477 2038/1752/1469 2062/1750/1467
f 2035/1760/1477 2062/1750/1467 2065/1761/1478
f 2080/1751/1468 2065/1761/1478 2062/1750/1467
f 2071/1762/1479 2065/1761/1478 2080/1751/1468
f 2071/1762/1479 2080/1751/1468 2001/1763/1480
f 1999/1764/1481 2071/1762/1479 2001/1763/1480
f 2068/1765/1482 2071/1762/1479 1999/1764/1481
f 2065/1761/1478 2071/1762/1479 2068/1765/1482
f 2068/1765/1482 2032/1766/1483 2065/1761/1478
f 2032/1766/1483 2035/1760/1477 2065/1761/1478
f 2035/1760/1477 2032/1766/1483 2013/1767/1484
f 2019/1759/1476 2035/1760/1477 2013/1767/1484
f 2013/1767/1484 2020/1758/1475 2019/1759/1476
f 2009/1768/1485 2014/1769/1486 2013/1767/1484
f 2020/1758/1475 2013/1767/1484 2014/1769/1486
f 2009/1768/1485 2013/1767/1484 2032/1766/1483
f 2068/1765/1482 2009/1768/1485 2032/1766/1483
f 2009/1768/1485 2068/1765/1482 1999/1764/1481
f 2000/1770/1487 2009/1768/1485 1999/1764/1481
f 1999/1764/1481 2001/1763/1480 2000/1770/1487
f 2001/1763/1480 2002/1771/1488 2000/1770/1487
f 2002/1771/1488 2003/1772/1489 2000/1770/1487
f 2003/1772/1489 2004/1773/1490 2000/1770/1487
f 2010/1774/1491 2000/1770/1487 2004/1773/1490
f 2000/1770/1487 2010/1774/1491 2009/1768/1485
f 2010/1774/1491 2014/1769/1486 2009/1768/1485
f 2014/1769/1486 2010/1774/1491 2015/1775/1492
f 2015/1775/1492 2020/1758/1475 2014/1769/1486
f 2020/1758/1475 2015/1775/1492 2021/1776/1493
f 2026/1777/1494 2020/1758/1475 2021/1776/1493
f 2020/1758/1475 2026/1777/1494 2025/1757/1474
f 2025/1757/1474 2026/1777/1494 2030/1778/1495
f 2031/1756/1473 2025/1757/1474 2030/1778/1495
f 1535/1779/1496 2031/1756/1473 2030/1778/1495
f 2031/1756/1473 1535/1779/1496 1532/1780/1497
f 1534/1741/1458 2031/1756/1473 1532/1780/1497
f 1532/1780/1497 1530/1781/1498 1534/1741/1458
f 1533/1740/1457 1534/1741/1458 1530/1781/1498
f 1530/1781/1498 1626/1737/1455 1533/1740/1457
f 1626/1737/1455 1530/1781/1498 1620/1782/1499
f 1626/1737/1455 1620/1782/1499 1619/1738/1416
f 1530/1781/1498 1525/1783/1500 1620/1782/1499
f 1619/1738/1416 1620/1782/1499 1614/1784/1501
f 1620/1782/1499 1525/1783/1500 1614/1784/1501
f 1614/1784/1501 1613/1785/1502 1619/1738/1416
f 1613/1785/1502 1614/1784/1501 1605/1786/1503
f 1604/1787/1504 1606/1788/1421 1605/1786/1503
f 1614/1784/1501 1604/1787/1504 1605/1786/1503
f 1614/1784/1501 1516/1789/1505 1604/1787/1504
f 1525/1783/1500 1516/1789/1505 1614/1784/1501
f 1525/1783/1500 1515/1790/1506 1516/1789/1505
f 1530/1781/1498 1528/1791/1507 1525/1783/1500
f 1515/1790/1506 1525/1783/1500 1528/1791/1507
f 1530/1781/1498 1532/1780/1497 1528/1791/1507
f 1532/1780/1497 1531/1792/1508 1528/1791/1507
f 1531/1792/1508 1532/1780/1497 1535/1779/1496
f 1531/1792/1508 1526/1793/1509 1528/1791/1507
f 1526/1793/1509 1515/1790/1506 1528/1791/1507
f 1531/1792/1508 1621/1794/1510 1526/1793/1509
f 1515/1790/1506 1526/1793/1509 1519/1795/1511
f 1621/1794/1510 1615/1796/1512 1526/1793/1509
f 1519/1795/1511 1526/1793/1509 1615/1796/1512
f 1519/1795/1511 1615/1796/1512 1609/1797/1513
f 1518/1798/1514 1519/1795/1511 1609/1797/1513
f 1518/1798/1514 1515/1790/1506 1519/1795/1511
f 1609/1797/1513 1523/1799/1436 1518/1798/1514
f 1515/1790/1506 1518/1798/1514 1523/1799/1436
f 1517/1800/1515 1515/1790/1506 1523/1799/1436
f 1515/1790/1506 1517/1800/1515 1516/1789/1505
f 1516/1789/1505 1517/1800/1515 1604/1787/1504
f 1517/1800/1515 1523/1799/1436 1604/1787/1504
f 1606/1788/1421 1604/1787/1504 1523/1799/1436
f 1609/1797/1513 1607/1801/1516 1523/1799/1436
f 1607/1801/1516 1609/1797/1513 1608/1802/1395
f 1609/1797/1513 1615/1796/1512 1608/1802/1395
f 1615/1796/1512 1616/1803/1517 1608/1802/1395
f 1621/1794/1510 1622/1804/1518 1615/1796/1512
f 1622/1804/1518 1616/1803/1517 1615/1796/1512
f 1621/1794/1510 1627/1805/1519 1622/1804/1518
f 1531/1792/1508 1627/1805/1519 1621/1794/1510
f 1627/1805/1519 1628/1806/1394 1622/1804/1518
f 1627/1805/1519 1633/1807/1520 1628/1806/1394
f 1633/1807/1520 1634/1808/1402 1628/1806/1394
f 1627/1805/1519 1536/1809/1521 1633/1807/1520
f 1627/1805/1519 1531/1792/1508 1536/1809/1521
f 1535/1779/1496 1536/1809/1521 1531/1792/1508
f 1536/1809/1521 1535/1779/1496 1639/1810/1522
f 1633/1807/1520 1536/1809/1521 1639/1810/1522
f 1639/1810/1522 1640/1811/1523 1633/1807/1520
f 1640/1811/1523 1634/1808/1402 1633/1807/1520
f 1639/1810/1522 2048/1812/1524 1640/1811/1523
f 2048/1812/1524 1639/1810/1522 1535/1779/1496
f 2030/1778/1495 2048/1812/1524 1535/1779/1496
f 2026/1777/1494 2045/1813/1525 2030/1778/1495
f 2030/1778/1495 2045/1813/1525 2048/1812/1524
f 2026/1777/1494 2042/1814/1526 2045/1813/1525
f 2048/1812/1524 2045/1813/1525 2054/1815/1527
f 2054/1815/1527 2045/1813/1525 2042/1814/1526
f 2054/1815/1527 2051/1816/1528 2048/1812/1524
f 2051/1816/1528 1640/1811/1523 2048/1812/1524
f 2051/1816/1528 1658/1817/1529 1640/1811/1523
f 1634/1808/1402 1640/1811/1523 1655/1818/1404
f 1655/1818/1404 1640/1811/1523 1658/1817/1529
f 1655/1818/1404 1661/1819/1530 1634/1808/1402
f 1658/1817/1529 2051/1816/1528 2076/1820/1531
f 2051/1816/1528 2054/1815/1527 2076/1820/1531
f 2057/1821/1532 2054/1815/1527 2042/1814/1526
f 2057/1821/1532 2076/1820/1531 2054/1815/1527
f 2057/1821/1532 2077/1822/1533 2076/1820/1531
f 2057/1821/1532 2042/1814/1526 2060/1823/1534
f 2077/1822/1533 2057/1821/1532 2060/1823/1534
f 2042/1814/1526 2039/1824/1535 2060/1823/1534
f 2039/1824/1535 2042/1814/1526 2026/1777/1494
f 2021/1776/1493 2039/1824/1535 2026/1777/1494
f 2015/1775/1492 2036/1825/1536 2021/1776/1493
f 2021/1776/1493 2036/1825/1536 2039/1824/1535
f 2060/1823/1534 2039/1824/1535 2063/1826/1537
f 2039/1824/1535 2036/1825/1536 2063/1826/1537
f 2063/1826/1537 2077/1822/1533 2060/1823/1534
f 2077/1822/1533 2063/1826/1537 2081/1827/1538
f 2063/1826/1537 2036/1825/1536 2066/1828/1539
f 2066/1828/1539 2081/1827/1538 2063/1826/1537
f 2036/1825/1536 2033/1829/1540 2066/1828/1539
f 2033/1829/1540 2036/1825/1536 2015/1775/1492
f 2015/1775/1492 2010/1774/1491 2033/1829/1540
f 2033/1829/1540 2069/1830/1541 2066/1828/1539
f 2010/1774/1491 2069/1830/1541 2033/1829/1540
f 2069/1830/1541 2010/1774/1491 2004/1773/1490
f 2072/1831/1542 2069/1830/1541 2004/1773/1490
f 2072/1831/1542 2066/1828/1539 2069/1830/1541
f 2066/1828/1539 2072/1831/1542 2081/1827/1538
f 2081/1827/1538 2072/1831/1542 2003/1772/1489
f 2072/1831/1542 2004/1773/1490 2003/1772/1489
f 1662/1832/1438 1636/1833/1439 1656/1834/1440
f 1636/1833/1439 1642/1835/1543 1656/1834/1440
f 1656/1834/1440 1642/1835/1543 1659/1836/1448
f 1636/1833/1439 1630/1837/1432 1635/1838/1544
f 1642/1835/1543 1636/1833/1439 1635/1838/1544
f 1630/1837/1432 1629/1839/1545 1635/1838/1544
f 1629/1839/1545 1630/1837/1432 1624/1840/1430
f 1629/1839/1545 1537/1841/1546 1635/1838/1544
f 1641/1842/1547 1642/1835/1543 1635/1838/1544
f 1635/1838/1544 1537/1841/1546 1641/1842/1547
f 1642/1835/1543 1641/1842/1547 2049/1843/1548
f 2052/1844/1549 1642/1835/1543 2049/1843/1548
f 2052/1844/1549 1659/1836/1448 1642/1835/1543
f 1659/1836/1448 2052/1844/1549 2078/1845/1550
f 2052/1844/1549 2049/1843/1548 2055/1846/1551
f 2052/1844/1549 2055/1846/1551 2078/1845/1550
f 2058/1847/1552 2079/1848/1553 2078/1845/1550
f 2058/1847/1552 2078/1845/1550 2055/1846/1551
f 2058/1847/1552 2055/1846/1551 2043/1849/1554
f 2058/1847/1552 2043/1849/1554 2061/1850/1555
f 2079/1848/1553 2058/1847/1552 2061/1850/1555
f 2064/1851/1556 2079/1848/1553 2061/1850/1555
f 2079/1848/1553 2064/1851/1556 2082/1852/1557
f 2061/1850/1555 2043/1849/1554 2040/1853/1558
f 2061/1850/1555 2040/1853/1558 2064/1851/1556
f 2043/1849/1554 2028/1854/1559 2040/1853/1558
f 2055/1846/1551 2046/1855/1560 2043/1849/1554
f 2043/1849/1554 2046/1855/1560 2028/1854/1559
f 2055/1846/1551 2049/1843/1548 2046/1855/1560
f 2046/1855/1560 1513/1856/1561 2028/1854/1559
f 1513/1856/1561 2046/1855/1560 2049/1843/1548
f 1513/1856/1561 2049/1843/1548 1509/1857/1562
f 2049/1843/1548 1641/1842/1547 1509/1857/1562
f 1537/1841/1546 1509/1857/1562 1641/1842/1547
f 1509/1857/1562 1537/1841/1546 1508/1858/1563
f 1629/1839/1545 1508/1858/1563 1537/1841/1546
f 1624/1840/1430 1623/1859/1564 1629/1839/1545
f 1508/1858/1563 1629/1839/1545 1623/1859/1564
f 1624/1840/1430 1617/1860/1565 1623/1859/1564
f 1624/1840/1430 1618/1861/1566 1617/1860/1565
f 1617/1860/1565 1618/1861/1566 1611/1862/1567
f 1612/1863/1568 1617/1860/1565 1611/1862/1567
f 1610/1864/1569 1612/1863/1568 1611/1862/1567
f 1612/1863/1568 1610/1864/1569 1524/1865/1399
f 1524/1865/1399 1520/1866/1570 1612/1863/1568
f 1521/1867/1571 1617/1860/1565 1612/1863/1568
f 1520/1866/1570 1521/1867/1571 1612/1863/1568
f 1521/1867/1571 1527/1868/1572 1617/1860/1565
f 1527/1868/1572 1623/1859/1564 1617/1860/1565
f 1527/1868/1572 1508/1858/1563 1623/1859/1564
f 1529/1869/1573 1508/1858/1563 1527/1868/1572
f 1510/1870/1574 1508/1858/1563 1529/1869/1573
f 1508/1858/1563 1510/1870/1574 1509/1857/1562
f 1509/1857/1562 1514/1871/1575 1513/1856/1561
f 1514/1871/1575 1509/1857/1562 1510/1870/1574
f 1514/1871/1575 2027/1872/1576 1513/1856/1561
f 2027/1872/1576 2028/1854/1559 1513/1856/1561
f 2022/1873/1577 2028/1854/1559 2027/1872/1576
f 2028/1854/1559 2022/1873/1577 2023/1874/1578
f 2023/1874/1578 2040/1853/1558 2028/1854/1559
f 2023/1874/1578 2037/1875/1579 2040/1853/1558
f 2040/1853/1558 2037/1875/1579 2064/1851/1556
f 2023/1874/1578 2022/1873/1577 2017/1876/1580
f 2037/1875/1579 2023/1874/1578 2017/1876/1580
f 2034/1877/1581 2037/1875/1579 2017/1876/1580
f 2037/1875/1579 2034/1877/1581 2067/1878/1582
f 2064/1851/1556 2037/1875/1579 2067/1878/1582
f 2067/1878/1582 2082/1852/1557 2064/1851/1556
f 2067/1878/1582 2073/1879/1583 2082/1852/1557
f 2082/1852/1557 2073/1879/1583 2007/1880/1584
f 2067/1878/1582 2034/1877/1581 2070/1881/1585
f 2073/1879/1583 2067/1878/1582 2070/1881/1585
f 2034/1877/1581 2018/1882/1586 2070/1881/1585
f 2017/1876/1580 2018/1882/1586 2034/1877/1581
f 2016/1883/1587 2018/1882/1586 2017/1876/1580
f 2017/1876/1580 2022/1873/1577 2016/1883/1587
f 2016/1883/1587 2012/1884/1588 2018/1882/1586
f 2022/1873/1577 2631/1885/1589 2016/1883/1587
f 2012/1884/1588 2016/1883/1587 2631/1885/1589
f 2022/1873/1577 2632/1886/1590 2631/1885/1589
f 2022/1873/1577 2633/1887/1591 2632/1886/1590
f 2633/1887/1591 2022/1873/1577 2027/1872/1576
f 2633/1887/1591 2027/1872/1576 2634/1888/1592
f 2027/1872/1576 1514/1871/1575 2634/1888/1592
f 1511/1889/1593 1514/1871/1575 1510/1870/1574
f 1514/1871/1575 1511/1889/1593 2634/1888/1592
f 1529/1869/1573 1512/1890/1594 1510/1870/1574
f 1510/1870/1574 1512/1890/1594 1511/1889/1593
f 1529/1869/1573 1522/1891/1595 2495/1892/1596
f 1512/1890/1594 1529/1869/1573 2495/1892/1596
f 1529/1869/1573 1527/1868/1572 1522/1891/1595
f 1522/1891/1595 1527/1868/1572 1521/1867/1571
f 1520/1866/1570 1522/1891/1595 1521/1867/1571
f 1522/1891/1595 1520/1866/1570 1524/1865/1399
f 2494/1893/1597 1522/1891/1595 1524/1865/1399
f 1522/1891/1595 2494/1893/1597 2493/1894/1598
f 2495/1892/1596 1522/1891/1595 2493/1894/1598
f 2494/1893/1597 2504/1895/1599 2493/1894/1598
f 2494/1893/1597 1524/1865/1399 2504/1895/1599
f 2506/1896/1600 2504/1895/1599 1524/1865/1399
f 2504/1895/1599 2506/1896/1600 2505/1897/1601
f 2508/1898/1602 2504/1895/1599 2505/1897/1601
f 2508/1898/1602 2493/1894/1598 2504/1895/1599
f 2495/1892/1596 2493/1894/1598 2508/1898/1602
f 2510/1899/1603 2495/1892/1596 2508/1898/1602
f 1512/1890/1594 2495/1892/1596 2510/1899/1603
f 2512/1900/1604 1512/1890/1594 2510/1899/1603
f 1512/1890/1594 2512/1900/1604 2496/1901/1605
f 2496/1901/1605 1511/1889/1593 1512/1890/1594
f 1511/1889/1593 2496/1901/1605 2516/1902/1606
f 2516/1902/1606 2640/1903/1607 1511/1889/1593
f 2640/1903/1607 2634/1888/1592 1511/1889/1593
f 2639/1904/1608 2634/1888/1592 2640/1903/1607
f 2634/1888/1592 2639/1904/1608 2633/1887/1591
f 2633/1887/1591 2637/1905/1609 2632/1886/1590
f 2639/1904/1608 2638/1906/1610 2633/1887/1591
f 2638/1906/1610 2637/1905/1609 2633/1887/1591
f 2639/1904/1608 2642/1907/1611 2638/1906/1610
f 2639/1904/1608 2640/1903/1607 2642/1907/1611
f 2516/1902/1606 2515/1908/1612 2640/1903/1607
f 2640/1903/1607 2641/1909/1613 2642/1907/1611
f 2515/1908/1612 2641/1909/1613 2640/1903/1607
f 2642/1907/1611 2643/1910/1614 2638/1906/1610
f 2641/1909/1613 2650/1911/1615 2642/1907/1611
f 2650/1911/1615 2643/1910/1614 2642/1907/1611
f 2641/1909/1613 2520/1912/1616 2650/1911/1615
f 2520/1912/1616 2641/1909/1613 2515/1908/1612
f 2515/1908/1612 2519/1913/1410 2520/1912/1616
f 2515/1908/1612 2513/1914/1376 2519/1913/1410
f 2513/1914/1376 2521/1915/1375 2519/1913/1410
f 2515/1908/1612 2514/1916/1617 2513/1914/1376
f 2515/1908/1612 2516/1902/1606 2514/1916/1617
f 2496/1901/1605 2514/1916/1617 2516/1902/1606
f 2512/1900/1604 2514/1916/1617 2496/1901/1605
f 2514/1916/1617 2512/1900/1604 2511/1917/1618
f 2513/1914/1376 2514/1916/1617 2511/1917/1618
f 2512/1900/1604 2509/1918/1378 2511/1917/1618
f 2512/1900/1604 2510/1899/1603 2509/1918/1378
f 2509/1918/1378 2510/1899/1603 2508/1898/1602
f 2507/1919/1619 2509/1918/1378 2508/1898/1602
f 2507/1919/1619 2508/1898/1602 2505/1897/1601
f 2637/1905/1609 2638/1906/1610 2644/1920/1620
f 2638/1906/1610 2643/1910/1614 2644/1920/1620
f 2649/1921/1621 2643/1910/1614 2650/1911/1615
f 2643/1910/1614 2649/1921/1621 2644/1920/1620
f 2637/1905/1609 2644/1920/1620 2645/1922/1622
f 2649/1921/1621 2645/1922/1622 2644/1920/1620
f 2645/1922/1622 2649/1921/1621 2651/1923/1623
f 2651/1923/1623 2646/1924/1624 2645/1922/1622
f 2636/1925/1625 2637/1905/1609 2645/1922/1622
f 2636/1925/1625 2645/1922/1622 2646/1924/1624
f 2636/1925/1625 2632/1886/1590 2637/1905/1609
f 2632/1886/1590 2636/1925/1625 2631/1885/1589
f 2636/1925/1625 2635/1926/1626 2631/1885/1589
f 2635/1926/1626 2636/1925/1625 2646/1924/1624
f 2635/1926/1626 2012/1884/1588 2631/1885/1589
f 2646/1924/1624 2647/1927/1627 2635/1926/1626
f 2647/1927/1627 2012/1884/1588 2635/1926/1626
f 2646/1924/1624 2648/1928/1628 2647/1927/1627
f 2648/1928/1628 2646/1924/1624 2651/1923/1623
f 2648/1928/1628 2651/1923/1623 2630/1929/1629
f 2011/1930/1630 2648/1928/1628 2630/1929/1629
f 2647/1927/1627 2648/1928/1628 2011/1930/1630
f 2012/1884/1588 2647/1927/1627 2011/1930/1630
f 2006/1931/1631 2012/1884/1588 2011/1930/1630
f 2011/1930/1630 2630/1929/1629 2006/1931/1631
f 2012/1884/1588 2006/1931/1631 2018/1882/1586
f 2630/1929/1629 2005/1932/1632 2006/1931/1631
f 2005/1932/1632 2007/1880/1584 2006/1931/1631
f 2007/1880/1584 2008/1933/1633 2006/1931/1631
f 2018/1882/1586 2006/1931/1631 2008/1933/1633
f 2070/1881/1585 2018/1882/1586 2008/1933/1633
f 2073/1879/1583 2070/1881/1585 2008/1933/1633
f 2073/1879/1583 2008/1933/1633 2007/1880/1584
f 1672/1934/1634 1674/1935/1635 1673/1936/1636
f 1673/1936/1636 1674/1935/1635 1681/1937/1637
f 1674/1935/1635 1678/1938/1447 1681/1937/1637
f 1681/1937/1637 1683/1939/1638 1673/1936/1636
f 1683/1939/1638 1681/1937/1637 1684/1940/1639
f 1683/1939/1638 1684/1940/1639 1688/1941/1640
f 1688/1941/1640 1684/1940/1639 1691/1942/1641
f 1684/1940/1639 1692/1943/1642 1691/1942/1641
f 1691/1942/1641 1692/1943/1642 1696/1944/1643
f 1692/1943/1642 1699/1945/1644 1696/1944/1643
f 1699/1945/1644 1692/1943/1642 1700/1946/1645
f 1700/1946/1645 1692/1943/1642 1698/1947/1646
f 1692/1943/1642 1684/1940/1639 1695/1948/1647
f 1692/1943/1642 1695/1948/1647 1698/1947/1646
f 1684/1940/1639 1690/1949/1648 1695/1948/1647
f 1681/1937/1637 1687/1950/1649 1684/1940/1639
f 1684/1940/1639 1687/1950/1649 1690/1949/1648
f 1681/1937/1637 1678/1938/1447 1679/1951/1650
f 1687/1950/1649 1681/1937/1637 1679/1951/1650
f 1678/1938/1447 1680/1952/1448 1679/1951/1650
f 1675/1953/1407 1677/1954/1651 1676/1955/1652
f 1675/1953/1407 1676/1955/1652 1682/1956/1653
f 1686/1957/1654 1682/1956/1653 1676/1955/1652
f 1675/1953/1407 1682/1956/1653 2527/1958/1655
f 2525/1959/1656 2527/1958/1655 2526/1960/1657
f 2526/1960/1657 2527/1958/1655 1682/1956/1653
f 1682/1956/1653 2528/1961/1658 2526/1960/1657
f 1682/1956/1653 1686/1957/1654 1685/1962/1659
f 2528/1961/1658 1682/1956/1653 1685/1962/1659
f 1686/1957/1654 1689/1963/1660 1685/1962/1659
f 1685/1962/1659 1689/1963/1660 1694/1964/1661
f 1693/1965/1662 1685/1962/1659 1694/1964/1661
f 1693/1965/1662 1694/1964/1661 1697/1966/1663
f 1705/1967/1664 1693/1965/1662 1697/1966/1663
f 1705/1967/1664 2532/1968/1665 1693/1965/1662
f 1693/1965/1662 2532/1968/1665 2531/1969/1666
f 2530/1970/1667 1693/1965/1662 2531/1969/1666
f 1685/1962/1659 1693/1965/1662 2530/1970/1667
f 2529/1971/1668 1685/1962/1659 2530/1970/1667
f 2528/1961/1658 1685/1962/1659 2529/1971/1668
f 1701/1972/1669 1703/1973/1670 1702/1974/1645
f 1703/1973/1670 1704/1975/1644 1702/1974/1645
f 1704/1975/1644 1703/1973/1670 1707/1976/1671
f 1706/1977/1643 1704/1975/1644 1707/1976/1671
f 1706/1977/1643 1707/1976/1671 1734/1978/1672
f 1729/1979/1673 1706/1977/1643 1734/1978/1672
f 1737/1980/1674 1729/1979/1673 1734/1978/1672
f 1729/1979/1673 1728/1981/1675 1706/1977/1643
f 1728/1981/1675 1729/1979/1673 1716/1982/1640
f 1729/1979/1673 1718/1983/1676 1716/1982/1640
f 1729/1979/1673 1737/1980/1674 1740/1984/1677
f 1718/1983/1676 1729/1979/1673 1740/1984/1677
f 1718/1983/1676 1740/1984/1677 1743/1985/1678
f 1743/1985/1678 1719/1986/1679 1718/1983/1676
f 1719/1986/1679 1743/1985/1678 1746/1987/1680
f 1719/1986/1679 1746/1987/1680 1749/1988/1681
f 1749/1988/1681 1758/1989/1682 1719/1986/1679
f 1758/1989/1682 1752/1990/1683 1719/1986/1679
f 1718/1983/1676 1719/1986/1679 1717/1991/1638
f 1752/1990/1683 1753/1992/1636 1719/1986/1679
f 1753/1992/1636 1717/1991/1638 1719/1986/1679
f 1716/1982/1640 1718/1983/1676 1717/1991/1638
f 1752/1990/1683 1761/1993/1452 1753/1992/1636
f 1962/1994/1684 1963/1995/1685 1752/1990/1683
f 1752/1990/1683 1963/1995/1685 1761/1993/1452
f 2089/1996/1461 1761/1993/1452 1963/1995/1685
f 1971/1997/1686 2089/1996/1461 1963/1995/1685
f 1977/1998/1687 2089/1996/1461 1971/1997/1686
f 2086/1999/1464 2089/1996/1461 1977/1998/1687
f 1971/1997/1686 1978/2000/1688 1977/1998/1687
f 1963/1995/1685 1972/2001/1689 1971/1997/1686
f 1978/2000/1688 1971/1997/1686 1972/2001/1689
f 1963/1995/1685 1964/2002/1690 1972/2001/1689
f 1962/1994/1684 1964/2002/1690 1963/1995/1685
f 1977/1998/1687 1978/2000/1688 1831/2003/1691
f 1854/2004/1692 1977/1998/1687 1831/2003/1691
f 1854/2004/1692 2086/1999/1464 1977/1998/1687
f 1851/2005/1693 2086/1999/1464 1854/2004/1692
f 2083/2006/1468 2086/1999/1464 1851/2005/1693
f 1854/2004/1692 1832/2007/1694 1851/2005/1693
f 1831/2003/1691 1832/2007/1694 1854/2004/1692
f 1830/2008/1695 1832/2007/1694 1831/2003/1691
f 1842/2009/1696 1841/2010/1697 1830/2008/1695
f 1832/2007/1694 1830/2008/1695 1841/2010/1697
f 1842/2009/1696 1840/2011/1698 1841/2010/1697
f 1839/2012/1699 1841/2010/1697 1840/2011/1698
f 1841/2010/1697 1839/2012/1699 1824/2013/1700
f 1839/2012/1699 1857/2014/1701 1824/2013/1700
f 1857/2014/1701 1858/2015/1702 1824/2013/1700
f 1858/2015/1702 1792/2016/1703 1824/2013/1700
f 1788/2017/1704 1792/2016/1703 1858/2015/1702
f 1827/2018/1705 1788/2017/1704 1858/2015/1702
f 1827/2018/1705 1813/2019/1706 1788/2017/1704
f 1812/2020/1707 1809/2021/1708 1813/2019/1706
f 1813/2019/1706 1785/2022/1709 1788/2017/1704
f 1809/2021/1708 1785/2022/1709 1813/2019/1706
f 1785/2022/1709 1764/2023/1710 1788/2017/1704
f 1782/2024/1711 1764/2023/1710 1785/2022/1709
f 1809/2021/1708 1782/2024/1711 1785/2022/1709
f 1812/2020/1707 1818/2025/1712 1809/2021/1708
f 1809/2021/1708 1821/2026/1713 1782/2024/1711
f 1809/2021/1708 1818/2025/1712 1821/2026/1713
f 1821/2026/1713 1776/2027/1714 1782/2024/1711
f 1776/2027/1714 1764/2023/1710 1782/2024/1711
f 1821/2026/1713 2490/2028/1715 1776/2027/1714
f 1776/2027/1714 1773/2029/1716 1764/2023/1710
f 2490/2028/1715 1773/2029/1716 1776/2027/1714
f 2487/2030/1717 2439/2031/1718 2490/2028/1715
f 2439/2031/1718 1773/2029/1716 2490/2028/1715
f 2487/2030/1717 2445/2032/1719 2439/2031/1718
f 2470/2033/1720 2445/2032/1719 2487/2030/1717
f 2445/2032/1719 2470/2033/1720 2469/2034/1721
f 2445/2032/1719 2469/2034/1721 2440/2035/1722
f 2440/2035/1722 2439/2031/1718 2445/2032/1719
f 2469/2034/1721 2433/2036/1723 2440/2035/1722
f 2439/2031/1718 2440/2035/1722 2433/2036/1723
f 1773/2029/1716 2439/2031/1718 2433/2036/1723
f 2433/2036/1723 1766/2037/1724 1773/2029/1716
f 1764/2023/1710 1773/2029/1716 1766/2037/1724
f 2433/2036/1723 2436/2038/1725 1766/2037/1724
f 2436/2038/1725 2433/2036/1723 2469/2034/1721
f 2475/2039/1726 2436/2038/1725 2469/2034/1721
f 2478/2040/1727 2475/2039/1726 2469/2034/1721
f 2436/2038/1725 1985/2041/1728 1766/2037/1724
f 1985/2041/1728 2436/2038/1725 2475/2039/1726
f 2475/2039/1726 2449/2042/1729 1985/2041/1728
f 2475/2039/1726 2478/2040/1727 2449/2042/1729
f 2478/2040/1727 2484/2043/1730 2449/2042/1729
f 2484/2043/1730 2448/2044/1731 2449/2042/1729
f 2448/2044/1731 1985/2041/1728 2449/2042/1729
f 1985/2041/1728 2448/2044/1731 2450/2045/1732
f 2448/2044/1731 2485/2046/1733 2450/2045/1732
f 2485/2046/1733 2479/2047/1734 2450/2045/1732
f 2479/2047/1734 2476/2048/1735 2450/2045/1732
f 2450/2045/1732 2476/2048/1735 1985/2041/1728
f 2479/2047/1734 2472/2049/1736 2476/2048/1735
f 2476/2048/1735 2437/2050/1737 1985/2041/1728
f 2437/2050/1737 2476/2048/1735 2472/2049/1736
f 2437/2050/1737 1767/2051/1738 1985/2041/1728
f 1983/2052/1739 1766/2037/1724 1985/2041/1728
f 1767/2051/1738 1983/2052/1739 1985/2041/1728
f 1766/2037/1724 1765/2053/1740 1764/2023/1710
f 1766/2037/1724 1983/2052/1739 1765/2053/1740
f 1765/2053/1740 1779/2054/1741 1764/2023/1710
f 1764/2023/1710 1779/2054/1741 1788/2017/1704
f 1779/2054/1741 1791/2055/1742 1788/2017/1704
f 1791/2055/1742 1792/2016/1703 1788/2017/1704
f 1824/2013/1700 1792/2016/1703 1791/2055/1742
f 1804/2056/1743 1824/2013/1700 1791/2055/1742
f 1824/2013/1700 1804/2056/1743 1841/2010/1697
f 1804/2056/1743 1832/2007/1694 1841/2010/1697
f 1804/2056/1743 1851/2005/1693 1832/2007/1694
f 1791/2055/1742 1803/2057/1744 1804/2056/1743
f 1851/2005/1693 1804/2056/1743 1803/2057/1744
f 1791/2055/1742 1800/2058/1745 1803/2057/1744
f 1791/2055/1742 1779/2054/1741 1800/2058/1745
f 1797/2059/1746 1779/2054/1741 1765/2053/1740
f 1779/2054/1741 1797/2059/1746 1800/2058/1745
f 1765/2053/1740 1987/2060/1747 1989/2061/1748
f 1765/2053/1740 1989/2061/1748 1797/2059/1746
f 1765/2053/1740 1983/2052/1739 1987/2060/1747
f 1983/2052/1739 1767/2051/1738 1768/2062/1749
f 1983/2052/1739 1768/2062/1749 1987/2060/1747
f 1987/2060/1747 1990/2063/1750 1989/2061/1748
f 1768/2062/1749 1991/2064/1751 1987/2060/1747
f 1990/2063/1750 1987/2060/1747 1991/2064/1751
f 1994/2065/1488 1990/2063/1750 1991/2064/1751
f 1990/2063/1750 1994/2065/1488 1989/2061/1748
f 1994/2065/1488 1995/2066/1752 1989/2061/1748
f 1995/2066/1752 1797/2059/1746 1989/2061/1748
f 1995/2066/1752 1800/2058/1745 1797/2059/1746
f 1800/2058/1745 1995/2066/1752 2083/2006/1468
f 1800/2058/1745 2083/2006/1468 1803/2057/1744
f 1803/2057/1744 2083/2006/1468 1851/2005/1693
f 1996/2067/1753 1994/2065/1488 1991/2064/1751
f 1798/2068/1728 1996/2067/1753 1991/2064/1751
f 1991/2064/1751 1768/2062/1749 1798/2068/1728
f 1798/2068/1728 1801/2069/1754 1996/2067/1753
f 1768/2062/1749 1780/2070/1755 1798/2068/1728
f 1798/2068/1728 1780/2070/1755 1801/2069/1754
f 1768/2062/1749 1767/2051/1738 1769/2071/1756
f 1769/2071/1756 1780/2070/1755 1768/2062/1749
f 1780/2070/1755 1769/2071/1756 1789/2072/1757
f 1794/2073/1758 1780/2070/1755 1789/2072/1757
f 1780/2070/1755 1794/2073/1758 1801/2069/1754
f 1806/2074/1759 1801/2069/1754 1794/2073/1758
f 2084/2075/1538 1801/2069/1754 1806/2074/1759
f 1996/2067/1753 1801/2069/1754 2084/2075/1538
f 1806/2074/1759 1852/2076/1760 2084/2075/1538
f 2087/2077/1533 2084/2075/1538 1852/2076/1760
f 1806/2074/1759 1805/2078/1761 1852/2076/1760
f 1805/2078/1761 1806/2074/1759 1794/2073/1758
f 1825/2079/1762 1805/2078/1761 1794/2073/1758
f 1793/2080/1763 1825/2079/1762 1794/2073/1758
f 1793/2080/1763 1794/2073/1758 1789/2072/1757
f 1793/2080/1763 1859/2081/1764 1825/2079/1762
f 1793/2080/1763 1789/2072/1757 1859/2081/1764
f 1859/2081/1764 1860/2082/1765 1825/2079/1762
f 1789/2072/1757 1828/2083/1766 1859/2081/1764
f 1814/2084/1767 1828/2083/1766 1789/2072/1757
f 1786/2085/1768 1814/2084/1767 1789/2072/1757
f 1769/2071/1756 1786/2085/1768 1789/2072/1757
f 1786/2085/1768 1810/2086/1769 1814/2084/1767
f 1810/2086/1769 1815/2087/1770 1814/2084/1767
f 1810/2086/1769 1819/2088/1771 1815/2087/1770
f 1819/2088/1771 1810/2086/1769 1822/2089/1772
f 1783/2090/1773 1810/2086/1769 1786/2085/1768
f 1822/2089/1772 1810/2086/1769 1783/2090/1773
f 1786/2085/1768 1769/2071/1756 1783/2090/1773
f 1769/2071/1756 1777/2091/1774 1783/2090/1773
f 1783/2090/1773 1777/2091/1774 1822/2089/1772
f 1769/2071/1756 1767/2051/1738 1774/2092/1775
f 1769/2071/1756 1774/2092/1775 1777/2091/1774
f 1774/2092/1775 2491/2093/1776 1777/2091/1774
f 2491/2093/1776 1822/2089/1772 1777/2091/1774
f 1774/2092/1775 2442/2094/1777 2491/2093/1776
f 2491/2093/1776 2442/2094/1777 2488/2095/1778
f 1774/2092/1775 1767/2051/1738 2434/2096/1779
f 2442/2094/1777 1774/2092/1775 2434/2096/1779
f 1767/2051/1738 2437/2050/1737 2434/2096/1779
f 2434/2096/1779 2437/2050/1737 2472/2049/1736
f 2472/2049/1736 2441/2097/1780 2434/2096/1779
f 2441/2097/1780 2442/2094/1777 2434/2096/1779
f 2442/2094/1777 2441/2097/1780 2446/2098/1781
f 2442/2094/1777 2446/2098/1781 2488/2095/1778
f 2441/2097/1780 2472/2049/1736 2446/2098/1781
f 2446/2098/1781 2471/2099/1782 2488/2095/1778
f 2471/2099/1782 2446/2098/1781 2472/2049/1736
f 1860/2082/1765 1846/2100/1783 1825/2079/1762
f 1845/2101/1784 1846/2100/1783 1844/2102/1785
f 1846/2100/1783 1845/2101/1784 1825/2079/1762
f 1805/2078/1761 1825/2079/1762 1845/2101/1784
f 1833/2103/1786 1805/2078/1761 1845/2101/1784
f 1852/2076/1760 1805/2078/1761 1833/2103/1786
f 1855/2104/1787 1852/2076/1760 1833/2103/1786
f 2087/2077/1533 1852/2076/1760 1855/2104/1787
f 2087/2077/1533 1855/2104/1787 1980/2105/1788
f 2090/2106/1531 2087/2077/1533 1980/2105/1788
f 1855/2104/1787 1834/2107/1789 1980/2105/1788
f 1833/2103/1786 1834/2107/1789 1855/2104/1787
f 1833/2103/1786 1835/2108/1790 1834/2107/1789
f 1835/2108/1790 1833/2103/1786 1845/2101/1784
f 1835/2108/1790 1845/2101/1784 1843/2109/1791
f 1843/2109/1791 1845/2101/1784 1844/2102/1785
f 1979/2110/1792 1980/2105/1788 1834/2107/1789
f 1980/2105/1788 1979/2110/1792 1974/2111/1793
f 2090/2106/1531 1980/2105/1788 1974/2111/1793
f 1979/2110/1792 1973/2112/1794 1974/2111/1793
f 1973/2112/1794 1966/2113/1795 1974/2111/1793
f 2090/2106/1531 1974/2111/1793 1966/2113/1795
f 1762/2114/1651 2090/2106/1531 1966/2113/1795
f 1966/2113/1795 1755/2115/1796 1762/2114/1651
f 1762/2114/1651 1755/2115/1796 1754/2116/1797
f 1721/2117/1654 1754/2116/1797 1720/2118/1798
f 1754/2116/1797 1755/2115/1796 1720/2118/1798
f 1720/2118/1798 1722/2119/1799 1721/2117/1654
f 1722/2119/1799 1723/2120/1660 1721/2117/1654
f 1722/2119/1799 1730/2121/1800 1723/2120/1660
f 1730/2121/1800 1731/2122/1801 1723/2120/1660
f 1711/2123/1663 1731/2122/1801 1730/2121/1800
f 1711/2123/1663 1730/2121/1800 1735/2124/1802
f 1730/2121/1800 1738/2125/1803 1735/2124/1802
f 1730/2121/1800 1722/2119/1799 1741/2126/1804
f 1738/2125/1803 1730/2121/1800 1741/2126/1804
f 1722/2119/1799 1744/2127/1805 1741/2126/1804
f 1720/2118/1798 1744/2127/1805 1722/2119/1799
f 1744/2127/1805 1720/2118/1798 1747/2128/1806
f 1747/2128/1806 1720/2118/1798 1750/2129/1807
f 1755/2115/1796 1759/2130/1808 1720/2118/1798
f 1759/2130/1808 1750/2129/1807 1720/2118/1798
f 1755/2115/1796 1966/2113/1795 1967/2131/1809
f 1965/2132/1810 1967/2131/1809 1966/2113/1795
f 1966/2113/1795 1973/2112/1794 1965/2132/1810
f 1709/2133/1811 1711/2123/1663 1735/2124/1802
f 1710/2134/1812 1711/2123/1663 1709/2133/1811
f 1708/2135/1813 1710/2134/1812 1709/2133/1811
f 1710/2134/1812 1708/2135/1813 2534/2136/1814
f 2533/2137/1665 1710/2134/1812 2534/2136/1814
f 1712/2138/1815 1714/2139/1645 1713/2140/1816
f 1714/2139/1645 1715/2141/1646 1713/2140/1816
f 1713/2140/1816 1715/2141/1646 1736/2142/1817
f 1715/2141/1646 1733/2143/1818 1732/2144/1819
f 1715/2141/1646 1732/2144/1819 1736/2142/1817
f 1732/2144/1819 1739/2145/1820 1736/2142/1817
f 1739/2145/1820 1732/2144/1819 1742/2146/1821
f 1726/2147/1822 1732/2144/1819 1727/2148/1648
f 1732/2144/1819 1726/2147/1822 1742/2146/1821
f 1732/2144/1819 1733/2143/1818 1727/2148/1648
f 1726/2147/1822 1727/2148/1648 1725/2149/1649
f 1724/2150/1823 1726/2147/1822 1725/2149/1649
f 1725/2149/1649 1756/2151/1824 1724/2150/1823
f 1724/2150/1823 1745/2152/1825 1726/2147/1822
f 1742/2146/1821 1726/2147/1822 1745/2152/1825
f 1724/2150/1823 1748/2153/1826 1745/2152/1825
f 1748/2153/1826 1724/2150/1823 1751/2154/1827
f 1760/2155/1828 1751/2154/1827 1724/2150/1823
f 1757/2156/1829 1760/2155/1828 1724/2150/1823
f 1756/2151/1824 1757/2156/1829 1724/2150/1823
f 1763/2157/1448 1757/2156/1829 1756/2151/1824
f 1969/2158/1830 1757/2156/1829 1763/2157/1448
f 1969/2158/1830 1970/2159/1831 1757/2156/1829
f 1763/2157/1448 2091/2160/1832 1969/2158/1830
f 1969/2158/1830 1968/2161/1833 1970/2159/1831
f 1969/2158/1830 1975/2162/1834 1968/2161/1833
f 1975/2162/1834 1969/2158/1830 1976/2163/1835
f 2091/2160/1832 1976/2163/1835 1969/2158/1830
f 1976/2163/1835 1981/2164/1836 1975/2162/1834
f 1982/2165/1837 1981/2164/1836 1976/2163/1835
f 2091/2160/1832 1982/2165/1837 1976/2163/1835
f 2091/2160/1832 2088/2166/1553 1982/2165/1837
f 1981/2164/1836 1982/2165/1837 1837/2167/1838
f 2088/2166/1553 1856/2168/1839 1982/2165/1837
f 1982/2165/1837 1856/2168/1839 1837/2167/1838
f 1836/2169/1840 1838/2170/1841 1837/2167/1838
f 1836/2169/1840 1837/2167/1838 1856/2168/1839
f 1856/2168/1839 1853/2171/1842 1836/2169/1840
f 2088/2166/1553 1853/2171/1842 1856/2168/1839
f 2088/2166/1553 2085/2172/1557 1853/2171/1842
f 1853/2171/1842 1807/2173/1843 1836/2169/1840
f 2085/2172/1557 1808/2174/1844 1853/2171/1842
f 1807/2173/1843 1853/2171/1842 1808/2174/1844
f 2085/2172/1557 1802/2175/1845 1808/2174/1844
f 1997/2176/1846 1802/2175/1845 2085/2172/1557
f 1808/2174/1844 1796/2177/1847 1807/2173/1843
f 1808/2174/1844 1802/2175/1845 1796/2177/1847
f 1796/2177/1847 1826/2178/1848 1807/2173/1843
f 1807/2173/1843 1826/2178/1848 1849/2179/1849
f 1836/2169/1840 1807/2173/1843 1849/2179/1849
f 1838/2170/1841 1836/2169/1840 1849/2179/1849
f 1838/2170/1841 1849/2179/1849 1847/2180/1850
f 1847/2180/1850 1849/2179/1849 1848/2181/1851
f 1849/2179/1849 1850/2182/1699 1848/2181/1851
f 1850/2182/1699 1849/2179/1849 1826/2178/1848
f 1862/2183/1701 1850/2182/1699 1826/2178/1848
f 1861/2184/1852 1862/2183/1701 1826/2178/1848
f 1795/2185/1853 1861/2184/1852 1826/2178/1848
f 1795/2185/1853 1826/2178/1848 1796/2177/1847
f 1795/2185/1853 1796/2177/1847 1790/2186/1854
f 1795/2185/1853 1790/2186/1854 1861/2184/1852
f 1796/2177/1847 1781/2187/1855 1790/2186/1854
f 1781/2187/1855 1796/2177/1847 1802/2175/1845
f 1799/2188/1856 1781/2187/1855 1802/2175/1845
f 1802/2175/1845 1997/2176/1846 1799/2188/1856
f 1997/2176/1846 1998/2189/1632 1993/2190/1857
f 1799/2188/1856 1997/2176/1846 1993/2190/1857
f 1993/2190/1857 1771/2191/1858 1799/2188/1856
f 1781/2187/1855 1799/2188/1856 1771/2191/1858
f 1772/2192/1859 1781/2187/1855 1771/2191/1858
f 1781/2187/1855 1772/2192/1859 1790/2186/1854
f 1772/2192/1859 1787/2193/1860 1790/2186/1854
f 1790/2186/1854 1829/2194/1705 1861/2184/1852
f 1787/2193/1860 1816/2195/1706 1790/2186/1854
f 1816/2195/1706 1829/2194/1705 1790/2186/1854
f 1787/2193/1860 1811/2196/1861 1816/2195/1706
f 1811/2196/1861 1817/2197/1862 1816/2195/1706
f 1811/2196/1861 1820/2198/1863 1817/2197/1862
f 1820/2198/1863 1811/2196/1861 1823/2199/1864
f 1784/2200/1865 1811/2196/1861 1787/2193/1860
f 1823/2199/1864 1811/2196/1861 1784/2200/1865
f 1787/2193/1860 1772/2192/1859 1784/2200/1865
f 1772/2192/1859 1778/2201/1866 1784/2200/1865
f 1784/2200/1865 1778/2201/1866 1823/2199/1864
f 2492/2202/1867 1823/2199/1864 1778/2201/1866
f 1775/2203/1868 2492/2202/1867 1778/2201/1866
f 1772/2192/1859 1775/2203/1868 1778/2201/1866
f 1771/2191/1858 1770/2204/1869 1772/2192/1859
f 1775/2203/1868 1772/2192/1859 1770/2204/1869
f 1771/2191/1858 1984/2205/1870 1770/2204/1869
f 1993/2190/1857 1988/2206/1871 1771/2191/1858
f 1984/2205/1870 1771/2191/1858 1988/2206/1871
f 1993/2190/1857 1992/2207/1872 1988/2206/1871
f 1998/2189/1632 1992/2207/1872 1993/2190/1857
f 1988/2206/1871 1992/2207/1872 2628/2208/1873
f 1992/2207/1872 1998/2189/1632 2628/2208/1873
f 1998/2189/1632 2629/2209/1629 2628/2208/1873
f 2556/2210/1874 2628/2208/1873 2566/2211/1875
f 2629/2209/1629 2566/2211/1875 2628/2208/1873
f 2556/2210/1874 1988/2206/1871 2628/2208/1873
f 2556/2210/1874 1984/2205/1870 1988/2206/1871
f 2557/2212/1876 1984/2205/1870 2556/2210/1874
f 1984/2205/1870 2557/2212/1876 1986/2213/1875
f 1770/2204/1869 1984/2205/1870 1986/2213/1875
f 1986/2213/1875 2438/2214/1877 1770/2204/1869
f 1770/2204/1869 2435/2215/1878 1775/2203/1868
f 2435/2215/1878 1770/2204/1869 2438/2214/1877
f 2435/2215/1878 2444/2216/1879 1775/2203/1868
f 1775/2203/1868 2444/2216/1879 2492/2202/1867
f 2492/2202/1867 2444/2216/1879 2489/2217/1880
f 2444/2216/1879 2447/2218/1881 2489/2217/1880
f 2447/2218/1881 2473/2219/1882 2489/2217/1880
f 2473/2219/1882 2447/2218/1881 2474/2220/1883
f 2444/2216/1879 2443/2221/1884 2447/2218/1881
f 2474/2220/1883 2447/2218/1881 2443/2221/1884
f 2444/2216/1879 2435/2215/1878 2443/2221/1884
f 2474/2220/1883 2443/2221/1884 2435/2215/1878
f 2435/2215/1878 2438/2214/1877 2474/2220/1883
f 2438/2214/1877 2477/2222/1885 2474/2220/1883
f 2438/2214/1877 1986/2213/1875 2477/2222/1885
f 2477/2222/1885 2480/2223/1886 2474/2220/1883
f 1986/2213/1875 2451/2224/1887 2477/2222/1885
f 2480/2223/1886 2477/2222/1885 2451/2224/1887
f 2486/2225/1888 2480/2223/1886 2451/2224/1887
f 2452/2226/1889 2486/2225/1888 2451/2224/1887
f 1986/2213/1875 2452/2226/1889 2451/2224/1887
f 2452/2226/1889 1986/2213/1875 2752/2227/1890
f 2760/2228/1888 2452/2226/1889 2752/2227/1890
f 2759/2229/1891 2760/2228/1888 2752/2227/1890
f 2751/2230/1892 2759/2229/1891 2752/2227/1890
f 2751/2230/1892 2752/2227/1890 1986/2213/1875
f 1986/2213/1875 2753/2231/1893 2751/2230/1892
f 2753/2231/1893 1986/2213/1875 2557/2212/1876
f 2753/2231/1893 2762/2232/1894 2751/2230/1892
f 2759/2229/1891 2751/2230/1892 2762/2232/1894
f 2753/2231/1893 2763/2233/1895 2762/2232/1894
f 2557/2212/1876 2763/2233/1895 2753/2231/1893
f 2556/2210/1874 2555/2234/1896 2557/2212/1876
f 2763/2233/1895 2557/2212/1876 2558/2235/1897
f 2555/2234/1896 2558/2235/1897 2557/2212/1876
f 2763/2233/1895 2764/2236/1898 2762/2232/1894
f 2558/2235/1897 2754/2237/1899 2763/2233/1895
f 2754/2237/1899 2764/2236/1898 2763/2233/1895
f 2764/2236/1898 2754/2237/1899 2756/2238/1900
f 2756/2238/1900 2762/2232/1894 2764/2236/1898
f 2756/2238/1900 2757/2239/1901 2762/2232/1894
f 2757/2239/1901 2756/2238/1900 2755/2240/1902
f 2756/2238/1900 2754/2237/1899 2755/2240/1902
f 2754/2237/1899 2750/2241/1903 2755/2240/1902
f 2754/2237/1899 2558/2235/1897 2750/2241/1903
f 2558/2235/1897 2555/2234/1896 2559/2242/1904
f 2750/2241/1903 2558/2235/1897 2559/2242/1904
f 2574/2243/1905 2750/2241/1903 2559/2242/1904
f 2559/2242/1904 2561/2244/1906 2574/2243/1905
f 2559/2242/1904 2555/2234/1896 2561/2244/1906
f 2561/2244/1906 2570/2245/1907 2574/2243/1905
f 2555/2234/1896 2562/2246/1908 2561/2244/1906
f 2570/2245/1907 2561/2244/1906 2562/2246/1908
f 2555/2234/1896 2563/2247/1909 2562/2246/1908
f 2556/2210/1874 2560/2248/1910 2555/2234/1896
f 2555/2234/1896 2560/2248/1910 2563/2247/1909
f 2556/2210/1874 2566/2211/1875 2560/2248/1910
f 2560/2248/1910 2564/2249/1911 2563/2247/1909
f 2566/2211/1875 2567/2250/1912 2560/2248/1910
f 2564/2249/1911 2560/2248/1910 2567/2250/1912
f 2566/2211/1875 2629/2209/1629 2567/2250/1912
f 2567/2250/1912 2629/2209/1629 2652/2251/1623
f 2567/2250/1912 2652/2251/1623 2568/2252/1913
f 2567/2250/1912 2568/2252/1913 2564/2249/1911
f 2652/2251/1623 2584/2253/1914 2568/2252/1913
f 2568/2252/1913 2569/2254/1915 2564/2249/1911
f 2584/2253/1914 2569/2254/1915 2568/2252/1913
f 2564/2249/1911 2565/2255/1916 2563/2247/1909
f 2569/2254/1915 2575/2256/1917 2564/2249/1911
f 2575/2256/1917 2565/2255/1916 2564/2249/1911
f 2587/2257/1764 2565/2255/1916 2575/2256/1917
f 2563/2247/1909 2565/2255/1916 2587/2257/1764
f 2576/2258/1766 2563/2247/1909 2587/2257/1764
f 2576/2258/1766 2572/2259/1767 2563/2247/1909
f 2572/2259/1767 2562/2246/1908 2563/2247/1909
f 2570/2245/1907 2562/2246/1908 2572/2259/1767
f 2571/2260/1918 2570/2245/1907 2572/2259/1767
f 2573/2261/1919 2570/2245/1907 2571/2260/1918
f 2570/2245/1907 2573/2261/1919 2574/2243/1905
f 2652/2251/1623 2653/2262/1621 2584/2253/1914
f 2569/2254/1915 2584/2253/1914 2579/2263/1920
f 2653/2262/1621 2585/2264/1921 2584/2253/1914
f 2584/2253/1914 2585/2264/1921 2579/2263/1920
f 2653/2262/1621 2626/2265/1922 2585/2264/1921
f 2653/2262/1621 2654/2266/1615 2626/2265/1922
f 2585/2264/1921 2626/2265/1922 2578/2267/1923
f 2578/2267/1923 2579/2263/1920 2585/2264/1921
f 2626/2265/1922 2627/2268/1924 2578/2267/1923
f 2578/2267/1923 2577/2269/1925 2579/2263/1920
f 2579/2263/1920 2577/2269/1925 2582/2270/1926
f 2569/2254/1915 2579/2263/1920 2582/2270/1926
f 2575/2256/1917 2569/2254/1915 2582/2270/1926
f 2582/2270/1926 2580/2271/1927 2575/2256/1917
f 2586/2272/1765 2587/2257/1764 2575/2256/1917
f 2580/2271/1927 2586/2272/1765 2575/2256/1917
f 2580/2271/1927 2582/2270/1926 2581/2273/1785
f 2582/2270/1926 2583/2274/1928 2581/2273/1785
f 2582/2270/1926 2577/2269/1925 2583/2274/1928
f 2627/2268/1924 2626/2265/1922 2624/2275/1929
f 2626/2265/1922 2654/2266/1615 2624/2275/1929
f 2627/2268/1924 2624/2275/1929 2625/2276/1930
f 2654/2266/1615 2622/2277/1931 2624/2275/1929
f 2622/2277/1931 2625/2276/1930 2624/2275/1929
f 2654/2266/1615 2554/2278/1616 2622/2277/1931
f 2625/2276/1930 2622/2277/1931 2623/2279/1932
f 2621/2280/1933 2623/2279/1932 2622/2277/1931
f 2621/2280/1933 2622/2277/1931 2551/2281/1934
f 2551/2281/1934 2622/2277/1931 2554/2278/1616
f 2551/2281/1934 2554/2278/1616 2552/2282/1935
f 2551/2281/1934 2552/2282/1935 2542/2283/1936
f 2552/2282/1935 2540/2284/1937 2542/2283/1936
f 2542/2283/1936 2553/2285/1938 2551/2281/1934
f 2550/2286/1939 2553/2285/1938 2542/2283/1936
f 2542/2283/1936 2549/2287/1940 2550/2286/1939
f 2542/2283/1936 2548/2288/1941 2549/2287/1940
f 2540/2284/1937 2541/2289/1942 2542/2283/1936
f 2548/2288/1941 2542/2283/1936 2541/2289/1942
f 2540/2284/1937 2539/2290/1943 2541/2289/1942
f 2543/2291/1667 2544/2292/1944 2539/2290/1943
f 2544/2292/1944 2541/2289/1942 2539/2290/1943
f 2543/2291/1667 2535/2293/1945 2544/2292/1944
f 2541/2289/1942 2544/2292/1944 2547/2294/1946
f 2541/2289/1942 2547/2294/1946 2548/2288/1941
f 2544/2292/1944 2546/2295/1947 2547/2294/1946
f 2546/2295/1947 2544/2292/1944 2545/2296/1948
f 2544/2292/1944 2535/2293/1945 2545/2296/1948
f 2535/2293/1945 2536/2297/1949 2545/2296/1948
f 2535/2293/1945 2537/2298/1665 2536/2297/1949
f 2537/2298/1665 2538/2299/1814 2536/2297/1949
f 1863/2300/1950 1865/2301/1951 1864/2302/1952
f 1881/2303/1953 1865/2301/1951 1863/2300/1950
f 1865/2301/1951 1881/2303/1953 1872/2304/1954
f 1863/2300/1950 1596/2305/1955 1645/2306/1956
f 1645/2306/1956 1881/2303/1953 1863/2300/1950
f 1881/2303/1953 1645/2306/1956 1874/2307/1957
f 1874/2307/1957 1872/2304/1954 1881/2303/1953
f 1872/2304/1954 1874/2307/1957 1873/2308/1698
f 1645/2306/1956 1646/2309/1958 1874/2307/1957
f 1645/2306/1956 1647/2310/1959 1646/2309/1958
f 1647/2310/1959 1645/2306/1956 1596/2305/1955
f 1647/2310/1959 1878/2311/1957 1646/2309/1958
f 1647/2310/1959 1883/2312/1960 1878/2311/1957
f 1878/2311/1957 1880/2313/1850 1879/2314/1698
f 1880/2313/1850 1878/2311/1957 1883/2312/1960
f 1883/2312/1960 1869/2315/1961 1880/2313/1850
f 1869/2315/1961 1883/2312/1960 1871/2316/1962
f 1883/2312/1960 1647/2310/1959 1871/2316/1962
f 1647/2310/1959 1601/2317/1963 1871/2316/1962
f 1601/2317/1963 1647/2310/1959 1596/2305/1955
f 1871/2316/1962 1870/2318/1838 1869/2315/1961
f 1595/2319/1964 1597/2320/1965 1596/2305/1955
f 1595/2319/1964 1596/2305/1955 1952/2321/1966
f 1597/2320/1965 1601/2317/1963 1596/2305/1955
f 1952/2321/1966 1956/2322/1688 1595/2319/1964
f 1956/2322/1688 1952/2321/1966 1959/2323/1691
f 1956/2322/1688 1953/2324/1967 1595/2319/1964
f 1597/2320/1965 1595/2319/1964 1598/2325/1968
f 1953/2324/1967 1598/2325/1968 1595/2319/1964
f 1598/2325/1968 1953/2324/1967 1946/2326/1969
f 1946/2326/1969 1910/2327/1970 1598/2325/1968
f 1943/2328/1684 1910/2327/1970 1946/2326/1969
f 1943/2328/1684 1940/2329/1971 1910/2327/1970
f 1910/2327/1970 1940/2329/1971 1937/2330/1972
f 1907/2331/1973 1910/2327/1970 1937/2330/1972
f 1934/2332/1974 1907/2331/1973 1937/2330/1972
f 1907/2331/1973 1934/2332/1974 1931/2333/1680
f 1928/2334/1678 1907/2331/1973 1931/2333/1680
f 1925/2335/1677 1904/2336/1975 1928/2334/1678
f 1907/2331/1973 1928/2334/1678 1904/2336/1975
f 1904/2336/1975 1886/2337/1976 1907/2331/1973
f 1887/2338/1977 1910/2327/1970 1907/2331/1973
f 1886/2337/1976 1887/2338/1977 1907/2331/1973
f 1910/2327/1970 1887/2338/1977 1598/2325/1968
f 1887/2338/1977 1888/2339/1978 1598/2325/1968
f 1598/2325/1968 1888/2339/1978 1597/2320/1965
f 1887/2338/1977 1886/2337/1976 1888/2339/1978
f 1597/2320/1965 1600/2340/1979 1601/2317/1963
f 1888/2339/1978 1884/2341/1980 1597/2320/1965
f 1597/2320/1965 1884/2341/1980 1600/2340/1979
f 1888/2339/1978 1885/2342/1981 1884/2341/1980
f 1884/2341/1980 1885/2342/1981 1600/2340/1979
f 1888/2339/1978 1892/2343/1982 1885/2342/1981
f 1885/2342/1981 1892/2343/1982 1600/2340/1979
f 1888/2339/1978 1894/2344/1983 1892/2343/1982
f 1888/2339/1978 1886/2337/1976 1894/2344/1983
f 1894/2344/1983 1886/2337/1976 1896/2345/1984
f 1886/2337/1976 1904/2336/1975 1896/2345/1984
f 1904/2336/1975 1899/2346/1985 1896/2345/1984
f 1925/2335/1677 1899/2346/1985 1904/2336/1975
f 1899/2346/1985 1925/2335/1677 1922/2347/1986
f 1922/2347/1986 1915/2348/1672 1899/2346/1985
f 1898/2349/1987 1896/2345/1984 1899/2346/1985
f 1915/2348/1672 1898/2349/1987 1899/2346/1985
f 1896/2345/1984 1895/2350/1988 1894/2344/1983
f 1895/2350/1988 1896/2345/1984 1898/2349/1987
f 1895/2350/1988 1906/2351/1989 1894/2344/1983
f 1892/2343/1982 1894/2344/1983 1893/2352/1990
f 1906/2351/1989 1909/2353/1991 1894/2344/1983
f 1893/2352/1990 1894/2344/1983 1909/2353/1991
f 1912/2354/1992 1893/2352/1990 1909/2353/1991
f 1893/2352/1990 1912/2354/1992 1950/2355/1993
f 1892/2343/1982 1893/2352/1990 1950/2355/1993
f 1892/2343/1982 1950/2355/1993 1600/2340/1979
f 1599/2356/1994 1601/2317/1963 1600/2340/1979
f 1599/2356/1994 1600/2340/1979 1950/2355/1993
f 1599/2356/1994 1644/2357/1995 1601/2317/1963
f 1958/2358/1836 1644/2357/1995 1599/2356/1994
f 1644/2357/1995 1958/2358/1836 1961/2359/1838
f 1599/2356/1994 1955/2360/1834 1958/2358/1836
f 1950/2355/1993 1955/2360/1834 1599/2356/1994
f 1912/2354/1992 1948/2361/1833 1950/2355/1993
f 1955/2360/1834 1950/2355/1993 1948/2361/1833
f 1912/2354/1992 1945/2362/1996 1948/2361/1833
f 1942/2363/1829 1945/2362/1996 1912/2354/1992
f 1942/2363/1829 1912/2354/1992 1939/2364/1828
f 1912/2354/1992 1909/2353/1991 1939/2364/1828
f 1909/2353/1991 1936/2365/1827 1939/2364/1828
f 1936/2365/1827 1909/2353/1991 1933/2366/1997
f 1930/2367/1825 1909/2353/1991 1906/2351/1989
f 1909/2353/1991 1930/2367/1825 1933/2366/1997
f 1906/2351/1989 1927/2368/1998 1930/2367/1825
f 1895/2350/1988 1903/2369/1999 1906/2351/1989
f 1903/2369/1999 1927/2368/1998 1906/2351/1989
f 1895/2350/1988 1897/2370/2000 1903/2369/1999
f 1897/2370/2000 1895/2350/1988 1898/2349/1987
f 1897/2370/2000 1898/2349/1987 1913/2371/1815
f 1921/2372/1817 1897/2370/2000 1913/2371/1815
f 1897/2370/2000 1921/2372/1817 1903/2369/1999
f 1921/2372/1817 1924/2373/1820 1903/2369/1999
f 1927/2368/1998 1903/2369/1999 1924/2373/1820
f 1921/2372/1817 1913/2371/1815 1920/2374/2001
f 1898/2349/1987 1914/2375/2002 1913/2371/1815
f 1898/2349/1987 1915/2348/1672 1914/2375/2002
f 1915/2348/1672 1916/2376/2003 1914/2375/2002
f 1866/2377/2004 1868/2378/2005 1867/2379/2006
f 1866/2377/2004 1882/2380/2007 1868/2378/2005
f 1882/2380/2007 1866/2377/2004 1877/2381/1791
f 1882/2380/2007 1590/2382/2008 1868/2378/2005
f 1590/2382/2008 1592/2383/2009 1868/2378/2005
f 1882/2380/2007 1875/2384/2010 1590/2382/2008
f 1877/2381/1791 1875/2384/2010 1882/2380/2007
f 1875/2384/2010 1877/2381/1791 1876/2385/1785
f 1589/2386/2011 1590/2382/2008 1875/2384/2010
f 1588/2387/2012 1590/2382/2008 1589/2386/2011
f 1590/2382/2008 1588/2387/2012 1591/2388/2013
f 1592/2383/2009 1590/2382/2008 1591/2388/2013
f 1588/2387/2012 2588/2389/2014 1591/2388/2013
f 2593/2390/2010 2594/2391/2015 1588/2387/2012
f 1588/2387/2012 2594/2391/2015 2588/2389/2014
f 1588/2387/2012 1589/2386/2011 2593/2390/2010
f 2593/2390/2010 2591/2392/1928 2594/2391/2015
f 2591/2392/1928 2593/2390/2010 2592/2393/2016
f 2591/2392/1928 2590/2394/1925 2594/2391/2015
f 2594/2391/2015 2590/2394/1925 2588/2389/2014
f 2588/2389/2014 2590/2394/1925 2589/2395/2017
f 1591/2388/2013 1593/2396/2018 1592/2383/2009
f 2617/2397/2019 1651/2398/2020 1591/2388/2013
f 1591/2388/2013 1651/2398/2020 1593/2396/2018
f 2617/2397/2019 2619/2399/2021 1651/2398/2020
f 2619/2399/2021 2617/2397/2019 2620/2400/1923
f 2619/2399/2021 2618/2401/1930 1651/2398/2020
f 1593/2396/2018 1651/2398/2020 1650/2402/2022
f 2618/2401/1930 1650/2402/2022 1651/2398/2020
f 1650/2402/2022 2618/2401/1930 2616/2403/2023
f 2616/2403/2023 2604/2404/2024 1650/2402/2022
f 2615/2405/2025 2604/2404/2024 2616/2403/2023
f 2615/2405/2025 2614/2406/2026 2604/2404/2024
f 2604/2404/2024 2614/2406/2026 2613/2407/1938
f 2603/2408/2027 2604/2404/2024 2613/2407/1938
f 2612/2409/1939 2603/2408/2027 2613/2407/1938
f 2603/2408/2027 2612/2409/1939 2611/2410/1940
f 2610/2411/2028 2603/2408/2027 2611/2410/1940
f 2609/2412/1946 2602/2413/2029 2610/2411/2028
f 2603/2408/2027 2610/2411/2028 2602/2413/2029
f 2602/2413/2029 2596/2414/2030 2603/2408/2027
f 2597/2415/2031 2604/2404/2024 2603/2408/2027
f 2596/2414/2030 2597/2415/2031 2603/2408/2027
f 2604/2404/2024 2597/2415/2031 1650/2402/2022
f 2597/2415/2031 2598/2416/2032 1650/2402/2022
f 1650/2402/2022 2598/2416/2032 1593/2396/2018
f 2597/2415/2031 2596/2414/2030 2598/2416/2032
f 2596/2414/2030 1891/2417/2033 2598/2416/2032
f 2596/2414/2030 2602/2413/2029 2599/2418/2034
f 1891/2417/2033 2596/2414/2030 2599/2418/2034
f 2602/2413/2029 2601/2419/2035 2599/2418/2034
f 2609/2412/1946 2601/2419/2035 2602/2413/2029
f 2601/2419/2035 2609/2412/1946 2608/2420/1947
f 2608/2420/1947 2606/2421/1948 2601/2419/2035
f 2600/2422/2036 2599/2418/2034 2601/2419/2035
f 2606/2421/1948 2600/2422/2036 2601/2419/2035
f 2599/2418/2034 1900/2423/2037 1891/2417/2033
f 1900/2423/2037 2599/2418/2034 2600/2422/2036
f 1900/2423/2037 1905/2424/2038 1891/2417/2033
f 1900/2423/2037 1902/2425/2039 1901/2426/2040
f 1901/2426/2040 1905/2424/2038 1900/2423/2037
f 1902/2425/2039 1900/2423/2037 2600/2422/2036
f 1918/2427/2041 1902/2425/2039 2600/2422/2036
f 2605/2428/2042 1918/2427/2041 2600/2422/2036
f 2600/2422/2036 2606/2421/1948 2605/2428/2042
f 2606/2421/1948 2607/2429/2043 2605/2428/2042
f 1919/2430/2044 1902/2425/2039 1918/2427/2041
f 1902/2425/2039 1919/2430/2044 1901/2426/2040
f 1918/2427/2041 1917/2431/1811 1919/2430/2044
f 1919/2430/2044 1923/2432/2045 1901/2426/2040
f 1926/2433/1804 1901/2426/2040 1923/2432/2045
f 1901/2426/2040 1926/2433/1804 1905/2424/2038
f 1905/2424/2038 1926/2433/1804 1929/2434/1805
f 1929/2434/1805 1908/2435/2046 1905/2424/2038
f 1891/2417/2033 1905/2424/2038 1908/2435/2046
f 1929/2434/1805 1932/2436/2047 1908/2435/2046
f 1935/2437/2048 1908/2435/2046 1932/2436/2047
f 1908/2435/2046 1935/2437/2048 1938/2438/2049
f 1911/2439/2050 1908/2435/2046 1938/2438/2049
f 1941/2440/2051 1911/2439/2050 1938/2438/2049
f 1941/2440/2051 1944/2441/1809 1911/2439/2050
f 1911/2439/2050 1944/2441/1809 1947/2442/1810
f 1911/2439/2050 1947/2442/1810 1949/2443/2052
f 1954/2444/2053 1949/2443/2052 1947/2442/1810
f 1911/2439/2050 1890/2445/2054 1908/2435/2046
f 1890/2445/2054 1911/2439/2050 1949/2443/2052
f 1890/2445/2054 1891/2417/2033 1908/2435/2046
f 1889/2446/2055 1891/2417/2033 1890/2445/2054
f 1889/2446/2055 1890/2445/2054 1949/2443/2052
f 1889/2446/2055 2598/2416/2032 1891/2417/2033
f 1594/2447/2056 1951/2448/2057 1889/2446/2055
f 2598/2416/2032 1889/2446/2055 1951/2448/2057
f 1889/2446/2055 1949/2443/2052 1594/2447/2056
f 1648/2449/2058 1594/2447/2056 1949/2443/2052
f 1949/2443/2052 1954/2444/2053 1648/2449/2058
f 1648/2449/2058 1954/2444/2053 1957/2450/2059
f 1957/2450/2059 1649/2451/2005 1648/2449/2058
f 1649/2451/2005 1957/2450/2059 1960/2452/2060
f 1649/2451/2005 1592/2383/2009 1648/2449/2058
f 1648/2449/2058 1592/2383/2009 1594/2447/2056
f 1593/2396/2018 1594/2447/2056 1592/2383/2009
f 1593/2396/2018 2595/2453/2061 1594/2447/2056
f 2595/2453/2061 1951/2448/2057 1594/2447/2056
f 2595/2453/2061 2598/2416/2032 1951/2448/2057
f 2598/2416/2032 2595/2453/2061 1593/2396/2018
f 2427/2454/1888 2428/2455/2062 1503/2456/1886
f 2428/2455/2062 2432/2457/2063 1502/2458/2064
f 1502/2458/2064 1503/2456/1886 2428/2455/2062
f 2432/2457/2063 2417/2459/2065 1502/2458/2064
f 1502/2458/2064 1504/2460/1882 1503/2456/1886
f 1503/2456/1886 1504/2460/1882 2483/2461/2066
f 1502/2458/2064 2280/2462/2067 1504/2460/1882
f 2460/2463/1880 1504/2460/1882 2283/2464/2068
f 1504/2460/1882 2280/2462/2067 2283/2464/2068
f 2460/2463/1880 2283/2464/2068 2265/2465/2069
f 2280/2462/2067 2259/2466/2070 2283/2464/2068
f 2259/2466/2070 2265/2465/2069 2283/2464/2068
f 2280/2462/2067 2270/2467/2071 2259/2466/2070
f 2270/2467/2071 2280/2462/2067 1502/2458/2064
f 2277/2468/2072 2270/2467/2071 1502/2458/2064
f 1502/2458/2064 2417/2459/2065 2277/2468/2072
f 2417/2459/2065 2414/2469/2073 2277/2468/2072
f 2414/2469/2073 2408/2470/2074 2277/2468/2072
f 2277/2468/2072 2294/2471/2075 2276/2472/2076
f 2408/2470/2074 2294/2471/2075 2277/2468/2072
f 2276/2472/2076 2270/2467/2071 2277/2468/2072
f 2270/2467/2071 2276/2472/2076 2271/2473/2077
f 2270/2467/2071 2271/2473/2077 2259/2466/2070
f 2276/2472/2076 2294/2471/2075 2291/2474/2078
f 2291/2474/2078 2271/2473/2077 2276/2472/2076
f 2262/2475/2079 2271/2473/2077 2291/2474/2078
f 2271/2473/2077 2262/2475/2079 2259/2466/2070
f 2256/2476/2080 2250/2477/2081 2259/2466/2070
f 2256/2476/2080 2259/2466/2070 2262/2475/2079
f 2250/2477/2081 2265/2465/2069 2259/2466/2070
f 2262/2475/2079 2291/2474/2078 2290/2478/2082
f 2256/2476/2080 2262/2475/2079 2290/2478/2082
f 2291/2474/2078 2309/2479/2083 2290/2478/2082
f 2294/2471/2075 2306/2480/2084 2291/2474/2078
f 2306/2480/2084 2309/2479/2083 2291/2474/2078
f 2294/2471/2075 2301/2481/2085 2306/2480/2084
f 2294/2471/2075 2302/2482/2086 2301/2481/2085
f 2294/2471/2075 2408/2470/2074 2302/2482/2086
f 2405/2483/2087 2302/2482/2086 2408/2470/2074
f 2303/2484/2088 2302/2482/2086 2405/2483/2087
f 2302/2482/2086 2303/2484/2088 2301/2481/2085
f 2405/2483/2087 2399/2485/2089 2303/2484/2088
f 2301/2481/2085 2303/2484/2088 2331/2486/2090
f 2331/2486/2090 2303/2484/2088 2399/2485/2089
f 2356/2487/2091 2331/2486/2090 2399/2485/2089
f 2356/2487/2091 2353/2488/2092 2331/2486/2090
f 2301/2481/2085 2331/2486/2090 2334/2489/2093
f 2353/2488/2092 2334/2489/2093 2331/2486/2090
f 2301/2481/2085 2328/2490/2094 2306/2480/2084
f 2334/2489/2093 2328/2490/2094 2301/2481/2085
f 2328/2490/2094 2323/2491/2095 2306/2480/2084
f 2323/2491/2095 2309/2479/2083 2306/2480/2084
f 2309/2479/2083 2323/2491/2095 2316/2492/2096
f 2290/2478/2082 2309/2479/2083 2316/2492/2096
f 2290/2478/2082 2316/2492/2096 2312/2493/2097
f 2312/2493/2097 2310/2494/2098 2290/2478/2082
f 2256/2476/2080 2290/2478/2082 2310/2494/2098
f 2310/2494/2098 2252/2495/2099 2256/2476/2080
f 2252/2495/2099 2250/2477/2081 2256/2476/2080
f 2310/2494/2098 2251/2496/2100 2252/2495/2099
f 2250/2477/2081 2252/2495/2099 2251/2496/2100
f 2310/2494/2098 2287/2497/2101 2251/2496/2100
f 2310/2494/2098 2312/2493/2097 2287/2497/2101
f 2317/2498/2102 2314/2499/2103 2312/2493/2097
f 2314/2499/2103 2287/2497/2101 2312/2493/2097
f 2312/2493/2097 2316/2492/2096 2317/2498/2102
f 2323/2491/2095 2319/2500/2104 2316/2492/2096
f 2316/2492/2096 2319/2500/2104 2317/2498/2102
f 2319/2500/2104 2314/2499/2103 2317/2498/2102
f 2319/2500/2104 2320/2501/2105 2314/2499/2103
f 2307/2502/2106 2287/2497/2101 2314/2499/2103
f 2320/2501/2105 2307/2502/2106 2314/2499/2103
f 2287/2497/2101 2286/2503/2107 2260/2504/2108
f 2287/2497/2101 2307/2502/2106 2286/2503/2107
f 2260/2504/2108 2251/2496/2100 2287/2497/2101
f 2307/2502/2106 2304/2505/2109 2286/2503/2107
f 2307/2502/2106 2320/2501/2105 2304/2505/2109
f 2286/2503/2107 2304/2505/2109 2292/2506/2110
f 2320/2501/2105 2326/2507/2111 2304/2505/2109
f 2304/2505/2109 2296/2508/2112 2292/2506/2110
f 2326/2507/2111 2296/2508/2112 2304/2505/2109
f 2326/2507/2111 2332/2509/2113 2296/2508/2112
f 2320/2501/2105 2335/2510/2114 2326/2507/2111
f 2332/2509/2113 2326/2507/2111 2335/2510/2114
f 2320/2501/2105 2338/2511/2115 2335/2510/2114
f 2319/2500/2104 2324/2512/2116 2320/2501/2105
f 2338/2511/2115 2320/2501/2105 2324/2512/2116
f 2319/2500/2104 2323/2491/2095 2324/2512/2116
f 2328/2490/2094 2337/2513/2117 2323/2491/2095
f 2323/2491/2095 2340/2514/2118 2324/2512/2116
f 2337/2513/2117 2340/2514/2118 2323/2491/2095
f 2324/2512/2116 2341/2515/2119 2338/2511/2115
f 2340/2514/2118 2341/2515/2119 2324/2512/2116
f 2341/2515/2119 2343/2516/2120 2338/2511/2115
f 2343/2516/2120 2341/2515/2119 2340/2514/2118
f 2343/2516/2120 2344/2517/2121 2338/2511/2115
f 2338/2511/2115 2344/2517/2121 2348/2518/2122
f 2335/2510/2114 2338/2511/2115 2348/2518/2122
f 2335/2510/2114 2348/2518/2122 2351/2519/2123
f 2332/2509/2113 2335/2510/2114 2351/2519/2123
f 2332/2509/2113 2351/2519/2123 2329/2520/2124
f 2329/2520/2124 2296/2508/2112 2332/2509/2113
f 2351/2519/2123 2354/2521/2125 2329/2520/2124
f 2329/2520/2124 2354/2521/2125 2397/2522/2126
f 2295/2523/2127 2329/2520/2124 2397/2522/2126
f 2295/2523/2127 2296/2508/2112 2329/2520/2124
f 2295/2523/2127 2297/2524/2128 2296/2508/2112
f 2297/2524/2128 2292/2506/2110 2296/2508/2112
f 2295/2523/2127 2403/2525/2129 2297/2524/2128
f 2295/2523/2127 2397/2522/2126 2403/2525/2129
f 2297/2524/2128 2403/2525/2129 2406/2526/2130
f 2406/2526/2130 2292/2506/2110 2297/2524/2128
f 2286/2503/2107 2292/2506/2110 2273/2527/2131
f 2292/2506/2110 2406/2526/2130 2272/2528/2132
f 2292/2506/2110 2272/2528/2132 2273/2527/2131
f 2406/2526/2130 2412/2529/2133 2272/2528/2132
f 2412/2529/2133 2415/2530/2134 2272/2528/2132
f 2415/2530/2134 1498/2531/2135 2272/2528/2132
f 2415/2530/2134 2430/2532/2136 1498/2531/2135
f 1498/2531/2135 2267/2533/2137 2272/2528/2132
f 2267/2533/2137 2273/2527/2131 2272/2528/2132
f 2273/2527/2131 2267/2533/2137 2266/2534/2138
f 2266/2534/2138 2286/2503/2107 2273/2527/2131
f 2266/2534/2138 2260/2504/2108 2286/2503/2107
f 2260/2504/2108 2266/2534/2138 2257/2535/2139
f 2266/2534/2138 2267/2533/2137 2257/2535/2139
f 2257/2535/2139 2251/2496/2100 2260/2504/2108
f 2250/2477/2081 2251/2496/2100 2257/2535/2139
f 2257/2535/2139 2263/2536/2140 2250/2477/2081
f 2263/2536/2140 2257/2535/2139 2281/2537/2141
f 2278/2538/2142 2281/2537/2141 2257/2535/2139
f 2267/2533/2137 2278/2538/2142 2257/2535/2139
f 2278/2538/2142 2267/2533/2137 1498/2531/2135
f 1496/2539/1720 2278/2538/2142 1498/2531/2135
f 2278/2538/2142 1496/2539/1720 2281/2537/2141
f 2281/2537/2141 2454/2540/2143 2263/2536/2140
f 1496/2539/1720 2454/2540/2143 2281/2537/2141
f 2454/2540/2143 2455/2541/2144 2263/2536/2140
f 2453/2542/2145 2455/2541/2144 2454/2540/2143
f 2263/2536/2140 2284/2543/1653 2250/2477/2081
f 2284/2543/1653 2263/2536/2140 2455/2541/2144
f 2284/2543/1653 2265/2465/2069 2250/2477/2081
f 2265/2465/2069 2284/2543/1653 2459/2544/2146
f 2459/2544/2146 2460/2463/1880 2265/2465/2069
f 2459/2544/2146 2461/2545/2147 2460/2463/1880
f 2461/2545/2147 2459/2544/2146 2464/2546/1864
f 2464/2546/1864 2459/2544/2146 2465/2547/2148
f 2284/2543/1653 2465/2547/2148 2459/2544/2146
f 2465/2547/2148 2284/2543/1653 2455/2541/2144
f 2455/2541/2144 2462/2548/1713 2465/2547/2148
f 2455/2541/2144 2453/2542/2145 2462/2548/1713
f 2462/2548/1713 2466/2549/1863 2465/2547/2148
f 2466/2549/1863 2464/2546/1864 2465/2547/2148
f 1496/2539/1720 1498/2531/2135 1497/2550/1727
f 1496/2539/1720 1497/2550/1727 2481/2551/2149
f 1498/2531/2135 2361/2552/2150 1497/2550/1727
f 2361/2552/2150 2362/2553/2151 1497/2550/1727
f 1498/2531/2135 2430/2532/2136 2361/2552/2150
f 2361/2552/2150 2430/2532/2136 2429/2554/2152
f 2363/2555/2153 2361/2552/2150 2429/2554/2152
f 2363/2555/2153 2362/2553/2151 2361/2552/2150
f 2362/2553/2151 2363/2555/2153 1500/2556/1734
f 2363/2555/2153 2429/2554/2152 1499/2557/2154
f 1499/2557/2154 1500/2556/1734 2363/2555/2153
f 2429/2554/2152 2416/2558/2155 1499/2557/2154
f 1499/2557/2154 1501/2559/1782 1500/2556/1734
f 1500/2556/1734 1501/2559/1782 2482/2560/1736
f 1499/2557/2154 2279/2561/2156 1501/2559/1782
f 2457/2562/1778 1501/2559/1782 2282/2563/2157
f 1501/2559/1782 2279/2561/2156 2282/2563/2157
f 2457/2562/1778 2282/2563/2157 2264/2564/2158
f 2279/2561/2156 2258/2565/2159 2282/2563/2157
f 2258/2565/2159 2264/2564/2158 2282/2563/2157
f 2279/2561/2156 2268/2566/2160 2258/2565/2159
f 2268/2566/2160 2279/2561/2156 1499/2557/2154
f 2275/2567/2161 2268/2566/2160 1499/2557/2154
f 1499/2557/2154 2416/2558/2155 2275/2567/2161
f 2416/2558/2155 2413/2568/2162 2275/2567/2161
f 2413/2568/2162 2407/2569/2163 2275/2567/2161
f 2275/2567/2161 2293/2570/2164 2274/2571/2165
f 2407/2569/2163 2293/2570/2164 2275/2567/2161
f 2274/2571/2165 2268/2566/2160 2275/2567/2161
f 2268/2566/2160 2274/2571/2165 2269/2572/2166
f 2268/2566/2160 2269/2572/2166 2258/2565/2159
f 2274/2571/2165 2293/2570/2164 2289/2573/2167
f 2289/2573/2167 2269/2572/2166 2274/2571/2165
f 2261/2574/2168 2269/2572/2166 2289/2573/2167
f 2269/2572/2166 2261/2574/2168 2258/2565/2159
f 2254/2575/2169 2255/2576/2170 2258/2565/2159
f 2254/2575/2169 2258/2565/2159 2261/2574/2168
f 2255/2576/2170 2264/2564/2158 2258/2565/2159
f 2261/2574/2168 2289/2573/2167 2288/2577/2171
f 2254/2575/2169 2261/2574/2168 2288/2577/2171
f 2289/2573/2167 2308/2578/2172 2288/2577/2171
f 2293/2570/2164 2305/2579/2173 2289/2573/2167
f 2305/2579/2173 2308/2578/2172 2289/2573/2167
f 2293/2570/2164 2298/2580/2174 2305/2579/2173
f 2293/2570/2164 2299/2581/2175 2298/2580/2174
f 2293/2570/2164 2407/2569/2163 2299/2581/2175
f 2404/2582/2176 2299/2581/2175 2407/2569/2163
f 2300/2583/2177 2299/2581/2175 2404/2582/2176
f 2299/2581/2175 2300/2583/2177 2298/2580/2174
f 2404/2582/2176 2398/2584/2178 2300/2583/2177
f 2298/2580/2174 2300/2583/2177 2330/2585/2179
f 2330/2585/2179 2300/2583/2177 2398/2584/2178
f 2355/2586/2180 2330/2585/2179 2398/2584/2178
f 2355/2586/2180 2352/2587/2181 2330/2585/2179
f 2298/2580/2174 2330/2585/2179 2333/2588/2182
f 2352/2587/2181 2333/2588/2182 2330/2585/2179
f 2298/2580/2174 2327/2589/2183 2305/2579/2173
f 2333/2588/2182 2327/2589/2183 2298/2580/2174
f 2327/2589/2183 2321/2590/2184 2305/2579/2173
f 2321/2590/2184 2308/2578/2172 2305/2579/2173
f 2308/2578/2172 2321/2590/2184 2315/2591/2185
f 2288/2577/2171 2308/2578/2172 2315/2591/2185
f 2288/2577/2171 2315/2591/2185 2313/2592/2186
f 2313/2592/2186 2311/2593/2187 2288/2577/2171
f 2254/2575/2169 2288/2577/2171 2311/2593/2187
f 2311/2593/2187 2253/2594/2188 2254/2575/2169
f 2253/2594/2188 2255/2576/2170 2254/2575/2169
f 2311/2593/2187 2703/2595/2189 2253/2594/2188
f 2255/2576/2170 2253/2594/2188 2703/2595/2189
f 2311/2593/2187 2714/2596/2190 2703/2595/2189
f 2311/2593/2187 2313/2592/2186 2714/2596/2190
f 2315/2591/2185 2318/2597/2191 2313/2592/2186
f 2313/2592/2186 2721/2598/2192 2714/2596/2190
f 2318/2597/2191 2721/2598/2192 2313/2592/2186
f 2315/2591/2185 2322/2599/2193 2318/2597/2191
f 2322/2599/2193 2721/2598/2192 2318/2597/2191
f 2315/2591/2185 2321/2590/2184 2322/2599/2193
f 2322/2599/2193 2722/2600/2194 2721/2598/2192
f 2321/2590/2184 2325/2601/2195 2322/2599/2193
f 2325/2601/2195 2722/2600/2194 2322/2599/2193
f 2321/2590/2184 2339/2602/2196 2325/2601/2195
f 2327/2589/2183 2336/2603/2197 2321/2590/2184
f 2336/2603/2197 2339/2602/2196 2321/2590/2184
f 2327/2589/2183 2333/2588/2182 2336/2603/2197
f 2336/2603/2197 2333/2588/2182 2352/2587/2181
f 2349/2604/2198 2336/2603/2197 2352/2587/2181
f 2339/2602/2196 2336/2603/2197 2349/2604/2198
f 2345/2605/2199 2339/2602/2196 2349/2604/2198
f 2345/2605/2199 2346/2606/2200 2339/2602/2196
f 2339/2602/2196 2342/2607/2201 2325/2601/2195
f 2346/2606/2200 2342/2607/2201 2339/2602/2196
f 2342/2607/2201 2727/2608/2202 2325/2601/2195
f 2727/2608/2202 2722/2600/2194 2325/2601/2195
f 2342/2607/2201 2346/2606/2200 2727/2608/2202
f 2346/2606/2200 2728/2609/2203 2727/2608/2202
f 2727/2608/2202 2728/2609/2203 2729/2610/2204
f 2726/2611/2205 2727/2608/2202 2729/2610/2204
f 2727/2608/2202 2726/2611/2205 2722/2600/2194
f 2729/2610/2204 2730/2612/2206 2726/2611/2205
f 2726/2611/2205 2723/2613/2207 2722/2600/2194
f 2730/2612/2206 2725/2614/2208 2726/2611/2205
f 2725/2614/2208 2723/2613/2207 2726/2611/2205
f 2730/2612/2206 2724/2615/2209 2725/2614/2208
f 2730/2612/2206 2731/2616/2210 2724/2615/2209
f 2724/2615/2209 2731/2616/2210 2740/2617/2211
f 2716/2618/2212 2724/2615/2209 2740/2617/2211
f 2716/2618/2212 2740/2617/2211 2742/2619/2213
f 2716/2618/2212 2717/2620/2214 2724/2615/2209
f 2724/2615/2209 2717/2620/2214 2725/2614/2208
f 2723/2613/2207 2725/2614/2208 2717/2620/2214
f 2723/2613/2207 2717/2620/2214 2719/2621/2215
f 2722/2600/2194 2723/2613/2207 2719/2621/2215
f 2720/2622/2216 2722/2600/2194 2719/2621/2215
f 2722/2600/2194 2720/2622/2216 2721/2598/2192
f 2720/2622/2216 2714/2596/2190 2721/2598/2192
f 2714/2596/2190 2720/2622/2216 2713/2623/2217
f 2720/2622/2216 2719/2621/2215 2713/2623/2217
f 2713/2623/2217 2719/2621/2215 2715/2624/2218
f 2719/2621/2215 2717/2620/2214 2715/2624/2218
f 2716/2618/2212 2718/2625/2219 2717/2620/2214
f 2718/2625/2219 2715/2624/2218 2717/2620/2214
f 2716/2618/2212 2742/2619/2213 2718/2625/2219
f 2718/2625/2219 2742/2619/2213 2743/2626/2220
f 2743/2626/2220 2715/2624/2218 2718/2625/2219
f 2715/2624/2218 2743/2626/2220 2709/2627/2221
f 2743/2626/2220 2745/2628/2222 2709/2627/2221
f 2745/2628/2222 2746/2629/2223 2709/2627/2221
f 2746/2629/2223 1507/2630/2224 2709/2627/2221
f 2746/2629/2223 2769/2631/2225 1507/2630/2224
f 2769/2631/2225 2391/2632/2226 1507/2630/2224
f 2769/2631/2225 2770/2633/2063 2391/2632/2226
f 2770/2633/2063 2758/2634/2062 2391/2632/2226
f 2758/2634/2062 2392/2635/1888 2391/2632/2226
f 2391/2632/2226 2392/2635/1888 1506/2636/1891
f 1506/2636/1891 1507/2630/2224 2391/2632/2226
f 1505/2637/1901 1507/2630/2224 1506/2636/1891
f 1505/2637/1901 1506/2636/1891 2761/2638/1894
f 1505/2637/1901 2711/2639/2227 1507/2630/2224
f 2708/2640/2228 2709/2627/2221 1507/2630/2224
f 2711/2639/2227 2708/2640/2228 1507/2630/2224
f 2708/2640/2228 2710/2641/2229 2709/2627/2221
f 2715/2624/2218 2709/2627/2221 2710/2641/2229
f 2713/2623/2217 2715/2624/2218 2710/2641/2229
f 2707/2642/2230 2713/2623/2217 2710/2641/2229
f 2710/2641/2229 2708/2640/2228 2707/2642/2230
f 2707/2642/2230 2705/2643/2231 2713/2623/2217
f 2705/2643/2231 2714/2596/2190 2713/2623/2217
f 2705/2643/2231 2703/2595/2189 2714/2596/2190
f 2704/2644/2232 2703/2595/2189 2705/2643/2231
f 2705/2643/2231 2707/2642/2230 2704/2644/2232
f 2707/2642/2230 2708/2640/2228 2704/2644/2232
f 2708/2640/2228 2711/2639/2227 2704/2644/2232
f 2711/2639/2227 2712/2645/2233 2704/2644/2232
f 2711/2639/2227 1505/2637/1901 2712/2645/2233
f 1505/2637/1901 2765/2646/1902 2712/2645/2233
f 2706/2647/2234 2704/2644/2232 2712/2645/2233
f 2712/2645/2233 2765/2646/1902 2706/2647/2234
f 2704/2644/2232 2706/2647/2234 2255/2576/2170
f 2255/2576/2170 2703/2595/2189 2704/2644/2232
f 2706/2647/2234 2285/2648/1637 2255/2576/2170
f 2285/2648/1637 2264/2564/2158 2255/2576/2170
f 2706/2647/2234 2766/2649/2235 2285/2648/1637
f 2765/2646/1902 2766/2649/2235 2706/2647/2234
f 2768/2650/2236 2766/2649/2235 2765/2646/1902
f 2766/2649/2235 2768/2650/2236 2767/2651/2237
f 2766/2649/2235 2767/2651/2237 2468/2652/2238
f 2468/2652/2238 2285/2648/1637 2766/2649/2235
f 2285/2648/1637 2468/2652/2238 2456/2653/2239
f 2264/2564/2158 2285/2648/1637 2456/2653/2239
f 2456/2653/2239 2457/2562/1778 2264/2564/2158
f 2456/2653/2239 2458/2654/2240 2457/2562/1778
f 2458/2654/2240 2456/2653/2239 2463/2655/2241
f 2463/2655/2241 2456/2653/2239 2468/2652/2238
f 2467/2656/1771 2463/2655/2241 2468/2652/2238
f 2767/2651/2237 2467/2656/1771 2468/2652/2238
f 2328/2490/2094 2334/2489/2093 2337/2513/2117
f 2337/2513/2117 2334/2489/2093 2353/2488/2092
f 2350/2657/2242 2337/2513/2117 2353/2488/2092
f 2340/2514/2118 2337/2513/2117 2350/2657/2242
f 2347/2658/2243 2340/2514/2118 2350/2657/2242
f 2347/2658/2243 2343/2516/2120 2340/2514/2118
f 2820/2659/2244 2823/2660/2245 2822/2661/2246
f 2821/2662/2247 2820/2659/2244 2822/2661/2246
f 2822/2661/2246 2824/2663/2248 2821/2662/2247
f 2820/2659/2244 2821/2662/2247 2813/2664/2249
f 2815/2665/2250 2820/2659/2244 2813/2664/2249
f 2821/2662/2247 2819/2666/2251 2813/2664/2249
f 2824/2663/2248 2819/2666/2251 2821/2662/2247
f 2824/2663/2248 2826/2667/2252 2819/2666/2251
f 2818/2668/2253 2812/2669/2254 2819/2666/2251
f 2826/2667/2252 2818/2668/2253 2819/2666/2251
f 2812/2669/2254 2813/2664/2249 2819/2666/2251
f 2818/2668/2253 2817/2670/2255 2812/2669/2254
f 2812/2669/2254 2814/2671/2256 2813/2664/2249
f 2812/2669/2254 2817/2670/2255 2814/2671/2256
f 2814/2671/2256 2811/2672/2257 2813/2664/2249
f 2813/2664/2249 2811/2672/2257 2815/2665/2250
f 2811/2672/2257 2816/2673/2258 2815/2665/2250
f 2811/2672/2257 2809/2674/2259 2816/2673/2258
f 2809/2674/2259 2811/2672/2257 2810/2675/2260
f 2838/2676/2261 2809/2674/2259 2810/2675/2260
f 2837/2677/2262 2838/2676/2261 2810/2675/2260
f 2846/2678/2263 2837/2677/2262 2810/2675/2260
f 2810/2675/2260 2834/2679/2264 2846/2678/2263
f 2811/2672/2257 2825/2680/2265 2810/2675/2260
f 2810/2675/2260 2825/2680/2265 2834/2679/2264
f 2811/2672/2257 2814/2671/2256 2825/2680/2265
f 2817/2670/2255 2827/2681/2266 2814/2671/2256
f 2827/2681/2266 2825/2680/2265 2814/2671/2256
f 2834/2679/2264 2825/2680/2265 2827/2681/2266
f 2833/2682/2267 2834/2679/2264 2827/2681/2266
f 2832/2683/2268 2833/2682/2267 2827/2681/2266
f 2831/2684/1766 2832/2683/2268 2827/2681/2266
f 2827/2681/2266 2817/2670/2255 2831/2684/1766
f 2818/2668/2253 2829/2685/2269 2817/2670/2255
f 2817/2670/2255 2830/2686/2270 2831/2684/1766
f 2829/2685/2269 2830/2686/2270 2817/2670/2255
f 2830/2686/2270 2829/2685/2269 3165/2687/2271
f 2830/2686/2270 3165/2687/2271 2831/2684/1766
f 3165/2687/2271 3173/2688/2272 2831/2684/1766
f 2832/2683/2268 2831/2684/1766 3173/2688/2272
f 3165/2687/2271 3160/2689/2273 3173/2688/2272
f 3164/2690/2274 3161/2691/2275 3165/2687/2271
f 3165/2687/2271 3161/2691/2275 3160/2689/2273
f 3165/2687/2271 2829/2685/2269 3164/2690/2274
f 2828/2692/2276 2829/2685/2269 2818/2668/2253
f 2829/2685/2269 2828/2692/2276 3164/2690/2274
f 2818/2668/2253 2826/2667/2252 2828/2692/2276
f 2828/2692/2276 2941/2693/2277 3164/2690/2274
f 2826/2667/2252 2942/2694/2245 2828/2692/2276
f 2828/2692/2276 2942/2694/2245 2941/2693/2277
f 2826/2667/2252 2945/2695/1490 2944/2696/2278
f 2944/2696/2278 2942/2694/2245 2826/2667/2252
f 2942/2694/2245 2943/2697/2279 2941/2693/2277
f 2941/2693/2277 2943/2697/2279 2946/2698/1630
f 3166/2699/2280 3164/2690/2274 2941/2693/2277
f 2941/2693/2277 3171/2700/1630 3166/2699/2280
f 3166/2699/2280 3161/2691/2275 3164/2690/2274
f 3161/2691/2275 3166/2699/2280 3159/2701/2281
f 3160/2689/2273 3161/2691/2275 3159/2701/2281
f 3166/2699/2280 3167/2702/2282 3159/2701/2281
f 3166/2699/2280 3171/2700/1630 3167/2702/2282
f 3171/2700/1630 3170/2703/2283 3167/2702/2282
f 3167/2702/2282 3168/2704/2244 3159/2701/2281
f 3168/2704/2244 3167/2702/2282 3170/2703/2283
f 3169/2705/2284 3168/2704/2244 3170/2703/2283
f 3168/2704/2244 3163/2706/2250 3159/2701/2281
f 3156/2707/2285 3160/2689/2273 3159/2701/2281
f 3156/2707/2285 3159/2701/2281 3163/2706/2250
f 3156/2707/2285 3172/2708/2286 3160/2689/2273
f 3172/2708/2286 3173/2688/2272 3160/2689/2273
f 3156/2707/2285 3157/2709/2287 3172/2708/2286
f 3172/2708/2286 3175/2710/2288 3173/2688/2272
f 3172/2708/2286 3157/2709/2287 3175/2710/2288
f 3175/2710/2288 3174/2711/2289 3173/2688/2272
f 3174/2711/2289 2832/2683/2268 3173/2688/2272
f 3175/2710/2288 3181/2712/2290 3174/2711/2289
f 2832/2683/2268 3174/2711/2289 3181/2712/2290
f 2842/2713/2291 2832/2683/2268 3181/2712/2290
f 2832/2683/2268 2842/2713/2291 2844/2714/2292
f 2833/2682/2267 2832/2683/2268 2844/2714/2292
f 2844/2714/2292 2834/2679/2264 2833/2682/2267
f 2842/2713/2291 2843/2715/2293 2844/2714/2292
f 2834/2679/2264 2844/2714/2292 2845/2716/2294
f 2845/2716/2294 2844/2714/2292 2843/2715/2293
f 2845/2716/2294 2959/2717/2295 2834/2679/2264
f 2959/2717/2295 2846/2678/2263 2834/2679/2264
f 2845/2716/2294 2885/2718/2296 2959/2717/2295
f 2879/2719/2297 2885/2718/2296 2845/2716/2294
f 2845/2716/2294 2843/2715/2293 2879/2719/2297
f 2879/2719/2297 2884/2720/2298 2885/2718/2296
f 2843/2715/2293 2875/2721/2299 2879/2719/2297
f 2879/2719/2297 2878/2722/2300 2884/2720/2298
f 2875/2721/2299 2877/2723/2301 2879/2719/2297
f 2878/2722/2300 2879/2719/2297 2877/2723/2301
f 2878/2722/2300 2877/2723/2301 2881/2724/2302
f 2882/2725/2303 2878/2722/2300 2881/2724/2302
f 2884/2720/2298 2878/2722/2300 2882/2725/2303
f 2883/2726/2304 2884/2720/2298 2882/2725/2303
f 2883/2726/2304 2882/2725/2303 2865/2727/2305
f 2864/2728/2306 2883/2726/2304 2865/2727/2305
f 2882/2725/2303 2868/2729/2307 2865/2727/2305
f 2882/2725/2303 2881/2724/2302 2868/2729/2307
f 2880/2730/2308 2869/2731/2309 2881/2724/2302
f 2869/2731/2309 2868/2729/2307 2881/2724/2302
f 2880/2730/2308 2881/2724/2302 2877/2723/2301
f 2876/2732/2310 2880/2730/2308 2877/2723/2301
f 2876/2732/2310 2877/2723/2301 2875/2721/2299
f 2874/2733/2311 2876/2732/2310 2875/2721/2299
f 2874/2733/2311 2875/2721/2299 2843/2715/2293
f 2841/2734/2312 2874/2733/2311 2843/2715/2293
f 2841/2734/2312 2843/2715/2293 2842/2713/2291
f 3182/2735/2313 2841/2734/2312 2842/2713/2291
f 2874/2733/2311 2841/2734/2312 3182/2735/2313
f 2842/2713/2291 3181/2712/2290 3182/2735/2313
f 3181/2712/2290 3183/2736/2314 3182/2735/2313
f 3181/2712/2290 3175/2710/2288 3183/2736/2314
f 3182/2735/2313 3183/2736/2314 3211/2737/2315
f 3210/2738/2316 3182/2735/2313 3211/2737/2315
f 3210/2738/2316 2874/2733/2311 3182/2735/2313
f 2876/2732/2310 2874/2733/2311 3210/2738/2316
f 3209/2739/2317 2876/2732/2310 3210/2738/2316
f 2880/2730/2308 2876/2732/2310 3209/2739/2317
f 3210/2738/2316 3211/2737/2315 3209/2739/2317
f 3211/2737/2315 3212/2740/2318 3209/2739/2317
f 3209/2739/2317 3212/2740/2318 3213/2741/2319
f 3213/2741/2319 2880/2730/2308 3209/2739/2317
f 2869/2731/2309 2880/2730/2308 3213/2741/2319
f 3204/2742/2320 2869/2731/2309 3213/2741/2319
f 2869/2731/2309 3204/2742/2320 2867/2743/2321
f 2868/2729/2307 2869/2731/2309 2867/2743/2321
f 2866/2744/2322 2868/2729/2307 2867/2743/2321
f 2865/2727/2305 2868/2729/2307 2866/2744/2322
f 2863/2745/2323 2865/2727/2305 2866/2744/2322
f 2864/2728/2306 2865/2727/2305 2863/2745/2323
f 2862/2746/2324 2864/2728/2306 2863/2745/2323
f 2863/2745/2323 2871/2747/2325 2862/2746/2324
f 2871/2747/2325 2873/2748/2326 2862/2746/2324
f 2863/2745/2323 2870/2749/2327 2871/2747/2325
f 2866/2744/2322 2870/2749/2327 2863/2745/2323
f 2867/2743/2321 2872/2750/2328 2866/2744/2322
f 2872/2750/2328 2870/2749/2327 2866/2744/2322
f 2867/2743/2321 3205/2751/2329 2872/2750/2328
f 3204/2742/2320 3205/2751/2329 2867/2743/2321
f 3204/2742/2320 3200/2752/2330 3205/2751/2329
f 3214/2753/2331 3200/2752/2330 3204/2742/2320
f 3213/2741/2319 3214/2753/2331 3204/2742/2320
f 3212/2740/2318 3214/2753/2331 3213/2741/2319
f 3212/2740/2318 3216/2754/2332 3214/2753/2331
f 3216/2754/2332 3212/2740/2318 3211/2737/2315
f 3217/2755/2333 3216/2754/2332 3211/2737/2315
f 3217/2755/2333 3211/2737/2315 3183/2736/2314
f 3268/2756/2334 3217/2755/2333 3183/2736/2314
f 3268/2756/2334 3183/2736/2314 3175/2710/2288
f 3184/2757/2335 3268/2756/2334 3175/2710/2288
f 3175/2710/2288 3157/2709/2287 3184/2757/2335
f 3179/2758/2336 3184/2757/2335 3157/2709/2287
f 3178/2759/2337 3179/2758/2336 3157/2709/2287
f 3158/2760/2259 3178/2759/2337 3157/2709/2287
f 3156/2707/2285 3158/2760/2259 3157/2709/2287
f 3158/2760/2259 3156/2707/2285 3162/2761/2148
f 3162/2761/2148 3156/2707/2285 3163/2706/2250
f 3216/2754/2332 3215/2762/2338 3214/2753/2331
f 3214/2753/2331 3215/2762/2338 3200/2752/2330
f 3215/2762/2338 3202/2763/2339 3200/2752/2330
f 3200/2752/2330 3202/2763/2339 3201/2764/2340
f 3200/2752/2330 3201/2764/2340 3205/2751/2329
f 3207/2765/2341 3205/2751/2329 3201/2764/2340
f 3207/2765/2341 2872/2750/2328 3205/2751/2329
f 3197/2766/2342 2872/2750/2328 3207/2765/2341
f 2872/2750/2328 2859/2767/2343 2870/2749/2327
f 2859/2767/2343 2806/2768/2344 2870/2749/2327
f 2871/2747/2325 2870/2749/2327 2806/2768/2344
f 2859/2767/2343 2803/2769/2345 2806/2768/2344
f 2805/2770/2346 2807/2771/2347 2806/2768/2344
f 2805/2770/2346 2806/2768/2344 2803/2769/2345
f 2807/2771/2347 2871/2747/2325 2806/2768/2344
f 2873/2748/2326 2871/2747/2325 2807/2771/2347
f 2860/2772/2348 2873/2748/2326 2807/2771/2347
f 2808/2773/2349 2860/2772/2348 2807/2771/2347
f 2807/2771/2347 2805/2770/2346 2808/2773/2349
f 2804/2774/2350 2805/2770/2346 2803/2769/2345
f 2808/2773/2349 2805/2770/2346 2804/2774/2350
f 2803/2769/2345 2802/2775/2351 2804/2774/2350
f 2804/2774/2350 2802/2775/2351 2855/2776/1785
f 2854/2777/2352 2804/2774/2350 2855/2776/1785
f 2804/2774/2350 2854/2777/2352 2808/2773/2349
f 2855/2776/1785 2853/2778/2353 2854/2777/2352
f 2854/2777/2352 2856/2779/2354 2808/2773/2349
f 2853/2778/2353 2851/2780/2355 2854/2777/2352
f 2854/2777/2352 2851/2780/2355 2856/2779/2354
f 2853/2778/2353 2850/2781/2356 2851/2780/2355
f 2847/2782/2357 2851/2780/2355 2850/2781/2356
f 2851/2780/2355 2847/2782/2357 2848/2783/2358
f 2851/2780/2355 2848/2783/2358 2856/2779/2354
f 2847/2782/2357 2849/2784/2359 2848/2783/2358
f 2848/2783/2358 2852/2785/2360 2856/2779/2354
f 2848/2783/2358 2849/2784/2359 2852/2785/2360
f 2852/2785/2360 2857/2786/2361 2856/2779/2354
f 2856/2779/2354 2857/2786/2361 2808/2773/2349
f 2857/2786/2361 2858/2787/2362 2808/2773/2349
f 2858/2787/2362 2860/2772/2348 2808/2773/2349
f 2860/2772/2348 2858/2787/2362 2861/2788/2363
f 2927/2789/2364 2929/2790/2365 2926/2791/2366
f 2920/2792/2367 2927/2789/2364 2926/2791/2366
f 2926/2791/2366 2925/2793/2368 2920/2792/2367
f 2927/2789/2364 2920/2792/2367 2928/2794/2369
f 2925/2793/2368 2921/2795/2370 2920/2792/2367
f 2920/2792/2367 2919/2796/2371 2928/2794/2369
f 2920/2792/2367 2921/2795/2370 2919/2796/2371
f 2919/2796/2371 2918/2797/2363 2928/2794/2369
f 2918/2797/2363 2919/2796/2371 2917/2798/2348
f 2917/2798/2348 2919/2796/2371 2916/2799/2372
f 2921/2795/2370 2916/2799/2372 2919/2796/2371
f 2916/2799/2372 2914/2800/2326 2917/2798/2348
f 2914/2800/2326 2916/2799/2372 2913/2801/2373
f 2915/2802/2374 2913/2801/2373 2916/2799/2372
f 2921/2795/2370 2915/2802/2374 2916/2799/2372
f 2925/2793/2368 2924/2803/2375 2921/2795/2370
f 2924/2803/2375 2915/2802/2374 2921/2795/2370
f 2924/2803/2375 2923/2804/2376 2915/2802/2374
f 2915/2802/2374 2912/2805/2377 2913/2801/2373
f 2923/2804/2376 2912/2805/2377 2915/2802/2374
f 2923/2804/2376 2922/2806/2378 2912/2805/2377
f 2922/2806/2378 2896/2807/2379 2911/2808/2380
f 2922/2806/2378 2911/2808/2380 2912/2805/2377
f 2912/2805/2377 2911/2808/2380 2907/2809/2381
f 2912/2805/2377 2907/2809/2381 2913/2801/2373
f 2913/2801/2373 2907/2809/2381 2914/2800/2326
f 2907/2809/2381 2908/2810/2324 2914/2800/2326
f 2907/2809/2381 2909/2811/2382 2908/2810/2324
f 2911/2808/2380 2909/2811/2382 2907/2809/2381
f 2909/2811/2382 2910/2812/2306 2908/2810/2324
f 2910/2812/2306 2909/2811/2382 2892/2813/2383
f 2893/2814/2384 2910/2812/2306 2892/2813/2383
f 2909/2811/2382 2894/2815/2385 2892/2813/2383
f 2911/2808/2380 2894/2815/2385 2909/2811/2382
f 2896/2807/2379 2894/2815/2385 2911/2808/2380
f 2895/2816/2386 2894/2815/2385 2896/2807/2379
f 2894/2815/2385 2895/2816/2386 2891/2817/2387
f 2891/2817/2387 2895/2816/2386 2900/2818/2388
f 2891/2817/2387 2888/2819/2389 2894/2815/2385
f 2892/2813/2383 2894/2815/2385 2888/2819/2389
f 2892/2813/2383 2888/2819/2389 2893/2814/2384
f 2888/2819/2389 2886/2820/2298 2893/2814/2384
f 2886/2820/2298 2888/2819/2389 2887/2821/2296
f 2888/2819/2389 2889/2822/2390 2887/2821/2296
f 2889/2822/2390 2888/2819/2389 2891/2817/2387
f 2889/2822/2390 2977/2823/2391 2887/2821/2296
f 2978/2824/2295 2887/2821/2296 2977/2823/2391
f 2835/2825/2392 2978/2824/2295 2977/2823/2391
f 2978/2824/2295 2835/2825/2392 2836/2826/2263
f 2835/2825/2392 2789/2827/2393 2836/2826/2263
f 2839/2828/2262 2836/2826/2263 2789/2827/2393
f 2789/2827/2393 2790/2829/2394 2839/2828/2262
f 2790/2829/2394 2840/2830/2261 2839/2828/2262
f 2840/2830/2261 2790/2829/2394 3180/2831/2336
f 2790/2829/2394 3139/2832/2395 3180/2831/2336
f 3177/2833/2396 3180/2831/2336 3139/2832/2395
f 2790/2829/2394 2787/2834/2397 3139/2832/2395
f 2789/2827/2393 2787/2834/2397 2790/2829/2394
f 2787/2834/2397 2789/2827/2393 2788/2835/2398
f 2789/2827/2393 2835/2825/2392 2796/2836/2399
f 2788/2835/2398 2789/2827/2393 2796/2836/2399
f 2835/2825/2392 2971/2837/2400 2796/2836/2399
f 2973/2838/2401 2971/2837/2400 2835/2825/2392
f 2835/2825/2392 2977/2823/2391 2973/2838/2401
f 2976/2839/2402 2973/2838/2401 2977/2823/2391
f 2977/2823/2391 2889/2822/2390 2976/2839/2402
f 2891/2817/2387 2890/2840/2403 2889/2822/2390
f 2889/2822/2390 2890/2840/2403 2976/2839/2402
f 2891/2817/2387 2897/2841/2404 2890/2840/2403
f 2891/2817/2387 2900/2818/2388 2899/2842/2405
f 2897/2841/2404 2891/2817/2387 2899/2842/2405
f 2900/2818/2388 2901/2843/2406 2899/2842/2405
f 2901/2843/2406 2900/2818/2388 2902/2844/2407
f 2903/2845/2408 2901/2843/2406 2902/2844/2407
f 2904/2846/2409 2901/2843/2406 2903/2845/2408
f 2901/2843/2406 2904/2846/2409 2905/2847/2410
f 2899/2842/2405 2901/2843/2406 2905/2847/2410
f 2898/2848/2411 2899/2842/2405 2905/2847/2410
f 2897/2841/2404 2899/2842/2405 2898/2848/2411
f 2905/2847/2410 2993/2849/2412 2898/2848/2411
f 2993/2849/2412 2897/2841/2404 2898/2848/2411
f 2993/2849/2412 2994/2850/2413 2897/2841/2404
f 2897/2841/2404 2987/2851/2414 2890/2840/2403
f 2994/2850/2413 2987/2851/2414 2897/2841/2404
f 2987/2851/2414 2986/2852/2415 2890/2840/2403
f 2890/2840/2403 2986/2852/2415 2976/2839/2402
f 2987/2851/2414 2994/2850/2413 2995/2853/2416
f 2995/2853/2416 2986/2852/2415 2987/2851/2414
f 2985/2854/2417 2986/2852/2415 2995/2853/2416
f 2976/2839/2402 2986/2852/2415 2985/2854/2417
f 2995/2853/2416 2996/2855/2418 2985/2854/2417
f 2976/2839/2402 2985/2854/2417 2981/2856/2419
f 2996/2855/2418 2981/2856/2419 2985/2854/2417
f 2981/2856/2419 2996/2855/2418 2991/2857/2420
f 2979/2858/2421 2981/2856/2419 2991/2857/2420
f 2975/2859/2422 2981/2856/2419 2979/2858/2421
f 2976/2839/2402 2981/2856/2419 2975/2859/2422
f 2976/2839/2402 2974/2860/2423 2973/2838/2401
f 2976/2839/2402 2975/2859/2422 2974/2860/2423
f 2973/2838/2401 2974/2860/2423 2968/2861/2424
f 2971/2837/2400 2973/2838/2401 2968/2861/2424
f 2974/2860/2423 2967/2862/2425 2968/2861/2424
f 2974/2860/2423 2975/2859/2422 2967/2862/2425
f 2967/2862/2425 2975/2859/2422 2980/2863/2426
f 2965/2864/2427 2975/2859/2422 2979/2858/2421
f 2975/2859/2422 2965/2864/2427 2980/2863/2426
f 2979/2858/2421 2964/2865/2428 2965/2864/2427
f 2991/2857/2420 2989/2866/2429 2979/2858/2421
f 2989/2866/2429 2964/2865/2428 2979/2858/2421
f 2991/2857/2420 2990/2867/2430 2989/2866/2429
f 2964/2865/2428 2989/2866/2429 2988/2868/2431
f 2989/2866/2429 2990/2867/2430 2988/2868/2431
f 2988/2868/2431 2984/2869/2432 2964/2865/2428
f 2963/2870/2433 2965/2864/2427 2964/2865/2428
f 2963/2870/2433 2964/2865/2428 2984/2869/2432
f 2963/2870/2433 2980/2863/2426 2965/2864/2427
f 2963/2870/2433 2982/2871/2434 2980/2863/2426
f 2984/2869/2432 2983/2872/2435 2963/2870/2433
f 2963/2870/2433 2983/2872/2435 2982/2871/2434
f 2984/2869/2432 2962/2873/2436 2983/2872/2435
f 2962/2873/2436 2982/2871/2434 2983/2872/2435
f 2961/2874/2437 2960/2875/2362 2962/2873/2436
f 2962/2873/2436 2960/2875/2362 2982/2871/2434
f 3019/2876/2438 2982/2871/2434 2960/2875/2362
f 3019/2876/2438 3018/2877/2439 2982/2871/2434
f 2980/2863/2426 2982/2871/2434 3018/2877/2439
f 3017/2878/2440 2980/2863/2426 3018/2877/2439
f 2967/2862/2425 2980/2863/2426 3017/2878/2440
f 2966/2879/2441 2967/2862/2425 3017/2878/2440
f 2966/2879/2441 2968/2861/2424 2967/2862/2425
f 2968/2861/2424 2966/2879/2441 2972/2880/2442
f 2968/2861/2424 2972/2880/2442 2971/2837/2400
f 2966/2879/2441 3017/2878/2440 3024/2881/2443
f 2966/2879/2441 3024/2881/2443 2972/2880/2442
f 3017/2878/2440 3018/2877/2439 3022/2882/2444
f 3017/2878/2440 3022/2882/2444 3024/2881/2443
f 3018/2877/2439 3021/2883/2445 3022/2882/2444
f 3018/2877/2439 3019/2876/2438 3020/2884/2446
f 3018/2877/2439 3020/2884/2446 3021/2883/2445
f 3020/2884/2446 3023/2885/2447 3021/2883/2445
f 3043/2886/2448 3021/2883/2445 3023/2885/2447
f 3021/2883/2445 3043/2886/2448 3042/2887/2449
f 3042/2887/2449 3022/2882/2444 3021/2883/2445
f 3044/2888/2450 3022/2882/2444 3042/2887/2449
f 3022/2882/2444 3044/2888/2450 3024/2881/2443
f 3041/2889/2451 3024/2881/2443 3044/2888/2450
f 3024/2881/2443 3041/2889/2451 3025/2890/2452
f 3024/2881/2443 3025/2890/2452 2972/2880/2442
f 2972/2880/2442 2970/2891/2453 2971/2837/2400
f 2972/2880/2442 3025/2890/2452 2970/2891/2453
f 3025/2890/2452 3026/2892/2454 2970/2891/2453
f 3041/2889/2451 3026/2892/2454 3025/2890/2452
f 3026/2892/2454 3041/2889/2451 3039/2893/2455
f 3039/2893/2455 3027/2894/2456 3026/2892/2454
f 3026/2892/2454 3027/2894/2456 2970/2891/2453
f 3039/2893/2455 3038/2895/2457 3027/2894/2456
f 3027/2894/2456 2969/2896/2458 2970/2891/2453
f 2969/2896/2458 2971/2837/2400 2970/2891/2453
f 2971/2837/2400 2969/2896/2458 2796/2836/2399
f 2788/2835/2398 2796/2836/2399 2797/2897/2459
f 2796/2836/2399 2969/2896/2458 2797/2897/2459
f 3027/2894/2456 3028/2898/2460 2969/2896/2458
f 3028/2898/2460 2797/2897/2459 2969/2896/2458
f 3027/2894/2456 3038/2895/2457 3028/2898/2460
f 2797/2897/2459 3028/2898/2460 2798/2899/2461
f 2788/2835/2398 2797/2897/2459 2798/2899/2461
f 3028/2898/2460 3029/2900/2462 2798/2899/2461
f 3038/2895/2457 3029/2900/2462 3028/2898/2460
f 3029/2900/2462 3038/2895/2457 3040/2901/2463
f 3040/2901/2463 3030/2902/2464 3029/2900/2462
f 3040/2901/2463 3037/2903/2465 3030/2902/2464
f 3029/2900/2462 3030/2902/2464 2801/2904/2466
f 2798/2899/2461 3029/2900/2462 2801/2904/2466
f 2794/2905/2467 2798/2899/2461 2801/2904/2466
f 2794/2905/2467 2788/2835/2398 2798/2899/2461
f 2788/2835/2398 2794/2905/2467 2793/2906/2468
f 2787/2834/2397 2788/2835/2398 2793/2906/2468
f 3140/2907/2469 2787/2834/2397 2793/2906/2468
f 3139/2832/2395 2787/2834/2397 3140/2907/2469
f 2793/2906/2468 3143/2908/2470 3140/2907/2469
f 2794/2905/2467 2800/2909/2471 2793/2906/2468
f 2800/2909/2471 3143/2908/2470 2793/2906/2468
f 2794/2905/2467 2785/2910/2472 2800/2909/2471
f 2794/2905/2467 2801/2904/2466 2785/2910/2472
f 2801/2904/2466 2791/2911/2473 2785/2910/2472
f 3031/2912/2474 2791/2911/2473 2801/2904/2466
f 3030/2902/2464 3031/2912/2474 2801/2904/2466
f 3037/2903/2465 3031/2912/2474 3030/2902/2464
f 3037/2903/2465 3032/2913/2475 3031/2912/2474
f 3031/2912/2474 3032/2913/2475 2791/2911/2473
f 3037/2903/2465 3036/2914/2476 3032/2913/2475
f 3032/2913/2475 2792/2915/2477 2791/2911/2473
f 2791/2911/2473 2792/2915/2477 2785/2910/2472
f 3032/2913/2475 3033/2916/2478 2792/2915/2477
f 3032/2913/2475 3036/2914/2476 3033/2916/2478
f 3035/2917/2479 3033/2916/2478 3036/2914/2476
f 3033/2916/2478 3035/2917/2479 3034/2918/2480
f 3006/2919/2481 3034/2918/2480 3035/2917/2479
f 3045/2920/2482 3006/2919/2481 3035/2917/2479
f 3034/2918/2480 2786/2921/2483 3033/2916/2478
f 3006/2919/2481 2997/2922/2484 3034/2918/2480
f 2786/2921/2483 3034/2918/2480 2997/2922/2484
f 3006/2919/2481 2998/2923/2485 2997/2922/2484
f 3006/2919/2481 3007/2924/2486 2998/2923/2485
f 2997/2922/2484 2998/2923/2485 2781/2925/2487
f 2781/2925/2487 2786/2921/2483 2997/2922/2484
f 2998/2923/2485 2780/2926/2488 2781/2925/2487
f 2781/2925/2487 2779/2927/2489 2786/2921/2483
f 2781/2925/2487 2780/2926/2488 2779/2927/2489
f 2786/2921/2483 2779/2927/2489 2795/2928/2490
f 2795/2928/2490 3033/2916/2478 2786/2921/2483
f 3033/2916/2478 2795/2928/2490 2792/2915/2477
f 2792/2915/2477 2783/2929/2491 2785/2910/2472
f 2783/2929/2491 2792/2915/2477 2795/2928/2490
f 2779/2927/2489 2783/2929/2491 2795/2928/2490
f 2782/2930/2492 2783/2929/2491 2779/2927/2489
f 2784/2931/2493 2783/2929/2491 2782/2930/2492
f 2784/2931/2493 2785/2910/2472 2783/2929/2491
f 2785/2910/2472 2799/2932/2494 2800/2909/2471
f 2785/2910/2472 2784/2931/2493 2799/2932/2494
f 2800/2909/2471 2799/2932/2494 3137/2933/2495
f 2784/2931/2493 3137/2933/2495 2799/2932/2494
f 3137/2933/2495 3143/2908/2470 2800/2909/2471
f 3148/2934/2496 3143/2908/2470 3137/2933/2495
f 3147/2935/2497 3143/2908/2470 3148/2934/2496
f 3140/2907/2469 3143/2908/2470 3147/2935/2497
f 3146/2936/2498 3140/2907/2469 3147/2935/2497
f 3145/2937/2499 3140/2907/2469 3146/2936/2498
f 3139/2832/2395 3140/2907/2469 3145/2937/2499
f 3176/2938/2500 3139/2832/2395 3145/2937/2499
f 3139/2832/2395 3176/2938/2500 3177/2833/2396
f 3176/2938/2500 3286/2939/2334 3177/2833/2396
f 3286/2939/2334 3176/2938/2500 3287/2940/2501
f 3219/2941/2502 3286/2939/2334 3287/2940/2501
f 3176/2938/2500 3282/2942/2503 3287/2940/2501
f 3145/2937/2499 3279/2943/2504 3176/2938/2500
f 3279/2943/2504 3282/2942/2503 3176/2938/2500
f 3145/2937/2499 3278/2944/2505 3279/2943/2504
f 3278/2944/2505 3145/2937/2499 3146/2936/2498
f 3146/2936/2498 3338/2945/2506 3278/2944/2505
f 3338/2945/2506 3146/2936/2498 3147/2935/2497
f 3339/2946/2507 3338/2945/2506 3147/2935/2497
f 3339/2946/2507 3147/2935/2497 3148/2934/2496
f 3339/2946/2507 3349/2947/2508 3338/2945/2506
f 3338/2945/2506 3337/2948/2509 3278/2944/2505
f 3349/2947/2508 3337/2948/2509 3338/2945/2506
f 3278/2944/2505 3280/2949/2510 3279/2943/2504
f 3278/2944/2505 3337/2948/2509 3280/2949/2510
f 3280/2949/2510 3281/2950/2511 3279/2943/2504
f 3282/2942/2503 3279/2943/2504 3275/2951/2512
f 3281/2950/2511 3275/2951/2512 3279/2943/2504
f 3275/2951/2512 3283/2952/2513 3282/2942/2503
f 3282/2942/2503 3285/2953/2514 3287/2940/2501
f 3285/2953/2514 3282/2942/2503 3283/2952/2513
f 3285/2953/2514 3218/2954/2515 3287/2940/2501
f 3218/2954/2515 3219/2941/2502 3287/2940/2501
f 3218/2954/2515 3220/2955/2516 3219/2941/2502
f 3220/2955/2516 3221/2956/2332 3219/2941/2502
f 3221/2956/2332 3220/2955/2516 3224/2957/2338
f 3220/2955/2516 3225/2958/2517 3224/2957/2338
f 3239/2959/2339 3224/2957/2338 3225/2958/2517
f 3241/2960/2518 3239/2959/2339 3225/2958/2517
f 3239/2959/2339 3241/2960/2518 3240/2961/2519
f 3225/2958/2517 3220/2955/2516 3226/2962/2520
f 3225/2958/2517 3226/2962/2520 3241/2960/2518
f 3220/2955/2516 3218/2954/2515 3222/2963/2521
f 3222/2963/2521 3226/2962/2520 3220/2955/2516
f 3218/2954/2515 3223/2964/2522 3222/2963/2521
f 3223/2964/2522 3218/2954/2515 3285/2953/2514
f 3223/2964/2522 3229/2965/2523 3222/2963/2521
f 3285/2953/2514 3294/2966/2524 3223/2964/2522
f 3223/2964/2522 3296/2967/2525 3229/2965/2523
f 3223/2964/2522 3294/2966/2524 3296/2967/2525
f 3296/2967/2525 3303/2968/2526 3229/2965/2523
f 3294/2966/2524 3306/2969/2527 3296/2967/2525
f 3306/2969/2527 3303/2968/2526 3296/2967/2525
f 3294/2966/2524 3295/2970/2528 3306/2969/2527
f 3294/2966/2524 3285/2953/2514 3295/2970/2528
f 3295/2970/2528 3307/2971/2529 3306/2969/2527
f 3285/2953/2514 3290/2972/2530 3295/2970/2528
f 3290/2972/2530 3307/2971/2529 3295/2970/2528
f 3285/2953/2514 3284/2973/2531 3290/2972/2530
f 3284/2973/2531 3285/2953/2514 3283/2952/2513
f 3275/2951/2512 3276/2974/2532 3283/2952/2513
f 3284/2973/2531 3283/2952/2513 3276/2974/2532
f 3275/2951/2512 3277/2975/2533 3276/2974/2532
f 3277/2975/2533 3275/2951/2512 3281/2950/2511
f 3277/2975/2533 3327/2976/2534 3276/2974/2532
f 3281/2950/2511 3334/2977/2535 3277/2975/2533
f 3327/2976/2534 3277/2975/2533 3334/2977/2535
f 3281/2950/2511 3335/2978/2536 3334/2977/2535
f 3335/2978/2536 3281/2950/2511 3280/2949/2510
f 3336/2979/2537 3335/2978/2536 3280/2949/2510
f 3337/2948/2509 3336/2979/2537 3280/2949/2510
f 3335/2978/2536 3351/2980/2538 3334/2977/2535
f 3336/2979/2537 3351/2980/2538 3335/2978/2536
f 3337/2948/2509 3348/2981/2539 3336/2979/2537
f 3351/2980/2538 3336/2979/2537 3348/2981/2539
f 3337/2948/2509 3349/2947/2508 3348/2981/2539
f 3349/2947/2508 3339/2946/2507 3350/2982/2540
f 3340/2983/2541 3339/2946/2507 3148/2934/2496
f 3340/2983/2541 3350/2982/2540 3339/2946/2507
f 3346/2984/2542 3350/2982/2540 3340/2983/2541
f 3341/2985/2543 3346/2984/2542 3340/2983/2541
f 3341/2985/2543 3340/2983/2541 3148/2934/2496
f 3142/2986/2544 3341/2985/2543 3148/2934/2496
f 3142/2986/2544 3148/2934/2496 3137/2933/2495
f 3142/2986/2544 3342/2987/2545 3341/2985/2543
f 3342/2987/2545 3346/2984/2542 3341/2985/2543
f 3346/2984/2542 3342/2987/2545 3347/2988/2546
f 3347/2988/2546 3342/2987/2545 3343/2989/2547
f 3343/2989/2547 3345/2990/2548 3347/2988/2546
f 3342/2987/2545 3141/2991/2549 3343/2989/2547
f 3141/2991/2549 3342/2987/2545 3142/2986/2544
f 3141/2991/2549 3142/2986/2544 3137/2933/2495
f 3136/2992/2550 3141/2991/2549 3137/2933/2495
f 3137/2933/2495 2784/2931/2493 3136/2992/2550
f 3136/2992/2550 2784/2931/2493 2782/2930/2492
f 3136/2992/2550 2782/2930/2492 3133/2993/2551
f 3136/2992/2550 3133/2993/2551 3144/2994/2552
f 3141/2991/2549 3136/2992/2550 3144/2994/2552
f 3144/2994/2552 3343/2989/2547 3141/2991/2549
f 3133/2993/2551 3138/2995/2553 3144/2994/2552
f 3343/2989/2547 3144/2994/2552 3138/2995/2553
f 3344/2996/2554 3343/2989/2547 3138/2995/2553
f 3345/2990/2548 3343/2989/2547 3344/2996/2554
f 3344/2996/2554 3318/2997/2481 3345/2990/2548
f 3318/2997/2481 3355/2998/2482 3345/2990/2548
f 3344/2996/2554 3309/2999/2555 3318/2997/2481
f 3344/2996/2554 3138/2995/2553 3309/2999/2555
f 3133/2993/2551 3135/3000/2556 3138/2995/2553
f 3138/2995/2553 3135/3000/2556 3309/2999/2555
f 3308/3001/2557 3309/2999/2555 3135/3000/2556
f 3318/2997/2481 3309/2999/2555 3308/3001/2557
f 3317/3002/2486 3318/2997/2481 3308/3001/2557
f 3308/3001/2557 3310/3003/2558 3317/3002/2486
f 3310/3003/2558 3319/3004/2559 3317/3002/2486
f 3308/3001/2557 3134/3005/2560 3310/3003/2558
f 3134/3005/2560 3308/3001/2557 3135/3000/2556
f 3134/3005/2560 3135/3000/2556 3133/2993/2551
f 3129/3006/2561 3134/3005/2560 3133/2993/2551
f 3133/2993/2551 2778/3007/2562 3129/3006/2561
f 3133/2993/2551 2782/2930/2492 2778/3007/2562
f 2782/2930/2492 2779/2927/2489 2778/3007/2562
f 2778/3007/2562 2779/2927/2489 2773/3008/2563
f 2780/2926/2488 2773/3008/2563 2779/2927/2489
f 2773/3008/2563 2777/3009/2564 2778/3007/2562
f 2778/3007/2562 2777/3009/2564 3129/3006/2561
f 2773/3008/2563 2774/3010/2565 2777/3009/2564
f 3129/3006/2561 2777/3009/2564 2774/3010/2565
f 2774/3010/2565 3132/3011/2566 3129/3006/2561
f 3129/3006/2561 3131/3012/2567 3130/3013/2568
f 3131/3012/2567 3129/3006/2561 3132/3011/2566
f 3130/3013/2568 3134/3005/2560 3129/3006/2561
f 3130/3013/2568 3310/3003/2558 3134/3005/2560
f 3311/3014/2569 3310/3003/2558 3130/3013/2568
f 3310/3003/2558 3311/3014/2569 3319/3004/2559
f 3130/3013/2568 3131/3012/2567 3311/3014/2569
f 3311/3014/2569 3316/3015/2570 3319/3004/2559
f 3311/3014/2569 3312/3016/2567 3316/3015/2570
f 3312/3016/2567 3313/3017/2571 3316/3015/2570
f 3312/3016/2567 3314/3018/2572 3313/3017/2571
f 3315/3019/2573 3313/3017/2571 3314/3018/2572
f 3132/3011/2566 2774/3010/2565 2775/3020/2574
f 2774/3010/2565 2776/3021/2575 2775/3020/2574
f 2776/3021/2575 2774/3010/2565 2773/3008/2563
f 2773/3008/2563 2771/3022/2576 2776/3021/2575
f 2771/3022/2576 2773/3008/2563 2772/3023/2577
f 2773/3008/2563 2780/2926/2488 2772/3023/2577
f 2772/3023/2577 3000/3024/2578 2771/3022/2576
f 2780/2926/2488 2999/3025/2579 2772/3023/2577
f 2999/3025/2579 3000/3024/2578 2772/3023/2577
f 2780/2926/2488 2998/2923/2485 2999/3025/2579
f 2999/3025/2579 2998/2923/2485 3007/2924/2486
f 3008/3026/2559 2999/3025/2579 3007/2924/2486
f 3000/3024/2578 2999/3025/2579 3008/3026/2559
f 3005/3027/2570 3000/3024/2578 3008/3026/2559
f 3003/3028/2576 3000/3024/2578 3005/3027/2570
f 3002/3029/2571 3003/3028/2576 3005/3027/2570
f 3001/3030/2580 3003/3028/2576 3002/3029/2571
f 3002/3029/2571 3004/3031/2573 3001/3030/2580
f 2904/2846/2409 2906/3032/2581 2905/2847/2410
f 2905/2847/2410 2906/3032/2581 2992/3033/2582
f 2993/2849/2412 2905/2847/2410 2992/3033/2582
f 2938/3034/2583 2935/3035/2368 2939/3036/2584
f 2940/3037/2585 2934/3038/2586 2938/3034/2583
f 2935/3035/2368 2938/3034/2583 2934/3038/2586
f 2934/3038/2586 2936/3039/2587 2935/3035/2368
f 2936/3039/2587 2937/3040/2588 2935/3035/2368
f 2936/3039/2587 2930/3041/2589 2937/3040/2588
f 2930/3041/2589 2931/3042/2376 2937/3040/2588
f 2930/3041/2589 2932/3043/2590 2931/3042/2376
f 2932/3043/2590 2933/3044/2591 2931/3042/2376
f 2932/3043/2590 3262/3045/2592 2933/3044/2591
f 3262/3045/2592 3263/3046/2593 2933/3044/2591
f 3262/3045/2592 3264/3047/2594 3263/3046/2593
f 3264/3047/2594 3265/3048/2386 3263/3046/2593
f 3265/3048/2386 3264/3047/2594 2947/3049/2595
f 2948/3050/2388 3265/3048/2386 2947/3049/2595
f 2947/3049/2595 2949/3051/2596 2948/3050/2388
f 2949/3051/2596 2950/3052/2407 2948/3050/2388
f 2949/3051/2596 2954/3053/2597 2950/3052/2407
f 2954/3053/2597 2953/3054/2408 2950/3052/2407
f 2953/3054/2408 2954/3053/2597 2952/3055/2598
f 2951/3056/2599 2953/3054/2408 2952/3055/2598
f 2952/3055/2598 3266/3057/2600 2951/3056/2599
f 3266/3057/2600 3267/3058/2581 2951/3056/2599
f 3267/3058/2581 3266/3057/2600 2955/3059/2601
f 2956/3060/2602 3267/3058/2581 2955/3059/2601
f 2955/3059/2601 2957/3061/2603 2956/3060/2602
f 2957/3061/2603 2958/3062/2412 2956/3060/2602
f 2957/3061/2603 3320/3063/2526 2958/3062/2412
f 3320/3063/2526 3321/3064/2413 2958/3062/2412
f 3321/3064/2413 3320/3063/2526 3322/3065/2527
f 3323/3066/2604 3321/3064/2413 3322/3065/2527
f 3322/3065/2527 3305/3067/2529 3323/3066/2604
f 3305/3067/2529 3304/3068/2418 3323/3066/2604
f 3304/3068/2418 3305/3067/2529 3012/3069/2605
f 3011/3070/2420 3304/3068/2418 3012/3069/2605
f 3011/3070/2420 3012/3069/2605 3010/3071/2606
f 3009/3072/2607 3011/3070/2420 3010/3071/2606
f 3010/3071/2606 3324/3073/2608 3009/3072/2607
f 3324/3073/2608 3325/3074/2431 3009/3072/2607
f 3013/3075/2432 3325/3074/2431 3324/3073/2608
f 3015/3076/2609 3013/3075/2432 3324/3073/2608
f 3013/3075/2432 3015/3076/2609 3014/3077/2436
f 3015/3076/2609 3016/3078/2610 3014/3077/2436
f 3014/3077/2436 3016/3078/2610 3326/3079/2437
f 3063/3080/2611 3062/3081/2482 3061/3082/2612
f 3062/3081/2482 3057/3083/2479 3061/3082/2612
f 3061/3082/2612 3057/3083/2479 3058/3084/2613
f 3095/3085/2614 3061/3082/2612 3058/3084/2613
f 3057/3083/2479 3055/3086/2615 3058/3084/2613
f 3055/3086/2615 3095/3085/2614 3058/3084/2613
f 3057/3083/2479 3056/3087/2476 3055/3086/2615
f 3055/3086/2615 3094/3088/2616 3095/3085/2614
f 3056/3087/2476 3054/3089/2617 3055/3086/2615
f 3055/3086/2615 3053/3090/2618 3094/3088/2616
f 3053/3090/2618 3055/3086/2615 3054/3089/2617
f 3053/3090/2618 3093/3091/2619 3094/3088/2616
f 3052/3092/2620 3051/3093/2621 3053/3090/2618
f 3051/3093/2621 3093/3091/2619 3053/3090/2618
f 3053/3090/2618 3054/3089/2617 3052/3092/2620
f 3051/3093/2621 3052/3092/2620 3047/3094/2622
f 3048/3095/2623 3051/3093/2621 3047/3094/2622
f 3093/3091/2619 3051/3093/2621 3048/3095/2623
f 3092/3096/2624 3093/3091/2619 3048/3095/2623
f 3092/3096/2624 3048/3095/2623 3049/3097/2625
f 3091/3098/2626 3092/3096/2624 3049/3097/2625
f 3048/3095/2623 3046/3099/2627 3049/3097/2625
f 3046/3099/2627 3048/3095/2623 3047/3094/2622
f 3046/3099/2627 3050/3100/2451 3049/3097/2625
f 3060/3101/2628 3049/3097/2625 3050/3100/2451
f 3091/3098/2626 3049/3097/2625 3060/3101/2628
f 3075/3102/2629 3091/3098/2626 3060/3101/2628
f 3074/3103/2449 3075/3102/2629 3060/3101/2628
f 3059/3104/2630 3074/3103/2449 3060/3101/2628
f 3059/3104/2630 3060/3101/2628 3050/3100/2451
f 3074/3103/2449 3076/3105/2631 3075/3102/2629
f 3076/3105/2631 3077/3106/2632 3075/3102/2629
f 3077/3106/2632 3076/3105/2631 3379/3107/2633
f 3076/3105/2631 3380/3108/2634 3379/3107/2633
f 3379/3107/2633 3380/3108/2634 3369/3109/2635
f 3380/3108/2634 3370/3110/2636 3369/3109/2635
f 3369/3109/2635 3388/3111/2637 3379/3107/2633
f 3370/3110/2636 3359/3112/2538 3369/3109/2635
f 3369/3109/2635 3360/3113/2638 3388/3111/2637
f 3360/3113/2638 3369/3109/2635 3359/3112/2538
f 3360/3113/2638 3389/3114/2639 3388/3111/2637
f 3356/3115/2640 3389/3114/2639 3360/3113/2638
f 3390/3116/2641 3389/3114/2639 3356/3115/2640
f 3360/3113/2638 3358/3117/2642 3356/3115/2640
f 3358/3117/2642 3360/3113/2638 3359/3112/2538
f 3358/3117/2642 3357/3118/2508 3356/3115/2640
f 3362/3119/2643 3356/3115/2640 3357/3118/2508
f 3362/3119/2643 3390/3116/2641 3356/3115/2640
f 3357/3118/2508 3361/3120/2540 3362/3119/2643
f 3390/3116/2641 3362/3119/2643 3364/3121/2644
f 3364/3121/2644 3362/3119/2643 3361/3120/2540
f 3364/3121/2644 3391/3122/2645 3390/3116/2641
f 3391/3122/2645 3364/3121/2644 3366/3123/2646
f 3392/3124/2647 3391/3122/2645 3366/3123/2646
f 3364/3121/2644 3363/3125/2542 3366/3123/2646
f 3363/3125/2542 3364/3121/2644 3361/3120/2540
f 3363/3125/2542 3365/3126/2546 3366/3123/2646
f 3368/3127/2648 3366/3123/2646 3365/3126/2546
f 3366/3123/2646 3368/3127/2648 3367/3128/2649
f 3392/3124/2647 3366/3123/2646 3367/3128/2649
f 3371/3129/2650 3392/3124/2647 3367/3128/2649
f 3368/3127/2648 3371/3129/2650 3367/3128/2649
f 3368/3127/2648 3372/3130/2482 3371/3129/2650
f 3372/3130/2482 3373/3131/2651 3371/3129/2650
f 3100/3132/2652 3098/3133/2653 3101/3134/2619
f 3098/3133/2653 3099/3135/2616 3101/3134/2619
f 3098/3133/2653 3096/3136/2654 3099/3135/2616
f 3096/3136/2654 3097/3137/2655 3099/3135/2616
f 3068/3138/2656 3097/3137/2655 3096/3136/2654
f 3067/3139/2657 3068/3138/2656 3096/3136/2654
f 3067/3139/2657 3064/3140/2658 3068/3138/2656
f 3064/3140/2658 3069/3141/2659 3068/3138/2656
f 3067/3139/2657 3066/3142/2660 3064/3140/2658
f 3069/3141/2659 3064/3140/2658 3375/3143/2661
f 3066/3142/2660 3065/3144/2662 3064/3140/2658
f 3065/3144/2662 3066/3142/2660 3071/3145/2663
f 3070/3146/2664 3065/3144/2662 3071/3145/2663
f 3070/3146/2664 3071/3145/2663 3073/3147/2665
f 3072/3148/2666 3070/3146/2664 3073/3147/2665
f 3072/3148/2666 3073/3147/2665 3118/3149/2667
f 3117/3150/2668 3072/3148/2666 3118/3149/2667
f 3117/3150/2668 3118/3149/2667 3090/3151/2669
f 3117/3150/2668 3419/3152/2670 3072/3148/2666
f 3070/3146/2664 3072/3148/2666 3378/3153/2671
f 3378/3153/2671 3072/3148/2666 3419/3152/2670
f 3378/3153/2671 3377/3154/2672 3070/3146/2664
f 3065/3144/2662 3070/3146/2664 3377/3154/2672
f 3374/3155/2673 3065/3144/2662 3377/3154/2672
f 3374/3155/2673 3064/3140/2658 3065/3144/2662
f 3064/3140/2658 3374/3155/2673 3376/3156/2674
f 3064/3140/2658 3376/3156/2674 3375/3143/2661
f 3375/3143/2661 3376/3156/2674 3394/3157/2675
f 3393/3158/2647 3375/3143/2661 3394/3157/2675
f 3393/3158/2647 3394/3157/2675 3395/3159/2645
f 3394/3157/2675 3396/3160/2676 3395/3159/2645
f 3395/3159/2645 3396/3160/2676 3397/3161/2641
f 3396/3160/2676 3398/3162/2677 3397/3161/2641
f 3419/3152/2670 3117/3150/2668 3387/3163/2678
f 3089/3164/2679 3117/3150/2668 3090/3151/2669
f 3117/3150/2668 3089/3164/2679 3387/3163/2678
f 3090/3151/2669 3083/3165/2680 3089/3164/2679
f 3387/3163/2678 3089/3164/2679 3083/3165/2680
f 3090/3151/2669 3085/3166/2681 3083/3165/2680
f 3083/3165/2680 3085/3166/2681 3084/3167/2682
f 3085/3166/2681 3086/3168/2683 3084/3167/2682
f 3084/3167/2682 3385/3169/2684 3083/3165/2680
f 3385/3169/2684 3387/3163/2678 3083/3165/2680
f 3084/3167/2682 3384/3170/2685 3385/3169/2684
f 3086/3168/2683 3088/3171/2686 3084/3167/2682
f 3084/3167/2682 3088/3171/2686 3384/3170/2685
f 3086/3168/2683 3087/3172/2687 3088/3171/2686
f 3088/3171/2686 3386/3173/2688 3384/3170/2685
f 3087/3172/2687 3119/3174/2689 3088/3171/2686
f 3088/3171/2686 3119/3174/2689 3386/3173/2688
f 3087/3172/2687 3120/3175/2690 3119/3174/2689
f 3119/3174/2689 3422/3176/2691 3386/3173/2688
f 3120/3175/2690 3081/3177/2692 3119/3174/2689
f 3422/3176/2691 3119/3174/2689 3081/3177/2692
f 3120/3175/2690 3082/3178/2693 3081/3177/2692
f 3081/3177/2692 3082/3178/2693 3078/3179/2694
f 3082/3178/2693 3080/3180/2695 3078/3179/2694
f 3078/3179/2694 3383/3181/2696 3081/3177/2692
f 3383/3181/2696 3422/3176/2691 3081/3177/2692
f 3078/3179/2694 3381/3182/2697 3383/3181/2696
f 3078/3179/2694 3080/3180/2695 3079/3183/2698
f 3078/3179/2694 3382/3184/2633 3381/3182/2697
f 3381/3182/2697 3382/3184/2633 3400/3185/2637
f 3399/3186/2699 3381/3182/2697 3400/3185/2637
f 3399/3186/2699 3400/3185/2637 3405/3187/2700
f 3400/3185/2637 3404/3188/2701 3405/3187/2700
f 3404/3188/2701 3406/3189/2702 3405/3187/2700
f 3406/3189/2702 3407/3190/2703 3405/3187/2700
f 3079/3183/2698 3080/3180/2695 3102/3191/2704
f 3080/3180/2695 3103/3192/2705 3102/3191/2704
f 3102/3191/2704 3103/3192/2705 3108/3193/2706
f 3110/3194/2707 3102/3191/2704 3108/3193/2706
f 3109/3195/2619 3110/3194/2707 3108/3193/2706
f 3107/3196/2652 3109/3195/2619 3108/3193/2706
f 3104/3197/2708 3106/3198/2706 3105/3199/2653
f 3106/3198/2706 3111/3200/2695 3105/3199/2653
f 3111/3200/2695 3106/3198/2706 3112/3201/2705
f 3111/3200/2695 3125/3202/2654 3105/3199/2653
f 3111/3200/2695 3126/3203/2693 3125/3202/2654
f 3125/3202/2654 3126/3203/2693 3115/3204/2709
f 3113/3205/2657 3125/3202/2654 3115/3204/2709
f 3113/3205/2657 3115/3204/2709 3114/3206/2710
f 3115/3204/2709 3116/3207/2687 3114/3206/2710
f 3116/3207/2687 3128/3208/2683 3114/3206/2710
f 3128/3208/2683 3127/3209/2711 3114/3206/2710
f 3127/3209/2711 3128/3208/2683 3122/3210/2712
f 3128/3208/2683 3121/3211/2681 3122/3210/2712
f 3121/3211/2681 3123/3212/2669 3122/3210/2712
f 3123/3212/2669 3124/3213/2713 3122/3210/2712
f 3196/3214/2362 3198/3215/2714 3199/3216/2363
f 3196/3214/2362 3195/3217/2361 3155/3218/2715
f 3198/3215/2714 3196/3214/2362 3155/3218/2715
f 3198/3215/2714 3155/3218/2715 3153/3219/2716
f 3208/3220/2717 3198/3215/2714 3153/3219/2716
f 3206/3221/2718 3208/3220/2717 3153/3219/2716
f 3208/3220/2717 3206/3221/2718 3203/3222/2719
f 3202/2763/2339 3203/3222/2719 3201/2764/2340
f 3206/3221/2718 3201/2764/2340 3203/3222/2719
f 3206/3221/2718 3207/2765/2341 3201/2764/2340
f 3207/2765/2341 3206/3221/2718 3154/3223/2720
f 3206/3221/2718 3153/3219/2716 3154/3223/2720
f 3153/3219/2716 3149/3224/2721 3154/3223/2720
f 3149/3224/2721 3153/3219/2716 3155/3218/2715
f 3149/3224/2721 3155/3218/2715 3151/3225/2722
f 3149/3224/2721 3151/3225/2722 3150/3226/2345
f 3154/3223/2720 3149/3224/2721 3150/3226/2345
f 3197/2766/2342 3154/3223/2720 3150/3226/2345
f 3154/3223/2720 3197/2766/2342 3207/2765/2341
f 3150/3226/2345 3151/3225/2722 3152/3227/2351
f 3152/3227/2351 3151/3225/2722 3193/3228/2723
f 3193/3228/2723 3151/3225/2722 3155/3218/2715
f 3194/3229/2724 3193/3228/2723 3155/3218/2715
f 3195/3217/2361 3194/3229/2724 3155/3218/2715
f 3195/3217/2361 3190/3230/2360 3194/3229/2724
f 3185/3231/2359 3186/3232/2725 3190/3230/2360
f 3190/3230/2360 3186/3232/2725 3194/3229/2724
f 3185/3231/2359 3187/3233/2357 3186/3232/2725
f 3186/3232/2725 3188/3234/2726 3194/3229/2724
f 3187/3233/2357 3188/3234/2726 3186/3232/2725
f 3188/3234/2726 3193/3228/2723 3194/3229/2724
f 3188/3234/2726 3191/3235/1767 3193/3228/2723
f 3192/3236/1785 3152/3227/2351 3193/3228/2723
f 3191/3235/1767 3192/3236/1785 3193/3228/2723
f 3188/3234/2726 3189/3237/2356 3191/3235/1767
f 3188/3234/2726 3187/3233/2357 3189/3237/2356
f 3261/3238/2365 3260/3239/2727 3258/3240/2728
f 3253/3241/2729 3260/3239/2727 3259/3242/2369
f 3260/3239/2727 3253/3241/2729 3258/3240/2728
f 3257/3243/2730 3258/3240/2728 3253/3241/2729
f 3252/3244/2731 3257/3243/2730 3253/3241/2729
f 3256/3245/2587 3257/3243/2730 3252/3244/2731
f 3253/3241/2729 3250/3246/2732 3252/3244/2731
f 3250/3246/2732 3253/3241/2729 3259/3242/2369
f 3251/3247/2733 3250/3246/2732 3259/3242/2369
f 3250/3246/2732 3251/3247/2733 3248/3248/2714
f 3250/3246/2732 3248/3248/2714 3249/3249/2734
f 3249/3249/2734 3252/3244/2731 3250/3246/2732
f 3247/3250/2735 3252/3244/2731 3249/3249/2734
f 3247/3250/2735 3256/3245/2587 3252/3244/2731
f 3255/3251/2589 3256/3245/2587 3247/3250/2735
f 3244/3252/2736 3255/3251/2589 3247/3250/2735
f 3254/3253/2590 3255/3251/2589 3244/3252/2736
f 3247/3250/2735 3246/3254/2737 3244/3252/2736
f 3246/3254/2737 3247/3250/2735 3249/3249/2734
f 3249/3249/2734 3245/3255/2738 3246/3254/2737
f 3245/3255/2738 3249/3249/2734 3248/3248/2714
f 3245/3255/2738 3242/3256/2739 3246/3254/2737
f 3242/3256/2739 3244/3252/2736 3246/3254/2737
f 3245/3255/2738 3240/2961/2519 3242/3256/2739
f 3241/2960/2518 3242/3256/2739 3240/2961/2519
f 3241/2960/2518 3243/3257/2740 3242/3256/2739
f 3243/3257/2740 3244/3252/2736 3242/3256/2739
f 3243/3257/2740 3254/3253/2590 3244/3252/2736
f 3227/3258/2592 3254/3253/2590 3243/3257/2740
f 3226/2962/2520 3227/3258/2592 3243/3257/2740
f 3226/2962/2520 3243/3257/2740 3241/2960/2518
f 3226/2962/2520 3228/3259/2594 3227/3258/2592
f 3228/3259/2594 3226/2962/2520 3222/2963/2521
f 3228/3259/2594 3222/2963/2521 3232/3260/2741
f 3222/2963/2521 3229/2965/2523 3230/3261/2742
f 3232/3260/2741 3222/2963/2521 3230/3261/2742
f 3234/3262/2743 3232/3260/2741 3230/3261/2742
f 3232/3260/2741 3234/3262/2743 3233/3263/2744
f 3234/3262/2743 3235/3264/2745 3233/3263/2744
f 3234/3262/2743 3236/3265/2598 3235/3264/2745
f 3236/3265/2598 3234/3262/2743 3238/3266/2746
f 3234/3262/2743 3230/3261/2742 3238/3266/2746
f 3230/3261/2742 3229/2965/2523 3231/3267/2747
f 3230/3261/2742 3231/3267/2747 3238/3266/2746
f 3229/2965/2523 3302/3268/2748 3231/3267/2747
f 3302/3268/2748 3238/3266/2746 3231/3267/2747
f 3229/2965/2523 3303/2968/2526 3302/3268/2748
f 3238/3266/2746 3302/3268/2748 3301/3269/2749
f 3237/3270/2600 3238/3266/2746 3301/3269/2749
f 3237/3270/2600 3236/3265/2598 3238/3266/2746
f 3269/3271/2610 3271/3272/2362 3270/3273/2437
f 3271/3272/2362 3269/3271/2610 3291/3274/2750
f 3291/3274/2750 3329/3275/2751 3271/3272/2362
f 3269/3271/2610 3292/3276/2752 3291/3274/2750
f 3293/3277/2609 3292/3276/2752 3269/3271/2610
f 3292/3276/2752 3274/3278/2753 3291/3274/2750
f 3274/3278/2753 3292/3276/2752 3293/3277/2609
f 3273/3279/2754 3274/3278/2753 3293/3277/2609
f 3273/3279/2754 3293/3277/2609 3298/3280/2608
f 3297/3281/2755 3273/3279/2754 3298/3280/2608
f 3300/3282/2606 3297/3281/2755 3298/3280/2608
f 3299/3283/2605 3297/3281/2755 3300/3282/2606
f 3297/3281/2755 3299/3283/2605 3288/3284/2756
f 3273/3279/2754 3297/3281/2755 3288/3284/2756
f 3288/3284/2756 3272/3285/2757 3273/3279/2754
f 3272/3285/2757 3274/3278/2753 3273/3279/2754
f 3274/3278/2753 3272/3285/2757 3289/3286/2758
f 3291/3274/2750 3274/3278/2753 3289/3286/2758
f 3291/3274/2750 3289/3286/2758 3328/3287/2759
f 3328/3287/2759 3329/3275/2751 3291/3274/2750
f 3329/3275/2751 3328/3287/2759 3330/3288/2446
f 3333/3289/2760 3330/3288/2446 3332/3290/2761
f 3330/3288/2446 3328/3287/2759 3332/3290/2761
f 3332/3290/2761 3352/3291/2762 3333/3289/2760
f 3352/3291/2762 3332/3290/2761 3353/3292/2763
f 3331/3293/2764 3332/3290/2761 3328/3287/2759
f 3331/3293/2764 3353/3292/2763 3332/3290/2761
f 3331/3293/2764 3354/3294/2765 3353/3292/2763
f 3354/3294/2765 3331/3293/2764 3334/2977/2535
f 3334/2977/2535 3351/2980/2538 3354/3294/2765
f 3331/3293/2764 3327/2976/2534 3334/2977/2535
f 3327/2976/2534 3331/3293/2764 3328/3287/2759
f 3289/3286/2758 3327/2976/2534 3328/3287/2759
f 3289/3286/2758 3276/2974/2532 3327/2976/2534
f 3272/3285/2757 3284/2973/2531 3289/3286/2758
f 3284/2973/2531 3276/2974/2532 3289/3286/2758
f 3272/3285/2757 3288/3284/2756 3284/2973/2531
f 3290/2972/2530 3284/2973/2531 3288/3284/2756
f 3290/2972/2530 3288/3284/2756 3299/3283/2605
f 3307/2971/2529 3290/2972/2530 3299/3283/2605
f 3401/3295/2700 3403/3296/2766 3402/3297/2676
f 3418/3298/2767 3401/3295/2700 3402/3297/2676
f 3418/3298/2767 3402/3297/2676 3414/3299/2675
f 3418/3298/2767 3423/3300/2699 3401/3295/2700
f 3414/3299/2675 3417/3301/2768 3418/3298/2767
f 3417/3301/2768 3414/3299/2675 3415/3302/2769
f 3414/3299/2675 3416/3303/2674 3415/3302/2769
f 3415/3302/2769 3416/3303/2674 3408/3304/2770
f 3409/3305/2771 3415/3302/2769 3408/3304/2770
f 3408/3304/2770 3410/3306/2772 3409/3305/2771
f 3410/3306/2772 3411/3307/2685 3409/3305/2771
f 3411/3307/2685 3410/3306/2772 3412/3308/2671
f 3413/3309/2684 3411/3307/2685 3412/3308/2671
f 3420/3310/2773 3413/3309/2684 3412/3308/2671
f 3421/3311/2774 3420/3310/2773 3412/3308/2671
f 3475/2661/2775 3476/2660/2776 3473/2659/2777
f 3474/2662/2778 3475/2661/2775 3473/2659/2777
f 3475/2661/2775 3474/2662/2778 3477/2663/2779
f 3473/2659/2777 3468/2665/2780 3467/2664/2781
f 3467/2664/2781 3474/2662/2778 3473/2659/2777
f 3472/2666/2782 3474/2662/2778 3467/2664/2781
f 3474/2662/2778 3472/2666/2782 3477/2663/2779
f 3477/2663/2779 3472/2666/2782 3479/2667/2783
f 3472/2666/2782 3465/2669/2784 3471/2668/2785
f 3472/2666/2782 3471/2668/2785 3479/2667/2783
f 3472/2666/2782 3467/2664/2781 3465/2669/2784
f 3465/2669/2784 3470/2670/2786 3471/2668/2785
f 3467/2664/2781 3466/2671/2787 3465/2669/2784
f 3466/2671/2787 3470/2670/2786 3465/2669/2784
f 3467/2664/2781 3464/2672/2788 3466/2671/2787
f 3467/2664/2781 3468/2665/2780 3464/2672/2788
f 3468/2665/2780 3469/2673/2238 3464/2672/2788
f 3469/2673/2238 3463/2674/2789 3464/2672/2788
f 3462/2675/2790 3464/2672/2788 3463/2674/2789
f 3462/2675/2790 3463/2674/2789 3491/2676/2791
f 3490/2677/2792 3462/2675/2790 3491/2676/2791
f 3462/2675/2790 3490/2677/2792 3499/2678/2793
f 3499/2678/2793 3487/2679/2794 3462/2675/2790
f 3487/2679/2794 3499/2678/2793 3612/2717/2795
f 3487/2679/2794 3478/2680/2796 3462/2675/2790
f 3462/2675/2790 3478/2680/2796 3464/2672/2788
f 3478/2680/2796 3466/2671/2787 3464/2672/2788
f 3478/2680/2796 3480/2681/2797 3466/2671/2787
f 3480/2681/2797 3470/2670/2786 3466/2671/2787
f 3478/2680/2796 3487/2679/2794 3480/2681/2797
f 3480/2681/2797 3484/2684/2798 3470/2670/2786
f 3483/2686/2799 3481/2685/2081 3470/2670/2786
f 3484/2684/2798 3483/2686/2799 3470/2670/2786
f 3481/2685/2081 3471/2668/2785 3470/2670/2786
f 3481/2685/2081 3482/2692/2800 3471/2668/2785
f 3482/2692/2800 3479/2667/2783 3471/2668/2785
f 3481/2685/2081 3818/2690/2801 3482/2692/2800
f 3817/2687/2802 3818/2690/2801 3481/2685/2081
f 3483/2686/2799 3817/2687/2802 3481/2685/2081
f 3817/2687/2802 3483/2686/2799 3484/2684/2798
f 3826/2688/2803 3817/2687/2802 3484/2684/2798
f 3484/2684/2798 3485/2683/2804 3826/2688/2803
f 3484/2684/2798 3480/2681/2797 3485/2683/2804
f 3480/2681/2797 3486/2682/2805 3485/2683/2804
f 3487/2679/2794 3486/2682/2805 3480/2681/2797
f 3486/2682/2805 3487/2679/2794 3494/2714/2806
f 3485/2683/2804 3486/2682/2805 3494/2714/2806
f 3487/2679/2794 3498/2716/2807 3494/2714/2806
f 3498/2716/2807 3487/2679/2794 3612/2717/2795
f 3498/2716/2807 3612/2717/2795 3538/2718/2808
f 3531/2719/2809 3498/2716/2807 3538/2718/2808
f 3531/2719/2809 3538/2718/2808 3537/2720/2810
f 3531/2719/2809 3496/2715/2811 3498/2716/2807
f 3496/2715/2811 3494/2714/2806 3498/2716/2807
f 3494/2714/2806 3496/2715/2811 3495/2713/2812
f 3495/2713/2812 3485/2683/2804 3494/2714/2806
f 3495/2713/2812 3834/2712/2813 3485/2683/2804
f 3485/2683/2804 3827/2711/2814 3826/2688/2803
f 3834/2712/2813 3827/2711/2814 3485/2683/2804
f 3826/2688/2803 3827/2711/2814 3828/2710/2815
f 3827/2711/2814 3834/2712/2813 3828/2710/2815
f 3828/2710/2815 3825/2708/2816 3826/2688/2803
f 3825/2708/2816 3814/2689/2817 3826/2688/2803
f 3814/2689/2817 3817/2687/2802 3826/2688/2803
f 3814/2689/2817 3812/2691/2818 3817/2687/2802
f 3817/2687/2802 3812/2691/2818 3818/2690/2801
f 3819/2699/2819 3818/2690/2801 3812/2691/2818
f 3595/2693/2820 3818/2690/2801 3819/2699/2819
f 3818/2690/2801 3595/2693/2820 3482/2692/2800
f 3596/2694/2821 3482/2692/2800 3595/2693/2820
f 3479/2667/2783 3482/2692/2800 3596/2694/2821
f 3598/2696/2822 3479/2667/2783 3596/2694/2821
f 3597/2695/2779 3479/2667/2783 3598/2696/2822
f 3596/2694/2821 3595/2693/2820 3594/2697/2823
f 3599/2698/2824 3594/2697/2823 3595/2693/2820
f 3824/2700/1633 3595/2693/2820 3819/2699/2819
f 3824/2700/1633 3819/2699/2819 3821/2702/2825
f 3813/2701/2826 3821/2702/2825 3819/2699/2819
f 3812/2691/2818 3813/2701/2826 3819/2699/2819
f 3812/2691/2818 3814/2689/2817 3813/2701/2826
f 3814/2689/2817 3810/2707/2827 3813/2701/2826
f 3810/2707/2827 3814/2689/2817 3825/2708/2816
f 3809/2709/2828 3810/2707/2827 3825/2708/2816
f 3828/2710/2815 3809/2709/2828 3825/2708/2816
f 3837/2757/2829 3809/2709/2828 3828/2710/2815
f 3921/2756/2830 3837/2757/2829 3828/2710/2815
f 3836/2736/2831 3921/2756/2830 3828/2710/2815
f 3836/2736/2831 3828/2710/2815 3834/2712/2813
f 3495/2713/2812 3835/2735/2832 3834/2712/2813
f 3835/2735/2832 3836/2736/2831 3834/2712/2813
f 3495/2713/2812 3497/2734/2833 3835/2735/2832
f 3496/2715/2811 3497/2734/2833 3495/2713/2812
f 3530/2733/2834 3497/2734/2833 3496/2715/2811
f 3835/2735/2832 3497/2734/2833 3530/2733/2834
f 3496/2715/2811 3528/2721/2835 3530/2733/2834
f 3531/2719/2809 3528/2721/2835 3496/2715/2811
f 3528/2721/2835 3529/2732/2836 3530/2733/2834
f 3527/2723/2837 3529/2732/2836 3528/2721/2835
f 3528/2721/2835 3531/2719/2809 3527/2723/2837
f 3531/2719/2809 3532/2722/2838 3527/2723/2837
f 3532/2722/2838 3531/2719/2809 3537/2720/2810
f 3532/2722/2838 3537/2720/2810 3535/2725/2839
f 3537/2720/2810 3536/2726/2840 3535/2725/2839
f 3532/2722/2838 3535/2725/2839 3533/2724/2841
f 3527/2723/2837 3532/2722/2838 3533/2724/2841
f 3533/2724/2841 3534/2730/2842 3527/2723/2837
f 3534/2730/2842 3529/2732/2836 3527/2723/2837
f 3862/2739/2843 3529/2732/2836 3534/2730/2842
f 3862/2739/2843 3863/2738/2844 3529/2732/2836
f 3863/2738/2844 3530/2733/2834 3529/2732/2836
f 3863/2738/2844 3835/2735/2832 3530/2733/2834
f 3835/2735/2832 3863/2738/2844 3864/2737/2845
f 3836/2736/2831 3835/2735/2832 3864/2737/2845
f 3863/2738/2844 3862/2739/2843 3864/2737/2845
f 3862/2739/2843 3865/2740/2846 3864/2737/2845
f 3862/2739/2843 3866/2741/2847 3865/2740/2846
f 3866/2741/2847 3862/2739/2843 3534/2730/2842
f 3866/2741/2847 3534/2730/2842 3522/2731/2848
f 3522/2731/2848 3534/2730/2842 3533/2724/2841
f 3520/2729/2849 3522/2731/2848 3533/2724/2841
f 3533/2724/2841 3535/2725/2839 3520/2729/2849
f 3535/2725/2839 3518/2727/2850 3520/2729/2849
f 3535/2725/2839 3536/2726/2840 3518/2727/2850
f 3536/2726/2840 3516/2728/2851 3518/2727/2850
f 3515/2746/2852 3517/2745/2853 3516/2728/2851
f 3517/2745/2853 3518/2727/2850 3516/2728/2851
f 3517/2745/2853 3519/2744/2854 3518/2727/2850
f 3519/2744/2854 3520/2729/2849 3518/2727/2850
f 3519/2744/2854 3521/2743/2855 3520/2729/2849
f 3521/2743/2855 3522/2731/2848 3520/2729/2849
f 3858/2742/2856 3522/2731/2848 3521/2743/2855
f 3858/2742/2856 3866/2741/2847 3522/2731/2848
f 3866/2741/2847 3858/2742/2856 3867/2753/2857
f 3866/2741/2847 3867/2753/2857 3865/2740/2846
f 3865/2740/2846 3867/2753/2857 3869/2754/2858
f 3865/2740/2846 3869/2754/2858 3864/2737/2845
f 3869/2754/2858 3870/2755/2859 3864/2737/2845
f 3864/2737/2845 3870/2755/2859 3836/2736/2831
f 3870/2755/2859 3921/2756/2830 3836/2736/2831
f 3867/2753/2857 3868/2762/2860 3869/2754/2858
f 3858/2742/2856 3856/2752/2861 3867/2753/2857
f 3867/2753/2857 3856/2752/2861 3868/2762/2860
f 3858/2742/2856 3521/2743/2855 3857/2751/2862
f 3856/2752/2861 3858/2742/2856 3857/2751/2862
f 3521/2743/2855 3525/2750/2863 3857/2751/2862
f 3521/2743/2855 3519/2744/2854 3525/2750/2863
f 3519/2744/2854 3517/2745/2853 3523/2749/2864
f 3519/2744/2854 3523/2749/2864 3525/2750/2863
f 3517/2745/2853 3524/2747/2865 3523/2749/2864
f 3517/2745/2853 3515/2746/2852 3524/2747/2865
f 3515/2746/2852 3526/2748/2866 3524/2747/2865
f 3524/2747/2865 3526/2748/2866 3460/2771/2867
f 3526/2748/2866 3513/2772/2868 3460/2771/2867
f 3524/2747/2865 3460/2771/2867 3459/2768/2869
f 3523/2749/2864 3524/2747/2865 3459/2768/2869
f 3459/2768/2869 3512/2767/2870 3523/2749/2864
f 3512/2767/2870 3525/2750/2863 3523/2749/2864
f 3459/2768/2869 3456/2769/2871 3512/2767/2870
f 3459/2768/2869 3460/2771/2867 3455/2770/2872
f 3455/2770/2872 3456/2769/2871 3459/2768/2869
f 3460/2771/2867 3461/2773/2873 3455/2770/2872
f 3460/2771/2867 3513/2772/2868 3461/2773/2873
f 3461/2773/2873 3457/2774/2874 3455/2770/2872
f 3455/2770/2872 3457/2774/2874 3456/2769/2871
f 3457/2774/2874 3458/2775/2875 3456/2769/2871
f 3508/2776/2876 3458/2775/2875 3457/2774/2874
f 3507/2777/2877 3508/2776/2876 3457/2774/2874
f 3507/2777/2877 3457/2774/2874 3461/2773/2873
f 3507/2777/2877 3506/2778/2878 3508/2776/2876
f 3504/2780/2879 3506/2778/2878 3507/2777/2877
f 3504/2780/2879 3503/2781/2880 3506/2778/2878
f 3503/2781/2880 3504/2780/2879 3501/2782/2881
f 3500/2783/2882 3502/2784/2883 3501/2782/2881
f 3500/2783/2882 3501/2782/2881 3504/2780/2879
f 3500/2783/2882 3504/2780/2879 3509/2779/2884
f 3504/2780/2879 3507/2777/2877 3509/2779/2884
f 3509/2779/2884 3507/2777/2877 3461/2773/2873
f 3510/2786/2885 3509/2779/2884 3461/2773/2873
f 3511/2787/2886 3510/2786/2885 3461/2773/2873
f 3461/2773/2873 3513/2772/2868 3511/2787/2886
f 3514/2788/2887 3511/2787/2886 3513/2772/2868
f 3505/2785/2888 3502/2784/2883 3500/2783/2882
f 3500/2783/2882 3509/2779/2884 3505/2785/2888
f 3509/2779/2884 3510/2786/2885 3505/2785/2888
f 3582/2790/2889 3581/2789/2890 3579/2791/2891
f 3573/2792/2892 3581/2789/2890 3580/2794/2893
f 3581/2789/2890 3573/2792/2892 3579/2791/2891
f 3579/2791/2891 3573/2792/2892 3578/2793/2894
f 3578/2793/2894 3574/2795/2895 3577/2803/2896
f 3573/2792/2892 3574/2795/2895 3578/2793/2894
f 3573/2792/2892 3572/2796/2897 3574/2795/2895
f 3572/2796/2897 3573/2792/2892 3580/2794/2893
f 3580/2794/2893 3571/2797/2898 3572/2796/2897
f 3569/2798/2868 3572/2796/2897 3571/2797/2898
f 3570/2799/2899 3572/2796/2897 3569/2798/2868
f 3572/2796/2897 3570/2799/2899 3574/2795/2895
f 3569/2798/2868 3567/2800/2866 3570/2799/2899
f 3570/2799/2899 3568/2802/2900 3574/2795/2895
f 3574/2795/2895 3568/2802/2900 3577/2803/2896
f 3577/2803/2896 3568/2802/2900 3576/2804/2901
f 3576/2804/2901 3565/2805/2902 3575/2806/2903
f 3568/2802/2900 3565/2805/2902 3576/2804/2901
f 3568/2802/2900 3566/2801/2904 3565/2805/2902
f 3566/2801/2904 3568/2802/2900 3570/2799/2899
f 3566/2801/2904 3570/2799/2899 3567/2800/2866
f 3566/2801/2904 3567/2800/2866 3563/2809/2905
f 3566/2801/2904 3563/2809/2905 3565/2805/2902
f 3567/2800/2866 3561/2810/2852 3563/2809/2905
f 3565/2805/2902 3563/2809/2905 3564/2808/2906
f 3565/2805/2902 3564/2808/2906 3575/2806/2903
f 3575/2806/2903 3564/2808/2906 3548/2807/2907
f 3548/2807/2907 3547/2815/2908 3549/2816/2909
f 3564/2808/2906 3547/2815/2908 3548/2807/2907
f 3564/2808/2906 3562/2811/2910 3547/2815/2908
f 3563/2809/2905 3562/2811/2910 3564/2808/2906
f 3562/2811/2910 3563/2809/2905 3561/2810/2852
f 3560/2812/2911 3562/2811/2910 3561/2810/2852
f 3545/2813/2912 3562/2811/2910 3560/2812/2911
f 3562/2811/2910 3545/2813/2912 3547/2815/2908
f 3560/2812/2911 3546/2814/2913 3545/2813/2912
f 3547/2815/2908 3545/2813/2912 3540/2819/2914
f 3545/2813/2912 3546/2814/2913 3540/2819/2914
f 3546/2814/2913 3539/2820/2810 3540/2819/2914
f 3539/2820/2810 3541/2821/2808 3540/2819/2914
f 3541/2821/2808 3542/2822/2915 3540/2819/2914
f 3543/2817/2916 3547/2815/2908 3540/2819/2914
f 3540/2819/2914 3542/2822/2915 3543/2817/2916
f 3543/2817/2916 3549/2816/2909 3547/2815/2908
f 3553/2818/2917 3549/2816/2909 3543/2817/2916
f 3552/2842/2918 3553/2818/2917 3543/2817/2916
f 3552/2842/2918 3555/2843/2919 3553/2818/2917
f 3554/2844/2920 3553/2818/2917 3555/2843/2919
f 3554/2844/2920 3555/2843/2919 3556/2845/2921
f 3556/2845/2921 3555/2843/2919 3557/2846/2922
f 3555/2843/2919 3558/2847/2923 3557/2846/2922
f 3555/2843/2919 3552/2842/2918 3558/2847/2923
f 3558/2847/2923 3559/3032/2924 3557/2846/2922
f 3645/3033/2925 3559/3032/2924 3558/2847/2923
f 3645/3033/2925 3558/2847/2923 3646/2849/2926
f 3552/2842/2918 3551/2848/2927 3558/2847/2923
f 3551/2848/2927 3646/2849/2926 3558/2847/2923
f 3552/2842/2918 3550/2841/2928 3551/2848/2927
f 3552/2842/2918 3543/2817/2916 3550/2841/2928
f 3551/2848/2927 3550/2841/2928 3646/2849/2926
f 3543/2817/2916 3542/2822/2915 3544/2840/2929
f 3544/2840/2929 3550/2841/2928 3543/2817/2916
f 3542/2822/2915 3629/2839/2930 3544/2840/2929
f 3542/2822/2915 3541/2821/2808 3630/2823/2931
f 3542/2822/2915 3630/2823/2931 3629/2839/2930
f 3541/2821/2808 3631/2824/2795 3630/2823/2931
f 3630/2823/2931 3626/2838/2932 3629/2839/2930
f 3631/2824/2795 3488/2825/2933 3630/2823/2931
f 3626/2838/2932 3630/2823/2931 3488/2825/2933
f 3631/2824/2795 3489/2826/2934 3488/2825/2933
f 3489/2826/2934 3442/2827/2935 3488/2825/2933
f 3442/2827/2935 3489/2826/2934 3492/2828/2936
f 3442/2827/2935 3492/2828/2936 3443/2829/2937
f 3492/2828/2936 3493/2830/2938 3443/2829/2937
f 3443/2829/2937 3493/2830/2938 3833/2831/2939
f 3792/2832/2940 3443/2829/2937 3833/2831/2939
f 3792/2832/2940 3833/2831/2939 3830/2833/2829
f 3792/2832/2940 3441/2834/2812 3443/2829/2937
f 3443/2829/2937 3441/2834/2812 3442/2827/2935
f 3440/2835/2941 3442/2827/2935 3441/2834/2812
f 3449/2836/2942 3442/2827/2935 3440/2835/2941
f 3449/2836/2942 3488/2825/2933 3442/2827/2935
f 3488/2825/2933 3449/2836/2942 3624/2837/2943
f 3626/2838/2932 3488/2825/2933 3624/2837/2943
f 3624/2837/2943 3621/2861/2944 3626/2838/2932
f 3627/2860/2945 3629/2839/2930 3626/2838/2932
f 3621/2861/2944 3627/2860/2945 3626/2838/2932
f 3621/2861/2944 3619/2862/2946 3627/2860/2945
f 3627/2860/2945 3628/2859/2947 3629/2839/2930
f 3619/2862/2946 3628/2859/2947 3627/2860/2945
f 3628/2859/2947 3634/2856/2948 3629/2839/2930
f 3629/2839/2930 3639/2852/2949 3544/2840/2929
f 3634/2856/2948 3638/2854/2950 3629/2839/2930
f 3638/2854/2950 3639/2852/2949 3629/2839/2930
f 3634/2856/2948 3649/2855/2951 3638/2854/2950
f 3638/2854/2950 3648/2853/2952 3639/2852/2949
f 3649/2855/2951 3648/2853/2952 3638/2854/2950
f 3634/2856/2948 3644/2857/2953 3649/2855/2951
f 3628/2859/2947 3632/2858/2954 3634/2856/2948
f 3644/2857/2953 3634/2856/2948 3632/2858/2954
f 3632/2858/2954 3641/2866/2955 3644/2857/2953
f 3643/2867/2956 3644/2857/2953 3641/2866/2955
f 3642/2868/2957 3643/2867/2956 3641/2866/2955
f 3641/2866/2955 3616/2865/2958 3642/2868/2957
f 3632/2858/2954 3616/2865/2958 3641/2866/2955
f 3616/2865/2958 3637/2869/2959 3642/2868/2957
f 3616/2865/2958 3618/2864/2960 3617/2870/2961
f 3616/2865/2958 3617/2870/2961 3637/2869/2959
f 3616/2865/2958 3632/2858/2954 3618/2864/2960
f 3618/2864/2960 3632/2858/2954 3628/2859/2947
f 3618/2864/2960 3628/2859/2947 3633/2863/2962
f 3628/2859/2947 3619/2862/2946 3633/2863/2962
f 3633/2863/2962 3617/2870/2961 3618/2864/2960
f 3619/2862/2946 3670/2878/2963 3633/2863/2962
f 3619/2862/2946 3621/2861/2944 3620/2879/2964
f 3619/2862/2946 3620/2879/2964 3670/2878/2963
f 3621/2861/2944 3624/2837/2943 3625/2880/2965
f 3625/2880/2965 3620/2879/2964 3621/2861/2944
f 3620/2879/2964 3625/2880/2965 3677/2881/2966
f 3670/2878/2963 3620/2879/2964 3677/2881/2966
f 3675/2882/2967 3670/2878/2963 3677/2881/2966
f 3671/2877/2968 3670/2878/2963 3675/2882/2967
f 3633/2863/2962 3670/2878/2963 3671/2877/2968
f 3635/2871/2969 3633/2863/2962 3671/2877/2968
f 3633/2863/2962 3635/2871/2969 3617/2870/2961
f 3635/2871/2969 3636/2872/2970 3617/2870/2961
f 3617/2870/2961 3636/2872/2970 3637/2869/2959
f 3615/2873/2971 3637/2869/2959 3636/2872/2970
f 3636/2872/2970 3635/2871/2969 3615/2873/2971
f 3613/2874/2972 3615/2873/2971 3614/2875/2886
f 3635/2871/2969 3614/2875/2886 3615/2873/2971
f 3614/2875/2886 3635/2871/2969 3672/2876/2973
f 3635/2871/2969 3671/2877/2968 3672/2876/2973
f 3673/2884/2974 3672/2876/2973 3671/2877/2968
f 3673/2884/2974 3671/2877/2968 3674/2883/2975
f 3674/2883/2975 3671/2877/2968 3675/2882/2967
f 3674/2883/2975 3676/2885/2976 3673/2884/2974
f 3676/2885/2976 3674/2883/2975 3696/2886/2977
f 3695/2887/2978 3696/2886/2977 3674/2883/2975
f 3674/2883/2975 3675/2882/2967 3695/2887/2978
f 3677/2881/2966 3697/2888/2979 3675/2882/2967
f 3695/2887/2978 3675/2882/2967 3697/2888/2979
f 3677/2881/2966 3694/2889/2980 3697/2888/2979
f 3625/2880/2965 3678/2890/2981 3677/2881/2966
f 3678/2890/2981 3694/2889/2980 3677/2881/2966
f 3625/2880/2965 3623/2891/2982 3678/2890/2981
f 3624/2837/2943 3623/2891/2982 3625/2880/2965
f 3623/2891/2982 3679/2892/2983 3678/2890/2981
f 3678/2890/2981 3679/2892/2983 3694/2889/2980
f 3691/2893/2984 3694/2889/2980 3679/2892/2983
f 3679/2892/2983 3680/2894/2985 3691/2893/2984
f 3680/2894/2985 3679/2892/2983 3623/2891/2982
f 3680/2894/2985 3692/2895/2986 3691/2893/2984
f 3623/2891/2982 3622/2896/2987 3680/2894/2985
f 3680/2894/2985 3681/2898/2988 3692/2895/2986
f 3681/2898/2988 3680/2894/2985 3622/2896/2987
f 3681/2898/2988 3682/2900/2989 3692/2895/2986
f 3693/2901/2990 3692/2895/2986 3682/2900/2989
f 3682/2900/2989 3683/2902/2991 3693/2901/2990
f 3693/2901/2990 3683/2902/2991 3690/2903/2992
f 3682/2900/2989 3454/2904/2993 3683/2902/2991
f 3683/2902/2991 3684/2912/2994 3690/2903/2992
f 3684/2912/2994 3683/2902/2991 3454/2904/2993
f 3684/2912/2994 3685/2913/2995 3690/2903/2992
f 3689/2914/2996 3690/2903/2992 3685/2913/2995
f 3684/2912/2994 3444/2911/2997 3685/2913/2995
f 3444/2911/2997 3684/2912/2994 3454/2904/2993
f 3444/2911/2997 3445/2915/2998 3685/2913/2995
f 3686/2916/2999 3689/2914/2996 3685/2913/2995
f 3686/2916/2999 3685/2913/2995 3445/2915/2998
f 3686/2916/2999 3688/2917/3000 3689/2914/2996
f 3687/2918/3001 3688/2917/3000 3686/2916/2999
f 3688/2917/3000 3687/2918/3001 3660/2919/3002
f 3698/2920/3003 3688/2917/3000 3660/2919/3002
f 3687/2918/3001 3651/2922/3004 3660/2919/3002
f 3686/2916/2999 3439/2921/3005 3687/2918/3001
f 3651/2922/3004 3687/2918/3001 3439/2921/3005
f 3686/2916/2999 3448/2928/3006 3439/2921/3005
f 3448/2928/3006 3686/2916/2999 3445/2915/2998
f 3448/2928/3006 3445/2915/2998 3436/2929/3007
f 3444/2911/2997 3438/2910/3008 3445/2915/2998
f 3438/2910/3008 3436/2929/3007 3445/2915/2998
f 3444/2911/2997 3454/2904/2993 3438/2910/3008
f 3454/2904/2993 3451/2899/3009 3447/2905/3010
f 3447/2905/3010 3438/2910/3008 3454/2904/2993
f 3451/2899/3009 3454/2904/2993 3682/2900/2989
f 3451/2899/3009 3682/2900/2989 3681/2898/2988
f 3450/2897/3011 3451/2899/3009 3681/2898/2988
f 3450/2897/3011 3681/2898/2988 3622/2896/2987
f 3450/2897/3011 3440/2835/2941 3451/2899/3009
f 3440/2835/2941 3447/2905/3010 3451/2899/3009
f 3450/2897/3011 3449/2836/2942 3440/2835/2941
f 3450/2897/3011 3622/2896/2987 3449/2836/2942
f 3449/2836/2942 3622/2896/2987 3624/2837/2943
f 3623/2891/2982 3624/2837/2943 3622/2896/2987
f 3436/2929/3007 3430/2927/3012 3448/2928/3006
f 3430/2927/3012 3439/2921/3005 3448/2928/3006
f 3439/2921/3005 3430/2927/3012 3434/2925/3013
f 3434/2925/3013 3651/2922/3004 3439/2921/3005
f 3650/2923/3014 3651/2922/3004 3434/2925/3013
f 3660/2919/3002 3651/2922/3004 3650/2923/3014
f 3659/2924/3015 3660/2919/3002 3650/2923/3014
f 3650/2923/3014 3652/3025/3016 3659/2924/3015
f 3652/3025/3016 3661/3026/3017 3659/2924/3015
f 3650/2923/3014 3433/2926/3018 3652/3025/3016
f 3433/2926/3018 3650/2923/3014 3434/2925/3013
f 3434/2925/3013 3430/2927/3012 3433/2926/3018
f 3432/3023/3019 3433/2926/3018 3429/3008/3020
f 3430/2927/3012 3429/3008/3020 3433/2926/3018
f 3432/3023/3019 3652/3025/3016 3433/2926/3018
f 3653/3024/3021 3652/3025/3016 3432/3023/3019
f 3652/3025/3016 3653/3024/3021 3661/3026/3017
f 3653/3024/3021 3658/3027/3022 3661/3026/3017
f 3653/3024/3021 3656/3028/3023 3658/3027/3022
f 3656/3028/3023 3654/3029/3024 3658/3027/3022
f 3654/3029/3024 3656/3028/3023 3655/3030/3025
f 3655/3030/3025 3657/3031/3026 3654/3029/3024
f 3431/3022/3023 3653/3024/3021 3432/3023/3019
f 3432/3023/3019 3429/3008/3020 3431/3022/3023
f 3426/3021/3027 3431/3022/3023 3429/3008/3020
f 3429/3008/3020 3425/3010/3028 3426/3021/3027
f 3424/3020/3029 3426/3021/3027 3425/3010/3028
f 3424/3020/3029 3425/3010/3028 3785/3011/3030
f 3783/3006/3031 3785/3011/3030 3425/3010/3028
f 3785/3011/3030 3783/3006/3031 3784/3012/3032
f 3425/3010/3028 3429/3008/3020 3427/3009/3033
f 3425/3010/3028 3427/3009/3033 3783/3006/3031
f 3430/2927/3012 3428/3007/3034 3429/3008/3020
f 3427/3009/3033 3429/3008/3020 3428/3007/3034
f 3427/3009/3033 3428/3007/3034 3783/3006/3031
f 3428/3007/3034 3786/2993/3035 3783/3006/3031
f 3428/3007/3034 3430/2927/3012 3435/2930/3036
f 3428/3007/3034 3435/2930/3036 3786/2993/3035
f 3430/2927/3012 3436/2929/3007 3435/2930/3036
f 3786/2993/3035 3435/2930/3036 3789/2992/3037
f 3436/2929/3007 3437/2931/2836 3435/2930/3036
f 3435/2930/3036 3437/2931/2836 3789/2992/3037
f 3436/2929/3007 3438/2910/3008 3437/2931/2836
f 3789/2992/3037 3437/2931/2836 3790/2933/3038
f 3438/2910/3008 3452/2932/2812 3437/2931/2836
f 3452/2932/2812 3790/2933/3038 3437/2931/2836
f 3438/2910/3008 3453/2909/3039 3452/2932/2812
f 3790/2933/3038 3452/2932/2812 3453/2909/3039
f 3438/2910/3008 3447/2905/3010 3453/2909/3039
f 3446/2906/3040 3447/2905/3010 3440/2835/2941
f 3446/2906/3040 3453/2909/3039 3447/2905/3010
f 3440/2835/2941 3441/2834/2812 3446/2906/3040
f 3446/2906/3040 3795/2908/3041 3453/2909/3039
f 3795/2908/3041 3790/2933/3038 3453/2909/3039
f 3446/2906/3040 3791/2907/3042 3795/2908/3041
f 3446/2906/3040 3441/2834/2812 3791/2907/3042
f 3791/2907/3042 3441/2834/2812 3792/2832/2940
f 3797/2937/3043 3791/2907/3042 3792/2832/2940
f 3797/2937/3043 3792/2832/2940 3829/2938/3044
f 3830/2833/2829 3829/2938/3044 3792/2832/2940
f 3830/2833/2829 3940/2939/3045 3829/2938/3044
f 3939/2940/3046 3829/2938/3044 3940/2939/3045
f 3939/2940/3046 3940/2939/3045 3872/2941/2859
f 3939/2940/3046 3935/2942/3047 3829/2938/3044
f 3935/2942/3047 3933/2943/3048 3829/2938/3044
f 3933/2943/3048 3797/2937/3043 3829/2938/3044
f 3797/2937/3043 3933/2943/3048 3931/2944/3049
f 3798/2936/3050 3797/2937/3043 3931/2944/3049
f 3798/2936/3050 3791/2907/3042 3797/2937/3043
f 3798/2936/3050 3799/2935/3051 3791/2907/3042
f 3799/2935/3051 3795/2908/3041 3791/2907/3042
f 3800/2934/3052 3795/2908/3041 3799/2935/3051
f 3795/2908/3041 3800/2934/3052 3790/2933/3038
f 3799/2935/3051 3991/2945/3053 3992/2946/3054
f 3799/2935/3051 3992/2946/3054 3800/2934/3052
f 3799/2935/3051 3798/2936/3050 3991/2945/3053
f 3798/2936/3050 3931/2944/3049 3991/2945/3053
f 3931/2944/3049 3932/2949/3055 3990/2948/3056
f 3931/2944/3049 3990/2948/3056 3991/2945/3053
f 3931/2944/3049 3933/2943/3048 3932/2949/3055
f 3929/2951/3057 3934/2950/3058 3933/2943/3048
f 3934/2950/3058 3932/2949/3055 3933/2943/3048
f 3933/2943/3048 3935/2942/3047 3929/2951/3057
f 3935/2942/3047 3936/2952/3059 3929/2951/3057
f 3939/2940/3046 3938/2953/3060 3935/2942/3047
f 3936/2952/3059 3935/2942/3047 3938/2953/3060
f 3939/2940/3046 3874/2954/3061 3938/2953/3060
f 3874/2954/3061 3939/2940/3046 3872/2941/2859
f 3873/2955/3062 3874/2954/3061 3872/2941/2859
f 3871/2956/3063 3873/2955/3062 3872/2941/2859
f 3873/2955/3062 3871/2956/3063 3878/2957/2860
f 3877/2958/3064 3873/2955/3062 3878/2957/2860
f 3878/2957/2860 3892/2959/3065 3877/2958/3064
f 3873/2955/3062 3877/2958/3064 3879/2962/3066
f 3892/2959/3065 3893/2960/3067 3877/2958/3064
f 3879/2962/3066 3877/2958/3064 3893/2960/3067
f 3892/2959/3065 3894/2961/1872 3893/2960/3067
f 3894/2961/1872 3895/3256/3068 3893/2960/3067
f 3895/3256/3068 3894/2961/1872 3899/3255/3069
f 3895/3256/3068 3896/3257/3070 3893/2960/3067
f 3896/3257/3070 3879/2962/3066 3893/2960/3067
f 3895/3256/3068 3897/3252/3071 3896/3257/3070
f 3897/3252/3071 3895/3256/3068 3898/3254/3072
f 3898/3254/3072 3895/3256/3068 3899/3255/3069
f 3898/3254/3072 3899/3255/3069 3902/3249/3073
f 3901/3248/3074 3902/3249/3073 3899/3255/3069
f 3898/3254/3072 3900/3250/3075 3897/3252/3071
f 3898/3254/3072 3902/3249/3073 3900/3250/3075
f 3900/3250/3075 3908/3251/3076 3897/3252/3071
f 3908/3251/3076 3907/3253/3077 3897/3252/3071
f 3907/3253/3077 3896/3257/3070 3897/3252/3071
f 3907/3253/3077 3880/3258/3078 3896/3257/3070
f 3880/3258/3078 3879/2962/3066 3896/3257/3070
f 3880/3258/3078 3881/3259/3079 3879/2962/3066
f 3875/2963/3080 3873/2955/3062 3879/2962/3066
f 3875/2963/3080 3879/2962/3066 3881/3259/3079
f 3875/2963/3080 3874/2954/3061 3873/2955/3062
f 3874/2954/3061 3876/2964/3081 3938/2953/3060
f 3875/2963/3080 3876/2964/3081 3874/2954/3061
f 3876/2964/3081 3875/2963/3080 3882/2965/3082
f 3884/3261/3083 3882/2965/3082 3875/2963/3080
f 3884/3261/3083 3875/2963/3080 3885/3260/3084
f 3885/3260/3084 3875/2963/3080 3881/3259/3079
f 3885/3260/3084 3887/3262/3085 3884/3261/3083
f 3886/3263/3086 3887/3262/3085 3885/3260/3084
f 3886/3263/3086 3888/3264/3087 3887/3262/3085
f 3888/3264/3087 3889/3265/3088 3887/3262/3085
f 3887/3262/3085 3889/3265/3088 3890/3266/3089
f 3887/3262/3085 3890/3266/3089 3884/3261/3083
f 3883/3267/3090 3882/2965/3082 3884/3261/3083
f 3890/3266/3089 3883/3267/3090 3884/3261/3083
f 3883/3267/3090 3890/3266/3089 3955/3268/3091
f 3883/3267/3090 3955/3268/3091 3882/2965/3082
f 3876/2964/3081 3882/2965/3082 3949/2967/3092
f 3955/3268/3091 3956/2968/3093 3882/2965/3082
f 3882/2965/3082 3956/2968/3093 3949/2967/3092
f 3956/2968/3093 3959/2969/3094 3949/2967/3092
f 3949/2967/3092 3948/2966/3095 3876/2964/3081
f 3959/2969/3094 3948/2966/3095 3949/2967/3092
f 3948/2966/3095 3938/2953/3060 3876/2964/3081
f 3947/2970/3096 3938/2953/3060 3948/2966/3095
f 3947/2970/3096 3948/2966/3095 3959/2969/3094
f 3960/2971/3097 3947/2970/3096 3959/2969/3094
f 3947/2970/3096 3960/2971/3097 3943/2972/3098
f 3943/2972/3098 3938/2953/3060 3947/2970/3096
f 3960/2971/3097 3953/3283/3099 3943/2972/3098
f 3943/2972/3098 3937/2973/3100 3938/2953/3060
f 3936/2952/3059 3938/2953/3060 3937/2973/3100
f 3943/2972/3098 3941/3284/3101 3937/2973/3100
f 3953/3283/3099 3941/3284/3101 3943/2972/3098
f 3952/3282/3102 3950/3281/3103 3953/3283/3099
f 3941/3284/3101 3953/3283/3099 3950/3281/3103
f 3952/3282/3102 3951/3280/3104 3950/3281/3103
f 3950/3281/3103 3951/3280/3104 3925/3279/3105
f 3941/3284/3101 3950/3281/3103 3925/3279/3105
f 3951/3280/3104 3946/3277/3106 3925/3279/3105
f 3925/3279/3105 3927/3278/3107 3926/3285/3108
f 3925/3279/3105 3946/3277/3106 3927/3278/3107
f 3926/3285/3108 3941/3284/3101 3925/3279/3105
f 3926/3285/3108 3937/2973/3100 3941/3284/3101
f 3927/3278/3107 3942/3286/3109 3926/3285/3108
f 3926/3285/3108 3942/3286/3109 3937/2973/3100
f 3936/2952/3059 3937/2973/3100 3928/2974/3110
f 3942/3286/3109 3928/2974/3110 3937/2973/3100
f 3928/2974/3110 3929/2951/3057 3936/2952/3059
f 3928/2974/3110 3930/2975/3111 3929/2951/3057
f 3934/2950/3058 3929/2951/3057 3930/2975/3111
f 3928/2974/3110 3980/2976/3112 3930/2975/3111
f 3942/3286/3109 3980/2976/3112 3928/2974/3110
f 3980/2976/3112 3987/2977/3113 3930/2975/3111
f 3930/2975/3111 3987/2977/3113 3934/2950/3058
f 3987/2977/3113 3988/2978/3114 3934/2950/3058
f 3934/2950/3058 3988/2978/3114 3932/2949/3055
f 3988/2978/3114 3989/2979/3115 3932/2949/3055
f 3932/2949/3055 3989/2979/3115 3990/2948/3056
f 3988/2978/3114 3987/2977/3113 4004/2980/3116
f 3988/2978/3114 4004/2980/3116 3989/2979/3115
f 3989/2979/3115 4001/2981/3117 3990/2948/3056
f 4001/2981/3117 3989/2979/3115 4004/2980/3116
f 4001/2981/3117 4002/2947/3118 3990/2948/3056
f 3991/2945/3053 3990/2948/3056 4002/2947/3118
f 3991/2945/3053 4002/2947/3118 3992/2946/3054
f 4003/2982/3119 3992/2946/3054 4002/2947/3118
f 3992/2946/3054 4003/2982/3119 3993/2983/3120
f 3992/2946/3054 3993/2983/3120 3800/2934/3052
f 4003/2982/3119 4000/2984/3121 3993/2983/3120
f 3800/2934/3052 3993/2983/3120 3994/2985/3122
f 4000/2984/3121 3994/2985/3122 3993/2983/3120
f 3999/2988/3123 3995/2987/3124 4000/2984/3121
f 3994/2985/3122 4000/2984/3121 3995/2987/3124
f 3793/2986/3125 3994/2985/3122 3995/2987/3124
f 3793/2986/3125 3800/2934/3052 3994/2985/3122
f 3800/2934/3052 3793/2986/3125 3790/2933/3038
f 3793/2986/3125 3794/2991/3126 3790/2933/3038
f 3794/2991/3126 3793/2986/3125 3995/2987/3124
f 3794/2991/3126 3789/2992/3037 3790/2933/3038
f 3796/2994/3127 3789/2992/3037 3794/2991/3126
f 3789/2992/3037 3796/2994/3127 3786/2993/3035
f 3794/2991/3126 3996/2989/3128 3796/2994/3127
f 3794/2991/3126 3995/2987/3124 3996/2989/3128
f 3996/2989/3128 3995/2987/3124 3999/2988/3123
f 3999/2988/3123 3998/2990/3129 3996/2989/3128
f 3796/2994/3127 3996/2989/3128 3801/2995/3130
f 3998/2990/3129 3997/2996/3131 3996/2989/3128
f 3996/2989/3128 3997/2996/3131 3801/2995/3130
f 3998/2990/3129 4008/2998/3132 3971/2997/3002
f 3971/2997/3002 3997/2996/3131 3998/2990/3129
f 3962/2999/3133 3997/2996/3131 3971/2997/3002
f 3801/2995/3130 3997/2996/3131 3962/2999/3133
f 3788/3000/3134 3801/2995/3130 3962/2999/3133
f 3801/2995/3130 3788/3000/3134 3786/2993/3035
f 3796/2994/3127 3801/2995/3130 3786/2993/3035
f 3788/3000/3134 3787/3005/2560 3786/2993/3035
f 3787/3005/2560 3783/3006/3031 3786/2993/3035
f 3788/3000/3134 3961/3001/3135 3787/3005/2560
f 3788/3000/3134 3962/2999/3133 3961/3001/3135
f 3961/3001/3135 3962/2999/3133 3971/2997/3002
f 3970/3002/3015 3961/3001/3135 3971/2997/3002
f 3961/3001/3135 3970/3002/3015 3963/3003/3136
f 3787/3005/2560 3961/3001/3135 3963/3003/3136
f 3970/3002/3015 3972/3004/3017 3963/3003/3136
f 3963/3003/3136 3972/3004/3017 3964/3014/3137
f 3972/3004/3017 3969/3015/3022 3964/3014/3137
f 3964/3014/3137 3782/3013/3138 3963/3003/3136
f 3782/3013/3138 3787/3005/2560 3963/3003/3136
f 3782/3013/3138 3783/3006/3031 3787/3005/2560
f 3782/3013/3138 3784/3012/3032 3783/3006/3031
f 3784/3012/3032 3782/3013/3138 3964/3014/3137
f 3964/3014/3137 3969/3015/3022 3966/3016/3139
f 3969/3015/3022 3965/3017/3024 3966/3016/3139
f 3965/3017/3024 3967/3018/3140 3966/3016/3139
f 3967/3018/3140 3965/3017/3024 3968/3019/3029
f 3591/3036/3141 3589/3035/2894 3592/3034/3142
f 3593/3037/3143 3592/3034/3142 3587/3038/3144
f 3587/3038/3144 3592/3034/3142 3589/3035/2894
f 3587/3038/3144 3589/3035/2894 3588/3039/3145
f 3589/3035/2894 3590/3040/3146 3588/3039/3145
f 3588/3039/3145 3590/3040/3146 3583/3041/3076
f 3590/3040/3146 3585/3042/3147 3583/3041/3076
f 3583/3041/3076 3585/3042/3147 3584/3043/3077
f 3585/3042/3147 3586/3044/2903 3584/3043/3077
f 3584/3043/3077 3586/3044/2903 3915/3045/3148
f 3586/3044/2903 3916/3046/3149 3915/3045/3148
f 3915/3045/3148 3916/3046/3149 3917/3047/3079
f 3916/3046/3149 3918/3048/3150 3917/3047/3079
f 3600/3049/3084 3917/3047/3079 3918/3048/3150
f 3602/3050/2917 3600/3049/3084 3918/3048/3150
f 3600/3049/3084 3602/3050/2917 3601/3051/3086
f 3602/3050/2917 3603/3052/2920 3601/3051/3086
f 3601/3051/3086 3603/3052/2920 3607/3053/3087
f 3603/3052/2920 3605/3054/3151 3607/3053/3087
f 3606/3055/3088 3607/3053/3087 3605/3054/3151
f 3604/3056/2922 3606/3055/3088 3605/3054/3151
f 3606/3055/3088 3604/3056/2922 3919/3057/3152
f 3604/3056/2922 3920/3058/2924 3919/3057/3152
f 3608/3059/3153 3919/3057/3152 3920/3058/2924
f 3610/3060/2925 3608/3059/3153 3920/3058/2924
f 3608/3059/3153 3610/3060/2925 3609/3061/3091
f 3610/3060/2925 3611/3062/3154 3609/3061/3091
f 3609/3061/3091 3611/3062/3154 3973/3063/3093
f 3611/3062/3154 3974/3064/3155 3973/3063/3093
f 3975/3065/3156 3973/3063/3093 3974/3064/3155
f 3976/3066/2952 3975/3065/3156 3974/3064/3155
f 3975/3065/3156 3976/3066/2952 3958/3067/3097
f 3976/3066/2952 3957/3068/2951 3958/3067/3097
f 3665/3069/3099 3958/3067/3097 3957/3068/2951
f 3663/3070/2953 3665/3069/3099 3957/3068/2951
f 3664/3071/3157 3665/3069/3099 3663/3070/2953
f 3662/3072/3158 3664/3071/3157 3663/3070/2953
f 3664/3071/3157 3662/3072/3158 3977/3073/3104
f 3662/3072/3158 3978/3074/2957 3977/3073/3104
f 3977/3073/3104 3978/3074/2957 3669/3075/2959
f 3668/3076/3106 3977/3073/3104 3669/3075/2959
f 3668/3076/3106 3669/3075/2959 3667/3077/2971
f 3666/3078/3159 3668/3076/3106 3667/3077/2971
f 3979/3079/2972 3666/3078/3159 3667/3077/2971
f 3550/2841/2928 3647/2850/3160 3646/2849/2926
f 3544/2840/2929 3640/2851/3161 3550/2841/2928
f 3550/2841/2928 3640/2851/3161 3647/2850/3160
f 3647/2850/3160 3640/2851/3161 3648/2853/2952
f 3640/2851/3161 3639/2852/2949 3648/2853/2952
f 3640/2851/3161 3544/2840/2929 3639/2852/2949
f 3714/3082/3162 3715/3081/3003 3716/3080/3163
f 3714/3082/3162 3711/3083/3164 3715/3081/3003
f 3710/3084/3165 3711/3083/3164 3714/3082/3162
f 3714/3082/3162 3748/3085/3166 3710/3084/3165
f 3710/3084/3165 3709/3086/3167 3711/3083/3164
f 3748/3085/3166 3709/3086/3167 3710/3084/3165
f 3709/3086/3167 3708/3087/2996 3711/3083/3164
f 3708/3087/2996 3709/3086/3167 3706/3089/3168
f 3706/3089/3168 3707/3090/3169 3704/3092/3170
f 3709/3086/3167 3707/3090/3169 3706/3089/3168
f 3707/3090/3169 3709/3086/3167 3747/3088/3171
f 3709/3086/3167 3748/3085/3166 3747/3088/3171
f 3707/3090/3169 3747/3088/3171 3746/3091/3172
f 3705/3093/3173 3707/3090/3169 3746/3091/3172
f 3707/3090/3169 3705/3093/3173 3704/3092/3170
f 3704/3092/3170 3705/3093/3173 3699/3094/2986
f 3705/3093/3173 3701/3095/3174 3699/3094/2986
f 3705/3093/3173 3746/3091/3172 3701/3095/3174
f 3746/3091/3172 3745/3096/3175 3701/3095/3174
f 3701/3095/3174 3745/3096/3175 3703/3097/3176
f 3745/3096/3175 3744/3098/3177 3703/3097/3176
f 3703/3097/3176 3700/3099/2984 3701/3095/3174
f 3699/3094/2986 3701/3095/3174 3700/3099/2984
f 3703/3097/3176 3702/3100/2980 3700/3099/2984
f 3702/3100/2980 3703/3097/3176 3713/3101/3178
f 3703/3097/3176 3744/3098/3177 3713/3101/3178
f 3744/3098/3177 3728/3102/3179 3713/3101/3178
f 3712/3104/3180 3713/3101/3178 3727/3103/2978
f 3713/3101/3178 3728/3102/3179 3727/3103/2978
f 3712/3104/3180 3702/3100/2980 3713/3101/3178
f 3728/3102/3179 3729/3106/3181 3730/3105/3182
f 3730/3105/3182 3727/3103/2978 3728/3102/3179
f 3729/3106/3181 4033/3107/3183 3730/3105/3182
f 4033/3107/3183 4032/3108/3184 3730/3105/3182
f 4032/3108/3184 4033/3107/3183 4023/3109/3185
f 4022/3110/3186 4032/3108/3184 4023/3109/3185
f 4033/3107/3183 4041/3111/3187 4023/3109/3185
f 4013/3113/3188 4023/3109/3185 4041/3111/3187
f 4013/3113/3188 4041/3111/3187 4042/3114/3189
f 4013/3113/3188 4012/3112/3190 4023/3109/3185
f 4022/3110/3186 4023/3109/3185 4012/3112/3190
f 4013/3113/3188 4011/3117/3117 4012/3112/3190
f 4013/3113/3188 4010/3115/3191 4011/3117/3117
f 4010/3115/3191 4013/3113/3188 4042/3114/3189
f 4010/3115/3191 4042/3114/3189 4043/3116/3192
f 4015/3119/3193 4010/3115/3191 4043/3116/3192
f 4009/3118/3194 4010/3115/3191 4015/3119/3193
f 4009/3118/3194 4011/3117/3117 4010/3115/3191
f 4015/3119/3193 4014/3120/3119 4009/3118/3194
f 4014/3120/3119 4015/3119/3193 4017/3121/3195
f 4015/3119/3193 4043/3116/3192 4017/3121/3195
f 4043/3116/3192 4044/3122/3196 4017/3121/3195
f 4017/3121/3195 4044/3122/3196 4019/3123/3197
f 4044/3122/3196 4045/3124/3198 4019/3123/3197
f 4019/3123/3197 4016/3125/3199 4017/3121/3195
f 4016/3125/3199 4014/3120/3119 4017/3121/3195
f 4019/3123/3197 4018/3126/3123 4016/3125/3199
f 4018/3126/3123 4019/3123/3197 4021/3127/3129
f 4020/3128/3200 4021/3127/3129 4019/3123/3197
f 4020/3128/3200 4019/3123/3197 4045/3124/3198
f 4024/3129/3201 4020/3128/3200 4045/3124/3198
f 4020/3128/3200 4024/3129/3201 4021/3127/3129
f 4024/3129/3201 4025/3130/3132 4021/3127/3129
f 4024/3129/3201 4026/3131/3202 4025/3130/3132
f 3753/3132/3203 3754/3134/3204 3751/3133/3205
f 3754/3134/3204 3752/3135/3206 3751/3133/3205
f 3751/3133/3205 3752/3135/3206 3750/3136/3207
f 3752/3135/3206 3749/3137/3208 3750/3136/3207
f 3749/3137/3208 3721/3138/3209 3750/3136/3207
f 3721/3138/3209 3720/3139/3210 3750/3136/3207
f 3720/3139/3210 3721/3138/3209 3718/3140/3211
f 3720/3139/3210 3718/3140/3211 3719/3142/3212
f 3721/3138/3209 3722/3141/3213 3718/3140/3211
f 3718/3140/3211 3722/3141/3213 4029/3143/3201
f 4028/3156/3214 3718/3140/3211 4029/3143/3201
f 4047/3157/3215 4028/3156/3214 4029/3143/3201
f 4046/3158/3198 4047/3157/3215 4029/3143/3201
f 4047/3157/3215 4046/3158/3198 4049/3159/3196
f 4048/3160/3216 4047/3157/3215 4049/3159/3196
f 4048/3160/3216 4049/3159/3196 4051/3161/3192
f 4050/3162/3217 4048/3160/3216 4051/3161/3192
f 4028/3156/3214 4027/3155/3218 3718/3140/3211
f 3717/3144/3219 3719/3142/3212 3718/3140/3211
f 3717/3144/3219 3718/3140/3211 4027/3155/3218
f 3717/3144/3219 3723/3145/3220 3719/3142/3212
f 3717/3144/3219 3724/3146/3221 3723/3145/3220
f 3723/3145/3220 3724/3146/3221 3725/3147/3222
f 3717/3144/3219 4027/3155/3218 4030/3154/3223
f 4030/3154/3223 3724/3146/3221 3717/3144/3219
f 4030/3154/3223 4031/3153/3224 3724/3146/3221
f 3724/3146/3221 3726/3148/3225 3725/3147/3222
f 4031/3153/3224 3726/3148/3225 3724/3146/3221
f 3725/3147/3222 3726/3148/3225 3771/3149/3226
f 3742/3151/2371 3771/3149/3226 3770/3150/3227
f 3726/3148/3225 3770/3150/3227 3771/3149/3226
f 4031/3153/3224 4067/3152/3228 3726/3148/3225
f 4067/3152/3228 3770/3150/3227 3726/3148/3225
f 3770/3150/3227 4067/3152/3228 4040/3163/3229
f 3743/3164/3230 3770/3150/3227 4040/3163/3229
f 3743/3164/3230 3742/3151/2371 3770/3150/3227
f 4040/3163/3229 3736/3165/3231 3743/3164/3230
f 3742/3151/2371 3743/3164/3230 3736/3165/3231
f 3737/3166/3232 3742/3151/2371 3736/3165/3231
f 3736/3165/3231 3738/3167/3233 3737/3166/3232
f 3738/3167/3233 3739/3168/3234 3737/3166/3232
f 3736/3165/3231 4037/3169/3235 3738/3167/3233
f 4037/3169/3235 3736/3165/3231 4040/3163/3229
f 4037/3169/3235 4038/3170/3236 3738/3167/3233
f 3739/3168/3234 3738/3167/3233 3741/3171/3237
f 3741/3171/3237 3738/3167/3233 4038/3170/3236
f 3741/3171/3237 3740/3172/3238 3739/3168/3234
f 3740/3172/3238 3741/3171/3237 3773/3174/3239
f 3772/3175/3240 3740/3172/3238 3773/3174/3239
f 3741/3171/3237 4039/3173/3241 3773/3174/3239
f 4039/3173/3241 3741/3171/3237 4038/3170/3236
f 4039/3173/3241 4068/3176/3242 3773/3174/3239
f 3772/3175/3240 3773/3174/3239 3735/3177/3243
f 3735/3177/3243 3773/3174/3239 4068/3176/3242
f 3735/3177/3243 3734/3178/3244 3772/3175/3240
f 3734/3178/3244 3735/3177/3243 3732/3179/3181
f 3733/3180/3245 3734/3178/3244 3732/3179/3181
f 3735/3177/3243 4036/3181/3246 3732/3179/3181
f 4036/3181/3246 3735/3177/3243 4068/3176/3242
f 4036/3181/3246 4035/3182/3247 3732/3179/3181
f 3731/3183/3179 3733/3180/3245 3732/3179/3181
f 4035/3182/3247 4034/3184/3248 3732/3179/3181
f 4034/3184/3248 4035/3182/3247 4052/3185/3249
f 4035/3182/3247 4053/3186/3250 4052/3185/3249
f 4052/3185/3249 4053/3186/3250 4059/3187/3251
f 4057/3188/3252 4052/3185/3249 4059/3187/3251
f 4057/3188/3252 4059/3187/3251 4058/3189/3192
f 4059/3187/3251 4060/3190/3253 4058/3189/3192
f 3731/3183/3179 3755/3191/3254 3733/3180/3245
f 3755/3191/3254 3756/3192/3255 3733/3180/3245
f 3761/3193/3256 3756/3192/3255 3755/3191/3254
f 3760/3194/3175 3761/3193/3256 3755/3191/3254
f 3760/3194/3175 3762/3195/3204 3761/3193/3256
f 3762/3195/3204 3763/3196/3257 3761/3193/3256
f 3757/3199/3205 3759/3198/3258 3758/3197/3259
f 3757/3199/3205 3764/3200/3245 3759/3198/3258
f 3757/3199/3205 3778/3202/3207 3764/3200/3245
f 3764/3200/3245 3765/3201/3260 3759/3198/3258
f 3778/3202/3207 3779/3203/3244 3764/3200/3245
f 3768/3204/3240 3779/3203/3244 3778/3202/3207
f 3769/3205/3210 3768/3204/3240 3778/3202/3207
f 3768/3204/3240 3769/3205/3210 3767/3206/3261
f 3766/3207/3238 3768/3204/3240 3767/3206/3261
f 3766/3207/3238 3767/3206/3261 3780/3208/3262
f 3767/3206/3261 3781/3209/3263 3780/3208/3262
f 3780/3208/3262 3781/3209/3263 3776/3210/3222
f 3774/3211/3232 3780/3208/3262 3776/3210/3222
f 3774/3211/3232 3776/3210/3222 3775/3212/3264
f 3776/3210/3222 3777/3213/3226 3775/3212/3264
f 3820/2704/3265 3823/2705/3266 3822/2703/2823
f 3821/2702/2825 3820/2704/3265 3822/2703/2823
f 3822/2703/2823 3824/2700/1633 3821/2702/2825
f 3820/2704/3265 3821/2702/2825 3813/2701/2826
f 3815/2706/2780 3820/2704/3265 3813/2701/2826
f 3813/2701/2826 3810/2707/2827 3815/2706/2780
f 3810/2707/2827 3816/2761/2238 3815/2706/2780
f 3816/2761/2238 3810/2707/2827 3811/2760/3267
f 3809/2709/2828 3811/2760/3267 3810/2707/2827
f 3832/2759/2938 3811/2760/3267 3809/2709/2828
f 3831/2758/2939 3832/2759/2938 3809/2709/2828
f 3809/2709/2828 3837/2757/2829 3831/2758/2939
f 3852/3216/3268 3851/3215/3269 3849/3214/2886
f 3849/3214/2886 3808/3218/3270 3848/3217/2885
f 3808/3218/3270 3849/3214/2886 3851/3215/3269
f 3807/3219/3271 3808/3218/3270 3851/3215/3269
f 3807/3219/3271 3851/3215/3269 3861/3220/3272
f 3860/3221/3273 3807/3219/3271 3861/3220/3272
f 3860/3221/3273 3861/3220/3272 3853/3222/1872
f 3854/2764/3274 3860/3221/3273 3853/3222/1872
f 3853/3222/1872 3855/2763/3065 3854/2764/3274
f 3855/2763/3065 3856/2752/2861 3854/2764/3274
f 3856/2752/2861 3855/2763/3065 3868/2762/2860
f 3856/2752/2861 3857/2751/2862 3854/2764/3274
f 3857/2751/2862 3859/2765/3275 3854/2764/3274
f 3859/2765/3275 3860/3221/3273 3854/2764/3274
f 3859/2765/3275 3806/3223/3276 3860/3221/3273
f 3806/3223/3276 3807/3219/3271 3860/3221/3273
f 3806/3223/3276 3802/3224/3277 3807/3219/3271
f 3808/3218/3270 3807/3219/3271 3802/3224/3277
f 3803/3225/3278 3808/3218/3270 3802/3224/3277
f 3802/3224/3277 3804/3226/3279 3803/3225/3278
f 3802/3224/3277 3806/3223/3276 3804/3226/3279
f 3806/3223/3276 3850/2766/2870 3804/3226/3279
f 3806/3223/3276 3859/2765/3275 3850/2766/2870
f 3525/2750/2863 3859/2765/3275 3857/2751/2862
f 3859/2765/3275 3525/2750/2863 3850/2766/2870
f 3804/3226/3279 3805/3227/2875 3803/3225/3278
f 3846/3228/3280 3803/3225/3278 3805/3227/2875
f 3808/3218/3270 3803/3225/3278 3846/3228/3280
f 3847/3229/3281 3808/3218/3270 3846/3228/3280
f 3808/3218/3270 3847/3229/3281 3848/3217/2885
f 3843/3230/3282 3848/3217/2885 3847/3229/3281
f 3838/3232/3283 3843/3230/3282 3847/3229/3281
f 3843/3230/3282 3838/3232/3283 3839/3231/3284
f 3838/3232/3283 3840/3233/2881 3839/3231/3284
f 3838/3232/3283 3842/3234/3285 3840/3233/2881
f 3838/3232/3283 3847/3229/3281 3842/3234/3285
f 3847/3229/3281 3846/3228/3280 3842/3234/3285
f 3842/3234/3285 3846/3228/3280 3844/3235/1706
f 3845/3236/2876 3846/3228/3280 3805/3227/2875
f 3846/3228/3280 3845/3236/2876 3844/3235/1706
f 3842/3234/3285 3844/3235/1706 3841/3237/2880
f 3841/3237/2880 3840/3233/2881 3842/3234/3285
f 3889/3265/3088 3891/3270/3286 3890/3266/3089
f 3954/3269/3287 3890/3266/3089 3891/3270/3286
f 3954/3269/3287 3955/3268/3091 3890/3266/3089
f 3909/3245/3288 3908/3251/3076 3900/3250/3075
f 3909/3245/3288 3900/3250/3075 3906/3244/3289
f 3902/3249/3073 3906/3244/3289 3900/3250/3075
f 3906/3244/3289 3910/3243/3290 3909/3245/3288
f 3910/3243/3290 3906/3244/3289 3905/3241/3291
f 3911/3240/3292 3910/3243/3290 3905/3241/3291
f 3906/3244/3289 3903/3246/3293 3905/3241/3291
f 3906/3244/3289 3902/3249/3073 3903/3246/3293
f 3902/3249/3073 3901/3248/3074 3903/3246/3293
f 3901/3248/3074 3904/3247/3294 3903/3246/3293
f 3912/3242/3295 3903/3246/3293 3904/3247/3294
f 3903/3246/3293 3912/3242/3295 3905/3241/3291
f 3912/3242/3295 3913/3239/3296 3905/3241/3291
f 3911/3240/3292 3905/3241/3291 3913/3239/3296
f 3914/3238/3297 3911/3240/3292 3913/3239/3296
f 3922/3273/2972 3924/3272/2886 3923/3271/3159
f 3944/3274/3298 3923/3271/3159 3924/3272/2886
f 3924/3272/2886 3982/3275/2973 3944/3274/3298
f 3944/3274/3298 3945/3276/3299 3923/3271/3159
f 3923/3271/3159 3945/3276/3299 3946/3277/3106
f 3946/3277/3106 3945/3276/3299 3927/3278/3107
f 3944/3274/3298 3927/3278/3107 3945/3276/3299
f 3942/3286/3109 3927/3278/3107 3944/3274/3298
f 3944/3274/3298 3981/3287/3300 3942/3286/3109
f 3944/3274/3298 3982/3275/2973 3981/3287/3300
f 3983/3288/2974 3981/3287/3300 3982/3275/2973
f 3986/3289/2976 3984/3290/3301 3983/3288/2974
f 3984/3290/3301 3981/3287/3300 3983/3288/2974
f 3986/3289/2976 4006/3291/3302 3984/3290/3301
f 4005/3292/3303 3984/3290/3301 4006/3291/3302
f 3984/3290/3301 4005/3292/3303 3985/3293/3304
f 3984/3290/3301 3985/3293/3304 3981/3287/3300
f 3981/3287/3300 3980/2976/3112 3942/3286/3109
f 3985/3293/3304 3980/2976/3112 3981/3287/3300
f 3985/3293/3304 3987/2977/3113 3980/2976/3112
f 3987/2977/3113 3985/3293/3304 4007/3294/3305
f 4005/3292/3303 4007/3294/3305 3985/3293/3304
f 4007/3294/3305 4004/2980/3116 3987/2977/3113
f 4054/3297/3216 4056/3296/3253 4055/3295/3306
f 4054/3297/3216 4055/3295/3306 4061/3298/3247
f 4062/3300/3307 4061/3298/3247 4055/3295/3306
f 4054/3297/3216 4061/3298/3247 4073/3299/3215
f 4061/3298/3247 4074/3301/3246 4073/3299/3215
f 4073/3299/3215 4074/3301/3246 4064/3302/3308
f 4066/3303/3309 4073/3299/3215 4064/3302/3308
f 4065/3304/3218 4066/3303/3309 4064/3302/3308
f 4063/3305/3241 4065/3304/3218 4064/3302/3308
f 4065/3304/3218 4063/3305/3241 4076/3306/3310
f 4063/3305/3241 4075/3307/3311 4076/3306/3310
f 4070/3308/3224 4076/3306/3310 4075/3307/3311
f 4069/3309/3312 4070/3308/3224 4075/3307/3311
f 4069/3309/3312 4071/3310/3229 4070/3308/3224
f 4071/3310/3229 4072/3311/3228 4070/3308/3224
f 2136/3312/3313 2145/3313/3314 2144/3314/3315
f 2145/3313/3314 2139/3315/3316 2144/3314/3315
f 2144/3314/3315 2135/3316/3317 2136/3312/3313
f 2135/3316/3317 2137/3317/3318 2136/3312/3313
f 2137/3317/3318 2135/3316/3317 2107/3318/3319
f 2107/3318/3319 2148/3319/3320 2137/3317/3318
f 2148/3319/3320 2107/3318/3319 2121/3320/3321
f 2148/3319/3320 2121/3320/3321 2151/3321/3322
f 2154/3322/3323 2151/3321/3322 2121/3320/3321
f 2118/3323/3324 2154/3322/3323 2121/3320/3321
f 2154/3322/3323 2118/3323/3324 2157/3324/3325
f 2121/3320/3321 2108/3325/3326 2118/3323/3324
f 2107/3318/3319 2108/3325/3326 2121/3320/3321
f 2106/3326/3327 2108/3325/3326 2107/3318/3319
f 2125/3327/3328 2106/3326/3327 2107/3318/3319
f 2125/3327/3328 2107/3318/3319 2135/3316/3317
f 2125/3327/3328 2135/3316/3317 2126/3328/3329
f 2135/3316/3317 2144/3314/3315 2126/3328/3329
f 2139/3315/3316 2140/3329/3330 2144/3314/3315
f 2144/3314/3315 2140/3329/3330 2126/3328/3329
f 2139/3315/3316 2138/3330/3331 2140/3329/3330
f 2140/3329/3330 2127/3331/3332 2126/3328/3329
f 2138/3330/3331 2110/3332/3333 2140/3329/3330
f 2110/3332/3333 2127/3331/3332 2140/3329/3330
f 2138/3330/3331 2149/3333/3334 2110/3332/3333
f 2122/3334/3335 2149/3333/3334 2152/3335/2345
f 2110/3332/3333 2149/3333/3334 2122/3334/3335
f 2152/3335/2345 2155/3336/3336 2122/3334/3335
f 2155/3336/3336 2119/3337/3337 2122/3334/3335
f 2119/3337/3337 2155/3336/3336 2158/3338/3338
f 2119/3337/3337 2109/3339/3339 2122/3334/3335
f 2109/3339/3339 2110/3332/3333 2122/3334/3335
f 2109/3339/3339 2111/3340/3340 2110/3332/3333
f 2111/3340/3340 2127/3331/3332 2110/3332/3333
f 2127/3331/3332 2111/3340/3340 2124/3341/3341
f 2126/3328/3329 2127/3331/3332 2124/3341/3341
f 2125/3327/3328 2126/3328/3329 2124/3341/3341
f 2106/3326/3327 2125/3327/3328 2124/3341/3341
f 2106/3326/3327 2124/3341/3341 2131/3342/3342
f 2108/3325/3326 2106/3326/3327 2131/3342/3342
f 2124/3341/3341 2111/3340/3340 2131/3342/3342
f 2111/3340/3340 2109/3339/3339 2131/3342/3342
f 2108/3325/3326 2131/3342/3342 2133/3343/3343
f 2131/3342/3342 2109/3339/3339 2133/3343/3343
f 2133/3343/3343 2093/3344/3344 2108/3325/3326
f 2093/3344/3344 2118/3323/3324 2108/3325/3326
f 2118/3323/3324 2093/3344/3344 2094/3345/3345
f 2160/3346/3346 2118/3323/3324 2094/3345/3345
f 2157/3324/3325 2118/3323/3324 2160/3346/3346
f 2163/3347/3347 2157/3324/3325 2160/3346/3346
f 2160/3346/3346 2181/3348/3348 2163/3347/3347
f 2181/3348/3348 2160/3346/3346 2169/3349/3349
f 2181/3348/3348 2169/3349/3349 2184/3350/3350
f 2169/3349/3349 2176/3351/3351 2184/3350/3350
f 2176/3351/3351 2187/3352/3352 2184/3350/3350
f 2169/3349/3349 2175/3353/3353 2176/3351/3351
f 2176/3351/3351 2190/3354/3354 2187/3352/3352
f 2190/3354/3354 2176/3351/3351 2175/3353/3353
f 2190/3354/3354 2193/3355/3355 2187/3352/3352
f 2190/3354/3354 2232/3356/3356 2193/3355/3355
f 2175/3353/3353 2232/3356/3356 2190/3354/3354
f 2232/3356/3356 2233/3357/3357 2193/3355/3355
f 2233/3357/3357 2232/3356/3356 2242/3358/3358
f 2175/3353/3353 2238/3359/3359 2232/3356/3356
f 2232/3356/3356 2238/3359/3359 2242/3358/3358
f 2241/3360/3360 2242/3358/3358 2238/3359/3359
f 2224/3361/3361 2241/3360/3360 2238/3359/3359
f 2224/3361/3361 2238/3359/3359 2175/3353/3353
f 2224/3361/3361 2247/3362/2120 2241/3360/3360
f 2229/3363/3362 2247/3362/2120 2224/3361/3361
f 2224/3361/3361 2220/3364/2122 2229/3363/3362
f 2223/3365/3363 2220/3364/2122 2224/3361/3361
f 2223/3365/3363 2224/3361/3361 2175/3353/3353
f 2223/3365/3363 2175/3353/3353 2170/3366/3364
f 2170/3366/3364 2175/3353/3353 2169/3349/3349
f 2169/3349/3349 2166/3367/3365 2170/3366/3364
f 2160/3346/3346 2166/3367/3365 2169/3349/3349
f 2170/3366/3364 2166/3367/3365 2223/3365/3363
f 2220/3364/2122 2223/3365/3363 2208/3368/3366
f 2166/3367/3365 2208/3368/3366 2223/3365/3363
f 2208/3368/3366 2217/3369/2123 2220/3364/2122
f 2211/3370/3367 2217/3369/2123 2208/3368/3366
f 2217/3369/2123 2211/3370/3367 2214/3371/3368
f 2208/3368/3366 2115/3372/3369 2196/3373/3370
f 2211/3370/3367 2208/3368/3366 2196/3373/3370
f 2208/3368/3366 2166/3367/3365 2115/3372/3369
f 2166/3367/3365 2160/3346/3346 2103/3374/3371
f 2103/3374/3371 2115/3372/3369 2166/3367/3365
f 2160/3346/3346 2094/3345/3345 2103/3374/3371
f 2115/3372/3369 2103/3374/3371 2092/3375/3372
f 2103/3374/3371 2094/3345/3345 2092/3375/3372
f 2092/3375/3372 2196/3373/3370 2115/3372/3369
f 2196/3373/3370 2092/3375/3372 2197/3376/3373
f 2197/3376/3373 2211/3370/3367 2196/3373/3370
f 2211/3370/3367 2197/3376/3373 2205/3377/3374
f 2214/3371/3368 2211/3370/3367 2205/3377/3374
f 2197/3376/3373 2092/3375/3372 2205/3377/3374
f 2092/3375/3372 2202/3378/3375 2205/3377/3374
f 2205/3377/3374 2370/3379/3376 2214/3371/3368
f 2370/3379/3376 2205/3377/3374 2202/3378/3375
f 2370/3379/3376 2394/3380/2126 2214/3371/3368
f 2370/3379/3376 2374/3381/3377 2394/3380/2126
f 2400/3382/2129 2394/3380/2126 2374/3381/3377
f 2378/3383/3378 2400/3382/2129 2374/3381/3377
f 2378/3383/3378 2409/3384/2130 2400/3382/2129
f 2378/3383/3378 2383/3385/3379 2409/3384/2130
f 2383/3385/3379 2418/3386/3380 2409/3384/2130
f 2418/3386/3380 2383/3385/3379 2421/3387/2134
f 2383/3385/3379 2381/3388/1747 2384/3389/2425
f 2383/3385/3379 2384/3389/2425 2421/3387/2134
f 2383/3385/3379 2378/3383/3378 2381/3388/1747
f 2374/3381/3377 2373/3390/1488 2378/3383/3378
f 2381/3388/1747 2378/3383/3378 2373/3390/1488
f 2374/3381/3377 2364/3391/3381 2373/3390/1488
f 2374/3381/3377 2370/3379/3376 2364/3391/3381
f 2370/3379/3376 2359/3392/3382 2364/3391/3381
f 2370/3379/3376 2202/3378/3375 2359/3392/3382
f 2092/3375/3372 2101/3393/3383 2202/3378/3375
f 2202/3378/3375 2101/3393/3383 2359/3392/3382
f 2092/3375/3372 2094/3345/3345 2093/3344/3344
f 2101/3393/3383 2092/3375/3372 2093/3344/3344
f 2101/3393/3383 2093/3344/3344 2133/3343/3343
f 2096/3394/3384 2101/3393/3383 2133/3343/3343
f 2109/3339/3339 2096/3394/3384 2133/3343/3343
f 2119/3337/3337 2096/3394/3384 2109/3339/3339
f 2096/3394/3384 2119/3337/3337 2095/3395/3385
f 2095/3395/3385 2097/3396/3386 2096/3394/3384
f 2097/3396/3386 2101/3393/3383 2096/3394/3384
f 2095/3395/3385 2104/3397/3387 2097/3396/3386
f 2104/3397/3387 2095/3395/3385 2161/3398/3388
f 2119/3337/3337 2161/3398/3388 2095/3395/3385
f 2119/3337/3337 2158/3338/3338 2161/3398/3388
f 2158/3338/3338 2164/3399/3389 2161/3398/3388
f 2182/3400/3390 2161/3398/3388 2164/3399/3389
f 2161/3398/3388 2182/3400/3390 2172/3401/3391
f 2167/3402/3392 2161/3398/3388 2172/3401/3391
f 2161/3398/3388 2167/3402/3392 2104/3397/3387
f 2104/3397/3387 2116/3403/3393 2097/3396/3386
f 2116/3403/3393 2104/3397/3387 2167/3402/3392
f 2116/3403/3393 2199/3404/3394 2097/3396/3386
f 2209/3405/3395 2199/3404/3394 2116/3403/3393
f 2167/3402/3392 2209/3405/3395 2116/3403/3393
f 2209/3405/3395 2167/3402/3392 2226/3406/3396
f 2167/3402/3392 2172/3401/3391 2171/3407/3397
f 2167/3402/3392 2171/3407/3397 2226/3406/3396
f 2172/3401/3391 2178/3408/3398 2171/3407/3397
f 2178/3408/3398 2226/3406/3396 2171/3407/3397
f 2172/3401/3391 2177/3409/3399 2178/3408/3398
f 2177/3409/3399 2172/3401/3391 2185/3410/3400
f 2172/3401/3391 2182/3400/3390 2185/3410/3400
f 2185/3410/3400 2188/3411/3401 2177/3409/3399
f 2191/3412/3402 2177/3409/3399 2188/3411/3401
f 2177/3409/3399 2191/3412/3402 2178/3408/3398
f 2188/3411/3401 2194/3413/3403 2191/3412/3402
f 2191/3412/3402 2235/3414/3404 2178/3408/3398
f 2235/3414/3404 2191/3412/3402 2194/3413/3403
f 2234/3415/3405 2235/3414/3404 2194/3413/3403
f 2235/3414/3404 2234/3415/3405 2243/3416/3406
f 2239/3417/3407 2235/3414/3404 2243/3416/3406
f 2239/3417/3407 2178/3408/3398 2235/3414/3404
f 2239/3417/3407 2225/3418/3408 2178/3408/3398
f 2225/3418/3408 2226/3406/3396 2178/3408/3398
f 2221/3419/2198 2226/3406/3396 2225/3418/3408
f 2226/3406/3396 2221/3419/2198 2209/3405/3395
f 2209/3405/3395 2212/3420/3409 2199/3404/3394
f 2221/3419/2198 2218/3421/3410 2209/3405/3395
f 2218/3421/3410 2212/3420/3409 2209/3405/3395
f 2212/3420/3409 2218/3421/3410 2215/3422/3411
f 2212/3420/3409 2215/3422/3411 2206/3423/3412
f 2198/3424/3413 2212/3420/3409 2206/3423/3412
f 2212/3420/3409 2198/3424/3413 2199/3404/3394
f 2097/3396/3386 2199/3404/3394 2198/3424/3413
f 2097/3396/3386 2198/3424/3413 2206/3423/3412
f 2203/3425/3414 2097/3396/3386 2206/3423/3412
f 2101/3393/3383 2097/3396/3386 2203/3425/3414
f 2206/3423/3412 2371/3426/3415 2203/3425/3414
f 2371/3426/3415 2206/3423/3412 2215/3422/3411
f 2371/3426/3415 2215/3422/3411 2395/3427/3416
f 2375/3428/3417 2371/3426/3415 2395/3427/3416
f 2395/3427/3416 2401/3429/2176 2375/3428/3417
f 2401/3429/2176 2379/3430/3418 2375/3428/3417
f 2410/3431/3419 2379/3430/3418 2401/3429/2176
f 2386/3432/3420 2379/3430/3418 2410/3431/3419
f 2419/3433/2162 2386/3432/3420 2410/3431/3419
f 2386/3432/3420 2419/3433/2162 2422/3434/2155
f 2385/3435/2946 2386/3432/3420 2422/3434/2155
f 2381/3388/1747 2386/3432/3420 2385/3435/2946
f 2386/3432/3420 2381/3388/1747 2379/3430/3418
f 2373/3390/1488 2375/3428/3417 2379/3430/3418
f 2379/3430/3418 2381/3388/1747 2373/3390/1488
f 2373/3390/1488 2366/3436/3421 2375/3428/3417
f 2371/3426/3415 2375/3428/3417 2366/3436/3421
f 2358/3437/3422 2371/3426/3415 2366/3436/3421
f 2203/3425/3414 2371/3426/3415 2358/3437/3422
f 2101/3393/3383 2203/3425/3414 2358/3437/3422
f 2357/3438/3423 2101/3393/3383 2358/3437/3422
f 2357/3438/3423 2358/3437/3422 2366/3436/3421
f 2357/3438/3423 2359/3392/3382 2101/3393/3383
f 2359/3392/3382 2357/3438/3423 2364/3391/3381
f 2357/3438/3423 2365/3439/1486 2364/3391/3381
f 2365/3439/1486 2357/3438/3423 2366/3436/3421
f 2373/3390/1488 2365/3439/1486 2366/3436/3421
f 2365/3439/1486 2373/3390/1488 2364/3391/3381
f 2390/3440/3424 2381/3388/1747 2385/3435/2946
f 2385/3435/2946 2422/3434/2155 2390/3440/3424
f 2422/3434/2155 2425/3441/3425 2390/3440/3424
f 2381/3388/1747 2390/3440/3424 2389/3442/3426
f 2390/3440/3424 2425/3441/3425 2389/3442/3426
f 2381/3388/1747 2389/3442/3426 2384/3389/2425
f 2425/3441/3425 2424/3443/2136 2389/3442/3426
f 2389/3442/3426 2421/3387/2134 2384/3389/2425
f 2424/3443/2136 2421/3387/2134 2389/3442/3426
f 2221/3419/2198 2225/3418/3408 2230/3444/3427
f 2248/3445/2200 2230/3444/3427 2225/3418/3408
f 2244/3446/3428 2248/3445/2200 2225/3418/3408
f 2244/3446/3428 2225/3418/3408 2239/3417/3407
f 2243/3416/3406 2244/3446/3428 2239/3417/3407
f 2146/3447/3429 2142/3448/2848 2147/3449/3430
f 2667/3450/2309 2146/3447/3429 2147/3449/3430
f 2666/3451/3431 2667/3450/2309 2147/3449/3430
f 2666/3451/3431 2668/3452/3432 2667/3450/2309
f 2668/3452/3432 2666/3451/3431 2660/3453/3433
f 2660/3453/3433 2669/3454/3334 2668/3452/3432
f 2669/3454/3334 2660/3453/3433 2664/3455/3434
f 2669/3454/3334 2664/3455/3434 2670/3456/2345
f 2671/3457/3336 2670/3456/2345 2664/3455/3434
f 2663/3458/3435 2671/3457/3336 2664/3455/3434
f 2671/3457/3336 2663/3458/3435 2672/3459/3436
f 2664/3455/3434 2661/3460/3437 2663/3458/3435
f 2660/3453/3433 2661/3460/3437 2664/3455/3434
f 2659/3461/3438 2661/3460/3437 2660/3453/3433
f 2665/3462/3439 2659/3461/3438 2660/3453/3433
f 2665/3462/3439 2660/3453/3433 2666/3451/3431
f 2665/3462/3439 2666/3451/3431 2128/3463/3440
f 2666/3451/3431 2147/3449/3430 2128/3463/3440
f 2142/3448/2848 2143/3464/3441 2147/3449/3430
f 2147/3449/3430 2143/3464/3441 2128/3463/3440
f 2142/3448/2848 2141/3465/3442 2143/3464/3441
f 2143/3464/3441 2130/3466/3443 2128/3463/3440
f 2141/3465/3442 2113/3467/3444 2143/3464/3441
f 2113/3467/3444 2130/3466/3443 2143/3464/3441
f 2141/3465/3442 2150/3468/3445 2113/3467/3444
f 2123/3469/3446 2150/3468/3445 2153/3470/3322
f 2113/3467/3444 2150/3468/3445 2123/3469/3446
f 2153/3470/3322 2156/3471/3323 2123/3469/3446
f 2156/3471/3323 2120/3472/3447 2123/3469/3446
f 2120/3472/3447 2156/3471/3323 2159/3473/3448
f 2120/3472/3447 2112/3474/3449 2123/3469/3446
f 2112/3474/3449 2113/3467/3444 2123/3469/3446
f 2112/3474/3449 2114/3475/3450 2113/3467/3444
f 2114/3475/3450 2130/3466/3443 2113/3467/3444
f 2130/3466/3443 2114/3475/3450 2129/3476/3451
f 2128/3463/3440 2130/3466/3443 2129/3476/3451
f 2665/3462/3439 2128/3463/3440 2129/3476/3451
f 2659/3461/3438 2665/3462/3439 2129/3476/3451
f 2659/3461/3438 2129/3476/3451 2132/3477/3452
f 2661/3460/3437 2659/3461/3438 2132/3477/3452
f 2129/3476/3451 2114/3475/3450 2132/3477/3452
f 2114/3475/3450 2112/3474/3449 2132/3477/3452
f 2132/3477/3452 2112/3474/3449 2134/3478/3453
f 2661/3460/3437 2132/3477/3452 2134/3478/3453
f 2656/3479/3454 2661/3460/3437 2134/3478/3453
f 2656/3479/3454 2663/3458/3435 2661/3460/3437
f 2663/3458/3435 2656/3479/3454 2657/3480/3455
f 2673/3481/3456 2663/3458/3435 2657/3480/3455
f 2672/3459/3436 2663/3458/3435 2673/3481/3456
f 2674/3482/3457 2672/3459/3436 2673/3481/3456
f 2673/3481/3456 2680/3483/3390 2674/3482/3457
f 2680/3483/3390 2673/3481/3456 2676/3484/3458
f 2680/3483/3390 2676/3484/3458 2681/3485/3459
f 2676/3484/3458 2679/3486/3460 2681/3485/3459
f 2679/3486/3460 2682/3487/3401 2681/3485/3459
f 2676/3484/3458 2678/3488/3461 2679/3486/3460
f 2679/3486/3460 2683/3489/3462 2682/3487/3401
f 2683/3489/3462 2679/3486/3460 2678/3488/3461
f 2683/3489/3462 2684/3490/3403 2682/3487/3401
f 2683/3489/3462 2697/3491/3463 2684/3490/3403
f 2678/3488/3461 2697/3491/3463 2683/3489/3462
f 2697/3491/3463 2698/3492/3464 2684/3490/3403
f 2698/3492/3464 2697/3491/3463 2701/3493/3465
f 2678/3488/3461 2699/3494/3466 2697/3491/3463
f 2697/3491/3463 2699/3494/3466 2701/3493/3465
f 2700/3495/3428 2701/3493/3465 2699/3494/3466
f 2695/3496/3467 2700/3495/3428 2699/3494/3466
f 2695/3496/3467 2699/3494/3466 2678/3488/3461
f 2695/3496/3467 2702/3497/3468 2700/3495/3428
f 2696/3498/2203 2702/3497/3468 2695/3496/3467
f 2695/3496/3467 2693/3499/3469 2696/3498/2203
f 2694/3500/3053 2693/3499/3469 2695/3496/3467
f 2694/3500/3053 2695/3496/3467 2678/3488/3461
f 2694/3500/3053 2678/3488/3461 2677/3501/3470
f 2677/3501/3470 2678/3488/3461 2676/3484/3458
f 2676/3484/3458 2675/3502/3471 2677/3501/3470
f 2673/3481/3456 2675/3502/3471 2676/3484/3458
f 2677/3501/3470 2675/3502/3471 2694/3500/3053
f 2693/3499/3469 2694/3500/3053 2689/3503/3472
f 2675/3502/3471 2689/3503/3472 2694/3500/3053
f 2689/3503/3472 2692/3504/2206 2693/3499/3469
f 2690/3505/3473 2692/3504/2206 2689/3503/3472
f 2692/3504/2206 2690/3505/3473 2691/3506/2210
f 2689/3503/3472 2662/3507/3474 2685/3508/3475
f 2690/3505/3473 2689/3503/3472 2685/3508/3475
f 2689/3503/3472 2675/3502/3471 2662/3507/3474
f 2675/3502/3471 2673/3481/3456 2658/3509/3476
f 2658/3509/3476 2662/3507/3474 2675/3502/3471
f 2673/3481/3456 2657/3480/3455 2658/3509/3476
f 2662/3507/3474 2658/3509/3476 2655/3510/3477
f 2658/3509/3476 2657/3480/3455 2655/3510/3477
f 2655/3510/3477 2685/3508/3475 2662/3507/3474
f 2685/3508/3475 2655/3510/3477 2686/3511/3478
f 2686/3511/3478 2690/3505/3473 2685/3508/3475
f 2690/3505/3473 2686/3511/3478 2688/3512/3479
f 2691/3506/2210 2690/3505/3473 2688/3512/3479
f 2686/3511/3478 2655/3510/3477 2688/3512/3479
f 2655/3510/3477 2687/3513/3480 2688/3512/3479
f 2688/3512/3479 2733/3514/3481 2691/3506/2210
f 2733/3514/3481 2688/3512/3479 2687/3513/3480
f 2733/3514/3481 2739/3515/2211 2691/3506/2210
f 2733/3514/3481 2734/3516/3482 2739/3515/2211
f 2741/3517/2213 2739/3515/2211 2734/3516/3482
f 2735/3518/3483 2741/3517/2213 2734/3516/3482
f 2735/3518/3483 2744/3519/2220 2741/3517/2213
f 2735/3518/3483 2736/3520/3484 2744/3519/2220
f 2736/3520/3484 2747/3521/2222 2744/3519/2220
f 2747/3521/2222 2736/3520/3484 2748/3522/3485
f 2736/3520/3484 2382/3523/3486 2737/3524/3487
f 2736/3520/3484 2737/3524/3487 2748/3522/3485
f 2736/3520/3484 2735/3518/3483 2382/3523/3486
f 2734/3516/3482 2376/3525/3488 2735/3518/3483
f 2382/3523/3486 2735/3518/3483 2376/3525/3488
f 2734/3516/3482 2732/3526/3489 2376/3525/3488
f 2734/3516/3482 2733/3514/3481 2732/3526/3489
f 2733/3514/3481 2431/3527/3490 2732/3526/3489
f 2733/3514/3481 2687/3513/3480 2431/3527/3490
f 2655/3510/3477 2102/3528/3491 2687/3513/3480
f 2687/3513/3480 2102/3528/3491 2431/3527/3490
f 2655/3510/3477 2657/3480/3455 2656/3479/3454
f 2102/3528/3491 2655/3510/3477 2656/3479/3454
f 2102/3528/3491 2656/3479/3454 2134/3478/3453
f 2099/3529/3492 2102/3528/3491 2134/3478/3453
f 2112/3474/3449 2099/3529/3492 2134/3478/3453
f 2120/3472/3447 2099/3529/3492 2112/3474/3449
f 2099/3529/3492 2120/3472/3447 2098/3530/3493
f 2098/3530/3493 2100/3531/3494 2099/3529/3492
f 2100/3531/3494 2102/3528/3491 2099/3529/3492
f 2098/3530/3493 2105/3532/3495 2100/3531/3494
f 2105/3532/3495 2098/3530/3493 2162/3533/3496
f 2120/3472/3447 2162/3533/3496 2098/3530/3493
f 2120/3472/3447 2159/3473/3448 2162/3533/3496
f 2159/3473/3448 2165/3534/3347 2162/3533/3496
f 2183/3535/3497 2162/3533/3496 2165/3534/3347
f 2162/3533/3496 2183/3535/3497 2174/3536/3498
f 2168/3537/3499 2162/3533/3496 2174/3536/3498
f 2162/3533/3496 2168/3537/3499 2105/3532/3495
f 2105/3532/3495 2117/3538/3500 2100/3531/3494
f 2117/3538/3500 2105/3532/3495 2168/3537/3499
f 2117/3538/3500 2201/3539/3501 2100/3531/3494
f 2210/3540/3502 2201/3539/3501 2117/3538/3500
f 2168/3537/3499 2210/3540/3502 2117/3538/3500
f 2210/3540/3502 2168/3537/3499 2228/3541/3503
f 2168/3537/3499 2174/3536/3498 2173/3542/3504
f 2168/3537/3499 2173/3542/3504 2228/3541/3503
f 2174/3536/3498 2180/3543/3505 2173/3542/3504
f 2180/3543/3505 2228/3541/3503 2173/3542/3504
f 2174/3536/3498 2179/3544/3506 2180/3543/3505
f 2179/3544/3506 2174/3536/3498 2186/3545/3507
f 2174/3536/3498 2183/3535/3497 2186/3545/3507
f 2186/3545/3507 2189/3546/3352 2179/3544/3506
f 2192/3547/3508 2179/3544/3506 2189/3546/3352
f 2179/3544/3506 2192/3547/3508 2180/3543/3505
f 2189/3546/3352 2195/3548/3355 2192/3547/3508
f 2192/3547/3508 2237/3549/3509 2180/3543/3505
f 2237/3549/3509 2192/3547/3508 2195/3548/3355
f 2236/3550/3510 2237/3549/3509 2195/3548/3355
f 2237/3549/3509 2236/3550/3510 2245/3551/3358
f 2240/3552/3511 2237/3549/3509 2245/3551/3358
f 2240/3552/3511 2180/3543/3505 2237/3549/3509
f 2240/3552/3511 2227/3553/3512 2180/3543/3505
f 2227/3553/3512 2228/3541/3503 2180/3543/3505
f 2222/3554/3513 2228/3541/3503 2227/3553/3512
f 2228/3541/3503 2222/3554/3513 2210/3540/3502
f 2210/3540/3502 2213/3555/3514 2201/3539/3501
f 2222/3554/3513 2219/3556/2092 2210/3540/3502
f 2219/3556/2092 2213/3555/3514 2210/3540/3502
f 2213/3555/3514 2219/3556/2092 2216/3557/2091
f 2213/3555/3514 2216/3557/2091 2207/3558/3515
f 2200/3559/3516 2213/3555/3514 2207/3558/3515
f 2213/3555/3514 2200/3559/3516 2201/3539/3501
f 2100/3531/3494 2201/3539/3501 2200/3559/3516
f 2100/3531/3494 2200/3559/3516 2207/3558/3515
f 2204/3560/3517 2100/3531/3494 2207/3558/3515
f 2102/3528/3491 2100/3531/3494 2204/3560/3517
f 2207/3558/3515 2372/3561/3518 2204/3560/3517
f 2372/3561/3518 2207/3558/3515 2216/3557/2091
f 2372/3561/3518 2216/3557/2091 2396/3562/2089
f 2377/3563/3519 2372/3561/3518 2396/3562/2089
f 2396/3562/2089 2402/3564/3520 2377/3563/3519
f 2402/3564/3520 2380/3565/3521 2377/3563/3519
f 2411/3566/2074 2380/3565/3521 2402/3564/3520
f 2388/3567/3522 2380/3565/3521 2411/3566/2074
f 2420/3568/3523 2388/3567/3522 2411/3566/2074
f 2388/3567/3522 2420/3568/3523 2423/3569/2065
f 2387/3570/2532 2388/3567/3522 2423/3569/2065
f 2382/3523/3486 2388/3567/3522 2387/3570/2532
f 2388/3567/3522 2382/3523/3486 2380/3565/3521
f 2376/3525/3488 2377/3563/3519 2380/3565/3521
f 2380/3565/3521 2382/3523/3486 2376/3525/3488
f 2376/3525/3488 2368/3571/3524 2377/3563/3519
f 2372/3561/3518 2377/3563/3519 2368/3571/3524
f 2360/3572/3525 2372/3561/3518 2368/3571/3524
f 2204/3560/3517 2372/3561/3518 2360/3572/3525
f 2102/3528/3491 2204/3560/3517 2360/3572/3525
f 2369/3573/2212 2102/3528/3491 2360/3572/3525
f 2369/3573/2212 2360/3572/3525 2368/3571/3524
f 2369/3573/2212 2431/3527/3490 2102/3528/3491
f 2431/3527/3490 2369/3573/2212 2732/3526/3489
f 2367/3574/1587 2369/3573/2212 2368/3571/3524
f 2369/3573/2212 2367/3574/1587 2732/3526/3489
f 2368/3571/3524 2376/3525/3488 2367/3574/1587
f 2367/3574/1587 2376/3525/3488 2732/3526/3489
f 2393/3575/3526 2382/3523/3486 2387/3570/2532
f 2387/3570/2532 2423/3569/2065 2393/3575/3526
f 2423/3569/2065 2426/3576/2063 2393/3575/3526
f 2738/3577/3527 2382/3523/3486 2393/3575/3526
f 2738/3577/3527 2393/3575/3526 2426/3576/2063
f 2738/3577/3527 2737/3524/3487 2382/3523/3486
f 2748/3522/3485 2737/3524/3487 2738/3577/3527
f 2749/3578/3528 2748/3522/3485 2738/3577/3527
f 2749/3578/3528 2738/3577/3527 2426/3576/2063
f 2222/3554/3513 2227/3553/3512 2231/3579/2243
f 2249/3580/2120 2231/3579/2243 2227/3553/3512
f 2246/3581/3360 2249/3580/2120 2227/3553/3512
f 2246/3581/3360 2227/3553/3512 2240/3552/3511
f 2245/3551/3358 2246/3581/3360 2240/3552/3511
o rhand
v 3.785111 0.174920 3.795992
v 2.891796 -0.168160 4.116726
v -0.682464 6.245499 0.358734
v 4.362190 0.581179 3.172197
v 4.904967 0.897161 2.592585
v 5.984321 0.933748 1.458604
v 6.658448 0.714195 0.547279
v 7.071390 0.555277 0.000641
v 6.461506 0.866632 -0.932058
v 5.894679 0.592492 -2.300998
v 5.264550 0.331162 -3.287707
v 4.588976 -0.077215 -3.993033
v 4.157649 -0.556253 -4.536742
v 2.403658 -1.133166 -4.662634
v 0.888880 -1.595673 -4.670769
v -2.593353 -2.418050 -4.019149
v -0.773029 -1.991488 -4.480998
v -3.926786 -2.643221 -3.308608
v -4.792011 -2.746087 -2.390583
v -5.300853 -2.734181 -1.418757
v -5.401287 -2.568216 -0.344411
v -4.851838 -2.341037 0.962161
v -4.472281 -2.068789 1.660708
v -3.891581 -1.732220 2.546684
v -2.794712 -1.431356 3.632756
v -2.067881 -1.386312 4.034886
v -1.253793 -1.389485 4.464518
v -0.072798 -1.118093 4.539554
v 1.488226 -0.643712 4.526782
v 0.888880 -1.595673 -4.670769
v 8.713570 -1.986506 -0.953442
v 5.976967 -1.570678 2.976783
v 7.539877 -1.480400 2.051904
v 8.553219 -2.003846 1.100093
v 9.164961 -2.482710 0.460463
v 5.594311 -2.060561 3.612807
v -4.422579 -6.850023 1.505899
v -4.095610 -5.832949 2.185149
v -3.493368 -4.837731 2.970103
v -2.210353 -4.157291 3.934472
v -1.241681 -4.450156 4.431129
v -4.852090 -6.333715 0.341738
v -5.401287 -2.568216 -0.344411
v -4.909035 -5.885704 -1.099224
v -5.300853 -2.734181 -1.418757
v -4.792011 -2.746087 -2.390583
v -4.415921 -5.754421 -2.324419
v -3.926786 -2.643221 -3.308608
v -3.344567 -5.795959 -3.369696
v -2.593353 -2.418050 -4.019149
v -1.835536 -5.608813 -4.197488
v -0.773029 -1.991488 -4.480998
v 0.147347 -5.104710 -4.781439
v 0.888880 -1.595673 -4.670769
v 0.495921 -5.979204 -3.545485
v -1.249305 -6.567598 -3.155364
v -2.622682 -6.887182 -2.393128
v -2.106218 -7.971865 -1.929641
v -0.832236 -7.646219 -2.391032
v -0.520068 -8.535114 -1.673188
v 0.900562 -7.185456 -2.680593
v -0.402038 -4.270054 5.315810
v 5.058919 -2.571508 4.852103
v 0.773700 -3.366295 5.464990
v 2.326056 -2.789387 5.509132
v 3.682153 -1.935674 5.364611
v 1.253325 -8.033092 -1.846596
v 4.004415 -6.818457 -3.018821
v 2.209773 -5.527696 -3.671472
v 2.470578 -6.837326 -2.773770
v 2.209773 -5.527696 -3.671472
v 2.470578 -6.837326 -2.773770
v 3.921838 -5.389903 -3.727340
v 1.940340 -4.721248 -4.958199
v 3.773985 -4.483465 -4.872329
v 1.940340 -4.721248 -4.958199
v 5.362815 -6.363522 -3.056519
v 6.239500 -5.057887 -3.904877
v 6.936462 -3.641138 -3.868082
v 7.545827 -2.761164 -3.287911
v 8.136260 -2.187370 -2.155405
v 8.913836 -3.175299 0.493049
v 6.178751 -1.914823 2.576137
v 5.707491 -3.054711 3.368373
v 9.571173 -5.532184 4.954993
v 9.938978 -4.781759 2.947444
v 10.366026 -6.101037 3.052875
v 9.105358 -4.538167 4.245852
v 8.598387 -3.573216 3.463622
v 7.748625 -2.102078 1.657744
v 8.498266 -2.503611 0.978833
v 6.855247 -1.874456 2.202095
v 7.402599 -4.630308 5.593503
v 7.993000 -4.409431 4.757283
v 8.096100 -4.428095 5.081728
v 6.852323 -2.846949 3.203424
v 8.170780 -2.775734 2.504240
v 8.889656 -4.563626 4.787090
v 8.985019 -2.958586 1.642850
v -1.897360 -8.935167 -1.025409
v -3.558817 -8.382796 1.338733
v -3.209917 -9.236421 1.003185
v -3.423258 -8.460009 0.311423
v -3.294987 -9.186669 2.087524
v -3.230748 -7.592553 -1.551489
v -2.984773 -8.818689 -0.511696
v -3.639721 -8.002060 2.613779
v -3.405906 -9.153504 3.047525
v -2.885678 -10.083589 2.248932
v -2.872426 -10.395297 3.089745
v -3.586854 -7.727272 3.551161
v -3.730133 -6.933511 2.762391
v -3.851945 -7.149791 1.740107
v -3.281017 -5.574802 2.559600
v -2.607264 -4.948865 2.895880
v -3.041794 -6.344041 3.398275
v -2.011032 -4.667965 3.338761
v -2.615239 -10.209471 0.792106
v -3.718383 -6.374615 2.177419
v -3.300005 -8.861820 4.140122
v -2.200359 -9.238403 6.050903
v -2.879021 -10.193422 4.294567
v -3.836719 -7.123979 0.692966
v -3.911968 -7.196544 -0.298131
v -1.783746 -5.760787 3.840489
v -0.844799 -10.154530 0.028336
v -1.776429 -11.541950 1.683596
v -0.442235 -11.080877 1.052479
v -2.478760 -8.232736 5.346704
v -0.774214 -5.295312 3.880691
v 4.056028 -3.312823 4.912813
v 4.395735 -2.735248 5.114668
v 1.122403 -4.324553 5.145670
v 0.313190 -4.042172 5.437105
v 2.549145 -3.809893 5.200314
v 1.875230 -10.435196 0.904245
v -0.072860 -12.124849 1.837233
v 2.286080 -11.093684 1.976261
v 0.409522 -5.560023 4.951352
v 0.610863 -6.690288 5.949533
v -1.157684 -6.356026 5.059014
v -0.705803 -7.220055 6.139408
v 5.020502 -3.085186 4.540998
v -0.056542 -4.755055 4.906074
v 5.134335 -4.024619 4.463297
v 1.122863 -7.739012 6.783984
v -0.063796 -8.192339 6.903272
v 6.861146 -3.677191 4.347153
v 5.750674 -5.045813 5.485801
v 7.065974 -4.653271 5.410840
v 2.729295 -4.498757 5.292070
v 3.077871 -5.439799 6.171272
v 1.214626 -5.123289 5.280549
v 0.035380 -9.193932 -0.949870
v 1.473868 -8.677211 -1.108783
v 1.640141 -9.513091 -0.160169
v 4.310462 -4.146004 4.937943
v 4.820668 -5.029903 5.876769
v 1.434995 -6.091374 6.213542
v -2.774120 -7.174657 4.489348
v 1.833000 -8.869696 7.365684
v 1.900750 -7.165781 7.136861
v 2.991538 -8.224945 8.220453
v 7.229648 -5.779591 6.258701
v 5.165440 -6.175993 6.844729
v 6.049997 -6.212709 6.269769
v 2.455390 -6.944878 7.474401
v 2.661342 -6.137718 7.259372
v 2.872117 -6.468893 8.437506
v 2.853192 -5.960371 8.142918
v 3.316832 -5.581527 8.024093
v 3.231581 -5.672083 7.047261
v 2.661342 -6.137718 7.259372
v 2.397908 -6.105919 6.823280
v 3.231581 -5.672083 7.047261
v 3.108962 -5.523696 6.552168
v 4.045223 -5.509629 6.629141
v 3.985396 -5.698244 7.147262
v 3.231581 -5.672083 7.047261
v 3.985396 -5.698244 7.147262
v 3.316832 -5.581527 8.024093
v 3.918569 -5.617779 8.087238
v 2.455390 -6.944878 7.474401
v 2.994977 -7.598978 8.096254
v -1.648109 -7.535319 5.652021
v -0.382451 -8.097757 6.994750
v -0.988622 -7.350660 6.359150
v 3.332317 -5.919665 9.880987
v 3.163022 -6.939728 8.830132
v 2.994977 -7.598978 8.096254
v 3.182918 -5.620011 9.619289
v 3.421131 -5.381027 9.610811
v 3.710220 -5.417299 9.552866
v 3.421131 -5.381027 9.610811
v 6.245183 -7.520735 6.890545
v 7.631332 -3.420948 -2.617413
v 7.069155 -4.240839 -3.245796
v 8.047188 -2.959752 -1.733141
v 8.247366 -2.756746 -0.702598
v 6.126394 -5.185732 -3.483550
v 7.469533 -4.877416 -3.128994
v 6.667603 -6.171844 -3.061306
v 7.111629 -8.558595 0.448573
v 5.616333 -9.211565 0.425924
v 7.457787 -9.182061 1.191641
v 5.976206 -9.666704 1.406068
v 9.567594 -8.474972 1.476097
v 10.241371 -7.593903 1.680099
v 9.484511 -7.415454 1.097224
v 10.212132 -6.310672 1.872559
v 8.542854 -8.026492 0.842584
v 8.780703 -8.734473 1.340297
v 5.544415 -6.768138 -2.747201
v 8.981166 -5.253665 -1.630445
v 9.365088 -4.649734 -0.233910
v 8.559248 -3.909834 -1.608842
v 9.511580 -5.515273 -0.374013
v 7.771911 -5.977117 -2.754533
v 7.052098 -7.224334 -2.804121
v 3.722347 -9.648388 0.779120
v 4.146430 -10.581880 1.630786
v 8.188297 -4.368002 -2.788191
v 8.569111 -5.988195 -2.249762
v 6.051162 -8.432244 -0.723698
v 5.616333 -9.211565 0.425924
v 7.111629 -8.558595 0.448573
v 4.836365 -8.802824 -0.783038
v 5.662194 -7.392237 -2.317057
v 4.152514 -7.574595 -2.303717
v 7.111629 -8.558595 0.448573
v 7.457787 -9.182061 1.191641
v 9.941125 -5.015423 1.872669
v 9.319662 -5.876314 0.911732
v 9.672277 -9.118677 2.029714
v 9.480844 -3.992516 1.404598
v 9.462857 -3.705365 2.363409
v 5.449586 -8.020894 -1.796804
v 4.362900 -8.202565 -1.663674
v 3.722347 -9.648388 0.779120
v 3.442217 -8.858986 -0.481217
v 3.442217 -8.858986 -0.481217
v 9.537214 -6.211748 -1.896461
v 9.016388 -6.594158 -2.287295
v 10.758427 -7.135705 2.530734
v 2.793037 -7.740651 -1.965032
v 2.793037 -7.740651 -1.965032
v 3.083357 -8.331850 -1.289054
v 10.802027 -8.068030 3.084808
v 3.083357 -8.331850 -1.289054
v 10.348574 -8.980142 2.476564
v 10.857953 -8.843619 3.744363
v 10.478132 -9.506557 3.255930
v 9.058996 -9.556297 1.969676
v 8.118374 -10.040093 2.205313
v 8.452351 -10.223189 2.889320
v 8.118374 -10.040093 2.205313
v 7.568703 -10.346413 3.392601
v 9.382428 -9.827683 3.002670
v 8.452351 -10.223189 2.889320
v 10.151120 -10.026645 3.161055
v 2.649738 -12.046232 2.948854
v 0.446765 -12.589428 2.652781
v 1.916281 -12.339581 3.597012
v 0.637328 -12.544121 3.797930
v 1.762764 -12.099241 4.414188
v 6.424424 -10.619681 2.523666
v 2.713494 -12.043911 4.271455
v 4.639467 -11.592667 2.713964
v 6.120367 -9.383712 7.602984
v 4.729561 -9.967170 7.992712
v 5.131687 -7.570357 7.985594
v 4.059068 -7.868168 8.215114
v 3.952743 -11.959696 3.988806
v 9.487693 -6.881947 0.349270
v 9.245646 -7.665481 0.674501
v 9.973089 -10.404143 -2.180001
v 8.995083 -9.695635 -2.499515
v 9.431770 -10.420332 -1.903829
v 8.647331 -8.336442 0.564000
v 7.884761 -9.195356 0.235057
v 8.647331 -8.336442 0.564000
v 9.914425 -7.237105 -2.631804
v 9.335201 -7.908968 -2.760247
v 10.478861 -8.285261 -2.333315
v 8.471470 -6.748458 -2.729812
v 7.649843 -7.698386 -2.881816
v 9.988482 -8.825214 -2.661023
v 11.367401 -9.833771 -2.021512
v 11.154762 -8.015205 -0.579853
v 10.718126 -7.029632 -0.847553
v 10.964495 -8.157829 -1.699209
v 11.611082 -9.549678 -1.429098
v 12.217718 -10.516816 -1.301826
v 10.109480 -6.095294 -0.769414
v 10.315191 -7.795075 0.422950
v 8.524006 -8.645247 -2.829664
v 10.330406 -7.232383 -1.900666
v 11.545069 -9.286481 -0.713123
v 7.272849 -9.393201 -0.641041
v 9.288608 -8.849846 0.380252
v 8.476694 -9.552766 0.039170
v 9.622433 -8.358220 0.357633
v 7.160089 -8.769411 -1.417946
v 9.288608 -8.849846 0.380252
v 8.542854 -8.026492 0.842584
v 7.827892 -9.447624 -1.856284
v 7.892670 -9.640269 -1.193596
v 7.892549 -9.774700 -0.757988
v 10.790926 -10.166998 -2.247052
v 10.715450 -11.566826 -2.028730
v 4.731895 -6.508791 7.430553
v 4.279645 -6.065631 8.385094
v 4.345932 -6.584465 8.756720
v 4.784509 -7.252238 7.981908
v 3.910789 -7.466540 8.208878
v 4.731895 -6.508791 7.430553
v 4.784509 -7.252238 7.981908
v 3.910789 -7.466540 8.208878
v 3.824435 -5.730950 9.851809
v 10.687919 -9.299063 0.192838
v 11.184660 -9.198748 -0.216695
v 10.705320 -12.089603 -2.090092
v 10.277067 -11.667244 -1.609021
v 10.455109 -12.908748 -1.391212
v 9.600210 -10.193308 -0.157320
v 10.866980 -10.842959 0.451806
v 10.236916 -11.210207 0.101808
v 10.184111 -9.706438 0.168854
v 9.943181 -11.540186 -1.061776
v 9.020460 -10.368006 -1.314592
v 11.838139 -10.415331 -0.088312
v 12.268715 -10.485250 -0.511398
v 11.319225 -10.612458 0.284415
v 10.184111 -9.706438 0.168854
v 10.866980 -10.842959 0.451806
v 11.212263 -11.830814 1.039826
v 11.743069 -11.719815 0.884759
v 10.534193 -12.226993 0.627300
v 11.212263 -11.830814 1.039826
v 9.175171 -10.323883 -0.803635
v 9.870012 -11.493702 -0.524956
v 12.519972 -11.448460 0.531220
v 10.072731 -12.592667 -0.029235
v 10.193475 -12.761914 -0.519268
v 12.677109 -10.782045 -0.334912
v 7.450356 -5.590169 6.350468
v 8.256271 -5.214309 6.896821
v 8.963985 -4.440508 7.521812
v 9.078508 -4.916334 7.804012
v 8.288229 -4.734592 6.645674
v 8.692011 -4.510672 6.373421
v 9.181955 -4.324248 7.330622
v 9.528076 -4.416140 8.038065
v 7.450356 -5.590169 6.350468
v 7.994374 -6.470994 6.692536
v 8.592339 -5.775387 7.137768
v 8.876322 -6.574955 6.339942
v 9.460358 -4.396046 7.293433
v 9.523474 -5.100092 6.405649
v 9.680979 -4.832377 7.509887
v 9.188314 -4.641864 6.234811
v 9.181955 -4.324248 7.330622
v 8.692011 -4.510672 6.373421
v 9.613773 -5.578165 6.665967
v 9.593198 -6.205850 5.820831
v 9.427973 -5.466537 5.301888
v 10.483726 -7.541511 4.142394
v 7.802824 -4.915990 5.993302
v 8.927532 -4.770626 5.449369
v 9.427973 -5.466537 5.301888
v 8.927532 -4.770626 5.449369
v 8.357101 -4.609627 5.659602
v 7.994374 -6.470994 6.692536
v 7.683771 -7.080598 6.794161
v 7.802824 -4.915990 5.993302
v 9.593198 -6.205850 5.820831
v 8.876322 -6.574955 6.339942
v 8.897347 -7.013403 6.220436
v 9.986120 -6.951767 5.705986
v 8.357101 -4.609627 5.659602
v 8.357101 -4.609627 5.659602
v 8.881874 -8.881152 5.702868
v 9.105234 -8.568388 6.246626
v 9.897017 -8.541480 5.348526
v 10.057537 -8.259559 5.890855
v 10.648874 -8.483968 4.714485
v 10.409615 -8.777122 4.535828
v 10.559802 -9.172159 3.742719
v 10.438473 -9.711549 3.970097
v 10.556608 -10.531172 4.040196
v 10.340347 -10.299669 4.737453
v 10.402221 -10.964050 4.266817
v 10.608356 -9.378029 4.504636
v 10.000552 -9.102319 5.338201
v 9.582955 -9.750670 5.397381
v 8.973139 -9.440223 5.674226
v 9.047261 -9.879423 5.608436
v 7.965219 -9.880040 6.050968
v 8.467223 -10.124608 5.750109
v 8.040327 -9.197627 6.080985
v 9.863520 -10.539579 3.335493
v 7.568703 -10.346413 3.392601
v 8.944907 -10.421906 2.911142
v 7.942474 -10.655958 3.271038
v 10.500586 -10.652617 3.424750
v 8.515940 -12.357936 5.102330
v 7.675581 -10.987218 5.206465
v 8.060862 -8.901555 6.634237
v 10.229507 -10.968648 3.542214
v 9.994500 -11.335761 2.919859
v 9.148466 -11.331607 2.674529
v 7.703161 -11.237165 3.388861
v 7.310396 -11.351353 4.213978
v 7.563604 -11.494654 4.290293
v 7.373905 -11.118305 3.556804
v 7.563604 -11.494654 4.290293
v 7.310396 -11.351353 4.213978
v 7.901526 -11.843994 3.183240
v 8.232890 -11.439652 2.794738
v 10.242998 -11.584837 3.357734
v 6.270238 -10.501390 7.161572
v 5.759669 -10.037120 7.639481
v 6.779679 -10.568799 3.885906
v 6.835762 -10.352918 6.936745
v 6.498314 -11.318686 6.199899
v 3.732802 -10.681019 7.805785
v 4.835767 -10.337332 7.853868
v 7.094151 -10.359324 5.999060
v 7.351745 -10.504184 5.656105
v 6.587927 -10.843851 5.662356
v 6.587927 -10.843851 5.662356
v 6.986819 -10.676805 5.049500
v 6.476566 -10.884567 4.615849
v 3.118143 -10.314951 7.904207
v 6.986819 -10.676805 5.049500
v 5.568448 -10.937028 6.824172
v 4.445615 -11.236826 6.974089
v 5.027520 -11.056445 6.954528
v 4.977859 -13.281166 6.414684
v 6.789907 -11.764122 5.496560
v 6.724983 -11.596533 4.819338
v 6.476566 -10.884567 4.615849
v 6.610549 -11.917899 5.601911
v 6.411221 -11.796250 4.797958
v 6.020928 -11.371356 4.663409
v 5.910652 -11.097973 4.601264
v 5.083265 -11.559872 4.209191
v 4.934998 -11.569481 4.216941
v 4.077413 -11.934466 4.680923
v 3.929012 -11.790936 4.654528
v 5.454282 -13.238354 6.508085
v 6.779679 -10.568799 3.885906
v 5.910652 -11.097973 4.601264
v 6.476566 -10.884567 4.615849
v 5.582972 -11.366988 3.810981
v 4.934998 -11.569481 4.216941
v 4.847589 -11.624388 3.831194
v 3.929012 -11.790936 4.654528
v 6.160980 -12.155359 4.153955
v 4.934998 -11.569481 4.216941
v 5.083265 -11.559872 4.209191
v 5.919291 -13.115992 6.342343
v 8.989857 -12.391598 5.266079
v 10.538029 -13.035746 4.313809
v 10.438365 -12.068947 4.019226
v 10.564795 -12.848242 3.692271
v 10.163074 -12.178869 4.635813
v 10.383059 -12.648600 3.310587
v 9.836130 -13.274920 4.932658
v 9.483514 -12.307203 5.156778
v 7.739926 -12.372067 3.827229
v 7.897485 -12.427243 4.435548
v 7.739926 -12.372067 3.827229
v 6.444365 -12.279912 4.428350
v 6.679960 -13.256130 4.172649
v 6.752246 -12.853956 5.162796
v 6.951772 -13.765265 5.077823
v 6.911394 -13.489546 4.510658
v 6.541881 -12.953872 5.771358
v 6.320914 -14.148638 5.673524
v -0.668470 -9.932302 7.036243
v -1.807361 -9.753271 6.812212
v -0.912767 -9.505710 7.185796
v -2.128978 -9.009660 6.376504
v -2.216010 -8.024903 5.859808
v -1.708309 -7.553999 5.989411
v -0.213848 -8.949957 7.353281
v -0.834990 -8.621760 7.860657
v -0.382451 -8.097757 6.994750
v -0.934714 -8.087048 7.638071
v -0.213848 -8.949957 7.353281
v -1.570176 -8.114713 8.694128
v -2.114517 -8.381940 8.549864
v -1.870217 -9.160498 7.560744
v -2.106784 -8.705025 7.277389
v -2.201664 -7.908614 8.269711
v -2.021565 -7.732113 8.315174
v -1.302926 -7.692035 7.320426
v -1.803771 -7.693869 8.407365
v -1.807361 -9.753271 6.812212
v -2.128978 -9.009660 6.376504
v -0.912767 -9.505710 7.185796
v -1.767324 -7.752805 7.113181
v -2.021565 -7.732113 8.315174
v -2.140847 -8.182217 7.033842
v -1.767324 -7.752805 7.113181
v -2.074502 -7.915578 9.000317
v -2.216010 -8.024903 5.859808
v -2.075390 -8.191482 6.406829
v -1.098612 -7.662258 6.711913
v -0.988622 -7.350660 6.359150
v -1.662790 -7.750295 6.495348
v -1.708309 -7.553999 5.989411
v -1.708309 -7.553999 5.989411
v -1.662790 -7.750295 6.495348
v -1.204301 -12.244676 2.294435
v -2.065119 -11.645079 2.924920
v -2.027411 -11.257219 2.243428
v -2.591368 -11.386110 3.888905
v 0.505850 -9.308348 7.402236
v 1.068540 -12.306750 3.231418
v 0.657656 -11.983232 4.042777
v 0.105049 -13.388140 3.327135
v -0.210216 -13.170929 3.879550
v 0.190689 -14.170843 3.535226
v -0.430463 -13.728983 4.570601
v 0.446452 -14.502386 4.018783
v -0.585587 -13.797539 5.265108
v 1.113730 -14.629095 4.632426
v 0.142870 -13.092850 6.350144
v 0.798026 -12.849323 6.434778
v 1.593778 -14.584335 4.772047
v 1.290608 -12.626194 6.546928
v 2.019645 -14.302982 4.746224
v -0.141003 -12.650547 4.091631
v -0.279269 -12.909157 3.678239
v -0.732726 -13.031871 4.109713
v 2.174821 -12.325225 4.320683
v 2.513302 -12.354873 4.593484
v -1.100893 -12.960531 4.361000
v -0.478468 -12.879419 2.940585
v -1.295153 -12.752176 3.658444
v -1.675409 -10.483702 6.728206
v 1.148426 -11.121319 7.328809
v -1.055826 -11.857483 7.019302
v -2.011843 -11.454302 5.302172
v -1.685302 -12.541182 5.867011
v -0.864798 -13.437164 4.710874
v -1.412483 -12.722309 5.703715
v -1.171502 -13.429224 5.454863
v -1.311822 -13.116554 5.102260
v 0.566763 -12.315193 6.626790
v 1.553366 -12.072891 6.776124
v -0.451932 -12.936762 6.476410
v -0.727786 -12.084862 6.722861
v 0.336148 -11.723337 6.738158
v 1.294912 -11.389582 6.829865
v -2.066543 -12.105911 4.355755
v -1.745150 -12.874706 4.915867
v 0.037557 -11.522628 7.178025
v 3.530236 -12.394478 4.881791
v 3.916943 -12.415408 4.775897
v 3.243747 -12.054188 4.768590
v 3.594015 -12.637461 5.764668
v 2.849968 -11.529606 7.370600
v 3.243747 -12.054188 4.768590
v 3.673038 -12.154865 6.509415
v 4.408000 -12.392271 4.051354
v 2.628504 -12.824841 5.129313
v 2.650642 -12.273795 5.742782
v 2.650642 -12.273795 5.742782
v 2.628504 -12.824841 5.129313
v 2.329050 -12.791647 5.913071
v 2.448933 -12.955167 5.096955
v 2.448933 -12.955167 5.096955
v 3.067650 -11.788012 6.072895
v 2.438988 -12.146841 6.306310
v 3.519387 -11.338152 7.448684
v 2.550343 -11.774568 6.475434
v 3.067650 -11.788012 6.072895
v 2.546883 -13.699615 4.429246
v 2.541600 -14.764523 4.102784
v 1.912626 -12.205982 3.475955
v 2.681182 -13.206813 3.945381
v 2.282269 -12.535906 3.700928
v 3.055729 -14.034321 3.738600
v 0.868210 -13.584127 2.388842
v 0.256922 -12.788290 3.258854
v 0.472771 -14.082298 2.664950
v 2.681182 -13.206813 3.945381
v 2.195992 -13.094414 2.647397
v 4.136592 -13.475967 5.196448
v 3.840860 -12.713926 5.759424
v 4.334786 -13.514197 5.720979
v 4.178560 -12.933982 4.537526
v 4.969275 -14.544481 5.593224
v 4.261757 -14.456585 4.946969
v 3.499695 -5.490064 10.130083
v 5.272131 -12.027997 3.795763
v 5.272131 -12.027997 3.795763
v 5.687708 -14.512747 5.634178
v 6.216837 -13.184617 3.727547
v 4.219557 -14.072342 4.374544
v 4.357484 -13.759666 4.013587
v 4.826126 -13.512066 3.580494
v 11.268232 -11.112244 -2.156301
v 11.847799 -10.746386 -1.873743
v 12.704985 -11.185600 -1.480090
v 12.386185 -11.463602 -1.911096
v 11.949461 -11.741199 -2.209759
v 9.222220 -12.606942 2.650804
v 8.534479 -12.740824 2.686962
v 9.244737 -12.812269 2.438439
v 8.490320 -12.975206 2.467330
v 8.589632 -13.443346 1.711884
v 8.308559 -13.686688 1.873232
v 7.976540 -13.381556 2.745689
v 8.841350 -15.293537 1.926560
v 8.369188 -14.866501 1.974453
v 8.746787 -15.239736 3.412148
v 7.992771 -14.705919 3.033144
v 8.725313 -14.866690 4.222266
v 9.373146 -15.290159 3.595971
v 9.314628 -15.027042 4.516381
v 9.261753 -13.199659 1.607365
v 10.631287 -13.184458 2.843459
v 9.959698 -12.598803 2.805672
v 10.028370 -12.855375 2.523078
v 9.936665 -13.360077 1.761341
v 10.234511 -13.525774 1.887568
v 9.766295 -14.053124 4.847690
v 10.656527 -14.332644 3.890394
v 9.955595 -14.770310 4.213261
v 10.609364 -13.647711 4.350779
v 10.716092 -14.411606 2.895422
v 10.839716 -13.442723 3.190323
v 7.719180 -13.759124 3.067459
v 10.002063 -15.159953 3.407132
v 8.200578 -14.338015 1.957273
v 7.821740 -13.850128 4.184410
v 7.820241 -13.090652 3.497957
v 7.777361 -13.369750 4.136307
v 7.719180 -13.759124 3.067459
v 8.014769 -12.864979 3.106506
v 7.820241 -13.090652 3.497957
v 8.439943 -13.471589 4.833623
v 8.683163 -14.211907 4.757427
v 7.921432 -14.490461 3.833530
v 9.158428 -13.543770 4.909889
v 8.200578 -14.338015 1.957273
v 10.363600 -14.671635 1.935715
v 10.448572 -14.176706 1.970638
v 9.392529 -15.468334 1.910057
v 9.220554 -14.185074 4.814142
v 9.923404 -15.227089 1.892583
v 10.409689 -14.607109 0.839371
v 10.188685 -14.026485 0.786701
v 8.669281 -13.759991 0.683458
v 9.285057 -13.546814 0.650702
v 8.446136 -14.125750 0.778597
v 8.315269 -14.672063 0.894746
v 8.839706 -15.659668 1.106803
v 9.915870 -13.665962 0.697504
v 10.379904 -15.148577 0.916753
v 8.378563 -15.254181 0.901566
v 8.315269 -14.672063 0.894746
v 2.604907 -15.797565 1.879971
v 3.025941 -15.576599 2.765639
v 3.145772 -15.423614 1.921623
v 3.541124 -14.353132 2.013644
v 3.516797 -14.847025 2.799824
v 1.476070 -13.246841 2.470886
v 1.895449 -16.025909 2.559784
v 2.193576 -15.613638 3.553038
v 2.527775 -16.132032 2.823753
v 1.695103 -15.784611 3.424152
v 1.275600 -15.326307 3.820146
v 1.980698 -15.187229 3.899047
v 2.951293 -13.566644 3.297412
v 2.678494 -13.261690 3.059783
v 3.344804 -13.718737 2.664572
v 2.327583 -13.133142 2.345746
v 2.793235 -13.270147 1.589443
v 3.035041 -13.391687 2.494761
v 2.452771 -13.136365 1.524833
v 3.302853 -14.534086 3.495362
v 2.676547 -15.364508 3.671544
v 1.564875 -13.270745 2.221840
v 2.672754 -15.031435 0.491530
v 1.983476 -15.815483 1.627777
v 2.095002 -15.050623 0.484064
v 2.951293 -13.566644 3.297412
v 3.344804 -13.718737 2.664572
v 0.466815 -14.820620 2.074828
v 1.057878 -15.440281 1.544194
v 1.151877 -14.498705 0.870698
v 1.494704 -14.861923 0.641810
v 0.553200 -14.263138 2.050395
v 1.027137 -13.905130 1.156285
v 0.409643 -14.536771 2.857530
v 0.539963 -15.106556 3.228832
v 3.221349 -13.762890 1.389670
v 3.314268 -14.156597 1.108232
v 3.221349 -13.762890 1.389670
v 1.214925 -13.540623 1.203406
v 1.766164 -13.107599 1.363360
v 0.892343 -13.626167 2.091529
v 3.091823 -14.679823 0.704348
v 0.969063 -15.763042 2.353665
v 0.710378 -15.474506 3.015133
v 1.401742 -14.167834 -0.177568
v 1.650869 -14.594238 -0.426315
v 3.495933 -13.970149 0.029183
v 1.336199 -13.630531 0.037711
v 1.417564 -13.222946 0.189261
v 1.924549 -12.869935 0.394129
v 3.343568 -13.493272 0.235177
v 3.343568 -13.493272 0.235177
v 2.937188 -13.072388 0.446257
v 2.561707 -12.821190 0.497667
v 6.098587 -15.915350 3.876243
v 6.614282 -15.485245 4.672155
v 6.689832 -15.652098 3.804779
v 5.482850 -13.281903 3.563469
v 7.226905 -13.887970 3.982879
v 5.546496 -15.490459 2.226223
v 5.000291 -15.180246 2.386182
v 5.460812 -15.918463 3.692016
v 6.962444 -13.599982 3.727801
v 4.185460 -14.663042 3.810642
v 4.608420 -15.459213 3.511287
v 4.738781 -14.728106 2.545583
v 4.732880 -14.094218 2.682489
v 4.371522 -14.223588 3.554931
v 6.037980 -15.889572 4.902766
v 7.220021 -14.904676 4.454635
v 7.105911 -14.365774 5.008087
v 6.359525 -14.952246 5.437708
v 6.299590 -13.319271 3.510161
v 6.929180 -14.195818 2.679854
v 6.602090 -13.617052 2.799953
v 6.937644 -14.663963 2.498626
v 7.253754 -14.702333 3.490745
v 4.809911 -13.710255 3.368463
v 4.967336 -13.771019 2.609839
v 5.525506 -13.414157 3.400078
v 5.299291 -15.233748 5.363977
v 5.830143 -15.124422 5.424234
v 4.364171 -14.920182 4.890593
v 6.114825 -15.538139 2.154301
v 6.598320 -15.226366 2.245466
v 5.583151 -13.386486 2.609102
v 5.583151 -13.386486 2.609102
v 6.277200 -13.468744 2.724494
v 5.525506 -13.414157 3.400078
v 5.411895 -15.773518 4.660161
v 4.532706 -15.462854 4.402448
v 5.482850 -13.281903 3.563469
v 4.921182 -14.095369 1.499324
v 6.703658 -15.235413 1.451192
v 5.070766 -13.684726 1.542590
v 7.001134 -14.737933 1.384714
v 6.934882 -14.209008 1.475624
v 6.284904 -13.400967 1.639403
v 4.894425 -14.676730 1.414496
v 5.049102 -15.174547 1.256141
v 5.581282 -15.536814 1.353517
v 6.613867 -13.700013 1.608869
v 5.641471 -13.384584 1.610862
v 5.641471 -13.384584 1.610862
v 13.197533 -11.635380 -0.443933
v 13.052099 -11.951661 -1.409114
v 13.098402 -12.318336 0.262060
v 11.298735 -12.803243 -2.104069
v 11.327642 -13.478737 -1.595821
v 13.157650 -12.727789 -0.956774
v 12.981834 -13.389132 -1.182309
v 13.182631 -13.236385 -0.623687
v 12.995874 -12.896893 -1.537318
v 12.105452 -14.958591 0.861189
v 12.218971 -14.549049 1.199939
v 10.582130 -13.299446 0.340637
v 11.473047 -12.743654 1.115499
v 10.851154 -13.008425 0.851839
v 10.445929 -13.981122 1.198341
v 10.760710 -13.722951 1.505855
v 11.086411 -13.557194 1.853581
v 10.800413 -13.910829 -0.491976
v 12.495361 -12.793718 1.033530
v 12.857718 -13.011593 0.521412
v 12.066290 -13.886511 1.697204
v 12.348871 -12.485014 -2.050946
v 12.460819 -13.210403 -1.598521
v 12.968582 -12.175966 -2.024730
v 10.824493 -14.625549 0.448155
v 11.637731 -14.934258 0.641083
v 11.414558 -13.940222 -0.889245
v 12.489067 -13.691331 -1.261499
v 11.473047 -12.743654 1.115499
v 11.086411 -13.557194 1.853581
v 9.410154 -15.886717 -1.322757
v 9.090785 -13.624988 -2.605802
v 8.942987 -15.649492 -1.415350
v 9.446539 -16.183224 -0.844978
v 8.986649 -15.950800 -0.903068
v 8.727781 -13.558439 -2.352034
v 9.775853 -13.529728 -0.789932
v 9.308897 -13.664906 -0.075684
v 9.255466 -13.398551 -0.707549
v 10.026493 -13.737959 -0.117371
v 8.594953 -13.846204 -0.080377
v 8.706402 -13.643906 -0.707977
v 9.523106 -12.710136 -1.348100
v 9.108852 -12.739963 -1.275560
v 8.060478 -14.872034 -0.142944
v 8.367895 -14.231563 -0.147432
v 8.194612 -15.457261 0.527793
v 8.060478 -14.872034 -0.142944
v 8.951095 -16.101330 0.521457
v 8.307646 -15.783829 -0.222503
v 9.017153 -16.218998 -0.181130
v 8.206636 -15.223746 -0.872329
v 10.591964 -15.564718 -0.189986
v 10.672167 -14.686119 -0.196317
v 10.531953 -15.197426 -0.872464
v 9.419484 -15.738974 1.173370
v 8.695090 -12.735744 -1.274609
v 10.311870 -14.074189 -1.255038
v 10.288548 -14.061787 -0.201806
v 8.228037 -14.259626 -1.124932
v 8.388777 -14.758859 -1.345610
v 8.347612 -13.296473 -1.832489
v 9.448566 -16.148800 0.495405
v 9.913475 -16.145153 -0.245879
v 9.859573 -15.879768 -0.936063
v 9.473093 -16.498104 -0.164851
v 9.920589 -13.245242 -1.913776
v 10.616163 -15.237444 0.547812
v 9.463057 -13.509760 -2.422741
v 10.218489 -14.657701 -1.414957
v 9.797521 -15.587526 -1.432107
v 9.930199 -16.054806 0.479306
v 10.000500 -15.539249 1.130194
v 8.228037 -14.259626 -1.124932
v 8.347612 -13.296473 -1.832489
v 3.753695 -13.788588 -0.264713
v 3.637289 -12.959620 -0.580187
v 1.290353 -12.656086 -1.660043
v 1.293899 -13.180129 -0.832027
v 1.231018 -13.799585 -1.192998
v 3.135152 -14.734700 -1.711707
v 2.608681 -14.619717 -1.684122
v 2.963321 -14.826602 -0.933532
v 2.219123 -14.899988 -0.351180
v 2.479052 -14.930438 -1.000379
v 1.309975 -11.494873 -1.828693
v 1.611698 -12.873302 -2.042049
v 1.829040 -11.381866 -2.273353
v 2.413965 -13.401783 -2.456483
v 1.544874 -14.607193 -0.858656
v 1.371456 -12.847585 -0.532677
v 1.521813 -12.303607 -0.936242
v 2.517588 -13.947958 -2.198292
v 1.526971 -13.565488 -1.953182
v 1.387589 -11.252821 -1.008558
v 2.789089 -14.838408 -0.215161
v 3.384071 -14.609739 -0.803650
v 3.266474 -14.493146 -0.046281
v 3.212926 -12.025003 -1.094173
v 3.718778 -13.008983 -1.407256
v 3.311608 -12.367599 -1.556331
v 3.867545 -13.670330 -1.056810
v 3.430664 -14.261963 -1.551395
v 2.928224 -13.542295 -2.405631
v 3.308810 -13.605053 -2.018823
v 3.194437 -13.108112 -2.237140
v 3.026035 -14.057737 -2.168749
v 2.232146 -11.244488 -2.404356
v 2.518025 -11.178418 -2.092314
v 2.793084 -11.149692 -1.419569
v 3.054914 -12.561484 -0.342448
v 2.503829 -11.970898 -0.631129
v 3.212926 -12.025003 -1.094173
v 2.690642 -12.410547 -0.175914
v 1.203086 -10.001326 -1.549347
v 1.741654 -9.959206 -1.957396
v 1.787584 -14.412901 -1.676261
v 1.982446 -12.556717 -0.250013
v 1.977801 -11.999664 -0.683251
v 1.960883 -9.740096 -1.380647
v 1.619936 -9.521430 -1.182199
v 1.779775 -11.189631 -0.900712
v 1.392886 -9.476530 -1.191574
v 2.174939 -11.057117 -0.824889
v 1.252469 -9.627348 -1.282170
v 3.637289 -12.959620 -0.580187
v 1.960883 -9.740096 -1.380647
v 2.793084 -11.149692 -1.419569
v 6.835412 -13.773937 -0.675764
v 6.070710 -12.699924 -1.591801
v 6.574404 -14.718536 -0.925288
v 6.709592 -15.536137 0.765098
v 7.241303 -14.663759 1.040315
v 6.412188 -12.433495 -0.998645
v 6.359672 -13.111618 0.803607
v 6.686982 -13.368534 0.662338
v 6.641639 -15.053223 -0.529245
v 7.177499 -14.305264 -0.249167
v 6.146681 -12.828696 0.075104
v 6.806661 -13.202274 -0.408841
v 6.348793 -15.884920 0.015057
v 6.283892 -15.421257 -0.561298
v 5.847182 -15.673296 0.016008
v 5.787184 -15.228578 -0.623468
v 6.228969 -15.057049 -0.940366
v 5.752940 -12.844770 -1.835891
v 6.251959 -15.711657 0.732571
v 6.720647 -15.446681 0.055274
v 7.273561 -14.780900 0.295952
v 7.188445 -13.909767 0.515175
v 6.165198 -15.530563 1.417271
v 4.871474 -12.725353 -1.149643
v 5.030695 -14.093979 -0.813313
v 5.351399 -12.863564 -1.632074
v 5.730123 -14.867168 -1.024233
v 5.754488 -15.754116 0.733702
v 4.895768 -15.276192 0.847192
v 4.968759 -13.456625 0.717170
v 4.821338 -13.857311 0.541416
v 5.108930 -13.110602 0.015430
v 4.768387 -13.686010 -0.516623
v 4.879442 -14.628628 -0.467474
v 5.048986 -12.188732 -0.496230
v 5.867493 -12.030796 -0.446249
v 5.066151 -15.346745 0.018638
v 5.633766 -13.156354 0.806446
v 5.610158 -12.794008 0.108218
v 5.456529 -12.133841 -0.437079
v 5.610158 -12.794008 0.108218
v 5.456529 -12.133841 -0.437079
v 4.649209 -14.546554 0.357802
v 5.633766 -13.156354 0.806446
v 10.429292 -15.430408 2.194972
v 10.268999 -15.320335 2.702343
v 10.349639 -15.517307 2.689751
v 11.068752 -14.951872 2.778495
v 10.715870 -15.286797 3.032766
v 11.216711 -15.529736 2.214643
v 10.585131 -15.115073 2.997793
v 10.458904 -15.461649 2.992354
v 10.458904 -15.461649 2.992354
v 10.585131 -15.115073 2.997793
v 10.715870 -15.286797 3.032766
v 10.351721 -15.255884 2.963379
v 8.564276 -11.919922 -2.380636
v 8.704888 -11.516027 -2.536864
v 8.564276 -11.919922 -2.380636
v 8.961933 -12.231077 -2.831965
v 9.367939 -11.838709 -2.502449
v 9.138350 -11.467527 -2.396844
v 9.157677 -11.482953 -2.572229
v 8.704888 -11.516027 -2.536864
v 8.745582 -11.498041 -2.363556
v 8.913642 -11.367347 -2.583243
v 8.913642 -11.367347 -2.583243
v 8.929115 -11.366395 -2.389432
v 1.246357 -9.560890 -1.446886
v 1.669844 -9.442150 -1.332081
v 1.410330 -9.377416 -1.357824
v 1.410330 -9.377416 -1.357824
v 1.669844 -9.442150 -1.332081
v 4.931252 -11.275789 -1.525309
v 5.425832 -11.470566 -1.941725
v 5.720067 -11.061406 -1.519242
v 5.020275 -10.840878 -1.618635
v 5.421790 -10.746262 -1.413159
v 5.464575 -10.735706 -1.584200
v 5.038351 -10.836470 -1.439394
v 5.207525 -10.659440 -1.620836
v 5.207525 -10.659440 -1.620836
v 5.201049 -10.679375 -1.425617
v 5.207525 -10.659440 -1.620836
v 5.201049 -10.679375 -1.425617
vn -0.2685 0.4484 -0.8526
vn -0.2628 0.9594 -0.1022
vn -0.1636 0.4723 -0.8661
vn -0.3938 0.4249 -0.8151
vn -0.5899 0.4065 -0.6977
vn -0.7602 0.3819 -0.5256
vn -0.8829 0.3640 -0.2967
vn -0.9400 0.3257 0.1016
vn -0.8890 0.3222 0.3254
vn -0.8504 0.3372 0.4039
vn -0.8333 -0.0252 0.5523
vn -0.9125 -0.2445 0.3281
vn -0.9583 -0.2391 0.1564
vn -0.9403 0.3260 0.0980
vn -0.9112 0.2735 -0.3081
vn -0.9243 -0.3222 -0.2044
vn -0.7897 0.2295 -0.5689
vn -0.7708 -0.3267 -0.5469
vn -0.5946 0.1847 -0.7825
vn -0.7872 -0.5897 -0.1803
vn -0.8302 -0.5572 -0.0182
vn -0.9398 -0.3111 0.1415
vn -0.7771 -0.0057 0.6293
vn -0.5874 -0.0391 0.8084
vn -0.6761 -0.0640 0.7340
vn -0.7597 0.3531 0.5460
vn -0.5588 -0.1294 0.8191
vn -0.3958 -0.1918 0.8981
vn -0.6526 0.4611 0.6012
vn -0.9251 0.1977 0.3242
vn -0.9820 -0.1832 0.0463
vn -0.9578 -0.2849 -0.0386
vn -0.8981 -0.3962 -0.1908
vn -0.6201 -0.6008 -0.5045
vn -0.5256 -0.3340 -0.7824
vn -0.3405 -0.6305 -0.6975
vn -0.3765 0.1618 -0.9122
vn -0.2953 -0.2649 -0.9179
vn -0.2238 0.1795 -0.9580
vn -0.1071 0.2047 -0.9729
vn -0.1376 -0.2128 -0.9674
vn -0.0180 -0.2068 -0.9782
vn 0.0782 -0.6652 -0.7425
vn 0.0769 -0.6967 -0.7132
vn 0.0099 -0.6044 -0.7966
vn -0.0531 -0.6727 -0.7380
vn 0.0651 -0.6193 -0.7825
vn 0.1070 -0.6839 -0.7216
vn 0.0114 -0.6990 -0.7151
vn -0.0156 -0.6128 -0.7901
vn -0.2793 -0.6254 -0.7286
vn -0.2269 -0.7067 -0.6701
vn -0.5982 -0.6062 -0.5241
vn -0.8797 -0.4473 -0.1616
vn -0.5423 -0.6696 -0.5075
vn -0.0464 -0.7272 -0.6849
vn 0.0116 -0.6842 -0.7292
vn 0.0843 -0.7318 -0.6763
vn 0.1465 -0.7299 -0.6677
vn 0.0387 -0.7941 -0.6065
vn 0.0732 -0.8200 -0.5676
vn 0.1840 -0.7360 -0.6515
vn 0.2400 -0.7144 -0.6573
vn 0.1550 -0.7628 -0.6277
vn 0.2333 -0.7066 -0.6681
vn 0.1385 -0.6940 -0.7065
vn 0.0501 -0.6618 -0.7480
vn -0.4053 -0.7101 -0.5758
vn -0.4228 -0.7742 -0.4710
vn -0.0931 -0.9399 -0.3285
vn 0.3197 -0.8457 -0.4273
vn 0.1537 -0.6651 -0.7307
vn 0.1752 -0.8533 -0.4911
vn 0.1913 -0.7544 -0.6279
vn 0.2140 -0.8490 -0.4831
vn 0.2419 -0.8639 -0.4417
vn 0.2506 -0.6666 -0.7020
vn 0.2373 -0.8240 -0.5145
vn 0.3035 -0.8161 -0.4918
vn 0.2573 -0.8335 -0.4890
vn 0.2273 -0.9732 0.0353
vn 0.2521 -0.9629 -0.0964
vn 0.3379 -0.9325 -0.1271
vn 0.9518 -0.0611 0.3006
vn 0.2469 -0.8435 0.4769
vn 0.2190 -0.9754 0.0237
vn -0.5123 -0.8241 -0.2416
vn -0.7465 -0.6056 -0.2755
vn -0.8284 -0.5292 -0.1835
vn -0.8484 -0.5143 -0.1252
vn -0.8958 -0.4309 -0.1086
vn -0.8903 -0.4537 0.0395
vn -0.8548 -0.5185 -0.0216
vn -0.8101 -0.5823 -0.0685
vn -0.4089 -0.8227 -0.3950
vn -0.5308 -0.5147 -0.6732
vn -0.6302 -0.7335 -0.2545
vn -0.4215 0.7375 0.5277
vn -0.1357 0.7951 -0.5911
vn -0.5771 0.5396 -0.6130
vn -0.7784 -0.0745 -0.6233
vn -0.7242 -0.5898 -0.3573
vn -0.6584 -0.6452 -0.3876
vn -0.7220 -0.6812 -0.1214
vn -0.6196 -0.7024 0.3504
vn -0.5862 -0.5692 0.5766
vn -0.8552 -0.2573 0.4500
vn -0.8934 -0.2338 0.3836
vn -0.9022 -0.2698 0.3364
vn -0.9577 -0.2856 0.0357
vn -0.9323 -0.3566 -0.0608
vn -0.9134 -0.0949 0.3959
vn -0.9102 0.0915 0.4039
vn -0.6805 0.4258 0.5963
vn -0.4399 0.5589 0.7029
vn -0.4876 -0.3793 0.7864
vn -0.5313 0.1357 0.8362
vn -0.5706 -0.2582 0.7796
vn -0.4480 0.3762 0.8110
vn -0.6317 0.3603 0.6864
vn -0.3209 0.4079 0.8548
vn -0.4681 0.0127 0.8836
vn -0.3875 -0.4780 0.7882
vn -0.4451 0.4124 0.7949
vn -0.3961 0.6616 0.6367
vn -0.8095 0.2152 0.5463
vn -0.5378 0.5610 0.6293
vn -0.8633 0.4234 0.2748
vn -0.8932 -0.1514 0.4234
vn -0.7667 -0.1864 0.6143
vn -0.5523 -0.2258 0.8025
vn -0.1501 -0.5857 0.7965
vn -0.2950 -0.5363 0.7908
vn -0.4357 -0.8001 0.4123
vn -0.5937 -0.7756 0.2142
vn -0.2931 -0.8162 0.4979
vn -0.1568 -0.5677 0.8082
vn 0.0065 -0.2605 0.9655
vn 0.0103 -0.4175 0.9086
vn 0.1545 -0.7161 0.6807
vn 0.2933 -0.3483 0.8903
vn 0.1864 -0.2257 0.9562
vn -0.0303 -0.7139 0.6996
vn 0.1486 -0.5474 0.8236
vn -0.0820 -0.2032 0.9757
vn -0.2475 -0.0750 0.9660
vn -0.6632 -0.4237 0.6169
vn -0.9804 -0.1117 0.1624
vn 0.0285 -0.5723 0.8196
vn 0.2500 0.0091 0.9682
vn -0.0687 0.0879 0.9938
vn -0.1520 -0.1961 0.9687
vn -0.1323 -0.6553 0.7437
vn 0.0819 -0.8617 0.5008
vn 0.5001 -0.5085 0.7009
vn -0.3789 -0.8925 0.2446
vn 0.5901 -0.4308 0.6828
vn 0.9007 -0.4159 0.1256
vn 0.6061 -0.4999 0.6187
vn 0.5528 -0.4067 0.7273
vn 0.8652 -0.2067 0.4568
vn 0.9937 0.0036 0.1120
vn 0.9369 -0.3492 -0.0143
vn 0.9164 0.3713 0.1496
vn 0.8528 0.1048 0.5116
vn 0.8277 0.5137 0.2258
vn 0.8684 -0.0694 0.4909
vn 0.8747 0.4675 0.1277
vn 0.5442 -0.5913 0.5951
vn 0.9595 -0.2241 0.1708
vn 0.9925 0.0006 -0.1223
vn 0.8754 0.4825 0.0305
vn 0.9917 -0.1139 -0.0594
vn 0.8447 0.3865 0.3703
vn 0.7956 -0.5676 -0.2119
vn 0.7501 -0.6207 0.2283
vn 0.1871 -0.7591 0.6235
vn 0.1555 -0.7076 0.6893
vn -0.3209 -0.7580 0.5679
vn -0.7965 -0.5519 0.2469
vn -0.9079 -0.3592 -0.2161
vn -0.8538 0.0104 -0.5205
vn -0.6112 0.5935 -0.5237
vn -0.9065 0.1741 -0.3847
vn -0.9810 -0.1624 -0.1059
vn -0.7176 -0.6720 0.1830
vn -0.1734 -0.8869 0.4283
vn -0.1889 -0.9820 -0.0023
vn 0.3260 -0.9126 0.2469
vn 0.3856 -0.8730 -0.2986
vn 0.4020 -0.8504 -0.3395
vn -0.0894 -0.8989 -0.4290
vn -0.5692 -0.8144 -0.1129
vn -0.9277 -0.2379 -0.2876
vn -0.9052 0.2751 -0.3238
vn -0.6767 0.7054 -0.2110
vn -0.9210 0.2045 -0.3317
vn -0.8815 -0.1796 -0.4366
vn -0.5872 -0.6330 -0.5044
vn -0.5538 -0.6801 -0.4804
vn -0.2054 -0.8909 -0.4051
vn -0.6703 -0.7356 -0.0979
vn -0.2088 -0.9708 -0.1184
vn -0.9639 -0.2475 -0.0979
vn -0.7139 -0.6820 -0.1589
vn -0.1177 -0.9693 -0.2157
vn 0.3840 -0.9227 -0.0358
vn 0.8586 -0.4909 -0.1476
vn 0.7773 -0.6150 0.1328
vn 0.7538 -0.6570 0.0075
vn 0.3712 -0.9244 -0.0877
vn -0.1622 -0.7891 -0.5924
vn -0.5103 -0.6296 -0.5859
vn -0.9703 -0.1805 -0.1609
vn -0.9971 0.0493 -0.0572
vn -0.7150 0.6971 -0.0535
vn -0.2990 0.9458 -0.1264
vn -0.1724 0.7926 -0.5848
vn 0.1038 0.9926 -0.0629
vn 0.2295 0.8840 -0.4074
vn 0.2340 0.8790 -0.4154
vn 0.7262 0.6762 -0.1240
vn 0.7921 0.5941 -0.1401
vn 0.6354 0.7664 -0.0943
vn 0.5749 0.8182 -0.0028
vn 0.6158 0.7848 0.0696
vn 0.0994 0.9812 0.1654
vn -0.3322 0.9323 0.1432
vn -0.8105 0.5648 0.1550
vn -0.9874 0.1357 0.0815
vn -0.9878 0.0595 -0.1437
vn -0.7019 -0.2440 -0.6692
vn -0.2356 -0.4878 -0.8406
vn -0.2235 -0.1400 -0.9646
vn -0.5890 -0.0738 -0.8047
vn -0.9338 -0.0116 -0.3577
vn -0.5140 0.0472 -0.8565
vn 0.3005 -0.1205 -0.9461
vn 0.1827 0.2478 -0.9514
vn 0.0786 0.4679 -0.8803
vn -0.9391 0.0596 -0.3385
vn -0.8622 -0.0436 0.5047
vn -0.8810 0.2266 0.4153
vn -0.8180 0.4700 0.3316
vn -0.4077 0.7317 0.5463
vn -0.3842 0.8813 0.2752
vn 0.1705 0.8951 0.4119
vn 0.6629 0.6441 0.3817
vn 0.5645 0.6438 0.5165
vn 0.1360 0.8073 0.5742
vn 0.2889 0.5745 0.7658
vn -0.3560 0.3256 0.8759
vn -0.2503 0.1510 0.9563
vn -0.7667 0.0557 0.6396
vn -0.6069 0.4706 -0.6405
vn -0.0889 0.8445 -0.5281
vn 0.4644 0.8156 -0.3451
vn 0.8202 0.5558 0.1354
vn 0.7642 0.4157 -0.4931
vn 0.6708 0.1867 -0.7178
vn 0.8495 0.3597 -0.3861
vn 0.8644 0.4887 0.1185
vn 0.7464 0.5579 0.3628
vn 0.9362 0.2587 -0.2379
vn 0.8153 0.4663 0.3433
vn 0.8145 -0.1325 -0.5648
vn 0.9834 -0.1333 -0.1231
vn 0.3696 -0.4411 -0.8178
vn 0.4275 -0.7982 -0.4244
vn 0.8514 -0.3814 -0.3601
vn 0.9502 -0.0942 0.2970
vn 0.9424 -0.1728 0.2865
vn -0.3049 0.9494 -0.0756
vn -0.3074 0.9428 0.1292
vn -0.7949 0.5503 0.2556
vn -0.8706 0.4851 0.0825
vn -0.9410 -0.0650 0.3322
vn -0.7886 0.2124 0.5771
vn -0.5439 -0.1380 0.8277
vn -0.2564 -0.6462 0.7188
vn 0.1929 -0.4623 0.8655
vn 0.6575 -0.3604 0.6617
vn 0.5825 0.2225 0.7818
vn -0.1993 -0.6370 0.7447
vn -0.9222 0.3252 0.2092
vn -0.3535 0.9354 -0.0084
vn -0.0142 0.2979 0.9545
vn 0.7646 -0.1826 0.6181
vn 0.8654 0.4804 0.1424
vn 0.6902 0.5905 0.4183
vn 0.4855 0.8732 -0.0427
vn 0.4180 0.9015 0.1121
vn 0.5877 0.8074 0.0516
vn -0.3534 0.9354 -0.0084
vn -0.3048 0.9494 -0.0756
vn 0.2380 -0.8703 -0.4311
vn 0.5007 -0.7919 -0.3496
vn 0.2472 -0.6600 -0.7095
vn 0.2800 -0.5096 -0.8135
vn 0.3466 -0.6919 -0.6334
vn 0.1501 -0.8309 -0.5357
vn 0.2079 -0.6467 -0.7339
vn 0.0393 -0.7997 -0.5991
vn 0.4486 -0.5864 -0.6744
vn 0.5055 -0.3796 -0.7748
vn 0.7833 -0.3260 -0.5293
vn 0.4921 -0.4694 -0.7332
vn 0.2896 -0.0155 -0.9570
vn 0.1641 0.4878 -0.8574
vn -0.1440 -0.6743 -0.7243
vn -0.4761 0.0986 -0.8738
vn 0.0280 -0.9635 -0.2664
vn -0.3831 0.1351 -0.9138
vn 0.1020 0.1890 -0.9767
vn 0.4970 0.2559 -0.8292
vn 0.8131 -0.1566 -0.5606
vn 0.9001 -0.0590 -0.4316
vn 0.9995 -0.0299 -0.0129
vn 0.9810 -0.1236 -0.1493
vn 0.8909 -0.3649 -0.2706
vn 0.9969 -0.0776 -0.0140
vn 0.9088 -0.3756 0.1814
vn 0.7802 -0.0006 0.6256
vn 0.9498 -0.0338 0.3110
vn 0.8456 -0.2487 0.4724
vn 0.6149 -0.0418 0.7875
vn 0.9600 0.0545 0.2747
vn 0.5300 -0.6043 0.5949
vn 0.6848 -0.0999 0.7218
vn 0.8350 0.2740 0.4771
vn 0.9372 0.2803 0.2075
vn 0.9894 -0.0306 -0.1422
vn 0.7514 -0.1116 -0.6503
vn 0.9783 0.1403 -0.1525
vn 0.9414 0.2996 0.1548
vn 0.8811 0.3948 0.2603
vn 0.9029 0.0309 0.4288
vn 0.4144 0.0289 0.9096
vn 0.4161 -0.2498 0.8744
vn 0.4561 -0.5654 0.6872
vn 0.4458 -0.0758 0.8919
vn 0.5870 -0.5187 0.6217
vn 0.3617 -0.0684 0.9298
vn 0.5552 -0.0076 0.8317
vn 0.2987 0.0394 0.9535
vn 0.4788 -0.1224 0.8693
vn -0.0151 -0.2378 0.9712
vn 0.0960 -0.1531 0.9835
vn 0.2026 -0.2963 0.9334
vn 0.6505 -0.6948 0.3068
vn 0.1773 -0.7685 0.6148
vn -0.5457 -0.2948 0.7845
vn -0.3624 -0.5092 0.7806
vn -0.8180 -0.2439 0.5210
vn -0.5030 -0.2200 0.8358
vn -0.0215 -0.2576 0.9660
vn 0.4286 -0.1075 0.8971
vn 0.7443 -0.0452 0.6664
vn 0.9932 -0.0697 0.0935
vn 0.9926 0.0972 0.0728
vn 0.9292 0.0956 -0.3570
vn 0.4884 0.4080 -0.7714
vn 0.8467 0.3613 -0.3905
vn 0.9633 0.2657 0.0368
vn 0.8593 0.0976 0.5020
vn 0.8423 -0.0952 0.5305
vn 0.3773 -0.3539 0.8558
vn -0.4017 -0.4268 0.8102
vn 0.0078 -0.3656 0.9307
vn -0.8754 -0.2117 0.4345
vn -0.9171 -0.0868 0.3892
vn -0.9916 -0.0896 -0.0931
vn -0.9876 0.0799 -0.1349
vn -0.9782 -0.0002 -0.2075
vn -0.8065 -0.5068 0.3044
vn -0.4758 -0.7031 0.5285
vn 0.0655 -0.6899 0.7210
vn 0.5401 -0.6199 0.5692
vn 0.8574 -0.3983 0.3260
vn 0.9910 0.1233 -0.0521
vn 0.7960 0.4439 -0.4116
vn 0.3905 0.7161 -0.5785
vn 0.0555 0.3481 -0.9358
vn -0.4109 0.3090 -0.8577
vn -0.0117 0.7775 -0.6287
vn 0.8119 0.4406 -0.3831
vn 0.3836 0.8329 -0.3990
vn 0.9617 0.1103 -0.2511
vn 0.9123 -0.4018 -0.0791
vn 0.5523 -0.8189 0.1565
vn 0.0765 -0.9622 0.2615
vn -0.4085 -0.8975 0.1659
vn -0.8191 -0.5674 -0.0842
vn -0.9691 -0.0821 -0.2328
vn -0.8105 -0.5857 -0.0062
vn -0.9956 0.0675 0.0657
vn -0.8589 -0.4031 0.3159
vn -0.5188 -0.8404 0.1566
vn 0.0743 -0.9787 0.1912
vn 0.6461 -0.7465 0.1592
vn 0.8873 -0.4608 0.0172
vn 0.9742 0.2067 0.0909
vn 0.8826 0.4681 -0.0426
vn 0.4849 0.8623 -0.1462
vn -0.0388 0.9262 -0.3751
vn -0.4715 0.6567 -0.5886
vn -0.4929 0.7744 -0.3967
vn -0.5698 0.8014 -0.1820
vn -0.0757 0.9665 -0.2451
vn 0.4754 0.8798 -0.0003
vn 0.8144 0.5800 0.0187
vn 0.9694 0.2439 -0.0295
vn 0.9277 -0.2602 0.2675
vn 0.8970 -0.3144 0.3108
vn 0.5823 -0.6977 0.4173
vn 0.5305 -0.7897 0.3083
vn 0.8633 -0.5000 -0.0687
vn 0.8856 -0.2406 -0.3972
vn 0.9106 0.3763 -0.1707
vn 0.6265 0.7273 0.2801
vn -0.0708 0.9933 0.0909
vn -0.9279 0.3661 -0.0707
vn -0.5707 0.8201 0.0409
vn -0.8760 0.4796 0.0507
vn -0.6882 0.6118 0.3900
vn -0.0108 0.7731 0.6342
vn 0.6819 0.5685 0.4602
vn 0.9315 0.2374 -0.2756
vn 0.7340 -0.2007 -0.6488
vn 0.4762 -0.4670 -0.7451
vn 0.6075 -0.6836 -0.4046
vn 0.6138 -0.7835 -0.0973
vn 0.0752 -0.9163 0.3933
vn 0.0914 -0.8881 0.4505
vn -0.4835 -0.7707 0.4150
vn -0.4121 -0.8532 0.3196
vn -0.8894 -0.3864 0.2443
vn -0.9922 0.1219 0.0274
vn -0.7727 -0.6257 -0.1068
vn -0.4807 -0.8747 -0.0617
vn 0.0898 -0.9948 0.0477
vn 0.0580 -0.8960 -0.4404
vn 0.0542 -0.6915 -0.7203
vn -0.5208 -0.7658 -0.3772
vn -0.8755 -0.3287 -0.3542
vn -0.9691 0.2466 0.0056
vn -0.4539 -0.5574 -0.6952
vn -0.0592 -0.3159 -0.9469
vn 0.6484 -0.1273 -0.7506
vn 0.9018 0.2943 -0.3166
vn -0.1054 -0.0504 -0.9932
vn -0.7290 -0.2254 -0.6463
vn -0.7707 -0.3131 -0.5549
vn -0.9874 0.0537 -0.1486
vn -0.9732 0.1488 -0.1756
vn -0.6829 0.2651 -0.6808
vn -0.0998 0.4752 -0.8742
vn 0.4730 0.3801 -0.7949
vn 0.5726 0.6336 0.5204
vn 0.0535 0.6393 0.7671
vn 0.0143 0.7151 0.6989
vn -0.5424 0.5703 0.6169
vn -0.6829 0.2650 -0.6807
vn -0.9732 0.1487 -0.1756
vn -0.6808 0.4425 0.5837
vn -0.9873 0.0754 -0.1399
vn -0.9588 0.2819 0.0351
vn -0.9859 0.1633 0.0366
vn -0.9939 0.0852 0.0707
vn -0.9596 -0.0502 -0.2769
vn -0.8698 0.3244 -0.3716
vn -0.9752 0.0280 -0.2195
vn -0.7930 0.3768 -0.4787
vn -0.8117 0.1775 -0.5565
vn -0.9836 0.1074 -0.1449
vn -0.9928 -0.0947 -0.0740
vn -0.8436 -0.0802 -0.5310
vn -0.7986 -0.1248 -0.5889
vn -0.9181 -0.3963 0.0004
vn -0.8195 -0.5729 -0.0135
vn -0.7435 -0.4773 -0.4684
vn -0.0876 -0.9837 0.1569
vn 0.7685 -0.5262 -0.3640
vn 0.9181 -0.3942 -0.0419
vn 0.8016 -0.1720 -0.5726
vn 0.8511 0.1665 -0.4979
vn 0.9048 0.2268 -0.3605
vn 0.9671 0.0535 -0.2488
vn 0.8625 0.2664 0.4303
vn 0.5774 -0.5135 0.6347
vn -0.0405 -0.6048 0.7954
vn 0.5142 0.2018 0.8336
vn 0.1662 -0.1789 0.9697
vn -0.0476 -0.3570 0.9329
vn 0.3388 0.0588 0.9390
vn -0.1754 -0.1956 0.9649
vn 0.2628 0.4305 0.8635
vn -0.2476 0.2527 0.9353
vn 0.7118 0.2446 0.6584
vn 0.8122 0.5690 0.1285
vn 0.9087 0.3410 0.2407
vn 0.8590 0.5060 0.0779
vn 0.8452 0.3623 -0.3929
vn 0.9044 0.4031 0.1398
vn 0.5053 0.5369 0.6756
vn 0.2065 0.3785 0.9023
vn 0.5182 0.4554 0.7239
vn 0.7362 0.6499 0.1886
vn 0.7393 0.6189 0.2654
vn 0.7785 0.5370 -0.3249
vn 0.8705 0.4121 -0.2690
vn 0.6341 0.1580 -0.7569
vn 0.6028 0.2097 -0.7698
vn 0.7381 0.5078 -0.4443
vn 0.6317 0.4728 -0.6143
vn 0.3785 0.4634 -0.8012
vn 0.3979 0.4614 -0.7930
vn 0.1559 0.0772 -0.9847
vn 0.2551 -0.0787 -0.9637
vn 0.1762 -0.1405 -0.9743
vn 0.5216 0.3070 -0.7961
vn 0.0778 0.0422 -0.9961
vn -0.1252 -0.3494 -0.9286
vn -0.3770 -0.1814 -0.9083
vn -0.4717 -0.1858 -0.8620
vn 0.1561 0.0587 -0.9860
vn 0.4985 0.3460 -0.7948
vn 0.7794 0.4834 -0.3987
vn 0.9528 0.2865 0.1007
vn 0.9366 0.2338 -0.2611
vn 0.6394 0.0696 -0.7657
vn 0.1982 -0.2924 -0.9355
vn -0.1541 -0.3959 -0.9052
vn -0.7627 -0.4612 -0.4534
vn -0.7569 -0.3562 -0.5480
vn -0.5104 -0.6837 -0.5215
vn -0.2157 -0.5029 -0.8370
vn -0.2036 -0.3027 -0.9311
vn -0.6318 -0.6130 -0.4744
vn -0.3046 -0.2484 -0.9195
vn 0.2674 0.2111 -0.9402
vn 0.6320 0.1026 -0.7681
vn 0.3304 -0.0316 -0.9433
vn -0.1270 -0.4117 -0.9024
vn -0.5188 -0.6770 -0.5220
vn -0.5784 -0.7829 -0.2291
vn -0.6248 -0.7709 -0.1235
vn -0.8585 -0.4470 -0.2513
vn -0.9026 -0.4121 -0.1244
vn -0.7615 -0.5771 -0.2950
vn -0.2468 -0.6937 -0.6767
vn 0.2422 -0.5390 -0.8067
vn 0.7572 -0.3319 -0.5626
vn 0.9951 -0.0299 -0.0939
vn 0.7264 -0.5701 -0.3838
vn 0.2667 -0.7754 -0.5724
vn -0.1061 -0.8204 -0.5619
vn -0.6422 -0.6255 -0.4431
vn -0.9661 -0.2239 0.1285
vn -0.9064 -0.2383 0.3489
vn -0.9249 -0.2671 0.2705
vn -0.6116 -0.6893 0.3884
vn -0.3806 -0.9001 0.2119
vn -0.5785 -0.8116 0.0810
vn -0.2413 -0.6470 0.7233
vn -0.0089 -0.9613 -0.2754
vn -0.0104 -0.7950 -0.6066
vn -0.0467 -0.6204 -0.7829
vn 0.0443 -0.5215 -0.8521
vn -0.0257 -0.6942 -0.7193
vn 0.0176 -0.5644 -0.8253
vn 0.1596 -0.6151 -0.7721
vn 0.1433 -0.2652 -0.9535
vn 0.3839 -0.1070 -0.9172
vn 0.6434 -0.4809 -0.5956
vn 0.5987 -0.0777 -0.7972
vn 0.6969 0.2076 -0.6865
vn 0.8345 0.3107 -0.4550
vn 0.9368 0.3360 0.0973
vn 0.9515 0.2375 -0.1953
vn 0.8587 0.3838 -0.3396
vn 0.8171 0.1353 -0.5604
vn 0.3735 0.1450 -0.9162
vn 0.3507 -0.1561 -0.9234
vn -0.0263 -0.6577 -0.7528
vn 0.2085 -0.0918 -0.9737
vn 0.1221 0.3613 -0.9244
vn 0.3583 0.5629 -0.7448
vn 0.5872 0.3363 -0.7363
vn 0.7401 0.4176 -0.5271
vn 0.9345 -0.0023 -0.3559
vn 0.9081 0.0616 -0.4142
vn 0.8100 0.4477 -0.3788
vn 0.9293 0.2890 -0.2298
vn 0.9473 0.2578 -0.1901
vn 0.7851 0.5761 0.2275
vn 0.7133 0.6908 0.1184
vn 0.4328 0.7705 0.4680
vn 0.8259 0.3989 0.3984
vn 0.9200 0.3794 -0.0979
vn 0.6942 0.7174 -0.0582
vn 0.6138 0.7355 -0.2867
vn 0.5817 0.6798 -0.4467
vn 0.4665 0.6259 -0.6250
vn 0.6164 0.7448 0.2554
vn 0.7626 0.5190 0.3860
vn 0.6593 0.4227 0.6218
vn 0.6155 0.4670 0.6349
vn 0.5758 0.7170 0.3929
vn 0.5807 0.3667 0.7269
vn 0.4782 0.6653 0.5734
vn 0.3770 0.6095 0.6974
vn 0.2624 0.6133 0.7450
vn 0.7391 0.3408 0.5810
vn 0.5444 0.2078 0.8127
vn 0.4893 0.2498 0.8356
vn 0.1735 0.7365 0.6539
vn 0.4615 0.7303 0.5037
vn 0.8728 0.4451 0.2003
vn 0.6386 0.6568 0.4009
vn 0.2729 0.7760 0.5687
vn 0.0767 0.7659 0.6383
vn 0.4262 0.5154 0.7434
vn 0.7648 -0.0983 0.6367
vn 0.6876 0.3669 0.6266
vn 0.2000 0.4224 0.8841
vn 0.2610 -0.2671 0.9277
vn 0.2624 -0.1098 0.9587
vn 0.1668 0.5087 0.8447
vn 0.2322 0.6060 0.7608
vn 0.0398 0.6652 0.7456
vn -0.0860 0.6980 0.7110
vn -0.2678 0.8031 0.5323
vn -0.1956 0.4410 0.8759
vn 0.1372 0.5138 0.8468
vn 0.1558 0.7229 0.6731
vn -0.1483 0.7257 0.6719
vn -0.0539 0.4708 0.8806
vn 0.1100 -0.0782 0.9909
vn 0.0029 -0.1132 0.9936
vn -0.2899 0.4143 0.8627
vn -0.4285 0.5476 0.7187
vn 0.0415 -0.2723 0.9613
vn -0.1229 0.1797 0.9760
vn -0.0031 0.1830 0.9831
vn 0.0194 0.6100 0.7922
vn -0.0537 0.5398 0.8401
vn -0.1565 0.5037 0.8496
vn -0.0599 0.3518 -0.9341
vn -0.1429 0.3383 -0.9301
vn -0.0286 -0.1466 -0.9888
vn 0.0649 -0.7211 -0.6898
vn -0.0127 -0.6203 -0.7843
vn -0.0009 -0.7027 -0.7114
vn -0.0212 -0.7853 -0.6187
vn 0.0111 -0.7973 -0.6034
vn 0.0584 -0.8283 -0.5573
vn 0.0993 -0.8670 -0.4883
vn 0.1530 -0.7777 -0.6098
vn 0.2134 -0.8731 -0.4383
vn 0.0357 -0.9945 0.0987
vn 0.1590 -0.3698 0.9154
vn 0.4643 -0.8728 0.1505
vn 0.0936 -0.2350 0.9675
vn -0.1817 -0.6820 0.7084
vn -0.1175 -0.1423 0.9828
vn -0.4613 -0.4321 0.7749
vn -0.2791 0.2589 0.9247
vn -0.6878 -0.0180 0.7256
vn -0.6876 0.0204 0.7258
vn -0.2684 0.2232 0.9371
vn -0.1462 0.3629 0.9203
vn -0.7316 0.2893 0.6173
vn -0.0340 0.6345 0.7722
vn -0.9942 0.0624 -0.0879
vn -0.7530 0.5222 0.4004
vn -0.2544 0.6193 0.7428
vn -0.9889 0.1449 0.0321
vn -0.7448 0.4809 0.4626
vn -0.6498 -0.6613 -0.3748
vn -0.0389 -0.8843 -0.4652
vn 0.4998 -0.8588 0.1125
vn 0.6154 -0.7820 -0.0988
vn 0.8721 -0.3031 0.3841
vn 0.9500 -0.3081 0.0510
vn 0.9070 -0.1623 0.3886
vn 0.8996 0.1037 0.4242
vn 0.4638 0.2535 0.8489
vn 0.6472 0.1786 0.7411
vn -0.0936 0.3803 0.9201
vn -0.2685 0.2197 0.9379
vn -0.0606 0.6388 0.7670
vn 0.6058 0.1327 0.7845
vn 0.5482 -0.4577 0.7000
vn 0.1062 -0.8734 0.4753
vn -0.2344 -0.9720 0.0155
vn 0.0604 -0.7336 -0.6769
vn 0.0349 -0.9265 -0.3747
vn 0.0786 -0.9845 -0.1566
vn 0.4335 -0.8946 -0.1082
vn 0.6800 -0.5869 -0.4396
vn 0.4963 -0.7355 -0.4611
vn 0.3056 -0.8816 -0.3597
vn 0.3269 -0.9413 -0.0848
vn 0.1727 -0.9285 -0.3287
vn -0.1492 -0.9794 -0.1362
vn 0.8509 -0.4981 0.1667
vn -0.3466 -0.8949 0.2811
vn 0.7612 -0.4243 -0.4903
vn 0.9552 -0.1688 -0.2433
vn 0.9543 -0.2755 -0.1162
vn 0.9263 0.3412 0.1600
vn 0.8138 0.5317 0.2346
vn 0.8636 0.4898 0.1199
vn 0.8512 0.5246 0.0145
vn 0.8366 0.3923 0.3825
vn 0.7966 0.4762 0.3723
vn 0.7156 0.5712 0.4020
vn 0.8556 0.4944 0.1533
vn 0.4080 0.3347 0.8494
vn 0.8196 0.5526 0.1513
vn 0.2741 0.3337 0.9020
vn -0.2989 0.2204 0.9285
vn 0.6197 0.7824 -0.0625
vn -0.0101 0.9913 0.1314
vn -0.1276 0.9862 -0.1054
vn 0.5703 0.7569 -0.3191
vn -0.0641 0.9965 -0.0539
vn 0.9224 0.3184 -0.2186
vn 0.9012 0.4325 -0.0290
vn 0.9029 0.0308 0.4288
vn 0.7806 -0.4638 0.4189
vn 0.4777 -0.4897 0.7294
vn 0.0118 -0.5210 0.8535
vn -0.0616 -0.1050 0.9926
vn -0.1396 -0.4550 0.8795
vn -0.7035 0.1450 0.6957
vn -0.5897 0.2828 0.7565
vn -0.4374 0.7259 0.5308
vn -0.6783 0.6683 0.3053
vn -0.0101 0.9913 0.1315
vn -0.6799 0.5496 0.4855
vn 0.3985 0.1614 0.9029
vn 0.8900 -0.3077 0.3364
vn 0.7282 0.6540 -0.2049
vn -0.9170 -0.3912 0.0777
vn -0.7987 -0.5967 0.0777
vn -0.4438 -0.8699 0.2153
vn 0.9405 -0.3338 0.0633
vn 0.6339 -0.4374 0.6378
vn 0.4382 0.0769 0.8956
vn 0.2979 -0.5708 0.7651
vn 0.7920 -0.1370 0.5950
vn 0.3983 -0.3614 0.8430
vn 0.3718 -0.4254 0.8251
vn 0.1419 -0.0984 0.9850
vn 0.2593 -0.5969 0.7593
vn 0.2302 -0.3846 0.8939
vn 0.5667 -0.2525 0.7843
vn 0.8044 -0.1459 0.5758
vn 0.9883 -0.1514 -0.0196
vn 0.9964 -0.0332 0.0776
vn 0.8658 -0.0791 -0.4941
vn 0.8155 0.0774 -0.5736
vn 0.3239 0.1468 -0.9346
vn 0.7090 -0.5315 -0.4635
vn 0.4366 -0.6077 -0.6634
vn 0.4809 0.3649 -0.7972
vn -0.1847 0.6751 -0.7142
vn 0.4598 0.4545 -0.7629
vn 0.1373 0.5202 -0.8429
vn 0.3801 0.5952 -0.7080
vn -0.0394 0.4588 -0.8877
vn 0.8460 0.3308 -0.4181
vn 0.9813 0.1862 0.0494
vn 0.7566 0.5528 -0.3494
vn 0.6901 0.6687 -0.2767
vn 0.2518 0.9008 -0.3538
vn -0.1353 0.9048 -0.4037
vn 0.2013 0.9776 -0.0614
vn -0.2218 0.9751 0.0078
vn 0.7020 0.6912 -0.1714
vn 0.9552 0.2946 -0.0276
vn 0.9116 0.4088 0.0431
vn 0.8942 0.0898 0.4385
vn 0.8709 -0.0649 0.4872
vn 0.5182 -0.2768 0.8092
vn 0.1269 -0.3598 0.9244
vn 0.0815 -0.4700 0.8789
vn 0.4720 -0.4463 0.7602
vn 0.9179 -0.3308 0.2189
vn 0.9620 -0.2112 -0.1731
vn 0.9204 0.3541 -0.1655
vn 0.7786 0.6094 0.1500
vn 0.3263 0.9275 0.1824
vn -0.2507 0.9583 0.1369
vn 0.2807 0.9173 0.2825
vn -0.2322 0.9102 0.3430
vn 0.6997 0.6812 0.2154
vn 0.4608 0.7767 0.4294
vn -0.1903 0.7107 0.6773
vn 0.5237 0.6052 0.5996
vn -0.1494 0.5760 0.8037
vn 0.3890 0.6453 0.6575
vn -0.1864 0.6197 0.7624
vn -0.0687 0.5597 -0.8259
vn 0.4990 0.5393 -0.6783
vn 0.8737 0.4583 -0.1632
vn 0.9069 0.4033 -0.1221
vn 0.8466 0.5318 0.0184
vn 0.9088 0.4040 0.1045
vn 0.9228 0.3346 0.1911
vn 0.9526 -0.2838 -0.1098
vn 0.6624 -0.7459 -0.0693
vn 0.6469 -0.6422 0.4113
vn 0.1085 -0.5323 0.8396
vn 0.2042 -0.8260 0.5253
vn 0.2300 -0.9729 -0.0231
vn -0.3222 -0.8758 0.3594
vn -0.2860 -0.6321 0.7202
vn -0.4034 -0.4827 0.7773
vn -0.3213 -0.4887 0.8112
vn 0.1067 -0.4585 0.8823
vn 0.1194 -0.5051 0.8548
vn 0.2358 -0.5935 0.7695
vn -0.3248 -0.6299 0.7055
vn -0.6543 -0.5112 0.5573
vn -0.8752 -0.2885 0.3884
vn -0.8028 -0.4255 0.4177
vn -0.6914 -0.6951 0.1970
vn -0.2372 -0.9655 -0.1075
vn 0.2520 -0.9576 -0.1394
vn 0.7636 -0.6410 -0.0772
vn 0.7039 -0.6802 0.2047
vn 0.9458 -0.2258 0.2335
vn 0.9587 -0.1613 0.2341
vn 0.6665 -0.7344 0.1286
vn 0.9456 -0.2992 -0.1278
vn 0.9318 0.0102 -0.3629
vn 0.8259 0.0436 -0.5621
vn 0.6290 -0.2351 -0.7410
vn 0.7478 0.0841 -0.6586
vn 0.0245 0.0614 -0.9978
vn -0.6239 0.2392 -0.7440
vn -0.9555 0.0299 -0.2933
vn -0.6003 -0.2385 -0.7634
vn 0.1077 -0.1856 -0.9767
vn 0.1974 -0.5164 -0.8333
vn 0.7409 -0.4672 -0.4824
vn 0.7550 -0.6113 -0.2372
vn 0.2242 -0.7423 -0.6314
vn -0.3836 -0.7101 -0.5904
vn -0.3500 -0.4699 -0.8103
vn -0.6770 -0.2927 -0.6753
vn -0.9628 -0.0358 -0.2677
vn -0.6982 0.4110 0.5861
vn -0.8118 0.2867 0.5088
vn -0.8099 0.4747 0.3445
vn -0.9905 0.1168 -0.0721
vn -0.7972 -0.3569 -0.4868
vn -0.6493 -0.6860 -0.3282
vn -0.3329 -0.8905 -0.3102
vn 0.2657 -0.9477 -0.1768
vn 0.2285 -0.9609 0.1566
vn -0.2665 -0.9617 0.0644
vn 0.2499 -0.9548 0.1610
vn -0.3384 -0.9306 0.1395
vn -0.8071 -0.5849 0.0806
vn -0.9969 -0.0775 -0.0147
vn -0.9529 0.2822 0.1108
vn -0.9904 -0.1251 0.0588
vn -0.9812 0.1898 0.0357
vn -0.7648 -0.6286 0.1411
vn -0.3485 -0.9260 -0.1449
vn -0.6908 -0.6871 -0.2252
vn -0.9459 -0.1402 -0.2926
vn -0.7093 -0.6604 -0.2466
vn -0.9707 -0.1606 -0.1790
vn -0.9219 0.2878 -0.2595
vn -0.6232 0.7771 -0.0880
vn -0.7073 0.6973 0.1158
vn -0.7063 0.6688 0.2322
vn -0.2642 0.9023 0.3408
vn -0.2448 0.6986 0.6723
vn -0.1569 0.5720 0.8051
vn -0.2119 0.9677 0.1369
vn -0.2181 0.9759 0.0117
vn -0.2253 0.8832 -0.4113
vn -0.6004 0.6957 -0.3943
vn -0.8680 0.3334 -0.3680
vn -0.4856 0.4366 -0.7574
vn -0.0020 0.4463 -0.8949
vn -0.1431 0.4364 -0.8883
vn -0.5781 0.2624 -0.7726
vn -0.2929 0.5996 -0.7447
vn -0.9126 -0.1380 -0.3849
vn -0.8655 0.2410 -0.4391
vn -0.9990 0.0250 -0.0360
vn -0.9744 -0.2235 0.0246
vn -0.8098 -0.5728 0.1270
vn -0.7537 -0.2988 -0.5854
vn -0.4673 -0.0661 -0.8816
vn 0.4979 -0.3967 -0.7712
vn 0.0362 -0.7315 -0.6809
vn -0.2064 -0.9572 -0.2028
vn -0.6491 -0.6518 -0.3922
vn -0.7122 -0.6967 0.0858
vn -0.2096 -0.1378 0.9680
vn -0.3586 0.0793 0.9301
vn -0.3215 -0.0422 0.9460
vn 0.1124 -0.0465 0.9926
vn 0.4874 0.2084 0.8480
vn 0.3836 0.3090 0.8703
vn 0.1543 0.0917 0.9838
vn 0.4539 0.5905 0.6673
vn 0.6300 0.1414 0.7636
vn 0.1493 -0.4838 0.8624
vn -0.5738 0.2757 0.7712
vn -0.3027 0.4034 0.8635
vn -0.0128 0.5125 0.8586
vn 0.4808 0.6607 0.5764
vn -0.2184 0.6629 0.7161
vn -0.1134 0.8776 0.4659
vn -0.3336 0.5623 0.7567
vn -0.4548 0.6551 0.6034
vn -0.7949 0.5503 0.2555
vn -0.2968 0.9132 0.2794
vn -0.5326 0.8268 0.1812
vn 0.1063 0.8313 0.5455
vn 0.4616 0.8812 0.1020
vn 0.6916 0.5656 0.4491
vn 0.0688 0.9800 0.1866
vn 0.5148 0.8283 0.2210
vn 0.9012 0.4325 -0.0289
vn -0.5309 0.8301 0.1707
vn 0.1232 0.9001 0.4180
vn -0.4619 0.8803 -0.1086
vn 0.6622 0.6180 0.4238
vn 0.3033 0.9432 0.1355
vn -0.4262 0.9044 -0.0202
vn 0.4199 0.8507 0.3162
vn -0.2582 0.0356 0.9654
vn 0.6083 -0.1240 0.7840
vn 0.4944 -0.3474 0.7968
vn 0.0285 -0.5722 0.8196
vn -0.2869 -0.7387 0.6099
vn -0.6618 -0.4294 0.6145
vn -0.4028 -0.7102 0.5774
vn -0.4261 0.9044 -0.0202
vn -0.9784 0.2066 -0.0074
vn -0.9748 -0.2146 0.0610
vn -0.9383 0.3192 0.1334
vn -0.8633 0.4233 0.2748
vn -0.9446 0.3083 -0.1127
vt 0.854277 0.166291
vt 0.631110 0.141709
vt 0.852855 0.123537
vt 0.852132 0.213961
vt 0.846974 0.253051
vt 0.835936 0.284044
vt 0.821549 0.309035
vt 0.801690 0.329448
vt 0.771252 0.350439
vt 0.749513 0.352367
vt 0.731993 0.457299
vt 0.752068 0.476363
vt 0.780145 0.453684
vt 0.798533 0.350439
vt 0.823886 0.350439
vt 0.812198 0.433344
vt 0.849818 0.350439
vt 0.840564 0.428982
vt 0.879485 0.350439
vt 0.800220 0.479640
vt 0.775879 0.486219
vt 0.746959 0.493088
vt 0.728305 0.477447
vt 0.708495 0.463107
vt 0.706109 0.438983
vt 0.721726 0.353838
vt 0.665597 0.432259
vt 0.686998 0.455251
vt 0.693673 0.491979
vt 0.720666 0.497571
vt 0.735584 0.522032
vt 0.766914 0.521357
vt 0.793086 0.515694
vt 0.834828 0.485039
vt 0.872520 0.430596
vt 0.863121 0.470410
vt 0.915852 0.350439
vt 0.908429 0.437634
vt 0.960389 0.350439
vt 0.998877 0.350439
vt 0.954437 0.443876
vt 0.995985 0.450792
vt 0.984513 0.491907
vt 0.943351 0.481881
vt 0.965980 0.533673
vt 0.900211 0.473615
vt 0.930361 0.518321
vt 0.918696 0.550422
vt 0.951063 0.568979
vt 0.889800 0.506054
vt 0.857964 0.501547
vt 0.841407 0.531455
vt 0.815427 0.521285
vt 0.780699 0.540300
vt 0.789761 0.566666
vt 0.830972 0.583054
vt 0.878111 0.534902
vt 0.871291 0.565677
vt 0.905007 0.578306
vt 0.938362 0.598622
vt 0.924769 0.631013
vt 0.883245 0.612191
vt 0.859121 0.648148
vt 0.896813 0.673646
vt 0.843624 0.683358
vt 0.790026 0.654053
vt 0.810390 0.620023
vt 0.773999 0.614215
vt 0.763516 0.642701
vt 0.756020 0.673839
vt 0.780795 0.682539
vt 0.885534 0.703675
vt 0.827043 0.719002
vt 0.932939 0.712785
vt 0.941953 0.684780
vt 0.982152 0.701843
vt 0.967234 0.725558
vt 0.960486 0.756285
vt 0.920817 0.749754
vt 0.874954 0.740909
vt 0.801666 0.722641
vt 0.845697 0.762069
vt 0.816271 0.750043
vt 0.778650 0.750814
vt 0.766769 0.710760
vt 0.746067 0.691504
vt 0.729028 0.666127
vt 0.741825 0.624867
vt 0.758696 0.610214
vt 0.753128 0.574185
vt 0.733077 0.588789
vt 0.715460 0.620770
vt 0.706880 0.645907
vt 0.694469 0.670151
vt 0.717388 0.684033
vt 0.711459 0.713700
vt 0.725727 0.723148
vt 0.755803 0.730594
vt 0.741850 0.756502
vt 0.719461 0.747609
vt 0.705169 0.731342
vt 0.680997 0.722425
vt 0.690107 0.707145
vt 0.689842 0.683792
vt 0.674683 0.691938
vt 0.668995 0.673791
vt 0.666995 0.665090
vt 0.679093 0.637134
vt 0.702928 0.593537
vt 0.730402 0.554760
vt 0.753996 0.548012
vt 0.702735 0.557845
vt 0.711532 0.524563
vt 0.678177 0.524249
vt 0.657523 0.486099
vt 0.668320 0.454046
vt 0.632387 0.476869
vt 0.638532 0.445008
vt 0.665525 0.359332
vt 0.684491 0.356585
vt 0.645256 0.362923
vt 0.611251 0.453540
vt 0.604985 0.471976
vt 0.592453 0.496823
vt 0.631206 0.515260
vt 0.663862 0.558544
vt 0.639689 0.546711
vt 0.648751 0.562014
vt 0.653378 0.590187
vt 0.637689 0.626313
vt 0.628917 0.660680
vt 0.627422 0.672200
vt 0.632869 0.691745
vt 0.666031 0.710856
vt 0.656728 0.752718
vt 0.626916 0.752116
vt 0.621301 0.706133
vt 0.595827 0.695047
vt 0.597755 0.710399
vt 0.611275 0.756743
vt 0.579632 0.714423
vt 0.564184 0.701843
vt 0.563581 0.682129
vt 0.594212 0.679984
vt 0.597659 0.665115
vt 0.607708 0.623445
vt 0.634821 0.609467
vt 0.644316 0.588428
vt 0.610938 0.610480
vt 0.592019 0.601804
vt 0.574065 0.614119
vt 0.562714 0.665090
vt 0.510103 0.680177
vt 0.528082 0.705265
vt 0.535987 0.716375
vt 0.511766 0.715966
vt 0.548952 0.737849
vt 0.528178 0.734957
vt 0.596092 0.762624
vt 0.598526 0.788724
vt 0.573149 0.777180
vt 0.545482 0.764431
vt 0.539312 0.763322
vt 0.557556 0.792074
vt 0.575944 0.804702
vt 0.561533 0.817837
vt 0.586308 0.814294
vt 0.568931 0.844130
vt 0.609347 0.803136
vt 0.594984 0.832490
vt 0.594791 0.855240
vt 0.595104 0.878425
vt 0.608383 0.876713
vt 0.609926 0.910960
vt 0.618457 0.842949
vt 0.613372 0.825211
vt 0.621879 0.799930
vt 0.618096 0.785687
vt 0.636532 0.778072
vt 0.662946 0.777590
vt 0.676972 0.755177
vt 0.701554 0.750019
vt 0.712568 0.785398
vt 0.694541 0.777349
vt 0.681406 0.777349
vt 0.658969 0.788025
vt 0.634050 0.796074
vt 0.640460 0.814656
vt 0.627061 0.818006
vt 0.632122 0.834731
vt 0.641979 0.865579
vt 0.647474 0.832032
vt 0.660295 0.806437
vt 0.684009 0.801039
vt 0.696349 0.800533
vt 0.711821 0.803449
vt 0.702133 0.833622
vt 0.686251 0.840105
vt 0.669332 0.822657
vt 0.672827 0.847866
vt 0.656656 0.857240
vt 0.679406 0.873002
vt 0.662560 0.876569
vt 0.692637 0.866519
vt 0.682684 0.881292
vt 0.663572 0.891318
vt 0.647859 0.882522
vt 0.626892 0.872110
vt 0.633688 0.891704
vt 0.645160 0.903199
vt 0.654125 0.897030
vt 0.668826 0.904332
vt 0.683865 0.898187
vt 0.701795 0.890764
vt 0.707386 0.863723
vt 0.712134 0.835285
vt 0.728426 0.806944
vt 0.729655 0.789881
vt 0.745440 0.809522
vt 0.747031 0.794749
vt 0.760599 0.767853
vt 0.779494 0.768046
vt 0.769516 0.777469
vt 0.763371 0.797761
vt 0.761973 0.813740
vt 0.755370 0.835189
vt 0.746886 0.835936
vt 0.730137 0.836490
vt 0.718762 0.863025
vt 0.717292 0.889944
vt 0.715291 0.917780
vt 0.697337 0.909128
vt 0.676876 0.917057
vt 0.682395 0.925082
vt 0.703482 0.921419
vt 0.723365 0.943013
vt 0.710254 0.953111
vt 0.671718 0.928360
vt 0.702590 0.960606
vt 0.728835 0.979621
vt 0.742548 0.972029
vt 0.742693 0.937976
vt 0.733969 0.912237
vt 0.726546 0.887920
vt 0.742115 0.886739
vt 0.735318 0.862181
vt 0.751538 0.861313
vt 0.762913 0.860325
vt 0.767733 0.884064
vt 0.757683 0.884257
vt 0.760889 0.909249
vt 0.748429 0.912261
vt 0.752044 0.935469
vt 0.751393 0.977837
vt 0.748357 0.981838
vt 0.756406 0.983887
vt 0.747031 0.988996
vt 0.740596 0.993358
vt 0.728402 0.994828
vt 0.695770 0.968053
vt 0.666681 0.937373
vt 0.659957 0.957328
vt 0.685552 0.981525
vt 0.656897 0.971620
vt 0.646461 0.943808
vt 0.624964 0.945013
vt 0.660439 0.929276
vt 0.638171 0.927685
vt 0.666970 0.920648
vt 0.660488 0.909297
vt 0.652486 0.916213
vt 0.625085 0.915274
vt 0.622602 0.903850
vt 0.716496 0.064275
vt 0.694445 0.053936
vt 0.705169 0.038150
vt 0.724015 0.050972
vt 0.735824 0.042079
vt 0.717147 0.020389
vt 0.742428 0.013110
vt 0.751755 0.035933
vt 0.766070 0.012315
vt 0.782820 0.035138
vt 0.791423 0.010074
vt 0.763202 0.069673
vt 0.754454 0.073891
vt 0.752912 0.081940
vt 0.769613 0.081506
vt 0.774987 0.070252
vt 0.797328 0.039404
vt 0.815090 0.015207
vt 0.811306 0.047694
vt 0.829743 0.033065
vt 0.784724 0.073288
vt 0.786411 0.080301
vt 0.821139 0.059238
vt 0.842347 0.047260
vt 0.173111 0.380035
vt 0.213792 0.385288
vt 0.183257 0.407918
vt 0.213768 0.410618
vt 0.211840 0.439899
vt 0.185210 0.440381
vt 0.211744 0.464698
vt 0.185716 0.454793
vt 0.229168 0.442357
vt 0.232132 0.416522
vt 0.244255 0.456456
vt 0.227433 0.482629
vt 0.205839 0.490582
vt 0.180727 0.475109
vt 0.159254 0.440718
vt 0.153952 0.464192
vt 0.134117 0.435031
vt 0.154771 0.487786
vt 0.173882 0.499740
vt 0.192440 0.512320
vt 0.220131 0.500511
vt 0.212033 0.508874
vt 0.235675 0.511115
vt 0.250352 0.500945
vt 0.244158 0.480411
vt 0.266788 0.484990
vt 0.258811 0.491040
vt 0.256618 0.526033
vt 0.267439 0.510488
vt 0.280164 0.506439
vt 0.291346 0.532612
vt 0.288238 0.500993
vt 0.301999 0.526611
vt 0.315302 0.521791
vt 0.330822 0.495161
vt 0.295781 0.472892
vt 0.270669 0.458360
vt 0.255726 0.413775
vt 0.278477 0.431392
vt 0.304192 0.425535
vt 0.345716 0.457926
vt 0.346680 0.485978
vt 0.354320 0.514296
vt 0.331762 0.545192
vt 0.319158 0.555989
vt 0.354706 0.570642
vt 0.338775 0.578402
vt 0.308289 0.561870
vt 0.287442 0.550591
vt 0.299275 0.566449
vt 0.250232 0.574908
vt 0.259414 0.588163
vt 0.310434 0.584885
vt 0.330774 0.591826
vt 0.347451 0.618601
vt 0.332654 0.617999
vt 0.266788 0.601490
vt 0.311108 0.620722
vt 0.270885 0.627832
vt 0.244255 0.618071
vt 0.234542 0.602021
vt 0.228397 0.583512
vt 0.231072 0.555122
vt 0.232735 0.523719
vt 0.213744 0.543096
vt 0.202104 0.523430
vt 0.170267 0.537553
vt 0.187162 0.545578
vt 0.195548 0.554519
vt 0.209768 0.564979
vt 0.204345 0.577366
vt 0.217696 0.597586
vt 0.227553 0.620529
vt 0.222420 0.609347
vt 0.238688 0.643328
vt 0.249244 0.643376
vt 0.272596 0.645931
vt 0.253943 0.661066
vt 0.230807 0.674152
vt 0.221601 0.649690
vt 0.211358 0.631182
vt 0.206707 0.618312
vt 0.198585 0.605997
vt 0.189957 0.589320
vt 0.177522 0.567244
vt 0.169183 0.560472
vt 0.157181 0.549241
vt 0.154482 0.526804
vt 0.141010 0.517188
vt 0.143034 0.538926
vt 0.142022 0.575462
vt 0.134937 0.569485
vt 0.149469 0.592043
vt 0.169978 0.591440
vt 0.183330 0.613805
vt 0.191958 0.626410
vt 0.195741 0.641617
vt 0.206827 0.661885
vt 0.190126 0.680804
vt 0.181209 0.669525
vt 0.160965 0.693384
vt 0.153783 0.681093
vt 0.171858 0.654751
vt 0.164508 0.640532
vt 0.158675 0.624819
vt 0.153108 0.605708
vt 0.126285 0.607202
vt 0.118452 0.593296
vt 0.110764 0.584403
vt 0.121368 0.557724
vt 0.130213 0.527214
vt 0.109342 0.544542
vt 0.088737 0.559604
vt 0.099678 0.571992
vt 0.088930 0.596694
vt 0.093726 0.604430
vt 0.104040 0.616673
vt 0.124815 0.621710
vt 0.133226 0.620192
vt 0.142625 0.632507
vt 0.131659 0.643858
vt 0.113247 0.632266
vt 0.098449 0.634074
vt 0.076157 0.626868
vt 0.066010 0.609660
vt 0.078036 0.585367
vt 0.081772 0.550759
vt 0.067842 0.572570
vt 0.060660 0.564810
vt 0.049140 0.588211
vt 0.056852 0.600647
vt 0.044055 0.623036
vt 0.056202 0.639279
vt 0.084086 0.637689
vt 0.096377 0.654631
vt 0.105197 0.652558
vt 0.118669 0.648775
vt 0.135130 0.654028
vt 0.149059 0.647811
vt 0.152506 0.663500
vt 0.138118 0.664632
vt 0.143516 0.685816
vt 0.126815 0.707675
vt 0.125200 0.685286
vt 0.124357 0.668006
vt 0.122405 0.658367
vt 0.110138 0.661789
vt 0.101582 0.663861
vt 0.109463 0.672537
vt 0.107631 0.694926
vt 0.085748 0.706109
vt 0.099148 0.674441
vt 0.058250 0.667163
vt 0.057624 0.656920
vt 0.020919 0.650172
vt 0.026727 0.664151
vt 0.058323 0.677815
vt 0.090713 0.693986
vt 0.055117 0.693312
vt 0.017738 0.676779
vt 0.009182 0.666464
vt 0.007206 0.659162
vt 0.010966 0.652679
vt 0.011110 0.647666
vt 0.003398 0.648775
vt 0.038247 0.615010
vt 0.006339 0.645401
vt 0.004676 0.640267
vt 0.000627 0.641183
vt 0.003254 0.629037
vt 0.030969 0.608455
vt 0.016364 0.593947
vt 0.033981 0.573414
vt 0.051165 0.549796
vt 0.072879 0.538806
vt 0.090568 0.526997
vt 0.104113 0.536589
vt 0.108571 0.507403
vt 0.118597 0.516152
vt 0.129056 0.504487
vt 0.118573 0.497739
vt 0.121947 0.487931
vt 0.140721 0.486967
vt 0.141106 0.472868
vt 0.122525 0.474218
vt 0.121055 0.470265
vt 0.138648 0.462866
vt 0.106499 0.452744
vt 0.115175 0.432838
vt 0.090159 0.448214
vt 0.242712 0.385746
vt 0.282936 0.399965
vt 0.308289 0.381529
vt 0.274886 0.358730
vt 0.245412 0.340510
vt 0.225360 0.359887
vt 0.203453 0.371623
vt 0.217070 0.328533
vt 0.200417 0.347258
vt 0.187403 0.355525
vt 0.171063 0.316579
vt 0.159109 0.329231
vt 0.129370 0.301251
vt 0.121200 0.312554
vt 0.174630 0.298793
vt 0.255992 0.298576
vt 0.207647 0.293298
vt 0.233651 0.291201
vt 0.214130 0.260835
vt 0.177305 0.279826
vt 0.139202 0.285610
vt 0.088809 0.286936
vt 0.104137 0.273681
vt 0.144264 0.268909
vt 0.132647 0.265703
vt 0.155759 0.250858
vt 0.180173 0.256931
vt 0.182727 0.236350
vt 0.220709 0.239892
vt 0.238254 0.260594
vt 0.262715 0.262932
vt 0.264475 0.240037
vt 0.241941 0.240615
vt 0.241700 0.219263
vt 0.219432 0.218660
vt 0.185908 0.215286
vt 0.162411 0.232711
vt 0.164797 0.212804
vt 0.190078 0.190752
vt 0.161616 0.194150
vt 0.152000 0.190294
vt 0.147035 0.216925
vt 0.144649 0.229288
vt 0.141299 0.241748
vt 0.116018 0.252955
vt 0.125465 0.235988
vt 0.129105 0.225288
vt 0.130767 0.213406
vt 0.134117 0.193572
vt 0.132647 0.172171
vt 0.160868 0.176485
vt 0.192415 0.173424
vt 0.215166 0.182944
vt 0.238760 0.190559
vt 0.231385 0.154289
vt 0.260426 0.183426
vt 0.266355 0.219431
vt 0.278019 0.240447
vt 0.286671 0.213310
vt 0.272259 0.174075
vt 0.248520 0.137660
vt 0.218636 0.135491
vt 0.192126 0.152337
vt 0.159157 0.157566
vt 0.127996 0.153301
vt 0.097967 0.165447
vt 0.117488 0.186294
vt 0.114524 0.208803
vt 0.114500 0.220998
vt 0.107704 0.231168
vt 0.104474 0.217817
vt 0.104089 0.205526
vt 0.100401 0.181184
vt 0.070324 0.166628
vt 0.096907 0.141612
vt 0.126984 0.142215
vt 0.155109 0.143974
vt 0.185908 0.139058
vt 0.214226 0.124838
vt 0.227819 0.115415
vt 0.208514 0.093846
vt 0.246135 0.095484
vt 0.269849 0.111318
vt 0.277007 0.130743
vt 0.287948 0.140455
vt 0.292768 0.096063
vt 0.305758 0.106884
vt 0.296841 0.143468
vt 0.290117 0.179449
vt 0.304746 0.215166
vt 0.304047 0.177473
vt 0.320074 0.210731
vt 0.308144 0.240061
vt 0.285514 0.271945
vt 0.274452 0.313928
vt 0.294383 0.316507
vt 0.313446 0.271319
vt 0.330003 0.237531
vt 0.331931 0.205622
vt 0.314916 0.176606
vt 0.326316 0.118452
vt 0.346078 0.124212
vt 0.399074 0.161061
vt 0.407653 0.177594
vt 0.343475 0.230035
vt 0.353428 0.257437
vt 0.335498 0.266041
vt 0.341041 0.293877
vt 0.359863 0.292720
vt 0.344198 0.334341
vt 0.327087 0.358537
vt 0.346054 0.379143
vt 0.360465 0.359308
vt 0.387795 0.376492
vt 0.372202 0.344342
vt 0.363502 0.329665
vt 0.435851 0.279272
vt 0.437779 0.253123
vt 0.425994 0.221914
vt 0.415317 0.199476
vt 0.451106 0.283706
vt 0.386373 0.336461
vt 0.400399 0.353910
vt 0.419487 0.346005
vt 0.475254 0.291587
vt 0.458456 0.366466
vt 0.506440 0.303709
vt 0.519888 0.315422
vt 0.533793 0.329665
vt 0.467663 0.385071
vt 0.443008 0.372105
vt 0.426765 0.363213
vt 0.422089 0.396109
vt 0.374347 0.402086
vt 0.328412 0.403845
vt 0.359839 0.429777
vt 0.389771 0.441225
vt 0.419607 0.428765
vt 0.449901 0.407364
vt 0.475013 0.423487
vt 0.483207 0.411533
vt 0.519430 0.406159
vt 0.497402 0.419872
vt 0.498487 0.437851
vt 0.485569 0.457733
vt 0.462361 0.445394
vt 0.443780 0.478724
vt 0.412473 0.463300
vt 0.403918 0.464963
vt 0.404231 0.498703
vt 0.430356 0.514417
vt 0.468699 0.487810
vt 0.513453 0.504993
vt 0.526009 0.476049
vt 0.535842 0.454407
vt 0.572161 0.466048
vt 0.567895 0.490027
vt 0.555676 0.523044
vt 0.593947 0.451732
vt 0.586115 0.429247
vt 0.551965 0.418088
vt 0.553025 0.339161
vt 0.583825 0.350897
vt 0.618481 0.358923
vt 0.409051 0.117849
vt 0.416570 0.079988
vt 0.355236 0.081940
vt 0.335401 0.080494
vt 0.319351 0.072855
vt 0.306650 0.064010
vt 0.278766 0.082760
vt 0.295178 0.053816
vt 0.279971 0.040223
vt 0.260305 0.068059
vt 0.255461 0.014074
vt 0.232157 0.053358
vt 0.216998 0.073433
vt 0.188367 0.068974
vt 0.191668 0.051622
vt 0.179040 0.083121
vt 0.197766 0.104932
vt 0.166701 0.103100
vt 0.175184 0.121609
vt 0.147228 0.106233
vt 0.149927 0.124838
vt 0.122260 0.123127
vt 0.120838 0.102040
vt 0.093292 0.109198
vt 0.092882 0.126742
vt 0.062323 0.118524
vt 0.066709 0.142215
vt 0.065480 0.130092
vt 0.014798 0.138527
vt 0.017376 0.150698
vt 0.013569 0.145324
vt 0.026800 0.158820
vt 0.062468 0.186197
vt 0.026414 0.177280
vt 0.057744 0.197476
vt 0.052394 0.209092
vt 0.096136 0.227168
vt 0.077169 0.242688
vt 0.093268 0.251991
vt 0.066806 0.253196
vt 0.041597 0.224902
vt 0.048658 0.268909
vt 0.081169 0.297371
vt 0.019835 0.234494
vt 0.011809 0.187089
vt 0.005447 0.172894
vt 0.000000 0.177907
vt 0.006989 0.163037
vt 0.014460 0.156795
vt 0.008435 0.147541
vt 0.009158 0.138648
vt 0.962727 0.772312
vt 0.938555 0.777927
vt 0.919612 0.782675
vt 0.886788 0.774240
vt 0.913804 0.796629
vt 0.896644 0.794869
vt 0.866351 0.780795
vt 0.867797 0.769251
vt 0.838756 0.778843
vt 0.824465 0.770384
vt 0.816825 0.791544
vt 0.834129 0.797279
vt 0.789447 0.766214
vt 0.793062 0.785687
vt 0.790170 0.786941
vt 0.779928 0.795110
vt 0.774288 0.803425
vt 0.773107 0.814921
vt 0.772818 0.838635
vt 0.778964 0.859434
vt 0.785567 0.880618
vt 0.782338 0.908477
vt 0.782772 0.932361
vt 0.762021 0.934939
vt 0.770167 0.970487
vt 0.761154 0.976729
vt 0.763660 0.979886
vt 0.756382 0.979404
vt 0.982875 0.038608
vt 0.991647 0.051550
vt 0.974994 0.061889
vt 0.966607 0.051622
vt 0.951496 0.076494
vt 0.954147 0.043645
vt 0.971114 0.020292
vt 0.949327 0.012942
vt 0.941543 0.037717
vt 0.925444 0.010580
vt 0.912575 0.036825
vt 0.902236 0.013713
vt 0.920672 0.064612
vt 0.897006 0.045670
vt 0.878931 0.026896
vt 0.870496 0.045621
vt 0.888161 0.056274
vt 0.864085 0.062106
vt 0.882401 0.068420
vt 0.910478 0.072999
vt 0.929372 0.080422
vt 0.936217 0.064564
vt 0.946990 0.070927
vt 0.907224 0.079771
vt 0.296817 0.637833
vt 0.302288 0.640340
vt 0.327207 0.637544
vt 0.347307 0.642051
vt 0.378444 0.619927
vt 0.412088 0.605852
vt 0.396640 0.631880
vt 0.369840 0.653281
vt 0.411558 0.656655
vt 0.419390 0.624578
vt 0.451323 0.631206
vt 0.446913 0.639159
vt 0.431489 0.664536
vt 0.399291 0.699867
vt 0.372829 0.697071
vt 0.348295 0.667669
vt 0.353139 0.672923
vt 0.328003 0.668946
vt 0.329497 0.680032
vt 0.312362 0.675285
vt 0.312169 0.650052
vt 0.300553 0.663235
vt 0.282092 0.685190
vt 0.293443 0.692348
vt 0.320917 0.696396
vt 0.301709 0.703530
vt 0.317977 0.726642
vt 0.299348 0.727582
vt 0.333570 0.696300
vt 0.353187 0.700759
vt 0.335040 0.720930
vt 0.329015 0.743030
vt 0.312820 0.742572
vt 0.294552 0.741994
vt 0.307759 0.771492
vt 0.290599 0.770480
vt 0.316772 0.771372
vt 0.339474 0.742235
vt 0.346295 0.721220
vt 0.362948 0.718834
vt 0.365984 0.731269
vt 0.387867 0.719894
vt 0.414691 0.705362
vt 0.403677 0.730040
vt 0.388036 0.736981
vt 0.361936 0.749152
vt 0.347909 0.764021
vt 0.332461 0.778192
vt 0.309759 0.801352
vt 0.298456 0.800316
vt 0.282622 0.797786
vt 0.290913 0.827742
vt 0.274356 0.828103
vt 0.300022 0.829116
vt 0.288744 0.857578
vt 0.276742 0.860904
vt 0.291154 0.887607
vt 0.281562 0.890017
vt 0.306505 0.932192
vt 0.303131 0.936723
vt 0.307662 0.939591
vt 0.312193 0.933638
vt 0.311084 0.922696
vt 0.310385 0.883461
vt 0.308409 0.858518
vt 0.315856 0.828634
vt 0.324677 0.805040
vt 0.343740 0.784988
vt 0.371527 0.770504
vt 0.378396 0.755177
vt 0.398568 0.742620
vt 0.391868 0.758840
vt 0.385698 0.773830
vt 0.402906 0.765323
vt 0.409075 0.747730
vt 0.420933 0.736403
vt 0.429295 0.711893
vt 0.452239 0.674007
vt 0.480388 0.652896
vt 0.487642 0.673598
vt 0.482653 0.705024
vt 0.449178 0.731534
vt 0.438502 0.753490
vt 0.430091 0.758502
vt 0.420716 0.772866
vt 0.397748 0.782362
vt 0.374660 0.800316
vt 0.360200 0.793809
vt 0.353573 0.809281
vt 0.338414 0.808366
vt 0.333522 0.815499
vt 0.354007 0.823693
vt 0.333570 0.830706
vt 0.326195 0.843600
vt 0.321327 0.857819
vt 0.341089 0.856662
vt 0.327015 0.890065
vt 0.325954 0.921491
vt 0.318748 0.939446
vt 0.327183 0.939807
vt 0.336944 0.932553
vt 0.346777 0.898283
vt 0.336655 0.893993
vt 0.351066 0.857168
vt 0.344270 0.848444
vt 0.349355 0.836032
vt 0.354248 0.849673
vt 0.362321 0.855843
vt 0.358899 0.864398
vt 0.372347 0.879846
vt 0.361430 0.906381
vt 0.332365 0.942699
vt 0.373721 0.921781
vt 0.396351 0.900717
vt 0.381577 0.887824
vt 0.379384 0.868302
vt 0.380493 0.851360
vt 0.367310 0.842684
vt 0.358875 0.838708
vt 0.363647 0.827164
vt 0.373263 0.831285
vt 0.368732 0.814342
vt 0.382059 0.821837
vt 0.391747 0.840346
vt 0.396688 0.861530
vt 0.406858 0.873315
vt 0.407967 0.838298
vt 0.419728 0.847191
vt 0.395194 0.832562
vt 0.389530 0.805401
vt 0.405918 0.810968
vt 0.419607 0.815041
vt 0.417631 0.790748
vt 0.439321 0.785012
vt 0.434525 0.821066
vt 0.441128 0.828634
vt 0.428187 0.854541
vt 0.414570 0.879220
vt 0.427247 0.890595
vt 0.403364 0.913080
vt 0.379480 0.929637
vt 0.331521 0.948218
vt 0.326316 0.947013
vt 0.441225 0.863651
vt 0.454914 0.839647
vt 0.470892 0.816873
vt 0.458047 0.804847
vt 0.448069 0.792797
vt 0.465759 0.791254
vt 0.477062 0.804437
vt 0.493811 0.790314
vt 0.487280 0.769564
vt 0.507356 0.789013
vt 0.476604 0.759346
vt 0.458360 0.774119
vt 0.450287 0.765564
vt 0.459830 0.746717
vt 0.479014 0.729775
vt 0.490365 0.751176
vt 0.506223 0.762214
vt 0.520514 0.791592
vt 0.521936 0.765636
vt 0.524611 0.749344
vt 0.500294 0.746958
vt 0.485858 0.728064
vt 0.499065 0.645160
vt 0.539481 0.605684
vt 0.502632 0.592380
vt 0.476411 0.581680
vt 0.450648 0.569630
vt 0.415872 0.551820
vt 0.383939 0.530588
vt 0.453902 0.525141
vt 0.462578 0.558182
vt 0.481303 0.572691
vt 0.503283 0.576715
vt 0.537770 0.559508
vt 0.560400 0.569630
vt 0.588886 0.579776
vt 0.597345 0.578909
vt 0.610504 0.547867
vt 0.615420 0.555122
vt 0.579053 0.534227
vt 0.527720 0.530467
vt 0.520562 0.557074
vt 0.516875 0.536974
vt 0.504319 0.524418
vt 0.510007 0.513694
vt 0.635351 0.554423
vt 0.485280 0.510898
vt 0.486172 0.523647
vt 0.466530 0.535215
vt 0.381312 0.513429
vt 0.398278 0.494317
vt 0.393434 0.474941
vt 0.382999 0.462071
vt 0.387771 0.448623
vt 0.369575 0.458769
vt 0.367671 0.442454
vt 0.352320 0.464698
vt 0.360562 0.505090
vt 0.648534 0.035716
vt 0.658319 0.053382
vt 0.644895 0.054225
vt 0.637520 0.040416
vt 0.631399 0.059166
vt 0.623735 0.023425
vt 0.610986 0.039886
vt 0.623687 0.049261
vt 0.605057 0.074156
vt 0.601924 0.069191
vt 0.584789 0.076301
vt 0.591103 0.062010
vt 0.597562 0.032776
vt 0.603611 0.011954
vt 0.581343 0.010074
vt 0.566714 0.032752
vt 0.556616 0.011231
vt 0.576788 0.061937
vt 0.564690 0.075650
vt 0.566232 0.069673
vt 0.536830 0.062636
vt 0.553869 0.040416
vt 0.537433 0.023714
vt 0.528178 0.041910
vt 0.514200 0.037427
vt 0.510489 0.053936
vt 0.523310 0.056491
vt 0.542421 0.049309
s 1
usemtl models_monsters_darklord_mech_darklord_mech_hand
f 4093/3582/3529 4079/3583/3530 4106/3584/3531
f 4092/3585/3532 4079/3583/3530 4093/3582/3529
f 4094/3586/3533 4079/3583/3530 4092/3585/3532
f 4095/3587/3534 4079/3583/3530 4094/3586/3533
f 4096/3588/3535 4079/3583/3530 4095/3587/3534
f 4097/3589/3536 4079/3583/3530 4096/3588/3535
f 4098/3590/3537 4079/3583/3530 4097/3589/3536
f 4099/3591/3538 4079/3583/3530 4098/3590/3537
f 4114/3592/3539 4099/3591/3538 4098/3590/3537
f 4113/3593/3540 4114/3592/3539 4098/3590/3537
f 4113/3593/3540 4098/3590/3537 4118/3594/3541
f 4098/3590/3537 4119/3595/3542 4118/3594/3541
f 4119/3595/3542 4121/3596/3543 4120/3597/3544
f 4118/3594/3541 4119/3595/3542 4120/3597/3544
f 4121/3596/3543 4122/3598/3545 4120/3597/3544
f 4123/3599/3546 4120/3597/3544 4122/3598/3545
f 4123/3599/3546 4122/3598/3545 4124/3600/3547
f 4123/3599/3546 4200/3601/3548 4120/3597/3544
f 4118/3594/3541 4120/3597/3544 4200/3601/3548
f 4199/3602/3549 4118/3594/3541 4200/3601/3548
f 4113/3593/3540 4118/3594/3541 4199/3602/3549
f 4189/3603/3550 4113/3593/3540 4199/3602/3549
f 4189/3603/3550 4195/3604/3551 4113/3593/3540
f 4195/3604/3551 4114/3592/3539 4113/3593/3540
f 4195/3604/3551 4190/3605/3552 4114/3592/3539
f 4114/3592/3539 4115/3606/3553 4099/3591/3538
f 4190/3605/3552 4115/3606/3553 4114/3592/3539
f 4099/3591/3538 4100/3607/3554 4079/3583/3530
f 4115/3606/3553 4100/3607/3554 4099/3591/3538
f 4115/3606/3553 4116/3608/3555 4100/3607/3554
f 4115/3606/3553 4191/3609/3556 4116/3608/3555
f 4191/3609/3556 4115/3606/3553 4190/3605/3552
f 4190/3605/3552 4192/3610/3557 4191/3609/3556
f 4190/3605/3552 4195/3604/3551 4192/3610/3557
f 4188/3611/3558 4195/3604/3551 4189/3603/3550
f 4195/3604/3551 4188/3611/3558 4192/3610/3557
f 4189/3603/3550 4183/3612/3559 4188/3611/3558
f 4199/3602/3549 4177/3613/3560 4189/3603/3550
f 4177/3613/3560 4183/3612/3559 4189/3603/3550
f 4199/3602/3549 4179/3614/3561 4177/3613/3560
f 4200/3601/3548 4179/3614/3561 4199/3602/3549
f 4200/3601/3548 4181/3615/3562 4179/3614/3561
f 4123/3599/3546 4181/3615/3562 4200/3601/3548
f 4124/3600/3547 4125/3616/3563 4123/3599/3546
f 4123/3599/3546 4133/3617/3564 4181/3615/3562
f 4125/3616/3563 4133/3617/3564 4123/3599/3546
f 4126/3618/3565 4127/3619/3566 4125/3616/3563
f 4125/3616/3563 4127/3619/3566 4133/3617/3564
f 4125/3616/3563 4124/3600/3547 4126/3618/3565
f 4126/3618/3565 4128/3620/3567 4127/3619/3566
f 4128/3620/3567 4130/3621/3568 4129/3622/3569
f 4128/3620/3567 4129/3622/3569 4127/3619/3566
f 4130/3621/3568 4150/3623/3570 4129/3622/3569
f 4150/3623/3570 4147/3624/3571 4129/3622/3569
f 4129/3622/3569 4131/3625/3572 4127/3619/3566
f 4147/3624/3571 4131/3625/3572 4129/3622/3569
f 4147/3624/3571 4148/3626/3573 4131/3625/3572
f 4131/3625/3572 4132/3627/3574 4127/3619/3566
f 4148/3626/3573 4137/3628/3575 4131/3625/3572
f 4132/3627/3574 4131/3625/3572 4137/3628/3575
f 4148/3626/3573 4143/3629/3576 4137/3628/3575
f 4148/3626/3573 4322/3630/3577 4143/3629/3576
f 4137/3628/3575 4143/3629/3576 4135/3631/3578
f 4135/3631/3578 4132/3627/3574 4137/3628/3575
f 4135/3631/3578 4134/3632/3579 4132/3627/3574
f 4127/3619/3566 4132/3627/3574 4133/3617/3564
f 4134/3632/3579 4133/3617/3564 4132/3627/3574
f 4133/3617/3564 4134/3632/3579 4181/3615/3562
f 4176/3633/3580 4182/3634/3581 4181/3615/3562
f 4134/3632/3579 4176/3633/3580 4181/3615/3562
f 4182/3634/3581 4179/3614/3561 4181/3615/3562
f 4178/3635/3582 4179/3614/3561 4182/3634/3581
f 4177/3613/3560 4179/3614/3561 4178/3635/3582
f 4182/3634/3581 4194/3636/3583 4178/3635/3582
f 4182/3634/3581 4176/3633/3580 4194/3636/3583
f 4176/3633/3580 4202/3637/3584 4194/3636/3583
f 4134/3632/3579 4136/3638/3585 4176/3633/3580
f 4176/3633/3580 4230/3639/3586 4202/3637/3584
f 4136/3638/3585 4230/3639/3586 4176/3633/3580
f 4134/3632/3579 4135/3631/3578 4136/3638/3585
f 4136/3638/3585 4143/3629/3576 4230/3639/3586
f 4143/3629/3576 4136/3638/3585 4135/3631/3578
f 4143/3629/3576 4231/3640/3587 4230/3639/3586
f 4143/3629/3576 4322/3630/3577 4231/3640/3587
f 4322/3630/3577 4323/3641/3588 4231/3640/3587
f 4323/3641/3588 4317/3642/3589 4231/3640/3587
f 4231/3640/3587 4232/3643/3590 4230/3639/3586
f 4317/3642/3589 4232/3643/3590 4231/3640/3587
f 4232/3643/3590 4202/3637/3584 4230/3639/3586
f 4232/3643/3590 4212/3644/3591 4202/3637/3584
f 4317/3642/3589 4296/3645/3592 4232/3643/3590
f 4296/3645/3592 4212/3644/3591 4232/3643/3590
f 4212/3644/3591 4296/3645/3592 4214/3646/3593
f 4212/3644/3591 4214/3646/3593 4213/3647/3594
f 4204/3648/3595 4212/3644/3591 4213/3647/3594
f 4212/3644/3591 4204/3648/3595 4202/3637/3584
f 4202/3637/3584 4204/3648/3595 4203/3649/3596
f 4194/3636/3583 4202/3637/3584 4203/3649/3596
f 4204/3648/3595 4213/3647/3594 4203/3649/3596
f 4213/3647/3594 4592/3650/3597 4203/3649/3596
f 4592/3650/3597 4213/3647/3594 4617/3651/3598
f 4213/3647/3594 4214/3646/3593 4338/3652/3599
f 4213/3647/3594 4338/3652/3599 4617/3651/3598
f 4214/3646/3593 4297/3653/3600 4337/3654/3601
f 4214/3646/3593 4337/3654/3601 4338/3652/3599
f 4214/3646/3593 4296/3645/3592 4297/3653/3600
f 4282/3655/3602 4297/3653/3600 4296/3645/3592
f 4280/3656/3603 4282/3655/3602 4296/3645/3592
f 4279/3657/3604 4281/3658/3605 4280/3656/3603
f 4281/3658/3605 4282/3655/3602 4280/3656/3603
f 4281/3658/3605 4332/3659/3606 4282/3655/3602
f 4282/3655/3602 4342/3660/3607 4297/3653/3600
f 4332/3659/3606 4342/3660/3607 4282/3655/3602
f 4297/3653/3600 4344/3661/3608 4337/3654/3601
f 4342/3660/3607 4344/3661/3608 4297/3653/3600
f 4337/3654/3601 4339/3662/3609 4338/3652/3599
f 4344/3661/3608 4349/3663/3610 4337/3654/3601
f 4337/3654/3601 4343/3664/3611 4339/3662/3609
f 4343/3664/3611 4337/3654/3601 4349/3663/3610
f 4343/3664/3611 4341/3665/3612 4339/3662/3609
f 4339/3662/3609 4340/3666/3613 4338/3652/3599
f 4339/3662/3609 4341/3665/3612 4340/3666/3613
f 4338/3652/3599 4340/3666/3613 4612/3667/3614
f 4617/3651/3598 4338/3652/3599 4612/3667/3614
f 4617/3651/3598 4612/3667/3614 4618/3668/3615
f 4592/3650/3597 4617/3651/3598 4618/3668/3615
f 4593/3669/3616 4592/3650/3597 4618/3668/3615
f 4592/3650/3597 4593/3669/3616 4203/3649/3596
f 4593/3669/3616 4594/3670/3617 4203/3649/3596
f 4194/3636/3583 4203/3649/3596 4594/3670/3617
f 4185/3671/3618 4194/3636/3583 4594/3670/3617
f 4178/3635/3582 4194/3636/3583 4185/3671/3618
f 4594/3670/3617 4186/3672/3619 4185/3671/3618
f 4593/3669/3616 4186/3672/3619 4594/3670/3617
f 4593/3669/3616 4595/3673/3620 4186/3672/3619
f 4593/3669/3616 4618/3668/3615 4634/3674/3621
f 4595/3673/3620 4593/3669/3616 4634/3674/3621
f 4618/3668/3615 4635/3675/3622 4634/3674/3621
f 4612/3667/3614 4616/3676/3623 4618/3668/3615
f 4616/3676/3623 4635/3675/3622 4618/3668/3615
f 4612/3667/3614 4613/3677/3624 4616/3676/3623
f 4340/3666/3613 4611/3678/3625 4612/3667/3614
f 4612/3667/3614 4611/3678/3625 4613/3677/3624
f 4340/3666/3613 4341/3665/3612 4598/3679/3626
f 4598/3679/3626 4611/3678/3625 4340/3666/3613
f 4341/3665/3612 4597/3680/3627 4598/3679/3626
f 4598/3679/3626 4664/3681/3628 4611/3678/3625
f 4597/3680/3627 4664/3681/3628 4598/3679/3626
f 4611/3678/3625 4600/3682/3629 4613/3677/3624
f 4611/3678/3625 4664/3681/3628 4600/3682/3629
f 4613/3677/3624 4600/3682/3629 4602/3683/3630
f 4624/3684/3631 4613/3677/3624 4602/3683/3630
f 4616/3676/3623 4613/3677/3624 4624/3684/3631
f 4627/3685/3632 4616/3676/3623 4624/3684/3631
f 4627/3685/3632 4635/3675/3622 4616/3676/3623
f 4624/3684/3631 4626/3686/3633 4627/3685/3632
f 4627/3685/3632 4625/3687/3634 4635/3675/3622
f 4625/3687/3634 4627/3685/3632 4626/3686/3633
f 4625/3687/3634 4623/3688/3635 4635/3675/3622
f 4623/3688/3635 4622/3689/3636 4635/3675/3622
f 4622/3689/3636 4634/3674/3621 4635/3675/3622
f 4634/3674/3621 4622/3689/3636 4595/3673/3620
f 4595/3673/3620 4198/3690/3637 4186/3672/3619
f 4622/3689/3636 4198/3690/3637 4595/3673/3620
f 4186/3672/3619 4184/3691/3638 4185/3671/3618
f 4186/3672/3619 4198/3690/3637 4184/3691/3638
f 4184/3691/3638 4180/3692/3639 4185/3671/3618
f 4180/3692/3639 4178/3635/3582 4185/3671/3618
f 4180/3692/3639 4177/3613/3560 4178/3635/3582
f 4177/3613/3560 4180/3692/3639 4183/3612/3559
f 4180/3692/3639 4184/3691/3638 4183/3612/3559
f 4198/3690/3637 4196/3693/3640 4184/3691/3638
f 4184/3691/3638 4187/3694/3641 4183/3612/3559
f 4196/3693/3640 4187/3694/3641 4184/3691/3638
f 4187/3694/3641 4188/3611/3558 4183/3612/3559
f 4188/3611/3558 4187/3694/3641 4192/3610/3557
f 4187/3694/3641 4196/3693/3640 4236/3695/3642
f 4187/3694/3641 4236/3695/3642 4192/3610/3557
f 4192/3610/3557 4201/3696/3643 4191/3609/3556
f 4201/3696/3643 4192/3610/3557 4236/3695/3642
f 4201/3696/3643 4193/3697/3644 4191/3609/3556
f 4191/3609/3556 4193/3697/3644 4116/3608/3555
f 4201/3696/3643 4206/3698/3645 4193/3697/3644
f 4116/3608/3555 4193/3697/3644 4117/3699/3646
f 4193/3697/3644 4206/3698/3645 4117/3699/3646
f 4117/3699/3646 4102/3700/3647 4116/3608/3555
f 4116/3608/3555 4101/3701/3648 4100/3607/3554
f 4102/3700/3647 4101/3701/3648 4116/3608/3555
f 4101/3701/3648 4079/3583/3530 4100/3607/3554
f 4102/3700/3647 4079/3583/3530 4101/3701/3648
f 4103/3702/3649 4079/3583/3530 4102/3700/3647
f 4103/3702/3649 4102/3700/3647 4117/3699/3646
f 4138/3703/3650 4103/3702/3649 4117/3699/3646
f 4220/3704/3651 4138/3703/3650 4117/3699/3646
f 4117/3699/3646 4206/3698/3645 4220/3704/3651
f 4206/3698/3645 4215/3705/3652 4220/3704/3651
f 4201/3696/3643 4217/3706/3653 4206/3698/3645
f 4217/3706/3653 4215/3705/3652 4206/3698/3645
f 4201/3696/3643 4236/3695/3642 4217/3706/3653
f 4196/3693/3640 4205/3707/3654 4236/3695/3642
f 4236/3695/3642 4261/3708/3655 4217/3706/3653
f 4261/3708/3655 4236/3695/3642 4205/3707/3654
f 4205/3707/3654 4561/3709/3656 4261/3708/3655
f 4196/3693/3640 4197/3710/3657 4205/3707/3654
f 4205/3707/3654 4197/3710/3657 4561/3709/3656
f 4196/3693/3640 4198/3690/3637 4197/3710/3657
f 4198/3690/3637 4622/3689/3636 4197/3710/3657
f 4619/3711/3658 4622/3689/3636 4621/3712/3659
f 4622/3689/3636 4619/3711/3658 4197/3710/3657
f 4622/3689/3636 4623/3688/3635 4621/3712/3659
f 4621/3712/3659 4623/3688/3635 4631/3713/3660
f 4623/3688/3635 4625/3687/3634 4631/3713/3660
f 4626/3686/3633 4630/3714/3661 4625/3687/3634
f 4630/3714/3661 4631/3713/3660 4625/3687/3634
f 4626/3686/3633 4604/3715/3662 4630/3714/3661
f 4604/3715/3662 4626/3686/3633 4624/3684/3631
f 4602/3683/3630 4604/3715/3662 4624/3684/3631
f 4603/3716/3663 4604/3715/3662 4602/3683/3630
f 4603/3716/3663 4605/3717/3664 4604/3715/3662
f 4606/3718/3665 4630/3714/3661 4604/3715/3662
f 4605/3717/3664 4606/3718/3665 4604/3715/3662
f 4606/3718/3665 4628/3719/3666 4630/3714/3661
f 4630/3714/3661 4628/3719/3666 4631/3713/3660
f 4606/3718/3665 4605/3717/3664 4607/3720/3667
f 4607/3720/3667 4628/3719/3666 4606/3718/3665
f 4605/3717/3664 4608/3721/3668 4607/3720/3667
f 4607/3720/3667 4609/3722/3669 4628/3719/3666
f 4607/3720/3667 4608/3721/3668 4609/3722/3669
f 4609/3722/3669 4629/3723/3670 4628/3719/3666
f 4628/3719/3666 4629/3723/3670 4633/3724/3671
f 4632/3725/3672 4628/3719/3666 4633/3724/3671
f 4628/3719/3666 4632/3725/3672 4631/3713/3660
f 4632/3725/3672 4636/3726/3673 4631/3713/3660
f 4636/3726/3673 4621/3712/3659 4631/3713/3660
f 4636/3726/3673 4557/3727/3674 4621/3712/3659
f 4557/3727/3674 4619/3711/3658 4621/3712/3659
f 4619/3711/3658 4557/3727/3674 4558/3728/3675
f 4197/3710/3657 4619/3711/3658 4558/3728/3675
f 4560/3729/3676 4197/3710/3657 4558/3728/3675
f 4197/3710/3657 4560/3729/3676 4561/3709/3656
f 4558/3728/3675 4557/3727/3674 4559/3730/3677
f 4559/3730/3677 4557/3727/3674 4567/3731/3678
f 4557/3727/3674 4596/3732/3679 4567/3731/3678
f 4557/3727/3674 4636/3726/3673 4596/3732/3679
f 4636/3726/3673 4632/3725/3672 4620/3733/3680
f 4636/3726/3673 4620/3733/3680 4596/3732/3679
f 4632/3725/3672 4633/3724/3671 4620/3733/3680
f 4620/3733/3680 4633/3724/3671 4641/3734/3681
f 4633/3724/3671 4629/3723/3670 4655/3735/3682
f 4633/3724/3671 4655/3735/3682 4641/3734/3681
f 4629/3723/3670 4609/3722/3669 4653/3736/3683
f 4629/3723/3670 4653/3736/3683 4655/3735/3682
f 4652/3737/3684 4655/3735/3682 4653/3736/3683
f 4655/3735/3682 4652/3737/3684 4641/3734/3681
f 4653/3736/3683 4649/3738/3685 4647/3739/3686
f 4647/3739/3686 4652/3737/3684 4653/3736/3683
f 4653/3736/3683 4609/3722/3669 4649/3738/3685
f 4608/3721/3668 4610/3740/3687 4609/3722/3669
f 4609/3722/3669 4610/3740/3687 4649/3738/3685
f 4608/3721/3668 4658/3741/3688 4610/3740/3687
f 4610/3740/3687 4657/3742/3689 4649/3738/3685
f 4657/3742/3689 4610/3740/3687 4658/3741/3688
f 4657/3742/3689 4650/3743/3690 4649/3738/3685
f 4647/3739/3686 4649/3738/3685 4648/3744/3691
f 4649/3738/3685 4650/3743/3690 4648/3744/3691
f 4657/3742/3689 4666/3745/3692 4650/3743/3690
f 4658/3741/3688 4662/3746/3693 4657/3742/3689
f 4657/3742/3689 4662/3746/3693 4666/3745/3692
f 4662/3746/3693 4768/3747/3694 4666/3745/3692
f 4662/3746/3693 4762/3748/3695 4768/3747/3694
f 4662/3746/3693 4658/3741/3688 4762/3748/3695
f 4762/3748/3695 4769/3749/3696 4768/3747/3694
f 4658/3741/3688 4763/3750/3697 4762/3748/3695
f 4769/3749/3696 4762/3748/3695 4747/3751/3698
f 4762/3748/3695 4763/3750/3697 4747/3751/3698
f 4747/3751/3698 4746/3752/3699 4769/3749/3696
f 4780/3753/3700 4769/3749/3696 4746/3752/3699
f 4779/3754/3701 4780/3753/3700 4746/3752/3699
f 4793/3755/3702 4780/3753/3700 4779/3754/3701
f 4746/3752/3699 4745/3756/3703 4779/3754/3701
f 4746/3752/3699 4747/3751/3698 4745/3756/3703
f 4747/3751/3698 4744/3757/3704 4745/3756/3703
f 4763/3750/3697 4744/3757/3704 4747/3751/3698
f 4744/3757/3704 4763/3750/3697 4750/3758/3705
f 4750/3758/3705 4763/3750/3697 4754/3759/3706
f 4763/3750/3697 4658/3741/3688 4754/3759/3706
f 4754/3759/3706 4658/3741/3688 4608/3721/3668
f 4753/3760/3707 4754/3759/3706 4608/3721/3668
f 4605/3717/3664 4753/3760/3707 4608/3721/3668
f 4753/3760/3707 4605/3717/3664 4603/3716/3663
f 4777/3761/3708 4753/3760/3707 4603/3716/3663
f 4777/3761/3708 4603/3716/3663 4601/3762/3709
f 4601/3762/3709 4603/3716/3663 4602/3683/3630
f 4601/3762/3709 4602/3683/3630 4600/3682/3629
f 4599/3763/3710 4601/3762/3709 4600/3682/3629
f 4664/3681/3628 4599/3763/3710 4600/3682/3629
f 4599/3763/3710 4664/3681/3628 4663/3764/3711
f 4663/3764/3711 4664/3681/3628 4597/3680/3627
f 4663/3764/3711 4665/3765/3712 4599/3763/3710
f 4599/3763/3710 4665/3765/3712 4601/3762/3709
f 4665/3765/3712 4776/3766/3713 4601/3762/3709
f 4776/3766/3713 4777/3761/3708 4601/3762/3709
f 4786/3767/3714 4777/3761/3708 4776/3766/3713
f 4777/3761/3708 4786/3767/3714 4753/3760/3707
f 4753/3760/3707 4752/3768/3715 4754/3759/3706
f 4786/3767/3714 4752/3768/3715 4753/3760/3707
f 4752/3768/3715 4750/3758/3705 4754/3759/3706
f 4752/3768/3715 4749/3769/3716 4750/3758/3705
f 4749/3769/3716 4751/3770/3717 4750/3758/3705
f 4751/3770/3717 4744/3757/3704 4750/3758/3705
f 4751/3770/3717 4743/3771/3718 4744/3757/3704
f 4743/3771/3718 4745/3756/3703 4744/3757/3704
f 4751/3770/3717 4749/3769/3716 4743/3771/3718
f 4743/3771/3718 4765/3772/3719 4745/3756/3703
f 4749/3769/3716 4766/3773/3720 4743/3771/3718
f 4765/3772/3719 4743/3771/3718 4766/3773/3720
f 4749/3769/3716 4785/3774/3721 4766/3773/3720
f 4785/3774/3721 4749/3769/3716 4752/3768/3715
f 4786/3767/3714 4785/3774/3721 4752/3768/3715
f 4776/3766/3713 4770/3775/3722 4786/3767/3714
f 4785/3774/3721 4786/3767/3714 4770/3775/3722
f 4776/3766/3713 4665/3765/3712 4770/3775/3722
f 4665/3765/3712 4663/3764/3711 4774/3776/3723
f 4774/3776/3723 4770/3775/3722 4665/3765/3712
f 4663/3764/3711 4783/3777/3724 4774/3776/3723
f 4774/3776/3723 4775/3778/3725 4770/3775/3722
f 4775/3778/3725 4774/3776/3723 4783/3777/3724
f 4775/3778/3725 4772/3779/3726 4770/3775/3722
f 4770/3775/3722 4772/3779/3726 4771/3780/3727
f 4771/3780/3727 4785/3774/3721 4770/3775/3722
f 4771/3780/3727 4766/3773/3720 4785/3774/3721
f 4772/3779/3726 4773/3781/3728 4771/3780/3727
f 4766/3773/3720 4771/3780/3727 4773/3781/3728
f 4767/3782/3729 4766/3773/3720 4773/3781/3728
f 4767/3782/3729 4765/3772/3719 4766/3773/3720
f 4773/3781/3728 4788/3783/3730 4767/3782/3729
f 4767/3782/3729 4930/3784/3731 4765/3772/3719
f 4788/3783/3730 4930/3784/3731 4767/3782/3729
f 4773/3781/3728 4787/3785/3732 4788/3783/3730
f 4930/3784/3731 4788/3783/3730 4936/3786/3733
f 4936/3786/3733 4788/3783/3730 4787/3785/3732
f 4936/3786/3733 4931/3787/3734 4930/3784/3731
f 4930/3784/3731 4931/3787/3734 4942/3788/3735
f 4930/3784/3731 4942/3788/3735 4765/3772/3719
f 4765/3772/3719 4784/3789/3736 4745/3756/3703
f 4942/3788/3735 4944/3790/3737 4765/3772/3719
f 4944/3790/3737 4784/3789/3736 4765/3772/3719
f 4942/3788/3735 4943/3791/3738 4944/3790/3737
f 4931/3787/3734 4929/3792/3739 4942/3788/3735
f 4929/3792/3739 4943/3791/3738 4942/3788/3735
f 4931/3787/3734 4928/3793/3740 4929/3792/3739
f 4928/3793/3740 4931/3787/3734 4963/3794/3741
f 4931/3787/3734 4936/3786/3733 4963/3794/3741
f 4926/3795/3742 4936/3786/3733 4787/3785/3732
f 4963/3794/3741 4936/3786/3733 4926/3795/3742
f 4787/3785/3732 4790/3796/3743 4926/3795/3742
f 4790/3796/3743 4787/3785/3732 4772/3779/3726
f 4772/3779/3726 4787/3785/3732 4773/3781/3728
f 4772/3779/3726 4775/3778/3725 4790/3796/3743
f 4781/3797/3744 4775/3778/3725 4783/3777/3724
f 4775/3778/3725 4781/3797/3744 4790/3796/3743
f 4783/3777/3724 4764/3798/3745 4781/3797/3744
f 4764/3798/3745 4783/3777/3724 4663/3764/3711
f 4748/3799/3746 4764/3798/3745 4663/3764/3711
f 4748/3799/3746 4663/3764/3711 4597/3680/3627
f 4748/3799/3746 4758/3800/3747 4764/3798/3745
f 4597/3680/3627 4667/3801/3748 4748/3799/3746
f 4667/3801/3748 4758/3800/3747 4748/3799/3746
f 4597/3680/3627 4659/3802/3749 4667/3801/3748
f 4659/3802/3749 4597/3680/3627 4341/3665/3612
f 4659/3802/3749 4341/3665/3612 4614/3803/3750
f 4661/3804/3751 4659/3802/3749 4614/3803/3750
f 4667/3801/3748 4659/3802/3749 4661/3804/3751
f 4756/3805/3752 4667/3801/3748 4661/3804/3751
f 4756/3805/3752 4760/3806/3753 4667/3801/3748
f 4760/3806/3753 4758/3800/3747 4667/3801/3748
f 4758/3800/3747 4760/3806/3753 4759/3807/3754
f 4761/3808/3755 4758/3800/3747 4759/3807/3754
f 4764/3798/3745 4758/3800/3747 4761/3808/3755
f 4782/3809/3756 4764/3798/3745 4761/3808/3755
f 4764/3798/3745 4782/3809/3756 4781/3797/3744
f 4781/3797/3744 4782/3809/3756 4791/3810/3757
f 4781/3797/3744 4791/3810/3757 4790/3796/3743
f 4925/3811/3758 4790/3796/3743 4791/3810/3757
f 4925/3811/3758 4926/3795/3742 4790/3796/3743
f 4924/3812/3759 4926/3795/3742 4925/3811/3758
f 4940/3813/3760 4926/3795/3742 4924/3812/3759
f 4940/3813/3760 4963/3794/3741 4926/3795/3742
f 4963/3794/3741 4940/3813/3760 4939/3814/3761
f 4928/3793/3740 4963/3794/3741 4939/3814/3761
f 4940/3813/3760 4935/3815/3762 4939/3814/3761
f 4924/3812/3759 4933/3816/3763 4940/3813/3760
f 4940/3813/3760 4933/3816/3763 4935/3815/3762
f 4924/3812/3759 4932/3817/3764 4933/3816/3763
f 4933/3816/3763 4934/3818/3765 4935/3815/3762
f 4932/3817/3764 4934/3818/3765 4933/3816/3763
f 4935/3815/3762 4950/3819/3766 4939/3814/3761
f 4934/3818/3765 4954/3820/3767 4935/3815/3762
f 4950/3819/3766 4935/3815/3762 4954/3820/3767
f 4934/3818/3765 4962/3821/3768 4954/3820/3767
f 4961/3822/3769 4962/3821/3768 4934/3818/3765
f 4934/3818/3765 4932/3817/3764 4961/3822/3769
f 4941/3823/3770 4932/3817/3764 4938/3824/3771
f 4932/3817/3764 4941/3823/3770 4961/3822/3769
f 4932/3817/3764 4924/3812/3759 4938/3824/3771
f 4938/3824/3771 4924/3812/3759 4925/3811/3758
f 4937/3825/3772 4938/3824/3771 4925/3811/3758
f 4937/3825/3772 4925/3811/3758 4791/3810/3757
f 4964/3826/3773 4937/3825/3772 4791/3810/3757
f 4937/3825/3772 4964/3826/3773 4938/3824/3771
f 4791/3810/3757 4782/3809/3756 4792/3827/3774
f 4792/3827/3774 4964/3826/3773 4791/3810/3757
f 4782/3809/3756 4796/3828/3775 4792/3827/3774
f 4782/3809/3756 4761/3808/3755 4796/3828/3775
f 4759/3807/3754 4795/3829/3776 4761/3808/3755
f 4795/3829/3776 4796/3828/3775 4761/3808/3755
f 4796/3828/3775 4795/3829/3776 4957/3830/3777
f 4960/3831/3778 4796/3828/3775 4957/3830/3777
f 4796/3828/3775 4960/3831/3778 4792/3827/3774
f 4960/3831/3778 4964/3826/3773 4792/3827/3774
f 4960/3831/3778 4957/3830/3777 4958/3832/3779
f 4960/3831/3778 4958/3832/3779 4964/3826/3773
f 4964/3826/3773 4965/3833/3780 4938/3824/3771
f 4958/3832/3779 4965/3833/3780 4964/3826/3773
f 4938/3824/3771 4965/3833/3780 4941/3823/3770
f 4941/3823/3770 4968/3834/3781 4971/3835/3782
f 4965/3833/3780 4968/3834/3781 4941/3823/3770
f 4971/3835/3782 4961/3822/3769 4941/3823/3770
f 4961/3822/3769 4971/3835/3782 5043/3836/3783
f 5043/3836/3783 4962/3821/3768 4961/3822/3769
f 4971/3835/3782 5046/3837/3784 5043/3836/3783
f 5043/3836/3783 5045/3838/3784 4962/3821/3768
f 5044/3839/3785 4962/3821/3768 5045/3838/3784
f 4966/3840/3786 4962/3821/3768 5044/3839/3785
f 4962/3821/3768 4966/3840/3786 4955/3841/3787
f 4954/3820/3767 4962/3821/3768 4955/3841/3787
f 4954/3820/3767 4952/3842/3788 4950/3819/3766
f 4954/3820/3767 4955/3841/3787 4952/3842/3788
f 4947/3843/3789 4952/3842/3788 4955/3841/3787
f 4956/3844/3790 4947/3843/3789 4955/3841/3787
f 4956/3844/3790 4955/3841/3787 4966/3840/3786
f 4956/3844/3790 4945/3845/3791 4947/3843/3789
f 4947/3843/3789 4945/3845/3791 4946/3846/3792
f 4952/3842/3788 4947/3843/3789 4946/3846/3792
f 4945/3845/3791 4923/3847/3793 4946/3846/3792
f 4951/3848/3794 4946/3846/3792 4948/3849/3795
f 4948/3849/3795 4946/3846/3792 4923/3847/3793
f 4951/3848/3794 4952/3842/3788 4946/3846/3792
f 4950/3819/3766 4952/3842/3788 4951/3848/3794
f 4953/3850/3796 4950/3819/3766 4951/3848/3794
f 4953/3850/3796 4939/3814/3761 4950/3819/3766
f 4928/3793/3740 4939/3814/3761 4953/3850/3796
f 4927/3851/3797 4928/3793/3740 4953/3850/3796
f 4927/3851/3797 4929/3792/3739 4928/3793/3740
f 4953/3850/3796 4949/3852/3798 4927/3851/3797
f 4927/3851/3797 4949/3852/3798 4929/3792/3739
f 4953/3850/3796 4951/3848/3794 4949/3852/3798
f 4949/3852/3798 4951/3848/3794 4948/3849/3795
f 4949/3852/3798 4948/3849/3795 4943/3791/3738
f 4949/3852/3798 4943/3791/3738 4929/3792/3739
f 4948/3849/3795 4922/3853/3799 4943/3791/3738
f 4922/3853/3799 4948/3849/3795 4923/3847/3793
f 4922/3853/3799 4923/3847/3793 4793/3755/3702
f 4789/3854/3800 4922/3853/3799 4793/3755/3702
f 4789/3854/3800 4793/3755/3702 4779/3754/3701
f 4789/3854/3800 4944/3790/3737 4922/3853/3799
f 4943/3791/3738 4922/3853/3799 4944/3790/3737
f 4789/3854/3800 4784/3789/3736 4944/3790/3737
f 4779/3754/3701 4784/3789/3736 4789/3854/3800
f 4784/3789/3736 4779/3754/3701 4745/3756/3703
f 4247/3855/3801 4248/3856/3802 4244/3857/3803
f 4246/3858/3804 4247/3855/3801 4244/3857/3803
f 4245/3859/3805 4246/3858/3804 4244/3857/3803
f 4243/3860/3806 4245/3859/3805 4244/3857/3803
f 4243/3860/3806 4266/3861/3807 4245/3859/3805
f 4266/3861/3807 4265/3862/3808 4245/3859/3805
f 4265/3862/3808 4266/3861/3807 4391/3863/3809
f 4391/3863/3809 4389/3864/3810 4265/3862/3808
f 4389/3864/3810 4391/3863/3809 4390/3865/3811
f 4389/3864/3810 4264/3866/3812 4265/3862/3808
f 4264/3866/3812 4245/3859/3805 4265/3862/3808
f 4245/3859/3805 4264/3866/3812 4267/3867/3813
f 4246/3858/3804 4245/3859/3805 4267/3867/3813
f 4246/3858/3804 4267/3867/3813 4247/3855/3801
f 4267/3867/3813 4268/3868/3814 4247/3855/3801
f 4674/3869/3815 4268/3868/3814 4267/3867/3813
f 4674/3869/3815 4267/3867/3813 4264/3866/3812
f 4674/3869/3815 4264/3866/3812 4395/3870/3816
f 4389/3864/3810 4395/3870/3816 4264/3866/3812
f 4395/3870/3816 4389/3864/3810 4388/3871/3817
f 4388/3871/3817 4389/3864/3810 4390/3865/3811
f 4387/3872/3818 4388/3871/3817 4390/3865/3811
f 4258/3873/3819 4388/3871/3817 4387/3872/3818
f 4256/3874/3820 4258/3873/3819 4387/3872/3818
f 4258/3873/3819 4269/3875/3821 4388/3871/3817
f 4269/3875/3821 4395/3870/3816 4388/3871/3817
f 4674/3869/3815 4395/3870/3816 4269/3875/3821
f 4674/3869/3815 4269/3875/3821 4270/3876/3822
f 4257/3877/3823 4270/3876/3822 4269/3875/3821
f 4258/3873/3819 4257/3877/3823 4269/3875/3821
f 4257/3877/3823 4258/3873/3819 4256/3874/3820
f 4255/3878/3802 4257/3877/3823 4256/3874/3820
f 4306/3879/3824 4287/3880/3825 4307/3881/3826
f 4287/3880/3825 4288/3882/3827 4307/3881/3826
f 4329/3883/3828 4330/3884/3829 4307/3881/3826
f 4288/3882/3827 4329/3883/3828 4307/3881/3826
f 4330/3884/3829 4334/3885/3830 4335/3886/3831
f 4329/3883/3828 4334/3885/3830 4330/3884/3829
f 4288/3882/3827 4310/3887/3832 4329/3883/3828
f 4329/3883/3828 4310/3887/3832 4334/3885/3830
f 4288/3882/3827 4287/3880/3825 4283/3888/3833
f 4283/3888/3833 4310/3887/3832 4288/3882/3827
f 4310/3887/3832 4283/3888/3833 4326/3889/3834
f 4336/3890/3835 4310/3887/3832 4326/3889/3834
f 4310/3887/3832 4336/3890/3835 4334/3885/3830
f 4477/3891/3836 4334/3885/3830 4336/3890/3835
f 4334/3885/3830 4477/3891/3836 4335/3886/3831
f 4335/3886/3831 4479/3892/3837 4478/3893/3838
f 4477/3891/3836 4479/3892/3837 4335/3886/3831
f 4479/3892/3837 4480/3894/3839 4478/3893/3838
f 4478/3893/3838 4480/3894/3839 4499/3895/3840
f 4479/3892/3837 4495/3896/3841 4480/3894/3839
f 4477/3891/3836 4487/3897/3842 4479/3892/3837
f 4487/3897/3842 4495/3896/3841 4479/3892/3837
f 4477/3891/3836 4486/3898/3843 4487/3897/3842
f 4336/3890/3835 4481/3899/3844 4477/3891/3836
f 4486/3898/3843 4477/3891/3836 4485/3900/3845
f 4477/3891/3836 4481/3899/3844 4485/3900/3845
f 4485/3900/3845 4481/3899/3844 4466/3901/3846
f 4466/3901/3846 4481/3899/3844 4336/3890/3835
f 4465/3902/3847 4466/3901/3846 4336/3890/3835
f 4336/3890/3835 4328/3903/3848 4465/3902/3847
f 4328/3903/3848 4336/3890/3835 4326/3889/3834
f 4327/3904/3849 4328/3903/3848 4326/3889/3834
f 4328/3903/3848 4327/3904/3849 4464/3905/3850
f 4328/3903/3848 4464/3905/3850 4465/3902/3847
f 4466/3901/3846 4465/3902/3847 4467/3906/3851
f 4464/3905/3850 4469/3907/3852 4465/3902/3847
f 4465/3902/3847 4469/3907/3852 4467/3906/3851
f 4464/3905/3850 4327/3904/3849 4463/3908/3853
f 4464/3905/3850 4463/3908/3853 4469/3907/3852
f 4469/3907/3852 4470/3909/3854 4467/3906/3851
f 4469/3907/3852 4463/3908/3853 4470/3909/3854
f 4327/3904/3849 4462/3910/3855 4463/3908/3853
f 4463/3908/3853 4460/3911/3856 4470/3909/3854
f 4460/3911/3856 4463/3908/3853 4462/3910/3855
f 4461/3912/3857 4460/3911/3856 4462/3910/3855
f 4461/3912/3857 4462/3910/3855 4455/3913/3858
f 4443/3914/3859 4462/3910/3855 4327/3904/3849
f 4462/3910/3855 4443/3914/3859 4455/3913/3858
f 4327/3904/3849 4326/3889/3834 4324/3915/3860
f 4324/3915/3860 4443/3914/3859 4327/3904/3849
f 4326/3889/3834 4284/3916/3861 4324/3915/3860
f 4324/3915/3860 4320/3917/3862 4443/3914/3859
f 4320/3917/3862 4324/3915/3860 4284/3916/3861
f 4320/3917/3862 4163/3918/3863 4443/3914/3859
f 4163/3918/3863 4161/3919/3864 4443/3914/3859
f 4161/3919/3864 4455/3913/3858 4443/3914/3859
f 4455/3913/3858 4161/3919/3864 4452/3920/3865
f 4454/3921/3866 4455/3913/3858 4452/3920/3865
f 4461/3912/3857 4455/3913/3858 4454/3921/3866
f 4459/3922/3867 4461/3912/3857 4454/3921/3866
f 4460/3911/3856 4461/3912/3857 4459/3922/3867
f 4458/3923/3868 4460/3911/3856 4459/3922/3867
f 4470/3909/3854 4460/3911/3856 4458/3923/3868
f 4459/3922/3867 4484/3924/3869 4458/3923/3868
f 4484/3924/3869 4459/3922/3867 4454/3921/3866
f 4484/3924/3869 4476/3925/3870 4458/3923/3868
f 4472/3926/3871 4470/3909/3854 4458/3923/3868
f 4472/3926/3871 4458/3923/3868 4476/3925/3870
f 4472/3926/3871 4471/3927/3872 4470/3909/3854
f 4470/3909/3854 4471/3927/3872 4467/3906/3851
f 4472/3926/3871 4473/3928/3873 4471/3927/3872
f 4471/3927/3872 4546/3929/3874 4467/3906/3851
f 4473/3928/3873 4539/3930/3875 4471/3927/3872
f 4539/3930/3875 4546/3929/3874 4471/3927/3872
f 4473/3928/3873 4475/3931/3876 4539/3930/3875
f 4475/3931/3876 4473/3928/3873 4472/3926/3871
f 4474/3932/3877 4475/3931/3876 4472/3926/3871
f 4474/3932/3877 4472/3926/3871 4476/3925/3870
f 4476/3925/3870 4504/3933/3878 4474/3932/3877
f 4476/3925/3870 4484/3924/3869 4504/3933/3878
f 4504/3933/3878 4505/3934/3879 4474/3932/3877
f 4474/3932/3877 4505/3934/3879 4475/3931/3876
f 4482/3935/3880 4475/3931/3876 4483/3936/3881
f 4505/3934/3879 4483/3936/3881 4475/3931/3876
f 4482/3935/3880 4539/3930/3875 4475/3931/3876
f 4483/3936/3881 4548/3937/3882 4482/3935/3880
f 4482/3935/3880 4722/3938/3883 4539/3930/3875
f 4722/3938/3883 4482/3935/3880 4548/3937/3882
f 4722/3938/3883 4725/3939/3884 4539/3930/3875
f 4545/3940/3885 4546/3929/3874 4539/3930/3875
f 4725/3939/3884 4545/3940/3885 4539/3930/3875
f 4545/3940/3885 4543/3941/3886 4546/3929/3874
f 4546/3929/3874 4543/3941/3886 4467/3906/3851
f 4466/3901/3846 4467/3906/3851 4468/3942/3887
f 4467/3906/3851 4543/3941/3886 4468/3942/3887
f 4468/3942/3887 4485/3900/3845 4466/3901/3846
f 4543/3941/3886 4541/3943/3888 4468/3942/3887
f 4468/3942/3887 4496/3944/3889 4485/3900/3845
f 4541/3943/3888 4496/3944/3889 4468/3942/3887
f 4496/3944/3889 4486/3898/3843 4485/3900/3845
f 4703/3945/3890 4486/3898/3843 4496/3944/3889
f 4486/3898/3843 4703/3945/3890 4487/3897/3842
f 4496/3944/3889 4541/3943/3888 4544/3946/3891
f 4544/3946/3891 4703/3945/3890 4496/3944/3889
f 4541/3943/3888 4542/3947/3892 4544/3946/3891
f 4540/3948/3893 4542/3947/3892 4541/3943/3888
f 4543/3941/3886 4540/3948/3893 4541/3943/3888
f 4540/3948/3893 4543/3941/3886 4545/3940/3885
f 4540/3948/3893 4545/3940/3885 4710/3949/3894
f 4540/3948/3893 4710/3949/3894 4542/3947/3892
f 4545/3940/3885 4725/3939/3884 4707/3950/3895
f 4545/3940/3885 4707/3950/3895 4710/3949/3894
f 4725/3939/3884 4723/3951/3896 4730/3952/3897
f 4730/3952/3897 4707/3950/3895 4725/3939/3884
f 4725/3939/3884 4722/3938/3883 4723/3951/3896
f 4716/3953/3898 4723/3951/3896 4722/3938/3883
f 4718/3954/3899 4716/3953/3898 4722/3938/3883
f 4718/3954/3899 4722/3938/3883 4548/3937/3882
f 4718/3954/3899 4548/3937/3882 4547/3955/3900
f 4717/3956/3901 4718/3954/3899 4547/3955/3900
f 4716/3953/3898 4718/3954/3899 4717/3956/3901
f 4719/3957/3902 4716/3953/3898 4717/3956/3901
f 4724/3958/3903 4716/3953/3898 4719/3957/3902
f 4716/3953/3898 4724/3958/3903 4723/3951/3896
f 4723/3951/3896 4698/3959/3904 4730/3952/3897
f 4724/3958/3903 4698/3959/3904 4723/3951/3896
f 4698/3959/3904 4700/3960/3905 4730/3952/3897
f 4709/3961/3906 4707/3950/3895 4730/3952/3897
f 4700/3960/3905 4709/3961/3906 4730/3952/3897
f 4707/3950/3895 4709/3961/3906 4708/3962/3907
f 4710/3949/3894 4707/3950/3895 4708/3962/3907
f 4712/3963/3908 4710/3949/3894 4708/3962/3907
f 4710/3949/3894 4712/3963/3908 4542/3947/3892
f 4542/3947/3892 4712/3963/3908 4544/3946/3891
f 4544/3946/3891 4702/3964/3909 4703/3945/3890
f 4712/3963/3908 4702/3964/3909 4544/3946/3891
f 4702/3964/3909 4704/3965/3910 4703/3945/3890
f 4703/3945/3890 4687/3966/3911 4487/3897/3842
f 4703/3945/3890 4704/3965/3910 4687/3966/3911
f 4687/3966/3911 4688/3967/3912 4487/3897/3842
f 4688/3967/3912 4495/3896/3841 4487/3897/3842
f 4687/3966/3911 4689/3968/3913 4688/3967/3912
f 4704/3965/3910 4689/3968/3913 4687/3966/3911
f 4706/3969/3914 4705/3970/3915 4704/3965/3910
f 4689/3968/3913 4704/3965/3910 4705/3970/3915
f 4704/3965/3910 4702/3964/3909 4706/3969/3914
f 4706/3969/3914 4702/3964/3909 4712/3963/3908
f 4728/3971/3916 4706/3969/3914 4712/3963/3908
f 4728/3971/3916 4712/3963/3908 4711/3972/3917
f 4711/3972/3917 4712/3963/3908 4708/3962/3907
f 4711/3972/3917 4708/3962/3907 4714/3973/3918
f 4708/3962/3907 4709/3961/3906 4714/3973/3918
f 4699/3974/3919 4714/3973/3918 4709/3961/3906
f 4700/3960/3905 4699/3974/3919 4709/3961/3906
f 4699/3974/3919 4700/3960/3905 4698/3959/3904
f 4696/3975/3920 4699/3974/3919 4698/3959/3904
f 4696/3975/3920 4698/3959/3904 4724/3958/3903
f 4697/3976/3921 4696/3975/3920 4724/3958/3903
f 4697/3976/3921 4724/3958/3903 4719/3957/3902
f 4719/3957/3902 4726/3977/3922 4697/3976/3921
f 4696/3975/3920 4697/3976/3921 4695/3978/3923
f 4726/3977/3922 4695/3978/3923 4697/3976/3921
f 4726/3977/3922 4742/3979/3924 4695/3978/3923
f 4695/3978/3923 4741/3980/3925 4694/3981/3926
f 4742/3979/3924 4741/3980/3925 4695/3978/3923
f 4694/3981/3926 4696/3975/3920 4695/3978/3923
f 4694/3981/3926 4729/3982/3927 4696/3975/3920
f 4729/3982/3927 4699/3974/3919 4696/3975/3920
f 4699/3974/3919 4729/3982/3927 4714/3973/3918
f 4731/3983/3928 4727/3984/3929 4714/3973/3918
f 4729/3982/3927 4731/3983/3928 4714/3973/3918
f 4727/3984/3929 4711/3972/3917 4714/3973/3918
f 4727/3984/3929 4728/3971/3916 4711/3972/3917
f 4732/3985/3930 4728/3971/3916 4727/3984/3929
f 4732/3985/3930 4733/3986/3931 4728/3971/3916
f 4733/3986/3931 4706/3969/3914 4728/3971/3916
f 4706/3969/3914 4733/3986/3931 4705/3970/3915
f 4733/3986/3931 4739/3987/3932 4705/3970/3915
f 4701/3988/3933 4689/3968/3913 4705/3970/3915
f 4701/3988/3933 4705/3970/3915 4739/3987/3932
f 4689/3968/3913 4690/3989/3934 4688/3967/3912
f 4689/3968/3913 4701/3988/3933 4691/3990/3935
f 4690/3989/3934 4689/3968/3913 4691/3990/3935
f 4701/3988/3933 4734/3991/3936 4691/3990/3935
f 4701/3988/3933 4735/3992/3937 4734/3991/3936
f 4735/3992/3937 4701/3988/3933 4739/3987/3932
f 4739/3987/3932 4886/3993/3938 4735/3992/3937
f 4739/3987/3932 4733/3986/3931 4905/3994/3939
f 4886/3993/3938 4739/3987/3932 4905/3994/3939
f 4733/3986/3931 4900/3995/3940 4905/3994/3939
f 4733/3986/3931 4732/3985/3930 4900/3995/3940
f 4914/3996/3941 4900/3995/3940 4732/3985/3930
f 4740/3997/3942 4914/3996/3941 4732/3985/3930
f 4740/3997/3942 4732/3985/3930 4727/3984/3929
f 4727/3984/3929 4731/3983/3928 4740/3997/3942
f 4731/3983/3928 4919/3998/3943 4740/3997/3942
f 4919/3998/3943 4731/3983/3928 4729/3982/3927
f 4919/3998/3943 4914/3996/3941 4740/3997/3942
f 4918/3999/3944 4914/3996/3941 4919/3998/3943
f 4899/4000/3945 4914/3996/3941 4918/3999/3944
f 4914/3996/3941 4899/4000/3945 4900/3995/3940
f 4899/4000/3945 4901/4001/3946 4900/3995/3940
f 4904/4002/3947 4900/3995/3940 4901/4001/3946
f 4904/4002/3947 4905/3994/3939 4900/3995/3940
f 4905/3994/3939 4904/4002/3947 4883/4003/3948
f 4886/3993/3938 4905/3994/3939 4883/4003/3948
f 4886/3993/3938 4883/4003/3948 4884/4004/3949
f 4886/3993/3938 4884/4004/3949 4735/3992/3937
f 4735/3992/3937 4884/4004/3949 4734/3991/3936
f 4691/3990/3935 4734/3991/3936 4736/4005/3950
f 4884/4004/3949 4887/4006/3951 4734/3991/3936
f 4734/3991/3936 4892/4007/3952 4736/4005/3950
f 4887/4006/3951 4892/4007/3952 4734/3991/3936
f 4887/4006/3951 4884/4004/3949 4888/4008/3953
f 4887/4006/3951 4888/4008/3953 4892/4007/3952
f 4884/4004/3949 4883/4003/3948 4885/4009/3954
f 4884/4004/3949 4885/4009/3954 4888/4008/3953
f 4883/4003/3948 4889/4010/3955 4885/4009/3954
f 4883/4003/3948 4904/4002/3947 4913/4011/3956
f 4889/4010/3955 4883/4003/3948 4913/4011/3956
f 4904/4002/3947 4916/4012/3957 4913/4011/3956
f 4916/4012/3957 4904/4002/3947 4901/4001/3946
f 4917/4013/3958 4916/4012/3957 4901/4001/3946
f 4911/4014/3959 4917/4013/3958 4901/4001/3946
f 4911/4014/3959 4901/4001/3946 4899/4000/3945
f 4910/4015/3960 4911/4014/3959 4899/4000/3945
f 4910/4015/3960 4899/4000/3945 4918/3999/3944
f 4910/4015/3960 4918/3999/3944 4909/4016/3961
f 4918/3999/3944 4919/3998/3943 4902/4017/3962
f 4909/4016/3961 4918/3999/3944 4902/4017/3962
f 4919/3998/3943 4729/3982/3927 4902/4017/3962
f 4694/3981/3926 4738/4018/3963 4729/3982/3927
f 4738/4018/3963 4902/4017/3962 4729/3982/3927
f 4694/3981/3926 4741/3980/3925 4738/4018/3963
f 4738/4018/3963 4895/4019/3964 4902/4017/3962
f 4895/4019/3964 4909/4016/3961 4902/4017/3962
f 4738/4018/3963 4893/4020/3965 4895/4019/3964
f 4738/4018/3963 4741/3980/3925 4893/4020/3965
f 4893/4020/3965 4741/3980/3925 4742/3979/3924
f 4894/4021/3966 4893/4020/3965 4742/3979/3924
f 4896/4022/3967 4893/4020/3965 4894/4021/3966
f 4895/4019/3964 4893/4020/3965 4896/4022/3967
f 4897/4023/3968 4895/4019/3964 4896/4022/3967
f 4909/4016/3961 4895/4019/3964 4897/4023/3968
f 4912/4024/3969 4909/4016/3961 4897/4023/3968
f 4912/4024/3969 4910/4015/3960 4909/4016/3961
f 4912/4024/3969 4880/4025/3970 4910/4015/3960
f 4880/4025/3970 4911/4014/3959 4910/4015/3960
f 4912/4024/3969 4897/4023/3968 4880/4025/3970
f 4880/4025/3970 4877/4026/3971 4911/4014/3959
f 4877/4026/3971 4917/4013/3958 4911/4014/3959
f 4880/4025/3970 4881/4027/3972 4877/4026/3971
f 4897/4023/3968 4881/4027/3972 4880/4025/3970
f 4897/4023/3968 4896/4022/3967 4881/4027/3972
f 4898/4028/3973 4896/4022/3967 4894/4021/3966
f 4896/4022/3967 4898/4028/3973 4881/4027/3972
f 4894/4021/3966 4906/4029/3974 4898/4028/3973
f 4881/4027/3972 4898/4028/3973 4879/4030/3975
f 4881/4027/3972 4879/4030/3975 4877/4026/3971
f 4877/4026/3971 4879/4030/3975 4878/4031/3976
f 4877/4026/3971 4878/4031/3976 4917/4013/3958
f 4916/4012/3957 4917/4013/3958 4915/4032/3977
f 4878/4031/3976 4915/4032/3977 4917/4013/3958
f 4915/4032/3977 4913/4011/3956 4916/4012/3957
f 4913/4011/3956 4915/4032/3977 5035/4033/3978
f 4913/4011/3956 5035/4033/3978 4889/4010/3955
f 4915/4032/3977 4878/4031/3976 5034/4034/3979
f 5034/4034/3979 5035/4033/3978 4915/4032/3977
f 4878/4031/3976 4882/4035/3980 5034/4034/3979
f 4879/4030/3975 4882/4035/3980 4878/4031/3976
f 4898/4028/3973 4907/4036/3981 4879/4030/3975
f 4882/4035/3980 4879/4030/3975 4907/4036/3981
f 4898/4028/3973 4906/4029/3974 4907/4036/3981
f 4906/4029/3974 4908/4037/3982 4907/4036/3981
f 4908/4037/3982 4882/4035/3980 4907/4036/3981
f 4882/4035/3980 4908/4037/3982 5033/4038/3983
f 5033/4038/3983 5034/4034/3979 4882/4035/3980
f 5032/4039/3984 5034/4034/3979 5033/4038/3983
f 5040/4040/3985 5034/4034/3979 5032/4039/3984
f 5037/4041/3986 5034/4034/3979 5040/4040/3985
f 5035/4033/3978 5034/4034/3979 5037/4041/3986
f 5035/4033/3978 5037/4041/3986 5036/4042/3987
f 5035/4033/3978 5036/4042/3987 4889/4010/3955
f 5037/4041/3986 5041/4043/3985 5036/4042/3987
f 4889/4010/3955 5036/4042/3987 4890/4044/3988
f 4889/4010/3955 4890/4044/3988 4885/4009/3954
f 5036/4042/3987 5042/4045/3989 4890/4044/3988
f 5042/4045/3989 5036/4042/3987 5041/4043/3985
f 5042/4045/3989 5041/4043/3985 5039/4046/3990
f 4890/4044/3988 5042/4045/3989 5039/4046/3990
f 5041/4043/3985 5038/4047/3991 5039/4046/3990
f 5031/4048/3992 5039/4046/3990 5038/4047/3991
f 4903/4049/3993 5039/4046/3990 5031/4048/3992
f 4903/4049/3993 4890/4044/3988 5039/4046/3990
f 4885/4009/3954 4890/4044/3988 4903/4049/3993
f 4888/4008/3953 4885/4009/3954 4903/4049/3993
f 4903/4049/3993 4921/4050/3994 4888/4008/3953
f 4921/4050/3994 4903/4049/3993 5031/4048/3992
f 4921/4050/3994 4920/4051/3995 4888/4008/3953
f 4888/4008/3953 4920/4051/3995 4892/4007/3952
f 4920/4051/3995 4891/4052/3996 4892/4007/3952
f 4892/4007/3952 4891/4052/3996 4736/4005/3950
f 4891/4052/3996 4737/4053/3997 4736/4005/3950
f 4736/4005/3950 4737/4053/3997 4715/4054/3998
f 4692/4055/3999 4736/4005/3950 4715/4054/3998
f 4692/4055/3999 4691/3990/3935 4736/4005/3950
f 4715/4054/3998 4713/4056/4000 4692/4055/3999
f 4691/3990/3935 4692/4055/3999 4690/3989/3934
f 4713/4056/4000 4693/4057/4001 4692/4055/3999
f 4692/4055/3999 4693/4057/4001 4690/3989/3934
f 4688/3967/3912 4690/3989/3934 4693/4057/4001
f 4720/4058/4002 4688/3967/3912 4693/4057/4001
f 4693/4057/4001 4713/4056/4000 4720/4058/4002
f 4713/4056/4000 4721/4059/4003 4720/4058/4002
f 4720/4058/4002 4721/4059/4003 4549/4060/4004
f 4494/4061/4005 4720/4058/4002 4549/4060/4004
f 4720/4058/4002 4494/4061/4005 4688/3967/3912
f 4494/4061/4005 4495/3896/3841 4688/3967/3912
f 4495/3896/3841 4494/4061/4005 4488/4062/4006
f 4480/3894/3839 4495/3896/3841 4488/4062/4006
f 4494/4061/4005 4490/4063/4007 4488/4062/4006
f 4494/4061/4005 4549/4060/4004 4490/4063/4007
f 4488/4062/4006 4490/4063/4007 4489/4064/4008
f 4491/4065/4009 4488/4062/4006 4489/4064/4008
f 4480/3894/3839 4488/4062/4006 4491/4065/4009
f 4480/3894/3839 4491/4065/4009 4499/3895/3840
f 4499/3895/3840 4491/4065/4009 4508/4066/4010
f 4491/4065/4009 4489/4064/4008 4508/4066/4010
f 4508/4066/4010 4509/4067/4011 4499/3895/3840
f 4507/4068/4012 4509/4067/4011 4508/4066/4010
f 4283/3888/3833 4284/3916/3861 4326/3889/3834
f 4283/3888/3833 4285/4069/4013 4284/3916/3861
f 4285/4069/4013 4283/3888/3833 4287/3880/3825
f 4285/4069/4013 4286/4070/4014 4284/3916/3861
f 4320/3917/3862 4284/3916/3861 4286/4070/4014
f 4163/3918/3863 4320/3917/3862 4286/4070/4014
f 4163/3918/3863 4286/4070/4014 4308/4071/4015
f 4308/4071/4015 4286/4070/4014 4309/4072/4016
f 4286/4070/4014 4285/4069/4013 4309/4072/4016
f 4309/4072/4016 4285/4069/4013 4350/4073/4017
f 4351/4074/4018 4285/4069/4013 4287/3880/3825
f 4285/4069/4013 4351/4074/4018 4350/4073/4017
f 4287/3880/3825 4355/4075/4019 4351/4074/4018
f 4351/4074/4018 4371/4076/4020 4350/4073/4017
f 4355/4075/4019 4378/4077/4021 4351/4074/4018
f 4378/4077/4021 4371/4076/4020 4351/4074/4018
f 4355/4075/4019 4380/4078/4022 4378/4077/4021
f 4378/4077/4021 4396/4079/4023 4371/4076/4020
f 4396/4079/4023 4378/4077/4021 4380/4078/4022
f 4410/4080/4024 4396/4079/4023 4380/4078/4022
f 4396/4079/4023 4410/4080/4024 4409/4081/4025
f 4410/4080/4024 4411/4082/4026 4409/4081/4025
f 4396/4079/4023 4409/4081/4025 4397/4083/4027
f 4396/4079/4023 4397/4083/4027 4371/4076/4020
f 4371/4076/4020 4370/4084/4028 4350/4073/4017
f 4397/4083/4027 4365/4085/4029 4371/4076/4020
f 4371/4076/4020 4366/4086/4030 4370/4084/4028
f 4365/4085/4029 4366/4086/4030 4371/4076/4020
f 4365/4085/4029 4367/4087/4031 4366/4086/4030
f 4397/4083/4027 4374/4088/4032 4365/4085/4029
f 4367/4087/4031 4365/4085/4029 4374/4088/4032
f 4397/4083/4027 4407/4089/4033 4374/4088/4032
f 4409/4081/4025 4407/4089/4033 4397/4083/4027
f 4411/4082/4026 4413/4090/4034 4409/4081/4025
f 4409/4081/4025 4418/4091/4035 4407/4089/4033
f 4413/4090/4034 4418/4091/4035 4409/4081/4025
f 4407/4089/4033 4408/4092/4036 4374/4088/4032
f 4418/4091/4035 4421/4093/4037 4407/4089/4033
f 4421/4093/4037 4408/4092/4036 4407/4089/4033
f 4369/4094/4038 4408/4092/4036 4421/4093/4037
f 4408/4092/4036 4369/4094/4038 4368/4095/4039
f 4374/4088/4032 4408/4092/4036 4368/4095/4039
f 4368/4095/4039 4367/4087/4031 4374/4088/4032
f 4368/4095/4039 4369/4094/4038 4364/4096/4040
f 4368/4095/4039 4364/4096/4040 4367/4087/4031
f 4367/4087/4031 4360/4097/4041 4373/4098/4042
f 4364/4096/4040 4360/4097/4041 4367/4087/4031
f 4373/4098/4042 4366/4086/4030 4367/4087/4031
f 4366/4086/4030 4373/4098/4042 4318/4099/4043
f 4370/4084/4028 4366/4086/4030 4318/4099/4043
f 4373/4098/4042 4319/4100/4044 4318/4099/4043
f 4360/4097/4041 4358/4101/4045 4373/4098/4042
f 4373/4098/4042 4358/4101/4045 4319/4100/4044
f 4360/4097/4041 4359/4102/4046 4358/4101/4045
f 4358/4101/4045 4359/4102/4046 4319/4100/4044
f 4360/4097/4041 4364/4096/4040 4363/4103/4047
f 4360/4097/4041 4363/4103/4047 4359/4102/4046
f 4364/4096/4040 4385/4104/4048 4363/4103/4047
f 4369/4094/4038 4683/4105/4049 4364/4096/4040
f 4364/4096/4040 4682/4106/4050 4385/4104/4048
f 4683/4105/4049 4682/4106/4050 4364/4096/4040
f 4385/4104/4048 4352/4107/4051 4363/4103/4047
f 4682/4106/4050 4386/4108/4052 4385/4104/4048
f 4352/4107/4051 4385/4104/4048 4386/4108/4052
f 4682/4106/4050 4398/4109/4053 4386/4108/4052
f 4683/4105/4049 4686/4110/4054 4682/4106/4050
f 4686/4110/4054 4398/4109/4053 4682/4106/4050
f 4683/4105/4049 4685/4111/4055 4686/4110/4054
f 4684/4112/4056 4685/4111/4055 4683/4105/4049
f 4369/4094/4038 4684/4112/4056 4683/4105/4049
f 4684/4112/4056 4369/4094/4038 4421/4093/4037
f 4684/4112/4056 4421/4093/4037 4847/4113/4057
f 4847/4113/4057 4421/4093/4037 4418/4091/4035
f 4847/4113/4057 4848/4114/4058 4684/4112/4056
f 4685/4111/4055 4684/4112/4056 4848/4114/4058
f 4870/4115/4059 4685/4111/4055 4848/4114/4058
f 4870/4115/4059 4868/4116/4060 4685/4111/4055
f 4868/4116/4060 4686/4110/4054 4685/4111/4055
f 4868/4116/4060 4850/4117/4061 4686/4110/4054
f 4850/4117/4061 4398/4109/4053 4686/4110/4054
f 4398/4109/4053 4850/4117/4061 4400/4118/4062
f 4398/4109/4053 4400/4118/4062 4399/4119/4063
f 4386/4108/4052 4398/4109/4053 4399/4119/4063
f 4386/4108/4052 4399/4119/4063 4352/4107/4051
f 4352/4107/4051 4354/4120/4064 4353/4121/4065
f 4399/4119/4063 4354/4120/4064 4352/4107/4051
f 4353/4121/4065 4363/4103/4047 4352/4107/4051
f 4353/4121/4065 4372/4122/4066 4363/4103/4047
f 4372/4122/4066 4359/4102/4046 4363/4103/4047
f 4353/4121/4065 4382/4123/4067 4372/4122/4066
f 4354/4120/4064 4382/4123/4067 4353/4121/4065
f 4372/4122/4066 4362/4124/4068 4359/4102/4046
f 4382/4123/4067 4362/4124/4068 4372/4122/4066
f 4362/4124/4068 4361/4125/4069 4359/4102/4046
f 4359/4102/4046 4361/4125/4069 4319/4100/4044
f 4318/4099/4043 4319/4100/4044 4299/4126/4070
f 4319/4100/4044 4361/4125/4069 4299/4126/4070
f 4294/4127/4071 4361/4125/4069 4362/4124/4068
f 4361/4125/4069 4294/4127/4071 4299/4126/4070
f 4362/4124/4068 4295/4128/4072 4294/4127/4071
f 4362/4124/4068 4382/4123/4067 4379/4129/4073
f 4295/4128/4072 4362/4124/4068 4379/4129/4073
f 4382/4123/4067 4383/4130/4074 4379/4129/4073
f 4354/4120/4064 4406/4131/4075 4382/4123/4067
f 4406/4131/4075 4383/4130/4074 4382/4123/4067
f 4354/4120/4064 4405/4132/4076 4406/4131/4075
f 4399/4119/4063 4405/4132/4076 4354/4120/4064
f 4405/4132/4076 4399/4119/4063 4400/4118/4062
f 4420/4133/4077 4405/4132/4076 4400/4118/4062
f 4864/4134/4078 4420/4133/4077 4400/4118/4062
f 4864/4134/4078 4400/4118/4062 4851/4135/4079
f 4850/4117/4061 4851/4135/4079 4400/4118/4062
f 4868/4116/4060 4869/4136/4080 4850/4117/4061
f 4869/4136/4080 4851/4135/4079 4850/4117/4061
f 4868/4116/4060 4855/4137/4081 4869/4136/4080
f 4870/4115/4059 4855/4137/4081 4868/4116/4060
f 4870/4115/4059 4848/4114/4058 4855/4137/4081
f 4848/4114/4058 4847/4113/4057 4852/4138/4082
f 4848/4114/4058 4852/4138/4082 4855/4137/4081
f 4855/4137/4081 4852/4138/4082 4853/4139/4083
f 4855/4137/4081 4853/4139/4083 4869/4136/4080
f 4869/4136/4080 4874/4140/4084 4851/4135/4079
f 4853/4139/4083 4874/4140/4084 4869/4136/4080
f 4874/4140/4084 4873/4141/4085 4851/4135/4079
f 4873/4141/4085 4864/4134/4078 4851/4135/4079
f 4873/4141/4085 4871/4142/4086 4864/4134/4078
f 4858/4143/4087 4864/4134/4078 4871/4142/4086
f 4420/4133/4077 4864/4134/4078 4858/4143/4087
f 4419/4144/4088 4420/4133/4077 4858/4143/4087
f 4419/4144/4088 4417/4145/4089 4420/4133/4077
f 4417/4145/4089 4405/4132/4076 4420/4133/4077
f 4405/4132/4076 4417/4145/4089 4416/4146/4090
f 4406/4131/4075 4405/4132/4076 4416/4146/4090
f 4406/4131/4075 4416/4146/4090 4383/4130/4074
f 4383/4130/4074 4384/4147/4091 4375/4148/4092
f 4416/4146/4090 4384/4147/4091 4383/4130/4074
f 4375/4148/4092 4379/4129/4073 4383/4130/4074
f 4384/4147/4091 4356/4149/4093 4375/4148/4092
f 4379/4129/4073 4375/4148/4092 4300/4150/4094
f 4375/4148/4092 4356/4149/4093 4300/4150/4094
f 4300/4150/4094 4313/4151/4095 4379/4129/4073
f 4295/4128/4072 4379/4129/4073 4304/4152/4096
f 4379/4129/4073 4313/4151/4095 4304/4152/4096
f 4304/4152/4096 4289/4153/4097 4295/4128/4072
f 4313/4151/4095 4305/4154/4098 4304/4152/4096
f 4289/4153/4097 4304/4152/4096 4144/4155/4099
f 4304/4152/4096 4305/4154/4098 4144/4155/4099
f 4289/4153/4097 4144/4155/4099 4153/4156/4100
f 4278/4157/4101 4289/4153/4097 4153/4156/4100
f 4289/4153/4097 4278/4157/4101 4295/4128/4072
f 4294/4127/4071 4295/4128/4072 4278/4157/4101
f 4277/4158/4102 4294/4127/4071 4278/4157/4101
f 4299/4126/4070 4294/4127/4071 4277/4158/4102
f 4278/4157/4101 4276/4159/4103 4277/4158/4102
f 4276/4159/4103 4278/4157/4101 4153/4156/4100
f 4276/4159/4103 4273/4160/4104 4277/4158/4102
f 4298/4161/4105 4277/4158/4102 4273/4160/4104
f 4298/4161/4105 4299/4126/4070 4277/4158/4102
f 4290/4162/4106 4299/4126/4070 4298/4161/4105
f 4290/4162/4106 4318/4099/4043 4299/4126/4070
f 4370/4084/4028 4318/4099/4043 4290/4162/4106
f 4293/4163/4107 4370/4084/4028 4290/4162/4106
f 4370/4084/4028 4293/4163/4107 4350/4073/4017
f 4350/4073/4017 4293/4163/4107 4309/4072/4016
f 4293/4163/4107 4290/4162/4106 4291/4164/4108
f 4293/4163/4107 4291/4164/4108 4309/4072/4016
f 4290/4162/4106 4292/4165/4109 4291/4164/4108
f 4292/4165/4109 4290/4162/4106 4298/4161/4105
f 4292/4165/4109 4298/4161/4105 4272/4166/4110
f 4272/4166/4110 4298/4161/4105 4273/4160/4104
f 4272/4166/4110 4273/4160/4104 4155/4167/4111
f 4273/4160/4104 4276/4159/4103 4154/4168/4112
f 4155/4167/4111 4273/4160/4104 4154/4168/4112
f 4276/4159/4103 4153/4156/4100 4154/4168/4112
f 4149/4169/4113 4151/4170/4114 4153/4156/4100
f 4151/4170/4114 4154/4168/4112 4153/4156/4100
f 4153/4156/4100 4144/4155/4099 4149/4169/4113
f 4154/4168/4112 4151/4170/4114 4089/4171/4115
f 4155/4167/4111 4154/4168/4112 4089/4171/4115
f 4088/4172/4116 4155/4167/4111 4089/4171/4115
f 4156/4173/4117 4155/4167/4111 4088/4172/4116
f 4156/4173/4117 4272/4166/4110 4155/4167/4111
f 4272/4166/4110 4156/4173/4117 4157/4174/4118
f 4274/4175/4119 4272/4166/4110 4157/4174/4118
f 4274/4175/4119 4292/4165/4109 4272/4166/4110
f 4292/4165/4109 4274/4175/4119 4275/4176/4120
f 4291/4164/4108 4292/4165/4109 4275/4176/4120
f 4274/4175/4119 4107/4177/4121 4275/4176/4120
f 4157/4174/4118 4107/4177/4121 4274/4175/4119
f 4107/4177/4121 4158/4178/4122 4275/4176/4120
f 4275/4176/4120 4158/4178/4122 4291/4164/4108
f 4291/4164/4108 4311/4179/4123 4309/4072/4016
f 4158/4178/4122 4311/4179/4123 4291/4164/4108
f 4311/4179/4123 4308/4071/4015 4309/4072/4016
f 4308/4071/4015 4311/4179/4123 4312/4180/4124
f 4312/4180/4124 4311/4179/4123 4175/4181/4125
f 4311/4179/4123 4158/4178/4122 4175/4181/4125
f 4312/4180/4124 4175/4181/4125 4173/4182/4126
f 4158/4178/4122 4167/4183/4127 4175/4181/4125
f 4173/4182/4126 4175/4181/4125 4167/4183/4127
f 4158/4178/4122 4111/4184/4128 4167/4183/4127
f 4111/4184/4128 4158/4178/4122 4107/4177/4121
f 4084/4185/4129 4111/4184/4128 4107/4177/4121
f 4085/4186/4130 4084/4185/4129 4107/4177/4121
f 4085/4186/4130 4107/4177/4121 4157/4174/4118
f 4086/4187/4131 4085/4186/4130 4157/4174/4118
f 4086/4187/4131 4157/4174/4118 4087/4188/4132
f 4157/4174/4118 4156/4173/4117 4087/4188/4132
f 4087/4188/4132 4156/4173/4117 4088/4172/4116
f 4088/4172/4116 4079/3583/3530 4087/4188/4132
f 4089/4171/4115 4079/3583/3530 4088/4172/4116
f 4087/4188/4132 4079/3583/3530 4086/4187/4131
f 4086/4187/4131 4079/3583/3530 4085/4186/4130
f 4085/4186/4130 4079/3583/3530 4084/4185/4129
f 4084/4185/4129 4079/3583/3530 4083/4189/4133
f 4083/4189/4133 4110/4190/4134 4084/4185/4129
f 4110/4190/4134 4111/4184/4128 4084/4185/4129
f 4110/4190/4134 4167/4183/4127 4111/4184/4128
f 4166/4191/4135 4167/4183/4127 4110/4190/4134
f 4166/4191/4135 4173/4182/4126 4167/4183/4127
f 4110/4190/4134 4109/4192/4136 4166/4191/4135
f 4109/4192/4136 4110/4190/4134 4083/4189/4133
f 4082/4193/4137 4109/4192/4136 4083/4189/4133
f 4083/4189/4133 4079/3583/3530 4082/4193/4137
f 4082/4193/4137 4108/4194/4138 4109/4192/4136
f 4079/3583/3530 4081/4195/4139 4082/4193/4137
f 4081/4195/4139 4108/4194/4138 4082/4193/4137
f 4079/3583/3530 4080/4196/4140 4081/4195/4139
f 4081/4195/4139 4080/4196/4140 4108/4194/4138
f 4079/3583/3530 4077/4197/4141 4080/4196/4140
f 4080/4196/4140 4112/4198/4142 4108/4194/4138
f 4080/4196/4140 4077/4197/4141 4112/4198/4142
f 4112/4198/4142 4159/4199/4143 4108/4194/4138
f 4159/4199/4143 4168/4200/4144 4108/4194/4138
f 4168/4200/4144 4109/4192/4136 4108/4194/4138
f 4166/4191/4135 4109/4192/4136 4168/4200/4144
f 4173/4182/4126 4166/4191/4135 4168/4200/4144
f 4172/4201/4145 4173/4182/4126 4168/4200/4144
f 4172/4201/4145 4168/4200/4144 4159/4199/4143
f 4173/4182/4126 4165/4202/4146 4312/4180/4124
f 4165/4202/4146 4173/4182/4126 4172/4201/4145
f 4165/4202/4146 4162/4203/4147 4312/4180/4124
f 4162/4203/4147 4308/4071/4015 4312/4180/4124
f 4162/4203/4147 4163/3918/3863 4308/4071/4015
f 4161/3919/3864 4163/3918/3863 4162/4203/4147
f 4164/4204/4148 4161/3919/3864 4162/4203/4147
f 4165/4202/4146 4164/4204/4148 4162/4203/4147
f 4170/4205/4149 4164/4204/4148 4165/4202/4146
f 4170/4205/4149 4165/4202/4146 4224/4206/4150
f 4224/4206/4150 4165/4202/4146 4172/4201/4145
f 4224/4206/4150 4172/4201/4145 4160/4207/4151
f 4160/4207/4151 4172/4201/4145 4159/4199/4143
f 4160/4207/4151 4159/4199/4143 4112/4198/4142
f 4160/4207/4151 4112/4198/4142 4219/4208/4152
f 4077/4197/4141 4139/4209/4153 4112/4198/4142
f 4219/4208/4152 4112/4198/4142 4139/4209/4153
f 4077/4197/4141 4142/4210/4154 4139/4209/4153
f 4219/4208/4152 4139/4209/4153 4208/4211/4155
f 4139/4209/4153 4142/4210/4154 4208/4211/4155
f 4208/4211/4155 4207/4212/4156 4219/4208/4152
f 4207/4212/4156 4208/4211/4155 4142/4210/4154
f 4207/4212/4156 4233/4213/4157 4219/4208/4152
f 4221/4214/4158 4160/4207/4151 4219/4208/4152
f 4233/4213/4157 4221/4214/4158 4219/4208/4152
f 4221/4214/4158 4224/4206/4150 4160/4207/4151
f 4224/4206/4150 4221/4214/4158 4225/4215/4159
f 4226/4216/4160 4224/4206/4150 4225/4215/4159
f 4170/4205/4149 4224/4206/4150 4226/4216/4160
f 4226/4216/4160 4169/4217/4161 4170/4205/4149
f 4226/4216/4160 4240/4218/4162 4169/4217/4161
f 4226/4216/4160 4225/4215/4159 4240/4218/4162
f 4242/4219/4163 4225/4215/4159 4234/4220/4164
f 4225/4215/4159 4242/4219/4163 4240/4218/4162
f 4225/4215/4159 4221/4214/4158 4234/4220/4164
f 4221/4214/4158 4233/4213/4157 4234/4220/4164
f 4228/4221/4165 4234/4220/4164 4233/4213/4157
f 4227/4222/4166 4228/4221/4165 4233/4213/4157
f 4227/4222/4166 4233/4213/4157 4207/4212/4156
f 4211/4223/4167 4227/4222/4166 4207/4212/4156
f 4211/4223/4167 4207/4212/4156 4142/4210/4154
f 4211/4223/4167 4209/4224/4168 4227/4222/4166
f 4227/4222/4166 4229/4225/4169 4228/4221/4165
f 4229/4225/4169 4227/4222/4166 4209/4224/4168
f 4229/4225/4169 4235/4226/4170 4228/4221/4165
f 4229/4225/4169 4215/3705/3652 4235/4226/4170
f 4229/4225/4169 4209/4224/4168 4220/3704/3651
f 4215/3705/3652 4229/4225/4169 4220/3704/3651
f 4209/4224/4168 4210/4227/4171 4220/3704/3651
f 4138/3703/3650 4220/3704/3651 4210/4227/4171
f 4209/4224/4168 4140/4228/4172 4210/4227/4171
f 4209/4224/4168 4211/4223/4167 4140/4228/4172
f 4210/4227/4171 4140/4228/4172 4138/3703/3650
f 4211/4223/4167 4141/4229/4173 4140/4228/4172
f 4141/4229/4173 4211/4223/4167 4142/4210/4154
f 4141/4229/4173 4142/4210/4154 4078/4230/4174
f 4078/4230/4174 4142/4210/4154 4077/4197/4141
f 4077/4197/4141 4079/3583/3530 4078/4230/4174
f 4078/4230/4174 4079/3583/3530 4105/4231/4175
f 4105/4231/4175 4141/4229/4173 4078/4230/4174
f 4140/4228/4172 4141/4229/4173 4105/4231/4175
f 4104/4232/4176 4140/4228/4172 4105/4231/4175
f 4105/4231/4175 4079/3583/3530 4104/4232/4176
f 4140/4228/4172 4104/4232/4176 4103/3702/3649
f 4138/3703/3650 4140/4228/4172 4103/3702/3649
f 4104/4232/4176 4079/3583/3530 4103/3702/3649
f 4090/4233/4177 4079/3583/3530 4089/4171/4115
f 4091/4234/4178 4079/3583/3530 4090/4233/4177
f 4089/4171/4115 4151/4170/4114 4090/4233/4177
f 4091/4234/4178 4090/4233/4177 4152/4235/4179
f 4090/4233/4177 4151/4170/4114 4152/4235/4179
f 4151/4170/4114 4149/4169/4113 4152/4235/4179
f 4149/4169/4113 4145/4236/4180 4152/4235/4179
f 4149/4169/4113 4144/4155/4099 4145/4236/4180
f 4144/4155/4099 4146/4237/4181 4145/4236/4180
f 4144/4155/4099 4305/4154/4098 4146/4237/4181
f 4305/4154/4098 4321/4238/4182 4146/4237/4181
f 4305/4154/4098 4314/4239/4183 4321/4238/4182
f 4314/4239/4183 4325/4240/4184 4321/4238/4182
f 4305/4154/4098 4313/4151/4095 4314/4239/4183
f 4325/4240/4184 4314/4239/4183 4316/4241/4185
f 4313/4151/4095 4303/4242/4186 4314/4239/4183
f 4314/4239/4183 4303/4242/4186 4316/4241/4185
f 4313/4151/4095 4300/4150/4094 4303/4242/4186
f 4316/4241/4185 4303/4242/4186 4315/4243/4187
f 4303/4242/4186 4301/4244/4188 4315/4243/4187
f 4303/4242/4186 4300/4150/4094 4301/4244/4188
f 4300/4150/4094 4302/4245/4189 4301/4244/4188
f 4356/4149/4093 4302/4245/4189 4300/4150/4094
f 4356/4149/4093 4357/4246/4190 4302/4245/4189
f 4357/4246/4190 4381/4247/4191 4302/4245/4189
f 4356/4149/4093 4376/4248/4192 4357/4246/4190
f 4377/4249/4193 4376/4248/4192 4356/4149/4093
f 4384/4147/4091 4377/4249/4193 4356/4149/4093
f 4376/4248/4192 4377/4249/4193 4404/4250/4194
f 4404/4250/4194 4401/4251/4195 4402/4252/4196
f 4377/4249/4193 4401/4251/4195 4404/4250/4194
f 4401/4251/4195 4377/4249/4193 4416/4146/4090
f 4377/4249/4193 4384/4147/4091 4416/4146/4090
f 4401/4251/4195 4416/4146/4090 4417/4145/4089
f 4403/4253/4197 4401/4251/4195 4417/4145/4089
f 4401/4251/4195 4403/4253/4197 4402/4252/4196
f 4417/4145/4089 4419/4144/4088 4403/4253/4197
f 4403/4253/4197 4414/4254/4198 4402/4252/4196
f 4419/4144/4088 4414/4254/4198 4403/4253/4197
f 4414/4254/4198 4415/4255/4199 4402/4252/4196
f 4415/4255/4199 4414/4254/4198 4859/4256/4200
f 4414/4254/4198 4860/4257/4201 4859/4256/4200
f 4859/4256/4200 4860/4257/4201 4863/4258/4202
f 4414/4254/4198 4419/4144/4088 4858/4143/4087
f 4858/4143/4087 4860/4257/4201 4414/4254/4198
f 4858/4143/4087 4861/4259/4203 4860/4257/4201
f 4861/4259/4203 4858/4143/4087 4871/4142/4086
f 4861/4259/4203 4862/4260/4204 4860/4257/4201
f 4860/4257/4201 4862/4260/4204 4863/4258/4202
f 4863/4258/4202 4862/4260/4204 5028/4261/4205
f 5020/4262/4206 5030/4263/4207 4862/4260/4204
f 4862/4260/4204 5030/4263/4207 5028/4261/4205
f 4862/4260/4204 4861/4259/4203 5020/4262/4206
f 5019/4264/4208 5020/4262/4206 4861/4259/4203
f 4871/4142/4086 5019/4264/4208 4861/4259/4203
f 4871/4142/4086 4873/4141/4085 4872/4265/4209
f 4871/4142/4086 4872/4265/4209 5019/4264/4208
f 4873/4141/4085 4874/4140/4084 4872/4265/4209
f 4872/4265/4209 5024/4266/4210 5019/4264/4208
f 4874/4140/4084 4856/4267/4211 4872/4265/4209
f 4856/4267/4211 5024/4266/4210 4872/4265/4209
f 4874/4140/4084 4853/4139/4083 4856/4267/4211
f 5024/4266/4210 4856/4267/4211 4857/4268/4212
f 4853/4139/4083 4854/4269/4213 4856/4267/4211
f 4854/4269/4213 4857/4268/4212 4856/4267/4211
f 4853/4139/4083 4852/4138/4082 4854/4269/4213
f 4857/4268/4212 4854/4269/4213 4866/4270/4214
f 4852/4138/4082 4849/4271/4215 4854/4269/4213
f 4849/4271/4215 4866/4270/4214 4854/4269/4213
f 4852/4138/4082 4847/4113/4057 4849/4271/4215
f 4849/4271/4215 4847/4113/4057 4418/4091/4035
f 4849/4271/4215 4418/4091/4035 4865/4272/4216
f 4866/4270/4214 4849/4271/4215 4865/4272/4216
f 4418/4091/4035 4413/4090/4034 4865/4272/4216
f 4865/4272/4216 4867/4273/4217 4866/4270/4214
f 4413/4090/4034 4875/4274/4218 4865/4272/4216
f 4867/4273/4217 4865/4272/4216 4875/4274/4218
f 4413/4090/4034 4412/4275/4219 4875/4274/4218
f 4412/4275/4219 4413/4090/4034 4411/4082/4026
f 4875/4274/4218 4876/4276/4220 4867/4273/4217
f 4867/4273/4217 4857/4268/4212 4866/4270/4214
f 4876/4276/4220 5022/4277/4221 4867/4273/4217
f 4857/4268/4212 4867/4273/4217 5022/4277/4221
f 5022/4277/4221 5024/4266/4210 4857/4268/4212
f 5023/4278/4222 5024/4266/4210 5022/4277/4221
f 5022/4277/4221 5025/4279/4205 5023/4278/4222
f 4876/4276/4220 5025/4279/4205 5022/4277/4221
f 5023/4278/4222 5026/4280/4223 5024/4266/4210
f 5021/4281/4224 5024/4266/4210 5026/4280/4223
f 5019/4264/4208 5024/4266/4210 5021/4281/4224
f 5019/4264/4208 5021/4281/4224 5020/4262/4206
f 5020/4262/4206 5021/4281/4224 5027/4282/4223
f 5030/4263/4207 5020/4262/4206 5027/4282/4223
f 5030/4263/4207 5027/4282/4223 5028/4261/4205
f 5027/4282/4223 5029/4283/4222 5028/4261/4205
f 4331/4284/4225 4333/4285/4226 4332/3659/3606
f 4333/4285/4226 4342/3660/3607 4332/3659/3606
f 4528/4286/4227 4342/3660/3607 4333/4285/4226
f 4531/4287/4228 4342/3660/3607 4528/4286/4227
f 4342/3660/3607 4531/4287/4228 4344/3661/3608
f 4528/4286/4227 4530/4288/4229 4529/4289/4230
f 4531/4287/4228 4528/4286/4227 4529/4289/4230
f 4531/4287/4228 4529/4289/4230 4532/4290/4231
f 4533/4291/4232 4531/4287/4228 4532/4290/4231
f 4531/4287/4228 4533/4291/4232 4344/3661/3608
f 4533/4291/4232 4349/3663/3610 4344/3661/3608
f 4533/4291/4232 4532/4290/4231 4349/3663/3610
f 4532/4290/4231 4534/4292/4233 4349/3663/3610
f 4534/4292/4233 4642/4293/4234 4349/3663/3610
f 4642/4293/4234 4343/3664/3611 4349/3663/3610
f 4646/4294/4235 4343/3664/3611 4642/4293/4234
f 4656/4295/4236 4646/4294/4235 4642/4293/4234
f 4646/4294/4235 4615/4296/4237 4343/3664/3611
f 4645/4297/4238 4615/4296/4237 4646/4294/4235
f 4615/4296/4237 4341/3665/3612 4343/3664/3611
f 4341/3665/3612 4615/4296/4237 4614/3803/3750
f 4614/3803/3750 4615/4296/4237 4645/4297/4238
f 4651/4298/4239 4614/3803/3750 4645/4297/4238
f 4661/3804/3751 4614/3803/3750 4651/4298/4239
f 4660/4299/4240 4661/3804/3751 4651/4298/4239
f 4661/3804/3751 4660/4299/4240 4756/3805/3752
f 4660/4299/4240 4755/4300/4241 4756/3805/3752
f 4755/4300/4241 4757/4301/4242 4756/3805/3752
f 4757/4301/4242 4760/3806/3753 4756/3805/3752
f 4759/3807/3754 4760/3806/3753 4757/4301/4242
f 4778/4302/4243 4759/3807/3754 4757/4301/4242
f 4795/3829/3776 4759/3807/3754 4778/4302/4243
f 4794/4303/4244 4795/3829/3776 4778/4302/4243
f 4795/3829/3776 4794/4303/4244 4972/4304/4245
f 4957/3830/3777 4795/3829/3776 4972/4304/4245
f 4959/4305/4246 4957/3830/3777 4972/4304/4245
f 4957/3830/3777 4959/4305/4246 4958/3832/3779
f 4958/3832/3779 4959/4305/4246 4974/4306/4247
f 4970/4307/4248 4958/3832/3779 4974/4306/4247
f 4974/4306/4247 4973/4308/4249 4970/4307/4248
f 4958/3832/3779 4970/4307/4248 4965/3833/3780
f 4970/4307/4248 4968/3834/3781 4965/3833/3780
f 4970/4307/4248 4967/4309/4250 4968/3834/3781
f 4973/4308/4249 4967/4309/4250 4970/4307/4248
f 4973/4308/4249 5047/4310/3785 4967/4309/4250
f 4967/4309/4250 5047/4310/3785 5046/3837/3784
f 4969/4311/4251 4967/4309/4250 5046/3837/3784
f 4967/4309/4250 4969/4311/4251 4968/3834/3781
f 4968/3834/3781 4969/4311/4251 4971/3835/3782
f 4969/4311/4251 5046/3837/3784 4971/3835/3782
f 4447/4312/4252 4448/4313/4253 4439/4314/4254
f 4437/4315/4255 4447/4312/4252 4439/4314/4254
f 4439/4314/4254 4438/4316/4256 4437/4315/4255
f 4437/4315/4255 4435/4317/4257 4447/4312/4252
f 4435/4317/4257 4442/4318/4258 4447/4312/4252
f 4442/4318/4258 4435/4317/4257 4441/4319/4259
f 4435/4317/4257 4440/4320/4260 4441/4319/4259
f 4440/4320/4260 4433/4321/4261 4441/4319/4259
f 4433/4321/4261 4440/4320/4260 4432/4322/4262
f 4432/4322/4262 4431/4323/4263 4433/4321/4261
f 4440/4320/4260 4425/4324/4264 4432/4322/4262
f 4431/4323/4263 4432/4322/4262 4423/4325/4265
f 4425/4324/4264 4423/4325/4265 4432/4322/4262
f 4423/4325/4265 4430/4326/4266 4431/4323/4263
f 4451/4327/4267 4430/4326/4266 4423/4325/4265
f 4426/4328/4268 4451/4327/4267 4423/4325/4265
f 4457/4329/4269 4451/4327/4267 4426/4328/4268
f 4427/4330/4254 4457/4329/4269 4426/4328/4268
f 4426/4328/4268 4424/4331/4270 4427/4330/4254
f 4426/4328/4268 4423/4325/4265 4424/4331/4270
f 4423/4325/4265 4425/4324/4264 4424/4331/4270
f 4429/4332/4271 4424/4331/4270 4425/4324/4264
f 4429/4332/4271 4425/4324/4264 4436/4333/4272
f 4440/4320/4260 4436/4333/4272 4425/4324/4264
f 4436/4333/4272 4440/4320/4260 4435/4317/4257
f 4434/4334/4273 4436/4333/4272 4435/4317/4257
f 4437/4315/4255 4434/4334/4273 4435/4317/4257
f 4438/4316/4256 4434/4334/4273 4437/4315/4255
f 4429/4332/4271 4434/4334/4273 4438/4316/4256
f 4429/4332/4271 4436/4333/4272 4434/4334/4273
f 4429/4332/4271 4428/4335/4256 4424/4331/4270
f 4424/4331/4270 4428/4335/4256 4427/4330/4254
f 4547/3955/3900 4548/3937/3882 4492/4336/4274
f 4548/3937/3882 4483/3936/3881 4492/4336/4274
f 4492/4336/4274 4483/3936/3881 4493/4337/4275
f 4483/3936/3881 4511/4338/4276 4493/4337/4275
f 4505/3934/3879 4511/4338/4276 4483/3936/3881
f 4506/4339/4277 4511/4338/4276 4505/3934/3879
f 4504/3933/3878 4506/4339/4277 4505/3934/3879
f 4504/3933/3878 4500/4340/4278 4506/4339/4277
f 4484/3924/3869 4500/4340/4278 4504/3933/3878
f 4500/4340/4278 4484/3924/3869 4345/4341/4279
f 4500/4340/4278 4345/4341/4279 4497/4342/4280
f 4497/4342/4280 4501/4343/4281 4500/4340/4278
f 4501/4343/4281 4506/4339/4277 4500/4340/4278
f 4497/4342/4280 4512/4344/4282 4501/4343/4281
f 4345/4341/4279 4498/4345/4283 4497/4342/4280
f 4498/4345/4283 4512/4344/4282 4497/4342/4280
f 4345/4341/4279 4346/4346/4284 4498/4345/4283
f 4512/4344/4282 4498/4345/4283 4503/4347/4285
f 4503/4347/4285 4498/4345/4283 4346/4346/4284
f 4503/4347/4285 4514/4348/4286 4512/4344/4282
f 4512/4344/4282 4538/4349/4287 4501/4343/4281
f 4538/4349/4287 4512/4344/4282 4514/4348/4286
f 4538/4349/4287 4555/4350/4288 4501/4343/4281
f 4506/4339/4277 4501/4343/4281 4516/4351/4289
f 4555/4350/4288 4519/4352/4290 4501/4343/4281
f 4501/4343/4281 4519/4352/4290 4516/4351/4289
f 4516/4351/4289 4517/4353/4291 4506/4339/4277
f 4519/4352/4290 4520/4354/4292 4516/4351/4289
f 4520/4354/4292 4517/4353/4291 4516/4351/4289
f 4521/4355/4293 4517/4353/4291 4520/4354/4292
f 4517/4353/4291 4521/4355/4293 4518/4356/4294
f 4517/4353/4291 4518/4356/4294 4506/4339/4277
f 4521/4355/4293 4522/4357/4295 4518/4356/4294
f 4522/4357/4295 4521/4355/4293 4536/4358/4296
f 4521/4355/4293 4537/4359/4297 4536/4358/4296
f 4520/4354/4292 4535/4360/4298 4521/4355/4293
f 4521/4355/4293 4535/4360/4298 4537/4359/4297
f 4535/4360/4298 4675/4361/4299 4537/4359/4297
f 4535/4360/4298 4678/4362/4300 4675/4361/4299
f 4678/4362/4300 4834/4363/4301 4675/4361/4299
f 4535/4360/4298 4550/4364/4302 4678/4362/4300
f 4550/4364/4302 4535/4360/4298 4520/4354/4292
f 4550/4364/4302 4520/4354/4292 4519/4352/4290
f 4552/4365/4303 4550/4364/4302 4519/4352/4290
f 4555/4350/4288 4552/4365/4303 4519/4352/4290
f 4550/4364/4302 4552/4365/4303 4551/4366/4304
f 4551/4366/4304 4678/4362/4300 4550/4364/4302
f 4551/4366/4304 4805/4367/4305 4678/4362/4300
f 4678/4362/4300 4815/4368/4306 4834/4363/4301
f 4805/4367/4305 4815/4368/4306 4678/4362/4300
f 4815/4368/4306 4831/4369/4307 4834/4363/4301
f 4831/4369/4307 4815/4368/4306 4830/4370/4308
f 4829/4371/4309 4831/4369/4307 4830/4370/4308
f 4815/4368/4306 4817/4372/4310 4830/4370/4308
f 4815/4368/4306 4805/4367/4305 4817/4372/4310
f 4801/4373/4311 4805/4367/4305 4551/4366/4304
f 4817/4372/4310 4805/4367/4305 4801/4373/4311
f 4551/4366/4304 4554/4374/4312 4801/4373/4311
f 4552/4365/4303 4554/4374/4312 4551/4366/4304
f 4553/4375/4313 4554/4374/4312 4552/4365/4303
f 4555/4350/4288 4553/4375/4313 4552/4365/4303
f 4553/4375/4313 4813/4376/4314 4554/4374/4312
f 4813/4376/4314 4801/4373/4311 4554/4374/4312
f 4553/4375/4313 4556/4377/4315 4813/4376/4314
f 4553/4375/4313 4555/4350/4288 4556/4377/4315
f 4555/4350/4288 4538/4349/4287 4556/4377/4315
f 4527/4378/4316 4538/4349/4287 4514/4348/4286
f 4556/4377/4315 4538/4349/4287 4527/4378/4316
f 4677/4379/4317 4556/4377/4315 4527/4378/4316
f 4814/4380/4318 4556/4377/4315 4677/4379/4317
f 4556/4377/4315 4814/4380/4318 4813/4376/4314
f 4813/4376/4314 4814/4380/4318 4812/4381/4319
f 4801/4373/4311 4813/4376/4314 4812/4381/4319
f 4819/4382/4320 4801/4373/4311 4812/4381/4319
f 4816/4383/4321 4801/4373/4311 4819/4382/4320
f 4816/4383/4321 4817/4372/4310 4801/4373/4311
f 4844/4384/4322 4817/4372/4310 4816/4383/4321
f 4817/4372/4310 4844/4384/4322 4830/4370/4308
f 4829/4371/4309 4830/4370/4308 4840/4385/4323
f 4844/4384/4322 4840/4385/4323 4830/4370/4308
f 4840/4385/4323 4846/4386/4324 4829/4371/4309
f 4840/4385/4323 4981/4387/4325 4846/4386/4324
f 4981/4387/4325 5018/4388/4326 4846/4386/4324
f 4840/4385/4323 4982/4389/4327 4981/4387/4325
f 4840/4385/4323 4844/4384/4322 4982/4389/4327
f 4981/4387/4325 4982/4389/4327 4985/4390/4328
f 4981/4387/4325 4985/4390/4328 5018/4388/4326
f 4985/4390/4328 5015/4391/4329 5018/4388/4326
f 4985/4390/4328 5010/4392/4330 5015/4391/4329
f 5010/4392/4330 5016/4393/4331 5015/4391/4329
f 5010/4392/4330 5052/4394/4332 5016/4393/4331
f 5052/4394/4332 5059/4395/4333 5016/4393/4331
f 5059/4395/4333 5052/4394/4332 5058/4396/4334
f 5052/4394/4332 5053/4397/4335 5058/4396/4334
f 5050/4398/4336 5053/4397/4335 5052/4394/4332
f 5050/4398/4336 5052/4394/4332 5010/4392/4330
f 4980/4399/4337 5050/4398/4336 5010/4392/4330
f 5010/4392/4330 4985/4390/4328 4980/4399/4337
f 4982/4389/4327 4986/4400/4338 4985/4390/4328
f 4985/4390/4328 4986/4400/4338 4980/4399/4337
f 4982/4389/4327 4844/4384/4322 4996/4401/4339
f 4986/4400/4338 4982/4389/4327 4996/4401/4339
f 4844/4384/4322 4839/4402/4340 4996/4401/4339
f 4839/4402/4340 4844/4384/4322 4816/4383/4321
f 4839/4402/4340 4816/4383/4321 4818/4403/4341
f 4818/4403/4341 4816/4383/4321 4819/4382/4320
f 4812/4381/4319 4799/4404/4342 4819/4382/4320
f 4818/4403/4341 4819/4382/4320 4799/4404/4342
f 4812/4381/4319 4798/4405/4343 4799/4404/4342
f 4814/4380/4318 4798/4405/4343 4812/4381/4319
f 4798/4405/4343 4814/4380/4318 4824/4406/4344
f 4824/4406/4344 4814/4380/4318 4677/4379/4317
f 4824/4406/4344 4811/4407/4345 4798/4405/4343
f 4797/4408/4346 4799/4404/4342 4798/4405/4343
f 4811/4407/4345 4797/4408/4346 4798/4405/4343
f 4797/4408/4346 4811/4407/4345 4832/4409/4347
f 4832/4409/4347 4811/4407/4345 4824/4406/4344
f 4823/4410/4348 4832/4409/4347 4824/4406/4344
f 4823/4410/4348 4824/4406/4344 4677/4379/4317
f 4672/4411/4349 4823/4410/4348 4677/4379/4317
f 4672/4411/4349 4677/4379/4317 4527/4378/4316
f 4515/4412/4350 4672/4411/4349 4527/4378/4316
f 4515/4412/4350 4527/4378/4316 4514/4348/4286
f 4513/4413/4351 4515/4412/4350 4514/4348/4286
f 4513/4413/4351 4514/4348/4286 4503/4347/4285
f 4502/4414/4352 4513/4413/4351 4503/4347/4285
f 4502/4414/4352 4503/4347/4285 4346/4346/4284
f 4502/4414/4352 4654/4415/4353 4513/4413/4351
f 4515/4412/4350 4513/4413/4351 4643/4416/4354
f 4643/4416/4354 4513/4413/4351 4654/4415/4353
f 4643/4416/4354 4670/4417/4355 4515/4412/4350
f 4672/4411/4349 4515/4412/4350 4670/4417/4355
f 4673/4418/4356 4672/4411/4349 4670/4417/4355
f 4673/4418/4356 4825/4419/4357 4672/4411/4349
f 4825/4419/4357 4823/4410/4348 4672/4411/4349
f 4825/4419/4357 4833/4420/4358 4823/4410/4348
f 4833/4420/4358 4832/4409/4347 4823/4410/4348
f 4804/4421/4359 4832/4409/4347 4833/4420/4358
f 4804/4421/4359 4797/4408/4346 4832/4409/4347
f 4826/4422/4360 4797/4408/4346 4804/4421/4359
f 4797/4408/4346 4826/4422/4360 4799/4404/4342
f 4826/4422/4360 4827/4423/4361 4799/4404/4342
f 4827/4423/4361 4818/4403/4341 4799/4404/4342
f 4826/4422/4360 4836/4424/4362 4827/4423/4361
f 4818/4403/4341 4827/4423/4361 4838/4425/4363
f 4827/4423/4361 4836/4424/4362 4838/4425/4363
f 4838/4425/4363 4839/4402/4340 4818/4403/4341
f 4836/4424/4362 4979/4426/4364 4838/4425/4363
f 4838/4425/4363 4979/4426/4364 4839/4402/4340
f 4979/4426/4364 4996/4401/4339 4839/4402/4340
f 4836/4424/4362 4978/4427/4365 4979/4426/4364
f 4979/4426/4364 4995/4428/4366 4996/4401/4339
f 4995/4428/4366 4979/4426/4364 4978/4427/4365
f 4995/4428/4366 4984/4429/4367 4996/4401/4339
f 4986/4400/4338 4996/4401/4339 4984/4429/4367
f 4975/4430/4368 4986/4400/4338 4984/4429/4367
f 4975/4430/4368 4980/4399/4337 4986/4400/4338
f 4984/4429/4367 4977/4431/4369 4975/4430/4368
f 4980/4399/4337 4975/4430/4368 4976/4432/4370
f 4975/4430/4368 4977/4431/4369 4976/4432/4370
f 4980/4399/4337 4976/4432/4370 5050/4398/4336
f 5049/4433/4371 5050/4398/4336 4976/4432/4370
f 5050/4398/4336 5049/4433/4371 5053/4397/4335
f 5053/4397/4335 5049/4433/4371 5055/4434/4334
f 5055/4434/4334 5049/4433/4371 5051/4435/4372
f 5048/4436/4373 5049/4433/4371 5000/4437/4374
f 5051/4435/4372 5049/4433/4371 5048/4436/4373
f 5049/4433/4371 4992/4438/4375 5000/4437/4374
f 4992/4438/4375 5049/4433/4371 4976/4432/4370
f 4992/4438/4375 4976/4432/4370 4977/4431/4369
f 4991/4439/4376 4992/4438/4375 4977/4431/4369
f 4991/4439/4376 4977/4431/4369 4983/4440/4377
f 4983/4440/4377 4977/4431/4369 4984/4429/4367
f 4983/4440/4377 4984/4429/4367 4995/4428/4366
f 4994/4441/4378 4983/4440/4377 4995/4428/4366
f 4994/4441/4378 4995/4428/4366 4978/4427/4365
f 4994/4441/4378 4988/4442/4379 4983/4440/4377
f 4988/4442/4379 4991/4439/4376 4983/4440/4377
f 4988/4442/4379 4990/4443/4380 4991/4439/4376
f 4991/4439/4376 5001/4444/4381 4992/4438/4375
f 4990/4443/4380 5001/4444/4381 4991/4439/4376
f 5001/4444/4381 5000/4437/4374 4992/4438/4375
f 5000/4437/4374 5001/4444/4381 4999/4445/4382
f 4998/4446/4383 5000/4437/4374 4999/4445/4382
f 5000/4437/4374 4998/4446/4383 5048/4436/4373
f 5048/4436/4373 5054/4447/4384 5051/4435/4372
f 4998/4446/4383 5009/4448/4385 5048/4436/4373
f 5009/4448/4385 5054/4447/4384 5048/4436/4373
f 4998/4446/4383 5006/4449/4386 5009/4448/4385
f 4999/4445/4382 5007/4450/4387 4998/4446/4383
f 4998/4446/4383 5007/4450/4387 5006/4449/4386
f 4999/4445/4382 5001/4444/4381 5008/4451/4388
f 4999/4445/4382 5008/4451/4388 5007/4450/4387
f 5001/4444/4381 4990/4443/4380 5008/4451/4388
f 5011/4452/4389 5008/4451/4388 4990/4443/4380
f 4989/4453/4390 5011/4452/4389 4990/4443/4380
f 4989/4453/4390 4990/4443/4380 4988/4442/4379
f 4987/4454/4391 4989/4453/4390 4988/4442/4379
f 4987/4454/4391 4988/4442/4379 4994/4441/4378
f 4987/4454/4391 4994/4441/4378 4993/4455/4392
f 4987/4454/4391 4993/4455/4392 4989/4453/4390
f 4994/4441/4378 4978/4427/4365 4993/4455/4392
f 4993/4455/4392 5002/4456/4393 4989/4453/4390
f 4989/4453/4390 5002/4456/4393 5011/4452/4389
f 4993/4455/4392 4978/4427/4365 4997/4457/4394
f 5002/4456/4393 4993/4455/4392 4997/4457/4394
f 4978/4427/4365 4836/4424/4362 4997/4457/4394
f 4997/4457/4394 4836/4424/4362 4826/4422/4360
f 4843/4458/4395 4997/4457/4394 4826/4422/4360
f 4843/4458/4395 5002/4456/4393 4997/4457/4394
f 5002/4456/4393 4843/4458/4395 5003/4459/4396
f 5002/4456/4393 5003/4459/4396 5011/4452/4389
f 5011/4452/4389 5003/4459/4396 5017/4460/4397
f 5008/4451/4388 5011/4452/4389 5017/4460/4397
f 5008/4451/4388 5017/4460/4397 5007/4450/4387
f 5006/4449/4386 5007/4450/4387 5005/4461/4398
f 5007/4450/4387 5017/4460/4397 5005/4461/4398
f 5017/4460/4397 4841/4462/4399 4835/4463/4400
f 5005/4461/4398 5017/4460/4397 4835/4463/4400
f 5017/4460/4397 5003/4459/4396 4841/4462/4399
f 4843/4458/4395 4842/4464/4401 5003/4459/4396
f 5003/4459/4396 4842/4464/4401 4841/4462/4399
f 4843/4458/4395 4802/4465/4402 4842/4464/4401
f 4802/4465/4402 4843/4458/4395 4826/4422/4360
f 4802/4465/4402 4826/4422/4360 4804/4421/4359
f 4802/4465/4402 4804/4421/4359 4803/4466/4403
f 4803/4466/4403 4842/4464/4401 4802/4465/4402
f 4841/4462/4399 4842/4464/4401 4803/4466/4403
f 4808/4467/4404 4841/4462/4399 4803/4466/4403
f 4835/4463/4400 4841/4462/4399 4808/4467/4404
f 4803/4466/4403 4807/4468/4405 4808/4467/4404
f 4804/4421/4359 4807/4468/4405 4803/4466/4403
f 4807/4468/4405 4804/4421/4359 4833/4420/4358
f 4807/4468/4405 4833/4420/4358 4806/4469/4406
f 4806/4469/4406 4808/4467/4404 4807/4468/4405
f 4833/4420/4358 4825/4419/4357 4806/4469/4406
f 4806/4469/4406 4809/4470/4407 4808/4467/4404
f 4809/4470/4407 4835/4463/4400 4808/4467/4404
f 4809/4470/4407 4821/4471/4408 4835/4463/4400
f 4821/4471/4408 4837/4472/4409 4835/4463/4400
f 5005/4461/4398 4835/4463/4400 4837/4472/4409
f 5004/4473/4410 5005/4461/4398 4837/4472/4409
f 5004/4473/4410 5006/4449/4386 5005/4461/4398
f 4837/4472/4409 5012/4474/4411 5004/4473/4410
f 5004/4473/4410 5012/4474/4411 5006/4449/4386
f 5006/4449/4386 5013/4475/4412 5009/4448/4385
f 5012/4474/4411 5013/4475/4412 5006/4449/4386
f 5013/4475/4412 5014/4476/4413 5009/4448/4385
f 5009/4448/4385 5014/4476/4413 5054/4447/4384
f 5014/4476/4413 5057/4477/4333 5054/4447/4384
f 5057/4477/4333 5056/4478/4334 5054/4447/4384
f 5056/4478/4334 5051/4435/4372 5054/4447/4384
f 4845/4479/4414 5012/4474/4411 4837/4472/4409
f 4828/4480/4415 4845/4479/4414 4837/4472/4409
f 4821/4471/4408 4828/4480/4415 4837/4472/4409
f 4822/4481/4416 4828/4480/4415 4821/4471/4408
f 4820/4482/4417 4822/4481/4416 4821/4471/4408
f 4821/4471/4408 4809/4470/4407 4820/4482/4417
f 4810/4483/4418 4809/4470/4407 4806/4469/4406
f 4809/4470/4407 4810/4483/4418 4820/4482/4417
f 4822/4481/4416 4820/4482/4417 4681/4484/4419
f 4681/4484/4419 4820/4482/4417 4810/4483/4418
f 4681/4484/4419 4800/4485/4420 4822/4481/4416
f 4800/4485/4420 4681/4484/4419 4676/4486/4421
f 4676/4486/4421 4644/4487/4422 4523/4488/4423
f 4681/4484/4419 4644/4487/4422 4676/4486/4421
f 4671/4489/4424 4644/4487/4422 4681/4484/4419
f 4680/4490/4425 4671/4489/4424 4681/4484/4419
f 4680/4490/4425 4681/4484/4419 4810/4483/4418
f 4810/4483/4418 4806/4469/4406 4680/4490/4425
f 4806/4469/4406 4825/4419/4357 4679/4491/4426
f 4806/4469/4406 4679/4491/4426 4680/4490/4425
f 4825/4419/4357 4673/4418/4356 4679/4491/4426
f 4680/4490/4425 4679/4491/4426 4668/4492/4427
f 4679/4491/4426 4673/4418/4356 4668/4492/4427
f 4668/4492/4427 4671/4489/4424 4680/4490/4425
f 4673/4418/4356 4670/4417/4355 4668/4492/4427
f 4671/4489/4424 4668/4492/4427 4669/4493/4428
f 4668/4492/4427 4670/4417/4355 4669/4493/4428
f 4669/4493/4428 4638/4494/4429 4671/4489/4424
f 4644/4487/4422 4671/4489/4424 4638/4494/4429
f 4525/4495/4430 4644/4487/4422 4638/4494/4429
f 4644/4487/4422 4525/4495/4430 4523/4488/4423
f 4523/4488/4423 4525/4495/4430 4524/4496/4431
f 4525/4495/4430 4526/4497/4432 4524/4496/4431
f 4526/4497/4432 4525/4495/4430 4639/4498/4433
f 4525/4495/4430 4638/4494/4429 4637/4499/4434
f 4525/4495/4430 4637/4499/4434 4639/4498/4433
f 4639/4498/4433 4637/4499/4434 4652/3737/3684
f 4637/4499/4434 4638/4494/4429 4640/4500/4435
f 4637/4499/4434 4640/4500/4435 4652/3737/3684
f 4638/4494/4429 4669/4493/4428 4640/4500/4435
f 4670/4417/4355 4643/4416/4354 4669/4493/4428
f 4669/4493/4428 4643/4416/4354 4640/4500/4435
f 4643/4416/4354 4652/3737/3684 4640/4500/4435
f 4652/3737/3684 4643/4416/4354 4641/3734/3681
f 4643/4416/4354 4654/4415/4353 4641/3734/3681
f 4510/4501/4436 4641/3734/3681 4654/4415/4353
f 4502/4414/4352 4510/4501/4436 4654/4415/4353
f 4641/3734/3681 4510/4501/4436 4620/3733/3680
f 4510/4501/4436 4237/4502/4437 4620/3733/3680
f 4620/3733/3680 4237/4502/4437 4596/3732/3679
f 4510/4501/4436 4346/4346/4284 4239/4503/4438
f 4510/4501/4436 4239/4503/4438 4237/4502/4437
f 4510/4501/4436 4502/4414/4352 4346/4346/4284
f 4346/4346/4284 4348/4504/4439 4239/4503/4438
f 4345/4341/4279 4347/4505/4440 4346/4346/4284
f 4347/4505/4440 4348/4504/4439 4346/4346/4284
f 4345/4341/4279 4271/4506/4441 4347/4505/4440
f 4484/3924/3869 4271/4506/4441 4345/4341/4279
f 4271/4506/4441 4484/3924/3869 4450/4507/4442
f 4450/4507/4442 4484/3924/3869 4454/3921/3866
f 4450/4507/4442 4242/4219/4163 4271/4506/4441
f 4271/4506/4441 4242/4219/4163 4241/4508/4443
f 4347/4505/4440 4271/4506/4441 4241/4508/4443
f 4393/4509/4444 4347/4505/4440 4241/4508/4443
f 4348/4504/4439 4347/4505/4440 4393/4509/4444
f 4394/4510/4445 4348/4504/4439 4393/4509/4444
f 4394/4510/4445 4260/4511/3807 4348/4504/4439
f 4260/4511/3807 4239/4503/4438 4348/4504/4439
f 4238/4512/4446 4239/4503/4438 4260/4511/3807
f 4237/4502/4437 4239/4503/4438 4238/4512/4446
f 4222/4513/4447 4237/4502/4437 4238/4512/4446
f 4237/4502/4437 4222/4513/4447 4596/3732/3679
f 4222/4513/4447 4223/4514/4448 4596/3732/3679
f 4596/3732/3679 4223/4514/4448 4567/3731/3678
f 4223/4514/4448 4262/4515/4449 4567/3731/3678
f 4223/4514/4448 4218/4516/4450 4262/4515/4449
f 4218/4516/4450 4263/4517/4451 4262/4515/4449
f 4223/4514/4448 4216/4518/4452 4218/4516/4450
f 4222/4513/4447 4216/4518/4452 4223/4514/4448
f 4238/4512/4446 4235/4226/4170 4222/4513/4447
f 4235/4226/4170 4216/4518/4452 4222/4513/4447
f 4238/4512/4446 4250/4519/4453 4235/4226/4170
f 4260/4511/3807 4259/4520/3806 4238/4512/4446
f 4259/4520/3806 4250/4519/4453 4238/4512/4446
f 4259/4520/3806 4249/4521/4454 4250/4519/4453
f 4249/4521/4454 4251/4522/3802 4250/4519/4453
f 4251/4522/3802 4252/4523/4455 4250/4519/4453
f 4252/4523/4455 4228/4221/4165 4250/4519/4453
f 4228/4221/4165 4235/4226/4170 4250/4519/4453
f 4215/3705/3652 4216/4518/4452 4235/4226/4170
f 4215/3705/3652 4217/3706/3653 4216/4518/4452
f 4217/3706/3653 4218/4516/4450 4216/4518/4452
f 4261/3708/3655 4218/4516/4450 4217/3706/3653
f 4218/4516/4450 4261/3708/3655 4263/4517/4451
f 4261/3708/3655 4562/4524/4456 4263/4517/4451
f 4561/3709/3656 4562/4524/4456 4261/3708/3655
f 4252/4523/4455 4251/4522/3802 4253/4525/4457
f 4252/4523/4455 4253/4525/4457 4228/4221/4165
f 4251/4522/3802 4254/4526/4458 4253/4525/4457
f 4253/4525/4457 4234/4220/4164 4228/4221/4165
f 4254/4526/4458 4392/4527/4459 4253/4525/4457
f 4253/4525/4457 4241/4508/4443 4234/4220/4164
f 4392/4527/4459 4241/4508/4443 4253/4525/4457
f 4241/4508/4443 4242/4219/4163 4234/4220/4164
f 4392/4527/4459 4393/4509/4444 4241/4508/4443
f 4242/4219/4163 4450/4507/4442 4240/4218/4162
f 4240/4218/4162 4450/4507/4442 4449/4528/4263
f 4450/4507/4442 4454/3921/3866 4449/4528/4263
f 4449/4528/4263 4422/4529/4266 4240/4218/4162
f 4240/4218/4162 4422/4529/4266 4169/4217/4161
f 4422/4529/4266 4444/4530/4267 4169/4217/4161
f 4444/4530/4267 4456/4531/4269 4169/4217/4161
f 4169/4217/4161 4171/4532/4460 4170/4205/4149
f 4456/4531/4269 4171/4532/4460 4169/4217/4161
f 4171/4532/4460 4456/4531/4269 4445/4533/4252
f 4174/4534/4461 4171/4532/4460 4445/4533/4252
f 4170/4205/4149 4171/4532/4460 4174/4534/4461
f 4164/4204/4148 4170/4205/4149 4174/4534/4461
f 4161/3919/3864 4164/4204/4148 4174/4534/4461
f 4446/4535/4462 4161/3919/3864 4174/4534/4461
f 4445/4533/4252 4446/4535/4462 4174/4534/4461
f 4161/3919/3864 4446/4535/4462 4452/3920/3865
f 4453/4536/4261 4454/3921/3866 4452/3920/3865
f 4454/3921/3866 4453/4536/4261 4449/4528/4263
f 4587/4537/4451 4589/4538/4456 4588/4539/4463
f 4586/4540/4464 4587/4537/4451 4588/4539/4463
f 4586/4540/4464 4588/4539/4463 4582/4541/4465
f 4586/4540/4464 4565/4542/4449 4587/4537/4451
f 4566/4543/4466 4565/4542/4449 4586/4540/4464
f 4574/4544/4467 4566/4543/4466 4586/4540/4464
f 4574/4544/4467 4586/4540/4464 4582/4541/4465
f 4582/4541/4465 4573/4545/4468 4574/4544/4467
f 4573/4545/4468 4575/4546/4469 4574/4544/4467
f 4574/4544/4467 4575/4546/4469 4566/4543/4466
f 4573/4545/4468 4583/4547/4470 4575/4546/4469
f 4575/4546/4469 4568/4548/4471 4566/4543/4466
f 4583/4547/4470 4568/4548/4471 4575/4546/4469
f 4566/4543/4466 4564/4549/4472 4565/4542/4449
f 4568/4548/4471 4564/4549/4472 4566/4543/4466
f 4564/4549/4472 4563/4550/3678 4565/4542/4449
f 4564/4549/4472 4578/4551/4473 4563/4550/3678
f 4578/4551/4473 4564/4549/4472 4570/4552/4474
f 4570/4552/4474 4576/4553/4475 4578/4551/4473
f 4564/4549/4472 4569/4554/4476 4570/4552/4474
f 4564/4549/4472 4568/4548/4471 4569/4554/4476
f 4583/4547/4470 4569/4554/4476 4568/4548/4471
f 4583/4547/4470 4580/4555/4477 4572/4556/4478
f 4583/4547/4470 4572/4556/4478 4569/4554/4476
f 4580/4555/4477 4579/4557/4465 4572/4556/4478
f 4572/4556/4478 4571/4558/4479 4569/4554/4476
f 4569/4554/4476 4571/4558/4479 4570/4552/4474
f 4576/4553/4475 4570/4552/4474 4571/4558/4479
f 4577/4559/3676 4576/4553/4475 4571/4558/4479
f 4585/4560/4480 4577/4559/3676 4571/4558/4479
f 4577/4559/3676 4585/4560/4480 4584/4561/4481
f 4590/4562/4456 4584/4561/4481 4585/4560/4480
f 4591/4563/4463 4590/4562/4456 4585/4560/4480
f 4585/4560/4480 4581/4564/4482 4591/4563/4463
f 4581/4564/4482 4585/4560/4480 4571/4558/4479
f 4581/4564/4482 4571/4558/4479 4572/4556/4478
f 4581/4564/4482 4572/4556/4478 4579/4557/4465
f 4581/4564/4482 4579/4557/4465 4591/4563/4463
