# Blender 5.2.1 LTS
# www.blender.org
mtllib fulllhand.mtl
o lhand
v 4.605333 -0.267992 -5.987001
v 5.491545 0.095605 -5.664673
v 0.865348 6.628572 -2.193443
v 6.063668 0.532180 -5.045694
v 6.602213 0.863265 -4.466191
v 7.651944 0.904857 -3.295729
v 8.289438 0.702868 -2.343494
v 8.681295 0.537290 -1.767099
v 8.068937 0.897236 -0.849199
v 7.446728 0.701882 0.562230
v 6.782346 0.648658 1.516168
v 6.084517 0.296070 2.229623
v 5.615109 -0.142064 2.807467
v 3.813885 -0.609337 2.953858
v 2.268739 -0.973616 2.964906
v 0.588153 -1.271950 2.763186
v -1.245309 -1.601107 2.282264
v -2.569664 -1.783361 1.544067
v -3.428339 -1.835369 0.598722
v -3.922100 -1.786061 -0.406483
v -3.975094 -1.682952 -1.518945
v -3.354043 -1.655700 -2.844121
v -2.924368 -1.501799 -3.563688
v -2.289931 -1.303964 -4.467825
v -1.148813 -1.156329 -5.554376
v -0.409369 -1.185702 -5.945259
v 0.409863 -1.253002 -6.357795
v 1.607103 -1.063695 -6.423446
v 3.191379 -0.687192 -6.404498
v 2.268739 -0.973616 2.964906
v 7.531308 -2.435006 -4.357718
v 7.107523 -3.053626 -4.892794
v 9.041889 -2.410459 -3.340753
v 9.942301 -2.866570 -2.267701
v 10.004148 -2.544401 -0.199637
v 10.449736 -3.341863 -1.494393
v -3.046033 -5.264683 -3.443563
v -2.228679 -4.501636 -4.420923
v -0.801524 -4.095864 -5.470085
v 0.141445 -4.576806 -5.863793
v -3.603676 -6.059355 -2.548153
v -3.988934 -5.298839 -1.531761
v -3.975094 -1.682952 -1.518945
v -4.018865 -4.644608 -0.202167
v -3.922100 -1.786061 -0.406483
v -3.428339 -1.835369 0.598722
v -3.528649 -4.451944 1.004025
v -2.569664 -1.783361 1.544067
v -2.554356 -4.402890 2.141373
v -1.245309 -1.601107 2.282264
v -1.037014 -4.343261 3.005651
v 0.588153 -1.271950 2.763186
v 2.268739 -0.973616 2.964906
v 1.000142 -4.052524 3.598409
v 1.144143 -4.970399 2.643340
v -0.679359 -5.331012 2.270130
v -2.069341 -5.557891 1.495038
v -1.835953 -6.628149 1.392602
v -0.549087 -6.417462 1.883212
v -0.457396 -7.387206 1.477410
v 9.417873 -2.533692 1.010784
v 8.795834 -2.627501 2.117578
v 8.025808 -3.179568 2.816822
v 2.927082 -4.635020 2.794039
v 2.851670 -3.745244 3.800742
v 2.927082 -4.635020 2.794039
v 2.851670 -3.745244 3.800742
v 4.650779 -4.422725 2.968392
v 4.695340 -3.539538 3.803621
v 5.834598 -5.495862 2.745926
v 7.030019 -4.325733 3.196861
v 1.220263 -6.187011 2.207507
v 2.824541 -6.029982 2.356467
v 4.352449 -5.814374 2.759475
v 2.291293 -3.925241 -6.911516
v 2.824541 -6.029982 2.356467
v 6.502592 -3.955252 -5.897316
v 3.892137 -3.579602 -6.932720
v 5.280118 -3.201704 -6.653150
v 1.360540 -7.160859 1.695314
v 0.909372 -4.828567 -6.495613
v 9.126350 -3.076559 -2.769265
v 9.769206 -3.477803 -1.952222
v 10.033305 -4.158791 -1.266950
v 8.307802 -2.801576 -3.428017
v 7.649910 -2.825346 -3.832280
v 9.416221 -4.154044 -3.294897
v 8.935706 -6.444037 -4.912898
v 9.787218 -6.754076 -4.826520
v 9.979013 -6.636547 -4.288465
v 9.048023 -6.558074 -5.213946
v 9.649330 -5.403228 -3.835144
v 8.352732 -6.754331 -5.725607
v 10.150274 -4.270029 -2.354487
v 7.033065 -4.121771 -4.378080
v 8.151077 -4.139932 -4.094695
v 10.691385 -6.700365 -2.899720
v 10.279457 -7.837648 -4.706824
v 10.864651 -8.059552 -2.661882
v -2.139135 -10.816421 -1.172264
v -1.037327 -9.253844 0.197826
v -0.771768 -10.455409 -0.547020
v -3.316637 -6.046743 -0.587805
v -3.149791 -6.425183 -2.606751
v -3.207825 -6.164691 -1.551751
v -0.732854 -4.570062 -4.718779
v 0.411567 -5.450678 -5.047263
v -2.790377 -6.254291 0.796297
v -2.817455 -5.810678 -3.241808
v -2.749457 -9.183396 -0.687881
v -2.033529 -8.419249 -5.543183
v -3.013191 -8.586081 -4.302851
v -1.919332 -9.597755 -5.970802
v -2.932570 -9.870850 -2.895536
v -2.845986 -9.967813 -4.110231
v -3.222053 -8.582430 -3.186408
v -2.183160 -5.182375 -3.815349
v -3.222084 -7.357638 -3.082452
v -3.075914 -7.324962 -4.050876
v -1.378515 -4.707765 -4.261657
v -1.853366 -7.688628 0.817258
v -2.842992 -7.548744 0.168313
v -2.924616 -9.367962 -2.153016
v -3.163179 -8.401600 -2.238333
v -3.240960 -7.461509 -1.780832
v -3.138455 -8.202102 -1.168255
v -3.169999 -7.320873 -0.750638
v -2.119126 -6.103313 -4.371062
v -2.964234 -6.431330 -3.629140
v -0.714561 -5.795271 -4.900943
v 8.291189 -4.414660 2.495715
v 8.352537 -5.380623 2.525203
v 7.154830 -5.179097 2.845205
v 6.920867 -4.513795 2.796370
v 8.041842 -3.776455 2.417660
v 7.251748 -6.109555 3.006797
v 9.204555 -3.419698 0.766067
v 9.431826 -3.466918 -0.229210
v 9.520829 -4.420603 0.967817
v 10.063117 -5.734612 0.035571
v 9.662182 -5.684561 1.340484
v 9.997416 -6.544147 0.426201
v 10.597321 -6.688704 -1.804393
v 10.442513 -5.384718 -2.698488
v 10.372766 -5.472993 -1.712671
v 8.728324 -3.428569 1.720349
v 10.617956 -7.952050 -1.477995
v 5.879979 -5.940675 2.630414
v 9.911221 -6.449660 2.011864
v 9.074085 -5.773524 2.187458
v 9.745023 -7.203014 -0.698376
v 9.534142 -8.754518 -0.443662
v 10.307890 -9.209383 -0.948772
v 9.448725 -9.842113 -0.553122
v 8.594749 -9.887876 -0.400216
v 8.451202 -9.034416 -0.096642
v 9.102694 -4.283054 2.101190
v 9.541281 -10.582716 -1.018318
v 10.920439 -10.020976 -2.203749
v 11.029434 -8.989487 -1.883921
v 9.317600 -6.338612 2.482281
v 6.928856 -9.000161 0.379293
v 7.259922 -10.012125 -0.321878
v 5.788170 -6.585635 2.507067
v 3.983775 -6.916077 -6.486124
v 2.244998 -6.021220 -5.970807
v 2.271996 -7.248641 -6.557418
v 5.776730 -6.732638 -6.172642
v 5.443799 -5.510745 -5.588526
v 6.356062 -4.412484 -5.467206
v 1.129650 -5.301234 -5.928363
v 3.780535 -5.744853 -5.880340
v 6.648819 -6.838332 -5.673440
v 6.252318 -5.421926 -5.081927
v 7.995229 -7.982195 -6.122791
v 8.009921 -6.673726 -5.573314
v 1.378666 -6.224992 -5.648693
v 6.756564 -8.193659 -6.139607
v 5.922103 -8.143872 -6.784253
v 6.727976 -9.626267 -6.424582
v 1.339422 -7.617996 -6.238104
v 1.657857 -8.919920 -6.728186
v 7.975829 -5.397973 -4.841663
v 3.463663 -10.054982 -7.842750
v 2.545609 -8.592806 -7.132080
v 2.166200 -10.263147 -6.969939
v -0.334584 -6.774549 -5.658636
v -0.066460 -7.951437 -6.385251
v 0.413401 -9.175586 -6.845910
v -2.132429 -7.155933 -5.016181
v -0.036218 -8.253307 1.004707
v 1.465459 -7.971247 1.168765
v 1.513008 -9.027188 0.455380
v 2.917828 -7.048390 1.892223
v 3.379384 -8.596716 0.794420
v 3.095105 -7.830376 1.421258
v 3.095105 -7.830376 1.421258
v 2.917828 -7.048390 1.892223
v 4.328969 -7.663249 1.923748
v 4.239563 -6.758520 2.374773
v 3.379384 -8.596716 0.794420
v 4.695302 -8.578300 1.267357
v 5.379002 -7.284770 2.212434
v 5.860620 -8.160181 1.387108
v 1.616949 -10.205352 -0.344408
v 3.572190 -9.744509 -0.238450
v 3.572190 -9.744509 -0.238450
v 5.428985 -9.474254 0.255951
v 6.928856 -9.000161 0.379293
v 1.943646 -11.164162 -1.196214
v 3.849664 -10.914987 -0.812543
v 5.765211 -10.270545 -0.592657
v 5.428985 -9.474254 0.255951
v -0.571954 -11.705713 -1.035832
v 7.259922 -10.012125 -0.321878
v 6.928856 -9.000161 0.379293
v 5.835927 -4.067776 -6.174376
v 1.655232 -4.732605 -6.607673
v 5.375815 -4.587406 -5.838120
v 2.362306 -5.117949 -6.145888
v 3.836322 -4.872849 -6.161833
v 3.689651 -8.410004 -8.465729
v 3.580186 -9.427924 -7.865324
v 3.903450 -9.004824 -8.712607
v 4.310818 -8.313952 -9.949642
v 4.209266 -7.938745 -9.777874
v 4.275430 -7.540151 -8.228423
v 3.754206 -7.850081 -8.298244
v 3.220097 -7.591457 -7.026350
v 3.146846 -8.559641 -7.460365
v 3.492245 -7.772819 -7.418299
v 4.487867 -7.749871 -9.803108
v -1.072625 -7.971247 -5.924697
v 3.580186 -9.427924 -7.865324
v 4.869153 -7.555956 -7.292113
v 4.275430 -7.540151 -8.228423
v 4.861588 -7.694446 -8.227666
v 4.130248 -7.376009 -7.268393
v 4.130248 -7.376009 -7.268393
v 4.940082 -7.261174 -6.827703
v 4.015652 -7.093530 -6.833382
v 4.869153 -7.555956 -7.292113
v 3.492245 -7.772819 -7.418299
v 4.130248 -7.376009 -7.268393
v 3.146846 -8.559641 -7.460365
v 4.761883 -7.820683 -9.712854
v 4.487867 -7.749871 -9.803108
v -0.358642 -8.080099 -6.593581
v 0.122976 -9.052054 -6.984668
v 7.240635 -11.727023 -2.549259
v 7.827322 -11.205954 -1.195402
v 8.069374 -11.564310 -1.849731
v 8.833072 -10.869967 -0.905152
v 10.240303 -10.688595 -1.413614
v 9.820498 -11.686477 -1.774611
v 9.098467 -11.351626 -1.835321
v 7.827322 -11.205954 -1.195402
v 8.069374 -11.564310 -1.849731
v 10.308819 -11.326233 -1.976769
v 10.860574 -10.924644 -2.636538
v -0.109705 -12.437788 -1.647423
v 1.428321 -12.692766 -2.444332
v 1.381965 -12.839710 -3.178115
v 0.157293 -12.760594 -2.619443
v 2.163735 -12.371534 -1.888549
v 9.891860 -9.720894 4.215624
v 10.431789 -8.431243 3.028206
v 10.168870 -9.937029 3.612501
v 9.776182 -9.011358 0.901289
v 9.006245 -8.673908 0.334991
v 8.892200 -9.532338 0.899038
v 7.680419 -6.475169 3.337752
v 6.702198 -7.624327 2.508800
v 9.473746 -7.893517 0.365655
v 10.386209 -7.119237 1.095134
v 7.082990 -7.992262 3.341991
v 9.866374 -11.148511 3.933962
v 10.035550 -7.950102 3.546765
v 6.976167 -8.769685 2.816688
v 9.178411 -6.931404 3.536250
v 9.398118 -7.914651 4.024379
v 9.977936 -6.815867 3.156963
v 10.267656 -7.368158 2.575248
v 8.520178 -9.225273 4.411990
v 9.291843 -9.488395 4.477422
v 8.189865 -10.540855 4.761823
v 8.248226 -9.114936 0.538321
v 7.143897 -9.271313 1.243104
v 8.413437 -9.774102 1.071315
v 7.424550 -9.684352 1.721580
v 8.849894 -10.024532 2.047225
v 9.453371 -9.995224 1.934462
v 8.413437 -9.774102 1.071315
v 10.529074 -9.007952 2.046702
v 10.198154 -10.003687 2.869373
v 7.691344 -9.254039 3.493043
v 7.793438 -9.524752 3.044778
v 8.849894 -10.024532 2.047225
v 8.156002 -9.926892 2.477075
v 6.885479 -9.091086 2.492517
v 10.578005 -7.955731 1.669930
v 8.100023 -8.169754 4.222408
v 8.038616 -9.148335 4.088900
v 6.518149 -8.690411 2.096867
v 8.451202 -9.034416 -0.096642
v 8.248226 -9.114936 0.538321
v 8.150562 -7.149477 3.884011
v 8.776760 -6.126571 2.864277
v 9.911836 -10.017275 2.312315
v 2.280945 -12.707232 -3.153737
v 5.676221 -9.744738 -7.574029
v 6.284388 -11.555314 -6.699913
v 3.432786 -12.752127 -2.884613
v 6.095595 -11.567109 -1.536264
v 4.827298 -11.965086 -7.068212
v 4.578137 -9.898315 -7.824021
v 4.190619 -12.227127 -1.587196
v 7.881151 -12.094873 2.029756
v 8.531556 -11.060803 2.297785
v 7.183564 -11.741333 2.449669
v 7.577627 -10.407724 3.771926
v 7.767208 -10.440789 4.356156
v 9.142355 -12.591092 2.562601
v 8.999159 -11.156107 2.399574
v 8.354850 -12.341583 2.212488
v 9.812902 -11.436131 3.198620
v 9.540016 -11.234903 2.731187
v 9.840555 -11.992586 3.177096
v 7.788106 -10.875944 4.971195
v 6.697500 -11.436280 3.119405
v 7.868421 -10.806029 2.631659
v 7.493704 -10.528378 3.258697
v 6.734429 -11.466117 3.650078
v 6.941532 -11.453146 4.550818
v 8.531556 -11.060803 2.297785
v 7.881151 -12.094873 2.029756
v 5.438356 -9.423362 -7.620767
v 5.506763 -8.580617 -7.263417
v 4.508642 -9.487613 -7.923131
v 5.144267 -8.256620 -8.381678
v 4.827963 -8.212138 -9.920658
v 4.508642 -9.487613 -7.923131
v 5.136226 -8.861253 -8.614335
v 5.438356 -9.423362 -7.620767
v 5.506763 -8.580617 -7.263417
v 9.372460 -8.426905 -6.854347
v 9.462997 -9.047004 -5.872639
v 10.390249 -8.301983 -6.351046
v 10.234894 -7.190278 -7.320844
v 10.589064 -7.508865 -7.954716
v 10.492628 -7.298169 -7.243532
v 10.636040 -7.805311 -7.333815
v 10.042580 -7.851914 -7.653438
v 10.007737 -7.309600 -7.499003
v 10.234894 -7.190278 -7.320844
v 10.281409 -10.752025 -4.946381
v 9.394985 -9.440422 -5.654571
v 9.304972 -10.967487 -5.305514
v 10.451149 -9.446349 -5.072881
v 8.709215 -7.193062 -6.012071
v 9.138383 -7.774702 -6.779172
v 9.249355 -7.261602 -6.642670
v 8.251809 -7.861797 -6.235429
v 8.709215 -7.193062 -6.012071
v 9.815177 -7.118161 -5.417774
v 10.167227 -7.833863 -5.070879
v 10.380583 -7.767016 -6.216187
v 9.815177 -7.118161 -5.417774
v 10.131064 -7.230097 -6.185344
v 10.167227 -7.833863 -5.070879
v 9.675497 -7.052161 -6.394003
v 9.295814 -6.916202 -5.709269
v 9.295814 -6.916202 -5.709269
v 9.295814 -6.916202 -5.709269
v 8.251809 -7.861797 -6.235429
v 10.212555 -8.693693 -5.389969
v 10.045833 -10.862415 -4.370460
v 10.756229 -9.718323 -3.377848
v 9.675497 -7.052161 -6.394003
v 8.633757 -8.879787 -6.316885
v 8.633757 -8.879787 -6.316885
v 8.218052 -9.432452 -6.303580
v 10.212555 -8.693693 -5.389969
v 9.462997 -9.047004 -5.872639
v 9.001845 -11.096080 -4.726739
v 10.505594 -11.175683 -2.554270
v 10.772443 -10.785557 -3.686084
v 10.481640 -10.980398 -3.446871
v 8.133595 -11.343462 -5.095904
v 8.235063 -11.197894 -5.698141
v 10.283569 -11.680295 -2.548452
v 10.159718 -12.371823 -2.918385
v 10.110176 -12.298014 -2.141863
v 9.057301 -11.681734 -4.511619
v 8.482862 -12.305599 -4.476104
v 8.014812 -12.041924 -4.909820
v 9.074963 -12.111017 -4.302298
v 9.589556 -12.002050 -4.057033
v 10.076125 -11.424564 -4.168126
v 10.575277 -11.560654 -3.162808
v 9.862635 -12.674959 -2.138765
v 7.240635 -11.727023 -2.549259
v 8.040142 -11.505623 -1.946394
v 7.237233 -11.911952 -2.642077
v 9.104667 -11.857016 -1.770531
v 9.795765 -12.106001 -1.582908
v 9.371124 -12.285196 -1.589059
v 7.529987 -12.916683 -3.965445
v 6.973241 -13.008165 -3.308256
v 7.172397 -13.137859 -3.176207
v 6.778589 -12.465249 -2.865460
v 6.961678 -12.486060 -2.583624
v 6.973241 -13.008165 -3.308256
v 7.172397 -13.137859 -3.176207
v 6.893885 -12.878811 -2.044164
v 8.633369 -12.132072 -0.983610
v 9.004951 -12.549997 -1.036514
v 7.801563 -12.073146 -1.267498
v 7.068054 -12.305176 -1.789549
v 8.249645 -14.259277 -2.806225
v 7.093757 -12.372829 -4.884097
v 7.316865 -12.493293 -4.515006
v 6.434048 -12.603525 -4.487829
v 6.493855 -11.942894 -3.023013
v 6.858402 -12.438610 -4.008561
v 6.168578 -12.289924 -3.497768
v 6.858402 -12.438610 -4.008561
v 6.855734 -12.514503 -5.783906
v 6.262154 -13.096561 -4.791144
v 6.227152 -12.562141 -6.002851
v 4.866317 -12.310979 -6.831499
v 3.716965 -12.439636 -6.809328
v 5.818770 -12.129538 -6.607110
v 5.428445 -12.757083 -5.618104
v 4.276368 -12.894367 -5.808283
v 4.878063 -12.812458 -5.774870
v 3.176835 -11.996103 -7.046549
v 6.434048 -12.603525 -4.487829
v 4.499808 -14.738187 -4.493468
v 4.994045 -14.756344 -4.471107
v 6.493855 -11.942894 -3.023013
v 5.517855 -12.337459 -3.465555
v 6.168578 -12.289924 -3.497768
v 5.113966 -12.379465 -2.702234
v 5.447046 -12.433544 -3.386893
v 5.325830 -12.910043 -2.615956
v 4.404080 -12.387230 -3.146963
v 5.781370 -12.873980 -3.263436
v 5.434126 -14.604718 -4.250648
v 4.410532 -12.532759 -3.132433
v 5.517855 -12.337459 -3.465555
v 3.487743 -12.867445 -3.655136
v 4.410532 -12.532759 -3.132433
v 4.404080 -12.387230 -3.146963
v 3.458375 -12.758338 -3.613405
v 4.410532 -12.532759 -3.132433
v 4.326601 -12.503525 -2.741744
v 6.168578 -12.289924 -3.497768
v 6.191050 -12.863359 -3.366256
v 6.347337 -13.263792 -3.928849
v 6.148016 -13.384523 -3.975537
v 3.458375 -12.758338 -3.613405
v 8.720611 -14.337068 -2.645663
v 9.099863 -14.166579 -2.345965
v 9.440712 -13.735543 -1.677295
v 9.409350 -13.332950 -1.217239
v 9.044996 -14.874301 -1.465094
v 9.392338 -14.299833 -0.790636
v 6.963745 -13.685010 -2.324690
v 7.384076 -14.029518 -2.637031
v 6.963745 -13.685010 -2.324690
v 8.889093 -13.472526 -0.432120
v 9.170810 -13.818932 -0.476278
v 6.111704 -14.693735 -2.459549
v 6.027564 -13.959818 -3.089849
v 5.944066 -14.270061 -3.638464
v 5.966698 -14.215947 -2.107837
v 5.688584 -13.865372 -1.984161
v 5.608322 -15.276840 -2.999811
v 5.634075 -13.077225 -2.680666
v -1.791121 -9.470348 -6.332406
v -1.713077 -8.390284 -6.064711
v -1.119882 -8.060085 -6.252828
v -0.503806 -10.764019 -6.630506
v 0.142904 -9.981530 -7.122112
v -0.655653 -10.350417 -6.894884
v -2.808633 -11.058558 -3.418354
v -1.512151 -9.945153 -7.422777
v -1.559065 -9.398187 -8.581554
v -1.670609 -9.400817 -7.273438
v -1.597006 -10.341331 -6.555899
v -1.791121 -9.470348 -6.332406
v -0.655653 -10.350417 -6.894884
v -1.567442 -8.863509 -8.426099
v -1.164429 -8.510931 -7.301930
v -1.615868 -8.836945 -7.160063
v -1.355243 -8.737218 -8.494505
v -1.130189 -8.760758 -8.573196
v -0.387408 -9.101283 -7.659978
v -0.688011 -8.583550 -7.475313
v -0.967919 -9.272345 -8.734032
v -1.355243 -8.737218 -8.494505
v -1.164429 -8.510931 -7.301930
v -0.380961 -9.682858 -7.744458
v 0.122976 -9.052054 -6.984668
v 0.142904 -9.981530 -7.122112
v -1.597006 -10.341331 -6.555899
v -0.509622 -8.443686 -6.874048
v -1.410850 -9.068602 -9.121393
v -1.683609 -11.734121 -1.552523
v -2.385445 -11.164436 -2.377709
v -2.305822 -10.636154 -1.802500
v -1.089501 -8.377537 -6.694284
v -0.358642 -8.080099 -6.593581
v -1.119882 -8.060085 -6.252828
v -1.089501 -8.377537 -6.694284
v -1.119882 -8.060085 -6.252828
v -1.581919 -8.705797 -6.544298
v -1.713077 -8.390284 -6.064711
v 0.782977 -10.460440 -7.023342
v -1.266861 -13.210873 -2.965117
v -0.829154 -12.877447 -2.586911
v -0.608435 -12.983734 -2.940411
v -1.614090 -12.937359 -3.311574
v 1.729759 -13.186949 -3.074787
v 2.067808 -13.228431 -3.293288
v -0.799335 -13.494995 -2.735632
v 0.315328 -12.488142 -2.859846
v 0.345295 -13.630816 -5.304638
v 0.676279 -15.288232 -3.572938
v 0.878630 -13.539432 -5.401829
v 1.152684 -15.110352 -3.533408
v 0.611396 -12.937867 -2.059794
v -0.645383 -14.564699 -2.393978
v -0.562828 -13.779392 -2.187062
v -1.248718 -14.088809 -4.114380
v -1.109183 -14.010138 -3.416670
v -0.451556 -14.949516 -2.866755
v -0.348492 -13.729890 -5.233692
v 0.193465 -15.226894 -3.454019
v -1.061300 -12.622488 -1.958020
v -1.805663 -12.529755 -2.756523
v -1.610214 -11.038433 -6.296502
v 1.064613 -12.275165 -6.487169
v -2.052307 -12.757646 -5.007215
v -1.253210 -12.504973 -6.228804
v -2.189084 -11.553645 -4.720328
v -1.464212 -13.617536 -3.583682
v -1.826532 -12.931084 -4.782243
v -1.825506 -13.205204 -4.071572
v -1.738214 -13.612116 -4.379047
v 1.254054 -13.111683 -5.710793
v 0.230937 -13.115011 -5.615285
v -0.895809 -13.496196 -5.438460
v -0.989046 -12.698549 -5.865790
v 0.124816 -12.545545 -5.861272
v 1.134263 -12.429754 -5.931386
v -2.408383 -11.938452 -3.651535
v -2.213173 -12.853193 -3.985434
v -0.109557 -12.416394 -6.358388
v 2.926570 -13.321164 -3.787983
v 3.263491 -13.316034 -3.613678
v 2.786969 -12.943008 -3.682024
v 3.095681 -13.822588 -4.467482
v 2.667151 -12.991918 -6.277220
v 2.786969 -12.943008 -3.682024
v 3.338480 -13.560552 -5.238558
v 3.567788 -13.012075 -2.858895
v 2.248915 -13.263154 -4.543777
v 2.098622 -13.772638 -3.811434
v 2.248915 -13.263154 -4.543777
v 1.838404 -13.759149 -4.650602
v 2.098622 -13.772638 -3.811434
v 1.893036 -13.877813 -3.791923
v 1.893036 -13.877813 -3.791923
v 2.771235 -12.974648 -4.965573
v 2.088395 -13.226154 -5.151917
v 3.363870 -12.942032 -6.333941
v 2.280123 -12.945812 -5.388684
v 2.771235 -12.974648 -4.965573
v -0.283968 -13.223161 -2.109088
v 0.089011 -14.209446 -1.326251
v 1.539319 -15.686298 -2.842607
v 1.788699 -14.636383 -3.194253
v 2.187333 -15.101793 -2.470089
v -0.386199 -14.582572 -1.540867
v 1.760804 -13.438131 -2.482861
v 1.501531 -14.029669 -1.530222
v 1.466008 -13.025196 -2.266635
v 2.010266 -14.182369 -2.709496
v 2.010266 -14.182369 -2.709496
v 3.322709 -13.914610 -4.395081
v 3.717210 -14.681099 -3.927384
v 3.382601 -13.697458 -3.156327
v 3.405901 -14.440002 -3.546911
v 3.412814 -15.259321 -2.814005
v 4.242993 -15.601454 -3.142729
v 8.925687 -10.563041 4.802569
v 9.542030 -10.824270 4.492235
v 8.923004 -11.481190 5.142112
v 9.739528 -11.892441 4.383109
v 9.381922 -11.705963 4.832575
v 4.567824 -7.992955 -10.274506
v 4.375346 -12.557539 -2.521663
v 4.375346 -12.557539 -2.521663
v 4.946984 -15.587616 -2.992454
v 5.145780 -13.626965 -1.781485
v 3.276313 -14.678040 -2.497620
v 3.731720 -13.853013 -1.897181
v 3.356017 -14.245300 -2.280055
v 8.253704 -13.236784 -0.184898
v 7.921622 -13.062639 0.544039
v 7.689481 -12.896992 0.315694
v 7.787950 -15.103273 -2.068940
v 7.752038 -15.642857 -1.469851
v 8.405163 -15.139261 -1.688422
v 6.862415 -15.138245 -1.765700
v 6.721244 -14.149893 -1.710743
v 6.297440 -14.468833 -1.205732
v 6.923916 -14.716524 -2.015308
v 6.297440 -14.468833 -1.205732
v 6.751291 -13.744081 -1.460666
v 6.482959 -13.983259 -1.100227
v 6.721244 -14.149893 -1.710743
v 7.044261 -13.402531 -1.006807
v 6.931544 -13.465761 -0.944548
v 8.777740 -13.592261 0.184477
v 8.324224 -13.215749 -0.383301
v 6.606515 -15.417307 -1.155159
v 6.211751 -15.021847 -0.526622
v 8.920645 -15.021708 0.251553
v 8.734182 -15.461505 -1.014786
v 8.361147 -15.600264 -0.083437
v 9.304325 -14.798349 -0.442650
v 5.931714 -14.175610 0.327485
v 6.826083 -15.530478 -0.000756
v 5.995873 -13.866567 -0.117513
v 6.300021 -13.397973 -0.451751
v 7.852386 -15.296948 0.688556
v 8.450386 -14.362123 0.914210
v 7.599514 -13.241088 -0.627176
v 7.139474 -12.750926 -0.121149
v 7.641806 -13.216829 -0.690406
v 6.549000 -13.073932 -0.387659
v 9.020544 -13.960201 0.262969
v 7.391635 -15.595741 0.298754
v 7.336646 -15.819727 -0.736382
v 7.901584 -16.035145 -0.482768
v 6.109648 -14.314369 0.923346
v 5.995873 -13.866567 -0.117513
v 7.872711 -13.480001 1.066986
v 7.586374 -13.749470 1.374994
v 6.472938 -14.331952 1.373688
v 8.230721 -15.599318 -1.223660
v 6.988239 -14.103224 1.523625
v 7.153664 -12.833070 1.852663
v 6.943542 -13.215710 2.176251
v 7.184725 -12.475760 1.351926
v 6.026040 -12.435946 0.331465
v 6.591514 -12.203831 0.558414
v 5.743670 -12.755270 0.406505
v 5.585747 -13.873087 1.549178
v 7.072813 -12.225239 0.980564
v 5.289383 -13.533743 1.090836
v 5.473491 -13.190943 0.649932
v 5.473491 -13.190943 0.649932
v 2.481647 -14.834318 -1.507792
v 2.428796 -15.879230 -1.449986
v 2.507330 -15.173876 -0.816463
v -0.270399 -16.192308 -1.078649
v -0.583025 -15.215398 -0.980407
v -0.154480 -15.663395 -0.324010
v -0.393110 -14.731841 -1.077952
v 0.054204 -14.228878 -1.295193
v 0.470555 -16.464289 -2.141535
v 0.172144 -15.949818 -2.597939
v -0.437851 -15.954636 -1.789061
v 1.938135 -14.739786 0.481112
v 2.266170 -14.496155 -0.080538
v 1.916973 -16.041636 -0.475994
v -0.517466 -15.581730 -2.033365
v -0.537267 -15.010221 -1.706882
v 0.892221 -15.967386 -2.654739
v 0.996143 -16.411922 -2.271701
v 0.755990 -14.028847 -1.408942
v 0.785885 -14.054455 -1.454166
v 0.307535 -13.729576 -0.669720
v 0.060630 -14.029514 -0.495764
v 0.330918 -14.700281 0.406944
v 0.689538 -16.124113 -0.201106
v 0.882813 -14.852798 0.711758
v 1.201869 -16.852346 -1.356924
v 0.593097 -16.608118 -1.162417
v 1.315443 -16.276461 -0.383231
v 0.930958 -13.477791 -0.925505
v 2.231043 -14.464550 -1.458444
v 1.932221 -13.893723 -0.916125
v 1.573883 -14.091394 -1.480107
v 1.614133 -13.685184 -0.960806
v 0.067111 -14.449362 0.009839
v 2.481647 -14.834318 -1.507792
v 1.958702 -14.276134 -1.858308
v 2.168628 -14.633524 -2.064795
v 2.313179 -15.633686 -2.182305
v 1.800180 -16.432852 -1.338604
v 1.527963 -16.283094 -2.361187
v 2.168628 -14.633524 -2.064795
v 1.455319 -14.909876 0.768348
v 2.256960 -14.276398 -0.504426
v 2.256960 -14.276398 -0.504426
v 1.069667 -12.868431 -0.116851
v 1.711212 -12.945772 -0.152077
v 2.037041 -13.185818 0.045613
v 0.344665 -13.303999 0.444392
v 0.500194 -13.022845 0.146865
v 2.355823 -13.507059 0.457950
v 2.415671 -13.851698 0.859383
v 0.467752 -13.991792 1.289338
v 0.308561 -13.688601 0.869081
v 2.355823 -13.507059 0.457950
v 9.442898 -12.638009 4.615160
v 8.770290 -13.153011 5.040915
v 9.315922 -12.517267 5.252085
v 6.836107 -12.951326 4.566200
v 6.114103 -14.292263 3.545519
v 5.759976 -13.476196 3.495514
v 6.357942 -12.650436 4.098453
v 7.190099 -12.355156 5.052701
v 7.828066 -13.400693 4.981296
v 8.182838 -12.962679 5.126884
v 6.497725 -12.394736 3.082166
v 8.919473 -13.350842 4.465830
v 5.810654 -13.070365 2.518737
v 8.666386 -12.277441 5.291899
v 7.710404 -11.736253 5.299754
v 9.628619 -12.857403 3.629820
v 8.985926 -13.456651 3.183054
v 8.375101 -13.573050 4.875223
v 8.542824 -13.803226 4.331963
v 6.405130 -14.701063 3.419054
v 6.714128 -14.632323 2.977284
v 6.813969 -12.571856 2.546846
v 7.406706 -12.908429 2.299160
v 6.168258 -13.224112 2.188913
v 6.465765 -13.459455 1.856379
v 8.303344 -13.824656 3.144983
v 8.118056 -13.612968 2.541516
v 6.977421 -14.276752 2.260496
v 7.406706 -12.908429 2.299160
v 6.465765 -13.459455 1.856379
v 4.415164 -16.113811 -2.537728
v 4.953506 -16.039846 -2.490561
v 4.388208 -13.645779 -1.805364
v 4.388052 -13.699984 -1.715505
v 4.693486 -15.926249 -0.693634
v 4.038033 -15.854086 -0.737528
v 4.287950 -14.568556 0.527247
v 5.815971 -13.975693 -1.460198
v 5.226108 -13.421514 -0.916514
v 5.168599 -13.656801 -1.624066
v 3.348528 -14.473127 -0.204922
v 3.775462 -14.599054 0.266088
v 4.240098 -13.149311 -1.216377
v 3.595533 -13.484999 -1.184040
v 3.652701 -13.947335 -1.734503
v 3.342585 -13.800642 -1.126060
v 4.270619 -16.248646 -1.649296
v 4.913671 -16.442476 -1.610065
v 3.206593 -14.470427 -1.743011
v 3.245851 -15.420216 -1.074376
v 3.439785 -15.647116 -2.534320
v 3.033274 -14.957381 -1.803885
v 3.408159 -15.892576 -1.836292
v 6.091903 -14.328257 -1.443740
v 6.065142 -15.392815 -1.356979
v 5.870853 -14.703439 -0.660006
v 6.166972 -15.193780 -2.089995
v 3.213040 -14.220066 -0.663603
v 5.461517 -15.987530 -1.441240
v 5.279137 -15.664103 -0.603800
v 4.240098 -13.149311 -1.216377
v 4.388052 -13.699984 -1.715505
v 4.919376 -13.266661 -1.042711
v 4.821441 -14.358381 0.423964
v 5.484787 -15.891411 -2.415984
v 5.414650 -13.792433 -0.400027
v 5.300991 -14.054335 0.007916
v 4.388208 -13.645779 -1.805364
v 4.703814 -13.872848 1.080904
v 3.565647 -14.103633 0.975353
v 3.200174 -13.080690 -0.134180
v 3.420145 -12.790865 -0.350834
v 5.045149 -13.422659 0.944525
v 4.029877 -12.598753 -0.379002
v 4.900764 -12.773027 0.081537
v 5.089493 -13.066530 0.558549
v 3.057969 -13.477859 0.261086
v 4.645223 -12.589628 -0.201525
v 3.088501 -13.771885 0.684651
v 4.029877 -12.598753 -0.379002
v 4.629850 -11.433744 1.472414
v 4.419013 -12.090769 1.638609
v 4.829037 -11.465200 0.958622
v 5.257826 -10.467493 0.259433
v 4.727566 -12.533609 1.100977
v 5.618375 -12.025228 0.708759
v 6.272002 -11.842674 0.998760
v 5.241149 -9.982153 0.756678
v 5.403633 -9.693816 1.058439
v 4.618721 -11.688435 2.482131
v 6.529891 -11.231746 1.259561
v 6.228632 -11.364139 0.822359
v 5.665564 -11.537935 0.691933
v 6.048820 -13.895756 1.911111
v 5.224702 -13.618736 2.176440
v 5.589567 -13.547432 2.509383
v 4.884539 -13.368694 1.297522
v 6.825940 -11.753254 1.869967
v 6.873478 -12.013184 2.504691
v 6.279056 -11.715761 2.975167
v 6.447270 -12.488715 3.044673
v 6.510472 -10.915146 2.079627
v 6.012612 -10.765055 -0.037462
v 6.789222 -11.712124 1.475582
v 6.925561 -12.928333 2.542173
v 4.516327 -12.914118 1.882524
v 6.329957 -10.686697 0.216246
v 6.643154 -10.531266 0.451853
v 4.727566 -12.533609 1.100977
v 5.245067 -12.185076 0.856410
v 4.920398 -13.071481 2.569490
v 4.714108 -12.314082 2.606256
v 4.917628 -11.823223 2.908086
v 5.005502 -12.412739 3.013058
v 5.427150 -12.112726 3.072154
v 5.639713 -12.842350 3.061306
v 5.175319 -13.161469 3.014308
v 6.475885 -10.077407 1.180112
v 6.575696 -13.665110 2.131281
v 5.317452 -11.504457 2.940598
v 5.813467 -9.762012 1.171395
v 6.093703 -11.012602 2.488313
v 6.006381 -13.413284 2.731600
v 4.829037 -11.465200 0.958622
v 5.257826 -10.467493 0.259433
v 0.981400 -14.367020 1.418767
v 0.638413 -12.063000 0.512837
v 0.436462 -10.897404 0.343584
v 0.309054 -11.789591 1.186802
v 0.604022 -11.370460 -0.344488
v 0.928304 -10.490809 0.602547
v 0.570393 -11.676689 1.621090
v 1.267026 -11.850131 2.379416
v 0.337600 -13.788129 1.679429
v 1.196305 -14.117321 2.054597
v 0.322988 -12.587626 1.035446
v 1.315165 -12.519593 2.574122
v 0.410218 -12.264605 2.054657
v 1.560406 -14.443086 1.339065
v 0.141681 -12.883234 1.606356
v 2.683698 -13.580511 1.088564
v 2.681878 -12.730160 0.987976
v 1.835911 -13.572132 2.669845
v 1.694707 -14.104749 2.012581
v 1.336996 -13.448442 2.534996
v 0.470132 -12.499699 0.650326
v 2.152233 -14.019936 1.857175
v 2.097960 -14.261694 1.107069
v 2.327221 -11.818457 0.595105
v 2.689811 -12.310685 1.597540
v 2.347159 -11.705898 1.134680
v 2.767551 -13.068418 1.730252
v 2.213227 -13.243235 2.354938
v 2.157285 -12.354908 2.324967
v 1.759724 -12.046841 2.506130
v 2.091795 -11.776590 2.116174
v 1.802335 -12.668299 2.669939
v 1.332351 -10.306000 0.630322
v 1.646705 -10.504573 0.418166
v 1.975441 -11.007092 0.017779
v 1.670882 -12.091675 0.189343
v 2.184963 -12.498563 0.546474
v 2.327221 -11.818457 0.595105
v 1.859490 -12.447402 0.302161
v 1.305960 -10.134007 -1.221637
v 1.133363 -12.515489 0.355807
v 1.144115 -12.058441 0.185090
v 0.513303 -10.161169 -1.016918
v 1.007457 -10.146201 -1.559551
v 1.008956 -11.416007 -0.400445
v 1.420563 -11.394957 -0.499799
v 0.786669 -10.108359 -1.618518
v 0.562212 -13.187002 2.342361
v 0.623961 -10.132179 -1.464790
v 1.020079 -9.823619 -0.720990
v 2.681878 -12.730160 0.987976
v 1.975441 -11.007092 0.017779
v 1.305960 -10.134007 -1.221637
v 4.862310 -14.751457 1.328221
v 5.380455 -14.681208 1.495377
v 4.888132 -14.539665 1.280452
v 4.563408 -14.354984 1.580156
v 4.678965 -14.353729 2.111063
v 4.491142 -14.532522 1.673512
v 5.180364 -14.954985 2.242878
v 4.564091 -14.677591 1.390246
v 4.888132 -14.539665 1.280452
v 4.564091 -14.677591 1.390246
v 4.862310 -14.751457 1.328221
v 4.629045 -14.461695 1.328266
v 4.294914 -13.078255 2.252756
v 4.006104 -13.825507 1.758988
v 3.858349 -13.398989 2.426960
v 3.711836 -12.597219 2.485229
v 3.619489 -11.999884 2.404012
v 4.126606 -12.350664 2.345394
v 4.015330 -11.757473 2.262130
v 3.482499 -9.978263 0.346836
v 3.879845 -10.108439 0.264942
v 4.476088 -13.682301 1.776442
v 4.997628 -12.727370 1.862411
v 5.188689 -13.131264 1.249753
v 5.123511 -12.245567 1.175066
v 4.843380 -11.997034 1.868707
v 4.704627 -11.275315 0.889340
v 4.525414 -11.334829 1.483014
v 4.139802 -14.118013 1.099408
v 4.423160 -10.523386 -0.003471
v 4.789564 -12.040689 0.605292
v 4.567663 -12.011853 0.263443
v 3.263322 -11.838430 0.055043
v 2.877704 -10.730436 -0.228169
v 2.666271 -11.660530 0.574673
v 4.314221 -11.625986 0.153574
v 3.253008 -12.393980 2.227910
v 3.413481 -13.243114 2.151310
v 3.158477 -10.241903 0.177628
v 2.730637 -11.549412 1.119612
v 3.159481 -11.789795 2.112896
v 2.810040 -13.586414 1.030375
v 3.528355 -13.886322 1.627133
v 2.909379 -12.447790 0.416149
v 3.172866 -12.322216 0.109098
v 2.549587 -12.134449 1.412960
v 3.360374 -11.145079 -0.812568
v 4.174403 -11.005897 -0.688538
v 2.560996 -12.738428 0.912447
v 3.840026 -11.739755 -0.094082
v 3.767897 -11.115223 -0.737503
v 3.767897 -11.115223 -0.737503
v 3.840026 -11.739755 -0.094082
v 3.883543 -12.154612 0.069717
v 3.883543 -12.154612 0.069717
v 2.722311 -13.013062 1.722391
v 6.626273 -9.227454 -0.192937
v 6.375790 -9.378840 -0.854006
v 5.999813 -9.517899 -0.629402
v 5.991828 -9.107360 -0.090844
v 5.999813 -9.517899 -0.629402
v 6.581216 -9.281998 -0.843645
v 6.278579 -9.228953 -0.844128
v 6.685419 -9.264165 -0.636555
v 6.635346 -9.100182 -0.592139
v 6.278579 -9.228953 -0.844128
v 6.506188 -9.103186 -0.829519
v 6.506188 -9.103186 -0.829519
v 0.801991 -9.917065 -1.587854
v 0.801991 -9.917065 -1.587854
v 1.054030 -9.980434 -1.519613
v 0.612469 -9.962493 -1.413211
v 1.054030 -9.980434 -1.519613
v 3.536369 -9.506297 -0.987689
v 4.031796 -9.725058 -1.360755
v 3.240808 -9.917927 -1.433967
v 3.420499 -9.680397 -1.776140
v 3.871307 -9.776085 -1.774496
v 3.869676 -9.605636 -1.728217
v 3.484708 -9.843699 -1.817184
v 3.643777 -9.590588 -1.876470
v 3.643777 -9.590588 -1.876470
v 3.682605 -9.780502 -1.907646
v 3.643777 -9.590588 -1.876470
v 3.682605 -9.780502 -1.907646
vn -0.1500 0.5059 0.8495
vn -0.2342 0.9694 0.0734
vn -0.2566 0.4849 0.8361
vn -0.3912 0.4629 0.7954
vn -0.5842 0.4462 0.6779
vn -0.7490 0.4238 0.5092
vn -0.8769 0.4051 0.2588
vn -0.9212 0.3418 -0.1857
vn -0.8420 0.3544 -0.4067
vn -0.8152 0.3413 -0.4679
vn -0.8018 -0.0406 -0.5962
vn -0.8802 0.4398 -0.1781
vn -0.9742 -0.1157 -0.1938
vn -0.9145 -0.1637 -0.3700
vn -0.7363 -0.0123 -0.6766
vn -0.9316 -0.3617 0.0367
vn -0.9778 -0.1222 -0.1701
vn -0.8418 0.3376 -0.4211
vn -0.9998 -0.0200 0.0055
vn -0.9942 0.0656 -0.0853
vn -0.8571 0.1760 -0.4842
vn -0.5506 0.3891 -0.7386
vn -0.5546 -0.1197 -0.8235
vn -0.6453 -0.1183 -0.7547
vn -0.7255 0.3423 -0.5970
vn -0.5335 -0.1717 -0.8282
vn -0.5875 0.3361 -0.7362
vn -0.4068 0.3314 -0.8513
vn -0.2615 0.3403 -0.9032
vn -0.5719 -0.2739 -0.7732
vn -0.4866 -0.4528 -0.7471
vn -0.3737 -0.3084 -0.8748
vn -0.3400 0.3675 -0.8657
vn -0.5724 0.3547 -0.7393
vn -0.8941 -0.0223 -0.4473
vn -0.9927 -0.1030 -0.0623
vn -0.9887 -0.1411 0.0513
vn -0.9637 -0.1964 0.1808
vn -0.9750 -0.1101 0.1931
vn -0.9072 -0.3587 0.2199
vn -0.9734 -0.1207 0.1948
vn -0.8517 0.4600 0.2512
vn -0.7396 0.4466 0.5036
vn -0.8373 -0.0942 0.5385
vn -0.7581 -0.3197 0.5685
vn -0.7420 -0.3018 0.5987
vn -0.6849 -0.4222 0.5939
vn -0.9370 -0.3126 0.1559
vn -0.9665 -0.2286 0.1164
vn -0.9185 -0.1808 -0.3518
vn -0.7267 0.2113 -0.6536
vn -0.8826 -0.0901 -0.4614
vn -0.4090 0.4522 -0.7927
vn -0.2465 0.4603 -0.8529
vn -0.4561 -0.0563 -0.8881
vn -0.3022 0.2288 -0.9254
vn -0.4182 -0.5680 -0.7088
vn -0.4219 -0.1358 -0.8964
vn -0.0967 -0.0460 -0.9943
vn 0.0609 -0.5402 -0.8393
vn 0.0593 -0.4160 -0.9075
vn -0.1150 0.1691 -0.9789
vn -0.2655 0.3869 -0.8831
vn -0.1813 0.3687 -0.9117
vn -0.0654 0.4720 -0.8792
vn -0.1711 0.2115 -0.9623
vn 0.1128 0.2762 -0.9545
vn 0.0680 0.7422 -0.6667
vn 0.6190 0.4048 -0.6731
vn 0.2860 -0.2613 -0.9219
vn -0.0120 -0.1341 -0.9909
vn -0.2867 -0.0795 -0.9547
vn -0.4656 0.1790 -0.8667
vn 0.0127 0.5341 -0.8453
vn -0.2802 0.5465 -0.7892
vn 0.0858 0.1720 -0.9814
vn 0.1728 -0.4244 -0.8888
vn 0.2729 -0.3958 -0.8768
vn 0.2760 0.1853 -0.9431
vn 0.3295 0.4530 -0.8284
vn 0.2719 0.6278 -0.7293
vn -0.1049 0.8529 -0.5114
vn -0.1110 0.9211 -0.3732
vn -0.6628 0.5982 -0.4503
vn -0.7032 0.2006 -0.6821
vn -0.5167 -0.2322 -0.8241
vn -0.2727 -0.2072 -0.9395
vn -0.1857 -0.3231 -0.9280
vn -0.1203 -0.3936 -0.9114
vn -0.0674 -0.4122 -0.9086
vn -0.2021 -0.2519 -0.9464
vn -0.0435 -0.7447 -0.6660
vn -0.7003 -0.4352 -0.5659
vn -0.7581 -0.1860 -0.6250
vn -0.5613 -0.3167 -0.7647
vn -0.2260 -0.7175 -0.6589
vn 0.0725 -0.7432 -0.6651
vn -0.1464 -0.8358 -0.5292
vn -0.2276 -0.7722 -0.5932
vn 0.1555 -0.7788 -0.6077
vn 0.0535 -0.7053 -0.7069
vn 0.1546 -0.3509 -0.9236
vn 0.1516 -0.2942 -0.9436
vn 0.0824 -0.6940 -0.7152
vn 0.6422 -0.0984 -0.7602
vn 0.5376 -0.0691 -0.8403
vn 0.5678 0.3067 -0.7639
vn 0.7786 0.3139 -0.5433
vn 0.6190 0.7393 -0.2651
vn 0.2675 0.2516 -0.9301
vn 0.4700 0.0271 -0.8823
vn 0.4665 -0.2045 -0.8606
vn 0.3102 -0.6659 -0.6785
vn 0.1774 -0.7967 -0.5778
vn 0.0598 -0.6987 -0.7129
vn -0.3746 -0.7100 -0.5963
vn -0.5486 -0.8304 -0.0971
vn -0.0906 -0.9536 -0.2873
vn 0.1872 -0.4630 -0.8663
vn 0.4106 -0.7421 -0.5298
vn 0.2667 -0.5342 -0.8022
vn 0.0038 -0.4533 -0.8914
vn -0.3634 -0.6170 -0.6980
vn -0.2314 -0.6402 -0.7326
vn -0.0259 -0.5278 -0.8490
vn 0.0135 -0.7578 -0.6523
vn -0.4338 -0.7596 -0.4846
vn -0.5972 -0.7210 -0.3516
vn -0.7622 -0.5772 -0.2931
vn -0.6774 -0.5663 -0.4695
vn -0.8814 -0.2080 -0.4241
vn -0.9182 -0.3872 0.0837
vn -0.9035 -0.1582 -0.3983
vn -0.9749 0.0311 -0.2204
vn -0.7509 0.4870 -0.4461
vn -0.3559 0.8357 -0.4182
vn -0.8527 -0.4906 0.1795
vn -0.8151 -0.4272 0.3913
vn -0.6675 -0.5557 0.4956
vn -0.6855 -0.6247 0.3739
vn -0.9374 -0.3440 0.0546
vn -0.9570 -0.2893 -0.0228
vn -0.8625 -0.3820 0.3319
vn -0.3025 -0.7899 0.5335
vn -0.5875 -0.5516 0.5921
vn -0.0547 -0.8851 0.4621
vn -0.6065 -0.1671 0.7774
vn -0.8508 -0.4003 0.3404
vn -0.7362 -0.6364 -0.2302
vn -0.4450 -0.7056 -0.5515
vn -0.8792 -0.3858 -0.2796
vn -0.9709 -0.1567 0.1813
vn -0.8033 0.0960 0.5877
vn -0.3116 -0.2666 0.9120
vn 0.1534 -0.9832 -0.0989
vn 0.1288 -0.7387 0.6616
vn -0.0405 -0.5150 0.8562
vn -0.5620 -0.4699 0.6807
vn -0.9233 -0.3164 0.2178
vn -0.1189 -0.4650 0.8773
vn -0.2241 -0.5224 0.8227
vn 0.0763 -0.5716 0.8170
vn 0.0724 -0.5589 0.8261
vn 0.0109 -0.7292 0.6843
vn 0.0865 -0.9425 0.3229
vn 0.6668 -0.2211 0.7117
vn -0.3390 0.7427 -0.5775
vn -0.4531 0.6217 0.6388
vn -0.8380 0.1910 0.5111
vn -0.8483 0.3938 0.3540
vn -0.9975 0.0500 0.0496
vn -0.8232 -0.5402 -0.1745
vn -0.9697 -0.0319 0.2422
vn -0.3506 0.6986 0.6237
vn -0.8616 0.4804 0.1641
vn -0.9021 0.4247 0.0769
vn -0.6853 0.6427 -0.3425
vn -0.6373 -0.4748 -0.6070
vn -0.6001 0.6892 -0.4061
vn -0.9769 0.1883 -0.1010
vn -0.9233 0.1147 0.3665
vn -0.6783 -0.3793 0.6293
vn -0.6908 -0.6900 0.2163
vn -0.3224 -0.8806 -0.3472
vn 0.0354 -0.7611 -0.6477
vn 0.0614 -0.8509 -0.5217
vn -0.3447 -0.9220 0.1761
vn -0.2425 -0.7003 0.6714
vn -0.6747 -0.3641 0.6421
vn -0.9949 -0.0683 0.0738
vn -0.7849 -0.5291 0.3225
vn -0.3629 -0.6241 0.6919
vn 0.2296 -0.6864 0.6900
vn 0.1890 -0.7988 0.5712
vn 0.1424 -0.9887 -0.0476
vn 0.5892 -0.8075 -0.0286
vn 0.4258 -0.7536 -0.5008
vn 0.4689 -0.5533 -0.6885
vn 0.5147 -0.6295 -0.5821
vn 0.5622 -0.5933 -0.5761
vn 0.8138 -0.4050 -0.4169
vn 0.8671 -0.1150 -0.4846
vn 0.8466 -0.3163 -0.4280
vn 0.8905 -0.4538 -0.0334
vn 0.6401 -0.6007 0.4790
vn 0.7449 -0.5084 0.4320
vn 0.9488 -0.2209 0.2260
vn 0.9553 -0.1363 0.2623
vn 0.9485 0.2751 -0.1571
vn 0.9312 0.3026 -0.2032
vn 0.9845 0.1343 -0.1129
vn 0.9766 -0.2105 -0.0449
vn 0.8669 -0.4898 0.0924
vn 0.8058 -0.5921 0.0120
vn -0.7916 -0.6109 -0.0139
vn -0.7962 -0.4878 0.3579
vn -0.2506 -0.8455 0.4716
vn -0.5721 0.1094 0.8129
vn -0.0160 -0.7859 0.6182
vn 0.7389 0.4229 -0.5245
vn 0.2753 0.8077 -0.5214
vn -0.7132 0.5763 0.3991
vn -0.3245 0.7925 0.5164
vn -0.8962 -0.0187 0.4433
vn -0.8337 -0.5334 -0.1426
vn -0.9853 0.0532 0.1626
vn -0.5994 0.6621 0.4499
vn -0.1317 0.6701 0.7305
vn -0.2558 0.9622 -0.0937
vn -0.9109 0.4064 0.0715
vn -0.6071 0.7649 -0.2154
vn -0.8901 0.4365 -0.1314
vn -0.9930 -0.0969 -0.0674
vn -0.8938 0.3472 -0.2838
vn -0.4831 0.6196 -0.6187
vn -0.0231 0.7392 -0.6731
vn -0.5123 0.5432 -0.6652
vn 0.0179 0.7706 -0.6371
vn -0.0240 0.2333 -0.9721
vn -0.5111 0.2302 -0.8281
vn -0.7885 0.0193 -0.6147
vn -0.8946 0.1098 -0.4332
vn -0.9997 0.0168 0.0155
vn -0.9449 -0.1795 -0.2737
vn -0.9684 -0.1212 -0.2182
vn -0.9158 -0.0054 -0.4015
vn -0.5018 -0.3476 -0.7921
vn 0.1627 -0.5907 -0.7903
vn -0.5348 -0.5572 -0.6353
vn 0.2138 -0.6737 -0.7074
vn -0.9750 0.0542 -0.2155
vn -0.8399 0.4284 0.3334
vn -0.9424 0.1391 0.3043
vn -0.8452 -0.5311 0.0587
vn -0.8159 -0.2805 0.5055
vn -0.7975 -0.6018 0.0426
vn -0.8136 -0.4627 0.3521
vn -0.8174 -0.4595 0.3474
vn -0.3685 -0.7671 0.5251
vn -0.4973 -0.6885 0.5278
vn -0.4245 -0.8405 0.3367
vn -0.3928 -0.7829 0.4825
vn -0.5506 -0.4315 0.7146
vn -0.6398 -0.0171 0.7683
vn -0.5482 0.4808 0.6843
vn -0.8146 0.5272 0.2419
vn -0.9535 0.1225 -0.2754
vn -0.3792 -0.5428 -0.7494
vn 0.1968 -0.5562 -0.8074
vn -0.1166 0.9378 -0.3271
vn -0.7040 0.6678 -0.2417
vn -0.2193 0.9548 0.2007
vn -0.2090 0.8424 0.4967
vn -0.1704 0.4061 0.8978
vn -0.1234 -0.0372 0.9917
vn 0.0213 -0.5530 0.8329
vn 0.0914 -0.8172 0.5691
vn 0.1294 -0.8503 0.5101
vn 0.0561 -0.6971 0.7148
vn -0.6817 -0.7310 -0.0319
vn 0.0752 -0.8063 0.5868
vn -0.3032 -0.9523 0.0347
vn 0.2181 -0.9758 0.0147
vn 0.5051 -0.5939 0.6263
vn 0.6202 -0.7709 0.1452
vn 0.2433 -0.8702 -0.4284
vn -0.1630 -0.9021 -0.3997
vn 0.2486 -0.8122 -0.5277
vn 0.5777 -0.7623 -0.2919
vn 0.8802 -0.4055 0.2468
vn 0.6571 -0.6126 -0.4393
vn 0.9448 -0.2971 -0.1383
vn 0.2655 -0.6946 -0.6686
vn -0.2288 -0.7881 -0.5715
vn -0.7049 -0.5864 -0.3991
vn -0.9734 0.0112 -0.2288
vn -0.7690 -0.4636 -0.4401
vn -0.9565 -0.2356 -0.1723
vn -0.5442 -0.6956 -0.4690
vn -0.2035 -0.7487 -0.6309
vn 0.1979 -0.6619 -0.7230
vn 0.6416 -0.6103 -0.4646
vn 0.8761 -0.4392 -0.1991
vn 0.9788 -0.1127 -0.1710
vn 0.9531 0.2663 0.1435
vn 0.9327 0.3604 0.0127
vn 0.9862 0.1216 0.1122
vn 0.6986 0.6656 0.2627
vn 0.7198 0.5434 0.4320
vn 0.9599 -0.2682 0.0812
vn 0.7092 -0.5590 -0.4296
vn 0.3460 -0.6644 -0.6625
vn 0.1617 -0.7921 -0.5886
vn 0.5215 -0.6927 -0.4982
vn 0.4751 -0.3390 -0.8120
vn 0.2078 -0.1688 -0.9635
vn -0.0618 0.2350 -0.9700
vn 0.2238 0.4056 -0.8862
vn 0.3706 0.2602 -0.8916
vn 0.7428 -0.3744 -0.5551
vn 0.5497 0.1343 -0.8245
vn 0.2896 0.4439 -0.8479
vn 0.0784 0.4840 -0.8716
vn 0.4462 0.5295 -0.7215
vn -0.0799 0.6796 -0.7293
vn -0.4872 0.1898 -0.8524
vn -0.0420 -0.3219 -0.9459
vn 0.4497 -0.2570 -0.8554
vn 0.4062 -0.7251 -0.5561
vn 0.9087 -0.2289 -0.3492
vn 0.8894 0.0030 -0.4572
vn 0.9487 0.1623 -0.2713
vn 0.9646 0.2635 0.0094
vn 0.7522 0.6551 -0.0709
vn 0.6695 0.6473 -0.3644
vn 0.2551 0.8789 -0.4030
vn 0.1831 0.9142 -0.3615
vn -0.2657 0.6380 -0.7227
vn 0.7702 0.4041 -0.4934
vn 0.6413 0.3929 -0.6591
vn 0.4036 0.3801 -0.8323
vn 0.6522 -0.0353 -0.7572
vn 0.7845 0.0950 -0.6128
vn 0.6512 0.1591 -0.7420
vn 0.5632 -0.0305 -0.8258
vn 0.6341 0.4113 -0.6548
vn 0.9146 0.2631 -0.3072
vn 0.9534 0.2031 -0.2232
vn 0.9861 0.0873 -0.1414
vn 0.9804 0.0575 -0.1885
vn 0.6841 -0.3834 -0.6205
vn 0.9599 -0.1758 -0.2185
vn 0.3972 -0.5175 -0.7579
vn 0.4220 -0.8202 -0.3863
vn 0.8050 -0.5027 -0.3151
vn 0.9608 -0.2559 0.1064
vn 0.9590 -0.1623 0.2325
vn 0.9782 0.0006 0.2079
vn 0.8427 0.1303 0.5223
vn 0.9129 0.1387 0.3840
vn 0.9780 0.0738 0.1951
vn 0.8777 0.3995 -0.2647
vn 0.8670 0.1268 -0.4820
vn 0.7377 0.1064 -0.6667
vn 0.7091 0.2320 -0.6659
vn 0.8294 0.3179 -0.4593
vn 0.9570 0.2864 -0.0461
vn 0.9622 0.1431 0.2316
vn 0.9839 0.0489 0.1718
vn 0.9257 -0.1068 0.3629
vn 0.6871 -0.1364 0.7136
vn 0.6890 -0.0814 0.7202
vn 0.6782 -0.3329 0.6552
vn 0.4017 -0.2933 0.8676
vn 0.2737 -0.6873 0.6728
vn 0.9250 -0.2571 -0.2798
vn 0.5933 -0.7595 -0.2666
vn 0.9456 0.1086 -0.3067
vn 0.6246 -0.4315 -0.6509
vn 0.9897 -0.0298 -0.1400
vn 0.9160 0.2469 0.3162
vn 0.9305 0.2853 0.2297
vn 0.9176 0.0767 0.3900
vn 0.8539 0.4289 0.2949
vn 0.7692 0.6389 0.0127
vn 0.6991 0.6510 -0.2958
vn 0.6386 0.6238 -0.4506
vn 0.6545 0.7075 0.2666
vn 0.6283 0.6698 0.3958
vn 0.8013 0.3940 0.4502
vn 0.9338 -0.0243 0.3570
vn 0.8284 0.1352 0.5436
vn 0.7383 0.2729 0.6167
vn 0.6864 0.2291 0.6902
vn 0.8109 0.4960 0.3106
vn 0.9742 0.0123 -0.2253
vn 0.5616 0.6921 0.4534
vn 0.9192 0.3610 0.1574
vn 0.9308 -0.2940 -0.2171
vn 0.9587 0.0722 0.2751
vn 0.7383 0.2849 0.6113
vn 0.6414 0.6553 0.3989
vn 0.2505 0.6060 0.7550
vn 0.3437 0.6195 0.7058
vn 0.3394 0.2841 0.8967
vn 0.3308 0.1326 0.9344
vn 0.5733 -0.0065 0.8194
vn 0.6281 0.4261 0.6511
vn 0.4021 0.2924 0.8677
vn 0.4953 0.6555 0.5701
vn 0.3679 0.6057 0.7056
vn 0.1308 0.4754 0.8700
vn 0.2416 -0.0329 0.9698
vn 0.4702 -0.3739 0.7995
vn 0.0712 0.1168 0.9906
vn 0.0480 -0.3768 0.9251
vn 0.1537 0.0842 0.9845
vn -0.0674 0.4640 0.8833
vn -0.0672 -0.0085 0.9977
vn -0.1492 0.4513 0.8798
vn -0.0280 -0.5153 0.8565
vn -0.1278 -0.4893 0.8627
vn -0.0814 -0.2471 0.9656
vn -0.0787 -0.1462 0.9861
vn -0.2305 0.1099 0.9668
vn -0.3341 0.4344 0.8365
vn -0.2160 0.4259 0.8786
vn 0.3365 0.3342 0.8804
vn 0.7157 0.0269 0.6979
vn 0.2284 0.1968 0.9535
vn -0.1415 0.2262 0.9637
vn -0.3086 0.1810 0.9338
vn -0.7838 0.0581 0.6183
vn -0.6384 -0.1708 0.7505
vn -0.1564 -0.2469 0.9563
vn -0.1448 -0.4021 0.9041
vn -0.1210 -0.3592 0.9254
vn -0.1455 -0.4724 0.8693
vn -0.1361 -0.6085 0.7818
vn -0.1501 -0.5604 0.8145
vn -0.1088 -0.6554 0.7474
vn -0.1133 -0.5451 0.8307
vn -0.0407 -0.6893 0.7233
vn -0.1833 -0.7322 0.6560
vn -0.7950 -0.2861 0.5349
vn -0.8147 -0.4775 0.3291
vn -0.5263 -0.8228 -0.2147
vn -0.6884 -0.6791 0.2550
vn -0.4948 -0.8628 -0.1034
vn -0.9061 -0.4208 -0.0432
vn -0.9014 -0.1882 0.3900
vn -0.7340 0.0265 0.6786
vn -0.2675 0.4255 0.8645
vn -0.7271 0.4922 0.4787
vn -0.8801 0.4340 0.1926
vn -0.8344 0.4434 -0.3272
vn -0.6807 -0.5675 -0.4633
vn -0.2813 -0.7527 -0.5953
vn -0.0796 -0.8622 -0.5002
vn 0.0083 -0.9162 -0.4006
vn -0.0572 -0.8784 0.4745
vn 0.0243 -0.7190 0.6946
vn -0.0121 -0.6048 0.7963
vn -0.1442 0.0709 -0.9870
vn -0.5454 0.3045 -0.7809
vn -0.8131 0.4370 -0.3847
vn -0.8839 0.4528 0.1170
vn -0.7964 0.4068 0.4474
vn -0.3564 0.4828 0.7999
vn 0.2292 0.2817 0.9317
vn 0.7015 0.0790 0.7083
vn 0.2862 0.2389 0.9279
vn -0.2556 0.1596 0.9535
vn -0.5616 -0.0457 0.8261
vn -0.8937 0.2684 0.3595
vn -0.8594 0.4750 -0.1894
vn -0.5400 0.3096 -0.7827
vn -0.1316 0.0654 -0.9891
vn 0.0165 0.0231 -0.9996
vn -0.4102 0.4752 -0.7784
vn 0.2882 0.1680 -0.9427
vn -0.2517 0.6998 -0.6686
vn 0.1265 0.3175 -0.9398
vn -0.6651 0.7411 -0.0914
vn -0.8267 0.1868 0.5307
vn -0.5543 -0.2518 0.7933
vn -0.2576 -0.4790 0.8392
vn -0.0868 -0.2330 0.9686
vn 0.0679 -0.0050 0.9977
vn 0.7034 0.1183 0.7009
vn 0.9662 -0.1108 0.2326
vn 0.9394 -0.1236 0.3197
vn 0.8630 -0.4121 0.2923
vn 0.6126 -0.1409 0.7778
vn 0.3898 -0.5482 0.7399
vn 0.1908 -0.7316 0.6544
vn 0.7034 -0.6717 0.2322
vn 0.8586 -0.5089 -0.0618
vn 0.9130 -0.2275 -0.3387
vn 0.5781 -0.3054 -0.7567
vn 0.6515 -0.6922 -0.3105
vn 0.4655 -0.8641 0.1915
vn -0.0640 -0.8878 0.4557
vn -0.5557 -0.3732 0.7429
vn -0.8622 0.1469 0.4847
vn -0.2317 -0.9362 0.2644
vn 0.3774 -0.9174 -0.1264
vn 0.5013 -0.8452 -0.1853
vn 0.3829 -0.4396 -0.8125
vn 0.4860 -0.5784 -0.6552
vn 0.4202 -0.5992 -0.6815
vn 0.2749 0.1875 -0.9430
vn 0.0589 0.0003 -0.9983
vn 0.2879 -0.1816 -0.9403
vn -0.1460 0.0563 -0.9877
vn -0.1550 0.0534 -0.9865
vn 0.3419 -0.2045 -0.9172
vn 0.6479 -0.2449 -0.7212
vn 0.9465 -0.1830 -0.2658
vn 0.9426 -0.3235 -0.0823
vn 0.9643 -0.1418 0.2237
vn 0.6630 -0.5427 -0.5156
vn 0.3288 -0.6870 -0.6480
vn -0.2749 -0.6956 -0.6638
vn -0.2371 -0.8599 -0.4520
vn 0.2674 -0.6906 -0.6720
vn -0.1349 -0.7934 -0.5936
vn 0.1347 -0.3817 0.9144
vn 0.0637 -0.5490 0.8334
vn 0.0349 -0.7862 0.6170
vn 0.1700 -0.6405 0.7489
vn -0.0652 -0.7677 0.6375
vn 0.2882 -0.5306 0.7971
vn 0.3750 -0.2040 0.9043
vn -0.0181 -0.4407 0.8975
vn 0.0516 -0.9883 -0.1434
vn 0.1005 0.4774 0.8729
vn 0.9724 0.2318 0.0277
vn -0.1216 -0.7786 0.6156
vn -0.7135 0.1390 0.6867
vn -0.0890 -0.8284 0.5530
vn -0.7390 0.5463 0.3944
vn -0.3502 0.6791 0.6451
vn 0.4936 -0.0516 0.8682
vn 0.0783 0.7449 0.6626
vn 0.6081 0.1859 0.7718
vn 0.8810 -0.2410 0.4072
vn 0.9061 -0.2711 0.3249
vn 0.7501 -0.4616 0.4736
vn 0.8247 -0.5633 0.0499
vn 0.9332 -0.3098 -0.1821
vn 0.8510 -0.4110 -0.3269
vn 0.8879 -0.2081 0.4103
vn 0.6426 0.3424 0.6854
vn 0.1053 0.7989 0.5922
vn -0.6855 0.6485 0.3310
vn -0.3895 0.7192 0.5754
vn -0.0731 0.9873 -0.1411
vn 0.3379 0.9393 0.0594
vn 0.6114 0.6806 0.4037
vn 0.5986 0.6075 0.5221
vn 0.9000 0.1125 0.4211
vn 0.9284 -0.3713 -0.0156
vn 0.9900 -0.1307 0.0535
vn 0.8963 0.2828 0.3416
vn 0.8393 0.2074 0.5026
vn 0.6676 0.6734 0.3175
vn 0.4901 0.8439 -0.2184
vn 0.8795 0.4276 0.2090
vn 0.7146 0.3705 0.5934
vn 0.5384 -0.1484 0.8295
vn 0.9049 0.1710 0.3898
vn 0.5317 -0.2024 0.8224
vn 0.2167 -0.6297 0.7460
vn 0.7248 -0.4578 0.5148
vn 0.9217 -0.3461 0.1752
vn 0.7614 -0.5680 -0.3123
vn 0.6190 -0.7743 -0.1317
vn 0.5052 -0.7989 0.3263
vn 0.3514 -0.8648 -0.3587
vn 0.3799 -0.7714 -0.5106
vn 0.4100 -0.6869 -0.6001
vn 0.7807 -0.5524 -0.2920
vn 0.6660 -0.4246 -0.6132
vn 0.6582 -0.3828 -0.6483
vn 0.3755 -0.7841 -0.4942
vn 0.4130 -0.3529 -0.8396
vn 0.4211 -0.3394 -0.8411
vn 0.1356 -0.5137 -0.8472
vn -0.1055 -0.6870 -0.7189
vn -0.0372 -0.6994 -0.7138
vn -0.0291 -0.8712 -0.4900
vn -0.3181 -0.9357 -0.1528
vn 0.1990 -0.9799 0.0125
vn -0.1311 -0.8555 0.5010
vn -0.5350 -0.8005 0.2701
vn -0.2225 -0.7600 0.6106
vn 0.2957 -0.5223 0.7999
vn 0.7147 -0.3216 0.6211
vn 0.3474 -0.6699 0.6561
vn 0.7325 -0.2517 0.6325
vn 0.8558 0.2947 0.4251
vn 0.4162 -0.0987 0.9039
vn 0.2017 -0.6179 0.7599
vn -0.0944 -0.8687 0.4864
vn -0.6558 -0.7253 0.2093
vn -0.5206 -0.8486 0.0941
vn -0.7206 -0.6040 -0.3406
vn -0.8721 -0.4846 -0.0684
vn -0.8878 -0.4593 -0.0295
vn -0.6440 -0.6907 -0.3290
vn -0.5541 -0.5246 -0.6464
vn -0.9016 0.0408 -0.4307
vn -0.9140 -0.0259 -0.4048
vn -0.7487 -0.1472 -0.6464
vn -0.7694 -0.5467 -0.3305
vn -0.5488 -0.7969 0.2526
vn -0.1644 -0.8162 0.5538
vn 0.0840 -0.2509 0.9644
vn -0.0280 0.1020 0.9944
vn 0.4015 0.3639 0.8405
vn 0.8206 0.4797 0.3106
vn 0.9186 0.3939 0.0301
vn 0.6528 0.7184 -0.2404
vn 0.2146 0.8030 -0.5561
vn 0.1664 0.8085 -0.5644
vn 0.7745 0.5425 -0.3253
vn 0.9759 0.0217 -0.2173
vn 0.4281 0.3982 -0.8112
vn -0.2178 0.5959 -0.7730
vn -0.2273 0.6707 -0.7061
vn -0.4339 0.7818 -0.4477
vn -0.7461 0.5093 -0.4289
vn -0.7076 0.3555 -0.6106
vn -0.6315 0.1678 -0.7570
vn -0.4354 0.0763 -0.8970
vn -0.1030 0.3139 -0.9438
vn -0.0650 -0.3513 -0.9340
vn 0.6088 -0.4703 -0.6388
vn 0.9846 -0.1575 -0.0752
vn 0.7581 0.4918 0.4282
vn 0.1809 0.6446 0.7428
vn 0.1706 0.7801 0.6019
vn -0.1894 0.5504 0.8131
vn -0.5409 0.7600 0.3602
vn -0.5828 0.3345 0.7406
vn -0.4349 0.8952 0.0972
vn 0.7576 0.5471 0.3559
vn 0.9564 -0.2028 -0.2101
vn 0.6267 -0.5665 -0.5351
vn -0.1034 -0.5719 -0.8138
vn -0.5741 -0.1282 -0.8087
vn -0.7758 -0.0515 -0.6289
vn -0.6728 -0.0687 -0.7366
vn -0.7329 -0.1358 -0.6666
vn -0.9135 0.0610 -0.4022
vn -0.8874 0.0953 -0.4511
vn -0.9190 0.3826 -0.0951
vn -0.8686 0.0960 -0.4861
vn -0.9021 -0.1358 -0.4097
vn -0.9919 0.1271 -0.0044
vn -0.9877 0.1233 0.0959
vn -0.8705 -0.4073 -0.2763
vn -0.8545 -0.5172 -0.0485
vn -0.9229 -0.2896 0.2537
vn -0.5282 -0.8489 0.0206
vn 0.5531 -0.5819 0.5962
vn 0.7171 -0.6637 0.2127
vn -0.7330 0.0194 -0.6800
vn 0.0921 -0.5250 -0.8461
vn -0.6091 0.5829 -0.5378
vn 0.6236 -0.4556 -0.6353
vn -0.1011 0.9402 -0.3253
vn 0.3118 0.9465 0.0832
vn -0.6092 0.5829 -0.5377
vn -0.7330 0.0195 -0.6800
vn -0.9044 0.3959 -0.1592
vn -0.7986 -0.0430 -0.6003
vn -0.9482 0.3135 -0.0509
vn -0.6537 -0.0892 -0.7515
vn -0.8622 0.3454 0.3706
vn -0.9011 -0.1292 0.4138
vn -0.9899 0.0267 -0.1389
vn -0.7262 -0.1011 -0.6800
vn -0.9299 -0.3626 0.0610
vn -0.7755 -0.4857 0.4033
vn -0.5355 -0.0739 0.8413
vn -0.3443 -0.5566 0.7561
vn -0.5828 0.4293 0.6900
vn -0.6142 -0.0870 0.7843
vn -0.3879 0.4028 0.8290
vn -0.4927 -0.3955 0.7751
vn -0.3537 -0.0483 0.9341
vn -0.2454 0.3964 0.8847
vn -0.1881 -0.0343 0.9816
vn -0.1331 0.4057 0.9043
vn -0.0641 0.0104 0.9979
vn -0.0135 -0.5263 0.8502
vn -0.0451 -0.5468 0.8360
vn -0.1889 -0.4941 0.8486
vn -0.4391 -0.3396 0.8318
vn -0.4080 -0.4574 0.7901
vn -0.1652 -0.4703 0.8669
vn -0.0896 -0.5464 0.8327
vn 0.0128 -0.5794 0.8149
vn -0.0154 -0.6095 0.7926
vn -0.0067 -0.4926 0.8702
vn 0.0177 -0.6235 0.7817
vn 0.1038 -0.7449 0.6590
vn 0.1418 -0.7455 0.6512
vn 0.1068 -0.9426 0.3164
vn 0.2425 -0.9282 0.2821
vn 0.1738 -0.9544 0.2426
vn 0.1280 -0.8481 0.5141
vn 0.0274 -0.8288 0.5588
vn 0.2972 -0.7343 0.6104
vn -0.1442 -0.9061 0.3978
vn 0.5057 -0.5776 0.6408
vn -0.1501 -0.8348 0.5298
vn 0.0904 -0.7415 0.6648
vn -0.0597 -0.6096 0.7904
vn 0.0775 -0.5611 0.8241
vn 0.0249 -0.7171 0.6966
vn -0.1118 -0.6561 0.7463
vn 0.0360 -0.7870 0.6159
vn -0.0134 -0.5629 0.8264
vn -0.1417 -0.6068 0.7821
vn -0.1533 -0.4717 0.8683
vn -0.0582 -0.4907 0.8694
vn -0.1767 -0.3824 0.9069
vn -0.0860 -0.4047 0.9104
vn -0.1268 -0.3524 0.9272
vn 0.0622 -0.8124 0.5798
vn 0.5903 0.7560 -0.2830
vn -0.1222 0.9763 -0.1784
vn 0.6374 0.7604 -0.1243
vn 0.7993 0.3288 -0.5029
vn 0.7301 0.6565 -0.1898
vn -0.1692 0.9548 -0.2444
vn 0.0795 0.0652 -0.9947
vn 0.7417 -0.4513 -0.4962
vn 0.9415 0.2831 -0.1826
vn 0.6539 -0.0399 -0.7555
vn 0.6084 -0.6184 -0.4974
vn 0.1384 -0.6812 -0.7188
vn -0.2813 -0.7475 -0.6018
vn -0.3451 -0.7420 -0.5748
vn -0.5166 -0.2322 -0.8241
vn -0.9173 0.0224 -0.3975
vn -0.7560 0.5938 -0.2755
vn -0.8337 0.4149 -0.3644
vn -0.1693 0.9548 -0.2444
vn 0.5530 -0.7110 -0.4343
vn 0.4965 -0.8580 -0.1319
vn 0.2477 -0.4965 -0.8320
vn 0.0495 -0.8790 -0.4742
vn 0.8129 -0.5656 0.1389
vn 0.9198 -0.3500 0.1772
vn 0.7062 0.3601 0.6096
vn 0.7419 -0.2774 0.6104
vn 0.6073 -0.4055 0.6832
vn -0.5187 -0.8518 -0.0741
vn -0.2075 -0.6583 -0.7236
vn -0.4572 -0.5592 -0.6915
vn -0.5760 -0.3597 -0.7340
vn -0.8765 0.0432 -0.4794
vn -0.8984 -0.1491 -0.4131
vn -0.8377 -0.4113 -0.3592
vn -0.7863 -0.5827 -0.2054
vn 0.2240 0.6504 0.7258
vn 0.1837 0.0330 0.9824
vn -0.5550 0.3882 -0.7357
vn -0.3994 0.7412 -0.5395
vn 0.3123 0.7639 0.5647
vn 0.2363 0.8322 0.5016
vn 0.0541 0.8458 0.5308
vn -0.2338 0.6685 0.7060
vn 0.2901 0.9511 -0.1063
vn -0.0900 0.9935 -0.0703
vn 0.6866 0.7234 0.0729
vn 0.7231 0.6871 -0.0700
vn 0.3406 0.7921 -0.5065
vn -0.0711 0.7378 -0.6712
vn 0.8649 0.4418 -0.2384
vn 0.4650 0.6902 -0.5544
vn -0.1251 0.7318 -0.6699
vn 0.8360 0.3396 -0.4309
vn 0.5443 0.4493 -0.7084
vn 0.1022 0.2807 -0.9544
vn 0.7629 -0.1136 -0.6364
vn 0.2268 -0.5860 -0.7779
vn 0.2337 -0.6639 -0.7103
vn 0.8107 -0.3299 -0.4836
vn 0.7147 -0.3500 -0.6055
vn -0.1166 0.9378 -0.3270
vn 0.4367 0.8872 -0.1489
vn 0.8947 0.4410 -0.0713
vn 0.9332 0.3593 -0.0020
vn 0.9149 0.3874 -0.1134
vn 0.9600 0.2782 -0.0302
vn 0.8890 0.4091 0.2056
vn 0.9821 0.1798 -0.0559
vn 0.9434 -0.2313 0.2376
vn 0.8304 -0.1504 0.5364
vn 0.9214 -0.2864 0.2626
vn 0.6112 -0.6406 0.4648
vn 0.6037 -0.4628 0.6491
vn 0.5336 -0.6107 0.5851
vn 0.7923 -0.0889 0.6036
vn 0.7507 0.3636 0.5517
vn 0.5400 0.6507 0.5338
vn 0.5345 0.7496 0.3905
vn 0.2400 0.5812 0.7776
vn 0.4257 0.1096 0.8982
vn 0.5139 -0.2385 0.8240
vn 0.8264 -0.0834 0.5568
vn 0.0568 0.9882 -0.1423
vn 0.6886 0.7026 0.1794
vn 0.1232 0.9743 -0.1888
vn 0.9565 0.1984 0.2140
vn 0.6958 -0.6776 -0.2380
vn -0.0486 -0.7010 -0.7115
vn -0.1827 -0.6180 -0.7647
vn -0.6255 0.0997 -0.7739
vn -0.5223 0.6801 -0.5145
vn -0.5375 0.5205 -0.6635
vn 0.4585 -0.1250 -0.8798
vn 0.8291 -0.5279 -0.1840
vn 0.8290 0.5491 0.1062
vn 0.1231 0.9743 -0.1887
vn -0.3063 -0.8908 0.3356
vn 0.2976 -0.8548 0.4252
vn 0.7792 -0.2820 0.5597
vn 0.7579 -0.6522 0.0140
vn -0.5191 -0.8517 -0.0720
vn 0.8951 -0.3543 0.2708
vn 0.8786 0.3675 0.3051
vn 0.9040 -0.4027 0.1434
vn 0.9030 0.3782 0.2038
vn 0.9856 0.1210 -0.1177
vn 0.4149 0.7714 0.4825
vn 0.0439 0.7648 0.6427
vn 0.3472 0.6436 0.6821
vn 0.7739 0.6161 0.1467
vn 0.9110 0.3468 -0.2232
vn 0.9279 0.3324 -0.1689
vn 0.7135 0.6722 -0.1977
vn 0.3719 0.9273 -0.0418
vn 0.2110 -0.1579 0.9646
vn 0.7244 0.5822 -0.3692
vn 0.2796 0.7046 -0.6522
vn -0.1705 0.7372 -0.6538
vn -0.6654 0.5859 -0.4625
vn -0.2114 0.7815 -0.5869
vn 0.3313 0.6369 -0.6961
vn 0.7788 0.3325 -0.5318
vn 0.9208 0.3658 -0.1354
vn 0.9088 0.0749 -0.4104
vn 0.8579 0.1218 -0.4991
vn 0.6600 0.1383 -0.7384
vn 0.3331 0.2867 -0.8983
vn -0.3089 0.3180 -0.8963
vn 0.3761 -0.3156 -0.8712
vn 0.7852 0.0087 -0.6192
vn 0.9197 0.1600 -0.3585
vn 0.5088 -0.5104 -0.6932
vn 0.8857 0.2209 -0.4084
vn -0.2450 -0.5677 -0.7860
vn -0.7955 -0.2244 -0.5629
vn -0.7580 0.2498 -0.6025
vn -0.9455 0.1268 -0.3001
vn -0.9917 0.0182 0.1276
vn -0.9819 0.1792 -0.0610
vn -0.9553 0.2676 0.1259
vn -0.8103 -0.4299 -0.3983
vn -0.1448 -0.6906 -0.7086
vn 0.3803 -0.5017 -0.7769
vn 0.5263 0.7793 -0.3401
vn -0.0344 0.9462 -0.3219
vn -0.2057 -0.5879 -0.7823
vn -0.6994 -0.4650 -0.5427
vn -0.9513 0.3044 0.0484
vn -0.5958 0.8025 -0.0310
vn 0.0638 0.9750 0.2130
vn -0.0345 0.9461 -0.3219
vn 0.8849 0.2452 -0.3960
vn 0.7650 0.6327 0.1200
vn 0.9281 0.2070 -0.3095
vn 0.1394 0.8724 0.4685
vn -0.5566 0.6898 0.4631
vn -0.6071 0.5737 0.5499
vn -0.7450 0.2867 0.6023
vn -0.2413 0.5963 0.7656
vn 0.1867 0.5111 0.8390
vn 0.5829 0.6305 0.5126
vn 0.8411 0.5225 0.1395
vn 0.8499 0.0768 -0.5213
vn 0.9365 0.3015 0.1789
vn 0.8926 0.1248 -0.4332
vn 0.7220 0.2008 0.6621
vn 0.9337 -0.1305 0.3334
vn 0.9198 0.0699 -0.3862
vn 0.9404 -0.3299 -0.0829
vn 0.6393 -0.6423 0.4227
vn 0.7424 -0.1842 0.6441
vn 0.2518 0.0920 0.9634
vn -0.3230 0.1484 0.9347
vn -0.6103 -0.1660 0.7746
vn -0.2909 -0.3254 0.8997
vn 0.2823 -0.4794 0.8310
vn 0.2205 -0.7865 0.5769
vn -0.2701 -0.7280 0.6301
vn -0.8132 -0.4467 0.3731
vn -0.3639 -0.7848 0.5017
vn 0.2219 -0.8505 0.4768
vn 0.6693 -0.6976 0.2557
vn 0.9176 -0.3935 -0.0568
vn 0.9533 0.2760 -0.1227
vn -0.3541 0.8411 -0.4088
vn 0.3086 0.7343 -0.6046
vn -0.2904 0.9459 -0.1448
vn 0.7825 0.3726 -0.4989
vn 0.4807 0.8137 -0.3267
vn -0.2430 0.9425 -0.2294
vn 0.5847 0.6615 -0.4695
vn -0.1945 -0.1483 -0.9696
vn 0.6075 -0.4081 -0.6815
vn 0.4530 -0.6061 -0.6538
vn -0.7002 -0.4403 -0.5620
vn -0.3932 -0.7994 -0.4543
vn -0.5027 -0.7443 -0.4397
vn -0.9225 0.3634 -0.1303
vn -0.2429 0.9425 -0.2294
vn -0.2905 0.9459 -0.1448
vn -0.8722 0.4863 -0.0533
vn -0.3541 0.8411 -0.4087
vn -0.9933 -0.0490 -0.1046
vn -0.8513 0.4354 -0.2929
vn 0.1265 0.3176 -0.9398
vn -0.0070 -0.9124 -0.4091
vn -0.5763 -0.8083 -0.1206
vn -0.8265 -0.4783 0.2969
vn -0.6188 0.7514 -0.2291
vn -0.2773 0.6500 -0.7075
vn -0.0071 -0.9124 -0.4092
vn 0.5357 0.5838 -0.6101
vn 0.4381 0.5100 -0.7403
vn 0.3257 0.4612 -0.8253
vn 0.7146 0.0708 -0.6959
vn 0.2410 -0.4912 -0.8370
vn 0.3897 0.1033 -0.9151
vn 0.1142 0.4653 -0.8777
vn 0.1192 -0.0341 -0.9923
vn 0.0091 0.4352 -0.9003
vn -0.0964 0.4105 -0.9067
vt 0.852855 0.123537
vt 0.631110 0.141709
vt 0.854277 0.166291
vt 0.852132 0.213961
vt 0.846974 0.253051
vt 0.835936 0.284044
vt 0.821549 0.309035
vt 0.801690 0.329448
vt 0.771252 0.350439
vt 0.749513 0.352367
vt 0.731993 0.457299
vt 0.798533 0.350439
vt 0.780145 0.453684
vt 0.752068 0.476363
vt 0.728305 0.477447
vt 0.775879 0.486219
vt 0.746959 0.493088
vt 0.720666 0.497571
vt 0.766914 0.521357
vt 0.735584 0.522032
vt 0.711532 0.524563
vt 0.693673 0.491979
vt 0.708495 0.463107
vt 0.706109 0.438983
vt 0.721726 0.353838
vt 0.665597 0.432259
vt 0.684491 0.356585
vt 0.665525 0.359332
vt 0.645256 0.362923
vt 0.638532 0.445008
vt 0.668320 0.454046
vt 0.686998 0.455251
vt 0.657523 0.486099
vt 0.678177 0.524249
vt 0.702735 0.557845
vt 0.730402 0.554760
vt 0.753996 0.548012
vt 0.780699 0.540300
vt 0.793086 0.515694
vt 0.800220 0.479640
vt 0.812198 0.433344
vt 0.823886 0.350439
vt 0.849818 0.350439
vt 0.840564 0.428982
vt 0.834828 0.485039
vt 0.815427 0.521285
vt 0.789761 0.566666
vt 0.753128 0.574185
vt 0.733077 0.588789
vt 0.702928 0.593537
vt 0.663862 0.558544
vt 0.653378 0.590187
vt 0.639689 0.546711
vt 0.631206 0.515260
vt 0.632387 0.476869
vt 0.592453 0.496823
vt 0.604985 0.471976
vt 0.611251 0.453540
vt 0.586115 0.429247
vt 0.593947 0.451732
vt 0.572161 0.466048
vt 0.567895 0.490027
vt 0.555676 0.523044
vt 0.579053 0.534227
vt 0.610504 0.547867
vt 0.560400 0.569630
vt 0.588886 0.579776
vt 0.615420 0.555122
vt 0.597345 0.578909
vt 0.592019 0.601804
vt 0.574065 0.614119
vt 0.539481 0.605684
vt 0.537770 0.559508
vt 0.513453 0.504993
vt 0.527720 0.530467
vt 0.526009 0.476049
vt 0.535842 0.454407
vt 0.498487 0.437851
vt 0.485569 0.457733
vt 0.468699 0.487810
vt 0.485280 0.510898
vt 0.510007 0.513694
vt 0.504319 0.524418
vt 0.516875 0.536974
vt 0.520562 0.557074
vt 0.503283 0.576715
vt 0.502632 0.592380
vt 0.499065 0.645160
vt 0.562714 0.665090
vt 0.597659 0.665115
vt 0.607708 0.623445
vt 0.610938 0.610480
vt 0.634821 0.609467
vt 0.637689 0.626313
vt 0.628917 0.660680
vt 0.627422 0.672200
vt 0.594212 0.679984
vt 0.563581 0.682129
vt 0.510103 0.680177
vt 0.487642 0.673598
vt 0.480388 0.652896
vt 0.451323 0.631206
vt 0.476411 0.581680
vt 0.481303 0.572691
vt 0.462578 0.558182
vt 0.450648 0.569630
vt 0.453902 0.525141
vt 0.466530 0.535215
vt 0.486172 0.523647
vt 0.430356 0.514417
vt 0.415872 0.551820
vt 0.412088 0.605852
vt 0.419390 0.624578
vt 0.446913 0.639159
vt 0.452239 0.674007
vt 0.482653 0.705024
vt 0.511766 0.715966
vt 0.528082 0.705265
vt 0.564184 0.701843
vt 0.535987 0.716375
vt 0.579632 0.714423
vt 0.595827 0.695047
vt 0.632869 0.691745
vt 0.621301 0.706133
vt 0.597755 0.710399
vt 0.611275 0.756743
vt 0.626916 0.752116
vt 0.666031 0.710856
vt 0.674683 0.691938
vt 0.668995 0.673791
vt 0.666995 0.665090
vt 0.694469 0.670151
vt 0.679093 0.637134
vt 0.644316 0.588428
vt 0.648751 0.562014
vt 0.635351 0.554423
vt 0.689842 0.683792
vt 0.690107 0.707145
vt 0.717388 0.684033
vt 0.729028 0.666127
vt 0.706880 0.645907
vt 0.715460 0.620770
vt 0.741825 0.624867
vt 0.756020 0.673839
vt 0.763516 0.642701
vt 0.746067 0.691504
vt 0.711459 0.713700
vt 0.680997 0.722425
vt 0.656728 0.752718
vt 0.636532 0.778072
vt 0.662946 0.777590
vt 0.676972 0.755177
vt 0.705169 0.731342
vt 0.725727 0.723148
vt 0.766769 0.710760
vt 0.780795 0.682539
vt 0.790026 0.654053
vt 0.773999 0.614215
vt 0.758696 0.610214
vt 0.810390 0.620023
vt 0.830972 0.583054
vt 0.859121 0.648148
vt 0.843624 0.683358
vt 0.827043 0.719002
vt 0.801666 0.722641
vt 0.778650 0.750814
vt 0.755803 0.730594
vt 0.719461 0.747609
vt 0.701554 0.750019
vt 0.694541 0.777349
vt 0.681406 0.777349
vt 0.658969 0.788025
vt 0.684009 0.801039
vt 0.712568 0.785398
vt 0.696349 0.800533
vt 0.702133 0.833622
vt 0.711821 0.803449
vt 0.728426 0.806944
vt 0.712134 0.835285
vt 0.707386 0.863723
vt 0.686251 0.840105
vt 0.669332 0.822657
vt 0.660295 0.806437
vt 0.634050 0.796074
vt 0.618096 0.785687
vt 0.621879 0.799930
vt 0.640460 0.814656
vt 0.647474 0.832032
vt 0.672827 0.847866
vt 0.692637 0.866519
vt 0.679406 0.873002
vt 0.656656 0.857240
vt 0.641979 0.865579
vt 0.632122 0.834731
vt 0.627061 0.818006
vt 0.613372 0.825211
vt 0.609347 0.803136
vt 0.598526 0.788724
vt 0.596092 0.762624
vt 0.548952 0.737849
vt 0.573149 0.777180
vt 0.575944 0.804702
vt 0.586308 0.814294
vt 0.594984 0.832490
vt 0.618457 0.842949
vt 0.626892 0.872110
vt 0.608383 0.876713
vt 0.594791 0.855240
vt 0.568931 0.844130
vt 0.561533 0.817837
vt 0.557556 0.792074
vt 0.545482 0.764431
vt 0.539312 0.763322
vt 0.528178 0.734957
vt 0.485858 0.728064
vt 0.500294 0.746958
vt 0.524611 0.749344
vt 0.506223 0.762214
vt 0.521936 0.765636
vt 0.520514 0.791592
vt 0.507356 0.789013
vt 0.487280 0.769564
vt 0.493811 0.790314
vt 0.490365 0.751176
vt 0.479014 0.729775
vt 0.476604 0.759346
vt 0.465759 0.791254
vt 0.477062 0.804437
vt 0.470892 0.816873
vt 0.458360 0.774119
vt 0.458047 0.804847
vt 0.448069 0.792797
vt 0.439321 0.785012
vt 0.434525 0.821066
vt 0.441128 0.828634
vt 0.454914 0.839647
vt 0.428187 0.854541
vt 0.441225 0.863651
vt 0.427247 0.890595
vt 0.414570 0.879220
vt 0.406858 0.873315
vt 0.419728 0.847191
vt 0.419607 0.815041
vt 0.407967 0.838298
vt 0.396688 0.861530
vt 0.381577 0.887824
vt 0.396351 0.900717
vt 0.403364 0.913080
vt 0.373721 0.921781
vt 0.379480 0.929637
vt 0.361430 0.906381
vt 0.372347 0.879846
vt 0.379384 0.868302
vt 0.391747 0.840346
vt 0.380493 0.851360
vt 0.395194 0.832562
vt 0.405918 0.810968
vt 0.417631 0.790748
vt 0.397748 0.782362
vt 0.389530 0.805401
vt 0.382059 0.821837
vt 0.373263 0.831285
vt 0.367310 0.842684
vt 0.362321 0.855843
vt 0.358899 0.864398
vt 0.346777 0.898283
vt 0.336944 0.932553
vt 0.332365 0.942699
vt 0.331521 0.948218
vt 0.326316 0.947013
vt 0.327183 0.939807
vt 0.325954 0.921491
vt 0.336655 0.893993
vt 0.351066 0.857168
vt 0.354248 0.849673
vt 0.358875 0.838708
vt 0.363647 0.827164
vt 0.368732 0.814342
vt 0.374660 0.800316
vt 0.420716 0.772866
vt 0.385698 0.773830
vt 0.402906 0.765323
vt 0.391868 0.758840
vt 0.371527 0.770504
vt 0.378396 0.755177
vt 0.398568 0.742620
vt 0.409075 0.747730
vt 0.403677 0.730040
vt 0.388036 0.736981
vt 0.361936 0.749152
vt 0.387867 0.719894
vt 0.365984 0.731269
vt 0.414691 0.705362
vt 0.420933 0.736403
vt 0.430091 0.758502
vt 0.450287 0.765564
vt 0.438502 0.753490
vt 0.459830 0.746717
vt 0.449178 0.731534
vt 0.429295 0.711893
vt 0.431489 0.664536
vt 0.399291 0.699867
vt 0.372829 0.697071
vt 0.362948 0.718834
vt 0.339474 0.742235
vt 0.346295 0.721220
vt 0.353187 0.700759
vt 0.335040 0.720930
vt 0.333570 0.696300
vt 0.353139 0.672923
vt 0.369840 0.653281
vt 0.411558 0.656655
vt 0.396640 0.631880
vt 0.378444 0.619927
vt 0.354706 0.570642
vt 0.383939 0.530588
vt 0.404231 0.498703
vt 0.443780 0.478724
vt 0.462361 0.445394
vt 0.475013 0.423487
vt 0.449901 0.407364
vt 0.419607 0.428765
vt 0.412473 0.463300
vt 0.389771 0.441225
vt 0.403918 0.464963
vt 0.398278 0.494317
vt 0.381312 0.513429
vt 0.354320 0.514296
vt 0.360562 0.505090
vt 0.346680 0.485978
vt 0.330822 0.495161
vt 0.345716 0.457926
vt 0.352320 0.464698
vt 0.369575 0.458769
vt 0.367671 0.442454
vt 0.387771 0.448623
vt 0.382999 0.462071
vt 0.393434 0.474941
vt 0.359839 0.429777
vt 0.374347 0.402086
vt 0.422089 0.396109
vt 0.443008 0.372105
vt 0.467663 0.385071
vt 0.458456 0.366466
vt 0.426765 0.363213
vt 0.387795 0.376492
vt 0.346054 0.379143
vt 0.328412 0.403845
vt 0.304192 0.425535
vt 0.295781 0.472892
vt 0.315302 0.521791
vt 0.288238 0.500993
vt 0.331762 0.545192
vt 0.301999 0.526611
vt 0.280164 0.506439
vt 0.266788 0.484990
vt 0.270669 0.458360
vt 0.278477 0.431392
vt 0.282936 0.399965
vt 0.308289 0.381529
vt 0.327087 0.358537
vt 0.360465 0.359308
vt 0.372202 0.344342
vt 0.400399 0.353910
vt 0.419487 0.346005
vt 0.386373 0.336461
vt 0.363502 0.329665
vt 0.344198 0.334341
vt 0.294383 0.316507
vt 0.274886 0.358730
vt 0.242712 0.385746
vt 0.255726 0.413775
vt 0.244255 0.456456
vt 0.232132 0.416522
vt 0.213792 0.385288
vt 0.245412 0.340510
vt 0.225360 0.359887
vt 0.255992 0.298576
vt 0.217070 0.328533
vt 0.274452 0.313928
vt 0.285514 0.271945
vt 0.313446 0.271319
vt 0.341041 0.293877
vt 0.359863 0.292720
vt 0.435851 0.279272
vt 0.451106 0.283706
vt 0.475254 0.291587
vt 0.437779 0.253123
vt 0.425994 0.221914
vt 0.353428 0.257437
vt 0.335498 0.266041
vt 0.330003 0.237531
vt 0.308144 0.240061
vt 0.278019 0.240447
vt 0.262715 0.262932
vt 0.233651 0.291201
vt 0.264475 0.240037
vt 0.238254 0.260594
vt 0.207647 0.293298
vt 0.214130 0.260835
vt 0.220709 0.239892
vt 0.241941 0.240615
vt 0.241700 0.219263
vt 0.266355 0.219431
vt 0.286671 0.213310
vt 0.304746 0.215166
vt 0.320074 0.210731
vt 0.343475 0.230035
vt 0.331931 0.205622
vt 0.415317 0.199476
vt 0.407653 0.177594
vt 0.399074 0.161061
vt 0.314916 0.176606
vt 0.304047 0.177473
vt 0.290117 0.179449
vt 0.296841 0.143468
vt 0.346078 0.124212
vt 0.409051 0.117849
vt 0.355236 0.081940
vt 0.416570 0.079988
vt 0.335401 0.080494
vt 0.326316 0.118452
vt 0.305758 0.106884
vt 0.287948 0.140455
vt 0.272259 0.174075
vt 0.260426 0.183426
vt 0.238760 0.190559
vt 0.219432 0.218660
vt 0.182727 0.236350
vt 0.185908 0.215286
vt 0.190078 0.190752
vt 0.215166 0.182944
vt 0.231385 0.154289
vt 0.248520 0.137660
vt 0.277007 0.130743
vt 0.292768 0.096063
vt 0.319351 0.072855
vt 0.306650 0.064010
vt 0.295178 0.053816
vt 0.278766 0.082760
vt 0.279971 0.040223
vt 0.269849 0.111318
vt 0.260305 0.068059
vt 0.246135 0.095484
vt 0.218636 0.135491
vt 0.227819 0.115415
vt 0.208514 0.093846
vt 0.214226 0.124838
vt 0.197766 0.104932
vt 0.185908 0.139058
vt 0.192126 0.152337
vt 0.192415 0.173424
vt 0.161616 0.194150
vt 0.160868 0.176485
vt 0.159157 0.157566
vt 0.155109 0.143974
vt 0.175184 0.121609
vt 0.166701 0.103100
vt 0.179040 0.083121
vt 0.188367 0.068974
vt 0.216998 0.073433
vt 0.232157 0.053358
vt 0.255461 0.014074
vt 0.147228 0.106233
vt 0.149927 0.124838
vt 0.126984 0.142215
vt 0.127996 0.153301
vt 0.132647 0.172171
vt 0.152000 0.190294
vt 0.164797 0.212804
vt 0.162411 0.232711
vt 0.147035 0.216925
vt 0.134117 0.193572
vt 0.117488 0.186294
vt 0.097967 0.165447
vt 0.096907 0.141612
vt 0.122260 0.123127
vt 0.120838 0.102040
vt 0.093292 0.109198
vt 0.092882 0.126742
vt 0.062323 0.118524
vt 0.065480 0.130092
vt 0.014798 0.138527
vt 0.066709 0.142215
vt 0.070324 0.166628
vt 0.100401 0.181184
vt 0.104089 0.205526
vt 0.114524 0.208803
vt 0.130767 0.213406
vt 0.144649 0.229288
vt 0.155759 0.250858
vt 0.141299 0.241748
vt 0.125465 0.235988
vt 0.129105 0.225288
vt 0.114500 0.220998
vt 0.104474 0.217817
vt 0.107704 0.231168
vt 0.116018 0.252955
vt 0.132647 0.265703
vt 0.104137 0.273681
vt 0.093268 0.251991
vt 0.096136 0.227168
vt 0.057744 0.197476
vt 0.062468 0.186197
vt 0.026800 0.158820
vt 0.026414 0.177280
vt 0.052394 0.209092
vt 0.077169 0.242688
vt 0.066806 0.253196
vt 0.041597 0.224902
vt 0.011809 0.187089
vt 0.019835 0.234494
vt 0.048658 0.268909
vt 0.088809 0.286936
vt 0.081169 0.297371
vt 0.121200 0.312554
vt 0.129370 0.301251
vt 0.139202 0.285610
vt 0.144264 0.268909
vt 0.177305 0.279826
vt 0.180173 0.256931
vt 0.174630 0.298793
vt 0.171063 0.316579
vt 0.159109 0.329231
vt 0.187403 0.355525
vt 0.200417 0.347258
vt 0.203453 0.371623
vt 0.213768 0.410618
vt 0.183257 0.407918
vt 0.173111 0.380035
vt 0.211840 0.439899
vt 0.185210 0.440381
vt 0.229168 0.442357
vt 0.227433 0.482629
vt 0.211744 0.464698
vt 0.185716 0.454793
vt 0.205839 0.490582
vt 0.180727 0.475109
vt 0.159254 0.440718
vt 0.153952 0.464192
vt 0.134117 0.435031
vt 0.154771 0.487786
vt 0.173882 0.499740
vt 0.220131 0.500511
vt 0.192440 0.512320
vt 0.212033 0.508874
vt 0.235675 0.511115
vt 0.250352 0.500945
vt 0.244158 0.480411
vt 0.258811 0.491040
vt 0.267439 0.510488
vt 0.256618 0.526033
vt 0.232735 0.523719
vt 0.202104 0.523430
vt 0.170267 0.537553
vt 0.141010 0.517188
vt 0.154482 0.526804
vt 0.143034 0.538926
vt 0.157181 0.549241
vt 0.169183 0.560472
vt 0.187162 0.545578
vt 0.213744 0.543096
vt 0.231072 0.555122
vt 0.209768 0.564979
vt 0.195548 0.554519
vt 0.177522 0.567244
vt 0.142022 0.575462
vt 0.134937 0.569485
vt 0.118452 0.593296
vt 0.149469 0.592043
vt 0.169978 0.591440
vt 0.126285 0.607202
vt 0.153108 0.605708
vt 0.183330 0.613805
vt 0.189957 0.589320
vt 0.204345 0.577366
vt 0.228397 0.583512
vt 0.217696 0.597586
vt 0.198585 0.605997
vt 0.222420 0.609347
vt 0.234542 0.602021
vt 0.259414 0.588163
vt 0.250232 0.574908
vt 0.287442 0.550591
vt 0.291346 0.532612
vt 0.319158 0.555989
vt 0.308289 0.561870
vt 0.299275 0.566449
vt 0.310434 0.584885
vt 0.266788 0.601490
vt 0.244255 0.618071
vt 0.227553 0.620529
vt 0.211358 0.631182
vt 0.206707 0.618312
vt 0.191958 0.626410
vt 0.195741 0.641617
vt 0.164508 0.640532
vt 0.158675 0.624819
vt 0.133226 0.620192
vt 0.142625 0.632507
vt 0.124815 0.621710
vt 0.104040 0.616673
vt 0.113247 0.632266
vt 0.131659 0.643858
vt 0.149059 0.647811
vt 0.171858 0.654751
vt 0.152506 0.663500
vt 0.153783 0.681093
vt 0.181209 0.669525
vt 0.206827 0.661885
vt 0.221601 0.649690
vt 0.238688 0.643328
vt 0.230807 0.674152
vt 0.190126 0.680804
vt 0.160965 0.693384
vt 0.143516 0.685816
vt 0.138118 0.664632
vt 0.135130 0.654028
vt 0.118669 0.648775
vt 0.105197 0.652558
vt 0.098449 0.634074
vt 0.076157 0.626868
vt 0.093726 0.604430
vt 0.110764 0.584403
vt 0.121368 0.557724
vt 0.099678 0.571992
vt 0.088930 0.596694
vt 0.066010 0.609660
vt 0.078036 0.585367
vt 0.088737 0.559604
vt 0.109342 0.544542
vt 0.130213 0.527214
vt 0.118597 0.516152
vt 0.104113 0.536589
vt 0.081772 0.550759
vt 0.060660 0.564810
vt 0.067842 0.572570
vt 0.049140 0.588211
vt 0.056852 0.600647
vt 0.044055 0.623036
vt 0.056202 0.639279
vt 0.084086 0.637689
vt 0.057624 0.656920
vt 0.096377 0.654631
vt 0.058250 0.667163
vt 0.101582 0.663861
vt 0.026727 0.664151
vt 0.020919 0.650172
vt 0.011110 0.647666
vt 0.038247 0.615010
vt 0.030969 0.608455
vt 0.033981 0.573414
vt 0.016364 0.593947
vt 0.051165 0.549796
vt 0.072879 0.538806
vt 0.090568 0.526997
vt 0.108571 0.507403
vt 0.129056 0.504487
vt 0.118573 0.497739
vt 0.121947 0.487931
vt 0.140721 0.486967
vt 0.141106 0.472868
vt 0.122525 0.474218
vt 0.121055 0.470265
vt 0.138648 0.462866
vt 0.106499 0.452744
vt 0.115175 0.432838
vt 0.090159 0.448214
vt 0.003254 0.629037
vt 0.004676 0.640267
vt 0.000627 0.641183
vt 0.006339 0.645401
vt 0.003398 0.648775
vt 0.010966 0.652679
vt 0.007206 0.659162
vt 0.009182 0.666464
vt 0.017738 0.676779
vt 0.058323 0.677815
vt 0.055117 0.693312
vt 0.090713 0.693986
vt 0.085748 0.706109
vt 0.099148 0.674441
vt 0.109463 0.672537
vt 0.107631 0.694926
vt 0.126815 0.707675
vt 0.125200 0.685286
vt 0.124357 0.668006
vt 0.110138 0.661789
vt 0.122405 0.658367
vt 0.879485 0.350439
vt 0.872520 0.430596
vt 0.915852 0.350439
vt 0.863121 0.470410
vt 0.908429 0.437634
vt 0.960389 0.350439
vt 0.954437 0.443876
vt 0.998877 0.350439
vt 0.995985 0.450792
vt 0.984513 0.491907
vt 0.943351 0.481881
vt 0.900211 0.473615
vt 0.857964 0.501547
vt 0.841407 0.531455
vt 0.878111 0.534902
vt 0.871291 0.565677
vt 0.883245 0.612191
vt 0.896813 0.673646
vt 0.885534 0.703675
vt 0.932939 0.712785
vt 0.874954 0.740909
vt 0.920817 0.749754
vt 0.845697 0.762069
vt 0.886788 0.774240
vt 0.867797 0.769251
vt 0.866351 0.780795
vt 0.838756 0.778843
vt 0.896644 0.794869
vt 0.919612 0.782675
vt 0.913804 0.796629
vt 0.938555 0.777927
vt 0.960486 0.756285
vt 0.962727 0.772312
vt 0.967234 0.725558
vt 0.941953 0.684780
vt 0.924769 0.631013
vt 0.982152 0.701843
vt 0.905007 0.578306
vt 0.938362 0.598622
vt 0.951063 0.568979
vt 0.918696 0.550422
vt 0.889800 0.506054
vt 0.930361 0.518321
vt 0.965980 0.533673
vt 0.191668 0.051622
vt 0.842347 0.047260
vt 0.829743 0.033065
vt 0.821139 0.059238
vt 0.811306 0.047694
vt 0.815090 0.015207
vt 0.784724 0.073288
vt 0.786411 0.080301
vt 0.769613 0.081506
vt 0.774987 0.070252
vt 0.797328 0.039404
vt 0.791423 0.010074
vt 0.782820 0.035138
vt 0.766070 0.012315
vt 0.763202 0.069673
vt 0.751755 0.035933
vt 0.742428 0.013110
vt 0.735824 0.042079
vt 0.717147 0.020389
vt 0.705169 0.038150
vt 0.724015 0.050972
vt 0.754454 0.073891
vt 0.752912 0.081940
vt 0.716496 0.064275
vt 0.694445 0.053936
vt 0.338775 0.578402
vt 0.347451 0.618601
vt 0.330774 0.591826
vt 0.332654 0.617999
vt 0.347307 0.642051
vt 0.348295 0.667669
vt 0.329497 0.680032
vt 0.328003 0.668946
vt 0.312169 0.650052
vt 0.327207 0.637544
vt 0.311108 0.620722
vt 0.270885 0.627832
vt 0.249244 0.643376
vt 0.253943 0.661066
vt 0.272596 0.645931
vt 0.296817 0.637833
vt 0.302288 0.640340
vt 0.312362 0.675285
vt 0.300553 0.663235
vt 0.282092 0.685190
vt 0.293443 0.692348
vt 0.320917 0.696396
vt 0.317977 0.726642
vt 0.301709 0.703530
vt 0.299348 0.727582
vt 0.312820 0.742572
vt 0.294552 0.741994
vt 0.329015 0.743030
vt 0.316772 0.771372
vt 0.307759 0.771492
vt 0.290599 0.770480
vt 0.309759 0.801352
vt 0.298456 0.800316
vt 0.282622 0.797786
vt 0.300022 0.829116
vt 0.290913 0.827742
vt 0.274356 0.828103
vt 0.288744 0.857578
vt 0.276742 0.860904
vt 0.281562 0.890017
vt 0.291154 0.887607
vt 0.306505 0.932192
vt 0.303131 0.936723
vt 0.307662 0.939591
vt 0.312193 0.933638
vt 0.311084 0.922696
vt 0.310385 0.883461
vt 0.308409 0.858518
vt 0.315856 0.828634
vt 0.332461 0.778192
vt 0.324677 0.805040
vt 0.333522 0.815499
vt 0.343740 0.784988
vt 0.338414 0.808366
vt 0.353573 0.809281
vt 0.360200 0.793809
vt 0.354007 0.823693
vt 0.333570 0.830706
vt 0.326195 0.843600
vt 0.321327 0.857819
vt 0.327015 0.890065
vt 0.318748 0.939446
vt 0.341089 0.856662
vt 0.344270 0.848444
vt 0.349355 0.836032
vt 0.347909 0.764021
vt 0.991647 0.051550
vt 0.982875 0.038608
vt 0.974994 0.061889
vt 0.966607 0.051622
vt 0.951496 0.076494
vt 0.954147 0.043645
vt 0.971114 0.020292
vt 0.949327 0.012942
vt 0.941543 0.037717
vt 0.925444 0.010580
vt 0.912575 0.036825
vt 0.902236 0.013713
vt 0.920672 0.064612
vt 0.897006 0.045670
vt 0.878931 0.026896
vt 0.870496 0.045621
vt 0.888161 0.056274
vt 0.864085 0.062106
vt 0.882401 0.068420
vt 0.910478 0.072999
vt 0.929372 0.080422
vt 0.936217 0.064564
vt 0.946990 0.070927
vt 0.907224 0.079771
vt 0.824465 0.770384
vt 0.816271 0.750043
vt 0.789447 0.766214
vt 0.816825 0.791544
vt 0.834129 0.797279
vt 0.793062 0.785687
vt 0.779494 0.768046
vt 0.790170 0.786941
vt 0.769516 0.777469
vt 0.779928 0.795110
vt 0.760599 0.767853
vt 0.741850 0.756502
vt 0.747031 0.794749
vt 0.763371 0.797761
vt 0.774288 0.803425
vt 0.773107 0.814921
vt 0.761973 0.813740
vt 0.745440 0.809522
vt 0.729655 0.789881
vt 0.755370 0.835189
vt 0.746886 0.835936
vt 0.730137 0.836490
vt 0.718762 0.863025
vt 0.735318 0.862181
vt 0.751538 0.861313
vt 0.762913 0.860325
vt 0.772818 0.838635
vt 0.778964 0.859434
vt 0.785567 0.880618
vt 0.767733 0.884064
vt 0.757683 0.884257
vt 0.742115 0.886739
vt 0.760889 0.909249
vt 0.782338 0.908477
vt 0.782772 0.932361
vt 0.762021 0.934939
vt 0.770167 0.970487
vt 0.748429 0.912261
vt 0.733969 0.912237
vt 0.726546 0.887920
vt 0.717292 0.889944
vt 0.701795 0.890764
vt 0.715291 0.917780
vt 0.723365 0.943013
vt 0.742693 0.937976
vt 0.752044 0.935469
vt 0.761154 0.976729
vt 0.763660 0.979886
vt 0.756406 0.983887
vt 0.756382 0.979404
vt 0.751393 0.977837
vt 0.742548 0.972029
vt 0.748357 0.981838
vt 0.728835 0.979621
vt 0.747031 0.988996
vt 0.740596 0.993358
vt 0.728402 0.994828
vt 0.695770 0.968053
vt 0.685552 0.981525
vt 0.702590 0.960606
vt 0.710254 0.953111
vt 0.703482 0.921419
vt 0.697337 0.909128
vt 0.682395 0.925082
vt 0.671718 0.928360
vt 0.666681 0.937373
vt 0.659957 0.957328
vt 0.656897 0.971620
vt 0.646461 0.943808
vt 0.624964 0.945013
vt 0.660439 0.929276
vt 0.638171 0.927685
vt 0.609926 0.910960
vt 0.625085 0.915274
vt 0.645160 0.903199
vt 0.652486 0.916213
vt 0.666970 0.920648
vt 0.676876 0.917057
vt 0.683865 0.898187
vt 0.668826 0.904332
vt 0.660488 0.909297
vt 0.654125 0.897030
vt 0.663572 0.891318
vt 0.682684 0.881292
vt 0.662560 0.876569
vt 0.647859 0.882522
vt 0.633688 0.891704
vt 0.622602 0.903850
vt 0.595104 0.878425
vt 0.658319 0.053382
vt 0.648534 0.035716
vt 0.644895 0.054225
vt 0.637520 0.040416
vt 0.623735 0.023425
vt 0.631399 0.059166
vt 0.610986 0.039886
vt 0.623687 0.049261
vt 0.605057 0.074156
vt 0.601924 0.069191
vt 0.584789 0.076301
vt 0.591103 0.062010
vt 0.597562 0.032776
vt 0.603611 0.011954
vt 0.581343 0.010074
vt 0.556616 0.011231
vt 0.566714 0.032752
vt 0.576788 0.061937
vt 0.566232 0.069673
vt 0.564690 0.075650
vt 0.536830 0.062636
vt 0.542421 0.049309
vt 0.523310 0.056491
vt 0.553869 0.040416
vt 0.537433 0.023714
vt 0.528178 0.041910
vt 0.510489 0.053936
vt 0.514200 0.037427
vt 0.000000 0.177907
vt 0.005447 0.172894
vt 0.006989 0.163037
vt 0.014460 0.156795
vt 0.017376 0.150698
vt 0.008435 0.147541
vt 0.013569 0.145324
vt 0.009158 0.138648
vt 0.506440 0.303709
vt 0.519888 0.315422
vt 0.533793 0.329665
vt 0.483207 0.411533
vt 0.497402 0.419872
vt 0.519430 0.406159
vt 0.553025 0.339161
vt 0.551965 0.418088
vt 0.583825 0.350897
vt 0.618481 0.358923
s 1
usemtl models_monsters_darklord_mech_darklord_mech_hand
f 30/1/1 3/2/2 16/3/3
f 16/3/3 3/2/2 17/4/4
f 17/4/4 3/2/2 18/5/5
f 18/5/5 3/2/2 19/6/6
f 19/6/6 3/2/2 20/7/7
f 20/7/7 3/2/2 21/8/8
f 21/8/8 3/2/2 22/9/9
f 22/9/9 3/2/2 23/10/10
f 23/10/10 37/11/11 22/9/9
f 43/12/12 22/9/9 42/13/13
f 37/11/11 41/14/14 22/9/9
f 22/9/9 41/14/14 42/13/13
f 37/11/11 109/15/15 41/14/14
f 41/14/14 105/16/16 42/13/13
f 109/15/15 104/17/17 41/14/14
f 104/17/17 105/16/16 41/14/14
f 109/15/15 129/18/18 104/17/17
f 104/17/17 125/19/19 105/16/16
f 129/18/18 118/20/20 104/17/17
f 118/20/20 125/19/19 104/17/17
f 129/18/18 119/21/21 118/20/20
f 119/21/21 129/18/18 128/22/22
f 129/18/18 109/15/15 128/22/22
f 117/23/23 109/15/15 37/11/11
f 109/15/15 117/23/23 128/22/22
f 37/11/11 23/10/10 38/24/24
f 38/24/24 117/23/23 37/11/11
f 23/10/10 24/25/25 38/24/24
f 23/10/10 3/2/2 24/25/25
f 24/25/25 39/26/26 38/24/24
f 3/2/2 25/27/27 24/25/25
f 25/27/27 39/26/26 24/25/25
f 3/2/2 26/28/28 25/27/27
f 25/27/27 26/28/28 39/26/26
f 3/2/2 27/29/29 26/28/28
f 26/28/28 40/30/30 39/26/26
f 26/28/28 27/29/29 40/30/30
f 39/26/26 40/30/30 106/31/31
f 39/26/26 106/31/31 120/32/32
f 38/24/24 39/26/26 120/32/32
f 117/23/23 38/24/24 120/32/32
f 128/22/22 117/23/23 120/32/32
f 130/33/33 128/22/22 120/32/32
f 120/32/32 106/31/31 130/33/33
f 130/33/33 190/34/34 128/22/22
f 190/34/34 119/21/21 128/22/22
f 112/35/35 119/21/21 190/34/34
f 119/21/21 112/35/35 116/36/36
f 118/20/20 119/21/21 116/36/36
f 118/20/20 116/36/36 124/37/37
f 125/19/19 118/20/20 124/37/37
f 125/19/19 124/37/37 126/38/38
f 125/19/19 127/39/39 105/16/16
f 127/39/39 125/19/19 126/38/38
f 127/39/39 103/40/40 105/16/16
f 42/13/13 105/16/16 103/40/40
f 44/41/41 42/13/13 103/40/40
f 43/12/12 42/13/13 44/41/41
f 45/42/42 43/12/12 44/41/41
f 46/43/43 45/42/42 44/41/41
f 47/44/44 46/43/43 44/41/41
f 44/41/41 103/40/40 47/44/44
f 103/40/40 108/45/45 47/44/44
f 103/40/40 127/39/39 108/45/45
f 122/46/46 127/39/39 126/38/38
f 127/39/39 122/46/46 108/45/45
f 126/38/38 110/47/47 122/46/46
f 124/37/37 123/48/48 126/38/38
f 123/48/48 110/47/47 126/38/38
f 124/37/37 116/36/36 123/48/48
f 114/49/49 116/36/36 115/50/50
f 116/36/36 114/49/49 123/48/48
f 116/36/36 112/35/35 115/50/50
f 111/51/51 113/52/52 112/35/35
f 113/52/52 115/50/50 112/35/35
f 111/51/51 112/35/35 190/34/34
f 111/51/51 190/34/34 233/53/53
f 130/33/33 187/54/54 190/34/34
f 190/34/34 187/54/54 233/53/53
f 130/33/33 106/31/31 107/55/55
f 130/33/33 107/55/55 187/54/54
f 106/31/31 40/30/30 107/55/55
f 107/55/55 177/56/56 187/54/54
f 40/30/30 171/57/57 107/55/55
f 171/57/57 177/56/56 107/55/55
f 40/30/30 81/58/58 171/57/57
f 27/29/29 81/58/58 40/30/30
f 75/59/59 81/58/58 27/29/29
f 81/58/58 75/59/59 218/60/60
f 81/58/58 218/60/60 171/57/57
f 75/59/59 220/61/61 218/60/60
f 218/60/60 220/61/61 171/57/57
f 220/61/61 166/62/62 171/57/57
f 166/62/62 177/56/56 171/57/57
f 177/56/56 166/62/62 167/63/63
f 181/64/64 177/56/56 167/63/63
f 177/56/56 181/64/64 187/54/54
f 181/64/64 188/65/65 187/54/54
f 187/54/54 188/65/65 233/53/53
f 181/64/64 182/66/66 189/67/67
f 189/67/67 188/65/65 181/64/64
f 181/64/64 167/63/63 182/66/66
f 188/65/65 248/68/68 233/53/53
f 188/65/65 189/67/67 249/69/69
f 248/68/68 188/65/65 249/69/69
f 189/67/67 485/70/70 249/69/69
f 520/71/71 485/70/70 189/67/67
f 189/67/67 182/66/66 520/71/71
f 186/72/72 182/66/66 185/73/73
f 182/66/66 186/72/72 520/71/71
f 182/66/66 167/63/63 185/73/73
f 167/63/63 165/74/74 229/75/75
f 167/63/63 229/75/75 185/73/73
f 167/63/63 166/62/62 165/74/74
f 172/76/76 165/74/74 166/62/62
f 172/76/76 166/62/62 220/61/61
f 221/77/77 172/76/76 220/61/61
f 221/77/77 220/61/61 75/59/59
f 221/77/77 219/78/78 172/76/76
f 165/74/74 172/76/76 169/79/79
f 219/78/78 169/79/79 172/76/76
f 169/79/79 168/80/80 165/74/74
f 168/80/80 240/81/81 165/74/74
f 165/74/74 241/82/82 229/75/75
f 240/81/81 241/82/82 165/74/74
f 239/83/83 241/82/82 240/81/81
f 229/75/75 241/82/82 239/83/83
f 231/84/84 229/75/75 239/83/83
f 229/75/75 231/84/84 230/85/85
f 229/75/75 230/85/85 185/73/73
f 185/73/73 230/85/85 234/86/86
f 184/87/87 185/73/73 234/86/86
f 184/87/87 186/72/72 185/73/73
f 186/72/72 184/87/87 437/88/88
f 544/89/89 186/72/72 437/88/88
f 520/71/71 186/72/72 544/89/89
f 520/71/71 544/89/89 560/90/90
f 484/91/91 520/71/71 560/90/90
f 520/71/71 484/91/91 485/70/70
f 484/91/91 486/92/92 485/70/70
f 486/92/92 484/91/91 507/93/93
f 484/91/91 543/94/94 507/93/93
f 484/91/91 560/90/90 546/95/95
f 543/94/94 484/91/91 546/95/95
f 560/90/90 555/96/96 546/95/95
f 556/97/97 555/96/96 560/90/90
f 560/90/90 544/89/89 556/97/97
f 544/89/89 557/98/98 556/97/97
f 544/89/89 565/99/99 557/98/98
f 565/99/99 544/89/89 437/88/88
f 565/99/99 437/88/88 578/100/100
f 432/101/101 437/88/88 315/102/102
f 437/88/88 432/101/101 578/100/100
f 437/88/88 184/87/87 315/102/102
f 184/87/87 234/86/86 316/103/103
f 316/103/103 315/102/102 184/87/87
f 234/86/86 339/104/104 316/103/103
f 316/103/103 339/104/104 337/105/105
f 311/106/106 316/103/103 337/105/105
f 315/102/102 316/103/103 311/106/106
f 337/105/105 179/107/107 311/106/106
f 337/105/105 338/108/108 179/107/107
f 179/107/107 338/108/108 240/81/81
f 240/81/81 338/108/108 242/109/109
f 242/109/109 239/83/83 240/81/81
f 168/80/80 179/107/107 240/81/81
f 178/110/110 179/107/107 168/80/80
f 179/107/107 178/110/110 180/111/111
f 311/106/106 179/107/107 180/111/111
f 180/111/111 312/112/112 311/106/106
f 312/112/112 315/102/102 311/106/106
f 312/112/112 433/113/113 315/102/102
f 431/114/114 432/101/101 315/102/102
f 433/113/113 431/114/114 315/102/102
f 432/101/101 431/114/114 435/115/115
f 432/101/101 435/115/115 578/100/100
f 578/100/100 567/116/116 565/99/99
f 435/115/115 567/116/116 578/100/100
f 567/116/116 576/117/117 565/99/99
f 565/99/99 579/118/118 557/98/98
f 565/99/99 576/117/117 579/118/118
f 557/98/98 579/118/118 552/119/119
f 576/117/117 577/120/120 579/118/118
f 579/118/118 577/120/120 552/119/119
f 552/119/119 531/121/121 553/122/122
f 531/121/121 552/119/119 577/120/120
f 553/122/122 557/98/98 552/119/119
f 556/97/97 557/98/98 553/122/122
f 555/96/96 556/97/97 553/122/122
f 554/123/123 555/96/96 553/122/122
f 554/123/123 553/122/122 539/124/124
f 531/121/121 529/125/125 553/122/122
f 553/122/122 529/125/125 539/124/124
f 531/121/121 530/126/126 529/125/125
f 539/124/124 529/125/125 540/127/127
f 529/125/125 530/126/126 540/127/127
f 539/124/124 540/127/127 536/128/128
f 539/124/124 536/128/128 554/123/123
f 536/128/128 551/129/129 554/123/123
f 549/130/130 555/96/96 554/123/123
f 551/129/129 549/130/130 554/123/123
f 549/130/130 545/131/131 555/96/96
f 545/131/131 546/95/95 555/96/96
f 549/130/130 559/132/132 545/131/131
f 545/131/131 547/133/133 546/95/95
f 547/133/133 545/131/131 559/132/132
f 547/133/133 543/94/94 546/95/95
f 543/94/94 547/133/133 113/52/52
f 507/93/93 543/94/94 113/52/52
f 481/134/134 507/93/93 113/52/52
f 481/134/134 113/52/52 482/135/135
f 113/52/52 111/51/51 482/135/135
f 547/133/133 115/50/50 113/52/52
f 111/51/51 233/53/53 482/135/135
f 483/136/136 482/135/135 233/53/53
f 483/136/136 233/53/53 248/68/68
f 549/130/130 551/129/129 550/137/137
f 549/130/130 550/137/137 559/132/132
f 551/129/129 548/138/138 550/137/137
f 548/138/138 551/129/129 536/128/128
f 548/138/138 524/139/139 550/137/137
f 524/139/139 559/132/132 550/137/137
f 524/139/139 542/140/140 559/132/132
f 542/140/140 558/141/141 559/132/132
f 558/141/141 547/133/133 559/132/132
f 558/141/141 487/142/142 547/133/133
f 487/142/142 115/50/50 547/133/133
f 115/50/50 487/142/142 114/49/49
f 487/142/142 511/143/143 114/49/49
f 511/143/143 487/142/142 558/141/141
f 542/140/140 511/143/143 558/141/141
f 542/140/140 541/144/144 510/145/145
f 511/143/143 542/140/140 510/145/145
f 542/140/140 522/146/146 541/144/144
f 524/139/139 522/146/146 542/140/140
f 524/139/139 521/147/147 522/146/146
f 521/147/147 524/139/139 548/138/138
f 521/147/147 548/138/138 537/148/148
f 537/148/148 548/138/138 536/128/128
f 536/128/128 538/149/149 537/148/148
f 540/127/127 538/149/149 536/128/128
f 540/127/127 530/126/126 676/150/150
f 538/149/149 540/127/127 676/150/150
f 681/151/151 538/149/149 676/150/150
f 538/149/149 681/151/151 534/152/152
f 538/149/149 534/152/152 537/148/148
f 537/148/148 534/152/152 527/153/153
f 527/153/153 521/147/147 537/148/148
f 521/147/147 527/153/153 523/154/154
f 521/147/147 523/154/154 522/146/146
f 522/146/146 523/154/154 264/155/155
f 522/146/146 264/155/155 261/156/156
f 541/144/144 522/146/146 261/156/156
f 541/144/144 261/156/156 214/157/157
f 510/145/145 541/144/144 214/157/157
f 510/145/145 214/157/157 100/158/158
f 510/145/145 100/158/158 511/143/143
f 100/158/158 512/159/159 511/143/143
f 114/49/49 511/143/143 512/159/159
f 123/48/48 114/49/49 512/159/159
f 123/48/48 512/159/159 110/47/47
f 512/159/159 100/158/158 110/47/47
f 100/158/158 102/160/160 101/161/161
f 110/47/47 100/158/158 101/161/161
f 100/158/158 214/157/157 102/160/160
f 102/160/160 205/162/162 101/161/161
f 102/160/160 214/157/157 205/162/162
f 214/157/157 210/163/163 205/162/162
f 214/157/157 261/156/156 210/163/163
f 261/156/156 265/164/164 210/163/163
f 262/165/165 265/164/164 261/156/156
f 264/155/155 262/165/165 261/156/156
f 262/165/165 264/155/155 263/166/166
f 264/155/155 528/167/167 263/166/166
f 523/154/154 528/167/167 264/155/155
f 523/154/154 527/153/153 581/168/168
f 523/154/154 581/168/168 528/167/167
f 527/153/153 534/152/152 535/169/169
f 527/153/153 535/169/169 581/168/168
f 534/152/152 586/170/170 535/169/169
f 681/151/151 682/171/171 534/152/152
f 534/152/152 682/171/171 586/170/170
f 681/151/151 676/150/150 677/172/172
f 681/151/151 677/172/172 682/171/171
f 682/171/171 671/173/173 586/170/170
f 677/172/172 671/173/173 682/171/171
f 586/170/170 582/174/174 535/169/169
f 671/173/173 673/175/175 586/170/170
f 586/170/170 673/175/175 582/174/174
f 671/173/173 688/176/176 673/175/175
f 673/175/175 674/177/177 582/174/174
f 674/177/177 673/175/175 688/176/176
f 674/177/177 686/178/178 582/174/174
f 686/178/178 674/177/177 687/179/179
f 687/179/179 674/177/177 688/176/176
f 688/176/176 714/180/180 687/179/179
f 671/173/173 700/181/181 688/176/176
f 714/180/180 688/176/176 700/181/181
f 671/173/173 672/182/182 700/181/181
f 670/183/183 672/182/182 671/173/173
f 677/172/172 670/183/183 671/173/173
f 676/150/150 675/184/184 677/172/172
f 670/183/183 677/172/172 675/184/184
f 676/150/150 683/185/185 675/184/184
f 530/126/126 683/185/185 676/150/150
f 683/185/185 684/186/186 675/184/184
f 693/187/187 670/183/183 675/184/184
f 675/184/184 684/186/186 693/187/187
f 670/183/183 693/187/187 690/188/188
f 672/182/182 670/183/183 690/188/188
f 672/182/182 690/188/188 689/189/189
f 689/189/189 700/181/181 672/182/182
f 719/190/190 700/181/181 689/189/189
f 719/190/190 714/180/180 700/181/181
f 689/189/189 718/191/191 719/190/190
f 690/188/188 691/192/192 689/189/189
f 718/191/191 689/189/189 691/192/192
f 690/188/188 708/193/193 691/192/192
f 693/187/187 694/194/194 690/188/188
f 694/194/194 708/193/193 690/188/188
f 693/187/187 692/195/195 694/194/194
f 684/186/186 692/195/195 693/187/187
f 692/195/195 705/196/196 694/194/194
f 705/196/196 692/195/195 684/186/186
f 706/197/197 705/196/196 684/186/186
f 706/197/197 684/186/186 683/185/185
f 583/198/198 706/197/197 683/185/185
f 583/198/198 683/185/185 530/126/126
f 532/199/199 583/198/198 530/126/126
f 531/121/121 532/199/199 530/126/126
f 577/120/120 572/200/200 531/121/121
f 531/121/121 572/200/200 532/199/199
f 532/199/199 584/201/201 583/198/198
f 572/200/200 584/201/201 532/199/199
f 584/201/201 585/202/202 583/198/198
f 704/203/203 706/197/197 583/198/198
f 585/202/202 704/203/203 583/198/198
f 704/203/203 668/204/204 706/197/197
f 668/204/204 705/196/196 706/197/197
f 705/196/196 668/204/204 680/205/205
f 705/196/196 680/205/205 694/194/194
f 694/194/194 680/205/205 708/193/193
f 678/206/206 680/205/205 679/207/207
f 680/205/205 678/206/206 708/193/193
f 680/205/205 669/208/208 679/207/207
f 668/204/204 669/208/208 680/205/205
f 667/209/209 669/208/208 668/204/204
f 704/203/203 667/209/209 668/204/204
f 667/209/209 704/203/203 707/210/210
f 704/203/203 585/202/202 707/210/210
f 585/202/202 584/201/201 590/211/211
f 707/210/210 585/202/202 590/211/211
f 584/201/201 574/212/212 590/211/211
f 572/200/200 574/212/212 584/201/201
f 573/213/213 574/212/212 572/200/200
f 571/214/214 573/213/213 572/200/200
f 571/214/214 572/200/200 577/120/120
f 576/117/117 571/214/214 577/120/120
f 576/117/117 567/116/116 564/215/215
f 576/117/117 564/215/215 561/216/216
f 563/217/217 576/117/117 561/216/216
f 561/216/216 452/218/218 563/217/217
f 452/218/218 455/219/219 563/217/217
f 455/219/219 452/218/218 453/220/220
f 452/218/218 454/221/221 453/220/220
f 452/218/218 568/222/222 454/221/221
f 568/222/222 604/223/223 454/221/221
f 452/218/218 562/224/224 568/222/222
f 561/216/216 562/224/224 452/218/218
f 561/216/216 564/215/215 562/224/224
f 564/215/215 592/225/225 562/224/224
f 567/116/116 592/225/225 564/215/215
f 562/224/224 592/225/225 594/226/226
f 562/224/224 594/226/226 568/222/222
f 568/222/222 609/227/227 604/223/223
f 568/222/222 594/226/226 609/227/227
f 609/227/227 753/228/228 604/223/223
f 753/228/228 609/227/227 754/229/229
f 594/226/226 610/230/230 609/227/227
f 609/227/227 765/231/231 754/229/229
f 610/230/230 769/232/232 609/227/227
f 769/232/232 765/231/231 609/227/227
f 610/230/230 772/233/233 769/232/232
f 765/231/231 769/232/232 766/234/234
f 766/234/234 769/232/232 772/233/233
f 766/234/234 764/235/235 765/231/231
f 754/229/229 765/231/231 764/235/235
f 763/236/236 754/229/229 764/235/235
f 763/236/236 764/235/235 792/237/237
f 794/238/238 763/236/236 792/237/237
f 952/239/239 794/238/238 792/237/237
f 943/240/240 952/239/239 792/237/237
f 943/240/240 792/237/237 942/241/241
f 791/242/242 792/237/237 764/235/235
f 792/237/237 791/242/242 942/241/241
f 764/235/235 766/234/234 791/242/242
f 778/243/243 766/234/234 772/233/233
f 791/242/242 766/234/234 778/243/243
f 797/244/244 791/242/242 778/243/243
f 797/244/244 947/245/245 791/242/242
f 947/245/245 942/241/241 791/242/242
f 942/241/241 947/245/245 933/246/246
f 933/246/246 931/247/247 942/241/241
f 931/247/247 943/240/240 942/241/241
f 943/240/240 931/247/247 952/239/239
f 931/247/247 948/248/248 952/239/239
f 931/247/247 945/249/249 948/248/248
f 945/249/249 949/250/250 948/248/248
f 931/247/247 932/251/251 945/249/249
f 931/247/247 933/246/246 932/251/251
f 938/252/252 933/246/246 944/253/253
f 938/252/252 932/251/251 933/246/246
f 933/246/246 947/245/245 944/253/253
f 940/254/254 954/255/255 947/245/245
f 954/255/255 944/253/253 947/245/245
f 940/254/254 947/245/245 797/244/244
f 799/256/256 940/254/254 797/244/244
f 799/256/256 797/244/244 761/257/257
f 797/244/244 778/243/243 761/257/257
f 778/243/243 772/233/233 770/258/258
f 761/257/257 778/243/243 770/258/258
f 770/258/258 756/259/259 761/257/257
f 756/259/259 762/260/260 761/257/257
f 799/256/256 761/257/257 762/260/260
f 790/261/261 799/256/256 762/260/260
f 799/256/256 790/261/261 940/254/254
f 790/261/261 941/262/262 940/254/254
f 940/254/254 941/262/262 954/255/255
f 936/263/263 935/264/264 954/255/255
f 941/262/262 936/263/263 954/255/255
f 935/264/264 944/253/253 954/255/255
f 935/264/264 939/265/265 944/253/253
f 939/265/265 938/252/252 944/253/253
f 938/252/252 939/265/265 937/266/266
f 932/251/251 938/252/252 937/266/266
f 974/267/267 932/251/251 937/266/266
f 945/249/249 932/251/251 974/267/267
f 978/268/268 945/249/249 974/267/267
f 949/250/250 945/249/249 978/268/268
f 981/269/269 949/250/250 978/268/268
f 981/269/269 978/268/268 980/270/270
f 978/268/268 975/271/271 980/270/270
f 975/271/271 978/268/268 974/267/267
f 974/267/267 972/272/272 975/271/271
f 972/272/272 974/267/267 937/266/266
f 918/273/273 972/272/272 937/266/266
f 937/266/266 939/265/265 918/273/273
f 939/265/265 915/274/274 918/273/273
f 939/265/265 935/264/264 915/274/274
f 935/264/264 936/263/263 914/275/275
f 935/264/264 914/275/275 915/274/274
f 936/263/263 913/276/276 914/275/275
f 913/276/276 936/263/263 912/277/277
f 936/263/263 941/262/262 912/277/277
f 790/261/261 927/278/278 941/262/262
f 927/278/278 912/277/277 941/262/262
f 790/261/261 757/279/279 927/278/278
f 762/260/260 757/279/279 790/261/261
f 757/279/279 762/260/260 756/259/259
f 770/258/258 773/280/280 756/259/259
f 755/281/281 756/259/259 767/282/282
f 773/280/280 767/282/282 756/259/259
f 755/281/281 757/279/279 756/259/259
f 767/282/282 768/283/283 755/281/281
f 755/281/281 780/284/284 757/279/279
f 768/283/283 779/285/285 755/281/281
f 779/285/285 780/284/284 755/281/281
f 768/283/283 752/286/286 779/285/285
f 752/286/286 768/283/283 767/282/282
f 751/287/287 752/286/286 767/282/282
f 767/282/282 773/280/280 751/287/287
f 751/287/287 606/288/288 752/286/286
f 785/289/289 752/286/286 606/288/288
f 785/289/289 779/285/285 752/286/286
f 775/290/290 779/285/285 785/289/289
f 779/285/285 775/290/290 780/284/284
f 785/289/289 479/291/291 777/292/292
f 777/292/292 775/290/290 785/289/289
f 479/291/291 785/289/289 606/288/288
f 479/291/291 606/288/288 440/293/293
f 597/294/294 606/288/288 751/287/287
f 440/293/293 606/288/288 597/294/294
f 751/287/287 771/295/295 597/294/294
f 773/280/280 771/295/295 751/287/287
f 773/280/280 770/258/258 772/233/233
f 771/295/295 773/280/280 772/233/233
f 771/295/295 772/233/233 608/296/296
f 608/296/296 772/233/233 610/230/230
f 608/296/296 596/297/297 771/295/295
f 771/295/295 596/297/297 597/294/294
f 608/296/296 595/298/298 596/297/297
f 595/298/298 608/296/296 610/230/230
f 594/226/226 595/298/298 610/230/230
f 592/225/225 595/298/298 594/226/226
f 593/299/299 595/298/298 592/225/225
f 593/299/299 596/297/297 595/298/298
f 596/297/297 593/299/299 597/294/294
f 593/299/299 439/300/300 597/294/294
f 439/300/300 440/293/293 597/294/294
f 593/299/299 567/116/116 439/300/300
f 567/116/116 593/299/299 592/225/225
f 567/116/116 435/115/115 439/300/300
f 436/301/301 440/293/293 439/300/300
f 435/115/115 436/301/301 439/300/300
f 436/301/301 449/302/302 440/293/293
f 449/302/302 479/291/291 440/293/293
f 449/302/302 476/303/303 479/291/291
f 474/304/304 777/292/292 479/291/291
f 476/303/303 474/304/304 479/291/291
f 777/292/292 774/305/305 775/290/290
f 474/304/304 477/306/306 777/292/292
f 774/305/305 777/292/292 477/306/306
f 474/304/304 475/307/307 477/306/306
f 474/304/304 476/303/303 475/307/307
f 475/307/307 478/308/308 477/306/306
f 774/305/305 477/306/306 478/308/308
f 475/307/307 480/309/309 478/308/308
f 480/309/309 475/307/307 461/310/310
f 461/310/310 475/307/307 476/303/303
f 429/311/311 461/310/310 476/303/303
f 429/311/311 476/303/303 449/302/302
f 434/312/312 429/311/311 449/302/302
f 434/312/312 449/302/302 436/301/301
f 434/312/312 436/301/301 431/114/114
f 431/114/114 436/301/301 435/115/115
f 431/114/114 433/113/113 434/312/312
f 430/313/313 429/311/311 434/312/312
f 433/113/113 430/313/313 434/312/312
f 433/113/113 312/112/112 430/313/313
f 430/313/313 428/314/314 429/311/311
f 312/112/112 428/314/314 430/313/313
f 180/111/111 390/315/315 312/112/112
f 390/315/315 428/314/314 312/112/112
f 180/111/111 382/316/316 390/315/315
f 382/316/316 180/111/111 178/110/110
f 175/317/317 382/316/316 178/110/110
f 175/317/317 178/110/110 173/318/318
f 173/318/318 178/110/110 168/80/80
f 173/318/318 168/80/80 174/319/319
f 168/80/80 169/79/79 174/319/319
f 219/78/78 170/320/320 169/79/79
f 170/320/320 174/319/319 169/79/79
f 95/321/321 174/319/319 170/320/320
f 174/319/319 95/321/321 183/322/322
f 174/319/319 183/322/322 173/318/318
f 183/322/322 176/323/323 173/318/318
f 176/323/323 175/317/317 173/318/318
f 183/322/322 88/324/324 176/323/323
f 175/317/317 176/323/323 93/325/325
f 93/325/325 176/323/323 88/324/324
f 93/325/325 363/326/326 175/317/317
f 381/327/327 382/316/316 175/317/317
f 363/326/326 381/327/327 175/317/317
f 381/327/327 357/328/328 382/316/316
f 390/315/315 382/316/316 357/328/328
f 381/327/327 384/329/329 357/328/328
f 357/328/328 384/329/329 383/330/330
f 359/331/331 357/328/328 383/330/330
f 98/332/332 359/331/331 383/330/330
f 366/333/333 98/332/332 383/330/330
f 365/334/334 89/335/335 366/333/333
f 366/333/333 89/335/335 98/332/332
f 365/334/334 91/336/336 89/335/335
f 373/337/337 91/336/336 365/334/334
f 91/336/336 88/324/324 89/335/335
f 373/337/337 93/325/325 91/336/336
f 91/336/336 93/325/325 88/324/324
f 373/337/337 364/338/338 93/325/325
f 93/325/325 364/338/338 363/326/326
f 88/324/324 90/339/339 89/335/335
f 89/335/335 90/339/339 98/332/332
f 88/324/324 92/340/340 90/339/339
f 183/322/322 92/340/340 88/324/324
f 92/340/340 183/322/322 96/341/341
f 95/321/321 96/341/341 183/322/322
f 96/341/341 95/321/321 86/342/342
f 170/320/320 32/343/343 95/321/321
f 86/342/342 95/321/321 32/343/343
f 31/344/344 86/342/342 32/343/343
f 85/345/345 86/342/342 31/344/344
f 85/345/345 96/341/341 86/342/342
f 87/346/346 96/341/341 85/345/345
f 87/346/346 92/340/340 96/341/341
f 144/347/347 92/340/340 87/346/346
f 144/347/347 97/348/348 92/340/340
f 97/348/348 90/339/339 92/340/340
f 90/339/339 97/348/348 98/332/332
f 97/348/348 99/349/349 98/332/332
f 99/349/349 378/350/350 98/332/332
f 378/350/350 359/331/331 98/332/332
f 359/331/331 356/351/351 357/328/328
f 387/352/352 356/351/351 359/331/331
f 378/350/350 387/352/352 359/331/331
f 356/351/351 358/353/353 357/328/328
f 387/352/352 377/354/354 356/351/351
f 358/353/353 356/351/351 377/354/354
f 387/352/352 388/355/355 377/354/354
f 387/352/352 260/356/356 388/355/355
f 387/352/352 378/350/350 260/356/356
f 159/357/357 378/350/350 160/358/358
f 378/350/350 159/357/357 260/356/356
f 378/350/350 99/349/349 160/358/358
f 147/359/359 99/349/349 143/360/360
f 160/358/358 99/349/349 147/359/359
f 99/349/349 97/348/348 143/360/360
f 97/348/348 144/347/347 143/360/360
f 145/361/361 144/347/347 94/362/362
f 144/347/347 145/361/361 143/360/360
f 144/347/347 87/346/346 94/362/362
f 83/363/363 94/362/362 87/346/346
f 82/364/364 83/363/363 87/346/346
f 82/364/364 87/346/346 85/345/345
f 85/345/345 33/365/365 82/364/364
f 33/365/365 85/345/345 31/344/344
f 33/365/365 34/366/366 82/364/364
f 34/366/366 83/363/363 82/364/364
f 34/366/366 36/367/367 83/363/363
f 36/367/367 84/368/368 83/363/363
f 83/363/363 84/368/368 94/362/362
f 84/368/368 145/361/361 94/362/362
f 140/369/369 145/361/361 84/368/368
f 140/369/369 151/370/370 145/361/361
f 151/370/370 143/360/360 145/361/361
f 147/359/359 143/360/360 151/370/370
f 152/371/371 147/359/359 151/370/370
f 147/359/359 152/371/371 153/372/372
f 153/372/372 160/358/358 147/359/359
f 159/357/357 160/358/358 153/372/372
f 254/373/373 159/357/357 153/372/372
f 260/356/356 159/357/357 254/373/373
f 153/372/372 154/374/374 254/373/373
f 152/371/371 154/374/374 153/372/372
f 154/374/374 152/371/371 156/375/375
f 151/370/370 274/376/376 152/371/371
f 152/371/371 270/377/377 156/375/375
f 274/376/376 270/377/377 152/371/371
f 275/378/378 269/379/379 274/376/376
f 274/376/376 269/379/379 270/377/377
f 274/376/376 142/380/380 275/378/378
f 142/380/380 274/376/376 151/370/370
f 140/369/369 142/380/380 151/370/370
f 141/381/381 142/380/380 140/369/369
f 275/378/378 142/380/380 141/381/381
f 140/369/369 139/382/382 141/381/381
f 139/382/382 140/369/369 138/383/383
f 138/383/383 140/369/369 84/368/368
f 138/383/383 84/368/368 35/384/384
f 84/368/368 36/367/367 35/384/384
f 35/384/384 36/367/367 8/385/385
f 36/367/367 34/366/366 8/385/385
f 34/366/366 33/365/365 7/386/386
f 34/366/366 7/386/386 8/385/385
f 33/365/365 6/387/387 7/386/386
f 6/387/387 33/365/365 31/344/344
f 6/387/387 3/2/2 7/386/386
f 7/386/386 3/2/2 8/385/385
f 8/385/385 3/2/2 9/388/388
f 9/388/388 35/384/384 8/385/385
f 3/2/2 10/389/389 9/388/388
f 9/388/388 61/390/390 35/384/384
f 10/389/389 61/390/390 9/388/388
f 35/384/384 137/391/391 138/383/383
f 35/384/384 61/390/390 137/391/391
f 137/391/391 139/382/382 138/383/383
f 61/390/390 146/392/392 137/391/391
f 137/391/391 146/392/392 139/382/382
f 139/382/382 157/393/393 141/381/381
f 146/392/392 157/393/393 139/382/382
f 141/381/381 150/394/394 149/395/395
f 157/393/393 150/394/394 141/381/381
f 149/395/395 275/378/378 141/381/381
f 301/396/396 275/378/378 149/395/395
f 275/378/378 301/396/396 269/379/379
f 149/395/395 161/397/397 283/398/398
f 283/398/398 301/396/396 149/395/395
f 149/395/395 150/394/394 161/397/397
f 301/396/396 294/399/399 269/379/379
f 301/396/396 283/398/398 267/400/400
f 294/399/399 301/396/396 267/400/400
f 283/398/398 278/401/401 267/400/400
f 161/397/397 282/402/402 283/398/398
f 282/402/402 278/401/401 283/398/398
f 161/397/397 280/403/403 282/402/402
f 282/402/402 280/403/403 278/401/401
f 161/397/397 308/404/404 280/403/403
f 308/404/404 161/397/397 150/394/394
f 132/405/405 308/404/404 150/394/394
f 131/406/406 132/405/405 150/394/394
f 157/393/393 131/406/406 150/394/394
f 135/407/407 131/406/406 157/393/393
f 146/392/392 135/407/407 157/393/393
f 62/408/408 63/409/409 146/392/392
f 63/409/409 135/407/407 146/392/392
f 62/408/408 146/392/392 61/390/390
f 62/408/408 61/390/390 11/410/410
f 61/390/390 10/389/389 11/410/410
f 10/389/389 3/2/2 11/410/410
f 11/410/410 3/2/2 12/411/411
f 62/408/408 11/410/410 12/411/411
f 63/409/409 62/408/408 12/411/411
f 63/409/409 12/411/411 13/412/412
f 12/411/411 3/2/2 13/412/412
f 13/412/412 71/413/413 63/409/409
f 63/409/409 71/413/413 135/407/407
f 135/407/407 134/414/414 131/406/406
f 71/413/413 134/414/414 135/407/407
f 131/406/406 133/415/415 132/405/405
f 134/414/414 133/415/415 131/406/406
f 71/413/413 70/416/416 134/414/414
f 133/415/415 134/414/414 70/416/416
f 71/413/413 69/417/417 70/416/416
f 69/417/417 71/413/413 13/412/412
f 14/418/418 69/417/417 13/412/412
f 13/412/412 3/2/2 14/418/418
f 14/418/418 67/419/419 69/417/417
f 3/2/2 15/420/420 14/418/418
f 15/420/420 67/419/419 14/418/418
f 66/421/421 68/422/422 67/419/419
f 68/422/422 69/417/417 67/419/419
f 68/422/422 70/416/416 69/417/417
f 66/421/421 74/423/423 68/422/422
f 68/422/422 74/423/423 70/416/416
f 148/424/424 133/415/415 70/416/416
f 74/423/423 148/424/424 70/416/416
f 133/415/415 136/425/425 132/405/405
f 136/425/425 133/415/415 148/424/424
f 132/405/405 272/426/426 308/404/404
f 136/425/425 272/426/426 132/405/405
f 272/426/426 280/403/403 308/404/404
f 307/427/427 280/403/403 272/426/426
f 280/403/403 307/427/427 281/428/428
f 280/403/403 281/428/428 278/401/401
f 278/401/401 266/429/429 267/400/400
f 278/401/401 281/428/428 266/429/429
f 285/430/430 281/428/428 284/431/431
f 281/428/428 285/430/430 266/429/429
f 281/428/428 302/432/432 284/431/431
f 307/427/427 302/432/432 281/428/428
f 272/426/426 276/433/433 307/427/427
f 276/433/433 302/432/432 307/427/427
f 272/426/426 273/434/434 276/433/433
f 272/426/426 136/425/425 273/434/434
f 164/435/435 136/425/425 148/424/424
f 273/434/434 136/425/425 164/435/435
f 148/424/424 74/423/423 164/435/435
f 200/436/436 74/423/423 76/437/437
f 200/436/436 164/435/435 74/423/423
f 76/437/437 74/423/423 66/421/421
f 198/438/438 200/436/436 76/437/437
f 197/439/439 199/440/440 198/438/438
f 199/440/440 200/436/436 198/438/438
f 197/439/439 201/441/441 199/440/440
f 199/440/440 203/442/442 200/436/436
f 203/442/442 164/435/435 200/436/436
f 203/442/442 273/434/434 164/435/435
f 199/440/440 202/443/443 203/442/442
f 203/442/442 204/444/444 273/434/434
f 202/443/443 204/444/444 203/442/442
f 273/434/434 279/445/445 276/433/433
f 204/444/444 304/446/446 273/434/434
f 279/445/445 273/434/434 304/446/446
f 204/444/444 288/447/447 304/446/446
f 304/446/446 288/447/447 300/448/448
f 300/448/448 279/445/445 304/446/446
f 288/447/447 290/449/449 300/448/448
f 279/445/445 300/448/448 297/450/450
f 297/450/450 300/448/448 290/449/449
f 297/450/450 296/451/451 279/445/445
f 279/445/445 296/451/451 276/433/433
f 276/433/433 303/452/452 302/432/432
f 296/451/451 303/452/452 276/433/433
f 303/452/452 284/431/431 302/432/432
f 284/431/431 286/453/453 285/430/430
f 303/452/452 322/454/454 284/431/431
f 322/454/454 286/453/453 284/431/431
f 303/452/452 321/455/455 322/454/454
f 296/451/451 321/455/455 303/452/452
f 321/455/455 296/451/451 297/450/450
f 332/456/456 321/455/455 297/450/450
f 332/456/456 297/450/450 299/457/457
f 299/457/457 297/450/450 290/449/449
f 299/457/457 290/449/449 298/458/458
f 289/459/459 290/449/449 288/447/447
f 290/449/449 289/459/459 298/458/458
f 288/447/447 287/460/460 289/459/459
f 204/444/444 209/461/461 288/447/447
f 287/460/460 288/447/447 209/461/461
f 204/444/444 208/462/462 209/461/461
f 202/443/443 208/462/462 204/444/444
f 199/440/440 201/441/441 202/443/443
f 202/443/443 207/463/463 208/462/462
f 201/441/441 207/463/463 202/443/443
f 299/457/457 298/458/458 319/464/464
f 331/465/465 299/457/457 319/464/464
f 331/465/465 332/456/456 299/457/457
f 330/466/466 332/456/456 331/465/465
f 332/456/456 330/466/466 333/467/467
f 321/455/455 332/456/456 333/467/467
f 333/467/467 334/468/468 321/455/455
f 334/468/468 322/454/454 321/455/455
f 322/454/454 334/468/468 329/469/469
f 286/453/453 322/454/454 329/469/469
f 598/470/470 286/453/453 329/469/469
f 286/453/453 598/470/470 285/430/430
f 285/430/430 598/470/470 266/429/429
f 598/470/470 599/471/471 266/429/429
f 329/469/469 600/472/472 598/470/470
f 598/470/470 600/472/472 599/471/471
f 329/469/469 334/468/468 735/473/473
f 600/472/472 329/469/469 735/473/473
f 334/468/468 728/474/474 735/473/473
f 334/468/468 727/475/475 728/474/474
f 334/468/468 333/467/467 727/475/475
f 330/466/466 731/476/476 333/467/467
f 731/476/476 727/475/475 333/467/467
f 330/466/466 320/477/477 731/476/476
f 320/477/477 330/466/466 331/465/465
f 320/477/477 331/465/465 319/464/464
f 318/478/478 320/477/477 319/464/464
f 318/478/478 743/479/479 320/477/477
f 320/477/477 742/480/480 731/476/476
f 743/479/479 742/480/480 320/477/477
f 743/479/479 745/481/481 742/480/480
f 745/481/481 744/482/482 742/480/480
f 744/482/482 745/481/481 907/483/483
f 744/482/482 733/484/484 742/480/480
f 733/484/484 731/476/476 742/480/480
f 731/476/476 733/484/484 726/485/485
f 727/475/475 731/476/476 726/485/485
f 727/475/475 726/485/485 724/486/486
f 727/475/475 724/486/486 728/474/474
f 724/486/486 729/487/487 728/474/474
f 728/474/474 730/488/488 735/473/473
f 729/487/487 730/488/488 728/474/474
f 730/488/488 734/489/489 735/473/473
f 734/489/489 600/472/472 735/473/473
f 600/472/472 734/489/489 602/490/490
f 600/472/472 602/490/490 599/471/471
f 266/429/429 599/471/471 277/491/491
f 602/490/490 601/492/492 599/471/471
f 277/491/491 599/471/471 601/492/492
f 602/490/490 721/493/493 601/492/492
f 734/489/489 723/494/494 602/490/490
f 723/494/494 721/493/493 602/490/490
f 734/489/489 722/495/495 723/494/494
f 721/493/493 723/494/494 722/495/495
f 734/489/489 730/488/488 722/495/495
f 722/495/495 730/488/488 738/496/496
f 730/488/488 729/487/487 738/496/496
f 738/496/496 732/497/497 722/495/495
f 732/497/497 721/493/493 722/495/495
f 721/493/493 732/497/497 736/498/498
f 601/492/492 721/493/493 736/498/498
f 328/499/499 601/492/492 736/498/498
f 277/491/491 601/492/492 328/499/499
f 736/498/498 323/500/500 328/499/499
f 732/497/497 737/501/501 736/498/498
f 736/498/498 737/501/501 323/500/500
f 732/497/497 738/496/496 739/502/502
f 732/497/497 739/502/502 737/501/501
f 738/496/496 740/503/503 739/502/502
f 738/496/496 729/487/487 740/503/503
f 729/487/487 724/486/486 725/504/504
f 729/487/487 725/504/504 740/503/503
f 724/486/486 726/485/485 725/504/504
f 903/505/505 725/504/504 726/485/485
f 903/505/505 726/485/485 733/484/484
f 903/505/505 905/506/506 725/504/504
f 740/503/503 725/504/504 905/506/506
f 740/503/503 905/506/506 741/507/507
f 741/507/507 739/502/502 740/503/503
f 746/508/508 739/502/502 741/507/507
f 739/502/502 746/508/508 737/501/501
f 747/509/509 323/500/500 737/501/501
f 746/508/508 747/509/509 737/501/501
f 746/508/508 748/510/510 747/509/509
f 748/510/510 746/508/508 741/507/507
f 900/511/511 748/510/510 741/507/507
f 905/506/506 900/511/511 741/507/507
f 748/510/510 750/512/512 749/513/513
f 750/512/512 748/510/510 900/511/511
f 749/513/513 747/509/509 748/510/510
f 747/509/509 749/513/513 325/514/514
f 325/514/514 323/500/500 747/509/509
f 749/513/513 336/515/515 325/514/514
f 336/515/515 335/516/516 325/514/514
f 323/500/500 325/514/514 324/517/517
f 335/516/516 324/517/517 325/514/514
f 324/517/517 327/518/518 323/500/500
f 328/499/499 323/500/500 327/518/518
f 326/519/519 328/499/499 327/518/518
f 326/519/519 277/491/491 328/499/499
f 327/518/518 295/520/520 326/519/519
f 277/491/491 326/519/519 268/521/521
f 326/519/519 295/520/520 268/521/521
f 268/521/521 266/429/429 277/491/491
f 295/520/520 267/400/400 268/521/521
f 266/429/429 268/521/521 267/400/400
f 295/520/520 294/399/399 267/400/400
f 295/520/520 309/522/522 294/399/399
f 327/518/518 309/522/522 295/520/520
f 327/518/518 324/517/517 309/522/522
f 324/517/517 292/523/523 309/522/522
f 324/517/517 335/516/516 291/524/524
f 292/523/523 324/517/517 291/524/524
f 291/524/524 293/525/525 292/523/523
f 293/525/525 271/526/526 292/523/523
f 271/526/526 293/525/525 306/527/527
f 271/526/526 269/379/379 292/523/523
f 309/522/522 292/523/523 269/379/379
f 309/522/522 269/379/379 294/399/399
f 269/379/379 271/526/526 270/377/377
f 270/377/377 271/526/526 306/527/527
f 270/377/377 306/527/527 156/375/375
f 155/528/528 154/374/374 156/375/375
f 163/529/529 155/528/528 156/375/375
f 162/530/530 163/529/529 156/375/375
f 163/529/529 253/531/531 155/528/528
f 257/532/532 253/531/531 163/529/529
f 155/528/528 158/533/533 154/374/374
f 253/531/531 158/533/533 155/528/528
f 154/374/374 158/533/533 254/373/373
f 158/533/533 255/534/534 254/373/373
f 256/535/535 255/534/534 158/533/533
f 253/531/531 256/535/535 158/533/533
f 253/531/531 257/532/532 256/535/535
f 257/532/532 258/536/536 256/535/535
f 256/535/535 258/536/536 405/537/537
f 255/534/534 256/535/535 405/537/537
f 258/536/536 403/538/538 405/537/537
f 258/536/536 402/539/539 403/538/538
f 402/539/539 404/540/540 403/538/538
f 404/540/540 402/539/539 424/541/541
f 404/540/540 419/542/542 403/538/538
f 403/538/538 418/543/543 405/537/537
f 419/542/542 418/543/543 403/538/538
f 405/537/537 406/544/544 255/534/534
f 418/543/543 416/545/545 405/537/537
f 405/537/537 407/546/546 406/544/544
f 405/537/537 416/545/545 407/546/546
f 406/544/544 407/546/546 393/547/547
f 255/534/534 406/544/544 393/547/547
f 391/548/548 255/534/534 393/547/547
f 255/534/534 391/548/548 259/549/549
f 255/534/534 259/549/549 254/373/373
f 259/549/549 260/356/356 254/373/373
f 386/550/550 260/356/356 259/549/549
f 391/548/548 386/550/550 259/549/549
f 260/356/356 386/550/550 388/355/355
f 386/550/550 391/548/548 400/551/551
f 388/355/355 386/550/550 400/551/551
f 391/548/548 392/552/552 400/551/551
f 391/548/548 393/547/547 392/552/552
f 401/553/553 392/552/552 393/547/547
f 407/546/546 401/553/553 393/547/547
f 416/545/545 417/554/554 407/546/546
f 407/546/546 417/554/554 401/553/553
f 416/545/545 628/555/555 417/554/554
f 416/545/545 418/543/543 628/555/555
f 419/542/542 625/556/556 418/543/543
f 418/543/543 643/557/557 628/555/555
f 625/556/556 643/557/557 418/543/543
f 643/557/557 625/556/556 641/558/558
f 643/557/557 641/558/558 611/559/559
f 628/555/555 643/557/557 611/559/559
f 611/559/559 627/560/560 628/555/555
f 627/560/560 472/561/561 628/555/555
f 472/561/561 417/554/554 628/555/555
f 417/554/554 472/561/561 466/562/562
f 417/554/554 466/562/562 401/553/553
f 392/552/552 401/553/553 465/563/563
f 401/553/553 466/562/562 465/563/563
f 468/564/564 465/563/563 466/562/562
f 473/565/565 468/564/564 466/562/562
f 472/561/561 473/565/565 466/562/562
f 645/566/566 473/565/565 472/561/561
f 627/560/560 645/566/566 472/561/561
f 627/560/560 611/559/559 612/567/567
f 627/560/560 612/567/567 645/566/566
f 611/559/559 613/568/568 612/567/567
f 613/568/568 611/559/559 641/558/558
f 613/568/568 658/569/569 612/567/567
f 612/567/567 651/570/570 645/566/566
f 612/567/567 658/569/569 651/570/570
f 645/566/566 651/570/570 640/571/571
f 658/569/569 656/572/572 651/570/570
f 651/570/570 652/573/573 640/571/571
f 651/570/570 656/572/572 652/573/573
f 652/573/573 639/574/574 640/571/571
f 631/575/575 640/571/571 639/574/574
f 645/566/566 640/571/571 631/575/575
f 634/576/576 645/566/566 631/575/575
f 645/566/566 634/576/576 473/565/565
f 634/576/576 468/564/564 473/565/565
f 468/564/564 634/576/576 467/577/577
f 465/563/563 468/564/564 467/577/577
f 634/576/576 632/578/578 467/577/577
f 634/576/576 631/575/575 632/578/578
f 631/575/575 633/579/579 632/578/578
f 633/579/579 631/575/575 639/574/574
f 633/579/579 654/580/580 632/578/578
f 632/578/578 654/580/580 616/581/581
f 467/577/577 632/578/578 616/581/581
f 467/577/577 616/581/581 463/582/582
f 464/583/583 467/577/577 463/582/582
f 464/583/583 465/563/563 467/577/577
f 392/552/552 465/563/563 464/583/583
f 398/584/584 392/552/552 464/583/583
f 398/584/584 464/583/583 463/582/582
f 398/584/584 399/585/585 392/552/552
f 399/585/585 400/551/551 392/552/552
f 388/355/355 400/551/551 399/585/585
f 377/354/354 388/355/355 399/585/585
f 385/586/586 377/354/354 399/585/585
f 394/587/587 385/586/586 399/585/585
f 399/585/585 398/584/584 394/587/587
f 398/584/584 397/588/588 394/587/587
f 397/588/588 398/584/584 463/582/582
f 397/588/588 395/589/589 394/587/587
f 397/588/588 463/582/582 395/589/589
f 463/582/582 420/590/590 395/589/589
f 463/582/582 616/581/581 614/591/591
f 420/590/590 463/582/582 614/591/591
f 616/581/581 615/592/592 614/591/591
f 616/581/581 654/580/580 615/592/592
f 615/592/592 654/580/580 647/593/593
f 633/579/579 648/594/594 654/580/580
f 654/580/580 648/594/594 647/593/593
f 633/579/579 646/595/595 648/594/594
f 648/594/594 646/595/595 647/593/593
f 633/579/579 639/574/574 646/595/595
f 646/595/595 636/596/596 647/593/593
f 639/574/574 653/597/597 646/595/595
f 646/595/595 653/597/597 636/596/596
f 639/574/574 652/573/573 655/598/598
f 639/574/574 655/598/598 653/597/597
f 652/573/573 657/599/599 655/598/598
f 655/598/598 839/600/600 653/597/597
f 657/599/599 839/600/600 655/598/598
f 652/573/573 656/572/572 657/599/599
f 839/600/600 657/599/599 825/601/601
f 657/599/599 656/572/572 825/601/601
f 819/602/602 656/572/572 658/569/569
f 656/572/572 819/602/602 825/601/601
f 821/603/603 825/601/601 819/602/602
f 843/604/604 825/601/601 821/603/603
f 843/604/604 839/600/600 825/601/601
f 839/600/600 843/604/604 814/605/605
f 839/600/600 814/605/605 653/597/597
f 653/597/597 649/606/606 636/596/596
f 814/605/605 662/607/607 653/597/597
f 649/606/606 653/597/597 662/607/607
f 662/607/607 664/608/608 649/606/606
f 636/596/596 649/606/606 635/609/609
f 664/608/608 635/609/609 649/606/606
f 635/609/609 630/610/610 636/596/596
f 630/610/610 629/611/611 636/596/596
f 629/611/611 647/593/593 636/596/596
f 647/593/593 629/611/611 615/592/592
f 615/592/592 617/612/612 614/591/591
f 629/611/611 617/612/612 615/592/592
f 629/611/611 630/610/610 619/613/613
f 617/612/612 629/611/611 619/613/613
f 630/610/610 650/614/614 619/613/613
f 635/609/609 650/614/614 630/610/610
f 665/615/615 650/614/614 635/609/609
f 664/608/608 665/615/615 635/609/609
f 664/608/608 817/616/616 665/615/615
f 664/608/608 662/607/607 817/616/616
f 662/607/607 814/605/605 815/617/617
f 662/607/607 815/617/617 817/616/616
f 814/605/605 816/618/618 815/617/617
f 843/604/604 816/618/618 814/605/605
f 843/604/604 836/619/619 816/618/618
f 836/619/619 843/604/604 821/603/603
f 835/620/620 836/619/619 821/603/603
f 820/621/621 835/620/620 821/603/603
f 820/621/621 821/603/603 819/602/602
f 819/602/602 822/622/622 820/621/621
f 658/569/569 818/623/623 819/602/602
f 819/602/602 818/623/623 822/622/622
f 658/569/569 613/568/568 663/624/624
f 658/569/569 663/624/624 818/623/623
f 613/568/568 641/558/558 642/625/625
f 663/624/624 613/568/568 642/625/625
f 660/626/626 663/624/624 642/625/625
f 824/627/627 663/624/624 660/626/626
f 663/624/624 824/627/627 818/623/623
f 811/628/628 822/622/622 818/623/623
f 824/627/627 811/628/628 818/623/623
f 824/627/627 807/629/629 811/628/628
f 807/629/629 824/627/627 660/626/626
f 807/629/629 660/626/626 659/630/630
f 660/626/626 642/625/625 659/630/630
f 642/625/625 641/558/558 644/631/631
f 642/625/625 644/631/631 659/630/630
f 641/558/558 625/556/556 626/632/632
f 641/558/558 626/632/632 644/631/631
f 625/556/556 623/633/633 626/632/632
f 644/631/631 626/632/632 638/634/634
f 626/632/632 623/633/633 638/634/634
f 638/634/634 661/635/635 644/631/631
f 661/635/635 659/630/630 644/631/631
f 659/630/630 661/635/635 830/636/636
f 806/637/637 659/630/630 830/636/636
f 806/637/637 807/629/629 659/630/630
f 830/636/636 813/638/638 806/637/637
f 806/637/637 813/638/638 807/629/629
f 807/629/629 812/639/639 811/628/628
f 813/638/638 812/639/639 807/629/629
f 812/639/639 828/640/640 811/628/628
f 811/628/628 828/640/640 838/641/641
f 822/622/622 811/628/628 838/641/641
f 822/622/622 838/641/641 842/642/642
f 822/622/622 842/642/642 820/621/621
f 838/641/641 841/643/643 842/642/642
f 842/642/642 840/644/644 820/621/621
f 840/644/644 842/642/642 841/643/643
f 840/644/644 835/620/620 820/621/621
f 809/645/645 833/646/646 840/644/644
f 835/620/620 840/644/644 833/646/646
f 840/644/644 841/643/643 809/645/645
f 809/645/645 841/643/643 958/647/647
f 955/648/648 841/643/643 838/641/641
f 841/643/643 955/648/648 958/647/647
f 838/641/641 828/640/640 955/648/648
f 962/649/649 955/648/648 828/640/640
f 962/649/649 828/640/640 827/650/650
f 827/650/650 828/640/640 812/639/639
f 823/651/651 827/650/650 812/639/639
f 813/638/638 823/651/651 812/639/639
f 813/638/638 844/652/652 845/653/653
f 823/651/651 813/638/638 845/653/653
f 844/652/652 813/638/638 830/636/636
f 830/636/636 829/654/654 844/652/652
f 829/654/654 830/636/636 661/635/635
f 666/655/655 829/654/654 661/635/635
f 666/655/655 661/635/635 637/656/656
f 661/635/635 638/634/634 637/656/656
f 637/656/656 638/634/634 621/657/657
f 638/634/634 623/633/633 621/657/657
f 621/657/657 623/633/633 622/658/658
f 622/658/658 623/633/633 625/556/556
f 622/658/658 624/659/659 621/657/657
f 469/660/660 624/659/659 622/658/658
f 415/661/661 469/660/660 622/658/658
f 415/661/661 622/658/658 625/556/556
f 419/542/542 415/661/661 625/556/556
f 404/540/540 412/662/662 419/542/542
f 412/662/662 415/661/661 419/542/542
f 412/662/662 414/663/663 415/661/661
f 414/663/663 469/660/660 415/661/661
f 412/662/662 413/664/664 414/663/663
f 411/665/665 413/664/664 412/662/662
f 411/665/665 412/662/662 404/540/540
f 411/665/665 404/540/540 424/541/541
f 424/541/541 425/666/666 411/665/665
f 425/666/666 413/664/664 411/665/665
f 424/541/541 426/667/667 425/666/666
f 426/667/667 438/668/668 425/666/666
f 845/653/653 957/669/669 823/651/651
f 956/670/670 823/651/651 957/669/669
f 964/671/671 956/670/670 957/669/669
f 956/670/670 827/650/650 823/651/651
f 960/672/672 827/650/650 956/670/670
f 960/672/672 962/649/649 827/650/650
f 956/670/670 965/673/673 960/672/672
f 962/649/649 960/672/672 965/673/673
f 956/670/670 964/671/671 965/673/673
f 963/674/674 962/649/649 965/673/673
f 962/649/649 963/674/674 955/648/648
f 963/674/674 958/647/647 955/648/648
f 966/675/673 958/647/647 963/674/674
f 961/676/675 958/647/647 966/675/673
f 959/677/676 958/647/647 961/676/675
f 958/647/647 959/677/676 808/678/677
f 809/645/645 958/647/647 808/678/677
f 959/677/676 804/679/678 808/678/677
f 801/680/679 804/679/678 803/681/680
f 804/679/678 801/680/679 808/678/677
f 808/678/677 810/682/681 809/645/645
f 801/680/679 810/682/681 808/678/677
f 810/682/681 833/646/646 809/645/645
f 810/682/681 832/683/682 833/646/646
f 832/683/682 810/682/681 802/684/683
f 810/682/681 801/680/679 802/684/683
f 801/680/679 803/681/680 802/684/683
f 803/681/680 805/685/684 802/684/683
f 826/686/685 802/684/683 805/685/684
f 832/683/682 802/684/683 826/686/685
f 805/685/684 817/616/616 826/686/685
f 817/616/616 805/685/684 665/615/615
f 817/616/616 815/617/617 826/686/685
f 815/617/617 831/687/686 826/686/685
f 831/687/686 832/683/682 826/686/685
f 832/683/682 831/687/686 834/688/687
f 832/683/682 834/688/687 833/646/646
f 834/688/687 835/620/620 833/646/646
f 836/619/619 835/620/620 834/688/687
f 837/689/688 836/619/619 834/688/687
f 831/687/686 837/689/688 834/688/687
f 836/619/619 837/689/688 816/618/618
f 837/689/688 831/687/686 816/618/618
f 831/687/686 815/617/617 816/618/618
f 48/690/689 46/43/43 47/44/44
f 49/691/690 48/690/689 47/44/44
f 50/692/691 48/690/689 49/691/690
f 47/44/44 57/693/692 49/691/690
f 108/45/45 57/693/692 47/44/44
f 49/691/690 51/694/693 50/692/691
f 51/694/693 49/691/690 57/693/692
f 51/694/693 52/695/694 50/692/691
f 51/694/693 54/696/695 52/695/694
f 52/695/694 54/696/695 53/697/696
f 54/696/695 65/698/697 53/697/696
f 64/699/698 65/698/697 54/696/695
f 55/700/699 64/699/698 54/696/695
f 55/700/699 54/696/695 51/694/693
f 56/701/700 55/700/699 51/694/693
f 56/701/700 51/694/693 57/693/692
f 56/701/700 57/693/692 58/702/701
f 108/45/45 58/702/701 57/693/692
f 122/46/46 121/703/702 108/45/45
f 121/703/702 58/702/701 108/45/45
f 122/46/46 110/47/47 121/703/702
f 110/47/47 101/161/161 121/703/702
f 121/703/702 60/704/703 58/702/701
f 101/161/161 191/705/704 121/703/702
f 191/705/704 60/704/703 121/703/702
f 101/161/161 193/706/705 191/705/704
f 205/162/162 193/706/705 101/161/161
f 205/162/162 206/707/706 193/706/705
f 205/162/162 210/163/163 206/707/706
f 210/163/163 211/708/707 206/707/706
f 210/163/163 265/164/164 211/708/707
f 211/708/707 212/709/708 206/707/706
f 265/164/164 317/710/709 211/708/707
f 211/708/707 314/711/710 212/709/708
f 317/710/709 314/711/710 211/708/707
f 265/164/164 313/712/711 317/710/709
f 314/711/710 317/710/709 444/713/712
f 313/712/711 457/714/713 317/710/709
f 317/710/709 457/714/713 444/713/712
f 313/712/711 456/715/714 457/714/713
f 457/714/713 456/715/714 444/713/712
f 313/712/711 462/716/715 456/715/714
f 456/715/714 442/717/716 444/713/712
f 444/713/712 442/717/716 441/718/717
f 441/718/717 314/711/710 444/713/712
f 442/717/716 443/719/718 441/718/717
f 441/718/717 250/720/719 314/711/710
f 314/711/710 250/720/719 251/721/720
f 314/711/710 251/721/720 212/709/708
f 250/720/719 252/722/721 251/721/720
f 251/721/720 215/723/722 212/709/708
f 212/709/708 213/724/723 206/707/706
f 212/709/708 215/723/722 213/724/723
f 206/707/706 195/725/724 193/706/705
f 215/723/722 216/726/725 213/724/723
f 195/725/724 192/727/726 193/706/705
f 195/725/724 196/728/727 192/727/726
f 193/706/705 192/727/726 191/705/704
f 196/728/727 194/729/728 192/727/726
f 191/705/704 192/727/726 80/730/729
f 80/730/729 192/727/726 194/729/728
f 80/730/729 60/704/703 191/705/704
f 60/704/703 80/730/729 59/731/730
f 60/704/703 59/731/730 58/702/701
f 59/731/730 56/701/700 58/702/701
f 56/701/700 59/731/730 72/732/731
f 80/730/729 72/732/731 59/731/730
f 72/732/731 80/730/729 73/733/732
f 80/730/729 194/729/728 73/733/732
f 72/732/731 73/733/732 55/700/699
f 55/700/699 56/701/700 72/732/731
f 73/733/732 64/699/698 55/700/699
f 305/734/733 287/460/460 209/461/461
f 238/735/83 235/736/734 236/737/735
f 235/736/734 237/738/736 236/737/735
f 235/736/734 345/739/737 237/738/736
f 237/738/736 246/740/738 236/737/735
f 246/740/738 247/741/739 236/737/735
f 247/741/739 246/740/738 603/742/740
f 341/743/741 246/740/738 340/744/742
f 246/740/738 341/743/741 603/742/740
f 246/740/738 237/738/736 340/744/742
f 345/739/737 340/744/742 237/738/736
f 340/744/742 345/739/737 344/745/743
f 343/746/744 340/744/742 344/745/743
f 340/744/742 343/746/744 341/743/741
f 344/745/743 342/747/745 343/746/744
f 343/746/744 225/748/746 341/743/741
f 341/743/741 225/748/746 603/742/740
f 343/746/744 342/747/745 224/749/747
f 224/749/747 225/748/746 343/746/744
f 342/747/745 223/750/748 224/749/747
f 224/749/747 222/751/749 225/748/746
f 222/751/749 224/749/747 223/750/748
f 245/752/85 222/751/749 223/750/748
f 222/751/749 245/752/85 243/753/84
f 228/754/750 222/751/749 243/753/84
f 228/754/750 226/755/751 222/751/749
f 226/755/751 225/748/746 222/751/749
f 225/748/746 226/755/751 603/742/740
f 226/755/751 232/756/752 603/742/740
f 232/756/752 226/755/751 227/757/735
f 226/755/751 228/754/750 227/757/735
f 227/757/735 228/754/750 243/753/84
f 244/758/83 227/757/735 243/753/84
f 358/353/353 390/315/315 357/328/328
f 377/354/354 385/586/586 358/353/353
f 390/315/315 358/353/353 385/586/586
f 389/759/753 390/315/315 385/586/586
f 385/586/586 394/587/587 389/759/753
f 390/315/315 389/759/753 421/760/754
f 428/314/314 390/315/315 421/760/754
f 389/759/753 396/761/755 421/760/754
f 394/587/587 396/761/755 389/759/753
f 395/589/589 396/761/755 394/587/587
f 422/762/756 396/761/755 395/589/589
f 422/762/756 421/760/754 396/761/755
f 423/763/757 421/760/754 422/762/756
f 423/763/757 428/314/314 421/760/754
f 428/314/314 423/763/757 429/311/311
f 460/764/758 461/310/310 429/311/311
f 423/763/757 460/764/758 429/311/311
f 460/764/758 448/765/759 461/310/310
f 448/765/759 480/309/309 461/310/310
f 460/764/758 459/766/760 448/765/759
f 459/766/760 460/764/758 423/763/757
f 458/767/761 459/766/760 423/763/757
f 427/768/762 423/763/757 422/762/756
f 408/769/763 427/768/762 422/762/756
f 408/769/763 422/762/756 395/589/589
f 395/589/589 420/590/590 408/769/763
f 420/590/590 470/770/764 408/769/763
f 470/770/764 420/590/590 614/591/591
f 620/771/765 470/770/764 614/591/591
f 617/612/612 620/771/765 614/591/591
f 617/612/612 619/613/613 618/772/766
f 620/771/765 617/612/612 618/772/766
f 620/771/765 618/772/766 471/773/767
f 470/770/764 620/771/765 471/773/767
f 470/770/764 471/773/767 410/774/768
f 408/769/763 470/770/764 410/774/768
f 408/769/763 410/774/768 409/775/769
f 427/768/762 408/769/763 409/775/769
f 459/766/760 458/767/761 445/776/770
f 448/765/759 459/766/760 445/776/770
f 458/767/761 451/777/771 445/776/770
f 451/777/771 450/778/772 445/776/770
f 450/778/772 447/779/773 445/776/770
f 445/776/770 447/779/773 446/780/774
f 445/776/770 446/780/774 448/765/759
f 446/780/774 480/309/309 448/765/759
f 480/309/309 446/780/774 607/781/775
f 478/308/308 480/309/309 607/781/775
f 446/780/774 605/782/776 607/781/775
f 447/779/773 605/782/776 446/780/774
f 605/782/776 788/783/777 607/781/775
f 607/781/775 788/783/777 760/784/778
f 788/783/777 782/785/779 760/784/778
f 760/784/778 758/786/780 607/781/775
f 758/786/780 478/308/308 607/781/775
f 758/786/780 774/305/305 478/308/308
f 758/786/780 760/784/778 759/787/781
f 758/786/780 759/787/781 774/305/305
f 760/784/778 782/785/779 783/788/782
f 760/784/778 783/788/782 759/787/781
f 782/785/779 781/789/783 783/788/782
f 783/788/782 795/790/784 759/787/781
f 781/789/783 798/791/785 783/788/782
f 798/791/785 795/790/784 783/788/782
f 781/789/783 800/792/786 798/791/785
f 795/790/784 798/791/785 929/793/787
f 800/792/786 930/794/788 798/791/785
f 798/791/785 930/794/788 929/793/787
f 800/792/786 953/795/789 930/794/788
f 930/794/788 934/796/790 929/793/787
f 930/794/788 953/795/789 934/796/790
f 953/795/789 951/797/791 934/796/790
f 950/798/792 946/799/793 951/797/791
f 946/799/793 934/796/790 951/797/791
f 950/798/792 976/800/794 946/799/793
f 983/801/269 976/800/794 950/798/792
f 976/800/794 983/801/269 982/802/795
f 977/803/796 976/800/794 982/802/795
f 976/800/794 977/803/796 973/804/797
f 976/800/794 973/804/797 946/799/793
f 934/796/790 946/799/793 928/805/798
f 973/804/797 928/805/798 946/799/793
f 934/796/790 925/806/799 929/793/787
f 925/806/799 934/796/790 928/805/798
f 925/806/799 923/807/800 929/793/787
f 929/793/787 923/807/800 795/790/784
f 759/787/781 795/790/784 786/808/801
f 923/807/800 796/809/802 795/790/784
f 795/790/784 796/809/802 786/808/801
f 923/807/800 922/810/803 796/809/802
f 786/808/801 796/809/802 787/811/804
f 922/810/803 793/812/805 796/809/802
f 796/809/802 793/812/805 787/811/804
f 922/810/803 789/813/806 793/812/805
f 787/811/804 793/812/805 784/814/807
f 793/812/805 789/813/806 784/814/807
f 784/814/807 780/284/284 787/811/804
f 789/813/806 757/279/279 784/814/807
f 780/284/284 784/814/807 757/279/279
f 789/813/806 927/278/278 757/279/279
f 789/813/806 920/815/808 927/278/278
f 920/815/808 789/813/806 922/810/803
f 920/815/808 922/810/803 921/816/809
f 921/816/809 922/810/803 923/807/800
f 924/817/810 921/816/809 923/807/800
f 923/807/800 925/806/799 924/817/810
f 925/806/799 926/818/811 924/817/810
f 925/806/799 928/805/798 926/818/811
f 926/818/811 928/805/798 919/819/812
f 973/804/797 919/819/812 928/805/798
f 919/819/812 973/804/797 972/272/272
f 977/803/796 972/272/272 973/804/797
f 979/820/270 972/272/272 977/803/796
f 975/271/271 972/272/272 979/820/270
f 918/273/273 919/819/812 972/272/272
f 917/821/813 919/819/812 918/273/273
f 917/821/813 926/818/811 919/819/812
f 926/818/811 917/821/813 924/817/810
f 917/821/813 916/822/814 924/817/810
f 924/817/810 916/822/814 921/816/809
f 911/823/815 920/815/808 921/816/809
f 916/822/814 911/823/815 921/816/809
f 920/815/808 911/823/815 912/277/277
f 920/815/808 912/277/277 927/278/278
f 911/823/815 913/276/276 912/277/277
f 913/276/276 911/823/815 914/275/275
f 911/823/815 916/822/814 914/275/275
f 914/275/275 916/822/814 915/274/274
f 916/822/814 917/821/813 915/274/274
f 915/274/274 917/821/813 918/273/273
f 787/811/804 776/824/816 786/808/801
f 780/284/284 776/824/816 787/811/804
f 775/290/290 776/824/816 780/284/284
f 774/305/305 776/824/816 775/290/290
f 774/305/305 786/808/801 776/824/816
f 759/787/781 786/808/801 774/305/305
f 372/825/337 368/826/334 371/827/817
f 368/826/334 369/828/818 371/827/817
f 349/829/819 371/827/817 369/828/818
f 368/826/334 367/830/820 369/828/818
f 370/831/333 367/830/820 368/826/334
f 367/830/820 370/831/333 376/832/330
f 348/833/821 367/830/820 376/832/330
f 376/832/330 347/834/329 348/833/821
f 346/835/822 348/833/821 347/834/329
f 347/834/329 380/836/327 346/835/822
f 346/835/822 353/837/823 348/833/821
f 380/836/327 361/838/824 346/835/822
f 346/835/822 361/838/824 353/837/823
f 380/836/327 375/839/326 361/838/824
f 375/839/326 360/840/338 361/838/824
f 360/840/338 362/841/825 361/838/824
f 362/841/825 360/840/338 374/842/337
f 379/843/817 362/841/825 374/842/337
f 354/844/826 362/841/825 379/843/817
f 362/841/825 354/844/826 361/838/824
f 354/844/826 353/837/823 361/838/824
f 353/837/823 354/844/826 350/845/827
f 352/846/828 353/837/823 350/845/827
f 353/837/823 352/846/828 348/833/821
f 367/830/820 348/833/821 352/846/828
f 352/846/828 351/847/829 367/830/820
f 351/847/829 369/828/818 367/830/820
f 351/847/829 349/829/819 369/828/818
f 349/829/819 351/847/829 350/845/827
f 351/847/829 352/846/828 350/845/827
f 354/844/826 355/848/830 350/845/827
f 355/848/830 354/844/826 379/843/817
f 566/849/831 462/716/715 313/712/711
f 310/850/832 566/849/831 313/712/711
f 313/712/711 265/164/164 310/850/832
f 262/165/165 310/850/832 265/164/164
f 262/165/165 263/166/166 310/850/832
f 263/166/166 526/851/833 310/850/832
f 566/849/831 310/850/832 569/852/834
f 310/850/832 526/851/833 569/852/834
f 569/852/834 580/853/835 566/849/831
f 526/851/833 570/854/836 569/852/834
f 263/166/166 525/855/837 526/851/833
f 526/851/833 525/855/837 570/854/836
f 525/855/837 575/856/838 570/854/836
f 525/855/837 587/857/839 575/856/838
f 587/857/839 591/858/840 575/856/838
f 525/855/837 589/859/841 587/857/839
f 263/166/166 589/859/841 525/855/837
f 528/167/167 533/860/842 263/166/166
f 533/860/842 589/859/841 263/166/166
f 528/167/167 581/168/168 533/860/842
f 589/859/841 533/860/842 588/861/843
f 587/857/839 589/859/841 588/861/843
f 702/862/844 587/857/839 588/861/843
f 587/857/839 702/862/844 591/858/840
f 702/862/844 703/863/845 591/858/840
f 701/864/846 703/863/845 702/862/844
f 696/865/847 701/864/846 702/862/844
f 696/865/847 702/862/844 588/861/843
f 698/866/848 696/865/847 588/861/843
f 588/861/843 685/867/849 698/866/848
f 533/860/842 685/867/849 588/861/843
f 581/168/168 582/174/174 533/860/842
f 582/174/174 685/867/849 533/860/842
f 581/168/168 535/169/169 582/174/174
f 685/867/849 582/174/174 686/178/178
f 685/867/849 686/178/178 698/866/848
f 696/865/847 698/866/848 697/868/850
f 686/178/178 699/869/851 698/866/848
f 698/866/848 699/869/851 697/868/850
f 686/178/178 687/179/179 695/870/852
f 695/870/852 699/869/851 686/178/178
f 687/179/179 715/871/853 695/870/852
f 714/180/180 715/871/853 687/179/179
f 695/870/852 711/872/854 712/873/855
f 711/872/854 695/870/852 715/871/853
f 712/873/855 699/869/851 695/870/852
f 712/873/855 713/874/856 699/869/851
f 713/874/856 697/868/850 699/869/851
f 697/868/850 713/874/856 710/875/857
f 697/868/850 710/875/857 701/864/846
f 696/865/847 697/868/850 701/864/846
f 710/875/857 713/874/856 720/876/858
f 896/877/859 720/876/858 713/874/856
f 882/878/860 896/877/859 713/874/856
f 713/874/856 712/873/855 882/878/860
f 712/873/855 884/879/861 882/878/860
f 884/879/861 712/873/855 711/872/854
f 886/880/862 884/879/861 711/872/854
f 886/880/862 711/872/854 715/871/853
f 886/880/862 881/881/863 884/879/861
f 884/879/861 881/881/863 882/878/860
f 881/881/863 883/882/864 882/878/860
f 896/877/859 882/878/860 883/882/864
f 881/881/863 897/883/865 883/882/864
f 881/881/863 891/884/866 897/883/865
f 898/885/867 897/883/865 891/884/866
f 881/881/863 887/886/868 891/884/866
f 886/880/862 887/886/868 881/881/863
f 847/887/869 887/886/868 886/880/862
f 866/888/870 847/887/869 886/880/862
f 866/888/870 886/880/862 715/871/853
f 866/888/870 715/871/853 856/889/871
f 715/871/853 714/180/180 856/889/871
f 856/889/871 847/887/869 866/888/870
f 714/180/180 860/890/872 856/889/871
f 719/190/190 860/890/872 714/180/180
f 856/889/871 849/891/873 847/887/869
f 856/889/871 860/890/872 849/891/873
f 847/887/869 849/891/873 848/892/874
f 850/893/875 847/887/869 848/892/874
f 847/887/869 850/893/875 887/886/868
f 890/894/876 891/884/866 887/886/868
f 850/893/875 890/894/876 887/886/868
f 890/894/876 889/895/877 891/884/866
f 889/895/877 898/885/867 891/884/866
f 889/895/877 971/896/878 898/885/867
f 971/896/878 889/895/877 967/897/879
f 892/898/880 889/895/877 890/894/876
f 889/895/877 892/898/880 967/897/879
f 890/894/876 894/899/881 892/898/880
f 892/898/880 894/899/881 967/897/879
f 890/894/876 850/893/875 894/899/881
f 894/899/881 850/893/875 888/900/882
f 850/893/875 848/892/874 888/900/882
f 888/900/882 970/901/883 894/899/881
f 894/899/881 970/901/883 967/897/879
f 888/900/882 895/902/884 970/901/883
f 970/901/883 895/902/884 968/903/885
f 968/903/885 895/902/884 969/904/878
f 969/904/878 895/902/884 885/905/886
f 885/905/886 879/906/887 880/907/888
f 879/906/887 885/905/886 895/902/884
f 878/908/889 879/906/887 895/902/884
f 878/908/889 895/902/884 851/909/890
f 895/902/884 888/900/882 851/909/890
f 888/900/882 848/892/874 851/909/890
f 848/892/874 852/910/891 851/909/890
f 852/910/891 848/892/874 849/891/873
f 852/910/891 849/891/873 858/911/892
f 849/891/873 860/890/872 858/911/892
f 858/911/892 853/912/893 852/910/891
f 852/910/891 853/912/893 851/909/890
f 851/909/890 853/912/893 878/908/889
f 875/913/894 876/914/895 878/908/889
f 853/912/893 875/913/894 878/908/889
f 876/914/895 879/906/887 878/908/889
f 876/914/895 871/915/896 879/906/887
f 871/915/896 880/907/888 879/906/887
f 869/916/897 880/907/888 871/915/896
f 869/916/897 871/915/896 870/917/898
f 871/915/896 876/914/895 870/917/898
f 870/917/898 862/918/899 869/916/897
f 876/914/895 874/919/900 870/917/898
f 874/919/900 876/914/895 875/913/894
f 874/919/900 872/920/901 870/917/898
f 870/917/898 872/920/901 862/918/899
f 716/921/902 862/918/899 861/922/903
f 872/920/901 861/922/903 862/918/899
f 867/923/904 861/922/903 872/920/901
f 873/924/905 867/923/904 872/920/901
f 874/919/900 873/924/905 872/920/901
f 875/913/894 877/925/906 874/919/900
f 873/924/905 874/919/900 877/925/906
f 875/913/894 857/926/907 877/925/906
f 853/912/893 857/926/907 875/913/894
f 857/926/907 853/912/893 858/911/892
f 857/926/907 858/911/892 893/927/908
f 893/927/908 858/911/892 860/890/872
f 893/927/908 865/928/909 857/926/907
f 857/926/907 865/928/909 877/925/906
f 865/928/909 863/929/910 877/925/906
f 863/929/910 873/924/905 877/925/906
f 873/924/905 863/929/910 864/930/911
f 867/923/904 873/924/905 864/930/911
f 863/929/910 865/928/909 864/930/911
f 865/928/909 855/931/912 864/930/911
f 855/931/912 865/928/909 893/927/908
f 854/932/913 855/931/912 893/927/908
f 854/932/913 893/927/908 860/890/872
f 854/932/913 860/890/872 719/190/190
f 718/191/191 854/932/913 719/190/190
f 718/191/191 846/933/914 854/932/913
f 846/933/914 855/931/912 854/932/913
f 718/191/191 691/192/192 846/933/914
f 691/192/192 708/193/193 846/933/914
f 708/193/193 859/934/915 846/933/914
f 846/933/914 859/934/915 855/931/912
f 859/934/915 864/930/911 855/931/912
f 867/923/904 864/930/911 859/934/915
f 868/935/916 867/923/904 859/934/915
f 867/923/904 868/935/916 861/922/903
f 859/934/915 708/193/193 868/935/916
f 868/935/916 717/936/917 861/922/903
f 717/936/917 716/921/902 861/922/903
f 868/935/916 678/206/206 717/936/917
f 678/206/206 868/935/916 708/193/193
f 678/206/206 679/207/207 717/936/917
f 716/921/902 717/936/917 679/207/207
f 709/937/918 716/921/902 679/207/207
f 709/937/918 679/207/207 669/208/208
f 667/209/209 709/937/918 669/208/208
f 515/938/136 514/939/68 513/940/919
f 514/939/68 508/941/920 513/940/919
f 514/939/68 505/942/69 508/941/920
f 508/941/920 503/943/921 513/940/919
f 505/942/69 499/944/922 508/941/920
f 508/941/920 500/945/923 503/943/921
f 499/944/922 500/945/923 508/941/920
f 500/945/923 502/946/924 503/943/921
f 499/944/922 498/947/925 500/945/923
f 498/947/925 502/946/924 500/945/923
f 502/946/924 498/947/925 509/948/926
f 501/949/927 498/947/925 499/944/922
f 498/947/925 501/949/927 509/948/926
f 499/944/922 504/950/928 501/949/927
f 504/950/928 499/944/922 505/942/69
f 506/951/70 504/950/928 505/942/69
f 506/951/70 493/952/92 504/950/928
f 493/952/92 491/953/929 488/954/930
f 488/954/930 504/950/928 493/952/92
f 488/954/930 489/955/931 504/950/928
f 489/955/931 501/949/927 504/950/928
f 501/949/927 489/955/931 509/948/926
f 494/956/932 497/957/933 509/948/926
f 489/955/931 494/956/932 509/948/926
f 497/957/933 494/956/932 495/958/934
f 494/956/932 496/959/935 495/958/934
f 495/958/934 496/959/935 516/960/936
f 494/956/932 489/955/931 490/961/937
f 496/959/935 494/956/932 490/961/937
f 489/955/931 488/954/930 490/961/937
f 490/961/937 488/954/930 491/953/929
f 492/962/134 490/961/937 491/953/929
f 492/962/134 518/963/938 490/961/937
f 518/963/938 496/959/935 490/961/937
f 496/959/935 518/963/938 516/960/936
f 516/960/936 518/963/938 517/964/136
f 518/963/938 519/965/135 517/964/136
f 519/965/135 518/963/938 492/962/134
f 901/966/939 750/512/512 900/511/511
f 899/967/940 901/966/939 900/511/511
f 900/511/511 905/506/506 899/967/940
f 899/967/940 905/506/506 906/968/941
f 906/968/941 905/506/506 904/969/942
f 904/969/942 905/506/506 903/505/505
f 902/970/943 904/969/942 903/505/505
f 902/970/943 903/505/505 733/484/484
f 902/970/943 908/971/941 904/969/942
f 902/970/943 910/972/944 908/971/941
f 910/972/944 902/970/943 744/482/482
f 902/970/943 733/484/484 744/482/482
f 910/972/944 744/482/482 907/483/483
f 910/972/944 907/483/483 908/971/941
f 907/483/483 909/973/945 908/971/941
f 5/974/946 3/2/2 6/387/387
f 5/974/946 6/387/387 31/344/344
f 5/974/946 4/975/947 3/2/2
f 5/974/946 31/344/344 4/975/947
f 31/344/344 32/343/343 4/975/947
f 2/976/948 3/2/2 4/975/947
f 4/975/947 32/343/343 2/976/948
f 32/343/343 77/977/949 2/976/948
f 77/977/949 32/343/343 170/320/320
f 77/977/949 170/320/320 217/978/950
f 170/320/320 219/78/78 217/978/950
f 217/978/950 79/979/951 77/977/949
f 79/979/951 217/978/950 219/78/78
f 79/979/951 2/976/948 77/977/949
f 1/980/952 2/976/948 79/979/951
f 1/980/952 3/2/2 2/976/948
f 79/979/951 78/981/953 1/980/952
f 1/980/952 29/982/954 3/2/2
f 29/982/954 1/980/952 78/981/953
f 29/982/954 28/983/955 3/2/2
f 27/29/29 3/2/2 28/983/955
f 28/983/955 75/59/59 27/29/29
f 28/983/955 29/982/954 75/59/59
f 29/982/954 78/981/953 75/59/59
f 78/981/953 221/77/77 75/59/59
f 78/981/953 79/979/951 221/77/77
f 79/979/951 219/78/78 221/77/77
o Buckler
v 14.982676 -12.522233 -4.589878
v 17.917101 -10.699155 -5.921101
v 15.327623 -13.252500 -3.747332
v 19.067930 -10.814806 -5.461249
v 19.786739 -12.328876 -3.506346
v 20.191156 -10.959777 -4.921755
v 22.497448 -11.574974 -3.591094
v 22.632488 -11.762564 -3.374565
v 21.963991 -11.346789 -3.970974
v 21.154480 -11.136093 -4.431583
v 14.402540 -12.035912 -5.273047
v 17.846474 -10.050734 -6.588844
v 14.416096 -10.274236 -7.487930
v 16.181730 -9.447953 -7.731153
v 17.894949 -9.607702 -7.007601
v 17.032587 -9.107141 -7.829899
v 18.104969 -9.160658 -7.403281
v 17.784204 -8.878004 -7.804137
v 18.238688 -8.820746 -7.711070
v 13.291552 -11.766678 -5.893805
v 13.797882 -10.242496 -7.717724
v 11.764223 -11.757931 -6.401525
v 12.294481 -9.904741 -8.527908
v 9.583545 -12.202211 -6.634765
v 10.915503 -9.593247 -9.286706
v 9.528343 -9.426071 -9.913286
v 8.996117 -9.954159 -9.746412
v 7.756456 -11.161312 -8.933226
v 6.817040 -11.783917 -8.604975
v 4.986168 -13.509391 -6.811336
v 5.720853 -12.267907 -8.470819
v 4.475481 -12.620998 -8.515659
v 0.724939 -12.992306 -9.137602
v 2.239162 -12.467481 -9.198530
v 3.018505 -12.725358 -8.872685
v -1.546289 -15.168994 -7.239512
v 3.551661 -12.772774 -8.669188
v -1.476289 -13.873446 -8.969030
v -3.211308 -15.833738 -7.111228
v -3.904548 -14.904566 -8.712946
v -4.360266 -16.576124 -6.739852
v -5.023643 -17.342588 -6.164209
v -11.083767 -18.269304 -7.638843
v -9.684288 -17.563795 -7.888098
v -7.971099 -16.740755 -8.164576
v -6.157794 -15.903618 -8.423115
v -5.150589 -18.107622 -5.437918
v -11.804863 -19.839008 -6.133595
v -12.396883 -18.987850 -7.339010
v -13.360806 -19.560848 -7.068336
v -13.902601 -19.916136 -6.900438
v -14.431965 -20.328836 -6.675934
v -14.560377 -20.588079 -6.452237
v -3.565339 -15.724174 -4.408675
v -3.690863 -16.272001 -3.899674
v -5.023643 -17.342588 -6.164209
v -5.150589 -18.107622 -5.437918
v -2.897694 -15.035101 -4.856109
v -4.360266 -16.576124 -6.739852
v -2.059169 -14.504219 -5.139499
v -3.211308 -15.833738 -7.111228
v -0.632891 -13.999582 -5.178800
v -1.546289 -15.168994 -7.239512
v 4.614495 -12.663592 -4.822949
v 4.986168 -13.509391 -6.811336
v 9.583545 -12.202211 -6.634765
v 9.213087 -11.415628 -4.660515
v 11.764223 -11.757931 -6.401525
v 10.528540 -11.124328 -4.482032
v 13.291552 -11.766678 -5.893805
v 11.658270 -11.042134 -4.207577
v 14.402540 -12.035912 -5.273047
v 12.595863 -11.233957 -3.700246
v 14.982676 -12.522233 -4.589878
v 13.175707 -11.631979 -3.140179
v 13.390116 -12.207197 -2.475155
v 15.327623 -13.252500 -3.747332
v -2.059169 -14.504219 -5.139499
v -1.723821 -15.149010 -4.341375
v -2.897694 -15.035101 -4.856109
v -1.063457 -14.599677 -4.680614
v -3.565339 -15.724174 -4.408675
v -1.843123 -15.806208 -3.720748
v -3.690863 -16.272001 -3.899674
v -0.632891 -13.999582 -5.178800
v 0.420460 -14.110512 -4.695796
v 4.094702 -13.201069 -4.440748
v 4.614495 -12.663592 -4.822949
v 5.542994 -12.794930 -4.379171
v 8.969215 -11.895872 -4.183284
v 9.213087 -11.415628 -4.660515
v 10.528540 -11.124328 -4.482032
v 10.445963 -11.560326 -4.051693
v 12.595863 -11.233957 -3.700246
v 11.723881 -11.746275 -3.446189
v 11.658270 -11.042134 -4.207577
v 13.175707 -11.631979 -3.140179
v 13.390116 -12.207197 -2.475155
v 12.174793 -12.502901 -2.582683
v 7.956871 -12.733473 -3.667784
v 6.620076 -13.029386 -3.828768
v 7.106620 -13.691898 -2.989097
v 7.805294 -13.518690 -2.924218
v 3.358511 -13.790056 -4.086038
v 1.325702 -14.318015 -4.217584
v 1.792539 -14.964399 -3.439793
v 3.188104 -14.623447 -3.314986
v -0.037914 -15.072958 -4.769253
v -1.266559 -16.092932 -4.076160
v 1.518301 -15.457884 -3.870246
v 5.115798 -13.643193 -4.522643
v 3.764371 -14.920326 -3.680022
v 6.793342 -14.207235 -3.434762
v 10.167737 -12.354095 -4.207005
v 11.789419 -13.025246 -3.024707
v 8.963324 -12.786188 -4.139819
v 8.408631 -13.811670 -3.289413
v -14.314528 -20.980934 -6.861341
v -14.239855 -20.762791 -7.036417
v -14.560377 -20.588079 -6.452237
v -14.431965 -20.328836 -6.675934
v -13.730028 -20.375111 -7.291351
v -13.902601 -19.916136 -6.900438
v -13.161013 -20.008995 -7.481091
v -13.360806 -19.560848 -7.068336
v -12.210310 -19.426641 -7.745668
v -12.396883 -18.987850 -7.339010
v -10.911205 -18.698702 -8.029856
v -11.083767 -18.269304 -7.638843
v -9.518250 -17.992439 -8.286881
v -9.684288 -17.563795 -7.888098
v -7.816435 -17.181849 -8.559443
v -7.971099 -16.740755 -8.164576
v -5.985683 -16.320518 -8.802168
v -6.157794 -15.903618 -8.423115
v -3.761261 -15.287873 -9.051179
v -3.904548 -14.904566 -8.712946
v -1.368906 -14.255173 -9.300632
v -1.476289 -13.873446 -8.969030
v 0.862784 -13.349951 -9.483604
v 0.724939 -12.992306 -9.137602
v 2.335117 -12.790023 -9.519255
v 2.239162 -12.467481 -9.198530
v 3.112104 -12.990040 -9.119176
v 3.018505 -12.725358 -8.872685
v 2.239162 -12.467481 -9.198530
v 3.636727 -13.021844 -8.899589
v 3.551661 -12.772774 -8.669188
v 4.524047 -12.874010 -8.758713
v 4.475481 -12.620998 -8.515659
v 5.720853 -12.267907 -8.470819
v 5.769769 -12.523245 -8.711427
v 6.817040 -11.783917 -8.604975
v 6.884604 -12.029909 -8.844069
v 7.756456 -11.161312 -8.933226
v 7.808223 -11.418164 -9.161570
v 8.996117 -9.954159 -9.746412
v 9.061877 -10.161254 -9.990597
v 9.528343 -9.426071 -9.913286
v 9.538980 -9.757345 -10.277201
v 22.766432 -12.071058 -3.687359
v 22.632488 -11.762564 -3.374565
v 22.634430 -11.875734 -3.920516
v 22.497448 -11.574974 -3.591094
v 21.963991 -11.346789 -3.970974
v 22.098076 -11.648352 -4.305446
v 21.154480 -11.136093 -4.431583
v 21.283033 -11.431404 -4.759311
v 20.191156 -10.959777 -4.921755
v 20.317911 -11.216185 -5.254583
v 19.067930 -10.814806 -5.461249
v 19.200024 -11.071921 -5.771966
v 18.064651 -10.987447 -6.244858
v 17.917101 -10.699155 -5.921101
v 17.965271 -10.402918 -6.931630
v 17.846474 -10.050734 -6.588844
v 18.021227 -9.983318 -7.373763
v 17.894949 -9.607702 -7.007601
v 18.104969 -9.160658 -7.403281
v 18.215496 -9.515248 -7.766016
v 18.331511 -9.181499 -8.053596
v 18.238688 -8.820746 -7.711070
v 17.882851 -9.220072 -8.143829
v 17.784204 -8.878004 -7.804137
v 18.238688 -8.820746 -7.711070
v 17.132284 -9.456182 -8.162259
v 17.032587 -9.107141 -7.829899
v 16.181730 -9.447953 -7.731153
v 16.358515 -9.799436 -8.100413
v 14.416096 -10.274236 -7.487930
v 14.474848 -10.596066 -7.826203
v 13.913097 -10.624114 -8.017384
v 13.797882 -10.242496 -7.717724
v 12.294481 -9.904741 -8.527908
v 12.389145 -10.272512 -8.872661
v 10.973852 -9.911351 -9.673170
v 10.915503 -9.593247 -9.286706
v 9.528343 -9.426071 -9.913286
v 2.917862 -14.493763 -8.846176
v 5.427573 -14.373987 -8.615705
v 7.866952 -13.015653 -9.014015
v 10.025215 -10.959448 -10.172403
v 10.278023 -12.255774 -10.062664
v 10.138212 -13.509983 -9.894312
v 7.965357 -14.601898 -8.998015
v 5.020018 -16.161730 -8.756755
v 2.522738 -16.335203 -8.983604
v 1.659208 -14.374262 -9.536509
v 2.259847 -13.046919 -9.522243
v 0.839324 -16.081594 -9.574984
v 1.774146 -17.297829 -9.312364
v 0.913052 -17.444033 -9.436617
v -0.212713 -17.756613 -9.478838
v 2.522209 -17.766850 -9.272485
v 3.227539 -18.445637 -9.341383
v 4.668789 -18.171350 -9.366613
v 6.468674 -17.619757 -9.362902
v 8.358763 -16.901102 -9.448523
v 9.388818 -15.803728 -9.568613
v 10.234896 -14.585979 -9.755001
v 12.399755 -11.990225 -9.280016
v 14.458849 -11.835203 -8.268705
v 13.649748 -14.292900 -8.994663
v 14.882933 -13.007723 -8.385851
v 12.499302 -14.345964 -9.398537
v 14.347334 -14.485709 -8.755296
v 11.015814 -13.401934 -9.775782
v 10.713305 -13.417783 -9.837059
v 19.331173 -13.924303 -6.584316
v 19.030323 -12.679517 -6.514920
v 17.934326 -12.722000 -7.015402
v 18.354156 -14.723438 -7.115647
v 16.982990 -13.574453 -7.662374
v 17.355696 -15.161179 -7.577765
v 19.434166 -13.038745 -6.434295
v 19.564230 -13.511209 -6.441104
v 19.083210 -12.383320 -6.395956
v 16.473904 -12.295872 -8.388053
v 16.910519 -11.267735 -8.451447
v 17.590313 -10.205457 -8.338202
v 15.904997 -13.813692 -8.112542
v 16.404915 -15.261791 -8.017797
v 15.270632 -14.946772 -8.445644
v 11.158952 -14.984135 -9.719959
v 12.457384 -14.577980 -9.410870
v 11.154105 -16.046423 -9.661381
v 13.312614 -15.598017 -9.129068
v 13.089321 -15.018394 -9.190580
v 13.259762 -16.514915 -9.118329
v 11.113621 -16.960178 -9.639977
v 12.851667 -17.377457 -9.113293
v 12.095469 -17.997356 -9.147753
v 11.119145 -18.375124 -9.372301
v 10.116793 -17.779856 -9.575844
v 9.660496 -18.652790 -9.423139
v 10.727308 -16.861462 -9.650856
v 1.031832 -13.762207 -9.415144
v -0.995650 -15.277199 -9.107157
v -6.537259 -17.565054 -8.504471
v -6.137391 -18.559549 -8.458127
v -3.258079 -16.238878 -8.813405
v -2.781474 -17.259354 -8.859286
v -12.881208 -20.913311 -7.002087
v -11.690350 -20.951063 -7.208435
v -12.478359 -20.317570 -7.406280
v -11.419369 -20.555702 -7.473670
v -10.886318 -19.415703 -7.839971
v -10.075987 -19.848179 -7.811877
v -9.081295 -18.577267 -8.171434
v -8.559740 -19.276695 -8.115950
v -5.978123 -19.755121 -8.691164
v -8.306307 -20.198172 -8.327621
v -2.253311 -18.886988 -9.141954
v -0.916655 -17.971230 -9.361050
v -0.824732 -18.255312 -9.362055
v -1.434515 -19.839722 -9.205275
v -0.848137 -19.292755 -9.319551
v -0.127590 -18.157335 -9.443905
v -0.018099 -19.583731 -9.343262
v 0.656425 -18.251274 -9.433594
v 0.857316 -19.503277 -9.330744
v 1.082966 -18.882301 -9.398302
v -2.698960 -20.234085 -9.027668
v -4.704669 -20.589558 -8.796434
v -6.795134 -20.590992 -8.597538
v -8.248091 -20.486315 -8.374748
v -9.229073 -20.485029 -8.148376
v -10.024714 -20.862036 -7.936564
v -10.390333 -21.081772 -7.749633
v -10.466528 -21.202789 -7.623163
v -10.418465 -21.430824 -7.847084
v -10.391821 -21.345543 -7.948674
v -10.218807 -21.163134 -8.110615
v -9.845863 -20.914597 -8.299449
v -9.323538 -20.644884 -8.451826
v -8.566111 -20.382214 -8.635136
v -8.499771 -20.645308 -8.640750
v -7.415322 -20.842474 -8.795238
v -6.349204 -20.907139 -8.896331
v -5.195687 -20.914158 -8.992745
v -4.132156 -20.819273 -9.097005
v -3.115320 -20.622503 -9.224760
v -2.314433 -20.449106 -9.339148
v -1.602122 -20.197878 -9.451551
v -1.116050 -19.898403 -9.546865
v -0.741871 -19.570004 -9.598648
v -2.614554 -21.088179 -8.868471
v -2.580273 -21.316193 -8.628910
v -1.273259 -20.906078 -8.985986
v -1.224285 -21.231813 -8.643753
v -9.974005 -21.423437 -7.997837
v -9.345350 -21.406555 -8.118834
v -8.373707 -21.384773 -8.425506
v -9.345015 -21.386671 -8.222385
v -9.805166 -21.411438 -7.916396
v -9.960711 -21.511852 -7.904949
v -4.099467 -21.215919 -8.777555
v -4.103970 -21.179657 -8.869543
v -5.186905 -21.266766 -8.764515
v -3.072297 -21.084751 -8.969234
v -2.124141 -20.996834 -9.054203
v -1.233944 -20.859230 -9.173052
v -7.396519 -21.365585 -8.580035
v -6.316115 -21.325962 -8.687517
v -0.798647 -20.682764 -9.274591
v -0.485149 -20.398363 -9.439611
v 9.895478 -15.548967 -9.996695
v 10.426443 -14.787913 -10.097059
v 9.141423 -16.327068 -9.857094
v 8.469067 -17.011215 -9.790442
v 7.715154 -17.404329 -9.741213
v 6.565636 -17.801390 -9.676798
v 5.335834 -18.188461 -9.643185
v 6.883609 -18.917538 -9.687428
v 7.154055 -19.604158 -9.508475
v 7.846642 -18.708738 -9.706558
v 3.183643 -18.638201 -9.654955
v 4.106105 -18.482178 -9.624321
v 5.615770 -19.155973 -9.662302
v 4.239690 -19.422483 -9.643698
v 2.952520 -19.709984 -9.624834
v 2.499567 -19.126820 -9.541794
v 2.907837 -20.338495 -9.270119
v 2.742127 -18.885075 -9.657211
v 3.134869 -20.240238 -9.463387
v 4.335982 -20.142612 -9.462300
v 5.842703 -19.894762 -9.484391
v 8.506886 -17.854912 -9.774796
v 2.438669 -17.946131 -9.567739
v 1.786247 -17.493311 -9.575516
v 1.008125 -17.650541 -9.740959
v -0.075856 -17.973263 -9.794111
v -0.634025 -18.088900 -9.650053
v 0.707995 -18.000191 -9.762377
v -0.297456 -19.752123 -9.628391
v 0.213820 -19.866470 -9.645561
v 0.784823 -19.811962 -9.684816
v 1.166959 -19.597141 -9.718693
v 1.358265 -19.160467 -9.730707
v 1.309734 -18.725311 -9.714563
v 1.056549 -18.225725 -9.734966
v 2.253251 -18.978741 -9.695236
v 1.987038 -20.071194 -9.562052
v 1.256208 -20.445465 -9.465219
v 0.485439 -20.622025 -9.367575
v -0.097671 -20.547508 -9.382732
v -0.935871 -20.801136 -9.052105
v 1.074682 -21.077806 -8.628372
v 2.253695 -21.073549 -8.388073
v 2.338229 -20.717552 -8.993721
v 0.995972 -20.554302 -9.178387
v 0.160455 -20.643908 -9.139400
v -0.442377 -20.494104 -9.216646
v 2.115168 -20.152191 -9.356092
v 4.434896 -20.670273 -8.763733
v 4.362484 -20.188654 -9.269740
v 2.990395 -20.887589 -8.693216
v 5.842339 -19.968746 -9.267498
v 5.914050 -20.445709 -8.766378
v 7.240423 -19.734156 -9.291384
v 8.877029 -19.777208 -9.034432
v 8.782331 -18.954910 -9.613277
v 7.979753 -18.765892 -9.586933
v 9.774331 -18.016672 -9.832293
v 10.100864 -17.244820 -9.944920
v 9.431965 -18.681078 -9.709314
v 9.039780 -19.296665 -9.419731
v 10.177719 -19.383022 -9.269202
v 10.080921 -19.004847 -9.521709
v 9.581073 -18.916407 -9.568487
v 10.400318 -16.810555 -9.988838
v 10.703596 -16.657919 -9.990557
v 10.960823 -16.039732 -9.966404
v 10.943279 -15.000956 -10.067696
v 10.946241 -16.708298 -9.946087
v 10.857134 -13.951794 -10.088068
v 11.777519 -18.555964 -9.497362
v 12.516390 -18.183470 -9.432219
v 11.038734 -18.809223 -9.524385
v 11.127768 -19.236992 -9.204947
v 11.923370 -19.031052 -9.136919
v 12.647161 -18.781324 -9.002802
v 22.587833 -13.539925 -5.059866
v 22.526899 -13.367608 -5.197943
v 21.750147 -14.219922 -5.587207
v 21.149170 -13.644922 -6.060562
v 21.943911 -12.904345 -5.568304
v 21.249176 -12.614578 -5.908872
v 20.294405 -15.081730 -6.199157
v 19.838850 -13.888245 -6.778047
v 20.102777 -13.495443 -6.653863
v 20.115885 -13.109218 -6.608335
v 20.554543 -12.499977 -6.256056
v 19.932663 -12.800329 -6.631881
v 19.653341 -12.477528 -6.675521
v 19.412476 -14.285932 -6.954274
v 18.835968 -15.924021 -6.792133
v 18.896107 -14.728195 -7.183599
v 17.359884 -16.810814 -7.424954
v 17.529510 -15.390091 -7.839353
v 18.226639 -15.144322 -7.497997
v 17.051409 -16.764908 -7.633792
v 16.812048 -16.226101 -8.019096
v 16.845057 -15.487137 -8.168121
v 16.054153 -16.542686 -8.353245
v 16.112804 -17.245955 -8.018549
v 16.059280 -15.418458 -8.508307
v 15.505659 -15.282339 -8.718620
v 13.996853 -17.341164 -9.063702
v 14.205074 -18.142063 -8.607880
v 14.900688 -17.018476 -8.777601
v 15.160690 -17.716721 -8.353917
v 13.640327 -16.238514 -9.352357
v 14.745253 -14.949511 -8.980552
v 13.583961 -15.264138 -9.391668
v 13.646685 -15.618126 -9.346714
v 14.136642 -14.673258 -9.181484
v 13.805571 -14.578787 -9.298481
v 13.353832 -14.844120 -9.462833
v 13.122440 -14.587643 -9.557619
v 13.084780 -17.649166 -9.377018
v 13.402565 -18.483992 -8.837319
v 13.483295 -16.943810 -9.365458
v 22.420223 -13.181444 -4.694680
v 21.890490 -12.740834 -5.094235
v 21.058027 -12.420080 -5.465648
v 19.864637 -12.269726 -6.018238
v 15.327623 -13.252500 -3.747332
v 19.786739 -12.328876 -3.506346
v 19.587410 -14.269922 -1.831162
v 18.545723 -14.880194 -1.528330
v 15.218103 -14.088087 -2.944725
v 20.586102 -13.586594 -2.161908
v 22.632488 -11.762564 -3.374565
v 22.558666 -11.982141 -3.163311
v 22.125256 -12.419388 -2.844057
v 21.431187 -12.976491 -2.497983
v 14.820572 -14.816291 -2.351862
v 18.667500 -15.511446 -0.851575
v 15.412027 -16.898283 -0.528426
v 18.839806 -15.892052 -0.404994
v 17.293453 -16.842131 0.037489
v 19.167715 -16.229095 0.023123
v 18.189085 -16.799124 0.251632
v 19.392036 -16.491795 0.348460
v 18.953295 -16.653755 0.365401
v 14.845585 -17.210888 -0.396431
v 13.863506 -15.570795 -1.897037
v 13.542282 -18.203993 0.191640
v 12.445318 -16.287966 -1.642079
v 12.349756 -19.132612 0.735767
v 10.282831 -16.853233 -1.748201
v 11.108822 -19.937988 1.130988
v 10.488091 -19.877434 0.679405
v 8.983268 -19.320963 -0.360348
v 7.927012 -19.166464 -0.848562
v 5.624935 -17.757898 -2.347673
v 6.765758 -19.217684 -1.169082
v 5.503595 -19.459099 -1.331257
v 4.116234 -20.026468 -1.201828
v 3.437989 -20.441002 -0.821211
v 1.873042 -20.628456 -1.114738
v -0.940054 -19.201117 -3.003188
v 4.601115 -19.752800 -1.335675
v -0.431384 -20.823223 -1.667293
v -2.991873 -20.974867 -2.335226
v -2.682383 -19.351671 -3.415136
v -3.967071 -19.191305 -3.992229
v -9.147316 -21.135239 -4.135784
v -10.653492 -21.131115 -4.632103
v -4.810254 -18.761862 -4.673058
v -7.313092 -21.117233 -3.566458
v -5.381549 -21.066509 -2.998755
v -11.804863 -19.839008 -6.133595
v -5.150589 -18.107622 -5.437918
v -12.084846 -21.063251 -5.158507
v -13.149515 -20.966160 -5.591854
v -13.754978 -20.897989 -5.868859
v -14.364801 -20.775553 -6.206594
v -14.560377 -20.588079 -6.452237
v -5.150589 -18.107622 -5.437918
v -3.690863 -16.272001 -3.899674
v -4.810254 -18.761862 -4.673058
v -3.415266 -16.722321 -3.359981
v -3.967071 -19.191305 -3.992229
v -2.597549 -17.031393 -2.758720
v -2.682383 -19.351671 -3.415136
v -1.660027 -17.158955 -2.350318
v -0.940054 -19.201117 -3.003188
v -0.186523 -16.968422 -2.059611
v 5.624935 -17.757898 -2.347673
v 5.085350 -15.795300 -1.532643
v 9.738514 -14.910295 -0.988865
v 10.282831 -16.853233 -1.748201
v 11.040321 -14.528248 -0.905725
v 12.445318 -16.287966 -1.642079
v 12.117231 -14.094731 -1.000386
v 13.863506 -15.570795 -1.897037
v 12.932039 -13.469895 -1.351077
v 14.820572 -14.816291 -2.351862
v 13.360409 -12.860460 -1.849482
v 15.218103 -14.088087 -2.944725
v 15.327623 -13.252500 -3.747332
v 13.390116 -12.207197 -2.475155
v -2.597549 -17.031393 -2.758720
v -1.541215 -16.363535 -3.065343
v -1.660027 -17.158955 -2.350318
v -0.766811 -16.572697 -2.607668
v -3.415266 -16.722321 -3.359981
v -0.186523 -16.968422 -2.059611
v 0.756986 -16.348776 -2.344182
v 5.085350 -15.795300 -1.532643
v 4.443470 -15.520765 -2.003573
v 5.909253 -15.230964 -1.819775
v 9.738514 -14.910295 -0.988865
v 9.360663 -14.499422 -1.447880
v 10.834261 -14.142934 -1.338290
v 11.040321 -14.528248 -0.905725
v 12.117231 -14.094731 -1.000386
v 11.968752 -13.374945 -1.735036
v 12.932039 -13.469895 -1.351077
v 13.360409 -12.860460 -1.849482
v 6.848507 -14.548706 -2.232505
v 8.174807 -14.182997 -2.144852
v 1.542239 -15.758224 -2.704436
v 3.586942 -15.309381 -2.489775
v 0.182820 -16.541092 -3.226771
v 5.392504 -15.483591 -2.589038
v 10.472428 -14.380632 -2.077837
v 9.222540 -14.510256 -2.328441
v -14.364801 -20.775553 -6.206594
v -14.184935 -21.128077 -6.652633
v -14.560377 -20.588079 -6.452237
v -14.314528 -20.980934 -6.861341
v -13.754978 -20.897989 -5.868859
v -13.593248 -21.284842 -6.335550
v -13.149515 -20.966160 -5.591854
v -12.956018 -21.372431 -6.048607
v -12.084846 -21.063251 -5.158507
v -11.903870 -21.464806 -5.604287
v -10.653492 -21.131115 -4.632103
v -10.487576 -21.516304 -5.069559
v -9.147316 -21.135239 -4.135784
v -8.986177 -21.531313 -4.568788
v -7.313092 -21.117233 -3.566458
v -7.165423 -21.511791 -4.010221
v -5.381549 -21.066509 -2.998755
v -5.215735 -21.441534 -3.421811
v -2.991873 -20.974867 -2.335226
v -2.855583 -21.311636 -2.722353
v -0.431384 -20.823223 -1.667293
v -0.330647 -21.160748 -2.045345
v 1.873042 -20.628456 -1.114738
v 2.008437 -20.969812 -1.477851
v 3.437989 -20.441002 -0.821211
v 3.534292 -20.765865 -1.139494
v 3.437989 -20.441002 -0.821211
v 4.116234 -20.026468 -1.201828
v 4.207035 -20.272541 -1.467869
v 4.601115 -19.752800 -1.335675
v 4.683032 -19.980930 -1.588073
v 5.503595 -19.459099 -1.331257
v 5.551462 -19.707453 -1.579202
v 6.813626 -19.466043 -1.417027
v 6.765758 -19.217684 -1.169082
v 7.994227 -19.410124 -1.090096
v 7.927012 -19.166464 -0.848562
v 9.031536 -19.554552 -0.613129
v 8.983268 -19.320963 -0.360348
v 10.559447 -20.121752 0.474328
v 10.488091 -19.877434 0.679405
v 11.126455 -20.315796 0.815963
v 11.108822 -19.937988 1.130988
v 22.558666 -11.982141 -3.163311
v 22.632488 -11.762564 -3.374565
v 22.699144 -12.306172 -3.468280
v 22.766432 -12.071058 -3.687359
v 22.263891 -12.751200 -3.146749
v 22.125256 -12.419388 -2.844057
v 21.564287 -13.302052 -2.793931
v 21.431187 -12.976491 -2.497983
v 20.723352 -13.912802 -2.421399
v 20.586102 -13.586594 -2.161908
v 19.726500 -14.573571 -2.092984
v 19.587410 -14.269922 -1.831162
v 18.545723 -14.880194 -1.528330
v 18.697470 -15.196400 -1.822759
v 18.667500 -15.511446 -0.851575
v 18.784895 -15.854326 -1.204149
v 18.839806 -15.892052 -0.404994
v 18.964685 -16.258358 -0.780933
v 19.279289 -16.590670 -0.332274
v 19.167715 -16.229095 0.023123
v 19.392036 -16.491795 0.348460
v 19.482761 -16.838589 -0.008726
v 19.392036 -16.491795 0.348460
v 18.953295 -16.653755 0.365401
v 19.051945 -16.995813 0.025709
v 18.189085 -16.799124 0.251632
v 18.286682 -17.134209 -0.095392
v 17.471638 -17.202923 -0.321993
v 17.293453 -16.842131 0.037489
v 15.474627 -17.245705 -0.839805
v 15.412027 -16.898283 -0.528426
v 14.845585 -17.210888 -0.396431
v 14.949257 -17.515722 -0.776759
v 13.634146 -18.553148 -0.172669
v 13.542282 -18.203993 0.191640
v 12.349756 -19.132612 0.735767
v 12.418949 -19.522842 0.425084
v 11.108822 -19.937988 1.130988
v 3.763722 -20.119665 -2.935365
v 6.202769 -19.529902 -3.198682
v 8.841196 -19.495436 -2.206065
v 11.416790 -20.214964 -0.448160
v 11.464256 -20.145536 -1.773346
v 11.125050 -20.073540 -2.998362
v 8.710818 -19.560047 -3.788775
v 5.571680 -19.830900 -4.901771
v 3.137018 -20.420849 -4.691050
v 2.650942 -20.970385 -2.606338
v 3.424740 -20.794744 -1.382054
v 1.613120 -21.228197 -4.167738
v 2.317063 -20.908823 -5.518492
v 1.472061 -21.162064 -5.530293
v 0.331953 -21.379250 -5.672742
v 2.976622 -20.789202 -6.097074
v 3.581554 -20.800234 -6.867542
v 5.034698 -20.605049 -6.809667
v 6.873763 -20.314053 -6.532164
v 8.837665 -20.086321 -6.102000
v 10.018839 -19.994070 -5.166059
v 11.046822 -19.986191 -4.081301
v 13.462152 -19.056335 -1.856057
v 15.349136 -17.756594 -2.047437
v 14.317900 -18.736856 -4.325655
v 15.615801 -17.882113 -3.264612
v 13.244066 -19.299459 -4.194183
v 14.937477 -18.410814 -4.631415
v 11.981661 -19.825878 -3.026505
v 11.692795 -19.932480 -2.992439
v 18.439116 -16.079397 -3.487980
v 19.443806 -15.429650 -3.625514
v 19.572199 -15.527380 -4.900052
v 18.582239 -16.240431 -5.521825
v 17.483931 -16.906252 -4.161846
v 17.611761 -16.864307 -5.788384
v 19.837786 -15.330671 -4.529502
v 19.775936 -15.311907 -4.046015
v 19.519783 -15.287011 -3.345217
v 17.274286 -17.619305 -2.795022
v 17.856075 -17.556736 -1.843953
v 18.655161 -17.287861 -0.897128
v 16.461557 -17.515432 -4.223332
v 16.732346 -17.439560 -5.729736
v 15.729940 -18.001690 -5.236008
v 13.172411 -19.333700 -4.414299
v 11.890072 -19.846893 -4.610933
v 11.726057 -19.850540 -5.664613
v 13.822996 -18.992632 -5.562540
v 13.695904 -19.052849 -4.951811
v 13.640013 -19.044018 -6.461148
v 11.554393 -19.891783 -6.559899
v 13.118229 -19.150379 -7.250585
v 12.295214 -19.325893 -7.751935
v 11.319592 -19.708309 -7.971597
v 10.453318 -20.018114 -7.224235
v 9.860592 -19.983644 -8.024875
v 11.191516 -19.948961 -6.406994
v 2.105424 -20.902777 -1.912961
v -0.138946 -20.975225 -3.120563
v -2.203923 -21.100700 -4.823407
v -5.731601 -21.258492 -5.622503
v -2.532557 -21.064404 -3.743502
v -5.975451 -21.301699 -4.578596
v -11.330166 -21.149002 -6.850323
v -11.690350 -20.951063 -7.208435
v -12.342979 -21.217997 -6.460257
v -12.881208 -20.913311 -7.002087
v -9.865046 -21.251160 -6.337841
v -10.592821 -21.367788 -5.789032
v -8.255049 -21.303232 -5.986787
v -8.658363 -21.390219 -5.216029
v -8.105860 -21.531363 -6.926917
v -5.710163 -21.537355 -6.818668
v -1.875157 -21.402128 -6.499438
v -0.404521 -21.377481 -5.782297
v -0.354577 -21.382368 -6.076636
v -1.199088 -21.405569 -7.560127
v -0.530503 -21.405375 -7.099941
v 0.353410 -21.356510 -6.082708
v 0.243914 -21.326405 -7.512323
v 1.105941 -21.241049 -6.292403
v 1.110234 -21.185453 -7.563369
v 1.428937 -21.183388 -6.980683
v -2.518804 -21.432323 -7.768751
v -4.566490 -21.508595 -7.830855
v -6.641914 -21.610075 -7.526848
v -8.082626 -21.586838 -7.218497
v -9.076204 -21.501785 -7.080132
v -9.939356 -21.429743 -7.340106
v -10.356050 -21.309788 -7.510071
v -10.466528 -21.202789 -7.623163
v -10.365234 -21.522371 -7.762893
v -10.146395 -21.644749 -7.604603
v -9.717831 -21.766163 -7.404761
v -9.146179 -21.824511 -7.212460
v -8.340479 -21.882919 -7.058434
v -8.311569 -21.897060 -7.325606
v -7.255455 -21.905764 -7.678100
v -6.206129 -21.858747 -7.896531
v -5.063804 -21.791317 -8.071164
v -3.993978 -21.738308 -8.131426
v -2.951605 -21.711386 -8.080738
v -2.126580 -21.698528 -8.026449
v -1.376840 -21.696257 -7.877289
v -0.844941 -21.701578 -7.652372
v -0.424586 -21.680298 -7.381479
v -4.065186 -21.443933 -8.537999
v -5.138979 -21.585518 -8.429621
v -6.263993 -21.672638 -8.323288
v -7.342999 -21.721556 -8.206028
v -8.325083 -21.708178 -8.085719
v -9.324711 -21.543831 -7.974605
v -9.306185 -21.644932 -7.951050
v -4.050798 -21.533306 -8.497976
v -3.012828 -21.480282 -8.553670
v -2.059774 -21.424942 -8.604412
v -1.151736 -21.405998 -8.598595
v -0.685306 -21.436607 -8.482570
v -0.313739 -21.538435 -8.241802
v 11.256910 -20.311447 -4.293800
v 10.614354 -20.330286 -4.973234
v 9.745909 -20.347567 -5.632988
v 8.980849 -20.415140 -6.214135
v 6.989615 -20.621323 -6.714055
v 8.180061 -20.496481 -6.492465
v 5.726231 -20.785032 -6.915117
v 8.119500 -20.523548 -7.799843
v 7.285586 -20.478987 -8.589340
v 7.144224 -20.650911 -7.866266
v 4.477962 -20.955431 -7.025812
v 3.557598 -21.125416 -7.041777
v 5.865891 -20.819546 -7.914483
v 4.478965 -21.013929 -7.971656
v 2.802159 -21.139393 -7.427295
v 3.175354 -21.192080 -8.067682
v 3.090896 -21.204771 -7.220036
v 3.255207 -21.040613 -8.622475
v 4.444076 -20.861557 -8.706944
v 5.957444 -20.657913 -8.682590
v 8.896583 -20.446829 -7.051615
v 2.913721 -21.105757 -6.248101
v 2.340009 -21.176443 -5.705857
v 1.580778 -21.459311 -5.739300
v 0.482454 -21.686640 -5.892679
v -0.101602 -21.630098 -5.929519
v 1.241118 -21.546041 -6.036952
v -0.010954 -21.657675 -7.626336
v 0.475833 -21.609148 -7.814627
v 1.048235 -21.563950 -7.844100
v 1.457659 -21.530611 -7.687310
v 1.708434 -21.489466 -7.283750
v 1.720420 -21.456825 -6.844719
v 1.545944 -21.480745 -6.315102
v 2.604818 -21.317051 -7.238511
v 2.170341 -21.290371 -8.281134
v 1.387740 -21.320297 -8.546083
v 0.593533 -21.340969 -8.612218
v 0.035959 -21.436298 -8.448933
v -0.869756 -21.240879 -8.590097
v 0.238465 -21.162760 -8.594271
v -0.318891 -21.315422 -8.353733
v 7.319481 -20.259987 -8.738922
v 8.986277 -20.311363 -8.188131
v 8.223574 -20.387585 -7.883117
v 10.567873 -20.350933 -6.681503
v 10.122750 -20.334042 -7.397568
v 9.675087 -20.298113 -8.010389
v 9.161517 -20.106350 -8.569042
v 10.240335 -19.799503 -8.831641
v 10.236940 -20.042542 -8.431458
v 11.181639 -19.595297 -8.828493
v 11.978991 -19.400995 -8.748242
v 12.702784 -19.151260 -8.614126
v 9.766827 -20.151867 -8.270458
v 10.928894 -20.326162 -6.295193
v 11.583149 -20.178896 -5.617626
v 11.247911 -20.278229 -6.186908
v 11.728271 -20.222012 -4.582227
v 11.471317 -20.200638 -6.276882
v 11.795347 -20.191936 -3.531904
v 11.957327 -19.751875 -8.240886
v 12.723482 -19.560863 -7.985071
v 11.202099 -19.895779 -8.382803
v 22.573076 -13.674734 -4.875271
v 21.313232 -14.736130 -4.914094
v 22.122667 -14.093277 -4.319164
v 21.534277 -14.510824 -3.916600
v 20.102964 -15.644890 -4.932444
v 20.398375 -15.461490 -4.588254
v 20.459406 -15.394006 -4.207836
v 20.922201 -14.945316 -3.686881
v 20.327257 -15.424819 -3.874485
v 20.105656 -15.485918 -3.514779
v 13.459585 -18.863237 -8.438866
v 14.259647 -18.505022 -8.226536
v 15.217363 -18.093641 -7.957909
v 16.165977 -17.599609 -7.646987
v 17.095486 -17.058071 -7.325785
v 19.122087 -16.231226 -5.604451
v 19.655598 -15.902971 -5.255350
v 18.454370 -16.658989 -5.906621
v 17.788027 -17.109507 -6.032862
v 16.994305 -17.438295 -6.745511
v 17.153597 -17.539268 -6.012066
v 16.257399 -17.894485 -6.932984
v 16.444429 -17.980131 -5.816906
v 15.953424 -18.260483 -5.589657
v 15.124573 -18.507551 -7.213112
v 14.236477 -18.934940 -7.389215
v 14.086344 -19.205027 -6.235613
v 14.179457 -19.161657 -5.623728
v 14.174803 -19.193895 -5.262897
v 15.294817 -18.604723 -5.140231
v 14.019886 -19.274111 -4.808494
v 14.474771 -19.029716 -4.622146
v 14.768414 -18.875233 -4.766707
v 13.843414 -19.382923 -4.519495
v 13.347143 -19.394171 -7.543639
v 13.834862 -19.282120 -6.908731
v 22.023420 -13.624972 -4.165322
v 22.420223 -13.181444 -4.694680
v 21.309198 -14.090631 -3.710492
v 20.244190 -14.794170 -3.365948
vn -0.1754 0.7060 0.6861
vn 0.0375 0.7319 0.6804
vn 0.0086 0.8245 0.5658
vn -0.0428 0.8515 0.5225
vn -0.0757 0.8608 0.5033
vn -0.1152 0.8556 0.5046
vn -0.1563 0.7962 0.5845
vn 0.0554 0.7272 0.6842
vn -0.1044 0.7656 0.6347
vn 0.1389 0.8112 0.5681
vn -0.0053 0.8743 0.4853
vn -0.1022 0.7507 0.6527
vn -0.2136 0.8168 0.5359
vn 0.0072 0.9662 0.2577
vn -0.3160 0.8357 0.4491
vn -0.0930 0.8704 0.4834
vn -0.1510 0.9450 0.2901
vn -0.0693 0.8689 0.4901
vn -0.1291 0.8369 0.5319
vn -0.2689 0.9552 0.1239
vn -0.2466 0.8344 0.4929
vn -0.4792 0.7323 0.4838
vn -0.3783 0.7734 0.5086
vn -0.2771 0.8275 0.4883
vn -0.2432 0.9694 -0.0347
vn -0.3041 0.8919 0.3349
vn -0.2358 0.9088 0.3442
vn -0.0964 0.9592 0.2657
vn -0.2065 0.8225 0.5299
vn -0.2887 0.9547 0.0724
vn -0.1508 0.9500 0.2733
vn -0.2162 0.8414 0.4953
vn -0.3262 0.8786 0.3488
vn -0.3482 0.8800 0.3231
vn -0.4335 0.8857 0.1664
vn -0.4917 0.7999 0.3441
vn -0.3403 0.8575 0.3860
vn -0.4409 0.7175 0.5393
vn -0.3316 0.8388 0.4318
vn -0.3382 0.8321 0.4396
vn -0.3031 0.7807 0.5465
vn -0.2594 0.6863 0.6795
vn -0.4143 0.6346 0.6524
vn -0.4064 0.8587 0.3121
vn -0.4424 0.8497 0.2870
vn -0.4493 0.8128 0.3708
vn -0.5050 0.7618 0.4057
vn -0.5083 0.5921 0.6254
vn 0.0716 0.6656 0.7429
vn -0.3035 0.9133 0.2716
vn 0.2583 0.5783 0.7738
vn -0.2159 0.9764 0.0064
vn 0.5860 0.8024 0.1130
vn -0.6996 0.4710 0.5374
vn -0.6642 0.6879 0.2928
vn -0.5654 0.8187 0.1000
vn -0.4335 0.8857 0.1663
vn -0.4048 0.9050 -0.1309
vn -0.2247 0.9219 -0.3157
vn -0.2179 0.9249 -0.3116
vn -0.2267 0.9411 -0.2509
vn -0.1243 0.9703 -0.2076
vn 0.0554 0.9980 -0.0320
vn 0.0072 0.9662 0.2576
vn 0.2483 0.9593 0.1347
vn -0.0052 0.8743 0.4853
vn 0.3727 0.8348 0.4051
vn 0.4380 0.6816 0.5861
vn 0.0555 0.7271 0.6842
vn 0.0590 0.5248 -0.8492
vn -0.1509 0.9500 0.2733
vn 0.4442 -0.0588 -0.8940
vn 0.2518 -0.1115 -0.9613
vn -0.1603 0.2883 -0.9440
vn -0.3262 0.8786 0.3487
vn -0.1120 0.0651 -0.9916
vn -0.1099 -0.0088 -0.9939
vn 0.2293 -0.0483 -0.9722
vn 0.1488 -0.0106 -0.9888
vn 0.2363 -0.0412 -0.9708
vn 0.0750 0.0970 -0.9924
vn -0.0380 0.0307 -0.9988
vn -0.1097 0.0594 -0.9922
vn -0.3041 0.8918 0.3349
vn -0.2734 -0.0521 -0.9605
vn -0.2439 0.0978 -0.9649
vn -0.2771 0.8275 0.4884
vn -0.4194 -0.0394 -0.9069
vn -0.3783 0.7734 0.5087
vn -0.4552 -0.1104 -0.8835
vn 0.0373 -0.0484 -0.9981
vn 0.1019 0.2462 -0.9638
vn 0.4381 0.2599 -0.8605
vn -0.1290 0.8369 0.5319
vn 0.5200 0.3100 -0.7959
vn -0.0693 0.8689 0.4900
vn 0.4275 0.3676 -0.8259
vn 0.4076 0.1262 -0.9044
vn -0.0297 -0.0757 -0.9967
vn -0.2127 0.0708 -0.9746
vn -0.2802 -0.0936 -0.9554
vn 0.0399 -0.0250 -0.9989
vn -0.3748 0.0166 -0.9270
vn 0.3155 0.0239 -0.9486
vn 0.2463 0.1783 -0.9527
vn -0.3009 0.1300 -0.9447
vn 0.3640 -0.0551 -0.9297
vn 0.3806 -0.0230 -0.9244
vn 0.2242 -0.0609 -0.9726
vn 0.2906 0.0919 -0.9524
vn 0.2047 0.2203 -0.9537
vn 0.3736 0.1691 -0.9121
vn -0.1245 0.3670 -0.9219
vn -0.2137 0.8168 0.5359
vn -0.3036 0.9133 0.2716
vn -0.2216 0.2734 -0.9360
vn 0.3970 -0.1274 -0.9090
vn 0.4136 -0.1001 -0.9050
vn 0.1842 0.0780 -0.9798
vn 0.3872 0.2192 -0.8956
vn 0.3176 -0.0553 -0.9466
vn 0.5670 0.1836 -0.8030
vn 0.4928 -0.0405 -0.8692
vn 0.7005 0.2117 -0.6815
vn 0.9174 -0.2771 -0.2858
vn 0.5213 -0.2436 -0.8179
vn -0.1600 0.3469 -0.9242
vn 0.0257 0.3838 -0.9231
vn 0.8024 0.0556 -0.5941
vn 0.5859 0.8024 0.1130
vn 0.9181 -0.3922 -0.0563
vn 0.2584 0.5784 0.7738
vn 0.5859 0.8024 0.1131
vn 0.9428 -0.3230 -0.0821
vn -0.1044 0.7657 0.6347
vn 0.3826 0.4997 -0.7771
vn 0.3212 0.4093 -0.8540
vn 0.3167 0.1498 -0.9366
vn 0.2911 0.2241 -0.9301
vn 0.3480 0.2148 -0.9126
vn 0.3706 0.1859 -0.9100
vn 0.3873 0.2411 -0.8899
vn 0.4066 0.2355 -0.8828
vn 0.4256 0.2104 -0.8801
vn 0.3934 0.1855 -0.9005
vn 0.4971 -0.1303 -0.8578
vn 0.4849 -0.2576 -0.8358
vn 0.4273 -0.1990 -0.8820
vn 0.3897 0.0420 -0.9200
vn 0.4160 0.2544 -0.8731
vn 0.4004 0.3417 -0.8502
vn 0.1905 -0.0177 -0.9815
vn 0.1067 -0.1061 -0.9886
vn 0.3853 -0.1816 -0.9047
vn 0.4978 -0.4371 -0.7491
vn 0.5119 -0.4372 -0.7394
vn 0.5840 -0.5446 -0.6019
vn 0.4356 -0.0210 -0.8999
vn 0.3992 0.0385 -0.9161
vn 0.4118 -0.0895 -0.9069
vn 0.5840 -0.5446 -0.6020
vn 0.4092 -0.0837 -0.9086
vn -0.1164 0.2131 -0.9701
vn 0.0474 -0.0574 -0.9972
vn 0.0527 0.6300 -0.7748
vn 0.3609 0.5751 -0.7342
vn 0.3705 0.7021 -0.6080
vn 0.1712 0.0290 -0.9848
vn 0.3263 0.0779 -0.9420
vn 0.5162 0.3995 -0.7576
vn 0.4638 0.5664 -0.6812
vn 0.4282 0.5280 -0.7334
vn -0.0757 0.8608 0.5032
vn 0.4916 0.5284 -0.6922
vn -0.0427 0.8515 0.5225
vn 0.0086 0.8245 0.5657
vn 0.5735 0.4948 -0.6529
vn 0.6238 0.5022 -0.5989
vn 0.5977 0.3355 -0.7281
vn 0.5051 -0.0944 -0.8579
vn 0.3003 0.0828 -0.9502
vn 0.7221 0.1543 -0.6744
vn 0.6256 -0.5184 -0.5830
vn 0.9901 0.0016 -0.1402
vn 0.7607 0.3605 -0.5397
vn 0.0375 0.7319 0.6803
vn 0.9894 -0.0038 -0.1452
vn 0.8803 -0.2742 -0.3871
vn 0.8313 -0.5520 0.0656
vn 0.6100 -0.7796 -0.1418
vn 0.5251 -0.8433 -0.1149
vn 0.5266 -0.8415 -0.1211
vn 0.5373 -0.8434 0.0089
vn 0.4547 -0.8646 0.2137
vn 0.0542 -0.9647 0.2576
vn 0.4485 -0.8912 0.0683
vn 0.4721 -0.8795 0.0591
vn 0.1866 -0.9819 -0.0314
vn 0.3189 -0.9471 0.0354
vn 0.4722 -0.8716 0.1319
vn 0.2558 -0.7207 0.6443
vn 0.5595 -0.5083 0.6547
vn 0.6776 -0.6503 0.3435
vn 0.7441 -0.6138 0.2637
vn 0.6410 -0.5743 0.5092
vn 0.5503 -0.6408 0.5354
vn 0.5056 -0.7734 0.3824
vn 0.7036 -0.7001 0.1220
vn 0.5088 -0.8395 0.1909
vn 0.5588 -0.8273 -0.0570
vn 0.5970 -0.7827 -0.1761
vn 0.5295 -0.8333 0.1588
vn 0.6075 -0.7897 -0.0861
vn 0.5265 -0.8399 -0.1320
vn 0.8196 -0.5589 0.1261
vn 0.5667 -0.6840 0.4593
vn 0.6059 -0.6316 0.4837
vn 0.7740 -0.4710 0.4232
vn 0.6640 -0.5831 0.4680
vn 0.9901 0.0015 -0.1402
vn 0.8788 -0.4006 0.2593
vn 0.7317 -0.5324 0.4256
vn -0.0000 0.5671 0.8237
vn -0.0279 0.5442 0.8385
vn -0.0677 0.5395 0.8392
vn -0.1281 0.6088 0.7829
vn -0.0891 0.6637 0.7426
vn -0.0917 0.6808 0.7267
vn 0.8997 -0.1636 -0.4047
vn 0.5054 -0.8478 -0.1609
vn 0.3804 -0.8988 0.2177
vn 0.4449 -0.8927 -0.0716
vn 0.3441 -0.9353 0.0819
vn 0.5273 -0.8378 0.1416
vn 0.5484 -0.8150 0.1871
vn 0.5478 -0.8097 0.2103
vn 0.5676 -0.7987 0.1997
vn 0.5694 -0.7626 0.3070
vn 0.5754 -0.7881 0.2185
vn 0.2442 -0.9658 -0.0872
vn 0.5222 -0.6825 0.5113
vn 0.1795 -0.9667 -0.1824
vn 0.2746 -0.8826 0.3815
vn 0.0643 -0.9670 -0.2464
vn 0.3563 -0.9323 -0.0623
vn 0.2941 -0.9550 -0.0389
vn 0.3369 -0.9414 -0.0130
vn 0.5259 -0.8504 0.0131
vn 0.5796 -0.7962 0.1737
vn 0.5473 -0.8225 0.1545
vn 0.5632 -0.7695 -0.3011
vn 0.5221 -0.8204 -0.2329
vn 0.4910 -0.8467 -0.2052
vn 0.4663 -0.8823 -0.0644
vn 0.2538 -0.9673 -0.0032
vn 0.2289 -0.9732 0.0224
vn 0.4723 -0.8316 -0.2922
vn 0.3232 -0.9346 -0.1487
vn 0.2395 -0.9708 -0.0155
vn 0.3523 -0.9261 -0.1349
vn 0.2851 -0.9584 -0.0121
vn 0.2997 -0.9440 -0.1382
vn 0.4501 -0.7279 -0.5173
vn 0.4589 -0.7335 -0.5014
vn 0.4941 -0.7171 -0.4915
vn 0.5367 -0.6915 -0.4836
vn 0.5490 -0.6799 -0.4862
vn 0.4537 -0.4524 -0.7677
vn 0.4185 -0.4681 -0.7783
vn 0.3860 -0.2652 -0.8836
vn 0.4131 -0.4848 -0.7709
vn 0.3796 -0.7122 -0.5904
vn 0.2805 -0.9581 -0.0571
vn 0.2629 -0.9645 -0.0246
vn 0.1866 -0.9696 -0.1584
vn 0.2127 -0.7458 -0.6313
vn 0.3050 -0.7320 -0.6092
vn 0.3575 -0.5663 -0.7427
vn 0.2845 -0.5965 -0.7505
vn 0.1956 -0.6323 -0.7496
vn 0.1284 -0.7672 -0.6285
vn 0.1695 -0.9781 -0.1210
vn 0.3414 -0.9001 -0.2707
vn 0.3801 -0.9178 -0.1148
vn 0.0565 -0.8331 -0.5502
vn 0.2501 -0.9399 -0.2324
vn 0.1885 -0.9556 -0.2267
vn 0.2575 -0.9406 -0.2213
vn 0.2073 -0.9717 -0.1135
vn 0.0689 -0.9973 -0.0242
vn 0.0958 -0.9394 -0.3292
vn 0.1130 -0.7116 -0.6935
vn 0.1095 -0.6427 -0.7583
vn 0.0754 -0.1819 -0.9804
vn 0.1460 -0.0680 -0.9869
vn 0.1722 -0.1478 -0.9739
vn 0.1437 -0.0231 -0.9893
vn 0.2045 -0.1508 -0.9672
vn 0.0818 0.0020 -0.9966
vn 0.0906 -0.0358 -0.9952
vn 0.1034 -0.0214 -0.9944
vn 0.2321 -0.1326 -0.9636
vn 0.1159 -0.0412 -0.9924
vn 0.0517 -0.1476 -0.9877
vn 0.0185 -0.5790 -0.8151
vn 0.1450 -0.2438 -0.9589
vn 0.2454 -0.2663 -0.9321
vn 0.1505 -0.2318 -0.9610
vn 0.0819 -0.2478 -0.9654
vn 0.0090 -0.3611 -0.9325
vn -0.0646 -0.0667 -0.9957
vn 0.0811 -0.1345 -0.9876
vn 0.2065 -0.3875 -0.8984
vn 0.6032 -0.2738 -0.7491
vn 0.3388 -0.0445 -0.9398
vn 0.1503 -0.0503 -0.9874
vn -0.0316 -0.2870 -0.9574
vn 0.0649 -0.2061 -0.9764
vn 0.0783 0.3684 -0.9264
vn 0.3309 0.5448 -0.7705
vn 0.2823 -0.0409 -0.9584
vn 0.0787 -0.1239 -0.9892
vn 0.0314 -0.1298 -0.9910
vn -0.2811 0.1514 -0.9477
vn -0.3059 0.1173 -0.9448
vn -0.3604 0.1774 -0.9158
vn -0.1890 0.2415 -0.9518
vn -0.2661 0.2523 -0.9303
vn -0.1626 0.2947 -0.9417
vn -0.0356 0.1854 -0.9820
vn 0.1749 0.0812 -0.9812
vn -0.0225 0.3217 -0.9466
vn -0.0917 0.2129 -0.9728
vn -0.0898 0.2698 -0.9587
vn -0.0444 0.2816 -0.9585
vn 0.0133 0.2784 -0.9604
vn 0.0447 0.1872 -0.9813
vn 0.0178 -0.1042 -0.9944
vn 0.0077 -0.0952 -0.9954
vn 0.0534 -0.1186 -0.9915
vn 0.0295 -0.2656 -0.9636
vn 0.1619 -0.4440 -0.8813
vn 0.0714 -0.4312 -0.8994
vn 0.0570 -0.4406 -0.8959
vn -0.0067 -0.5278 -0.8494
vn -0.1563 -0.1956 -0.9681
vn -0.0101 0.0146 -0.9998
vn 0.2421 0.3208 -0.9157
vn 0.2078 0.3012 -0.9306
vn 0.2526 0.1510 -0.9557
vn -0.0203 0.0236 -0.9995
vn -0.1319 -0.0252 -0.9909
vn -0.1196 0.0290 -0.9924
vn -0.1072 0.0092 -0.9942
vn -0.0592 -0.1223 -0.9907
vn -0.1612 0.0651 -0.9848
vn -0.0465 -0.1420 -0.9888
vn -0.1269 0.0613 -0.9900
vn -0.1514 0.0614 -0.9866
vn -0.2171 0.0922 -0.9718
vn -0.1723 0.1428 -0.9746
vn 0.0599 0.0934 -0.9938
vn 0.1531 0.3561 -0.9218
vn 0.1008 -0.0106 -0.9948
vn 0.0524 -0.2608 -0.9640
vn 0.0225 -0.5985 -0.8008
vn 0.1059 -0.7754 -0.6226
vn 0.1291 -0.7720 -0.6224
vn 0.1302 -0.6692 -0.7316
vn 0.1408 -0.7393 -0.6585
vn 0.1087 -0.6368 -0.7633
vn 0.0856 -0.6405 -0.7632
vn 0.0487 -0.8244 -0.5640
vn 0.0581 -0.7190 -0.6926
vn 0.1465 -0.4474 -0.8823
vn 0.2421 -0.3285 -0.9129
vn -0.1246 -0.0178 -0.9920
vn -0.0752 0.0164 -0.9970
vn -0.0491 -0.1314 -0.9901
vn -0.4042 -0.0988 -0.9093
vn -0.1402 0.1493 -0.9788
vn -0.1023 -0.0412 -0.9939
vn 0.1272 -0.6029 -0.7877
vn 0.0725 -0.7700 -0.6339
vn 0.2110 -0.8744 -0.4369
vn 0.0554 -0.6561 -0.7526
vn 0.1574 -0.9591 -0.2353
vn -0.0378 -0.9895 -0.1394
vn 0.0443 -0.8679 -0.4947
vn 0.1261 -0.9004 -0.4164
vn 0.1421 -0.9014 -0.4091
vn 0.2263 -0.8711 -0.4358
vn 0.1342 -0.9623 -0.2366
vn 0.1828 -0.9787 -0.0933
vn 0.1419 -0.9879 -0.0631
vn 0.1504 -0.9859 -0.0736
vn 0.2222 -0.9519 0.2110
vn 0.1340 -0.9898 0.0478
vn 0.2529 -0.9675 0.0077
vn 0.3264 -0.8849 -0.3324
vn 0.1556 -0.7917 -0.5908
vn 0.0188 -0.6721 -0.7402
vn 0.0373 -0.8027 -0.5952
vn 0.0411 -0.9991 0.0068
vn 0.0720 -0.9969 0.0316
vn 0.0169 -0.9993 0.0325
vn 0.0287 -0.9791 0.2014
vn 0.1124 -0.9884 0.1020
vn -0.0358 -0.8596 -0.5097
vn 0.1520 -0.9828 0.1047
vn 0.1851 -0.9708 0.1527
vn 0.0086 -0.9722 -0.2339
vn -0.2779 -0.9606 -0.0088
vn 0.0765 -0.9953 0.0602
vn 0.0741 -0.9932 -0.0900
vn 0.3387 -0.8688 0.3613
vn 0.4253 -0.8505 0.3095
vn 0.2036 -0.9307 0.3039
vn 0.1323 -0.9401 0.3142
vn 0.0925 -0.9452 0.3131
vn 0.1641 -0.9194 0.3574
vn 0.3296 -0.9402 0.0866
vn 0.3915 -0.8713 0.2960
vn 0.4123 -0.8997 0.1434
vn 0.2200 -0.9685 0.1165
vn 0.2101 -0.8494 0.4842
vn 0.0637 -0.9429 -0.3270
vn -0.0473 -0.9831 0.1767
vn -0.0036 -0.9790 0.2039
vn 0.1254 -0.9904 0.0581
vn 0.3764 -0.9254 -0.0433
vn 0.3626 -0.9303 -0.0557
vn 0.1373 -0.9654 0.2218
vn 0.0182 -0.9413 0.3372
vn 0.0786 -0.9640 0.2539
vn 0.0165 -0.9389 0.3437
vn -0.0919 -0.9441 0.3166
vn -0.0152 -0.9552 0.2955
vn -0.0589 -0.9895 0.1318
vn 0.1155 -0.9909 0.0689
vn 0.2918 -0.9565 -0.0004
vn 0.5609 -0.8223 -0.0961
vn 0.3801 -0.9178 -0.1149
vn 0.0383 -0.9985 0.0401
vn 0.0086 -0.9996 0.0263
vn -0.0605 -0.9863 0.1534
vn -0.1686 -0.9854 -0.0218
vn 0.0785 -0.9671 -0.2420
vn -0.0104 -0.9993 -0.0364
vn 0.0332 -0.9932 0.1114
vn 0.0063 -0.9932 0.1158
vn -0.0081 -0.9928 0.1192
vn 0.0656 -0.9947 -0.0797
vn 0.0310 -0.9932 0.1123
vn 0.0809 -0.9915 -0.1018
vn -0.0018 -0.9983 0.0587
vn 0.0211 -0.9886 0.1490
vn 0.0418 -0.9940 0.1012
vn 0.0300 -0.9919 0.1233
vn -0.0437 -0.9878 0.1493
vn -0.0779 -0.9933 0.0857
vn 0.1347 -0.9278 0.3478
vn 0.0483 -0.9378 -0.3438
vn 0.0547 -0.7566 -0.6516
vn 0.1147 -0.8518 -0.5112
vn -0.0132 -0.9997 -0.0201
vn -0.0036 -0.9967 0.0806
vn 0.0287 -0.9977 0.0616
vn 0.0216 -0.9786 0.2048
vn 0.0268 -0.7845 -0.6196
vn 0.0365 -0.7981 -0.6014
vn 0.0435 -0.8555 -0.5160
vn 0.0917 -0.6809 -0.7267
vn 0.0256 -0.7693 -0.6383
vn 0.0106 -0.6246 -0.7809
vn -0.0756 -0.0124 -0.9971
vn -0.0455 0.0630 -0.9970
vn -0.0758 -0.5579 -0.8264
vn 0.1006 -0.7405 -0.6645
vn 0.0425 -0.6754 -0.7362
vn 0.0588 -0.6255 -0.7780
vn 0.0207 -0.6417 -0.7667
vn 0.0847 -0.7977 -0.5971
vn -0.0043 -0.5470 -0.8371
vn 0.0668 -0.5332 -0.8433
vn -0.0349 -0.3820 -0.9235
vn 0.0001 0.0740 -0.9973
vn 0.0203 0.1240 -0.9921
vn -0.0453 0.3160 -0.9477
vn -0.2251 0.0219 -0.9741
vn -0.1513 -0.0753 -0.9856
vn 0.0114 -0.6306 -0.7760
vn 0.0427 -0.7881 -0.6141
vn 0.0180 -0.6664 -0.7454
vn 0.0128 -0.8049 -0.5933
vn 0.0714 -0.9963 0.0481
vn 0.0120 -0.8003 -0.5995
vn 0.0325 -0.7638 -0.6447
vn 0.0062 -0.6493 -0.7605
vn -0.1516 0.0272 -0.9881
vn -0.2000 0.0903 -0.9756
vn -0.1194 0.0632 -0.9908
vn -0.1413 -0.0903 -0.9858
vn -0.0247 -0.2790 -0.9600
vn -0.0893 -0.2829 -0.9550
vn -0.2070 0.1174 -0.9713
vn -0.0232 -0.3635 -0.9313
vn -0.3004 -0.0981 -0.9488
vn -0.1292 0.0720 -0.9890
vn -0.1222 0.0109 -0.9924
vn -0.1426 0.1554 -0.9775
vn -0.0140 -0.6263 -0.7795
vn -0.0124 -0.6383 -0.7697
vn -0.0727 0.0056 -0.9973
vn -0.1096 0.0544 -0.9925
vn -0.1362 0.0991 -0.9857
vn -0.1468 0.0056 -0.9892
vn -0.1783 0.1986 -0.9637
vn -0.0722 0.2004 -0.9771
vn -0.0349 -0.5963 -0.8020
vn -0.0002 -0.8286 -0.5598
vn 0.0965 -0.9662 0.2389
vn 0.0563 -0.9811 0.1853
vn -0.0471 -0.8525 -0.5206
vn -0.0900 -0.5655 -0.8199
vn -0.1059 0.1407 -0.9844
vn 0.0379 0.5142 -0.8568
vn -0.1833 0.7047 -0.6855
vn -0.3053 0.3019 -0.9031
vn -0.1685 -0.0794 -0.9825
vn -0.0677 -0.1923 -0.9790
vn -0.1662 0.0525 -0.9847
vn -0.3402 0.8575 0.3860
vn -0.3317 0.8388 0.4318
vn -0.2281 0.1403 -0.9635
vn -0.2341 0.0940 -0.9677
vn -0.0705 -0.2557 -0.9642
vn -0.2613 0.0363 -0.9646
vn -0.3215 0.0744 -0.9440
vn -0.4425 0.8496 0.2870
vn -0.0911 -0.3911 -0.9158
vn -0.1893 -0.2379 -0.9527
vn -0.3671 0.0238 -0.9299
vn -0.4566 0.2775 -0.8453
vn -0.4217 0.1578 -0.8929
vn -0.3452 0.1184 -0.9310
vn -0.1288 -0.1043 -0.9862
vn -0.1893 -0.4297 -0.8829
vn -0.1637 -0.4815 -0.8610
vn -0.1015 -0.8993 -0.4253
vn -0.1978 -0.6140 -0.7641
vn -0.1649 -0.8283 -0.5355
vn -0.0137 -0.7253 -0.6883
vn -0.1875 -0.5705 -0.7996
vn -0.5265 0.0511 -0.8486
vn -0.6704 -0.2194 -0.7089
vn -0.7652 -0.5127 -0.3894
vn -0.4977 -0.6576 -0.5655
vn -0.1954 -0.7242 -0.6613
vn -0.0554 -0.7272 -0.6842
vn -0.2856 -0.1744 -0.9424
vn -0.3863 -0.2543 -0.8866
vn -0.4026 -0.6911 -0.6002
vn -0.5083 0.5921 0.6253
vn -0.1160 -0.9220 -0.3694
vn -0.0002 -0.9986 -0.0520
vn 0.2458 -0.8122 0.5290
vn 0.0128 -0.6570 0.7537
vn -0.0090 -0.9676 0.2522
vn -0.1272 -0.9202 0.3703
vn -0.1847 -0.9624 0.1994
vn -0.2602 -0.9330 0.2486
vn -0.1464 -0.8465 -0.5118
vn -0.5845 -0.8057 -0.0960
vn -0.3760 -0.9145 0.1493
vn -0.2847 -0.8838 0.3711
vn -0.0359 -0.9991 -0.0218
vn -0.2220 -0.9692 0.1067
vn -0.0826 -0.9811 -0.1751
vn -0.1955 -0.7242 -0.6613
vn -0.0093 -0.9387 -0.3446
vn 0.0320 -0.9772 -0.2097
vn 0.0514 -0.9875 -0.1489
vn -0.0774 -0.9845 0.1575
vn -0.1124 -0.9881 0.1048
vn -0.1686 -0.9742 0.1503
vn -0.1657 -0.9811 -0.1000
vn -0.2856 -0.9441 -0.1645
vn -0.4486 0.3810 0.8084
vn -0.3817 0.3575 0.8524
vn -0.3575 0.2778 0.8916
vn -0.3245 0.3083 0.8942
vn -0.2682 0.5508 0.7903
vn -0.2800 0.4424 0.8520
vn -0.0614 -0.9768 0.2050
vn -0.0148 -0.9941 0.1075
vn -0.2712 0.4382 0.8570
vn -0.2707 0.3907 0.8798
vn 0.0379 -0.9977 0.0566
vn 0.0284 -0.9966 0.0778
vn -0.2660 0.3287 0.9062
vn 0.0408 -0.9929 0.1121
vn -0.2483 0.3601 0.8993
vn -0.1673 0.5152 0.8406
vn -0.0549 0.3118 0.9486
vn 0.2667 -0.8010 0.5360
vn -0.1656 0.5496 0.8188
vn -0.0549 0.3117 0.9486
vn 0.0010 0.3125 0.9499
vn 0.2352 -0.9648 0.1178
vn -0.1547 0.3673 0.9171
vn 0.0479 -0.9930 0.1079
vn -0.2288 0.3420 0.9114
vn -0.0868 -0.9829 0.1626
vn -0.2342 0.4923 0.8383
vn -0.1371 -0.9904 0.0196
vn -0.1502 -0.9884 -0.0202
vn -0.2309 -0.9678 0.1007
vn -0.1936 -0.9460 0.2599
vn -0.1145 -0.9680 0.2234
vn 0.1527 -0.9832 -0.1004
vn -0.1473 -0.9706 0.1902
vn -0.1407 -0.9692 0.2019
vn 0.4095 -0.8960 0.1714
vn 0.1769 -0.9842 0.0015
vn 0.1018 -0.9941 -0.0381
vn 0.4547 -0.8906 0.0073
vn 0.5083 -0.8598 -0.0497
vn 0.4881 -0.8692 -0.0790
vn 0.4142 -0.9087 -0.0516
vn 0.2067 -0.9730 -0.1025
vn 0.2807 -0.8787 -0.3860
vn 0.6637 -0.6673 -0.3379
vn 0.4406 -0.8942 0.0788
vn 0.5534 -0.8277 0.0936
vn 0.1781 -0.9838 -0.0210
vn -0.2849 -0.9572 0.0516
vn -0.3377 0.5012 0.7967
vn -0.3323 -0.9431 -0.0134
vn -0.4388 0.4599 0.7719
vn 0.2788 -0.9242 0.2611
vn 0.5961 -0.7721 0.2203
vn -0.1978 0.5081 0.8383
vn -0.0880 0.5634 0.8215
vn 0.6753 -0.6929 0.2528
vn -0.0186 0.5325 0.8462
vn -0.0406 0.5228 0.8515
vn 0.5985 -0.7326 0.3243
vn 0.0670 -0.9067 0.4163
vn -0.1743 0.5541 0.8140
vn -0.2592 0.4551 0.8518
vn -0.0403 -0.9412 0.3355
vn -0.2098 0.2862 0.9349
vn 0.0238 -0.9187 0.3942
vn 0.5982 -0.7457 -0.2934
vn 0.0530 0.7886 0.6126
vn 0.8867 0.0383 -0.4608
vn 0.8485 0.0562 -0.5261
vn 0.2185 0.8397 0.4971
vn 0.8833 -0.4664 -0.0473
vn 0.2251 -0.8864 0.4046
vn -0.0754 0.0394 0.9964
vn 0.6715 0.2484 0.6981
vn 0.0136 0.4577 -0.8890
vn -0.1754 0.7060 0.6862
vn 0.0402 0.6154 0.7872
vn 0.0001 0.5673 0.8235
vn -0.0279 0.5441 0.8385
vn -0.1281 0.6089 0.7829
vn -0.0891 0.6638 0.7426
vn 0.1656 0.6352 0.7544
vn 0.0457 0.5372 0.8422
vn -0.0917 0.6809 0.7267
vn 0.1050 0.3196 0.9417
vn -0.2592 0.4551 0.8519
vn -0.2098 0.2861 0.9349
vn 0.2186 0.8397 0.4971
vn -0.0406 0.5227 0.8515
vn -0.0583 0.3280 0.9429
vn -0.1480 0.1473 0.9780
vn -0.4388 0.4600 0.7719
vn -0.2343 0.4923 0.8383
vn -0.1045 -0.0074 0.9945
vn -0.2288 0.3419 0.9114
vn -0.1599 0.0933 0.9827
vn -0.3259 0.1618 0.9314
vn -0.4212 0.3243 0.8470
vn -0.2706 0.3907 0.8798
vn -0.4115 0.5192 0.7491
vn -0.2713 0.4382 0.8570
vn -0.2801 0.4424 0.8520
vn -0.2683 0.5508 0.7903
vn -0.3245 0.3084 0.8942
vn -0.6995 0.4709 0.5374
vn -0.5986 0.2423 0.7635
vn -0.4213 0.3243 0.8470
vn -0.4552 0.0732 0.8874
vn -0.3259 0.1617 0.9315
vn -0.2511 -0.1282 0.9594
vn -0.0438 -0.2855 0.9574
vn -0.0454 -0.2790 0.9592
vn -0.0606 -0.2195 0.9737
vn 0.0458 -0.1607 0.9859
vn 0.2004 0.0411 0.9788
vn 0.3612 0.2304 0.9036
vn 0.4226 0.5090 0.7499
vn 0.1657 0.6352 0.7544
vn 0.4380 0.6817 0.5861
vn 0.0402 0.6155 0.7871
vn -0.0225 0.5985 0.8008
vn -0.6641 0.6879 0.2928
vn -0.0551 0.5138 0.8561
vn -0.2247 0.9219 -0.3156
vn -0.2522 0.5939 0.7640
vn -0.1583 0.4671 0.8699
vn -0.0269 0.7276 0.6855
vn 0.0844 0.7331 0.6749
vn -0.5147 0.5889 0.6232
vn -0.3216 0.5402 0.7777
vn -0.1149 0.5790 0.8072
vn -0.2620 0.5590 0.7867
vn -0.2268 0.9411 -0.2509
vn -0.1764 0.4783 0.8603
vn -0.0116 0.5862 0.8101
vn -0.4003 0.6402 0.6557
vn -0.2184 0.8684 0.4452
vn -0.3543 0.7596 0.5455
vn -0.0571 0.8280 0.5578
vn -0.6995 0.4710 0.5374
vn -0.1090 0.8723 0.4766
vn -0.2773 0.7597 0.5881
vn -0.1511 0.8201 0.5519
vn -0.0496 0.8379 0.5435
vn 0.0204 0.7310 0.6820
vn 0.0525 0.7325 0.6788
vn -0.2405 0.8529 0.4634
vn -0.2947 0.7780 0.5549
vn -0.1659 0.8132 0.5578
vn -0.3696 0.8569 0.3594
vn 0.2004 0.0412 0.9788
vn -0.4302 0.7542 0.4962
vn -0.2991 0.8203 0.4875
vn -0.0601 0.7908 0.6091
vn 0.0148 0.9248 0.3801
vn -0.4433 0.6225 0.6450
vn -0.4652 0.6127 0.6389
vn -0.3895 0.4805 0.7858
vn -0.2505 0.4945 0.8323
vn 0.0883 0.4392 0.8940
vn -0.0384 0.6463 0.7621
vn 0.1674 0.7313 0.6612
vn -0.4998 0.5963 0.6282
vn -0.4540 0.7695 0.4491
vn -0.4784 0.6066 0.6350
vn -0.4038 0.4316 0.8066
vn -0.1320 0.5832 0.8016
vn -0.2956 0.3602 0.8848
vt 0.144938 0.403556
vt 0.075072 0.403942
vt 0.077578 0.396784
vt 0.089412 0.385071
vt 0.107969 0.371479
vt 0.130285 0.357525
vt 0.156627 0.342800
vt 0.254570 0.402978
vt 0.183595 0.329906
vt 0.260016 0.375528
vt 0.272115 0.354151
vt 0.182920 0.307493
vt 0.265704 0.286430
vt 0.297564 0.336100
vt 0.220251 0.273271
vt 0.280284 0.280308
vt 0.334052 0.323062
vt 0.314940 0.256762
vt 0.346632 0.234831
vt 0.387723 0.320531
vt 0.379191 0.217552
vt 0.394832 0.227408
vt 0.429078 0.258064
vt 0.453877 0.271560
vt 0.502511 0.327665
vt 0.481882 0.279055
vt 0.512995 0.281055
vt 0.535625 0.278645
vt 0.548398 0.273343
vt 0.664826 0.332292
vt 0.566015 0.261607
vt 0.603973 0.268210
vt 0.659789 0.280573
vt 0.721533 0.296335
vt 0.707049 0.341595
vt 0.737174 0.357501
vt 0.778964 0.312578
vt 0.755755 0.378492
vt 0.825308 0.326605
vt 0.869219 0.340896
vt 0.905248 0.353452
vt 0.927589 0.403797
vt 0.761467 0.403387
vt 0.939181 0.367382
vt 0.964269 0.379215
vt 0.978513 0.386686
vt 0.992707 0.396109
vt 0.996636 0.403942
vt 0.180004 0.293081
vt 0.198730 0.268234
vt 0.173232 0.279417
vt 0.179811 0.266933
vt 0.168749 0.268861
vt 0.548808 0.123224
vt 0.567293 0.140865
vt 0.513646 0.181715
vt 0.500029 0.169616
vt 0.523382 0.111463
vt 0.476170 0.160748
vt 0.490028 0.104426
vt 0.451998 0.155301
vt 0.446937 0.101172
vt 0.415631 0.153566
vt 0.284719 0.101196
vt 0.285056 0.153879
vt 0.170099 0.150144
vt 0.170075 0.098256
vt 0.137250 0.150987
vt 0.116500 0.097967
vt 0.109391 0.153036
vt 0.078109 0.102980
vt 0.084158 0.159470
vt 0.047887 0.110764
vt 0.064444 0.168291
vt 0.026293 0.122428
vt 0.048128 0.182679
vt 0.004459 0.139949
vt 0.473037 0.518851
vt 0.478435 0.508874
vt 0.496655 0.520321
vt 0.493281 0.528636
vt 0.510344 0.525382
vt 0.469928 0.524249
vt 0.434646 0.523551
vt 0.471422 0.507644
vt 0.432573 0.511404
vt 0.374709 0.518972
vt 0.376203 0.531263
vt 0.310578 0.530106
vt 0.436574 0.534203
vt 0.448889 0.551916
vt 0.508344 0.533673
vt 0.482051 0.563677
vt 0.532227 0.537239
vt 0.541915 0.578426
vt 0.533938 0.528804
vt 0.565509 0.539481
vt 0.566401 0.530877
vt 0.610986 0.570256
vt 0.596984 0.539167
vt 0.596478 0.530829
vt 0.626241 0.535167
vt 0.624988 0.526876
vt 0.669742 0.514802
vt 0.672273 0.522273
vt 0.685817 0.549675
vt 0.688733 0.518538
vt 0.686636 0.506825
vt 0.720545 0.539119
vt 0.697361 0.510199
vt 0.728691 0.530299
vt 0.752839 0.563243
vt 0.760117 0.553387
vt 0.793183 0.578089
vt 0.788170 0.588814
vt 0.731607 0.599827
vt 0.677984 0.580065
vt 0.597683 0.605250
vt 0.660801 0.604792
vt 0.675598 0.609925
vt 0.650462 0.628024
vt 0.684660 0.613998
vt 0.672586 0.623397
vt 0.654704 0.636676
vt 0.663404 0.646051
vt 0.672176 0.649859
vt 0.705386 0.655691
vt 0.709483 0.651137
vt 0.786170 0.622120
vt 0.737512 0.663958
vt 0.801762 0.594646
vt 0.805498 0.583849
vt 0.851071 0.587416
vt 0.872882 0.590115
vt 0.850806 0.600333
vt 0.846082 0.639183
vt 0.825694 0.657619
vt 0.782627 0.653281
vt 0.751972 0.676948
vt 0.796075 0.684322
vt 0.858880 0.697626
vt 0.823380 0.696565
vt 0.897584 0.671742
vt 0.894235 0.649305
vt 0.871797 0.622867
vt 0.870809 0.601683
vt 0.889125 0.604816
vt 0.891921 0.593417
vt 0.899344 0.608118
vt 0.902983 0.596285
vt 0.897536 0.618890
vt 0.909803 0.620698
vt 0.911346 0.609395
vt 0.894668 0.634170
vt 0.907538 0.635255
vt 0.906116 0.648437
vt 0.907321 0.667404
vt 0.926529 0.687094
vt 0.919347 0.693914
vt 0.889559 0.713098
vt 0.881534 0.716930
vt 0.865507 0.743343
vt 0.834298 0.741801
vt 0.808221 0.733583
vt 0.787326 0.720954
vt 0.767372 0.698421
vt 0.773035 0.720689
vt 0.788845 0.733703
vt 0.804678 0.742910
vt 0.779446 0.749537
vt 0.759901 0.744235
vt 0.763588 0.709603
vt 0.750502 0.692709
vt 0.740163 0.679382
vt 0.718713 0.692420
vt 0.721220 0.684298
vt 0.712110 0.704928
vt 0.730354 0.737728
vt 0.753875 0.762142
vt 0.779373 0.767058
vt 0.784675 0.773396
vt 0.826393 0.780120
vt 0.822392 0.749875
vt 0.842082 0.753176
vt 0.858952 0.753875
vt 0.867483 0.786724
vt 0.873267 0.753634
vt 0.875581 0.740355
vt 0.880907 0.730546
vt 0.893319 0.727534
vt 0.909225 0.724835
vt 0.910333 0.742934
vt 0.892909 0.736619
vt 0.890933 0.744476
vt 0.922673 0.756309
vt 0.931710 0.748477
vt 0.940965 0.715508
vt 0.948556 0.708471
vt 0.966414 0.729004
vt 0.958317 0.736475
vt 0.981308 0.747416
vt 0.991261 0.761443
vt 0.972608 0.754646
vt 0.943423 0.769733
vt 0.932313 0.772962
vt 0.904260 0.772071
vt 0.884474 0.750814
vt 0.938723 0.791688
vt 0.909924 0.793544
vt 0.951231 0.788290
vt 0.982417 0.768167
vt 0.995551 0.767998
vt 0.986417 0.774842
vt 0.939350 0.798268
vt 0.936675 0.804341
vt 0.897825 0.812149
vt 0.862591 0.819958
vt 0.849071 0.815234
vt 0.832852 0.810631
vt 0.851987 0.827332
vt 0.860591 0.833333
vt 0.872327 0.826127
vt 0.876497 0.834128
vt 0.862663 0.844299
vt 0.875943 0.842250
vt 0.858976 0.857409
vt 0.873484 0.851047
vt 0.894451 0.841720
vt 0.910357 0.832875
vt 0.924721 0.820078
vt 0.916479 0.843166
vt 0.887727 0.858590
vt 0.865363 0.863555
vt 0.831381 0.868640
vt 0.821886 0.818970
vt 0.813114 0.807594
vt 0.794099 0.808631
vt 0.794556 0.818608
vt 0.797328 0.858494
vt 0.787302 0.896210
vt 0.860012 0.905368
vt 0.887631 0.891101
vt 0.914936 0.877364
vt 0.934289 0.826633
vt 0.937976 0.862904
vt 0.947496 0.811474
vt 0.970801 0.840346
vt 0.976705 0.835261
vt 0.957256 0.850107
vt 0.963257 0.859699
vt 0.943326 0.872544
vt 0.919925 0.886450
vt 0.892331 0.899849
vt 0.867917 0.912526
vt 0.860808 0.930192
vt 0.849794 0.925637
vt 0.800895 0.920094
vt 0.738644 0.917515
vt 0.767564 0.861554
vt 0.745055 0.886811
vt 0.705555 0.862518
vt 0.723365 0.854710
vt 0.770746 0.824031
vt 0.744717 0.839165
vt 0.712905 0.848709
vt 0.726907 0.839286
vt 0.696469 0.838081
vt 0.704832 0.852228
vt 0.692492 0.848926
vt 0.687889 0.855819
vt 0.684202 0.844877
vt 0.672465 0.860277
vt 0.687287 0.831405
vt 0.696638 0.829598
vt 0.744645 0.827356
vt 0.757105 0.819789
vt 0.776168 0.812414
vt 0.772216 0.794412
vt 0.752020 0.793327
vt 0.721895 0.790218
vt 0.694300 0.815644
vt 0.634267 0.830875
vt 0.683335 0.811643
vt 0.688468 0.800340
vt 0.699433 0.787953
vt 0.676418 0.786362
vt 0.671019 0.794363
vt 0.629977 0.809787
vt 0.652029 0.783446
vt 0.661476 0.776553
vt 0.682636 0.763154
vt 0.702687 0.766263
vt 0.726787 0.770552
vt 0.751899 0.774433
vt 0.777662 0.777758
vt 0.728811 0.757948
vt 0.704591 0.754454
vt 0.708302 0.732812
vt 0.684588 0.751128
vt 0.664223 0.759997
vt 0.643497 0.769878
vt 0.628965 0.775830
vt 0.626121 0.765805
vt 0.628097 0.754020
vt 0.646726 0.757032
vt 0.666103 0.748356
vt 0.648558 0.745657
vt 0.629929 0.742669
vt 0.605853 0.751658
vt 0.603539 0.761900
vt 0.605877 0.790387
vt 0.594767 0.770215
vt 0.578788 0.754695
vt 0.591537 0.764407
vt 0.587561 0.771203
vt 0.595466 0.787591
vt 0.604310 0.805353
vt 0.566353 0.791495
vt 0.572980 0.764166
vt 0.575848 0.739801
vt 0.608070 0.737945
vt 0.631736 0.730884
vt 0.649522 0.732450
vt 0.668682 0.731751
vt 0.661861 0.722256
vt 0.685961 0.727124
vt 0.701771 0.717605
vt 0.683335 0.717845
vt 0.700446 0.705289
vt 0.649233 0.690323
vt 0.637593 0.722232
vt 0.609082 0.727486
vt 0.583319 0.726570
vt 0.598478 0.721340
vt 0.603370 0.716857
vt 0.620240 0.701168
vt 0.609492 0.700566
vt 0.596839 0.713628
vt 0.580789 0.715749
vt 0.583078 0.687720
vt 0.623446 0.686467
vt 0.641473 0.687528
vt 0.646582 0.681310
vt 0.659885 0.671646
vt 0.710399 0.687769
vt 0.711700 0.674007
vt 0.720834 0.672778
vt 0.718641 0.664777
vt 0.733607 0.673501
vt 0.653017 0.667910
vt 0.641810 0.678803
vt 0.634026 0.679888
vt 0.610600 0.657957
vt 0.634893 0.647497
vt 0.618891 0.644991
vt 0.587247 0.661090
vt 0.589947 0.668850
vt 0.569437 0.671525
vt 0.539722 0.662801
vt 0.518177 0.616529
vt 0.459589 0.603900
vt 0.495064 0.662584
vt 0.540469 0.671790
vt 0.509790 0.671236
vt 0.479520 0.668946
vt 0.461035 0.658246
vt 0.456721 0.666079
vt 0.475736 0.691576
vt 0.508753 0.695601
vt 0.538999 0.699770
vt 0.562039 0.702349
vt 0.564376 0.705795
vt 0.539650 0.718086
vt 0.508295 0.714713
vt 0.472772 0.709555
vt 0.445105 0.703819
vt 0.444719 0.689938
vt 0.444623 0.669284
vt 0.443972 0.644726
vt 0.449732 0.638074
vt 0.435200 0.621903
vt 0.419414 0.587006
vt 0.378974 0.557580
vt 0.313205 0.542590
vt 0.254618 0.556230
vt 0.319447 0.568136
vt 0.325183 0.594405
vt 0.234470 0.583415
vt 0.238519 0.608624
vt 0.329328 0.635857
vt 0.366442 0.621734
vt 0.384975 0.619300
vt 0.413775 0.618866
vt 0.432693 0.629663
vt 0.432838 0.667838
vt 0.436887 0.674586
vt 0.438670 0.707073
vt 0.472338 0.714423
vt 0.507139 0.720207
vt 0.540228 0.724401
vt 0.537192 0.743223
vt 0.504488 0.736764
vt 0.469639 0.731245
vt 0.435369 0.727630
vt 0.423078 0.715098
vt 0.422210 0.697240
vt 0.419679 0.691841
vt 0.411630 0.665958
vt 0.413341 0.654896
vt 0.411076 0.640942
vt 0.404255 0.656752
vt 0.395676 0.668561
vt 0.404352 0.675164
vt 0.400664 0.695770
vt 0.393700 0.701554
vt 0.416667 0.731824
vt 0.390928 0.718785
vt 0.423511 0.757900
vt 0.435778 0.745778
vt 0.440502 0.732739
vt 0.468554 0.736017
vt 0.503885 0.742331
vt 0.534709 0.749055
vt 0.554303 0.768480
vt 0.550977 0.771059
vt 0.528347 0.766263
vt 0.498342 0.760623
vt 0.465759 0.753996
vt 0.439610 0.772215
vt 0.429175 0.765371
vt 0.417535 0.763033
vt 0.412546 0.736137
vt 0.395724 0.726473
vt 0.371166 0.715363
vt 0.378179 0.720545
vt 0.392760 0.747175
vt 0.383770 0.741102
vt 0.396784 0.758189
vt 0.382445 0.750742
vt 0.370106 0.738668
vt 0.364659 0.721051
vt 0.357790 0.739969
vt 0.363357 0.747175
vt 0.377577 0.779325
vt 0.386903 0.764600
vt 0.394953 0.769203
vt 0.388422 0.781711
vt 0.405388 0.799232
vt 0.420836 0.788483
vt 0.441297 0.781012
vt 0.462047 0.776794
vt 0.491546 0.783904
vt 0.474917 0.787688
vt 0.422812 0.832152
vt 0.424210 0.796605
vt 0.405340 0.807377
vt 0.384084 0.803497
vt 0.386927 0.795472
vt 0.380059 0.787856
vt 0.361502 0.787832
vt 0.356802 0.794243
vt 0.379408 0.835599
vt 0.431585 0.877412
vt 0.396399 0.878159
vt 0.482508 0.838659
vt 0.517333 0.801425
vt 0.520876 0.793255
vt 0.548302 0.802630
vt 0.566979 0.811547
vt 0.561966 0.818078
vt 0.554375 0.874376
vt 0.493064 0.882256
vt 0.447129 0.914237
vt 0.431247 0.914141
vt 0.407726 0.911008
vt 0.379143 0.891149
vt 0.331762 0.850902
vt 0.339980 0.786073
vt 0.348873 0.784073
vt 0.359622 0.780144
vt 0.342945 0.777951
vt 0.343354 0.752574
vt 0.309180 0.761033
vt 0.292238 0.799087
vt 0.278549 0.822247
vt 0.214395 0.758454
vt 0.202658 0.781108
vt 0.157952 0.732715
vt 0.222107 0.730161
vt 0.254762 0.713556
vt 0.301035 0.727317
vt 0.329666 0.739319
vt 0.339788 0.735848
vt 0.347476 0.743609
vt 0.355067 0.723846
vt 0.356609 0.718135
vt 0.347644 0.716327
vt 0.328557 0.728305
vt 0.312145 0.720906
vt 0.293540 0.714929
vt 0.269873 0.707579
vt 0.295251 0.702156
vt 0.317495 0.706326
vt 0.337980 0.711459
vt 0.345331 0.710109
vt 0.373865 0.698638
vt 0.382156 0.695914
vt 0.393916 0.678129
vt 0.380155 0.676201
vt 0.369479 0.691191
vt 0.347668 0.695529
vt 0.360899 0.691456
vt 0.337787 0.707097
vt 0.306288 0.700494
vt 0.339547 0.696035
vt 0.341113 0.691938
vt 0.351838 0.690347
vt 0.361237 0.685551
vt 0.368876 0.671067
vt 0.376468 0.666006
vt 0.360249 0.664416
vt 0.350488 0.669356
vt 0.337450 0.672995
vt 0.320050 0.690396
vt 0.307590 0.692444
vt 0.271343 0.694854
vt 0.271102 0.697288
vt 0.245002 0.702494
vt 0.245797 0.692348
vt 0.272621 0.686853
vt 0.297612 0.687407
vt 0.319544 0.674875
vt 0.341957 0.662897
vt 0.359140 0.654607
vt 0.366707 0.630410
vt 0.383240 0.633568
vt 0.400038 0.639882
vt 0.387434 0.626940
vt 0.405075 0.632507
vt 0.374251 0.626458
vt 0.311012 0.665331
vt 0.299998 0.674755
vt 0.275223 0.674321
vt 0.273175 0.684467
vt 0.247581 0.681237
vt 0.250015 0.671356
vt 0.262740 0.663910
vt 0.236952 0.637905
vt 0.176847 0.615348
vt 0.179064 0.638508
vt 0.214106 0.653763
vt 0.223288 0.665476
vt 0.221480 0.676586
vt 0.219552 0.688564
vt 0.217793 0.699674
vt 0.205381 0.707916
vt 0.192705 0.697553
vt 0.194488 0.684467
vt 0.196392 0.672634
vt 0.198802 0.659644
vt 0.180655 0.645232
vt 0.173063 0.646750
vt 0.154843 0.641448
vt 0.137009 0.623156
vt 0.168532 0.596261
vt 0.206345 0.567967
vt 0.250930 0.542517
vt 0.202754 0.553748
vt 0.161640 0.579921
vt 0.157374 0.565919
vt 0.124791 0.590621
vt 0.120959 0.608335
vt 0.089894 0.601225
vt 0.120260 0.576715
vt 0.084688 0.587078
vt 0.063841 0.610022
vt 0.057937 0.595754
vt 0.077578 0.622096
vt 0.101052 0.634146
vt 0.122766 0.653836
vt 0.133443 0.648558
vt 0.141131 0.654053
vt 0.154289 0.649594
vt 0.174123 0.651763
vt 0.150168 0.667380
vt 0.173593 0.669742
vt 0.171930 0.680057
vt 0.148626 0.673092
vt 0.149276 0.669043
vt 0.137323 0.669187
vt 0.133925 0.666826
vt 0.130743 0.658415
vt 0.124694 0.662488
vt 0.122115 0.666753
vt 0.118645 0.656848
vt 0.090785 0.642509
vt 0.062950 0.635568
vt 0.048104 0.615468
vt 0.042416 0.601611
vt 0.033331 0.621855
vt 0.028728 0.626627
vt 0.019160 0.614504
vt 0.026631 0.609443
vt 0.148963 0.674947
vt 0.166797 0.697288
vt 0.170942 0.705554
vt 0.164218 0.701723
vt 0.167327 0.711435
vt 0.145252 0.701048
vt 0.147276 0.693143
vt 0.136190 0.684780
vt 0.133346 0.670296
vt 0.123224 0.671597
vt 0.127683 0.677381
vt 0.127177 0.687600
vt 0.122573 0.712809
vt 0.118693 0.679213
vt 0.115705 0.675044
vt 0.091894 0.691094
vt 0.084760 0.679960
vt 0.065818 0.695191
vt 0.056154 0.677791
vt 0.102691 0.721846
vt 0.144071 0.748236
vt 0.100787 0.739897
vt 0.070951 0.718858
vt 0.048972 0.702349
vt 0.035765 0.692227
vt 0.023715 0.681551
vt 0.020847 0.675550
vt 0.007953 0.684057
vt 0.013472 0.691239
vt 0.025980 0.703602
vt 0.038898 0.714038
vt 0.061576 0.730667
vt 0.092111 0.751658
vt 0.123947 0.773565
vt 0.132406 0.761587
vt 0.171111 0.786965
vt 0.163230 0.799352
vt 0.205478 0.825091
vt 0.213262 0.813234
vt 0.264619 0.844564
vt 0.258209 0.855578
vt 0.320893 0.875050
vt 0.373986 0.900645
vt 0.315615 0.886257
vt 0.368202 0.911514
vt 0.403942 0.927251
vt 0.408955 0.917105
vt 0.431754 0.923034
vt 0.410931 0.928239
vt 0.446358 0.922793
vt 0.470892 0.918286
vt 0.469880 0.926817
vt 0.503210 0.926504
vt 0.501330 0.934867
vt 0.532878 0.937060
vt 0.529696 0.944893
vt 0.555990 0.911851
vt 0.614143 0.894644
vt 0.611637 0.869339
vt 0.586982 0.843287
vt 0.583150 0.828393
vt 0.612287 0.814921
vt 0.602961 0.845938
vt 0.618361 0.862446
vt 0.631182 0.880666
vt 0.629808 0.894403
vt 0.622723 0.923516
vt 0.639689 0.893391
vt 0.639087 0.855409
vt 0.629567 0.856277
vt 0.626555 0.832273
vt 0.619349 0.818391
vt 0.621759 0.810004
vt 0.624651 0.817524
vt 0.674924 0.865892
vt 0.679816 0.921564
vt 0.620626 0.954822
vt 0.559460 0.949978
vt 0.555676 0.957449
vt 0.599153 0.976608
vt 0.594405 0.982898
vt 0.613613 0.985308
vt 0.650269 0.975717
vt 0.607949 0.995792
vt 0.619204 0.995937
vt 0.655234 0.986658
vt 0.688516 0.962944
vt 0.692348 0.974584
vt 0.731462 0.961473
vt 0.730089 0.949737
vt 0.744838 0.948483
vt 0.744934 0.959931
vt 0.789327 0.970800
vt 0.793159 0.958461
vt 0.810872 0.975090
vt 0.812535 0.963450
vt 0.820199 0.943663
vt 0.857988 0.943181
vt 0.845456 0.940145
vt 0.843335 0.955593
vt 0.855530 0.957738
vt 0.841600 0.966414
vt 0.830875 0.966269
vt 0.829935 0.978006
vt 0.841311 0.978777
vt 0.853433 0.968969
vt 0.413968 0.627326
vt 0.977404 0.586283
vt 0.908092 0.577462
vt 0.975765 0.578884
vt 0.965450 0.565822
vt 0.948677 0.550085
vt 0.928192 0.533528
vt 0.903850 0.515718
vt 0.799328 0.563629
vt 0.878618 0.499667
vt 0.797256 0.535697
vt 0.787809 0.513043
vt 0.882016 0.477495
vt 0.802365 0.446575
vt 0.764721 0.492028
vt 0.849095 0.439031
vt 0.886619 0.463565
vt 0.871050 0.436621
vt 0.895006 0.450792
vt 0.889993 0.437634
vt 0.900742 0.440863
vt 0.788628 0.438742
vt 0.730089 0.474675
vt 0.757081 0.411172
vt 0.728281 0.385577
vt 0.677117 0.465662
vt 0.698060 0.364490
vt 0.681334 0.372371
vt 0.643618 0.398664
vt 0.617373 0.409051
vt 0.562304 0.458842
vt 0.588669 0.413100
vt 0.557556 0.411292
vt 0.535384 0.406183
vt 0.523358 0.399339
vt 0.400616 0.443731
vt 0.468795 0.387505
vt 0.507307 0.385553
vt 0.411895 0.393000
vt 0.348729 0.401146
vt 0.357598 0.447828
vt 0.325737 0.459950
vt 0.289732 0.410280
vt 0.304746 0.478532
vt 0.242013 0.418570
vt 0.196705 0.427391
vt 0.159398 0.435489
vt 0.131105 0.482725
vt 0.296046 0.502535
vt 0.124019 0.445177
vt 0.097702 0.453877
vt 0.082640 0.459541
vt 0.067408 0.467180
vt 0.062564 0.474483
vt 0.426476 0.051213
vt 0.444936 0.033571
vt 0.480122 0.092062
vt 0.493739 0.079964
vt 0.470386 0.021811
vt 0.517598 0.071095
vt 0.503716 0.014773
vt 0.541771 0.065649
vt 0.546808 0.011544
vt 0.578138 0.063937
vt 0.709025 0.011544
vt 0.708712 0.064251
vt 0.823669 0.060515
vt 0.823669 0.008628
vt 0.856518 0.061359
vt 0.877268 0.008314
vt 0.884353 0.063407
vt 0.915635 0.013351
vt 0.909610 0.069818
vt 0.945857 0.021136
vt 0.929300 0.078663
vt 0.967451 0.032776
vt 0.945640 0.093050
vt 0.989285 0.050321
vt 0.983212 0.844636
vt 0.977115 0.849528
vt 0.941591 0.139323
vt 0.965282 0.150433
vt 0.938097 0.165543
vt 0.985237 0.168532
vt 0.917853 0.152023
vt 0.903561 0.135033
vt 0.878473 0.148722
vt 0.769613 0.135226
vt 0.896211 0.166459
vt 0.944989 0.188921
vt 0.929445 0.189306
vt 0.862157 0.191114
vt 0.856711 0.163808
vt 0.785230 0.149300
vt 0.747055 0.148143
vt 0.651836 0.131948
vt 0.763178 0.163109
vt 0.806679 0.163736
vt 0.848203 0.191475
vt 0.897488 0.213912
vt 0.858157 0.218660
vt 0.939326 0.212611
vt 0.986249 0.207140
vt 0.991310 0.187692
vt 0.967282 0.226252
vt 0.944218 0.238591
vt 0.919829 0.227192
vt 0.880714 0.232566
vt 0.906477 0.244905
vt 0.772746 0.251846
vt 0.787567 0.236952
vt 0.808197 0.221408
vt 0.815042 0.192367
vt 0.800148 0.192753
vt 0.764817 0.224348
vt 0.749537 0.240182
vt 0.655330 0.261462
vt 0.662416 0.245484
vt 0.620939 0.261149
vt 0.623494 0.246544
vt 0.591971 0.255075
vt 0.568594 0.240856
vt 0.590983 0.229336
vt 0.634845 0.231289
vt 0.690251 0.223287
vt 0.663838 0.224830
vt 0.680732 0.195982
vt 0.598165 0.198223
vt 0.555074 0.222347
vt 0.581246 0.198681
vt 0.550856 0.199501
vt 0.553821 0.176437
vt 0.589320 0.167520
vt 0.632989 0.163206
vt 0.662319 0.168098
vt 0.688757 0.168194
vt 0.696300 0.195548
vt 0.711965 0.195139
vt 0.722690 0.223769
vt 0.726932 0.194729
vt 0.721123 0.165953
vt 0.659789 0.147541
vt 0.620843 0.148577
vt 0.617517 0.134141
vt 0.588910 0.141781
vt 0.566329 0.157229
s 1
usemtl models_monsters_darklord_mech_darklord_mech_shield_buckler
f 988/984/956 991/985/957 990/986/958
f 988/984/956 990/986/958 992/987/959
f 988/984/956 992/987/959 993/988/960
f 989/989/961 988/984/956 993/988/960
f 988/984/956 989/989/961 987/990/962
f 987/990/962 986/991/963 988/984/956
f 986/991/963 987/990/962 985/992/964
f 984/993/965 986/991/963 985/992/964
f 985/992/964 994/994/966 984/993/965
f 995/995/967 994/994/966 985/992/964
f 994/994/966 995/995/967 996/996/968
f 994/994/966 996/996/968 1003/997/969
f 995/995/967 997/998/970 996/996/968
f 996/996/968 1004/999/971 1003/997/969
f 1003/997/969 1004/999/971 1005/1000/972
f 1004/999/971 1006/1001/973 1005/1000/972
f 1005/1000/972 1006/1001/973 1008/1002/974
f 1007/1003/975 1005/1000/972 1008/1002/974
f 1008/1002/974 1009/1004/976 1007/1003/975
f 1009/1004/976 1010/1005/977 1007/1003/975
f 1007/1003/975 1010/1005/977 1011/1006/978
f 1011/1006/978 1012/1007/979 1007/1003/975
f 1012/1007/979 1013/1008/980 1007/1003/975
f 1012/1007/979 1014/1009/981 1013/1008/980
f 1014/1009/981 1015/1010/982 1013/1008/980
f 1020/1011/983 1013/1008/980 1015/1010/982
f 1018/1012/984 1013/1008/980 1020/1011/983
f 1018/1012/984 1019/1013/985 1013/1008/980
f 1017/1014/986 1016/1015/987 1018/1012/984
f 1018/1012/984 1016/1015/987 1019/1013/985
f 1016/1015/987 1021/1016/988 1019/1013/985
f 1019/1013/985 1021/1016/988 1023/1017/989
f 1022/1018/990 1019/1013/985 1023/1017/989
f 1023/1017/989 1024/1019/991 1022/1018/990
f 1024/1019/991 1023/1017/989 1029/1020/992
f 1024/1019/991 1029/1020/992 1025/1021/993
f 1029/1020/992 1028/1022/994 1025/1021/993
f 1028/1022/994 1027/1023/995 1025/1021/993
f 1025/1021/993 1027/1023/995 1026/1024/996
f 1026/1024/996 1031/1025/997 1025/1021/993
f 1025/1021/993 1031/1025/997 1030/1026/998
f 1026/1024/996 1032/1027/999 1031/1025/997
f 1033/1028/1000 1031/1025/997 1032/1027/999
f 1034/1029/1001 1031/1025/997 1033/1028/1000
f 1035/1030/1002 1031/1025/997 1034/1029/1001
f 1036/1031/1003 1031/1025/997 1035/1030/1002
f 995/995/967 998/1032/1004 997/998/970
f 997/998/970 998/1032/1004 999/1033/1005
f 998/1032/1004 1000/1034/1006 999/1033/1005
f 1000/1034/1006 1001/1035/1007 999/1033/1005
f 1001/1035/1007 1000/1034/1006 1002/1036/1008
f 1039/1037/993 1040/1038/998 1038/1039/1009
f 1037/1040/1010 1039/1037/993 1038/1039/1009
f 1042/1041/991 1039/1037/993 1037/1040/1010
f 1041/1042/1011 1042/1041/991 1037/1040/1010
f 1044/1043/1012 1042/1041/991 1041/1042/1011
f 1043/1044/1013 1044/1043/1012 1041/1042/1011
f 1046/1045/985 1044/1043/1012 1043/1044/1013
f 1045/1046/1014 1046/1045/985 1043/1044/1013
f 1048/1047/980 1046/1045/985 1045/1046/1014
f 1047/1048/1015 1048/1047/980 1045/1046/1014
f 1048/1047/980 1047/1048/1015 1050/1049/1016
f 1049/1050/975 1048/1047/980 1050/1049/1016
f 1049/1050/975 1050/1049/1016 1052/1051/1017
f 1051/1052/972 1049/1050/975 1052/1051/1017
f 1051/1052/972 1052/1051/1017 1054/1053/1018
f 1053/1054/1019 1051/1052/972 1054/1053/1018
f 1053/1054/1019 1054/1053/1018 1056/1055/1020
f 1055/1056/1021 1053/1054/1019 1056/1055/1020
f 1055/1056/1021 1056/1055/1020 1058/1057/1022
f 1057/1058/965 1055/1056/1021 1058/1057/1022
f 1058/1057/1022 1059/1059/1023 1057/1058/965
f 1059/1059/1023 1060/1060/1024 1057/1058/965
f 1125/1061/1025 1129/1062/1026 1128/1063/984
f 1127/1064/1027 1125/1061/1025 1128/1063/984
f 1127/1064/1027 1128/1063/984 1131/1065/983
f 1127/1064/1027 1192/1066/1028 1125/1061/1025
f 1125/1061/1025 1123/1067/1029 1126/1068/1026
f 1123/1067/1029 1125/1061/1025 1192/1066/1028
f 1123/1067/1029 1124/1069/987 1126/1068/1026
f 1122/1070/1030 1124/1069/987 1123/1067/1029
f 1121/1071/1031 1122/1070/1030 1123/1067/1029
f 1120/1072/989 1122/1070/1030 1121/1071/1031
f 1123/1067/1029 1240/1073/1032 1121/1071/1031
f 1240/1073/1032 1123/1067/1029 1192/1066/1028
f 1191/1074/1033 1240/1073/1032 1192/1066/1028
f 1127/1064/1027 1191/1074/1033 1192/1066/1028
f 1131/1065/983 1130/1075/1034 1127/1064/1027
f 1127/1064/1027 1182/1076/1035 1191/1074/1033
f 1130/1075/1034 1182/1076/1035 1127/1064/1027
f 1132/1077/1036 1183/1078/1037 1130/1075/1034
f 1183/1078/1037 1182/1076/1035 1130/1075/1034
f 1130/1075/1034 1131/1065/983 1132/1077/1036
f 1131/1065/983 1133/1079/982 1132/1077/1036
f 1135/1080/1038 1132/1077/1036 1133/1079/982
f 1135/1080/1038 1183/1078/1037 1132/1077/1036
f 1133/1079/982 1134/1081/1039 1135/1080/1038
f 1135/1080/1038 1184/1082/1040 1183/1078/1037
f 1134/1081/1039 1137/1083/1041 1135/1080/1038
f 1137/1083/1041 1184/1082/1040 1135/1080/1038
f 1134/1081/1039 1136/1084/1042 1137/1083/1041
f 1137/1083/1041 1139/1085/1043 1184/1082/1040
f 1139/1085/1043 1137/1083/1041 1136/1084/1042
f 1138/1086/1044 1139/1085/1043 1136/1084/1042
f 1140/1087/977 1141/1088/1045 1138/1086/1044
f 1141/1088/1045 1139/1085/1043 1138/1086/1044
f 1185/1089/1046 1139/1085/1043 1141/1088/1045
f 1139/1085/1043 1185/1089/1046 1184/1082/1040
f 1141/1088/1045 1140/1087/977 1143/1090/1047
f 1143/1090/1047 1185/1089/1046 1141/1088/1045
f 1140/1087/977 1142/1091/976 1143/1090/1047
f 1143/1090/1047 1179/1092/1048 1185/1089/1046
f 1143/1090/1047 1181/1093/976 1179/1092/1048
f 1181/1093/976 1180/1094/1049 1179/1092/1048
f 1179/1092/1048 1180/1094/1049 1178/1095/1050
f 1180/1094/1049 1177/1096/1051 1178/1095/1050
f 1177/1096/1051 1176/1097/971 1178/1095/1050
f 1176/1097/971 1175/1098/1052 1178/1095/1050
f 1175/1098/1052 1204/1099/1053 1178/1095/1050
f 1204/1099/1053 1179/1092/1048 1178/1095/1050
f 1179/1092/1048 1204/1099/1053 1185/1089/1046
f 1184/1082/1040 1185/1089/1046 1186/1100/1054
f 1186/1100/1054 1185/1089/1046 1204/1099/1053
f 1184/1082/1040 1188/1101/1055 1183/1078/1037
f 1186/1100/1054 1187/1102/1056 1184/1082/1040
f 1184/1082/1040 1187/1102/1056 1188/1101/1055
f 1186/1100/1054 1211/1103/1057 1187/1102/1056
f 1187/1102/1056 1203/1104/1058 1188/1101/1055
f 1211/1103/1057 1203/1104/1058 1187/1102/1056
f 1186/1100/1054 1210/1105/1059 1211/1103/1057
f 1211/1103/1057 1379/1106/1060 1203/1104/1058
f 1379/1106/1060 1211/1103/1057 1210/1105/1059
f 1379/1106/1060 1311/1107/1061 1203/1104/1058
f 1311/1107/1061 1379/1106/1060 1377/1108/1062
f 1377/1108/1062 1379/1106/1060 1227/1109/1063
f 1379/1106/1060 1210/1105/1059 1227/1109/1063
f 1186/1100/1054 1204/1099/1053 1210/1105/1059
f 1210/1105/1059 1228/1110/1064 1227/1109/1063
f 1204/1099/1053 1208/1111/1065 1210/1105/1059
f 1210/1105/1059 1208/1111/1065 1228/1110/1064
f 1204/1099/1053 1205/1112/1066 1206/1113/1067
f 1206/1113/1067 1208/1111/1065 1204/1099/1053
f 1204/1099/1053 1175/1098/1052 1205/1112/1066
f 1175/1098/1052 1176/1097/971 1174/1114/1068
f 1205/1112/1066 1175/1098/1052 1174/1114/1068
f 1176/1097/971 1173/1115/1069 1174/1114/1068
f 1173/1115/1069 1171/1116/970 1174/1114/1068
f 1171/1116/970 1170/1117/1070 1172/1118/1071
f 1171/1116/970 1172/1118/1071 1174/1114/1068
f 1174/1114/1068 1222/1119/1072 1205/1112/1066
f 1222/1119/1072 1174/1114/1068 1172/1118/1071
f 1222/1119/1072 1221/1120/1073 1205/1112/1066
f 1205/1112/1066 1207/1121/1074 1206/1113/1067
f 1221/1120/1073 1207/1121/1074 1205/1112/1066
f 1206/1113/1067 1207/1121/1074 1209/1122/1075
f 1209/1122/1075 1207/1121/1074 1224/1123/1076
f 1221/1120/1073 1224/1123/1076 1207/1121/1074
f 1214/1124/1077 1216/1125/1078 1221/1120/1073
f 1221/1120/1073 1216/1125/1078 1224/1123/1076
f 1221/1120/1073 1156/1126/1079 1214/1124/1077
f 1156/1126/1079 1221/1120/1073 1222/1119/1072
f 1222/1119/1072 1158/1127/1080 1156/1126/1079
f 1222/1119/1072 1172/1118/1071 1223/1128/1081
f 1223/1128/1081 1158/1127/1080 1222/1119/1072
f 1172/1118/1071 1169/1129/1082 1223/1128/1081
f 1170/1117/1070 1169/1129/1082 1172/1118/1071
f 1169/1129/1082 1170/1117/1070 1166/1130/1083
f 1166/1130/1083 1223/1128/1081 1169/1129/1082
f 1170/1117/1070 1167/1131/1007 1166/1130/1083
f 1223/1128/1081 1166/1130/1083 1164/1132/1084
f 1166/1130/1083 1167/1131/1007 1164/1132/1084
f 1167/1131/1007 1168/1133/1085 1164/1132/1084
f 1163/1134/1086 1164/1132/1084 1162/1135/1087
f 1163/1134/1086 1223/1128/1081 1164/1132/1084
f 1164/1132/1084 1165/1136/1088 1162/1135/1087
f 1223/1128/1081 1160/1137/1089 1158/1127/1080
f 1223/1128/1081 1163/1134/1086 1160/1137/1089
f 1160/1137/1089 1161/1138/1004 1158/1127/1080
f 1161/1138/1004 1160/1137/1089 1163/1134/1086
f 1162/1135/1087 1161/1138/1004 1163/1134/1086
f 1161/1138/1004 1159/1139/967 1158/1127/1080
f 1158/1127/1080 1159/1139/967 1156/1126/1079
f 1159/1139/967 1157/1140/1090 1156/1126/1079
f 1156/1126/1079 1157/1140/1090 1154/1141/962
f 1155/1142/1091 1156/1126/1079 1154/1141/962
f 1155/1142/1091 1220/1143/1092 1156/1126/1079
f 1220/1143/1092 1214/1124/1077 1156/1126/1079
f 1214/1124/1077 1220/1143/1092 1213/1144/1093
f 1212/1145/1094 1214/1124/1077 1213/1144/1093
f 1214/1124/1077 1212/1145/1094 1215/1146/1095
f 1215/1146/1095 1216/1125/1078 1214/1124/1077
f 1215/1146/1095 1217/1147/1096 1216/1125/1078
f 1216/1125/1078 1217/1147/1096 1225/1148/1097
f 1224/1123/1076 1216/1125/1078 1225/1148/1097
f 1226/1149/1098 1224/1123/1076 1225/1148/1097
f 1226/1149/1098 1209/1122/1075 1224/1123/1076
f 1225/1148/1097 1410/1150/1099 1226/1149/1098
f 1217/1147/1096 1407/1151/1100 1225/1148/1097
f 1407/1151/1100 1410/1150/1099 1225/1148/1097
f 1217/1147/1096 1403/1152/1101 1407/1151/1100
f 1410/1150/1099 1407/1151/1100 1406/1153/1102
f 1403/1152/1101 1406/1153/1102 1407/1151/1100
f 1406/1153/1102 1408/1154/1103 1410/1150/1099
f 1410/1150/1099 1411/1155/1104 1226/1149/1098
f 1410/1150/1099 1408/1154/1103 1411/1155/1104
f 1411/1155/1104 1417/1156/1105 1226/1149/1098
f 1417/1156/1105 1209/1122/1075 1226/1149/1098
f 1209/1122/1075 1417/1156/1105 1420/1157/1106
f 1209/1122/1075 1420/1157/1106 1206/1113/1067
f 1417/1156/1105 1419/1158/1107 1418/1159/1108
f 1418/1159/1108 1420/1157/1106 1417/1156/1105
f 1419/1158/1107 1417/1156/1105 1411/1155/1104
f 1411/1155/1104 1416/1160/1064 1419/1158/1107
f 1408/1154/1103 1414/1161/1109 1411/1155/1104
f 1411/1155/1104 1414/1161/1109 1416/1160/1064
f 1408/1154/1103 1406/1153/1102 1409/1162/1110
f 1414/1161/1109 1408/1154/1103 1409/1162/1110
f 1406/1153/1102 1405/1163/1111 1409/1162/1110
f 1405/1163/1111 1406/1153/1102 1402/1164/1112
f 1406/1153/1102 1403/1152/1101 1402/1164/1112
f 1402/1164/1112 1403/1152/1101 1400/1165/1112
f 1404/1166/1113 1403/1152/1101 1217/1147/1096
f 1403/1152/1101 1404/1166/1113 1400/1165/1112
f 1217/1147/1096 1215/1146/1095 1404/1166/1113
f 1404/1166/1113 1401/1167/1114 1400/1165/1112
f 1401/1167/1114 1404/1166/1113 1215/1146/1095
f 1401/1167/1114 1215/1146/1095 1212/1145/1094
f 1399/1168/1115 1401/1167/1114 1212/1145/1094
f 1400/1165/1112 1401/1167/1114 1399/1168/1115
f 1392/1169/1116 1400/1165/1112 1399/1168/1115
f 1399/1168/1115 1393/1170/1117 1392/1169/1116
f 1393/1170/1117 1399/1168/1115 1212/1145/1094
f 1219/1171/1118 1393/1170/1117 1212/1145/1094
f 1218/1172/1119 1219/1171/1118 1212/1145/1094
f 1213/1144/1093 1218/1172/1119 1212/1145/1094
f 1213/1144/1093 1398/1173/1120 1218/1172/1119
f 1220/1143/1092 1398/1173/1120 1213/1144/1093
f 1220/1143/1092 1155/1142/1091 1430/1174/1121
f 1398/1173/1120 1220/1143/1092 1430/1174/1121
f 1398/1173/1120 1430/1174/1121 1396/1175/1122
f 1396/1175/1122 1397/1176/1123 1398/1173/1120
f 1398/1173/1120 1397/1176/1123 1218/1172/1119
f 1218/1172/1119 1395/1177/1124 1219/1171/1118
f 1397/1176/1123 1395/1177/1124 1218/1172/1119
f 1396/1175/1122 1395/1177/1124 1397/1176/1123
f 1395/1177/1124 1396/1175/1122 1391/1178/1125
f 1429/1179/1126 1396/1175/1122 1430/1174/1121
f 1396/1175/1122 1429/1179/1126 1391/1178/1125
f 1430/1174/1121 1153/1180/1127 1429/1179/1126
f 1153/1180/1127 1430/1174/1121 1155/1142/1091
f 1152/1181/961 1153/1180/1127 1155/1142/1091
f 1154/1141/962 1152/1181/961 1155/1142/1091
f 1152/1181/961 1150/1182/1128 1153/1180/1127
f 1150/1182/1128 1151/1183/1129 1153/1180/1127
f 1429/1179/1126 1153/1180/1127 1151/1183/1129
f 1150/1182/1128 1148/1184/1130 1151/1183/1129
f 1148/1184/1130 1147/1185/1131 1149/1186/1132
f 1148/1184/1130 1149/1186/1132 1151/1183/1129
f 1151/1183/1129 1428/1187/1133 1429/1179/1126
f 1428/1187/1133 1151/1183/1129 1149/1186/1132
f 1428/1187/1133 1390/1188/1134 1429/1179/1126
f 1391/1178/1125 1429/1179/1126 1390/1188/1134
f 1389/1189/1135 1391/1178/1125 1390/1188/1134
f 1395/1177/1124 1391/1178/1125 1389/1189/1135
f 1395/1177/1124 1394/1190/1136 1219/1171/1118
f 1389/1189/1135 1394/1190/1136 1395/1177/1124
f 1394/1190/1136 1393/1170/1117 1219/1171/1118
f 1389/1189/1135 1393/1170/1117 1394/1190/1136
f 1389/1189/1135 1392/1169/1116 1393/1170/1117
f 1387/1191/1137 1388/1192/1138 1389/1189/1135
f 1389/1189/1135 1388/1192/1138 1392/1169/1116
f 1389/1189/1135 1390/1188/1134 1387/1191/1137
f 1428/1187/1133 1387/1191/1137 1390/1188/1134
f 1387/1191/1137 1428/1187/1133 1427/1193/1139
f 1428/1187/1133 1146/1194/1140 1427/1193/1139
f 1146/1194/1140 1428/1187/1133 1149/1186/1132
f 1147/1185/1131 1146/1194/1140 1149/1186/1132
f 1146/1194/1140 1147/1185/1131 1145/1195/1141
f 1144/1196/1142 1146/1194/1140 1145/1195/1141
f 1427/1193/1139 1146/1194/1140 1144/1196/1142
f 1386/1197/1143 1387/1191/1137 1427/1193/1139
f 1386/1197/1143 1388/1192/1138 1387/1191/1137
f 1388/1192/1138 1386/1197/1143 1799/1198/1144
f 1388/1192/1138 1799/1198/1144 1800/1199/1145
f 1388/1192/1138 1800/1199/1145 1392/1169/1116
f 1392/1169/1116 1800/1199/1145 1803/1200/1146
f 1803/1200/1146 1815/1201/1147 1392/1169/1116
f 1400/1165/1112 1392/1169/1116 1815/1201/1147
f 1814/1202/1148 1400/1165/1112 1815/1201/1147
f 1814/1202/1148 1815/1201/1147 1647/1203/1149
f 1815/1201/1147 1803/1200/1146 1647/1203/1149
f 1651/1204/1150 1803/1200/1146 1804/1205/1151
f 1803/1200/1146 1651/1204/1150 1647/1203/1149
f 1803/1200/1146 1800/1199/1145 1804/1205/1151
f 1804/1205/1151 1805/1206/1152 1651/1204/1150
f 1804/1205/1151 1800/1199/1145 1805/1206/1152
f 1805/1206/1152 1652/1207/1153 1651/1204/1150
f 1651/1204/1150 1652/1207/1153 1647/1203/1149
f 1805/1206/1152 1807/1208/1154 1652/1207/1153
f 1652/1207/1153 1646/1209/1155 1647/1203/1149
f 1807/1208/1154 1808/1210/1156 1652/1207/1153
f 1808/1210/1156 1646/1209/1155 1652/1207/1153
f 1807/1208/1154 1806/1211/1157 1808/1210/1156
f 1805/1206/1152 1806/1211/1157 1807/1208/1154
f 1800/1199/1145 1802/1212/1158 1805/1206/1152
f 1806/1211/1157 1805/1206/1152 1802/1212/1158
f 1800/1199/1145 1801/1213/1159 1802/1212/1158
f 1800/1199/1145 1799/1198/1144 1801/1213/1159
f 1801/1213/1159 1837/1214/1160 1802/1212/1158
f 1837/1214/1160 1806/1211/1157 1802/1212/1158
f 1806/1211/1157 1837/1214/1160 1838/1215/1161
f 1838/1215/1161 1808/1210/1156 1806/1211/1157
f 1653/1216/1162 1808/1210/1156 1838/1215/1161
f 1808/1210/1156 1653/1216/1162 1646/1209/1155
f 1645/1217/1163 1647/1203/1149 1646/1209/1155
f 1653/1216/1162 1645/1217/1163 1646/1209/1155
f 1647/1203/1149 1645/1217/1163 1648/1218/1164
f 1648/1218/1164 1814/1202/1148 1647/1203/1149
f 1816/1219/1165 1814/1202/1148 1648/1218/1164
f 1814/1202/1148 1816/1219/1165 1400/1165/1112
f 1816/1219/1165 1817/1220/1166 1400/1165/1112
f 1817/1220/1166 1402/1164/1112 1400/1165/1112
f 1816/1219/1165 1650/1221/1167 1817/1220/1166
f 1816/1219/1165 1648/1218/1164 1650/1221/1167
f 1649/1222/1168 1648/1218/1164 1645/1217/1163
f 1650/1221/1167 1648/1218/1164 1649/1222/1168
f 1645/1217/1163 1654/1223/1169 1649/1222/1168
f 1645/1217/1163 1653/1216/1162 1590/1224/1170
f 1590/1224/1170 1654/1223/1169 1645/1217/1163
f 1653/1216/1162 1587/1225/1171 1590/1224/1170
f 1587/1225/1171 1653/1216/1162 1838/1215/1161
f 1838/1215/1161 1585/1226/1172 1587/1225/1171
f 1837/1214/1160 1585/1226/1172 1838/1215/1161
f 1835/1227/1173 1583/1228/1174 1837/1214/1160
f 1585/1226/1172 1837/1214/1160 1583/1228/1174
f 1835/1227/1173 1837/1214/1160 1801/1213/1159
f 1799/1198/1144 1835/1227/1173 1801/1213/1159
f 1835/1227/1173 1799/1198/1144 1836/1229/1175
f 1836/1229/1175 1799/1198/1144 1386/1197/1143
f 1836/1229/1175 1579/1230/1176 1835/1227/1173
f 1579/1230/1176 1836/1229/1175 1580/1231/1142
f 1579/1230/1176 1581/1232/1177 1835/1227/1173
f 1583/1228/1174 1835/1227/1173 1581/1232/1177
f 1581/1232/1177 1582/1233/1178 1583/1228/1174
f 1583/1228/1174 1584/1234/1179 1585/1226/1172
f 1582/1233/1178 1584/1234/1179 1583/1228/1174
f 1584/1234/1179 1586/1235/1180 1585/1226/1172
f 1585/1226/1172 1586/1235/1180 1587/1225/1171
f 1586/1235/1180 1588/1236/1181 1587/1225/1171
f 1590/1224/1170 1587/1225/1171 1588/1236/1181
f 1589/1237/1182 1590/1224/1170 1588/1236/1181
f 1589/1237/1182 1591/1238/1183 1590/1224/1170
f 1591/1238/1183 1592/1239/1184 1590/1224/1170
f 1592/1239/1184 1655/1240/1185 1590/1224/1170
f 1654/1223/1169 1590/1224/1170 1655/1240/1185
f 1654/1223/1169 1655/1240/1185 1638/1241/1186
f 1657/1242/1187 1649/1222/1168 1654/1223/1169
f 1657/1242/1187 1654/1223/1169 1640/1243/1188
f 1640/1243/1188 1654/1223/1169 1638/1241/1186
f 1640/1243/1188 1638/1241/1186 1639/1244/1189
f 1640/1243/1188 1639/1244/1189 1642/1245/1190
f 1640/1243/1188 1642/1245/1190 1657/1242/1187
f 1649/1222/1168 1657/1242/1187 1658/1246/1191
f 1642/1245/1190 1659/1247/1192 1657/1242/1187
f 1657/1242/1187 1659/1247/1192 1658/1246/1191
f 1642/1245/1190 1831/1248/1193 1828/1249/1194
f 1642/1245/1190 1828/1249/1194 1659/1247/1192
f 1642/1245/1190 1639/1244/1189 1831/1248/1193
f 1831/1248/1193 1827/1250/1195 1828/1249/1194
f 1639/1244/1189 1830/1251/1196 1831/1248/1193
f 1831/1248/1193 1829/1252/1197 1827/1250/1195
f 1829/1252/1197 1831/1248/1193 1830/1251/1196
f 1832/1253/1198 1829/1252/1197 1830/1251/1196
f 1832/1253/1198 1830/1251/1196 1639/1244/1189
f 1832/1253/1198 1664/1254/1199 1829/1252/1197
f 1664/1254/1199 1827/1250/1195 1829/1252/1197
f 1832/1253/1198 1660/1255/1200 1664/1254/1199
f 1664/1254/1199 1663/1256/1201 1827/1250/1195
f 1664/1254/1199 1660/1255/1200 1663/1256/1201
f 1827/1250/1195 1663/1256/1201 1826/1257/1202
f 1826/1257/1202 1828/1249/1194 1827/1250/1195
f 1828/1249/1194 1826/1257/1202 1822/1258/1203
f 1828/1249/1194 1822/1258/1203 1659/1247/1192
f 1822/1258/1203 1821/1259/1204 1659/1247/1192
f 1821/1259/1204 1658/1246/1191 1659/1247/1192
f 1821/1259/1204 1819/1260/1205 1658/1246/1191
f 1650/1221/1167 1649/1222/1168 1658/1246/1191
f 1658/1246/1191 1819/1260/1205 1650/1221/1167
f 1819/1260/1205 1817/1220/1166 1650/1221/1167
f 1818/1261/1206 1817/1220/1166 1819/1260/1205
f 1819/1260/1205 1821/1259/1204 1818/1261/1206
f 1817/1220/1166 1818/1261/1206 1402/1164/1112
f 1821/1259/1204 1820/1262/1207 1818/1261/1206
f 1820/1262/1207 1821/1259/1204 1822/1258/1203
f 1822/1258/1203 1823/1263/1208 1820/1262/1207
f 1826/1257/1202 1825/1264/1200 1822/1258/1203
f 1823/1263/1208 1822/1258/1203 1825/1264/1200
f 1826/1257/1202 1663/1256/1201 1825/1264/1200
f 1660/1255/1200 1662/1265/1209 1663/1256/1201
f 1825/1264/1200 1663/1256/1201 1665/1266/1210
f 1663/1256/1201 1662/1265/1209 1665/1266/1210
f 1665/1266/1210 1834/1267/1211 1825/1264/1200
f 1823/1263/1208 1825/1264/1200 1824/1268/1212
f 1824/1268/1212 1825/1264/1200 1834/1267/1211
f 1833/1269/1213 1824/1268/1212 1834/1267/1211
f 1834/1267/1211 1667/1270/1214 1833/1269/1213
f 1667/1270/1214 1834/1267/1211 1665/1266/1210
f 1667/1270/1214 1665/1266/1210 1666/1271/1215
f 1665/1266/1210 1662/1265/1209 1666/1271/1215
f 1667/1270/1214 1666/1271/1215 1668/1272/1216
f 1668/1272/1216 1833/1269/1213 1667/1270/1214
f 1833/1269/1213 1668/1272/1216 1797/1273/1217
f 1833/1269/1213 1797/1273/1217 1809/1274/1218
f 1824/1268/1212 1833/1269/1213 1809/1274/1218
f 1810/1275/1219 1824/1268/1212 1809/1274/1218
f 1823/1263/1208 1824/1268/1212 1810/1275/1219
f 1811/1276/1220 1823/1263/1208 1810/1275/1219
f 1823/1263/1208 1811/1276/1220 1812/1277/1221
f 1820/1262/1207 1823/1263/1208 1812/1277/1221
f 1818/1261/1206 1820/1262/1207 1812/1277/1221
f 1813/1278/1222 1818/1261/1206 1812/1277/1221
f 1818/1261/1206 1813/1278/1222 1402/1164/1112
f 1402/1164/1112 1813/1278/1222 1405/1163/1111
f 1405/1163/1111 1813/1278/1222 1812/1277/1221
f 1409/1162/1110 1405/1163/1111 1812/1277/1221
f 1409/1162/1110 1812/1277/1221 1811/1276/1220
f 1415/1279/1223 1409/1162/1110 1811/1276/1220
f 1415/1279/1223 1811/1276/1220 1810/1275/1219
f 1413/1280/1224 1415/1279/1223 1810/1275/1219
f 1413/1280/1224 1810/1275/1219 1809/1274/1218
f 1413/1280/1224 1414/1161/1109 1415/1279/1223
f 1415/1279/1223 1414/1161/1109 1409/1162/1110
f 1413/1280/1224 1412/1281/1225 1414/1161/1109
f 1416/1160/1064 1414/1161/1109 1412/1281/1225
f 1413/1280/1224 1425/1282/1226 1412/1281/1225
f 1425/1282/1226 1413/1280/1224 1809/1274/1218
f 1425/1282/1226 1809/1274/1218 1788/1283/1227
f 1797/1273/1217 1788/1283/1227 1809/1274/1218
f 1668/1272/1216 1796/1284/1228 1797/1273/1217
f 1788/1283/1227 1797/1273/1217 1796/1284/1228
f 1668/1272/1216 1669/1285/1229 1796/1284/1228
f 1668/1272/1216 1666/1271/1215 1669/1285/1229
f 1669/1285/1229 1798/1286/1230 1796/1284/1228
f 1798/1286/1230 1786/1287/1231 1796/1284/1228
f 1787/1288/1232 1788/1283/1227 1796/1284/1228
f 1786/1287/1231 1787/1288/1232 1796/1284/1228
f 1787/1288/1232 1385/1289/1233 1788/1283/1227
f 1385/1289/1233 1425/1282/1226 1788/1283/1227
f 1787/1288/1232 1384/1290/1234 1385/1289/1233
f 1384/1290/1234 1787/1288/1232 1786/1287/1231
f 1383/1291/1235 1384/1290/1234 1786/1287/1231
f 1383/1291/1235 1786/1287/1231 1784/1292/1236
f 1786/1287/1231 1798/1286/1230 1784/1292/1236
f 1785/1293/1237 1798/1286/1230 1669/1285/1229
f 1798/1286/1230 1785/1293/1237 1784/1292/1236
f 1669/1285/1229 1670/1294/1238 1671/1295/1239
f 1671/1295/1239 1785/1293/1237 1669/1285/1229
f 1670/1294/1238 1669/1285/1229 1666/1271/1215
f 1785/1293/1237 1783/1296/1240 1784/1292/1236
f 1785/1293/1237 1671/1295/1239 1789/1297/1241
f 1789/1297/1241 1783/1296/1240 1785/1293/1237
f 1671/1295/1239 1782/1298/1242 1789/1297/1241
f 1789/1297/1241 1782/1298/1242 1783/1296/1240
f 1671/1295/1239 1670/1294/1238 1781/1299/1243
f 1781/1299/1243 1782/1298/1242 1671/1295/1239
f 1670/1294/1238 1780/1300/1244 1781/1299/1243
f 1781/1299/1243 1755/1301/1245 1782/1298/1242
f 1755/1301/1245 1781/1299/1243 1780/1300/1244
f 1755/1301/1245 1778/1302/1246 1782/1298/1242
f 1782/1298/1242 1778/1302/1246 1783/1296/1240
f 1778/1302/1246 1364/1303/1247 1783/1296/1240
f 1364/1303/1247 1784/1292/1236 1783/1296/1240
f 1784/1292/1236 1364/1303/1247 1371/1304/1248
f 1371/1304/1248 1383/1291/1235 1784/1292/1236
f 1382/1305/1249 1383/1291/1235 1371/1304/1248
f 1383/1291/1235 1382/1305/1249 1380/1306/1250
f 1384/1290/1234 1383/1291/1235 1380/1306/1250
f 1385/1289/1233 1384/1290/1234 1380/1306/1250
f 1381/1307/1251 1385/1289/1233 1380/1306/1250
f 1385/1289/1233 1381/1307/1251 1425/1282/1226
f 1380/1306/1250 1235/1308/1252 1381/1307/1251
f 1381/1307/1251 1424/1309/1253 1425/1282/1226
f 1235/1308/1252 1424/1309/1253 1381/1307/1251
f 1424/1309/1253 1412/1281/1225 1425/1282/1226
f 1412/1281/1225 1424/1309/1253 1426/1310/1254
f 1416/1160/1064 1412/1281/1225 1426/1310/1254
f 1424/1309/1253 1234/1311/1255 1426/1310/1254
f 1424/1309/1253 1235/1308/1252 1234/1311/1255
f 1426/1310/1254 1234/1311/1255 1232/1312/1256
f 1416/1160/1064 1426/1310/1254 1232/1312/1256
f 1234/1311/1255 1233/1313/1257 1232/1312/1256
f 1233/1313/1257 1234/1311/1255 1235/1308/1252
f 1233/1313/1257 1235/1308/1252 1236/1314/1258
f 1235/1308/1252 1380/1306/1250 1236/1314/1258
f 1380/1306/1250 1382/1305/1249 1236/1314/1258
f 1382/1305/1249 1372/1315/1259 1236/1314/1258
f 1372/1315/1259 1382/1305/1249 1371/1304/1248
f 1371/1304/1248 1370/1316/1260 1372/1315/1259
f 1371/1304/1248 1364/1303/1247 1370/1316/1260
f 1370/1316/1260 1373/1317/1261 1372/1315/1259
f 1372/1315/1259 1238/1318/1028 1236/1314/1258
f 1238/1318/1028 1372/1315/1259 1373/1317/1261
f 1238/1318/1028 1237/1319/1262 1236/1314/1258
f 1236/1314/1258 1237/1319/1262 1233/1313/1257
f 1238/1318/1028 1367/1320/1263 1237/1319/1262
f 1373/1317/1261 1369/1321/1264 1238/1318/1028
f 1369/1321/1264 1367/1320/1263 1238/1318/1028
f 1373/1317/1261 1370/1316/1260 1369/1321/1264
f 1364/1303/1247 1365/1322/1265 1370/1316/1260
f 1365/1322/1265 1369/1321/1264 1370/1316/1260
f 1365/1322/1265 1331/1323/1266 1369/1321/1264
f 1331/1323/1266 1367/1320/1263 1369/1321/1264
f 1367/1320/1263 1331/1323/1266 1368/1324/1267
f 1237/1319/1262 1367/1320/1263 1368/1324/1267
f 1368/1324/1267 1239/1325/1268 1237/1319/1262
f 1233/1313/1257 1237/1319/1262 1239/1325/1268
f 1378/1326/1269 1233/1313/1257 1239/1325/1268
f 1233/1313/1257 1378/1326/1269 1229/1327/1270
f 1229/1327/1270 1232/1312/1256 1233/1313/1257
f 1229/1327/1270 1230/1328/1271 1232/1312/1256
f 1230/1328/1271 1416/1160/1064 1232/1312/1256
f 1416/1160/1064 1230/1328/1271 1419/1158/1107
f 1230/1328/1271 1418/1159/1108 1419/1158/1107
f 1229/1327/1270 1228/1110/1064 1230/1328/1271
f 1418/1159/1108 1230/1328/1271 1231/1329/1272
f 1228/1110/1064 1231/1329/1272 1230/1328/1271
f 1418/1159/1108 1422/1330/1273 1420/1157/1106
f 1418/1159/1108 1231/1329/1272 1422/1330/1273
f 1228/1110/1064 1423/1331/1274 1231/1329/1272
f 1423/1331/1274 1422/1330/1273 1231/1329/1272
f 1422/1330/1273 1423/1331/1274 1421/1332/1275
f 1420/1157/1106 1422/1330/1273 1421/1332/1275
f 1420/1157/1106 1421/1332/1275 1206/1113/1067
f 1421/1332/1275 1423/1331/1274 1206/1113/1067
f 1423/1331/1274 1208/1111/1065 1206/1113/1067
f 1208/1111/1065 1423/1331/1274 1228/1110/1064
f 1228/1110/1064 1229/1327/1270 1227/1109/1063
f 1229/1327/1270 1376/1333/1276 1227/1109/1063
f 1378/1326/1269 1376/1333/1276 1229/1327/1270
f 1375/1334/1277 1376/1333/1276 1378/1326/1269
f 1239/1325/1268 1375/1334/1277 1378/1326/1269
f 1239/1325/1268 1374/1335/1278 1375/1334/1277
f 1368/1324/1267 1374/1335/1278 1239/1325/1268
f 1331/1323/1266 1312/1336/1279 1368/1324/1267
f 1374/1335/1278 1368/1324/1267 1312/1336/1279
f 1312/1336/1279 1310/1337/1280 1374/1335/1278
f 1310/1337/1280 1375/1334/1277 1374/1335/1278
f 1375/1334/1277 1310/1337/1280 1376/1333/1276
f 1376/1333/1276 1310/1337/1280 1377/1108/1062
f 1376/1333/1276 1377/1108/1062 1227/1109/1063
f 1310/1337/1280 1311/1107/1061 1377/1108/1062
f 1310/1337/1280 1203/1104/1058 1311/1107/1061
f 1203/1104/1058 1310/1337/1280 1202/1338/1281
f 1202/1338/1281 1310/1337/1280 1312/1336/1279
f 1202/1338/1281 1188/1101/1055 1203/1104/1058
f 1188/1101/1055 1202/1338/1281 1201/1339/1282
f 1201/1339/1282 1202/1338/1281 1312/1336/1279
f 1313/1340/1283 1201/1339/1282 1312/1336/1279
f 1331/1323/1266 1313/1340/1283 1312/1336/1279
f 1313/1340/1283 1314/1341/1284 1201/1339/1282
f 1331/1323/1266 1314/1341/1284 1313/1340/1283
f 1201/1339/1282 1200/1342/1029 1188/1101/1055
f 1201/1339/1282 1314/1341/1284 1200/1342/1029
f 1200/1342/1029 1189/1343/1285 1188/1101/1055
f 1183/1078/1037 1188/1101/1055 1189/1343/1285
f 1189/1343/1285 1182/1076/1035 1183/1078/1037
f 1182/1076/1035 1189/1343/1285 1190/1344/1286
f 1191/1074/1033 1182/1076/1035 1190/1344/1286
f 1189/1343/1285 1199/1345/1287 1190/1344/1286
f 1189/1343/1285 1200/1342/1029 1199/1345/1287
f 1314/1341/1284 1315/1346/1288 1200/1342/1029
f 1199/1345/1287 1200/1342/1029 1316/1347/1289
f 1200/1342/1029 1315/1346/1288 1316/1347/1289
f 1199/1345/1287 1316/1347/1289 1321/1348/1290
f 1198/1349/1291 1199/1345/1287 1321/1348/1290
f 1198/1349/1291 1190/1344/1286 1199/1345/1287
f 1321/1348/1290 1320/1350/1292 1198/1349/1291
f 1320/1350/1292 1321/1348/1290 1323/1351/1293
f 1323/1351/1293 1321/1348/1290 1316/1347/1289
f 1322/1352/1294 1323/1351/1293 1316/1347/1289
f 1322/1352/1294 1316/1347/1289 1315/1346/1288
f 1317/1353/1294 1322/1352/1294 1315/1346/1288
f 1319/1354/1295 1317/1353/1294 1315/1346/1288
f 1314/1341/1284 1319/1354/1295 1315/1346/1288
f 1319/1354/1295 1314/1341/1284 1331/1323/1266
f 1366/1355/1296 1319/1354/1295 1331/1323/1266
f 1331/1323/1266 1365/1322/1265 1366/1355/1296
f 1366/1355/1296 1318/1356/1297 1319/1354/1295
f 1317/1353/1294 1319/1354/1295 1318/1356/1297
f 1317/1353/1294 1318/1356/1297 1330/1357/1298
f 1322/1352/1294 1317/1353/1294 1330/1357/1298
f 1322/1352/1294 1330/1357/1298 1329/1358/1299
f 1323/1351/1293 1322/1352/1294 1329/1358/1299
f 1323/1351/1293 1329/1358/1299 1328/1359/1300
f 1324/1360/1301 1323/1351/1293 1328/1359/1300
f 1324/1360/1301 1320/1350/1292 1323/1351/1293
f 1320/1350/1292 1324/1360/1301 1327/1361/1302
f 1327/1361/1302 1332/1362/1303 1320/1350/1292
f 1198/1349/1291 1320/1350/1292 1332/1362/1303
f 1197/1363/1304 1198/1349/1291 1332/1362/1303
f 1197/1363/1304 1190/1344/1286 1198/1349/1291
f 1194/1364/1305 1190/1344/1286 1197/1363/1304
f 1190/1344/1286 1194/1364/1305 1193/1365/1306
f 1191/1074/1033 1190/1344/1286 1193/1365/1306
f 1240/1073/1032 1191/1074/1033 1193/1365/1306
f 1241/1366/1307 1240/1073/1032 1193/1365/1306
f 1240/1073/1032 1241/1366/1307 1121/1071/1031
f 1119/1367/1308 1120/1072/989 1121/1071/1031
f 1121/1071/1031 1241/1366/1307 1119/1367/1308
f 1119/1367/1308 1117/1368/1309 1120/1072/989
f 1241/1366/1307 1244/1369/1310 1119/1367/1308
f 1119/1367/1308 1244/1369/1310 1117/1368/1309
f 1241/1366/1307 1245/1370/1311 1244/1369/1310
f 1244/1369/1310 1242/1371/1312 1117/1368/1309
f 1245/1370/1311 1243/1372/1313 1244/1369/1310
f 1242/1371/1312 1244/1369/1310 1243/1372/1313
f 1245/1370/1311 1256/1373/1314 1243/1372/1313
f 1257/1374/1315 1256/1373/1314 1245/1370/1311
f 1257/1374/1315 1245/1370/1311 1241/1366/1307
f 1196/1375/1316 1257/1374/1315 1241/1366/1307
f 1196/1375/1316 1241/1366/1307 1193/1365/1306
f 1195/1376/1317 1196/1375/1316 1193/1365/1306
f 1194/1364/1305 1195/1376/1317 1193/1365/1306
f 1194/1364/1305 1197/1363/1304 1333/1377/1318
f 1195/1376/1317 1194/1364/1305 1333/1377/1318
f 1197/1363/1304 1332/1362/1303 1333/1377/1318
f 1332/1362/1303 1345/1378/1319 1333/1377/1318
f 1332/1362/1303 1327/1361/1302 1345/1378/1319
f 1327/1361/1302 1325/1379/1320 1345/1378/1319
f 1324/1360/1301 1325/1379/1320 1327/1361/1302
f 1324/1360/1301 1326/1380/1321 1325/1379/1320
f 1326/1380/1321 1324/1360/1301 1328/1359/1300
f 1359/1381/1322 1326/1380/1321 1328/1359/1300
f 1329/1358/1299 1359/1381/1322 1328/1359/1300
f 1329/1358/1299 1330/1357/1298 1359/1381/1322
f 1330/1357/1298 1361/1382/1323 1359/1381/1322
f 1330/1357/1298 1318/1356/1297 1361/1382/1323
f 1318/1356/1297 1363/1383/1324 1361/1382/1323
f 1363/1383/1324 1318/1356/1297 1366/1355/1296
f 1363/1383/1324 1366/1355/1296 1365/1322/1265
f 1363/1383/1324 1365/1322/1265 1364/1303/1247
f 1364/1303/1247 1777/1384/1325 1363/1383/1324
f 1778/1302/1246 1777/1384/1325 1364/1303/1247
f 1777/1384/1325 1362/1385/1326 1363/1383/1324
f 1362/1385/1326 1361/1382/1323 1363/1383/1324
f 1361/1382/1323 1362/1385/1326 1358/1386/1327
f 1359/1381/1322 1361/1382/1323 1358/1386/1327
f 1358/1386/1327 1360/1387/1328 1359/1381/1322
f 1360/1387/1328 1326/1380/1321 1359/1381/1322
f 1326/1380/1321 1360/1387/1328 1353/1388/1329
f 1353/1388/1329 1357/1389/1330 1326/1380/1321
f 1326/1380/1321 1357/1389/1330 1325/1379/1320
f 1345/1378/1319 1325/1379/1320 1346/1390/1331
f 1325/1379/1320 1357/1389/1330 1346/1390/1331
f 1346/1390/1331 1342/1391/1332 1345/1378/1319
f 1333/1377/1318 1345/1378/1319 1343/1392/1333
f 1342/1391/1332 1343/1392/1333 1345/1378/1319
f 1343/1392/1333 1344/1393/1334 1333/1377/1318
f 1342/1391/1332 1265/1394/1335 1343/1392/1333
f 1344/1393/1334 1343/1392/1333 1265/1394/1335
f 1342/1391/1332 1264/1395/1336 1265/1394/1335
f 1346/1390/1331 1341/1396/1337 1342/1391/1332
f 1342/1391/1332 1341/1396/1337 1264/1395/1336
f 1346/1390/1331 1347/1397/1338 1341/1396/1337
f 1357/1389/1330 1347/1397/1338 1346/1390/1331
f 1347/1397/1338 1357/1389/1330 1354/1398/1339
f 1353/1388/1329 1354/1398/1339 1357/1389/1330
f 1352/1399/1340 1351/1400/1341 1353/1388/1329
f 1351/1400/1341 1354/1398/1339 1353/1388/1329
f 1352/1399/1340 1353/1388/1329 1360/1387/1328
f 1352/1399/1340 1360/1387/1328 1749/1401/1342
f 1360/1387/1328 1750/1402/1343 1749/1401/1342
f 1360/1387/1328 1358/1386/1327 1752/1403/1344
f 1750/1402/1343 1360/1387/1328 1752/1403/1344
f 1358/1386/1327 1753/1404/1345 1752/1403/1344
f 1754/1405/1346 1753/1404/1345 1358/1386/1327
f 1362/1385/1326 1754/1405/1346 1358/1386/1327
f 1777/1384/1325 1743/1406/1347 1362/1385/1326
f 1743/1406/1347 1754/1405/1346 1362/1385/1326
f 1777/1384/1325 1779/1407/1348 1743/1406/1347
f 1779/1407/1348 1777/1384/1325 1778/1302/1246
f 1778/1302/1246 1755/1301/1245 1779/1407/1348
f 1742/1408/1349 1779/1407/1348 1755/1301/1245
f 1742/1408/1349 1743/1406/1347 1779/1407/1348
f 1742/1408/1349 1744/1409/1350 1743/1406/1347
f 1743/1406/1347 1744/1409/1350 1754/1405/1346
f 1754/1405/1346 1747/1410/1350 1753/1404/1345
f 1744/1409/1350 1747/1410/1350 1754/1405/1346
f 1753/1404/1345 1748/1411/1351 1752/1403/1344
f 1747/1410/1350 1748/1411/1351 1753/1404/1345
f 1748/1411/1351 1750/1402/1343 1752/1403/1344
f 1746/1412/1352 1750/1402/1343 1748/1411/1351
f 1750/1402/1343 1746/1412/1352 1751/1413/1353
f 1749/1401/1342 1750/1402/1343 1751/1413/1353
f 1749/1401/1342 1751/1413/1353 1769/1414/1354
f 1749/1401/1342 1769/1414/1354 1770/1415/1355
f 1352/1399/1340 1749/1401/1342 1770/1415/1355
f 1771/1416/1356 1352/1399/1340 1770/1415/1355
f 1352/1399/1340 1771/1416/1356 1351/1400/1341
f 1354/1398/1339 1351/1400/1341 1775/1417/1357
f 1771/1416/1356 1772/1418/1358 1351/1400/1341
f 1351/1400/1341 1772/1418/1358 1775/1417/1357
f 1771/1416/1356 1765/1419/1359 1764/1420/1360
f 1771/1416/1356 1764/1420/1360 1772/1418/1358
f 1771/1416/1356 1770/1415/1355 1765/1419/1359
f 1769/1414/1354 1766/1421/1361 1770/1415/1355
f 1766/1421/1361 1765/1419/1359 1770/1415/1355
f 1765/1419/1359 1766/1421/1361 1697/1422/1362
f 1765/1419/1359 1697/1422/1362 1764/1420/1360
f 1764/1420/1360 1697/1422/1362 1763/1423/1363
f 1764/1420/1360 1763/1423/1363 1772/1418/1358
f 1772/1418/1358 1763/1423/1363 1773/1424/1364
f 1775/1417/1357 1772/1418/1358 1773/1424/1364
f 1763/1423/1363 1762/1425/1365 1773/1424/1364
f 1763/1423/1363 1695/1426/1366 1762/1425/1365
f 1697/1422/1362 1695/1426/1366 1763/1423/1363
f 1697/1422/1362 1696/1427/1367 1695/1426/1366
f 1766/1421/1361 1698/1428/1368 1697/1422/1362
f 1696/1427/1367 1697/1422/1362 1698/1428/1368
f 1766/1421/1361 1767/1429/1369 1698/1428/1368
f 1767/1429/1369 1766/1421/1361 1769/1414/1354
f 1767/1429/1369 1768/1430/1370 1698/1428/1368
f 1768/1430/1370 1696/1427/1367 1698/1428/1368
f 1767/1429/1369 1757/1431/1371 1768/1430/1370
f 1769/1414/1354 1757/1431/1371 1767/1429/1369
f 1769/1414/1354 1756/1432/1372 1757/1431/1371
f 1751/1413/1353 1756/1432/1372 1769/1414/1354
f 1756/1432/1372 1751/1413/1353 1746/1412/1352
f 1746/1412/1352 1631/1433/1373 1756/1432/1372
f 1748/1411/1351 1745/1434/1374 1746/1412/1352
f 1631/1433/1373 1746/1412/1352 1745/1434/1374
f 1748/1411/1351 1741/1435/1375 1745/1434/1374
f 1748/1411/1351 1747/1410/1350 1741/1435/1375
f 1741/1435/1375 1632/1436/1376 1745/1434/1374
f 1632/1436/1376 1631/1433/1373 1745/1434/1374
f 1623/1437/1377 1631/1433/1373 1632/1436/1376
f 1623/1437/1377 1630/1438/1378 1631/1433/1373
f 1631/1433/1373 1630/1438/1378 1756/1432/1372
f 1756/1432/1372 1630/1438/1378 1757/1431/1371
f 1623/1437/1377 1627/1439/1379 1630/1438/1378
f 1630/1438/1378 1627/1439/1379 1757/1431/1371
f 1627/1439/1379 1628/1440/1380 1757/1431/1371
f 1758/1441/1381 1768/1430/1370 1757/1431/1371
f 1628/1440/1380 1758/1441/1381 1757/1431/1371
f 1768/1430/1370 1761/1442/1382 1696/1427/1367
f 1768/1430/1370 1758/1441/1381 1761/1442/1382
f 1696/1427/1367 1761/1442/1382 1759/1443/1383
f 1761/1442/1382 1758/1441/1381 1759/1443/1383
f 1758/1441/1381 1628/1440/1380 1759/1443/1383
f 1629/1444/1384 1628/1440/1380 1626/1445/1385
f 1628/1440/1380 1629/1444/1384 1759/1443/1383
f 1628/1440/1380 1627/1439/1379 1626/1445/1385
f 1627/1439/1379 1623/1437/1377 1626/1445/1385
f 1615/1446/1386 1624/1447/1387 1623/1437/1377
f 1623/1437/1377 1624/1447/1387 1626/1445/1385
f 1623/1437/1377 1622/1448/1388 1615/1446/1386
f 1632/1436/1376 1622/1448/1388 1623/1437/1377
f 1633/1449/1389 1622/1448/1388 1632/1436/1376
f 1633/1449/1389 1632/1436/1376 1741/1435/1375
f 1739/1450/1390 1633/1449/1389 1741/1435/1375
f 1741/1435/1375 1747/1410/1350 1739/1450/1390
f 1747/1410/1350 1744/1409/1350 1739/1450/1390
f 1744/1409/1350 1742/1408/1349 1739/1450/1390
f 1739/1450/1390 1740/1451/1391 1633/1449/1389
f 1742/1408/1349 1740/1451/1391 1739/1450/1390
f 1740/1451/1391 1742/1408/1349 1755/1301/1245
f 1740/1451/1391 1755/1301/1245 1738/1452/1392
f 1634/1453/1393 1740/1451/1391 1738/1452/1392
f 1740/1451/1391 1634/1453/1393 1633/1449/1389
f 1634/1453/1393 1621/1454/1394 1633/1449/1389
f 1621/1454/1394 1622/1448/1388 1633/1449/1389
f 1621/1454/1394 1616/1455/1395 1622/1448/1388
f 1615/1446/1386 1622/1448/1388 1616/1455/1395
f 1615/1446/1386 1616/1455/1395 1564/1456/1396
f 1615/1446/1386 1564/1456/1396 1562/1457/1397
f 1624/1447/1387 1615/1446/1386 1562/1457/1397
f 1624/1447/1387 1562/1457/1397 1625/1458/1398
f 1673/1459/1399 1624/1447/1387 1625/1458/1398
f 1624/1447/1387 1673/1459/1399 1626/1445/1385
f 1673/1459/1399 1674/1460/1400 1626/1445/1385
f 1674/1460/1400 1629/1444/1384 1626/1445/1385
f 1674/1460/1400 1690/1461/1401 1629/1444/1384
f 1629/1444/1384 1690/1461/1401 1760/1462/1402
f 1759/1443/1383 1629/1444/1384 1760/1462/1402
f 1694/1463/1403 1759/1443/1383 1760/1462/1402
f 1694/1463/1403 1696/1427/1367 1759/1443/1383
f 1694/1463/1403 1695/1426/1366 1696/1427/1367
f 1691/1464/1404 1693/1465/1405 1694/1463/1403
f 1695/1426/1366 1694/1463/1403 1693/1465/1405
f 1691/1464/1404 1694/1463/1403 1760/1462/1402
f 1691/1464/1404 1760/1462/1402 1690/1461/1401
f 1690/1461/1401 1689/1466/1406 1691/1464/1404
f 1674/1460/1400 1675/1467/1407 1690/1461/1401
f 1689/1466/1406 1690/1461/1401 1675/1467/1407
f 1674/1460/1400 1677/1468/1408 1675/1467/1407
f 1675/1467/1407 1677/1468/1408 1676/1469/1409
f 1689/1466/1406 1675/1467/1407 1676/1469/1409
f 1677/1468/1408 1678/1470/1410 1676/1469/1409
f 1676/1469/1409 1678/1470/1410 1685/1471/1411
f 1688/1472/1412 1676/1469/1409 1685/1471/1411
f 1688/1472/1412 1689/1466/1406 1676/1469/1409
f 1689/1466/1406 1688/1472/1412 1700/1473/1413
f 1699/1474/1414 1689/1466/1406 1700/1473/1413
f 1689/1466/1406 1699/1474/1414 1692/1475/1415
f 1691/1464/1404 1689/1466/1406 1692/1475/1415
f 1693/1465/1405 1691/1464/1404 1692/1475/1415
f 1693/1465/1405 1692/1475/1415 1720/1476/1416
f 1721/1477/1417 1693/1465/1405 1720/1476/1416
f 1695/1426/1366 1693/1465/1405 1721/1477/1417
f 1762/1425/1365 1695/1426/1366 1721/1477/1417
f 1721/1477/1417 1734/1478/1418 1762/1425/1365
f 1720/1476/1416 1734/1478/1418 1721/1477/1417
f 1734/1478/1418 1773/1424/1364 1762/1425/1365
f 1776/1479/1419 1773/1424/1364 1734/1478/1418
f 1776/1479/1419 1775/1417/1357 1773/1424/1364
f 1734/1478/1418 1733/1480/1420 1776/1479/1419
f 1720/1476/1416 1733/1480/1420 1734/1478/1418
f 1720/1476/1416 1692/1475/1415 1719/1481/1421
f 1720/1476/1416 1719/1481/1421 1733/1480/1420
f 1692/1475/1415 1718/1482/1422 1719/1481/1421
f 1692/1475/1415 1699/1474/1414 1718/1482/1422
f 1717/1483/1423 1699/1474/1414 1716/1484/1424
f 1718/1482/1422 1699/1474/1414 1717/1483/1423
f 1699/1474/1414 1700/1473/1413 1716/1484/1424
f 1716/1484/1424 1730/1485/1425 1717/1483/1423
f 1718/1482/1422 1717/1483/1423 1730/1485/1425
f 1731/1486/1426 1718/1482/1422 1730/1485/1425
f 1718/1482/1422 1731/1486/1426 1719/1481/1421
f 1731/1486/1426 1732/1487/1427 1719/1481/1421
f 1719/1481/1421 1732/1487/1427 1733/1480/1420
f 1776/1479/1419 1733/1480/1420 1774/1488/1428
f 1732/1487/1427 1774/1488/1428 1733/1480/1420
f 1774/1488/1428 1775/1417/1357 1776/1479/1419
f 1355/1489/1429 1775/1417/1357 1774/1488/1428
f 1355/1489/1429 1354/1398/1339 1775/1417/1357
f 1348/1490/1430 1354/1398/1339 1355/1489/1429
f 1347/1397/1338 1354/1398/1339 1348/1490/1430
f 1340/1491/1431 1347/1397/1338 1348/1490/1430
f 1340/1491/1431 1341/1396/1337 1347/1397/1338
f 1264/1395/1336 1341/1396/1337 1340/1491/1431
f 1264/1395/1336 1340/1491/1431 1339/1492/1432
f 1339/1492/1432 1340/1491/1431 1348/1490/1430
f 1339/1492/1432 1348/1490/1430 1349/1493/1433
f 1348/1490/1430 1355/1489/1429 1349/1493/1433
f 1355/1489/1429 1350/1494/1434 1356/1495/1435
f 1355/1489/1429 1356/1495/1435 1349/1493/1433
f 1355/1489/1429 1774/1488/1428 1350/1494/1434
f 1774/1488/1428 1293/1496/1436 1350/1494/1434
f 1774/1488/1428 1732/1487/1427 1293/1496/1436
f 1293/1496/1436 1732/1487/1427 1731/1486/1426
f 1291/1497/1437 1293/1496/1436 1731/1486/1426
f 1730/1485/1425 1291/1497/1437 1731/1486/1426
f 1291/1497/1437 1292/1498/1438 1293/1496/1436
f 1293/1496/1436 1292/1498/1438 1350/1494/1434
f 1305/1499/1439 1350/1494/1434 1292/1498/1438
f 1350/1494/1434 1305/1499/1439 1308/1500/1440
f 1308/1500/1440 1356/1495/1435 1350/1494/1434
f 1356/1495/1435 1308/1500/1440 1309/1501/1441
f 1349/1493/1433 1356/1495/1435 1309/1501/1441
f 1338/1502/1442 1349/1493/1433 1309/1501/1441
f 1338/1502/1442 1339/1492/1432 1349/1493/1433
f 1262/1503/1443 1339/1492/1432 1338/1502/1442
f 1262/1503/1443 1264/1395/1336 1339/1492/1432
f 1338/1502/1442 1289/1504/1444 1262/1503/1443
f 1309/1501/1441 1289/1504/1444 1338/1502/1442
f 1308/1500/1440 1288/1505/1445 1309/1501/1441
f 1309/1501/1441 1288/1505/1445 1289/1504/1444
f 1308/1500/1440 1305/1499/1439 1287/1506/1446
f 1287/1506/1446 1288/1505/1445 1308/1500/1440
f 1305/1499/1439 1304/1507/1447 1287/1506/1446
f 1305/1499/1439 1292/1498/1438 1304/1507/1447
f 1290/1508/1448 1292/1498/1438 1291/1497/1437
f 1292/1498/1438 1290/1508/1448 1304/1507/1447
f 1291/1497/1437 1722/1509/1449 1290/1508/1448
f 1722/1509/1449 1291/1497/1437 1730/1485/1425
f 1729/1510/1450 1722/1509/1449 1730/1485/1425
f 1729/1510/1450 1730/1485/1425 1716/1484/1424
f 1729/1510/1450 1716/1484/1424 1715/1511/1451
f 1716/1484/1424 1700/1473/1413 1715/1511/1451
f 1715/1511/1451 1723/1512/1452 1729/1510/1450
f 1723/1512/1452 1722/1509/1449 1729/1510/1450
f 1722/1509/1449 1723/1512/1452 1300/1513/1453
f 1722/1509/1449 1300/1513/1453 1290/1508/1448
f 1290/1508/1448 1300/1513/1453 1303/1514/1454
f 1290/1508/1448 1303/1514/1454 1304/1507/1447
f 1286/1515/1455 1304/1507/1447 1303/1514/1454
f 1304/1507/1447 1286/1515/1455 1287/1506/1446
f 1259/1516/1456 1287/1506/1446 1286/1515/1455
f 1259/1516/1456 1288/1505/1445 1287/1506/1446
f 1259/1516/1456 1260/1517/1457 1288/1505/1445
f 1260/1517/1457 1289/1504/1444 1288/1505/1445
f 1260/1517/1457 1262/1503/1443 1289/1504/1444
f 1259/1516/1456 1258/1518/1458 1260/1517/1457
f 1260/1517/1457 1261/1519/1459 1262/1503/1443
f 1260/1517/1457 1258/1518/1458 1261/1519/1459
f 1262/1503/1443 1261/1519/1459 1263/1520/1460
f 1263/1520/1460 1264/1395/1336 1262/1503/1443
f 1264/1395/1336 1263/1520/1460 1265/1394/1335
f 1263/1520/1460 1344/1393/1334 1265/1394/1335
f 1335/1521/1461 1337/1522/1462 1263/1520/1460
f 1344/1393/1334 1263/1520/1460 1337/1522/1462
f 1263/1520/1460 1261/1519/1459 1335/1521/1461
f 1335/1521/1461 1261/1519/1459 1336/1523/1463
f 1261/1519/1459 1258/1518/1458 1336/1523/1463
f 1256/1373/1314 1257/1374/1315 1258/1518/1458
f 1336/1523/1463 1258/1518/1458 1257/1374/1315
f 1256/1373/1314 1258/1518/1458 1259/1516/1456
f 1266/1524/1464 1256/1373/1314 1259/1516/1456
f 1266/1524/1464 1259/1516/1456 1286/1515/1455
f 1266/1524/1464 1286/1515/1455 1285/1525/1465
f 1285/1525/1465 1286/1515/1455 1303/1514/1454
f 1285/1525/1465 1284/1526/1466 1266/1524/1464
f 1285/1525/1465 1303/1514/1454 1284/1526/1466
f 1300/1513/1453 1301/1527/1467 1303/1514/1454
f 1303/1514/1454 1301/1527/1467 1284/1526/1466
f 1300/1513/1453 1302/1528/1468 1301/1527/1467
f 1723/1512/1452 1302/1528/1468 1300/1513/1453
f 1301/1527/1467 1283/1529/1469 1284/1526/1466
f 1301/1527/1467 1302/1528/1468 1283/1529/1469
f 1283/1529/1469 1267/1530/1470 1284/1526/1466
f 1267/1530/1470 1266/1524/1464 1284/1526/1466
f 1256/1373/1314 1266/1524/1464 1267/1530/1470
f 1254/1531/1471 1256/1373/1314 1267/1530/1470
f 1256/1373/1314 1254/1531/1471 1243/1372/1313
f 1242/1371/1312 1243/1372/1313 1253/1532/1472
f 1243/1372/1313 1254/1531/1471 1253/1532/1472
f 1254/1531/1471 1255/1533/1473 1253/1532/1472
f 1255/1533/1473 1254/1531/1471 1268/1534/1118
f 1268/1534/1118 1254/1531/1471 1267/1530/1470
f 1268/1534/1118 1267/1530/1470 1282/1535/1474
f 1267/1530/1470 1283/1529/1469 1282/1535/1474
f 1283/1529/1469 1302/1528/1468 1282/1535/1474
f 1302/1528/1468 1307/1536/1475 1282/1535/1474
f 1724/1537/1476 1307/1536/1475 1302/1528/1468
f 1723/1512/1452 1724/1537/1476 1302/1528/1468
f 1724/1537/1476 1723/1512/1452 1714/1538/1477
f 1723/1512/1452 1715/1511/1451 1714/1538/1477
f 1715/1511/1451 1700/1473/1413 1714/1538/1477
f 1688/1472/1412 1701/1539/1150 1700/1473/1413
f 1700/1473/1413 1701/1539/1150 1714/1538/1477
f 1714/1538/1477 1701/1539/1150 1713/1540/1478
f 1714/1538/1477 1713/1540/1478 1725/1541/1479
f 1724/1537/1476 1714/1538/1477 1725/1541/1479
f 1724/1537/1476 1725/1541/1479 1307/1536/1475
f 1282/1535/1474 1307/1536/1475 1306/1542/1480
f 1725/1541/1479 1306/1542/1480 1307/1536/1475
f 1282/1535/1474 1281/1543/1481 1268/1534/1118
f 1281/1543/1481 1282/1535/1474 1306/1542/1480
f 1281/1543/1481 1269/1544/1482 1268/1534/1118
f 1255/1533/1473 1268/1534/1118 1269/1544/1482
f 1255/1533/1473 1269/1544/1482 1279/1545/1483
f 1279/1545/1483 1270/1546/1484 1255/1533/1473
f 1253/1532/1472 1255/1533/1473 1270/1546/1484
f 1251/1547/1485 1253/1532/1472 1270/1546/1484
f 1252/1548/1486 1253/1532/1472 1251/1547/1485
f 1252/1548/1486 1242/1371/1312 1253/1532/1472
f 1242/1371/1312 1252/1548/1486 1115/1549/1487
f 1117/1368/1309 1242/1371/1312 1115/1549/1487
f 1117/1368/1309 1115/1549/1487 1118/1550/1488
f 1117/1368/1309 1118/1550/1488 1120/1072/989
f 1115/1549/1487 1116/1551/1489 1118/1550/1488
f 1115/1549/1487 1113/1552/1490 1116/1551/1489
f 1252/1548/1486 1113/1552/1490 1115/1549/1487
f 1113/1552/1490 1114/1553/995 1116/1551/1489
f 1113/1552/1490 1111/1554/1491 1114/1553/995
f 1113/1552/1490 1252/1548/1486 1111/1554/1491
f 1250/1555/1492 1252/1548/1486 1251/1547/1485
f 1252/1548/1486 1250/1555/1492 1111/1554/1491
f 1111/1554/1491 1109/1556/1493 1112/1557/996
f 1111/1554/1491 1250/1555/1492 1109/1556/1493
f 1112/1557/996 1114/1553/995 1111/1554/1491
f 1109/1556/1493 1110/1558/999 1112/1557/996
f 1109/1556/1493 1107/1559/1494 1110/1558/999
f 1107/1559/1494 1108/1560/1495 1110/1558/999
f 1109/1556/1493 1248/1561/1496 1107/1559/1494
f 1250/1555/1492 1248/1561/1496 1109/1556/1493
f 1248/1561/1496 1250/1555/1492 1249/1562/1497
f 1250/1555/1492 1251/1547/1485 1249/1562/1497
f 1249/1562/1497 1251/1547/1485 1272/1563/1498
f 1271/1564/1499 1251/1547/1485 1270/1546/1484
f 1251/1547/1485 1271/1564/1499 1272/1563/1498
f 1270/1546/1484 1277/1565/1500 1271/1564/1499
f 1279/1545/1483 1278/1566/1501 1270/1546/1484
f 1270/1546/1484 1278/1566/1501 1277/1565/1500
f 1279/1545/1483 1269/1544/1482 1280/1567/1502
f 1280/1567/1502 1278/1566/1501 1279/1545/1483
f 1269/1544/1482 1281/1543/1481 1280/1567/1502
f 1278/1566/1501 1280/1567/1502 1297/1568/1503
f 1297/1568/1503 1277/1565/1500 1278/1566/1501
f 1280/1567/1502 1296/1569/1504 1297/1568/1503
f 1280/1567/1502 1281/1543/1481 1296/1569/1504
f 1281/1543/1481 1306/1542/1480 1296/1569/1504
f 1725/1541/1479 1726/1570/1505 1306/1542/1480
f 1726/1570/1505 1296/1569/1504 1306/1542/1480
f 1725/1541/1479 1713/1540/1478 1726/1570/1505
f 1726/1570/1505 1727/1571/1506 1296/1569/1504
f 1295/1572/1507 1297/1568/1503 1296/1569/1504
f 1727/1571/1506 1295/1572/1507 1296/1569/1504
f 1295/1572/1507 1298/1573/1508 1297/1568/1503
f 1295/1572/1507 1727/1571/1506 1298/1573/1508
f 1298/1573/1508 1294/1574/1509 1297/1568/1503
f 1277/1565/1500 1297/1568/1503 1294/1574/1509
f 1277/1565/1500 1294/1574/1509 1276/1575/1510
f 1271/1564/1499 1277/1565/1500 1276/1575/1510
f 1271/1564/1499 1276/1575/1510 1272/1563/1498
f 1276/1575/1510 1275/1576/1511 1272/1563/1498
f 1294/1574/1509 1275/1576/1511 1276/1575/1510
f 1272/1563/1498 1275/1576/1511 1274/1577/1512
f 1294/1574/1509 1274/1577/1512 1275/1576/1511
f 1272/1563/1498 1273/1578/1513 1249/1562/1497
f 1273/1578/1513 1272/1563/1498 1274/1577/1512
f 1249/1562/1497 1247/1579/1514 1248/1561/1496
f 1273/1578/1513 1247/1579/1514 1249/1562/1497
f 1247/1579/1514 1246/1580/1515 1248/1561/1496
f 1248/1561/1496 1105/1581/1516 1107/1559/1494
f 1246/1580/1515 1105/1581/1516 1248/1561/1496
f 1107/1559/1494 1105/1581/1516 1108/1560/1495
f 1105/1581/1516 1106/1582/1001 1108/1560/1495
f 1105/1581/1516 1102/1583/1517 1106/1582/1001
f 1246/1580/1515 1102/1583/1517 1105/1581/1516
f 1102/1583/1517 1246/1580/1515 1101/1584/1518
f 1101/1584/1518 1103/1585/1519 1102/1583/1517
f 1103/1585/1519 1104/1586/1002 1102/1583/1517
f 1102/1583/1517 1104/1586/1002 1106/1582/1001
f 1728/1587/1520 1727/1571/1506 1726/1570/1505
f 1298/1573/1508 1727/1571/1506 1728/1587/1520
f 1726/1570/1505 1712/1588/1521 1728/1587/1520
f 1713/1540/1478 1712/1588/1521 1726/1570/1505
f 1712/1588/1521 1713/1540/1478 1702/1589/1522
f 1713/1540/1478 1701/1539/1150 1702/1589/1522
f 1712/1588/1521 1702/1589/1522 1711/1590/1523
f 1701/1539/1150 1687/1591/1524 1702/1589/1522
f 1702/1589/1522 1687/1591/1524 1711/1590/1523
f 1701/1539/1150 1688/1472/1412 1687/1591/1524
f 1687/1591/1524 1688/1472/1412 1685/1471/1411
f 1687/1591/1524 1685/1471/1411 1703/1592/1525
f 1703/1592/1525 1711/1590/1523 1687/1591/1524
f 1711/1590/1523 1703/1592/1525 1710/1593/1526
f 1710/1593/1526 1712/1588/1521 1711/1590/1523
f 1712/1588/1521 1710/1593/1526 1728/1587/1520
f 1710/1593/1526 1703/1592/1525 1709/1594/1527
f 1709/1594/1527 1728/1587/1520 1710/1593/1526
f 1728/1587/1520 1709/1594/1527 1299/1595/1528
f 1299/1595/1528 1298/1573/1508 1728/1587/1520
f 1299/1595/1528 1294/1574/1509 1298/1573/1508
f 1274/1577/1512 1294/1574/1509 1299/1595/1528
f 1274/1577/1512 1299/1595/1528 1707/1596/1529
f 1299/1595/1528 1709/1594/1527 1708/1597/1530
f 1299/1595/1528 1708/1597/1530 1707/1596/1529
f 1709/1594/1527 1704/1598/1531 1708/1597/1530
f 1703/1592/1525 1704/1598/1531 1709/1594/1527
f 1685/1471/1411 1683/1599/1532 1703/1592/1525
f 1683/1599/1532 1704/1598/1531 1703/1592/1525
f 1704/1598/1531 1683/1599/1532 1705/1600/1533
f 1708/1597/1530 1704/1598/1531 1705/1600/1533
f 1707/1596/1529 1708/1597/1530 1705/1600/1533
f 1707/1596/1529 1705/1600/1533 1274/1577/1512
f 1705/1600/1533 1706/1601/1513 1274/1577/1512
f 1683/1599/1532 1679/1602/1534 1705/1600/1533
f 1706/1601/1513 1705/1600/1533 1679/1602/1534
f 1680/1603/1535 1706/1601/1513 1679/1602/1534
f 1679/1602/1534 1681/1604/1536 1680/1603/1535
f 1681/1604/1536 1682/1605/1515 1680/1603/1535
f 1679/1602/1534 1684/1606/1537 1681/1604/1536
f 1683/1599/1532 1684/1606/1537 1679/1602/1534
f 1685/1471/1411 1686/1607/1538 1683/1599/1532
f 1686/1607/1538 1684/1606/1537 1683/1599/1532
f 1685/1471/1411 1678/1470/1410 1686/1607/1538
f 1684/1606/1537 1686/1607/1538 1545/1608/1539
f 1684/1606/1537 1545/1608/1539 1543/1609/1540
f 1681/1604/1536 1684/1606/1537 1543/1609/1540
f 1541/1610/1541 1681/1604/1536 1543/1609/1540
f 1539/1611/1542 1681/1604/1536 1541/1610/1541
f 1539/1611/1542 1682/1605/1515 1681/1604/1536
f 1535/1612/1543 1682/1605/1515 1539/1611/1542
f 1682/1605/1515 1535/1612/1543 1537/1613/1518
f 1536/1614/1003 1537/1613/1518 1535/1612/1543
f 1534/1615/1544 1536/1614/1003 1535/1612/1543
f 1534/1615/1544 1535/1612/1543 1538/1616/1545
f 1535/1612/1543 1539/1611/1542 1538/1616/1545
f 1538/1616/1545 1539/1611/1542 1540/1617/1546
f 1539/1611/1542 1541/1610/1541 1540/1617/1546
f 1540/1617/1546 1541/1610/1541 1542/1618/1547
f 1541/1610/1541 1543/1609/1540 1542/1618/1547
f 1542/1618/1547 1543/1609/1540 1544/1619/1548
f 1543/1609/1540 1545/1608/1539 1544/1619/1548
f 1544/1619/1548 1545/1608/1539 1546/1620/1549
f 1545/1608/1539 1547/1621/1550 1546/1620/1549
f 1686/1607/1538 1547/1621/1550 1545/1608/1539
f 1547/1621/1550 1686/1607/1538 1549/1622/1551
f 1686/1607/1538 1678/1470/1410 1549/1622/1551
f 1547/1621/1550 1549/1622/1551 1548/1623/1552
f 1546/1620/1549 1547/1621/1550 1548/1623/1552
f 1549/1622/1551 1550/1624/1553 1548/1623/1552
f 1549/1622/1551 1551/1625/1554 1550/1624/1553
f 1678/1470/1410 1551/1625/1554 1549/1622/1551
f 1678/1470/1410 1677/1468/1408 1551/1625/1554
f 1677/1468/1408 1674/1460/1400 1553/1626/1555
f 1677/1468/1408 1553/1626/1555 1551/1625/1554
f 1550/1624/1553 1551/1625/1554 1552/1627/1556
f 1551/1625/1554 1553/1626/1555 1552/1627/1556
f 1552/1627/1556 1553/1626/1555 1555/1628/1557
f 1674/1460/1400 1555/1628/1557 1553/1626/1555
f 1674/1460/1400 1673/1459/1399 1555/1628/1557
f 1557/1629/1389 1673/1459/1399 1625/1458/1398
f 1673/1459/1399 1557/1629/1389 1555/1628/1557
f 1554/1630/1558 1552/1627/1556 1555/1628/1557
f 1554/1630/1558 1555/1628/1557 1557/1629/1389
f 1556/1631/1559 1554/1630/1558 1557/1629/1389
f 1556/1631/1559 1557/1629/1389 1558/1632/1560
f 1557/1629/1389 1559/1633/1561 1558/1632/1560
f 1559/1633/1561 1557/1629/1389 1625/1458/1398
f 1562/1457/1397 1559/1633/1561 1625/1458/1398
f 1559/1633/1561 1562/1457/1397 1561/1634/1562
f 1560/1635/1563 1559/1633/1561 1561/1634/1562
f 1562/1457/1397 1563/1636/1564 1561/1634/1562
f 1562/1457/1397 1564/1456/1396 1563/1636/1564
f 1563/1636/1564 1564/1456/1396 1566/1637/1565
f 1616/1455/1395 1566/1637/1565 1564/1456/1396
f 1566/1637/1565 1565/1638/1566 1563/1636/1564
f 1566/1637/1565 1567/1639/1567 1565/1638/1566
f 1616/1455/1395 1567/1639/1567 1566/1637/1565
f 1567/1639/1567 1568/1640/1568 1565/1638/1566
f 1567/1639/1567 1569/1641/1569 1568/1640/1568
f 1569/1641/1569 1570/1642/1570 1568/1640/1568
f 1567/1639/1567 1617/1643/1571 1569/1641/1569
f 1616/1455/1395 1617/1643/1571 1567/1639/1567
f 1616/1455/1395 1621/1454/1394 1617/1643/1571
f 1620/1644/1572 1617/1643/1571 1621/1454/1394
f 1636/1645/1573 1620/1644/1572 1621/1454/1394
f 1635/1646/1574 1636/1645/1573 1621/1454/1394
f 1635/1646/1574 1621/1454/1394 1634/1453/1393
f 1635/1646/1574 1634/1453/1393 1737/1647/1575
f 1634/1453/1393 1738/1452/1392 1737/1647/1575
f 1738/1452/1392 1755/1301/1245 1737/1647/1575
f 1737/1647/1575 1755/1301/1245 1780/1300/1244
f 1780/1300/1244 1790/1648/1576 1737/1647/1575
f 1736/1649/1577 1635/1646/1574 1737/1647/1575
f 1736/1649/1577 1737/1647/1575 1790/1648/1576
f 1736/1649/1577 1636/1645/1573 1635/1646/1574
f 1636/1645/1573 1736/1649/1577 1735/1650/1578
f 1735/1650/1578 1795/1651/1579 1636/1645/1573
f 1636/1645/1573 1644/1652/1580 1620/1644/1572
f 1795/1651/1579 1644/1652/1580 1636/1645/1573
f 1620/1644/1572 1619/1653/1581 1617/1643/1571
f 1619/1653/1581 1620/1644/1572 1644/1652/1580
f 1619/1653/1581 1644/1652/1580 1643/1654/1582
f 1644/1652/1580 1795/1651/1579 1643/1654/1582
f 1643/1654/1582 1795/1651/1579 1661/1655/1583
f 1795/1651/1579 1735/1650/1578 1793/1656/1584
f 1795/1651/1579 1793/1656/1584 1661/1655/1583
f 1735/1650/1578 1736/1649/1577 1793/1656/1584
f 1793/1656/1584 1791/1657/1585 1661/1655/1583
f 1736/1649/1577 1791/1657/1585 1793/1656/1584
f 1736/1649/1577 1792/1658/1586 1791/1657/1585
f 1792/1658/1586 1736/1649/1577 1790/1648/1576
f 1790/1648/1576 1672/1659/1587 1792/1658/1586
f 1790/1648/1576 1780/1300/1244 1672/1659/1587
f 1672/1659/1587 1780/1300/1244 1670/1294/1238
f 1670/1294/1238 1666/1271/1215 1672/1659/1587
f 1666/1271/1215 1794/1660/1588 1672/1659/1587
f 1792/1658/1586 1672/1659/1587 1794/1660/1588
f 1791/1657/1585 1792/1658/1586 1794/1660/1588
f 1791/1657/1585 1794/1660/1588 1662/1265/1209
f 1791/1657/1585 1662/1265/1209 1661/1655/1583
f 1794/1660/1588 1666/1271/1215 1662/1265/1209
f 1662/1265/1209 1660/1255/1200 1661/1655/1583
f 1660/1255/1200 1643/1654/1582 1661/1655/1583
f 1660/1255/1200 1641/1661/1589 1643/1654/1582
f 1641/1661/1589 1637/1662/1590 1643/1654/1582
f 1637/1662/1590 1619/1653/1581 1643/1654/1582
f 1618/1663/1591 1619/1653/1581 1637/1662/1590
f 1618/1663/1591 1617/1643/1571 1619/1653/1581
f 1618/1663/1591 1571/1664/1592 1617/1643/1571
f 1617/1643/1571 1571/1664/1592 1569/1641/1569
f 1569/1641/1569 1571/1664/1592 1570/1642/1570
f 1571/1664/1592 1572/1665/1593 1570/1642/1570
f 1571/1664/1592 1573/1666/1594 1572/1665/1593
f 1571/1664/1592 1618/1663/1591 1573/1666/1594
f 1573/1666/1594 1574/1667/1595 1572/1665/1593
f 1618/1663/1591 1575/1668/1596 1573/1666/1594
f 1573/1666/1594 1575/1668/1596 1574/1667/1595
f 1618/1663/1591 1637/1662/1590 1613/1669/1597
f 1618/1663/1591 1613/1669/1597 1575/1668/1596
f 1575/1668/1596 1576/1670/1598 1574/1667/1595
f 1613/1669/1597 1614/1671/1598 1575/1668/1596
f 1612/1672/1599 1614/1671/1598 1613/1669/1597
f 1612/1672/1599 1613/1669/1597 1610/1673/1600
f 1613/1669/1597 1637/1662/1590 1610/1673/1600
f 1610/1673/1600 1611/1674/1601 1612/1672/1599
f 1608/1675/1602 1611/1674/1601 1610/1673/1600
f 1609/1676/1603 1608/1675/1602 1610/1673/1600
f 1637/1662/1590 1609/1676/1603 1610/1673/1600
f 1638/1241/1186 1609/1676/1603 1637/1662/1590
f 1639/1244/1189 1638/1241/1186 1637/1662/1590
f 1641/1661/1589 1639/1244/1189 1637/1662/1590
f 1660/1255/1200 1832/1253/1198 1641/1661/1589
f 1641/1661/1589 1832/1253/1198 1639/1244/1189
f 1608/1675/1602 1609/1676/1603 1606/1677/1604
f 1609/1676/1603 1638/1241/1186 1606/1677/1604
f 1606/1677/1604 1607/1678/1605 1608/1675/1602
f 1638/1241/1186 1655/1240/1185 1606/1677/1604
f 1606/1677/1604 1605/1679/1606 1607/1678/1605
f 1655/1240/1185 1604/1680/1607 1606/1677/1604
f 1604/1680/1607 1605/1679/1606 1606/1677/1604
f 1602/1681/1608 1605/1679/1606 1604/1680/1607
f 1603/1682/1609 1602/1681/1608 1604/1680/1607
f 1656/1683/1610 1603/1682/1609 1604/1680/1607
f 1604/1680/1607 1655/1240/1185 1656/1683/1610
f 1592/1239/1184 1656/1683/1610 1655/1240/1185
f 1591/1238/1183 1593/1684/1611 1592/1239/1184
f 1656/1683/1610 1592/1239/1184 1594/1685/1612
f 1593/1684/1611 1594/1685/1612 1592/1239/1184
f 1594/1685/1612 1593/1684/1611 1595/1686/1613
f 1595/1686/1613 1656/1683/1610 1594/1685/1612
f 1593/1684/1611 1596/1687/1614 1595/1686/1613
f 1656/1683/1610 1595/1686/1613 1598/1688/1615
f 1598/1688/1615 1595/1686/1613 1596/1687/1614
f 1598/1688/1615 1601/1689/1616 1656/1683/1610
f 1656/1683/1610 1601/1689/1616 1603/1682/1609
f 1602/1681/1608 1603/1682/1609 1601/1689/1616
f 1600/1690/1617 1602/1681/1608 1601/1689/1616
f 1600/1690/1617 1601/1689/1616 1598/1688/1615
f 1599/1691/1618 1600/1690/1617 1598/1688/1615
f 1597/1692/1618 1598/1688/1615 1596/1687/1614
f 1257/1374/1315 1196/1375/1316 1336/1523/1463
f 1196/1375/1316 1335/1521/1461 1336/1523/1463
f 1196/1375/1316 1195/1376/1317 1335/1521/1461
f 1334/1693/1619 1195/1376/1317 1333/1377/1318
f 1195/1376/1317 1334/1693/1619 1335/1521/1461
f 1334/1693/1619 1337/1522/1462 1335/1521/1461
f 1334/1693/1619 1344/1393/1334 1337/1522/1462
f 1344/1393/1334 1334/1693/1619 1333/1377/1318
f 1437/1694/957 1432/1695/1620 1438/1696/1621
f 1438/1696/1621 1432/1695/1620 1439/1697/1622
f 1439/1697/1622 1432/1695/1620 1440/1698/1623
f 1432/1695/1620 1436/1699/1180 1440/1698/1623
f 1436/1699/1180 1432/1695/1620 1433/1700/1624
f 1431/1701/963 1433/1700/1624 1432/1695/1620
f 1433/1700/1624 1431/1701/963 1434/1702/1625
f 1431/1701/963 1435/1703/1626 1434/1702/1625
f 1441/1704/1627 1434/1702/1625 1435/1703/1626
f 1441/1704/1627 1442/1705/1628 1434/1702/1625
f 1442/1705/1628 1441/1704/1627 1443/1706/1605
f 1443/1706/1605 1441/1704/1627 1451/1707/1629
f 1443/1706/1605 1445/1708/1630 1442/1705/1628
f 1444/1709/1611 1442/1705/1628 1445/1708/1630
f 1444/1709/1611 1445/1708/1630 1447/1710/1631
f 1446/1711/1632 1444/1709/1611 1447/1710/1631
f 1449/1712/1617 1446/1711/1632 1447/1710/1631
f 1446/1711/1632 1449/1712/1617 1448/1713/1618
f 1450/1714/1633 1443/1706/1605 1451/1707/1629
f 1450/1714/1633 1451/1707/1629 1453/1715/1634
f 1452/1716/1601 1450/1714/1633 1453/1715/1634
f 1452/1716/1601 1453/1715/1634 1454/1717/1599
f 1453/1715/1634 1455/1718/1635 1454/1717/1599
f 1456/1719/1598 1454/1717/1599 1455/1718/1635
f 1457/1720/1636 1456/1719/1598 1455/1718/1635
f 1457/1720/1636 1455/1718/1635 1458/1721/1593
f 1459/1722/1637 1458/1721/1593 1455/1718/1635
f 1460/1723/1638 1459/1722/1637 1455/1718/1635
f 1461/1724/1639 1459/1722/1637 1460/1723/1638
f 1462/1725/1566 1461/1724/1639 1460/1723/1638
f 1460/1723/1638 1467/1726/1564 1462/1725/1566
f 1460/1723/1638 1463/1727/1562 1467/1726/1564
f 1466/1728/1640 1463/1727/1562 1460/1723/1638
f 1465/1729/1559 1463/1727/1562 1466/1728/1640
f 1463/1727/1562 1465/1729/1559 1464/1730/1560
f 1466/1728/1640 1468/1731/1558 1465/1729/1559
f 1468/1731/1558 1466/1728/1640 1469/1732/1556
f 1466/1728/1640 1470/1733/1641 1469/1732/1556
f 1471/1734/1642 1469/1732/1556 1470/1733/1641
f 1469/1732/1556 1471/1734/1642 1476/1735/1643
f 1476/1735/1643 1471/1734/1642 1474/1736/1644
f 1475/1737/1645 1476/1735/1643 1474/1736/1644
f 1472/1738/1646 1475/1737/1645 1474/1736/1644
f 1472/1738/1646 1474/1736/1644 1473/1739/1647
f 1477/1740/997 1474/1736/1644 1478/1741/998
f 1477/1740/997 1473/1739/1647 1474/1736/1644
f 1473/1739/1647 1477/1740/997 1479/1742/1648
f 1477/1740/997 1480/1743/1546 1479/1742/1648
f 1477/1740/997 1481/1744/1545 1480/1743/1546
f 1477/1740/997 1482/1745/1544 1481/1744/1545
f 1477/1740/997 1483/1746/1003 1482/1745/1544
f 1484/1747/998 1486/1748/1644 1485/1749/1649
f 1486/1748/1644 1487/1750/1650 1485/1749/1649
f 1486/1748/1644 1488/1751/1651 1487/1750/1650
f 1488/1751/1651 1489/1752/1652 1487/1750/1650
f 1488/1751/1651 1490/1753/1653 1489/1752/1652
f 1490/1753/1653 1491/1754/1654 1489/1752/1652
f 1490/1753/1653 1492/1755/1640 1491/1754/1654
f 1492/1755/1640 1493/1756/1655 1491/1754/1654
f 1492/1755/1640 1494/1757/1638 1493/1756/1655
f 1494/1757/1638 1495/1758/1656 1493/1756/1655
f 1495/1758/1656 1494/1757/1638 1496/1759/1657
f 1494/1757/1638 1497/1760/1635 1496/1759/1657
f 1496/1759/1657 1497/1760/1635 1498/1761/1658
f 1497/1760/1635 1499/1762/1634 1498/1761/1658
f 1498/1761/1658 1499/1762/1634 1500/1763/1659
f 1499/1762/1634 1501/1764/1629 1500/1763/1659
f 1500/1763/1659 1501/1764/1629 1502/1765/1660
f 1501/1764/1629 1503/1766/1627 1502/1765/1660
f 1502/1765/1660 1503/1766/1627 1504/1767/1661
f 1503/1766/1627 1505/1768/1662 1504/1767/1661
f 1507/1769/1663 1504/1767/1661 1505/1768/1662
f 1506/1770/963 1507/1769/1663 1505/1768/1662
f 1579/1230/1176 1580/1231/1142 1578/1771/957
f 1577/1772/1664 1579/1230/1176 1578/1771/957
f 1579/1230/1176 1577/1772/1664 1581/1232/1177
f 1577/1772/1664 1582/1233/1178 1581/1232/1177
f 1061/1773/1013 1063/1774/1011 1062/1775/1665
f 1065/1776/1666 1062/1775/1665 1063/1774/1011
f 1062/1775/1665 1064/1777/1667 1061/1773/1013
f 1068/1778/1668 1061/1773/1013 1064/1777/1667
f 1068/1778/1668 1064/1777/1667 1069/1779/1669
f 1071/1780/1015 1068/1778/1668 1069/1779/1669
f 1064/1777/1667 1091/1781/1670 1069/1779/1669
f 1064/1777/1667 1062/1775/1665 1091/1781/1670
f 1065/1776/1666 1066/1782/1671 1062/1775/1665
f 1062/1775/1665 1092/1783/1672 1091/1781/1670
f 1092/1783/1672 1062/1775/1665 1066/1782/1671
f 1092/1783/1672 1093/1784/1673 1091/1781/1670
f 1069/1779/1669 1091/1781/1670 1088/1785/1674
f 1088/1785/1674 1091/1781/1670 1093/1784/1673
f 1088/1785/1674 1070/1786/1675 1069/1779/1669
f 1070/1786/1675 1071/1780/1015 1069/1779/1669
f 1070/1786/1675 1072/1787/1676 1071/1780/1015
f 1074/1788/1677 1071/1780/1015 1072/1787/1676
f 1070/1786/1675 1094/1789/1678 1072/1787/1676
f 1088/1785/1674 1087/1790/1679 1070/1786/1675
f 1070/1786/1675 1087/1790/1679 1094/1789/1678
f 1088/1785/1674 1089/1791/1680 1087/1790/1679
f 1093/1784/1673 1089/1791/1680 1088/1785/1674
f 1530/1792/1681 1528/1793/1682 1093/1784/1673
f 1089/1791/1680 1093/1784/1673 1528/1793/1682
f 1093/1784/1673 1092/1783/1672 1530/1792/1681
f 1092/1783/1672 1509/1794/1683 1530/1792/1681
f 1509/1794/1683 1092/1783/1672 1066/1782/1671
f 1066/1782/1671 1512/1795/1650 1509/1794/1683
f 1066/1782/1671 1065/1776/1666 1067/1796/1684
f 1512/1795/1650 1066/1782/1671 1067/1796/1684
f 1508/1797/1652 1509/1794/1683 1512/1795/1650
f 1508/1797/1652 1510/1798/1654 1509/1794/1683
f 1511/1799/1685 1509/1794/1683 1510/1798/1654
f 1509/1794/1683 1511/1799/1685 1530/1792/1681
f 1530/1792/1681 1514/1800/1686 1528/1793/1682
f 1514/1800/1686 1530/1792/1681 1511/1799/1685
f 1511/1799/1685 1513/1801/1655 1514/1800/1686
f 1510/1798/1654 1513/1801/1655 1511/1799/1685
f 1513/1801/1655 1515/1802/1656 1514/1800/1686
f 1515/1802/1656 1516/1803/1687 1514/1800/1686
f 1514/1800/1686 1516/1803/1687 1528/1793/1682
f 1516/1803/1687 1529/1804/1688 1528/1793/1682
f 1089/1791/1680 1528/1793/1682 1529/1804/1688
f 1090/1805/1689 1089/1791/1680 1529/1804/1688
f 1089/1791/1680 1090/1805/1689 1087/1790/1679
f 1087/1790/1679 1095/1806/1690 1094/1789/1678
f 1095/1806/1690 1087/1790/1679 1090/1805/1689
f 1529/1804/1688 1095/1806/1690 1090/1805/1689
f 1529/1804/1688 1516/1803/1687 1531/1807/1691
f 1095/1806/1690 1529/1804/1688 1531/1807/1691
f 1516/1803/1687 1517/1808/1692 1531/1807/1691
f 1517/1808/1692 1516/1803/1687 1515/1802/1656
f 1515/1802/1656 1518/1809/1657 1517/1808/1692
f 1518/1809/1657 1519/1810/1693 1517/1808/1692
f 1518/1809/1657 1521/1811/1658 1520/1812/1694
f 1519/1810/1693 1518/1809/1657 1520/1812/1694
f 1521/1811/1658 1522/1813/1695 1520/1812/1694
f 1522/1813/1695 1524/1814/1660 1523/1815/1696
f 1522/1813/1695 1523/1815/1696 1520/1812/1694
f 1532/1816/1697 1519/1810/1693 1520/1812/1694
f 1523/1815/1696 1532/1816/1697 1520/1812/1694
f 1519/1810/1693 1527/1817/1698 1517/1808/1692
f 1532/1816/1697 1533/1818/1699 1519/1810/1693
f 1519/1810/1693 1533/1818/1699 1527/1817/1698
f 1532/1816/1697 1100/1819/1689 1533/1818/1699
f 1100/1819/1689 1527/1817/1698 1533/1818/1699
f 1532/1816/1697 1098/1820/1700 1100/1819/1689
f 1532/1816/1697 1523/1815/1696 1098/1820/1700
f 1525/1821/1661 1082/1822/1701 1523/1815/1696
f 1082/1822/1701 1098/1820/1700 1523/1815/1696
f 1525/1821/1661 1523/1815/1696 1524/1814/1660
f 1081/1823/1023 1082/1822/1701 1525/1821/1661
f 1080/1824/1022 1082/1822/1701 1081/1823/1023
f 1082/1822/1701 1080/1824/1022 1078/1825/1702
f 1098/1820/1700 1082/1822/1701 1078/1825/1702
f 1078/1825/1702 1097/1826/1703 1098/1820/1700
f 1100/1819/1689 1098/1820/1700 1097/1826/1703
f 1097/1826/1703 1099/1827/1704 1100/1819/1689
f 1083/1828/1705 1100/1819/1689 1099/1827/1704
f 1100/1819/1689 1083/1828/1705 1086/1829/1706
f 1527/1817/1698 1100/1819/1689 1086/1829/1706
f 1083/1828/1705 1085/1830/1707 1086/1829/1706
f 1086/1829/1706 1085/1830/1707 1527/1817/1698
f 1527/1817/1698 1526/1831/1708 1517/1808/1692
f 1085/1830/1707 1526/1831/1708 1527/1817/1698
f 1526/1831/1708 1531/1807/1691 1517/1808/1692
f 1531/1807/1691 1526/1831/1708 1096/1832/1709
f 1085/1830/1707 1096/1832/1709 1526/1831/1708
f 1096/1832/1709 1095/1806/1690 1531/1807/1691
f 1095/1806/1690 1096/1832/1709 1094/1789/1678
f 1084/1833/1710 1094/1789/1678 1096/1832/1709
f 1096/1832/1709 1085/1830/1707 1084/1833/1710
f 1084/1833/1710 1085/1830/1707 1083/1828/1705
f 1072/1787/1676 1084/1833/1710 1083/1828/1705
f 1072/1787/1676 1094/1789/1678 1084/1833/1710
f 1083/1828/1705 1073/1834/1711 1072/1787/1676
f 1099/1827/1704 1073/1834/1711 1083/1828/1705
f 1097/1826/1703 1073/1834/1711 1099/1827/1704
f 1073/1834/1711 1097/1826/1703 1076/1835/1712
f 1097/1826/1703 1078/1825/1702 1076/1835/1712
f 1076/1835/1712 1074/1788/1677 1073/1834/1711
f 1073/1834/1711 1074/1788/1677 1072/1787/1676
f 1076/1835/1712 1075/1836/1017 1074/1788/1677
f 1076/1835/1712 1079/1837/1018 1075/1836/1017
f 1078/1825/1702 1079/1837/1018 1076/1835/1712
f 1077/1838/1020 1079/1837/1018 1078/1825/1702
f 1078/1825/1702 1080/1824/1022 1077/1838/1020
o Shield
v 4.767889 -4.256421 -12.940882
v 5.862797 -4.226319 -12.763151
v 4.799899 -3.897621 -13.060614
v -14.339764 -12.423019 -12.558273
v -13.289940 -12.198256 -12.473633
v -14.408779 -12.699451 -12.426462
v -14.300379 -12.539677 -12.781561
v -14.368908 -12.818470 -12.648884
v -13.250559 -12.314909 -12.696917
v -20.153307 -18.436213 -9.873970
v -19.073467 -19.902473 -8.287615
v -21.158272 -19.434427 -9.277082
v -22.033928 -20.591480 -8.832364
v -19.026241 -20.073011 -8.471014
v -21.112013 -19.599463 -9.464652
v -20.416645 -18.442633 -10.103420
v -21.437902 -19.446497 -9.512764
v -21.437902 -19.446497 -9.512764
v -22.373486 -20.440285 -8.889747
v 2.137151 -12.646133 -8.694632
v -1.792281 -13.570389 -9.012974
v 1.818453 -10.835323 -10.039482
v 2.189987 -12.801464 -8.889811
v 1.867555 -10.969405 -10.250507
v -1.740996 -13.726089 -9.208284
v -18.851000 -21.482872 -6.696945
v -22.914904 -21.412285 -7.947479
v -23.264482 -22.658186 -7.185114
v -18.802454 -21.661276 -6.873704
v -22.868633 -21.587132 -8.126879
v -18.160887 -17.269430 -10.308264
v -16.214037 -19.107533 -8.224304
v -16.505547 -17.130621 -10.339455
v -18.114731 -17.423082 -10.507278
v -16.165140 -19.278488 -8.406748
v -18.867617 -17.420343 -10.365267
v -20.109190 -18.597679 -10.065792
v -18.824326 -17.576307 -10.562874
v 19.727997 -7.626867 -7.735064
v 20.692001 -8.062979 -7.148592
v 16.817715 -9.109083 -7.425313
v 19.783932 -7.771654 -7.938154
v 16.874952 -9.262516 -7.619323
v 20.750689 -8.214479 -7.345740
v -17.157650 -14.849480 -12.054623
v -13.564180 -14.184586 -11.717148
v -16.050674 -13.987433 -12.335831
v 14.858549 -1.851089 -12.045298
v 16.869101 -1.641544 -11.765530
v 16.095928 -0.673046 -12.235302
v 14.815697 -1.766570 -11.807560
v 16.053246 -0.596780 -11.995890
v 16.826010 -1.555455 -11.529434
v 17.076063 -0.658994 -11.798664
v 17.338758 -1.209014 -11.562532
v 17.383028 -1.293160 -11.798534
v 18.204634 -0.857183 -11.532751
v 17.947498 -0.903363 -11.562244
v 17.940485 -0.655462 -11.649887
v 17.119484 -0.738418 -12.038000
v 17.985697 -0.736087 -11.887447
v 17.993080 -0.985566 -11.799768
v 25.599983 -8.344049 -5.466365
v 26.430155 -8.017691 -5.490738
v 26.163073 -8.778397 -4.903678
v 25.662014 -8.506188 -5.653436
v 26.225578 -8.943686 -5.087447
v 26.491697 -8.177465 -5.678670
v 27.351158 -8.376042 -4.886160
v 27.405714 -8.836153 -4.805222
v 27.413548 -8.540539 -5.070750
v 30.365095 -9.753534 -2.563954
v 29.320808 -9.298903 -3.371154
v 30.660452 -9.635383 -2.765794
v 29.610506 -9.218698 -3.535102
v 30.802025 -9.736778 -2.610433
v 30.660452 -9.635383 -2.765794
v 30.430452 -9.927102 -2.738507
v -23.775784 -22.677254 -7.130207
v -23.717436 -22.456604 -7.332690
v -23.311226 -22.480206 -7.009022
v -23.775784 -22.677254 -7.130207
v -23.717436 -22.456604 -7.332690
v 24.402096 -9.710717 -4.610246
v 27.534325 -9.610393 -3.674957
v 24.628193 -11.190771 -3.112350
v 27.759916 -10.408009 -2.814713
v -1.446923 -15.705803 -7.096171
v 2.485108 -14.779226 -6.775990
v -1.183113 -17.427248 -5.360846
v 2.750720 -16.501099 -5.041322
v -5.381729 -16.623663 -7.407670
v -5.117667 -18.345905 -5.673131
v -9.319061 -17.533604 -7.711269
v -9.055000 -19.255856 -5.976730
v -13.257114 -18.436058 -8.007631
v -12.994856 -20.157875 -6.272429
v -15.949976 -20.829767 -6.489770
v -19.125061 -16.134323 -11.503950
v -19.008099 -15.667603 -11.784508
v -18.351667 -15.997881 -11.272932
v -18.283108 -15.513910 -11.576305
v -16.091881 -13.861332 -12.117613
v -13.607664 -14.054903 -11.501574
v -17.199820 -14.717859 -11.840569
v -16.469145 -13.801120 -12.377155
v -17.606987 -14.668970 -12.105017
v -3.598864 -9.238113 -12.089220
v -1.714795 -8.381935 -12.135376
v -2.194364 -11.216309 -10.729431
v -6.109894 -12.270288 -10.963211
v -5.508487 -9.983164 -12.092752
v -7.443236 -10.592360 -12.162294
v 5.238366 -5.764025 -11.989460
v 2.193962 -6.498600 -12.244158
v 3.543367 -5.591056 -12.375076
v 5.286831 -3.431189 -12.864422
v 5.037810 -3.284176 -13.088303
v 6.095261 -3.004626 -12.873049
v 6.051539 -2.741888 -13.098854
v 5.821381 -4.140649 -12.526110
v 4.318830 -4.811780 -12.538130
v 19.996326 -7.527440 -7.895167
v 20.961813 -7.969862 -7.308556
v 21.265852 -10.401204 -4.978525
v 21.581501 -8.358195 -6.664000
v 22.662842 -8.605762 -6.142377
v 23.649572 -8.627046 -5.824652
v 24.829802 -8.514832 -5.557081
v 27.342970 -8.669291 -4.623107
v 28.095404 -8.930047 -4.135461
v 21.508415 -11.963881 -3.402510
v 26.508606 -7.881985 -5.753083
v 27.591360 -8.322888 -5.032191
v 28.408819 -8.818819 -4.316236
v 30.802025 -9.736778 -2.610433
v 27.655037 -8.591774 -4.770534
v 25.651373 -8.238523 -5.713792
v 24.886797 -8.384291 -5.824452
v 23.848555 -8.480671 -6.059048
v 18.134056 -6.362506 -8.965962
v 18.896437 -7.051882 -8.346705
v 16.288298 -7.346765 -8.795778
v 14.991310 -3.415762 -11.134954
v 16.083410 -2.735775 -11.211803
v 16.411003 -2.015745 -11.434090
v 14.990526 -0.572009 -12.181690
v 16.165974 -0.343206 -12.192305
v 15.082172 -0.311815 -12.381514
v 22.908829 -8.492282 -6.332053
v 21.819344 -8.255564 -6.843753
v 19.191946 -6.963074 -8.485793
v 18.493818 -6.343777 -9.042492
v 16.447613 -2.746565 -11.277290
v 16.716600 -2.146151 -11.465038
v 16.253422 -3.540998 -10.837776
v 15.346369 -5.385889 -10.134701
v 16.611261 -4.483778 -10.325548
v 17.322866 -5.450095 -9.674646
v 17.535810 -1.395034 -11.597496
v 17.067635 -1.721760 -11.561543
v 18.134497 -1.111603 -11.591463
v 18.746222 -1.010984 -11.517843
v 18.207829 -0.495070 -11.793194
v 17.210867 -0.415990 -11.992384
v 7.338382 -2.407087 -12.863770
v 8.533184 -3.246051 -12.378679
v 9.235535 -1.661678 -12.789696
v 13.278147 -0.684961 -12.434393
v 12.445574 -2.244877 -12.054691
v 11.163387 -1.111548 -12.646507
v 4.760895 -3.815522 -12.822540
v 4.308250 -3.784649 -13.043549
v 4.726843 -4.172324 -12.703800
v 4.281504 -4.191840 -12.908575
v 3.855238 -4.804314 -12.759167
v 3.232635 -5.421110 -12.636740
v 1.975821 -6.228444 -12.536640
v 2.193962 -6.498600 -12.244158
v 0.156687 -7.474107 -12.197401
v 1.975821 -6.228444 -12.536640
v -0.114846 -7.341320 -12.447527
v -1.753703 -8.116621 -12.407156
v -3.641591 -8.959012 -12.374380
v -5.552280 -9.696984 -12.385347
v -22.080919 -20.422516 -8.647316
v -19.027142 -17.299696 -10.658854
v -18.547102 -17.193474 -10.624744
v -16.768780 -15.674000 -11.136698
v -16.552055 -16.974598 -10.142925
v -18.670250 -16.257278 -11.324749
v -14.823961 -12.242140 -12.888182
v -13.332218 -11.916823 -12.770966
v -14.944452 -13.050909 -12.340767
v -14.884594 -12.628630 -12.701605
v -10.033857 -13.216560 -11.244419
v -11.327383 -11.738285 -12.332125
v -9.379824 -11.192903 -12.234455
v -7.484720 -10.308197 -12.457127
v -23.232071 -21.518312 -8.117649
v -22.373486 -20.440285 -8.889747
v -18.580267 -15.443224 -11.837317
v -15.324369 -12.962384 -12.609573
v -11.369661 -11.456862 -12.629457
v -9.422356 -10.910673 -12.531000
v 1.423970 -8.711550 -11.344545
v 7.298471 -2.148323 -13.084364
v 9.191883 -1.402067 -13.007351
v 13.341425 -0.399951 -12.641558
v 16.610746 -3.509662 -10.921061
v 16.969454 -4.456383 -10.407936
v 17.681906 -5.427431 -9.753691
v 11.119602 -0.851928 -12.862545
v 8.886991 -4.941264 -11.654409
v 12.799286 -3.994673 -11.312351
v 5.345970 -7.779693 -11.017893
v 5.744854 -9.901568 -9.711660
v 1.423970 -8.711550 -11.344545
v 1.818453 -10.835323 -10.039482
v 9.263640 -6.839493 -10.682684
v 9.667182 -8.960262 -9.376068
v 13.180342 -5.891008 -10.339455
v 13.587233 -8.011833 -9.033367
v -5.725282 -14.488678 -9.325130
v -9.660810 -15.399046 -9.629396
v -13.575846 -16.295189 -9.923044
v 6.065104 -11.712015 -8.366674
v 6.414865 -13.845526 -6.448696
v 2.137151 -12.646133 -8.694632
v 2.485108 -14.779226 -6.775990
v 9.988979 -10.770340 -8.030957
v 10.340294 -12.903488 -6.112849
v 13.912138 -9.821174 -7.687997
v 14.264750 -11.953161 -5.768968
v 17.205221 -11.235347 -5.505831
v 6.680224 -15.566607 -4.713241
v 2.750720 -16.501099 -5.041322
v 10.607204 -14.624199 -4.377259
v 14.531912 -13.674664 -4.034175
v 17.473936 -12.956482 -3.770908
v 27.823727 -10.581944 -2.989391
v 27.597658 -9.781180 -3.852937
v 24.692003 -11.364701 -3.287027
v 24.463528 -9.879518 -4.790832
v 29.386066 -9.470901 -3.548970
v 2.805218 -16.677240 -5.216771
v 2.540211 -14.948713 -6.957915
v -1.128362 -17.604181 -5.537082
v -1.393370 -15.875654 -7.278231
v -5.064720 -18.522415 -5.848711
v -5.329728 -16.793888 -7.589855
v -9.003605 -19.432724 -6.152439
v -9.268358 -17.704994 -7.894375
v -12.943209 -20.335541 -6.448930
v -13.208216 -18.607025 -8.190074
v -15.901682 -21.007380 -6.665733
v -19.125061 -16.134323 -11.503950
v -18.307440 -16.140516 -11.480265
v -19.008099 -15.667603 -11.784508
v -18.240210 -15.649462 -11.787844
v -16.469145 -13.801120 -12.377155
v -17.606987 -14.668970 -12.105017
v -2.148267 -11.342884 -10.945618
v -1.670911 -8.488456 -12.362385
v -3.557358 -9.349307 -12.313974
v -6.063426 -12.398442 -11.179356
v -5.465059 -10.095563 -12.317337
v -7.400869 -10.707503 -12.386145
v 3.584820 -5.684975 -12.608835
v 2.236628 -6.598820 -12.474541
v 5.280916 -5.863458 -12.220673
v 5.326898 -3.510558 -13.103228
v 6.134841 -3.081635 -13.112715
v 5.037810 -3.284176 -13.088303
v 6.051539 -2.741888 -13.098854
v 4.360736 -4.899821 -12.774313
v 19.996326 -7.527440 -7.895167
v 20.961813 -7.969862 -7.308556
v 21.327044 -10.568430 -5.160769
v 21.639233 -8.513994 -6.857147
v 23.711370 -8.787612 -6.013371
v 22.722595 -8.764336 -6.332088
v 24.890169 -8.676553 -5.745103
v 28.160049 -9.098892 -4.314965
v 21.570675 -12.138184 -3.577317
v 26.508606 -7.881985 -5.753083
v 27.591360 -8.322888 -5.032191
v 28.408819 -8.818819 -4.316236
v 29.610506 -9.218698 -3.535102
v 27.655037 -8.591774 -4.770534
v 25.651373 -8.238523 -5.713792
v 24.886797 -8.384291 -5.824452
v 23.848555 -8.480671 -6.059048
v 16.342165 -7.480527 -9.005583
v 18.951036 -7.189585 -8.554005
v 18.186968 -6.490760 -9.179941
v 15.038261 -3.513303 -11.364986
v 16.129639 -2.829381 -11.444351
v 16.456253 -2.104619 -11.668367
v 15.031534 -0.647861 -12.422054
v 16.165974 -0.343206 -12.192305
v 15.082172 -0.311815 -12.381514
v 22.908829 -8.492282 -6.332053
v 21.819344 -8.255564 -6.843753
v 19.191946 -6.963074 -8.485793
v 18.493818 -6.343777 -9.042492
v 16.447613 -2.746565 -11.277290
v 16.716600 -2.146151 -11.465038
v 16.300982 -3.641691 -11.066120
v 16.660662 -4.593139 -10.551271
v 15.396614 -5.499966 -10.357084
v 17.373959 -5.568905 -9.893684
v 17.067635 -1.721760 -11.561543
v 17.535810 -1.395034 -11.597496
v 18.134497 -1.111603 -11.591463
v 18.249964 -0.938599 -11.769484
v 18.746222 -1.010984 -11.517843
v 17.210867 -0.415990 -11.992384
v 18.207829 -0.495070 -11.793194
v 7.377723 -2.482516 -13.105089
v 8.574231 -3.330147 -12.615759
v 9.275802 -1.734377 -13.030134
v 12.487921 -2.327812 -12.290852
v 13.318419 -0.757655 -12.674835
v 11.203659 -1.184238 -12.886946
v 4.308250 -3.784649 -13.043549
v 4.281504 -4.191840 -12.908575
v 3.855238 -4.804314 -12.759167
v 3.232635 -5.421110 -12.636740
v 1.975821 -6.228444 -12.536640
v 0.199962 -7.577475 -12.426098
v -0.114846 -7.341320 -12.447527
v -1.753703 -8.116621 -12.407156
v -3.641591 -8.959012 -12.374380
v -5.552280 -9.696984 -12.385347
v -19.027142 -17.299696 -10.658854
v -18.547102 -17.193474 -10.624744
v -20.416645 -18.442633 -10.103420
v -16.726469 -15.815428 -11.344202
v -18.670250 -16.257278 -11.324749
v -14.823961 -12.242140 -12.888182
v -13.332218 -11.916823 -12.770966
v -14.904224 -13.172289 -12.560703
v -14.884594 -12.628630 -12.701605
v -11.286449 -11.854574 -12.555279
v -9.990374 -13.346239 -11.459997
v -9.337336 -11.308824 -12.457479
v -7.484720 -10.308197 -12.457127
v -23.232071 -21.518312 -8.117649
v -18.580267 -15.443224 -11.837317
v -15.324369 -12.962384 -12.609573
v -11.369661 -11.456862 -12.629457
v -9.422356 -10.910673 -12.531000
v 1.469678 -8.827531 -11.566483
v 7.298471 -2.148323 -13.084364
v 9.191883 -1.402067 -13.007351
v 13.341425 -0.399951 -12.641558
v 16.610746 -3.509662 -10.921061
v 16.969454 -4.456383 -10.407936
v 17.681906 -5.427431 -9.753691
v 11.119602 -0.851928 -12.862545
v 8.931091 -5.040334 -11.885489
v 12.844687 -4.092582 -11.542509
v 5.793957 -10.035650 -9.922680
v 5.391677 -7.895669 -11.239832
v 9.718088 -9.094768 -9.587749
v 9.312452 -6.954731 -10.904369
v 13.639441 -8.145178 -9.244133
v 13.229151 -6.006247 -10.561134
v -5.675549 -14.644747 -9.520570
v -9.612627 -15.555479 -9.824966
v -13.529213 -16.451990 -10.118732
v 6.469969 -14.015014 -6.630626
v 6.117941 -11.867341 -8.561865
v 10.398500 -13.072238 -6.294520
v 10.044921 -10.924934 -8.225878
v 14.324509 -12.121542 -5.950515
v 13.967827 -9.974976 -7.882132
v 17.265232 -11.404520 -5.688164
v 6.738080 -15.742804 -4.889223
v 10.666612 -14.800028 -4.553118
v 14.592617 -13.849332 -4.209112
v 17.534895 -13.131942 -3.946632
v 8.686035 -22.960424 6.921813
v 7.636736 -23.293188 7.062092
v 7.736747 -23.385618 7.416503
v -11.232132 -25.853212 1.874390
v -12.278875 -26.098423 1.811229
v -12.405231 -25.994368 1.543245
v -12.350077 -26.214802 1.427374
v -12.223616 -26.320421 1.698626
v -11.176876 -26.075211 1.761796
v -18.608002 -22.991154 -5.042163
v -19.220839 -24.623793 -3.372339
v -20.434666 -24.236073 -4.231731
v -18.558523 -23.176624 -5.209872
v -21.521904 -23.989109 -5.262294
v -20.384850 -24.424688 -4.394519
v -20.675079 -24.508347 -4.193994
v -19.445316 -24.888056 -3.330856
v -20.675079 -24.508347 -4.193994
v -21.824263 -24.084747 -5.060300
v -0.688978 -20.891558 -1.320219
v 3.240453 -19.967302 -1.001866
v 3.385562 -21.234165 0.887152
v 3.445918 -21.442928 0.754605
v 3.299332 -20.162722 -1.154926
v -0.631652 -21.087345 -1.473403
v -18.851000 -21.482872 -6.696945
v -22.632235 -23.287983 -5.976586
v -22.585018 -23.469107 -6.149376
v -17.040644 -24.703009 -2.497386
v -15.706160 -22.477646 -4.683145
v -16.987614 -24.902258 -2.648483
v -15.396202 -24.491873 -2.604570
v -15.655249 -22.661961 -4.851546
v -17.745356 -24.867290 -2.540348
v -19.171984 -24.816702 -3.531127
v -17.695551 -25.066490 -2.692516
v 21.819944 -15.547663 0.715971
v 21.025589 -16.237278 1.312370
v 17.921017 -16.430246 0.267442
v 17.984297 -16.623774 0.115563
v 21.090052 -16.438665 1.168745
v 21.885387 -15.743969 0.565910
v -11.894712 -25.262630 -0.076823
v -15.455841 -26.142147 -0.188789
v -14.208361 -26.212446 0.509654
v 19.676105 -20.267952 7.806270
v 17.720169 -20.839899 7.907295
v 19.126484 -20.782871 8.895205
v 19.059992 -20.548588 8.968576
v 17.654808 -20.606016 7.988096
v 19.610983 -20.035643 7.888720
v 20.166735 -19.974566 8.155466
v 20.022741 -20.212238 8.747017
v 20.233393 -20.207287 8.075586
v 20.805922 -19.870947 8.368046
v 21.059740 -19.802755 8.374413
v 20.847126 -19.942999 8.616594
v 20.874130 -20.103302 8.288298
v 20.915319 -20.176136 8.539289
v 20.089622 -20.447317 8.671228
v 27.195704 -13.097616 -0.152974
v 26.333187 -13.209368 -0.354107
v 26.739069 -12.600531 -0.887554
v 26.804180 -12.783110 -1.053152
v 26.398893 -13.395876 -0.515570
v 27.261154 -13.283338 -0.313645
v 27.956297 -12.391559 -0.666831
v 28.021412 -12.574137 -0.832423
v 27.932426 -12.331257 -1.132720
v 30.365095 -9.753534 -2.563954
v 30.700851 -9.903452 -2.484117
v 29.527657 -10.671474 -1.928916
v 29.846972 -10.787799 -1.886358
v 30.700851 -9.903452 -2.484117
v -23.657253 -22.855951 -6.913070
v -23.657253 -22.855951 -6.913070
v 24.839603 -12.613871 -1.559741
v 24.628193 -11.190771 -3.112350
v 27.780148 -11.241598 -1.960955
v 27.759916 -10.408009 -2.814713
v -0.939046 -19.075912 -3.555012
v -1.183113 -17.427248 -5.360846
v 2.992985 -18.149340 -3.234825
v 2.750720 -16.501099 -5.041322
v -4.873852 -19.993776 -3.866506
v -5.117667 -18.345905 -5.673131
v -8.811184 -20.903717 -4.170105
v -9.055000 -19.255856 -5.976730
v -12.749237 -21.806181 -4.466471
v -12.994856 -20.157875 -6.272429
v -15.949976 -20.829767 -6.489770
v -16.722633 -25.868732 -0.695926
v -17.422987 -26.185946 -0.732308
v -16.903620 -25.606663 -1.176444
v -17.645500 -25.952221 -1.187741
v -11.950991 -25.048059 0.049538
v -14.263311 -25.995150 0.632060
v -15.510332 -25.928776 -0.060649
v -15.862411 -26.245420 0.059002
v -14.585251 -26.302055 0.758271
v 0.587296 -23.657885 3.915910
v -1.385033 -23.928400 3.346678
v -0.493268 -22.504250 1.131436
v -3.358984 -24.246584 2.894612
v -4.439954 -23.351488 0.680416
v -5.328681 -24.623882 2.581399
v 4.696028 -23.101524 5.201456
v 7.741736 -22.375597 5.465236
v 6.164851 -22.986391 5.903175
v 9.131144 -23.177168 8.373627
v 8.060669 -23.342899 7.988502
v 9.103192 -22.964300 8.099686
v 8.250216 -23.095284 7.797728
v 7.058545 -22.991671 6.564489
v 8.622463 -22.727747 7.004390
v 22.121033 -15.662085 0.774091
v 21.326141 -16.351675 1.376945
v 22.576641 -14.961636 0.274595
v 21.727171 -13.462369 -1.761994
v 23.522213 -14.308302 -0.150399
v 24.437630 -13.856335 -0.329943
v 25.568813 -13.418670 -0.404346
v 27.867550 -12.150249 -0.965479
v 28.494289 -11.576921 -1.354240
v 21.508415 -11.963881 -3.402510
v 28.220551 -12.497990 -0.645183
v 27.330662 -13.336895 -0.021304
v 28.843838 -11.705465 -1.283080
v 30.700851 -9.903452 -2.484117
v 28.205799 -12.246458 -0.930352
v 26.435284 -13.440302 -0.247989
v 25.682791 -13.666251 -0.274404
v 24.688026 -14.051137 -0.205844
v 20.384291 -16.924807 2.027320
v 19.828163 -17.604073 2.846175
v 17.856709 -17.754253 2.139943
v 19.125248 -20.026617 7.490931
v 18.669592 -19.896849 6.820288
v 17.492785 -20.014757 6.306531
v 18.050936 -20.879938 9.156979
v 18.207388 -21.049749 9.408987
v 19.235386 -20.710878 9.209135
v 23.807297 -14.454239 -0.067493
v 22.850620 -15.098770 0.346781
v 20.706930 -17.016016 2.077400
v 20.194323 -17.627787 2.814246
v 19.410587 -20.022598 7.318734
v 19.034269 -19.910782 6.758110
v 18.666044 -19.550404 5.984193
v 17.412113 -19.093519 4.268672
v 18.806494 -19.050648 4.980663
v 19.268959 -18.363747 3.894441
v 20.338551 -19.993139 7.944569
v 19.828674 -20.043150 7.689752
v 20.963778 -19.885807 8.135622
v 21.565786 -19.720716 8.141512
v 21.152971 -20.038099 8.741741
v 20.217966 -20.370159 8.974564
v 11.381419 -22.146027 7.480575
v 10.403177 -22.744101 8.505457
v 12.354588 -22.358736 8.957848
v 16.396729 -21.378870 9.309843
v 15.304113 -21.213249 7.876424
v 14.297962 -21.911587 9.209246
v 7.269031 -23.431444 7.600426
v 7.674642 -23.150225 7.493506
v 7.573182 -23.059723 7.142228
v 7.165041 -23.326084 7.196831
v 6.638789 -23.275066 6.649083
v 5.923660 -23.277906 6.126379
v 4.564253 -23.404451 5.511142
v 2.347179 -23.678537 4.718895
v 2.556871 -23.400965 4.537832
v 2.347179 -23.678537 4.718895
v 0.627170 -23.915344 4.193438
v 2.556871 -23.400965 4.537832
v -1.344831 -24.199587 3.639737
v -3.317716 -24.524849 3.195112
v -22.632235 -23.287983 -5.976586
v -21.571501 -23.802841 -5.095411
v -17.360874 -25.064920 -2.353771
v -17.840555 -25.173504 -2.385406
v -15.328787 -25.229322 -1.096388
v -15.448872 -24.294975 -2.450992
v -17.244356 -25.719055 -1.382737
v -11.189348 -26.136225 2.170148
v -12.678013 -26.481979 2.074411
v -12.992201 -26.005436 1.271276
v -12.819914 -26.329187 1.694327
v -8.372803 -24.238792 0.337252
v -9.267206 -25.408966 2.032420
v -7.298441 -25.004301 2.277950
v -5.285104 -24.904150 2.879648
v -22.932346 -23.507212 -6.027812
v -23.657253 -22.855951 -6.913070
v -23.311226 -22.480206 -7.009022
v -21.824263 -24.084747 -5.060300
v -16.964584 -26.164377 -0.572011
v -13.311460 -26.319399 1.425392
v -9.224422 -25.691984 2.328169
v -7.255791 -25.287302 2.575317
v 3.494691 -22.452206 3.093523
v 10.433521 -22.951509 8.774696
v 12.381069 -22.564510 9.229198
v 16.529783 -21.556890 9.589209
v 19.032730 -19.581171 5.966157
v 19.173218 -19.079851 4.957750
v 19.635460 -18.390604 3.867434
v 14.324192 -22.116570 9.481382
v 11.379461 -21.480516 5.724304
v 15.291756 -20.533924 6.066357
v 7.416691 -21.520344 3.420169
v 3.494691 -22.452206 3.093523
v 7.311963 -20.300409 1.214979
v 7.311963 -20.300409 1.214979
v 11.334362 -20.580145 3.755378
v 11.234292 -19.359102 1.550572
v 15.251062 -19.631660 4.098612
v 15.154341 -18.410673 1.893268
v -4.621979 -21.809841 -1.632376
v -8.557507 -22.720221 -1.936632
v -12.472540 -23.616352 -2.230279
v 7.168406 -19.033178 -0.673919
v 3.240453 -19.967302 -1.001866
v 6.922743 -17.215639 -2.907536
v 6.922743 -17.215639 -2.907536
v 11.092283 -18.091509 -0.338192
v 10.848169 -16.273602 -2.571684
v 15.015440 -17.142342 0.004768
v 14.772629 -15.323269 -2.227808
v 17.713097 -14.605460 -1.964666
v 3.385562 -21.234165 0.887152
v 7.168406 -19.033178 -0.673919
v 2.992985 -18.149340 -3.234825
v 6.680224 -15.566607 -4.713241
v 6.680224 -15.566607 -4.713241
v 10.607204 -14.624199 -4.377259
v 14.531912 -13.674664 -4.034175
v 17.473936 -12.956482 -3.770908
v 27.844431 -11.418676 -2.132330
v 24.902811 -12.794461 -1.727938
v 29.593622 -10.848190 -2.101781
v 3.050101 -18.332186 -3.402714
v -0.883479 -19.259127 -3.723025
v -4.819837 -20.177361 -4.034653
v -8.758467 -21.088467 -4.339169
v -12.698326 -21.990498 -4.634872
v -16.668482 -26.078960 -0.828991
v -16.849680 -25.813763 -1.316050
v -17.422987 -26.185946 -0.732308
v -17.645500 -25.952221 -1.187741
v -15.862411 -26.245420 0.059002
v -14.585251 -26.302055 0.758271
v 0.648950 -23.882324 3.812800
v -0.433902 -22.718876 1.007775
v -1.326585 -24.152012 3.240042
v -3.299088 -24.468252 2.784848
v -4.380572 -23.565327 0.554309
v -5.270084 -24.846714 2.470709
v 4.757887 -23.329098 5.104882
v 6.226799 -23.216314 5.812310
v 7.803833 -22.604744 5.370326
v 9.131144 -23.177168 8.373627
v 9.166582 -23.199320 8.026045
v 8.060669 -23.342899 7.988502
v 8.313739 -23.330303 7.722478
v 7.122131 -23.223568 6.479466
v 22.121033 -15.662085 0.774091
v 21.326141 -16.351675 1.376945
v 22.639822 -15.153592 0.119443
v 21.790377 -13.642960 -1.930192
v 24.503336 -14.042849 -0.491406
v 23.586472 -14.496748 -0.308724
v 25.632849 -13.604759 -0.566756
v 28.560474 -11.755993 -1.523005
v 28.220551 -12.497990 -0.645183
v 27.330662 -13.336895 -0.021304
v 29.846972 -10.787799 -1.886358
v 28.843838 -11.705465 -1.283080
v 28.205799 -12.246458 -0.930352
v 26.435284 -13.440302 -0.247989
v 25.682791 -13.666251 -0.274404
v 24.688026 -14.051137 -0.205844
v 20.449196 -17.130901 1.891883
v 17.921837 -17.962698 2.008611
v 19.893633 -17.815655 2.719755
v 19.191824 -20.257000 7.405341
v 18.736076 -20.124880 6.728984
v 17.559280 -20.242006 6.212792
v 18.116112 -21.116158 9.085110
v 18.207388 -21.049749 9.408987
v 19.235386 -20.710878 9.209135
v 23.807297 -14.454239 -0.067493
v 22.850620 -15.098770 0.346781
v 20.706930 -17.016016 2.077400
v 20.194323 -17.627787 2.814246
v 19.034269 -19.910782 6.758110
v 19.410587 -20.022598 7.318734
v 18.732319 -19.775301 5.886359
v 18.872835 -19.272421 4.873061
v 17.478233 -19.312943 4.156976
v 19.334854 -18.580818 3.778655
v 19.828674 -20.043150 7.689752
v 20.338551 -19.993139 7.944569
v 20.963778 -19.885807 8.135622
v 21.565786 -19.720716 8.141512
v 21.127697 -20.034319 8.295450
v 20.217966 -20.370159 8.974564
v 21.152971 -20.038099 8.741741
v 11.444975 -22.379488 7.400439
v 10.466805 -22.980682 8.433470
v 12.419498 -22.594946 8.889217
v 15.369087 -21.446335 7.798031
v 16.461637 -21.615080 9.241219
v 14.362871 -22.147797 9.140619
v 7.269031 -23.431444 7.600426
v 7.165041 -23.326084 7.196831
v 6.638789 -23.275066 6.649083
v 5.923660 -23.277906 6.126379
v 4.564253 -23.404451 5.511142
v 2.347179 -23.678537 4.718895
v 2.618627 -23.626972 4.437990
v 0.627170 -23.915344 4.193438
v -1.344831 -24.199587 3.639737
v -3.317716 -24.524849 3.195112
v -17.360874 -25.064920 -2.353771
v -17.840555 -25.173504 -2.385406
v -19.445316 -24.888056 -3.330856
v -15.276527 -25.436790 -1.234494
v -17.244356 -25.719055 -1.382737
v -11.189348 -26.136225 2.170148
v -12.678013 -26.481979 2.074411
v -12.937281 -26.224295 1.153762
v -12.819914 -26.329187 1.694327
v -9.210516 -25.629814 1.919130
v -8.316406 -24.454157 0.211713
v -7.239959 -25.226349 2.166437
v -5.285104 -24.904150 2.879648
v -22.932346 -23.507212 -6.027812
v -16.964584 -26.164377 -0.572011
v -13.311460 -26.319399 1.425392
v -9.224422 -25.691984 2.328169
v -7.255791 -25.287302 2.575317
v 3.556155 -22.672731 2.981442
v 10.433521 -22.951509 8.774696
v 12.381069 -22.564510 9.229198
v 16.529783 -21.556890 9.589209
v 19.032730 -19.581171 5.966157
v 19.173218 -19.079851 4.957750
v 19.635460 -18.390604 3.867434
v 14.324192 -22.116570 9.481382
v 11.443110 -21.709293 5.629513
v 15.356705 -20.761541 5.972488
v 7.372321 -20.509172 1.082422
v 7.478154 -21.740873 3.308094
v 11.296452 -19.568291 1.417352
v 11.398930 -20.799936 3.643552
v 15.217802 -18.618700 1.760979
v 15.315628 -19.851446 3.986791
v -4.566205 -22.006008 -1.785689
v -8.503283 -22.916735 -2.090075
v -12.419868 -23.813246 -2.383852
v 6.979859 -17.398487 -3.075425
v 7.227285 -19.228603 -0.826974
v 10.908390 -16.455711 -2.739314
v 11.154265 -18.286190 -0.490998
v 14.834398 -15.505014 -2.395308
v 15.077169 -17.336233 -0.147251
v 17.775122 -14.787993 -2.132958
vn -0.2077 0.6991 0.6842
vn -0.2149 0.6975 0.6836
vn -0.2080 0.6533 0.7280
vn -0.2009 0.6549 0.7285
vn -0.2088 0.6988 0.6841
vn -0.1924 0.6023 0.7747
vn -0.2006 0.6068 0.7691
vn -0.1868 0.5308 0.8266
vn -0.1848 0.5178 0.8353
vn -0.1738 0.4617 0.8699
vn -0.1940 0.6031 0.7737
vn -0.1807 0.5263 0.8309
vn -0.1771 0.5355 0.8258
vn -0.1870 0.6038 0.7749
vn -0.2021 0.6547 0.7284
vn -0.2023 0.7003 0.6846
vn -0.1954 0.6562 0.7289
vn -0.2032 0.7001 0.6845
vn -0.1964 0.6559 0.7288
vn -0.1965 0.7015 0.6850
vn -0.1875 0.6034 0.7751
vn -0.1759 0.5408 0.8226
vn -0.1930 0.5102 0.8381
vn -0.1849 0.5040 0.8437
vn -0.1828 0.5114 0.8397
vn -0.1853 0.4955 0.8486
vn -0.1974 0.4865 0.8511
vn -0.1872 0.4750 0.8599
vn -0.1973 0.4623 0.8645
vn -0.1843 0.4320 0.8828
vn -0.2944 0.5858 0.7551
vn -0.3046 0.6630 0.6839
vn -0.2887 0.6665 0.6874
vn -0.2725 0.6657 0.6947
vn -0.2520 0.6771 0.6914
vn -0.2354 0.6814 0.6930
vn -0.2316 0.6935 0.6822
vn -0.2142 0.6976 0.6837
vn -0.2044 0.7053 0.6789
vn -0.1808 0.5192 0.8353
vn -0.2657 0.6108 0.7459
vn -0.2096 0.6090 0.7650
vn -0.3452 0.5726 0.7436
vn -0.1802 0.4790 0.8591
vn -0.1786 0.5340 0.8264
vn -0.3302 0.6544 0.6802
vn -0.1986 0.5229 0.8289
vn -0.3458 0.6711 0.6557
vn -0.1838 0.5542 0.8119
vn -0.3472 0.6829 0.6428
vn -0.3668 0.7174 0.5923
vn -0.2468 0.5706 0.7833
vn -0.3359 0.5520 0.7632
vn -0.1802 0.5589 0.8094
vn -0.1834 0.6167 0.7655
vn -0.1900 0.6575 0.7291
vn -0.1839 0.6264 0.7575
vn -0.2132 0.5666 0.7960
vn -0.3187 0.5172 0.7943
vn -0.4729 0.3783 0.7957
vn -0.4681 0.5770 0.6692
vn -0.2233 0.6705 0.7075
vn -0.4043 0.7633 0.5039
vn -0.1917 0.6681 0.7190
vn -0.1963 0.7005 0.6861
vn -0.1846 0.7239 0.6647
vn -0.1984 0.7091 0.6767
vn -0.2434 0.6893 0.6824
vn -0.4350 0.6858 0.5835
vn -0.4336 0.6266 0.6476
vn -0.4168 0.5603 0.7158
vn -0.5025 0.7135 0.4882
vn -0.4607 0.7397 0.4905
vn -0.2173 0.6746 0.7055
vn -0.2239 0.6620 0.7152
vn -0.2377 0.6543 0.7179
vn -0.4342 0.7575 0.4874
vn -0.4470 0.7485 0.4899
vn -0.2070 0.6535 0.7281
vn -0.2137 0.6977 0.6838
vn -0.2132 0.6979 0.6838
vn -0.2064 0.6537 0.7281
vn -0.2274 0.6945 0.6826
vn -0.1993 0.6071 0.7692
vn -0.1988 0.6073 0.7692
vn -0.1862 0.5320 0.8260
vn -0.2197 0.6505 0.7270
vn -0.2263 0.6947 0.6827
vn -0.2195 0.6506 0.7270
vn -0.2330 0.6931 0.6822
vn -0.2129 0.6039 0.7681
vn -0.1842 0.5245 0.8313
vn -0.1738 0.4648 0.8682
vn -0.1730 0.4637 0.8690
vn -0.1857 0.4456 0.8757
vn -0.1979 0.5211 0.8302
vn -0.2131 0.6042 0.7678
vn -0.2197 0.6079 0.7630
vn -0.2259 0.6492 0.7263
vn -0.2262 0.6545 0.7215
vn -0.2321 0.6933 0.6823
vn -0.2277 0.6661 0.7102
vn -0.2314 0.6932 0.6826
vn -0.2361 0.6753 0.6987
vn -0.2379 0.6918 0.6817
vn -0.2075 0.7146 0.6681
vn -0.2365 0.7412 0.6283
vn -0.2034 0.7417 0.6391
vn -0.2232 0.6739 0.7043
vn -0.2352 0.6582 0.7152
vn -0.1527 0.7375 0.6579
vn 0.0414 0.8374 0.5450
vn -0.0272 0.8772 0.4793
vn 0.0091 0.8908 0.4543
vn 0.0009 0.8670 0.4984
vn 0.0523 0.7328 0.6784
vn 0.0470 0.5453 0.8369
vn 0.1027 0.8477 0.5204
vn -0.2044 0.7586 0.6187
vn -0.0762 0.9059 0.4165
vn -0.2945 0.9002 0.3207
vn -0.2329 0.7315 0.6409
vn -0.2457 0.6952 0.6756
vn -0.1921 0.9020 0.3867
vn -0.1625 0.8961 0.4130
vn -0.2048 0.7050 0.6790
vn -0.0691 0.9018 0.4266
vn -0.2044 0.6572 0.7255
vn -0.0089 0.8793 0.4762
vn -0.1778 0.6610 0.7290
vn 0.0258 0.8532 0.5210
vn -0.2225 0.6146 0.7568
vn -0.2242 0.6021 0.7663
vn 0.0557 0.8097 0.5842
vn -0.1967 0.5503 0.8115
vn 0.0864 0.7532 0.6521
vn 0.1163 0.7131 0.6914
vn -0.1678 0.5203 0.8373
vn 0.1305 0.6529 0.7461
vn -0.1996 0.5287 0.8250
vn -0.1975 0.5213 0.8302
vn -0.1872 0.4604 0.8678
vn -0.1759 0.4017 0.8987
vn -0.1975 0.4140 0.8886
vn -0.2789 0.5889 0.7586
vn -0.3284 0.5652 0.7568
vn -0.3618 0.5075 0.7820
vn -0.1859 0.3995 0.8977
vn -0.3847 0.4179 0.8230
vn -0.1650 0.3512 0.9216
vn -0.2074 0.3619 0.9088
vn -0.2432 0.4040 0.8819
vn -0.3637 0.4335 0.8245
vn -0.3305 0.5734 0.7496
vn -0.1862 0.4159 0.8902
vn -0.1660 0.3754 0.9119
vn -0.2953 0.5931 0.7490
vn -0.1643 0.3417 0.9254
vn -0.1784 0.3779 0.9085
vn -0.2739 0.5996 0.7520
vn -0.1732 0.3541 0.9190
vn -0.2465 0.6016 0.7598
vn -0.1642 0.3736 0.9129
vn -0.2121 0.6042 0.7681
vn -0.1642 0.3417 0.9253
vn -0.1607 0.3738 0.9135
vn -0.1706 0.6057 0.7772
vn -0.1470 0.3918 0.9082
vn -0.1230 0.6342 0.7633
vn -0.1012 0.6386 0.7629
vn -0.1682 0.3863 0.9069
vn -0.1018 0.6630 0.7417
vn -0.1622 0.3423 0.9255
vn -0.1731 0.3893 0.9047
vn -0.1724 0.3890 0.9049
vn -0.1746 0.3952 0.9018
vn -0.1852 0.4545 0.8713
vn -0.1880 0.4597 0.8679
vn -0.1922 0.5171 0.8341
vn 0.1425 0.5801 0.8020
vn -0.1730 0.4613 0.8702
vn -0.1548 0.3472 0.9249
vn -0.1190 0.4143 0.9023
vn 0.1689 0.4845 0.8583
vn 0.1876 0.3373 0.9225
vn -0.1319 0.3394 0.9313
vn -0.1581 0.2782 0.9474
vn -0.1547 0.4489 0.8801
vn -0.1390 0.2313 0.9629
vn 0.1382 -0.0006 0.9904
vn 0.1798 0.1597 0.9707
vn 0.0900 -0.0929 0.9916
vn -0.0631 0.1177 0.9910
vn -0.0083 -0.1528 0.9882
vn -0.1130 0.5370 0.8360
vn 0.0340 0.6547 0.7551
vn 0.0895 0.3465 0.9338
vn 0.0882 0.3709 0.9245
vn -0.3042 0.6797 0.6674
vn -0.3081 0.7465 0.5897
vn -0.2319 0.8458 0.4804
vn -0.2513 0.8723 0.4195
vn -0.2359 0.8656 0.4417
vn -0.2677 0.8776 0.3978
vn -0.3555 0.7391 0.5721
vn -0.4016 0.7555 0.5175
vn -0.4396 0.7874 0.4321
vn -0.2578 0.8876 0.3817
vn -0.2492 0.8900 0.3819
vn -0.2331 0.8644 0.4456
vn -0.2289 0.8311 0.5068
vn -0.2471 0.8618 0.4430
vn -0.2424 0.8276 0.5063
vn -0.2489 0.8928 0.3754
vn -0.2425 0.9105 0.3348
vn -0.2924 0.8965 0.3328
vn -0.3111 0.8635 0.3969
vn -0.4177 0.7926 0.4441
vn -0.3549 0.7326 0.5808
vn -0.2716 0.8804 0.3888
vn -0.2506 0.9017 0.3524
vn -0.2490 0.9141 0.3200
vn -0.2405 0.8959 0.3734
vn -0.2454 0.8654 0.4368
vn -0.2415 0.8276 0.5068
vn -0.2472 0.8616 0.4432
vn -0.2412 0.8956 0.3737
vn -0.2487 0.9141 0.3203
vn -0.2304 0.9115 0.3406
vn -0.2392 0.8997 0.3651
vn -0.3175 0.7382 0.5952
vn -0.2960 0.7446 0.5983
vn -0.2703 0.7567 0.5952
vn -0.2251 0.9055 0.3596
vn -0.2368 0.7696 0.5930
vn -0.2476 0.9015 0.3549
vn -0.2490 0.9141 0.3201
vn -0.2462 0.8961 0.3693
vn -0.1970 0.7846 0.5879
vn -0.1441 0.7795 0.6096
vn -0.1286 0.7775 0.6156
vn -0.2506 0.8958 0.3671
vn -0.1160 0.7630 0.6359
vn -0.2059 0.8821 0.4237
vn -0.1574 0.8506 0.5017
vn 0.0138 0.7947 0.6069
vn -0.2445 0.9483 0.2022
vn -0.2550 0.9325 0.2558
vn -0.2324 0.9055 0.3550
vn -0.2205 0.9238 0.3129
vn -0.0139 0.9978 -0.0643
vn -0.0734 0.9863 -0.1478
vn 0.0490 0.9948 0.0897
vn 0.0919 0.9602 0.2637
vn -0.1931 0.8964 0.3990
vn 0.1025 0.9023 0.4186
vn -0.2236 0.8878 0.4023
vn 0.1017 0.8512 0.5148
vn -0.2285 0.8554 0.4648
vn 0.1057 0.7956 0.5966
vn -0.2160 0.8370 0.5028
vn 0.1120 0.7473 0.6550
vn -0.2355 0.8217 0.5190
vn -0.2364 0.7698 0.5929
vn -0.2378 0.7695 0.5927
vn -0.2232 0.7732 0.5936
vn -0.2323 0.8216 0.5206
vn -0.2305 0.7313 0.6419
vn -0.2315 0.7311 0.6418
vn -0.2420 0.7638 0.5984
vn -0.2574 0.7746 0.5777
vn 0.0943 0.7070 0.7009
vn 0.0827 0.6393 0.7645
vn -0.2237 0.7939 0.5654
vn -0.2430 0.7577 0.6057
vn 0.0690 0.5755 0.8149
vn -0.2351 0.7254 0.6470
vn -0.1879 0.7402 0.6456
vn 0.0453 0.5281 0.8480
vn -0.2557 0.7027 0.6640
vn -0.0034 0.4722 0.8815
vn -0.1968 0.6913 0.6952
vn -0.0872 0.4416 0.8930
vn -0.2342 0.7144 0.6594
vn -0.2460 0.6845 0.6863
vn -0.1190 0.4152 0.9019
vn -0.2103 0.3354 0.9183
vn -0.2208 0.6496 0.7275
vn -0.2428 0.7180 0.6523
vn -0.1783 0.6302 0.7557
vn -0.0081 0.4609 0.8874
vn 0.1433 0.5857 0.7978
vn -0.1402 0.7047 0.6955
vn 0.0775 0.6008 0.7957
vn -0.2265 0.7156 0.6608
vn -0.2392 0.7028 0.6700
vn -0.1912 0.6523 0.7334
vn 0.0315 0.5237 0.8513
vn -0.1975 0.6713 0.7144
vn 0.0720 0.5052 0.8600
vn 0.0532 0.5455 0.8364
vn -0.1795 0.6836 0.7075
vn -0.2382 0.6918 0.6816
vn -0.2315 0.6938 0.6820
vn -0.2321 0.6934 0.6821
vn -0.2330 0.6931 0.6821
vn -0.2378 0.7295 0.6413
vn -0.2263 0.6948 0.6827
vn -0.2173 0.7346 0.6427
vn -0.2135 0.6973 0.6842
vn -0.2133 0.7343 0.6444
vn -0.2175 0.7730 0.5959
vn -0.3116 0.6768 0.6670
vn -0.2297 0.8715 0.4333
vn -0.2918 0.6831 0.6695
vn -0.2273 0.8549 0.4663
vn -0.2326 0.8633 0.4478
vn -0.2770 0.6927 0.6659
vn -0.2450 0.8466 0.4725
vn -0.2548 0.6931 0.6743
vn -0.2321 0.8337 0.5011
vn -0.2336 0.8460 0.4792
vn -0.2381 0.6973 0.6761
vn -0.2289 0.8385 0.4945
vn -0.2320 0.6933 0.6823
vn -0.2250 0.8312 0.5084
vn -0.2268 0.8427 0.4883
vn -0.2144 0.6976 0.6837
vn -0.2260 0.8387 0.4955
vn -0.2020 0.6893 0.6957
vn -0.2270 0.8229 0.5209
vn -0.2187 0.7785 0.5883
vn -0.2188 0.7794 0.5871
vn -0.2381 0.8202 0.5202
vn -0.2346 0.8290 0.5077
vn -0.2249 0.7714 0.5953
vn -0.2299 0.7708 0.5941
vn -0.2182 0.7330 0.6443
vn -0.2210 0.7330 0.6434
vn -0.2109 0.7346 0.6448
vn -0.2141 0.7352 0.6431
vn -0.2132 0.7804 0.5877
vn -0.2190 0.8238 0.5229
vn -0.2204 0.8362 0.5023
vn -0.2341 0.7669 0.5976
vn -0.2851 0.7405 0.6086
vn -0.3683 0.7246 0.5825
vn -0.2382 0.8556 0.4596
vn -0.2395 0.8303 0.5032
vn -0.3335 0.6693 0.6639
vn -0.2365 0.8253 0.5129
vn -0.3429 0.6440 0.6839
vn -0.2391 0.8155 0.5271
vn -0.3407 0.6318 0.6962
vn -0.2789 0.7771 0.5643
vn -0.3475 0.5815 0.7356
vn -0.3652 0.7437 0.5600
vn -0.2516 0.7853 0.5657
vn -0.3577 0.7745 0.5217
vn -0.5237 0.7446 0.4138
vn -0.4768 0.6346 0.6082
vn -0.2021 0.7635 0.6133
vn -0.2186 0.8124 0.5405
vn -0.2209 0.7742 0.5931
vn -0.2066 0.7719 0.6012
vn -0.2064 0.7360 0.6447
vn -0.2005 0.7371 0.6454
vn -0.2012 0.7288 0.6545
vn -0.2540 0.7090 0.6579
vn -0.3686 0.4846 0.7933
vn -0.3915 0.4730 0.7893
vn -0.2096 0.7058 0.6767
vn -0.4071 0.4708 0.7827
vn -0.2339 0.7192 0.6542
vn -0.4218 0.4690 0.7760
vn -0.1920 0.6913 0.6966
vn -0.1663 0.6758 0.7181
vn -0.4660 0.4591 0.7563
vn -0.4177 0.5570 0.7178
vn -0.1529 0.7148 0.6825
vn -0.1973 0.7012 0.6852
vn -0.1965 0.7016 0.6849
vn -0.2097 0.7372 0.6423
vn -0.2088 0.6989 0.6841
vn -0.2143 0.6976 0.6837
vn -0.2152 0.6967 0.6843
vn 0.5194 -0.5805 -0.6270
vn 0.2692 -0.6625 -0.6990
vn 0.4442 -0.4236 -0.7895
vn 0.4933 -0.7380 -0.4605
vn 0.2675 -0.6400 -0.7203
vn 0.4413 -0.3551 -0.8241
vn 0.4138 -0.3572 -0.8373
vn 0.2514 -0.5941 -0.7641
vn 0.4761 -0.3902 -0.7880
vn 0.2356 -0.6758 -0.6984
vn 0.2372 -0.6865 -0.6874
vn 0.2499 -0.7391 -0.6255
vn 0.5056 -0.7690 -0.3912
vn 0.4785 -0.7858 -0.3918
vn 0.2942 -0.7301 -0.6167
vn 0.5284 -0.7303 -0.4330
vn 0.2389 -0.6917 -0.6815
vn 0.2306 -0.6881 -0.6880
vn 0.2280 -0.6662 -0.7101
vn 0.2351 -0.6582 -0.7152
vn 0.2239 -0.6595 -0.7176
vn 0.2959 -0.5537 -0.7784
vn 0.5139 -0.3176 -0.7969
vn 0.2803 -0.5008 -0.8189
vn 0.3317 -0.2337 -0.9140
vn 0.1150 -0.2179 -0.9692
vn 0.2073 -0.5607 -0.8017
vn 0.2211 -0.6107 -0.7603
vn 0.2140 -0.2514 -0.9439
vn 0.2447 -0.2548 -0.9355
vn 0.1965 -0.5975 -0.7774
vn 0.3296 -0.2269 -0.9165
vn 0.2325 -0.6300 -0.7409
vn 0.3896 -0.2272 -0.8925
vn 0.1604 -0.6012 -0.7828
vn 0.4159 -0.2293 -0.8800
vn 0.2265 -0.6546 -0.7213
vn 0.2313 -0.6880 -0.6879
vn 0.2334 -0.7040 -0.6708
vn 0.2322 -0.6879 -0.6877
vn 0.2352 -0.7147 -0.6587
vn 0.2037 -0.7613 -0.6155
vn 0.2365 -0.7193 -0.6532
vn 0.1950 -0.7739 -0.6025
vn 0.2419 -0.7544 -0.6102
vn 0.2127 -0.7566 -0.6183
vn 0.5095 -0.8212 -0.2569
vn 0.4837 -0.8374 -0.2546
vn 0.4282 -0.8700 -0.2446
vn 0.2571 -0.7538 -0.6048
vn 0.3434 -0.9028 -0.2590
vn 0.2641 -0.7449 -0.6127
vn 0.3146 -0.9155 -0.2508
vn 0.2645 -0.7875 -0.5566
vn 0.2180 -0.9553 -0.1997
vn 0.2436 -0.7072 -0.6637
vn 0.2317 -0.7116 -0.6633
vn 0.3248 -0.7576 -0.5661
vn 0.5782 -0.7294 -0.3656
vn 0.3260 -0.7951 -0.5114
vn 0.4289 -0.8677 -0.2512
vn 0.5323 -0.8028 -0.2686
vn 0.2213 -0.8134 -0.5380
vn 0.2364 -0.7948 -0.5589
vn 0.5520 -0.7864 -0.2772
vn 0.5691 -0.7774 -0.2678
vn 0.2612 -0.8260 -0.4995
vn 0.5692 -0.7772 -0.2681
vn 0.2431 -0.8144 -0.5270
vn 0.2288 -0.8706 -0.4356
vn 0.5765 -0.7680 -0.2788
vn 0.2493 -0.8691 -0.4272
vn 0.5750 -0.7551 -0.3150
vn 0.2481 -0.8548 -0.4558
vn 0.2425 -0.8195 -0.5193
vn 0.2327 -0.7616 -0.6049
vn 0.2297 -0.7214 -0.6533
vn 0.2256 -0.6894 -0.6884
vn 0.2316 -0.7207 -0.6534
vn 0.2364 -0.7601 -0.6052
vn 0.2435 -0.8192 -0.5192
vn 0.2467 -0.8550 -0.4562
vn 0.2461 -0.8586 -0.4497
vn 0.2479 -0.8902 -0.3822
vn 0.2486 -0.8899 -0.3825
vn 0.2996 -0.8675 -0.3970
vn 0.5594 -0.7214 -0.4083
vn 0.2405 -0.9001 -0.3633
vn 0.5157 -0.6668 -0.5379
vn 0.2485 -0.9093 -0.3337
vn 0.2713 -0.8925 -0.3604
vn 0.4325 -0.6283 -0.6466
vn 0.2404 -0.8996 -0.3647
vn 0.2927 -0.8718 -0.3927
vn 0.3643 -0.6099 -0.7037
vn 0.2707 -0.9320 -0.2408
vn 0.2401 -0.9458 -0.2184
vn 0.2741 -0.9356 -0.2225
vn 0.2489 -0.9093 -0.3334
vn 0.2509 -0.9089 -0.3332
vn 0.2487 -0.8871 -0.3888
vn 0.2517 -0.8837 -0.3947
vn 0.2401 -0.8566 -0.4567
vn 0.2369 -0.8208 -0.5198
vn 0.2299 -0.7617 -0.6058
vn 0.2389 -0.8156 -0.5269
vn 0.2415 -0.8562 -0.4568
vn 0.2407 -0.8902 -0.3868
vn 0.2288 -0.9178 -0.3244
vn 0.2361 -0.9136 -0.3311
vn 0.2472 -0.9062 -0.3431
vn 0.2375 -0.9373 -0.2550
vn 0.2372 -0.9448 -0.2261
vn 0.2254 -0.9406 -0.2538
vn 0.2458 -0.9432 -0.2237
vn 0.2732 -0.9565 0.1028
vn 0.2342 -0.9657 0.1118
vn 0.3160 -0.9433 0.1011
vn 0.3388 -0.9363 0.0926
vn 0.3466 -0.9328 0.0991
vn 0.2934 -0.9395 -0.1770
vn 0.3258 -0.9413 -0.0884
vn 0.4769 -0.8773 0.0540
vn 0.4919 -0.8142 -0.3084
vn 0.4978 -0.8193 -0.2847
vn 0.2562 -0.6273 -0.7354
vn 0.2893 -0.8040 -0.5195
vn 0.2015 -0.9740 0.1036
vn 0.1619 -0.9823 0.0941
vn 0.1343 -0.9881 0.0753
vn 0.1128 -0.9929 0.0366
vn 0.2212 -0.9513 -0.2146
vn 0.1893 -0.9587 -0.2122
vn 0.0585 -0.9890 -0.1359
vn 0.0355 -0.9823 -0.1839
vn 0.2138 -0.9321 -0.2923
vn 0.0714 -0.9898 -0.1232
vn 0.1132 -0.9894 -0.0911
vn 0.1592 -0.9806 -0.1142
vn 0.2390 -0.8981 -0.3691
vn 0.1461 -0.9882 -0.0452
vn 0.1596 -0.9840 -0.0789
vn 0.2274 -0.8797 -0.4176
vn 0.1714 -0.9790 -0.1105
vn 0.2343 -0.8790 -0.4154
vn 0.2021 -0.9704 -0.1318
vn 0.2375 -0.8246 -0.5135
vn 0.2253 -0.7729 -0.5932
vn 0.2311 -0.7614 -0.6057
vn 0.2257 -0.7220 -0.6540
vn 0.2246 -0.7223 -0.6541
vn 0.2266 -0.6891 -0.6883
vn 0.2200 -0.6907 -0.6889
vn 0.2134 -0.6524 -0.7272
vn 0.2198 -0.6505 -0.7270
vn 0.2196 -0.6506 -0.7270
vn 0.2259 -0.6492 -0.7263
vn 0.2198 -0.6078 -0.7631
vn 0.1923 -0.6201 -0.7606
vn 0.4455 -0.2281 -0.8657
vn 0.1792 -0.5402 -0.8222
vn 0.2009 -0.5611 -0.8030
vn 0.4670 -0.2370 -0.8519
vn 0.4836 -0.2248 -0.8459
vn 0.1963 -0.4831 -0.8533
vn 0.4839 -0.2250 -0.8457
vn 0.1992 -0.5289 -0.8250
vn 0.2116 -0.6042 -0.7682
vn 0.2129 -0.6039 -0.7681
vn 0.2079 -0.6054 -0.7683
vn 0.2076 -0.6052 -0.7685
vn 0.2151 -0.6517 -0.7274
vn 0.2211 -0.6904 -0.6888
vn 0.2222 -0.6907 -0.6881
vn 0.2268 -0.7218 -0.6539
vn 0.2233 -0.6899 -0.6886
vn 0.2162 -0.6514 -0.7273
vn 0.2078 -0.5972 -0.7747
vn 0.1941 -0.5296 -0.8257
vn 0.1920 -0.5227 -0.8306
vn 0.1985 -0.5211 -0.8301
vn 0.1975 -0.5213 -0.8302
vn 0.1875 -0.4601 -0.8679
vn 0.1654 -0.4432 -0.8811
vn 0.4937 -0.2341 -0.8375
vn 0.1825 -0.4325 -0.8829
vn 0.4999 -0.2689 -0.8232
vn 0.5047 -0.3606 -0.7844
vn 0.2152 -0.3781 -0.9004
vn 0.1725 -0.3864 -0.9060
vn 0.1605 -0.3693 -0.9154
vn 0.4899 -0.4919 -0.7197
vn 0.1760 -0.4006 -0.8992
vn 0.4306 -0.6093 -0.6658
vn 0.1643 -0.3417 -0.9253
vn 0.1881 -0.3455 -0.9194
vn 0.2192 -0.3944 -0.8924
vn 0.3748 -0.6748 -0.6358
vn 0.1736 -0.2490 -0.9528
vn 0.1572 -0.2339 -0.9595
vn 0.1619 -0.3419 -0.9257
vn 0.1667 -0.2307 -0.9586
vn 0.1719 -0.3865 -0.9061
vn 0.1851 -0.4542 -0.8715
vn 0.1872 -0.4603 -0.8678
vn 0.1754 -0.3949 -0.9018
vn 0.1674 -0.2528 -0.9529
vn 0.1599 -0.2296 -0.9601
vn 0.0673 0.0903 -0.9936
vn 0.1084 0.0873 -0.9903
vn 0.1526 0.0922 -0.9840
vn 0.1831 0.0883 -0.9791
vn 0.1845 0.0948 -0.9782
vn 0.1696 -0.1876 -0.9675
vn 0.1927 -0.0800 -0.9780
vn 0.2456 -0.5169 -0.8200
vn 0.2706 -0.7229 -0.6358
vn 0.4276 -0.2888 -0.8566
vn 0.4106 -0.2537 -0.8758
vn 0.3311 0.0727 -0.9408
vn 0.0435 0.0779 -0.9960
vn 0.0119 0.0647 -0.9978
vn 0.1346 -0.2381 -0.9619
vn -0.0130 0.0416 -0.9991
vn 0.1406 -0.2658 -0.9537
vn 0.1644 -0.3483 -0.9229
vn 0.1750 -0.4020 -0.8988
vn 0.1804 -0.4618 -0.8684
vn 0.1829 -0.4616 -0.8680
vn 0.1949 -0.3695 -0.9086
vn 0.1582 -0.3179 -0.9348
vn 0.1673 -0.3123 -0.9351
vn 0.1194 -0.3077 -0.9439
vn 0.0844 -0.2126 -0.9735
vn 0.1374 -0.2165 -0.9666
vn -0.0348 -0.0014 -0.9994
vn -0.0617 -0.1787 -0.9820
vn -0.0764 -0.2286 -0.9705
vn -0.0455 -0.1656 -0.9851
vn -0.0093 -0.1275 -0.9918
vn 0.0343 -0.1425 -0.9892
vn 0.1545 -0.3812 -0.9115
vn 0.0165 -0.0767 -0.9969
vn 0.0354 -0.1079 -0.9935
vn 0.1802 -0.4233 -0.8879
vn 0.1917 -0.5164 -0.8346
vn 0.1945 -0.5220 -0.8305
vn 0.2084 -0.5980 -0.7739
vn 0.2173 -0.6511 -0.7272
vn 0.2019 -0.5996 -0.7744
vn 0.1917 -0.5299 -0.8261
vn 0.1956 -0.4309 -0.8810
vn 0.1862 -0.4193 -0.8885
vn 0.1711 -0.4422 -0.8805
vn 0.1742 -0.4261 -0.8877
vn 0.0524 -0.1373 -0.9891
vn 0.0794 -0.1531 -0.9850
vn 0.0900 -0.1503 -0.9845
vn 0.0984 -0.1595 -0.9823
vn 0.1096 -0.1567 -0.9816
vn 0.1721 -0.4404 -0.8812
vn 0.1887 -0.5387 -0.8211
vn 0.2107 -0.6527 -0.7277
vn 0.2026 -0.5994 -0.7744
vn 0.1948 -0.5560 -0.8080
vn 0.2118 -0.6524 -0.7277
vn 0.1985 -0.6133 -0.7645
vn 0.1878 -0.6343 -0.7500
vn 0.2054 -0.6541 -0.7280
vn 0.2110 -0.6928 -0.6896
vn 0.2066 -0.6652 -0.7175
vn 0.1952 -0.5862 -0.7863
vn -0.0766 -0.5262 -0.8469
vn 0.1662 -0.5623 -0.8101
vn 0.1767 -0.4796 -0.8595
vn 0.1275 -0.4866 -0.8643
vn 0.1746 -0.4369 -0.8824
vn -0.0087 -0.2912 -0.9566
vn -0.0157 -0.2659 -0.9639
vn -0.0042 -0.2482 -0.9687
vn 0.1778 -0.4220 -0.8890
vn -0.0168 -0.3231 -0.9462
vn 0.1871 -0.4609 -0.8675
vn 0.1700 -0.4259 -0.8886
vn 0.1207 -0.2768 -0.9533
vn 0.0686 -0.2676 -0.9611
vn 0.1136 -0.1557 -0.9813
vn -0.0226 -0.2653 -0.9639
vn 0.0138 -0.5042 -0.8635
vn 0.0346 -0.5507 -0.8340
vn -0.1044 -0.6768 -0.7287
vn -0.0643 -0.3487 -0.9350
vn -0.0838 -0.3942 -0.9152
vn 0.2359 -0.5748 -0.7836
vn -0.0809 -0.4601 -0.8842
vn 0.1894 -0.6344 -0.7494
vn -0.0793 -0.5071 -0.8582
vn 0.1885 -0.6576 -0.7294
vn 0.2069 -0.6852 -0.6984
vn -0.1225 -0.5636 -0.8169
vn -0.0447 -0.6519 -0.7569
vn 0.2114 -0.6759 -0.7060
vn -0.0387 -0.7266 -0.6860
vn -0.0251 -0.7885 -0.6145
vn 0.2085 -0.6975 -0.6856
vn -0.0825 -0.8573 -0.5082
vn -0.0241 -0.8861 -0.4628
vn 0.2307 -0.7474 -0.6231
vn 0.2150 -0.7142 -0.6661
vn 0.2116 -0.6931 -0.6891
vn 0.2158 -0.7241 -0.6551
vn 0.2224 -0.7228 -0.6543
vn 0.2178 -0.6912 -0.6891
vn 0.2167 -0.6915 -0.6891
vn 0.2279 -0.7215 -0.6538
vn 0.2213 -0.7231 -0.6544
vn 0.2279 -0.7672 -0.5996
vn 0.2231 -0.7592 -0.6115
vn 0.2265 -0.7512 -0.6200
vn 0.2301 -0.7998 -0.5544
vn 0.2303 -0.8127 -0.5353
vn 0.2206 -0.7732 -0.5946
vn 0.2268 -0.7720 -0.5938
vn 0.2418 -0.8204 -0.5182
vn 0.2362 -0.8164 -0.5269
vn 0.2177 -0.8737 -0.4350
vn 0.2248 -0.8716 -0.4357
vn 0.2304 -0.8801 -0.4151
vn 0.2346 -0.8691 -0.4355
vn 0.2131 -0.9677 -0.1351
vn 0.2195 -0.9654 -0.1410
vn 0.2309 -0.9629 -0.1400
vn 0.2350 -0.9619 -0.1395
vn 0.2305 -0.8801 -0.4151
vn 0.2134 -0.9419 -0.2592
vn 0.2468 -0.8547 -0.4566
vn 0.2471 -0.8751 -0.4160
vn 0.0770 -0.9548 -0.2873
vn 0.1717 -0.9544 -0.2442
vn 0.1032 -0.9714 -0.2139
vn 0.2405 -0.8699 -0.4306
vn 0.0883 -0.9692 -0.2299
vn 0.2283 -0.8487 -0.4771
vn 0.0906 -0.9623 -0.2563
vn 0.2023 -0.8666 -0.4561
vn 0.0769 -0.9712 -0.2255
vn 0.0643 -0.8810 -0.4688
vn 0.2022 -0.8021 -0.5619
vn -0.0247 -0.8753 -0.4829
vn 0.2243 -0.7798 -0.5844
vn 0.0782 -0.8482 -0.5238
vn -0.0898 -0.7702 -0.6315
vn 0.0201 -0.9532 -0.3017
vn -0.0072 -0.9388 -0.3443
vn 0.2621 -0.7675 -0.5850
vn -0.0151 -0.9096 -0.4153
vn 0.2050 -0.7470 -0.6324
vn -0.1934 0.9779 0.0798
vn -0.1829 0.9637 -0.1944
vn -0.0086 0.9563 0.2922
vn -0.0033 0.9495 0.3139
vt -0.490389 1.413640
vt -0.490389 1.485361
vt -0.431175 1.485361
vt -0.431150 1.413640
vt -0.490389 1.341942
vt -0.361477 1.413688
vt -0.361549 1.485361
vt -0.305782 1.485361
vt -0.289249 1.413953
vt -0.242447 1.485386
vt -0.361284 1.342014
vt -0.292936 1.342134
vt -0.293635 1.270533
vt -0.360995 1.270340
vt -0.431054 1.341942
vt -0.490389 1.270196
vt -0.430910 1.270220
vt -0.490389 1.198546
vt -0.430741 1.198522
vt -0.490389 1.144779
vt -0.360610 1.199076
vt -0.293635 1.205415
vt -0.242736 1.252795
vt -0.240302 1.288608
vt -0.236253 1.324397
vt -0.231939 1.360186
vt -0.223673 1.395974
vt -0.212105 1.431763
vt -0.199067 1.467479
vt -0.185257 1.506328
vt -0.174725 1.503268
vt -0.191981 1.462996
vt -0.202826 1.431763
vt -0.213888 1.395974
vt -0.221889 1.360210
vt -0.226251 1.324421
vt -0.230276 1.288632
vt -0.232710 1.252844
vt -0.232638 1.217079
vt -0.242664 1.217055
vt -0.231891 1.190015
vt -0.242013 1.197992
vt -0.242447 1.187653
vt -0.249436 1.195871
vt -0.255895 1.185387
vt -0.248978 1.178880
vt -0.271439 1.162685
vt -0.265221 1.156178
vt -0.288695 1.140585
vt -0.282501 1.133476
vt -0.298335 1.114003
vt -0.304529 1.119136
vt -0.301998 1.105809
vt -0.318651 1.145140
vt -0.360248 1.144923
vt -0.430548 1.144755
vt -0.357934 1.115859
vt -0.318338 1.116413
vt -0.314892 1.102314
vt -0.321591 1.109882
vt -0.350439 1.109183
vt -0.357621 1.103013
vt -0.350295 1.100435
vt -0.435344 1.092337
vt -0.490389 1.091951
vt -0.456817 1.020736
vt -0.490389 1.010927
vt -0.523960 1.020736
vt -0.483231 1.003649
vt -0.490389 1.002058
vt -0.497522 1.003649
vt -0.454841 1.014711
vt -0.425366 1.032737
vt -0.429921 1.038112
vt -0.404616 1.057079
vt -0.380010 1.077515
vt -0.375672 1.072720
vt -0.400158 1.051945
vt -0.431175 0.485352
vt -0.490389 0.485352
vt -0.490389 0.557050
vt -0.431175 0.557050
vt -0.490389 0.628772
vt -0.361549 0.485352
vt -0.361525 0.557025
vt -0.305782 0.485376
vt -0.431102 0.628772
vt -0.490389 0.700469
vt -0.430982 0.700469
vt -0.490389 0.754285
vt -0.361405 0.628723
vt -0.305734 0.557001
vt -0.242447 0.485376
vt -0.242399 0.556953
vt -0.185257 0.506319
vt -0.305541 0.628627
vt -0.361164 0.700397
vt -0.360875 0.753538
vt -0.430885 0.754237
vt -0.436115 0.828079
vt -0.490389 0.828031
vt -0.438766 0.885221
vt -0.490389 0.885197
vt -0.461276 0.940723
vt -0.490389 0.942555
vt -0.490389 0.990297
vt -0.465831 0.973090
vt -0.443128 0.952484
vt -0.428307 0.939928
vt -0.422306 0.918840
vt -0.418739 0.940892
vt -0.425318 0.945302
vt -0.438935 0.957979
vt -0.462360 0.978078
vt -0.485593 0.995479
vt -0.490389 0.997720
vt -0.495160 0.995479
vt -0.416064 0.944941
vt -0.399844 0.925685
vt -0.393410 0.927155
vt -0.397989 0.911032
vt -0.403749 0.910140
vt -0.403170 0.896090
vt -0.396663 0.897150
vt -0.391650 0.878641
vt -0.397483 0.875026
vt -0.384806 0.862085
vt -0.389168 0.857698
vt -0.369261 0.843600
vt -0.373214 0.839406
vt -0.354175 0.829405
vt -0.357525 0.824681
vt -0.337329 0.809040
vt -0.333931 0.813812
vt -0.314361 0.796267
vt -0.311638 0.801449
vt -0.288888 0.791230
vt -0.288960 0.785109
vt -0.257148 0.780024
vt -0.304721 0.749682
vt -0.305203 0.700252
vt -0.242133 0.628506
vt -0.184896 0.561942
vt -0.168749 0.532998
vt -0.174725 0.503282
vt -0.160506 0.528009
vt -0.147372 0.540999
vt -0.152023 0.549241
vt -0.133056 0.550591
vt -0.143154 0.577776
vt -0.136768 0.558616
vt -0.126983 0.560496
vt -0.121850 0.552519
vt -0.112668 0.567027
vt -0.119681 0.571028
vt -0.113029 0.586620
vt -0.104184 0.586620
vt -0.136069 0.628193
vt -0.104522 0.610407
vt -0.095822 0.610431
vt -0.096135 0.646124
vt -0.087411 0.646100
vt -0.093484 0.681647
vt -0.084736 0.681599
vt -0.133924 0.699867
vt -0.095508 0.719966
vt -0.086784 0.721894
vt -0.103727 0.750188
vt -0.095798 0.752501
vt -0.103895 0.771227
vt -0.111463 0.768576
vt -0.112836 0.789158
vt -0.136262 0.742837
vt -0.183908 0.740090
vt -0.185571 0.699867
vt -0.186101 0.628386
vt -0.241700 0.700036
vt -0.241989 0.739584
vt -0.257220 0.773902
vt -0.224878 0.770818
vt -0.224926 0.764696
vt -0.172026 0.761491
vt -0.195885 0.761684
vt -0.195813 0.767781
vt -0.173279 0.767588
vt -0.153903 0.769733
vt -0.143685 0.778602
vt -0.120042 0.786169
vt -0.137322 0.788772
vt -0.148625 0.781976
vt -0.158217 0.774360
vt -0.142528 0.791303
vt -0.132743 0.800461
vt -0.138551 0.802750
vt -0.125706 0.801232
vt -0.121681 0.806221
vt -0.133153 0.805112
vt -0.139780 0.813740
vt 0.211214 0.462987
vt 0.193958 0.503282
vt 0.218299 0.467470
vt 0.204490 0.506319
vt 0.261679 0.485376
vt 0.187981 0.532998
vt 0.179739 0.528009
vt 0.166604 0.540999
vt 0.152289 0.550591
vt 0.171256 0.549241
vt 0.204128 0.561942
vt 0.261631 0.556953
vt 0.324966 0.557001
vt 0.261366 0.628506
vt 0.324773 0.628627
vt 0.205333 0.628386
vt 0.162387 0.577776
vt 0.156000 0.558616
vt 0.146216 0.560496
vt 0.141082 0.552519
vt 0.131900 0.567027
vt 0.138889 0.571028
vt 0.132262 0.586620
vt 0.155301 0.628193
vt 0.204779 0.699867
vt 0.260932 0.700084
vt 0.324436 0.700252
vt 0.261221 0.739584
vt 0.203140 0.740090
vt 0.153156 0.699867
vt 0.115392 0.646124
vt 0.123754 0.610407
vt 0.123441 0.586620
vt 0.115054 0.610431
vt 0.106643 0.646100
vt 0.112716 0.681647
vt 0.103968 0.681599
vt 0.114741 0.719966
vt 0.155470 0.742837
vt 0.122959 0.750188
vt 0.106017 0.721894
vt 0.115030 0.752501
vt 0.123128 0.771227
vt 0.130695 0.768576
vt 0.132069 0.789158
vt 0.139275 0.786169
vt 0.144938 0.801232
vt 0.140914 0.806221
vt 0.156555 0.788772
vt 0.162917 0.778602
vt 0.191259 0.761491
vt 0.173135 0.769733
vt 0.167882 0.781976
vt 0.161760 0.791303
vt 0.177449 0.774360
vt 0.192512 0.767588
vt 0.215118 0.761684
vt 0.215070 0.767781
vt 0.244158 0.764696
vt 0.244110 0.770818
vt 0.276428 0.773902
vt 0.276380 0.780024
vt 0.308168 0.785109
vt 0.308120 0.791230
vt 0.323954 0.749682
vt 0.380396 0.700397
vt 0.380637 0.628723
vt 0.380758 0.557025
vt 0.324990 0.485376
vt 0.450335 0.628772
vt 0.450238 0.700469
vt 0.380107 0.753538
vt 0.333594 0.796267
vt 0.330871 0.801449
vt 0.353163 0.813812
vt 0.356561 0.809040
vt 0.376757 0.824681
vt 0.373431 0.829405
vt 0.455348 0.828079
vt 0.392446 0.839406
vt 0.388470 0.843600
vt 0.408401 0.857698
vt 0.404038 0.862085
vt 0.416739 0.875026
vt 0.410883 0.878641
vt 0.457999 0.885221
vt 0.422379 0.896090
vt 0.415896 0.897150
vt 0.417221 0.911032
vt 0.423005 0.910140
vt 0.441538 0.918840
vt 0.419077 0.925685
vt 0.412618 0.927155
vt 0.435296 0.944941
vt 0.437995 0.940820
vt 0.444551 0.945302
vt 0.447539 0.939928
vt 0.480508 0.940723
vt 0.462361 0.952484
vt 0.458167 0.957979
vt 0.485063 0.973090
vt 0.481593 0.978078
vt 0.504825 0.995479
vt 0.509621 0.990297
vt 0.509621 0.942555
vt 0.509621 0.885197
vt 0.509621 0.828031
vt 0.509621 0.754285
vt 0.450118 0.754237
vt 0.509621 0.700469
vt 0.509621 0.628772
vt 0.450407 0.557050
vt 0.509621 0.557050
vt 0.450431 0.485352
vt 0.380782 0.485352
vt 0.211214 1.462996
vt 0.218299 1.467479
vt 0.222059 1.431763
vt 0.231361 1.431763
vt 0.261679 1.485386
vt 0.233121 1.395974
vt 0.242905 1.395974
vt 0.241122 1.360210
vt 0.308482 1.413953
vt 0.251172 1.360186
vt 0.245460 1.324421
vt 0.255485 1.324397
vt 0.249509 1.288632
vt 0.312169 1.342134
vt 0.259510 1.288608
vt 0.251967 1.252844
vt 0.261968 1.252820
vt 0.251870 1.217079
vt 0.312868 1.270533
vt 0.380517 1.342014
vt 0.380710 1.413688
vt 0.324990 1.485361
vt 0.324966 1.557011
vt 0.380782 1.485361
vt 0.380758 1.557035
vt 0.450431 1.485361
vt 0.450407 1.557059
vt 0.450383 1.413640
vt 0.450287 1.341942
vt 0.380228 1.270340
vt 0.312892 1.205415
vt 0.261896 1.217055
vt 0.261245 1.197992
vt 0.251123 1.190015
vt 0.261679 1.187653
vt 0.268668 1.195871
vt 0.275127 1.185387
vt 0.268210 1.178880
vt 0.290672 1.162685
vt 0.284454 1.156178
vt 0.307951 1.140585
vt 0.301734 1.133476
vt 0.323761 1.119136
vt 0.317567 1.114003
vt 0.321231 1.105809
vt 0.337570 1.116413
vt 0.334148 1.102314
vt 0.340824 1.109882
vt 0.369672 1.109183
vt 0.377167 1.115859
vt 0.338848 1.145068
vt 0.379842 1.199076
vt 0.379480 1.144923
vt 0.449973 1.198522
vt 0.449780 1.144755
vt 0.454576 1.092337
vt 0.376829 1.103013
vt 0.369551 1.100435
vt 0.394905 1.072720
vt 0.399243 1.077515
vt 0.419390 1.051945
vt 0.423849 1.057079
vt 0.444599 1.032737
vt 0.449154 1.038112
vt 0.476050 1.020736
vt 0.474049 1.014711
vt 0.502463 1.003649
vt 0.509621 1.010927
vt 0.509621 1.091951
vt 0.509621 1.144779
vt 0.509621 1.198546
vt 0.450166 1.270220
vt 0.509621 1.270196
vt 0.509621 1.341942
vt 0.509621 1.413640
vt 0.509621 1.485361
vt 0.509621 1.557059
vt 0.509621 0.997720
vt 0.514417 0.995479
vt 0.534179 0.973090
vt 0.537649 0.978078
vt 0.561075 0.957979
vt 0.556881 0.952484
vt 0.574667 0.945302
vt 0.538734 0.940723
vt 0.561243 0.885221
vt 0.577704 0.918840
vt 0.571703 0.939928
vt 0.581246 0.940892
vt 0.583946 0.944941
vt 0.600165 0.925685
vt 0.606600 0.927155
vt 0.601997 0.911032
vt 0.596237 0.910140
vt 0.596839 0.896090
vt 0.603346 0.897150
vt 0.608359 0.878641
vt 0.602503 0.875026
vt 0.615204 0.862085
vt 0.610841 0.857698
vt 0.630748 0.843600
vt 0.626796 0.839406
vt 0.645811 0.829405
vt 0.563894 0.828079
vt 0.509621 0.828152
vt 0.373407 0.829405
vt 0.388494 0.843600
vt 0.416715 0.875026
vt 0.422403 0.896090
vt 0.437995 0.940940
vt 0.412642 0.927155
vt 0.276453 0.773902
vt 0.215046 0.767781
vt 0.509621 0.700542
vt 0.204803 0.699867
vt 0.167857 0.781976
vt 0.325014 0.485376
vt 0.115367 0.646124
vt 0.152385 0.805112
vt 0.159013 0.813740
vt 0.157784 0.802750
vt 0.151976 0.800461
vt 0.123417 0.586620
vt 0.222059 0.431753
vt 0.231337 0.431753
vt 0.233121 0.395989
vt 0.242905 0.395965
vt 0.241146 0.360200
vt 0.308482 0.413967
vt 0.380710 0.413702
vt 0.450407 0.485352
vt 0.509621 0.628820
vt 0.509621 0.557074
vt 0.568835 0.557050
vt 0.568883 0.628772
vt 0.569004 0.700469
vt 0.569124 0.754237
vt 0.639135 0.753538
vt 0.642485 0.824681
vt 0.666055 0.813812
vt 0.662681 0.809040
vt 0.685648 0.796267
vt 0.688371 0.801449
vt 0.711098 0.791230
vt 0.711050 0.785109
vt 0.742862 0.780024
vt 0.695288 0.749682
vt 0.638846 0.700397
vt 0.638605 0.628723
vt 0.638460 0.557025
vt 0.638436 0.485352
vt 0.568811 0.485352
vt 0.509621 0.485352
vt 0.509621 0.413606
vt 0.450383 0.413630
vt 0.509621 0.341884
vt 0.568859 0.413630
vt 0.638532 0.413702
vt 0.694228 0.485376
vt 0.694276 0.557001
vt 0.694469 0.628627
vt 0.694806 0.700252
vt 0.758021 0.739584
vt 0.742789 0.773902
vt 0.775132 0.770818
vt 0.775060 0.764696
vt 0.804172 0.767781
vt 0.826706 0.767588
vt 0.804124 0.761684
vt 0.816102 0.740090
vt 0.827983 0.761491
vt 0.841769 0.774360
vt 0.846082 0.769733
vt 0.851360 0.781976
vt 0.863748 0.742837
vt 0.856325 0.778602
vt 0.862663 0.788772
vt 0.857458 0.791303
vt 0.888547 0.768576
vt 0.896283 0.750188
vt 0.866086 0.699867
vt 0.904501 0.719966
vt 0.814439 0.699867
vt 0.758310 0.700108
vt 0.757852 0.628506
vt 0.813909 0.628386
vt 0.863941 0.628193
vt 0.903850 0.646124
vt 0.906526 0.681647
vt 0.915250 0.681599
vt 0.913225 0.721894
vt 0.904212 0.752501
vt 0.896114 0.771227
vt 0.887173 0.789158
vt 0.879943 0.786169
vt 0.874304 0.801232
vt 0.867266 0.800461
vt 0.861434 0.802750
vt 0.866857 0.805112
vt 0.860229 0.813740
vt 0.878304 0.806221
vt 0.912575 0.646100
vt 0.904164 0.610431
vt 0.895488 0.610407
vt 0.895801 0.586620
vt 0.886956 0.586620
vt 0.856855 0.577776
vt 0.815090 0.561942
vt 0.757611 0.556953
vt 0.757563 0.485376
vt 0.814752 0.506319
vt 0.831261 0.532998
vt 0.847986 0.549241
vt 0.863242 0.558616
vt 0.873026 0.560496
vt 0.880329 0.571028
vt 0.887342 0.567027
vt 0.878136 0.552519
vt 0.866953 0.550591
vt 0.852614 0.540999
vt 0.839503 0.528009
vt 0.825260 0.503282
vt 0.800919 0.467470
vt 0.808028 0.462987
vt 0.797183 0.431753
vt 0.787881 0.431753
vt 0.710736 0.413967
vt 0.707049 0.342149
vt 0.638701 0.342004
vt 0.568931 0.341932
vt 0.638990 0.270331
vt 0.706374 0.270524
vt 0.759708 0.288599
vt 0.763732 0.324387
vt 0.768070 0.360176
vt 0.776313 0.395965
vt 0.786121 0.395989
vt 0.778096 0.360200
vt 0.773758 0.324436
vt 0.769709 0.288647
vt 0.767275 0.252858
vt 0.757274 0.252810
vt 0.706350 0.205429
vt 0.569076 0.270234
vt 0.639400 0.199067
vt 0.679406 0.145010
vt 0.569269 0.198537
vt 0.639737 0.144914
vt 0.642075 0.115873
vt 0.569437 0.144745
vt 0.509621 0.144649
vt 0.564666 0.092327
vt 0.642388 0.103028
vt 0.649570 0.109173
vt 0.681647 0.116427
vt 0.711291 0.140600
vt 0.695481 0.119127
vt 0.728570 0.162676
vt 0.717484 0.133490
vt 0.734788 0.156169
vt 0.751008 0.178895
vt 0.744091 0.185378
vt 0.757563 0.187643
vt 0.750574 0.195862
vt 0.757346 0.217045
vt 0.757973 0.197982
vt 0.768095 0.190005
vt 0.767372 0.217094
vt 0.701675 0.113993
vt 0.698012 0.105823
vt 0.685094 0.102305
vt 0.678418 0.109872
vt 0.649691 0.100449
vt 0.624337 0.072710
vt 0.619975 0.077506
vt 0.599852 0.051960
vt 0.595393 0.057069
vt 0.574643 0.032728
vt 0.570064 0.038102
vt 0.543192 0.020726
vt 0.545169 0.014701
vt 0.516755 0.003663
vt 0.509621 0.010917
vt 0.509621 0.002048
vt 0.502463 0.003663
vt 0.476050 0.020726
vt 0.474049 0.014701
vt 0.444599 0.032728
vt 0.449154 0.038102
vt 0.454576 0.092327
vt 0.509621 0.091966
vt 0.449805 0.144745
vt 0.449973 0.198537
vt 0.509621 0.198440
vt 0.509621 0.270186
vt 0.450287 0.341932
vt 0.450166 0.270234
vt 0.379842 0.199067
vt 0.379480 0.144914
vt 0.377167 0.115873
vt 0.338848 0.145083
vt 0.312868 0.205429
vt 0.380228 0.270331
vt 0.380517 0.342004
vt 0.312169 0.342149
vt 0.312868 0.270524
vt 0.261968 0.252810
vt 0.259534 0.288599
vt 0.255485 0.324387
vt 0.251172 0.360176
vt 0.245460 0.324436
vt 0.249509 0.288647
vt 0.251967 0.252858
vt 0.251870 0.217094
vt 0.261896 0.217045
vt 0.261245 0.197982
vt 0.268668 0.195862
vt 0.275127 0.185378
vt 0.261679 0.187643
vt 0.251123 0.190005
vt 0.268210 0.178895
vt 0.290672 0.162676
vt 0.284454 0.156169
vt 0.307927 0.140600
vt 0.301734 0.133490
vt 0.323761 0.119127
vt 0.317567 0.113993
vt 0.321231 0.105823
vt 0.337595 0.116427
vt 0.369672 0.109173
vt 0.376829 0.103028
vt 0.334124 0.102305
vt 0.340824 0.109872
vt 0.369527 0.100449
vt 0.394905 0.072710
vt 0.399243 0.077506
vt 0.419390 0.051960
vt 0.423849 0.057069
s 1
usemtl models_monsters_darklord_mech_darklord_mech_sword.001
f 1928/1839/1713 1929/1840/1714 1927/1841/1715
f 1926/1842/1716 1928/1839/1713 1927/1841/1715
f 1931/1843/1717 1928/1839/1713 1926/1842/1716
f 1927/1841/1715 1859/1844/1718 1926/1842/1716
f 1858/1845/1719 1859/1844/1718 1927/1841/1715
f 1858/1845/1719 1860/1846/1720 1859/1844/1718
f 1859/1844/1718 1860/1846/1720 1948/1847/1721
f 2044/1848/1722 1948/1847/1721 1860/1846/1720
f 1859/1844/1718 2062/1849/1723 1926/1842/1716
f 1948/1847/1721 1949/1850/1724 1859/1844/1718
f 2062/1849/1723 1859/1844/1718 1949/1850/1724
f 2062/1849/1723 1949/1850/1724 2034/1851/1725
f 2063/1852/1726 2062/1849/1723 2034/1851/1725
f 1930/1853/1727 2062/1849/1723 2063/1852/1726
f 1930/1853/1727 1926/1842/1716 2062/1849/1723
f 1930/1853/1727 1931/1843/1717 1926/1842/1716
f 1933/1854/1728 1931/1843/1717 1930/1853/1727
f 1932/1855/1729 1933/1854/1728 1930/1853/1727
f 1932/1855/1729 1930/1853/1727 2063/1852/1726
f 1932/1855/1729 1935/1856/1730 1933/1854/1728
f 1934/1857/1731 1935/1856/1730 1932/1855/1729
f 1936/1858/1732 1935/1856/1730 1934/1857/1731
f 1932/1855/1729 2064/1859/1733 1934/1857/1731
f 1932/1855/1729 2063/1852/1726 2064/1859/1733
f 2064/1859/1733 2063/1852/1726 1942/1860/1734
f 2063/1852/1726 2034/1851/1725 1942/1860/1734
f 2034/1851/1725 2035/1861/1735 1942/1860/1734
f 1949/1850/1724 2036/1862/1736 2034/1851/1725
f 2036/1862/1736 2035/1861/1735 2034/1851/1725
f 1949/1850/1724 1951/1863/1737 2036/1862/1736
f 1949/1850/1724 1948/1847/1721 1950/1864/1738
f 1951/1863/1737 1949/1850/1724 1950/1864/1738
f 1948/1847/1721 1946/1865/1739 1950/1864/1738
f 1946/1865/1739 1948/1847/1721 1947/1866/1740
f 1947/1866/1740 1948/1847/1721 2044/1848/1722
f 2018/1867/1741 1947/1866/1740 2044/1848/1722
f 2017/1868/1742 2018/1867/1741 2044/1848/1722
f 2017/1868/1742 2019/1869/1743 2018/1867/1741
f 2019/1869/1743 2020/1870/1744 2018/1867/1741
f 2018/1867/1741 2020/1870/1744 2021/1871/1745
f 1947/1866/1740 2018/1867/1741 2021/1871/1745
f 1947/1866/1740 2021/1871/1745 2022/1872/1746
f 1946/1865/1739 1947/1866/1740 2022/1872/1746
f 1946/1865/1739 2022/1872/1746 2023/1873/1747
f 1950/1864/1738 1946/1865/1739 2023/1873/1747
f 1950/1864/1738 2023/1873/1747 2037/1874/1748
f 1951/1863/1737 1950/1864/1738 2037/1874/1748
f 2037/1874/1748 2043/1875/1749 1951/1863/1737
f 2043/1875/1749 2036/1862/1736 1951/1863/1737
f 2043/1875/1749 2042/1876/1750 2036/1862/1736
f 2042/1876/1750 2035/1861/1735 2036/1862/1736
f 2042/1876/1750 2031/1877/1751 2035/1861/1735
f 2035/1861/1735 1843/1878/1752 1942/1860/1734
f 2031/1877/1751 1843/1878/1752 2035/1861/1735
f 2030/1879/1753 1842/1880/1754 2031/1877/1751
f 1842/1880/1754 1843/1878/1752 2031/1877/1751
f 2030/1879/1753 2033/1881/1755 1842/1880/1754
f 1842/1880/1754 1844/1882/1756 1843/1878/1752
f 1844/1882/1756 1842/1880/1754 2033/1881/1755
f 1844/1882/1756 1942/1860/1734 1843/1878/1752
f 1844/1882/1756 2032/1883/1757 1942/1860/1734
f 2032/1883/1757 1844/1882/1756 2033/1881/1755
f 2041/1884/1758 2032/1883/1757 2033/1881/1755
f 1941/1885/1759 2032/1883/1757 2041/1884/1758
f 2032/1883/1757 1941/1885/1759 1942/1860/1734
f 2041/1884/1758 1944/1886/1760 1941/1885/1759
f 1941/1885/1759 1943/1887/1761 1942/1860/1734
f 1941/1885/1759 1944/1886/1760 1943/1887/1761
f 1944/1886/1760 1945/1888/1762 1943/1887/1761
f 2040/1889/1763 1940/1890/1764 1945/1888/1762
f 1940/1890/1764 1943/1887/1761 1945/1888/1762
f 2040/1889/1763 1938/1891/1765 1940/1890/1764
f 1943/1887/1761 1940/1890/1764 2027/1892/1766
f 2027/1892/1766 1942/1860/1734 1943/1887/1761
f 2064/1859/1733 1942/1860/1734 2027/1892/1766
f 2028/1893/1767 2064/1859/1733 2027/1892/1766
f 1934/1857/1731 2064/1859/1733 2028/1893/1767
f 1870/1894/1768 1934/1857/1731 2028/1893/1767
f 1870/1894/1768 1936/1858/1732 1934/1857/1731
f 2028/1893/1767 1869/1895/1769 1870/1894/1768
f 1869/1895/1769 2028/1893/1767 2027/1892/1766
f 1939/1896/1770 1869/1895/1769 2027/1892/1766
f 1940/1890/1764 1939/1896/1770 2027/1892/1766
f 1939/1896/1770 1940/1890/1764 1938/1891/1765
f 1937/1897/1771 1939/1896/1770 1938/1891/1765
f 2029/1898/1772 1939/1896/1770 1937/1897/1771
f 1939/1896/1770 2029/1898/1772 2026/1899/1773
f 1869/1895/1769 1939/1896/1770 2026/1899/1773
f 1874/1900/1774 1869/1895/1769 2026/1899/1773
f 2025/1901/1775 1874/1900/1774 2026/1899/1773
f 1869/1895/1769 1849/1902/1776 1870/1894/1768
f 1869/1895/1769 1874/1900/1774 1849/1902/1776
f 1849/1902/1776 1936/1858/1732 1870/1894/1768
f 1864/1903/1777 1936/1858/1732 1849/1902/1776
f 1849/1902/1776 1865/1904/1778 1864/1903/1777
f 1864/1903/1777 1919/1905/1779 2400/1906/1780
f 1865/1904/1778 1919/1905/1779 1864/1903/1777
f 1918/1907/1781 1919/1905/1779 1865/1904/1778
f 1917/1908/1782 1919/1905/1779 1918/1907/1781
f 2296/1909/1783 1919/1905/1779 1917/1908/1782
f 1918/1907/1781 1865/1904/1778 2038/1910/1784
f 2038/1910/1784 1865/1904/1778 2039/1911/1785
f 1865/1904/1778 1849/1902/1776 2024/1912/1786
f 1865/1904/1778 2024/1912/1786 2039/1911/1785
f 1849/1902/1776 1850/1913/1787 2024/1912/1786
f 2039/1911/1785 2024/1912/1786 1850/1913/1787
f 1849/1902/1776 1848/1914/1788 1850/1913/1787
f 1874/1900/1774 1848/1914/1788 1849/1902/1776
f 1848/1914/1788 1874/1900/1774 1854/1915/1789
f 1874/1900/1774 2025/1901/1775 1854/1915/1789
f 1854/1915/1789 1855/1916/1790 1848/1914/1788
f 1855/1916/1790 1850/1913/1787 1848/1914/1788
f 1855/1916/1790 2039/1911/1785 1850/1913/1787
f 2068/1917/1791 2075/1918/1792 2074/1919/1793
f 2066/1920/1794 2068/1917/1791 2074/1919/1793
f 2066/1920/1794 2074/1919/1793 2076/1921/1795
f 2066/1920/1794 2067/1922/1796 2068/1917/1791
f 2065/1923/1797 2067/1922/1796 2066/1920/1794
f 2057/1924/1798 2067/1922/1796 2065/1923/1797
f 2066/1920/1794 2070/1925/1799 2065/1923/1797
f 2070/1925/1799 2066/1920/1794 2076/1921/1795
f 2070/1925/1799 2076/1921/1795 2077/1926/1800
f 2072/1927/1801 2070/1925/1799 2077/1926/1800
f 2072/1927/1801 2077/1926/1800 2078/1928/1802
f 2072/1927/1801 2069/1929/1803 2070/1925/1799
f 2069/1929/1803 2065/1923/1797 2070/1925/1799
f 2055/1930/1804 2065/1923/1797 2069/1929/1803
f 2055/1930/1804 2057/1924/1798 2065/1923/1797
f 2056/1931/1805 2057/1924/1798 2055/1930/1804
f 2054/1932/1806 2056/1931/1805 2055/1930/1804
f 1953/1933/1807 2056/1931/1805 2054/1932/1806
f 2055/1930/1804 2059/1934/1808 2054/1932/1806
f 2059/1934/1808 2055/1930/1804 2069/1929/1803
f 2059/1934/1808 2069/1929/1803 2071/1935/1809
f 2071/1935/1809 2069/1929/1803 2072/1927/1801
f 2071/1935/1809 2072/1927/1801 1879/1936/1810
f 2073/1937/1811 2072/1927/1801 2078/1928/1802
f 2072/1927/1801 2073/1937/1811 1879/1936/1810
f 2078/1928/1802 1963/1938/1812 2073/1937/1811
f 1879/1936/1810 2073/1937/1811 1963/1938/1812
f 2078/1928/1802 1970/1939/1813 1963/1938/1812
f 1963/1938/1812 1970/1939/1813 1922/1940/1814
f 1970/1939/1813 1924/1941/1815 1922/1940/1814
f 1922/1940/1814 1924/1941/1815 1923/1942/1816
f 1924/1941/1815 1925/1943/1817 1923/1942/1816
f 1910/1944/1818 1911/1945/1819 1925/1943/1817
f 1911/1945/1819 1923/1942/1816 1925/1943/1817
f 1911/1945/1819 1969/1946/1820 1923/1942/1816
f 1923/1942/1816 1969/1946/1820 1968/1947/1821
f 1903/1948/1822 1923/1942/1816 1968/1947/1821
f 1903/1948/1822 1922/1940/1814 1923/1942/1816
f 1968/1947/1821 1907/1949/1823 1903/1948/1822
f 1968/1947/1821 1975/1950/1824 1907/1949/1823
f 1968/1947/1821 1969/1946/1820 1975/1950/1824
f 1969/1946/1820 1911/1945/1819 1973/1951/1825
f 1969/1946/1820 1973/1951/1825 1975/1950/1824
f 1911/1945/1819 1913/1952/1826 1973/1951/1825
f 1910/1944/1818 1912/1953/1827 1911/1945/1819
f 1912/1953/1827 1913/1952/1826 1911/1945/1819
f 1910/1944/1818 1974/1954/1828 1912/1953/1827
f 1974/1954/1828 1910/1944/1818 2350/1955/1829
f 1975/1950/1824 1972/1956/1830 1907/1949/1823
f 1902/1957/1831 1903/1948/1822 1907/1949/1823
f 1902/1957/1831 1907/1949/1823 1972/1956/1830
f 1971/1958/1832 1902/1957/1831 1972/1956/1830
f 1971/1958/1832 1976/1959/1833 1902/1957/1831
f 1901/1960/1834 1903/1948/1822 1902/1957/1831
f 1976/1959/1833 1901/1960/1834 1902/1957/1831
f 1903/1948/1822 1967/1961/1835 1922/1940/1814
f 1903/1948/1822 1901/1960/1834 1967/1961/1835
f 1976/1959/1833 1977/1962/1836 1901/1960/1834
f 1977/1962/1836 1967/1961/1835 1901/1960/1834
f 1977/1962/1836 1978/1963/1837 1967/1961/1835
f 1978/1963/1837 1966/1964/1838 1967/1961/1835
f 1966/1964/1838 1922/1940/1814 1967/1961/1835
f 1978/1963/1837 1988/1965/1839 1966/1964/1838
f 1922/1940/1814 1966/1964/1838 1965/1966/1840
f 1965/1966/1840 1966/1964/1838 1988/1965/1839
f 1965/1966/1840 1963/1938/1812 1922/1940/1814
f 1989/1967/1841 1964/1968/1842 1965/1966/1840
f 1965/1966/1840 1964/1968/1842 1963/1938/1812
f 1965/1966/1840 1988/1965/1839 1989/1967/1841
f 1964/1968/1842 1989/1967/1841 1962/1969/1843
f 1878/1970/1844 1964/1968/1842 1962/1969/1843
f 1963/1938/1812 1964/1968/1842 1878/1970/1844
f 1879/1936/1810 1963/1938/1812 1878/1970/1844
f 1877/1971/1845 1879/1936/1810 1878/1970/1844
f 1877/1971/1845 1878/1970/1844 1961/1972/1846
f 1878/1970/1844 1962/1969/1843 1961/1972/1846
f 1877/1971/1845 1961/1972/1846 1980/1973/1847
f 1877/1971/1845 1980/1973/1847 1879/1936/1810
f 1961/1972/1846 1990/1974/1848 1980/1973/1847
f 1980/1973/1847 1990/1974/1848 1991/1975/1849
f 1979/1976/1850 1980/1973/1847 1991/1975/1849
f 1991/1975/1849 2050/1977/1851 1979/1976/1850
f 1979/1976/1850 1981/1978/1852 1980/1973/1847
f 1980/1973/1847 1981/1978/1852 1879/1936/1810
f 2071/1935/1809 1879/1936/1810 1981/1978/1852
f 2061/1979/1853 2071/1935/1809 1981/1978/1852
f 2061/1979/1853 2059/1934/1808 2071/1935/1809
f 2058/1980/1854 2059/1934/1808 2061/1979/1853
f 2058/1980/1854 2054/1932/1806 2059/1934/1808
f 1952/1981/1855 2054/1932/1806 2058/1980/1854
f 1952/1981/1855 1953/1933/1807 2054/1932/1806
f 1952/1981/1855 1954/1982/1856 1953/1933/1807
f 1953/1933/1807 1954/1982/1856 2016/1983/1857
f 1954/1982/1856 2015/1984/1858 2016/1983/1857
f 2014/1985/1859 2015/1984/1858 1954/1982/1856
f 1960/1986/1860 2014/1985/1859 1954/1982/1856
f 1960/1986/1860 1954/1982/1856 1952/1981/1855
f 1960/1986/1860 2013/1987/1861 2014/1985/1859
f 1952/1981/1855 1959/1988/1862 1960/1986/1860
f 1960/1986/1860 2012/1989/1863 2013/1987/1861
f 2012/1989/1863 1960/1986/1860 1959/1988/1862
f 2012/1989/1863 2010/1990/1864 2013/1987/1861
f 2012/1989/1863 1959/1988/1862 2010/1990/1864
f 2010/1990/1864 2011/1991/1865 2013/1987/1861
f 1956/1992/1866 2011/1991/1865 2010/1990/1864
f 1955/1993/1867 1956/1992/1866 2010/1990/1864
f 2010/1990/1864 1959/1988/1862 1955/1993/1867
f 1955/1993/1867 1957/1994/1868 1956/1992/1866
f 1955/1993/1867 1959/1988/1862 1957/1994/1868
f 1957/1994/1868 1958/1995/1869 1956/1992/1866
f 1959/1988/1862 2005/1996/1870 1957/1994/1868
f 1958/1995/1869 1957/1994/1868 2004/1997/1871
f 2004/1997/1871 1957/1994/1868 2005/1996/1870
f 2004/1997/1871 2045/1998/1872 1958/1995/1869
f 2005/1996/1870 2006/1999/1873 2004/1997/1871
f 2045/1998/1872 2004/1997/1871 2006/1999/1873
f 2046/2000/1874 2045/1998/1872 2006/1999/1873
f 2006/1999/1873 2009/2001/1875 2046/2000/1874
f 2009/2001/1875 2051/2002/1876 2046/2000/1874
f 2006/1999/1873 2008/2003/1877 2009/2001/1875
f 2006/1999/1873 2005/1996/1870 2008/2003/1877
f 2008/2003/1877 2007/2004/1878 2009/2001/1875
f 2009/2001/1875 2007/2004/1878 2051/2002/1876
f 2007/2004/1878 2047/2005/1879 2051/2002/1876
f 2047/2005/1879 2007/2004/1878 1985/2006/1880
f 1987/2007/1881 2047/2005/1879 1985/2006/1880
f 1986/2008/1882 1987/2007/1881 1985/2006/1880
f 1890/2009/1883 1986/2008/1882 1985/2006/1880
f 2003/2010/1884 1986/2008/1882 1890/2009/1883
f 1985/2006/1880 1889/2011/1885 1890/2009/1883
f 1985/2006/1880 2007/2004/1878 1889/2011/1885
f 2007/2004/1878 2008/2003/1877 1889/2011/1885
f 1889/2011/1885 2008/2003/1877 1982/2012/1886
f 2008/2003/1877 2005/1996/1870 2053/2013/1887
f 2008/2003/1877 2053/2013/1887 1982/2012/1886
f 2005/1996/1870 1959/1988/1862 2052/2014/1888
f 2005/1996/1870 2052/2014/1888 2053/2013/1887
f 1959/1988/1862 1952/1981/1855 2052/2014/1888
f 2052/2014/1888 1952/1981/1855 2058/1980/1854
f 2052/2014/1888 2058/1980/1854 2060/2015/1889
f 2053/2013/1887 2052/2014/1888 2060/2015/1889
f 2053/2013/1887 2060/2015/1889 1995/2016/1890
f 1982/2012/1886 2053/2013/1887 1995/2016/1890
f 2060/2015/1889 2061/1979/1853 1995/2016/1890
f 2060/2015/1889 2058/1980/1854 2061/1979/1853
f 2061/1979/1853 1981/1978/1852 1995/2016/1890
f 1979/1976/1850 1997/2017/1891 1981/1978/1852
f 1997/2017/1891 1995/2016/1890 1981/1978/1852
f 1979/1976/1850 2050/1977/1851 1997/2017/1891
f 2050/1977/1851 2049/2018/1892 1997/2017/1891
f 1997/2017/1891 1996/2019/1893 1995/2016/1890
f 2049/2018/1892 1996/2019/1893 1997/2017/1891
f 1995/2016/1890 1996/2019/1893 1982/2012/1886
f 1982/2012/1886 1983/2020/1894 1889/2011/1885
f 1996/2019/1893 1994/2021/1895 1982/2012/1886
f 1994/2021/1895 1983/2020/1894 1982/2012/1886
f 1996/2019/1893 2048/2022/1896 1994/2021/1895
f 2049/2018/1892 2048/2022/1896 1996/2019/1893
f 2048/2022/1896 1992/2023/1897 1994/2021/1895
f 1992/2023/1897 1983/2020/1894 1994/2021/1895
f 1983/2020/1894 1992/2023/1897 1984/2024/1898
f 1983/2020/1894 1984/2024/1898 1889/2011/1885
f 1889/2011/1885 1891/2025/1899 1890/2009/1883
f 1984/2024/1898 1891/2025/1899 1889/2011/1885
f 1890/2009/1883 1892/2026/1900 2003/2010/1884
f 1891/2025/1899 1893/2027/1901 1890/2009/1883
f 1892/2026/1900 1890/2009/1883 1893/2027/1901
f 1891/2025/1899 1999/2028/1902 1893/2027/1901
f 1999/2028/1902 1891/2025/1899 1984/2024/1898
f 1993/2029/1903 1999/2028/1902 1984/2024/1898
f 1992/2023/1897 1993/2029/1903 1984/2024/1898
f 1999/2028/1902 1998/2030/1904 1893/2027/1901
f 1893/2027/1901 1998/2030/1904 1896/2031/1905
f 1998/2030/1904 2000/2032/1906 1896/2031/1905
f 1893/2027/1901 1896/2031/1905 1897/2033/1907
f 1892/2026/1900 1893/2027/1901 1897/2033/1907
f 2003/2010/1884 1892/2026/1900 1897/2033/1907
f 2002/2034/1908 2003/2010/1884 1897/2033/1907
f 1897/2033/1907 1895/2035/1909 2002/2034/1908
f 1895/2035/1909 1897/2033/1907 1896/2031/1905
f 1896/2031/1905 2000/2032/1906 1895/2035/1909
f 2000/2032/1906 2001/2036/1910 1895/2035/1909
f 1895/2035/1909 2001/2036/1910 2002/2034/1908
f 2393/2037/1911 2392/2038/1912 2394/2039/1913
f 2392/2038/1912 2328/2040/1914 2394/2039/1913
f 2434/2041/1915 2394/2039/1913 2328/2040/1914
f 2392/2038/1912 2330/2042/1916 2328/2040/1914
f 2392/2038/1912 2391/2043/1917 2330/2042/1916
f 2391/2043/1917 2390/2044/1918 2330/2042/1916
f 2390/2044/1918 2389/2045/1919 2335/2046/1920
f 2390/2044/1918 2335/2046/1920 2330/2042/1916
f 2328/2040/1914 2330/2042/1916 2329/2047/1921
f 2330/2042/1916 2335/2046/1920 2329/2047/1921
f 2329/2047/1921 2433/2048/1922 2328/2040/1914
f 2433/2048/1922 2434/2041/1915 2328/2040/1914
f 2433/2048/1922 2435/2049/1923 2434/2041/1915
f 2437/2050/1924 2438/2051/1925 2433/2048/1922
f 2438/2051/1925 2435/2049/1923 2433/2048/1922
f 2437/2050/1924 2433/2048/1922 2329/2047/1921
f 2431/2052/1926 2437/2050/1924 2329/2047/1921
f 2431/2052/1926 2329/2047/1921 2336/2053/1927
f 2335/2046/1920 2336/2053/1927 2329/2047/1921
f 2389/2045/1919 2388/2054/1928 2335/2046/1920
f 2336/2053/1927 2335/2046/1920 2388/2054/1928
f 2389/2045/1919 2387/2055/1929 2388/2054/1928
f 2387/2055/1929 2336/2053/1927 2388/2054/1928
f 2389/2045/1919 2386/2056/1930 2387/2055/1929
f 2386/2056/1930 2332/2057/1931 2387/2055/1929
f 2332/2057/1931 2334/2058/1932 2387/2055/1929
f 2334/2058/1932 2336/2053/1927 2387/2055/1929
f 2332/2057/1931 2333/2059/1933 2334/2058/1932
f 2333/2059/1933 2336/2053/1927 2334/2058/1932
f 2336/2053/1927 2333/2059/1933 2380/2060/1934
f 2380/2060/1934 2431/2052/1926 2336/2053/1927
f 2432/2061/1935 2431/2052/1926 2380/2060/1934
f 2432/2061/1935 2439/2062/1936 2431/2052/1926
f 2439/2062/1936 2437/2050/1924 2431/2052/1926
f 2439/2062/1936 2440/2063/1937 2437/2050/1924
f 2440/2063/1937 2438/2051/1925 2437/2050/1924
f 2439/2062/1936 2371/2064/1938 2440/2063/1937
f 2371/2064/1938 2439/2062/1936 2432/2061/1935
f 2360/2065/1939 2371/2064/1938 2432/2061/1935
f 2360/2065/1939 2432/2061/1935 2384/2066/1940
f 2384/2066/1940 2432/2061/1935 2380/2060/1934
f 2380/2060/1934 2382/2067/1941 2384/2066/1940
f 2333/2059/1933 2381/2068/1942 2380/2060/1934
f 2380/2060/1934 2381/2068/1942 2382/2067/1941
f 2333/2059/1933 2332/2057/1931 2331/2069/1943
f 2333/2059/1933 2331/2069/1943 2381/2068/1942
f 2331/2069/1943 2424/2070/1944 2381/2068/1942
f 2381/2068/1942 2424/2070/1944 2382/2067/1941
f 2424/2070/1944 2425/2071/1945 2382/2067/1941
f 2382/2067/1941 2385/2072/1946 2384/2066/1940
f 2385/2072/1946 2382/2067/1941 2425/2071/1945
f 2430/2073/1947 2385/2072/1946 2425/2071/1945
f 2383/2074/1948 2385/2072/1946 2430/2073/1947
f 2384/2066/1940 2385/2072/1946 2383/2074/1948
f 2271/2075/1949 2384/2066/1940 2383/2074/1948
f 2271/2075/1949 2360/2065/1939 2384/2066/1940
f 2383/2074/1948 2361/2076/1950 2271/2075/1949
f 2430/2073/1947 2426/2077/1951 2383/2074/1948
f 2361/2076/1950 2383/2074/1948 2426/2077/1951
f 2362/2078/1952 2361/2076/1950 2426/2077/1951
f 2362/2078/1952 2363/2079/1953 2361/2076/1950
f 2361/2076/1950 2270/2080/1954 2271/2075/1949
f 2363/2079/1953 2270/2080/1954 2361/2076/1950
f 2270/2080/1954 2363/2079/1953 2379/2081/1955
f 2274/2082/1956 2270/2080/1954 2379/2081/1955
f 2278/2083/1957 2274/2082/1956 2379/2081/1955
f 2378/2084/1958 2278/2083/1957 2379/2081/1955
f 2274/2082/1956 2273/2085/1959 2270/2080/1954
f 2274/2082/1956 2278/2083/1957 2273/2085/1959
f 2273/2085/1959 2272/2086/1960 2270/2080/1954
f 2270/2080/1954 2272/2086/1960 2271/2075/1949
f 2359/2087/1961 2360/2065/1939 2271/2075/1949
f 2358/2088/1962 2359/2087/1961 2271/2075/1949
f 2271/2075/1949 2272/2086/1960 2358/2088/1962
f 2375/2089/1963 2272/2086/1960 2273/2085/1959
f 2272/2086/1960 2375/2089/1963 2358/2088/1962
f 2273/2085/1959 2374/2090/1964 2375/2089/1963
f 2375/2089/1963 2368/2091/1965 2358/2088/1962
f 2368/2091/1965 2369/2092/1966 2358/2088/1962
f 2369/2092/1966 2359/2087/1961 2358/2088/1962
f 2370/2093/1967 2359/2087/1961 2369/2092/1966
f 2360/2065/1939 2359/2087/1961 2370/2093/1967
f 2369/2092/1966 2427/2094/1968 2370/2093/1967
f 2360/2065/1939 2370/2093/1967 2372/2095/1969
f 2370/2093/1967 2427/2094/1968 2372/2095/1969
f 2372/2095/1969 2371/2064/1938 2360/2065/1939
f 2427/2094/1968 2428/2096/1970 2372/2095/1969
f 2371/2064/1938 2372/2095/1969 2373/2097/1971
f 2372/2095/1969 2428/2096/1970 2373/2097/1971
f 2428/2096/1970 2429/2098/1972 2373/2097/1971
f 2373/2097/1971 2429/2098/1972 2356/2099/1973
f 2429/2098/1972 2367/2100/1974 2356/2099/1973
f 2373/2097/1971 2356/2099/1973 2357/2101/1975
f 2371/2064/1938 2373/2097/1971 2357/2101/1975
f 2357/2101/1975 2440/2063/1937 2371/2064/1938
f 2450/2102/1976 2440/2063/1937 2357/2101/1975
f 2440/2063/1937 2450/2102/1976 2438/2051/1925
f 2438/2051/1925 2448/2103/1977 2435/2049/1923
f 2450/2102/1976 2448/2103/1977 2438/2051/1925
f 2435/2049/1923 2444/2104/1978 2453/2105/1979
f 2448/2103/1977 2444/2104/1978 2435/2049/1923
f 2448/2103/1977 2449/2106/1980 2444/2104/1978
f 2451/2107/1981 2449/2106/1980 2448/2103/1977
f 2450/2102/1976 2451/2107/1981 2448/2103/1977
f 2451/2107/1981 2450/2102/1976 2260/2108/1982
f 2260/2108/1982 2450/2102/1976 2357/2101/1975
f 2357/2101/1975 2355/2109/1983 2260/2108/1982
f 2355/2109/1983 2357/2101/1975 2356/2099/1973
f 2356/2099/1973 2367/2100/1974 2355/2109/1983
f 2367/2100/1974 2366/2110/1984 2355/2109/1983
f 2366/2110/1984 2338/2111/1985 2355/2109/1983
f 2338/2111/1985 2259/2112/1986 2355/2109/1983
f 2355/2109/1983 2259/2112/1986 2260/2108/1982
f 2338/2111/1985 2258/2113/1987 2259/2112/1986
f 2258/2113/1987 2260/2108/1982 2259/2112/1986
f 2338/2111/1985 2337/2114/1988 2258/2113/1987
f 2258/2113/1987 2340/2115/1989 2260/2108/1982
f 2337/2114/1988 2339/2116/1990 2258/2113/1987
f 2339/2116/1990 2340/2115/1989 2258/2113/1987
f 2337/2114/1988 2365/2117/1991 2339/2116/1990
f 2340/2115/1989 2339/2116/1990 2341/2118/1992
f 2339/2116/1990 2365/2117/1991 2341/2118/1992
f 2365/2117/1991 2364/2119/1993 2341/2118/1992
f 2341/2118/1992 2364/2119/1993 2342/2120/1994
f 2364/2119/1993 2354/2121/1995 2342/2120/1994
f 2341/2118/1992 2342/2120/1994 2298/2122/1996
f 2340/2115/1989 2341/2118/1992 2298/2122/1996
f 2342/2120/1994 2343/2123/1997 2298/2122/1996
f 2342/2120/1994 2354/2121/1995 2343/2123/1997
f 2354/2121/1995 2353/2124/1998 2343/2123/1997
f 2352/2125/1999 2283/2126/2000 2353/2124/1998
f 2283/2126/2000 2343/2123/1997 2353/2124/1998
f 2343/2123/1997 2283/2126/2000 2284/2127/2001
f 2298/2122/1996 2343/2123/1997 2284/2127/2001
f 2283/2126/2000 2282/2128/2002 2284/2127/2001
f 2282/2128/2002 2283/2126/2000 2352/2125/1999
f 2348/2129/2003 2282/2128/2002 2352/2125/1999
f 2282/2128/2002 2348/2129/2003 2347/2130/2004
f 2288/2131/2005 2282/2128/2002 2347/2130/2004
f 2288/2131/2005 2284/2127/2001 2282/2128/2002
f 2347/2130/2004 2351/2132/2006 2288/2131/2005
f 2288/2131/2005 2344/2133/2007 2284/2127/2001
f 2351/2132/2006 2344/2133/2007 2288/2131/2005
f 2344/2133/2007 2300/2134/2008 2284/2127/2001
f 2300/2134/2008 2298/2122/1996 2284/2127/2001
f 2344/2133/2007 2345/2135/2009 2300/2134/2008
f 2345/2135/2009 2344/2133/2007 2351/2132/2006
f 2349/2136/2010 2345/2135/2009 2351/2132/2006
f 2293/2137/2011 2345/2135/2009 2349/2136/2010
f 2300/2134/2008 2345/2135/2009 2293/2137/2011
f 2349/2136/2010 2294/2138/2012 2293/2137/2011
f 2293/2137/2011 2294/2138/2012 2292/2139/2013
f 2291/2140/2014 2293/2137/2011 2292/2139/2013
f 2293/2137/2011 2291/2140/2014 2301/2141/2015
f 2300/2134/2008 2293/2137/2011 2301/2141/2015
f 2300/2134/2008 2301/2141/2015 2299/2142/2016
f 2298/2122/1996 2300/2134/2008 2299/2142/2016
f 2299/2142/2016 2346/2143/2017 2298/2122/1996
f 2346/2143/2017 2340/2115/1989 2298/2122/1996
f 2346/2143/2017 2460/2144/2018 2340/2115/1989
f 2340/2115/1989 2452/2145/2019 2260/2108/1982
f 2460/2144/2018 2452/2145/2019 2340/2115/1989
f 2452/2145/2019 2451/2107/1981 2260/2108/1982
f 2452/2145/2019 2460/2144/2018 2451/2107/1981
f 2460/2144/2018 2459/2146/2020 2451/2107/1981
f 2451/2107/1981 2459/2146/2020 2449/2106/1980
f 2459/2146/2020 2458/2147/1795 2449/2106/1980
f 2449/2106/1980 2458/2147/1795 2446/2148/2021
f 2458/2147/1795 2456/2149/2022 2446/2148/2021
f 2449/2106/1980 2446/2148/2021 2444/2104/1978
f 2456/2149/2022 2455/2150/2023 2446/2148/2021
f 2444/2104/1978 2446/2148/2021 2445/2151/2024
f 2395/2152/2025 2397/2153/2026 2396/2154/2027
f 2397/2153/2026 2322/2155/2028 2396/2154/2027
f 2322/2155/2028 2397/2153/2026 2423/2156/2029
f 2322/2155/2028 2398/2157/2030 2396/2154/2027
f 2322/2155/2028 2323/2158/2031 2398/2157/2030
f 2398/2157/2030 2323/2158/2031 2399/2159/2032
f 2322/2155/2028 2324/2160/2033 2323/2158/2031
f 2324/2160/2033 2322/2155/2028 2423/2156/2029
f 2324/2160/2033 2325/2161/2034 2323/2158/2031
f 2323/2158/2031 2325/2161/2034 2399/2159/2032
f 2399/2159/2032 2325/2161/2034 2414/2162/2035
f 2325/2161/2034 2327/2163/2036 2414/2162/2035
f 2422/2164/2037 2414/2162/2035 2327/2163/2036
f 2325/2161/2034 2326/2165/2038 2327/2163/2036
f 2324/2160/2033 2326/2165/2038 2325/2161/2034
f 2326/2165/2038 2413/2166/2039 2327/2163/2036
f 2413/2166/2039 2422/2164/2037 2327/2163/2036
f 2421/2167/2040 2422/2164/2037 2413/2166/2039
f 2412/2168/2041 2421/2167/2040 2413/2166/2039
f 2407/2169/2042 2421/2167/2040 2412/2168/2041
f 2413/2166/2039 2411/2170/2043 2412/2168/2041
f 2411/2170/2043 2413/2166/2039 2326/2165/2038
f 2411/2170/2043 2326/2165/2038 2441/2171/2044
f 2441/2171/2044 2326/2165/2038 2241/2172/2045
f 2326/2165/2038 2324/2160/2033 2241/2172/2045
f 2324/2160/2033 2243/2173/2046 2241/2172/2045
f 2243/2173/2046 2324/2160/2033 2423/2156/2029
f 2436/2174/2047 2243/2173/2046 2423/2156/2029
f 2241/2172/2045 2243/2173/2046 2242/2175/2048
f 2454/2176/2049 2242/2175/2048 2243/2173/2046
f 2242/2175/2048 2304/2177/2050 2241/2172/2045
f 2447/2178/2051 2304/2177/2050 2242/2175/2048
f 2241/2172/2045 2302/2179/2052 2441/2171/2044
f 2304/2177/2050 2302/2179/2052 2241/2172/2045
f 2302/2179/2052 2306/2180/2053 2441/2171/2044
f 2442/2181/2054 2411/2170/2043 2441/2171/2044
f 2442/2181/2054 2441/2171/2044 2306/2180/2053
f 2442/2181/2054 2317/2182/2055 2411/2170/2043
f 2411/2170/2043 2317/2182/2055 2412/2168/2041
f 2317/2182/2055 2225/2183/2056 2412/2168/2041
f 2225/2183/2056 2407/2169/2042 2412/2168/2041
f 2225/2183/2056 2226/2184/2057 2407/2169/2042
f 2226/2184/2057 2408/2185/2058 2407/2169/2042
f 2408/2185/2058 2226/2184/2057 2410/2186/2059
f 2225/2183/2056 2227/2187/2060 2226/2184/2057
f 2226/2184/2057 2227/2187/2060 2410/2186/2059
f 2225/2183/2056 2317/2182/2055 2227/2187/2060
f 2227/2187/2060 2409/2188/2061 2410/2186/2059
f 2317/2182/2055 2409/2188/2061 2227/2187/2060
f 2409/2188/2061 2420/2189/2062 2410/2186/2059
f 2317/2182/2055 2318/2190/2063 2409/2188/2061
f 2409/2188/2061 2318/2190/2063 2420/2189/2062
f 2318/2190/2063 2321/2191/2064 2420/2189/2062
f 2317/2182/2055 2319/2192/2065 2318/2190/2063
f 2321/2191/2064 2318/2190/2063 2319/2192/2065
f 2320/2193/2066 2321/2191/2064 2319/2192/2065
f 2319/2192/2065 2313/2194/2067 2320/2193/2066
f 2313/2194/2067 2419/2195/2068 2320/2193/2066
f 2313/2194/2067 2314/2196/2069 2419/2195/2068
f 2313/2194/2067 2315/2197/2070 2314/2196/2069
f 2315/2197/2070 2316/2198/2071 2314/2196/2069
f 2316/2198/2071 2315/2197/2070 2406/2199/2072
f 2402/2200/2073 2406/2199/2072 2315/2197/2070
f 2250/2201/2074 2402/2200/2073 2315/2197/2070
f 2315/2197/2070 2404/2202/2075 2250/2201/2074
f 2315/2197/2070 2313/2194/2067 2404/2202/2075
f 2313/2194/2067 2319/2192/2065 2404/2202/2075
f 2319/2192/2065 2317/2182/2055 2404/2202/2075
f 2443/2203/2076 2317/2182/2055 2442/2181/2054
f 2404/2202/2075 2317/2182/2055 2443/2203/2076
f 2405/2204/2077 2404/2202/2075 2443/2203/2076
f 2404/2202/2075 2405/2204/2077 2250/2201/2074
f 2443/2203/2076 2310/2205/2078 2405/2204/2077
f 2250/2201/2074 2405/2204/2077 2251/2206/2079
f 2251/2206/2079 2405/2204/2077 2310/2205/2078
f 2251/2206/2079 2231/2207/2080 2250/2201/2074
f 2250/2201/2074 2255/2208/2081 2402/2200/2073
f 2231/2207/2080 2255/2208/2081 2250/2201/2074
f 2255/2208/2081 2403/2209/2082 2402/2200/2073
f 2403/2209/2082 2255/2208/2081 2238/2210/2083
f 2255/2208/2081 2232/2211/2084 2238/2210/2083
f 2231/2207/2080 2232/2211/2084 2255/2208/2081
f 2232/2211/2084 2237/2212/2085 2238/2210/2083
f 2231/2207/2080 2233/2213/2086 2232/2211/2084
f 2233/2213/2086 2237/2212/2085 2232/2211/2084
f 2418/2214/2087 2237/2212/2085 2233/2213/2086
f 2401/2215/2088 2418/2214/2087 2233/2213/2086
f 2231/2207/2080 2401/2215/2088 2233/2213/2086
f 2401/2215/2088 2231/2207/2080 2248/2216/2089
f 2418/2214/2087 2401/2215/2088 2248/2216/2089
f 2415/2217/2090 2418/2214/2087 2248/2216/2089
f 2415/2217/2090 2248/2216/2089 2416/2218/2091
f 2248/2216/2089 2417/2219/2092 2416/2218/2091
f 2231/2207/2080 2247/2220/2093 2248/2216/2089
f 2251/2206/2079 2312/2221/2094 2231/2207/2080
f 2312/2221/2094 2247/2220/2093 2231/2207/2080
f 2251/2206/2079 2310/2205/2078 2312/2221/2094
f 2310/2205/2078 2311/2222/1730 2312/2221/2094
f 2310/2205/2078 2308/2223/2095 2311/2222/1730
f 2310/2205/2078 2443/2203/2076 2308/2223/2095
f 2443/2203/2076 2442/2181/2054 2308/2223/2095
f 2308/2223/2095 2442/2181/2054 2306/2180/2053
f 2308/2223/2095 2306/2180/2053 2309/2224/1728
f 2308/2223/2095 2309/2224/1728 2311/2222/1730
f 2306/2180/2053 2307/2225/2096 2309/2224/1728
f 2306/2180/2053 2302/2179/2052 2307/2225/2096
f 2302/2179/2052 2303/2226/1713 2307/2225/2096
f 2302/2179/2052 2304/2177/2050 2303/2226/1713
f 2304/2177/2050 2305/2227/2097 2303/2226/1713
f 2457/2228/2098 2305/2227/2097 2304/2177/2050
f 1914/2229/2099 1916/2140/2100 1915/2230/2101
f 2295/2139/2102 1916/2140/2100 1914/2229/2099
f 1916/2140/2100 2083/2231/2103 1915/2230/2101
f 2083/2231/2103 2127/2232/2104 1915/2230/2101
f 2126/2233/2105 2127/2232/2104 2083/2231/2103
f 2122/2234/2106 2126/2233/2105 2083/2231/2103
f 2128/2235/2107 2126/2233/2105 2122/2234/2106
f 2083/2231/2103 2080/2236/2108 2122/2234/2106
f 1916/2140/2100 2079/2141/2109 2083/2231/2103
f 2079/2141/2109 2080/2236/2108 2083/2231/2103
f 1916/2140/2100 2463/2137/2110 2079/2141/2109
f 1916/2140/2100 2295/2139/2102 2463/2137/2110
f 2295/2139/2102 2499/2138/2111 2463/2137/2110
f 2499/2138/2111 2500/2136/2112 2463/2137/2110
f 2500/2136/2112 2496/2135/2113 2463/2137/2110
f 2500/2136/2112 2501/2132/2114 2496/2135/2113
f 2496/2135/2113 2461/2134/2115 2463/2137/2110
f 2461/2134/2115 2079/2141/2109 2463/2137/2110
f 2079/2141/2109 2461/2134/2115 2081/2142/2116
f 2079/2141/2109 2081/2142/2116 2080/2236/2108
f 2081/2142/2116 2082/2237/2117 2080/2236/2108
f 2082/2237/2117 1905/2238/2118 2080/2236/2108
f 1905/2238/2118 1908/2239/2119 2080/2236/2108
f 2122/2234/2106 2080/2236/2108 1908/2239/2119
f 1908/2239/2119 2128/2235/2107 2122/2234/2106
f 1908/2239/2119 1905/2238/2118 1909/2240/2120
f 1908/2239/2119 1909/2240/2120 2128/2235/2107
f 1909/2240/2120 2125/2241/2121 2128/2235/2107
f 1905/2238/2118 1906/2242/2122 1909/2240/2120
f 2125/2241/2121 1909/2240/2120 1906/2242/2122
f 2124/2243/2123 2125/2241/2121 1906/2242/2122
f 2129/2244/2124 2124/2243/2123 1906/2242/2122
f 1904/2245/2125 2129/2244/2124 1906/2242/2122
f 1904/2245/2125 1906/2242/2122 1905/2238/2118
f 1904/2245/2125 1905/2238/2118 2121/2246/2126
f 1905/2238/2118 2082/2237/2117 2121/2246/2126
f 2121/2246/2126 2130/2247/2127 1904/2245/2125
f 2130/2247/2127 2129/2244/2124 1904/2245/2125
f 2121/2246/2126 2131/2248/2128 2130/2247/2127
f 2121/2246/2126 2119/2249/2129 2131/2248/2128
f 2119/2249/2129 2121/2246/2126 2082/2237/2117
f 2119/2249/2129 2141/2250/2130 2131/2248/2128
f 2119/2249/2129 2082/2237/2117 2120/2251/2131
f 2119/2249/2129 2120/2251/2131 2141/2250/2130
f 2141/2250/2130 2120/2251/2131 2142/2252/2132
f 2120/2251/2131 2118/2253/2133 2142/2252/2132
f 2142/2252/2132 2118/2253/2133 2116/2254/2134
f 2120/2251/2131 2082/2237/2117 2117/2255/2135
f 2118/2253/2133 2120/2251/2131 2117/2255/2135
f 2082/2237/2117 2123/2256/2136 2117/2255/2135
f 2082/2237/2117 2081/2142/2116 2123/2256/2136
f 2461/2134/2115 2462/2122/2137 2081/2142/2116
f 2081/2142/2116 2462/2122/2137 2123/2256/2136
f 2117/2255/2135 2123/2256/2136 2221/2144/2138
f 2462/2122/2137 2492/2115/2139 2123/2256/2136
f 2123/2256/2136 2492/2115/2139 2221/2144/2138
f 2462/2122/2137 2494/2118/2140 2492/2115/2139
f 2492/2115/2139 2590/2145/2141 2221/2144/2138
f 2494/2118/2140 2491/2116/2142 2492/2115/2139
f 2492/2115/2139 2261/2108/2143 2590/2145/2141
f 2491/2116/2142 2263/2113/2144 2492/2115/2139
f 2263/2113/2144 2261/2108/2143 2492/2115/2139
f 2491/2116/2142 2489/2257/2145 2263/2113/2144
f 2494/2118/2140 2515/2258/2146 2491/2116/2142
f 2515/2258/2146 2489/2257/2145 2491/2116/2142
f 2494/2118/2140 2514/2119/2147 2515/2258/2146
f 2462/2122/2137 2493/2259/2148 2494/2118/2140
f 2514/2119/2147 2494/2118/2140 2493/2259/2148
f 2504/2121/2149 2514/2119/2147 2493/2259/2148
f 2493/2259/2148 2495/2260/2150 2504/2121/2149
f 2462/2122/2137 2495/2260/2150 2493/2259/2148
f 2495/2260/2150 2503/2124/2151 2504/2121/2149
f 2495/2260/2150 2286/2126/2152 2503/2124/2151
f 2286/2126/2152 2502/2125/2153 2503/2124/2151
f 2495/2260/2150 2285/2127/2154 2286/2126/2152
f 2495/2260/2150 2462/2122/2137 2285/2127/2154
f 2461/2134/2115 2285/2127/2154 2462/2122/2137
f 2496/2135/2113 2290/2133/2155 2461/2134/2115
f 2461/2134/2115 2290/2133/2155 2285/2127/2154
f 2496/2135/2113 2501/2132/2114 2290/2133/2155
f 2290/2133/2155 2289/2261/2156 2285/2127/2154
f 2289/2261/2156 2290/2133/2155 2501/2132/2114
f 2497/2130/2157 2289/2261/2156 2501/2132/2114
f 2289/2261/2156 2497/2130/2157 2287/2128/2158
f 2289/2261/2156 2287/2128/2158 2285/2127/2154
f 2285/2127/2154 2287/2128/2158 2286/2126/2152
f 2286/2126/2152 2287/2128/2158 2502/2125/2153
f 2287/2128/2158 2498/2262/2159 2502/2125/2153
f 2497/2130/2157 2498/2262/2159 2287/2128/2158
f 2489/2257/2145 2490/2111/2160 2263/2113/2144
f 2261/2108/2143 2263/2113/2144 2262/2112/2161
f 2490/2111/2160 2262/2112/2161 2263/2113/2144
f 2505/2109/2162 2262/2112/2161 2490/2111/2160
f 2261/2108/2143 2262/2112/2161 2505/2109/2162
f 2490/2111/2160 2516/2110/2163 2505/2109/2162
f 2516/2110/2163 2517/2100/2164 2505/2109/2162
f 2517/2100/2164 2507/2099/2165 2505/2109/2162
f 2507/2099/2165 2517/2100/2164 2571/2098/2166
f 2507/2099/2165 2506/2101/2167 2505/2109/2162
f 2506/2101/2167 2261/2108/2143 2505/2109/2162
f 2507/2099/2165 2523/2263/2168 2506/2101/2167
f 2523/2263/2168 2507/2099/2165 2571/2098/2166
f 2523/2263/2168 2571/2098/2166 2570/2096/2169
f 2521/2095/2170 2523/2263/2168 2570/2096/2169
f 2521/2095/2170 2570/2096/2169 2569/2264/2171
f 2521/2095/2170 2522/2064/2172 2523/2263/2168
f 2522/2064/2172 2506/2101/2167 2523/2263/2168
f 2506/2101/2167 2522/2064/2172 2579/2063/2173
f 2506/2101/2167 2579/2063/2173 2589/2102/2174
f 2261/2108/2143 2506/2101/2167 2589/2102/2174
f 2261/2108/2143 2589/2102/2174 2588/2107/2175
f 2590/2145/2141 2261/2108/2143 2588/2107/2175
f 2221/2144/2138 2590/2145/2141 2588/2107/2175
f 2220/2265/2176 2221/2144/2138 2588/2107/2175
f 2220/2265/2176 2588/2107/2175 2586/2106/2177
f 2586/2106/2177 2588/2107/2175 2587/2103/2178
f 2588/2107/2175 2589/2102/2174 2587/2103/2178
f 2587/2103/2178 2589/2102/2174 2577/2051/2179
f 2589/2102/2174 2579/2063/2173 2577/2051/2179
f 2577/2051/2179 2579/2063/2173 2578/2050/2180
f 2522/2064/2172 2580/2062/2181 2579/2063/2173
f 2579/2063/2173 2580/2062/2181 2578/2050/2180
f 2522/2064/2172 2574/2266/2182 2580/2062/2181
f 2521/2095/2170 2510/2065/2183 2522/2064/2172
f 2522/2064/2172 2510/2065/2183 2574/2266/2182
f 2521/2095/2170 2520/2093/2184 2510/2065/2183
f 2520/2093/2184 2521/2095/2170 2569/2264/2171
f 2520/2093/2184 2569/2264/2171 2518/2092/2185
f 2509/2087/2186 2520/2093/2184 2518/2092/2185
f 2509/2087/2186 2510/2065/2183 2520/2093/2184
f 2518/2092/2185 2519/2091/2187 2509/2087/2186
f 2509/2087/2186 2268/2075/2188 2510/2065/2183
f 2519/2091/2187 2508/2088/2189 2509/2087/2186
f 2508/2088/2189 2268/2075/2188 2509/2087/2186
f 2519/2091/2187 2524/2267/2190 2508/2088/2189
f 2268/2075/2188 2508/2088/2189 2267/2086/2191
f 2267/2086/2191 2508/2088/2189 2524/2267/2190
f 2267/2086/2191 2524/2267/2190 2275/2085/2192
f 2524/2267/2190 2525/2090/2193 2275/2085/2192
f 2275/2085/2192 2269/2080/2194 2267/2086/2191
f 2267/2086/2191 2269/2080/2194 2268/2075/2188
f 2511/2076/2195 2268/2075/2188 2269/2080/2194
f 2268/2075/2188 2511/2076/2195 2535/2074/2196
f 2534/2066/2197 2268/2075/2188 2535/2074/2196
f 2510/2065/2183 2268/2075/2188 2534/2066/2197
f 2574/2266/2182 2510/2065/2183 2534/2066/2197
f 2574/2266/2182 2534/2066/2197 2531/2060/2198
f 2573/2052/2199 2574/2266/2182 2531/2060/2198
f 2580/2062/2181 2574/2266/2182 2573/2052/2199
f 2578/2050/2180 2580/2062/2181 2573/2052/2199
f 2578/2050/2180 2573/2052/2199 2483/2047/2200
f 2576/2048/2201 2578/2050/2180 2483/2047/2200
f 2577/2051/2179 2578/2050/2180 2576/2048/2201
f 2575/2049/2202 2577/2051/2179 2576/2048/2201
f 2587/2103/2178 2577/2051/2179 2575/2049/2202
f 2585/2104/2203 2587/2103/2178 2575/2049/2202
f 2586/2106/2177 2587/2103/2178 2585/2104/2203
f 2575/2049/2202 2244/2268/2204 2585/2104/2203
f 2244/2268/2204 2575/2049/2202 2565/2041/2205
f 2575/2049/2202 2576/2048/2201 2565/2041/2205
f 2565/2041/2205 2576/2048/2201 2481/2040/2206
f 2576/2048/2201 2483/2047/2200 2481/2040/2206
f 2481/2040/2206 2483/2047/2200 2482/2042/2207
f 2482/2042/2207 2483/2047/2200 2488/2046/2208
f 2483/2047/2200 2573/2052/2199 2222/2053/2209
f 2483/2047/2200 2222/2053/2209 2488/2046/2208
f 2573/2052/2199 2531/2060/2198 2222/2053/2209
f 2222/2053/2209 2531/2060/2198 2485/2059/2210
f 2531/2060/2198 2532/2068/2211 2485/2059/2210
f 2531/2060/2198 2534/2066/2197 2533/2269/2212
f 2531/2060/2198 2533/2269/2212 2532/2068/2211
f 2534/2066/2197 2536/2072/2213 2533/2269/2212
f 2534/2066/2197 2535/2074/2196 2536/2072/2213
f 2568/2077/2214 2572/2073/2215 2535/2074/2196
f 2572/2073/2215 2536/2072/2213 2535/2074/2196
f 2535/2074/2196 2511/2076/2195 2568/2077/2214
f 2511/2076/2195 2512/2078/2216 2568/2077/2214
f 2512/2078/2216 2511/2076/2195 2513/2079/2217
f 2511/2076/2195 2269/2080/2194 2513/2079/2217
f 2513/2079/2217 2269/2080/2194 2529/2081/2218
f 2275/2085/2192 2281/2082/2219 2269/2080/2194
f 2269/2080/2194 2281/2082/2219 2529/2081/2218
f 2275/2085/2192 2280/2083/2220 2281/2082/2219
f 2281/2082/2219 2280/2083/2220 2529/2081/2218
f 2280/2083/2220 2530/2084/2221 2529/2081/2218
f 2530/2084/2221 2280/2083/2220 2528/2270/2222
f 2527/2271/2223 2530/2084/2221 2528/2270/2222
f 2527/2271/2223 2528/2270/2222 2526/2272/2224
f 2528/2270/2222 2279/2273/2225 2526/2272/2224
f 2279/2273/2225 2528/2270/2222 2280/2083/2220
f 2279/2273/2225 2280/2083/2220 2275/2085/2192
f 2279/2273/2225 2275/2085/2192 2525/2090/2193
f 2526/2272/2224 2279/2273/2225 2525/2090/2193
f 2572/2073/2215 2567/2071/2226 2536/2072/2213
f 2567/2071/2226 2533/2269/2212 2536/2072/2213
f 2533/2269/2212 2567/2071/2226 2566/2070/2227
f 2532/2068/2211 2533/2269/2212 2566/2070/2227
f 2532/2068/2211 2566/2070/2227 2484/2274/2228
f 2485/2059/2210 2532/2068/2211 2484/2274/2228
f 2484/2274/2228 2486/2057/2229 2485/2059/2210
f 2486/2057/2229 2487/2058/2230 2485/2059/2210
f 2485/2059/2210 2487/2058/2230 2222/2053/2209
f 2486/2057/2229 2224/2055/2231 2487/2058/2230
f 2487/2058/2230 2224/2055/2231 2222/2053/2209
f 2486/2057/2229 2537/2056/2232 2224/2055/2231
f 2537/2056/2232 2538/2045/2233 2224/2055/2231
f 2222/2053/2209 2224/2055/2231 2223/2054/2234
f 2538/2045/2233 2223/2054/2234 2224/2055/2231
f 2222/2053/2209 2223/2054/2234 2488/2046/2208
f 2488/2046/2208 2223/2054/2234 2538/2045/2233
f 2539/2044/2235 2488/2046/2208 2538/2045/2233
f 2482/2042/2207 2488/2046/2208 2539/2044/2235
f 2540/2043/2236 2482/2042/2207 2539/2044/2235
f 2540/2043/2236 2541/2038/2237 2482/2042/2207
f 2541/2038/2237 2481/2040/2206 2482/2042/2207
f 2543/2039/2238 2481/2040/2206 2541/2038/2237
f 2543/2039/2238 2565/2041/2205 2481/2040/2206
f 2541/2038/2237 2542/2037/2239 2543/2039/2238
f 2542/2037/2239 2544/2275/2240 2543/2039/2238
f 2544/2275/2240 2475/2276/2241 2543/2039/2238
f 2565/2041/2205 2543/2039/2238 2475/2276/2241
f 2544/2275/2240 2545/2277/2242 2475/2276/2241
f 2545/2277/2242 2477/2278/2243 2475/2276/2241
f 2545/2277/2242 2546/2279/2244 2477/2278/2243
f 2475/2276/2241 2477/2278/2243 2476/2280/2245
f 2476/2280/2245 2565/2041/2205 2475/2276/2241
f 2244/2268/2204 2565/2041/2205 2476/2280/2245
f 2476/2280/2245 2246/2281/2246 2244/2268/2204
f 2244/2268/2204 2246/2281/2246 2245/2151/2247
f 2245/2151/2247 2585/2104/2203 2244/2268/2204
f 2246/2281/2246 2464/2282/2248 2245/2151/2247
f 2245/2151/2247 2584/2148/2249 2585/2104/2203
f 2464/2282/2248 2584/2148/2249 2245/2151/2247
f 2584/2148/2249 2586/2106/2177 2585/2104/2203
f 2219/2283/2250 2586/2106/2177 2584/2148/2249
f 2219/2283/2250 2220/2265/2176 2586/2106/2177
f 2584/2148/2249 2218/2284/2251 2219/2283/2250
f 2218/2284/2251 2584/2148/2249 2464/2282/2248
f 2218/2284/2251 2211/2285/2252 2219/2283/2250
f 2219/2283/2250 2213/2286/2253 2220/2265/2176
f 2211/2285/2252 2213/2286/2253 2219/2283/2250
f 2213/2286/2253 2215/2287/2254 2220/2265/2176
f 2220/2265/2176 2215/2287/2254 2221/2144/2138
f 2215/2287/2254 2217/2288/2255 2221/2144/2138
f 2217/2288/2255 2117/2255/2135 2221/2144/2138
f 2215/2287/2254 1881/2289/2256 2217/2288/2255
f 2217/2288/2255 1881/2289/2256 2117/2255/2135
f 1881/2289/2256 1882/2290/2257 2117/2255/2135
f 1882/2290/2257 2118/2253/2133 2117/2255/2135
f 2118/2253/2133 1882/2290/2257 2116/2254/2134
f 2115/2291/2258 2116/2254/2134 1882/2290/2257
f 1880/2292/2259 2115/2291/2258 1882/2290/2257
f 1880/2292/2259 1882/2290/2257 1881/2289/2256
f 1880/2292/2259 2133/2293/2260 2115/2291/2258
f 1880/2292/2259 1881/2289/2256 2133/2293/2260
f 2133/2293/2260 2143/2294/2261 2115/2291/2258
f 2143/2294/2261 2133/2293/2260 2144/2295/2262
f 2133/2293/2260 2134/2296/2263 2144/2295/2262
f 2144/2295/2262 2134/2296/2263 2198/2297/2264
f 2133/2293/2260 2132/2298/2265 2134/2296/2263
f 1881/2289/2256 2132/2298/2265 2133/2293/2260
f 2215/2287/2254 2216/2299/2266 1881/2289/2256
f 2132/2298/2265 1881/2289/2256 2216/2299/2266
f 2215/2287/2254 2214/2300/2267 2216/2299/2266
f 2213/2286/2253 2214/2300/2267 2215/2287/2254
f 2211/2285/2252 2212/2301/2268 2213/2286/2253
f 2212/2301/2268 2214/2300/2267 2213/2286/2253
f 2211/2285/2252 1861/2302/2269 2212/2301/2268
f 2218/2284/2251 2085/2303/2270 2211/2285/2252
f 2085/2303/2270 1861/2302/2269 2211/2285/2252
f 2218/2284/2251 2084/2304/2271 2085/2303/2270
f 2084/2304/2271 2218/2284/2251 2464/2282/2248
f 2084/2304/2271 2086/2305/2272 2085/2303/2270
f 2084/2304/2271 2464/2282/2248 2086/2305/2272
f 2464/2282/2248 2465/2306/2273 2086/2305/2272
f 2465/2306/2273 2464/2282/2248 2246/2281/2246
f 2465/2306/2273 2088/2307/2274 2086/2305/2272
f 2086/2305/2272 2087/2308/2275 2085/2303/2270
f 2086/2305/2272 2088/2307/2274 2087/2308/2275
f 2087/2308/2275 1863/2309/2276 2085/2303/2270
f 1863/2309/2276 1861/2302/2269 2085/2303/2270
f 1861/2302/2269 1863/2309/2276 1862/2310/2277
f 1861/2302/2269 1862/2310/2277 2212/2301/2268
f 1862/2310/2277 2202/2311/2278 2212/2301/2268
f 2212/2301/2268 2202/2311/2278 2214/2300/2267
f 2202/2311/2278 2204/2312/2279 2214/2300/2267
f 2214/2300/2267 2204/2312/2279 2216/2299/2266
f 2204/2312/2279 2206/2313/2280 2216/2299/2266
f 2206/2313/2280 2132/2298/2265 2216/2299/2266
f 2149/2314/2281 2132/2298/2265 2206/2313/2280
f 2132/2298/2265 2149/2314/2281 2150/2315/2282
f 2134/2296/2263 2132/2298/2265 2150/2315/2282
f 2134/2296/2263 2150/2315/2282 2198/2297/2264
f 2198/2297/2264 2150/2315/2282 2197/2316/2283
f 2150/2315/2282 2149/2314/2281 2148/2317/2284
f 2150/2315/2282 2148/2317/2284 2197/2316/2283
f 2197/2316/2283 2148/2317/2284 2196/2318/2285
f 2145/2319/2286 2196/2318/2285 2147/2320/2287
f 2148/2317/2284 2147/2320/2287 2196/2318/2285
f 2147/2320/2287 2148/2317/2284 2135/2321/2288
f 2148/2317/2284 2149/2314/2281 2135/2321/2288
f 2147/2320/2287 2135/2321/2288 2136/2322/2289
f 2136/2322/2289 2145/2319/2286 2147/2320/2287
f 2145/2319/2286 2136/2322/2289 2146/2323/2290
f 2136/2322/2289 2137/2324/2291 2146/2323/2290
f 2146/2323/2290 2137/2324/2291 2151/2325/2292
f 2136/2322/2289 2135/2321/2288 1886/2326/2293
f 1886/2326/2293 2137/2324/2291 2136/2322/2289
f 1887/2327/2294 2137/2324/2291 1886/2326/2293
f 2137/2324/2291 1887/2327/2294 2151/2325/2292
f 1887/2327/2294 1894/2328/2295 2151/2325/2292
f 1894/2328/2295 2152/2329/2296 2151/2325/2292
f 1887/2327/2294 1888/2330/2297 1894/2328/2295
f 1886/2326/2293 1888/2330/2297 1887/2327/2294
f 1888/2330/2297 1886/2326/2293 2138/2331/2298
f 2161/2332/2299 2162/2333/2300 1886/2326/2293
f 2162/2333/2300 2138/2331/2298 1886/2326/2293
f 2161/2332/2299 1886/2326/2293 2135/2321/2288
f 2201/2334/2301 2161/2332/2299 2135/2321/2288
f 2201/2334/2301 2135/2321/2288 2149/2314/2281
f 2207/2335/2302 2201/2334/2301 2149/2314/2281
f 2207/2335/2302 2149/2314/2281 2206/2313/2280
f 2205/2336/2303 2207/2335/2302 2206/2313/2280
f 2204/2312/2279 2205/2336/2303 2206/2313/2280
f 2205/2336/2303 2200/2337/2304 2207/2335/2302
f 2200/2337/2304 2201/2334/2301 2207/2335/2302
f 2200/2337/2304 2159/2338/2293 2201/2334/2301
f 2159/2338/2293 2161/2332/2299 2201/2334/2301
f 2161/2332/2299 2159/2338/2293 2160/2339/2305
f 2163/2340/2306 2161/2332/2299 2160/2339/2305
f 2163/2340/2306 2162/2333/2300 2161/2332/2299
f 2163/2340/2306 2199/2341/2307 2162/2333/2300
f 2162/2333/2300 2195/2342/2308 2138/2331/2298
f 2199/2341/2307 2195/2342/2308 2162/2333/2300
f 2195/2342/2308 2140/2343/2309 2138/2331/2298
f 1888/2330/2297 2138/2331/2298 2139/2344/2310
f 2138/2331/2298 2140/2343/2309 2139/2344/2310
f 2139/2344/2310 2156/2345/2311 1888/2330/2297
f 1888/2330/2297 1898/2346/2312 1894/2328/2295
f 2156/2345/2311 1898/2346/2312 1888/2330/2297
f 1898/2346/2312 1899/2347/2313 1894/2328/2295
f 1898/2346/2312 2156/2345/2311 1899/2347/2313
f 1899/2347/2313 1900/2348/2314 1894/2328/2295
f 1894/2328/2295 1900/2348/2314 2152/2329/2296
f 1900/2348/2314 2153/2349/2315 2152/2329/2296
f 1900/2348/2314 2154/2350/2316 2153/2349/2315
f 1899/2347/2313 2154/2350/2316 1900/2348/2314
f 2154/2350/2316 2155/2351/2317 2153/2349/2315
f 2157/2352/2318 2155/2351/2317 2154/2350/2316
f 1899/2347/2313 2157/2352/2318 2154/2350/2316
f 2156/2345/2311 2157/2352/2318 1899/2347/2313
f 2194/2353/2319 2199/2341/2307 2163/2340/2306
f 2160/2339/2305 2194/2353/2319 2163/2340/2306
f 2194/2353/2319 2160/2339/2305 2193/2354/2320
f 2158/2355/2321 2160/2339/2305 2159/2338/2293
f 2160/2339/2305 2158/2355/2321 2193/2354/2320
f 2193/2354/2320 2158/2355/2321 2113/2356/2322
f 2158/2355/2321 2159/2338/2293 2111/2357/2323
f 2158/2355/2321 2111/2357/2323 2113/2356/2322
f 2159/2338/2293 1840/2358/2324 2111/2357/2323
f 1840/2358/2324 2159/2338/2293 2200/2337/2304
f 2109/2359/2325 1840/2358/2324 2200/2337/2304
f 2109/2359/2325 2200/2337/2304 2205/2336/2303
f 2203/2360/2326 2109/2359/2325 2205/2336/2303
f 2203/2360/2326 2205/2336/2303 2204/2312/2279
f 2202/2311/2278 2203/2360/2326 2204/2312/2279
f 1862/2310/2277 2192/2361/2327 2202/2311/2278
f 2192/2361/2327 2203/2360/2326 2202/2311/2278
f 2192/2361/2327 2108/2362/2328 2203/2360/2326
f 2108/2362/2328 2109/2359/2325 2203/2360/2326
f 2107/2363/2329 2109/2359/2325 2108/2362/2328
f 2109/2359/2325 2107/2363/2329 2114/2364/2330
f 1840/2358/2324 2109/2359/2325 2114/2364/2330
f 2114/2364/2330 1839/2365/2331 1840/2358/2324
f 1839/2365/2331 1841/2366/2332 1840/2358/2324
f 1840/2358/2324 1841/2366/2332 2110/2367/2333
f 1840/2358/2324 2110/2367/2333 2111/2357/2323
f 2110/2367/2333 2112/2368/2334 2111/2357/2323
f 2112/2368/2334 2113/2356/2322 2111/2357/2323
f 2110/2367/2333 1841/2366/2332 2112/2368/2334
f 1841/2366/2332 2164/2369/2335 2112/2368/2334
f 2164/2369/2335 1841/2366/2332 2165/2370/2336
f 1841/2366/2332 1839/2365/2331 2165/2370/2336
f 1839/2365/2331 2114/2364/2330 2165/2370/2336
f 2114/2364/2330 2166/2371/2337 2165/2370/2336
f 2114/2364/2330 2107/2363/2329 2166/2371/2337
f 2107/2363/2329 2167/2372/2338 2166/2371/2337
f 2167/2372/2338 2107/2363/2329 2168/2373/2339
f 2107/2363/2329 2108/2362/2328 2168/2373/2339
f 2108/2362/2328 2169/2374/2340 2168/2373/2339
f 2108/2362/2328 2192/2361/2327 2169/2374/2340
f 2169/2374/2340 2170/2375/2341 2168/2373/2339
f 2171/2376/2342 2170/2375/2341 2169/2374/2340
f 2102/2377/2343 2171/2376/2342 2169/2374/2340
f 2169/2374/2340 2192/2361/2327 2102/2377/2343
f 2192/2361/2327 2101/2378/2344 2102/2377/2343
f 2101/2378/2344 2192/2361/2327 1862/2310/2277
f 1862/2310/2277 1863/2309/2276 2101/2378/2344
f 2101/2378/2344 1863/2309/2276 2104/2379/2345
f 1863/2309/2276 2087/2308/2275 2208/2380/2346
f 1863/2309/2276 2208/2380/2346 2104/2379/2345
f 2087/2308/2275 2088/2307/2274 2089/2381/2347
f 2087/2308/2275 2089/2381/2347 2208/2380/2346
f 2208/2380/2346 2089/2381/2347 2209/2382/2348
f 2208/2380/2346 2209/2382/2348 2184/2383/2349
f 2104/2379/2345 2208/2380/2346 2184/2383/2349
f 2104/2379/2345 2184/2383/2349 2185/2384/2350
f 2106/2385/2351 2104/2379/2345 2185/2384/2350
f 2104/2379/2345 2106/2385/2351 2105/2386/2352
f 2104/2379/2345 2105/2386/2352 2101/2378/2344
f 2101/2378/2344 2103/2387/2353 2102/2377/2343
f 2105/2386/2352 2103/2387/2353 2101/2378/2344
f 2103/2387/2353 2172/2388/2354 2102/2377/2343
f 2172/2388/2354 2171/2376/2342 2102/2377/2343
f 2103/2387/2353 2173/2389/2355 2172/2388/2354
f 2105/2386/2352 2173/2389/2355 2103/2387/2353
f 2186/2390/2356 2173/2389/2355 2105/2386/2352
f 2106/2385/2351 2186/2390/2356 2105/2386/2352
f 2186/2390/2356 2106/2385/2351 2191/2391/2357
f 2106/2385/2351 2185/2384/2350 2191/2391/2357
f 2191/2391/2357 2185/2384/2350 2190/2392/2358
f 2185/2384/2350 2184/2383/2349 2183/2393/2359
f 2185/2384/2350 2183/2393/2359 2190/2392/2358
f 2184/2383/2349 1884/2394/2360 2183/2393/2359
f 2184/2383/2349 2209/2382/2348 1884/2394/2360
f 2089/2381/2347 2091/2395/2361 2209/2382/2348
f 2209/2382/2348 2210/2396/2362 1884/2394/2360
f 2209/2382/2348 2091/2395/2361 2210/2396/2362
f 1884/2394/2360 2210/2396/2362 2177/2397/2363
f 2091/2395/2361 2093/2398/2364 2210/2396/2362
f 2210/2396/2362 1871/2399/2365 2177/2397/2363
f 2210/2396/2362 2093/2398/2364 1871/2399/2365
f 1871/2399/2365 1872/2400/2366 2177/2397/2363
f 2093/2398/2364 1873/2401/2367 1871/2399/2365
f 1871/2399/2365 1873/2401/2367 1872/2400/2366
f 2093/2398/2364 2094/2402/2368 1873/2401/2367
f 1873/2401/2367 1852/2403/2369 1872/2400/2366
f 1852/2403/2369 1873/2401/2367 2094/2402/2368
f 1852/2403/2369 1876/2404/2370 1872/2400/2366
f 2175/2405/2371 1872/2400/2366 1876/2404/2370
f 2096/2406/2372 1872/2400/2366 2175/2405/2371
f 1872/2400/2366 2096/2406/2372 2177/2397/2363
f 1883/2407/2373 2177/2397/2363 2098/2408/2374
f 2177/2397/2363 2096/2406/2372 2098/2408/2374
f 1883/2407/2373 1884/2394/2360 2177/2397/2363
f 1883/2407/2373 1885/2409/2375 1884/2394/2360
f 2098/2408/2374 2100/2410/2376 1883/2407/2373
f 1885/2409/2375 1883/2407/2373 2099/2411/2377
f 1883/2407/2373 2100/2410/2376 2099/2411/2377
f 2099/2411/2377 2189/2412/2378 1885/2409/2375
f 1885/2409/2375 2181/2413/2379 1884/2394/2360
f 2189/2412/2378 2181/2413/2379 1885/2409/2375
f 2189/2412/2378 2182/2414/2380 2181/2413/2379
f 2181/2413/2379 1846/2415/2381 1884/2394/2360
f 2182/2414/2380 1846/2415/2381 2181/2413/2379
f 1884/2394/2360 1847/2416/2382 2183/2393/2359
f 1846/2415/2381 1847/2416/2382 1884/2394/2360
f 1845/2417/2383 1847/2416/2382 1846/2415/2381
f 1846/2415/2381 2182/2414/2380 1845/2417/2383
f 2182/2414/2380 2179/2418/2384 1845/2417/2383
f 2179/2418/2384 2180/2419/2385 1845/2417/2383
f 2180/2419/2385 1847/2416/2382 1845/2417/2383
f 2183/2393/2359 1847/2416/2382 2180/2419/2385
f 2190/2392/2358 2183/2393/2359 2180/2419/2385
f 2188/2420/2386 2100/2410/2376 2098/2408/2374
f 2188/2420/2386 2098/2408/2374 2097/2421/2387
f 2097/2421/2387 2098/2408/2374 2096/2406/2372
f 2095/2422/2388 2097/2421/2387 2096/2406/2372
f 2178/2423/2389 2095/2422/2388 2096/2406/2372
f 2178/2423/2389 2096/2406/2372 2175/2405/2371
f 2174/2424/2390 2175/2405/2371 1876/2404/2370
f 2176/2425/2391 2174/2424/2390 1876/2404/2370
f 1875/2426/2392 2176/2425/2391 1876/2404/2370
f 1875/2426/2392 1876/2404/2370 1852/2403/2369
f 1875/2426/2392 1856/2427/2393 2176/2425/2391
f 1852/2403/2369 1853/2428/2394 1875/2426/2392
f 1875/2426/2392 1853/2428/2394 1856/2427/2393
f 1856/2427/2393 1853/2428/2394 1857/2429/2395
f 1851/2430/2396 1853/2428/2394 1852/2403/2369
f 1853/2428/2394 1851/2430/2396 1857/2429/2395
f 1852/2403/2369 1868/2431/2397 1851/2430/2396
f 1851/2430/2396 1868/2431/2397 1857/2429/2395
f 1868/2431/2397 2187/2432/2398 1857/2429/2395
f 1921/2433/2399 2187/2432/2398 1868/2431/2397
f 1866/2434/2400 1921/2433/2399 1868/2431/2397
f 1920/2435/2401 1921/2433/2399 1866/2434/2400
f 1866/2434/2400 2297/2436/2402 1920/2435/2401
f 1866/2434/2400 2249/2437/2403 2297/2436/2402
f 2249/2437/2403 2560/2438/2404 2297/2436/2402
f 2240/2439/2405 2560/2438/2404 2249/2437/2403
f 2235/2440/2406 2240/2439/2405 2249/2437/2403
f 2235/2440/2406 2249/2437/2403 2234/2441/2407
f 1867/2442/2408 2249/2437/2403 1866/2434/2400
f 2234/2441/2407 2249/2437/2403 1867/2442/2408
f 1866/2434/2400 1868/2431/2397 1867/2442/2408
f 1867/2442/2408 1868/2431/2397 1852/2403/2369
f 1867/2442/2408 1852/2403/2369 2094/2402/2368
f 2234/2441/2407 1867/2442/2408 2094/2402/2368
f 2254/2443/2409 2234/2441/2407 2094/2402/2368
f 2468/2444/2410 2254/2443/2409 2094/2402/2368
f 2092/2445/2411 2468/2444/2410 2094/2402/2368
f 2092/2445/2411 2094/2402/2368 2093/2398/2364
f 2092/2445/2411 2093/2398/2364 2091/2395/2361
f 2090/2446/2412 2092/2445/2411 2091/2395/2361
f 2090/2446/2412 2091/2395/2361 2089/2381/2347
f 2088/2307/2274 2090/2446/2412 2089/2381/2347
f 2465/2306/2273 2466/2447/2413 2088/2307/2274
f 2088/2307/2274 2466/2447/2413 2090/2446/2412
f 2466/2447/2413 2467/2448/2414 2090/2446/2412
f 2090/2446/2412 2467/2448/2414 2092/2445/2411
f 2467/2448/2414 2468/2444/2410 2092/2445/2411
f 2583/2449/2415 2468/2444/2410 2467/2448/2414
f 2583/2449/2415 2253/2450/2416 2468/2444/2410
f 2253/2450/2416 2254/2443/2409 2468/2444/2410
f 2252/2451/2417 2254/2443/2409 2253/2450/2416
f 2252/2451/2417 2234/2441/2407 2254/2443/2409
f 2253/2450/2416 2550/2452/2418 2252/2451/2417
f 2550/2452/2418 2253/2450/2416 2583/2449/2415
f 2264/2453/2419 2550/2452/2418 2583/2449/2415
f 2264/2453/2419 2583/2449/2415 2582/2454/2420
f 2582/2454/2420 2583/2449/2415 2467/2448/2414
f 2582/2454/2420 2467/2448/2414 2466/2447/2413
f 2581/2455/2421 2582/2454/2420 2466/2447/2413
f 2581/2455/2421 2466/2447/2413 2465/2306/2273
f 2246/2281/2246 2581/2455/2421 2465/2306/2273
f 2476/2280/2245 2479/2456/2422 2246/2281/2246
f 2479/2456/2422 2581/2455/2421 2246/2281/2246
f 2479/2456/2422 2557/2457/2423 2581/2455/2421
f 2557/2457/2423 2582/2454/2420 2581/2455/2421
f 2557/2457/2423 2264/2453/2419 2582/2454/2420
f 2264/2453/2419 2557/2457/2423 2556/2458/2424
f 2557/2457/2423 2479/2456/2422 2558/2459/2425
f 2556/2458/2424 2557/2457/2423 2558/2459/2425
f 2479/2456/2422 2480/2460/2426 2558/2459/2425
f 2476/2280/2245 2478/2461/2427 2479/2456/2422
f 2478/2461/2427 2480/2460/2426 2479/2456/2422
f 2476/2280/2245 2477/2278/2243 2478/2461/2427
f 2546/2279/2244 2478/2461/2427 2477/2278/2243
f 2546/2279/2244 2559/2462/2428 2478/2461/2427
f 2559/2462/2428 2480/2460/2426 2478/2461/2427
f 2480/2460/2426 2559/2462/2428 2564/2463/2429
f 2558/2459/2425 2480/2460/2426 2564/2463/2429
f 2558/2459/2425 2564/2463/2429 2563/2464/2430
f 2556/2458/2424 2558/2459/2425 2563/2464/2430
f 2556/2458/2424 2563/2464/2430 2552/2465/2431
f 2230/2466/2432 2556/2458/2424 2552/2465/2431
f 2230/2466/2432 2264/2453/2419 2556/2458/2424
f 2552/2465/2431 2229/2467/2433 2230/2466/2432
f 2264/2453/2419 2230/2466/2432 2228/2468/2434
f 2228/2468/2434 2230/2466/2432 2229/2467/2433
f 2228/2468/2434 2554/2469/2435 2264/2453/2419
f 2228/2468/2434 2555/2470/2436 2554/2469/2435
f 2555/2470/2436 2228/2468/2434 2229/2467/2433
f 2553/2471/2437 2555/2470/2436 2229/2467/2433
f 2552/2465/2431 2553/2471/2437 2229/2467/2433
f 2555/2470/2436 2562/2472/2438 2554/2469/2435
f 2264/2453/2419 2554/2469/2435 2266/2473/2439
f 2554/2469/2435 2562/2472/2438 2266/2473/2439
f 2562/2472/2438 2474/2474/2440 2266/2473/2439
f 2264/2453/2419 2266/2473/2439 2265/2475/2441
f 2265/2475/2441 2266/2473/2439 2474/2474/2440
f 2265/2475/2441 2550/2452/2418 2264/2453/2419
f 2474/2474/2440 2473/2476/2442 2265/2475/2441
f 2550/2452/2418 2265/2475/2441 2469/2477/2443
f 2265/2475/2441 2473/2476/2442 2469/2477/2443
f 2473/2476/2442 2561/2478/2444 2469/2477/2443
f 2471/2479/2445 2469/2477/2443 2561/2478/2444
f 2469/2477/2443 2471/2479/2445 2470/2480/2446
f 2470/2480/2446 2550/2452/2418 2469/2477/2443
f 2550/2452/2418 2470/2480/2446 2252/2451/2417
f 2252/2451/2417 2547/2481/2447 2257/2482/2448
f 2547/2481/2447 2252/2451/2417 2470/2480/2446
f 2257/2482/2448 2234/2441/2407 2252/2451/2417
f 2470/2480/2446 2471/2479/2445 2472/2483/2449
f 2470/2480/2446 2472/2483/2449 2551/2484/2450
f 2551/2484/2450 2547/2481/2447 2470/2480/2446
f 2547/2481/2447 2548/2485/2451 2257/2482/2448
f 2548/2485/2451 2549/2486/2452 2257/2482/2448
f 2234/2441/2407 2257/2482/2448 2256/2487/2453
f 2549/2486/2452 2256/2487/2453 2257/2482/2448
f 2256/2487/2453 2549/2486/2452 2239/2488/2454
f 2236/2489/2455 2256/2487/2453 2239/2488/2454
f 2234/2441/2407 2256/2487/2453 2236/2489/2455
f 2234/2441/2407 2236/2489/2455 2235/2440/2406
f 2240/2439/2405 2235/2440/2406 2236/2489/2455
f 2239/2488/2454 2240/2439/2405 2236/2489/2455
f 2374/2090/1964 2273/2085/1959 2276/2273/2456
f 2278/2083/1957 2276/2273/2456 2273/2085/1959
f 2276/2273/2456 2376/2272/2457 2374/2090/1964
f 2276/2273/2456 2278/2083/1957 2277/2270/2458
f 2376/2272/2457 2276/2273/2456 2277/2270/2458
f 2278/2083/1957 2378/2084/1958 2277/2270/2458
f 2377/2271/2459 2277/2270/2458 2378/2084/1958
f 2377/2271/2459 2376/2272/2457 2277/2270/2458
