# Blender 5.2.1 LTS
# www.blender.org
mtllib Lfoot.mtl
o lfoot
v -12.962324 -6.642326 -2.634206
v -11.204830 -4.827147 -4.422237
v -11.238760 -6.727146 -4.951518
v -11.187867 -3.626091 -3.835275
v -12.090365 -3.558231 -1.840283
v -9.036803 -2.543764 -6.420620
v -8.565197 -3.995907 -7.024549
v -10.410904 -4.304651 -5.290804
v -10.455012 -3.215554 -4.815808
v 5.019756 -0.324849 7.425581
v 3.659223 0.910149 7.995576
v 3.889937 -0.338414 8.172005
v 4.806008 -1.939842 7.649509
v 3.713512 -1.597165 8.362003
v -4.015391 -1.773590 8.487539
v -4.330929 -3.602337 7.995576
v -3.414857 -2.893228 8.643607
v -5.101103 -2.163767 7.805577
v -3.153609 -4.732155 8.134686
v 9.708667 -1.183235 5.189694
v 8.517779 -2.679476 4.107376
v 8.680634 -2.469125 3.340595
v 9.376169 -1.821098 5.406836
v 8.524567 -2.163767 5.291480
v 7.930817 -2.733770 4.650231
v 6.285286 -2.000916 5.556120
v 6.319215 -0.932163 6.770762
v 7.102959 -4.097692 5.121838
v 5.756003 -3.252872 5.776656
v 5.756003 -2.574305 6.713078
v 6.078321 -1.179842 6.519686
v -5.023069 -4.338584 7.201652
v -3.662536 -5.607508 7.374683
v -6.010385 -2.682876 6.967547
v -11.103045 -1.726090 -0.126896
v -10.529655 -1.746451 -3.295812
v -12.789289 -4.230012 -0.126896
v -13.013218 -5.020546 -1.073498
v -8.941804 -1.997522 -6.695444
v -8.300556 -3.812687 -7.655619
v -9.579657 -0.216276 -5.189020
v -9.423588 -0.874483 -5.012591
v -8.429485 -1.698952 -7.469011
v -7.781452 -3.412338 -8.300261
v -7.733950 -1.346094 -7.811692
v -7.201274 -3.113767 -8.541152
v -6.485382 -2.805016 -8.066155
v -6.902702 -1.098416 -7.421511
v -6.010385 -2.682876 -7.224727
v -6.417526 -0.725206 -6.963480
v 4.727972 1.273188 -7.462227
v 5.725466 -0.338414 -6.875262
v 5.019756 -0.324849 -7.682763
v -5.101103 -2.163767 -8.062760
v -5.389492 -0.558953 -7.845619
v -4.015391 -1.773590 -8.744722
v -4.249498 -0.521633 -8.564902
v -4.073069 0.737110 -8.381686
v 3.659223 0.910149 -8.252763
v 3.058691 2.026395 -8.096689
v -2.746465 -1.390199 -8.809186
v -6.010385 -2.682876 6.967547
v -5.932350 -3.982341 8.117719
v -5.023069 -4.338584 7.201652
v -6.485382 -2.805016 7.808967
v -7.201274 -3.113767 8.283971
v -8.388770 -1.722697 7.544325
v -7.781452 -3.412339 8.043076
v -8.300556 -3.812688 7.398438
v -8.907874 -1.997522 6.899687
v -5.107888 -5.023939 8.385754
v -3.662536 -5.607508 7.374683
v -10.529655 -1.746451 3.038630
v -10.455012 -3.215554 4.562015
v -9.423588 -0.874483 4.755406
v -6.563418 -4.253757 8.650394
v -5.647352 -5.373404 9.010039
v -6.176635 -5.766973 8.833611
v -7.130022 -4.633762 8.440041
v -6.668596 -6.146963 8.378966
v -7.618594 -5.030726 7.937900
v -7.201274 -6.096077 7.605399
v -8.565197 -3.995908 6.767368
v -9.036803 -2.543764 6.163439
v -11.187867 -3.626091 3.578092
v -12.962324 -6.642326 2.377026
v -12.090365 -3.558231 1.583101
v -13.013218 -5.020546 0.816318
v -9.861263 -7.521073 5.915765
v -3.523430 1.883894 -8.205257
v -2.783788 0.292646 -8.568294
v -13.590000 -4.762688 -0.126896
v -13.484822 -5.933218 -0.126896
v -11.187867 -3.802516 -4.931163
v 1.365660 1.744791 -8.307047
v -0.161118 0.061934 -10.865248
v -0.242548 2.229966 -8.259547
v 2.383512 0.411400 -8.483476
v -1.830399 1.673545 -8.357937
v 2.383512 0.411400 8.226288
v -0.161118 0.061934 10.608066
v 2.427622 -1.268053 8.463789
v 1.464053 -2.652337 8.677537
v -0.120405 -3.205373 8.775930
v -1.728617 -2.723589 8.728435
v -2.746465 -1.390200 8.552006
v -11.187867 -3.802516 4.673982
v -11.204830 -4.827147 4.165055
v -10.410904 -4.304651 5.033626
v -11.238760 -6.727146 4.697731
v 4.395473 6.399766 7.391647
v 4.388686 5.327635 7.591825
v 5.637249 5.307275 7.001474
v 6.597427 2.531930 6.852188
v 8.273494 1.242646 5.620584
v 7.839211 2.962811 5.735943
v 7.119926 0.713363 6.733435
v 8.663671 0.041583 5.518802
v 7.367601 -0.623420 6.689328
v 6.186893 0.648897 6.713078
v 5.742430 2.158720 6.777545
v 5.762786 3.984066 7.127005
v 4.405650 7.465125 7.062542
v 5.810285 6.396372 6.611297
v 3.940830 5.334415 8.063437
v 3.964580 6.169055 7.903971
v 7.099569 4.699953 6.109157
v 5.101186 3.312284 6.974330
v 4.327614 4.224957 7.252545
v -1.185757 6.606739 9.132178
v -1.121294 5.727993 8.395934
v 0.639592 6.633878 8.881110
v 0.592092 5.748346 8.077006
v 2.315656 6.216554 8.507900
v 2.295299 5.286923 7.792004
v -2.736289 5.276742 8.490932
v -1.121294 5.727993 8.395934
v -2.797358 6.169055 9.155931
v 8.639922 -0.854131 3.910590
v -5.165565 1.052648 7.361114
v -5.599849 2.396210 6.974330
v -6.068064 1.208712 6.808082
v -4.473426 2.426752 7.133792
v 8.117422 0.384260 0.480426
v 8.290458 0.584438 -0.126896
v 7.693318 -0.195923 2.583986
v 3.964581 4.235137 7.697004
v -4.622712 4.058704 8.714861
v -4.588783 5.144424 9.081288
v -5.006104 4.082458 8.457003
v -5.135030 5.052810 8.691108
v -4.548071 6.060490 8.962540
v -5.145209 7.560124 8.283971
v 2.542977 6.969769 8.304328
v 2.780476 8.306553 7.459507
v 0.598875 7.458337 8.748792
v 0.697272 8.910475 8.104149
v -1.240044 7.421019 8.996467
v -1.687901 8.890121 8.504506
v -1.240044 7.421019 8.996467
v -1.687901 8.890121 8.504506
v -3.062004 6.946023 9.043965
v -3.693073 8.367619 8.362004
v -1.185757 6.606739 9.132178
v -4.073069 0.737109 8.124505
v -3.523430 1.883894 7.948077
v -4.249498 -0.521633 8.307720
v -5.389492 -0.558953 7.588436
v -2.644683 2.803354 7.802184
v -1.525045 3.410676 7.700397
v -3.333429 3.692281 6.970937
v -1.901649 4.462454 6.723258
v -0.273084 3.637994 7.649509
v -0.300228 4.750854 6.662190
v 1.311373 4.530315 6.797902
v 0.989056 3.468357 7.659686
v 2.777082 3.824601 6.875937
v 2.139227 2.911928 7.724147
v 3.957798 2.698175 7.018437
v 3.058691 2.026395 7.842902
v 4.727972 1.273188 7.208439
v -1.830399 1.673544 8.100756
v 1.365660 1.744791 8.049862
v -6.417525 -0.725206 6.706295
v -6.688951 6.216554 8.141469
v -6.370026 3.722814 8.555395
v -8.086806 4.218170 7.931113
v -7.248774 2.104434 8.358610
v -8.578769 2.525136 7.707184
v -7.669487 0.557291 8.161825
v -8.850196 0.496225 7.476473
v -7.737343 -1.312160 7.927720
v -9.562695 -0.172170 6.082009
v -9.281088 4.445495 5.827550
v -9.321802 2.844066 6.930220
v -10.112334 3.169785 4.575589
v -10.356620 1.344432 5.162551
v -9.457515 1.778716 6.747008
v -10.421083 2.402997 2.899525
v -10.923223 0.889795 3.048807
v -10.580546 2.209613 1.121675
v -11.143760 0.777822 0.857031
v -10.533047 0.391046 -2.332243
v -10.132690 0.387653 -4.160990
v -10.923225 0.889795 -1.358497
v -10.356620 1.344432 -3.479028
v -10.672153 0.265507 -0.126896
v -8.124129 5.992630 6.713078
v 5.559218 1.266401 -6.617407
v 5.813679 2.050140 -6.546160
v 6.227606 0.547112 -6.719193
v 6.319215 -0.932163 -6.871870
v 5.148681 3.203711 -6.434192
v 5.050292 2.548897 -6.440979
v 4.364938 2.124787 -7.109369
v 4.385293 4.211384 -6.376515
v 3.984937 3.872108 -6.525802
v 3.011191 4.384423 -6.637765
v 4.005293 4.143531 -6.790443
v 3.947618 2.905140 -6.552944
v 3.957798 2.698175 -7.275619
v 2.777082 3.824601 -7.133120
v 1.871192 5.015490 -6.776873
v 2.291906 5.290308 -6.505446
v 1.311373 4.530315 -7.055085
v 0.561556 5.748346 -6.542765
v 0.395307 5.456561 -6.960085
v -1.138261 5.727993 -6.746338
v -1.175581 5.415847 -7.055085
v -2.749859 5.263169 -6.885441
v -2.678609 5.005311 -7.126333
v -0.300228 4.750854 -6.919370
v -1.901649 4.462454 -6.980443
v -4.609140 4.082458 -7.455440
v -3.883070 4.289423 -7.200977
v -4.666818 3.617641 -7.241693
v -3.333429 3.692281 -7.228119
v -4.473426 2.426752 -7.390977
v -5.599849 2.396210 -7.231514
v -5.006104 4.082458 -6.909191
v -5.833955 3.040861 -7.072049
v -5.145209 5.110490 -7.010979
v -6.370026 3.736387 -7.173835
v -7.262345 2.131573 -7.333295
v -6.624489 1.212107 -7.231514
v -7.713593 0.519971 -7.526690
v -6.169848 1.174786 -6.705620
v -8.124128 5.992630 -4.015095
v -7.218238 7.156374 -4.279737
v -6.712705 6.199595 -5.816695
v -5.155387 7.607625 -5.613124
v -3.696465 8.435478 -5.480805
v -9.101268 4.357283 -3.343312
v -8.120735 4.248703 -5.952410
v -9.976622 3.179958 -2.138851
v -10.346439 2.453890 -0.629035
v 7.693318 -0.195923 -2.841171
v 0.802447 9.052980 -4.907412
v -1.640401 9.059767 -5.321340
v 2.736369 8.408339 -4.673307
v 4.371725 7.492264 -4.778489
v -8.806089 0.472473 -6.671694
v -9.467693 1.768544 -5.165270
v -8.544840 2.559078 -6.240800
v -9.321802 2.844066 -5.009199
v 8.263314 1.252827 -5.535090
v 7.839211 2.976394 -5.389196
v 7.106352 4.720314 -5.161876
v -5.165565 1.052648 -7.618298
v -7.218238 7.156374 7.120223
v -5.599849 2.396210 6.974330
v -6.597346 1.212107 7.968433
v -6.068064 1.208712 6.808082
v -5.871278 3.071392 8.385754
v -6.417525 -0.725206 6.706295
v -6.865381 -1.027170 7.574862
v -4.666818 3.617641 6.984510
v 8.117422 0.384260 -0.737609
v -4.666818 3.617641 6.984510
v 5.817071 6.372627 -4.900626
v 8.660278 0.028009 -5.619909
v -3.883070 4.289423 6.943793
v -2.678609 5.005311 6.872545
v -3.883070 4.289423 6.943793
v -2.678609 5.005311 6.872545
v -1.175581 5.415847 6.797902
v 7.102959 0.764256 -6.729373
v 6.600820 2.531930 -6.549552
v 7.367601 -0.623420 -6.797228
v 0.395307 5.456561 6.702902
v 1.871192 5.015490 6.519686
v 5.766180 3.933174 -6.424015
v 4.388686 5.327635 -6.356157
v 5.637249 5.307275 -5.813303
v 4.395473 6.399766 -5.721698
v 3.934047 6.179235 -6.312052
v 3.957797 5.307275 -6.810802
v -1.206118 6.593165 -7.170442
v 0.626019 6.647452 -6.987229
v 2.349586 6.209775 -6.841336
v -2.793964 6.162277 -7.326510
v -4.561642 5.157989 -7.513118
v -4.592177 6.084236 -6.966872
v 2.502265 7.000309 -6.271336
v 0.547986 7.475306 -6.457941
v -1.233257 7.434593 -6.692049
v -3.062004 6.946023 -6.837940
v -1.175581 5.415847 6.797902
v -2.644683 2.803354 -8.059368
v -1.525045 3.410676 -7.957582
v -0.273084 3.637994 -7.906690
v 0.989056 3.468357 -7.913476
v 2.139227 2.911928 -7.981329
v 2.960298 4.438710 6.387368
v 3.947618 2.905140 6.295758
v 4.364938 2.124787 6.852188
v 4.015473 3.882279 6.302545
v 5.050292 2.548897 6.183796
v 5.725466 -0.338414 6.618083
v 5.559218 1.266401 6.360225
v -10.533047 0.391046 2.075061
v -10.132690 0.387653 3.903804
v 8.952064 -1.671805 2.298989
v -2.783788 0.292646 8.311114
v -0.242548 2.229965 8.002363
v 1.542089 -5.366616 8.165218
v 2.285123 -3.663410 8.680931
v 1.165485 -4.267331 8.782718
v -0.062729 -5.661786 8.226288
v -0.086475 -4.498050 8.833611
v 3.007798 -7.714465 6.855582
v 1.070482 -6.489648 6.838618
v 0.463164 -7.823030 7.150755
v 2.454765 -6.180904 6.624866
v 2.634587 -5.882325 7.408617
v 1.939049 -5.220716 6.998080
v 2.254587 -5.180004 7.900577
v 0.972090 -5.549828 7.035404
v -0.235765 -5.661786 7.106648
v -1.243437 -6.462501 7.065937
v -1.497898 -5.498935 7.093079
v -1.684507 -5.441255 8.216112
v -1.915218 -6.750900 8.898072
v -1.769330 -9.305710 7.669865
v -1.243437 -6.462501 7.065937
v -2.030578 -9.173383 9.301823
v -1.769330 -9.305710 7.669865
v -2.929681 -6.961250 9.403609
v -3.173965 -9.281960 9.776820
v -3.170572 -6.370895 8.769148
v -8.707695 -9.383741 6.869150
v -10.770546 -9.872313 4.755406
v -11.221797 -9.672137 5.328799
v -12.602683 -9.088565 2.003811
v -13.345715 -10.506777 2.512738
v -12.008935 -10.489806 3.394877
v -13.284646 -9.668744 1.535598
v -12.877503 -8.983389 -0.126896
v -13.590000 -9.553385 -0.126896
v -14.166785 -10.611953 -0.126896
v -13.932679 -10.846056 2.651846
v -14.590890 -10.808737 -0.126896
v -12.809646 -10.449093 4.331305
v -3.425035 -10.971597 9.827717
v -4.191820 -10.408381 10.007535
v -5.945920 -12.573013 10.275569
v -5.521813 -13.210873 10.129677
v -5.260566 -9.343030 9.155931
v -6.091813 -11.073382 9.797180
v -5.816993 -9.095351 8.497719
v -7.401452 -9.736600 8.362003
v -9.752693 -9.916418 7.262721
v -11.978401 -10.058917 5.834332
v -13.396610 -10.961420 4.711301
v -13.023396 -10.944454 6.288975
v -10.495727 -10.988560 7.924326
v -8.351448 -11.073382 8.989682
v -8.429484 -12.494982 9.335750
v -10.811261 -12.474625 8.222898
v -13.908927 -13.421227 6.682545
v -8.164842 -13.448370 9.043964
v -10.604298 -13.448370 7.893794
v -15.133748 -13.448370 2.889345
v -15.720708 -13.448370 -0.126896
v -14.400890 -13.448370 5.030232
v -8.164842 -13.448370 9.043964
v -10.604298 -13.444977 -0.126896
v -5.379313 -13.448370 9.203431
v -10.604298 -13.448370 7.893794
v -13.908927 -13.421227 6.682545
v -14.400890 -13.448370 5.030232
v -15.133748 -13.448370 2.889345
v -15.720708 -13.448370 -0.126896
v -3.404679 -10.808737 8.362003
v -5.379313 -13.448370 9.203431
v -5.521813 -13.441584 -0.126896
v 4.833151 -8.596601 7.333971
v 5.179218 -7.938397 6.685940
v 2.685477 -8.338747 7.534149
v 0.931377 -8.152142 7.625759
v 6.471891 -10.187849 6.977724
v 6.064751 -10.269276 7.585042
v 2.756726 -10.021597 7.802184
v 1.043339 -9.281960 7.771647
v 6.974034 -8.243748 6.533260
v 7.642426 -10.499993 6.787725
v 0.476737 -9.543204 7.279684
v 1.321554 -11.283733 7.646116
v -2.787181 -11.283733 8.311114
v 2.040839 -10.167494 7.378077
v -3.964499 -12.813909 8.626645
v -2.787181 -11.283733 8.311114
v 2.380119 -11.429629 7.486649
v 2.006909 -12.739270 7.639329
v 2.861906 -11.029272 8.148255
v 3.720295 -13.411047 8.070218
v -3.964499 -12.813909 8.626645
v -4.039141 -13.088726 -0.126896
v 1.321554 -11.283733 7.646116
v -2.135753 -11.164984 -0.126896
v 1.474233 -11.402486 -0.126896
v -2.787181 -11.283733 8.311114
v 2.006909 -12.739270 7.639329
v 1.952622 -12.583195 -0.126896
v 6.275106 -11.083559 8.026114
v 6.933318 -13.411047 8.107542
v 2.943335 -13.417833 -0.126896
v 6.933318 -13.411047 8.107542
v 3.720295 -13.411047 8.070218
v 0.972090 -5.549828 -7.292583
v 1.542089 -5.366616 -8.422400
v 1.939049 -5.220716 -7.255261
v 2.254587 -5.180004 -8.157758
v -0.062729 -5.661786 -8.483476
v -0.235765 -5.661786 -7.363832
v -1.497898 -5.498935 -7.350261
v -1.243437 -6.462501 -7.323117
v 1.070482 -6.489648 -7.092404
v -5.260566 -9.343030 -9.413114
v -4.911103 -6.964643 -9.518292
v -3.173965 -9.281960 -10.034004
v -1.684507 -5.441255 -8.473294
v -2.709146 -6.146963 -7.577582
v -3.153609 -4.732155 -8.391866
v -3.662536 -5.607508 -7.631868
v -5.423424 -7.351427 -9.087399
v -5.816993 -9.095351 -8.754902
v -11.978401 -10.058917 -6.088126
v -10.495727 -10.988560 -8.181508
v -13.023396 -10.944454 -6.546160
v -5.277532 -7.819636 -8.388471
v -1.915218 -6.750900 -9.155256
v -3.170572 -6.370895 -9.026327
v -4.201998 -5.845006 -8.900796
v -1.769330 -9.305710 -7.927045
v 0.931377 -8.152142 -7.882940
v 1.043339 -9.281960 -8.028834
v 0.476737 -9.543204 -7.536869
v 0.463164 -7.823030 -7.407940
v 1.321554 -11.283733 -7.903295
v -2.787181 -11.283733 -8.564902
v 2.040839 -10.167494 -7.635263
v 2.756726 -10.021597 -8.059368
v -3.404679 -10.808737 -8.619186
v -3.964499 -12.813909 -8.883825
v -5.379313 -13.448370 -9.460613
v 2.380119 -11.429629 -7.743832
v 2.006909 -12.739270 -7.896511
v 3.045117 -13.411047 -7.740437
v 2.861906 -11.029272 -8.405437
v 3.720295 -13.411047 -8.327402
v -3.964499 -12.813909 -8.883825
v -5.379313 -13.448370 -9.460613
v 3.045117 -13.411047 -7.740437
v 2.006909 -12.739270 -7.896511
v 1.321554 -11.283733 -7.903295
v -2.787181 -11.283733 -8.564902
v -2.030578 -9.173383 -9.559006
v 3.839045 -5.200364 -7.441869
v 2.634587 -5.882325 -7.665797
v 2.977261 -4.589656 -8.296868
v 2.454765 -6.180904 -6.882049
v -2.929681 -6.961250 -9.660789
v 3.872971 -5.532861 -6.607228
v -11.221797 -9.672137 -5.585980
v -10.770546 -9.872313 -5.012591
v -8.707695 -9.383741 -7.126333
v -4.585390 -6.336969 -9.569184
v 3.007798 -7.714465 -7.112764
v 4.727972 -6.744113 -6.671694
v 2.685477 -8.338747 -7.791331
v 4.833151 -8.596601 -7.591156
v -2.495398 -3.771975 -9.016149
v -1.348616 -4.325011 -9.080611
v 6.064751 -10.269276 -7.842227
v 6.471891 -10.187849 -7.234906
v 5.179218 -7.938397 -6.943122
v 1.165485 -4.267331 -9.039899
v -0.086475 -4.498050 -9.090791
v 2.285123 -3.663410 -8.938114
v -5.521813 -13.210873 -10.386860
v -5.945920 -12.573013 -10.532751
v -3.425035 -10.971597 -10.084894
v -9.752693 -9.916418 -7.519903
v -6.091813 -11.073382 -10.054362
v -4.191820 -10.408381 -10.264720
v -8.351448 -11.073382 -9.243472
v -7.401452 -9.736600 -8.619186
v -13.932679 -10.846056 -2.909029
v -12.809646 -10.449093 -4.588490
v -13.396610 -10.961420 -4.968481
v 1.464053 -2.652337 -8.934722
v -0.120405 -3.205373 -9.033114
v -8.429484 -12.494982 -9.592935
v 3.720295 -13.411047 -8.327402
v 6.933318 -13.411047 -8.364723
v -10.811261 -12.474625 -8.480081
v -13.908927 -13.421227 -6.939730
v -8.164842 -13.448370 -9.301146
v -10.604298 -13.448370 -8.150973
v 6.933318 -13.411047 -8.364723
v 6.275106 -11.083559 -8.283297
v -15.133748 -13.448370 -3.146526
v -13.345715 -10.506777 -2.769919
v -12.602683 -9.088565 -2.260993
v -12.008935 -10.489806 -3.652059
v -13.284646 -9.668744 -1.792783
v -14.400890 -13.448370 -5.287412
v -8.164842 -13.448370 -9.301146
v -10.604298 -13.448370 -8.150973
v -14.400890 -13.448370 -5.287412
v -13.908927 -13.421227 -6.939730
v -15.133748 -13.448370 -3.146526
v -7.130022 -4.633762 -8.697223
v -6.563418 -4.253757 -8.907580
v -6.176635 -5.766973 -9.090791
v -5.647352 -5.373404 -9.263827
v -6.668596 -6.146963 -8.632757
v -7.618594 -5.030726 -8.195079
v -7.201274 -6.096077 -7.862582
v -9.861263 -7.521073 -6.172945
v -13.450894 -8.124994 -0.126896
v -13.698570 -6.655900 -0.126896
v -12.656968 -8.186068 -2.966705
v 5.016363 -3.951793 6.960757
v -5.932350 -3.982341 -8.374902
v -5.107888 -5.023939 -8.642936
v -5.023069 -4.338584 -7.458835
v 6.078321 -1.179842 -6.776873
v -4.330929 -3.602337 -8.252763
v 6.285286 -2.000916 -5.813303
v 4.806008 -1.939842 -7.906690
v 5.756003 -2.574304 -6.970264
v 4.090116 -3.385191 -8.093297
v 5.016363 -3.951793 -7.217943
v 4.938326 -4.440371 -6.291697
v 5.756003 -3.252872 -6.033837
v 5.874749 -5.624466 -6.193303
v 7.102959 -4.097692 -5.375625
v 7.930817 -2.733770 -4.907413
v 8.524567 -2.163767 -5.497769
v 8.517779 -2.679476 -4.364561
v 9.376169 -1.821098 -5.616517
v -3.414857 -2.893228 -8.900796
v 3.160476 -2.743950 -8.792223
v 3.713512 -1.597165 -8.619186
v 3.889937 -0.338414 -8.429187
v 2.427622 -1.268053 -8.720973
v -4.201998 -5.845006 8.643607
v 2.977261 -4.589656 8.039683
v -2.709146 -6.146963 7.320401
v -2.709146 -6.146963 7.320401
v -4.585390 -6.336969 9.311999
v -4.911103 -6.964643 9.261106
v -5.423424 -7.351427 8.830216
v -5.277532 -7.819636 8.131292
v -1.728617 -2.723589 -8.985615
v -12.656968 -8.186068 2.709523
v 6.851892 -6.113037 5.959871
v 8.069922 -4.189299 4.914872
v 5.874749 -5.624466 5.936121
v 4.727972 -6.744113 6.414511
v 7.024927 -7.700892 6.400938
v 8.829921 -3.324126 3.513630
v 3.160476 -2.743950 8.535039
v -2.495398 -3.771975 8.758967
v -1.348616 -4.325011 8.823429
v 4.090116 -3.385191 7.836115
v 3.839045 -5.200364 7.188082
v 4.938326 -4.440371 6.034511
v 3.872971 -5.532861 6.350048
v 8.680634 -2.469125 -3.597775
v 8.829921 -3.324125 -3.770812
v 8.069922 -4.189299 -5.172054
v 6.851892 -6.113037 -6.217052
v 9.708667 -1.183235 -5.368838
v 9.610274 -0.830378 -0.126896
v 9.243847 -1.050916 -0.754572
v 9.243847 -1.050916 0.497389
v 8.639922 -0.854131 -4.167777
v 8.952064 -1.671805 -2.552777
v 12.300799 -4.657508 2.377025
v 12.405979 -5.023940 2.668808
v 13.074370 -4.596444 2.353275
v 13.043830 -5.064652 2.919880
v 10.414378 -3.554837 3.072560
v 10.336342 -3.931441 3.608629
v 10.695985 -4.277511 3.004699
v 9.600099 -5.071439 4.979335
v 9.264203 -4.688048 5.308442
v 11.744373 -5.800900 4.602731
v 11.174375 -5.824654 4.602731
v 17.413820 -7.205537 2.119164
v 15.405252 -9.091960 3.320236
v 17.617390 -9.132673 2.085237
v 15.462931 -13.461942 -0.126899
v 9.043669 -13.411047 7.612182
v 15.378109 -7.144472 3.092914
v 13.142225 -8.762859 4.375412
v 10.071700 -8.946067 5.976834
v 10.923307 -10.666240 5.725761
v 10.455093 -8.834104 5.535763
v 12.222763 -6.252150 4.324516
v 13.423830 -6.645721 3.927556
v 10.132774 -8.321779 5.824155
v 9.640811 -8.277674 5.776655
v 9.488132 -8.942673 5.953084
v 9.925809 -10.639095 6.065047
v 10.482237 -10.669632 6.197369
v 8.287067 -6.377682 6.085404
v 8.629743 -6.672859 5.797012
v 8.297245 -10.584813 6.933613
v 8.619563 -10.588205 6.526473
v 7.520279 -8.199641 6.730045
v 7.930817 -8.013036 6.312725
v 13.366154 -5.400544 2.712915
v 15.194894 -5.885720 2.438096
v 17.749710 -10.693382 2.017382
v 15.758109 -10.632315 3.170946
v 16.837036 -5.644829 1.552562
v 13.070977 -3.890728 1.355779
v 12.351694 -3.727869 0.572030
v 10.770629 -2.065375 -0.126897
v 10.655269 -2.248594 0.470247
v 10.906341 -2.896621 0.541494
v 13.369544 -4.453944 1.433810
v 12.925085 -3.364839 -0.126898
v 13.400081 -4.029834 0.507569
v 14.981145 -4.915368 1.457560
v 7.849387 -6.387862 5.892016
v 8.765458 -4.762688 5.111659
v 9.776523 -3.775369 3.323628
v 15.120254 -13.424623 -5.718305
v 18.655600 -13.424623 -3.553672
v 20.236664 -13.417837 -2.291533
v 21.454700 -13.411050 -0.126899
v 12.161691 -13.424622 -6.837942
v 9.043669 -13.411047 -7.869369
v 15.120254 -13.424623 -5.718305
v 12.161691 -13.424622 -6.837942
v 14.689360 -11.253199 -5.623305
v 11.669732 -11.205702 -6.770089
v 9.043669 -13.411047 -7.869369
v 8.555100 -11.164984 -7.804905
v 3.045117 -13.411047 7.483256
v 3.045117 -13.411047 7.483256
v 13.607046 -10.778202 4.545050
v 7.598315 -7.605892 6.580760
v 11.819017 -2.862695 -0.126897
v 10.743485 -3.870367 2.662026
v 14.312757 -3.744836 -0.126898
v 14.930252 -4.331799 0.466851
v 16.877748 -4.104481 -0.126899
v 16.718285 -4.698223 0.449887
v 18.217922 -8.196249 1.332028
v 18.319708 -6.024826 1.613632
v 18.234886 -4.464126 1.013099
v 19.395241 -6.191078 -0.126899
v 18.838814 -4.192694 -0.126899
v 17.502031 -3.887335 0.717921
v 17.905783 -2.591265 -0.126899
v 17.678459 -11.270166 3.354161
v 15.992214 -10.727309 3.584877
v 14.217758 -10.835878 5.152368
v 14.689360 -11.253199 5.366120
v 15.120254 -13.424623 5.461120
v 18.655600 -13.424623 3.296486
v 8.555100 -11.164984 7.547719
v 11.669730 -11.205704 6.512898
v 9.043669 -13.411047 7.612182
v 12.161689 -13.424623 6.580758
v 15.120254 -13.424623 5.461120
v 12.161689 -13.424623 6.580758
v 20.236664 -13.417837 2.034345
v 18.655600 -13.424623 3.296486
v 10.482237 -10.669632 -6.454550
v 14.217758 -10.835878 -5.409555
v 8.297245 -10.584813 -7.187408
v 18.655600 -13.424623 -3.553672
v 17.678459 -11.270166 -3.607954
v 10.923307 -10.666240 -5.982945
v 13.607046 -10.778202 -4.802238
v 10.655269 -2.248594 -0.727427
v 10.414378 -3.554837 -3.329741
v 6.974034 -8.243748 -6.790443
v 7.642426 -10.499993 -7.044906
v 7.024927 -7.700892 -6.658120
v 7.849387 -6.387862 -6.149195
v 8.765458 -4.762688 -5.368838
v 9.776523 -3.775368 -3.580809
v 10.336342 -3.931441 -3.862417
v 9.264203 -4.688048 -5.565625
v 8.287067 -6.377682 -6.342587
v 7.520279 -8.199641 -6.987230
v 14.981145 -4.915368 -1.714746
v 13.366156 -5.400543 -2.970098
v 13.369544 -4.453944 -1.687606
v 15.194894 -5.885720 -2.695281
v 13.400081 -4.029834 -0.764752
v 13.070977 -3.890728 -1.612964
v 13.074371 -4.596444 -2.610460
v 10.906341 -2.896621 -0.798677
v 12.300799 -4.657508 -2.634207
v 12.351694 -3.727869 -0.829215
v 16.837036 -5.644829 -1.809749
v 15.378109 -7.144471 -3.350101
v 17.413820 -7.205537 -2.372961
v 15.758109 -10.632315 -3.428133
v 17.617390 -9.132673 -2.342425
v 17.749710 -10.693382 -2.274569
v 15.405252 -9.091960 -3.577422
v 13.423830 -6.645721 -4.184741
v 12.222764 -6.252150 -4.581704
v 13.043831 -5.064652 -3.177063
v 11.744373 -5.800900 -4.856522
v 8.619563 -10.588205 -6.783657
v 7.930817 -8.013036 -6.569910
v 8.629743 -6.672859 -6.054195
v 9.600099 -5.071439 -5.236520
v 10.695985 -4.277511 -3.261886
v 12.405979 -5.023940 -2.925992
v 11.174375 -5.824654 -4.859913
v 13.142225 -8.762859 -4.629204
v 10.455093 -8.834104 -5.792946
v 10.132774 -8.321779 -6.081340
v 9.640811 -8.277674 -6.033837
v 10.071701 -8.946066 -6.234014
v 9.488132 -8.942673 -6.210266
v 9.925810 -10.639095 -6.322232
v 7.598315 -7.605892 -6.837941
v 10.743485 -3.870367 -2.919205
v 14.930252 -4.331799 -0.724037
v 16.718285 -4.698223 -0.707074
v 18.217922 -8.196249 -1.589215
v 18.319708 -6.024826 -1.870817
v 18.234886 -4.464126 -1.270287
v 17.502031 -3.887335 -0.971716
v 15.992214 -10.727309 -3.842064
v 19.530952 -11.093740 2.068276
v 18.699709 -8.345535 -1.548502
v 20.840593 -11.192129 -0.126899
v 19.530952 -11.093740 -2.325461
v 18.699709 -8.345535 1.291312
v 19.106846 -7.561788 -0.126899
v 20.236664 -13.417837 -2.291533
v 21.454700 -13.411050 -0.126899
v 20.236664 -13.417837 2.034345
vn 0.1561 -0.8429 0.5149
vn 0.3704 -0.7644 0.5278
vn 0.1716 -0.8582 0.4837
vn 0.5282 -0.7254 0.4414
vn 0.3864 -0.7964 0.4652
vn 0.1019 -0.2743 0.9562
vn 0.1171 -0.2811 0.9525
vn -0.1412 0.2823 0.9489
vn 0.0547 0.2897 0.9555
vn 0.0551 0.1102 0.9924
vn -0.1891 0.1576 0.9692
vn -0.3378 0.2357 0.9112
vn -0.3307 0.2047 0.9213
vn 0.0156 -0.2127 0.9770
vn 0.3944 -0.7730 0.4970
vn 0.5111 -0.4640 0.7235
vn 0.2731 -0.5933 0.7572
vn -0.2752 0.0707 0.9588
vn -0.4311 0.2900 0.8544
vn -0.2033 0.0390 0.9783
vn 0.5668 -0.4330 0.7009
vn 0.5658 -0.3143 0.7623
vn 0.3756 -0.1409 0.9160
vn 0.6423 -0.2820 0.7127
vn 0.1884 -0.0000 0.9821
vn 0.6667 0.0157 0.7452
vn 0.0079 0.1414 0.9899
vn -0.1723 -0.1096 0.9789
vn -0.1957 -0.0626 0.9787
vn -0.5906 0.2362 0.7717
vn -0.5744 0.0236 0.8183
vn -0.7118 -0.0939 0.6961
vn -0.1250 0.0078 0.9921
vn 0.6109 0.3446 0.7127
vn 0.0861 0.2193 0.9718
vn 0.5944 0.5240 0.6100
vn 0.0079 0.2518 0.9678
vn -0.6860 -0.0552 0.7255
vn -0.9134 -0.2186 0.3435
vn -0.8280 -0.0315 0.5599
vn -0.8439 0.2208 0.4890
vn -0.9523 -0.0234 0.3044
vn -0.7262 0.0234 0.6871
vn -0.9082 -0.0547 0.4149
vn -0.9815 -0.0628 0.1806
vn -0.5914 0.1262 0.7964
vn -0.4559 0.0550 0.8883
vn -0.9845 -0.0236 0.1736
vn -0.9992 -0.0315 -0.0236
vn -0.9091 -0.2744 0.3135
vn -0.9994 0.0234 0.0236
vn -0.9805 -0.0943 0.1726
vn -0.9094 0.2901 0.2979
vn -0.9300 -0.0157 0.3672
vn -0.8538 0.0626 0.5169
vn -0.7814 0.3552 0.5131
vn -0.8415 0.3618 0.4011
vn -0.9224 0.3863 -0.0000
vn -0.8437 0.4652 0.2681
vn -0.8922 0.1096 0.4382
vn -0.8210 0.5708 0.0078
vn -0.8834 0.3234 0.3392
vn -0.9774 0.2111 0.0078
vn -0.9263 0.3768 0.0079
vn -0.8829 0.3281 -0.3359
vn -0.8428 0.4682 -0.2653
vn -0.8952 0.1099 -0.4319
vn -0.9998 -0.0158 0.0079
vn -0.9638 -0.2664 0.0078
vn -0.8592 -0.1093 0.4999
vn -0.8098 0.1808 0.5582
vn -0.7335 0.0312 0.6789
vn -0.7967 0.2577 0.5467
vn -0.6928 0.1338 0.7086
vn -0.6625 0.0078 0.7490
vn -0.6247 0.0078 0.7809
vn -0.7726 0.2263 0.5932
vn -0.6717 0.5468 0.4998
vn -0.9378 0.0469 0.3439
vn -0.5595 0.7565 0.3388
vn -0.3768 0.9263 -0.0000
vn -0.5501 0.2595 0.7937
vn -0.1961 0.9803 -0.0236
vn -0.5509 -0.0316 0.8340
vn -0.7831 -0.3211 0.5325
vn -0.8202 -0.1498 0.5521
vn -0.8617 -0.1175 0.4936
vn -0.6150 -0.0079 0.7885
vn -0.5258 -0.0706 0.8477
vn -0.6570 -0.4536 0.6022
vn -0.4567 0.1654 0.8741
vn -0.4881 0.2284 0.8424
vn -0.7789 -0.2124 0.5901
vn -0.4531 -0.1250 0.8827
vn 0.0471 0.3300 0.9428
vn 0.5325 0.6579 0.5326
vn 0.1335 0.3062 0.9426
vn 0.0863 0.3686 0.9256
vn 0.4222 0.7506 0.5082
vn 0.0548 0.3368 0.9400
vn -0.2590 0.0314 0.9654
vn -0.3624 0.2758 0.8903
vn -0.3455 0.6517 0.6752
vn -0.3473 0.7577 0.5525
vn -0.4160 0.8241 0.3846
vn -0.4333 0.4649 0.7721
vn -0.3526 0.4310 0.8306
vn -0.2914 0.3702 0.8821
vn -0.3863 -0.0000 0.9224
vn -0.4495 0.0631 0.8911
vn -0.6390 0.4910 0.5921
vn -0.8277 0.5125 0.2286
vn -0.8224 0.5249 0.2193
vn -0.5395 -0.8288 0.1486
vn -0.2509 -0.9642 0.0861
vn -0.6863 -0.3473 0.6390
vn -0.0472 -0.9909 0.1258
vn -0.0469 -0.9929 0.1095
vn -0.1733 -0.0000 0.9849
vn -0.0548 0.2348 0.9705
vn 0.0391 0.1018 0.9940
vn 0.7555 -0.5115 0.4094
vn 0.2910 -0.6843 0.6686
vn 0.1718 -0.9840 0.0468
vn 0.7792 -0.5116 0.3621
vn 0.6312 -0.7652 0.1264
vn 0.3944 -0.8992 0.1892
vn 0.5082 0.0392 0.8603
vn 0.8394 -0.2427 0.4863
vn 0.1495 0.2676 0.9518
vn 0.3053 0.8533 0.4227
vn 0.2892 0.4924 0.8209
vn 0.8091 0.2908 0.5107
vn 0.4540 0.1958 0.8692
vn 0.0548 0.2898 0.9555
vn 0.0552 0.1103 0.9924
vn 0.2904 0.1178 0.9496
vn 0.2272 0.3290 0.9166
vn 0.4082 0.4789 0.7772
vn 0.3525 0.3612 0.8633
vn 0.5103 0.4789 0.7144
vn 0.1493 -0.2985 0.9427
vn -0.0157 -0.8608 0.5087
vn 0.1560 -0.8428 0.5150
vn 0.1177 -0.2904 0.9496
vn 0.4774 0.2661 0.8374
vn 0.1888 -0.2122 0.9588
vn -0.2418 -0.7800 0.5772
vn -0.1872 -0.6788 0.7101
vn -0.0860 -0.8053 0.5866
vn 0.1334 0.4866 0.8634
vn -0.0078 0.4154 0.9096
vn -0.0392 0.3764 0.9256
vn 0.3703 -0.7643 0.5279
vn -0.0000 0.4936 0.8697
vn 0.1022 0.4323 0.8959
vn 0.3913 0.5087 0.7669
vn -0.2441 -0.6616 0.7090
vn -0.2031 -0.7661 0.6098
vn 0.4691 -0.0000 0.8832
vn 0.5403 0.2114 0.8144
vn 0.6204 0.3848 0.6834
vn 0.5028 0.1650 0.8485
vn 0.3768 0.0157 0.9262
vn 0.0159 -0.5511 0.8343
vn -0.3467 -0.5753 0.7409
vn 0.4393 0.4236 0.7922
vn 0.5427 0.5190 0.6604
vn 0.2038 0.3998 0.8937
vn 0.2816 0.5085 0.8137
vn -0.0000 0.5974 0.8020
vn -0.0863 0.4549 0.8863
vn -0.1647 0.3608 0.9180
vn 0.5282 -0.7253 0.4416
vn 0.5111 -0.4642 0.7234
vn -0.2822 0.3057 0.9093
vn -0.1969 0.3938 0.8979
vn -0.2748 0.4946 0.8245
vn 0.0156 0.1644 0.9863
vn 0.2756 0.3228 0.9054
vn 0.4641 0.2753 0.8419
vn 0.5898 0.3067 0.7470
vn 0.6043 0.5101 0.6120
vn -0.2122 -0.0707 0.9747
vn -0.3388 -0.4176 0.8431
vn 0.4618 0.0626 0.8848
vn -0.3223 -0.1887 0.9276
vn 0.2121 0.1415 0.9669
vn 0.4404 0.1730 0.8810
vn -0.1568 -0.0078 0.9876
vn 0.0392 -0.4562 0.8890
vn 0.4554 0.0707 0.8875
vn 0.4008 -0.1493 0.9039
vn 0.7879 0.1733 0.5909
vn 0.7277 0.2426 0.6416
vn 0.7660 0.1485 0.6254
vn 0.6999 0.2516 0.6685
vn 0.4487 0.4644 -0.7635
vn 0.5346 0.6054 -0.5897
vn 0.4579 0.5447 -0.7026
vn 0.6384 0.4414 -0.6306
vn 0.4098 0.7014 -0.5832
vn 0.3983 0.5701 -0.7185
vn 0.2837 0.6540 -0.7013
vn 0.3309 0.7092 -0.6225
vn 0.2577 0.5468 -0.7966
vn 0.1794 0.6473 -0.7409
vn 0.0391 0.5324 -0.8456
vn -0.0157 0.6111 -0.7914
vn -0.1812 0.5198 -0.8348
vn 0.1251 0.1173 -0.9852
vn 0.1016 0.1407 -0.9848
vn 0.1645 0.1252 -0.9784
vn 0.4289 0.3274 -0.8419
vn 0.3666 0.2965 -0.8819
vn 0.7260 0.3044 -0.6167
vn 0.7166 0.2992 -0.6300
vn 0.7773 0.2591 -0.5732
vn 0.4485 0.1889 -0.8736
vn 0.4318 0.2591 -0.8639
vn -0.0079 0.0550 -0.9985
vn 0.1885 0.0470 -0.9810
vn -0.0469 -0.1016 -0.9937
vn 0.1099 -0.1648 -0.9802
vn 0.1336 -0.0551 -0.9895
vn 0.2656 0.2812 -0.9222
vn 0.2129 0.4495 -0.8675
vn 0.0943 -0.1021 -0.9903
vn 0.0859 0.0937 -0.9919
vn 0.1257 -0.1413 -0.9820
vn 0.0859 0.3981 -0.9133
vn 0.1406 0.4921 -0.8591
vn 0.3937 0.5117 -0.7637
vn 0.4554 0.4476 -0.7696
vn 0.2507 0.2586 -0.9329
vn -0.0548 0.0940 -0.9941
vn 0.0078 0.1173 -0.9931
vn 0.4000 -0.1098 -0.9099
vn 0.6562 -0.3439 -0.6717
vn 0.9907 0.1337 -0.0237
vn 0.8671 -0.3749 -0.3281
vn 0.1569 -0.7139 -0.6825
vn 0.1094 -0.4064 -0.9071
vn 0.5510 0.1968 -0.8110
vn 0.4524 0.2419 -0.8584
vn 0.6073 0.5126 -0.6071
vn 0.5460 0.5225 -0.6549
vn 0.5934 0.3124 -0.7418
vn 0.6312 0.1262 -0.7653
vn 0.7182 -0.1094 -0.6872
vn 0.4313 -0.4468 -0.7838
vn 0.4302 -0.2738 -0.8602
vn 0.3515 0.1640 -0.9217
vn 0.3285 0.4067 -0.8525
vn 0.5768 0.4053 -0.7093
vn 0.9095 0.2430 -0.3372
vn 0.8705 0.1882 0.4548
vn 0.9962 0.0784 0.0392
vn 0.7312 0.6054 -0.3145
vn 0.6456 0.6062 -0.4645
vn 0.2601 0.7172 -0.6465
vn 0.0157 0.6540 -0.7564
vn 0.0155 0.4220 -0.9065
vn 0.1565 0.3287 -0.9314
vn 0.5555 -0.1722 -0.8135
vn 0.2274 0.2509 -0.9409
vn 0.6482 -0.2031 -0.7339
vn 0.7956 -0.2127 -0.5672
vn 0.7093 -0.4053 -0.5768
vn 0.6007 -0.0780 -0.7957
vn 0.3596 0.1406 -0.9225
vn 0.3672 0.0234 -0.9298
vn 0.5389 -0.2499 -0.8044
vn 0.5849 -0.5537 -0.5927
vn 0.3900 -0.1717 -0.9047
vn 0.1484 0.2343 -0.9608
vn 0.1961 0.3452 -0.9178
vn 0.0471 0.2993 -0.9530
vn 0.1405 0.2967 -0.9446
vn 0.2108 0.3044 -0.9289
vn 0.2656 0.5859 -0.7656
vn 0.4148 0.1799 -0.8920
vn 0.4531 0.1718 -0.8747
vn 0.1889 0.1653 -0.9680
vn 0.0313 0.1733 -0.9844
vn 0.0313 0.4219 -0.9061
vn 0.3225 0.4012 -0.8573
vn 0.2130 0.3629 -0.9071
vn 0.1262 0.4022 -0.9068
vn 0.1484 -0.0939 -0.9845
vn 0.0936 -0.8049 -0.5860
vn 0.4145 -0.3754 -0.8290
vn 0.3201 -0.0703 -0.9448
vn 0.4565 -0.0078 -0.8897
vn 0.2978 -0.2351 -0.9252
vn 0.2499 -0.1718 -0.9529
vn 0.1340 -0.2050 -0.9696
vn 0.2509 -0.7372 -0.6274
vn 0.1018 -0.8142 -0.5715
vn -0.0315 -0.7704 -0.6367
vn 0.1178 0.0863 -0.9893
vn 0.2035 -0.8060 -0.5558
vn 0.0313 -0.8304 -0.5562
vn 0.0393 -0.7066 -0.7066
vn 0.1565 -0.7825 -0.6026
vn 0.4571 0.1971 -0.8673
vn 0.0782 0.2271 -0.9707
vn -0.1642 0.4691 -0.8678
vn 0.1174 0.3836 -0.9160
vn 0.2189 0.4613 -0.8598
vn 0.0234 0.2035 -0.9788
vn -0.1879 -0.0940 -0.9777
vn 0.0866 0.1496 -0.9849
vn 0.5119 0.0393 -0.8582
vn 0.8150 0.2901 -0.5016
vn 0.2911 0.4956 -0.8183
vn -0.1099 -0.7222 -0.6829
vn -0.0864 -0.2120 -0.9735
vn 0.0313 -0.2424 -0.9697
vn 0.0313 -0.3206 -0.9467
vn -0.2426 -0.2425 -0.9393
vn 0.0234 0.1720 -0.9848
vn 0.4641 0.2753 -0.8419
vn 0.3466 0.2441 -0.9057
vn 0.2756 0.3228 -0.9055
vn 0.2106 0.4057 -0.8894
vn 0.2834 0.5117 -0.8111
vn 0.0078 0.6024 -0.7982
vn 0.1095 0.4383 -0.8921
vn -0.0078 0.4995 -0.8663
vn -0.0156 0.4219 -0.9065
vn 0.0157 0.2129 -0.9770
vn -0.0469 0.3830 -0.9226
vn -0.0937 0.4608 -0.8825
vn -0.2809 0.4994 -0.8196
vn -0.2038 0.3998 -0.8937
vn -0.1718 0.3671 -0.9142
vn 0.0156 0.2037 -0.9789
vn 0.2108 -0.1796 -0.9609
vn 0.1414 0.0079 -0.9899
vn -0.0552 -0.1731 -0.9833
vn -0.1259 0.1336 -0.9830
vn -0.2887 0.3121 -0.9051
vn -0.2657 0.3282 -0.9065
vn -0.4445 0.2574 -0.8580
vn -0.4247 -0.0314 -0.9048
vn -0.3298 0.1335 -0.9346
vn -0.3284 0.2346 -0.9149
vn -0.5394 0.2189 -0.8131
vn -0.2429 0.1097 -0.9638
vn 0.0470 0.0784 -0.9958
vn -0.1569 0.0156 -0.9875
vn -0.3761 0.3602 -0.8537
vn -0.0470 0.1172 -0.9920
vn 0.0705 0.0783 -0.9944
vn -0.3704 0.5043 -0.7801
vn -0.1723 0.5873 -0.7908
vn -0.3904 0.5232 -0.7575
vn -0.5002 0.5158 -0.6955
vn -0.3198 0.3042 -0.8973
vn -0.3439 0.2424 -0.9072
vn 0.3993 -0.0391 -0.9160
vn -0.1960 -0.0236 -0.9803
vn -0.6026 0.1095 -0.7905
vn -0.5809 -0.0942 -0.8085
vn -0.1799 0.1018 -0.9784
vn 0.4765 0.2187 -0.8515
vn -0.2733 0.1796 -0.9450
vn -0.7767 0.1491 -0.6120
vn -0.6643 0.2735 -0.6956
vn -0.6663 0.4154 -0.6193
vn -0.7095 0.2963 -0.6393
vn -0.5414 0.3217 -0.7768
vn -0.8191 0.2184 -0.5304
vn -0.8537 0.3760 -0.3603
vn -0.8677 0.1407 -0.4768
vn -0.9125 -0.0079 -0.4090
vn -0.9342 0.2276 -0.2748
vn -0.9186 0.1413 -0.3690
vn -0.9820 0.1412 -0.1257
vn -0.9827 0.0393 -0.1808
vn -0.9827 0.0392 -0.1808
vn -0.9191 0.0314 -0.3928
vn -0.9115 0.2908 -0.2908
vn -0.8851 0.1017 -0.4542
vn -0.8910 0.0234 -0.4533
vn -0.7189 0.1016 -0.6876
vn -0.1021 0.2671 -0.9583
vn -0.6361 0.0550 -0.7696
vn -0.8234 -0.1098 -0.5568
vn -0.8004 0.1490 -0.5806
vn -0.7823 0.3599 -0.5085
vn -0.6961 0.1408 -0.7040
vn -0.6668 0.0156 -0.7451
vn -0.7864 -0.3224 -0.5269
vn -0.5312 -0.0781 -0.8436
vn -0.0156 0.3442 -0.9388
vn 0.5681 0.4418 -0.6943
vn -0.0468 0.1718 -0.9840
vn -0.5006 -0.2737 -0.8213
vn -0.3373 0.0157 -0.9413
vn -0.2675 -0.0865 -0.9597
vn -0.2034 -0.1799 -0.9624
vn -0.3618 -0.4169 -0.8338
vn 0.0939 0.2268 -0.9694
vn 0.5972 0.5265 -0.6051
vn 0.0548 0.3368 -0.9400
vn 0.5348 0.6606 -0.5269
vn 0.1409 0.3131 -0.9392
vn 0.3063 0.8561 -0.4163
vn 0.4239 0.7536 -0.5024
vn 0.0938 0.3751 -0.9222
vn 0.0625 0.3436 -0.9370
vn 0.1569 0.2746 -0.9487
vn 0.8425 -0.2441 -0.4803
vn 0.0469 0.1095 -0.9929
vn -0.2662 0.0392 -0.9631
vn -0.4562 -0.1258 -0.8809
vn -0.6600 -0.4557 -0.5972
vn -0.7807 -0.2186 -0.5855
vn -0.3684 0.2822 -0.8858
vn -0.0625 0.2421 -0.9682
vn 0.7558 -0.5142 -0.4054
vn 0.7814 -0.5130 -0.3553
vn 0.3984 -0.8979 -0.1872
vn -0.2501 -0.9528 -0.1720
vn 0.6321 -0.7647 -0.1250
vn 0.1718 -0.9844 -0.0391
vn 0.2966 -0.6869 -0.6635
vn -0.1810 0.0079 -0.9835
vn -0.2977 0.3761 -0.8775
vn -0.3473 0.6552 -0.6709
vn -0.4932 0.2349 -0.8376
vn -0.4623 0.1724 -0.8698
vn -0.5561 -0.0393 -0.8302
vn -0.5544 0.2657 -0.7887
vn -0.3521 0.7590 -0.5477
vn -0.3549 0.4338 -0.8282
vn -0.3930 -0.0079 -0.9195
vn -0.0470 -0.9937 -0.1017
vn -0.0469 -0.9920 -0.1173
vn -0.4555 0.0707 -0.8874
vn -0.6886 -0.3523 -0.6339
vn -0.4381 0.4694 -0.7667
vn -0.4172 0.8265 -0.3779
vn -0.1960 0.9801 0.0314
vn -0.7762 0.2274 -0.5881
vn -0.6285 0.0079 -0.7778
vn -0.7375 0.0314 -0.6746
vn -0.8113 0.1872 -0.5539
vn -0.8001 0.2588 -0.5412
vn -0.8439 0.3634 -0.3946
vn -0.9996 0.0235 -0.0158
vn -0.8625 -0.1098 -0.4940
vn -0.9403 0.0470 -0.3370
vn -0.6743 0.5490 -0.4939
vn -0.8268 0.5150 -0.2262
vn -0.6420 0.4933 -0.5870
vn -0.2510 -0.9648 -0.0785
vn -0.5401 -0.8297 -0.1409
vn -0.8238 0.5258 -0.2118
vn -0.5615 0.7565 -0.3353
vn -0.8060 0.5399 -0.2426
vn -0.9999 -0.0078 0.0079
vn -0.8044 0.5389 0.2499
vn -0.7885 0.6150 -0.0000
vn -0.7187 0.6953 0.0078
vn -0.8748 0.4844 0.0078
vn -0.5937 -0.8046 0.0078
vn -0.6864 -0.3473 0.6390
vn -0.0471 -0.9910 0.1257
vn -0.2507 -0.9642 0.0862
vn -0.0468 -0.9929 0.1093
vn 0.0079 -0.9999 0.0079
vn -0.5395 -0.8288 0.1485
vn -0.5938 -0.8046 0.0078
vn -0.2509 -0.9648 -0.0784
vn -0.0468 -0.9920 -0.1170
vn -0.6886 -0.3523 -0.6338
vn -0.0469 -0.9937 -0.1016
vn 0.1719 -0.9843 -0.0391
vn 0.0629 -0.9980 0.0079
vn 0.6311 -0.7654 0.1261
vn 0.5619 -0.8272 0.0078
vn 0.3945 -0.8992 0.1892
vn 0.6321 -0.7648 -0.1247
vn 0.3983 -0.8979 -0.1873
vn 0.2974 -0.9547 0.0078
vn -0.2516 -0.9508 0.1807
vn -0.2500 -0.9529 -0.1718
vn -0.3374 -0.9413 0.0078
vn -0.7685 -0.6274 0.1253
vn -0.7693 -0.6280 -0.1176
vn -0.8084 -0.5886 0.0079
vn -0.3831 -0.9152 0.1251
vn -0.3835 -0.9161 -0.1173
vn -0.0942 -0.9955 0.0078
vn -0.0314 -0.9410 0.3370
vn -0.0314 -0.9434 -0.3300
vn 0.0391 -0.9541 0.2970
vn 0.0392 -0.9563 -0.2899
vn 0.0315 -0.9925 0.1180
vn 0.0390 -0.9924 -0.1171
vn 0.1337 -0.9130 0.3855
vn 0.1404 -0.9133 -0.3823
vn 0.2128 -0.8906 0.4020
vn 0.2188 -0.8907 -0.3985
vn 0.2735 -0.8754 0.3986
vn 0.2744 -0.8781 -0.3920
vn 0.3938 -0.8664 0.3072
vn 0.3977 -0.8656 -0.3041
vn 0.5122 -0.8589 -0.0000
vn -0.2514 -0.9508 0.1808
vn 0.0859 0.1485 0.9852
vn 0.0705 0.2198 0.9730
vn 0.4540 0.1957 0.8692
vn -0.1571 0.4635 0.8720
vn 0.1101 0.0787 0.9908
vn 0.1253 0.3993 0.9082
vn 0.1100 0.3772 0.9196
vn -0.1804 -0.0863 0.9798
vn -0.1967 -0.1023 0.9751
vn 0.0155 0.1960 0.9805
vn 0.2116 0.3604 0.9085
vn 0.2123 0.4559 0.8644
vn -0.1259 0.0550 0.9905
vn -0.3455 -0.0864 0.9344
vn -0.7686 -0.6274 0.1254
vn -0.3833 -0.9151 0.1253
vn -0.0314 -0.9409 0.3373
vn 0.0942 0.1727 0.9805
vn 0.0391 -0.9540 0.2972
vn 0.2663 0.2742 0.9241
vn 0.2813 0.6174 0.7346
vn 0.3225 0.4012 0.8573
vn 0.0235 0.4156 0.9093
vn 0.1891 0.3388 0.9217
vn 0.0313 0.1733 0.9844
vn 0.1888 0.1653 0.9680
vn 0.0471 0.2993 0.9530
vn 0.1411 0.2272 0.9636
vn 0.1489 0.3220 0.9350
vn 0.0077 0.4156 0.9095
vn 0.1331 0.2898 0.9478
vn 0.4327 0.3226 0.8419
vn 0.4475 0.1648 0.8790
vn 0.2598 0.1575 0.9527
vn 0.1412 0.4397 0.8870
vn 0.2513 0.7226 0.6440
vn 0.3143 0.3145 0.8957
vn 0.1338 -0.9128 0.3858
vn 0.4485 0.2519 0.8576
vn 0.2129 -0.8905 0.4021
vn 0.1880 0.9007 0.3916
vn 0.3462 0.1810 0.9205
vn 0.4077 0.4548 0.7918
vn 0.2756 0.2443 0.9297
vn 0.4089 0.1729 0.8961
vn 0.2038 0.2978 0.9326
vn 0.0156 0.6501 0.7597
vn 0.3225 0.4012 0.8574
vn 0.3451 0.1568 0.9254
vn 0.2204 0.2440 0.9444
vn 0.3839 -0.1646 0.9086
vn 0.5508 -0.1653 0.8181
vn 0.6446 -0.1966 0.7388
vn 0.4133 -0.4833 0.7717
vn 0.4164 -0.2829 0.8641
vn 0.8651 -0.3775 0.3303
vn 0.5733 0.4006 0.7147
vn 0.2588 0.7136 0.6510
vn 0.2595 0.5820 0.7707
vn 0.5335 0.3529 0.7687
vn 0.3207 0.5557 0.7670
vn 0.3620 0.1889 0.9128
vn 0.4642 0.1494 0.8730
vn 0.3771 0.5265 0.7620
vn 0.4068 0.1568 0.8999
vn 0.4705 0.2195 0.8547
vn 0.3527 0.4862 0.7995
vn 0.2356 0.8013 0.5499
vn 0.5181 0.6278 0.5808
vn 0.6254 0.5237 0.5785
vn 0.6432 0.6040 0.4706
vn 0.5870 0.6807 0.4382
vn 0.3307 0.7876 0.5199
vn 0.4320 0.7148 0.5499
vn 0.3756 0.7042 0.6025
vn 0.3766 0.6667 0.6432
vn 0.4007 0.3457 0.8485
vn 0.4328 0.2518 0.8656
vn 0.4705 0.0863 0.8782
vn 0.4928 0.3286 0.8057
vn 0.2977 0.8775 0.3759
vn 0.4878 0.4093 0.7710
vn 0.2737 -0.8753 0.3987
vn 0.6596 0.3455 0.6675
vn 0.3939 -0.8663 0.3073
vn 0.2824 0.4786 0.8314
vn 0.5742 0.0315 0.8181
vn 0.4723 0.1653 0.8658
vn 0.6984 0.0472 0.7142
vn 0.6585 0.4156 0.6274
vn 0.9389 0.3443 -0.0000
vn 0.3978 -0.8655 -0.3042
vn 0.6631 0.3473 -0.6631
vn 0.2745 -0.8780 -0.3921
vn 0.4922 0.4142 -0.7656
vn 0.2188 -0.8906 -0.3986
vn 0.4538 0.2584 -0.8528
vn 0.1405 -0.9132 -0.3826
vn 0.3206 0.3207 -0.8913
vn 0.0391 -0.9924 -0.1171
vn 0.2682 0.2762 -0.9229
vn 0.0392 -0.9562 -0.2900
vn 0.1018 0.1802 -0.9784
vn -0.0315 -0.9433 -0.3303
vn 0.2572 0.7248 -0.6391
vn 0.2830 0.6209 -0.7310
vn -0.1336 0.0628 -0.9890
vn -0.2040 -0.1099 -0.9728
vn -0.3522 -0.0939 -0.9312
vn -0.3837 -0.9159 -0.1176
vn -0.7693 -0.6280 -0.1177
vn 0.1885 0.9035 -0.3849
vn 0.2986 0.8801 -0.3692
vn 0.4996 0.3304 -0.8008
vn 0.2885 0.4834 -0.8265
vn 0.6618 0.4177 -0.6226
vn 0.9755 0.2201 -0.0000
vn 0.7021 0.0547 -0.7100
vn 0.5793 0.0391 -0.8142
vn 0.4762 0.0937 -0.8743
vn 0.3771 0.5265 -0.7620
vn 0.4103 0.4576 -0.7888
vn 0.4097 0.1576 -0.8985
vn 0.4328 0.2518 -0.8656
vn 0.4723 0.1653 -0.8658
vn 0.6467 0.1420 -0.7494
vn 0.9980 0.0628 -0.0000
vn 0.6430 0.1411 0.7528
vn 0.9263 0.3768 -0.0000
vn 0.4833 0.4132 -0.7718
vn 0.1956 0.5476 -0.8136
vn 0.3374 0.6042 -0.7219
vn 0.4061 0.3515 -0.8435
vn 0.4757 0.2262 -0.8500
vn 0.4698 0.1565 -0.8688
vn 0.3526 0.1880 -0.9167
vn 0.3620 0.1889 -0.9129
vn 0.2756 0.2443 -0.9297
vn 0.3549 0.4892 -0.7967
vn 0.3227 0.5591 -0.7637
vn 0.3774 0.7075 -0.5975
vn 0.2366 0.8048 -0.5444
vn 0.3785 0.6700 -0.6386
vn 0.2444 0.7805 -0.5755
vn -0.1406 0.7490 -0.6475
vn -0.3600 0.5635 -0.7435
vn 0.2589 0.9659 -0.0000
vn 0.4789 0.4082 0.7772
vn 0.1888 0.5429 0.8183
vn -0.3548 0.5597 0.7489
vn -0.4843 0.8749 0.0078
vn 0.1652 0.8182 -0.5507
vn 0.3869 0.7815 -0.4894
vn 0.4339 0.7179 -0.5444
vn 0.3356 0.7885 -0.5154
vn 0.5205 0.6307 -0.5756
vn 0.5367 0.3550 -0.7654
vn 0.2598 0.1575 -0.9527
vn 0.4380 0.3285 -0.8368
vn 0.1484 0.4455 -0.8829
vn -0.1337 0.7463 0.6520
vn 0.1645 0.8146 0.5561
vn 0.1961 0.9806 -0.0000
vn 0.3766 0.8157 -0.4392
vn 0.1342 0.8910 -0.4337
vn 0.2835 0.8431 -0.4570
vn 0.5890 0.6830 -0.4319
vn 0.6282 0.5261 -0.5732
vn 0.6156 0.6628 -0.4262
vn 0.5029 0.8644 -0.0000
vn 0.3068 0.9518 -0.0000
vn 0.3776 0.8102 0.4484
vn 0.3855 0.7785 0.4954
vn 0.2433 0.7769 0.5807
vn 0.3374 0.6042 0.7219
vn 0.1337 0.8880 0.4401
vn 0.2825 0.8400 0.4632
vn 0.6136 0.6606 0.4326
vn 0.7149 0.6992 -0.0000
vn 0.6996 0.6208 -0.3537
vn 0.6977 0.6191 0.3605
vn 0.6992 0.7149 0.0001
vn 0.6701 0.6386 -0.3784
vn 0.9771 -0.0001 -0.2127
vn 0.9771 -0.2129 0.0079
vn 0.6681 0.6366 0.3851
vn 0.7294 0.6039 0.3215
vn 0.9095 0.2431 0.3372
vn 0.9935 0.1095 0.0314
vn 0.8755 0.2130 -0.4338
vn 0.9989 0.0393 -0.0236
vn 0.9768 -0.0238 0.2127
vn 0.6531 -0.3699 0.6608
vn 0.1499 -0.7337 0.6627
vn 0.6767 -0.1338 0.7240
vn 0.7921 -0.2117 0.5725
vn 0.5960 -0.0707 0.7999
vn 0.7076 -0.4010 0.5818
vn 0.5343 -0.2436 0.8094
vn 0.5823 -0.5508 0.5980
vn 0.4092 -0.3699 0.8341
vn 0.0864 -0.8026 0.5902
vn 0.1409 -0.0862 0.9863
vn -0.0314 -0.7666 0.6414
vn 0.0946 -0.8122 0.5756
vn 0.2498 -0.7337 0.6319
vn 0.1972 -0.8046 0.5602
vn 0.0390 -0.7027 0.7105
vn 0.0312 -0.8268 0.5616
vn 0.1498 -0.7804 0.6071
vn -0.1093 -0.7183 0.6871
vn -0.3595 -0.4142 0.8362
vn 0.1335 0.3063 0.9425
vn 0.0863 0.2195 0.9718
vn -0.4957 -0.2675 0.8262
vn 0.0080 0.1415 0.9899
vn -0.5773 -0.0935 0.8111
vn 0.1887 -0.0000 0.9820
vn -0.5868 0.0782 0.8060
vn 0.3758 -0.1409 0.9159
vn -0.4573 0.2286 0.8594
vn -0.2591 0.3219 0.9106
vn -0.4390 0.2509 0.8627
vn -0.3220 0.2278 0.9189
vn -0.3232 0.1261 0.9379
vn -0.4217 -0.0312 0.9062
vn -0.3303 0.0079 0.9438
vn -0.2654 -0.0859 0.9603
vn -0.1962 -0.1726 0.9652
vn -0.2426 -0.2425 0.9393
vn -0.0787 -0.2046 0.9757
vn 0.0235 -0.3136 0.9492
vn 0.2912 -0.2282 0.9290
vn 0.4533 -0.0078 0.8913
vn 0.3532 0.1334 0.9260
vn 0.3465 0.2442 0.9057
vn 0.6274 0.1255 0.7685
vn 0.3605 0.0157 0.9326
vn 0.3132 -0.0626 0.9476
vn 0.2429 -0.1645 0.9560
vn 0.1330 -0.2034 0.9700
vn 0.0235 -0.2351 0.9717
vt 0.061576 0.065480
vt 0.072397 0.074614
vt 0.051671 0.076494
vt 0.082206 0.081772
vt 0.063046 0.086712
vt 0.055117 0.093436
vt 0.044103 0.083169
vt 0.050514 0.099533
vt 0.038512 0.087580
vt 0.030632 0.098714
vt 0.042103 0.112837
vt 0.053671 0.120259
vt 0.063167 0.106643
vt 0.070108 0.102498
vt 0.078952 0.098545
vt 0.089315 0.087194
vt 0.082182 0.100305
vt 0.074156 0.106788
vt 0.070614 0.124790
vt 0.090159 0.109945
vt 0.094015 0.103317
vt 0.101389 0.090737
vt 0.112018 0.090231
vt 0.113078 0.101871
vt 0.127707 0.088568
vt 0.133298 0.095918
vt 0.139106 0.080783
vt 0.122525 0.108788
vt 0.107390 0.110788
vt 0.092834 0.126212
vt 0.109439 0.124091
vt 0.128333 0.119561
vt 0.139660 0.102763
vt 0.145975 0.085844
vt 0.144095 0.066155
vt 0.152482 0.075674
vt 0.153012 0.090351
vt 0.146360 0.107703
vt 0.140359 0.129827
vt 0.120742 0.131948
vt 0.110523 0.133707
vt 0.131177 0.145492
vt 0.097847 0.146119
vt 0.115825 0.155325
vt 0.129370 0.168436
vt 0.077868 0.140118
vt 0.064107 0.137250
vt 0.142986 0.162579
vt 0.137491 0.184510
vt 0.145493 0.151132
vt 0.151638 0.181136
vt 0.152650 0.167640
vt 0.168123 0.151132
vt 0.152506 0.136985
vt 0.160531 0.117271
vt 0.175979 0.131972
vt 0.185137 0.140311
vt 0.179594 0.180269
vt 0.193500 0.158265
vt 0.220516 0.141636
vt 0.206707 0.170364
vt 0.211334 0.159663
vt 0.223432 0.164483
vt 0.214178 0.167737
vt 0.217431 0.175641
vt 0.204682 0.187836
vt 0.236639 0.183595
vt 0.230012 0.162170
vt 0.243267 0.157542
vt 0.232639 0.132743
vt 0.193934 0.130598
vt 0.208731 0.118934
vt 0.184077 0.131297
vt 0.183932 0.123200
vt 0.169978 0.104137
vt 0.207526 0.100521
vt 0.233747 0.103245
vt 0.247026 0.116114
vt 0.244062 0.134527
vt 0.258715 0.125272
vt 0.254425 0.108161
vt 0.217528 0.079747
vt 0.238302 0.098160
vt 0.181643 0.081579
vt 0.171521 0.087025
vt 0.165086 0.099582
vt 0.152289 0.113608
vt 0.158121 0.094400
vt 0.165158 0.083001
vt 0.176196 0.073915
vt 0.186535 0.059527
vt 0.198585 0.054779
vt 0.180486 0.057238
vt 0.170099 0.069842
vt 0.159567 0.079434
vt 0.156410 0.063841
vt 0.145758 0.048971
vt 0.164459 0.066589
vt 0.159013 0.052683
vt 0.167785 0.053502
vt 0.174533 0.053599
vt 0.196850 0.046465
vt 0.213262 0.061238
vt 0.229578 0.078012
vt 0.246472 0.094641
vt 0.242230 0.071360
vt 0.229024 0.055334
vt 0.214491 0.040054
vt 0.239459 0.045790
vt 0.254618 0.063166
vt 0.258908 0.091147
vt 0.261703 0.104667
vt 0.265270 0.123200
vt 0.291346 0.114475
vt 0.286165 0.096449
vt 0.281634 0.081772
vt 0.262113 0.056756
vt 0.246062 0.038319
vt 0.223625 0.029450
vt 0.199356 0.030390
vt 0.185908 0.029402
vt 0.198802 0.021473
vt 0.225553 0.022991
vt 0.229096 0.015279
vt 0.195934 0.008435
vt 0.216275 0.005206
vt 0.196247 0.001494
vt 0.171906 0.007230
vt 0.178703 0.020847
vt 0.166291 0.038006
vt 0.159205 0.042103
vt 0.144842 0.037741
vt 0.159615 0.030752
vt 0.144770 0.021545
vt 0.016220 0.512585
vt 0.009086 0.504608
vt 0.024293 0.489401
vt 0.028776 0.502125
vt 0.018750 0.518056
vt 0.040199 0.481183
vt 0.043935 0.495040
vt 0.054804 0.478315
vt 0.031981 0.508223
vt 0.023160 0.525262
vt 0.036753 0.516899
vt 0.028607 0.536974
vt 0.045501 0.502125
vt 0.057455 0.492582
vt 0.060949 0.498752
vt 0.051358 0.510271
vt 0.053647 0.522056
vt 0.041019 0.528081
vt 0.052177 0.529069
vt 0.038609 0.536902
vt 0.027137 0.548615
vt 0.017714 0.549820
vt 0.046200 0.546590
vt 0.056467 0.540107
vt 0.066589 0.524924
vt 0.064131 0.518490
vt 0.067746 0.504921
vt 0.065818 0.495715
vt 0.060106 0.487208
vt 0.070276 0.478532
vt 0.075072 0.488581
vt 0.083796 0.498125
vt 0.072397 0.504752
vt 0.074132 0.513910
vt 0.079964 0.519695
vt 0.081242 0.525575
vt 0.067818 0.536757
vt 0.069119 0.548542
vt 0.054057 0.555555
vt 0.038054 0.555796
vt 0.020654 0.563822
vt 0.012918 0.563147
vt 0.011327 0.573221
vt 0.020076 0.580764
vt 0.012195 0.588380
vt 0.033162 0.566955
vt 0.045525 0.569678
vt 0.070445 0.572498
vt 0.079555 0.537022
vt 0.085074 0.550808
vt 0.095581 0.529021
vt 0.087749 0.524683
vt 0.089026 0.515477
vt 0.084086 0.506729
vt 0.099461 0.503596
vt 0.096545 0.511332
vt 0.101221 0.520152
vt 0.114669 0.530009
vt 0.110041 0.519743
vt 0.122549 0.529913
vt 0.115367 0.513163
vt 0.125947 0.520683
vt 0.122043 0.499137
vt 0.132406 0.505162
vt 0.106860 0.490220
vt 0.089629 0.483303
vt 0.132720 0.382878
vt 0.120043 0.386084
vt 0.120573 0.372178
vt 0.137684 0.397097
vt 0.106788 0.373744
vt 0.124236 0.366852
vt 0.114885 0.354585
vt 0.095099 0.359525
vt 0.087484 0.341619
vt 0.108836 0.337426
vt 0.087676 0.318844
vt 0.109150 0.321664
vt 0.094111 0.299781
vt 0.118428 0.337570
vt 0.123971 0.352488
vt 0.133322 0.366346
vt 0.132768 0.371479
vt 0.147348 0.383794
vt 0.154747 0.404689
vt 0.182559 0.414136
vt 0.171111 0.410521
vt 0.178124 0.397097
vt 0.161254 0.391675
vt 0.154096 0.379022
vt 0.143781 0.372178
vt 0.133491 0.352127
vt 0.143878 0.367719
vt 0.147059 0.368563
vt 0.142215 0.359164
vt 0.136624 0.348439
vt 0.128020 0.337377
vt 0.118597 0.321640
vt 0.127803 0.322628
vt 0.132454 0.335546
vt 0.141540 0.343595
vt 0.149011 0.356633
vt 0.155976 0.369382
vt 0.160411 0.378661
vt 0.165737 0.385336
vt 0.180703 0.389891
vt 0.191066 0.400279
vt 0.198778 0.418956
vt 0.193355 0.421487
vt 0.210900 0.426885
vt 0.205140 0.416401
vt 0.196006 0.392205
vt 0.190150 0.386566
vt 0.173473 0.383770
vt 0.165809 0.371648
vt 0.161302 0.366587
vt 0.175112 0.374226
vt 0.190897 0.377600
vt 0.199115 0.390783
vt 0.209840 0.398206
vt 0.214057 0.417558
vt 0.229096 0.408280
vt 0.229578 0.418064
vt 0.216491 0.433681
vt 0.207020 0.435537
vt 0.188921 0.431512
vt 0.179498 0.441490
vt 0.197067 0.447201
vt 0.222782 0.448696
vt 0.223095 0.441466
vt 0.237338 0.422692
vt 0.254280 0.410039
vt 0.250955 0.401267
vt 0.234446 0.384999
vt 0.245725 0.392856
vt 0.222155 0.393482
vt 0.213093 0.386951
vt 0.226276 0.379890
vt 0.206418 0.375817
vt 0.191427 0.366177
vt 0.203261 0.364755
vt 0.220179 0.369286
vt 0.238447 0.368972
vt 0.245653 0.372997
vt 0.257317 0.380010
vt 0.269656 0.382589
vt 0.267535 0.400110
vt 0.267897 0.405629
vt 0.255799 0.414088
vt 0.240037 0.426789
vt 0.258980 0.417944
vt 0.271874 0.409171
vt 0.273633 0.404038
vt 0.273054 0.398857
vt 0.295468 0.401965
vt 0.291877 0.392253
vt 0.278188 0.377480
vt 0.267126 0.362345
vt 0.252738 0.357790
vt 0.244616 0.357959
vt 0.231554 0.358995
vt 0.213768 0.359790
vt 0.200007 0.354127
vt 0.212973 0.345378
vt 0.222059 0.352078
vt 0.227023 0.342173
vt 0.237965 0.345740
vt 0.237675 0.352753
vt 0.246062 0.350439
vt 0.257558 0.343523
vt 0.249003 0.341980
vt 0.240182 0.331714
vt 0.250111 0.330605
vt 0.248593 0.319543
vt 0.257606 0.320483
vt 0.270476 0.337016
vt 0.274982 0.342101
vt 0.275826 0.358248
vt 0.295371 0.386638
vt 0.292166 0.357670
vt 0.284791 0.343041
vt 0.287755 0.336269
vt 0.286840 0.315759
vt 0.262860 0.304408
vt 0.247557 0.307059
vt 0.238567 0.317422
vt 0.227288 0.320459
vt 0.228831 0.331376
vt 0.217793 0.331111
vt 0.213021 0.316747
vt 0.189837 0.330436
vt 0.183643 0.353621
vt 0.179546 0.363936
vt 0.168773 0.358320
vt 0.159615 0.350464
vt 0.170099 0.344342
vt 0.164821 0.329834
vt 0.153952 0.340558
vt 0.152024 0.329689
vt 0.138576 0.329545
vt 0.131997 0.322218
vt 0.140914 0.315711
vt 0.153928 0.318796
vt 0.169858 0.315470
vt 0.159181 0.308843
vt 0.148240 0.302577
vt 0.135853 0.309349
vt 0.132551 0.308843
vt 0.142143 0.298456
vt 0.143926 0.291948
vt 0.148915 0.290647
vt 0.160796 0.291539
vt 0.168002 0.301179
vt 0.183402 0.307011
vt 0.199959 0.307565
vt 0.191307 0.295274
vt 0.179209 0.296600
vt 0.175015 0.286116
vt 0.161543 0.281224
vt 0.154892 0.279657
vt 0.144119 0.286815
vt 0.133418 0.286430
vt 0.133611 0.292888
vt 0.122983 0.307903
vt 0.123441 0.292310
vt 0.114066 0.305613
vt 0.103655 0.286381
vt 0.119946 0.272307
vt 0.147975 0.275151
vt 0.163881 0.265848
vt 0.172918 0.270234
vt 0.174123 0.275585
vt 0.191090 0.284188
vt 0.206369 0.286791
vt 0.192078 0.272476
vt 0.196271 0.266812
vt 0.180028 0.260329
vt 0.178172 0.248496
vt 0.157109 0.252714
vt 0.140142 0.258353
vt 0.115922 0.253268
vt 0.104547 0.264643
vt 0.130502 0.237097
vt 0.151060 0.241652
vt 0.161688 0.238591
vt 0.180606 0.232445
vt 0.160868 0.221022
vt 0.138600 0.219166
vt 0.158314 0.200682
vt 0.141034 0.201983
vt 0.166556 0.207622
vt 0.171834 0.224083
vt 0.189644 0.209358
vt 0.186872 0.229674
vt 0.202031 0.242254
vt 0.201188 0.251075
vt 0.198995 0.258546
vt 0.219986 0.256305
vt 0.222107 0.248496
vt 0.206755 0.238495
vt 0.208683 0.218299
vt 0.220805 0.219817
vt 0.222878 0.242302
vt 0.235338 0.254208
vt 0.232855 0.260956
vt 0.218468 0.262137
vt 0.214732 0.269029
vt 0.211021 0.276428
vt 0.220227 0.293636
vt 0.203164 0.297347
vt 0.213744 0.302649
vt 0.222203 0.310530
vt 0.231650 0.304047
vt 0.227481 0.285393
vt 0.227144 0.273632
vt 0.230590 0.266836
vt 0.238543 0.280380
vt 0.240833 0.297949
vt 0.255317 0.295588
vt 0.248159 0.287490
vt 0.243050 0.273753
vt 0.254377 0.281851
vt 0.263318 0.294792
vt 0.283562 0.301107
vt 0.283827 0.290237
vt 0.259534 0.277922
vt 0.245387 0.268041
vt 0.247532 0.261414
vt 0.261776 0.271704
vt 0.281538 0.270548
vt 0.293684 0.281730
vt 0.298769 0.289129
vt 0.304288 0.301251
vt 0.308337 0.306746
vt 0.304626 0.342969
vt 0.322725 0.292262
vt 0.326870 0.276741
vt 0.319182 0.272572
vt 0.313543 0.268475
vt 0.299540 0.265366
vt 0.284815 0.249460
vt 0.277537 0.263077
vt 0.265029 0.266402
vt 0.246834 0.252400
vt 0.275971 0.232614
vt 0.286454 0.226758
vt 0.301011 0.244785
vt 0.315471 0.246110
vt 0.325520 0.248110
vt 0.325810 0.223673
vt 0.315736 0.223239
vt 0.324002 0.192174
vt 0.300697 0.224348
vt 0.288358 0.203742
vt 0.279730 0.205959
vt 0.272765 0.204803
vt 0.254353 0.222661
vt 0.242881 0.208008
vt 0.223553 0.208249
vt 0.215431 0.213792
vt 0.210201 0.206465
vt 0.161037 0.187258
vt 0.251991 0.182944
vt 0.259510 0.174605
vt 0.274283 0.186896
vt 0.285345 0.188463
vt 0.293298 0.186703
vt 0.300263 0.198850
vt 0.317567 0.178003
vt 0.309301 0.160892
vt 0.283466 0.170315
vt 0.277007 0.172749
vt 0.265776 0.166749
vt 0.252208 0.154433
vt 0.254184 0.136720
vt 0.260354 0.151614
vt 0.270982 0.147926
vt 0.275127 0.146480
vt 0.301276 0.137322
vt 0.533673 0.978054
vt 0.515767 0.985164
vt 0.535938 0.969185
vt 0.502584 0.991526
vt 0.514682 0.941832
vt 0.539650 0.957762
vt 0.542638 0.941808
vt 0.539650 0.925902
vt 0.535914 0.914454
vt 0.515742 0.898476
vt 0.533649 0.905585
vt 0.502584 0.892113
vt 0.487328 0.890981
vt 0.487232 0.941832
vt 0.487328 0.992659
vt 0.478845 0.989646
vt 0.478990 0.941832
vt 0.468265 0.988032
vt 0.478821 0.893993
vt 0.468241 0.895608
vt 0.464361 0.941832
vt 0.445756 0.984489
vt 0.445732 0.899151
vt 0.444816 0.941832
vt 0.436959 0.984320
vt 0.436935 0.899319
vt 0.437947 0.941832
vt 0.430211 0.983453
vt 0.430211 0.900187
vt 0.430934 0.941832
vt 0.426500 0.986513
vt 0.426500 0.897126
vt 0.409051 0.986634
vt 0.409051 0.897030
vt 0.397555 0.983935
vt 0.397555 0.899705
vt 0.363044 0.941832
vt 0.380589 0.978343
vt 0.380589 0.905296
vt 0.364514 0.972102
vt 0.364514 0.911538
vt 0.345427 0.960293
vt 0.345427 0.923347
vt 0.336944 0.953472
vt 0.336944 0.930192
vt 0.330437 0.941832
vt 0.152747 0.643858
vt 0.122838 0.666777
vt 0.119537 0.645907
vt 0.137443 0.634869
vt 0.128261 0.621758
vt 0.108547 0.624000
vt 0.134816 0.621855
vt 0.125128 0.608407
vt 0.145517 0.603081
vt 0.147710 0.612191
vt 0.141227 0.628531
vt 0.152385 0.631447
vt 0.157085 0.624915
vt 0.164074 0.601731
vt 0.181763 0.608865
vt 0.163809 0.631953
vt 0.160965 0.639472
vt 0.164652 0.651329
vt 0.175979 0.650968
vt 0.182077 0.645786
vt 0.187788 0.615348
vt 0.204104 0.630507
vt 0.205068 0.605467
vt 0.218877 0.622048
vt 0.200128 0.598791
vt 0.184053 0.602695
vt 0.193958 0.599345
vt 0.162772 0.592043
vt 0.177690 0.584307
vt 0.182173 0.581511
vt 0.175256 0.579342
vt 0.153036 0.584451
vt 0.165785 0.566111
vt 0.174919 0.563123
vt 0.179883 0.576161
vt 0.202730 0.595224
vt 0.185210 0.577005
vt 0.202200 0.577703
vt 0.213503 0.590187
vt 0.218877 0.590356
vt 0.231000 0.594525
vt 0.243966 0.611709
vt 0.258088 0.585295
vt 0.271199 0.601322
vt 0.252690 0.581849
vt 0.206996 0.575896
vt 0.222685 0.586355
vt 0.200200 0.571172
vt 0.184246 0.561773
vt 0.179160 0.561749
vt 0.174581 0.542397
vt 0.165905 0.539312
vt 0.157615 0.545096
vt 0.155807 0.567533
vt 0.140118 0.580403
vt 0.142360 0.564256
vt 0.141227 0.549482
vt 0.137082 0.537119
vt 0.155639 0.527672
vt 0.161447 0.519453
vt 0.170725 0.519695
vt 0.181354 0.520080
vt 0.179642 0.541963
vt 0.185354 0.541963
vt 0.202200 0.541987
vt 0.204538 0.570088
vt 0.210587 0.572426
vt 0.246496 0.576426
vt 0.233241 0.561291
vt 0.213913 0.542638
vt 0.207285 0.541120
vt 0.211840 0.521695
vt 0.194054 0.519839
vt 0.187162 0.522538
vt 0.187258 0.515501
vt 0.193524 0.514127
vt 0.210515 0.517140
vt 0.217962 0.517646
vt 0.217865 0.524635
vt 0.222565 0.525816
vt 0.226083 0.542156
vt 0.245749 0.540782
vt 0.255389 0.555989
vt 0.266788 0.566015
vt 0.269319 0.569606
vt 0.287032 0.569220
vt 0.306674 0.580282
vt 0.303348 0.554881
vt 0.322893 0.566593
vt 0.285827 0.557267
vt 0.276862 0.547120
vt 0.264619 0.535673
vt 0.280212 0.536733
vt 0.285008 0.536083
vt 0.320242 0.537312
vt 0.339113 0.546470
vt 0.346391 0.521984
vt 0.324918 0.513790
vt 0.348223 0.501282
vt 0.327231 0.492606
vt 0.344680 0.461107
vt 0.323375 0.460456
vt 0.336847 0.433416
vt 0.314603 0.433705
vt 0.329786 0.407219
vt 0.307518 0.406713
vt 0.327207 0.390253
vt 0.304481 0.387216
vt 0.325255 0.363767
vt 0.303710 0.426837
vt 0.298962 0.407075
vt 0.302216 0.358513
vt 0.294359 0.350054
vt 0.306481 0.351741
vt 0.325544 0.355958
vt 0.318652 0.347186
vt 0.317254 0.458336
vt 0.316989 0.478628
vt 0.312458 0.478845
vt 0.316507 0.498848
vt 0.298263 0.510898
vt 0.288093 0.521791
vt 0.295950 0.506801
vt 0.302649 0.498004
vt 0.297275 0.476097
vt 0.308964 0.456817
vt 0.302722 0.432259
vt 0.288382 0.455781
vt 0.278790 0.477881
vt 0.285755 0.495474
vt 0.279537 0.502246
vt 0.280357 0.518080
vt 0.266571 0.526852
vt 0.268475 0.512368
vt 0.269198 0.504054
vt 0.269054 0.493160
vt 0.265150 0.480532
vt 0.268138 0.461999
vt 0.261270 0.452407
vt 0.283851 0.431512
vt 0.284526 0.426596
vt 0.278212 0.428307
vt 0.276453 0.424306
vt 0.255992 0.448262
vt 0.253678 0.443852
vt 0.248593 0.466337
vt 0.242544 0.463541
vt 0.252377 0.469205
vt 0.252738 0.485786
vt 0.257124 0.498703
vt 0.261655 0.502704
vt 0.259727 0.508151
vt 0.261896 0.517863
vt 0.252666 0.524249
vt 0.256281 0.512874
vt 0.253124 0.504993
vt 0.244303 0.492895
vt 0.239724 0.478941
vt 0.242761 0.470627
vt 0.237941 0.465276
vt 0.230421 0.451202
vt 0.243484 0.431103
vt 0.283008 0.421800
vt 0.297661 0.411316
vt 0.300239 0.422788
vt 0.250208 0.511814
vt 0.237651 0.505500
vt 0.235217 0.496438
vt 0.232783 0.486605
vt 0.233699 0.478507
vt 0.223095 0.480460
vt 0.225336 0.454239
vt 0.228542 0.444333
vt 0.208924 0.473591
vt 0.210973 0.484918
vt 0.222348 0.490341
vt 0.225457 0.500487
vt 0.223143 0.510368
vt 0.236736 0.516176
vt 0.239748 0.528780
vt 0.219142 0.506030
vt 0.214443 0.496799
vt 0.200103 0.490075
vt 0.198440 0.478917
vt 0.201959 0.472723
vt 0.195235 0.485280
vt 0.183016 0.471398
vt 0.185836 0.464312
vt 0.168267 0.457010
vt 0.164194 0.461927
vt 0.178606 0.477712
vt 0.170436 0.496534
vt 0.166436 0.511235
vt 0.145468 0.509066
vt 0.152000 0.499306
vt 0.155301 0.485930
vt 0.162387 0.467855
vt 0.146794 0.514754
vt 0.148577 0.521406
vt 0.124212 0.533648
vt 0.130141 0.547048
vt 0.117079 0.550012
vt 0.133057 0.561653
vt 0.120790 0.564617
vt 0.132334 0.577896
vt 0.120091 0.579872
vt 0.127779 0.589754
vt 0.132888 0.595610
vt 0.122935 0.595851
vt 0.119223 0.588500
vt 0.113970 0.593634
vt 0.118404 0.603659
vt 0.110716 0.612335
vt 0.104763 0.605226
vt 0.101679 0.619638
vt 0.093171 0.629495
vt 0.093244 0.615203
vt 0.079024 0.621325
vt 0.081965 0.632290
vt 0.062468 0.633471
vt 0.062950 0.621855
vt 0.042898 0.628627
vt 0.047453 0.617276
vt 0.025643 0.617517
vt 0.034198 0.608166
vt 0.015810 0.600574
vt 0.024462 0.595369
vt 0.032656 0.578981
vt 0.047550 0.585584
vt 0.036175 0.590452
vt 0.043380 0.600068
vt 0.059118 0.596767
vt 0.053358 0.606889
vt 0.064926 0.610214
vt 0.076807 0.609805
vt 0.075120 0.598743
vt 0.087676 0.605443
vt 0.089363 0.590983
vt 0.097341 0.577077
vt 0.095919 0.561677
vt 0.099943 0.546566
vt 0.090617 0.540083
vt 0.108427 0.537480
vt 0.106354 0.555941
vt 0.109174 0.566955
vt 0.108499 0.578282
vt 0.104016 0.588862
vt 0.096931 0.598116
s 1
usemtl models_monsters_darklord_mech_darklord_mech_leg
f 308/1/1 137/3/3 285/2/2
f 285/2/2 136/5/5 284/4/4
f 285/2/2 137/3/3 136/5/5
f 136/5/5 137/3/3 138/6/6
f 138/6/6 137/3/3 164/7/7
f 138/6/6 164/7/7 162/8/8
f 162/8/8 164/7/7 160/9/9
f 160/9/9 161/10/10 162/8/8
f 162/8/8 161/10/10 163/11/11
f 163/11/11 153/12/12 162/8/8
f 162/8/8 152/13/13 138/6/6
f 162/8/8 153/12/12 152/13/13
f 138/6/6 149/14/14 136/5/5
f 138/6/6 152/13/13 149/14/14
f 136/5/5 149/14/14 148/15/15
f 284/4/4 136/5/5 148/15/15
f 277/16/16 284/4/4 148/15/15
f 150/17/17 277/16/16 148/15/15
f 150/17/17 148/15/15 151/18/18
f 151/18/18 148/15/15 149/14/14
f 149/14/14 152/13/13 151/18/18
f 151/18/18 152/13/13 153/12/12
f 151/18/18 153/12/12 185/19/19
f 150/17/17 151/18/18 186/20/20
f 185/19/19 186/20/20 151/18/18
f 150/17/17 186/20/20 274/21/21
f 274/21/21 277/16/16 150/17/17
f 271/22/22 277/16/16 274/21/21
f 271/22/22 272/24/24 273/23/23
f 274/21/21 272/24/24 271/22/22
f 273/23/23 272/24/24 275/25/25
f 275/25/25 272/24/24 276/26/26
f 275/25/25 276/26/26 62/27/27
f 272/24/24 190/28/28 276/26/26
f 190/28/28 272/24/24 188/29/29
f 274/21/21 188/29/29 272/24/24
f 186/20/20 188/29/29 274/21/21
f 187/30/30 188/29/29 186/20/20
f 187/30/30 186/20/20 185/19/19
f 188/29/29 187/30/30 189/31/31
f 189/31/31 190/28/28 188/29/29
f 191/32/32 190/28/28 189/31/31
f 191/32/32 192/33/33 190/28/28
f 276/26/26 190/28/28 192/33/33
f 62/27/27 276/26/26 65/34/34
f 276/26/26 192/33/33 65/34/34
f 62/27/27 63/36/36 64/35/35
f 65/34/34 63/36/36 62/27/27
f 65/34/34 66/37/37 63/36/36
f 65/34/34 192/33/33 66/37/37
f 67/38/38 192/33/33 191/32/32
f 192/33/33 67/38/38 66/37/37
f 191/32/32 193/39/39 67/38/38
f 191/32/32 198/40/40 193/39/39
f 189/31/31 198/40/40 191/32/32
f 195/41/41 198/40/40 189/31/31
f 189/31/31 187/30/30 195/41/41
f 198/40/40 195/41/41 197/42/42
f 193/39/39 198/40/40 197/42/42
f 195/41/41 187/30/30 194/43/43
f 197/42/42 195/41/41 196/44/44
f 196/44/44 195/41/41 194/43/43
f 197/42/42 196/44/44 199/45/45
f 187/30/30 208/46/46 194/43/43
f 185/19/19 208/46/46 187/30/30
f 208/46/46 185/19/19 270/47/47
f 185/19/19 153/12/12 270/47/47
f 197/42/42 199/45/45 200/48/48
f 199/45/45 201/49/49 200/48/48
f 197/42/42 322/50/50 193/39/39
f 197/42/42 200/48/48 322/50/50
f 200/48/48 201/49/49 202/51/51
f 322/50/50 200/48/48 321/52/52
f 202/51/51 321/52/52 200/48/48
f 322/50/50 321/52/52 73/53/53
f 193/39/39 322/50/50 75/54/54
f 322/50/50 73/53/53 75/54/54
f 193/39/39 75/54/54 84/55/55
f 73/53/53 74/56/56 75/54/54
f 84/55/55 75/54/54 74/56/56
f 74/56/56 73/53/53 85/57/57
f 321/52/52 35/58/58 73/53/53
f 85/57/57 73/53/53 87/59/59
f 87/59/59 73/53/53 35/58/58
f 85/57/57 87/59/59 86/60/60
f 35/58/58 37/61/61 87/59/59
f 86/60/60 87/59/59 88/62/62
f 88/62/62 87/59/59 37/61/61
f 86/60/60 88/62/62 93/63/63
f 88/62/62 37/61/61 92/64/64
f 92/64/64 93/63/63 88/62/62
f 92/64/64 37/61/61 38/65/65
f 38/65/65 93/63/63 92/64/64
f 38/65/65 37/61/61 5/66/66
f 5/66/66 37/61/61 35/58/58
f 38/65/65 5/66/66 1/67/67
f 93/63/63 38/65/65 1/67/67
f 86/60/60 93/63/63 543/68/68
f 543/68/68 93/63/63 1/67/67
f 86/60/60 543/68/68 542/69/69
f 1/67/67 542/69/69 543/68/68
f 86/60/60 542/69/69 578/70/70
f 108/71/71 86/60/60 110/72/72
f 578/70/70 110/72/72 86/60/60
f 86/60/60 108/71/71 85/57/57
f 107/73/73 85/57/57 108/71/71
f 74/56/56 85/57/57 107/73/73
f 107/73/73 109/74/74 74/56/56
f 84/55/55 74/56/56 109/74/74
f 109/74/74 107/73/73 108/71/71
f 110/72/72 109/74/74 108/71/71
f 110/72/72 83/75/75 109/74/74
f 109/74/74 83/75/75 84/55/55
f 83/75/75 110/72/72 89/76/76
f 89/76/76 110/72/72 352/77/77
f 352/77/77 110/72/72 578/70/70
f 578/70/70 356/78/78 352/77/77
f 354/79/79 356/78/78 578/70/70
f 542/69/69 354/79/79 578/70/70
f 356/78/78 354/79/79 355/80/80
f 356/78/78 355/80/80 363/81/81
f 356/78/78 363/81/81 352/77/77
f 351/82/82 352/77/77 353/83/83
f 352/77/77 363/81/81 353/83/83
f 352/77/77 351/82/82 89/76/76
f 82/84/84 83/75/75 89/76/76
f 351/82/82 82/84/84 89/76/76
f 83/75/75 82/84/84 81/85/85
f 83/75/75 69/86/86 84/55/55
f 69/86/86 83/75/75 81/85/85
f 84/55/55 69/86/86 70/87/87
f 70/87/87 193/39/39 84/55/55
f 67/38/38 193/39/39 70/87/87
f 70/87/87 69/86/86 67/38/38
f 67/38/38 69/86/86 68/88/88
f 69/86/86 81/85/85 68/88/88
f 67/38/38 68/88/88 66/37/37
f 68/88/88 81/85/85 79/89/89
f 68/88/88 79/89/89 66/37/37
f 81/85/85 80/90/90 79/89/89
f 80/90/90 81/85/85 82/84/84
f 82/84/84 576/91/91 80/90/90
f 576/91/91 82/84/84 370/92/92
f 370/92/92 82/84/84 351/82/82
f 576/91/91 370/92/92 575/93/93
f 80/90/90 576/91/91 575/93/93
f 79/89/89 80/90/90 78/94/94
f 80/90/90 575/93/93 78/94/94
f 79/89/89 78/94/94 76/95/95
f 66/37/37 79/89/89 76/95/95
f 63/36/36 66/37/37 76/95/95
f 64/35/35 63/36/36 71/96/96
f 63/36/36 76/95/95 71/96/96
f 64/35/35 71/96/96 72/97/97
f 71/96/96 76/95/95 77/98/98
f 76/95/95 78/94/94 77/98/98
f 71/96/96 569/99/99 72/97/97
f 71/96/96 77/98/98 569/99/99
f 569/99/99 77/98/98 573/100/100
f 77/98/98 78/94/94 573/100/100
f 573/100/100 78/94/94 574/101/101
f 78/94/94 575/93/93 574/101/101
f 575/93/93 368/102/102 574/101/101
f 370/92/92 368/102/102 575/93/93
f 370/92/92 371/103/103 368/102/102
f 370/92/92 351/82/82 371/103/103
f 371/103/103 351/82/82 372/104/104
f 351/82/82 353/83/83 372/104/104
f 372/104/104 353/83/83 373/105/105
f 373/105/105 353/83/83 363/81/81
f 372/104/104 373/105/105 376/106/106
f 371/103/103 372/104/104 377/107/107
f 377/107/107 372/104/104 376/106/106
f 371/103/103 377/107/107 369/108/108
f 368/102/102 371/103/103 369/108/108
f 377/107/107 378/109/109 369/108/108
f 377/107/107 376/106/106 378/109/109
f 378/109/109 376/106/106 379/110/110
f 375/111/111 376/106/106 373/105/105
f 376/106/106 375/111/111 379/110/110
f 373/105/105 374/112/112 375/111/111
f 363/81/81 374/112/112 373/105/105
f 374/112/112 363/81/81 361/113/113
f 363/81/81 355/80/80 361/113/113
f 374/112/112 361/113/113 383/114/114
f 375/111/111 374/112/112 385/115/115
f 385/115/115 374/112/112 383/114/114
f 375/111/111 385/115/115 380/116/116
f 379/110/110 375/111/111 380/116/116
f 379/110/110 382/117/117 378/109/109
f 379/110/110 380/116/116 382/117/117
f 378/109/109 382/117/117 381/118/118
f 369/108/108 378/109/109 366/119/119
f 378/109/109 381/118/118 366/119/119
f 369/108/108 365/120/120 368/102/102
f 366/119/119 365/120/120 369/108/108
f 368/102/102 365/120/120 349/121/121
f 368/102/102 349/121/121 574/101/101
f 365/120/120 364/122/122 349/121/121
f 365/120/120 366/119/119 364/122/122
f 364/122/122 366/119/119 367/123/123
f 366/119/119 381/118/118 367/123/123
f 381/118/118 395/124/124 367/123/123
f 367/123/123 395/124/124 364/122/122
f 364/122/122 395/124/124 394/125/125
f 395/124/124 411/126/126 394/125/125
f 394/125/125 411/126/126 412/127/127
f 394/125/125 412/127/127 344/128/128
f 346/129/129 394/125/125 344/128/128
f 364/122/122 394/125/125 346/129/129
f 349/121/121 364/122/122 346/129/129
f 346/129/129 348/130/130 349/121/121
f 574/101/101 349/121/121 348/130/130
f 348/130/130 573/100/100 574/101/101
f 350/131/131 573/100/100 348/130/130
f 569/99/99 573/100/100 350/131/131
f 350/131/131 72/97/97 569/99/99
f 572/132/132 72/97/97 350/131/131
f 350/131/131 343/133/133 572/132/132
f 343/133/133 350/131/131 348/130/130
f 343/133/133 348/130/130 346/129/129
f 346/129/129 344/128/128 343/133/133
f 343/133/133 344/128/128 345/134/134
f 572/132/132 343/133/133 345/134/134
f 158/135/135 157/137/137 159/136/136
f 156/138/138 157/137/137 158/135/135
f 130/139/7 156/138/138 158/135/135
f 157/137/137 156/138/138 155/140/139
f 154/141/140 123/142/141 155/140/139
f 154/141/140 155/140/139 156/138/138
f 132/143/142 154/141/140 156/138/138
f 132/143/142 156/138/138 130/139/7
f 130/139/7 131/144/3 132/143/142
f 132/143/142 131/144/3 133/145/143
f 286/146/144 133/145/143 131/144/3
f 132/143/142 133/145/143 134/147/145
f 134/147/145 154/141/140 132/143/142
f 134/147/145 126/148/146 154/141/140
f 126/148/146 123/142/141 154/141/140
f 126/148/146 134/147/145 125/149/147
f 134/147/145 133/145/143 135/150/148
f 134/147/145 135/150/148 125/149/147
f 135/150/148 133/145/143 291/151/149
f 290/152/150 133/145/143 286/146/144
f 291/151/149 133/145/143 290/152/150
f 291/151/149 290/152/150 175/153/151
f 175/153/151 290/152/150 174/154/152
f 174/154/152 290/152/150 286/146/144
f 174/154/152 286/146/144 172/155/153
f 172/155/153 286/146/144 283/156/154
f 174/154/152 172/155/153 173/157/155
f 174/154/152 173/157/155 175/153/151
f 175/153/151 173/157/155 176/158/156
f 291/151/149 175/153/151 177/159/157
f 175/153/151 176/158/156 177/159/157
f 291/151/149 177/159/157 314/160/158
f 291/151/149 314/160/158 135/150/148
f 125/149/147 135/150/148 147/161/159
f 135/150/148 314/160/158 147/161/159
f 125/149/147 112/162/160 126/148/146
f 125/149/147 147/161/159 112/162/160
f 126/148/146 112/162/160 111/163/161
f 111/163/161 123/142/141 126/148/146
f 123/142/141 111/163/161 124/164/162
f 111/163/161 112/162/160 113/165/163
f 124/164/162 111/163/161 113/165/163
f 113/165/163 112/162/160 122/166/164
f 112/162/160 147/161/159 129/167/165
f 112/162/160 129/167/165 122/166/164
f 147/161/159 317/168/166 129/167/165
f 317/168/166 147/161/159 314/160/158
f 315/169/167 317/168/166 314/160/158
f 177/159/157 315/169/167 314/160/158
f 179/170/168 315/169/167 177/159/157
f 177/159/157 178/171/169 179/170/168
f 177/159/157 176/158/156 178/171/169
f 183/172/170 176/158/156 325/173/171
f 176/158/156 183/172/170 178/171/169
f 325/173/171 176/158/156 173/157/155
f 325/173/171 173/157/155 170/174/172
f 170/174/172 173/157/155 172/155/153
f 171/175/173 170/174/172 172/155/153
f 172/155/153 283/156/154 171/175/173
f 171/175/173 283/156/154 282/176/174
f 279/177/175 171/175/173 282/176/174
f 143/178/176 171/175/173 279/177/175
f 141/179/22 143/178/176 279/177/175
f 171/175/173 143/178/176 169/180/177
f 169/180/177 170/174/172 171/175/173
f 170/174/172 169/180/177 182/181/178
f 170/174/172 182/181/178 325/173/171
f 325/173/171 182/181/178 101/182/179
f 325/173/171 101/182/179 183/172/170
f 180/183/180 183/172/170 100/184/181
f 100/184/181 183/172/170 101/182/179
f 183/172/170 180/183/180 178/171/169
f 179/170/168 178/171/169 180/183/180
f 179/170/168 180/183/180 181/185/182
f 181/185/182 316/186/183 179/170/168
f 179/170/168 316/186/183 315/169/167
f 315/169/167 316/186/183 318/187/184
f 318/187/184 317/168/166 315/169/167
f 318/187/184 128/188/185 317/168/166
f 317/168/166 128/188/185 129/167/165
f 122/166/164 129/167/165 128/188/185
f 128/188/185 114/189/186 122/166/164
f 121/190/187 114/189/186 128/188/185
f 318/187/184 121/190/187 128/188/185
f 320/191/188 121/190/187 318/187/184
f 316/186/183 320/191/188 318/187/184
f 181/185/182 320/191/188 316/186/183
f 181/185/182 319/192/189 320/191/188
f 120/193/190 121/190/187 320/191/188
f 320/191/188 319/192/189 120/193/190
f 121/190/187 120/193/190 114/189/186
f 120/193/190 319/192/189 27/194/191
f 114/189/186 120/193/190 117/195/192
f 120/193/190 27/194/191 119/196/193
f 117/195/192 120/193/190 119/196/193
f 117/195/192 118/198/195 115/197/194
f 119/196/193 118/198/195 117/195/192
f 117/195/192 115/197/194 114/189/186
f 114/189/186 115/197/194 116/199/196
f 114/189/186 127/200/197 122/166/164
f 116/199/196 127/200/197 114/189/186
f 122/166/164 127/200/197 113/165/163
f 124/164/162 113/165/163 127/200/197
f 294/201/198 295/203/200 280/202/199
f 268/204/201 294/201/198 280/202/199
f 280/202/199 295/203/200 261/205/202
f 296/206/203 261/205/202 295/203/200
f 304/207/204 261/205/202 296/206/203
f 260/208/205 261/205/202 304/207/204
f 258/209/206 260/208/205 305/210/207
f 305/210/207 260/208/205 304/207/204
f 258/209/206 305/210/207 259/211/208
f 259/211/208 305/210/207 306/212/209
f 259/211/208 306/212/209 252/213/210
f 305/210/207 299/214/211 306/212/209
f 304/207/204 299/214/211 305/210/207
f 300/215/212 299/214/211 304/207/204
f 296/206/203 300/215/212 304/207/204
f 297/216/213 300/215/212 296/206/203
f 296/206/203 293/217/214 297/216/213
f 295/203/200 293/217/214 296/206/203
f 294/201/198 293/217/214 295/203/200
f 292/218/215 293/217/214 294/201/198
f 268/204/201 292/218/215 294/201/198
f 268/204/201 267/219/216 292/218/215
f 281/220/217 287/222/219 266/221/218
f 266/221/218 288/223/220 267/219/216
f 287/222/219 288/223/220 266/221/218
f 267/219/216 288/223/220 292/218/215
f 288/223/220 213/224/221 292/218/215
f 292/218/215 216/225/222 293/217/214
f 213/224/221 216/225/222 292/218/215
f 293/217/214 216/225/222 297/216/213
f 300/215/212 297/216/213 224/226/223
f 297/216/213 216/225/222 219/227/224
f 224/226/223 297/216/213 219/227/224
f 216/225/222 213/224/221 217/228/225
f 217/228/225 219/227/224 216/225/222
f 218/229/226 219/227/224 217/228/225
f 218/229/226 224/226/223 219/227/224
f 223/230/227 224/226/223 218/229/226
f 224/226/223 223/230/227 226/231/228
f 226/231/228 300/215/212 224/226/223
f 299/214/211 300/215/212 226/231/228
f 298/232/229 299/214/211 228/233/230
f 228/233/230 299/214/211 226/231/228
f 299/214/211 298/232/229 306/212/209
f 226/231/228 223/230/227 227/234/231
f 226/231/228 227/234/231 228/233/230
f 223/230/227 225/235/232 227/234/231
f 223/230/227 222/236/233 225/235/232
f 218/229/226 222/236/233 223/230/227
f 218/229/226 220/237/234 222/236/233
f 218/229/226 217/228/225 220/237/234
f 217/228/225 213/224/221 214/238/235
f 220/237/234 217/228/225 214/238/235
f 213/224/221 210/239/236 214/238/235
f 210/239/236 213/224/221 288/223/220
f 287/222/219 210/239/236 288/223/220
f 211/240/237 210/239/236 287/222/219
f 289/241/238 211/240/237 287/222/219
f 289/241/238 287/222/219 281/220/217
f 563/242/239 281/220/217 596/243/240
f 281/220/217 563/242/239 289/241/238
f 596/243/240 562/244/241 563/242/239
f 289/241/238 563/242/239 561/245/242
f 562/244/241 561/245/242 563/242/239
f 289/241/238 561/245/242 212/246/243
f 212/246/243 211/240/237 289/241/238
f 52/247/244 211/240/237 212/246/243
f 209/248/245 211/240/237 52/247/244
f 209/248/245 210/239/236 211/240/237
f 214/238/235 210/239/236 209/248/245
f 209/248/245 215/249/246 214/238/235
f 214/238/235 215/249/246 220/237/234
f 220/237/234 215/249/246 221/250/247
f 222/236/233 220/237/234 221/250/247
f 215/249/246 209/248/245 51/251/248
f 221/250/247 215/249/246 51/251/248
f 209/248/245 52/247/244 51/251/248
f 51/251/248 52/247/244 53/252/249
f 52/247/244 212/246/243 549/253/250
f 549/253/250 53/252/249 52/247/244
f 549/253/250 212/246/243 551/254/251
f 212/246/243 561/245/242 551/254/251
f 551/254/251 561/245/242 560/255/252
f 560/255/252 561/245/242 562/244/241
f 551/254/251 560/255/252 559/256/253
f 560/255/252 562/244/241 594/257/254
f 594/257/254 559/256/253 560/255/252
f 594/257/254 562/244/241 593/258/255
f 592/259/256 593/258/255 562/244/241
f 592/259/256 562/244/241 596/243/240
f 596/243/240 600/260/257 592/259/256
f 257/261/258 601/262/259 600/260/257
f 600/260/257 601/262/259 592/259/256
f 601/262/259 704/263/260 592/259/256
f 704/263/260 593/258/255 592/259/256
f 704/263/260 710/264/261 593/258/255
f 593/258/255 709/265/262 594/257/254
f 710/264/261 709/265/262 593/258/255
f 594/257/254 709/265/262 708/266/263
f 594/257/254 595/267/264 559/256/253
f 594/257/254 708/266/263 595/267/264
f 559/256/253 558/269/266 556/268/265
f 559/256/253 595/267/264 558/269/266
f 559/256/253 556/268/265 557/270/267
f 557/270/267 551/254/251 559/256/253
f 553/271/268 551/254/251 557/270/267
f 549/253/250 551/254/251 553/271/268
f 553/271/268 557/270/267 555/272/269
f 555/272/269 557/270/267 556/268/265
f 553/271/268 555/272/269 552/273/270
f 552/273/270 549/253/250 553/271/268
f 53/252/249 549/253/250 552/273/270
f 552/273/270 567/274/271 53/252/249
f 566/275/272 567/274/271 552/273/270
f 554/276/273 566/275/272 552/273/270
f 554/276/273 552/273/270 555/272/269
f 555/272/269 479/277/274 554/276/273
f 555/272/269 556/268/265 479/277/274
f 479/277/274 556/268/265 484/278/275
f 558/269/266 484/278/275 556/268/265
f 490/279/276 484/278/275 558/269/266
f 595/267/264 490/279/276 558/269/266
f 497/280/277 490/279/276 595/267/264
f 707/281/278 497/280/277 595/267/264
f 708/266/263 707/281/278 595/267/264
f 707/281/278 708/266/263 750/282/279
f 708/266/263 709/265/262 713/283/280
f 750/282/279 708/266/263 713/283/280
f 709/265/262 710/264/261 712/284/281
f 713/283/280 709/265/262 712/284/281
f 712/284/281 738/285/282 713/283/280
f 738/285/282 750/282/279 713/283/280
f 737/286/283 750/282/279 738/285/282
f 737/286/283 714/287/284 750/282/279
f 714/287/284 707/281/278 750/282/279
f 705/288/285 707/281/278 714/287/284
f 707/281/278 705/288/285 497/280/277
f 714/287/284 706/289/286 705/288/285
f 497/280/277 705/288/285 496/290/287
f 706/289/286 496/290/287 705/288/285
f 497/280/277 496/290/287 492/291/288
f 497/280/277 489/292/289 490/279/276
f 492/291/288 489/292/289 497/280/277
f 490/279/276 489/292/289 482/293/290
f 490/279/276 482/293/290 484/278/275
f 479/277/274 484/278/275 480/294/291
f 480/294/291 484/278/275 482/293/290
f 479/277/274 480/294/291 481/295/292
f 554/276/273 479/277/274 481/295/292
f 566/275/272 554/276/273 565/296/293
f 481/295/292 565/296/293 554/276/273
f 567/274/271 566/275/272 568/297/294
f 565/296/293 568/297/294 566/275/272
f 512/298/295 568/297/294 565/296/293
f 565/296/293 500/299/296 512/298/295
f 500/299/296 565/296/293 481/295/292
f 512/298/295 500/299/296 498/300/297
f 500/299/296 481/295/292 431/301/298
f 498/300/297 500/299/296 431/301/298
f 481/295/292 480/294/291 433/302/299
f 431/301/298 481/295/292 433/302/299
f 433/302/299 480/294/291 432/303/300
f 432/303/300 480/294/291 482/293/290
f 433/302/299 432/303/300 431/301/298
f 482/293/290 438/304/301 432/303/300
f 489/292/289 438/304/301 482/293/290
f 432/303/300 438/304/301 430/305/302
f 430/305/302 431/301/298 432/303/300
f 431/301/298 430/305/302 434/306/303
f 431/301/298 434/306/303 498/300/297
f 434/306/303 430/305/302 435/307/304
f 435/307/304 430/305/302 438/304/301
f 434/306/303 435/307/304 436/308/305
f 435/307/304 438/304/301 437/309/306
f 436/308/305 435/307/304 437/309/306
f 437/309/306 438/304/301 459/310/307
f 459/310/307 438/304/301 489/292/289
f 489/292/289 456/311/308 459/310/307
f 491/312/309 456/311/308 489/292/289
f 491/312/309 489/292/289 492/291/288
f 492/291/288 496/290/287 495/313/310
f 491/312/309 492/291/288 463/314/311
f 463/314/311 492/291/288 495/313/310
f 491/312/309 463/314/311 457/315/312
f 456/311/308 491/312/309 457/315/312
f 456/311/308 457/315/312 458/316/313
f 458/316/313 459/310/307 456/311/308
f 455/317/314 459/310/307 458/316/313
f 455/317/314 437/309/306 459/310/307
f 455/317/314 452/318/315 437/309/306
f 436/308/305 437/309/306 443/319/316
f 452/318/315 443/319/316 437/309/306
f 436/308/305 443/319/316 442/320/317
f 442/320/317 434/306/303 436/308/305
f 442/320/317 494/321/318 434/306/303
f 498/300/297 434/306/303 499/322/319
f 434/306/303 494/321/318 499/322/319
f 498/300/297 499/322/319 513/323/320
f 513/323/320 499/322/319 494/321/318
f 498/300/297 513/323/320 512/298/295
f 513/323/320 494/321/318 577/324/321
f 512/298/295 513/323/320 96/325/322
f 96/325/322 513/323/320 577/324/321
f 512/298/295 96/325/322 568/297/294
f 98/326/323 567/274/271 568/297/294
f 568/297/294 96/325/322 98/326/323
f 567/274/271 59/327/324 53/252/249
f 59/327/324 567/274/271 98/326/323
f 53/252/249 59/327/324 51/251/248
f 59/327/324 98/326/323 60/328/325
f 59/327/324 60/328/325 51/251/248
f 51/251/248 60/328/325 221/250/247
f 60/328/325 313/329/326 221/250/247
f 221/250/247 313/329/326 222/236/233
f 313/329/326 60/328/325 95/330/327
f 98/326/323 95/330/327 60/328/325
f 96/325/322 95/330/327 98/326/323
f 95/330/327 96/325/322 97/331/328
f 97/331/328 312/332/329 95/330/327
f 313/329/326 95/330/327 312/332/329
f 313/329/326 312/332/329 222/236/233
f 222/236/233 312/332/329 225/235/232
f 312/332/329 311/333/330 225/235/232
f 311/333/330 312/332/329 97/331/328
f 225/235/232 311/333/330 232/334/331
f 227/234/231 225/235/232 232/334/331
f 228/233/230 227/234/231 229/335/332
f 229/335/332 227/234/231 232/334/331
f 232/334/331 233/336/333 229/335/332
f 311/333/330 233/336/333 232/334/331
f 310/337/334 233/336/333 311/333/330
f 310/337/334 311/333/330 97/331/328
f 97/331/328 99/338/335 310/337/334
f 96/325/322 99/338/335 97/331/328
f 310/337/334 99/338/335 309/339/336
f 309/339/336 237/340/337 310/337/334
f 310/337/334 237/340/337 233/336/333
f 229/335/332 233/336/333 231/341/338
f 237/340/337 231/341/338 233/336/333
f 229/335/332 231/341/338 230/342/339
f 228/233/230 229/335/332 230/342/339
f 230/342/339 231/341/338 235/343/340
f 235/343/340 231/341/338 237/340/337
f 230/342/339 235/343/340 234/344/341
f 235/343/340 237/340/337 236/345/342
f 234/344/341 235/343/340 236/345/342
f 236/345/342 237/340/337 238/346/343
f 309/339/336 238/346/343 237/340/337
f 90/347/344 238/346/343 309/339/336
f 309/339/336 99/338/335 90/347/344
f 91/348/345 90/347/344 99/338/335
f 99/338/335 96/325/322 91/348/345
f 96/325/322 61/349/346 91/348/345
f 61/349/346 96/325/322 577/324/321
f 91/348/345 61/349/346 57/350/347
f 90/347/344 91/348/345 58/351/348
f 57/350/347 58/351/348 91/348/345
f 90/347/344 58/351/348 269/352/349
f 90/347/344 269/352/349 238/346/343
f 236/345/342 238/346/343 239/353/350
f 269/352/349 239/353/350 238/346/343
f 236/345/342 239/353/350 241/354/351
f 234/344/341 236/345/342 240/355/352
f 236/345/342 241/354/351 240/355/352
f 234/344/341 240/355/352 242/356/353
f 230/342/339 234/344/341 302/357/354
f 234/344/341 242/356/353 302/357/354
f 230/342/339 301/358/355 228/233/230
f 301/358/355 230/342/339 302/357/354
f 228/233/230 301/358/355 298/232/229
f 302/357/354 303/359/356 301/358/355
f 242/356/353 303/359/356 302/357/354
f 301/358/355 303/359/356 307/360/357
f 307/360/357 298/232/229 301/358/355
f 306/212/209 298/232/229 307/360/357
f 252/213/210 306/212/209 307/360/357
f 252/213/210 307/360/357 251/361/358
f 251/361/358 307/360/357 303/359/356
f 251/361/358 303/359/356 242/356/353
f 250/362/359 251/361/358 242/356/353
f 243/363/360 250/362/359 242/356/353
f 242/356/353 240/355/352 243/363/360
f 243/363/360 240/355/352 241/354/351
f 243/363/360 241/354/351 244/364/361
f 241/354/351 239/353/350 245/365/362
f 244/364/361 241/354/351 245/365/362
f 245/365/362 239/353/350 247/366/363
f 247/366/363 239/353/350 269/352/349
f 55/367/364 247/366/363 269/352/349
f 58/351/348 55/367/364 269/352/349
f 57/350/347 55/367/364 58/351/348
f 57/350/347 54/368/365 55/367/364
f 54/368/365 50/369/366 55/367/364
f 50/369/366 247/366/363 55/367/364
f 50/369/366 245/365/362 247/366/363
f 48/370/367 245/365/362 50/369/366
f 48/370/367 246/371/368 245/365/362
f 244/364/361 245/365/362 246/371/368
f 246/371/368 262/372/369 244/364/361
f 244/364/361 264/373/370 243/363/360
f 244/364/361 262/372/369 264/373/370
f 243/363/360 264/373/370 254/374/371
f 254/374/371 250/362/359 243/363/360
f 254/374/371 248/375/372 250/362/359
f 249/376/373 250/362/359 248/375/372
f 249/376/373 251/361/358 250/362/359
f 253/377/374 248/375/372 254/374/371
f 254/374/371 264/373/370 265/378/375
f 265/378/375 253/377/374 254/374/371
f 265/378/375 264/373/370 263/379/376
f 262/372/369 263/379/376 264/373/370
f 41/380/377 263/379/376 262/372/369
f 206/381/378 263/379/376 41/380/377
f 263/379/376 206/381/378 265/378/375
f 206/381/378 255/382/379 265/378/375
f 265/378/375 255/382/379 253/377/374
f 205/383/380 255/382/379 206/381/378
f 256/384/381 255/382/379 205/383/380
f 205/383/380 206/381/378 203/385/382
f 41/380/377 204/386/383 206/381/378
f 203/385/382 206/381/378 204/386/383
f 203/385/382 204/386/383 36/387/384
f 42/388/385 204/386/383 41/380/377
f 36/387/384 204/386/383 42/388/385
f 41/380/377 39/389/386 42/388/385
f 41/380/377 262/372/369 39/389/386
f 39/389/386 262/372/369 43/390/387
f 246/371/368 43/390/387 262/372/369
f 45/391/388 43/390/387 246/371/368
f 45/391/388 246/371/368 48/370/367
f 43/390/387 45/391/388 44/392/389
f 39/389/386 43/390/387 40/393/390
f 40/393/390 43/390/387 44/392/389
f 39/389/386 40/393/390 6/394/391
f 42/388/385 39/389/386 6/394/391
f 9/395/392 42/388/385 6/394/391
f 42/388/385 9/395/392 36/387/384
f 9/395/392 6/394/391 8/396/393
f 6/394/391 7/397/394 8/396/393
f 6/394/391 40/393/390 7/397/394
f 40/393/390 44/392/389 539/398/395
f 539/398/395 7/397/394 40/393/390
f 539/398/395 44/392/389 534/399/396
f 44/392/389 45/391/388 46/400/397
f 44/392/389 46/400/397 534/399/396
f 46/400/397 45/391/388 47/401/398
f 47/401/398 45/391/388 48/370/367
f 47/401/398 48/370/367 49/402/399
f 49/402/399 48/370/367 50/369/366
f 49/402/399 50/369/366 54/368/365
f 550/403/400 49/402/399 54/368/365
f 54/368/365 56/404/401 550/403/400
f 56/404/401 54/368/365 57/350/347
f 61/349/346 56/404/401 57/350/347
f 56/404/401 61/349/346 564/405/402
f 550/403/400 56/404/401 564/405/402
f 564/405/402 61/349/346 577/324/321
f 493/406/403 564/405/402 577/324/321
f 494/321/318 493/406/403 577/324/321
f 442/320/317 493/406/403 494/321/318
f 444/407/404 493/406/403 442/320/317
f 444/407/404 564/405/402 493/406/403
f 550/403/400 564/405/402 444/407/404
f 49/402/399 550/403/400 548/408/405
f 444/407/404 548/408/405 550/403/400
f 49/402/399 548/408/405 546/409/406
f 47/401/398 49/402/399 546/409/406
f 546/409/406 46/400/397 47/401/398
f 535/410/407 46/400/397 546/409/406
f 534/399/396 46/400/397 535/410/407
f 535/410/407 546/409/406 547/411/408
f 546/409/406 548/408/405 547/411/408
f 445/412/409 547/411/408 548/408/405
f 445/412/409 548/408/405 444/407/404
f 445/412/409 444/407/404 443/319/316
f 443/319/316 444/407/404 442/320/317
f 445/412/409 443/319/316 453/413/410
f 453/413/410 443/319/316 452/318/315
f 445/412/409 453/413/410 454/414/411
f 454/414/411 547/411/408 445/412/409
f 454/414/411 537/415/412 547/411/408
f 537/415/412 535/410/407 547/411/408
f 537/415/412 454/414/411 488/416/413
f 453/413/410 488/416/413 454/414/411
f 483/417/414 488/416/413 453/413/410
f 483/417/414 453/413/410 452/318/315
f 478/418/415 483/417/414 452/318/315
f 478/418/415 452/318/315 455/317/314
f 483/417/414 478/418/415 441/419/416
f 441/419/416 440/420/417 483/417/414
f 440/420/417 488/416/413 483/417/414
f 440/420/417 536/421/418 488/416/413
f 488/416/413 536/421/418 537/415/412
f 536/421/418 535/410/407 537/415/412
f 534/399/396 535/410/407 536/421/418
f 538/422/419 534/399/396 536/421/418
f 539/398/395 534/399/396 538/422/419
f 536/421/418 440/420/417 446/423/420
f 538/422/419 536/421/418 446/423/420
f 440/420/417 441/419/416 439/424/421
f 439/424/421 446/423/420 440/420/417
f 439/424/421 441/419/416 506/425/422
f 503/426/423 441/419/416 478/418/415
f 506/425/422 441/419/416 503/426/423
f 478/418/415 455/317/314 464/427/424
f 478/418/415 464/427/424 503/426/423
f 455/317/314 461/428/425 464/427/424
f 461/428/425 455/317/314 460/429/426
f 460/429/426 455/317/314 458/316/313
f 461/428/425 465/430/427 464/427/424
f 464/427/424 465/430/427 466/431/428
f 464/427/424 466/431/428 503/426/423
f 501/432/429 502/433/430 503/426/423
f 503/426/423 466/431/428 501/432/429
f 503/426/423 502/433/430 506/425/422
f 505/434/431 506/425/422 502/433/430
f 505/434/431 439/424/421 506/425/422
f 505/434/431 508/435/432 439/424/421
f 447/436/433 446/423/420 439/424/421
f 439/424/421 508/435/432 447/436/433
f 446/423/420 447/436/433 451/437/434
f 451/437/434 538/422/419 446/423/420
f 540/438/435 538/422/419 451/437/434
f 540/438/435 539/398/395 538/422/419
f 540/438/435 451/437/434 447/436/433
f 487/439/436 540/438/435 447/436/433
f 508/435/432 487/439/436 447/436/433
f 504/440/437 487/439/436 508/435/432
f 507/441/438 504/440/437 508/435/432
f 507/441/438 508/435/432 505/434/431
f 507/441/438 505/434/431 514/442/439
f 514/442/439 505/434/431 502/433/430
f 502/433/430 519/443/440 514/442/439
f 501/432/429 519/443/440 502/433/430
f 501/432/429 466/431/428 519/443/440
f 519/443/440 520/444/441 514/442/439
f 514/442/439 520/444/441 517/445/442
f 520/444/441 518/446/443 517/445/442
f 514/442/439 449/447/444 507/441/438
f 517/445/442 449/447/444 514/442/439
f 507/441/438 449/447/444 504/440/437
f 504/440/437 449/447/444 448/448/445
f 504/440/437 485/449/446 487/439/436
f 448/448/445 485/449/446 504/440/437
f 487/439/436 485/449/446 486/450/447
f 540/438/435 487/439/436 541/451/448
f 541/451/448 487/439/436 486/450/447
f 540/438/435 541/451/448 7/397/394
f 540/438/435 7/397/394 539/398/395
f 7/397/394 541/451/448 3/452/449
f 486/450/447 3/452/449 541/451/448
f 7/397/394 3/452/449 8/396/393
f 2/453/450 8/396/393 3/452/449
f 94/454/451 8/396/393 2/453/450
f 9/395/392 8/396/393 94/454/451
f 94/454/451 4/455/452 9/395/392
f 2/453/450 4/455/452 94/454/451
f 9/395/392 4/455/452 36/387/384
f 2/453/450 1/67/67 4/455/452
f 36/387/384 4/455/452 5/66/66
f 5/66/66 4/455/452 1/67/67
f 36/387/384 5/66/66 35/58/58
f 36/387/384 35/58/58 203/385/382
f 203/385/382 35/58/58 207/456/453
f 203/385/382 207/456/453 205/383/380
f 207/456/453 35/58/58 321/52/52
f 205/383/380 207/456/453 202/51/51
f 207/456/453 321/52/52 202/51/51
f 205/383/380 202/51/51 256/384/381
f 201/49/49 256/384/381 202/51/51
f 1/67/67 2/453/450 3/452/449
f 542/69/69 1/67/67 544/457/454
f 1/67/67 3/452/449 544/457/454
f 544/457/454 3/452/449 486/450/447
f 542/69/69 544/457/454 525/458/455
f 544/457/454 486/450/447 526/459/456
f 525/458/455 544/457/454 526/459/456
f 486/450/447 510/460/81 526/459/456
f 485/449/446 510/460/81 486/450/447
f 510/460/81 485/449/446 448/448/445
f 448/448/445 511/461/457 510/460/81
f 450/462/458 511/461/457 448/448/445
f 448/448/445 449/447/444 450/462/458
f 517/445/442 450/462/458 449/447/444
f 518/446/443 450/462/458 517/445/442
f 518/446/443 528/463/459 450/462/458
f 450/462/458 528/463/459 511/461/457
f 528/463/459 523/464/460 511/461/457
f 509/465/461 510/460/81 511/461/457
f 511/461/457 523/464/460 509/465/461
f 510/460/81 524/466/462 526/459/456
f 509/465/461 524/466/462 510/460/81
f 526/459/456 524/466/462 525/458/455
f 527/467/463 525/458/455 524/466/462
f 527/467/463 358/468/464 525/458/455
f 358/468/464 542/69/69 525/458/455
f 358/468/464 354/79/79 542/69/69
f 358/468/464 357/469/465 354/79/79
f 357/469/465 355/80/80 354/79/79
f 357/469/465 358/468/464 359/470/466
f 359/470/466 358/468/464 527/467/463
f 527/467/463 360/471/467 359/470/466
f 524/466/462 360/471/467 527/467/463
f 509/465/461 360/471/467 524/466/462
f 362/472/468 360/471/467 509/465/461
f 523/464/460 362/472/468 509/465/461
f 384/473/469 362/472/468 523/464/460
f 384/473/469 383/114/114 362/472/468
f 362/472/468 383/114/114 361/113/113
f 362/472/468 361/113/113 360/471/467
f 360/471/467 361/113/113 355/80/80
f 357/469/465 360/471/467 355/80/80
f 359/470/466 360/471/467 357/469/465
f 390/474/470 391/476/472 389/475/471
f 389/475/471 387/478/474 386/477/473
f 391/476/472 387/478/474 389/475/471
f 391/476/472 392/479/475 387/478/474
f 387/478/474 392/479/475 393/480/476
f 393/480/476 533/481/460 387/478/474
f 387/478/474 533/481/460 531/482/477
f 530/483/478 387/478/474 531/482/477
f 530/483/478 531/482/477 532/484/479
f 387/478/474 530/483/478 529/485/480
f 473/486/481 387/478/474 529/485/480
f 473/486/481 396/487/482 387/478/474
f 386/477/473 387/478/474 388/488/124
f 387/478/474 396/487/482 388/488/124
f 396/487/482 417/489/483 388/488/124
f 418/490/484 417/489/483 396/487/482
f 417/489/483 418/490/484 422/491/485
f 418/490/484 396/487/482 472/492/486
f 472/492/486 396/487/482 473/486/481
f 418/490/484 472/492/486 477/493/487
f 422/491/485 418/490/484 420/494/488
f 418/490/484 477/493/487 420/494/488
f 422/491/485 420/494/488 419/495/489
f 420/494/488 477/493/487 476/496/490
f 419/495/489 420/494/488 421/497/491
f 421/497/491 420/494/488 476/496/490
f 419/495/489 421/497/491 423/498/492
f 476/496/490 475/499/493 421/497/491
f 423/498/492 421/497/491 424/500/494
f 421/497/491 475/499/493 424/500/494
f 423/498/492 424/500/494 666/501/495
f 424/500/494 475/499/493 474/502/496
f 666/501/495 424/500/494 427/503/497
f 427/503/497 424/500/494 474/502/496
f 666/501/495 427/503/497 429/504/498
f 474/502/496 515/505/499 427/503/497
f 429/504/498 427/503/497 428/506/500
f 515/505/499 516/507/501 427/503/497
f 428/506/500 427/503/497 617/508/502
f 516/507/501 658/509/503 427/503/497
f 617/508/502 427/503/497 616/510/474
f 427/503/497 658/509/503 616/510/474
f 617/508/502 616/510/474 693/511/504
f 616/510/474 658/509/503 657/512/505
f 693/511/504 616/510/474 692/513/506
f 616/510/474 657/512/505 653/514/507
f 692/513/506 616/510/474 695/515/508
f 616/510/474 653/514/507 654/516/509
f 695/515/508 616/510/474 694/517/510
f 616/510/474 654/516/509 655/518/511
f 694/517/510 616/510/474 656/519/512
f 616/510/474 655/518/511 656/519/512
f 408/520/513 347/522/128 409/521/127
f 407/523/514 347/522/128 408/520/513
f 407/523/514 333/524/515 347/522/128
f 347/522/128 333/524/515 340/525/516
f 333/524/515 407/523/514 400/526/517
f 340/525/516 333/524/515 332/527/518
f 333/524/515 400/526/517 331/528/519
f 331/528/519 332/527/518 333/524/515
f 331/528/519 400/526/517 399/529/520
f 407/523/514 404/530/521 400/526/517
f 400/526/517 404/530/521 399/529/520
f 407/523/514 410/531/522 404/530/521
f 407/523/514 408/520/513 410/531/522
f 404/530/521 403/532/523 399/529/520
f 404/530/521 410/531/522 403/532/523
f 399/529/520 397/533/524 331/528/519
f 399/529/520 403/532/523 397/533/524
f 397/533/524 403/532/523 402/534/525
f 415/535/526 402/534/525 403/532/523
f 410/531/522 415/535/526 403/532/523
f 413/536/527 415/535/526 410/531/522
f 410/531/522 408/520/513 413/536/527
f 408/520/513 414/537/528 413/536/527
f 413/536/527 414/537/528 665/538/529
f 665/538/529 416/539/530 413/536/527
f 413/536/527 416/539/530 415/535/526
f 425/540/531 402/534/525 415/535/526
f 416/539/530 425/540/531 415/535/526
f 426/541/532 425/540/531 416/539/530
f 426/541/532 688/542/533 425/540/531
f 690/543/502 688/542/533 426/541/532
f 425/540/531 688/542/533 632/544/534
f 425/540/531 632/544/534 402/534/525
f 401/545/535 402/534/525 406/546/536
f 406/546/536 402/534/525 632/544/534
f 402/534/525 401/545/535 397/533/524
f 331/528/519 397/533/524 398/547/537
f 397/533/524 401/545/535 398/547/537
f 401/545/535 405/548/538 398/547/537
f 406/546/536 405/548/538 401/545/535
f 405/548/538 406/546/536 634/549/539
f 634/549/539 406/546/536 632/544/534
f 405/548/538 634/549/539 583/550/540
f 398/547/537 405/548/538 583/550/540
f 331/528/519 398/547/537 582/551/541
f 398/547/537 583/550/540 579/552/542
f 398/547/537 579/552/542 582/551/541
f 579/552/542 583/550/540 650/553/543
f 668/554/544 650/553/543 583/550/540
f 583/550/540 634/549/539 668/554/544
f 632/544/534 633/555/545 634/549/539
f 668/554/544 634/549/539 635/556/546
f 634/549/539 633/555/545 635/556/546
f 627/557/547 633/555/545 628/558/548
f 635/556/546 633/555/545 627/557/547
f 628/558/548 633/555/545 632/544/534
f 629/559/549 628/558/548 632/544/534
f 688/542/533 629/559/549 632/544/534
f 689/560/550 629/559/549 688/542/533
f 690/543/502 689/560/550 688/542/533
f 691/561/551 689/560/550 690/543/502
f 691/561/551 685/562/552 689/560/550
f 686/563/553 685/562/552 691/561/551
f 689/560/550 685/562/552 684/564/554
f 689/560/550 684/564/554 629/559/549
f 629/559/549 621/566/556 620/565/555
f 629/559/549 684/564/554 621/566/556
f 629/559/549 620/565/555 628/558/548
f 627/557/547 628/558/548 620/565/555
f 620/565/555 626/567/557 627/557/547
f 626/567/557 635/556/546 627/557/547
f 631/568/558 635/556/546 626/567/557
f 631/568/558 668/554/544 635/556/546
f 630/569/559 668/554/544 631/568/558
f 630/569/559 650/553/543 668/554/544
f 650/553/543 630/569/559 651/570/560
f 580/571/561 650/553/543 651/570/560
f 579/552/542 650/553/543 580/571/561
f 28/572/562 579/552/542 580/571/561
f 581/573/563 579/552/542 28/572/562
f 582/551/541 579/552/542 581/573/563
f 581/573/563 591/574/564 582/551/541
f 590/575/565 591/574/564 581/573/563
f 28/572/562 590/575/565 581/573/563
f 29/576/566 590/575/565 28/572/562
f 29/576/566 28/572/562 26/577/567
f 26/577/567 28/572/562 25/578/568
f 25/578/568 28/572/562 580/571/561
f 580/571/561 21/579/569 25/578/568
f 580/571/561 584/580/570 21/579/569
f 651/570/560 584/580/570 580/571/561
f 652/581/571 584/580/570 651/570/560
f 651/570/560 610/582/572 652/581/571
f 651/570/560 630/569/559 610/582/572
f 630/569/559 631/568/558 610/582/572
f 610/582/572 631/568/558 609/583/573
f 626/567/557 612/584/574 631/568/558
f 631/568/558 612/584/574 609/583/573
f 626/567/557 625/585/575 612/584/574
f 625/585/575 626/567/557 620/565/555
f 625/585/575 620/565/555 622/586/576
f 620/565/555 621/566/556 622/586/576
f 621/566/556 684/564/554 667/587/577
f 622/586/576 621/566/556 619/588/578
f 667/587/577 619/588/578 621/566/556
f 622/586/576 619/588/578 623/589/579
f 623/589/579 625/585/575 622/586/576
f 611/590/580 625/585/575 623/589/579
f 612/584/574 625/585/575 611/590/580
f 611/590/580 603/591/581 612/584/574
f 609/583/573 612/584/574 608/592/582
f 608/592/582 612/584/574 603/591/581
f 609/583/573 608/592/582 607/593/583
f 610/582/572 609/583/573 607/593/583
f 652/581/571 610/582/572 607/593/583
f 606/594/584 652/581/571 607/593/583
f 584/580/570 652/581/571 606/594/584
f 606/594/584 607/593/583 608/592/582
f 670/595/585 606/594/584 608/592/582
f 608/592/582 602/596/586 670/595/585
f 603/591/581 602/596/586 608/592/582
f 602/596/586 603/591/581 604/597/587
f 605/598/588 603/591/581 611/590/580
f 604/597/587 603/591/581 605/598/588
f 605/598/588 611/590/580 623/589/579
f 636/599/589 605/598/588 623/589/579
f 636/599/589 604/597/587 605/598/588
f 636/599/589 623/589/579 624/600/590
f 623/589/579 619/588/578 624/600/590
f 618/601/591 619/588/578 614/602/592
f 624/600/590 619/588/578 618/601/591
f 614/602/592 619/588/578 667/587/577
f 639/603/593 614/602/592 667/587/577
f 667/587/577 684/564/554 639/603/593
f 639/603/593 684/564/554 683/604/594
f 684/564/554 685/562/552 683/604/594
f 639/603/593 683/604/594 682/605/595
f 683/604/594 685/562/552 682/605/595
f 685/562/552 686/563/553 682/605/595
f 682/605/595 686/563/553 687/606/596
f 682/605/595 687/606/596 759/607/597
f 759/607/597 687/606/596 767/608/598
f 682/605/595 759/607/597 638/609/599
f 639/603/593 682/605/595 638/609/599
f 638/609/599 615/610/600 639/603/593
f 639/603/593 615/610/600 614/602/592
f 613/611/601 614/602/592 615/610/600
f 618/601/591 614/602/592 613/611/601
f 613/611/601 615/610/600 675/612/602
f 615/610/600 638/609/599 675/612/602
f 675/612/602 638/609/599 763/613/603
f 763/613/603 638/609/599 759/607/597
f 759/607/597 761/614/604 763/613/603
f 759/607/597 767/608/598 761/614/604
f 761/614/604 767/608/598 766/615/512
f 766/615/512 765/616/605 761/614/604
f 761/614/604 765/616/605 762/617/606
f 699/618/607 762/617/606 765/616/605
f 700/619/608 762/617/606 699/618/607
f 699/618/607 659/620/609 700/619/608
f 659/620/609 660/622/611 661/621/610
f 700/619/608 659/620/609 661/621/610
f 661/621/610 660/622/611 662/623/612
f 660/622/611 663/624/613 662/623/612
f 662/623/612 663/624/613 664/625/614
f 663/624/613 521/626/615 664/625/614
f 521/626/615 471/628/617 522/627/616
f 664/625/614 521/626/615 522/627/616
f 662/623/612 664/625/614 696/629/618
f 664/625/614 522/627/616 698/630/619
f 696/629/618 664/625/614 698/630/619
f 522/627/616 471/628/617 470/631/620
f 698/630/619 522/627/616 495/313/310
f 470/631/620 495/313/310 522/627/616
f 463/314/311 495/313/310 470/631/620
f 463/314/311 470/631/620 462/632/621
f 462/632/621 470/631/620 467/633/622
f 470/631/620 471/628/617 467/633/622
f 467/633/622 471/628/617 469/634/623
f 469/634/623 468/635/624 467/633/622
f 467/633/622 468/635/624 460/429/426
f 467/633/622 460/429/426 462/632/621
f 462/632/621 460/429/426 458/316/313
f 458/316/313 457/315/312 462/632/621
f 462/632/621 457/315/312 463/314/311
f 696/629/618 697/636/625 662/623/612
f 662/623/612 697/636/625 661/621/610
f 700/619/608 661/621/610 758/637/626
f 758/637/626 661/621/610 697/636/625
f 700/619/608 758/637/626 728/638/627
f 758/637/626 697/636/625 728/638/627
f 700/619/608 728/638/627 730/639/628
f 762/617/606 700/619/608 730/639/628
f 761/614/604 762/617/606 760/640/629
f 762/617/606 730/639/628 760/640/629
f 761/614/604 760/640/629 764/641/630
f 760/640/629 730/639/628 754/642/631
f 764/641/630 760/640/629 754/642/631
f 730/639/628 728/638/627 729/643/632
f 754/642/631 730/639/628 729/643/632
f 729/643/632 728/638/627 731/644/633
f 728/638/627 697/636/625 702/645/634
f 702/645/634 731/644/633 728/638/627
f 702/645/634 697/636/625 701/646/635
f 696/629/618 701/646/635 697/636/625
f 702/645/634 701/646/635 743/647/636
f 743/647/636 731/644/633 702/645/634
f 731/644/633 743/647/636 726/648/637
f 727/649/638 731/644/633 726/648/637
f 729/643/632 731/644/633 727/649/638
f 729/643/632 727/649/638 754/642/631
f 754/642/631 727/649/638 755/650/639
f 764/641/630 754/642/631 678/651/640
f 678/651/640 754/642/631 755/650/639
f 764/641/630 678/651/640 675/612/602
f 675/612/602 763/613/603 764/641/630
f 763/613/603 761/614/604 764/641/630
f 675/612/602 676/652/641 613/611/601
f 676/652/641 675/612/602 678/651/640
f 676/652/641 678/651/640 679/653/642
f 679/653/642 678/651/640 755/650/639
f 679/653/642 755/650/639 756/654/643
f 755/650/639 727/649/638 725/655/644
f 725/655/644 756/654/643 755/650/639
f 725/655/644 727/649/638 726/648/637
f 725/655/644 726/648/637 718/656/645
f 726/648/637 732/657/646 718/656/645
f 726/648/637 743/647/636 732/657/646
f 743/647/636 733/658/647 732/657/646
f 744/659/648 733/658/647 743/647/636
f 743/647/636 701/646/635 744/659/648
f 701/646/635 747/660/649 744/659/648
f 696/629/618 747/660/649 701/646/635
f 744/659/648 747/660/649 745/661/650
f 744/659/648 745/661/650 733/658/647
f 747/660/649 746/662/651 745/661/650
f 733/658/647 745/661/650 735/663/652
f 746/662/651 742/664/653 745/661/650
f 745/661/650 742/664/653 735/663/652
f 735/663/652 741/666/655 734/665/654
f 742/664/653 741/666/655 735/663/652
f 735/663/652 734/665/654 733/658/647
f 733/658/647 716/667/656 732/657/646
f 733/658/647 734/665/654 716/667/656
f 732/657/646 716/667/656 718/656/645
f 718/656/645 716/667/656 715/668/657
f 725/655/644 718/656/645 715/668/657
f 715/668/657 753/669/658 725/655/644
f 756/654/643 725/655/644 757/670/659
f 757/670/659 725/655/644 753/669/658
f 756/654/643 757/670/659 681/671/660
f 756/654/643 681/671/660 679/653/642
f 677/672/661 676/652/641 679/653/642
f 679/653/642 681/671/660 677/672/661
f 676/652/641 640/673/662 613/611/601
f 676/652/641 677/672/661 640/673/662
f 613/611/601 640/673/662 618/601/591
f 640/673/662 677/672/661 680/674/663
f 677/672/661 681/671/660 680/674/663
f 681/671/660 673/675/664 680/674/663
f 757/670/659 673/675/664 681/671/660
f 757/670/659 753/669/658 673/675/664
f 752/676/665 673/675/664 753/669/658
f 753/669/658 715/668/657 752/676/665
f 715/668/657 716/667/656 717/677/666
f 717/677/666 752/676/665 715/668/657
f 717/677/666 716/667/656 721/678/667
f 734/665/654 721/678/667 716/667/656
f 734/665/654 741/666/655 721/678/667
f 721/678/667 741/666/655 723/679/668
f 741/666/655 740/680/669 723/679/668
f 741/666/655 742/664/653 740/680/669
f 742/664/653 738/285/282 739/681/670
f 740/680/669 742/664/653 739/681/670
f 738/285/282 742/664/653 746/662/651
f 739/681/670 738/285/282 712/284/281
f 738/285/282 746/662/651 737/286/283
f 748/682/671 746/662/651 747/660/649
f 737/286/283 746/662/651 748/682/671
f 737/286/283 736/683/672 714/287/284
f 737/286/283 748/682/671 736/683/672
f 747/660/649 749/684/673 748/682/671
f 736/683/672 748/682/671 749/684/673
f 749/684/673 747/660/649 696/629/618
f 696/629/618 698/630/619 749/684/673
f 749/684/673 698/630/619 736/683/672
f 714/287/284 736/683/672 698/630/619
f 698/630/619 706/289/286 714/287/284
f 698/630/619 495/313/310 706/289/286
f 706/289/286 495/313/310 496/290/287
f 640/673/662 680/674/663 674/685/674
f 673/675/664 674/685/674 680/674/663
f 674/685/674 673/675/664 672/686/675
f 672/686/675 673/675/664 671/687/676
f 671/687/676 673/675/664 752/676/665
f 671/687/676 752/676/665 719/688/677
f 719/688/677 752/676/665 717/677/666
f 719/688/677 717/677/666 720/689/678
f 717/677/666 721/678/667 720/689/678
f 721/678/667 723/679/668 720/689/678
f 720/689/678 723/679/668 724/690/679
f 723/679/668 751/691/680 724/690/679
f 723/679/668 740/680/669 751/691/680
f 740/680/669 739/681/670 711/692/681
f 751/691/680 740/680/669 704/263/260
f 740/680/669 711/692/681 704/263/260
f 751/691/680 704/263/260 722/693/682
f 724/690/679 751/691/680 722/693/682
f 669/694/683 724/690/679 722/693/682
f 724/690/679 669/694/683 647/695/684
f 647/695/684 720/689/678 724/690/679
f 719/688/677 720/689/678 647/695/684
f 671/687/676 719/688/677 647/695/684
f 647/695/684 648/696/685 671/687/676
f 648/696/685 672/686/675 671/687/676
f 648/696/685 646/697/686 672/686/675
f 672/686/675 646/697/686 649/698/687
f 672/686/675 649/698/687 674/685/674
f 640/673/662 674/685/674 649/698/687
f 618/601/591 640/673/662 637/699/688
f 649/698/687 637/699/688 640/673/662
f 618/601/591 637/699/688 624/600/590
f 636/599/589 624/600/590 637/699/688
f 637/699/688 649/698/687 636/599/589
f 636/599/589 649/698/687 646/697/686
f 636/599/589 646/697/686 604/597/587
f 604/597/587 646/697/686 641/700/689
f 641/700/689 646/697/686 648/696/685
f 647/695/684 641/700/689 648/696/685
f 642/701/690 641/700/689 647/695/684
f 647/695/684 669/694/683 642/701/690
f 641/700/689 602/596/586 604/597/587
f 602/596/586 641/700/689 642/701/690
f 642/701/690 670/595/585 602/596/586
f 645/702/691 670/595/585 642/701/690
f 645/702/691 642/701/690 669/694/683
f 643/703/692 645/702/691 669/694/683
f 669/694/683 722/693/682 643/703/692
f 722/693/682 703/704/693 643/703/692
f 703/704/693 722/693/682 704/263/260
f 601/262/259 703/704/693 704/263/260
f 711/692/681 710/264/261 704/263/260
f 712/284/281 710/264/261 711/692/681
f 711/692/681 739/681/670 712/284/281
f 670/595/585 645/702/691 606/594/584
f 643/703/692 644/705/694 645/702/691
f 606/594/584 645/702/691 644/705/694
f 643/703/692 597/706/695 644/705/694
f 643/703/692 703/704/693 597/706/695
f 598/707/696 703/704/693 601/262/259
f 597/706/695 703/704/693 598/707/696
f 598/707/696 601/262/259 257/261/258
f 278/708/697 598/707/696 257/261/258
f 598/707/696 145/709/698 597/706/695
f 145/709/698 598/707/696 278/708/697
f 597/706/695 145/709/698 599/710/699
f 644/705/694 597/706/695 599/710/699
f 606/594/584 644/705/694 323/711/700
f 323/711/700 644/705/694 599/710/699
f 606/594/584 323/711/700 22/712/701
f 22/712/701 584/580/570 606/594/584
f 21/579/569 584/580/570 22/712/701
f 20/713/702 21/579/569 22/712/701
f 22/712/701 139/714/703 20/713/702
f 22/712/701 323/711/700 139/714/703
f 139/714/703 323/711/700 146/715/704
f 323/711/700 599/710/699 146/715/704
f 146/715/704 599/710/699 144/716/705
f 599/710/699 145/709/698 144/716/705
f 21/579/569 20/713/702 23/717/706
f 118/198/195 23/717/706 20/713/702
f 119/196/193 23/717/706 118/198/195
f 119/196/193 24/718/707 23/717/706
f 24/718/707 21/579/569 23/717/706
f 25/578/568 21/579/569 24/718/707
f 24/718/707 26/577/567 25/578/568
f 27/194/191 26/577/567 24/718/707
f 27/194/191 24/718/707 119/196/193
f 26/577/567 27/194/191 31/719/708
f 31/719/708 27/194/191 319/192/189
f 26/577/567 31/719/708 30/720/709
f 26/577/567 30/720/709 29/576/566
f 31/719/708 13/721/710 30/720/709
f 29/576/566 30/720/709 545/722/711
f 30/720/709 13/721/710 545/722/711
f 29/576/566 545/722/711 590/575/565
f 545/722/711 13/721/710 588/723/712
f 590/575/565 545/722/711 589/724/713
f 545/722/711 588/723/712 589/724/713
f 590/575/565 589/724/713 591/574/564
f 589/724/713 588/723/712 570/725/714
f 591/574/564 589/724/713 335/726/715
f 589/724/713 570/725/714 335/726/715
f 591/574/564 335/726/715 334/727/716
f 591/574/564 334/727/716 582/551/541
f 582/551/541 334/727/716 331/528/519
f 334/727/716 332/527/518 331/528/519
f 336/728/717 332/527/518 334/727/716
f 335/726/715 336/728/717 334/727/716
f 337/729/718 336/728/717 335/726/715
f 335/726/715 570/725/714 337/729/718
f 336/728/717 337/729/718 326/730/719
f 337/729/718 570/725/714 326/730/719
f 336/728/717 338/731/720 332/527/518
f 336/728/717 326/730/719 338/731/720
f 332/527/518 338/731/720 339/732/721
f 339/732/721 340/525/516 332/527/518
f 339/732/721 338/731/720 329/733/722
f 326/730/719 329/733/722 338/731/720
f 339/732/721 329/733/722 341/734/723
f 341/734/723 340/525/516 339/732/721
f 571/735/132 340/525/516 341/734/723
f 341/734/723 342/736/724 571/735/132
f 341/734/723 329/733/722 342/736/724
f 571/735/132 342/736/724 19/737/725
f 33/738/726 571/735/132 19/737/725
f 19/737/725 32/739/727 33/738/726
f 16/740/728 32/739/727 19/737/725
f 16/740/728 34/741/729 32/739/727
f 18/742/730 34/741/729 16/740/728
f 18/742/730 184/743/731 34/741/729
f 168/744/732 184/743/731 18/742/730
f 168/744/732 142/745/733 184/743/731
f 140/746/734 142/745/733 168/744/732
f 140/746/734 141/179/22 142/745/733
f 143/178/176 141/179/22 140/746/734
f 140/746/734 166/747/735 143/178/176
f 166/747/735 169/180/177 143/178/176
f 166/747/735 182/181/178 169/180/177
f 182/181/178 166/747/735 324/748/736
f 324/748/736 101/182/179 182/181/178
f 324/748/736 166/747/735 165/749/737
f 165/749/737 166/747/735 140/746/734
f 168/744/732 165/749/737 140/746/734
f 167/750/738 165/749/737 168/744/732
f 18/742/730 167/750/738 168/744/732
f 165/749/737 167/750/738 324/748/736
f 167/750/738 106/751/739 324/748/736
f 324/748/736 106/751/739 101/182/179
f 167/750/738 15/752/740 106/751/739
f 15/752/740 167/750/738 18/742/730
f 18/742/730 16/740/728 15/752/740
f 15/752/740 16/740/728 17/753/741
f 16/740/728 19/737/725 17/753/741
f 15/752/740 17/753/741 106/751/739
f 19/737/725 342/736/724 586/754/742
f 17/753/741 19/737/725 586/754/742
f 106/751/739 17/753/741 105/755/743
f 105/755/743 17/753/741 586/754/742
f 106/751/739 105/755/743 101/182/179
f 105/755/743 586/754/742 587/756/744
f 101/182/179 105/755/743 104/757/745
f 587/756/744 104/757/745 105/755/743
f 101/182/179 104/757/745 103/758/746
f 100/184/181 101/182/179 102/759/747
f 103/758/746 102/759/747 101/182/179
f 100/184/181 102/759/747 12/760/748
f 100/184/181 12/760/748 11/761/749
f 100/184/181 11/761/749 180/183/180
f 181/185/182 180/183/180 11/761/749
f 181/185/182 11/761/749 10/762/750
f 10/762/750 11/761/749 12/760/748
f 181/185/182 10/762/750 319/192/189
f 319/192/189 10/762/750 31/719/708
f 10/762/750 13/721/710 31/719/708
f 10/762/750 12/760/748 13/721/710
f 13/721/710 12/760/748 14/763/751
f 12/760/748 102/759/747 14/763/751
f 585/764/752 102/759/747 103/758/746
f 14/763/751 102/759/747 585/764/752
f 588/723/712 14/763/751 585/764/752
f 13/721/710 14/763/751 588/723/712
f 588/723/712 585/764/752 570/725/714
f 103/758/746 327/765/753 585/764/752
f 570/725/714 585/764/752 327/765/753
f 103/758/746 328/766/754 327/765/753
f 104/757/745 328/766/754 103/758/746
f 328/766/754 104/757/745 330/767/755
f 587/756/744 330/767/755 104/757/745
f 328/766/754 330/767/755 329/733/722
f 587/756/744 329/733/722 330/767/755
f 587/756/744 586/754/742 342/736/724
f 342/736/724 329/733/722 587/756/744
f 328/766/754 329/733/722 326/730/719
f 326/730/719 327/765/753 328/766/754
f 570/725/714 327/765/753 326/730/719
