# Blender 5.2.1 LTS
# www.blender.org
mtllib Rleg.mtl
o rleg
v 8.554167 -0.248146 0.190464
v 8.849344 -0.499214 0.122604
v 8.669522 -0.672249 0.611178
v 8.995236 -0.835116 0.499211
v 9.107200 -6.463840 2.002239
v 9.687379 -5.927761 1.656169
v 8.886664 -5.710624 1.096350
v 9.504164 -5.479914 0.980994
v 7.610952 -7.739543 -0.498289
v 8.320059 -6.816691 0.017427
v 7.247922 -6.660617 -1.400781
v 8.038453 -5.948123 -0.725611
v 8.574522 -4.482420 -0.189537
v 8.757739 -5.049017 0.662066
v 7.743276 -5.106693 -1.414351
v 8.350598 -3.267774 -1.054713
v 6.443815 -8.944007 -1.102210
v 6.728817 -11.037391 -0.091145
v 7.912922 -8.947399 0.322783
v 8.062204 -10.667578 1.008138
v 8.866308 -10.535254 1.927601
v 8.791670 -9.551340 1.958133
v 8.567741 -7.610617 0.848676
v 8.988454 -8.027941 1.954740
v 9.443093 -5.038836 0.733316
v 9.008809 -3.294917 1.126887
v 9.351484 -3.291519 0.957245
v 9.069880 -4.733483 1.333852
v 9.395590 -4.831876 1.177779
v 9.130950 -5.096518 1.598493
v 9.192021 -3.539206 1.985277
v 9.090236 -3.040457 1.591706
v 9.510950 -5.177959 1.347422
v 8.727202 -0.882617 0.824926
v 8.537204 0.369357 1.164207
v 8.442204 0.779881 1.001351
v 9.090236 -1.235464 0.699390
v 8.391312 0.946141 0.723141
v 9.514343 -2.809746 1.649382
v 9.616124 -3.237235 1.890274
v 9.344702 -4.163486 2.731700
v 9.975769 -3.735995 2.667238
v 9.290415 -5.354380 2.273668
v 8.818808 1.268458 1.500101
v 8.890058 0.993641 1.629025
v 8.309882 1.149714 1.802062
v 8.957913 0.637391 1.259209
v 8.856131 0.935969 1.147244
v 8.869700 -1.425465 1.330459
v 8.096129 1.919896 1.323672
v 8.723809 1.550062 1.245636
v 8.757739 1.163287 0.923316
v 9.358271 -1.299925 1.506887
v 9.341308 -1.133680 1.914028
v 8.845951 -1.170999 2.171885
v 9.052917 -1.262602 0.166710
v 9.175055 -1.591707 0.322783
v 8.608453 -1.645992 0.163317
v 9.358271 -3.484926 0.529744
v 8.818808 -0.967435 -0.131861
v 8.757739 -3.742779 0.444925
v 8.577917 -1.415281 -0.369359
v 9.521126 -2.562075 2.080276
v 9.595768 -2.942064 2.256705
v 9.130949 -2.775820 2.375454
v 9.955413 -3.322055 2.843667
v 9.225951 -3.199917 3.132057
v 9.673805 -5.500272 1.819028
v 8.584703 2.120057 1.089568
v 8.842557 1.170067 0.594207
v 8.954519 -0.139578 -0.064005
v 8.954519 -1.221889 -0.613644
v 10.158981 -3.776707 4.316163
v 11.187016 -3.749569 4.082058
v 9.215772 -3.868314 5.035443
v 11.000409 -6.114385 3.037059
v 11.024158 -4.879376 3.685094
v 10.036839 -6.236521 3.552771
v 9.605948 -6.121168 4.126164
v 9.500770 -7.383299 3.844556
v 10.688265 -7.824377 2.453490
v 9.952021 -6.860795 3.355986
v 10.803622 -7.278123 2.517953
v 10.237018 -4.417956 3.980268
v 9.521127 -5.049018 4.529910
v 9.002023 -1.584920 3.417055
v 8.537204 0.050421 3.763126
v 9.005417 -2.616356 5.283122
v 8.598272 -1.418676 5.483300
v 11.003801 -2.294032 5.072767
v 11.220942 -2.453488 4.733483
v 11.845228 -2.378851 5.059194
v 11.526298 -1.513676 5.167766
v 4.995070 5.231296 5.944726
v 4.971320 4.508624 6.494370
v 4.133289 5.716485 6.779367
v 11.231124 -2.694395 4.550267
v 6.684710 -7.122052 -2.435603
v 5.134179 -7.390086 -2.981849
v 3.766862 -7.620796 -3.287206
v 1.527582 -7.848120 -3.636671
v -0.918659 -7.719179 -3.870776
v -3.025617 -7.614007 -3.863989
v -10.238805 -5.344202 -1.282032
v -7.402387 -5.870083 -3.205781
v -8.735774 -4.943844 -3.032743
v -12.718973 -4.628312 4.217770
v -13.027723 -4.326346 4.102414
v -12.607011 -3.847950 5.591868
v -12.827544 -4.937056 2.355097
v -12.590047 -5.870085 2.602775
v -12.193082 -5.242423 0.953852
v -12.827544 -4.937056 2.355097
v -12.009870 -6.209383 1.489924
v -12.590047 -5.870085 2.602775
v -11.578978 -5.391697 0.092067
v -10.913981 -6.490981 0.088674
v -9.400772 -6.453657 -1.173464
v -7.456670 -7.359552 -2.011497
v -5.163107 -6.959195 -3.534881
v -5.370073 -7.668296 -2.866493
v -3.073116 -7.919375 -3.368632
v -1.003479 -7.990620 -3.531487
v 1.480083 -7.960090 -3.324527
v 3.634540 -7.783664 -2.907207
v 4.944180 -7.566507 -2.554348
v 6.240246 -7.237405 -2.028460
v 7.794168 -6.704720 -1.702744
v 8.292915 -5.015090 -1.712925
v 8.689878 -3.128671 -1.288818
v 8.089347 3.551848 1.937778
v 7.624526 3.253280 2.151526
v 7.180063 5.058263 3.108308
v 6.884885 4.352548 3.288131
v 6.301316 6.120221 4.160090
v 6.063818 5.309339 4.339913
v 4.886501 6.764871 4.652054
v 4.961143 5.923436 5.374727
v 4.119716 7.239865 5.445981
v 4.170609 6.306842 6.192405
v 2.820256 7.731830 6.358653
v 2.820256 6.887002 6.952403
v 1.374907 8.142365 6.982940
v 1.290085 7.192374 7.512222
v -0.738837 8.166121 7.451148
v -0.796513 7.192374 7.915968
v -2.469187 8.111827 7.535972
v -2.554010 7.005767 7.973649
v -4.226681 7.752175 7.464722
v -4.097755 6.486661 7.960075
v -5.760245 7.236476 7.271330
v -5.655070 5.842010 7.834544
v -7.358280 6.367908 6.989723
v -7.008812 5.129506 7.715790
v -8.752737 4.213450 7.457935
v -8.332024 3.633273 7.851505
v -9.193807 2.106498 7.810793
v -9.587378 2.537385 7.753114
v -10.072554 0.610244 7.807400
v -9.102201 1.797748 8.119540
v -7.901134 3.171838 8.129721
v -6.812027 4.179517 8.133110
v -5.309000 4.976834 8.167041
v -3.999359 5.655402 8.309539
v -2.547224 6.076108 8.360433
v -0.698124 6.327201 8.241684
v 1.395263 6.445939 8.048292
v 5.473463 5.380584 6.229724
v 6.881495 4.644345 5.466337
v 6.236854 3.382195 5.971869
v 8.058810 3.894519 4.930264
v 2.986508 6.130416 7.318826
v 7.098637 2.228629 5.612229
v 7.098637 2.615413 5.018481
v 8.177564 2.259168 5.255978
v 6.152034 4.576478 4.981161
v 7.831487 1.621306 4.272053
v 7.780599 0.688272 5.517225
v 8.432024 0.966496 5.415443
v 10.006302 -0.794388 5.357763
v 7.736493 2.581481 2.992953
v 8.818808 2.255774 5.133836
v 8.879881 3.215949 4.577410
v 8.879881 2.360955 4.825089
v 8.805238 1.322741 5.357763
v 9.035954 1.400775 5.632586
v 9.046129 2.381299 5.286515
v 9.368446 2.642558 5.171159
v 9.541487 0.712026 5.391694
v 10.328628 0.138644 5.367940
v 10.952909 -0.604388 5.286515
v 7.027387 3.585784 3.976874
v 9.290415 -11.783821 3.121877
v 8.248809 -11.946673 1.595100
v 9.297202 -10.131506 3.132057
v 9.405774 -8.770979 3.403485
v 1.544545 -9.212040 -2.581491
v -0.806697 -8.950795 -2.757916
v -2.950970 -8.804909 -2.835957
v -4.925606 -8.631865 -2.445780
v 1.788830 -10.453834 -2.042033
v -0.711694 -10.219721 -2.503460
v -2.845795 -10.131504 -2.489886
v -4.569359 -10.138285 -2.153995
v -6.448997 -9.989005 -1.434707
v -7.097029 -8.380791 -1.611139
v 3.665076 -8.957580 -2.235421
v 3.973824 -10.698117 -1.421138
v 5.035786 -8.906689 -1.811315
v 5.354713 -10.816862 -0.946141
v 4.129896 -11.892385 -0.773107
v 2.084012 -11.451322 -1.427924
v -0.199375 -11.207033 -1.835064
v -2.313115 -11.152743 -1.862207
v -4.219895 -11.183283 -1.597569
v -6.048640 -11.027214 -1.092034
v -5.614358 -12.747388 -0.237037
v -4.063827 -12.594707 -0.776500
v -2.007761 -12.577746 -1.030964
v 0.133126 -12.665962 -0.983465
v 2.240081 -13.066324 -0.576321
v 4.204540 -13.602386 0.051354
v 5.514179 -12.380962 -0.189537
v 5.850070 -14.284348 0.668853
v 6.918815 -12.411501 0.404212
v 7.356492 -14.196136 1.364385
v 9.147917 -12.598101 2.992952
v 8.452381 -13.639707 2.358490
v 10.406659 -9.042400 2.612951
v 9.999519 -10.806681 2.840273
v 11.794332 -9.276507 3.070989
v 11.444871 -10.759181 3.250806
v 12.092905 -7.997412 2.918310
v 12.564509 -8.150087 3.461165
v 12.120047 -10.402938 3.725807
v -3.931504 -13.921317 -0.162395
v -5.298820 -14.101137 0.295639
v -1.804189 -13.965425 -0.437215
v 0.177233 -14.202925 -0.311680
v 2.487758 -14.674519 0.125997
v 4.167216 -15.213987 0.651891
v 5.850070 -15.875601 1.364385
v 9.741660 -11.997567 2.996346
v 10.566126 -11.342758 2.867416
v 2.345260 -15.353096 0.044567
v 0.061873 -14.850959 -0.362573
v -2.275796 -14.725425 -0.552571
v -4.067220 -15.122385 -0.009715
v -5.532928 -15.325949 0.522961
v -7.232742 -15.325949 1.249029
v -7.117386 -14.179170 1.069211
v -7.232742 -12.937383 0.516174
v -7.765421 -11.223999 -0.179358
v -8.308274 -9.500427 -0.572931
v -8.606845 -7.759900 -0.912211
v -8.606846 -15.139350 1.927601
v -8.640776 -14.029891 1.690099
v -8.966486 -12.818633 1.143850
v -9.370236 -11.305440 0.828319
v -9.787557 -9.510619 0.546711
v -10.354163 -7.780273 0.271889
v -9.444880 -14.864532 2.385634
v -9.475412 -13.860244 2.239741
v -10.181127 -12.479354 2.056526
v -10.601840 -11.125607 1.944563
v -11.012376 -9.510619 1.832597
v -11.646833 -7.647935 1.846167
v -10.835947 -13.605774 2.996346
v -11.419513 -12.153645 3.026882
v -11.826655 -10.603117 3.037057
v -12.165941 -8.882944 2.840273
v -12.332190 -7.454544 2.697774
v -8.902023 -1.035290 9.412212
v -9.560237 -2.212606 9.517393
v -9.108989 -0.797780 9.592036
v -9.852019 -2.171890 9.693818
v -9.326130 -2.490807 9.724359
v -10.187914 -4.109206 9.955070
v 8.934164 2.707034 6.697941
v 8.591491 2.544168 6.613119
v 7.258099 3.053098 7.607221
v 7.105420 2.900426 7.474897
v 6.168998 3.246490 8.133110
v 6.097744 3.032735 7.990615
v 6.905241 1.003820 8.614897
v 5.962032 1.302384 9.106859
v 8.527023 1.841859 6.898116
v 7.590597 0.705236 8.197577
v 5.700780 4.182910 8.312932
v 5.537929 3.975944 8.173826
v 4.682932 4.495051 8.723469
v 4.557393 4.288085 8.591146
v 4.676146 3.103986 8.757396
v 12.866472 -2.969208 5.914189
v 12.649330 -3.013310 6.585975
v 12.337189 -2.813140 6.772580
v 12.676477 -2.677429 6.222937
v 12.425402 -3.281344 6.955796
v 12.069158 -3.108311 7.125438
v 12.669690 -7.658117 3.562948
v 12.208260 -7.440980 2.999739
v 0.126340 -3.288130 14.236840
v 0.190803 -5.093122 14.979875
v -0.749014 -3.600282 13.982375
v -0.647232 -5.544380 14.518450
v -1.003479 -3.098130 13.459880
v -0.966155 -2.484027 13.466667
v 1.327403 -3.009918 13.408983
v 1.008480 -5.554562 14.548981
v 1.076336 -3.552782 13.965412
v 1.222228 -2.453488 13.503986
v -1.648116 -2.395817 13.107023
v 0.163659 -2.202425 13.812733
v 1.293478 -1.914033 13.649879
v 2.257047 -2.334743 13.012023
v -0.776157 -0.455114 13.144341
v -1.437762 0.389708 12.479347
v -0.772763 0.922394 12.255419
v 0.102590 0.423635 12.706665
v 0.211159 -1.276181 13.558271
v -0.922049 -1.890288 13.639702
v -1.475085 -1.377966 13.354700
v 1.140799 -0.370291 13.107023
v 1.944902 -1.225285 13.300415
v 1.117049 0.966496 12.224882
v 1.832940 0.396497 12.475954
v -1.838119 0.633992 11.570065
v -1.369906 1.003819 11.393635
v -3.337758 0.667918 11.291853
v 2.226507 0.596673 11.597206
v 1.782047 1.007212 11.376673
v 3.057758 2.137027 10.280784
v 3.641327 0.620419 11.254530
v 2.650614 -0.221006 11.983990
v 4.611680 -0.811354 11.777030
v 2.749010 -0.780814 12.248632
v -2.482757 2.133628 10.460602
v -4.216505 1.064893 10.711674
v 4.482754 0.807026 10.833816
v 4.367394 1.543277 10.273997
v -0.063659 2.649333 10.365604
v -0.796513 1.336314 11.196850
v 0.092410 1.461848 11.152744
v 2.063656 2.608628 10.148461
v 1.011873 1.346485 11.203636
v -2.262222 -0.363506 12.082383
v -2.391155 -1.021721 12.363992
v -4.040076 -0.543324 11.885598
v -3.826324 -2.032788 12.628633
v 0.105983 1.193814 12.078990
v -2.153653 -1.802077 12.767738
v -1.699014 -0.597604 12.998453
v 2.715080 -1.489921 12.584526
v 4.584536 -2.609571 12.655776
v 2.097581 -0.414398 12.910237
v -3.487044 -3.545996 13.364876
v -2.255440 -5.123666 14.213091
v 1.737941 -9.812586 16.184330
v 0.180622 -8.920263 15.984152
v 2.022943 -7.447765 15.285230
v 0.726876 -7.064378 15.207198
v 2.945796 -3.864918 13.609161
v 2.949185 -6.009189 14.535412
v -1.760083 -7.756509 15.417551
v 0.197589 -6.806511 15.529513
v -2.048474 -7.980441 15.129156
v -4.172399 -7.098305 14.477731
v -2.435262 -5.361170 13.965412
v -3.639722 -5.507062 13.931487
v -5.702570 -4.872593 13.018809
v -3.666862 -3.742781 13.161308
v -5.485428 -3.203310 12.448811
v -2.727042 2.137027 10.168822
v -4.420073 1.047922 10.436856
v -4.114719 2.377923 9.883820
v -2.163834 3.382195 9.710785
v -4.233468 -0.709570 11.712563
v -5.437929 -0.743496 11.329173
v -5.363286 1.353274 9.938107
v -5.268286 -2.358488 12.184169
v -3.995970 -2.209214 12.458990
v 4.462398 -3.932771 13.300415
v 4.665966 -4.197417 12.998453
v 3.050971 -6.351875 14.318271
v 2.172224 -7.746328 15.000233
v 1.917759 -9.995796 15.892548
v 4.184179 -8.367225 14.891659
v 4.075611 -10.033114 15.519335
v 4.414898 -6.677585 14.155411
v 4.788108 -1.106540 11.549707
v 4.727038 0.481316 10.657391
v 4.777928 -2.931885 12.394524
v -0.212948 3.758813 9.632748
v 1.707404 3.772386 9.432570
v 4.553999 1.512743 9.897389
v 3.152756 2.679889 9.595429
v 3.312219 3.762204 9.066142
v 10.671301 -2.290635 7.936325
v 10.226837 -0.360114 7.407043
v 11.597550 -0.380467 6.575795
v 11.841836 -1.981895 7.010078
v 10.430409 -8.024549 9.944893
v 11.119159 -8.567396 9.402038
v 9.918091 -9.313826 10.732031
v 9.616125 -7.871878 10.579350
v 3.095077 6.340758 7.675077
v 4.459004 6.103253 7.247581
v 5.917922 5.679156 6.613119
v 7.315779 4.939506 5.846334
v 8.632202 4.070945 5.252584
v 9.527913 3.304160 4.954018
v 9.073273 3.351657 6.477407
v 8.608453 0.026670 8.027935
v 9.768804 1.136138 6.755617
v 8.828988 -7.868485 11.434348
v 8.689879 -9.585267 12.133277
v 9.337914 -1.846181 8.564004
v 8.401487 -1.211711 9.028824
v 8.679702 -2.602792 9.520786
v 9.500770 -3.121884 8.991501
v 8.828988 -4.282235 10.097569
v 9.680592 -4.604563 9.439356
v 10.511839 -6.514731 9.446143
v 9.697556 -6.321339 10.019535
v 10.644156 -4.838665 8.825251
v 10.749339 0.457571 6.680975
v 12.232012 -1.442421 6.423117
v 7.325955 -0.102261 9.388464
v 7.702562 -1.903862 10.226497
v 10.715410 -3.495104 8.329895
v 11.896118 -4.037952 7.515615
v 12.330404 -2.517954 5.296690
v 11.906300 -1.381358 5.483300
v 11.326119 -0.427967 5.581692
v 10.518624 0.396497 5.646155
v 9.700949 0.963104 5.632586
v 12.588259 -2.857247 5.133836
v 12.612009 -3.098129 4.906515
v 12.581472 -4.020991 4.499374
v 12.937724 -4.221163 5.059194
v 12.910580 -3.199918 5.466337
v 12.873259 -3.600281 5.931156
v 12.757901 -4.166879 6.433297
v 12.897011 -4.960804 5.669905
v 12.917366 -5.293307 4.641873
v 12.493261 -5.317062 3.922592
v 12.394867 -6.300987 3.508666
v 12.652722 -4.957412 6.765797
v 12.330404 -4.088844 7.315436
v 12.937724 -5.849732 5.676692
v 12.937724 -6.199203 4.872588
v 12.822364 -6.406159 4.099021
v 7.780599 -3.742780 11.033995
v 11.706121 -5.211882 8.014365
v 12.126834 -5.279744 7.817580
v 12.910580 -8.445259 4.764019
v 12.961474 -7.220447 4.760626
v 12.635759 -6.090630 7.016865
v 13.022543 -6.877766 5.775084
v 13.076829 -8.000804 5.965082
v 11.655227 -8.804911 9.232391
v 11.899513 -7.044025 8.526680
v 11.448266 -6.860795 8.686146
v 6.172391 0.203107 9.985606
v 6.358993 -1.523848 10.955959
v 6.433638 -3.335629 11.787205
v 1.646335 4.752904 9.415607
v 3.356328 4.573085 9.015250
v -0.355443 4.685050 9.629354
v -2.228296 4.369512 9.670072
v -3.453113 3.894519 9.585250
v -4.620252 3.372014 9.575073
v -5.787389 2.605235 9.520787
v -5.132571 -5.632591 13.554878
v -6.812027 1.682375 9.456320
v -6.309888 0.695060 9.890603
v -6.418457 -0.774030 10.847389
v -7.341314 -0.343143 9.860070
v -7.802740 0.579707 9.398644
v -8.158989 -1.785107 10.063642
v -6.638992 -1.561176 11.186669
v -9.054703 -5.931154 12.190956
v -9.061489 -6.864192 12.509880
v -9.261664 -5.856517 10.986494
v -9.207377 -7.681862 11.617563
v -7.904528 -5.608841 12.648989
v -7.867205 -6.772585 13.083273
v -7.850241 -7.736152 12.632026
v -7.890954 -5.140622 11.695600
v -9.237914 -4.272054 10.440247
v -7.924884 -4.305996 11.376673
v -6.601673 -4.865804 12.547203
v -6.608460 -3.830997 12.177382
v -7.992744 -2.168498 11.295242
v -9.108989 -2.460278 10.898283
v -6.557567 -2.009033 11.101851
v -9.102201 -3.406883 11.295242
v -7.948634 -3.274565 11.800778
v -6.591493 -3.586707 11.766849
v -5.773819 -3.250811 11.821135
v -6.788282 -2.674037 11.749887
v -5.560067 -6.602948 13.198631
v -6.499891 -7.071163 13.066309
v -6.601673 -6.019370 13.056129
v -11.232907 -5.588488 9.941500
v -5.699176 -5.520625 12.696489
v -5.261499 -5.968477 13.059523
v -6.506674 -5.371351 12.380954
v -5.865425 -2.178670 11.349529
v -5.787389 -1.707078 11.678637
v -5.482035 -2.636719 11.698994
v -11.083624 -8.038122 10.681137
v -5.366680 -6.565629 13.822914
v -6.543997 -7.254373 13.497200
v 8.849344 -6.141521 10.803279
v 7.699169 -9.045797 13.222382
v 7.794168 -7.359554 12.520061
v 7.834882 -5.571517 11.770243
v 6.318279 -6.955810 13.425953
v 6.199534 -8.723479 14.165590
v 6.389533 -5.171170 12.638809
v -11.453444 -2.833491 9.147573
v -10.472911 -1.791896 9.347751
v -10.398269 -3.966706 10.029712
v -11.409336 -5.004910 9.904177
v 3.397041 4.715590 9.167929
v 3.437755 5.244868 9.127216
v 4.764359 5.428094 8.594537
v -9.580593 -0.482250 9.371501
v -6.917211 1.906320 9.666678
v -7.334531 2.384692 9.514000
v -5.875605 2.815593 9.727753
v -6.265782 3.338098 9.585250
v -3.510793 4.094693 9.809178
v -3.741504 4.664693 9.724359
v -2.255439 4.495051 9.815965
v -2.357225 5.095590 9.751502
v 1.656511 4.902198 9.575073
v -0.426696 4.837737 9.785428
v 1.649728 5.380584 9.497032
v -0.487765 5.377192 9.710785
v -4.708467 3.575603 9.782035
v -5.010428 4.108268 9.673462
v -7.979171 0.813811 9.605604
v -8.423633 1.203997 9.419001
v -12.159155 -6.087236 9.442750
v -11.857191 -6.392585 9.551323
v -12.396655 -7.234015 9.500426
v -12.023440 -7.437589 9.639535
v -11.952190 -9.164541 10.111138
v -12.352548 -9.215434 10.016143
v -12.162548 -11.593822 10.535245
v -11.762191 -11.454714 10.677748
v -12.854688 -9.493645 9.283284
v -12.735937 -11.732929 9.748108
v -12.400045 -3.624029 8.424898
v -13.102365 -4.346710 7.532578
v -12.081120 -2.911530 7.318826
v -12.440761 -3.400093 6.643651
v -5.278463 4.664693 9.303645
v -6.625422 3.847028 9.188286
v -13.132900 -12.167217 8.231506
v -13.322899 -10.128114 7.841330
v -13.607899 -4.977768 6.287404
v -13.818254 -5.503669 4.682587
v -13.733435 -7.617406 4.234732
v -13.594327 -9.093296 4.465445
v -13.584148 -7.834558 3.386518
v -13.373791 -9.218825 3.525628
v -10.055591 -0.183687 8.889718
v -10.866482 -1.530636 8.889717
v -13.278793 -12.492928 6.650438
v -13.509506 -10.514907 6.246687
v -13.733435 -6.457055 3.281343
v -13.733435 -7.169554 5.496869
v -7.731491 2.886853 9.106860
v -13.109151 -10.816862 3.719019
v -13.404330 -10.728646 4.682586
v 7.787381 4.379693 7.132224
v 6.430246 4.970050 7.827756
v -13.648615 -8.804910 5.853121
v -11.528086 -2.154923 7.932936
v -10.829161 -1.038681 7.943112
v -8.881666 1.553453 8.981324
v -3.941684 5.251653 9.371502
v -2.455618 5.668975 9.395251
v -13.512898 -6.721692 6.969366
v -13.424686 -8.312941 7.454542
v -13.112544 -12.638815 4.977767
v -12.790226 -6.270447 8.631859
v -12.885223 -7.736152 8.842214
v 1.602228 5.970941 9.147573
v -0.545446 5.960765 9.330789
v -12.769868 -12.594707 3.915805
v 3.410611 5.845401 8.770966
v -12.512008 -13.371676 9.846497
v -12.332190 -7.454544 2.697774
v -12.165941 -8.882944 2.840273
v -11.921657 -12.682918 10.518282
v -11.826655 -10.603117 3.037057
v -11.419513 -12.153645 3.026882
v -10.835947 -13.605774 2.996346
v -12.193082 -14.097744 3.888662
v 6.216497 -10.467407 14.772909
v 7.560064 -10.972927 14.006124
v 8.618633 -11.787214 12.896667
v 9.538094 -11.224000 11.437741
v 10.399877 -9.547943 10.647211
v 10.145412 -11.352940 11.285067
v 11.407553 -10.392761 9.839713
v -10.690053 -10.677754 11.610777
v -9.136132 -10.094177 12.418274
v -7.724704 -9.900795 13.429343
v -4.128293 -8.618293 15.098625
v -6.489710 -9.432571 14.328447
v -8.491490 -12.733816 13.660059
v -10.425412 -12.285962 12.140063
v 0.061873 -16.106312 -0.237037
v -2.245260 -16.058811 -0.430429
v -4.074007 -16.001129 0.119210
v -5.580428 -16.197914 0.763853
v -3.154543 -25.823418 1.978491
v -3.246152 -25.568953 2.545096
v -3.683829 -26.807343 2.456884
v -3.816148 -26.627520 3.060809
v -3.493827 -27.889660 2.989560
v -3.612576 -27.791267 3.630805
v -2.116334 -25.026106 2.280455
v -0.928836 -25.490917 1.815636
v -0.860980 -25.212704 2.372061
v -2.099367 -25.317879 1.730816
v -0.097589 -26.274666 2.199026
v 0.034730 -26.054129 2.782598
v 0.082233 -27.360376 2.728308
v 0.228121 -27.221273 3.352593
v -0.453840 -28.337511 3.206701
v -0.348661 -28.269659 3.864917
v -1.502229 -28.832874 3.450986
v -1.471692 -28.805725 4.126165
v 5.100253 -26.132168 13.317383
v 5.012037 -25.697880 14.677911
v 5.812747 -25.056635 14.192736
v 4.757572 -26.213593 13.850058
v -2.716866 -28.622517 4.037949
v -2.659186 -28.663227 3.366163
v -3.880614 -30.729473 5.507051
v -2.509901 -31.146790 5.703835
v -5.047753 -29.938940 5.137230
v 0.299375 -30.726082 5.507051
v 1.463119 -29.932154 5.137230
v 2.311330 -28.843056 4.624911
v 2.769366 -26.206810 3.393306
v 2.328297 -24.914131 2.792775
v 1.483476 -23.811460 2.277062
v -2.523474 -22.579855 1.703673
v -3.907757 -23.007359 1.903848
v -5.919712 -24.917522 2.796168
v -6.357388 -26.210201 3.396699
v -6.347213 -27.563950 4.027768
v -5.047753 -27.977875 16.255587
v -3.208829 -25.918419 16.964691
v -3.880614 -28.849838 16.177546
v 0.299375 -28.846447 16.177546
v -0.908480 -26.291634 16.937550
v 1.463119 -27.974487 16.255587
v 2.769366 -23.875927 16.615227
v 0.156872 -24.140572 17.127546
v 2.328297 -22.454321 16.740763
v -2.089187 -26.373058 17.487186
v -3.147756 -25.816639 17.534685
v -1.773657 -24.160927 19.505932
v -3.510794 -23.506104 17.734867
v -3.690612 -24.724140 17.629684
v -3.588826 -23.529854 17.175045
v -3.772042 -24.788597 17.063080
v -1.824546 -27.451984 0.777423
v -2.672760 -22.627354 17.812901
v -1.488659 -22.430576 17.829865
v -0.426697 -22.997177 17.785759
v 0.112766 -24.096466 17.687366
v -1.067945 -22.579855 1.703673
v 6.196141 -25.419674 12.231670
v 5.415782 -26.793770 10.314711
v 6.304709 -25.860746 10.151855
v 3.240969 -27.764120 15.200410
v 2.589544 -29.328232 14.386127
v 2.172224 -29.100903 15.359873
v 6.029888 -24.680033 13.419168
v 6.277566 -24.893776 12.133278
v 6.328459 -25.307697 10.036499
v -9.051310 -24.082891 13.558273
v -8.854525 -25.260204 13.683809
v -8.837562 -25.670736 13.347914
v -8.874885 -24.252529 14.145235
v -9.159883 -25.803066 11.875420
v -9.492379 -24.608778 9.955070
v -9.366843 -24.283068 11.861850
v -9.258271 -26.101627 10.192573
v -7.378638 -27.733585 15.305586
v -8.345598 -26.712343 14.040056
v -8.186136 -26.254314 15.095231
v -7.762028 -28.049126 14.399695
v -8.311668 -25.820030 13.252916
v -7.816314 -26.121990 15.047731
v -9.149702 -24.004852 11.797386
v -8.688276 -23.831818 13.534523
v -8.705238 -24.686813 14.538805
v -8.413458 -23.977711 14.213092
v -8.158990 -24.391636 14.589701
v -9.329524 -24.357710 9.877033
v -8.460954 -26.223774 14.267374
v 1.205265 -30.308754 14.484516
v 0.825264 -30.013577 15.465052
v 2.579364 -26.976978 16.011299
v 4.095967 -26.179663 15.434515
v 3.061147 -25.473953 16.133440
v -6.499891 -29.416441 14.579519
v -6.204710 -29.070374 15.478622
v -4.752575 -30.359650 14.627019
v -4.589719 -30.016972 15.526123
v 4.163823 -27.862513 5.225446
v 2.599721 -28.876980 5.025268
v 3.237576 -29.372337 6.049906
v 3.061147 -27.543591 4.397589
v -0.606519 -30.868580 14.548983
v -0.830447 -30.522507 15.492196
v -2.723649 -30.532681 15.512551
v -2.632047 -30.888931 14.596481
v 4.262219 -26.790377 14.026484
v 4.095967 -26.179663 15.434515
v 5.028999 -27.251808 5.825978
v 5.100253 -27.200911 7.267938
v 5.870427 -26.427349 6.073656
v 4.757572 -27.458763 6.792937
v 6.196141 -26.159309 8.041509
v 2.589544 -30.570007 7.356153
v 2.168830 -30.681973 6.362047
v 6.080781 -25.809849 6.826868
v 6.196141 -25.660561 7.997398
v -9.051310 -25.358601 6.341690
v -8.840955 -26.539303 6.640259
v -8.888454 -25.691099 5.870084
v -8.837562 -26.786991 7.088115
v -0.077233 -25.314487 17.582184
v -0.918660 -26.179663 17.504150
v -2.116334 -26.491804 16.917191
v -2.720259 -22.620565 17.253078
v -1.498835 -22.417004 17.273438
v -0.396160 -23.000576 17.225937
v -0.039913 -25.395920 17.015581
v -1.067945 -19.889328 16.964691
v -2.523474 -19.889328 16.964691
v -2.557404 -31.363937 6.148298
v -4.016327 -30.919472 5.948120
v -1.023839 -31.360546 6.148298
v -1.071339 -31.143394 5.703835
v 0.431693 -30.919472 5.944726
v 1.673474 -30.074650 5.557942
v 2.599721 -28.876980 5.025268
v 3.061147 -27.543591 4.397589
v 2.762579 -27.557165 4.027768
v 3.071327 -26.098236 3.735984
v 2.603114 -24.720749 3.104916
v 1.700617 -23.543423 2.565456
v 0.452050 -22.685036 2.171886
v 0.312945 -23.003967 1.900455
v -1.020446 -22.233782 1.964921
v -2.574367 -22.233782 1.968314
v -4.046860 -22.688427 2.175276
v -5.078285 -23.814854 2.280455
v -5.292037 -23.546814 2.568846
v -6.194533 -24.727528 3.104916
v -6.659349 -26.105021 3.739377
v -6.649173 -27.550377 4.400982
v -5.895962 -28.846447 4.628304
v -6.167390 -28.917692 5.028662
v -5.258107 -30.078045 5.561332
v -1.071339 -29.304476 16.136835
v 2.762579 -25.361992 16.486298
v 0.312945 -20.354153 16.923977
v -5.919712 -22.461109 16.740763
v -5.078285 -21.246471 16.845940
v -5.895962 -26.780205 16.360760
v -6.357388 -23.879318 16.615227
v -2.509901 -29.304476 16.136835
v -4.016327 -29.178936 15.831480
v -2.557404 -29.660721 15.790762
v -1.023839 -29.660721 15.790762
v 0.431693 -29.175545 15.831480
v 1.673474 -28.249296 15.906122
v 2.579364 -26.976978 16.011299
v 2.311330 -26.773417 16.360760
v 3.061147 -25.473953 16.133440
v 3.071327 -23.892887 16.258980
v 2.603114 -22.379684 16.381119
v 1.700617 -21.090399 16.486298
v 1.483476 -21.239683 16.845940
v 0.452050 -20.147192 16.560942
v -1.020446 -19.651829 16.598259
v -2.574367 -19.651829 16.598259
v -4.046860 -20.150578 16.560942
v -3.907757 -20.357544 16.923977
v -5.292037 -21.093792 16.482906
v -6.194533 -22.386473 16.381119
v -6.659349 -23.896278 16.258980
v -6.649173 -25.480743 16.130051
v -6.347213 -25.368782 16.482906
v -6.167390 -26.980377 16.011299
v -5.258107 -28.256084 15.906122
v -9.159883 -26.396805 8.509718
v -9.370236 -24.961639 7.997398
v -8.186136 -27.920193 5.639373
v -7.762028 -29.372337 6.908297
v -7.378638 -29.382515 5.948120
v -8.399880 -27.906620 6.782761
v -8.243813 -26.909126 7.230615
v -7.816314 -27.781086 5.639373
v -9.159883 -24.676640 7.960075
v -8.688276 -25.121096 6.267048
v -8.182743 -25.942173 5.520619
v -8.705238 -26.257706 5.625799
v -8.443991 -25.450207 5.751334
v -8.491490 -27.513046 6.402760
v 1.205265 -31.523403 7.597045
v 0.825264 -31.574299 6.575796
v 4.143466 -23.719852 2.456884
v -6.499891 -30.719296 7.203475
v -6.204710 -30.702328 6.243295
v -4.752575 -31.621796 7.481685
v -4.589719 -31.604828 6.518119
v -0.606519 -32.069645 7.729363
v -0.833837 -32.066254 6.725081
v -2.727042 -32.083218 6.704724
v -2.632047 -32.106972 7.692040
v 4.262219 -28.059307 6.826868
v 4.163823 -27.862513 5.225446
v -8.630600 -27.984659 7.413830
v -8.494884 -28.826080 7.206868
v -7.877385 -27.774302 7.020259
v -8.030064 -26.573231 12.184170
v -8.040244 -27.228058 8.482574
v -8.050421 -27.418053 7.315436
v -7.860422 -26.586803 13.744879
v -8.454171 -27.638592 13.928093
v -8.593272 -26.922707 13.442918
v -8.033458 -26.352701 13.341127
v -8.623813 -28.659836 12.513275
v -8.437204 -28.313763 11.790600
v -8.790057 -27.906620 12.428455
v -8.152206 -29.372337 12.078991
v -8.155596 -29.816799 9.537750
v -8.450778 -28.727688 9.449537
v -8.267562 -27.458763 11.614171
v -8.586490 -27.136456 12.282563
v -8.281136 -27.862513 9.320608
v -8.033458 -29.050011 13.816128
v -6.978281 -29.219652 13.870415
v -7.860422 -28.690369 14.114698
v -6.642386 -28.693760 14.114698
v -8.630600 -29.541975 7.688650
v -8.823988 -28.561443 8.709896
v -8.650956 -29.301083 8.886325
v -8.840955 -28.765015 7.552938
v -6.995244 -30.281616 7.780257
v -8.050421 -30.111973 7.790437
v -8.613633 -27.791267 8.580967
v -8.589883 -28.476624 13.717736
v -8.793451 -27.699665 13.578629
v -7.877385 -29.877867 7.393473
v -6.642386 -29.877867 7.393473
v 0.774371 -30.037333 13.883988
v 1.459726 -30.946613 8.044897
v 0.774371 -31.065365 8.065254
v 1.459726 -29.921972 13.863632
v 2.311330 -30.122150 7.899005
v 2.311330 -29.094118 13.717736
v 4.431861 -27.010916 7.349367
v 4.431861 -25.982883 13.168093
v 4.262219 -26.790377 14.026484
v 4.262219 -28.059307 6.826868
v 5.100253 -27.200911 7.267938
v 5.415782 -26.793770 10.314711
v 5.100253 -26.132168 13.317383
v 4.757572 -26.213593 13.850058
v 1.673474 -30.074650 5.557942
v 0.431693 -30.919472 5.944726
v 4.757572 -27.458763 6.792937
v -6.109711 -30.227333 7.688650
v -6.096141 -29.134829 13.941664
v 1.673474 -28.249296 15.906122
v 0.431693 -29.175545 15.831480
v -1.023839 -29.660721 15.790762
v -2.557404 -29.660721 15.790762
v -4.016327 -29.178936 15.831480
v -5.258107 -28.256084 15.906122
v -6.167390 -26.980377 16.011299
v -6.167390 -28.917692 5.028662
v -5.258107 -30.078045 5.561332
v -4.016327 -30.919472 5.948120
v -2.557404 -31.363937 6.148298
v -1.023839 -31.360546 6.148298
v -7.344708 -25.158424 15.763619
v -8.359168 -23.146458 14.837374
v -6.649173 -27.550377 4.400982
v -7.283635 -27.306091 4.689374
v -7.283635 -27.306091 4.689374
v -8.311668 -25.029499 4.804733
v -8.311668 -25.029499 4.804733
v -9.339701 -23.991280 7.780257
v -8.810418 -24.588425 5.988833
v -9.502560 -23.597706 9.754895
v -9.295594 -23.261826 11.732924
v -8.854525 -23.244858 13.459881
v -9.682378 -22.712173 11.420779
v -9.193809 -21.677359 12.615061
v -9.577200 -21.195576 12.309703
v -9.835057 -21.548433 10.670961
v -9.790951 -23.061638 9.656499
v -9.902913 -21.758785 9.425787
v 6.735600 -25.182169 4.289017
v 5.914533 -24.666458 3.084559
v 5.205429 -26.013416 3.742771
v 4.628646 -27.065195 4.462052
v 5.978999 -26.142338 4.855626
v -9.217558 -22.783432 6.569013
v -9.682378 -23.336460 7.878649
v -9.003810 -20.612009 14.063807
v -8.080957 -19.872368 14.993444
v -8.640776 -21.321110 14.250412
v -7.819708 -21.202366 15.380234
v 4.581143 -25.107533 15.889158
v 6.019712 -24.201637 15.288623
v 6.708456 -24.150749 14.094343
v 6.701673 -25.609663 5.846334
v 5.171498 -24.011637 16.177546
v 6.956135 -24.133783 13.459881
v 7.068100 -25.280560 6.667402
v 7.482027 -24.893776 7.909185
v 7.471851 -24.160927 12.038279
v -3.928114 -17.137726 0.458498
v -2.272403 -17.175049 -0.162394
v -8.854525 -17.843445 3.244024
v -8.291312 -18.756115 3.569735
v -7.745061 -17.836657 2.555276
v -9.682378 -18.033449 3.864916
v -8.857918 -19.298977 4.278840
v -5.325963 -17.246300 1.133674
v -6.985067 -16.347193 1.445814
v -6.727210 -17.246300 1.839384
v 8.588097 -21.765575 3.566342
v 8.255596 -19.339693 2.667238
v 7.488814 -20.958071 2.192243
v 9.419344 -20.279510 4.329731
v 6.891672 -19.624693 1.649382
v 6.840778 -18.125057 1.449207
v 5.826320 -17.863804 1.042068
v 7.862025 -17.724695 2.229561
v 8.781488 -18.393085 3.013309
v -10.567908 -18.152195 5.486694
v -9.390594 -19.519512 5.568119
v -9.682378 -18.033449 3.864916
v -10.642553 -18.121660 7.108471
v -9.845235 -19.539864 7.254364
v -10.778266 -18.077559 8.784539
v -10.055592 -19.278620 8.960968
v -10.557730 -17.633093 10.762568
v -9.845235 -18.864698 10.718462
v 0.536873 -18.172552 17.052904
v -0.613302 -17.748446 17.032547
v -9.906304 -17.035942 12.313096
v -9.295594 -18.230228 12.336850
v -8.885061 -16.228449 13.619343
v -8.545777 -17.385412 13.619343
v -8.813807 -14.569346 13.900949
v -7.955418 -16.364159 14.175768
v -7.449883 -13.846682 14.945946
v -6.828995 -14.654165 15.149517
v -5.841680 -13.093468 15.919691
v -5.353106 -14.029892 15.912905
v -8.857918 -19.298977 4.278840
v 9.836660 -19.115761 4.601160
v 9.568625 -20.286289 5.127049
v 9.887557 -19.132727 5.025268
v 10.450766 -20.211651 5.700442
v 10.735767 -19.170046 5.598660
v 9.290415 -16.486315 3.104915
v 9.622912 -17.181833 3.590090
v 10.196304 -17.439701 4.309376
v 10.342196 -17.175049 4.590984
v 11.210767 -17.229334 5.276335
v 11.288800 -15.862027 4.526518
v 10.376126 -15.923100 3.990448
v 9.921484 -15.990949 3.444202
v 4.520073 -21.894505 16.642365
v 3.139187 -19.692539 16.890049
v 7.716136 -13.727921 15.197017
v 8.801845 -13.317389 13.785590
v 8.628810 -14.874704 14.362375
v 7.831487 -12.448826 14.742378
v 9.884164 -14.487916 12.696489
v 9.609343 -16.225056 13.412380
v 11.421122 -17.249697 6.087226
v 10.959696 -19.190399 6.609726
v 10.545770 -15.010415 11.895779
v 10.155591 -16.920589 12.740595
v 11.231124 -15.892556 10.732031
v 10.779873 -17.782372 11.427567
v 11.662013 -16.669525 9.171323
v 11.112372 -18.583086 9.819357
v 11.146301 -19.037727 8.078827
v 11.658621 -17.195408 7.451148
v -7.565243 -12.584537 14.718628
v -6.133461 -12.051851 15.593982
v -3.965434 -12.553997 16.577900
v -3.761861 -13.700775 16.459156
v -1.810976 -12.431855 16.991829
v -1.892406 -13.510780 16.869688
v 0.302769 -12.553997 17.229332
v -0.104375 -13.622741 17.093616
v 2.131511 -13.035786 17.225937
v 1.853297 -14.128279 17.164864
v 4.031505 -13.934893 17.032545
v 3.678646 -14.986670 16.968081
v 5.212216 -13.734706 16.581295
v 4.910251 -14.627018 16.683083
v 6.538815 -13.636314 15.919691
v 6.263996 -14.464166 16.096121
v -2.523474 -20.394863 1.052244
v -4.063827 -20.489862 1.364385
v 7.471851 -14.552382 15.329334
v 0.903300 -21.141291 1.086174
v -0.718481 -20.656116 0.950459
v 8.248809 -15.532914 14.610054
v 2.284191 -21.921642 1.452598
v 3.342759 -22.776649 1.903848
v 8.954519 -16.727198 13.948450
v 9.049523 -17.327740 13.846664
v 9.707735 -18.019876 12.998454
v 10.186124 -19.298977 11.787207
v 10.620407 -19.862186 10.151855
v 10.718804 -20.235407 8.424899
v 10.593267 -20.343971 6.813294
v 10.084343 -21.626467 5.937940
v 9.772197 -22.640928 6.077050
v 10.243804 -21.599331 7.037223
v 9.704342 -23.431461 7.176332
v 9.836660 -23.098967 9.235785
v 10.365946 -21.429684 8.679359
v 0.109377 -17.253088 -0.430428
v 2.192581 -16.713634 -0.070788
v 1.866870 -17.673803 -0.186144
v 4.038291 -17.185226 0.478855
v 3.688826 -18.338799 0.309209
v 5.168109 -19.377010 0.940282
v 6.263996 -20.608616 1.605277
v 7.115600 -21.799496 2.212599
v 9.025773 -21.545040 5.177947
v 8.733986 -22.586643 5.357764
v 8.126671 -23.248251 3.800450
v 10.206481 -21.110756 10.504713
v 9.745055 -20.649328 12.163815
v 9.185235 -19.974152 13.490417
v 8.638989 -19.285408 14.403090
v 6.511671 -12.051851 15.349693
v 4.927214 -11.722749 15.973976
v 3.787219 -12.357219 16.560940
v 2.331690 -12.204537 16.839149
v 0.506341 -11.790606 16.896835
v -1.627760 -11.471685 16.696655
v -3.999360 -11.366505 16.279335
v -10.893623 -14.464166 11.909352
v -10.289697 -13.347922 12.435241
v -12.922544 -14.145244 6.857399
v -12.274511 -15.478624 8.648828
v -12.250761 -15.794174 6.911689
v -12.837726 -13.785592 8.465611
v -12.705402 -14.216494 5.228835
v -11.958978 -15.821312 5.334013
v -11.870762 -15.047743 10.352031
v -10.679874 -15.556659 3.335629
v 11.858800 -13.782206 9.642928
v 11.061478 -12.947565 10.867746
v 12.272725 -14.443808 8.394362
v 12.218439 -14.867925 6.840437
v 11.733263 -15.132562 5.435801
v 12.659509 -11.366505 8.184003
v 12.873259 -11.682032 7.261150
v 12.666296 -12.082384 6.121154
v 12.187901 -13.510780 5.707229
v 12.025047 -12.048459 9.490250
v 6.016318 -16.581316 1.130280
v 4.231683 -15.906130 0.563674
v 6.864528 -16.856123 1.432240
v 7.519351 -16.476133 1.852954
v 8.554168 -15.604174 2.480633
v 9.314165 -14.827214 2.860630
v 10.097913 -14.952744 3.461165
v 10.023269 -13.609167 3.054021
v 10.494876 -15.108811 3.729200
v -8.443991 -12.920418 14.063805
v 12.452549 -10.996680 8.224720
v 10.803622 -12.547218 10.776136
v -9.628094 -15.895954 2.684201
v 12.615404 -9.262934 7.763289
v 11.712908 -11.688823 9.629354
v 12.666296 -11.329185 7.139011
v 12.934330 -9.642939 6.555439
v 12.703619 -10.168824 5.259372
v 12.438975 -11.804174 5.859907
v 11.777369 -12.106139 3.942947
v -10.679874 -15.556659 3.335629
v -8.437204 -16.204693 2.063313
v -10.113270 -14.582910 2.758843
v 11.984331 -13.154541 5.452764
v 11.519516 -13.432741 4.126164
v 11.468621 -14.891670 5.120267
v 11.224338 -15.051135 4.329731
v 6.308103 -11.892385 15.180054
v 7.600776 -12.350430 14.440407
v 4.615073 -11.587038 15.834871
v 8.547384 -13.269888 13.385233
v 9.524520 -14.338636 12.380954
v 10.315054 -12.900065 10.972921
v -7.463457 -12.387753 14.426839
v -6.231857 -11.953459 15.268267
v -10.113270 -14.582910 2.758843
v 9.463450 -13.388633 3.176164
v 10.372733 -12.235082 2.962415
v 3.590434 -12.174008 16.330225
v 9.616125 -22.725746 11.057745
v 9.137736 -22.281281 12.648991
v 8.638989 -21.551830 14.073986
v 8.191133 -20.927536 14.898447
v 4.845784 -15.695783 16.503265
v 5.344533 -15.346306 16.309868
v 4.950963 -16.377728 16.516834
v 6.372570 -15.227561 15.855228
v 7.146137 -15.441306 15.431122
v 7.685599 -16.265766 14.884872
v 8.177564 -17.303970 14.369164
v 7.902742 -18.633978 14.772911
v 7.590597 -20.296471 15.302195
v 5.517572 -15.437914 16.482906
v 6.477745 -15.353096 16.106300
v 6.019712 -15.804346 16.448975
v 7.217382 -15.488806 15.678801
v 7.994348 -16.272556 15.488802
v 8.320059 -17.229334 14.708445
v 7.811131 -19.913078 15.543085
v 8.068991 -18.562733 15.122371
v 6.983278 -16.486315 16.228439
v 7.716136 -17.236122 16.068977
v 5.442926 -16.238630 16.689871
v 5.147748 -15.695783 16.622009
v 6.569351 -17.463455 16.632189
v 7.397205 -18.365940 16.530405
v 6.053638 -17.741657 16.262369
v 6.840778 -18.756115 16.018087
v -9.007203 -19.963976 9.110254
v -8.844348 -20.225225 7.430794
v -8.851135 -19.645046 10.725245
v -8.454171 -20.252363 5.785261
v -8.454171 -19.098791 12.333456
v -8.328631 -19.835049 4.550267
v -3.951864 -11.271504 16.031658
v -7.663636 -19.183620 3.817413
v -8.328631 -19.835049 4.550267
v -7.063100 -18.494871 2.979379
v -6.469355 -17.843445 2.134562
v -5.529535 -17.745049 1.523850
v 2.284191 -12.109537 16.598259
v 0.509730 -11.736322 16.662724
v -3.843291 -17.762018 0.743497
v -2.207940 -18.057196 0.285460
v -0.243481 -18.705223 0.197247
v 1.337584 -19.251472 0.356709
v 3.088290 -20.106470 0.607785
v 4.252039 -20.971645 1.154031
v 5.375070 -22.152361 1.822423
v 7.047744 -16.238630 1.988670
v 8.625416 -14.867925 3.043845
v 6.548995 -22.970032 2.416167
v 7.607563 -24.048954 3.786877
v 8.007917 -24.218601 5.133837
v -8.328631 -18.281120 13.351308
v -7.663636 -17.419348 13.816128
v -7.063100 -16.486315 14.369164
v -6.469355 -15.583811 14.939163
v -5.532928 -15.268277 15.454872
v -3.527756 -14.901852 16.306479
v 12.683264 -7.495260 7.274719
v -1.990798 -14.745778 16.757725
v 10.854517 -13.551496 3.569735
v 11.139514 -12.211327 3.423846
v -7.762028 -17.704338 14.379340
v -8.569527 -18.776478 13.931488
v -6.326856 -16.031664 15.251305
v -5.750070 -16.262375 15.661839
v -4.175789 -17.846838 16.547371
v -2.255440 -17.572020 16.873081
v -7.419351 -18.230228 15.095231
v -8.348991 -19.502544 14.657556
v -7.005424 -16.710241 14.830589
v -9.092027 -19.488977 13.466667
v -6.513461 -17.100407 15.393802
v -0.311337 -14.905243 17.032547
v 1.249371 -15.217381 17.130939
v 3.034008 -16.133448 16.981655
v -9.492379 -19.960579 12.452206
v -8.684882 -19.655222 12.771132
v -9.183632 -20.306652 10.827034
v -9.315950 -20.628975 9.229004
v -9.828270 -20.435577 10.986496
v -9.963986 -20.764690 9.252748
v 4.374181 -17.249697 16.781475
v 5.500606 -18.627190 16.557549
v 2.067049 -11.373294 16.370941
v 0.913477 -10.898290 16.313263
v 3.254543 -11.203637 16.109688
v -2.469188 -9.181507 15.597374
v -0.759194 -10.385983 16.136833
v -1.593834 -11.410612 16.476120
v 10.002913 -14.735606 11.858455
v 6.569351 -20.354153 16.282730
v -7.765421 -19.645046 3.389913
v -8.583096 -20.510216 4.180447
v -6.326856 -18.369331 1.995457
v -5.750070 -18.725582 1.693492
v 7.648276 -22.006464 15.454872
v -7.422744 -20.432180 2.945450
v -8.355775 -21.460222 3.786877
v -7.005424 -18.864698 2.616345
v -9.092027 -21.008963 4.855626
v -8.355775 -21.460222 3.786877
v -8.583096 -20.510216 4.180447
v -9.003810 -22.267708 4.679197
v -6.516855 -19.438084 2.243132
v 8.625416 -23.577354 6.453654
v 8.225059 -24.171103 6.256872
v 8.387918 -24.028599 7.688650
v 8.031667 -22.539145 14.342022
v -9.492379 -21.103973 5.971869
v -9.577200 -22.216827 6.524906
v -8.684882 -20.927536 5.564726
v -9.183632 -20.873253 7.614009
v -9.828270 -21.046291 7.508828
v -9.835057 -21.986115 8.187397
v 8.286133 -23.034496 12.852562
v 8.432024 -23.390751 11.400423
v -5.315787 -16.713634 15.933267
v -7.141136 -18.525406 15.448088
v 8.506668 -23.743607 9.619179
v -6.167390 -17.412560 15.695765
v -5.370073 -19.187012 1.629025
v -7.130960 -20.781647 2.748664
v -8.131846 -21.874138 3.627411
v -8.131846 -21.874138 3.627411
v -8.596665 -23.027712 4.652054
v -6.143641 -19.750231 2.100633
v -2.313115 -8.336685 15.648264
v -0.375803 -7.067770 15.207198
v -6.900245 -19.546648 15.845049
v -5.658464 -18.498262 16.218264
v -7.840065 -23.336460 3.681702
v -7.063100 -21.908079 2.711345
v -7.840065 -23.336460 3.681702
v -5.756853 -20.903786 1.934385
v -2.530257 -8.455441 15.302193
v -2.262222 -8.984729 15.902729
v -0.620088 -10.060251 16.367550
v 0.940624 -10.545437 16.513441
v 4.744002 -20.310043 16.703438
v 3.559900 -18.759506 16.845940
v 2.416509 -17.578804 17.012186
v 0.947406 -16.818806 17.083435
v 1.917759 -18.834154 17.005405
v -0.399553 -16.527027 17.039330
v -2.153654 -16.343801 16.825581
v -3.992577 -16.503277 16.408260
v 5.975606 -22.400036 16.326838
v 7.661846 -24.527355 9.870247
v 6.769530 -23.197359 15.417551
vn -0.0471 -0.7769 0.6278
vn 0.0158 -0.6623 -0.7491
vn -0.1255 -0.8936 0.4311
vn 0.1021 -0.6206 -0.7775
vn 0.0782 -0.8283 0.5548
vn 0.1176 -0.9648 0.2352
vn 0.2417 -0.6082 -0.7561
vn 0.3630 -0.5841 -0.7260
vn 0.2352 -0.9565 0.1723
vn 0.2656 -0.9609 -0.0781
vn 0.5338 -0.5575 -0.6358
vn 0.7801 -0.5044 -0.3703
vn 0.4062 -0.4609 0.7890
vn 0.5095 -0.2508 0.8231
vn 0.9658 -0.2591 0.0079
vn 0.9907 -0.1337 -0.0235
vn 0.6305 -0.3152 0.7093
vn 0.6942 -0.3588 0.6240
vn 0.9205 -0.2990 0.2517
vn 0.9931 -0.1173 -0.0000
vn 0.6404 -0.2263 0.7340
vn 0.8721 -0.0472 -0.4871
vn 0.8550 -0.0942 -0.5099
vn 0.9151 -0.1251 -0.3833
vn 0.7946 -0.0394 -0.6059
vn 0.7878 -0.1734 -0.5910
vn 0.8384 -0.1724 -0.5171
vn 0.8561 -0.1728 -0.4870
vn 0.7158 -0.2675 -0.6450
vn 0.5584 -0.3067 -0.7708
vn 0.3535 -0.3770 -0.8561
vn 0.2361 -0.4092 -0.8814
vn 0.1253 -0.4152 -0.9010
vn 0.0236 -0.4089 -0.9123
vn 0.0393 -0.3697 -0.9283
vn 0.1571 -0.4164 -0.8955
vn 0.2359 -0.3932 -0.8887
vn 0.3702 -0.3545 -0.8586
vn 0.5679 -0.2603 -0.7809
vn 0.7558 -0.2047 -0.6220
vn 0.8869 -0.1648 -0.4317
vn 0.8229 -0.2666 -0.5017
vn 0.5358 -0.5040 -0.6774
vn 0.6206 -0.1492 -0.7698
vn 0.6579 -0.0470 -0.7516
vn 0.8304 0.0313 -0.5562
vn 0.8800 0.1336 0.4557
vn 0.9007 0.1881 0.3917
vn 0.8966 0.4247 0.1258
vn 0.7184 -0.4919 -0.4919
vn 0.8497 -0.3275 -0.4132
vn 0.9319 -0.0861 -0.3524
vn 0.7309 -0.1729 -0.6602
vn 0.8879 -0.0629 -0.4557
vn 0.3690 0.1413 -0.9186
vn 0.4249 -0.0237 -0.9050
vn 0.0078 -0.2830 -0.9591
vn -0.2276 0.0314 -0.9732
vn -0.1015 -0.0781 -0.9918
vn 0.4622 0.0470 -0.8855
vn 0.8537 -0.0627 -0.5169
vn 0.6603 -0.0786 -0.7469
vn 0.7424 -0.1954 -0.6408
vn 0.5423 -0.2515 -0.8017
vn 0.3045 -0.3592 -0.8822
vn 0.2047 -0.4251 -0.8817
vn 0.1417 -0.4646 -0.8741
vn 0.0625 -0.5077 -0.8592
vn 0.0550 -0.4402 -0.8962
vn 0.1335 -0.4083 -0.9030
vn 0.1891 -0.3782 -0.9062
vn 0.3075 -0.3547 -0.8830
vn 0.5891 -0.2906 -0.7540
vn 0.7142 -0.2119 -0.6671
vn 0.6763 -0.0865 -0.7315
vn -0.0471 -0.0706 -0.9964
vn -0.1102 -0.0630 -0.9919
vn 0.2590 -0.0235 -0.9656
vn 0.5343 -0.0864 -0.8409
vn 0.3853 -0.1414 -0.9119
vn 0.5102 -0.0862 -0.8557
vn 0.2901 0.0314 -0.9565
vn 0.3754 0.1879 -0.9076
vn 0.3148 -0.0945 -0.9444
vn 0.2675 -0.1495 -0.9519
vn 0.2898 -0.0548 -0.9555
vn 0.4555 -0.1806 -0.8717
vn 0.5787 -0.2033 -0.7898
vn 0.5874 -0.2037 -0.7832
vn 0.5732 -0.1728 -0.8010
vn 0.6619 -0.1576 -0.7328
vn 0.5965 -0.1256 -0.7927
vn 0.4801 0.0789 -0.8737
vn 0.4783 0.1176 -0.8703
vn 0.3776 0.1573 -0.9125
vn 0.3293 0.0784 -0.9409
vn 0.2518 -0.2123 -0.9442
vn 0.1811 -0.2441 -0.9527
vn 0.2125 0.0472 -0.9760
vn 0.0865 -0.2674 -0.9597
vn 0.1182 -0.0315 -0.9925
vn -0.0236 -0.2202 -0.9752
vn -0.0472 -0.4561 -0.8887
vn -0.0546 -0.5229 -0.8506
vn -0.0780 -0.3823 -0.9207
vn -0.1020 -0.3843 -0.9176
vn -0.1737 -0.6304 -0.7566
vn -0.3200 -0.6088 -0.7259
vn -0.3273 -0.5455 -0.7715
vn -0.4687 -0.5547 -0.6875
vn -0.2910 -0.3540 -0.8888
vn -0.2600 -0.3545 -0.8982
vn -0.1814 -0.5048 -0.8440
vn -0.1718 -0.4685 -0.8666
vn -0.2107 -0.2809 -0.9363
vn -0.0707 -0.0000 -0.9975
vn -0.0781 -0.1563 -0.9846
vn -0.2909 -0.1022 -0.9513
vn -0.3219 -0.2590 -0.9107
vn -0.2993 -0.4486 -0.8422
vn -0.3362 -0.4614 -0.8210
vn -0.4022 -0.3154 -0.8595
vn -0.4368 -0.3354 -0.8347
vn -0.4578 -0.5130 -0.7261
vn -0.5129 -0.2762 -0.8128
vn -0.5205 -0.3628 -0.7729
vn -0.5378 -0.4676 -0.7015
vn -0.5618 -0.4838 -0.6711
vn -0.5099 -0.6276 -0.5884
vn -0.6716 -0.3983 -0.6248
vn -0.7095 -0.4178 -0.5675
vn -0.6322 -0.3434 -0.6946
vn -0.6235 -0.2728 -0.7327
vn -0.5770 -0.2885 -0.7641
vn -0.4213 -0.3898 -0.8189
vn -0.3307 -0.4252 -0.8425
vn -0.4729 -0.3941 -0.7881
vn -0.6167 -0.3045 -0.7260
vn -0.6796 -0.2344 -0.6952
vn -0.7103 -0.2368 -0.6629
vn -0.7574 -0.2761 -0.5917
vn -0.8197 -0.3232 -0.4729
vn -0.8341 -0.3742 -0.4054
vn -0.9491 -0.2981 -0.1021
vn -0.8491 0.0392 -0.5267
vn -0.6400 -0.1717 -0.7490
vn -0.5936 -0.1952 -0.7807
vn -0.5778 -0.1796 -0.7962
vn -0.5620 -0.1952 -0.8038
vn -0.5200 -0.2127 -0.8273
vn -0.5537 -0.3119 -0.7721
vn -0.4420 -0.3236 -0.8366
vn -0.3708 -0.2603 -0.8915
vn -0.3618 -0.1495 -0.9202
vn -0.4022 -0.1735 -0.8990
vn -0.4764 -0.1874 -0.8590
vn -0.5191 -0.1494 -0.8415
vn -0.5235 -0.1641 -0.8361
vn -0.5358 -0.3230 -0.7801
vn -0.6616 -0.3937 -0.6382
vn -0.6777 -0.4752 -0.5611
vn -0.4689 -0.4533 -0.7581
vn -0.4539 -0.3444 -0.8218
vn -0.3826 -0.3592 -0.8512
vn -0.3743 -0.3119 -0.8733
vn -0.3156 -0.2208 -0.9228
vn -0.3439 -0.3595 -0.8675
vn -0.1493 -0.2985 -0.9427
vn 0.0707 0.0079 -0.9975
vn 0.2048 0.0630 -0.9768
vn -0.0234 -0.1250 -0.9919
vn -0.2107 -0.3278 -0.9209
vn -0.3148 -0.2597 -0.9129
vn -0.3858 -0.4094 -0.8267
vn -0.3431 -0.4601 -0.8189
vn -0.3621 -0.5116 -0.7792
vn -0.3286 -0.6023 -0.7275
vn -0.5522 -0.6313 -0.5446
vn -0.6553 -0.2106 -0.7254
vn -0.8787 -0.2196 -0.4238
vn -0.4932 -0.4383 -0.7514
vn -0.4609 -0.4062 -0.7890
vn -0.4214 -0.2419 -0.8740
vn -0.1419 -0.3389 -0.9300
vn -0.3626 -0.1340 -0.9223
vn -0.2120 -0.2591 -0.9423
vn -0.0551 -0.2752 -0.9598
vn -0.3072 -0.2048 -0.9294
vn -0.1572 -0.2041 -0.9662
vn -0.1491 -0.1254 -0.9808
vn -0.3463 -0.1809 -0.9205
vn -0.2343 -0.1950 -0.9524
vn -0.2438 -0.1886 -0.9513
vn -0.2762 -0.2681 -0.9229
vn -0.5390 -0.1561 -0.8277
vn -0.3199 -0.3666 -0.8736
vn -0.2912 -0.3539 -0.8888
vn -0.6315 -0.2027 -0.7484
vn -0.2810 -0.4447 -0.8504
vn -0.2521 -0.5277 -0.8111
vn -0.5858 -0.4295 -0.6873
vn -0.2362 -0.5115 -0.8262
vn -0.1813 -0.5672 -0.8034
vn -0.4295 -0.5153 -0.7416
vn -0.2651 -0.6081 -0.7482
vn -0.1103 -0.6065 -0.7874
vn -0.1500 -0.6628 -0.7336
vn -0.1184 -0.6233 -0.7730
vn -0.0390 -0.6244 -0.7802
vn -0.0471 -0.7064 -0.7062
vn 0.0631 -0.7097 -0.7016
vn 0.0468 -0.6241 -0.7799
vn 0.2208 -0.6937 -0.6856
vn 0.0394 -0.6452 -0.7630
vn 0.1181 -0.6059 -0.7867
vn 0.4178 -0.6542 -0.6304
vn 0.1971 -0.5833 -0.7880
vn 0.1889 -0.5664 -0.8022
vn 0.5102 -0.5963 -0.6198
vn 0.2436 -0.5106 -0.8246
vn 0.5276 -0.4172 -0.7400
vn 0.2839 -0.4414 -0.8512
vn 0.2992 -0.4487 -0.8421
vn 0.5041 -0.7561 -0.4173
vn 0.1173 -0.9227 -0.3673
vn -0.3202 -0.8667 -0.3824
vn 0.0005 -0.3767 -0.9263
vn 0.7477 -0.3934 -0.5350
vn 0.2994 -0.2756 -0.9135
vn 0.2984 -0.3531 -0.8867
vn 0.1490 -0.4702 -0.8699
vn 0.5684 -0.6553 -0.4974
vn 0.2733 -0.7107 -0.6482
vn 0.6706 -0.7252 -0.1559
vn 0.8028 -0.5379 0.2571
vn 0.6409 -0.7112 0.2890
vn 0.4653 -0.8829 0.0630
vn 0.7337 -0.6791 -0.0234
vn 0.6465 -0.7017 -0.2996
vn 0.2128 -0.5672 -0.7956
vn 0.0553 -0.4018 -0.9140
vn 0.0472 -0.4561 -0.8887
vn 0.2835 -0.2675 -0.9209
vn 0.2364 -0.1889 -0.9531
vn 0.0080 -0.4090 -0.9125
vn 0.0157 -0.4628 -0.8863
vn -0.0157 -0.4722 -0.8814
vn 0.0001 -0.4249 -0.9052
vn 0.1568 -0.1252 -0.9797
vn 0.1646 -0.1174 -0.9794
vn 0.7292 0.0550 -0.6820
vn 0.4003 0.4318 -0.8083
vn -0.0471 -0.0861 -0.9952
vn 0.0548 -0.0938 -0.9941
vn -0.0314 -0.3765 -0.9259
vn -0.0393 -0.4406 -0.8969
vn 0.0862 -0.3056 -0.9482
vn 0.1716 -0.3509 -0.9205
vn 0.1731 -0.3699 -0.9128
vn 0.3376 -0.4083 -0.8481
vn 0.2748 -0.4947 -0.8245
vn 0.6154 -0.6775 -0.4027
vn 0.6208 -0.5344 -0.5736
vn 0.4783 -0.3058 -0.8233
vn 0.7922 -0.3686 -0.4863
vn 0.7970 -0.5681 -0.2052
vn 0.6895 -0.7208 -0.0705
vn 0.7879 -0.6145 0.0394
vn 0.6331 -0.7739 0.0156
vn 0.7179 -0.6940 0.0552
vn 0.7953 -0.6062 -0.0000
vn 0.1326 -0.9762 0.1718
vn 0.8597 -0.5046 0.0789
vn 0.7886 -0.5776 0.2108
vn 0.7101 -0.6943 0.1170
vn 0.6097 -0.7895 0.0704
vn 0.7399 -0.6690 -0.0708
vn 0.6614 -0.6693 -0.3386
vn 0.8242 -0.4082 -0.3925
vn 0.8096 -0.2594 -0.5266
vn 0.8128 -0.3393 -0.4735
vn 0.7239 -0.4799 -0.4957
vn 0.7491 -0.6545 -0.1025
vn 0.5834 -0.8120 0.0158
vn 0.5865 -0.7976 0.1408
vn 0.5996 -0.7890 0.1341
vn 0.7005 -0.6924 0.1731
vn 0.6172 -0.7579 0.2112
vn 0.6319 -0.7412 0.2264
vn 0.8045 -0.5836 0.1104
vn 0.8045 -0.5233 0.2812
vn 0.9562 -0.2822 -0.0784
vn 0.9605 -0.2755 0.0393
vn 0.9444 -0.2440 0.2204
vn 0.9062 -0.1953 0.3750
vn 0.8190 -0.4174 0.3937
vn 0.7023 -0.6399 0.3121
vn 0.6345 -0.7284 0.2585
vn 0.7958 -0.5851 0.1560
vn 0.6940 -0.6546 0.2997
vn 0.7669 -0.5087 0.3913
vn 0.8408 -0.2515 0.4794
vn 0.8666 -0.1024 0.4884
vn 0.8922 -0.1957 0.4070
vn 0.9378 -0.2679 0.2207
vn 0.9536 -0.2994 0.0315
vn 0.9499 -0.2433 0.1962
vn 0.9056 -0.1575 0.3938
vn 0.8270 -0.1103 0.5513
vn 0.7260 0.0312 0.6870
vn 0.7655 -0.0625 0.6405
vn 0.6697 -0.2206 0.7091
vn 0.6242 -0.4994 0.6008
vn 0.6472 -0.5693 0.5069
vn 0.7321 -0.6297 0.2598
vn 0.4689 -0.8516 0.2344
vn 0.6704 -0.6314 0.3898
vn 0.6414 -0.7666 -0.0311
vn 0.8036 -0.5909 -0.0708
vn 0.5849 -0.4445 0.6785
vn 0.2735 -0.4611 0.8441
vn 0.2512 -0.3061 0.9183
vn 0.3599 -0.1800 0.9155
vn 0.4378 -0.0156 0.8990
vn 0.6622 0.0237 0.7489
vn 0.6953 0.0078 0.7187
vn 0.7515 0.0548 0.6574
vn 0.7421 -0.3986 0.5390
vn 0.1955 -0.1879 0.9625
vn 0.2589 0.0392 0.9651
vn 0.1719 -0.0313 0.9846
vn 0.0393 -0.1413 0.9892
vn 0.1572 -0.1649 0.9737
vn 0.5547 -0.1406 0.8201
vn 0.5158 -0.3516 0.7812
vn 0.2666 -0.2116 0.9403
vn 0.2974 -0.1252 0.9465
vn 0.3138 -0.0392 0.9487
vn 0.0158 -0.0940 0.9954
vn -0.0078 -0.1173 0.9931
vn 0.1337 -0.0157 0.9909
vn 0.2110 0.0391 0.9767
vn 0.0941 -0.1100 0.9895
vn 0.0706 -0.0471 0.9964
vn 0.5123 -0.1972 0.8359
vn 0.9590 -0.0944 0.2671
vn 0.7608 0.0863 0.6432
vn 0.9895 0.0550 0.1333
vn 0.7184 0.0312 0.6949
vn 0.6094 -0.0781 0.7890
vn 0.8326 0.1729 0.5262
vn 0.8491 0.3696 0.3773
vn 0.4181 0.2683 0.8679
vn 0.0236 -0.0472 0.9986
vn 0.1960 -0.0157 0.9805
vn 0.1182 -0.0315 0.9925
vn 0.0862 -0.0235 0.9960
vn -0.0157 -0.1414 0.9898
vn 0.0157 -0.0862 0.9962
vn 0.2898 0.0627 0.9550
vn 0.3233 -0.0315 0.9458
vn 0.2826 -0.2198 0.9337
vn 0.2037 -0.2742 0.9398
vn 0.4148 -0.4070 0.8138
vn 0.1329 -0.3206 0.9379
vn 0.2272 -0.4231 0.8771
vn 0.1409 -0.3365 0.9311
vn 0.0469 -0.3440 0.9378
vn 0.0704 -0.4305 0.8998
vn -0.0391 -0.3441 0.9381
vn -0.0548 -0.4310 0.9007
vn -0.1563 -0.3750 0.9138
vn -0.1253 -0.3209 0.9388
vn -0.2665 -0.3213 0.9087
vn -0.0470 -0.3603 0.9317
vn -0.1097 -0.7447 0.6583
vn 0.3281 -0.6873 0.6481
vn 0.6695 -0.3938 0.6299
vn 0.0079 -0.0314 0.9995
vn 0.7900 0.0626 0.6099
vn 0.2506 0.1566 0.9553
vn 0.6076 0.5209 0.5996
vn 0.0627 0.2586 0.9639
vn 0.1419 0.7882 0.5988
vn -0.3980 0.6866 0.6084
vn -0.7278 0.2974 0.6180
vn -0.1642 0.2191 0.9618
vn -0.2969 0.0625 0.9528
vn -0.7508 -0.1877 0.6333
vn -0.5092 -0.5640 0.6500
vn -0.2118 -0.2903 0.9332
vn -0.1962 -0.2747 0.9413
vn -0.4388 -0.2272 0.8694
vn -0.2593 -0.2121 0.9422
vn -0.5952 -0.1801 0.7831
vn -0.2903 -0.1255 0.9487
vn -0.3064 -0.1336 0.9425
vn -0.3067 -0.0393 0.9510
vn -0.6351 0.0784 0.7684
vn -0.6572 -0.0626 0.7511
vn -0.4387 -0.2272 0.8695
vn -0.7666 -0.0313 0.6414
vn -0.5463 0.1327 0.8270
vn -0.2898 0.0627 0.9550
vn -0.2360 0.1573 0.9589
vn -0.3524 0.1488 0.9239
vn -0.5973 0.0236 0.8017
vn -0.4304 0.0704 0.8999
vn -0.8713 -0.0628 0.4867
vn -0.6754 0.1021 0.7304
vn -0.5419 0.2278 0.8090
vn -0.2978 0.1097 0.9483
vn -0.1565 0.1409 0.9776
vn -0.1567 0.2194 0.9630
vn -0.0550 0.2515 0.9663
vn -0.0706 0.0550 0.9960
vn -0.2033 0.0548 0.9776
vn -0.3528 0.2195 0.9096
vn -0.4542 0.2271 0.8615
vn -0.5732 0.2591 0.7774
vn -0.4222 0.2345 0.8756
vn -0.6116 0.2666 0.7449
vn -0.3853 -0.0708 0.9201
vn -0.2981 0.1569 0.9415
vn -0.1335 -0.0550 0.9895
vn -0.0315 -0.0392 0.9987
vn 0.0627 0.2588 0.9639
vn 0.1643 0.2191 0.9618
vn 0.2365 0.1420 0.9612
vn 0.0079 -0.0862 0.9962
vn -0.0393 -0.1413 0.9892
vn -0.0942 -0.1099 0.9895
vn -0.1881 0.0627 0.9801
vn -0.3139 -0.0078 0.9494
vn -0.3296 -0.2196 0.9182
vn -0.4472 -0.2040 0.8709
vn -0.4223 -0.2032 0.8834
vn -0.5568 -0.1097 0.8234
vn -0.7412 0.3706 0.5598
vn -0.6965 0.3052 0.6495
vn -0.7528 0.2431 0.6117
vn -0.8626 -0.0627 0.5019
vn -0.8863 0.4158 0.2038
vn -0.8609 0.4070 0.3053
vn -0.7978 0.4302 0.4224
vn -0.6524 0.0708 0.7545
vn -0.5562 -0.0313 0.8304
vn -0.6443 -0.0629 0.7622
vn -0.4156 0.0078 0.9095
vn -0.2656 0.0781 0.9609
vn -0.2509 -0.1490 0.9565
vn -0.2111 -0.0078 0.9774
vn -0.1727 -0.0863 0.9812
vn -0.1018 -0.0078 0.9948
vn -0.0863 0.0157 0.9961
vn 0.0236 -0.0236 0.9994
vn 0.0079 -0.0315 0.9995
vn -0.0934 -0.0621 0.9937
vn -0.1414 0.1257 0.9819
vn -0.2737 0.4146 0.8679
vn -0.4765 0.3361 0.8124
vn -0.5970 0.2515 0.7618
vn -0.6563 0.2033 0.7266
vn -0.6250 0.3048 0.7187
vn -0.4856 0.3369 0.8066
vn -0.2886 0.3745 0.8812
vn -0.4774 0.2896 0.8296
vn -0.6081 0.2417 0.7562
vn -0.5969 0.3143 0.7382
vn -0.6720 0.0938 0.7346
vn -0.7584 -0.1173 0.6411
vn -0.6407 0.1641 0.7501
vn -0.5489 0.2430 0.7998
vn -0.5626 0.1015 0.8205
vn -0.4924 0.3831 0.7815
vn -0.3056 0.3292 0.8934
vn -0.2033 0.2813 0.9378
vn -0.0859 0.4300 0.8987
vn -0.0787 0.4802 0.8736
vn -0.0314 0.1414 0.9895
vn 0.0314 -0.0550 0.9980
vn -0.1099 0.2039 0.9728
vn 0.0630 0.5354 0.8422
vn 0.0781 0.5549 0.8282
vn 0.1177 0.1569 0.9806
vn 0.2204 0.1181 0.9682
vn 0.1650 -0.0864 0.9825
vn 0.3513 -0.1171 0.9289
vn 0.3136 -0.0313 0.9490
vn -0.1327 0.2733 0.9527
vn 0.3991 -0.0469 0.9157
vn 0.1637 0.5616 0.8110
vn 0.3290 0.2272 0.9166
vn 0.4018 0.5044 0.7642
vn 0.4811 0.0474 0.8754
vn 0.4769 -0.0782 0.8755
vn 0.3752 0.2267 0.8988
vn 0.2496 0.3825 0.8896
vn 0.1735 0.5207 0.8359
vn 0.1732 0.5355 0.8266
vn 0.1892 0.4890 0.8515
vn 0.2113 0.3208 0.9233
vn 0.3198 0.3668 0.8736
vn 0.3469 0.4259 0.8356
vn 0.4562 0.4012 0.7943
vn 0.4757 0.2261 0.8500
vn 0.5783 -0.0703 0.8128
vn 0.6415 0.1564 0.7510
vn 0.7394 0.0786 0.6686
vn 0.6531 0.4093 0.6372
vn 0.8163 0.3455 0.4630
vn 0.7169 0.3941 0.5751
vn 0.4835 0.3822 0.7875
vn 0.4611 0.2969 0.8362
vn 0.2756 0.3228 0.9055
vn 0.1328 0.3437 0.9296
vn 0.2659 0.3048 0.9146
vn 0.0783 0.2269 0.9708
vn 0.1101 0.0863 0.9902
vn -0.1177 0.1568 0.9806
vn 0.2763 0.2681 0.9229
vn 0.0236 0.3467 0.9377
vn -0.2577 0.1638 0.9522
vn -0.2738 0.4457 0.8523
vn -0.1958 0.4386 0.8771
vn -0.2900 0.3996 0.8696
vn -0.1881 0.3916 0.9007
vn -0.3059 0.3057 0.9016
vn -0.2267 0.3752 0.8988
vn -0.1733 0.3861 0.9060
vn -0.4686 0.3826 0.7963
vn -0.4155 0.3526 0.8385
vn -0.6104 0.2738 0.7433
vn -0.4365 0.5222 0.7326
vn -0.2435 0.2593 0.9346
vn -0.0705 0.3758 0.9240
vn -0.4549 0.1881 0.8705
vn -0.3600 0.2737 0.8919
vn -0.3128 0.3283 0.8913
vn -0.2345 0.3515 0.9063
vn -0.1952 0.3588 0.9128
vn -0.2265 0.3590 0.9054
vn -0.2035 0.3677 0.9074
vn -0.2188 0.2967 0.9296
vn -0.4144 0.0781 0.9068
vn 0.0078 0.2974 0.9547
vn -0.0157 0.3768 0.9262
vn -0.0078 0.2664 0.9638
vn -0.2122 0.3534 0.9111
vn 0.2364 0.3308 0.9136
vn 0.2446 0.3628 0.8992
vn 0.5667 0.2676 0.7792
vn 0.4061 0.0233 0.9135
vn -0.0000 0.2758 0.9612
vn -0.2427 0.1175 0.9630
vn 0.0157 0.3605 0.9326
vn 0.2671 0.1021 0.9583
vn 0.2598 0.3147 0.9129
vn 0.2345 0.3516 0.9063
vn 0.1564 0.4069 0.9000
vn 0.2653 0.3118 0.9124
vn 0.2421 0.3278 0.9132
vn 0.3308 0.2913 0.8976
vn 0.3438 0.2733 0.8984
vn 0.2734 0.3437 0.8984
vn 0.4568 0.3072 0.8348
vn 0.3128 0.3675 0.8758
vn 0.4495 0.3153 0.8358
vn 0.4220 0.2890 0.8593
vn 0.3596 0.3984 0.8438
vn 0.5131 0.3552 0.7814
vn 0.4605 0.3590 0.8118
vn 0.4698 0.3759 0.7987
vn 0.5279 0.4017 0.7483
vn 0.4681 0.4291 0.7725
vn 0.5990 0.3862 0.7015
vn 0.6238 0.3275 0.7096
vn 0.6444 0.2908 0.7073
vn 0.6771 0.3228 0.6614
vn 0.6936 0.2838 0.6621
vn 0.6563 0.2735 0.7032
vn 0.7253 0.2365 0.6465
vn 0.4655 0.3314 0.8206
vn 0.6696 0.2441 0.7014
vn 0.7425 0.2188 0.6331
vn 0.7636 0.1732 0.6220
vn 0.6783 0.2417 0.6939
vn 0.7963 0.1796 0.5777
vn 0.8329 0.3458 0.4321
vn 0.8232 0.3294 0.4625
vn 0.7328 0.1576 0.6620
vn 0.6533 0.2205 0.7243
vn 0.6796 0.2343 0.6952
vn 0.6548 0.2367 0.7178
vn 0.6138 0.2754 0.7398
vn 0.5759 0.3077 0.7574
vn 0.5248 0.3681 0.7675
vn 0.6374 0.4328 0.6375
vn 0.5913 0.5124 0.6228
vn 0.4716 0.5266 0.7074
vn 0.5460 0.4914 0.6786
vn 0.5597 0.4651 0.6859
vn 0.4444 0.4678 0.7640
vn 0.5319 0.3051 0.7900
vn 0.4533 0.3986 0.7972
vn 0.5755 0.2681 0.7726
vn 0.6081 0.2417 0.7562
vn 0.6309 0.2287 0.7413
vn 0.6611 0.1967 0.7241
vn 0.5826 0.2991 0.7557
vn 0.5846 0.2729 0.7640
vn 0.5666 0.0944 0.8186
vn 0.6209 0.2122 0.7546
vn 0.6330 0.1564 0.7582
vn 0.7807 0.1104 0.6151
vn 0.7797 0.1482 0.6083
vn 0.7725 0.1577 0.6151
vn 0.5916 0.2288 0.7731
vn 0.5859 0.2422 0.7734
vn 0.5992 0.2365 0.7648
vn 0.6093 0.2578 0.7499
vn 0.7106 0.5132 0.4814
vn 0.4963 0.7012 0.5119
vn 0.6123 0.6908 0.3846
vn 0.6918 0.5896 -0.4168
vn 0.5957 0.7290 -0.3372
vn 0.7866 0.4405 -0.4328
vn 0.1260 0.2127 -0.9690
vn 0.1416 0.2123 -0.9669
vn -0.0784 0.0470 -0.9958
vn 0.1254 0.2037 -0.9710
vn 0.0708 0.1257 -0.9895
vn 0.5344 0.7781 -0.3302
vn 0.8217 0.5634 -0.0862
vn 0.5900 0.4641 0.6607
vn 0.5312 0.2656 0.8045
vn 0.7326 -0.1892 0.6538
vn -0.1561 -0.3125 -0.9370
vn 0.9290 -0.3386 0.1495
vn 0.1732 -0.0550 -0.9833
vn -0.0706 -0.0549 -0.9960
vn -0.2502 -0.1643 -0.9541
vn 0.9111 0.3534 -0.2121
vn 0.7840 0.2901 -0.5488
vn 0.6257 0.2816 -0.7274
vn -0.1022 0.3147 -0.9437
vn 0.3290 0.3682 -0.8696
vn -0.0079 0.7226 -0.6912
vn -0.0941 0.4008 -0.9113
vn 0.6055 0.6291 -0.4875
vn 0.7860 0.4638 -0.4088
vn 0.8951 0.4004 0.1963
vn 0.9323 0.3447 0.1099
vn 0.9309 0.3599 0.0626
vn 0.7295 0.3059 0.6118
vn 0.8119 0.1656 0.5598
vn 0.8817 0.2048 0.4251
vn 0.9806 -0.0000 0.1961
vn 0.9624 0.2034 -0.1800
vn 0.5264 0.3928 -0.7540
vn 0.9818 0.0785 -0.1728
vn 0.9584 0.0393 0.2828
vn 0.7721 0.1560 0.6161
vn 0.7804 0.1498 0.6071
vn 0.9378 0.0469 0.3439
vn 0.9937 0.0235 0.1095
vn 0.9570 0.0941 -0.2745
vn 0.5103 0.3140 -0.8006
vn -0.0000 0.3835 -0.9235
vn 0.4151 0.6031 -0.6812
vn 0.3370 0.9407 0.0391
vn 0.8698 0.4703 0.1489
vn 0.9756 0.2124 0.0551
vn 0.9435 0.3066 0.1258
vn 0.9383 0.2444 0.2445
vn 0.9284 0.2990 0.2204
vn 0.6967 0.7122 0.0860
vn 0.7567 0.6304 0.1734
vn 0.2902 -0.3607 -0.8864
vn -0.0000 0.3700 -0.9290
vn 0.4857 0.3367 -0.8066
vn 0.9958 0.0314 -0.0862
vn 0.9235 0.0782 -0.3756
vn 0.9901 0.0629 0.1257
vn 0.9256 0.0863 0.3686
vn 0.9905 0.0707 0.1179
vn 0.9216 0.0868 0.3783
vn 0.9118 0.0393 0.4088
vn 0.9969 -0.0000 0.0785
vn 0.9876 -0.0000 -0.1567
vn 0.9196 -0.0000 -0.3930
vn 0.5266 0.2829 -0.8017
vn -0.0000 0.4250 -0.9052
vn 0.4959 0.2124 -0.8420
vn 0.8753 -0.1971 -0.4416
vn 0.9669 -0.1415 -0.2122
vn 0.9931 -0.0938 0.0704
vn 0.9041 0.0945 0.4167
vn 0.9998 -0.0156 0.0157
vn 0.9558 -0.1959 -0.2193
vn 0.8629 -0.2197 -0.4552
vn 0.4573 -0.1971 -0.8672
vn 0.4468 -0.1254 -0.8858
vn -0.0392 0.3136 -0.9487
vn 0.8675 -0.2287 -0.4418
vn 0.9489 -0.1803 -0.2589
vn 0.9664 -0.1020 -0.2359
vn 0.9061 -0.1891 -0.3783
vn 0.8547 -0.2195 -0.4705
vn 0.7958 -0.1891 -0.5752
vn 0.9056 -0.1102 -0.4096
vn 0.8977 -0.1811 -0.4018
vn 0.9962 -0.0783 0.0392
vn 0.9720 -0.2116 -0.1019
vn 0.9266 -0.1805 -0.3300
vn 0.7954 -0.2520 -0.5512
vn 0.9457 -0.2522 -0.2049
vn 0.9694 -0.1655 0.1812
vn 0.9673 -0.2517 -0.0315
vn 0.9492 0.0237 0.3138
vn 0.8571 0.0630 0.5112
vn 0.9042 -0.0472 0.4245
vn 0.9654 -0.1805 0.1884
vn 0.9591 -0.2830 0.0079
vn 0.9459 -0.2917 -0.1419
vn 0.7921 -0.2823 -0.5412
vn 0.7874 -0.2913 -0.5433
vn 0.6534 -0.3227 -0.6847
vn 0.6368 -0.2673 -0.7232
vn 0.5744 -0.2518 -0.7789
vn 0.8061 -0.2426 -0.5398
vn 0.6865 -0.2808 -0.6707
vn 0.8050 -0.2841 -0.5209
vn 0.9513 -0.2909 -0.1022
vn 0.9144 -0.0473 0.4020
vn 0.8120 0.1251 0.5700
vn 0.7372 0.1491 0.6590
vn 0.7795 0.1575 0.6063
vn 0.5522 0.4734 0.6862
vn 0.8195 0.2811 0.4994
vn 0.7628 0.0472 0.6449
vn 0.8356 -0.0547 0.5466
vn 0.6031 -0.1018 0.7911
vn 0.6629 0.1093 0.7407
vn 0.5738 0.4953 0.6522
vn 0.5545 -0.1407 0.8202
vn 0.5157 -0.3516 0.7813
vn 0.7180 -0.4682 0.5150
vn 0.4148 -0.4069 0.8139
vn 0.8036 -0.5909 -0.0709
vn 0.5320 -0.5242 0.6650
vn 0.7562 -0.6539 0.0236
vn 0.8038 -0.5931 0.0467
vn 0.4378 -0.8914 0.1171
vn 0.5350 -0.8419 0.0707
vn 0.3280 -0.6482 0.6872
vn -0.0937 -0.9919 0.0858
vn 0.1172 -0.9611 -0.2500
vn 0.1099 -0.7297 0.6748
vn -0.0859 -0.6561 -0.7498
vn -0.1177 -0.9886 0.0941
vn -0.1020 -0.7378 0.6672
vn -0.3214 -0.9014 -0.2900
vn -0.6123 -0.7850 0.0940
vn -0.2671 -0.6284 0.7306
vn -0.4400 -0.4872 0.7543
vn -0.1562 -0.3748 0.9139
vn -0.2663 -0.3211 0.9088
vn -0.6034 -0.3056 0.7366
vn -0.6244 0.0235 0.7807
vn -0.7692 -0.0627 0.6359
vn -0.7216 0.0549 0.6902
vn -0.8863 0.0158 0.4628
vn -0.9476 -0.0940 0.3054
vn -0.9101 -0.1726 0.3766
vn -0.9505 -0.0864 0.2985
vn -0.8664 0.4919 0.0858
vn -0.6943 0.6943 -0.1894
vn -0.9017 -0.0313 0.4313
vn -0.5717 -0.2898 0.7676
vn -0.7047 -0.4776 0.5246
vn -0.9084 -0.2583 0.3288
vn -0.9040 -0.3457 0.2515
vn -0.6296 0.7712 -0.0944
vn -0.8987 0.4379 0.0234
vn -0.9453 -0.2187 0.2422
vn -0.9929 -0.0469 0.1094
vn -0.8743 0.4763 -0.0937
vn -0.8776 -0.4701 0.0940
vn -0.6261 0.7669 -0.1409
vn -0.7294 -0.6039 0.3215
vn -0.7734 -0.2422 0.5859
vn -0.8389 -0.4077 0.3606
vn -0.6736 -0.1253 0.7284
vn -0.8471 -0.2745 0.4549
vn -0.7452 -0.0157 0.6667
vn -0.8869 -0.1648 0.4316
vn -0.8949 -0.4082 0.1805
vn -0.8544 -0.5095 0.1019
vn -0.7440 -0.6578 0.1175
vn -0.8450 -0.5320 -0.0547
vn -0.7280 -0.6810 -0.0783
vn -0.9021 -0.4078 -0.1412
vn -0.6305 0.7566 -0.1734
vn -0.9974 -0.0707 0.0157
vn -0.9925 -0.0781 -0.0938
vn -0.8976 0.4060 -0.1717
vn -0.8658 0.4292 -0.2574
vn -0.6938 0.7174 -0.0631
vn -0.9004 -0.3757 -0.2192
vn -0.6629 -0.6941 -0.2808
vn -0.7961 -0.5230 -0.3044
vn -0.7936 -0.4950 -0.3536
vn -0.8721 -0.4871 -0.0471
vn -0.9568 -0.2902 -0.0157
vn -0.9541 -0.2268 0.1955
vn -0.9763 -0.0937 0.1952
vn -0.9876 -0.1568 0.0078
vn -0.9112 -0.3379 -0.2356
vn -0.6871 -0.3435 -0.6402
vn -0.6617 -0.3939 -0.6380
vn -0.6779 -0.4753 -0.5608
vn -0.5524 -0.6313 -0.5443
vn -0.8788 -0.2198 -0.4236
vn -0.8592 0.2656 -0.4372
vn -0.8827 0.3204 -0.3437
vn -0.7412 0.0233 -0.6708
vn -0.8679 -0.2346 -0.4378
vn -0.9480 -0.1959 -0.2507
vn -0.9535 -0.2579 -0.1563
vn -0.9071 -0.2816 -0.3128
vn -0.8680 -0.2190 -0.4457
vn -0.6849 -0.1339 -0.7162
vn -0.5860 -0.2656 -0.7655
vn -0.7500 -0.2578 -0.6092
vn -0.9455 -0.1733 -0.2758
vn -0.9442 -0.2809 -0.1717
vn -0.9420 -0.3297 0.0628
vn -0.9730 -0.2276 0.0392
vn -0.9450 -0.2109 0.2499
vn -0.9856 0.0940 0.1408
vn -0.9300 0.2268 0.2892
vn -0.8772 0.2116 0.4309
vn -0.9684 0.1329 0.2109
vn -0.9437 -0.2910 0.1573
vn -0.8708 -0.4079 0.2746
vn -0.9920 0.0158 0.1250
vn -0.9999 0.0080 -0.0079
vn -0.9995 -0.0313 0.0078
vn -0.9864 0.0080 -0.1644
vn -0.9390 0.0705 -0.3366
vn -0.8770 -0.1565 -0.4543
vn -0.7741 -0.2736 -0.5709
vn -0.6482 -0.3280 -0.6872
vn -0.8741 0.0392 -0.4841
vn -0.9689 0.0396 -0.2443
vn -0.9913 -0.0392 -0.1259
vn -0.8695 -0.4937 -0.0156
vn -0.8562 -0.5029 -0.1179
vn -0.9400 -0.3368 -0.0548
vn -0.6943 -0.1578 -0.7022
vn -0.6127 -0.2357 -0.7543
vn -0.7420 -0.3552 -0.5686
vn -0.5902 -0.5508 -0.5902
vn -0.5857 -0.4296 -0.6873
vn -0.4294 -0.5153 -0.7417
vn -0.4384 -0.7124 -0.5480
vn -0.2649 -0.6080 -0.7484
vn -0.2661 -0.8374 -0.4774
vn -0.1498 -0.6626 -0.7338
vn -0.1019 -0.9176 -0.3843
vn -0.0471 -0.7062 -0.7064
vn 0.0631 -0.7095 -0.7019
vn 0.1024 -0.9135 -0.3938
vn 0.2207 -0.6936 -0.6857
vn -0.0859 -0.3592 0.9293
vn -0.3204 -0.7502 0.5783
vn -0.6116 -0.7684 0.1884
vn -0.8067 -0.4856 0.3368
vn -0.9279 -0.2751 0.2518
vn -0.9393 -0.3373 0.0631
vn -0.9603 -0.2654 -0.0858
vn -0.6368 -0.7548 -0.1571
vn -0.1252 -0.9620 0.2426
vn 0.1175 -0.8227 0.5563
vn -0.0939 -0.9635 0.2508
vn 0.4328 -0.8814 0.1890
vn 0.3274 -0.8420 -0.4288
vn 0.5302 -0.7173 -0.4522
vn 0.4177 -0.6542 -0.6305
vn 0.5100 -0.5963 -0.6199
vn 0.7147 -0.6126 -0.3377
vn 0.7567 -0.6241 0.1950
vn 0.5394 -0.8131 0.2190
vn 0.8048 -0.5704 0.1642
vn 0.8028 -0.5378 0.2574
vn 0.5685 -0.6553 -0.4974
vn 0.5274 -0.4174 -0.7401
vn 0.7566 -0.6383 0.1419
vn 0.6408 -0.7112 0.2892
vn 0.7546 -0.6524 0.0708
vn 0.6414 -0.7666 -0.0313
vn -0.6366 -0.6682 0.3850
vn 0.0078 -0.9638 0.2666
vn -0.0078 -0.9963 0.0861
vn -0.0938 -0.3360 -0.9372
vn -0.3606 -0.9167 0.1724
vn -0.3836 -0.9235 -0.0080
vn -0.2600 -0.1575 -0.9527
vn -0.8210 -0.5239 -0.2268
vn -0.8832 -0.4299 0.1876
vn -0.9810 0.0706 0.1805
vn -0.9905 -0.0550 0.1259
vn -0.9910 -0.0944 -0.0945
vn -0.5407 -0.8306 0.1332
vn -0.3985 -0.8593 0.3205
vn -0.1019 0.0077 0.9948
vn -0.9583 -0.2277 0.1727
vn -0.8171 -0.5500 -0.1728
vn -0.9107 -0.4003 -0.1022
vn -0.7495 -0.1951 0.6326
vn -0.9351 -0.3536 0.0236
vn -0.9801 -0.0314 -0.1962
vn -0.8189 0.4212 -0.3899
vn -0.8446 0.5240 0.1095
vn -0.9545 0.2973 0.0236
vn -0.8910 -0.4533 -0.0234
vn -0.9567 0.2588 -0.1334
vn -0.9849 -0.0000 -0.1733
vn -0.8293 -0.3990 0.3912
vn -0.2811 0.1717 0.9442
vn -0.9798 0.0392 0.1962
vn -0.8283 0.5157 0.2188
vn -0.9711 0.2192 0.0941
vn -0.6355 -0.7689 0.0706
vn -0.8766 -0.4463 0.1800
vn -0.5954 -0.7910 0.1410
vn -0.6200 -0.7532 0.2197
vn -0.9806 -0.1960 0.0078
vn -0.8505 0.4447 -0.2809
vn -0.9994 0.0159 0.0315
vn -0.9453 0.2598 -0.1970
vn -0.6481 -0.3280 -0.6873
vn -0.7498 -0.2578 -0.6094
vn -0.5859 -0.2656 -0.7656
vn -0.6848 -0.1338 -0.7163
vn -0.4480 -0.2279 -0.8645
vn -0.5616 -0.0312 -0.8268
vn -0.7411 0.0234 -0.6710
vn -0.4804 -0.0709 -0.8742
vn -0.5551 -0.0704 -0.8288
vn -0.4164 -0.1021 -0.9034
vn -0.6149 -0.0158 -0.7884
vn -0.7335 0.1483 -0.6633
vn -0.6709 0.0234 -0.7411
vn -0.8591 0.2655 -0.4376
vn -0.7950 0.2361 -0.5588
vn 0.2271 -0.4228 0.8773
vn 0.0704 -0.4303 0.9000
vn -0.0548 -0.4307 0.9008
vn 0.8013 -0.2985 -0.5185
vn 0.7401 -0.3071 -0.5983
vn 0.8494 -0.2203 -0.4796
vn 0.8365 -0.2131 -0.5049
vn 0.6984 -0.1569 -0.6983
vn 0.6989 -0.1099 -0.7067
vn 0.6190 -0.1646 -0.7679
vn 0.2979 -0.2352 -0.9252
vn 0.2996 -0.1734 -0.9382
vn 0.4884 -0.1024 -0.8666
vn 0.5112 -0.0629 -0.8572
vn 0.5960 -0.0706 -0.7999
vn 0.7088 -0.1969 -0.6773
vn 0.3372 -0.0314 -0.9409
vn 0.2277 -0.1256 -0.9656
vn 0.0078 -0.3139 -0.9494
vn -0.0787 -0.4172 -0.9054
vn -0.0709 -0.3390 -0.9381
vn 0.1255 -0.1961 -0.9725
vn 0.3066 0.0315 -0.9513
vn -0.0470 -0.0938 -0.9945
vn -0.6006 0.2809 -0.7486
vn -0.1335 0.5261 -0.8399
vn -0.7806 -0.1716 -0.6009
vn -0.6578 -0.5950 -0.4618
vn -0.5618 -0.1951 -0.8039
vn -0.7193 -0.2265 -0.6567
vn -0.9586 -0.2200 -0.1807
vn -0.9951 -0.0940 0.0314
vn -0.9776 -0.1564 -0.1408
vn -0.7099 -0.1893 -0.6784
vn -0.5776 -0.1795 -0.7964
vn -0.7100 -0.1873 -0.6788
vn -0.5933 -0.1952 -0.7809
vn -0.9876 -0.1254 -0.0940
vn -0.7262 -0.1483 -0.6713
vn -0.6397 -0.1716 -0.7492
vn -0.8123 0.2031 -0.5467
vn -0.8491 0.0395 -0.5268
vn -0.9960 -0.0706 -0.0549
vn -0.9960 -0.0549 0.0706
vn -0.9752 -0.0236 0.2202
vn -0.9121 -0.0315 0.4088
vn -0.6906 0.0392 0.7222
vn -0.9111 0.0550 0.4084
vn -0.9699 0.0235 0.2425
vn -0.9960 -0.0235 0.0862
vn -0.9301 0.3389 -0.1419
vn -0.8751 0.3862 -0.2916
vn -0.9491 -0.2980 -0.1018
vn -0.7137 -0.6509 0.2588
vn -0.7726 0.6150 -0.1577
vn -0.9460 0.3074 0.1025
vn -0.9628 0.0470 0.2661
vn -0.9034 0.1021 0.4164
vn -0.6999 0.1416 0.7001
vn -0.6593 0.0942 0.7459
vn -0.5952 0.1801 0.7831
vn -0.6046 0.1728 0.7776
vn -0.5474 0.2268 0.8055
vn -0.5883 0.1961 0.7845
vn -0.7280 0.1644 0.6656
vn -0.8769 0.1331 0.4619
vn -0.8994 0.2972 0.3206
vn -0.7975 0.6020 -0.0391
vn -0.8191 0.5670 0.0866
vn -0.7965 0.3514 0.4920
vn -0.8139 0.5165 0.2661
vn -0.6401 0.3591 0.6792
vn -0.7667 0.4694 0.4381
vn -0.8360 0.4844 0.2578
vn -0.4538 0.3052 0.8372
vn -0.7421 0.4375 0.5078
vn -0.7827 0.4775 0.3992
vn -0.4467 0.2900 0.8464
vn -0.6667 0.4863 0.5647
vn -0.7186 0.5468 0.4296
vn -0.3290 0.2272 0.9166
vn -0.1570 0.1099 0.9815
vn -0.3221 0.3064 0.8957
vn -0.3313 0.3707 0.8677
vn -0.5952 0.5482 0.5875
vn -0.6081 0.5613 0.5613
vn -0.3920 0.2744 0.8781
vn -0.3312 0.2603 0.9069
vn -0.0313 -0.0080 0.9995
vn -0.0626 0.0627 0.9961
vn -0.1099 0.1964 0.9744
vn -0.2890 0.2266 0.9301
vn -0.5618 0.1950 0.8039
vn -0.3211 0.2663 0.9088
vn 0.0863 0.1255 0.9883
vn -0.2043 0.1964 0.9590
vn -0.1405 0.1093 0.9840
vn -0.1331 0.0939 0.9867
vn -0.0078 -0.0630 0.9980
vn -0.0077 -0.0708 0.9975
vn -0.2809 0.2965 0.9128
vn -0.5145 0.6549 0.5535
vn -0.4388 0.6033 0.6660
vn -0.2888 0.3903 0.8742
vn -0.3213 0.3919 0.8621
vn -0.2577 0.3358 0.9060
vn -0.2734 0.3437 0.8984
vn -0.3784 0.6701 0.6386
vn -0.4067 0.7589 0.5087
vn -0.2113 0.3208 0.9233
vn 0.0236 -0.1019 0.9945
vn -0.1412 0.3295 0.9335
vn -0.3120 0.7721 0.5537
vn -0.2998 0.6785 0.6706
vn -0.1799 0.3598 0.9155
vn -0.1716 0.3511 0.9205
vn -0.0627 0.3761 0.9245
vn -0.0394 0.3860 0.9217
vn -0.1331 0.7201 0.6810
vn -0.1495 0.8104 0.5665
vn -0.0702 0.3434 0.9366
vn 0.0314 -0.0864 0.9958
vn 0.0471 -0.1491 0.9877
vn 0.0391 -0.1096 0.9932
vn 0.0158 0.0392 0.9991
vn -0.0471 0.0470 0.9978
vn -0.1405 0.3201 0.9369
vn -0.1021 0.0942 0.9903
vn -0.2818 0.4070 0.8689
vn -0.3742 0.4210 0.8263
vn -0.4623 0.3840 0.7993
vn -0.4535 0.4926 0.7428
vn -0.3203 0.5000 0.8046
vn -0.3045 0.5230 0.7961
vn -0.2589 0.5176 0.8155
vn -0.0626 0.3367 0.9395
vn 0.0392 0.3371 0.9407
vn 0.0861 -0.1410 0.9863
vn 0.0782 -0.0862 0.9932
vn 0.0315 0.3861 0.9219
vn 0.1572 -0.1023 0.9823
vn 0.1496 0.3780 0.9136
vn 0.1642 -0.1331 0.9774
vn 0.0078 0.5619 0.8272
vn 0.1654 0.3307 0.9291
vn -0.1655 0.5829 0.7955
vn -0.4303 0.6022 0.6725
vn -0.3764 0.4546 0.8073
vn -0.3905 0.3513 0.8510
vn -0.4711 0.2432 0.8479
vn -0.5467 0.2576 0.7967
vn -0.4598 0.6001 0.6546
vn -0.6725 0.4301 0.6023
vn -0.6904 0.5806 0.4315
vn -0.6261 0.1409 0.7670
vn -0.7668 -0.1017 0.6338
vn -0.2208 0.7569 0.6150
vn -0.2263 0.5616 0.7959
vn -0.5622 0.2732 0.7806
vn -0.0313 0.3994 0.9162
vn -0.2425 0.0157 0.9700
vn -0.4840 -0.0390 0.8742
vn -0.2121 0.2279 0.9503
vn -0.3912 0.5320 0.7509
vn -0.3447 0.4073 0.8457
vn -0.3449 0.3526 0.8699
vn -0.2428 0.3990 0.8842
vn -0.2891 0.4529 0.8434
vn -0.2194 0.5484 0.8069
vn -0.3216 0.4077 0.8546
vn -0.3991 0.3365 0.8529
vn -0.3868 0.5684 0.7262
vn -0.1484 0.7730 0.6167
vn -0.2269 0.6964 0.6808
vn -0.1093 0.6792 0.7258
vn -0.2348 0.7435 0.6261
vn -0.0000 0.7492 0.6624
vn 0.1171 0.7101 0.6943
vn 0.1723 0.5873 0.7908
vn 0.2282 0.6924 0.6845
vn 0.2184 0.7567 0.6162
vn -0.0079 0.8643 0.5029
vn -0.0078 0.5384 0.8427
vn -0.1015 0.4449 0.8898
vn -0.5407 0.3918 0.7444
vn -0.4530 0.1719 0.8748
vn -0.3353 0.3119 0.8890
vn 0.1018 0.4543 0.8850
vn 0.3862 0.5990 0.7015
vn 0.1953 0.7809 0.5933
vn 0.2673 0.6368 0.7232
vn 0.3197 0.5381 0.7799
vn 0.2897 0.2505 0.9238
vn 0.2585 -0.1411 0.9557
vn 0.2499 -0.1720 0.9529
vn 0.3462 -0.0552 0.9365
vn 0.2730 0.3042 0.9126
vn 0.4176 0.6618 0.6226
vn 0.2362 0.8109 0.5354
vn 0.1102 0.8109 0.5747
vn -0.0391 0.8362 0.5471
vn 0.1258 0.8254 0.5503
vn -0.0000 0.7637 0.6456
vn 0.1016 0.3909 0.9148
vn 0.1250 0.4374 0.8905
vn 0.2502 0.5004 0.8288
vn 0.4997 0.4841 0.7183
vn 0.3049 0.4691 0.8288
vn 0.5356 0.5041 0.6774
vn 0.6594 0.4867 0.5730
vn 0.6786 0.4914 0.5460
vn 0.4366 0.8109 0.3897
vn 0.1496 0.9762 0.1573
vn 0.2749 0.9583 0.0784
vn 0.4255 0.8982 -0.1103
vn 0.7248 0.4333 0.5357
vn 0.6930 0.4646 0.5512
vn 0.6237 0.5447 0.5605
vn 0.6862 0.1183 0.7177
vn 0.7934 0.2042 0.5734
vn 0.7183 -0.1094 0.6871
vn 0.7866 0.4405 0.4327
vn 0.5030 0.6601 -0.5579
vn -0.2907 0.3145 -0.9037
vn 0.3218 0.5180 -0.7926
vn 0.8724 0.3930 0.2908
vn 0.8573 0.1652 0.4876
vn 0.5904 -0.2834 0.7557
vn 0.8905 0.0937 0.4453
vn 0.8735 0.1889 0.4487
vn 0.5986 -0.0944 0.7955
vn 0.9267 0.3377 0.1649
vn 0.8454 0.4383 0.3053
vn 0.1726 0.1962 -0.9652
vn 0.9100 0.3609 0.2040
vn 0.9205 0.3226 0.2204
vn 0.7781 0.4402 0.4480
vn 0.6319 -0.3745 0.6786
vn 0.6996 0.5502 0.4559
vn 0.9286 -0.3433 -0.1405
vn 0.7876 -0.3309 0.5198
vn 0.9388 -0.0079 -0.3443
vn 0.9212 0.0703 0.3826
vn 0.9260 0.2590 0.2746
vn 0.9452 0.3230 0.0474
vn 0.8897 0.4410 0.1182
vn 0.7415 0.2051 0.6388
vn 0.9689 0.2128 0.1261
vn 0.9138 0.1260 0.3860
vn 0.6502 0.0157 -0.7596
vn 0.7909 0.0392 -0.6107
vn 0.8582 -0.0394 -0.5118
vn 0.9425 0.1336 0.3064
vn 0.9686 0.2442 -0.0472
vn 0.8905 -0.2129 -0.4020
vn 0.6572 -0.0626 -0.7511
vn 0.7240 -0.3148 -0.6138
vn 0.7693 0.0628 -0.6358
vn 0.8578 0.1023 -0.5037
vn 0.8519 -0.0000 -0.5237
vn 0.6091 0.2811 0.7416
vn 0.7956 0.2127 0.5672
vn 0.8589 0.1970 0.4728
vn -0.2750 0.1416 -0.9510
vn -0.3461 0.1811 -0.9206
vn 0.3832 0.9231 0.0312
vn 0.4546 0.8857 -0.0942
vn 0.5207 0.6154 0.5917
vn 0.4152 0.0391 0.9089
vn 0.3467 -0.0079 0.9379
vn 0.3834 -0.0235 0.9233
vn 0.4689 -0.0080 0.8832
vn 0.6058 0.5586 0.5665
vn 0.5804 0.8079 -0.1021
vn -0.1335 -0.0157 -0.9909
vn 0.1103 -0.4571 -0.8826
vn 0.9346 -0.3535 -0.0394
vn 0.8966 0.4168 -0.1496
vn 0.7969 0.4575 0.3946
vn 0.6718 -0.1798 0.7186
vn 0.4568 0.3465 0.8193
vn 0.4883 0.5198 0.7010
vn 0.4016 0.3938 0.8268
vn 0.3303 -0.0001 0.9439
vn 0.4419 0.5681 0.6942
vn 0.5377 0.4908 0.6855
vn 0.4758 0.5302 0.7017
vn 0.4018 0.4252 0.8110
vn 0.3310 0.3545 0.8745
vn 0.4534 0.2033 0.8678
vn 0.4289 0.4133 0.8032
vn 0.4380 0.3285 0.8368
vn 0.2572 0.5378 0.8029
vn 0.4002 0.6824 0.6117
vn 0.5455 0.4208 0.7248
vn 0.7484 -0.4488 -0.4884
vn 0.9051 -0.2888 -0.3122
vn 0.6055 -0.0472 -0.7945
vn 0.9468 0.3210 -0.0234
vn 0.8588 0.5121 0.0158
vn 0.1411 0.7844 -0.6040
vn 0.5264 0.5973 -0.6051
vn -0.5002 0.4456 0.7424
vn -0.5149 0.0937 0.8521
vn -0.2344 0.4687 0.8517
vn -0.5002 0.5551 0.6646
vn -0.5544 0.3279 0.7650
vn -0.4464 0.2113 0.8695
vn -0.7280 0.1643 0.6656
vn -0.5153 0.1015 0.8510
vn -0.5848 0.1948 0.7874
vn -0.7776 -0.1414 0.6126
vn -0.6971 0.5482 0.4621
vn -0.2660 0.6414 0.7196
vn -0.2516 -0.0393 0.9670
vt 0.439201 0.175400
vt 0.440261 0.179690
vt 0.423801 0.179883
vt 0.462144 0.170605
vt 0.460939 0.167255
vt 0.482749 0.158241
vt 0.483617 0.162651
vt 0.497089 0.157012
vt 0.496077 0.151975
vt 0.511019 0.145275
vt 0.511188 0.150770
vt 0.522707 0.140528
vt 0.518586 0.135587
vt 0.525334 0.116355
vt 0.529600 0.121079
vt 0.539915 0.099389
vt 0.537312 0.095750
vt 0.552350 0.075144
vt 0.554447 0.079386
vt 0.559484 0.073963
vt 0.564979 0.063648
vt 0.562376 0.078470
vt 0.557894 0.083362
vt 0.545385 0.114813
vt 0.553797 0.107077
vt 0.552206 0.122597
vt 0.534709 0.131659
vt 0.540710 0.142215
vt 0.531335 0.153108
vt 0.518755 0.168845
vt 0.502873 0.171689
vt 0.488654 0.175810
vt 0.468241 0.184824
vt 0.446045 0.190921
vt 0.450817 0.203332
vt 0.475086 0.197500
vt 0.497571 0.194030
vt 0.511959 0.191837
vt 0.527817 0.191909
vt 0.538565 0.167255
vt 0.547434 0.152096
vt 0.554929 0.131177
vt 0.559966 0.126212
vt 0.558833 0.121296
vt 0.560424 0.104329
vt 0.563485 0.082784
vt 0.565099 0.102425
vt 0.563437 0.119295
vt 0.564111 0.123730
vt 0.564666 0.132647
vt 0.562256 0.141299
vt 0.557460 0.158121
vt 0.544229 0.186824
vt 0.555797 0.174991
vt 0.570136 0.167375
vt 0.574523 0.153397
vt 0.578138 0.147324
vt 0.584958 0.161591
vt 0.580355 0.172942
vt 0.567895 0.182004
vt 0.555797 0.185667
vt 0.567485 0.199934
vt 0.549965 0.201019
vt 0.533143 0.206707
vt 0.518586 0.209092
vt 0.503355 0.207164
vt 0.481809 0.208080
vt 0.459300 0.212997
vt 0.467711 0.228397
vt 0.489160 0.225842
vt 0.510031 0.226228
vt 0.528058 0.229312
vt 0.543482 0.225697
vt 0.557315 0.219456
vt 0.566160 0.208683
vt 0.574739 0.190126
vt 0.571775 0.202682
vt 0.569775 0.217383
vt 0.563364 0.232638
vt 0.534083 0.246833
vt 0.547579 0.248159
vt 0.569823 0.233048
vt 0.562472 0.241893
vt 0.575438 0.219865
vt 0.577897 0.205550
vt 0.579608 0.196536
vt 0.588766 0.192102
vt 0.586404 0.206297
vt 0.584789 0.219841
vt 0.579174 0.234349
vt 0.578596 0.245122
vt 0.572474 0.250472
vt 0.551965 0.251605
vt 0.545169 0.256377
vt 0.536155 0.254714
vt 0.517116 0.251099
vt 0.515212 0.243893
vt 0.497089 0.242688
vt 0.497330 0.250111
vt 0.473350 0.244881
vt 0.474001 0.251774
vt 0.453636 0.249315
vt 0.447202 0.235241
vt 0.439755 0.219938
vt 0.432332 0.209189
vt 0.428114 0.195596
vt 0.424668 0.185571
vt 0.407509 0.177931
vt 0.406762 0.188439
vt 0.388446 0.171617
vt 0.411847 0.199260
vt 0.417968 0.214732
vt 0.423005 0.226685
vt 0.427873 0.243146
vt 0.433151 0.257244
vt 0.451733 0.258570
vt 0.456119 0.271512
vt 0.435851 0.269584
vt 0.420451 0.264884
vt 0.413606 0.251388
vt 0.406208 0.231915
vt 0.401098 0.220685
vt 0.393603 0.204007
vt 0.389964 0.191885
vt 0.384734 0.222950
vt 0.380926 0.202923
vt 0.373889 0.189138
vt 0.365069 0.179497
vt 0.375697 0.165760
vt 0.360851 0.198199
vt 0.352778 0.189162
vt 0.366587 0.211551
vt 0.371166 0.231313
vt 0.375552 0.251412
vt 0.390518 0.242230
vt 0.398278 0.260763
vt 0.381481 0.266740
vt 0.367864 0.271030
vt 0.361960 0.258233
vt 0.357357 0.241170
vt 0.350319 0.222492
vt 0.346078 0.206586
vt 0.344029 0.194512
vt 0.329111 0.204152
vt 0.333329 0.213358
vt 0.339980 0.228204
vt 0.343089 0.243628
vt 0.347234 0.261992
vt 0.354079 0.275946
vt 0.363406 0.287225
vt 0.377649 0.282236
vt 0.387193 0.279127
vt 0.402713 0.273825
vt 0.422451 0.277802
vt 0.405725 0.285201
vt 0.391145 0.289659
vt 0.381553 0.291322
vt 0.373721 0.292238
vt 0.382951 0.301781
vt 0.370588 0.304023
vt 0.385771 0.325351
vt 0.394278 0.319350
vt 0.396158 0.299130
vt 0.411100 0.294600
vt 0.424668 0.286912
vt 0.438646 0.278356
vt 0.443346 0.289804
vt 0.459348 0.282887
vt 0.477664 0.264402
vt 0.499138 0.264499
vt 0.481328 0.275850
vt 0.462457 0.292672
vt 0.445828 0.296528
vt 0.429802 0.297443
vt 0.415510 0.303974
vt 0.406183 0.314145
vt 0.400809 0.327834
vt 0.395266 0.336823
vt 0.406882 0.332268
vt 0.400713 0.342245
vt 0.413100 0.321495
vt 0.419077 0.310409
vt 0.428861 0.304360
vt 0.467277 0.317904
vt 0.435995 0.317591
vt 0.453251 0.324677
vt 0.472989 0.338076
vt 0.438911 0.335835
vt 0.460264 0.347740
vt 0.463542 0.350632
vt 0.451010 0.361188
vt 0.454986 0.362682
vt 0.476170 0.374130
vt 0.450383 0.377118
vt 0.445997 0.376998
vt 0.473808 0.388783
vt 0.449732 0.392470
vt 0.445467 0.393675
vt 0.453588 0.407653
vt 0.480147 0.402158
vt 0.449539 0.410160
vt 0.462192 0.421005
vt 0.474435 0.430693
vt 0.459396 0.424933
vt 0.472748 0.435320
vt 0.488630 0.436212
vt 0.488148 0.441176
vt 0.492896 0.409147
vt 0.503644 0.436718
vt 0.504367 0.441658
vt 0.519936 0.437248
vt 0.518056 0.432645
vt 0.533408 0.427921
vt 0.506994 0.407268
vt 0.530492 0.423921
vt 0.543819 0.414787
vt 0.517598 0.397386
vt 0.540059 0.411678
vt 0.550254 0.398375
vt 0.545723 0.396688
vt 0.552423 0.380348
vt 0.547073 0.380516
vt 0.520442 0.382902
vt 0.512971 0.394181
vt 0.504777 0.402206
vt 0.493474 0.403508
vt 0.495884 0.382758
vt 0.514899 0.382734
vt 0.513646 0.369503
vt 0.540927 0.365815
vt 0.545458 0.364538
vt 0.569823 0.381071
vt 0.567244 0.368780
vt 0.582476 0.374491
vt 0.587175 0.388927
vt 0.591031 0.381746
vt 0.599514 0.380083
vt 0.590814 0.364851
vt 0.579343 0.356802
vt 0.564690 0.354922
vt 0.533986 0.350656
vt 0.542253 0.334051
vt 0.530588 0.353163
vt 0.517670 0.343884
vt 0.519863 0.340317
vt 0.530516 0.325809
vt 0.517309 0.319350
vt 0.504247 0.334341
vt 0.503427 0.338486
vt 0.500463 0.362249
vt 0.509501 0.372346
vt 0.499427 0.366996
vt 0.486244 0.363936
vt 0.488823 0.337980
vt 0.488172 0.333666
vt 0.501644 0.314771
vt 0.517285 0.297178
vt 0.530998 0.303685
vt 0.545675 0.313494
vt 0.559725 0.318989
vt 0.562955 0.338197
vt 0.577993 0.343499
vt 0.577463 0.328629
vt 0.560159 0.306071
vt 0.579270 0.319808
vt 0.590790 0.332316
vt 0.592670 0.352705
vt 0.601611 0.361429
vt 0.602503 0.350560
vt 0.615204 0.363092
vt 0.614457 0.368033
vt 0.640918 0.382541
vt 0.640460 0.369189
vt 0.666826 0.366683
vt 0.639954 0.363574
vt 0.616818 0.348560
vt 0.601924 0.334027
vt 0.604696 0.327641
vt 0.594646 0.315205
vt 0.578041 0.304360
vt 0.593007 0.303926
vt 0.605202 0.312675
vt 0.614384 0.321399
vt 0.616601 0.335931
vt 0.636677 0.336630
vt 0.638605 0.348029
vt 0.665741 0.361260
vt 0.662970 0.347596
vt 0.655306 0.335642
vt 0.633351 0.322146
vt 0.650727 0.322652
vt 0.614649 0.303444
vt 0.629784 0.304529
vt 0.646895 0.305300
vt 0.663307 0.304987
vt 0.666898 0.322411
vt 0.670296 0.333377
vt 0.679575 0.349524
vt 0.681551 0.359694
vt 0.687118 0.350391
vt 0.685696 0.329737
vt 0.682346 0.318555
vt 0.677478 0.301830
vt 0.660753 0.290768
vt 0.644509 0.292214
vt 0.628242 0.292358
vt 0.642172 0.278838
vt 0.658054 0.274862
vt 0.674538 0.281658
vt 0.688034 0.297612
vt 0.692420 0.314362
vt 0.697674 0.325930
vt 0.700566 0.339956
vt 0.702566 0.352030
vt 0.691745 0.363044
vt 0.683744 0.377889
vt 0.701723 0.371214
vt 0.693384 0.378902
vt 0.698518 0.385722
vt 0.716810 0.377649
vt 0.717364 0.364393
vt 0.716689 0.351765
vt 0.714592 0.334196
vt 0.714303 0.313711
vt 0.700614 0.309686
vt 0.685263 0.277416
vt 0.695601 0.292623
vt 0.702181 0.304987
vt 0.715580 0.298889
vt 0.728787 0.299323
vt 0.732330 0.316290
vt 0.730667 0.332268
vt 0.740163 0.355814
vt 0.736668 0.372660
vt 0.747344 0.390397
vt 0.750526 0.386758
vt 0.742814 0.371575
vt 0.745224 0.355790
vt 0.748694 0.339667
vt 0.749031 0.311229
vt 0.746549 0.301685
vt 0.740765 0.286213
vt 0.724738 0.290262
vt 0.720521 0.286020
vt 0.712303 0.292527
vt 0.698975 0.292117
vt 0.709893 0.282357
vt 0.697433 0.279441
vt 0.694228 0.279007
vt 0.687721 0.272042
vt 0.702446 0.269897
vt 0.706687 0.273343
vt 0.716954 0.276332
vt 0.731101 0.275512
vt 0.735632 0.277199
vt 0.753851 0.275368
vt 0.758696 0.289972
vt 0.762118 0.302649
vt 0.760527 0.326171
vt 0.752863 0.341209
vt 0.772890 0.358320
vt 0.775011 0.372202
vt 0.761660 0.399074
vt 0.759226 0.403339
vt 0.774963 0.407822
vt 0.773517 0.412570
vt 0.786121 0.381794
vt 0.789905 0.411967
vt 0.789544 0.416956
vt 0.805209 0.411606
vt 0.805980 0.416522
vt 0.821476 0.410883
vt 0.819597 0.406279
vt 0.834996 0.400881
vt 0.800533 0.383408
vt 0.799690 0.378878
vt 0.787857 0.377335
vt 0.779301 0.369479
vt 0.796726 0.358344
vt 0.777759 0.358103
vt 0.780482 0.345234
vt 0.783808 0.347837
vt 0.793906 0.338124
vt 0.794315 0.342559
vt 0.805570 0.343523
vt 0.813837 0.351187
vt 0.808149 0.339763
vt 0.818295 0.349548
vt 0.815813 0.362610
vt 0.810318 0.373190
vt 0.813523 0.376757
vt 0.832177 0.396880
vt 0.845287 0.387024
vt 0.841648 0.383866
vt 0.852565 0.369937
vt 0.847504 0.368442
vt 0.820536 0.363815
vt 0.846251 0.352078
vt 0.850854 0.351524
vt 0.859795 0.363839
vt 0.854759 0.389506
vt 0.872472 0.339305
vt 0.845408 0.335594
vt 0.841190 0.337329
vt 0.832201 0.325424
vt 0.835744 0.322459
vt 0.863483 0.320242
vt 0.852445 0.304408
vt 0.877413 0.319158
vt 0.867098 0.305493
vt 0.856036 0.293081
vt 0.839166 0.295033
vt 0.822681 0.313253
vt 0.820271 0.317109
vt 0.806197 0.313494
vt 0.807185 0.309156
vt 0.823790 0.289780
vt 0.836322 0.276597
vt 0.845480 0.282718
vt 0.849794 0.278742
vt 0.841094 0.271222
vt 0.847938 0.267559
vt 0.839093 0.260884
vt 0.822175 0.276115
vt 0.804269 0.288382
vt 0.790821 0.310144
vt 0.791327 0.314241
vt 0.776867 0.319688
vt 0.763660 0.328773
vt 0.774915 0.316097
vt 0.776216 0.295708
vt 0.787760 0.290985
vt 0.803498 0.276091
vt 0.817331 0.260136
vt 0.834129 0.248400
vt 0.850589 0.251388
vt 0.850252 0.261992
vt 0.860205 0.269102
vt 0.856735 0.273223
vt 0.860229 0.289177
vt 0.871122 0.300817
vt 0.880257 0.311012
vt 0.884908 0.298576
vt 0.877846 0.291201
vt 0.867122 0.281778
vt 0.870544 0.276139
vt 0.868399 0.264499
vt 0.855000 0.241386
vt 0.872183 0.243845
vt 0.836900 0.237940
vt 0.818367 0.235819
vt 0.818030 0.247580
vt 0.801835 0.260040
vt 0.800099 0.247701
vt 0.785663 0.262667
vt 0.786242 0.278838
vt 0.773180 0.282212
vt 0.770914 0.266258
vt 0.783470 0.249990
vt 0.798461 0.236928
vt 0.818054 0.223432
vt 0.838925 0.226565
vt 0.854734 0.228059
vt 0.865170 0.228445
vt 0.855192 0.224299
vt 0.840901 0.223697
vt 0.818102 0.220709
vt 0.842467 0.196151
vt 0.857241 0.196705
vt 0.867363 0.224396
vt 0.888185 0.225047
vt 0.897922 0.233626
vt 0.888595 0.213455
vt 0.873316 0.193813
vt 0.857554 0.173352
vt 0.841961 0.172701
vt 0.818801 0.192005
vt 0.803690 0.200055
vt 0.796219 0.224589
vt 0.796533 0.226878
vt 0.779349 0.239555
vt 0.765540 0.255557
vt 0.788291 0.214226
vt 0.776843 0.229071
vt 0.777204 0.231409
vt 0.762985 0.244688
vt 0.745826 0.253244
vt 0.748429 0.263727
vt 0.737054 0.259438
vt 0.736668 0.270234
vt 0.733752 0.270524
vt 0.731704 0.265920
vt 0.730354 0.267824
vt 0.725847 0.270933
vt 0.721003 0.266065
vt 0.720979 0.263294
vt 0.723678 0.256377
vt 0.734692 0.250593
vt 0.747248 0.237048
vt 0.760720 0.235843
vt 0.760648 0.233241
vt 0.748549 0.233891
vt 0.750959 0.224083
vt 0.738186 0.227770
vt 0.735945 0.230349
vt 0.720425 0.232229
vt 0.721485 0.248279
vt 0.710447 0.255630
vt 0.709194 0.247725
vt 0.696180 0.255967
vt 0.707507 0.235289
vt 0.694421 0.240832
vt 0.706953 0.231722
vt 0.721316 0.229481
vt 0.721364 0.215383
vt 0.742139 0.212274
vt 0.762190 0.225601
vt 0.762069 0.211189
vt 0.772698 0.220347
vt 0.772650 0.216298
vt 0.786194 0.210731
vt 0.765203 0.209454
vt 0.778385 0.199139
vt 0.800268 0.198512
vt 0.804269 0.191596
vt 0.800437 0.192005
vt 0.799979 0.186390
vt 0.795737 0.185812
vt 0.802076 0.157831
vt 0.818777 0.175111
vt 0.812897 0.158145
vt 0.829646 0.167279
vt 0.826682 0.156651
vt 0.831839 0.157904
vt 0.834635 0.163905
vt 0.843215 0.168291
vt 0.843046 0.157542
vt 0.835045 0.152023
vt 0.831430 0.146263
vt 0.811210 0.138238
vt 0.808294 0.137105
vt 0.798822 0.156410
vt 0.784627 0.162627
vt 0.785447 0.136382
vt 0.790098 0.127827
vt 0.782290 0.143034
vt 0.783278 0.130936
vt 0.775204 0.160965
vt 0.773613 0.142094
vt 0.776747 0.178196
vt 0.782964 0.179256
vt 0.771083 0.180293
vt 0.766624 0.164748
vt 0.764721 0.144793
vt 0.761660 0.133659
vt 0.771830 0.130888
vt 0.780940 0.125610
vt 0.770023 0.121585
vt 0.761298 0.128502
vt 0.750743 0.132213
vt 0.760045 0.138720
vt 0.746838 0.148698
vt 0.749682 0.170942
vt 0.759973 0.185498
vt 0.756864 0.188077
vt 0.747513 0.174171
vt 0.739343 0.195283
vt 0.720015 0.197814
vt 0.735343 0.177859
vt 0.729631 0.151975
vt 0.733053 0.149830
vt 0.729848 0.136117
vt 0.726450 0.138527
vt 0.714038 0.161374
vt 0.710736 0.142311
vt 0.723268 0.119199
vt 0.708158 0.123296
vt 0.694276 0.126309
vt 0.696758 0.145251
vt 0.698662 0.163808
vt 0.682973 0.131707
vt 0.683672 0.148529
vt 0.701145 0.181932
vt 0.685455 0.167086
vt 0.716978 0.179787
vt 0.703820 0.198922
vt 0.687046 0.184173
vt 0.689793 0.201284
vt 0.706808 0.218275
vt 0.691601 0.222757
vt 0.692372 0.237097
vt 0.678201 0.244038
vt 0.677406 0.214443
vt 0.673478 0.195717
vt 0.676683 0.182390
vt 0.674948 0.167206
vt 0.673791 0.150481
vt 0.673960 0.135900
vt 0.673526 0.123151
vt 0.682901 0.117392
vt 0.693384 0.107197
vt 0.705555 0.104426
vt 0.692637 0.094183
vt 0.684419 0.096521
vt 0.675743 0.103751
vt 0.660608 0.127514
vt 0.660777 0.108691
vt 0.661500 0.138961
vt 0.663380 0.151831
vt 0.665814 0.168002
vt 0.667260 0.182486
vt 0.658608 0.186173
vt 0.668971 0.197862
vt 0.671525 0.214973
vt 0.666946 0.228348
vt 0.662416 0.224854
vt 0.656005 0.203549
vt 0.653354 0.188149
vt 0.650197 0.171087
vt 0.654607 0.169689
vt 0.651016 0.153903
vt 0.648317 0.142841
vt 0.645763 0.134213
vt 0.647449 0.124429
vt 0.647112 0.110041
vt 0.658078 0.092641
vt 0.652221 0.101365
vt 0.639665 0.105582
vt 0.644220 0.095991
vt 0.634652 0.114451
vt 0.636243 0.103269
vt 0.630965 0.112282
vt 0.631543 0.096593
vt 0.640605 0.095147
vt 0.643352 0.085941
vt 0.647257 0.087387
vt 0.650366 0.080229
vt 0.668465 0.084953
vt 0.685769 0.076180
vt 0.668537 0.079024
vt 0.651185 0.070420
vt 0.654246 0.073120
vt 0.646220 0.076952
vt 0.640533 0.074734
vt 0.648221 0.064733
vt 0.634026 0.070228
vt 0.620481 0.088640
vt 0.613107 0.098593
vt 0.622651 0.112692
vt 0.625976 0.119633
vt 0.620747 0.116500
vt 0.618312 0.118307
vt 0.626820 0.127128
vt 0.628796 0.123682
vt 0.641810 0.119175
vt 0.636532 0.128839
vt 0.633134 0.130767
vt 0.642099 0.131008
vt 0.642196 0.135635
vt 0.638966 0.132719
vt 0.631953 0.136069
vt 0.628965 0.131659
vt 0.624217 0.128767
vt 0.622867 0.138792
vt 0.635231 0.141949
vt 0.644003 0.143082
vt 0.646775 0.154192
vt 0.636821 0.149276
vt 0.626820 0.146673
vt 0.617035 0.146673
vt 0.617734 0.134623
vt 0.607540 0.124308
vt 0.604985 0.107679
vt 0.602864 0.116427
vt 0.593658 0.100883
vt 0.601394 0.085194
vt 0.612384 0.069938
vt 0.591513 0.078687
vt 0.588308 0.095702
vt 0.589224 0.106739
vt 0.584741 0.099678
vt 0.596622 0.122597
vt 0.599707 0.133105
vt 0.609661 0.144239
vt 0.617541 0.155253
vt 0.610384 0.155036
vt 0.625229 0.154289
vt 0.636966 0.159543
vt 0.624121 0.163495
vt 0.636339 0.172340
vt 0.636845 0.188993
vt 0.623470 0.173786
vt 0.614818 0.164025
vt 0.603876 0.164989
vt 0.604334 0.152192
vt 0.591947 0.145444
vt 0.598382 0.161422
vt 0.601780 0.169110
vt 0.612239 0.175039
vt 0.624940 0.189547
vt 0.637593 0.205309
vt 0.626579 0.205815
vt 0.612095 0.191451
vt 0.596815 0.189981
vt 0.592670 0.178003
vt 0.596333 0.166170
vt 0.586693 0.156530
vt 0.594236 0.206297
vt 0.613589 0.207646
vt 0.616095 0.210948
vt 0.606600 0.219456
vt 0.593080 0.219407
vt 0.592718 0.235603
vt 0.600551 0.235265
vt 0.609516 0.223191
vt 0.627037 0.209623
vt 0.618288 0.237772
vt 0.604359 0.238061
vt 0.594791 0.243700
vt 0.608528 0.259413
vt 0.633086 0.236904
vt 0.621470 0.260956
vt 0.635857 0.208731
vt 0.647377 0.217648
vt 0.646076 0.233771
vt 0.637930 0.259245
vt 0.625832 0.279850
vt 0.612022 0.279103
vt 0.602406 0.277754
vt 0.600719 0.258064
vt 0.590356 0.258064
vt 0.585199 0.244712
vt 0.583873 0.235916
vt 0.587392 0.260329
vt 0.593055 0.278356
vt 0.602840 0.288237
vt 0.613227 0.290864
vt 0.653908 0.255581
vt 0.667669 0.250279
vt 0.660343 0.228975
vt 0.650703 0.214660
vt 0.671574 0.246327
vt 0.678707 0.248617
vt 0.681310 0.265728
vt 0.672393 0.270138
vt 0.698855 0.262522
vt 0.711990 0.264161
vt 0.713267 0.266306
vt 0.848782 0.531431
vt 0.855530 0.517092
vt 0.862663 0.533817
vt 0.868351 0.516634
vt 0.858615 0.501282
vt 0.877798 0.532275
vt 0.869411 0.499740
vt 0.879654 0.501933
vt 0.886836 0.502728
vt 0.880353 0.486268
vt 0.887029 0.490365
vt 0.869146 0.484412
vt 0.887535 0.483135
vt 0.876400 0.469157
vt 0.866519 0.467494
vt 0.874376 0.449780
vt 0.888691 0.414570
vt 0.865122 0.447949
vt 0.876280 0.428909
vt 0.879943 0.410642
vt 0.866857 0.427994
vt 0.869604 0.409099
vt 0.856638 0.428958
vt 0.856614 0.409461
vt 0.870351 0.390205
vt 0.870207 0.371455
vt 0.874280 0.352367
vt 0.879533 0.355211
vt 0.878979 0.346873
vt 0.887390 0.337209
vt 0.895054 0.319977
vt 0.898886 0.313976
vt 0.896187 0.302046
vt 0.891969 0.294334
vt 0.881413 0.282598
vt 0.878907 0.272403
vt 0.895512 0.275826
vt 0.894620 0.287635
vt 0.912840 0.289852
vt 0.913033 0.297371
vt 0.911659 0.304167
vt 0.909369 0.327087
vt 0.915828 0.314675
vt 0.929300 0.305131
vt 0.930602 0.290985
vt 0.929879 0.298552
vt 0.914021 0.277368
vt 0.895825 0.262161
vt 0.913225 0.263245
vt 0.878353 0.259558
vt 0.916021 0.233626
vt 0.909393 0.211044
vt 0.919106 0.215190
vt 0.932987 0.234012
vt 0.933301 0.264017
vt 0.932192 0.278139
vt 0.949930 0.263125
vt 0.949400 0.279633
vt 0.948749 0.291997
vt 0.946652 0.299371
vt 0.928457 0.315157
vt 0.941013 0.316241
vt 0.946821 0.306288
vt 0.962221 0.306095
vt 0.967499 0.298986
vt 0.966053 0.291997
vt 0.966800 0.280043
vt 0.966005 0.261703
vt 0.965161 0.233795
vt 0.949761 0.234639
vt 0.948315 0.216877
vt 0.932867 0.216130
vt 0.932698 0.199525
vt 0.948002 0.199742
vt 0.963884 0.215720
vt 0.977621 0.214202
vt 0.988659 0.233916
vt 0.983983 0.263607
vt 0.980682 0.280332
vt 0.978946 0.288984
vt 0.981356 0.297612
vt 0.973765 0.303926
vt 0.986827 0.307614
vt 0.976609 0.316482
vt 0.957786 0.317519
vt 0.945495 0.329376
vt 0.959136 0.324194
vt 0.979236 0.324966
vt 0.989623 0.312000
vt 0.991478 0.327303
vt 0.980826 0.346318
vt 0.967499 0.342390
vt 0.947761 0.336486
vt 0.926890 0.334124
vt 0.927420 0.328147
vt 0.905899 0.333714
vt 0.905923 0.341040
vt 0.886836 0.343306
vt 0.882907 0.350223
vt 0.888354 0.347234
vt 0.888957 0.358874
vt 0.893295 0.361092
vt 0.906019 0.344463
vt 0.926432 0.341643
vt 0.925878 0.344487
vt 0.946773 0.343499
vt 0.965498 0.348126
vt 0.971933 0.352151
vt 0.975886 0.358079
vt 0.988201 0.375721
vt 0.967981 0.355163
vt 0.963257 0.351765
vt 0.946122 0.346849
vt 0.941832 0.360754
vt 0.956075 0.365068
vt 0.960630 0.363719
vt 0.970559 0.360971
vt 0.977163 0.378974
vt 0.973452 0.378998
vt 0.973958 0.397242
vt 0.993696 0.381480
vt 0.989020 0.399315
vt 0.972343 0.416016
vt 0.985188 0.418040
vt 0.973114 0.434790
vt 0.983116 0.436959
vt 0.972608 0.454528
vt 0.980898 0.455926
vt 0.977910 0.474338
vt 0.969017 0.473567
vt 0.974464 0.491305
vt 0.963209 0.455275
vt 0.963667 0.434525
vt 0.962004 0.416160
vt 0.964607 0.396880
vt 0.963522 0.380107
vt 0.965016 0.374853
vt 0.958606 0.381023
vt 0.957714 0.409774
vt 0.953063 0.418691
vt 0.958967 0.474073
vt 0.946363 0.486509
vt 0.953135 0.490461
vt 0.964486 0.489883
vt 0.962655 0.504945
vt 0.973211 0.507548
vt 0.974729 0.523888
vt 0.962124 0.521767
vt 0.952243 0.505982
vt 0.946122 0.493763
vt 0.945062 0.506006
vt 0.951111 0.536227
vt 0.966438 0.540734
vt 0.980151 0.538348
vt 0.942772 0.543915
vt 0.949713 0.544855
vt 0.944290 0.550470
vt 0.913539 0.552832
vt 0.885366 0.540903
vt 0.878328 0.541071
vt 0.883173 0.547265
vt 0.885100 0.404858
vt 0.891318 0.407099
vt 0.951472 0.410810
vt 0.951593 0.401363
vt 0.933614 0.399917
vt 0.948074 0.401749
vt 0.951593 0.389650
vt 0.947544 0.395145
vt 0.938338 0.393675
vt 0.939615 0.387216
vt 0.933012 0.389241
vt 0.912454 0.387939
vt 0.910406 0.398254
vt 0.895825 0.398399
vt 0.892379 0.397531
vt 0.888258 0.376540
vt 0.879919 0.391193
vt 0.883317 0.375865
vt 0.873894 0.372129
vt 0.882498 0.370515
vt 0.948363 0.388662
vt 0.951183 0.382396
vt 0.941278 0.380757
vt 0.934048 0.380902
vt 0.906526 0.391651
vt 0.912623 0.379697
vt 0.906164 0.385168
vt 0.897199 0.391940
vt 0.893921 0.385891
vt 0.897271 0.385312
vt 0.895343 0.378588
vt 0.892933 0.372371
vt 0.893608 0.366056
vt 0.908068 0.358682
vt 0.925010 0.358923
vt 0.954846 0.370491
vt 0.905272 0.372057
vt 0.905513 0.378685
vt 0.942435 0.374491
vt 0.954702 0.376227
vt 0.441900 0.410135
vt 0.423487 0.391964
vt 0.425198 0.370515
vt 0.417221 0.357645
vt 0.429560 0.351693
vt 0.424403 0.341739
vt 0.413148 0.355115
vt 0.430380 0.326894
vt 0.425584 0.325761
vt 0.430621 0.314771
vt 0.423270 0.314410
vt 0.417727 0.323544
vt 0.419920 0.340173
vt 0.405412 0.348511
vt 0.411799 0.335738
vt 0.859048 0.484725
vt 0.857554 0.467205
vt 0.856711 0.448334
vt 0.604479 0.302504
vt 0.593562 0.290286
vt 0.586139 0.289273
vt 0.589127 0.277609
vt 0.570739 0.270210
vt 0.566449 0.280140
vt 0.561075 0.297082
vt 0.548254 0.295708
vt 0.534179 0.285128
vt 0.551435 0.284646
vt 0.547338 0.269463
vt 0.558520 0.264137
vt 0.578644 0.257606
vt 0.536806 0.268355
vt 0.517237 0.277537
vt 0.498824 0.293419
vt 0.484967 0.314482
vt 0.482653 0.292551
vt 0.498511 0.275223
vt 0.518104 0.264860
vt 0.475061 0.341956
vt 0.480749 0.376034
vt 0.488654 0.368515
vt 0.478725 0.387264
vt 0.483521 0.397820
vt 0.993744 0.212418
vt 0.998492 0.224757
vt 0.990972 0.194632
vt 0.974729 0.197476
vt 0.964077 0.198802
vt 0.948243 0.179160
vt 0.963619 0.178630
vt 0.973500 0.178244
vt 0.987791 0.176533
vt 0.971620 0.160989
vt 0.984995 0.156506
vt 0.962004 0.161567
vt 0.969065 0.146601
vt 0.982152 0.140046
vt 0.965812 0.133225
vt 0.974367 0.122670
vt 0.960293 0.146456
vt 0.948122 0.161398
vt 0.932385 0.178509
vt 0.917588 0.198802
vt 0.908550 0.199910
vt 0.916985 0.175714
vt 0.931686 0.159711
vt 0.947279 0.144504
vt 0.950846 0.126598
vt 0.954678 0.112572
vt 0.974416 0.112499
vt 0.955545 0.108161
vt 0.937639 0.107631
vt 0.934433 0.123971
vt 0.932216 0.142793
vt 0.916455 0.157133
vt 0.908285 0.175063
vt 0.904477 0.199549
vt 0.890113 0.195620
vt 0.904429 0.175111
vt 0.892837 0.166001
vt 0.904236 0.156458
vt 0.907706 0.153855
vt 0.914141 0.141829
vt 0.920094 0.119705
vt 0.924263 0.105462
vt 0.913780 0.101582
vt 0.907393 0.113801
vt 0.901296 0.094713
vt 0.893656 0.107004
vt 0.886330 0.092014
vt 0.890065 0.081531
vt 0.881413 0.096497
vt 0.873822 0.078084
vt 0.875918 0.063769
vt 0.868616 0.083266
vt 0.855747 0.062250
vt 0.860591 0.054466
vt 0.861169 0.049791
vt 0.863218 0.044103
vt 0.846781 0.036198
vt 0.849336 0.028342
vt 0.843841 0.042440
vt 0.839600 0.051719
vt 0.851409 0.067938
vt 0.836659 0.058539
vt 0.847986 0.072975
vt 0.864399 0.087507
vt 0.875292 0.101726
vt 0.882859 0.121633
vt 0.893801 0.131900
vt 0.880907 0.123417
vt 0.871966 0.102353
vt 0.862422 0.090520
vt 0.846565 0.076204
vt 0.833237 0.067456
vt 0.833912 0.064323
vt 0.820777 0.057551
vt 0.823163 0.051502
vt 0.825718 0.044754
vt 0.829405 0.034294
vt 0.828971 0.023473
vt 0.829839 0.008435
vt 0.813041 0.018943
vt 0.811089 0.003880
vt 0.811764 0.028486
vt 0.809981 0.039741
vt 0.808510 0.046489
vt 0.806920 0.052297
vt 0.794412 0.043091
vt 0.795111 0.036126
vt 0.795882 0.024919
vt 0.794966 0.015810
vt 0.793761 0.002169
vt 0.777132 0.013231
vt 0.774264 0.001494
vt 0.778964 0.023208
vt 0.779108 0.034150
vt 0.779470 0.040970
vt 0.779879 0.047116
vt 0.793568 0.049020
vt 0.779904 0.049044
vt 0.793424 0.052032
vt 0.806510 0.055213
vt 0.804076 0.066155
vt 0.820295 0.060564
vt 0.819283 0.074301
vt 0.830538 0.078904
vt 0.843865 0.087001
vt 0.833526 0.096425
vt 0.823308 0.099630
vt 0.810173 0.080277
vt 0.790845 0.070878
vt 0.781639 0.058901
vt 0.760768 0.057816
vt 0.760093 0.048489
vt 0.760479 0.046272
vt 0.759804 0.040801
vt 0.739174 0.048200
vt 0.737945 0.043332
vt 0.739512 0.050393
vt 0.762527 0.070999
vt 0.741054 0.060298
vt 0.787929 0.073047
vt 0.807402 0.082181
vt 0.811692 0.102666
vt 0.824127 0.119006
vt 0.828080 0.109487
vt 0.836659 0.104643
vt 0.855289 0.100039
vt 0.869966 0.106064
vt 0.861241 0.112138
vt 0.871412 0.127706
vt 0.862254 0.121489
vt 0.850999 0.111873
vt 0.838033 0.109053
vt 0.832225 0.113150
vt 0.829478 0.119175
vt 0.840877 0.118524
vt 0.851698 0.123079
vt 0.855554 0.133129
vt 0.840467 0.128044
vt 0.832803 0.124838
vt 0.827453 0.128333
vt 0.812150 0.120356
vt 0.809426 0.119657
vt 0.808751 0.102353
vt 0.799473 0.089460
vt 0.794749 0.111053
vt 0.792267 0.104112
vt 0.781567 0.100473
vt 0.785013 0.091628
vt 0.779687 0.088206
vt 0.773204 0.085194
vt 0.774481 0.096015
vt 0.764190 0.085049
vt 0.755563 0.087941
vt 0.741392 0.074469
vt 0.748983 0.093075
vt 0.757515 0.098184
vt 0.765998 0.094304
vt 0.767853 0.103462
vt 0.777180 0.111535
vt 0.785374 0.111053
vt 0.784940 0.119368
vt 0.793809 0.120259
vt 0.760407 0.113126
vt 0.752261 0.104980
vt 0.745874 0.098449
vt 0.733149 0.081675
vt 0.729221 0.073939
vt 0.724690 0.062612
vt 0.722594 0.054587
vt 0.722063 0.052490
vt 0.709796 0.056659
vt 0.720304 0.047284
vt 0.706615 0.047453
vt 0.717653 0.040512
vt 0.736114 0.036439
vt 0.758647 0.033957
vt 0.733125 0.024269
vt 0.757780 0.022606
vt 0.757129 0.013424
vt 0.754815 0.002868
vt 0.732282 0.014894
vt 0.712014 0.016243
vt 0.729896 0.004121
vt 0.710616 0.005977
vt 0.691071 0.018388
vt 0.690155 0.006218
vt 0.710857 0.024630
vt 0.713074 0.028583
vt 0.697843 0.033499
vt 0.693264 0.027088
vt 0.675864 0.024245
vt 0.675406 0.016051
vt 0.675333 0.005061
vt 0.655210 0.008700
vt 0.654559 0.017400
vt 0.634604 0.015665
vt 0.655427 0.026655
vt 0.675189 0.031571
vt 0.681599 0.037789
vt 0.656873 0.040850
vt 0.636412 0.034005
vt 0.634676 0.023714
vt 0.611179 0.027185
vt 0.614722 0.031981
vt 0.598430 0.043718
vt 0.593658 0.040801
vt 0.619156 0.041862
vt 0.640774 0.047357
vt 0.644051 0.053550
vt 0.626482 0.055864
vt 0.598333 0.053141
vt 0.590646 0.048248
vt 0.579849 0.050297
vt 0.591320 0.052490
vt 0.584187 0.051646
vt 0.580282 0.054900
vt 0.581632 0.057093
vt 0.568883 0.066010
vt 0.565099 0.068902
vt 0.570907 0.071529
vt 0.567365 0.074204
vt 0.568088 0.078952
vt 0.572281 0.074397
vt 0.568980 0.102136
vt 0.581054 0.061503
vt 0.575800 0.081097
vt 0.574354 0.099943
vt 0.566883 0.117584
vt 0.568016 0.121561
vt 0.576716 0.106450
vt 0.579053 0.097244
vt 0.580403 0.102112
vt 0.581343 0.080639
vt 0.586332 0.059142
vt 0.586066 0.055237
vt 0.591417 0.055768
vt 0.585874 0.079145
vt 0.583777 0.094762
vt 0.659957 0.056707
vt 0.668633 0.047935
vt 0.685142 0.042657
vt 0.672803 0.051695
vt 0.691842 0.055286
vt 0.700349 0.061552
vt 0.701916 0.063865
vt 0.696108 0.070975
vt 0.685263 0.074156
vt 0.680033 0.062564
vt 0.664030 0.060371
vt 0.657740 0.064829
vt 0.653065 0.070179
vt 0.656583 0.071698
vt 0.659957 0.068010
vt 0.668417 0.071119
vt 0.668344 0.076662
vt 0.696686 0.073385
vt 0.703073 0.091267
vt 0.712182 0.071168
vt 0.711074 0.059142
vt 0.718569 0.089002
vt 0.720328 0.101726
vt 0.723702 0.099220
vt 0.726353 0.117054
vt 0.745151 0.123609
vt 0.754550 0.122115
vt 0.743392 0.116018
vt 0.743223 0.109921
vt 0.732571 0.100642
vt 0.722353 0.090448
vt 0.751972 0.114066
vt 0.586404 0.109896
vt 0.581391 0.115271
vt 0.590164 0.127224
vt 0.572570 0.125995
vt 0.567341 0.128767
vt 0.582403 0.140913
vt 0.584548 0.136190
vt 0.839503 0.132574
vt 0.840684 0.143155
vt 0.842034 0.148143
vt 0.856012 0.141612
vt 0.872930 0.145541
vt 0.893005 0.138383
vt 0.904043 0.141949
vt 0.901489 0.145589
vt 0.873364 0.167158
vt 0.864832 0.161374
vt 0.864085 0.152433
vt 0.853843 0.151758
vt 0.854228 0.163519
s 1
usemtl models_monsters_darklord_mech_darklord_mech_leg
f 102/1/1 123/2/2 103/3/3
f 124/4/4 123/2/2 102/1/1
f 101/5/5 124/4/4 102/1/1
f 100/6/6 125/7/7 101/5/5
f 125/7/7 124/4/4 101/5/5
f 100/6/6 126/8/8 125/7/7
f 99/9/9 126/8/8 100/6/6
f 98/10/10 127/11/11 99/9/9
f 127/11/11 126/8/8 99/9/9
f 98/10/10 11/12/12 127/11/11
f 128/13/13 11/12/12 98/10/10
f 129/14/14 15/15/15 128/13/13
f 15/15/15 11/12/12 128/13/13
f 129/14/14 16/16/16 15/15/15
f 130/17/17 16/16/16 129/14/14
f 72/18/18 62/19/19 130/17/17
f 62/19/19 16/16/16 130/17/17
f 72/18/18 60/20/20 62/19/19
f 72/18/18 71/21/21 60/20/20
f 60/20/20 56/22/22 62/19/19
f 62/19/19 58/23/23 16/16/16
f 56/22/22 58/23/23 62/19/19
f 16/16/16 13/24/24 15/15/15
f 58/23/23 61/25/25 16/16/16
f 61/25/25 13/24/24 16/16/16
f 14/26/26 13/24/24 61/25/25
f 13/24/24 14/26/26 12/27/27
f 12/27/27 15/15/15 13/24/24
f 11/12/12 15/15/15 12/27/27
f 11/12/12 12/27/27 10/28/28
f 14/26/26 10/28/28 12/27/27
f 10/28/28 9/29/29 11/12/12
f 127/11/11 11/12/12 9/29/29
f 17/30/30 127/11/11 9/29/29
f 127/11/11 17/30/30 209/31/31
f 126/8/8 127/11/11 209/31/31
f 126/8/8 207/32/32 125/7/7
f 126/8/8 209/31/31 207/32/32
f 125/7/7 207/32/32 197/33/33
f 124/4/4 125/7/7 197/33/33
f 197/33/33 198/34/34 124/4/4
f 198/34/34 123/2/2 124/4/4
f 197/33/33 202/35/35 198/34/34
f 201/36/36 202/35/35 197/33/33
f 197/33/33 207/32/32 201/36/36
f 207/32/32 208/37/37 201/36/36
f 207/32/32 209/31/31 208/37/37
f 209/31/31 210/38/38 208/37/37
f 210/38/38 209/31/31 17/30/30
f 18/39/39 210/38/38 17/30/30
f 17/30/30 19/40/40 18/39/39
f 19/40/40 17/30/30 9/29/29
f 19/40/40 9/29/29 23/41/41
f 9/29/29 10/28/28 23/41/41
f 14/26/26 7/42/42 10/28/28
f 7/42/42 23/41/41 10/28/28
f 14/26/26 8/43/43 7/42/42
f 61/25/25 25/44/44 14/26/26
f 14/26/26 25/44/44 8/43/43
f 61/25/25 58/23/23 59/45/45
f 59/45/45 25/44/44 61/25/25
f 58/23/23 57/46/46 59/45/45
f 57/46/46 58/23/23 56/22/22
f 57/46/46 27/47/47 59/45/45
f 29/48/48 25/44/44 59/45/45
f 27/47/47 29/48/48 59/45/45
f 29/48/48 33/49/49 25/44/44
f 33/49/49 8/43/43 25/44/44
f 8/43/43 33/49/49 6/50/50
f 7/42/42 8/43/43 6/50/50
f 5/51/51 7/42/42 6/50/50
f 7/42/42 5/51/51 23/41/41
f 23/41/41 24/52/52 19/40/40
f 5/51/51 24/52/52 23/41/41
f 19/40/40 20/53/53 18/39/39
f 24/52/52 22/54/54 19/40/40
f 20/53/53 19/40/40 22/54/54
f 24/52/52 196/55/55 22/54/54
f 196/55/55 24/52/52 80/56/56
f 24/52/52 5/51/51 80/56/56
f 6/50/50 82/57/57 5/51/51
f 82/57/57 80/56/56 5/51/51
f 80/56/56 82/57/57 81/58/58
f 196/55/55 80/56/56 81/58/58
f 229/59/59 196/55/55 81/58/58
f 196/55/55 229/59/59 195/60/60
f 195/60/60 22/54/54 196/55/55
f 21/61/61 22/54/54 195/60/60
f 21/61/61 20/53/53 22/54/54
f 195/60/60 193/62/62 21/61/61
f 21/61/61 194/63/63 20/53/53
f 193/62/62 194/63/63 21/61/61
f 194/63/63 225/64/64 20/53/53
f 225/64/64 18/39/39 20/53/53
f 225/64/64 223/65/65 18/39/39
f 223/65/65 210/38/38 18/39/39
f 223/65/65 211/66/66 210/38/38
f 211/66/66 208/37/37 210/38/38
f 211/66/66 212/67/67 208/37/37
f 212/67/67 201/36/36 208/37/37
f 212/67/67 213/68/68 201/36/36
f 213/68/68 202/35/35 201/36/36
f 212/67/67 220/69/69 213/68/68
f 221/70/70 220/69/69 212/67/67
f 221/70/70 212/67/67 211/66/66
f 222/71/71 221/70/70 211/66/66
f 211/66/66 223/65/65 222/71/71
f 223/65/65 224/72/72 222/71/71
f 224/72/72 223/65/65 225/64/64
f 226/73/73 224/72/72 225/64/64
f 226/73/73 225/64/64 194/63/63
f 228/74/74 226/73/73 194/63/63
f 227/75/75 228/74/74 194/63/63
f 193/62/62 227/75/75 194/63/63
f 195/60/60 230/76/76 193/62/62
f 193/62/62 243/77/77 227/75/75
f 230/76/76 243/77/77 193/62/62
f 227/75/75 1127/78/78 228/74/74
f 243/77/77 1127/78/78 227/75/75
f 228/74/74 1181/79/79 226/73/73
f 1127/78/78 1181/79/79 228/74/74
f 226/73/73 242/80/80 224/72/72
f 1181/79/79 1180/81/81 226/73/73
f 226/73/73 1180/81/81 242/80/80
f 1181/79/79 1096/82/82 1095/83/83
f 1180/81/81 1181/79/79 1095/83/83
f 1096/82/82 1181/79/79 1127/78/78
f 1098/84/84 1096/82/82 1127/78/78
f 1128/85/85 1098/84/84 1127/78/78
f 243/77/77 1128/85/85 1127/78/78
f 230/76/76 244/86/86 243/77/77
f 244/86/86 1128/85/85 243/77/77
f 230/76/76 232/87/87 244/86/86
f 244/86/86 1194/88/88 1128/85/85
f 232/87/87 1194/88/88 244/86/86
f 1128/85/85 1194/88/88 1193/89/89
f 1098/84/84 1128/85/85 1193/89/89
f 1098/84/84 1193/89/89 1097/90/90
f 1098/84/84 1097/90/90 1096/82/82
f 993/91/91 986/92/92 1096/82/82
f 1097/90/90 993/91/91 1096/82/82
f 986/92/92 1095/83/83 1096/82/82
f 1095/83/83 986/92/92 1094/93/93
f 1094/93/93 1180/81/81 1095/83/83
f 1180/81/81 1094/93/93 1093/94/94
f 1093/94/94 1091/95/95 1180/81/81
f 1091/95/95 242/80/80 1180/81/81
f 1091/95/95 1092/96/96 242/80/80
f 224/72/72 242/80/80 241/97/97
f 1092/96/96 241/97/97 242/80/80
f 241/97/97 222/71/71 224/72/72
f 222/71/71 241/97/97 240/98/98
f 221/70/70 222/71/71 240/98/98
f 241/97/97 245/99/99 240/98/98
f 1092/96/96 245/99/99 241/97/97
f 240/98/98 239/100/100 221/70/70
f 240/98/98 245/99/99 239/100/100
f 239/100/100 220/69/69 221/70/70
f 245/99/99 246/101/101 239/100/100
f 220/69/69 239/100/100 238/102/102
f 239/100/100 246/101/101 238/102/102
f 238/102/102 219/103/103 220/69/69
f 213/68/68 220/69/69 219/103/103
f 214/104/104 213/68/68 219/103/103
f 213/68/68 214/104/104 202/35/35
f 202/35/35 203/105/105 198/34/34
f 214/104/104 203/105/105 202/35/35
f 198/34/34 199/106/106 123/2/2
f 203/105/105 199/106/106 198/34/34
f 123/2/2 122/107/107 103/3/3
f 199/106/106 122/107/107 123/2/2
f 103/3/3 122/107/107 120/108/108
f 120/108/108 121/109/109 105/110/110
f 122/107/107 121/109/109 120/108/108
f 199/106/106 200/111/111 122/107/107
f 200/111/111 121/109/109 122/107/107
f 199/106/106 204/112/112 200/111/111
f 203/105/105 204/112/112 199/106/106
f 214/104/104 215/113/113 203/105/105
f 215/113/113 204/112/112 203/105/105
f 214/104/104 218/114/114 215/113/113
f 214/104/104 219/103/103 218/114/114
f 218/114/114 219/103/103 236/115/115
f 219/103/103 238/102/102 236/115/115
f 246/101/101 247/116/116 238/102/102
f 238/102/102 247/116/116 236/115/115
f 246/101/101 619/117/117 247/116/116
f 247/116/116 248/118/118 236/115/115
f 247/116/116 619/117/117 248/118/118
f 236/115/115 248/118/118 237/119/119
f 236/115/115 237/119/119 217/120/120
f 218/114/114 236/115/115 217/120/120
f 215/113/113 218/114/114 217/120/120
f 216/121/121 215/113/113 217/120/120
f 215/113/113 216/121/121 204/112/112
f 204/112/112 205/122/122 200/111/111
f 216/121/121 205/122/122 204/112/112
f 205/122/122 206/123/123 200/111/111
f 200/111/111 206/123/123 121/109/109
f 121/109/109 119/124/124 105/110/110
f 206/123/123 119/124/124 121/109/109
f 205/122/122 254/125/125 206/123/123
f 206/123/123 255/126/126 119/124/124
f 254/125/125 255/126/126 206/123/123
f 119/124/124 118/127/127 105/110/110
f 255/126/126 118/127/127 119/124/124
f 105/110/110 104/128/128 106/129/129
f 104/128/128 105/110/110 118/127/127
f 104/128/128 118/127/127 117/130/130
f 116/131/131 104/128/128 117/130/130
f 118/127/127 261/132/132 117/130/130
f 255/126/126 261/132/132 118/127/127
f 254/125/125 260/133/133 255/126/126
f 260/133/133 261/132/132 255/126/126
f 254/125/125 259/134/134 260/133/133
f 205/122/122 253/135/135 254/125/125
f 253/135/135 259/134/134 254/125/125
f 205/122/122 216/121/121 253/135/135
f 253/135/135 216/121/121 217/120/120
f 252/136/136 253/135/135 217/120/120
f 252/136/136 217/120/120 237/119/119
f 252/136/136 258/137/137 253/135/135
f 258/137/137 259/134/134 253/135/135
f 258/137/137 264/138/138 259/134/134
f 259/134/134 265/139/139 260/133/133
f 264/138/138 265/139/139 259/134/134
f 265/139/139 266/140/140 260/133/133
f 260/133/133 266/140/140 261/132/132
f 266/140/140 267/141/141 261/132/132
f 261/132/132 267/141/141 117/130/130
f 116/131/131 117/130/130 114/142/142
f 267/141/141 114/142/142 117/130/130
f 114/142/142 112/143/143 116/131/131
f 112/143/143 114/142/142 113/144/144
f 114/142/142 115/145/145 113/144/144
f 272/146/146 115/145/145 114/142/142
f 267/141/141 272/146/146 114/142/142
f 271/147/147 272/146/146 267/141/141
f 266/140/140 271/147/147 267/141/141
f 265/139/139 270/148/148 266/140/140
f 270/148/148 271/147/147 266/140/140
f 265/139/139 269/149/149 270/148/148
f 264/138/138 269/149/149 265/139/139
f 268/150/150 269/149/149 264/138/138
f 263/151/151 268/150/150 264/138/138
f 263/151/151 264/138/138 258/137/137
f 257/152/152 263/151/151 258/137/137
f 257/152/152 258/137/137 252/136/136
f 251/153/153 257/152/152 252/136/136
f 251/153/153 252/136/136 237/119/119
f 251/153/153 237/119/119 249/154/154
f 248/118/118 249/154/154 237/119/119
f 249/154/154 250/155/155 251/153/153
f 257/152/152 251/153/153 250/155/155
f 256/156/156 257/152/152 250/155/155
f 256/156/156 262/157/157 257/152/152
f 262/157/157 263/151/151 257/152/152
f 262/157/157 1113/158/158 263/151/151
f 1113/158/158 268/150/150 263/151/151
f 262/157/157 1103/159/159 1113/158/158
f 1103/159/159 262/157/157 256/156/156
f 1103/159/159 1111/160/160 1113/158/158
f 1111/160/160 1103/159/159 945/161/161
f 1103/159/159 942/162/162 945/161/161
f 256/156/156 1112/163/163 1103/159/159
f 1103/159/159 1112/163/163 942/162/162
f 256/156/156 250/155/155 1112/163/163
f 948/164/164 250/155/155 621/165/165
f 250/155/155 948/164/164 1112/163/163
f 250/155/155 249/154/154 621/165/165
f 249/154/154 248/118/118 620/166/166
f 621/165/165 249/154/154 620/166/166
f 248/118/118 619/117/117 620/166/166
f 621/165/165 620/166/166 940/167/167
f 619/117/117 941/168/168 620/166/166
f 940/167/167 620/166/166 941/168/168
f 619/117/117 618/169/169 941/168/168
f 246/101/101 618/169/169 619/117/117
f 246/101/101 245/99/99 618/169/169
f 245/99/99 1092/96/96 1050/170/170
f 245/99/99 1050/170/170 618/169/169
f 618/169/169 1049/171/171 941/168/168
f 618/169/169 1050/170/170 1049/171/171
f 941/168/168 1049/171/171 1174/172/172
f 941/168/168 1174/172/172 1173/173/173
f 940/167/167 941/168/168 1173/173/173
f 940/167/167 1173/173/173 947/174/174
f 947/174/174 621/165/165 940/167/167
f 621/165/165 947/174/174 949/175/175
f 948/164/164 621/165/165 949/175/175
f 948/164/164 949/175/175 944/176/176
f 1112/163/163 948/164/164 944/176/176
f 1112/163/163 944/176/176 942/162/162
f 942/162/162 944/176/176 943/177/177
f 942/162/162 943/177/177 945/161/161
f 943/177/177 946/178/178 945/161/161
f 943/177/177 1166/179/179 946/178/178
f 1166/179/179 1167/180/180 946/178/178
f 943/177/177 1168/181/181 1166/179/179
f 944/176/176 1168/181/181 943/177/177
f 949/175/175 1169/182/182 944/176/176
f 1169/182/182 1168/181/181 944/176/176
f 949/175/175 1170/183/183 1169/182/182
f 947/174/174 1170/183/183 949/175/175
f 1173/173/173 1170/183/183 947/174/174
f 1174/172/172 1028/184/184 1173/173/173
f 1173/173/173 1254/185/185 1170/183/183
f 1028/184/184 1029/186/186 1173/173/173
f 1029/186/186 1254/185/185 1173/173/173
f 1028/184/184 768/187/187 1029/186/186
f 1029/186/186 1267/188/188 1254/185/185
f 768/187/187 769/189/189 1029/186/186
f 1267/188/188 1029/186/186 769/189/189
f 768/187/187 656/190/190 769/189/189
f 1267/188/188 769/189/189 771/191/191
f 656/190/190 770/192/192 769/189/189
f 770/192/192 771/191/191 769/189/189
f 656/190/190 623/193/193 770/192/192
f 770/192/192 657/194/194 771/191/191
f 770/192/192 623/193/193 657/194/194
f 657/194/194 772/195/195 771/191/191
f 623/193/193 625/196/196 657/194/194
f 657/194/194 658/197/197 772/195/195
f 657/194/194 625/196/196 658/197/197
f 658/197/197 773/198/198 772/195/195
f 625/196/196 659/199/199 658/197/197
f 658/197/197 659/199/199 773/198/198
f 625/196/196 627/200/200 659/199/199
f 659/199/199 774/201/201 773/198/198
f 627/200/200 775/202/202 659/199/199
f 659/199/199 775/202/202 774/201/201
f 627/200/200 648/203/203 775/202/202
f 775/202/202 776/204/204 774/201/201
f 775/202/202 648/203/203 776/204/204
f 648/203/203 777/205/205 776/204/204
f 648/203/203 646/206/206 777/205/205
f 646/206/206 754/207/207 777/205/205
f 648/203/203 644/208/208 646/206/206
f 627/200/200 644/208/208 648/203/203
f 644/208/208 647/209/209 646/206/206
f 754/207/207 646/206/206 647/209/209
f 753/210/210 754/207/207 647/209/209
f 753/210/210 647/209/209 755/211/211
f 647/209/209 756/212/212 755/211/211
f 755/211/211 756/212/212 757/213/213
f 647/209/209 639/214/214 756/212/212
f 644/208/208 639/214/214 647/209/209
f 756/212/212 649/215/215 757/213/213
f 756/212/212 639/214/214 649/215/215
f 757/213/213 649/215/215 758/216/216
f 639/214/214 637/217/217 649/215/215
f 649/215/215 650/218/218 758/216/216
f 649/215/215 637/217/217 650/218/218
f 758/216/216 650/218/218 759/219/219
f 637/217/217 651/220/220 650/218/218
f 650/218/218 651/220/220 759/219/219
f 759/219/219 651/220/220 760/221/221
f 651/220/220 761/222/222 760/221/221
f 761/222/222 651/220/220 635/223/223
f 651/220/220 637/217/217 635/223/223
f 637/217/217 636/224/224 635/223/223
f 639/214/214 638/225/225 637/217/217
f 638/225/225 636/224/224 637/217/217
f 639/214/214 644/208/208 638/225/225
f 644/208/208 627/200/200 645/226/226
f 645/226/226 638/225/225 644/208/208
f 638/225/225 645/226/226 676/227/227
f 636/224/224 638/225/225 676/227/227
f 634/228/228 636/224/224 676/227/227
f 636/224/224 634/228/228 635/223/223
f 633/229/229 635/223/223 634/228/228
f 635/223/223 633/229/229 652/230/230
f 761/222/222 635/223/223 652/230/230
f 761/222/222 652/230/230 762/231/231
f 760/221/221 761/222/222 762/231/231
f 762/231/231 836/232/232 760/221/221
f 836/232/232 762/231/231 923/233/233
f 731/234/234 836/232/232 923/233/233
f 836/232/232 731/234/234 835/235/235
f 731/234/234 734/236/236 835/235/235
f 734/236/236 731/234/234 732/237/237
f 731/234/234 733/238/238 732/237/237
f 923/233/233 924/239/239 731/234/234
f 733/238/238 731/234/234 924/239/239
f 923/233/233 922/240/240 924/239/239
f 762/231/231 922/240/240 923/233/233
f 763/241/241 826/242/242 762/231/231
f 922/240/240 762/231/231 826/242/242
f 762/231/231 652/230/230 763/241/241
f 652/230/230 633/229/229 653/243/243
f 652/230/230 653/243/243 763/241/241
f 633/229/229 654/244/244 653/243/243
f 763/241/241 653/243/243 764/245/245
f 653/243/243 654/244/244 764/245/245
f 763/241/241 764/245/245 1035/246/246
f 826/242/242 763/241/241 1035/246/246
f 764/245/245 1034/247/247 1035/246/246
f 764/245/245 654/244/244 765/248/248
f 1034/247/247 764/245/245 765/248/248
f 654/244/244 766/249/249 765/248/248
f 766/249/249 654/244/244 630/250/250
f 654/244/244 633/229/229 630/250/250
f 634/228/228 632/251/251 633/229/229
f 630/250/250 633/229/229 632/251/251
f 634/228/228 676/227/227 632/251/251
f 629/252/252 630/250/250 632/251/251
f 629/252/252 632/251/251 676/227/227
f 629/252/252 628/253/253 630/250/250
f 766/249/249 630/250/250 681/254/254
f 630/250/250 628/253/253 681/254/254
f 766/249/249 681/254/254 767/255/255
f 765/248/248 766/249/249 767/255/255
f 1031/256/256 765/248/248 767/255/255
f 1031/256/256 1034/247/247 765/248/248
f 1177/257/257 1034/247/247 1031/256/256
f 1177/257/257 1178/258/258 1034/247/247
f 1178/258/258 1035/246/246 1034/247/247
f 1178/258/258 1179/259/259 1035/246/246
f 1179/259/259 826/242/242 1035/246/246
f 1179/259/259 1182/260/260 826/242/242
f 921/261/261 922/240/240 826/242/242
f 1182/260/260 921/261/261 826/242/242
f 921/261/261 920/262/262 922/240/240
f 922/240/240 920/262/262 924/239/239
f 921/261/261 1183/263/263 920/262/262
f 1182/260/260 1183/263/263 921/261/261
f 1179/259/259 1056/264/264 1182/260/260
f 1182/260/260 1059/265/265 1183/263/263
f 1056/264/264 1059/265/265 1182/260/260
f 1183/263/263 1059/265/265 1184/266/266
f 1183/263/263 1184/266/266 920/262/262
f 920/262/262 934/267/267 924/239/239
f 1184/266/266 934/267/267 920/262/262
f 934/267/267 733/238/238 924/239/239
f 738/268/268 733/238/238 934/267/267
f 937/269/269 738/268/268 934/267/267
f 937/269/269 934/267/267 1184/266/266
f 937/269/269 739/270/270 738/268/268
f 738/268/268 739/270/270 735/271/271
f 733/238/238 738/268/268 735/271/271
f 733/238/238 735/271/271 732/237/237
f 732/237/237 735/271/271 683/272/272
f 735/271/271 684/273/273 683/272/272
f 735/271/271 739/270/270 684/273/273
f 684/273/273 682/274/274 683/272/272
f 739/270/270 690/275/275 684/273/273
f 684/273/273 690/275/275 682/274/274
f 739/270/270 937/269/269 938/276/276
f 690/275/275 739/270/270 938/276/276
f 937/269/269 1239/277/277 938/276/276
f 1239/277/277 937/269/269 1184/266/266
f 1238/278/278 1239/277/277 1184/266/266
f 1058/279/279 1238/278/278 1184/266/266
f 1059/265/265 1058/279/279 1184/266/266
f 1058/279/279 1059/265/265 950/280/280
f 950/280/280 1059/265/265 1056/264/264
f 950/280/280 1057/281/281 1058/279/279
f 1058/279/279 1044/282/282 1238/278/278
f 1044/282/282 1058/279/279 1057/281/281
f 1044/282/282 1046/283/283 1238/278/278
f 1238/278/278 1240/284/284 1239/277/277
f 1240/284/284 1238/278/278 1046/283/283
f 1240/284/284 938/276/276 1239/277/277
f 1240/284/284 1252/285/285 938/276/276
f 1281/286/286 690/275/275 938/276/276
f 1252/285/285 1281/286/286 938/276/276
f 690/275/275 689/287/287 682/274/274
f 1281/286/286 939/288/288 690/275/275
f 689/287/287 690/275/275 939/288/288
f 1281/286/286 1249/289/289 939/288/288
f 1252/285/285 1249/289/289 1281/286/286
f 1047/290/290 1130/291/291 1252/285/285
f 1130/291/291 1249/289/289 1252/285/285
f 1047/290/290 1252/285/285 1240/284/284
f 1046/283/283 1047/290/290 1240/284/284
f 1044/282/282 1045/292/292 1046/283/283
f 1047/290/290 1046/283/283 1048/293/293
f 1046/283/283 1045/292/292 1048/293/293
f 1048/293/293 1060/294/294 1047/290/290
f 1060/294/294 1130/291/291 1047/290/290
f 1060/294/294 1061/295/295 1130/291/291
f 1130/291/291 1131/296/296 1249/289/289
f 1061/295/295 1131/296/296 1130/291/291
f 1131/296/296 1248/297/297 1249/289/289
f 1249/289/289 1248/297/297 939/288/288
f 939/288/288 936/298/298 689/287/287
f 1248/297/297 936/298/298 939/288/288
f 689/287/287 688/299/299 682/274/274
f 936/298/298 688/299/299 689/287/287
f 936/298/298 933/300/300 688/299/299
f 1248/297/297 1241/301/301 936/298/298
f 1241/301/301 933/300/300 936/298/298
f 1248/297/297 1132/302/302 1241/301/301
f 1131/296/296 1132/302/302 1248/297/297
f 1132/302/302 1131/296/296 1061/295/295
f 1062/303/303 1132/302/302 1061/295/295
f 1061/295/295 1039/304/304 1062/303/303
f 1039/304/304 1061/295/295 1060/294/294
f 1040/305/305 1039/304/304 1060/294/294
f 1040/305/305 1060/294/294 1048/293/293
f 1041/306/306 1040/305/305 1048/293/293
f 1041/306/306 1048/293/293 1045/292/292
f 1041/306/306 1009/307/307 1040/305/305
f 1039/304/304 1040/305/305 1009/307/307
f 1007/308/308 1039/304/304 1009/307/307
f 1038/309/309 1039/304/304 1007/308/308
f 1039/304/304 1038/309/309 1062/303/303
f 1062/303/303 1038/309/309 1063/310/310
f 1063/310/310 1133/311/311 1062/303/303
f 1133/311/311 1132/302/302 1062/303/303
f 1132/302/302 1133/311/311 1241/301/301
f 1133/311/311 1229/312/312 1241/301/301
f 1229/312/312 1282/313/313 1241/301/301
f 1282/313/313 933/300/300 1241/301/301
f 1282/313/313 932/314/314 933/300/300
f 933/300/300 932/314/314 642/315/315
f 933/300/300 642/315/315 688/299/299
f 688/299/299 642/315/315 682/274/274
f 682/274/274 640/316/316 683/272/272
f 640/316/316 682/274/274 642/315/315
f 640/316/316 642/315/315 641/317/317
f 932/314/314 641/317/317 642/315/315
f 641/317/317 643/318/318 640/316/316
f 729/319/319 643/318/318 641/317/317
f 730/320/320 729/319/319 641/317/317
f 931/321/321 730/320/320 641/317/317
f 932/314/314 931/321/321 641/317/317
f 931/321/321 932/314/314 935/322/322
f 935/322/322 932/314/314 1282/313/313
f 1280/323/323 935/322/322 1282/313/313
f 1280/323/323 1282/313/313 1229/312/312
f 1224/324/324 1280/323/323 1229/312/312
f 1142/325/325 1224/324/324 1229/312/312
f 1142/325/325 1229/312/312 1133/311/311
f 1133/311/311 1063/310/310 1142/325/325
f 1038/309/309 1037/326/326 1063/310/310
f 1063/310/310 1141/327/327 1142/325/325
f 1063/310/310 1037/326/326 1141/327/327
f 1142/325/325 1141/327/327 1149/328/328
f 1158/329/329 1142/325/325 1149/328/328
f 1158/329/329 1224/324/324 1142/325/325
f 1216/330/330 1224/324/324 1158/329/329
f 1216/330/330 1272/331/331 1224/324/324
f 1224/324/324 1272/331/331 1280/323/323
f 1272/331/331 994/332/332 1280/323/323
f 994/332/332 935/322/322 1280/323/323
f 994/332/332 794/333/333 935/322/322
f 794/333/333 931/321/321 935/322/322
f 794/333/333 730/320/320 931/321/321
f 730/320/320 794/333/333 793/334/334
f 791/335/335 793/334/334 792/336/336
f 794/333/333 779/337/337 793/334/334
f 793/334/334 779/337/337 792/336/336
f 794/333/333 666/338/338 779/337/337
f 994/332/332 795/339/339 794/333/333
f 794/333/333 795/339/339 666/338/338
f 994/332/332 995/340/340 795/339/339
f 995/340/340 994/332/332 1272/331/331
f 1272/331/331 1273/341/341 995/340/340
f 1273/341/341 1272/331/331 1216/330/330
f 1215/342/342 1273/341/341 1216/330/330
f 1215/342/342 1216/330/330 1157/343/343
f 1157/343/343 1216/330/330 1158/329/329
f 1155/344/344 1157/343/343 1158/329/329
f 1156/345/345 1155/344/344 1158/329/329
f 1156/345/345 1158/329/329 1149/328/328
f 1156/345/345 1149/328/328 1150/346/346
f 1141/327/327 1150/346/346 1149/328/328
f 1156/345/345 1152/347/347 1155/344/344
f 1152/347/347 1156/345/345 1150/346/346
f 1152/347/347 1150/346/346 1148/348/348
f 1148/348/348 1150/346/346 1141/327/327
f 1037/326/326 1140/349/349 1141/327/327
f 1140/349/349 1148/348/348 1141/327/327
f 1037/326/326 1036/350/350 1140/349/349
f 1140/349/349 1139/351/351 1148/348/348
f 1036/350/350 1139/351/351 1140/349/349
f 1139/351/351 1147/352/352 1148/348/348
f 1147/352/352 1152/347/347 1148/348/348
f 1151/353/353 1152/347/347 1147/352/352
f 1151/353/353 1155/344/344 1152/347/347
f 1153/354/354 1155/344/344 1151/353/353
f 1155/344/344 1153/354/354 1157/343/343
f 1153/354/354 1136/355/355 1157/343/343
f 1136/355/355 1215/342/342 1157/343/343
f 1208/356/356 1215/342/342 1136/355/355
f 1208/356/356 1274/357/357 1215/342/342
f 1274/357/357 1273/341/341 1215/342/342
f 1274/357/357 1276/358/358 1273/341/341
f 1276/358/358 995/340/340 1273/341/341
f 1276/358/358 796/359/359 995/340/340
f 995/340/340 796/359/359 795/339/339
f 795/339/339 668/360/360 666/338/338
f 795/339/339 796/359/359 668/360/360
f 666/338/338 668/360/360 667/361/361
f 667/361/361 779/337/337 666/338/338
f 779/337/337 667/361/361 750/362/362
f 792/336/336 779/337/337 750/362/362
f 792/336/336 750/362/362 665/363/363
f 791/335/335 792/336/336 665/363/363
f 790/364/364 791/335/335 665/363/363
f 790/364/364 665/363/363 663/365/365
f 789/366/366 790/364/364 663/365/365
f 665/363/363 664/367/367 663/365/365
f 750/362/362 664/367/367 665/363/363
f 664/367/367 778/368/368 663/365/365
f 789/366/366 663/365/365 778/368/368
f 788/369/369 789/366/366 778/368/368
f 788/369/369 778/368/368 785/370/370
f 787/371/371 788/369/369 785/370/370
f 786/372/372 787/371/371 785/370/370
f 662/373/373 786/372/372 785/370/370
f 786/372/372 662/373/373 809/374/374
f 785/370/370 778/368/368 746/375/375
f 662/373/373 785/370/370 746/375/375
f 778/368/368 664/367/367 746/375/375
f 746/375/375 664/367/367 669/376/376
f 664/367/367 745/377/377 669/376/376
f 745/377/377 664/367/367 750/362/362
f 744/378/378 745/377/377 750/362/362
f 750/362/362 667/361/361 744/378/378
f 744/378/378 671/379/379 745/377/377
f 745/377/377 671/379/379 669/376/376
f 744/378/378 680/380/380 671/379/379
f 667/361/361 680/380/380 744/378/378
f 667/361/361 749/381/381 680/380/380
f 667/361/361 668/360/360 749/381/381
f 749/381/381 679/382/382 680/380/380
f 679/382/382 671/379/379 680/380/380
f 749/381/381 748/383/383 679/382/382
f 679/382/382 678/384/384 671/379/379
f 678/384/384 679/382/382 748/383/383
f 678/384/384 677/385/385 671/379/379
f 677/385/385 678/384/384 748/383/383
f 677/385/385 672/386/386 671/379/379
f 748/383/383 747/387/387 677/385/385
f 677/385/385 747/387/387 672/386/386
f 672/386/386 674/388/388 673/389/389
f 747/387/387 674/388/388 672/386/386
f 673/389/389 671/379/379 672/386/386
f 670/390/390 671/379/379 673/389/389
f 669/376/376 671/379/379 670/390/390
f 670/390/390 661/391/391 669/376/376
f 661/391/391 746/375/375 669/376/376
f 661/391/391 662/373/373 746/375/375
f 660/392/392 662/373/373 661/391/391
f 662/373/373 660/392/392 809/374/374
f 809/374/374 660/392/392 808/393/393
f 661/391/391 783/394/394 660/392/392
f 660/392/392 783/394/394 808/393/393
f 808/393/393 783/394/394 806/395/395
f 783/394/394 807/396/396 806/395/395
f 661/391/391 675/397/397 783/394/394
f 675/397/397 807/396/396 783/394/394
f 661/391/391 670/390/390 675/397/397
f 673/389/389 675/397/397 670/390/390
f 674/388/388 675/397/397 673/389/389
f 674/388/388 784/398/398 675/397/397
f 784/398/398 807/396/396 675/397/397
f 807/396/396 784/398/398 805/399/399
f 806/395/395 807/396/396 805/399/399
f 805/399/399 902/400/400 806/395/395
f 806/395/395 902/400/400 896/401/401
f 805/399/399 903/402/402 902/400/400
f 805/399/399 784/398/398 804/403/403
f 805/399/399 804/403/403 903/402/402
f 784/398/398 674/388/388 781/404/404
f 784/398/398 781/404/404 804/403/403
f 674/388/388 782/405/405 781/404/404
f 674/388/388 747/387/387 782/405/405
f 781/404/404 782/405/405 803/406/406
f 804/403/403 781/404/404 803/406/406
f 930/407/407 804/403/403 803/406/406
f 804/403/403 930/407/407 903/402/402
f 803/406/406 1262/408/408 930/407/407
f 903/402/402 930/407/407 929/409/409
f 1262/408/408 928/410/410 930/407/407
f 930/407/407 928/410/410 929/409/409
f 1262/408/408 1251/411/411 928/410/410
f 803/406/406 1263/412/412 1262/408/408
f 1262/408/408 1263/412/412 1251/411/411
f 803/406/406 782/405/405 801/413/413
f 801/413/413 1263/412/412 803/406/406
f 782/405/405 802/414/414 801/413/413
f 747/387/387 802/414/414 782/405/405
f 752/415/415 802/414/414 747/387/387
f 748/383/383 752/415/415 747/387/387
f 802/414/414 800/416/416 801/413/413
f 802/414/414 752/415/415 800/416/416
f 800/416/416 1199/417/417 801/413/413
f 1199/417/417 1263/412/412 801/413/413
f 1199/417/417 1250/418/418 1263/412/412
f 1263/412/412 1253/419/419 1251/411/411
f 1250/418/418 1253/419/419 1263/412/412
f 1251/411/411 1253/419/419 1205/420/420
f 1205/420/420 1253/419/419 1198/421/421
f 1253/419/419 1250/418/418 1198/421/421
f 1198/421/421 1197/422/422 1205/420/420
f 1250/418/418 1189/423/423 1198/421/421
f 1197/422/422 1198/421/421 1189/423/423
f 1250/418/418 1279/424/424 1189/423/423
f 1199/417/417 1279/424/424 1250/418/418
f 1199/417/417 800/416/416 1200/425/425
f 1279/424/424 1199/417/417 1200/425/425
f 800/416/416 799/426/426 1200/425/425
f 799/426/426 800/416/416 751/427/427
f 800/416/416 752/415/415 751/427/427
f 751/427/427 752/415/415 748/383/383
f 748/383/383 780/428/428 751/427/427
f 799/426/426 751/427/427 780/428/428
f 748/383/383 749/381/381 780/428/428
f 668/360/360 797/429/429 749/381/381
f 749/381/381 797/429/429 780/428/428
f 668/360/360 796/359/359 797/429/429
f 797/429/429 798/430/430 780/428/428
f 796/359/359 798/430/430 797/429/429
f 798/430/430 799/426/426 780/428/428
f 799/426/426 798/430/430 968/431/431
f 969/432/432 799/426/426 968/431/431
f 969/432/432 1200/425/425 799/426/426
f 1278/433/433 1200/425/425 969/432/432
f 1278/433/433 1279/424/424 1200/425/425
f 1190/434/434 1279/424/424 1278/433/433
f 1190/434/434 1189/423/423 1279/424/424
f 979/435/435 1189/423/423 1190/434/434
f 979/435/435 977/436/436 1189/423/423
f 1188/437/437 1197/422/422 1189/423/423
f 977/436/436 1188/437/437 1189/423/423
f 1197/422/422 1187/438/438 1203/439/439
f 1188/437/437 1187/438/438 1197/422/422
f 1203/439/439 1205/420/420 1197/422/422
f 1201/440/440 1205/420/420 1203/439/439
f 1201/440/440 1251/411/411 1205/420/420
f 1201/440/440 1202/441/441 1251/411/411
f 1202/441/441 928/410/410 1251/411/411
f 1202/441/441 927/442/442 928/410/410
f 927/442/442 929/409/409 928/410/410
f 1202/441/441 1204/443/443 927/442/442
f 1201/440/440 1196/444/444 1202/441/441
f 1196/444/444 1204/443/443 1202/441/441
f 1201/440/440 1195/445/445 1196/444/444
f 1195/445/445 1201/440/440 1203/439/439
f 1186/446/446 1195/445/445 1203/439/439
f 1187/438/438 1186/446/446 1203/439/439
f 975/447/436 1186/446/446 1187/438/438
f 975/447/436 1187/438/438 1188/437/437
f 977/436/436 975/447/436 1188/437/437
f 976/448/447 974/449/448 977/436/436
f 974/449/448 975/447/436 977/436/436
f 976/448/447 977/436/436 978/450/449
f 977/436/436 979/435/435 978/450/449
f 978/450/449 979/435/435 1014/451/450
f 1015/452/451 979/435/435 1190/434/434
f 979/435/435 1015/452/451 1014/451/450
f 1278/433/433 1192/453/452 1190/434/434
f 1015/452/451 1190/434/434 1192/453/452
f 1017/454/453 1015/452/451 1192/453/452
f 1014/451/450 1015/452/451 1017/454/453
f 1192/453/452 1206/455/454 1017/454/453
f 1192/453/452 1278/433/433 1206/455/454
f 1278/433/433 1277/456/455 1206/455/454
f 1277/456/455 1278/433/433 969/432/432
f 1277/456/455 969/432/432 1275/457/456
f 969/432/432 968/431/431 1275/457/456
f 1277/456/455 1275/457/456 1207/458/457
f 1206/455/454 1277/456/455 1207/458/457
f 1019/459/458 1206/455/454 1207/458/457
f 1019/459/458 1017/454/453 1206/455/454
f 1016/460/459 1017/454/453 1019/459/458
f 1016/460/459 1014/451/450 1017/454/453
f 1014/451/450 1016/460/459 1070/461/460
f 1014/451/450 1070/461/460 1013/462/461
f 978/450/449 1014/451/450 1013/462/461
f 978/450/449 1013/462/461 1012/463/462
f 976/448/447 978/450/449 1012/463/462
f 976/448/447 1012/463/462 1100/464/463
f 974/449/448 976/448/447 1100/464/463
f 1012/463/462 1124/465/464 1100/464/463
f 1013/462/461 1125/466/465 1012/463/462
f 1125/466/465 1124/465/464 1012/463/462
f 1013/462/461 1165/467/466 1125/466/465
f 1070/461/460 1165/467/466 1013/462/461
f 1125/466/465 615/468/467 1124/465/464
f 615/468/467 1125/466/465 1165/467/466
f 615/468/467 613/469/468 1124/465/464
f 1124/465/464 616/470/469 1100/464/463
f 616/470/469 1124/465/464 613/469/468
f 616/470/469 1072/471/470 1100/464/463
f 974/449/448 1100/464/463 1072/471/470
f 1071/472/471 974/449/448 1072/471/470
f 1071/472/471 1072/471/470 617/473/472
f 616/470/469 617/473/472 1072/471/470
f 613/469/468 612/474/473 616/470/469
f 617/473/472 616/470/469 612/474/473
f 613/469/468 488/475/474 612/474/473
f 488/475/474 613/469/468 615/468/467
f 514/476/475 488/475/474 615/468/467
f 514/476/475 615/468/467 614/477/476
f 614/477/476 615/468/467 1165/467/466
f 614/477/476 1165/467/466 1220/478/477
f 1165/467/466 1222/479/478 1220/478/477
f 1165/467/466 1070/461/460 1222/479/478
f 1016/460/459 1069/480/479 1070/461/460
f 1070/461/460 1069/480/479 1222/479/478
f 1019/459/458 1018/481/480 1016/460/459
f 1016/460/459 1018/481/480 1069/480/479
f 1019/459/458 1021/482/481 1018/481/480
f 1021/482/481 1019/459/458 1207/458/457
f 1021/482/481 1207/458/457 1208/356/356
f 1207/458/457 1275/457/456 1208/356/356
f 1275/457/456 1274/357/357 1208/356/356
f 1275/457/456 968/431/431 1274/357/357
f 968/431/431 1276/358/358 1274/357/357
f 1276/358/358 968/431/431 798/430/430
f 796/359/359 1276/358/358 798/430/430
f 1220/478/477 1222/479/478 1221/483/482
f 1221/483/482 1222/479/478 1172/484/483
f 1172/484/483 1222/479/478 1069/480/479
f 1068/485/484 1172/484/483 1069/480/479
f 1018/481/480 1068/485/484 1069/480/479
f 1021/482/481 1020/486/485 1018/481/480
f 1018/481/480 1020/486/485 1068/485/484
f 1021/482/481 1022/487/486 1020/486/485
f 1208/356/356 1023/488/487 1021/482/481
f 1021/482/481 1023/488/487 1022/487/486
f 1208/356/356 1136/355/355 1023/488/487
f 1022/487/486 1023/488/487 1025/489/488
f 1136/355/355 1134/490/489 1023/488/487
f 1023/488/487 1134/490/489 1025/489/488
f 1136/355/355 1154/491/490 1134/490/489
f 1136/355/355 1153/354/354 1154/491/490
f 1154/491/490 1135/492/491 1134/490/489
f 1134/490/489 1135/492/491 1025/489/488
f 1154/491/490 1153/354/354 1143/493/492
f 1143/493/492 1135/492/491 1154/491/490
f 1153/354/354 1145/494/493 1143/493/492
f 1145/494/493 1153/354/354 1151/353/353
f 1145/494/493 1144/495/494 1143/493/492
f 1144/495/494 1145/494/493 1151/353/353
f 1144/495/494 1137/496/495 1143/493/492
f 1135/492/491 1143/493/492 1137/496/495
f 1135/492/491 1137/496/495 1027/497/496
f 1025/489/488 1135/492/491 1027/497/496
f 1024/498/497 1025/489/488 1027/497/496
f 1024/498/497 1022/487/486 1025/489/488
f 1022/487/486 1024/498/497 1066/499/498
f 1020/486/485 1022/487/486 1066/499/498
f 1067/500/499 1020/486/485 1066/499/498
f 1020/486/485 1067/500/499 1068/485/484
f 1067/500/499 1171/501/500 1068/485/484
f 1171/501/500 1172/484/483 1068/485/484
f 1067/500/499 1129/502/501 1171/501/500
f 1067/500/499 1066/499/498 1129/502/501
f 1129/502/501 1219/503/502 1171/501/500
f 1066/499/498 1120/504/503 1129/502/501
f 1129/502/501 1120/504/503 1219/503/502
f 1066/499/498 1024/498/497 1065/505/504
f 1065/505/504 1120/504/503 1066/499/498
f 1024/498/497 1064/506/505 1065/505/504
f 1027/497/496 1026/507/506 1024/498/497
f 1024/498/497 1026/507/506 1064/506/505
f 1027/497/496 1030/508/507 1026/507/506
f 1027/497/496 1137/496/495 1030/508/507
f 1030/508/507 996/509/508 1026/507/506
f 1026/507/506 996/509/508 1064/506/505
f 1030/508/507 998/510/509 996/509/508
f 996/509/508 999/511/510 1064/506/505
f 998/510/509 997/512/511 996/509/508
f 999/511/510 996/509/508 997/512/511
f 1119/513/512 999/511/510 997/512/511
f 999/511/510 1119/513/512 1064/506/505
f 1119/513/512 1118/514/513 1064/506/505
f 1064/506/505 1118/514/513 1065/505/504
f 1118/514/513 1120/504/503 1065/505/504
f 1120/504/503 1118/514/513 604/515/514
f 388/516/515 1120/504/503 604/515/514
f 1120/504/503 388/516/515 1219/503/502
f 1219/503/502 1217/517/516 1171/501/500
f 388/516/515 386/518/517 1219/503/502
f 1217/517/516 1219/503/502 386/518/517
f 1218/519/518 1217/517/516 386/518/517
f 1217/517/516 1218/519/518 1172/484/483
f 1171/501/500 1217/517/516 1172/484/483
f 1218/519/518 1221/483/482 1172/484/483
f 1271/520/519 1270/521/520 1218/519/518
f 1270/521/520 1221/483/482 1218/519/518
f 1271/520/519 1218/519/518 386/518/517
f 358/522/521 1271/520/519 386/518/517
f 358/522/521 359/523/522 1271/520/519
f 359/523/522 1270/521/520 1271/520/519
f 1270/521/520 359/523/522 1269/524/523
f 1270/521/520 1269/524/523 1221/483/482
f 1269/524/523 1220/478/477 1221/483/482
f 1220/478/477 1269/524/523 1268/525/524
f 1268/525/524 614/477/476 1220/478/477
f 1269/524/523 1260/526/525 1268/525/524
f 359/523/522 1260/526/525 1269/524/523
f 1268/525/524 366/527/526 614/477/476
f 1268/525/524 1260/526/525 366/527/526
f 1260/526/525 359/523/522 364/528/527
f 1260/526/525 364/528/527 366/527/526
f 366/527/526 368/529/528 367/530/529
f 368/529/528 366/527/526 364/528/527
f 367/530/529 614/477/476 366/527/526
f 367/530/529 514/476/475 614/477/476
f 368/529/528 369/531/530 367/530/529
f 367/530/529 513/532/531 514/476/475
f 369/531/530 474/533/532 367/530/529
f 513/532/531 367/530/529 474/533/532
f 513/532/531 474/533/532 507/534/533
f 502/535/534 513/532/531 507/534/533
f 514/476/475 513/532/531 502/535/534
f 503/536/535 514/476/475 502/535/534
f 503/536/535 488/475/474 514/476/475
f 502/535/534 504/537/536 503/536/535
f 504/537/536 502/535/534 507/534/533
f 506/538/537 504/537/536 507/534/533
f 507/534/533 474/533/532 506/538/537
f 370/539/538 474/533/532 369/531/530
f 474/533/532 370/539/538 506/538/537
f 369/531/530 371/540/539 370/539/538
f 368/529/528 371/540/539 369/531/530
f 371/540/539 368/529/528 356/541/540
f 357/542/541 368/529/528 364/528/527
f 368/529/528 357/542/541 356/541/540
f 364/528/527 305/543/542 357/542/541
f 356/541/540 357/542/541 306/544/543
f 357/542/541 305/543/542 306/544/543
f 306/544/543 312/545/544 356/541/540
f 305/543/542 304/546/420 306/544/543
f 306/544/543 307/547/545 312/545/544
f 304/546/420 307/547/545 306/544/543
f 303/548/546 302/549/547 304/546/420
f 307/547/545 304/546/420 302/549/547
f 303/548/546 304/546/420 305/543/542
f 303/548/546 305/543/542 365/550/548
f 305/543/542 1261/551/549 365/550/548
f 1261/551/549 305/543/542 364/528/527
f 359/523/522 1261/551/549 364/528/527
f 1261/551/549 359/523/522 365/550/548
f 361/552/550 309/553/551 365/550/548
f 359/523/522 361/552/550 365/550/548
f 309/553/551 303/548/546 365/550/548
f 309/553/551 310/554/552 303/548/546
f 303/548/546 310/554/552 302/549/547
f 310/554/552 311/555/553 302/549/547
f 302/549/547 313/556/554 307/547/545
f 302/549/547 311/555/553 313/556/554
f 313/556/554 321/557/555 307/547/545
f 321/557/555 312/545/544 307/547/545
f 313/556/554 320/558/556 321/557/555
f 313/556/554 311/555/553 314/559/557
f 320/558/556 313/556/554 314/559/557
f 311/555/553 315/560/558 314/559/557
f 311/555/553 310/554/552 308/561/559
f 308/561/559 315/560/558 311/555/553
f 310/554/552 309/553/551 308/561/559
f 308/561/559 362/562/560 315/560/558
f 308/561/559 309/553/551 362/562/560
f 309/553/551 363/563/561 362/562/560
f 360/564/562 363/563/561 309/553/551
f 361/552/550 360/564/562 309/553/551
f 360/564/562 361/552/550 359/523/522
f 358/522/521 360/564/562 359/523/522
f 360/564/562 358/522/521 385/565/563
f 358/522/521 386/518/517 385/565/563
f 360/564/562 385/565/563 384/566/564
f 363/563/561 360/564/562 384/566/564
f 385/565/563 387/567/565 384/566/564
f 385/565/563 386/518/517 387/567/565
f 386/518/517 388/516/515 387/567/565
f 387/567/565 388/516/515 520/568/566
f 388/516/515 604/515/514 520/568/566
f 520/568/566 389/569/567 387/567/565
f 389/569/567 384/566/564 387/567/565
f 383/570/568 384/566/564 389/569/567
f 363/563/561 384/566/564 383/570/568
f 382/571/569 363/563/561 383/570/568
f 363/563/561 382/571/569 362/562/560
f 382/571/569 354/572/570 362/562/560
f 354/572/570 315/560/558 362/562/560
f 382/571/569 392/573/571 354/572/570
f 383/570/568 392/573/571 382/571/569
f 389/569/567 521/574/572 383/570/568
f 383/570/568 466/575/573 392/573/571
f 521/574/572 466/575/573 383/570/568
f 392/573/571 390/576/574 354/572/570
f 466/575/573 465/577/575 392/573/571
f 390/576/574 392/573/571 465/577/575
f 466/575/573 429/578/576 465/577/575
f 521/574/572 453/579/577 466/575/573
f 466/575/573 453/579/577 429/578/576
f 521/574/572 518/580/578 453/579/577
f 429/578/576 453/579/577 419/581/579
f 518/580/578 421/582/580 453/579/577
f 453/579/577 421/582/580 419/581/579
f 518/580/578 517/583/581 515/584/582
f 515/584/582 421/582/580 518/580/578
f 518/580/578 521/574/572 517/583/581
f 521/574/572 519/585/583 517/583/581
f 519/585/583 521/574/572 389/569/567
f 519/585/583 389/569/567 520/568/566
f 519/585/583 520/568/566 516/586/584
f 520/568/566 604/515/514 516/586/584
f 516/586/584 517/583/581 519/585/583
f 415/587/585 517/583/581 516/586/584
f 415/587/585 515/584/582 517/583/581
f 516/586/584 416/588/586 415/587/585
f 516/586/584 605/589/587 416/588/586
f 604/515/514 605/589/587 516/586/584
f 604/515/514 1118/514/513 605/589/587
f 1118/514/513 1119/513/512 605/589/587
f 605/589/587 606/590/588 416/588/586
f 605/589/587 1119/513/512 606/590/588
f 1119/513/512 1121/591/589 606/590/588
f 1121/591/589 1119/513/512 997/512/511
f 1121/591/589 1122/592/590 606/590/588
f 1122/592/590 1121/591/589 997/512/511
f 1122/592/590 607/593/591 606/590/588
f 606/590/588 607/593/591 416/588/586
f 415/587/585 416/588/586 404/594/592
f 607/593/591 404/594/592 416/588/586
f 404/594/592 405/595/593 415/587/585
f 515/584/582 415/587/585 405/595/593
f 424/596/594 515/584/582 405/595/593
f 424/596/594 422/597/595 515/584/582
f 422/597/595 421/582/580 515/584/582
f 421/582/580 422/597/595 420/598/596
f 419/581/579 421/582/580 420/598/596
f 419/581/579 420/598/596 417/599/597
f 418/600/598 419/581/579 417/599/597
f 419/581/579 418/600/598 429/578/576
f 418/600/598 428/601/599 429/578/576
f 465/577/575 429/578/576 428/601/599
f 464/602/600 465/577/575 428/601/599
f 390/576/574 465/577/575 464/602/600
f 428/601/599 285/603/601 464/602/600
f 418/600/598 288/604/602 428/601/599
f 288/604/602 285/603/601 428/601/599
f 418/600/598 413/605/603 288/604/602
f 417/599/597 413/605/603 418/600/598
f 398/606/604 399/607/605 417/599/597
f 399/607/605 413/605/603 417/599/597
f 417/599/597 420/598/596 398/606/604
f 420/598/596 430/608/606 398/606/604
f 420/598/596 422/597/595 430/608/606
f 425/609/607 422/597/595 423/610/608
f 422/597/595 425/609/607 430/608/606
f 422/597/595 424/596/594 423/610/608
f 423/610/608 424/596/594 402/611/609
f 424/596/594 405/595/593 402/611/609
f 404/594/592 402/611/609 405/595/593
f 402/611/609 404/594/592 403/612/610
f 607/593/591 608/613/611 404/594/592
f 403/612/610 404/594/592 608/613/611
f 607/593/591 609/614/612 608/613/611
f 609/614/612 607/593/591 1123/615/613
f 607/593/591 1122/592/590 1123/615/613
f 1123/615/613 1102/616/614 609/614/612
f 609/614/612 610/617/615 608/613/611
f 609/614/612 1102/616/614 610/617/615
f 610/617/615 461/618/616 608/613/611
f 461/618/616 403/612/610 608/613/611
f 461/618/616 462/619/617 403/612/610
f 402/611/609 403/612/610 463/620/618
f 462/619/617 463/620/618 403/612/610
f 463/620/618 423/610/608 402/611/609
f 425/609/607 423/610/608 463/620/618
f 454/621/618 425/609/607 463/620/618
f 454/621/618 463/620/618 462/619/617
f 454/621/618 431/622/619 425/609/607
f 430/608/606 425/609/607 431/622/619
f 431/622/619 299/623/620 430/608/606
f 299/623/620 398/606/604 430/608/606
f 398/606/604 299/623/620 401/624/621
f 400/625/622 398/606/604 401/624/621
f 398/606/604 400/625/622 399/607/605
f 413/605/603 399/607/605 414/626/623
f 400/625/622 426/627/624 399/607/605
f 399/607/605 426/627/624 414/626/623
f 400/625/622 434/628/625 426/627/624
f 426/627/624 435/629/626 414/626/623
f 434/628/625 435/629/626 426/627/624
f 400/625/622 433/630/627 434/628/625
f 435/629/626 434/628/625 191/631/628
f 433/630/627 93/632/629 434/628/625
f 191/631/628 434/628/625 93/632/629
f 191/631/628 93/632/629 180/633/630
f 180/633/630 190/634/631 191/631/628
f 190/634/631 435/629/626 191/631/628
f 180/633/630 189/635/632 190/634/631
f 435/629/626 190/634/631 189/635/632
f 436/636/633 435/629/626 189/635/632
f 435/629/626 436/636/633 414/626/623
f 189/635/632 186/637/634 436/636/633
f 414/626/623 436/636/633 186/637/634
f 287/638/635 414/626/623 186/637/634
f 413/605/603 414/626/623 287/638/635
f 288/604/602 413/605/603 287/638/635
f 287/638/635 282/639/636 288/604/602
f 282/639/636 285/603/601 288/604/602
f 287/638/635 280/640/637 282/639/636
f 287/638/635 186/637/634 280/640/637
f 182/641/638 187/642/639 186/637/634
f 186/637/634 187/642/639 280/640/637
f 186/637/634 185/643/640 182/641/638
f 185/643/640 186/637/634 189/635/632
f 179/644/641 185/643/640 189/635/632
f 180/633/630 179/644/641 189/635/632
f 185/643/640 175/645/642 182/641/638
f 185/643/640 179/644/641 175/645/642
f 175/645/642 179/644/641 178/646/643
f 179/644/641 180/633/630 89/647/644
f 178/646/643 179/644/641 89/647/644
f 180/633/630 88/648/645 89/647/644
f 93/632/629 90/649/646 180/633/630
f 180/633/630 90/649/646 88/648/645
f 433/630/627 92/650/647 93/632/629
f 92/650/647 90/649/646 93/632/629
f 90/649/646 92/650/647 91/651/648
f 88/648/645 90/649/646 91/651/648
f 91/651/648 97/652/649 88/648/645
f 91/651/648 437/653/650 97/652/649
f 437/653/650 91/651/648 92/650/647
f 432/654/651 437/653/650 92/650/647
f 433/630/627 432/654/651 92/650/647
f 432/654/651 433/630/627 427/655/652
f 427/655/652 433/630/627 400/625/622
f 400/625/622 401/624/621 427/655/652
f 297/656/653 427/655/652 401/624/621
f 297/656/653 432/654/651 427/655/652
f 297/656/653 294/657/654 432/654/651
f 294/657/654 437/653/650 432/654/651
f 297/656/653 296/658/655 294/657/654
f 296/658/655 297/656/653 401/624/621
f 299/623/620 296/658/655 401/624/621
f 296/658/655 299/623/620 298/659/656
f 295/660/657 296/658/655 298/659/656
f 294/657/654 296/658/655 295/660/657
f 442/661/658 294/657/654 295/660/657
f 442/661/658 295/660/657 298/659/656
f 442/661/658 441/662/659 294/657/654
f 437/653/650 294/657/654 441/662/659
f 438/663/660 437/653/650 441/662/659
f 437/653/650 438/663/660 97/652/649
f 441/662/659 440/664/661 438/663/660
f 440/664/661 441/662/659 442/661/658
f 442/661/658 443/665/662 440/664/661
f 443/665/662 442/661/658 298/659/656
f 443/665/662 298/659/656 449/666/663
f 298/659/656 299/623/620 449/666/663
f 299/623/620 431/622/619 449/666/663
f 454/621/618 455/667/664 431/622/619
f 455/667/664 449/666/663 431/622/619
f 454/621/618 462/619/617 455/667/664
f 449/666/663 455/667/664 448/668/665
f 448/668/665 443/665/662 449/666/663
f 443/665/662 448/668/665 444/669/666
f 443/665/662 444/669/666 440/664/661
f 444/669/666 445/670/667 440/664/661
f 439/671/668 438/663/660 440/664/661
f 440/664/661 445/670/667 439/671/668
f 438/663/660 439/671/668 74/672/669
f 97/652/649 438/663/660 74/672/669
f 97/652/649 74/672/669 75/673/670
f 88/648/645 97/652/649 75/673/670
f 74/672/669 73/674/671 75/673/670
f 75/673/670 73/674/671 67/675/672
f 75/673/670 67/675/672 88/648/645
f 88/648/645 86/676/673 89/647/644
f 67/675/672 86/676/673 88/648/645
f 86/676/673 87/677/674 89/647/644
f 178/646/643 89/647/644 87/677/674
f 86/676/673 55/678/675 87/677/674
f 65/679/676 55/678/675 86/676/673
f 67/675/672 65/679/676 86/676/673
f 66/680/677 64/681/678 67/675/672
f 64/681/678 65/679/676 67/675/672
f 67/675/672 73/674/671 66/680/677
f 84/682/679 73/674/671 74/672/669
f 66/680/677 73/674/671 84/682/679
f 74/672/669 77/683/680 84/682/679
f 74/672/669 439/671/668 77/683/680
f 445/670/667 446/684/681 439/671/668
f 439/671/668 446/684/681 77/683/680
f 445/670/667 451/685/682 452/686/683
f 445/670/667 452/686/683 446/684/681
f 445/670/667 450/687/684 451/685/682
f 444/669/666 450/687/684 445/670/667
f 448/668/665 450/687/684 444/669/666
f 448/668/665 458/688/685 450/687/684
f 455/667/664 458/688/685 448/668/665
f 455/667/664 462/619/617 458/688/685
f 458/688/685 459/689/686 450/687/684
f 462/619/617 1191/690/687 458/688/685
f 459/689/686 458/688/685 1191/690/687
f 462/619/617 1104/691/688 1191/690/687
f 462/619/617 461/618/616 1104/691/688
f 1191/690/687 1104/691/688 460/692/689
f 460/692/689 459/689/686 1191/690/687
f 457/693/690 459/689/686 460/692/689
f 459/689/686 457/693/690 451/685/682
f 450/687/684 459/689/686 451/685/682
f 457/693/690 452/686/683 451/685/682
f 457/693/690 300/694/691 452/686/683
f 452/686/683 447/695/692 446/684/681
f 452/686/683 300/694/691 447/695/692
f 446/684/681 447/695/692 76/696/693
f 77/683/680 446/684/681 76/696/693
f 447/695/692 301/697/694 76/696/693
f 300/694/691 301/697/694 447/695/692
f 300/694/691 234/698/695 301/697/694
f 456/699/696 234/698/695 300/694/691
f 457/693/690 456/699/696 300/694/691
f 456/699/696 457/693/690 460/692/689
f 460/692/689 1107/700/697 456/699/696
f 1104/691/688 1107/700/697 460/692/689
f 461/618/616 1101/701/698 1104/691/688
f 1104/691/688 1106/702/699 1107/700/697
f 1101/701/698 1106/702/699 1104/691/688
f 1107/700/697 1106/702/699 1108/703/700
f 1107/700/697 1108/703/700 456/699/696
f 234/698/695 456/699/696 235/704/701
f 456/699/696 1108/703/700 235/704/701
f 234/698/695 235/704/701 231/705/702
f 234/698/695 231/705/702 233/706/703
f 234/698/695 233/706/703 301/697/694
f 301/697/694 83/707/704 76/696/693
f 301/697/694 233/706/703 83/707/704
f 81/58/58 233/706/703 231/705/702
f 233/706/703 81/58/58 83/707/704
f 82/57/57 83/707/704 81/58/58
f 83/707/704 82/57/57 76/696/693
f 81/58/58 231/705/702 229/59/59
f 231/705/702 232/87/87 229/59/59
f 231/705/702 235/704/701 232/87/87
f 1110/708/705 235/704/701 1108/703/700
f 235/704/701 1110/708/705 232/87/87
f 1108/703/700 1106/702/699 1109/709/706
f 1109/709/706 1110/708/705 1108/703/700
f 1106/702/699 1088/710/707 1109/709/706
f 1109/709/706 1114/711/708 1110/708/705
f 1109/709/706 1088/710/707 1114/711/708
f 1114/711/708 1115/712/709 1110/708/705
f 1110/708/705 1194/88/88 232/87/87
f 1194/88/88 1110/708/705 1115/712/709
f 232/87/87 230/76/76 229/59/59
f 229/59/59 230/76/76 195/60/60
f 1193/89/89 1194/88/88 1115/712/709
f 1115/712/709 1117/713/710 1193/89/89
f 1114/711/708 1116/714/711 1115/712/709
f 1116/714/711 1117/713/710 1115/712/709
f 1114/711/708 1089/715/712 1116/714/711
f 1088/710/707 1089/715/712 1114/711/708
f 1106/702/699 1087/716/713 1088/710/707
f 1088/710/707 1084/717/714 1089/715/712
f 1088/710/707 1087/716/713 1084/717/714
f 1084/717/714 1085/718/715 1089/715/712
f 1089/715/712 1085/718/715 1116/714/711
f 1085/718/715 991/719/716 1116/714/711
f 991/719/716 1117/713/710 1116/714/711
f 1085/718/715 1002/720/717 991/719/716
f 1085/718/715 1084/717/714 1002/720/717
f 1084/717/714 1083/721/718 1011/722/719
f 1084/717/714 1011/722/719 1002/720/717
f 1084/717/714 1087/716/713 1083/721/718
f 1087/716/713 1086/723/720 1083/721/718
f 1086/723/720 1087/716/713 1106/702/699
f 1101/701/698 1086/723/720 1106/702/699
f 1086/723/720 1101/701/698 1090/724/721
f 1081/725/722 1086/723/720 1090/724/721
f 1086/723/720 1081/725/722 1083/721/718
f 1083/721/718 1081/725/722 1008/726/723
f 1083/721/718 1008/726/723 1011/722/719
f 1011/722/719 1008/726/723 1010/727/724
f 1011/722/719 1010/727/724 1003/728/725
f 1002/720/717 1011/722/719 1003/728/725
f 1002/720/717 1003/728/725 985/729/726
f 990/730/727 1002/720/717 985/729/726
f 1002/720/717 990/730/727 991/719/716
f 985/729/726 989/731/728 990/730/727
f 991/719/716 990/730/727 989/731/728
f 992/732/729 991/719/716 989/731/728
f 1117/713/710 991/719/716 992/732/729
f 1117/713/710 1099/733/730 1193/89/89
f 1099/733/730 1117/713/710 992/732/729
f 1099/733/730 1097/90/90 1193/89/89
f 1099/733/730 992/732/729 1097/90/90
f 992/732/729 993/91/91 1097/90/90
f 988/734/731 993/91/91 992/732/729
f 989/731/728 988/734/731 992/732/729
f 989/731/728 983/735/732 988/734/731
f 985/729/726 983/735/732 989/731/728
f 985/729/726 984/736/733 983/735/732
f 985/729/726 1003/728/725 984/736/733
f 1003/728/725 1010/727/724 1042/737/734
f 1003/728/725 1042/737/734 984/736/733
f 1010/727/724 1009/307/307 1041/306/306
f 1010/727/724 1041/306/306 1042/737/734
f 1010/727/724 1008/726/723 1009/307/307
f 1007/308/308 1009/307/307 1008/726/723
f 1006/738/735 1007/308/308 1008/726/723
f 1081/725/722 1006/738/735 1008/726/723
f 1004/739/736 1006/738/735 1081/725/722
f 1082/740/737 1004/739/736 1081/725/722
f 1081/725/722 1090/724/721 1082/740/737
f 1101/701/698 1105/741/738 1090/724/721
f 1090/724/721 1102/616/614 1082/740/737
f 1105/741/738 1102/616/614 1090/724/721
f 1101/701/698 610/617/615 1105/741/738
f 610/617/615 1102/616/614 1105/741/738
f 1101/701/698 461/618/616 610/617/615
f 1102/616/614 1123/615/613 1082/740/737
f 1123/615/613 1223/742/739 1082/740/737
f 1223/742/739 1004/739/736 1082/740/737
f 1123/615/613 1122/592/590 1223/742/739
f 1004/739/736 1223/742/739 1000/743/740
f 1000/743/740 1223/742/739 1122/592/590
f 1000/743/740 1122/592/590 997/512/511
f 997/512/511 998/510/509 1000/743/740
f 998/510/509 1001/744/741 1000/743/740
f 1000/743/740 1001/744/741 1004/739/736
f 1001/744/741 1005/745/742 1004/739/736
f 1004/739/736 1005/745/742 1006/738/735
f 1005/745/742 1007/308/308 1006/738/735
f 1005/745/742 1038/309/309 1007/308/308
f 1037/326/326 1038/309/309 1005/745/742
f 1001/744/741 1037/326/326 1005/745/742
f 1036/350/350 1037/326/326 1001/744/741
f 1036/350/350 1001/744/741 998/510/509
f 1033/746/743 1036/350/350 998/510/509
f 1030/508/507 1033/746/743 998/510/509
f 1033/746/743 1139/351/351 1036/350/350
f 1030/508/507 1138/747/744 1033/746/743
f 1138/747/744 1139/351/351 1033/746/743
f 1030/508/507 1137/496/495 1138/747/744
f 1138/747/744 1147/352/352 1139/351/351
f 1137/496/495 1146/748/745 1138/747/744
f 1146/748/745 1147/352/352 1138/747/744
f 1137/496/495 1144/495/494 1146/748/745
f 1146/748/745 1151/353/353 1147/352/352
f 1146/748/745 1144/495/494 1151/353/353
f 716/749/746 714/750/747 715/751/320
f 714/750/747 685/752/748 715/751/320
f 714/750/747 890/753/749 685/752/748
f 685/752/748 879/754/750 715/751/320
f 890/753/749 687/755/751 685/752/748
f 879/754/750 685/752/748 686/756/752
f 685/752/748 687/755/751 686/756/752
f 879/754/750 686/756/752 876/757/753
f 687/755/751 712/758/754 686/756/752
f 686/756/752 874/759/755 876/757/753
f 712/758/754 874/759/755 686/756/752
f 687/755/751 713/760/756 712/758/754
f 712/758/754 871/761/757 874/759/755
f 713/760/756 725/762/758 712/758/754
f 725/762/758 871/761/757 712/758/754
f 713/760/756 726/763/759 725/762/758
f 725/762/758 728/764/760 871/761/757
f 725/762/758 726/763/759 728/764/760
f 728/764/760 889/765/761 871/761/757
f 726/763/759 727/766/762 728/764/760
f 728/764/760 719/767/763 889/765/761
f 728/764/760 727/766/762 719/767/763
f 719/767/763 717/768/764 889/765/761
f 727/766/762 720/769/765 719/767/763
f 719/767/763 718/770/766 717/768/764
f 720/769/765 718/770/766 719/767/763
f 727/766/762 894/771/767 720/769/765
f 720/769/765 895/772/768 718/770/766
f 894/771/767 895/772/768 720/769/765
f 895/772/768 896/401/401 718/770/766
f 717/768/764 718/770/766 699/773/769
f 896/401/401 699/773/769 718/770/766
f 699/773/769 896/401/401 902/400/400
f 699/773/769 902/400/400 704/774/770
f 704/774/770 902/400/400 709/775/771
f 902/400/400 903/402/402 709/775/771
f 704/774/770 709/775/771 707/776/772
f 903/402/402 708/777/773 709/775/771
f 707/776/772 709/775/771 708/777/773
f 903/402/402 913/778/774 708/777/773
f 913/778/774 903/402/402 929/409/409
f 913/778/774 929/409/409 915/779/775
f 915/779/775 929/409/409 927/442/442
f 916/780/776 915/779/775 927/442/442
f 916/780/776 927/442/442 1209/781/777
f 927/442/442 1204/443/443 1209/781/777
f 1210/782/778 1209/781/777 1204/443/443
f 1210/782/778 1204/443/443 1196/444/444
f 1210/782/778 1196/444/444 1185/783/779
f 1185/783/779 1196/444/444 1195/445/445
f 1186/446/446 1185/783/779 1195/445/445
f 975/447/436 973/784/780 1186/446/446
f 973/784/780 1185/783/779 1186/446/446
f 973/784/780 971/785/781 1185/783/779
f 1163/786/782 1210/782/778 1185/783/779
f 971/785/781 1163/786/782 1185/783/779
f 1210/782/778 1161/787/783 1211/788/784
f 1163/786/782 1161/787/783 1210/782/778
f 1211/788/784 1209/781/777 1210/782/778
f 1211/788/784 1213/789/785 1209/781/777
f 1209/781/777 1213/789/785 916/780/776
f 916/780/776 914/790/786 915/779/775
f 1213/789/785 917/791/787 916/780/776
f 916/780/776 917/791/787 914/790/786
f 1213/789/785 1211/788/784 1214/792/788
f 1213/789/785 1214/792/788 917/791/787
f 1211/788/784 1159/793/789 1212/794/790
f 1212/794/790 1214/792/788 1211/788/784
f 1211/788/784 1161/787/783 1159/793/789
f 1159/793/789 1161/787/783 967/795/791
f 967/795/791 1161/787/783 1163/786/782
f 971/785/781 967/795/791 1163/786/782
f 970/796/792 966/797/793 971/785/781
f 966/797/793 967/795/791 971/785/781
f 970/796/792 971/785/781 973/784/780
f 972/798/794 970/796/792 973/784/780
f 972/798/794 973/784/780 975/447/436
f 974/449/448 972/798/794 975/447/436
f 970/796/792 972/798/794 974/449/448
f 1071/472/471 970/796/792 974/449/448
f 966/797/793 970/796/792 1071/472/471
f 1079/799/795 966/797/793 1071/472/471
f 1071/472/471 599/800/796 1079/799/795
f 599/800/796 1071/472/471 617/473/472
f 599/800/796 596/801/797 1079/799/795
f 1074/802/798 1079/799/795 596/801/797
f 966/797/793 1079/799/795 1074/802/798
f 964/803/799 966/797/793 1074/802/798
f 966/797/793 964/803/799 967/795/791
f 964/803/799 965/804/800 967/795/791
f 965/804/800 1159/793/789 967/795/791
f 964/803/799 962/805/801 965/804/800
f 965/804/800 963/806/802 1159/793/789
f 962/805/801 963/806/802 965/804/800
f 963/806/802 1160/807/803 1159/793/789
f 1160/807/803 1245/808/804 1159/793/789
f 1245/808/804 1212/794/790 1159/793/789
f 1214/792/788 1212/794/790 1245/808/804
f 1214/792/788 919/809/805 917/791/787
f 919/809/805 1214/792/788 1247/810/806
f 1214/792/788 1246/811/807 1247/810/806
f 1246/811/807 1214/792/788 1245/808/804
f 1242/812/808 1246/811/807 1245/808/804
f 1244/813/809 1242/812/808 1245/808/804
f 1244/813/809 1245/808/804 1160/807/803
f 1162/814/810 1244/813/809 1160/807/803
f 960/815/811 1162/814/810 1160/807/803
f 963/806/802 960/815/811 1160/807/803
f 962/805/801 959/816/812 963/806/802
f 959/816/812 960/815/811 963/806/802
f 962/805/801 1078/817/813 959/816/812
f 962/805/801 964/803/799 1075/818/814
f 962/805/801 1075/818/814 1078/817/813
f 964/803/799 1074/802/798 1075/818/814
f 1073/819/815 1075/818/814 1074/802/798
f 1076/820/816 1073/819/815 1074/802/798
f 1076/820/816 1074/802/798 596/801/797
f 562/821/817 1076/820/816 596/801/797
f 562/821/817 572/822/818 1076/820/816
f 572/822/818 1073/819/815 1076/820/816
f 1077/823/819 1073/819/815 572/822/818
f 1073/819/815 1077/823/819 1075/818/814
f 1077/823/819 1078/817/813 1075/818/814
f 1077/823/819 603/824/820 1078/817/813
f 959/816/812 1078/817/813 1080/825/821
f 603/824/820 1080/825/821 1078/817/813
f 959/816/812 961/826/822 960/815/811
f 961/826/822 959/816/812 1080/825/821
f 961/826/822 980/827/823 960/815/811
f 980/827/823 1164/828/824 960/815/811
f 1164/828/824 1162/814/810 960/815/811
f 1244/813/809 1162/814/810 1164/828/824
f 1235/829/825 1244/813/809 1164/828/824
f 1233/830/826 1244/813/809 1235/829/825
f 1233/830/826 1242/812/808 1244/813/809
f 1235/829/825 1234/831/827 1233/830/826
f 1242/812/808 1233/830/826 1236/832/828
f 1236/832/828 1233/830/826 1234/831/827
f 1236/832/828 1243/833/829 1242/812/808
f 1246/811/807 1242/812/808 1243/833/829
f 1247/810/806 1246/811/807 1243/833/829
f 1247/810/806 1243/833/829 926/834/830
f 926/834/830 1243/833/829 925/835/831
f 925/835/831 1243/833/829 1236/832/828
f 1258/836/832 925/835/831 1236/832/828
f 1257/837/833 1258/836/832 1236/832/828
f 1234/831/827 1257/837/833 1236/832/828
f 1258/836/832 1257/837/833 1264/838/834
f 908/839/835 1258/836/832 1264/838/834
f 908/839/835 910/840/836 1258/836/832
f 1258/836/832 910/840/836 925/835/831
f 909/841/837 926/834/830 925/835/831
f 910/840/836 909/841/837 925/835/831
f 926/834/830 911/842/838 918/843/839
f 909/841/837 911/842/838 926/834/830
f 918/843/839 1247/810/806 926/834/830
f 919/809/805 1247/810/806 918/843/839
f 917/791/787 919/809/805 918/843/839
f 914/790/786 917/791/787 918/843/839
f 918/843/839 911/842/838 914/790/786
f 914/790/786 912/844/840 915/779/775
f 911/842/838 912/844/840 914/790/786
f 912/844/840 913/778/774 915/779/775
f 912/844/840 911/842/838 705/845/841
f 912/844/840 705/845/841 913/778/774
f 705/845/841 706/846/842 913/778/774
f 913/778/774 706/846/842 708/777/773
f 694/847/843 707/776/772 708/777/773
f 694/847/843 708/777/773 706/846/842
f 691/848/844 694/847/843 706/846/842
f 691/848/844 706/846/842 705/845/841
f 691/848/844 692/849/845 694/847/843
f 707/776/772 694/847/843 692/849/845
f 691/848/844 693/850/846 692/849/845
f 705/845/841 697/851/847 691/848/844
f 691/848/844 697/851/847 693/850/846
f 705/845/841 710/852/848 696/853/849
f 697/851/847 705/845/841 696/853/849
f 705/845/841 911/842/838 710/852/848
f 818/854/850 710/852/848 911/842/838
f 909/841/837 818/854/850 911/842/838
f 819/855/851 818/854/850 909/841/837
f 910/840/836 819/855/851 909/841/837
f 822/856/852 819/855/851 910/840/836
f 908/839/835 822/856/852 910/840/836
f 820/857/853 822/856/852 908/839/835
f 905/858/854 820/857/853 908/839/835
f 822/856/852 820/857/853 742/859/855
f 819/855/851 822/856/852 742/859/855
f 740/860/856 819/855/851 742/859/855
f 818/854/850 819/855/851 740/860/856
f 811/861/857 818/854/850 740/860/856
f 710/852/848 818/854/850 811/861/857
f 696/853/849 710/852/848 811/861/857
f 696/853/849 811/861/857 810/862/858
f 810/862/858 811/861/857 743/863/859
f 811/861/857 740/860/856 743/863/859
f 740/860/856 742/859/855 741/864/860
f 743/863/859 740/860/856 741/864/860
f 742/859/855 821/865/861 741/864/860
f 820/857/853 821/865/861 742/859/855
f 820/857/853 817/866/862 821/865/861
f 820/857/853 905/858/854 817/866/862
f 817/866/862 812/867/863 821/865/861
f 905/858/854 814/868/864 817/866/862
f 817/866/862 814/868/864 812/867/863
f 905/858/854 904/869/865 897/870/866
f 814/868/864 905/858/854 897/870/866
f 828/871/867 814/868/864 897/870/866
f 898/872/868 828/871/867 897/870/866
f 830/873/869 828/871/867 898/872/868
f 899/874/870 830/873/869 898/872/868
f 833/875/871 830/873/869 899/874/870
f 900/876/872 833/875/871 899/874/870
f 833/875/871 900/876/872 901/877/873
f 832/878/874 833/875/871 901/877/873
f 832/878/874 901/877/873 886/879/875
f 832/878/874 834/880/876 833/875/871
f 829/881/877 830/873/869 833/875/871
f 834/880/876 829/881/877 833/875/871
f 829/881/877 828/871/867 830/873/869
f 827/882/878 828/871/867 829/881/877
f 814/868/864 828/871/867 827/882/878
f 813/883/879 814/868/864 827/882/878
f 812/867/863 814/868/864 813/883/879
f 815/884/880 812/867/863 813/883/879
f 823/885/881 812/867/863 815/884/880
f 821/865/861 812/867/863 823/885/881
f 821/865/861 823/885/881 741/864/860
f 839/886/882 823/885/881 815/884/880
f 823/885/881 839/886/882 741/864/860
f 815/884/880 813/883/879 839/886/882
f 870/887/883 813/883/879 827/882/878
f 813/883/879 870/887/883 839/886/882
f 827/882/878 888/888/884 870/887/883
f 888/888/884 827/882/878 829/881/877
f 834/880/876 888/888/884 829/881/877
f 832/878/874 831/889/885 834/880/876
f 834/880/876 873/890/886 888/888/884
f 873/890/886 834/880/876 831/889/885
f 873/890/886 831/889/885 824/891/887
f 825/892/888 824/891/887 831/889/885
f 832/878/874 825/892/888 831/889/885
f 825/892/888 832/878/874 886/879/875
f 737/893/889 825/892/888 886/879/875
f 824/891/887 825/892/888 737/893/889
f 886/879/875 885/894/890 737/893/889
f 885/894/890 722/895/891 723/896/892
f 737/893/889 885/894/890 723/896/892
f 736/897/893 737/893/889 723/896/892
f 736/897/893 824/891/887 737/893/889
f 872/898/894 824/891/887 736/897/893
f 872/898/894 873/890/886 824/891/887
f 871/761/757 873/890/886 872/898/894
f 873/890/886 871/761/757 889/765/761
f 888/888/884 873/890/886 889/765/761
f 871/761/757 872/898/894 874/759/755
f 872/898/894 875/899/895 874/759/755
f 875/899/895 872/898/894 736/897/893
f 875/899/895 736/897/893 880/900/896
f 723/896/892 880/900/896 736/897/893
f 722/895/891 721/901/897 723/896/892
f 880/900/896 723/896/892 721/901/897
f 722/895/891 724/902/898 721/901/897
f 875/899/895 876/757/753 874/759/755
f 875/899/895 877/903/899 876/757/753
f 877/903/899 875/899/895 880/900/896
f 877/903/899 880/900/896 887/904/900
f 887/904/900 881/905/237 877/903/899
f 881/905/237 882/906/272 877/903/899
f 877/903/899 878/907/901 876/757/753
f 882/906/272 878/907/901 877/903/899
f 878/907/901 879/754/750 876/757/753
f 879/754/750 878/907/901 884/908/902
f 883/909/316 884/908/902 878/907/901
f 878/907/901 882/906/272 883/909/316
f 859/910/903 889/765/761 717/768/764
f 889/765/761 859/910/903 857/911/904
f 888/888/884 889/765/761 857/911/904
f 864/912/905 888/888/884 857/911/904
f 870/887/883 888/888/884 864/912/905
f 869/913/906 870/887/883 864/912/905
f 870/887/883 869/913/906 839/886/882
f 864/912/905 851/914/907 865/915/908
f 865/915/908 869/913/906 864/912/905
f 851/914/907 864/912/905 857/911/904
f 869/913/906 838/916/909 839/886/882
f 860/917/910 838/916/909 869/913/906
f 860/917/910 869/913/906 865/915/908
f 860/917/910 865/915/908 862/918/911
f 865/915/908 851/914/907 862/918/911
f 860/917/910 862/918/911 861/919/912
f 851/914/907 852/920/913 862/918/911
f 861/919/912 862/918/911 852/920/913
f 851/914/907 848/921/914 852/920/913
f 851/914/907 850/922/915 848/921/914
f 850/922/915 851/914/907 857/911/904
f 850/922/915 857/911/904 856/923/916
f 856/923/916 857/911/904 858/924/917
f 857/911/904 859/910/903 858/924/917
f 858/924/917 859/910/903 843/925/918
f 859/910/903 702/926/919 843/925/918
f 702/926/919 859/910/903 717/768/764
f 702/926/919 717/768/764 699/773/769
f 702/926/919 699/773/769 700/927/920
f 702/926/919 700/927/920 843/925/918
f 699/773/769 701/928/921 700/927/920
f 700/927/920 711/929/922 843/925/918
f 700/927/920 701/928/921 711/929/922
f 711/929/922 692/849/845 843/925/918
f 701/928/921 707/776/772 711/929/922
f 711/929/922 707/776/772 692/849/845
f 701/928/921 704/774/770 707/776/772
f 699/773/769 704/774/770 701/928/921
f 863/930/923 860/917/910 861/919/912
f 838/916/909 860/917/910 863/930/923
f 837/931/924 838/916/909 863/930/923
f 837/931/924 839/886/882 838/916/909
f 863/930/923 861/919/912 837/931/924
f 866/932/925 861/919/912 855/933/926
f 866/932/925 837/931/924 861/919/912
f 861/919/912 852/920/913 855/933/926
f 852/920/913 848/921/914 855/933/926
f 850/922/915 847/934/927 848/921/914
f 848/921/914 853/935/928 855/933/926
f 847/934/927 849/936/929 848/921/914
f 848/921/914 849/936/929 853/935/928
f 847/934/927 856/923/916 867/937/930
f 847/934/927 867/937/930 849/936/929
f 847/934/927 850/922/915 856/923/916
f 856/923/916 858/924/917 867/937/930
f 844/938/931 858/924/917 843/925/918
f 844/938/931 867/937/930 858/924/917
f 867/937/930 844/938/931 868/939/932
f 867/937/930 868/939/932 849/936/929
f 844/938/931 845/940/933 868/939/932
f 849/936/929 868/939/932 845/940/933
f 844/938/931 843/925/918 845/940/933
f 845/940/933 843/925/918 846/941/934
f 843/925/918 703/942/935 846/941/934
f 692/849/845 703/942/935 843/925/918
f 703/942/935 692/849/845 693/850/846
f 695/943/936 703/942/935 693/850/846
f 697/851/847 695/943/936 693/850/846
f 695/943/936 697/851/847 696/853/849
f 698/944/937 695/943/936 696/853/849
f 698/944/937 703/942/935 695/943/936
f 696/853/849 810/862/858 698/944/937
f 698/944/937 816/945/938 703/942/935
f 816/945/938 698/944/937 810/862/858
f 816/945/938 840/946/939 703/942/935
f 703/942/935 840/946/939 846/941/934
f 845/940/933 846/941/934 840/946/939
f 854/947/940 845/940/933 840/946/939
f 854/947/940 849/936/929 845/940/933
f 849/936/929 854/947/940 853/935/928
f 853/935/928 854/947/940 840/946/939
f 853/935/928 840/946/939 855/933/926
f 841/948/941 866/932/925 855/933/926
f 840/946/939 841/948/941 855/933/926
f 841/948/941 840/946/939 816/945/938
f 842/949/942 841/948/941 816/945/938
f 841/948/941 842/949/942 866/932/925
f 842/949/942 837/931/924 866/932/925
f 839/886/882 837/931/924 842/949/942
f 839/886/882 842/949/942 816/945/938
f 816/945/938 741/864/860 839/886/882
f 816/945/938 810/862/858 743/863/859
f 741/864/860 816/945/938 743/863/859
f 774/201/201 906/950/943 773/198/198
f 906/950/943 907/951/944 773/198/198
f 772/195/195 773/198/198 907/951/944
f 1266/952/945 772/195/195 907/951/944
f 772/195/195 1266/952/945 771/191/191
f 1266/952/945 1256/953/946 1265/954/947
f 1266/952/945 1265/954/947 771/191/191
f 1265/954/947 1267/188/188 771/191/191
f 1256/953/946 1255/955/948 1265/954/947
f 1265/954/947 1255/955/948 1267/188/188
f 1256/953/946 1231/956/949 1255/955/948
f 1255/955/948 1259/957/950 1267/188/188
f 1267/188/188 1259/957/950 1254/185/185
f 1255/955/948 1237/958/951 1259/957/950
f 1254/185/185 1259/957/950 1228/959/952
f 1259/957/950 1237/958/951 1228/959/952
f 1228/959/952 1170/183/183 1254/185/185
f 1237/958/951 1227/960/953 1228/959/952
f 1228/959/952 1227/960/953 1170/183/183
f 1227/960/953 1169/182/182 1170/183/183
f 1169/182/182 1227/960/953 1168/181/181
f 1227/960/953 1232/961/954 1168/181/181
f 1232/961/954 1227/960/953 1237/958/951
f 1232/961/954 1237/958/951 1230/962/955
f 1255/955/948 1230/962/955 1237/958/951
f 1230/962/955 1255/955/948 1231/956/949
f 1230/962/955 1231/956/949 1226/963/956
f 1225/964/957 1230/962/955 1226/963/956
f 1225/964/957 1232/961/954 1230/962/955
f 1226/963/956 1167/180/180 1225/964/957
f 1232/961/954 1225/964/957 1166/179/179
f 1166/179/179 1225/964/957 1167/180/180
f 1166/179/179 1168/181/181 1232/961/954
f 890/753/749 891/965/958 687/755/751
f 891/965/958 713/760/756 687/755/751
f 713/760/756 891/965/958 726/763/759
f 891/965/958 892/966/959 726/763/759
f 726/763/759 892/966/959 727/766/762
f 892/966/959 893/967/960 727/766/762
f 893/967/960 894/771/767 727/766/762
f 1042/737/734 1041/306/306 1045/292/292
f 1042/737/734 1045/292/292 1043/968/961
f 1043/968/961 1045/292/292 1044/282/282
f 1043/968/961 984/736/733 1042/737/734
f 984/736/733 1043/968/961 982/969/962
f 984/736/733 982/969/962 983/735/732
f 1043/968/961 1057/281/281 982/969/962
f 1043/968/961 1044/282/282 1057/281/281
f 982/969/962 1057/281/281 953/970/963
f 1057/281/281 950/280/280 953/970/963
f 982/969/962 953/970/963 981/971/964
f 983/735/732 982/969/962 981/971/964
f 983/735/732 981/971/964 988/734/731
f 981/971/964 953/970/963 958/972/965
f 988/734/731 981/971/964 958/972/965
f 953/970/963 951/973/966 958/972/965
f 953/970/963 950/280/280 951/973/966
f 950/280/280 952/974/967 951/973/966
f 952/974/967 950/280/280 1056/264/264
f 952/974/967 1056/264/264 1055/975/968
f 1055/975/968 1056/264/264 1179/259/259
f 1055/975/968 1179/259/259 1178/258/258
f 1054/976/969 1055/975/968 1178/258/258
f 1054/976/969 1178/258/258 1177/257/257
f 1054/976/969 954/977/970 1055/975/968
f 954/977/970 952/974/967 1055/975/968
f 951/973/966 952/974/967 954/977/970
f 955/978/971 951/973/966 954/977/970
f 951/973/966 955/978/971 957/979/972
f 958/972/965 951/973/966 957/979/972
f 958/972/965 957/979/972 986/92/92
f 987/980/973 958/972/965 986/92/92
f 987/980/973 988/734/731 958/972/965
f 993/91/91 988/734/731 987/980/973
f 986/92/92 993/91/91 987/980/973
f 986/92/92 957/979/972 1094/93/93
f 957/979/972 955/978/971 1093/94/94
f 1094/93/93 957/979/972 1093/94/94
f 955/978/971 956/981/974 1093/94/94
f 956/981/974 955/978/971 954/977/970
f 956/981/974 954/977/970 1054/976/969
f 956/981/974 1054/976/969 1053/982/975
f 1053/982/975 1054/976/969 1177/257/257
f 1053/982/975 1177/257/257 1176/983/976
f 1176/983/976 1177/257/257 1031/256/256
f 1031/256/256 1032/984/977 1176/983/976
f 1032/984/977 1031/256/256 767/255/255
f 1032/984/977 1175/985/978 1176/983/976
f 1051/986/979 1176/983/976 1175/985/978
f 1051/986/979 1053/982/975 1176/983/976
f 1053/982/975 1051/986/979 1050/170/170
f 1052/987/980 1053/982/975 1050/170/170
f 1052/987/980 956/981/974 1053/982/975
f 1091/95/95 956/981/974 1052/987/980
f 1091/95/95 1093/94/94 956/981/974
f 1052/987/980 1092/96/96 1091/95/95
f 1092/96/96 1052/987/980 1050/170/170
f 1050/170/170 1051/986/979 1049/171/171
f 1049/171/171 1051/986/979 1175/985/978
f 1049/171/171 1175/985/978 1174/172/172
f 1032/984/977 1028/184/184 1175/985/978
f 1028/184/184 1174/172/172 1175/985/978
f 1032/984/977 767/255/255 1028/184/184
f 767/255/255 768/187/187 1028/184/184
f 767/255/255 681/254/254 768/187/187
f 681/254/254 628/253/253 655/988/981
f 681/254/254 655/988/981 768/187/187
f 655/988/981 656/190/190 768/187/187
f 628/253/253 656/190/190 655/988/981
f 656/190/190 628/253/253 623/193/193
f 622/989/982 623/193/193 628/253/253
f 631/990/983 622/989/982 628/253/253
f 631/990/983 628/253/253 629/252/252
f 631/990/983 629/252/252 676/227/227
f 622/989/982 631/990/983 676/227/227
f 624/991/984 622/989/982 676/227/227
f 622/989/982 624/991/984 623/193/193
f 624/991/984 625/196/196 623/193/193
f 625/196/196 624/991/984 626/992/985
f 626/992/985 624/991/984 676/227/227
f 645/226/226 626/992/985 676/227/227
f 627/200/200 626/992/985 645/226/226
f 627/200/200 625/196/196 626/992/985
f 602/993/150 1126/994/158 1080/825/821
f 603/824/820 602/993/150 1080/825/821
f 602/993/150 603/824/820 601/995/986
f 603/824/820 594/996/987 601/995/986
f 603/824/820 1077/823/819 589/997/988
f 594/996/987 603/824/820 589/997/988
f 1077/823/819 572/822/818 589/997/988
f 572/822/818 562/821/817 573/998/989
f 589/997/988 572/822/818 573/998/989
f 578/999/990 589/997/988 573/998/989
f 594/996/987 589/997/988 578/999/990
f 577/1000/991 594/996/987 578/999/990
f 601/995/986 594/996/987 577/1000/991
f 600/1001/992 601/995/986 577/1000/991
f 600/1001/992 577/1000/991 569/1002/993
f 577/1000/991 578/999/990 569/1002/993
f 569/1002/993 598/1003/994 600/1001/992
f 578/999/990 567/1004/995 569/1002/993
f 598/1003/994 569/1002/993 568/1005/996
f 568/1005/996 569/1002/993 567/1004/995
f 568/1005/996 597/1006/997 598/1003/994
f 597/1006/997 568/1005/996 574/1007/998
f 111/1008/999 597/1006/997 574/1007/998
f 568/1005/996 566/1009/1000 574/1007/998
f 566/1009/1000 568/1005/996 567/1004/995
f 567/1004/995 581/1010/1001 566/1009/1000
f 567/1004/995 578/999/990 581/1010/1001
f 578/999/990 573/998/989 581/1010/1001
f 562/821/817 563/1011/1002 573/998/989
f 573/998/989 563/1011/1002 581/1010/1001
f 562/821/817 555/1012/1003 563/1011/1002
f 555/1012/1003 562/821/817 596/801/797
f 555/1012/1003 596/801/797 552/1013/1004
f 552/1013/1004 596/801/797 599/800/796
f 552/1013/1004 554/1014/1005 555/1012/1003
f 555/1012/1003 554/1014/1005 563/1011/1002
f 563/1011/1002 588/1015/1006 581/1010/1001
f 563/1011/1002 554/1014/1005 588/1015/1006
f 588/1015/1006 575/1016/1007 581/1010/1001
f 581/1010/1001 575/1016/1007 566/1009/1000
f 574/1007/998 566/1009/1000 565/1017/1008
f 566/1009/1000 575/1016/1007 565/1017/1008
f 565/1017/1008 107/1018/1009 574/1007/998
f 107/1018/1009 111/1008/999 574/1007/998
f 110/1019/1010 111/1008/999 107/1018/1009
f 108/1020/1011 110/1019/1010 107/1018/1009
f 107/1018/1009 109/1021/1012 108/1020/1011
f 109/1021/1012 107/1018/1009 565/1017/1008
f 564/1022/1013 109/1021/1012 565/1017/1008
f 564/1022/1013 565/1017/1008 575/1016/1007
f 587/1023/1014 564/1022/1013 575/1016/1007
f 587/1023/1014 575/1016/1007 588/1015/1006
f 587/1023/1014 588/1015/1006 591/1024/1015
f 554/1014/1005 591/1024/1015 588/1015/1006
f 552/1013/1004 551/1025/1016 554/1014/1005
f 591/1024/1015 554/1014/1005 551/1025/1016
f 552/1013/1004 553/1026/1017 551/1025/1016
f 553/1026/1017 552/1013/1004 599/800/796
f 553/1026/1017 599/800/796 617/473/472
f 611/1027/1018 553/1026/1017 617/473/472
f 611/1027/1018 617/473/472 612/474/473
f 611/1027/1018 550/1028/1019 553/1026/1017
f 553/1026/1017 550/1028/1019 551/1025/1016
f 611/1027/1018 512/1029/1020 550/1028/1019
f 611/1027/1018 612/474/473 512/1029/1020
f 512/1029/1020 549/1030/1021 550/1028/1019
f 551/1025/1016 550/1028/1019 549/1030/1021
f 548/1031/1022 551/1025/1016 549/1030/1021
f 548/1031/1022 591/1024/1015 551/1025/1016
f 590/1032/1023 591/1024/1015 548/1031/1022
f 590/1032/1023 587/1023/1014 591/1024/1015
f 587/1023/1014 590/1032/1023 557/1033/1024
f 564/1022/1013 587/1023/1014 557/1033/1024
f 564/1022/1013 557/1033/1024 559/1034/1025
f 109/1021/1012 564/1022/1013 559/1034/1025
f 557/1033/1024 558/1035/1026 559/1034/1025
f 556/1036/1027 558/1035/1026 557/1033/1024
f 556/1036/1027 557/1033/1024 590/1032/1023
f 556/1036/1027 582/1037/1028 558/1035/1026
f 522/1038/1029 582/1037/1028 556/1036/1027
f 522/1038/1029 571/1039/1030 582/1037/1028
f 571/1039/1030 583/1040/1031 582/1037/1028
f 522/1038/1029 523/1041/1032 571/1039/1030
f 583/1040/1031 571/1039/1030 570/1042/1033
f 570/1042/1033 571/1039/1030 523/1041/1032
f 570/1042/1033 159/1043/1034 583/1040/1031
f 523/1041/1032 529/1044/1035 570/1042/1033
f 159/1043/1034 570/1042/1033 584/1045/1036
f 584/1045/1036 570/1042/1033 529/1044/1035
f 584/1045/1036 160/1046/1037 159/1043/1034
f 157/1047/1038 158/1048/1039 159/1043/1034
f 157/1047/1038 159/1043/1034 160/1046/1037
f 157/1047/1038 156/1049/1040 158/1048/1039
f 156/1049/1040 155/1050/1041 158/1048/1039
f 157/1047/1038 161/1051/1042 156/1049/1040
f 160/1046/1037 161/1051/1042 157/1047/1038
f 161/1051/1042 160/1046/1037 576/1052/1043
f 160/1046/1037 584/1045/1036 576/1052/1043
f 545/1053/1044 531/1054/1045 584/1045/1036
f 531/1054/1045 576/1052/1043 584/1045/1036
f 545/1053/1044 584/1045/1036 529/1044/1035
f 544/1055/1046 545/1053/1044 529/1044/1035
f 275/1056/1047 544/1055/1046 529/1044/1035
f 275/1056/1047 529/1044/1035 523/1041/1032
f 276/1057/1048 275/1056/1047 523/1041/1032
f 276/1057/1048 523/1041/1032 524/1058/1049
f 522/1038/1029 524/1058/1049 523/1041/1032
f 556/1036/1027 525/1059/1050 522/1038/1029
f 524/1058/1049 522/1038/1029 525/1059/1050
f 278/1060/1051 524/1058/1049 525/1059/1050
f 276/1057/1048 524/1058/1049 278/1060/1051
f 274/1061/1052 276/1057/1048 278/1060/1051
f 275/1056/1047 276/1057/1048 274/1061/1052
f 273/1062/1053 275/1056/1047 274/1061/1052
f 275/1056/1047 273/1062/1053 479/1063/1054
f 544/1055/1046 275/1056/1047 479/1063/1054
f 544/1055/1046 479/1063/1054 475/1064/1055
f 530/1065/1056 544/1055/1046 475/1064/1055
f 544/1055/1046 530/1065/1056 545/1053/1044
f 530/1065/1056 531/1054/1045 545/1053/1044
f 530/1065/1056 532/1066/1057 531/1054/1045
f 531/1054/1045 533/1067/1058 576/1052/1043
f 532/1066/1057 533/1067/1058 531/1054/1045
f 533/1067/1058 561/1068/1059 576/1052/1043
f 161/1051/1042 576/1052/1043 561/1068/1059
f 162/1069/1060 161/1051/1042 561/1068/1059
f 161/1051/1042 162/1069/1060 156/1049/1040
f 155/1050/1041 156/1049/1040 154/1070/1061
f 162/1069/1060 154/1070/1061 156/1049/1040
f 154/1070/1061 153/1071/1062 155/1050/1041
f 153/1071/1062 154/1070/1061 152/1072/1063
f 151/1073/1064 153/1071/1062 152/1072/1063
f 154/1070/1061 163/1074/1065 152/1072/1063
f 162/1069/1060 163/1074/1065 154/1070/1061
f 163/1074/1065 162/1069/1060 560/1075/1066
f 162/1069/1060 561/1068/1059 560/1075/1066
f 560/1075/1066 561/1068/1059 533/1067/1058
f 543/1076/1067 560/1075/1066 533/1067/1058
f 543/1076/1067 533/1067/1058 532/1066/1057
f 542/1077/1068 543/1076/1067 532/1066/1057
f 535/1078/1069 543/1076/1067 542/1077/1068
f 543/1076/1067 535/1078/1069 560/1075/1066
f 163/1074/1065 560/1075/1066 585/1079/1070
f 535/1078/1069 585/1079/1070 560/1075/1066
f 163/1074/1065 164/1080/1071 152/1072/1063
f 164/1080/1071 163/1074/1065 585/1079/1070
f 164/1080/1071 150/1081/1072 152/1072/1063
f 151/1073/1064 152/1072/1063 150/1081/1072
f 149/1082/1073 151/1073/1064 150/1081/1072
f 149/1082/1073 150/1081/1072 148/1083/1074
f 147/1084/1075 149/1082/1073 148/1083/1074
f 150/1081/1072 165/1085/1076 148/1083/1074
f 164/1080/1071 165/1085/1076 150/1081/1072
f 165/1085/1076 164/1080/1071 586/1086/1077
f 164/1080/1071 585/1079/1070 586/1086/1077
f 535/1078/1069 537/1087/1078 585/1079/1070
f 537/1087/1078 586/1086/1077 585/1079/1070
f 535/1078/1069 536/1088/1079 537/1087/1078
f 534/1089/1080 536/1088/1079 535/1078/1069
f 534/1089/1080 535/1078/1069 542/1077/1068
f 534/1089/1080 470/1090/1081 536/1088/1079
f 534/1089/1080 542/1077/1068 471/1091/1082
f 534/1089/1080 471/1091/1082 470/1090/1081
f 542/1077/1068 472/1092/1083 471/1091/1082
f 542/1077/1068 532/1066/1057 472/1092/1083
f 472/1092/1083 375/1093/1084 471/1091/1082
f 532/1066/1057 473/1094/1085 472/1092/1083
f 472/1092/1083 473/1094/1085 375/1093/1084
f 532/1066/1057 530/1065/1056 473/1094/1085
f 530/1065/1056 475/1064/1055 473/1094/1085
f 473/1094/1085 379/1095/1086 375/1093/1084
f 473/1094/1085 475/1064/1055 379/1095/1086
f 475/1064/1055 476/1096/1087 379/1095/1086
f 475/1064/1055 479/1063/1054 476/1096/1087
f 479/1063/1054 478/1097/1088 476/1096/1087
f 479/1063/1054 273/1062/1053 478/1097/1088
f 478/1097/1088 477/1098/1089 476/1096/1087
f 379/1095/1086 476/1096/1087 378/1099/1090
f 476/1096/1087 477/1098/1089 378/1099/1090
f 378/1099/1090 374/1100/1091 379/1095/1086
f 379/1095/1086 374/1100/1091 375/1093/1084
f 374/1100/1091 373/1101/1092 375/1093/1084
f 375/1093/1084 376/1102/1093 471/1091/1082
f 373/1101/1092 376/1102/1093 375/1093/1084
f 376/1102/1093 470/1090/1081 471/1091/1082
f 470/1090/1081 376/1102/1093 393/1103/1094
f 469/1104/1095 470/1090/1081 393/1103/1094
f 469/1104/1095 539/1105/1096 470/1090/1081
f 539/1105/1096 536/1088/1079 470/1090/1081
f 536/1088/1079 539/1105/1096 537/1087/1078
f 539/1105/1096 541/1106/1097 537/1087/1078
f 537/1087/1078 541/1106/1097 586/1086/1077
f 539/1105/1096 538/1107/1098 540/1108/1099
f 540/1108/1099 541/1106/1097 539/1105/1096
f 538/1107/1098 539/1105/1096 469/1104/1095
f 467/1109/1100 538/1107/1098 469/1104/1095
f 469/1104/1095 393/1103/1094 467/1109/1100
f 393/1103/1094 341/1110/1101 394/1111/1102
f 393/1103/1094 394/1111/1102 467/1109/1100
f 393/1103/1094 376/1102/1093 341/1110/1101
f 376/1102/1093 373/1101/1092 337/1112/1103
f 376/1102/1093 337/1112/1103 341/1110/1101
f 373/1101/1092 338/1113/1104 337/1112/1103
f 373/1101/1092 374/1100/1091 338/1113/1104
f 374/1100/1091 377/1114/1105 338/1113/1104
f 377/1114/1105 374/1100/1091 378/1099/1090
f 377/1114/1105 378/1099/1090 380/1115/1106
f 510/1116/1107 378/1099/1090 477/1098/1089
f 510/1116/1107 380/1115/1106 378/1099/1090
f 478/1097/1088 481/1117/1108 477/1098/1089
f 481/1117/1108 510/1116/1107 477/1098/1089
f 478/1097/1088 480/1118/1109 481/1117/1108
f 273/1062/1053 480/1118/1109 478/1097/1088
f 273/1062/1053 274/1061/1052 277/1119/1110
f 277/1119/1110 480/1118/1109 273/1062/1053
f 274/1061/1052 278/1060/1051 277/1119/1110
f 277/1119/1110 495/1120/1111 480/1118/1109
f 278/1060/1051 490/1121/1112 277/1119/1110
f 495/1120/1111 277/1119/1110 497/1122/1113
f 277/1119/1110 490/1121/1112 497/1122/1113
f 495/1120/1111 497/1122/1113 494/1123/1114
f 480/1118/1109 495/1120/1111 494/1123/1114
f 496/1124/1115 480/1118/1109 494/1123/1114
f 480/1118/1109 496/1124/1115 481/1117/1108
f 496/1124/1115 509/1125/538 481/1117/1108
f 509/1125/538 510/1116/1107 481/1117/1108
f 509/1125/538 511/1126/1116 510/1116/1107
f 511/1126/1116 380/1115/1106 510/1116/1107
f 509/1125/538 501/1127/1117 511/1126/1116
f 501/1127/1117 509/1125/538 496/1124/1115
f 494/1123/1114 501/1127/1117 496/1124/1115
f 501/1127/1117 494/1123/1114 498/1128/1118
f 497/1122/1113 498/1128/1118 494/1123/1114
f 490/1121/1112 491/1129/1119 497/1122/1113
f 497/1122/1113 491/1129/1119 498/1128/1118
f 491/1129/1119 499/1130/1120 498/1128/1118
f 499/1130/1120 501/1127/1117 498/1128/1118
f 500/1131/1121 501/1127/1117 499/1130/1120
f 501/1127/1117 500/1131/1121 511/1126/1116
f 500/1131/1121 372/1132/1122 511/1126/1116
f 372/1132/1122 380/1115/1106 511/1126/1116
f 380/1115/1106 372/1132/1122 381/1133/1123
f 381/1133/1123 377/1114/1105 380/1115/1106
f 377/1114/1105 381/1133/1123 349/1134/1124
f 348/1135/1125 377/1114/1105 349/1134/1124
f 377/1114/1105 348/1135/1125 338/1113/1104
f 337/1112/1103 338/1113/1104 329/1136/1126
f 348/1135/1125 329/1136/1126 338/1113/1104
f 347/1137/1127 346/1138/1128 348/1135/1125
f 348/1135/1125 346/1138/1128 329/1136/1126
f 348/1135/1125 349/1134/1124 347/1137/1127
f 347/1137/1127 317/1139/1129 346/1138/1128
f 346/1138/1128 317/1139/1129 329/1136/1126
f 317/1139/1129 327/1140/1130 329/1136/1126
f 327/1140/1130 337/1112/1103 329/1136/1126
f 317/1139/1129 328/1141/1131 327/1140/1130
f 337/1112/1103 327/1140/1130 328/1141/1131
f 328/1141/1131 342/1142/1132 337/1112/1103
f 337/1112/1103 342/1142/1132 341/1110/1101
f 328/1141/1131 318/1143/1133 342/1142/1132
f 318/1143/1133 328/1141/1131 317/1139/1129
f 318/1143/1133 343/1144/1134 342/1142/1132
f 341/1110/1101 342/1142/1132 343/1144/1134
f 343/1144/1134 345/1145/1135 341/1110/1101
f 341/1110/1101 345/1145/1135 344/1146/1136
f 341/1110/1101 344/1146/1136 394/1111/1102
f 345/1145/1135 331/1147/1137 344/1146/1136
f 343/1144/1134 325/1148/1138 345/1145/1135
f 345/1145/1135 325/1148/1138 331/1147/1137
f 343/1144/1134 318/1143/1133 350/1149/1139
f 325/1148/1138 343/1144/1134 350/1149/1139
f 319/1150/1140 325/1148/1138 350/1149/1139
f 319/1150/1140 350/1149/1139 318/1143/1133
f 319/1150/1140 318/1143/1133 316/1151/1141
f 316/1151/1141 318/1143/1133 317/1139/1129
f 316/1151/1141 317/1139/1129 352/1152/1142
f 317/1139/1129 347/1137/1127 352/1152/1142
f 316/1151/1141 352/1152/1142 322/1153/1143
f 352/1152/1142 347/1137/1127 322/1153/1143
f 349/1134/1124 351/1154/1144 347/1137/1127
f 347/1137/1127 351/1154/1144 322/1153/1143
f 349/1134/1124 312/545/544 351/1154/1144
f 322/1153/1143 351/1154/1144 312/545/544
f 322/1153/1143 312/545/544 321/557/555
f 316/1151/1141 322/1153/1143 321/557/555
f 320/558/556 316/1151/1141 321/557/555
f 316/1151/1141 320/558/556 323/1155/1145
f 319/1150/1140 316/1151/1141 323/1155/1145
f 319/1150/1140 323/1155/1145 325/1148/1138
f 323/1155/1145 326/1156/1146 325/1148/1138
f 326/1156/1146 331/1147/1137 325/1148/1138
f 326/1156/1146 330/1157/1147 331/1147/1137
f 330/1157/1147 332/1158/1148 331/1147/1137
f 332/1158/1148 344/1146/1136 331/1147/1137
f 332/1158/1148 396/1159/1149 344/1146/1136
f 396/1159/1149 394/1111/1102 344/1146/1136
f 397/1160/1150 394/1111/1102 396/1159/1149
f 394/1111/1102 397/1160/1150 468/1161/1151
f 467/1109/1100 394/1111/1102 468/1161/1151
f 468/1161/1151 526/1162/1152 467/1109/1100
f 526/1162/1152 538/1107/1098 467/1109/1100
f 468/1161/1151 291/1163/1153 526/1162/1152
f 526/1162/1152 527/1164/1154 538/1107/1098
f 526/1162/1152 291/1163/1153 527/1164/1154
f 527/1164/1154 540/1108/1099 538/1107/1098
f 291/1163/1153 528/1165/1155 527/1164/1154
f 527/1164/1154 595/1166/1156 540/1108/1099
f 527/1164/1154 528/1165/1155 595/1166/1156
f 595/1166/1156 592/1167/1157 540/1108/1099
f 540/1108/1099 592/1167/1157 541/1106/1097
f 592/1167/1157 593/1168/1158 541/1106/1097
f 541/1106/1097 593/1168/1158 586/1086/1077
f 592/1167/1157 167/1169/1159 593/1168/1158
f 586/1086/1077 593/1168/1158 166/1170/1160
f 166/1170/1160 593/1168/1158 167/1169/1159
f 166/1170/1160 165/1085/1076 586/1086/1077
f 165/1085/1076 166/1170/1160 148/1083/1074
f 147/1084/1075 148/1083/1074 146/1171/1161
f 166/1170/1160 146/1171/1161 148/1083/1074
f 146/1171/1161 145/1172/1162 147/1084/1075
f 145/1172/1162 146/1171/1161 144/1173/1163
f 144/1173/1163 146/1171/1161 166/1170/1160
f 167/1169/1159 144/1173/1163 166/1170/1160
f 142/1174/1164 144/1173/1163 167/1169/1159
f 143/1175/1165 144/1173/1163 142/1174/1164
f 143/1175/1165 145/1172/1162 144/1173/1163
f 142/1174/1164 141/1176/1166 143/1175/1165
f 141/1176/1166 142/1174/1164 140/1177/1167
f 139/1178/1168 141/1176/1166 140/1177/1167
f 142/1174/1164 172/1179/1169 140/1177/1167
f 172/1179/1169 142/1174/1164 167/1169/1159
f 167/1169/1159 406/1180/1170 172/1179/1169
f 167/1169/1159 592/1167/1157 406/1180/1170
f 592/1167/1157 595/1166/1156 406/1180/1170
f 406/1180/1170 595/1166/1156 407/1181/1171
f 595/1166/1156 528/1165/1155 407/1181/1171
f 407/1181/1171 172/1179/1169 406/1180/1170
f 96/1182/1172 172/1179/1169 407/1181/1171
f 96/1182/1172 140/1177/1167 172/1179/1169
f 96/1182/1172 94/1183/1173 140/1177/1167
f 139/1178/1168 140/1177/1167 138/1184/1174
f 94/1183/1173 138/1184/1174 140/1177/1167
f 138/1184/1174 137/1185/1175 139/1178/1168
f 137/1185/1175 138/1184/1174 135/1186/1176
f 135/1186/1176 136/1187/1177 133/1188/1178
f 138/1184/1174 136/1187/1177 135/1186/1176
f 94/1183/1173 176/1189/1179 138/1184/1174
f 176/1189/1179 136/1187/1177 138/1184/1174
f 94/1183/1173 95/1190/1180 176/1189/1179
f 94/1183/1173 96/1182/1172 95/1190/1180
f 96/1182/1172 168/1191/1181 95/1190/1180
f 96/1182/1172 407/1181/1171 168/1191/1181
f 95/1190/1180 168/1191/1181 170/1192/1182
f 170/1192/1182 176/1189/1179 95/1190/1180
f 192/1193/1183 176/1189/1179 170/1192/1182
f 192/1193/1183 134/1194/1184 176/1189/1179
f 134/1194/1184 136/1187/1177 176/1189/1179
f 136/1187/1177 134/1194/1184 133/1188/1178
f 133/1188/1178 134/1194/1184 131/1195/1185
f 134/1194/1184 132/1196/1186 131/1195/1185
f 132/1196/1186 134/1194/1184 192/1193/1183
f 132/1196/1186 50/1197/1187 131/1195/1185
f 69/1198/1188 131/1195/1185 50/1197/1187
f 132/1196/1186 181/1199/1189 50/1197/1187
f 181/1199/1189 132/1196/1186 192/1193/1183
f 181/1199/1189 192/1193/1183 174/1200/1190
f 174/1200/1190 192/1193/1183 170/1192/1182
f 173/1201/1191 174/1200/1190 170/1192/1182
f 174/1200/1190 173/1201/1191 177/1202/1192
f 177/1202/1192 181/1199/1189 174/1200/1190
f 46/1203/1193 181/1199/1189 177/1202/1192
f 46/1203/1193 50/1197/1187 181/1199/1189
f 50/1197/1187 46/1203/1193 51/1204/1194
f 51/1204/1194 69/1198/1188 50/1197/1187
f 69/1198/1188 51/1204/1194 70/1205/1195
f 46/1203/1193 44/1206/1196 51/1204/1194
f 51/1204/1194 52/1207/1197 70/1205/1195
f 51/1204/1194 44/1206/1196 52/1207/1197
f 70/1205/1195 52/1207/1197 38/1208/1198
f 70/1205/1195 38/1208/1198 71/21/21
f 52/1207/1197 36/1209/1199 38/1208/1198
f 38/1208/1198 1/1210/1200 71/21/21
f 1/1210/1200 38/1208/1198 36/1209/1199
f 1/1210/1200 2/1211/1201 71/21/21
f 71/21/21 2/1211/1201 60/20/20
f 1/1210/1200 3/1212/1202 2/1211/1201
f 3/1212/1202 1/1210/1200 36/1209/1199
f 3/1212/1202 4/1213/1203 2/1211/1201
f 2/1211/1201 4/1213/1203 60/20/20
f 4/1213/1203 56/22/22 60/20/20
f 4/1213/1203 37/1214/1204 56/22/22
f 37/1214/1204 57/46/46 56/22/22
f 37/1214/1204 27/47/47 57/46/46
f 34/1215/1205 26/1216/1206 37/1214/1204
f 26/1216/1206 27/47/47 37/1214/1204
f 37/1214/1204 4/1213/1203 34/1215/1205
f 4/1213/1203 3/1212/1202 34/1215/1205
f 34/1215/1205 3/1212/1202 35/1217/1207
f 3/1212/1202 36/1209/1199 35/1217/1207
f 35/1217/1207 49/1218/1208 34/1215/1205
f 26/1216/1206 34/1215/1205 49/1218/1208
f 32/1219/1209 26/1216/1206 49/1218/1208
f 28/1220/1210 26/1216/1206 32/1219/1209
f 26/1216/1206 28/1220/1210 27/47/47
f 28/1220/1210 29/48/48 27/47/47
f 28/1220/1210 30/1221/1211 29/48/48
f 30/1221/1211 33/49/49 29/48/48
f 28/1220/1210 31/1222/1212 30/1221/1211
f 28/1220/1210 32/1219/1209 31/1222/1212
f 39/1223/1213 40/1224/1214 32/1219/1209
f 40/1224/1214 31/1222/1212 32/1219/1209
f 39/1223/1213 32/1219/1209 49/1218/1208
f 53/1225/1215 39/1223/1213 49/1218/1208
f 53/1225/1215 49/1218/1208 35/1217/1207
f 36/1209/1199 47/1226/1216 35/1217/1207
f 47/1226/1216 53/1225/1215 35/1217/1207
f 36/1209/1199 48/1227/1217 47/1226/1216
f 48/1227/1217 36/1209/1199 52/1207/1197
f 44/1206/1196 48/1227/1217 52/1207/1197
f 48/1227/1217 44/1206/1196 45/1228/1218
f 47/1226/1216 48/1227/1217 45/1228/1218
f 44/1206/1196 46/1203/1193 45/1228/1218
f 54/1229/1219 45/1228/1218 55/678/675
f 45/1228/1218 46/1203/1193 55/678/675
f 54/1229/1219 47/1226/1216 45/1228/1218
f 54/1229/1219 53/1225/1215 47/1226/1216
f 53/1225/1215 54/1229/1219 63/1230/1220
f 39/1223/1213 53/1225/1215 63/1230/1220
f 54/1229/1219 55/678/675 63/1230/1220
f 65/679/676 63/1230/1220 55/678/675
f 55/678/675 46/1203/1193 87/677/674
f 87/677/674 46/1203/1193 177/1202/1192
f 177/1202/1192 178/646/643 87/677/674
f 173/1201/1191 178/646/643 177/1202/1192
f 173/1201/1191 175/645/642 178/646/643
f 175/645/642 173/1201/1191 171/1231/1221
f 182/641/638 175/645/642 171/1231/1221
f 173/1201/1191 170/1192/1182 171/1231/1221
f 169/1232/1222 171/1231/1221 170/1192/1182
f 168/1191/1181 169/1232/1222 170/1192/1182
f 407/1181/1171 408/1233/1223 168/1191/1181
f 168/1191/1181 408/1233/1223 169/1232/1222
f 407/1181/1171 528/1165/1155 408/1233/1223
f 408/1233/1223 409/1234/1224 169/1232/1222
f 169/1232/1222 409/1234/1224 171/1231/1221
f 408/1233/1223 580/1235/1225 409/1234/1224
f 528/1165/1155 580/1235/1225 408/1233/1223
f 291/1163/1153 289/1236/1226 528/1165/1155
f 289/1236/1226 580/1235/1225 528/1165/1155
f 291/1163/1153 290/1237/1227 289/1236/1226
f 289/1236/1226 283/1238/1228 580/1235/1225
f 283/1238/1228 289/1236/1226 290/1237/1227
f 283/1238/1228 281/1239/1229 580/1235/1225
f 579/1240/1230 409/1234/1224 580/1235/1225
f 579/1240/1230 580/1235/1225 281/1239/1229
f 579/1240/1230 410/1241/1231 409/1234/1224
f 409/1234/1224 410/1241/1231 171/1231/1221
f 183/1242/1232 182/641/638 171/1231/1221
f 171/1231/1221 410/1241/1231 183/1242/1232
f 183/1242/1232 184/1243/1233 182/641/638
f 182/641/638 184/1243/1233 187/642/639
f 183/1242/1232 188/1244/1234 184/1243/1233
f 184/1243/1233 188/1244/1234 187/642/639
f 183/1242/1232 410/1241/1231 411/1245/1235
f 411/1245/1235 188/1244/1234 183/1242/1232
f 410/1241/1231 412/1246/1236 411/1245/1235
f 411/1245/1235 412/1246/1236 188/1244/1234
f 410/1241/1231 579/1240/1230 412/1246/1236
f 412/1246/1236 579/1240/1230 279/1247/1237
f 579/1240/1230 281/1239/1229 279/1247/1237
f 412/1246/1236 279/1247/1237 188/1244/1234
f 188/1244/1234 279/1247/1237 187/642/639
f 279/1247/1237 280/640/637 187/642/639
f 279/1247/1237 281/1239/1229 280/640/637
f 281/1239/1229 282/639/636 280/640/637
f 281/1239/1229 283/1238/1228 282/639/636
f 283/1238/1228 284/1248/1238 282/639/636
f 284/1248/1238 283/1238/1228 290/1237/1227
f 284/1248/1238 285/603/601 282/639/636
f 284/1248/1238 286/1249/1239 285/603/601
f 286/1249/1239 464/602/600 285/603/601
f 284/1248/1238 293/1250/1240 286/1249/1239
f 284/1248/1238 290/1237/1227 293/1250/1240
f 291/1163/1153 292/1251/1241 290/1237/1227
f 290/1237/1227 292/1251/1241 293/1250/1240
f 291/1163/1153 468/1161/1151 292/1251/1241
f 292/1251/1241 397/1160/1150 293/1250/1240
f 468/1161/1151 397/1160/1150 292/1251/1241
f 397/1160/1150 396/1159/1149 293/1250/1240
f 293/1250/1240 396/1159/1149 395/1252/1242
f 293/1250/1240 395/1252/1242 286/1249/1239
f 286/1249/1239 395/1252/1242 464/602/600
f 395/1252/1242 391/1253/1243 464/602/600
f 391/1253/1243 390/576/574 464/602/600
f 395/1252/1242 339/1254/1244 391/1253/1243
f 390/576/574 391/1253/1243 335/1255/1245
f 391/1253/1243 339/1254/1244 335/1255/1245
f 335/1255/1245 354/572/570 390/576/574
f 335/1255/1245 353/1256/1246 354/572/570
f 354/572/570 353/1256/1246 315/560/558
f 353/1256/1246 324/1257/1247 315/560/558
f 314/559/557 315/560/558 324/1257/1247
f 353/1256/1246 336/1258/1248 324/1257/1247
f 336/1258/1248 353/1256/1246 335/1255/1245
f 335/1255/1245 334/1259/1249 336/1258/1248
f 334/1259/1249 335/1255/1245 333/1260/1250
f 339/1254/1244 333/1260/1250 335/1255/1245
f 339/1254/1244 340/1261/1251 333/1260/1250
f 340/1261/1251 339/1254/1244 395/1252/1242
f 340/1261/1251 395/1252/1242 332/1158/1148
f 395/1252/1242 396/1159/1149 332/1158/1148
f 340/1261/1251 332/1158/1148 333/1260/1250
f 332/1158/1148 330/1157/1147 333/1260/1250
f 330/1157/1147 326/1156/1146 333/1260/1250
f 326/1156/1146 334/1259/1249 333/1260/1250
f 334/1259/1249 326/1156/1146 336/1258/1248
f 324/1257/1247 336/1258/1248 355/1262/1252
f 355/1262/1252 336/1258/1248 326/1156/1146
f 355/1262/1252 323/1155/1145 324/1257/1247
f 323/1155/1145 314/559/557 324/1257/1247
f 355/1262/1252 326/1156/1146 323/1155/1145
f 323/1155/1145 320/558/556 314/559/557
f 63/1230/1220 65/679/676 64/681/678
f 39/1223/1213 63/1230/1220 64/681/678
f 40/1224/1214 39/1223/1213 64/681/678
f 40/1224/1214 64/681/678 42/1263/1253
f 64/681/678 66/680/677 42/1263/1253
f 42/1263/1253 31/1222/1212 40/1224/1214
f 66/680/677 84/682/679 42/1263/1253
f 42/1263/1253 41/1264/1254 31/1222/1212
f 42/1263/1253 84/682/679 41/1264/1254
f 31/1222/1212 41/1264/1254 30/1221/1211
f 84/682/679 85/1265/1255 41/1264/1254
f 41/1264/1254 43/1266/1256 30/1221/1211
f 43/1266/1256 41/1264/1254 85/1265/1255
f 43/1266/1256 68/1267/1257 30/1221/1211
f 68/1267/1257 33/49/49 30/1221/1211
f 33/49/49 68/1267/1257 6/50/50
f 6/50/50 68/1267/1257 78/1268/1258
f 68/1267/1257 43/1266/1256 78/1268/1258
f 78/1268/1258 82/57/57 6/50/50
f 82/57/57 78/1268/1258 76/696/693
f 76/696/693 78/1268/1258 77/683/680
f 78/1268/1258 79/1269/1259 77/683/680
f 43/1266/1256 79/1269/1259 78/1268/1258
f 79/1269/1259 43/1266/1256 85/1265/1255
f 79/1269/1259 85/1265/1255 77/683/680
f 85/1265/1255 84/682/679 77/683/680
f 312/545/544 349/1134/1124 356/541/540
f 349/1134/1124 381/1133/1123 356/541/540
f 381/1133/1123 371/540/539 356/541/540
f 372/1132/1122 371/540/539 381/1133/1123
f 371/540/539 372/1132/1122 370/539/538
f 493/1270/1260 372/1132/1122 500/1131/1121
f 370/539/538 372/1132/1122 493/1270/1260
f 500/1131/1121 499/1130/1120 493/1270/1260
f 499/1130/1120 491/1129/1119 493/1270/1260
f 492/1271/1261 493/1270/1260 491/1129/1119
f 492/1271/1261 370/539/538 493/1270/1260
f 506/538/537 370/539/538 492/1271/1261
f 508/1272/1262 506/538/537 492/1271/1261
f 504/537/536 506/538/537 508/1272/1262
f 492/1271/1261 489/1273/1263 508/1272/1262
f 489/1273/1263 492/1271/1261 491/1129/1119
f 489/1273/1263 491/1129/1119 490/1121/1112
f 484/1274/1264 489/1273/1263 490/1121/1112
f 490/1121/1112 278/1060/1051 484/1274/1264
f 278/1060/1051 505/1275/1265 484/1274/1264
f 505/1275/1265 278/1060/1051 525/1059/1050
f 525/1059/1050 546/1276/1266 505/1275/1265
f 556/1036/1027 546/1276/1266 525/1059/1050
f 546/1276/1266 556/1036/1027 590/1032/1023
f 546/1276/1266 590/1032/1023 548/1031/1022
f 546/1276/1266 548/1031/1022 547/1277/1267
f 546/1276/1266 547/1277/1267 505/1275/1265
f 548/1031/1022 549/1030/1021 547/1277/1267
f 505/1275/1265 547/1277/1267 549/1030/1021
f 512/1029/1020 505/1275/1265 549/1030/1021
f 484/1274/1264 505/1275/1265 512/1029/1020
f 485/1278/1268 484/1274/1264 512/1029/1020
f 612/474/473 485/1278/1268 512/1029/1020
f 485/1278/1268 612/474/473 488/475/474
f 488/475/474 483/1279/1269 485/1278/1268
f 484/1274/1264 485/1278/1268 483/1279/1269
f 482/1280/1270 484/1274/1264 483/1279/1269
f 482/1280/1270 489/1273/1263 484/1274/1264
f 489/1273/1263 482/1280/1270 486/1281/1271
f 486/1281/1271 508/1272/1262 489/1273/1263
f 486/1281/1271 504/537/536 508/1272/1262
f 486/1281/1271 482/1280/1270 487/1282/1272
f 504/537/536 486/1281/1271 487/1282/1272
f 482/1280/1270 483/1279/1269 487/1282/1272
f 483/1279/1269 488/475/474 487/1282/1272
f 487/1282/1272 488/475/474 503/536/535
f 504/537/536 487/1282/1272 503/536/535
