# Blender 5.2.1 LTS
# www.blender.org
mtllib rlowarm.mtl
o rlowarm
v -0.650692 1.501410 3.885278
v 0.418054 3.238545 3.308499
v 2.016081 2.169799 4.265280
v -0.626942 3.696568 2.843678
v -2.021401 0.412298 4.075283
v -3.789073 0.480169 3.081178
v -2.588007 2.587123 2.585821
v -3.320861 -0.636098 4.523136
v -3.490503 -4.337694 -2.713803
v -2.455684 -3.401253 -3.310942
v -4.331932 -3.425014 -2.337195
v -4.993535 -1.294294 3.579927
v -4.633892 -1.297681 4.940454
v 0.044839 -4.819454 -3.779162
v -0.827120 -2.617504 -4.450940
v -0.881406 -3.988216 -3.731661
v 1.049122 -2.570012 -4.491654
v -6.849421 -1.674304 -1.163270
v -5.912996 -1.521633 -2.690052
v -5.139429 -3.187516 -0.990238
v 3.237509 1.827119 3.138854
v 3.943221 1.498018 4.153313
v -5.902817 -3.275733 0.950472
v -7.304062 -1.175555 0.146368
v 2.443582 2.125706 3.189747
v 0.794661 3.068909 2.219396
v -0.185872 3.503182 1.710466
v -2.221579 2.882285 2.026001
v -7.185313 -0.435909 1.364397
v -0.660872 -5.823757 -3.324517
v -0.145159 -6.790710 -3.541660
v -0.335157 -6.034099 -3.772375
v 0.404484 -6.509098 -3.619697
v -0.145159 -6.790710 -3.541660
v -0.660872 -5.823757 -3.324517
v -1.604081 -5.857679 -3.745230
v -1.651580 1.996752 -0.437203
v -2.716934 2.088355 -0.925771
v -1.899259 1.565866 -1.339699
v -1.729616 -4.168036 -3.324517
v -1.668547 -5.827146 -2.964875
v 0.326448 -0.405360 6.955805
v 1.303587 -0.106800 6.999912
v 1.195018 -0.697163 7.223838
v 0.563946 0.161222 6.775982
v 0.652158 -7.258904 -3.470411
v 0.641982 -6.068029 -4.016659
v 0.014303 -5.650712 -4.159159
v 1.381624 -6.390337 -3.887732
v 1.184838 -6.939993 -3.412732
v -0.409800 -0.038939 6.613130
v -0.060336 0.490355 6.480807
v 2.470729 -2.834647 -4.227019
v 1.049122 -2.570012 -4.491654
v 2.026262 -4.337689 -3.914874
v 2.277333 -7.011232 -3.416124
v 2.243403 -6.502302 -3.809695
v 0.044839 -4.819454 -3.779162
v 1.435910 -5.650711 -3.514517
v 3.444471 -4.164634 -3.714695
v 2.928762 -5.704984 -3.422912
v -0.087479 0.558208 5.642774
v -0.884800 -0.429111 6.060092
v -0.294445 -0.069473 4.886168
v 0.926980 -0.110198 5.445983
v 2.735370 -0.049118 5.581698
v 1.364656 -0.059300 6.151698
v 2.901615 -0.150901 6.182231
v -1.224080 -0.775199 5.340815
v -1.811046 -1.165371 5.870093
v -0.854263 -0.276450 6.565630
v -3.263184 -1.446974 6.267058
v -1.234264 -0.802346 7.498658
v 2.165371 -0.222152 7.067764
v 0.150019 -0.653050 7.139016
v 0.004127 -0.968584 7.824372
v -1.166404 0.039094 7.848124
v -1.234264 -0.802346 7.498658
v 0.004127 -0.968584 7.824372
v -0.145159 0.836412 -1.448274
v 0.153412 1.151937 -0.732381
v -0.403017 1.107843 -1.163272
v -6.649243 0.598907 2.137964
v -7.371920 1.219783 1.486538
v -7.857095 0.537838 0.902971
v -8.030130 -0.161092 -0.291311
v -7.704420 -0.703953 -1.583983
v -6.974956 -0.636100 -2.700233
v -8.674772 0.358020 -2.157377
v -8.152273 0.208726 -2.808805
v -7.036027 0.595510 -3.796122
v -8.986912 0.948361 -0.888453
v -8.807091 1.609973 0.329577
v -8.382986 2.064610 0.804579
v -7.385491 2.953540 1.065826
v -6.622099 3.089255 2.453503
v -6.157280 2.621030 3.322070
v -4.993535 -1.294294 3.579927
v -5.777279 -0.737874 -4.559512
v -4.722108 -2.508939 -4.576477
v -3.415862 -4.229117 -4.179513
v -5.644961 2.159630 4.221177
v -4.929072 1.657475 5.191527
v -4.633892 -1.297681 4.940454
v -4.040143 1.145147 6.090633
v -3.263184 -1.446974 6.267058
v -2.791579 0.710875 7.064376
v 1.422336 -0.096629 8.852405
v -1.319084 -7.041779 -4.474692
v -2.530329 -6.196954 -4.450941
v 0.492697 -7.560889 -3.901300
v 0.116093 -8.185163 -4.627367
v -0.735510 -8.320864 -4.657909
v -1.763546 -7.588038 -4.613803
v -2.991755 -6.692326 -4.518797
v 0.492697 -7.560889 -3.901300
v -3.646576 -7.367486 -3.897908
v -2.425149 -8.331062 -4.104872
v -4.403179 -5.501423 -4.569694
v -5.200500 -4.676970 -4.712193
v -4.979965 -6.132490 -3.948797
v -6.143709 -5.019651 -4.115049
v -4.437107 -4.578573 -4.708798
v -5.953708 -2.776974 -4.932724
v -6.581386 -3.007689 -4.847902
v -7.063169 -3.923747 -4.240581
v -7.056384 -1.121261 -4.797010
v -7.585668 -1.426634 -4.674869
v -8.002989 -2.454657 -4.172729
v 0.743768 -7.184267 -4.206660
v -8.118343 0.239250 -3.979333
v -8.549236 -0.432513 -4.094688
v -8.830841 -1.416452 -3.755404
v -9.896194 -0.439298 -2.720590
v -9.088699 0.001760 -3.005586
v -10.520479 -0.429116 -1.699339
v -9.597624 0.127304 -2.340588
v -10.741014 0.208726 -0.420241
v -9.828341 0.799078 -0.874880
v -10.327087 1.501405 1.099755
v -9.645126 1.878007 0.835113
v -9.163342 2.393722 1.255823
v -8.226915 3.153721 1.479757
v -7.473707 3.245323 2.755468
v -7.982630 3.041756 3.023497
v -8.627272 3.038378 1.951359
v -7.582277 2.576938 4.078677
v -7.029240 2.790677 3.752956
v -6.907100 2.057825 5.235635
v -6.384601 2.234266 4.889563
v -6.164066 1.504792 6.284026
v -5.668711 1.755860 5.866703
v -4.562644 1.229985 6.942235
v -3.229256 0.934806 7.977052
v -1.519262 0.839808 9.039009
v -2.221579 2.882285 2.026001
v -3.317468 2.478544 0.889400
v -1.902652 3.279260 1.601896
v -3.066398 2.899250 0.461905
v -1.902652 3.279260 1.601896
v -1.156224 -1.450369 -5.187189
v -1.068011 -0.524131 -4.718974
v -1.872115 -1.087336 -4.522190
v -1.722829 -0.720915 -4.349154
v -1.895869 -1.586084 -4.291474
v -1.977295 -1.993221 -4.539153
v -2.774614 -0.527528 -3.911476
v -2.459077 -0.296803 -3.775764
v -2.825507 -1.124656 -3.731658
v -5.529603 -1.596269 0.251547
v -5.095318 -0.042340 1.425471
v -5.359963 -0.798951 1.836005
v -5.363356 -0.819314 -0.169166
v -5.057999 -1.453769 -1.485591
v -3.789073 0.480169 3.081178
v -4.104610 1.158717 2.429753
v -4.328538 -2.797324 -2.455947
v -0.223195 0.609095 -1.879163
v 0.570733 0.374991 -1.733277
v -2.611756 -2.393595 -3.877550
v 1.252694 0.473390 -1.112382
v -5.125853 -2.295198 -1.207376
v 1.113585 -0.069472 -2.086129
v -5.672104 -1.966087 2.562077
v 0.265375 -0.028777 -2.642553
v -0.783010 0.975513 -1.631489
v 0.312879 -1.497878 -5.200764
v 4.469114 -2.529294 -2.907199
v 3.651436 -2.824465 -3.782556
v -3.819608 2.166398 -0.060597
v -3.538003 2.638000 -0.433808
v -3.945145 1.576046 -1.278630
v -3.605859 2.051046 -1.614520
v -3.724610 0.965331 -2.293087
v -3.368359 1.413195 -2.567910
v -3.276754 0.368206 -3.076836
v -2.832292 0.843205 -3.293983
v -2.085864 0.045878 -3.911476
v -3.225862 2.122305 2.090465
v -2.588007 2.587123 2.585821
v -4.284432 1.616770 1.897073
v 0.166986 -0.486791 -3.643445
v 0.363771 -0.639492 -4.600228
v 1.103409 -1.467333 -4.087903
v -1.068011 -0.524131 -4.718974
v -0.979795 0.096766 -3.310942
v -2.085864 0.045878 -3.911476
v -1.821222 0.646412 -2.883444
v -2.832292 0.843205 -3.293983
v -2.431936 1.185866 -2.357555
v -4.298003 -1.989826 -2.581479
v -3.368359 1.413195 -2.567910
v -2.750864 1.660866 -1.726485
v -3.605859 2.051046 -1.614520
v -3.538003 2.638000 -0.433808
v -2.526934 2.454796 -0.121668
v 0.363771 -0.639492 -4.600228
v 1.103409 -1.467333 -4.087903
v 2.005905 -1.704821 -3.809693
v -3.066398 2.899250 0.461905
v -1.807653 2.587124 0.478864
v -0.514976 2.580331 1.004757
v 0.516451 2.610865 1.547611
v 1.480016 2.112127 1.744391
v 2.772689 1.623561 2.056533
v 2.430012 0.581949 -0.162389
v 4.587859 0.609097 0.919929
v 3.464827 1.348742 1.893675
v 4.475897 -1.480908 -1.699344
v 2.080548 1.450525 1.109932
v 2.148404 -0.588583 -2.211668
v 3.464827 -1.552149 -3.168446
v -4.694963 -0.897338 -1.522915
v -4.915500 -0.290021 -0.376129
v -4.196215 -1.474120 -2.547552
v -4.691570 0.476772 1.062433
v -4.976572 -0.385019 -1.794338
v -5.193713 0.212127 -0.630595
v -4.966392 1.046751 0.824935
v -4.657642 0.632842 -0.823987
v -4.406573 0.011946 -1.960590
v -4.433713 1.403011 0.512793
v -4.437107 -1.009293 -2.859694
v -3.867111 -0.585200 -2.947909
v -3.198720 -1.799825 -3.806298
v 1.028766 -0.754833 -3.219338
v 1.055909 1.257138 0.031009
v -0.993369 0.846593 -1.987731
v -1.010335 0.561593 -2.500053
v -1.380152 1.151935 -1.716307
v -1.078192 1.375866 -1.139526
v -1.654974 0.931411 -2.279519
v -1.967114 1.257136 -1.916485
v -0.552299 1.586228 -0.471130
v -0.681228 2.034081 0.159940
v 0.248412 1.684617 0.170115
v 0.855730 1.905162 0.909755
v 0.082163 2.129091 0.719754
v -3.809429 2.505692 1.249042
v -4.677998 1.331772 -1.132736
v -4.460857 2.064613 0.210831
v -3.877289 1.918716 1.452610
v -4.376037 0.707479 -2.296482
v -3.823001 0.100162 -3.185410
v 7.749992 -3.669282 11.794001
v 6.674460 -2.882136 11.719358
v 8.143567 -2.977136 10.918644
v 7.040892 -2.271441 10.840611
v 7.604100 -2.821077 9.422402
v 6.837319 -2.190001 9.459721
v 5.174826 -4.402144 12.669352
v 4.228223 -2.240888 12.041677
v 6.162144 -3.330009 12.116319
v 4.872861 -0.924468 10.742213
v 2.993225 -4.028929 12.621853
v 1.473229 -5.976426 12.757563
v 1.398587 -5.138383 12.652391
v 8.221600 -2.678568 10.195970
v 8.652490 -1.640364 8.105973
v 8.191063 -1.793036 7.532587
v 9.266594 -1.864295 7.882047
v 8.615170 -2.105182 7.108479
v 9.897667 -2.776965 7.495263
v 9.456596 -3.089102 6.664020
v 8.194456 -1.867692 5.228840
v 8.241957 -1.097502 4.115990
v 8.822136 -2.576794 4.387416
v 7.899282 -1.233217 4.750454
v 9.049454 -1.952511 3.668133
v 9.154633 -2.681965 4.010814
v 7.302138 -0.144116 4.638489
v 7.230886 -0.863400 5.340811
v 6.253750 0.056065 5.082949
v 6.419999 -0.639488 5.795447
v 5.839819 -0.944831 6.728480
v 6.996781 -1.531786 6.962588
v 5.819463 -1.467330 8.017762
v 5.130719 -1.138218 7.549547
v 9.616058 -2.681965 9.011868
v 9.911238 -3.486067 9.734545
v 5.049285 -0.473228 6.219555
v 5.242682 -0.765013 6.409554
v 4.241792 -0.663218 6.792946
v 5.894106 -0.575013 5.910805
v 5.700714 -0.225538 5.649556
v 10.508379 -3.628576 7.997405
v 9.975698 -4.035723 7.186514
v 5.388573 -3.591248 -3.297375
v 5.676964 -2.973748 -3.433093
v 5.459823 -2.475009 -3.802908
v 4.533577 -1.477511 11.617569
v 2.338407 -3.146792 13.632924
v 2.134834 -1.077149 14.433634
v 2.698047 -1.996603 13.103636
v 1.703944 -1.670898 15.098633
v 5.826250 -8.877303 -3.141307
v 5.039109 -8.565156 -3.477198
v 5.941606 -9.311591 -3.925056
v 2.253587 -0.883762 12.472569
v 0.716625 -2.006784 15.135950
v 1.188232 -3.896611 13.571851
v 0.950734 0.127315 15.753451
v 1.208588 0.476780 15.387026
v 1.860013 -0.293410 13.710953
v 1.154302 0.768554 14.776309
v 0.835374 0.215520 13.385239
v 0.540196 0.955156 14.260599
v 0.540196 0.955156 14.260599
v -0.206228 -0.038936 13.622743
v 0.835374 0.215520 13.385239
v -0.134979 0.775337 14.396310
v 0.387518 -0.106798 15.777201
v -0.369087 -1.837148 14.895060
v -0.280870 -0.025376 15.515951
v -0.728728 -1.046615 14.196134
v -0.474262 0.446245 15.027382
v -0.223195 2.390345 15.492197
v 3.471614 -2.125535 12.078995
v 4.330005 -0.971978 7.074548
v 4.954290 -8.833185 -4.281302
v 5.449642 -1.942328 -3.073449
v 6.548924 -2.600533 -2.802020
v 6.854282 -2.115363 8.401154
v 6.294463 0.924632 3.203314
v 5.680357 1.270710 3.888671
v 5.327504 1.874620 3.617240
v 5.371610 1.518380 2.864031
v 5.442860 0.493735 1.191358
v 5.541252 -0.982160 -1.207381
v 6.864463 -0.693763 1.944567
v 6.918745 -2.210353 -0.617027
v 6.688034 -9.281052 -2.717199
v 5.995892 -7.465888 -2.849523
v 7.298745 -8.056226 -2.133627
v 8.621957 -2.610715 6.005805
v 9.205525 -3.343576 4.658847
v 9.432847 -3.676065 3.946348
v 9.643202 -4.157869 5.021880
v 10.006235 -4.822848 3.970098
v 7.624456 -1.670898 6.199197
v 6.820356 -2.746430 -2.958091
v 5.928032 -3.818556 -3.653625
v 7.590530 -3.316429 -2.757913
v 5.965359 -3.143395 -3.660408
v 9.096952 -1.348580 2.979383
v 9.432847 -1.613216 2.582424
v 9.079989 -4.378394 -0.538993
v 9.449810 -3.275723 -0.287922
v 9.124096 -3.482678 -0.715419
v 9.514274 -4.123928 0.139575
v 9.646595 -3.591248 0.136180
v 5.866962 1.009450 4.706347
v 6.755889 0.955156 3.403491
v 7.543030 0.493735 3.841172
v 5.934818 1.348743 4.129563
v 7.356421 -4.327507 -2.608631
v 8.431954 -3.408031 -1.641669
v 8.282669 -4.344452 -1.509346
v 9.493917 -2.407146 3.111707
v 9.629629 -2.139113 2.646889
v 9.446417 -2.912680 3.481530
v 9.422667 -3.089101 3.966706
v 9.602486 -3.251973 3.640990
v 8.404815 -0.524126 3.369564
v 5.765181 -5.246951 -3.066659
v 4.866078 -5.409803 -3.626485
v 5.117146 -5.878028 -3.137915
v 5.449642 -4.653202 -3.629877
v 6.311426 -4.619270 -3.015767
v 9.449810 -5.202858 0.299040
v 9.466774 -4.697304 0.390646
v 9.185165 -5.046780 -0.077564
v 9.626235 -5.002676 0.607788
v 5.385180 0.564995 5.412055
v 4.794825 0.181589 6.056697
v 4.007688 -0.069469 6.585980
v 4.082326 -5.996788 -3.680771
v 4.316435 -6.471767 -3.270232
v 4.397861 -4.934824 -3.263446
v 8.177493 -2.132329 2.141354
v 7.980708 -1.603055 2.073496
v 8.201242 -3.173939 0.370290
v 7.997671 -2.844827 -0.070780
v 8.730526 -2.939807 3.216883
v 8.733919 -2.427500 2.853854
v 8.750881 -4.415712 0.553501
v 8.720345 -3.852487 0.292253
v 8.862848 -3.699815 3.518848
v 8.879810 -5.148564 1.055645
v 7.142673 0.066226 3.325457
v 7.207136 -3.089101 -2.106489
v 7.984101 -1.389296 2.538316
v 8.041778 -3.156974 -0.464351
v 4.336792 0.103555 5.432413
v 5.320717 0.771940 4.363670
v 9.212313 -5.433563 1.459392
v 9.052847 -4.032326 3.556167
v 9.236062 -3.235007 3.997240
v 7.943388 -6.339459 -1.648451
v 8.761062 -6.671958 -0.684887
v 8.113027 -4.972143 -1.478814
v 8.822136 -4.856790 -0.650961
v 4.587859 -7.001050 -3.066659
v 5.768574 -6.142665 -2.846130
v 9.666952 -5.189279 3.586706
v 8.937490 -5.450529 0.394040
v 9.208920 -5.898391 0.699398
v 9.022314 -5.280892 -0.267566
v 7.271603 -5.060348 -2.276132
v 6.579461 -5.229985 -2.659520
v 6.660891 -6.169812 -2.472911
v 9.242849 -6.258028 0.071717
v 4.112863 -7.964623 -3.304161
v 5.965357 -17.739405 2.850466
v 6.250356 -16.487450 1.598500
v 5.588751 -17.016739 2.114217
v 7.288563 -17.512096 2.752075
v 4.883040 -16.009060 0.746900
v 4.380897 -16.416206 1.218502
v 3.848222 -6.709267 13.436135
v 3.905897 -5.464097 12.896670
v 4.598040 -6.665174 13.558277
v 3.827865 -8.599092 14.162203
v 4.910184 -9.091053 14.525241
v 2.898221 -9.606773 14.036669
v 4.710005 -8.551598 14.372561
v 5.242682 -7.822128 14.118099
v 2.626796 -17.135494 2.144748
v 4.180718 -17.101557 2.117609
v 6.691426 -8.348024 14.243635
v 3.274829 -8.127471 13.795776
v 1.832873 -8.765338 13.330959
v 3.244296 -7.398015 13.531136
v 1.761620 -7.004448 12.883102
v 5.191789 -7.136776 13.812742
v 7.553206 -6.956958 13.446312
v 5.788930 -5.704984 13.039175
v 11.675517 -6.044278 8.078835
v 11.478731 -5.243564 8.777761
v 11.220877 -5.246951 8.272227
v 12.004621 -6.017131 9.039006
v 10.793377 -6.139277 7.580087
v 10.477839 -5.382676 7.681870
v 11.336228 -4.646417 8.886330
v 12.367655 -6.716061 9.429182
v 11.224266 -5.002676 10.219720
v 12.231943 -6.444630 10.654004
v 10.491411 -4.069654 9.941509
v 2.124653 -16.548529 1.282967
v 3.101793 -15.581570 -0.006316
v 3.006793 -17.766552 2.989569
v 0.764124 -17.040493 2.175285
v 0.811624 -16.511206 1.391537
v 0.767517 -17.729229 3.284749
v 7.746600 -18.550301 3.454388
v 6.508209 -18.903168 3.620638
v 4.360539 -17.919237 3.043858
v 3.841435 -6.712664 14.236849
v 3.475008 -7.543918 14.576134
v 4.313042 -7.761065 14.939167
v 12.259083 -15.415310 3.810637
v 12.326941 -17.196558 4.326353
v 13.589081 -16.514599 5.164386
v 11.631407 -16.341564 3.671535
v 10.756054 -17.685127 3.712246
v 10.440517 -16.531563 3.030285
v 10.379448 -15.255835 2.263502
v 8.099455 -15.439065 18.542374
v 7.278387 -15.527276 18.338804
v 7.838207 -14.719777 18.976654
v 8.652487 -14.828350 18.260765
v 7.315706 -13.746029 17.575413
v 8.062132 -13.715505 17.605946
v 7.369993 -13.695147 18.223446
v 6.752494 -14.356744 17.707729
v 6.358924 -11.964797 16.506664
v 5.534464 -12.012292 16.337021
v 6.073927 -11.245509 16.978268
v 6.935711 -11.360871 16.204697
v 5.537858 -10.288732 15.468452
v 6.338569 -10.248012 15.532918
v 5.592144 -10.224272 16.286129
v 4.998396 -10.923186 15.665236
v 5.015358 -12.863903 16.282738
v 4.991610 -11.584787 15.963804
v 4.102683 -11.533900 15.380238
v 6.908567 -10.702647 15.800952
v 7.919637 -11.493180 16.004526
v 7.200353 -10.044438 15.183453
v 5.486965 -10.047831 15.152912
v 6.637139 -12.480502 16.655952
v 7.040890 -13.277819 17.127556
v 8.998562 -13.627295 17.232731
v 5.995890 -14.736743 17.334520
v 8.465881 -15.897095 18.647549
v 7.071422 -16.273712 18.311657
v 9.639807 -15.126920 18.121662
v 6.725351 -15.086198 17.958805
v 8.598204 -14.190484 17.867195
v 8.187671 -13.973357 18.542372
v 6.979816 -14.465317 18.647549
v 6.413212 -10.451584 16.540592
v 5.229107 -11.011412 16.649162
v 4.648936 -6.967139 14.576134
v 10.847664 -4.866961 10.867752
v 10.016413 -3.791429 10.385969
v 12.021584 -6.509096 11.230787
v 9.968916 -5.603200 12.078995
v 11.203911 -7.241957 12.435251
v 9.527847 -6.081606 12.543818
v 10.759450 -7.621952 12.838995
v 8.947666 -7.262300 13.280067
v 9.470165 -8.171589 13.554886
v 7.960351 -8.364995 14.073988
v 8.367491 -5.348745 12.520068
v 7.383565 -4.188394 12.160427
v 8.995171 -4.805873 12.000961
v 10.650877 -4.123928 8.876153
v 1.154301 -10.359978 13.378459
v -0.494619 -12.521202 13.582028
v 0.458766 -11.642459 12.431854
v 0.197519 -12.131042 13.079887
v 1.595371 -9.029975 12.889886
v 1.096622 -10.298914 12.872925
v 0.200912 -10.933367 12.638818
v -0.508193 -12.144615 11.797394
v -1.091762 -11.476214 11.736320
v -2.140151 -11.927473 10.782928
v -2.350509 -13.138706 11.271503
v -3.507469 -12.541565 9.055977
v -3.599072 -13.589966 9.419011
v -4.399786 -13.834245 7.410446
v -4.236928 -12.833364 7.254372
v -4.715324 -13.922455 5.479915
v -4.501573 -12.924972 5.367949
v -2.262293 -10.733186 10.375793
v -1.132474 -10.278551 11.322393
v 0.621626 -9.484626 12.492926
v 0.082163 -9.776410 12.170603
v 0.421447 -9.654263 11.739712
v -0.623549 -10.156404 10.718469
v 13.979258 -19.025297 5.113491
v 12.075871 -20.165310 5.008315
v 13.823183 -19.486725 5.585103
v 11.865511 -19.900656 4.333139
v 11.003728 -21.410484 4.529923
v 11.407478 -21.763336 4.960814
v 15.383892 -19.866741 5.771706
v 14.888540 -20.097443 6.124562
v 1.802329 -21.949928 5.968490
v 3.926254 -22.044928 5.663133
v 3.902504 -21.776897 5.055820
v 2.066974 -22.201000 6.514739
v 5.541247 -22.655643 5.160996
v 5.483569 -23.072964 5.703852
v 1.646260 -22.927067 6.789558
v 2.097511 -22.964386 7.091523
v 3.003398 -23.361362 6.837056
v 9.877307 -22.343510 4.933672
v 9.697485 -21.868504 4.543497
v 8.496417 -22.716721 5.035456
v 8.316595 -22.241734 4.648673
v 8.316595 -22.241734 4.648673
v 7.105350 -22.971180 5.259387
v 8.496417 -22.716721 5.035456
v 6.925528 -22.513157 4.848854
v 1.011798 -23.670097 7.878664
v 1.690367 -23.625999 8.143306
v 1.174657 -24.301176 9.334196
v 0.519835 -24.338493 9.232408
v 17.646915 -19.754768 7.220454
v 18.247452 -20.304401 8.435090
v 18.712273 -19.887094 8.139915
v 17.154957 -20.155128 7.576697
v 16.551029 -19.741196 6.446881
v 16.031929 -20.114410 6.843845
v 14.009790 -20.874413 5.571529
v 10.969804 -23.978867 5.578314
v 13.076759 -23.364758 5.608853
v 9.219097 -24.443684 5.819205
v 9.219097 -24.443684 5.819205
v 7.319100 -24.877972 6.256881
v 14.708719 -23.072964 6.511346
v 15.886034 -22.594584 7.094919
v 14.878361 -22.726902 5.988847
v 5.622678 -25.173141 7.060987
v 14.891932 -20.467262 6.474022
v 16.048893 -22.238338 6.762420
v 16.177820 -20.124592 7.502055
v 2.609828 -23.524223 8.441877
v 2.114474 -22.930462 8.465628
v 11.322659 -7.771231 5.317056
v 11.675517 -7.163903 6.338305
v 10.905338 -7.004447 5.846340
v 11.933372 -7.683015 6.049909
v 12.330334 -7.208016 7.658122
v 12.700155 -8.521059 7.060980
v 11.882478 -8.554990 6.450265
v 12.601763 -10.200521 4.974377
v 11.400696 -9.409984 4.842058
v 11.536407 -10.261585 4.326348
v 12.489799 -9.596591 5.367949
v 12.364265 -10.848544 5.222058
v 13.558544 -11.072480 5.805631
v 13.063189 -9.647478 6.535089
v 12.106405 -9.521954 6.009198
v 11.431231 -7.133379 7.010087
v 8.133387 -8.466780 -1.465240
v 10.956236 -7.041776 3.942956
v 10.511772 -5.935699 3.878495
v 10.138557 -6.448027 3.454383
v 9.958736 -6.271606 2.215998
v 10.403200 -7.272481 2.867423
v 10.691589 -7.947652 3.355991
v 9.826414 -6.858561 1.184573
v 9.568559 -7.767834 0.105649
v 9.368380 -24.701530 6.450273
v 9.368380 -24.701530 6.450273
v 11.173376 -24.206184 6.233131
v 13.093721 -23.636181 6.250097
v 4.896608 -18.994770 3.786887
v 3.373223 -18.675838 3.776711
v 0.943941 -18.774231 4.529921
v -0.779617 -16.195683 1.605285
v -1.220687 -16.623171 2.531531
v -1.013731 -17.410313 3.729209
v -1.912833 -15.846207 1.975110
v -0.881408 -18.384056 5.116879
v 9.005344 -16.738529 2.531534
v 7.288563 -17.512096 2.752075
v 9.174986 -18.126204 3.423854
v 7.746600 -18.550301 3.454388
v 3.101793 -15.581570 -0.006316
v 4.883040 -16.009060 0.746900
v 4.944110 -14.288881 -1.488990
v 6.331781 -14.936924 -0.284528
v 6.250356 -16.487450 1.598500
v 7.485354 -15.635849 0.967432
v 6.297856 -13.277819 -2.221844
v 7.336064 -13.912289 -0.976669
v 8.350528 -14.590857 0.343148
v 9.493914 -15.408541 1.764752
v 2.358763 -14.964071 -0.718810
v 3.797328 -13.718897 -2.248987
v 5.232501 -12.650139 -3.148093
v 2.854115 -11.693361 -3.857195
v 2.246797 -12.684085 -2.981841
v 1.398586 -13.834245 -1.733279
v -3.853540 -15.774946 4.954029
v -3.924790 -15.160840 5.496880
v -3.571932 -16.409416 6.144915
v -3.585503 -15.099771 7.417231
v -3.185151 -17.081215 7.434198
v -2.618542 -16.002275 9.605616
v -2.889970 -14.757106 9.334188
v -1.790687 -14.339778 11.173111
v -1.502300 -15.208345 11.576857
v -3.799252 -14.913169 7.410446
v -4.141932 -15.042100 5.442591
v -3.117290 -14.607826 9.374898
v -2.038364 -14.136209 11.145964
v -0.311408 -14.003897 12.879711
v -0.891583 -13.644259 12.428461
v -0.657478 -14.061567 13.259710
v 0.299304 -13.854603 13.412386
v -0.240159 -13.891931 13.656675
v -0.956046 -12.751938 13.174887
v -1.132474 -12.633173 12.428461
v -4.023180 -15.310149 3.939564
v -4.233537 -15.109953 3.888672
v -2.404794 -16.307632 3.172782
v -3.690682 -15.846207 4.115991
v -2.194438 -17.074425 4.373850
v -3.388718 -16.585842 5.239024
v -2.988365 -17.410313 6.501165
v -1.977297 -17.922634 5.768310
v -0.823730 -19.425655 6.650452
v -2.160512 -18.597795 8.156870
v -2.431937 -15.713883 2.212607
v -3.113896 -15.500144 2.690998
v -3.853540 -15.293179 3.254208
v -1.960332 -15.866554 1.439040
v -3.432826 -15.513702 2.348320
v -4.199609 -15.174414 3.152423
v 1.955011 -16.585842 1.018322
v 0.723407 -16.470501 1.062428
v -0.871227 -16.161745 1.215109
v 2.748940 -15.785128 -0.206494
v 2.358763 -14.964071 -0.718810
v 1.958405 -15.198164 -1.030956
v 1.398586 -13.834245 -1.733279
v 0.916799 -14.251568 -2.201487
v 1.985549 -12.670496 -3.680771
v 0.916799 -14.251568 -2.201487
v 11.176771 -11.109789 3.199924
v 11.607659 -12.056404 3.186351
v 12.191229 -11.387999 4.333133
v 10.732307 -11.679788 2.025997
v 10.311594 -10.404089 1.751176
v 9.755163 -11.133543 0.712967
v 10.572842 -5.878028 6.602946
v 10.104630 -4.931437 5.615624
v 10.491411 -6.139277 4.835273
v 10.796770 -9.033366 2.802963
v 10.264091 -7.788197 1.863141
v 9.843377 -8.792484 0.838503
v 9.510880 -9.715325 0.621359
v 8.676239 -10.478731 -0.715419
v 8.920525 -9.128366 -0.403282
v 7.638030 -9.844262 -1.811311
v 3.624290 -20.884586 4.485815
v 1.157691 -20.979584 5.547778
v 0.672515 -21.912605 6.613136
v 0.309481 -22.672611 7.977056
v 0.065191 -23.374931 9.656515
v 17.589239 -18.601189 7.457954
v 18.763165 -18.909952 8.597948
v 19.791199 -20.168682 9.225628
v 20.072807 -19.296722 10.212940
v 3.108576 -21.610651 17.663635
v 3.115358 -22.659037 17.415953
v 1.999114 -22.187424 16.740778
v 19.930304 -18.631727 10.430087
v 18.926020 -17.359411 9.649730
v 19.163519 -18.068518 9.541162
v 19.516376 -17.301739 11.464902
v 16.479780 -18.397631 6.582597
v -0.501410 -22.611538 10.742224
v -0.701589 -22.340111 12.391147
v -0.386055 -23.432610 11.817760
v -0.681232 -21.837971 10.559013
v 15.309252 -18.227993 5.832780
v 0.370550 -25.190102 11.037404
v -0.165519 -24.172249 11.743118
v 13.877470 -18.099058 4.896354
v 10.586408 -20.284046 3.970106
v 11.288730 -19.130478 3.827606
v 9.378553 -20.735300 3.942964
v 1.235727 -23.592070 15.420961
v 0.808226 -21.949924 15.176672
v 15.909779 -20.046555 17.826487
v 14.148893 -19.344231 18.861309
v 15.051388 -18.567266 17.785776
v 4.279107 -22.380833 18.298094
v 4.391069 -20.833691 18.243809
v 5.354640 -21.563154 4.367071
v 6.681242 -21.410482 4.126174
v -0.070520 -22.387611 13.873825
v 0.570728 -24.603130 14.328463
v 8.041773 -21.118683 3.980282
v 8.041773 -21.118683 3.980282
v 5.537853 -22.234941 19.078449
v 5.632854 -20.938866 19.017376
v 15.489067 -17.674950 17.331131
v 16.557816 -18.818350 17.069885
v 19.428164 -17.471376 12.971327
v 19.112629 -19.391722 14.627035
v 18.400131 -17.535837 14.437036
v 20.432447 -19.629242 13.263111
v 20.300125 -18.869232 11.688829
v 21.080479 -20.545303 12.428471
v 20.629232 -19.866737 11.193472
v -0.084090 -23.917780 13.205429
v 17.745314 -18.523155 15.845069
v 17.897991 -17.067642 15.020603
v 18.247452 -17.362804 14.118110
v 17.517990 -16.921726 14.565960
v 14.783358 -18.492630 17.619526
v 14.980145 -17.661377 17.025776
v 15.631569 -17.047279 16.893454
v 14.969963 -16.735138 16.357384
v 17.137991 -16.473879 15.332744
v 16.618889 -16.226208 14.633818
v 16.751207 -17.359411 17.100418
v 17.433168 -17.159250 16.438818
v 16.092995 -16.361927 16.754353
v 16.914066 -16.127800 15.967209
v 15.037821 -15.106562 15.957033
v 15.930136 -14.879249 15.207210
v 14.718893 -13.467820 14.284355
v 13.711218 -13.834246 14.918816
v 13.198902 -13.508526 14.562566
v 14.267647 -13.243889 13.592210
v 12.866402 -12.704434 14.701672
v 14.403360 -12.402469 13.558282
v 15.563713 -13.752819 13.673641
v 14.919071 -14.041211 13.782209
v 13.239614 -14.261750 15.661849
v 13.833363 -14.601039 15.163099
v 16.897100 -15.666389 14.057034
v 14.087826 -16.009060 16.486317
v 17.819954 -16.392452 13.775427
v 14.067467 -17.763161 17.704344
v 19.037987 -17.257641 12.822042
v 18.990488 -17.091377 11.559902
v 18.668167 -17.108349 10.070439
v 18.566380 -18.119419 9.351162
v 18.311916 -17.199951 9.547945
v 19.512981 -18.828526 10.318122
v 19.499413 -19.174589 10.219730
v 18.393343 -18.791203 8.886339
v 17.212633 -18.448517 7.766698
v 16.177820 -18.197454 6.952420
v 15.102287 -18.000666 6.182239
v 13.745148 -17.800474 5.252603
v 16.842817 -17.115131 8.034736
v 18.342455 -16.165138 12.767752
v 18.335669 -15.859766 11.699009
v 17.697815 -15.540851 9.921154
v 15.536572 -14.984415 7.512229
v 18.009956 -15.391571 10.616687
v 12.863005 -19.954948 19.604336
v 13.117470 -19.999046 19.885944
v 11.909616 -20.609760 20.377909
v 13.918182 -19.276379 18.617023
v 13.093718 -18.333155 18.661125
v 11.950331 -18.896379 19.590767
v 10.135159 -19.564751 20.337193
v 10.915512 -21.217075 20.934334
v 17.952272 -19.466358 15.800961
v 16.924240 -19.703884 16.842562
v 2.389291 -20.636906 17.677202
v 1.378222 -21.125465 17.039345
v 2.033044 -19.669949 17.273453
v 1.083048 -20.141550 16.513458
v 1.829477 -18.085487 16.262384
v 0.862514 -18.550301 15.529528
v 1.598758 -16.606201 15.230957
v 0.720012 -17.091377 14.362390
v 1.897334 -16.022635 14.409889
v 0.933764 -16.487452 13.666857
v 2.938934 -19.985485 17.365059
v 1.025368 -21.240824 15.872211
v 2.867685 -18.468876 15.953634
v 1.256084 -19.340834 14.813635
v 1.001624 -17.854769 14.019714
v 2.467329 -16.969234 15.044350
v 1.775188 -15.299968 14.745780
v 0.214480 -16.114241 13.588816
v 2.633578 -16.416206 15.509173
v 0.109304 -17.396740 13.649891
v 3.329112 -17.970125 16.309883
v 0.526623 -19.262806 14.338641
v 3.648038 -19.934586 17.124168
v 4.618391 -20.589417 17.894344
v 1.154297 -21.312073 15.125779
v 0.119482 -22.024572 13.612572
v 5.887314 -20.708160 18.688271
v 9.677126 -20.986361 20.588266
v 8.445523 -19.598688 19.868982
v 8.493022 -20.803150 20.103085
v 7.108742 -20.772621 19.393984
v 6.952670 -19.520653 19.075052
v 5.130714 -19.530834 17.968987
v 9.812840 -18.431545 19.936838
v 7.906060 -18.275482 19.282017
v 10.942657 -17.281376 19.115767
v -0.162126 -22.462257 10.419905
v -0.508197 -21.525833 10.301155
v -0.067127 -23.354568 11.576864
v 0.109302 -23.700642 11.407227
v 0.217871 -23.076349 9.914372
v 0.458762 -22.407969 8.150095
v 0.753944 -21.624226 6.792954
v 1.242515 -20.602974 5.710631
v -0.036590 -21.709044 8.580980
v 0.190729 -21.064404 7.122061
v 0.373945 -19.836191 5.744562
v 2.090725 -19.805668 4.838671
v 2.620008 -20.582626 5.059206
v 3.824468 -20.511368 4.669030
v 5.486962 -21.186543 4.584207
v 5.368214 -20.324764 4.299212
v 3.559828 -19.673340 4.370461
v 10.155518 -19.971912 4.384031
v 10.854441 -18.791203 4.163497
v 12.384617 -18.312813 4.621531
v 9.205521 -20.345123 4.302606
v 7.994273 -20.721725 4.289032
v 6.718562 -21.044041 4.373855
v 7.994273 -20.721725 4.289032
v 6.623568 -20.114403 4.102423
v 7.834812 -19.761555 3.959923
v 7.834812 -19.761555 3.959923
v 9.236059 -19.259407 3.919213
v 16.072641 -17.026922 7.149203
v 14.712112 -15.863163 6.195806
v 16.958174 -14.024240 10.233299
v 17.304245 -14.081932 10.898293
v 17.236389 -14.794431 12.927217
v 17.409422 -14.526402 11.933109
v 16.120142 -13.522099 13.032393
v 15.078539 -12.219257 12.923822
v 16.394962 -13.213365 12.068824
v 16.344069 -12.704432 11.237576
v 16.120144 -12.449958 10.701508
v 15.455143 -11.527116 11.444539
v 15.295681 -11.238725 10.823648
v 13.395689 -11.021578 13.313997
v 11.919798 -11.506754 14.426847
v 13.870686 -10.716221 12.805067
v 14.335506 -9.986753 11.532749
v 14.396574 -9.901934 10.871147
v -0.531943 -13.640867 -2.232021
v -0.284265 -15.289786 -0.338816
v -1.980689 -14.668890 -0.063998
v 1.218768 -15.795309 0.068326
v -0.531943 -13.640867 -2.232021
v 0.682695 -12.151404 -3.816482
v 1.520729 -7.299629 12.537033
v 2.575904 -12.076748 14.660954
v 13.168369 -7.944275 10.847396
v 12.886761 -8.341240 9.412222
v 13.860510 -10.780682 9.113650
v 7.142673 -12.575497 -2.622202
v 8.109632 -13.186216 -1.363453
v 6.206251 -12.012292 -3.765590
v -2.398010 -18.261908 9.127226
v -2.028189 -17.535835 10.467399
v -1.118906 -16.911558 12.133288
v 3.732861 -14.098896 15.834881
v 14.576395 -12.236223 8.411334
v 15.105682 -13.566211 7.946517
v 4.082326 -12.151404 -4.111660
v 2.715014 -11.594964 -4.566304
v 6.983208 -9.874802 -3.456842
v 7.973921 -10.499074 -2.408452
v 6.881426 -10.872284 -3.796126
v 7.828029 -11.449082 -2.622202
v 5.612502 -10.353192 -4.528975
v 4.394467 -9.644081 -4.976832
v 9.161415 -13.871568 0.014040
v 8.957848 -11.079264 -1.187028
v 8.791597 -12.056404 -1.370240
v 10.063911 -11.740851 0.207437
v 11.156408 -12.341404 1.605285
v 9.884092 -12.714614 0.014040
v 11.044446 -13.345672 1.455998
v 12.194618 -12.870678 2.891175
v 12.316765 -14.058176 3.023494
v 12.442295 -15.157457 3.512068
v 13.544975 -13.101398 4.740275
v 13.938541 -14.346567 5.381525
v 14.637468 -12.701040 7.250983
v 14.155684 -11.713718 6.463841
v 13.103901 -12.002110 4.356883
v 13.694258 -10.370158 7.098305
v 15.356749 -14.821563 7.084735
v 14.606932 -15.662998 5.897242
v 13.582293 -16.253355 4.920102
v 10.749269 -15.004772 2.110822
v 13.232832 -8.931581 7.820980
v 12.622120 -7.228379 8.523296
v 13.504257 -9.688193 8.604724
v 14.416935 -11.903719 7.878658
v 13.093721 -8.130868 11.430964
v 12.958015 -8.368387 9.096688
v 12.360870 -8.789087 12.642212
v 11.940157 -9.152121 13.059530
v 10.365875 -10.024080 14.236853
v 10.912124 -11.866405 15.230954
v 8.750880 -10.281942 14.932381
v 9.375166 -11.937650 15.919703
v 10.094452 -14.519611 1.252431
v 5.741427 -16.660480 17.548267
v 4.306252 -16.741907 16.689882
v 4.435182 -15.333884 16.510057
v 10.667837 -14.774073 17.521130
v 10.206411 -13.274426 16.567734
v 11.563548 -13.199790 15.895956
v 11.848549 -14.465319 16.733990
v -1.705869 -19.133867 10.497940
v -0.901766 -18.289057 12.448824
v -0.416590 -20.209402 13.103643
v -1.017126 -20.389221 11.699009
v -1.597297 -19.452803 9.320620
v -0.908554 -20.653872 10.131513
v -0.511590 -20.412975 7.678485
v -0.443734 -21.044041 8.960984
v -0.552303 -21.902435 12.045078
v 4.584466 -18.082092 17.195415
v 6.436958 -18.129601 18.410057
v 11.868905 -16.738529 18.369341
v 13.005507 -16.270321 17.415951
v 0.150019 -10.146228 -4.620585
v -0.572659 -11.381214 -3.545053
v 3.410545 -8.134260 -4.332194
v 1.368050 -10.838367 -4.715586
v -1.678724 -12.734972 -2.075953
v -3.558359 -14.139602 1.500105
v -2.567651 -13.505133 -0.630600
v -4.854427 -11.781572 1.903854
v -4.766215 -13.769784 3.440814
v -3.911218 -12.585678 0.855466
v -4.593179 -12.874069 3.471349
v 2.687871 -0.666615 11.420786
v 0.998234 -0.228935 12.357210
v 0.994840 -0.157686 11.108645
v -2.099438 -9.620333 10.243469
v -2.957826 -9.874803 9.619186
v -2.384438 -8.901059 11.081502
v 4.296079 1.304631 2.270282
v -3.772110 -8.670340 10.494538
v -1.057835 -9.138548 11.471678
v -4.572823 -9.599985 9.327398
v -6.045318 -7.940886 9.558115
v -5.180141 -6.502305 10.467398
v -2.716934 -6.112133 11.566679
v 0.340021 -8.161408 -5.071833
v 1.941442 -8.918009 -5.041298
v 4.404647 -1.328218 9.351152
v 2.765903 -0.500358 9.086506
v 2.562335 -1.209469 8.703115
v -3.826395 -10.322649 8.540262
v -1.817829 -10.641579 9.860079
v -3.046041 -11.143724 8.407939
v -4.287823 -10.882465 7.210264
v -3.982465 -11.476214 6.982941
v -5.227641 -11.072481 6.073664
v -5.003713 -11.360871 5.537595
v -5.068177 -10.543188 7.651338
v -6.639063 -9.186041 7.939725
v 2.847332 -7.516770 -3.419519
v 3.325722 -6.868742 -3.358448
v 2.548761 -7.784805 -4.328802
v -6.849421 -9.817119 6.490982
v -3.185149 -4.541240 11.315605
v -5.804426 -5.399627 10.240076
v -0.562475 -6.841596 12.377568
v -0.060336 -6.122313 12.472569
v 0.736985 -7.194448 12.635421
v -0.939082 -4.619272 12.078997
v -1.702474 -5.341952 11.946678
v -1.889082 -2.749830 11.386856
v -6.896923 -6.648213 9.337582
v -7.663702 -7.835708 7.905800
v 3.095007 -0.201797 6.935441
v -8.023346 -8.782309 6.185626
v -7.938523 -4.134117 10.022935
v -6.225138 -3.723582 9.948293
v -6.689959 -4.897502 9.758298
v -7.731560 -5.379286 8.988117
v -8.735844 -4.127333 9.344367
v -8.817270 -3.533584 10.243474
v -7.826561 -3.109471 9.992406
v 3.173047 -6.373370 -3.752016
v -8.613699 -3.044996 9.344367
v -8.908878 -3.618402 8.007586
v -8.461023 -2.600541 8.217943
v -7.616206 -2.210361 8.720084
v 1.422336 -0.096629 8.852405
v 1.286624 -1.033039 8.238298
v -5.119069 -11.343903 2.151533
v -5.051212 -11.846047 3.624030
v -5.078355 -11.384607 3.674922
v -4.959607 -11.805342 5.232238
v -4.610142 -11.696754 7.091515
v -3.728004 -11.354082 8.838830
v -1.061229 -2.139114 12.869534
v -0.419980 -3.672669 13.429351
v 1.076266 0.795698 10.073830
v 3.047507 0.015347 10.430079
v -5.848533 -10.828187 4.085456
v -7.042813 -10.149623 4.506172
v 0.187342 0.639629 10.464005
v 1.076266 0.795698 10.073830
v 0.994840 -0.157686 11.108645
v -1.268190 -1.161980 11.067930
v -8.630663 -4.812675 8.275624
v -6.028352 -10.767105 0.902967
v -7.341383 -9.800153 1.506893
v -6.432101 -10.336225 0.679039
v -7.589062 -9.671231 2.375463
v -6.571208 -2.553051 9.490260
v -11.036190 0.836406 4.241529
v -9.964054 -0.211979 4.455279
v -10.479763 -0.432513 3.634212
v -10.486549 1.175690 4.967602
v -11.487440 -2.352872 -1.919878
v -11.110836 -3.421620 -2.150591
v -11.562082 -2.773577 -2.859694
v -10.903870 -1.969465 -2.771480
v -10.730835 -3.089110 -0.756135
v -10.340658 -3.828747 -1.275237
v -10.089590 -1.446977 -2.360948
v -10.567978 -1.402884 -1.546665
v -9.774054 -3.788041 -2.103091
v -6.099602 -10.017295 -0.437207
v -7.785844 -10.298918 -0.223457
v 3.251079 -0.792160 7.172940
v 3.335898 -1.056796 7.552939
v 2.212867 -1.019469 7.692053
v 2.199297 -0.815911 7.312048
v 1.086446 -0.883765 7.522407
v -8.267630 -7.988379 -0.498280
v -8.623878 -8.276770 0.519575
v -8.494951 -9.050337 -0.840956
v -8.762983 1.704973 3.936177
v -8.766376 1.046749 4.825102
v -10.201551 1.939075 4.363676
v 0.998234 -0.228935 12.357210
v -0.338551 -0.683582 12.414886
v 3.933041 -1.138218 8.095797
v -5.427820 -11.286216 0.831717
v -1.678724 -12.734972 -2.075953
v -4.040143 -12.056406 -0.247208
v -9.302446 0.171397 5.127062
v -10.554407 -2.977145 -3.053091
v -9.292269 -3.102690 -2.890232
v -9.645126 -2.037339 -2.774871
v -10.822441 -2.027157 -0.786667
v -7.731560 -9.739085 -1.173453
v -6.354066 -9.043552 -1.248097
v -7.314240 -8.205524 -1.220953
v -8.634056 -10.102129 -0.813809
v -8.057274 0.788906 5.839561
v -8.603521 -9.637300 0.115827
v -8.308346 -8.914616 1.384754
v -10.150660 -1.575917 5.530810
v -8.986912 -1.731976 7.295092
v -10.208338 -2.586974 5.985452
v -10.747801 -3.326620 4.906528
v -10.961548 -1.864305 3.552780
v -10.937799 -4.890720 3.162603
v -10.608694 -4.470005 5.106703
v -11.114225 -3.615006 2.860644
v -10.890299 -4.738039 0.767255
v -10.995478 -3.791438 0.499223
v -11.110836 -1.952519 2.277069
v -11.070120 -1.969465 0.692616
v -10.798691 -0.310367 1.914040
v -10.934406 -0.503763 0.295651
v -7.714597 -0.958408 7.837949
v -6.374424 -1.402882 8.981334
v -6.045318 -0.249296 8.200983
v -7.192098 0.235874 7.016877
v -4.691570 -0.707349 9.324015
v -5.102106 -1.888041 9.877043
v -4.986749 0.995872 7.424018
v -3.605859 0.721056 8.530085
v -2.984971 -1.155189 10.382581
v -1.895870 0.575171 9.646332
v 0.082163 -9.861228 -4.413626
v 0.116093 -8.185163 -4.627367
v -9.685839 -3.438584 7.044018
v -8.593344 -5.148572 -2.628980
v -9.828341 -5.009470 -1.438092
v -9.020842 -0.527532 6.311167
v -5.448176 -9.013008 -1.967381
v -6.751028 -7.577859 -2.153985
v -3.819608 -10.030867 -2.428804
v -1.210511 -9.219991 -4.223625
v -2.109618 -10.607649 -3.114160
v -4.935859 -10.960517 -0.606850
v -5.553354 -10.431225 -0.532207
v -7.843524 -6.193559 -2.506844
v 0.082163 -9.861228 -4.413626
v -3.310683 -11.639083 -1.502564
v -9.336376 -5.983216 -1.336311
v -10.323694 -6.166432 0.780828
v -10.361015 -6.390343 3.488318
v -9.360126 -5.182503 7.345983
v -8.549236 -6.658396 7.664908
v -9.994589 -6.071433 5.598668
v -4.677998 -3.536979 10.579363
v -3.158004 -2.542867 10.884721
v -8.366022 -9.016405 4.143134
v -8.559416 -8.839979 2.311000
v -9.024237 -7.625350 5.904024
v -8.715487 -7.106238 -0.983455
v -0.579442 -11.140332 -3.219340
v -0.579442 -11.140332 -3.219340
v -9.489054 -7.513384 1.052252
v -1.624437 -12.402468 -1.797738
v -2.442115 -13.077642 -0.396495
v -1.624437 -12.402468 -1.797738
v -9.475483 -7.767840 3.824209
v 15.007288 -24.257072 17.894344
v 13.602652 -25.590458 18.158987
v 13.884256 -25.386885 18.898628
v 14.627291 -24.508141 17.202209
v 15.587465 -23.758320 16.225063
v 12.683191 -27.042603 18.827377
v 11.875696 -25.074749 17.985954
v 10.796770 -26.343674 18.338810
v 12.683191 -27.042603 18.827377
v 12.683191 -26.957775 19.590769
v 13.602652 -25.590458 18.158987
v 16.140499 -23.436005 16.730602
v 16.707106 -23.195118 14.881500
v 17.263535 -22.930462 15.400604
v 17.908173 -23.032251 13.297037
v 18.427280 -22.686188 13.802576
v 18.946383 -23.154404 11.844903
v 19.485847 -22.876179 12.336868
v 19.227989 -23.415649 10.823654
v 20.052450 -23.324039 11.152761
v 4.285899 -26.095993 10.307940
v 4.333398 -26.839029 11.563295
v 4.577684 -25.610811 12.995072
v 18.725845 -22.794752 10.080622
v 19.526558 -22.652252 10.267230
v 5.571790 -24.742245 14.749177
v 4.862685 -26.289389 13.595611
v 5.839821 -25.692238 15.129171
v 4.699826 -27.151165 12.343647
v 18.725845 -22.794752 10.080622
v 17.982815 -22.251907 9.344372
v 18.403530 -22.312979 11.145972
v 7.902676 -22.455475 9.432589
v 8.791599 -22.007610 12.730436
v 11.366765 -21.610659 8.801521
v 13.361761 -23.544575 17.073278
v 14.627291 -24.508141 17.202209
v 9.704275 -24.538681 17.409170
v 9.161416 -25.851719 17.690777
v 14.386400 -22.726898 16.116497
v 15.587465 -23.758320 16.225063
v 8.435349 -24.402966 16.849354
v 7.953565 -25.624386 16.944347
v 19.227989 -23.415649 10.823654
v 18.946383 -23.154404 11.844903
v 17.348352 -22.031366 12.967936
v 17.908173 -23.032251 13.297037
v 12.103014 -21.111908 12.028114
v 15.855503 -22.136538 14.674536
v 16.707106 -23.195118 14.881500
v 6.976426 -25.566704 16.177565
v 7.254641 -24.545460 16.184353
v 11.173376 -24.206184 6.233131
v 9.368380 -24.701530 6.450273
v 6.114640 -25.393677 7.624197
v 5.171432 -25.593853 8.469021
v 13.093721 -23.636181 6.250097
v 14.708719 -23.072964 6.511346
v 15.886034 -22.594584 7.094919
v 17.036213 -22.217966 8.122948
v 4.499647 -25.817783 9.483480
v 17.982815 -22.251907 9.344372
v 18.725845 -22.794752 10.080622
v 18.484953 -21.892262 9.171338
v 19.526558 -22.652252 10.267230
v 17.036213 -22.217966 8.122948
v 17.270317 -21.790478 7.841345
v 7.580349 -25.105289 6.925272
v 6.114640 -25.393677 7.624197
v 5.171432 -25.593853 8.469021
v 4.560719 -25.441177 8.068663
v 4.499647 -25.817783 9.483480
v 3.763398 -25.634567 9.229019
v 4.285899 -26.095993 10.307940
v 3.471614 -25.933147 10.219729
v 4.333398 -26.839029 11.563295
v 3.760005 -27.093487 12.017932
v 4.146790 -27.483673 12.764362
v 4.699826 -27.151165 12.343647
v 4.699826 -27.151165 12.343647
v 4.146790 -27.483673 12.764362
v 4.862685 -26.289389 13.595611
v 4.296079 -26.509918 14.097752
v 5.839821 -25.692238 15.129171
v 5.235895 -25.841537 15.638103
v 6.976426 -25.566704 16.177565
v 6.487856 -25.716009 16.771313
v 7.953565 -25.624386 16.944347
v 7.397139 -25.766891 17.602562
v 8.815349 -25.943321 18.474525
v 9.161416 -25.851719 17.690777
v 10.698373 -26.343674 19.170055
v 10.796770 -26.343674 18.338810
v 7.580349 -25.105289 6.925272
v 2.097510 -23.039032 16.462566
v 1.035548 -25.193497 11.081512
v 11.946943 -24.582783 19.353270
v 13.100508 -23.181541 18.657738
v 9.938377 -24.026363 19.119160
v 8.136778 -23.765102 18.447384
v 14.240505 -22.221355 17.680595
v 6.647319 -23.609039 17.561844
v 5.571787 -23.710819 16.740778
v 15.519608 -21.386730 16.381138
v 16.808887 -20.860836 14.888285
v 17.894602 -20.626728 13.269896
v 4.272327 -23.982254 15.451496
v 3.271434 -24.630283 13.955247
v 18.600311 -20.708164 11.875436
v 18.973526 -20.904942 10.749011
v 18.288166 -20.358685 9.968656
v 2.708225 -25.122248 12.818645
v 2.708225 -25.122248 12.818645
v 2.294298 -25.071358 12.082401
v 2.304474 -24.206184 10.212939
v 18.288166 -20.358685 9.968656
v 17.402634 -20.022804 8.862588
v 1.629298 -23.229042 10.134911
v 1.571618 -23.754921 11.668470
v 1.130547 -24.650631 11.471687
v 1.513938 -23.605644 12.591327
v 1.337508 -25.166351 12.839005
v 1.398582 -24.738846 14.338644
v 1.900725 -23.832962 15.091853
v 2.589470 -23.313858 15.984171
v 3.549646 -22.950821 16.920597
v 4.672678 -22.703142 17.745060
v 5.877138 -22.577614 18.525412
v 6.806778 -22.201000 19.804518
v 7.159631 -22.560642 19.268444
v 18.898876 -19.968521 14.250428
v 19.859058 -20.375648 13.205429
v 17.704599 -19.937981 15.427746
v 16.632458 -20.178864 16.448994
v 15.617998 -20.538515 17.432919
v 14.929251 -20.467255 18.810417
v 14.725677 -20.949043 18.304882
v 2.467329 -22.944035 13.531145
v 1.513938 -23.605644 12.591327
v 3.573397 -22.536896 14.996853
v 5.056069 -22.319759 16.394711
v 6.134994 -22.224747 17.192028
v 7.665165 -22.357082 18.091129
v 9.446413 -22.469048 18.715416
v 11.258193 -22.469048 18.813808
v 1.398582 -24.738846 14.338644
v 19.322985 -20.613155 9.483481
v 12.503366 -21.641186 18.209877
v 13.650146 -20.830301 17.263277
v 14.885145 -20.036375 15.957034
v 16.072641 -19.425659 14.382751
v 8.401417 -21.882074 19.560234
v 9.839983 -22.000820 20.157375
v 18.559597 -20.155125 10.569193
v 17.948883 -19.537628 11.305437
v 19.000666 -19.378147 10.667586
v 19.295839 -20.321369 10.026338
v 19.733519 -20.528334 10.745621
v 17.161741 -19.289940 12.730435
v 13.999611 -19.697094 17.731487
v 13.019079 -20.436718 18.807018
v 12.181046 -21.471546 19.862194
v 7.241062 -21.726006 18.891838
v 11.292116 -22.180637 20.557728
v 13.880859 -21.542801 19.285412
v 19.322985 -20.613155 9.483481
v 8.309807 -22.645470 19.940233
v 9.826408 -22.940641 20.632370
v 11.777292 -23.436005 21.195583
v 12.924078 -22.346903 20.208267
v 20.395124 -20.976189 12.727043
v 8.096058 -22.265476 20.517017
v 9.643197 -22.523323 21.178616
v 9.653378 -21.128860 21.005583
v 20.649590 -20.681015 10.409724
v 6.915346 -20.935469 19.736660
v 12.072475 -20.697979 20.768085
v 12.934259 -21.851545 20.785049
v 8.269094 -21.013508 20.442369
v 11.078367 -21.315468 21.443258
v 13.989433 -21.054222 19.790949
v 11.726403 -23.022068 21.789331
v 20.099947 -21.152613 10.681154
v 21.355299 -21.583511 12.197755
v 20.669945 -22.051716 12.445436
v 2.277328 -26.326702 14.284359
v 1.371439 -25.902599 12.638828
v 1.357865 -26.489550 14.189360
v 0.662334 -25.946701 12.645613
v 0.720010 -25.637953 14.036678
v 0.194121 -24.989925 12.900072
v 1.517331 -25.390272 14.162212
v 20.099947 -21.152613 10.681154
v 20.669945 -22.051716 12.445436
v 1.517331 -25.390272 14.162212
v 2.277328 -26.326702 14.284359
v -10.449228 0.205329 2.840286
v -11.205832 1.827110 4.594387
v -10.785120 1.565861 3.647785
v -10.082802 1.111224 2.646894
v -9.407625 1.637120 3.186354
v -9.584055 2.264791 1.771541
vn -0.0863 0.7923 -0.6040
vn -0.2198 0.3062 -0.9263
vn 0.3454 0.4631 -0.8163
vn 0.5335 0.6747 -0.5100
vn -0.2359 0.0944 -0.9672
vn 0.3222 0.4637 -0.8253
vn -0.0472 -0.1731 -0.9838
vn -0.5232 -0.2812 -0.8045
vn -0.2989 -0.3854 -0.8730
vn -0.4728 -0.4098 -0.7801
vn -0.1653 -0.1417 -0.9760
vn 0.3134 0.2744 -0.9091
vn -0.2124 -0.2203 -0.9520
vn -0.4068 -0.3833 -0.8292
vn -0.3741 -0.5144 -0.7716
vn -0.5556 -0.4773 -0.6808
vn -0.4887 -0.4730 -0.7331
vn -0.4852 -0.6104 -0.6261
vn -0.6473 -0.4026 -0.6473
vn -0.5872 -0.6028 -0.5402
vn -0.5710 -0.7040 -0.4224
vn -0.7444 -0.5407 -0.3918
vn -0.6593 -0.7299 -0.1805
vn -0.5756 -0.6308 -0.5204
vn -0.4685 -0.4919 -0.7339
vn -0.4173 -0.4252 -0.8032
vn -0.1891 -0.3152 -0.9300
vn -0.3902 -0.4760 -0.7882
vn -0.4328 -0.5037 -0.7476
vn -0.2733 -0.5154 -0.8122
vn -0.1250 -0.8279 -0.5467
vn -0.4483 -0.3225 -0.8337
vn -0.0392 -0.4469 -0.8937
vn -0.1809 -0.9830 -0.0315
vn -0.3125 -0.9453 -0.0938
vn -0.5953 -0.7989 -0.0862
vn -0.5492 -0.8160 0.1804
vn -0.8511 -0.4529 0.2655
vn -0.6887 -0.5948 -0.4148
vn -0.7642 0.1638 -0.6238
vn -0.8935 -0.3919 -0.2195
vn -0.7769 -0.6200 0.1099
vn -0.5973 -0.8017 -0.0236
vn -0.5419 -0.8403 0.0157
vn -0.6540 -0.7563 0.0158
vn -0.8376 -0.4932 -0.2348
vn -0.9469 -0.3208 -0.0235
vn -0.7776 -0.6283 0.0236
vn -0.9478 -0.2820 0.1488
vn -0.7217 -0.6510 0.2353
vn -0.5253 -0.8154 0.2431
vn -0.5905 -0.8032 0.0787
vn -0.7106 -0.6950 0.1093
vn -0.7367 -0.6740 -0.0549
vn -0.7975 -0.5708 -0.1955
vn -0.8154 -0.5724 0.0862
vn -0.7223 -0.6202 0.3061
vn -0.7987 -0.5090 0.3211
vn -0.6090 -0.7417 0.2811
vn -0.4326 -0.7866 0.4405
vn -0.6047 -0.6047 0.5183
vn -0.6996 -0.4559 0.5502
vn -0.7447 -0.3684 0.5565
vn -0.8764 -0.3521 0.3286
vn -0.8953 -0.4398 0.0707
vn -0.9326 -0.1646 0.3213
vn -0.8277 -0.2030 0.5232
vn -0.7999 -0.2901 0.5254
vn -0.8453 0.0470 0.5322
vn -0.8917 0.0782 0.4458
vn -0.8647 -0.3852 0.3223
vn -0.6109 -0.3603 0.7049
vn -0.6190 -0.2507 0.7443
vn -0.5477 -0.3990 0.7354
vn -0.4178 -0.6464 0.6385
vn -0.4002 -0.3845 0.8318
vn -0.4228 -0.1566 0.8926
vn -0.4377 -0.0234 0.8988
vn -0.3522 -0.2270 0.9080
vn -0.1723 -0.3993 0.9005
vn -0.2343 0.1484 0.9608
vn -0.3607 0.1176 0.9252
vn -0.3755 0.1878 0.9076
vn -0.3931 -0.1179 0.9119
vn -0.3830 -0.3752 0.8441
vn -0.3852 -0.6525 0.6525
vn -0.3679 -0.7513 0.5479
vn -0.4311 -0.7603 0.4859
vn -0.8122 0.2734 0.5154
vn -0.7975 0.4457 0.4066
vn -0.9450 0.1797 0.2733
vn -0.8129 0.3752 0.4455
vn -0.7184 0.4919 0.4919
vn -0.6976 0.2195 0.6820
vn -0.3607 -0.6274 0.6901
vn -0.3285 -0.4224 0.8448
vn -0.3298 -0.1806 0.9266
vn -0.3293 0.0784 0.9410
vn -0.4790 -0.1570 0.8637
vn -0.2193 0.0940 0.9711
vn -0.2040 -0.1647 0.9650
vn -0.5491 -0.1412 0.8237
vn -0.6910 -0.0235 0.7224
vn -0.6276 0.5884 0.5099
vn -0.5947 0.5322 0.6026
vn -0.7047 0.1331 0.6969
vn -0.6587 0.4156 0.6273
vn -0.5327 0.0235 0.8460
vn -0.6198 -0.0157 0.7846
vn -0.7114 0.2502 0.6567
vn -0.8609 0.1252 0.4931
vn -0.9567 -0.0235 0.2901
vn -0.9908 -0.0786 0.1101
vn -0.9910 -0.1023 0.0865
vn -0.9393 -0.2348 -0.2504
vn -0.9823 -0.1572 0.1022
vn -0.9421 -0.1806 0.2826
vn -0.7408 0.1092 0.6628
vn -0.8776 -0.0940 0.4701
vn -0.8122 -0.5155 0.2733
vn -0.8373 -0.5322 0.1252
vn -0.8944 -0.4473 0.0078
vn -0.8368 -0.3833 -0.3910
vn -0.7511 -0.4303 -0.5007
vn -0.6791 -0.4214 -0.6010
vn -0.6339 -0.3521 -0.6886
vn -0.3826 -0.6090 -0.6948
vn -0.5172 -0.6504 -0.5563
vn -0.0473 -0.7334 -0.6782
vn -0.2680 -0.7726 -0.5755
vn 0.0630 -0.7476 -0.6611
vn 0.2281 -0.6845 -0.6924
vn 0.0782 -0.6811 -0.7280
vn 0.0865 -0.7855 -0.6127
vn 0.2030 -0.7962 -0.5699
vn -0.1095 -0.8135 -0.5711
vn -0.1498 -0.8594 -0.4888
vn -0.2820 -0.8227 -0.4936
vn -0.5080 -0.6956 -0.5080
vn -0.6043 -0.5680 -0.5588
vn -0.4866 -0.8476 -0.2118
vn -0.8123 -0.5780 -0.0781
vn -0.9176 -0.3686 0.1490
vn -0.9388 -0.3442 0.0078
vn -0.6273 -0.7057 -0.3293
vn -0.4693 -0.8370 -0.2815
vn -0.3597 -0.9070 -0.2189
vn -0.5024 -0.7536 -0.4239
vn -0.3929 -0.8488 -0.3536
vn -0.2818 -0.8689 -0.4070
vn -0.1566 -0.8771 -0.4541
vn 0.0235 -0.8911 -0.4533
vn 0.0470 -0.8453 -0.5322
vn -0.1645 -0.8302 -0.5326
vn -0.3446 -0.7987 -0.4933
vn -0.3598 -0.7823 -0.5085
vn -0.5230 -0.7494 -0.4059
vn -0.6679 -0.6915 -0.2751
vn -0.9491 -0.2981 0.1020
vn -0.9221 -0.2657 0.2813
vn -0.7519 -0.4778 0.4543
vn -0.8599 -0.2346 0.4534
vn -0.6908 -0.3846 0.6123
vn -0.7948 -0.1417 0.5902
vn -0.7776 -0.2749 0.5655
vn -0.7456 0.4866 0.4552
vn -0.6236 0.4499 0.6394
vn -0.7807 0.4258 0.4574
vn -0.2114 0.5637 0.7985
vn -0.8533 0.3053 0.4227
vn -0.7389 -0.0864 0.6682
vn -0.7651 -0.4997 0.4060
vn -0.0937 -0.2890 0.9527
vn -0.5265 0.1257 0.8408
vn -0.5004 0.2502 0.8288
vn -0.5621 0.2498 0.7884
vn -0.6660 0.2194 0.7130
vn -0.3361 -0.0860 0.9379
vn -0.5239 0.2268 0.8210
vn -0.2916 0.1891 0.9377
vn -0.1253 0.1018 0.9869
vn -0.0628 -0.3061 0.9499
vn 0.2035 0.0469 0.9780
vn -0.0781 0.2656 0.9609
vn -0.4531 0.3671 0.8124
vn -0.3911 0.3051 0.8683
vn -0.5629 0.1485 0.8130
vn -0.5174 0.2039 0.8311
vn -0.5804 0.1019 0.8079
vn -0.6581 0.0313 0.7522
vn -0.8084 0.0078 0.5886
vn -0.9019 -0.1176 0.4157
vn -0.9317 -0.2897 0.2192
vn -0.9224 -0.3127 0.2267
vn -0.8921 -0.1096 0.4383
vn -0.8184 0.0157 0.5744
vn -0.6584 0.1097 0.7446
vn -0.5178 0.0235 0.8552
vn -0.7034 0.1016 0.7035
vn -0.6347 0.0862 0.7679
vn -0.5255 0.1804 0.8314
vn -0.4446 0.3042 0.8425
vn -0.2038 0.3998 0.8937
vn -0.3759 -0.0705 0.9240
vn -0.7000 0.0944 0.7079
vn 0.0786 -0.1101 0.9908
vn -0.4014 0.8029 0.4408
vn -0.3678 0.6417 0.6730
vn 0.0472 0.6364 0.7699
vn 0.3855 0.5822 0.7159
vn 0.2736 0.2735 0.9221
vn 0.2111 0.4925 0.8443
vn 0.1017 0.4069 0.9078
vn 0.0940 0.3054 0.9476
vn 0.1893 0.3944 0.8992
vn 0.1171 0.3513 0.9289
vn 0.2118 0.3765 0.9019
vn 0.3541 0.5823 0.7318
vn 0.2757 0.6223 0.7326
vn 0.4722 0.3463 0.8106
vn 0.3273 0.7715 0.5455
vn 0.8857 0.1725 0.4311
vn 0.6962 0.6884 0.2034
vn 0.9128 0.1950 0.3589
vn 0.6007 -0.3823 0.7021
vn 0.0942 -0.6123 0.7850
vn -0.5569 -0.5255 0.6432
vn -0.0234 -0.5235 0.8517
vn 0.5589 -0.2834 0.7793
vn 0.4145 0.0704 0.9073
vn -0.1409 -0.1488 0.9788
vn -0.6432 -0.3765 0.6667
vn -0.9330 0.0706 0.3528
vn -0.5864 0.1799 0.7898
vn -0.3284 0.2893 0.8992
vn -0.3684 0.3841 0.8466
vn -0.3368 0.4856 0.8067
vn -0.4892 0.5760 0.6549
vn -0.6454 0.7635 -0.0236
vn -0.9826 0.1494 0.1101
vn -0.6682 -0.0865 0.7389
vn -0.2281 0.9362 0.2674
vn -0.9874 0.1567 0.0235
vn -0.7114 0.5942 -0.3753
vn -0.6675 0.4555 -0.5890
vn 0.1965 0.7389 -0.6445
vn 0.1647 0.8626 -0.4784
vn 0.0786 0.9908 -0.1101
vn -0.0315 0.8726 0.4874
vn -0.1872 0.7177 0.6708
vn -0.3157 0.6710 0.6709
vn -0.3076 0.7258 0.6153
vn -0.3355 0.6008 0.7256
vn -0.4100 0.5204 0.7490
vn -0.2434 0.4710 0.8479
vn -0.0548 0.5320 0.8450
vn -0.4498 0.6155 0.6471
vn -0.4923 0.5626 0.6642
vn -0.3592 0.6560 0.6638
vn -0.2766 0.7575 0.5913
vn -0.4177 0.6542 0.6305
vn -0.2913 0.7400 0.6062
vn -0.6405 0.5311 0.5546
vn -0.4848 0.6490 0.5864
vn -0.3511 0.7491 0.5618
vn -0.5855 0.3904 0.7105
vn -0.2895 0.6650 0.6885
vn -0.2672 0.0943 0.9590
vn -0.8319 0.0784 0.5494
vn -0.8454 0.3366 0.4148
vn -0.6862 0.3743 0.6238
vn -0.7290 0.4390 0.5252
vn -0.7588 0.5945 0.2660
vn -0.6643 0.0860 0.7425
vn -0.8657 0.1560 0.4757
vn -0.9559 0.0470 0.2899
vn -0.9555 0.1880 0.2271
vn -0.9370 -0.3123 0.1562
vn -0.9634 0.0705 0.2585
vn 0.0471 0.9507 0.3064
vn -0.7423 0.5704 0.3516
vn -0.6549 0.5535 -0.5146
vn -0.9774 0.1642 -0.1329
vn -0.9608 0.2578 0.1016
vn -0.8458 0.5325 -0.0313
vn -0.4811 0.8675 0.1262
vn -0.3154 0.8358 0.4494
vn -0.4017 0.7484 0.5278
vn -0.4834 0.7798 0.3977
vn -0.5601 0.8046 0.1972
vn -0.6962 0.6884 0.2033
vn -0.8515 0.5234 -0.0312
vn -0.3623 0.8034 -0.4726
vn -0.3774 0.7390 -0.5581
vn -0.1577 0.8910 -0.4258
vn 0.0547 0.9933 0.1017
vn 0.1418 0.9213 0.3622
vn 0.1811 0.9290 0.3228
vn 0.1646 0.9326 0.3213
vn 0.1571 0.9662 0.2042
vn 0.1720 0.9851 -0.0000
vn 0.1489 0.9565 -0.2508
vn 0.2665 0.9566 -0.1176
vn 0.3145 0.7312 -0.6054
vn 0.3520 0.6961 -0.6258
vn 0.5651 0.5259 -0.6357
vn 0.6984 0.4395 -0.5650
vn 0.8132 0.4380 -0.3832
vn 0.8307 0.4703 -0.2978
vn 0.8081 0.4394 -0.3923
vn 0.8418 0.3698 -0.3933
vn 0.4874 0.8176 -0.3066
vn 0.7185 0.5701 -0.3983
vn 0.4631 0.6828 -0.5651
vn 0.2269 0.6964 -0.6808
vn 0.3062 0.7222 -0.6202
vn 0.7476 0.1574 -0.6453
vn 0.3540 0.6373 -0.6845
vn -0.8845 0.4305 0.1800
vn -0.5628 0.5315 0.6331
vn -0.9761 0.1496 -0.1574
vn -0.8678 0.4691 0.1642
vn 0.1646 0.9326 -0.3213
vn 0.7913 0.3134 -0.5249
vn 0.7066 0.0392 -0.7066
vn 0.6202 0.3062 -0.7223
vn 0.2906 0.2670 -0.9188
vn 0.4172 0.6771 -0.6062
vn 0.7696 0.3377 -0.5419
vn 0.8104 0.5429 -0.2203
vn 0.8395 0.5178 -0.1648
vn 0.6843 0.6843 0.2517
vn 0.2988 0.9355 0.1887
vn -0.9218 -0.0625 -0.3827
vn -0.9242 0.3368 -0.1801
vn -0.8829 0.1485 -0.4454
vn -0.9852 0.1564 -0.0704
vn -0.9471 0.0078 -0.3209
vn -0.8288 0.2502 0.5004
vn -0.9489 0.2588 0.1804
vn -0.6786 0.5460 0.4914
vn -0.6401 0.5152 0.5699
vn -0.4262 0.5603 0.7102
vn -0.7436 0.5949 0.3053
vn -0.5546 0.8125 0.1797
vn -0.4774 0.8529 0.2113
vn -0.1890 0.9531 -0.2364
vn -0.4060 0.9136 0.0234
vn -0.2276 0.9656 -0.1256
vn -0.5511 0.8109 -0.1968
vn -0.3306 0.8976 -0.2914
vn -0.3066 0.8176 -0.4874
vn -0.6086 0.6865 -0.3979
vn -0.8511 0.4529 -0.2655
vn -0.7911 0.6109 -0.0313
vn -0.8742 0.4839 0.0390
vn -0.8988 0.3752 -0.2267
vn -0.7804 0.3468 -0.5203
vn -0.5457 0.5847 -0.6003
vn -0.2511 0.7299 -0.6357
vn -0.0630 0.6694 -0.7402
vn -0.4163 0.4712 -0.7776
vn -0.6284 0.2199 -0.7462
vn -0.8265 0.2884 -0.4835
vn -0.6287 0.1886 -0.7544
vn -0.5040 0.1497 -0.8506
vn -0.3618 0.4169 -0.8338
vn 0.0079 0.7303 -0.6831
vn -0.4470 0.3843 -0.8078
vn 0.0235 0.7524 -0.6583
vn -0.5902 0.0866 -0.8026
vn -0.5279 0.1024 -0.8431
vn -0.6408 -0.1954 -0.7424
vn -0.7669 -0.0078 -0.6417
vn -0.9223 0.1103 -0.3705
vn -0.9719 0.2038 -0.1176
vn -0.9325 0.3291 0.1489
vn -0.7972 -0.2188 -0.5627
vn -0.7031 0.0156 -0.7109
vn -0.5222 -0.4365 -0.7326
vn -0.6863 -0.1578 -0.7100
vn 0.6725 0.7350 -0.0861
vn -0.3910 -0.3832 -0.8368
vn -0.3830 -0.3751 -0.8441
vn -0.6055 0.1651 -0.7785
vn -0.1811 -0.1181 -0.9763
vn -0.1418 -0.4490 -0.8822
vn 0.2675 -0.0865 -0.9597
vn 0.4397 0.7694 -0.4633
vn 0.6189 0.4935 -0.6110
vn 0.1340 -0.2050 -0.9695
vn -0.0864 -0.2120 -0.9734
vn -0.3745 -0.3510 -0.8582
vn -0.3278 -0.2420 -0.9132
vn 0.3913 0.6104 -0.6887
vn 0.0472 0.3859 -0.9213
vn 0.7087 0.5906 -0.3859
vn 0.2585 0.0705 -0.9634
vn 0.7622 0.5422 -0.3537
vn 0.6904 0.6591 0.2982
vn 0.5993 0.6624 0.4495
vn 0.6961 0.6257 -0.3520
vn 0.1103 0.0551 -0.9924
vn -0.2048 -0.3072 -0.9294
vn -0.3864 -0.4652 -0.7964
vn -0.4605 -0.4996 -0.7337
vn -0.6477 -0.5541 -0.5229
vn -0.5598 -0.3706 -0.7411
vn -0.7010 -0.4883 -0.5198
vn -0.8630 -0.4550 -0.2197
vn -0.7885 -0.3627 -0.4968
vn -0.5386 -0.5386 -0.6479
vn -0.9372 -0.2890 -0.1953
vn -0.8277 -0.4763 -0.2967
vn -0.6511 -0.7531 -0.0941
vn -0.9818 -0.0942 -0.1649
vn -0.9773 -0.2111 -0.0156
vn -0.9954 0.0941 0.0157
vn -0.9961 0.0392 -0.0784
vn -0.9965 -0.0549 0.0627
vn -0.9634 -0.2585 0.0705
vn -0.7832 -0.2036 -0.5874
vn -0.9948 0.1018 -0.0078
vn -0.9853 0.1642 -0.0469
vn -0.9572 0.2197 0.1883
vn -0.9149 0.3441 -0.2111
vn -0.8744 0.4096 -0.2600
vn -0.4570 0.7723 -0.4413
vn 0.4698 0.7988 -0.3759
vn 0.4316 0.8869 -0.1648
vn -0.4496 0.7808 -0.4338
vn -0.8578 0.3305 -0.3935
vn -0.6562 0.3437 -0.6718
vn -0.4004 0.6280 -0.6673
vn -0.8032 -0.1481 -0.5770
vn -0.0785 -0.3689 -0.9262
vn -0.4965 -0.3074 -0.8118
vn -0.4874 0.0315 -0.8726
vn -0.7568 0.1950 -0.6239
vn -0.4161 0.8165 -0.4004
vn 0.6992 0.6992 0.1493
vn 0.2437 0.9201 0.3066
vn 0.4771 0.8760 -0.0704
vn -0.2832 0.7237 -0.6293
vn -0.5743 0.1967 -0.7946
vn -0.6617 -0.1182 -0.7404
vn -0.5602 -0.2525 -0.7890
vn -0.4833 -0.3664 -0.7951
vn -0.3231 -0.2128 -0.9221
vn -0.4369 -0.0624 -0.8973
vn -0.0235 0.2902 -0.9567
vn -0.4728 -0.4097 -0.7801
vn -0.5784 -0.3204 -0.7502
vn -0.3825 -0.6089 -0.6949
vn -0.3378 -0.2356 -0.9112
vn -0.2835 -0.5118 -0.8110
vn -0.0472 -0.7333 -0.6783
vn 0.0944 -0.6759 -0.7309
vn -0.1338 -0.2992 -0.9448
vn 0.0311 0.0785 -0.9964
vn -0.0786 0.2121 -0.9741
vn -0.2197 0.3061 -0.9263
vn 0.0626 0.7438 -0.6655
vn 0.3454 0.4631 -0.8162
vn -0.0549 0.5878 -0.8072
vn 0.1564 0.4849 -0.8604
vn 0.2120 0.6752 -0.7066
vn 0.2910 0.6686 -0.6843
vn 0.2587 0.6427 -0.7211
vn 0.1568 0.0001 -0.9876
vn 0.0157 -0.3768 -0.9262
vn 0.0549 -0.8072 -0.5877
vn 0.1576 -0.7328 -0.6619
vn 0.2282 -0.6845 -0.6923
vn -0.0156 -0.7031 -0.7109
vn 0.1250 -0.7577 -0.6405
vn 0.0864 -0.7856 -0.6127
vn 0.1093 -0.7800 -0.6161
vn 0.2201 -0.7390 -0.6368
vn 0.1260 -0.7323 -0.6693
vn 0.2604 -0.6866 -0.6788
vn 0.1261 -0.6226 -0.7723
vn 0.3119 -0.7097 -0.6317
vn 0.3473 -0.6787 -0.6471
vn 0.2427 -0.7203 -0.6498
vn 0.0861 -0.7276 -0.6806
vn 0.0390 -0.6242 -0.7803
vn 0.3060 -0.1412 -0.9415
vn 0.4237 0.6042 -0.6748
vn 0.2834 0.5589 -0.7793
vn 0.5342 0.5185 -0.6677
vn 0.3685 0.5959 -0.7135
vn 0.5244 0.4149 -0.7435
vn 0.3776 0.1023 -0.9203
vn 0.6594 0.3611 -0.6594
vn 0.6800 0.4299 -0.5940
vn 0.6113 -0.1097 -0.7837
vn 0.3218 -0.5179 -0.7926
vn 0.4752 -0.5610 -0.6778
vn 0.5105 -0.5419 -0.6676
vn 0.5185 -0.5342 -0.6677
vn 0.5357 -0.5041 -0.6774
vn 0.3859 -0.5906 -0.7087
vn 0.2754 -0.5743 -0.7710
vn 0.2047 -0.4409 -0.8739
vn 0.0785 -0.4552 -0.8869
vn 0.4131 -0.4442 -0.7950
vn 0.4722 -0.5352 -0.7004
vn 0.5185 -0.2985 -0.8013
vn 0.3467 -0.3388 -0.8746
vn 0.1649 -0.1570 -0.9737
vn 0.1653 -0.3541 -0.9205
vn 0.0473 -0.3464 -0.9369
vn 0.0315 -0.0000 -0.9995
vn -0.0393 0.0158 -0.9991
vn -0.0472 0.0236 -0.9986
vn 0.0546 -0.1717 -0.9836
vn -0.0079 -0.2351 -0.9719
vn 0.1261 -0.4964 -0.8589
vn 0.0469 -0.5469 -0.8359
vn -0.0000 -0.4628 -0.8864
vn 0.0787 -0.4013 -0.9126
vn 0.0079 -0.5835 -0.8121
vn 0.3457 -0.4165 -0.8408
vn 0.0865 -0.1574 -0.9837
vn 0.1884 0.0393 -0.9813
vn 0.3150 0.1497 -0.9372
vn 0.5099 -0.1883 -0.8394
vn 0.4888 -0.4337 -0.7569
vn 0.5488 -0.4940 -0.6743
vn 0.7054 -0.2195 -0.6740
vn 0.7078 -0.2281 -0.6685
vn 0.7130 -0.2194 -0.6660
vn 0.7103 -0.2131 -0.6709
vn 0.8137 0.2816 -0.5085
vn 0.7949 0.3384 -0.5037
vn 0.8110 0.2835 -0.5118
vn 0.7705 0.2756 -0.5748
vn 0.5795 0.0313 -0.8144
vn 0.7107 -0.0312 -0.7028
vn 0.7890 -0.0781 -0.6094
vn 0.8210 -0.0078 -0.5708
vn 0.8218 0.3443 -0.4539
vn 0.8026 0.3069 -0.5115
vn 0.8085 0.4239 -0.4082
vn 0.8651 0.0787 -0.4955
vn 0.8772 -0.0470 -0.4778
vn 0.8403 0.0157 -0.5419
vn 0.7664 0.0391 -0.6412
vn 0.6668 -0.0000 -0.7452
vn 0.4875 -0.0236 -0.8728
vn 0.6153 -0.1893 -0.7652
vn 0.7327 -0.0630 -0.6776
vn 0.7812 -0.0937 -0.6172
vn 0.7462 -0.2199 -0.6284
vn 0.6147 -0.2916 -0.7329
vn 0.4542 -0.2271 -0.8615
vn 0.3134 -0.0549 -0.9480
vn 0.2036 0.0313 -0.9786
vn 0.2047 -0.2834 -0.9369
vn 0.0315 -0.3231 -0.9458
vn 0.0860 -0.0782 -0.9932
vn 0.0941 0.0235 -0.9953
vn 0.3136 -0.3607 -0.8784
vn 0.4001 -0.3295 -0.8552
vn 0.1331 -0.0939 -0.9866
vn 0.4790 -0.3219 -0.8166
vn 0.4651 -0.3705 -0.8040
vn 0.0550 -0.0393 -0.9977
vn 0.0706 0.1257 -0.9896
vn 0.0785 0.0001 -0.9969
vn 0.0785 0.0078 -0.9969
vn 0.0705 -0.1487 -0.9864
vn 0.1095 -0.0312 -0.9935
vn 0.3542 -0.1102 -0.9287
vn 0.0708 -0.2751 -0.9588
vn 0.1566 0.4228 -0.8926
vn -0.3691 0.0707 -0.9267
vn 0.2743 -0.1019 -0.9562
vn 0.6774 0.1654 -0.7168
vn 0.6934 0.5437 -0.4728
vn 0.5796 0.7910 -0.1958
vn 0.4963 0.5121 -0.7010
vn 0.2581 0.2582 -0.9310
vn 0.6192 0.7055 -0.3449
vn 0.3834 -0.0156 -0.9234
vn -0.1799 0.2661 -0.9470
vn 0.1338 0.8341 -0.5351
vn 0.4385 0.7754 -0.4543
vn 0.6753 0.6596 -0.3298
vn 0.4327 0.8418 -0.3226
vn 0.6691 0.4408 -0.5983
vn 0.7987 -0.1879 -0.5716
vn 0.6686 0.7315 -0.1338
vn 0.6371 0.7000 -0.3225
vn 0.6694 0.6300 -0.3937
vn 0.6274 0.6431 -0.4392
vn 0.7906 0.6106 -0.0469
vn 0.5992 0.4257 0.6780
vn 0.9836 -0.0546 0.1718
vn 0.8243 -0.3140 -0.4710
vn 0.9290 -0.0079 -0.3700
vn 0.8877 0.1964 -0.4164
vn 0.9944 -0.0705 0.0783
vn 0.7089 -0.6143 -0.3465
vn 0.8017 0.3772 0.4637
vn 0.7566 -0.1418 0.6383
vn 0.9648 0.2588 -0.0470
vn 0.8695 0.4387 -0.2271
vn 0.9051 0.2676 -0.3305
vn 0.8301 0.4855 -0.2741
vn 0.9705 0.1957 0.1409
vn 0.9583 0.1492 -0.2436
vn 0.8164 0.4161 -0.4004
vn 0.8211 0.4301 -0.3754
vn 0.8847 0.4071 -0.2270
vn 0.9276 0.1415 -0.3459
vn 0.9244 0.1253 -0.3603
vn 0.8561 0.2121 -0.4713
vn 0.6649 0.5397 -0.5163
vn 0.7659 0.2266 -0.6017
vn 0.7519 -0.1488 -0.6422
vn 0.8572 0.0630 -0.5112
vn 0.7141 -0.2355 -0.6592
vn 0.8154 0.0862 -0.5724
vn 0.7145 -0.1100 -0.6910
vn 0.6143 -0.0473 -0.7876
vn 0.7596 0.0234 -0.6500
vn 0.8335 0.2280 -0.5032
vn 0.8896 0.2677 -0.3700
vn 0.9003 0.2662 -0.3445
vn 0.7747 0.4147 -0.4773
vn 0.7299 0.3846 -0.5651
vn 0.6183 0.5557 -0.5557
vn 0.5883 0.3138 -0.7453
vn 0.8400 0.2826 -0.4632
vn 0.6740 0.2194 -0.7054
vn 0.8800 0.2986 -0.3693
vn 0.9468 0.1408 -0.2895
vn 0.9116 0.2907 -0.2908
vn 0.8419 0.3855 -0.3777
vn 0.9365 0.2518 -0.2440
vn 0.9268 0.2278 -0.2985
vn 0.9234 0.3835 -0.0157
vn 0.8693 0.3759 -0.3211
vn 0.8772 0.3994 -0.2664
vn 0.8462 0.4309 -0.3134
vn 0.8936 0.4390 -0.0941
vn 0.9203 0.3776 -0.1023
vn 0.9119 0.3931 -0.1179
vn 0.8450 0.5008 -0.1878
vn 0.5652 0.7379 -0.3689
vn 0.5083 0.8054 -0.3049
vn 0.8179 0.2123 -0.5347
vn 0.7868 0.1180 -0.6059
vn 0.5630 0.6960 -0.4457
vn 0.7905 0.3835 -0.4775
vn 0.7747 0.5086 -0.3756
vn 0.6828 0.5651 -0.4631
vn 0.6360 0.5496 -0.5417
vn 0.8471 0.2745 -0.4550
vn 0.9014 0.2900 -0.3214
vn 0.7773 0.5496 -0.3062
vn 0.8550 0.5177 -0.0314
vn 0.9728 0.0941 0.2119
vn 0.8471 0.4549 0.2746
vn 0.6910 0.7145 -0.1099
vn 0.7939 0.5423 -0.2751
vn 0.5352 0.7556 -0.3778
vn 0.8656 0.4328 -0.2518
vn 0.6811 0.3053 -0.6655
vn 0.8081 0.3923 -0.4394
vn 0.8498 0.5272 -0.0000
vn 0.8557 0.4789 -0.1963
vn 0.9027 0.4160 -0.1099
vn 0.9109 0.3848 -0.1492
vn 0.7386 0.5107 -0.4400
vn 0.5159 0.7739 -0.3674
vn 0.8949 0.4082 -0.1805
vn 0.9249 0.3762 -0.0549
vn 0.9323 0.3604 0.0314
vn 0.9403 0.3291 0.0862
vn 0.8818 0.3936 -0.2598
vn 0.8912 0.4534 -0.0156
vn 0.7970 0.5681 0.2052
vn 0.6973 0.6895 0.1959
vn 0.7061 0.6826 0.1883
vn 0.5957 0.7054 0.3841
vn 0.6143 0.7089 0.3466
vn 0.1099 0.8952 0.4319
vn 0.4859 0.6740 0.5564
vn 0.5508 0.5980 0.5823
vn 0.6079 0.5290 0.5921
vn 0.8185 0.5667 0.0945
vn 0.8645 0.4951 -0.0864
vn 0.8240 0.4866 -0.2903
vn 0.8319 0.4630 -0.3060
vn 0.7839 0.4938 -0.3763
vn 0.7598 0.5561 -0.3368
vn 0.7228 0.5264 0.4478
vn 0.6774 0.5041 0.5357
vn 0.4522 0.5302 0.7173
vn 0.5053 0.4895 0.7106
vn 0.3935 0.5666 0.7240
vn 0.4605 0.7337 0.4996
vn 0.0314 0.9732 0.2276
vn -0.0234 0.9523 0.3043
vn 0.6296 0.7712 -0.0944
vn 0.0314 0.9801 0.1960
vn 0.5724 0.8077 0.1412
vn 0.7789 0.5744 0.2518
vn 0.7695 0.4397 0.4633
vn 0.6971 0.5482 0.4621
vn 0.5820 0.6449 0.4955
vn 0.5921 0.5290 0.6079
vn 0.4496 0.5522 0.7021
vn 0.4157 0.7686 0.4863
vn 0.3072 0.8980 0.3151
vn 0.2977 0.8932 0.3369
vn 0.4876 0.8730 -0.0079
vn 0.5097 0.8154 0.2744
vn 0.3700 0.5511 0.7479
vn 0.4393 0.8942 0.0863
vn 0.3293 0.9253 -0.1882
vn 0.3846 0.9183 0.0942
vn 0.3148 0.9129 0.2597
vn 0.2680 0.8827 0.3862
vn 0.4409 0.5511 0.7085
vn 0.2203 0.8104 0.5429
vn 0.0473 0.8431 0.5358
vn 0.2732 0.7807 0.5621
vn 0.6671 0.7142 0.2119
vn 0.6833 0.6911 -0.2356
vn 0.5482 0.5795 -0.6030
vn 0.4777 0.8614 -0.1724
vn 0.2886 0.9129 0.2887
vn 0.0390 0.7803 0.6242
vn 0.1180 0.8102 0.5742
vn -0.0391 0.8362 0.5470
vn 0.0785 0.8787 0.4708
vn 0.4286 0.5065 0.7481
vn 0.1561 0.8739 0.4604
vn 0.1258 0.9355 0.3302
vn 0.0784 0.9880 0.1333
vn 0.1021 0.9268 0.3613
vn 0.3279 0.5543 0.7650
vn 0.1799 0.6259 0.7589
vn 0.0549 0.9644 0.2588
vn 0.2271 0.8695 -0.4386
vn 0.0629 0.9678 0.2439
vn 0.0472 0.6533 0.7556
vn 0.0788 0.8196 0.5674
vn -0.0236 0.9918 0.1259
vn 0.0630 0.8660 0.4960
vn -0.0468 0.5931 0.8038
vn 0.0315 0.9458 0.3232
vn 0.2667 0.8079 -0.5255
vn 0.3145 0.7311 -0.6054
vn 0.3841 0.7054 -0.5957
vn 0.2666 0.9566 -0.1176
vn 0.0078 0.8427 0.5384
vn 0.2269 0.6965 -0.6808
vn -0.4600 0.8498 0.2573
vn -0.2445 0.9540 0.1735
vn 0.4630 0.6829 -0.5651
vn -0.3437 0.7578 0.5547
vn -0.5627 0.5315 0.6331
vn -0.3049 0.5550 0.7739
vn -0.3076 0.7965 0.5205
vn -0.6715 0.7340 -0.1015
vn -0.5684 0.6236 0.5368
vn -0.1330 0.4773 0.8686
vn 0.0788 0.8196 0.5675
vn 0.1888 0.8654 0.4642
vn 0.1644 0.9864 -0.0000
vn 0.0235 0.6911 0.7224
vn 0.2184 0.8035 0.5538
vn 0.0316 0.6704 0.7413
vn -0.1022 0.7073 0.6994
vn -0.1646 0.9404 -0.2978
vn -0.2045 0.8964 0.3932
vn -0.3627 0.6860 0.6308
vn -0.2733 0.4764 0.8357
vn 0.0468 0.7331 0.6785
vn 0.4617 0.8842 -0.0704
vn 0.3532 0.9339 -0.0549
vn 0.3453 0.8788 -0.3295
vn 0.1332 0.9402 -0.3134
vn 0.2352 0.8859 -0.3998
vn 0.5019 0.7451 -0.4392
vn 0.3453 0.8163 -0.4631
vn 0.3224 0.7864 -0.5269
vn 0.2431 0.8154 -0.5253
vn 0.5656 0.7071 -0.4243
vn 0.2357 0.8957 -0.3771
vn 0.3123 0.7418 0.5934
vn 0.1024 0.9846 0.1418
vn 0.6204 0.6597 -0.4241
vn 0.2039 0.8158 -0.5412
vn 0.4150 0.7203 -0.5559
vn 0.3605 0.7914 -0.4937
vn 0.3306 0.8030 -0.4959
vn 0.3377 0.8011 -0.4942
vn 0.3854 0.7629 -0.5191
vn 0.3218 0.7926 -0.5179
vn 0.3215 0.8078 -0.4941
vn 0.3298 0.8088 -0.4869
vn 0.3445 0.7987 -0.4933
vn 0.4010 0.7549 -0.5190
vn 0.2971 0.6098 -0.7348
vn 0.2511 0.0706 -0.9654
vn 0.5345 0.1415 -0.8332
vn 0.1340 -0.2049 -0.9696
vn 0.6189 0.4936 -0.6110
vn -0.0863 -0.2119 -0.9735
vn 0.2036 0.0156 -0.9789
vn -0.2913 0.1496 -0.9448
vn -0.2359 0.0943 -0.9672
vn -0.5836 -0.3312 -0.7414
vn -0.0709 -0.4334 -0.8984
vn 0.3535 0.8169 -0.4557
vn 0.3842 0.8625 -0.3293
vn 0.4397 0.7695 -0.4633
vn 0.2819 0.8534 -0.4385
vn 0.3210 0.8223 -0.4699
vn 0.3132 0.8066 -0.5012
vn 0.3143 0.8328 -0.4557
vn -0.2512 0.7299 -0.6357
vn 0.3129 0.8213 -0.4771
vn 0.3290 0.8146 -0.4778
vn 0.3136 0.8156 -0.4862
vn 0.3149 0.8187 -0.4802
vn 0.3058 0.8232 -0.4783
vn 0.3141 0.8243 -0.4710
vn 0.3131 0.8298 -0.4619
vn 0.2979 0.8393 -0.4549
vn -0.3307 0.8976 -0.2913
vn 0.2978 0.8308 -0.4703
vn 0.2975 0.8221 -0.4854
vn 0.3137 0.8156 -0.4862
vn 0.2991 0.8105 -0.5036
vn 0.2831 0.8259 -0.4876
vn 0.2673 0.8489 -0.4559
vn -0.2277 0.9656 -0.1256
vn 0.2280 0.8335 -0.5032
vn -0.1891 0.9531 -0.2363
vn 0.1958 0.7127 -0.6736
vn 0.2745 0.8001 -0.5334
vn 0.3214 0.7604 -0.5644
vn 0.4476 0.6204 -0.6440
vn 0.5257 0.8239 -0.2118
vn -0.2109 0.7580 0.6172
vn 0.1800 0.8686 -0.4617
vn -0.4773 0.8529 0.2113
vn -0.4261 0.5603 0.7103
vn 0.9115 0.2908 0.2908
vn 0.7852 0.3925 -0.4790
vn 0.9223 -0.0788 -0.3784
vn 0.9734 -0.0236 -0.2277
vn 0.9875 -0.1568 -0.0157
vn 0.5921 -0.3947 -0.7026
vn 0.6432 0.5255 -0.5568
vn 0.7797 0.4016 0.4804
vn 0.6427 0.7603 -0.0941
vn 0.4398 0.6912 -0.5734
vn 0.8124 0.2918 0.5048
vn 0.8023 -0.1888 -0.5663
vn 0.7623 -0.5422 -0.3535
vn 0.7812 0.2209 0.5840
vn -0.0314 0.8726 0.4874
vn 0.0787 0.9908 -0.1101
vn 0.7679 0.6348 -0.0862
vn 0.1647 0.8626 -0.4783
vn 0.7440 0.6578 -0.1175
vn 0.7969 0.3945 0.4576
vn 0.1965 0.7389 -0.6446
vn -0.3833 -0.8602 -0.3363
vn 0.8389 0.1097 -0.5332
vn -0.3208 -0.9155 -0.2426
vn 0.9908 0.0786 0.1100
vn -0.4310 -0.9011 -0.0470
vn 0.9004 0.4306 -0.0627
vn 0.8246 -0.1334 -0.5498
vn 0.8739 0.1561 0.4603
vn -0.3539 -0.8963 -0.2674
vn 0.8275 0.0473 0.5595
vn -0.2737 -0.8523 -0.4458
vn 0.8262 0.4564 0.3305
vn 0.8971 0.0314 0.4407
vn -0.4878 -0.7239 0.4878
vn 0.0392 -0.9562 -0.2900
vn -0.3057 -0.9017 -0.3058
vn -0.3765 -0.9256 0.0392
vn -0.8323 -0.5339 0.1492
vn -0.4702 -0.8699 0.1489
vn -0.5583 -0.6135 0.5585
vn 0.9269 -0.3535 -0.1256
vn -0.2820 -0.9321 0.2272
vn 0.9517 0.2359 0.1967
vn 0.8327 0.2906 0.4714
vn 0.9182 0.3296 -0.2198
vn 0.9021 0.4315 -0.0000
vn 0.8395 -0.1647 -0.5178
vn 0.8005 0.4238 -0.4238
vn 0.7636 -0.0158 -0.6455
vn -0.3058 -0.9017 -0.3058
vn 0.2735 -0.9614 0.0312
vn 0.2749 -0.9189 0.2828
vn -0.0785 -0.9899 0.1179
vn 0.7885 0.4968 0.3627
vn 0.7490 0.1404 0.6476
vn 0.8059 0.5869 -0.0782
vn 0.8696 0.3682 -0.3291
vn 0.4773 0.7981 -0.3678
vn 0.6714 0.5543 -0.4918
vn 0.6736 -0.1254 -0.7284
vn -0.0156 -0.9682 -0.2499
vn 0.8246 -0.1335 -0.5497
vn 0.5892 -0.1886 -0.7857
vn 0.6176 0.4769 -0.6254
vn 0.6516 0.6124 -0.4475
vn 0.6753 0.2356 -0.6989
vn 0.5724 -0.1803 -0.7999
vn 0.6280 -0.0393 -0.7772
vn 0.6904 0.5493 -0.4708
vn 0.6603 0.3853 -0.6446
vn 0.7540 0.5891 -0.2906
vn 0.7514 0.6575 -0.0548
vn 0.6819 0.6898 0.2430
vn 0.6380 0.6617 0.3938
vn 0.7564 0.3861 0.5279
vn 0.7177 0.4603 0.5226
vn 0.7812 0.1736 0.5997
vn 0.8068 0.5875 0.0626
vn 0.6054 0.7469 0.2751
vn 0.6677 0.5185 0.5342
vn 0.7856 0.5420 0.2985
vn 0.8642 0.5028 0.0157
vn 0.6919 0.5661 0.4482
vn 0.5127 0.5363 0.6704
vn 0.7393 0.6528 0.1652
vn 0.8827 0.2680 0.3862
vn 0.6596 0.6675 0.3455
vn 0.1181 0.5508 0.8262
vn 0.3840 0.1097 0.9168
vn 0.5752 0.1024 0.8116
vn -0.1498 0.3549 0.9228
vn -0.0469 0.5469 0.8359
vn 0.0630 0.4807 0.8746
vn 0.6915 0.6994 0.1808
vn 0.7002 0.6058 0.3777
vn 0.3821 0.4133 0.8266
vn 0.6632 0.5448 0.5132
vn 0.8109 0.5511 0.1968
vn 0.8622 0.4703 -0.1881
vn 0.7286 0.3996 -0.5562
vn 0.7132 0.3135 -0.6270
vn 0.6355 0.5179 -0.5727
vn 0.5720 0.3448 -0.7443
vn 0.6047 0.4791 -0.6362
vn 0.6964 0.2269 -0.6808
vn 0.7531 0.3373 -0.5648
vn 0.7304 0.4869 -0.4790
vn 0.8335 0.5504 -0.0472
vn 0.7564 0.5595 0.3388
vn 0.6460 0.5515 0.5278
vn 0.4893 0.3709 0.7893
vn 0.3702 0.3545 0.8586
vn 0.4322 0.8329 0.3457
vn -0.0000 0.6624 0.7492
vn 0.6769 0.4880 0.5510
vn 0.4988 0.4754 0.7247
vn 0.4560 0.4717 0.7547
vn 0.6154 0.5207 0.5917
vn 0.7477 0.5667 0.3463
vn 0.8301 0.5482 0.1018
vn 0.7533 0.5336 -0.3844
vn 0.8005 0.4238 -0.4237
vn 0.6976 0.1254 -0.7054
vn 0.6112 0.2899 -0.7365
vn 0.5266 0.2594 -0.8096
vn 0.5191 0.1888 -0.8336
vn 0.5618 0.4838 0.6711
vn 0.3867 0.4499 0.8050
vn 0.4092 0.4879 0.7711
vn 0.3611 0.5494 0.7535
vn 0.3277 0.4838 0.8115
vn 0.2971 0.4457 0.8444
vn 0.3387 0.4018 0.8508
vn 0.3053 0.4384 0.8454
vn 0.2444 0.4178 0.8750
vn 0.1949 0.4757 0.8578
vn 0.2524 0.5128 0.8205
vn 0.2737 0.5708 0.7741
vn 0.1406 0.5311 0.8356
vn 0.1801 0.5402 0.8221
vn 0.3072 0.5672 0.7641
vn 0.1967 0.5743 0.7946
vn 0.4085 0.5577 0.7226
vn 0.4066 0.5630 0.7195
vn 0.5341 0.5655 0.6284
vn 0.2048 0.5356 0.8193
vn 0.5278 0.5515 0.6460
vn 0.4415 0.5282 0.7253
vn 0.3831 0.5160 0.7662
vn 0.2131 0.5050 0.8364
vn 0.2358 0.4872 0.8409
vn 0.4527 0.4449 0.7727
vn 0.4877 0.4641 0.7394
vn 0.1654 0.5829 0.7955
vn 0.3043 0.5463 0.7804
vn 0.3274 0.4132 0.8497
vn 0.4379 0.3832 0.8133
vn 0.3616 0.5581 0.7468
vn 0.3307 0.4252 0.8425
vn 0.3203 0.5469 0.7735
vn -0.0235 0.3995 0.9164
vn -0.0784 0.3918 0.9167
vn 0.4414 0.2838 0.8513
vn 0.4646 0.6142 0.6379
vn 0.2047 0.8739 0.4409
vn 0.4090 0.6213 0.6684
vn 0.0707 -0.0157 0.9974
vn 0.1101 -0.1494 0.9826
vn -0.4069 -0.1565 0.8999
vn -0.4386 0.2271 0.8695
vn -0.3599 0.2738 0.8919
vn -0.3522 0.2270 0.9080
vn 0.0078 0.3442 0.9388
vn 0.1655 0.5361 0.8278
vn 0.3897 0.5144 0.7639
vn 0.4561 0.4955 0.7392
vn 0.6624 -0.0001 0.7491
vn 0.7242 -0.2204 0.6534
vn 0.7165 -0.1968 0.6692
vn 0.0236 -0.9960 -0.0862
vn 0.6273 -0.7057 0.3293
vn 0.1571 -0.9737 -0.1649
vn -0.0469 -0.9866 -0.1566
vn 0.7100 0.0545 0.7021
vn 0.6811 0.0783 0.7280
vn 0.2918 0.5049 0.8124
vn 0.6222 0.0709 0.7797
vn 0.0156 0.6417 0.7668
vn -0.2130 0.4338 0.8755
vn -0.2761 0.3392 0.8993
vn 0.0157 0.3373 0.9413
vn 0.1803 -0.1490 0.9722
vn -0.3684 -0.2274 0.9014
vn -0.4383 -0.2583 0.8609
vn -0.3785 0.3446 0.8591
vn -0.3513 0.3904 0.8510
vn -0.4225 0.3991 0.8137
vn -0.4385 0.3446 0.8301
vn -0.4713 -0.2907 0.8327
vn 0.0551 -0.9365 -0.3463
vn -0.0547 -0.9052 -0.4214
vn 0.1577 -0.9303 -0.3310
vn 0.2756 -0.8187 -0.5038
vn 0.0710 -0.8360 -0.5442
vn -0.0859 -0.8278 -0.5545
vn 0.1562 -0.9765 -0.1484
vn 0.3551 -0.8680 -0.3472
vn 0.3387 -0.8508 -0.4018
vn 0.0789 -0.7966 -0.5994
vn 0.0469 -0.9691 -0.2423
vn 0.2277 -0.2748 0.9342
vn 0.6628 -0.1092 0.7408
vn 0.6948 0.0390 0.7182
vn 0.6030 -0.5482 0.5795
vn 0.6781 0.4131 0.6079
vn 0.5873 0.3837 0.7126
vn 0.4964 0.3467 0.7958
vn 0.3531 0.2982 0.8868
vn 0.6871 0.0234 0.7262
vn 0.7338 0.0156 0.6792
vn 0.7847 -0.0000 0.6199
vn 0.7721 0.4333 0.4648
vn -0.1183 -0.8037 -0.5831
vn 0.0078 -0.7226 -0.6912
vn 0.2041 -0.6048 -0.7698
vn 0.5745 -0.0000 0.8185
vn 0.0782 0.1563 0.9846
vn 0.2028 -0.7796 -0.5926
vn 0.1645 -0.2741 0.9475
vn -0.3049 -0.3362 0.8911
vn 0.0158 -0.6623 -0.7491
vn -0.4302 -0.4224 0.7978
vn 0.1730 -0.6683 -0.7235
vn -0.2199 0.0628 0.9735
vn -0.2264 -0.4450 0.8665
vn -0.4311 -0.0392 0.9014
vn -0.5332 -0.4783 0.6978
vn 0.3627 -0.6307 -0.6860
vn -0.5572 -0.1020 0.8241
vn -0.5417 -0.5496 0.6360
vn 0.5289 -0.6156 -0.5842
vn 0.7005 -0.5351 -0.4722
vn -0.5500 -0.5500 0.6285
vn -0.6352 -0.1725 0.7528
vn -0.2348 -0.7748 0.5870
vn -0.4380 -0.3989 0.8056
vn 0.0078 -0.9931 -0.1173
vn 0.1872 -0.9049 -0.3822
vn 0.1261 -0.9850 -0.1182
vn 0.2499 -0.9683 -0.0078
vn -0.4702 -0.2979 0.8308
vn -0.4734 0.3198 0.8207
vn -0.4609 0.3906 0.7968
vn -0.3986 0.4534 0.7972
vn -0.4228 0.2819 0.8613
vn -0.4471 -0.3295 0.8315
vn 0.1336 -0.9903 0.0393
vn -0.3129 -0.8213 0.4771
vn -0.7130 -0.2194 0.6660
vn -0.5637 -0.6108 0.5560
vn -0.7609 -0.2902 0.5804
vn -0.2672 -0.8490 0.4559
vn 0.2498 -0.9683 0.0079
vn -0.4250 -0.5431 0.7241
vn -0.4704 -0.0863 0.8782
vn 0.0234 0.5382 0.8425
vn -0.2964 0.4914 0.8190
vn -0.5182 0.2277 0.8244
vn -0.4841 0.2030 0.8511
vn -0.5091 0.2271 0.8302
vn -0.5320 0.2347 0.8136
vn -0.5232 0.2030 0.8277
vn -0.5312 0.1796 0.8280
vn -0.6107 0.1957 0.7673
vn -0.0789 0.5047 0.8597
vn -0.3152 0.4649 0.8274
vn -0.2663 -0.0313 0.9634
vn -0.6611 -0.3069 0.6847
vn -0.4069 -0.6261 0.6652
vn 0.3839 -0.9168 0.1097
vn -0.6827 -0.2983 0.6670
vn 0.6096 -0.7815 0.1329
vn -0.0392 -0.8937 0.4469
vn 0.7956 -0.5435 0.2677
vn 0.4887 -0.8277 0.2759
vn -0.7540 -0.4320 0.4949
vn -0.5321 -0.7589 0.3755
vn 0.9125 -0.3776 -0.1574
vn 0.9205 -0.3226 -0.2203
vn -0.7007 -0.2677 0.6613
vn -0.9176 0.1490 0.3686
vn -0.2105 0.5223 0.8264
vn -0.2507 0.3917 0.8853
vn -0.5228 0.1717 0.8350
vn -0.9380 0.1025 0.3311
vn -0.9252 0.2979 0.2352
vn -0.8328 0.0629 0.5500
vn -0.7199 0.0861 0.6887
vn -0.9637 -0.0157 0.2664
vn -0.9730 -0.1334 0.1883
vn -0.8462 -0.0078 0.5328
vn -0.9155 0.0939 0.3912
vn -0.8533 -0.0705 0.5167
vn -0.8491 -0.0393 0.5268
vn -0.9169 -0.2743 0.2899
vn -0.9391 -0.2270 0.2582
vn -0.9713 -0.0705 0.2272
vn -0.8680 0.0626 0.4926
vn -0.8749 0.0079 0.4843
vn -0.9780 -0.0469 0.2034
vn -0.9770 0.0313 -0.2111
vn -0.9254 -0.3451 -0.1568
vn -0.8765 -0.4773 -0.0626
vn -0.8165 -0.5731 -0.0706
vn -0.8470 -0.4941 -0.1961
vn -0.8621 -0.4310 -0.2664
vn -0.8609 -0.4070 -0.3053
vn -0.8602 -0.4145 -0.2972
vn -0.9452 -0.3203 -0.0626
vn -0.9252 -0.2352 0.2979
vn -0.7452 -0.2824 0.6040
vn -0.7767 -0.4001 0.4865
vn 0.8392 0.4000 0.3686
vn -0.9187 -0.3769 0.1178
vn -0.9468 -0.3052 -0.1017
vn -0.6674 -0.5496 -0.5025
vn -0.9720 0.1815 -0.1494
vn -0.9750 -0.1572 -0.1572
vn -0.9565 -0.1725 -0.2352
vn -0.7130 -0.6348 -0.2978
vn -0.6112 -0.7758 -0.1567
vn -0.2358 -0.9273 0.2909
vn 0.9846 -0.1732 -0.0237
vn 0.7179 -0.5444 -0.4339
vn 0.9846 -0.1733 -0.0236
vn 0.6337 -0.6806 -0.3677
vn -0.6659 -0.6033 -0.4388
vn 0.7070 -0.6913 -0.1493
vn -0.5051 -0.6630 -0.5525
vn -0.8362 -0.3594 -0.4142
vn -0.9499 -0.1962 -0.2434
vn -0.7117 -0.5083 -0.4849
vn -0.7776 -0.5655 -0.2749
vn -0.7548 -0.6368 -0.1572
vn -0.6681 -0.6367 -0.3851
vn -0.4911 -0.6002 -0.6314
vn -0.5618 -0.3511 -0.7491
vn -0.8678 -0.2032 -0.4534
vn -0.6792 -0.4527 -0.5777
vn -0.3157 -0.6709 -0.6709
vn -0.1484 -0.8749 -0.4610
vn 0.6230 -0.7570 -0.1971
vn 0.1576 -0.9850 -0.0709
vn 0.3671 -0.9060 -0.2109
vn 0.9712 -0.2115 -0.1097
vn 0.9951 -0.0313 -0.0940
vn 0.8391 0.4000 0.3686
vn 0.7955 -0.5436 0.2678
vn 0.4888 -0.8276 0.2759
vn -0.3044 -0.9289 -0.2107
vn -0.7187 -0.6250 -0.3047
vn -0.7804 -0.5463 -0.3044
vn -0.4539 -0.6261 -0.6340
vn -0.1183 -0.6942 -0.7100
vn -0.2835 -0.6458 -0.7089
vn -0.5082 -0.3440 -0.7896
vn -0.2889 -0.5074 -0.8119
vn -0.3545 -0.1024 -0.9295
vn -0.2597 -0.3147 -0.9130
vn -0.2808 -0.6787 -0.6786
vn -0.2966 -0.6635 -0.6869
vn -0.2343 -0.6716 -0.7029
vn -0.2811 -0.5466 -0.7888
vn -0.1716 -0.3899 -0.9047
vn -0.1640 -0.1406 -0.9764
vn -0.1876 -0.4610 -0.8673
vn -0.1257 -0.3535 -0.9270
vn -0.0940 0.0157 -0.9954
vn -0.1096 0.0079 -0.9939
vn -0.0786 -0.3223 -0.9434
vn -0.0547 -0.6016 -0.7969
vn -0.1251 -0.5082 -0.8521
vn -0.0078 -0.2351 -0.9719
vn -0.0394 0.0158 -0.9991
vn -0.0393 -0.3301 -0.9431
vn -0.0157 -0.4628 -0.8863
vn -0.0946 -0.4888 -0.8672
vn -0.1641 -0.6018 -0.7816
vn -0.2678 -0.6773 -0.6852
vn -0.4578 -0.7261 -0.5130
vn -0.6023 -0.7275 -0.3286
vn -0.7034 -0.6877 -0.1797
vn -0.0000 -0.4629 -0.8864
vn -0.1261 -0.6226 -0.7723
vn 0.3128 -0.7974 0.5160
vn 0.3357 -0.7728 0.5386
vn 0.4533 -0.7893 0.4142
vn -0.2806 -0.6549 -0.7016
vn -0.4753 -0.7248 -0.4987
vn 0.5633 -0.7823 0.2659
vn 0.5798 -0.8147 0.0079
vn -0.6242 -0.6477 -0.4369
vn -0.6982 -0.6355 -0.3295
vn 0.6868 -0.7258 -0.0390
vn 0.8160 -0.4315 -0.3845
vn -0.7069 -0.6913 -0.1493
vn 0.9206 -0.3226 -0.2203
vn -0.5320 -0.7588 0.3756
vn -0.7540 -0.4320 0.4948
vn -0.8235 -0.5647 -0.0548
vn 0.4228 0.1567 -0.8926
vn 0.4237 -0.2747 -0.8632
vn 0.4879 -0.3777 -0.7869
vn 0.4320 -0.3063 -0.8483
vn 0.2352 -0.2117 -0.9486
vn 0.1171 -0.4995 -0.8584
vn 0.3127 -0.7975 0.5160
vn 0.2745 -0.8001 0.5334
vn 0.2437 -0.3302 -0.9119
vn 0.3768 -0.0157 -0.9262
vn 0.3149 -0.3307 -0.8896
vn 0.4172 -0.2756 -0.8660
vn 0.5436 -0.2203 -0.8099
vn 0.2756 -0.9135 -0.2992
vn 0.1024 -0.9766 -0.1890
vn 0.7216 -0.1176 -0.6823
vn 0.6540 0.0079 -0.7565
vn 0.3663 -0.5534 -0.7481
vn 0.6141 0.0551 -0.7873
vn 0.4416 -0.1578 -0.8832
vn 0.5968 0.0470 -0.8010
vn 0.7061 0.1176 -0.6983
vn 0.7637 0.1417 -0.6299
vn 0.8389 0.1098 -0.5331
vn -0.3833 -0.8603 -0.3363
vn -0.0706 -0.9960 -0.0548
vn 0.0078 -0.9969 0.0785
vn 0.0552 -0.9303 0.3627
vn 0.1647 -0.8626 0.4783
vn 0.2189 -0.8131 0.5394
vn 0.1876 0.4455 0.8754
vn 0.1485 0.4454 0.8830
vn 0.0704 0.4617 0.8843
vn -0.1657 0.4970 0.8518
vn 0.1254 -0.1567 0.9797
vn -0.7198 0.5320 0.4459
vn -0.4293 0.8743 0.2264
vn 0.1496 0.9136 0.3780
vn -0.3515 0.8358 0.4218
vn -0.6482 0.1328 0.7498
vn -0.6611 0.1653 0.7319
vn -0.3751 -0.0938 0.9222
vn -0.4463 0.2427 0.8613
vn -0.4771 0.2425 0.8447
vn -0.7148 0.0157 0.6991
vn -0.7040 0.4615 0.5397
vn -0.1017 0.4069 0.9078
vn 0.1493 -0.1100 0.9826
vn 0.1172 -0.0313 0.9926
vn 0.4264 0.6317 0.6475
vn 0.4475 0.6124 0.6517
vn -0.3587 0.8032 0.4757
vn -0.3204 0.8361 0.4454
vn -0.6325 0.1952 0.7496
vn 0.0079 -0.6285 -0.7778
vn -0.0315 -0.6621 -0.7488
vn 0.0548 -0.7441 -0.6658
vn 0.1092 -0.7800 -0.6162
vn 0.0469 -0.7973 -0.6018
vn -0.0157 -0.8184 -0.5744
vn 0.0234 -0.7737 -0.6331
vn -0.0937 -0.7493 -0.6556
vn -0.1798 -0.7898 -0.5865
vn 0.2027 -0.7796 -0.5925
vn 0.0631 -0.4652 -0.8830
vn 0.2042 -0.6048 -0.7698
vn 0.1961 -0.5883 -0.7845
vn 0.0312 -0.7106 -0.7029
vn 0.2499 -0.8044 -0.5389
vn 0.0550 -0.8576 -0.5114
vn -0.1182 -0.8037 -0.5831
vn -0.1795 -0.9129 -0.3667
vn -0.2737 -0.8523 -0.4457
vn 0.0392 -0.9955 -0.0862
vn -0.2733 -0.9527 -0.1328
vn -0.3538 -0.8963 -0.2673
vn -0.2517 -0.9673 0.0315
vn -0.3208 -0.9156 -0.2426
vn -0.3832 -0.8603 -0.3363
vn -0.0706 -0.9960 -0.0549
vn 0.1098 -0.9406 0.3214
vn 0.3621 -0.8974 -0.2519
vn 0.1730 -0.6684 -0.7234
vn 0.4570 -0.7327 -0.5043
vn 0.3627 -0.6308 -0.6860
vn 0.1647 -0.8626 0.4784
vn 0.2189 -0.8131 0.5395
vn 0.3127 -0.7974 0.5160
vn 0.3357 -0.7728 0.5387
vn 0.4844 -0.8360 0.2578
vn 0.5633 -0.7823 0.2660
vn 0.5798 -0.8147 0.0078
vn 0.7556 -0.6533 -0.0473
vn 0.6464 -0.7173 -0.2602
vn 0.5289 -0.6157 -0.5841
vn 0.7005 -0.5352 -0.4722
vn 0.9125 -0.3776 -0.1573
vn 0.8160 -0.4316 -0.3845
vt 0.013255 0.545674
vt 0.018991 0.530130
vt 0.022052 0.560592
vt 0.045646 0.572426
vt 0.032126 0.579511
vt 0.039163 0.547988
vt 0.030198 0.526997
vt 0.019160 0.501330
vt 0.036512 0.509717
vt 0.033933 0.473687
vt 0.043646 0.537215
vt 0.055961 0.558785
vt 0.059696 0.548133
vt 0.051936 0.521382
vt 0.053237 0.481761
vt 0.061263 0.445177
vt 0.076639 0.485786
vt 0.080880 0.458528
vt 0.085580 0.432211
vt 0.104908 0.462674
vt 0.101823 0.446382
vt 0.114162 0.431609
vt 0.126743 0.449949
vt 0.110716 0.468843
vt 0.096039 0.495619
vt 0.067288 0.531865
vt 0.077651 0.559411
vt 0.082953 0.544397
vt 0.108354 0.513284
vt 0.110379 0.490799
vt 0.116139 0.473181
vt 0.119971 0.502632
vt 0.125176 0.487400
vt 0.132744 0.477495
vt 0.132189 0.463011
vt 0.132430 0.456142
vt 0.149734 0.467108
vt 0.141998 0.484701
vt 0.133587 0.485978
vt 0.133997 0.494462
vt 0.150047 0.494462
vt 0.156289 0.481231
vt 0.162387 0.465493
vt 0.176076 0.436549
vt 0.144071 0.438332
vt 0.137274 0.434983
vt 0.163375 0.424620
vt 0.166243 0.429006
vt 0.187957 0.416739
vt 0.194946 0.420788
vt 0.204321 0.424282
vt 0.186776 0.449756
vt 0.188343 0.469036
vt 0.167761 0.478580
vt 0.161206 0.500101
vt 0.190656 0.486846
vt 0.214057 0.464577
vt 0.214780 0.481158
vt 0.214298 0.447467
vt 0.230084 0.427536
vt 0.236037 0.451033
vt 0.239531 0.470000
vt 0.239483 0.486292
vt 0.216636 0.500896
vt 0.193066 0.504174
vt 0.217022 0.519791
vt 0.239314 0.505500
vt 0.252208 0.505885
vt 0.241965 0.526442
vt 0.252593 0.522466
vt 0.262161 0.513139
vt 0.262812 0.495522
vt 0.264668 0.478194
vt 0.264017 0.459854
vt 0.258956 0.433151
vt 0.282984 0.438043
vt 0.287948 0.471783
vt 0.287539 0.488557
vt 0.280019 0.498101
vt 0.273054 0.510392
vt 0.290720 0.512971
vt 0.323761 0.489208
vt 0.308674 0.510946
vt 0.320435 0.463493
vt 0.297058 0.426451
vt 0.269946 0.417245
vt 0.248496 0.418908
vt 0.225168 0.417341
vt 0.245387 0.405123
vt 0.219697 0.410232
vt 0.213093 0.404159
vt 0.239531 0.395603
vt 0.270837 0.391265
vt 0.273994 0.400303
vt 0.284406 0.414040
vt 0.309036 0.413799
vt 0.340872 0.437248
vt 0.338366 0.467518
vt 0.352247 0.473784
vt 0.353211 0.442815
vt 0.351886 0.420474
vt 0.317760 0.394784
vt 0.296576 0.398592
vt 0.292816 0.388783
vt 0.315880 0.387602
vt 0.326990 0.389723
vt 0.326701 0.374009
vt 0.310434 0.370370
vt 0.286237 0.373238
vt 0.264836 0.374564
vt 0.233169 0.380854
vt 0.206851 0.390349
vt 0.181884 0.402472
vt 0.155446 0.413919
vt 0.150409 0.404472
vt 0.175931 0.390759
vt 0.200103 0.378878
vt 0.255847 0.357645
vt 0.226879 0.367213
vt 0.192464 0.364466
vt 0.167568 0.376636
vt 0.147975 0.385819
vt 0.138769 0.390132
vt 0.116838 0.409846
vt 0.084519 0.426258
vt 0.060034 0.439031
vt 0.051189 0.423198
vt 0.086712 0.407484
vt 0.038946 0.408135
vt 0.069168 0.393771
vt 0.040537 0.385047
vt 0.029812 0.403171
vt 0.034704 0.380782
vt 0.037404 0.367189
vt 0.041549 0.370274
vt 0.058780 0.377191
vt 0.073337 0.366803
vt 0.089942 0.377745
vt 0.101896 0.385095
vt 0.123851 0.389168
vt 0.137467 0.385794
vt 0.146794 0.382252
vt 0.166966 0.373431
vt 0.156048 0.370129
vt 0.144842 0.374034
vt 0.125080 0.383408
vt 0.113970 0.381649
vt 0.123079 0.368756
vt 0.106884 0.379384
vt 0.092762 0.372877
vt 0.075168 0.362562
vt 0.060395 0.359477
vt 0.060130 0.355525
vt 0.082664 0.351885
vt 0.105703 0.364152
vt 0.114717 0.346246
vt 0.132647 0.351741
vt 0.153108 0.357790
vt 0.165833 0.354729
vt 0.191114 0.360947
vt 0.219239 0.353862
vt 0.217865 0.350415
vt 0.246906 0.344848
vt 0.246376 0.340486
vt 0.269584 0.337618
vt 0.277995 0.351042
vt 0.286599 0.362634
vt 0.304336 0.360610
vt 0.291202 0.343450
vt 0.283273 0.345065
vt 0.274862 0.327303
vt 0.277754 0.331569
vt 0.283707 0.329762
vt 0.287828 0.324773
vt 0.301348 0.349572
vt 0.329304 0.367044
vt 0.343692 0.386999
vt 0.358971 0.411798
vt 0.351645 0.385119
vt 0.366852 0.413196
vt 0.373455 0.430331
vt 0.380734 0.442767
vt 0.414088 0.441128
vt 0.409606 0.413799
vt 0.381216 0.392928
vt 0.357911 0.362972
vt 0.374588 0.380950
vt 0.333522 0.330509
vt 0.296673 0.293925
vt 0.265632 0.297419
vt 0.243869 0.326894
vt 0.211021 0.333955
vt 0.175907 0.337835
vt 0.186318 0.311060
vt 0.208611 0.309349
vt 0.235531 0.302697
vt 0.251388 0.283104
vt 0.269415 0.287635
vt 0.288262 0.285128
vt 0.301926 0.272693
vt 0.332461 0.293443
vt 0.356923 0.324291
vt 0.387747 0.352319
vt 0.377480 0.367936
vt 0.385313 0.380733
vt 0.391506 0.372250
vt 0.394543 0.387891
vt 0.396302 0.396832
vt 0.406882 0.389747
vt 0.400014 0.378878
vt 0.404207 0.365767
vt 0.409871 0.376733
vt 0.430259 0.391916
vt 0.435537 0.413991
vt 0.464602 0.395796
vt 0.451034 0.448117
vt 0.459059 0.416980
vt 0.470699 0.417534
vt 0.464506 0.453226
vt 0.445322 0.457468
vt 0.462626 0.480243
vt 0.432067 0.470097
vt 0.447949 0.483038
vt 0.426548 0.491425
vt 0.412425 0.463903
vt 0.391530 0.465132
vt 0.373528 0.484099
vt 0.402858 0.496582
vt 0.414883 0.492871
vt 0.420764 0.517284
vt 0.414088 0.519237
vt 0.392880 0.507235
vt 0.367310 0.513838
vt 0.344728 0.514055
vt 0.328075 0.522611
vt 0.303734 0.539505
vt 0.327665 0.547892
vt 0.350175 0.544566
vt 0.372130 0.541216
vt 0.388060 0.521623
vt 0.408352 0.525310
vt 0.429368 0.548952
vt 0.407244 0.533865
vt 0.389819 0.539191
vt 0.404207 0.542975
vt 0.403725 0.551989
vt 0.392012 0.554110
vt 0.381770 0.558737
vt 0.372588 0.570859
vt 0.358899 0.581367
vt 0.331473 0.581102
vt 0.305276 0.590308
vt 0.303830 0.560616
vt 0.286840 0.549916
vt 0.287635 0.531624
vt 0.276621 0.522273
vt 0.273729 0.539264
vt 0.268572 0.557700
vt 0.283875 0.570907
vt 0.283176 0.598405
vt 0.266186 0.578282
vt 0.263438 0.603828
vt 0.248400 0.562810
vt 0.251099 0.584090
vt 0.248761 0.607491
vt 0.238254 0.571751
vt 0.239194 0.585415
vt 0.228662 0.576691
vt 0.227433 0.564906
vt 0.233024 0.549603
vt 0.253630 0.546614
vt 0.261703 0.535215
vt 0.266282 0.525527
vt 0.269271 0.517911
vt 0.233362 0.537818
vt 0.218902 0.532275
vt 0.210057 0.550181
vt 0.219649 0.573269
vt 0.215431 0.564087
vt 0.224999 0.585898
vt 0.222300 0.579607
vt 0.215793 0.582234
vt 0.207237 0.573510
vt 0.197621 0.570931
vt 0.207864 0.585440
vt 0.217214 0.593320
vt 0.229385 0.594718
vt 0.234446 0.608889
vt 0.222324 0.610022
vt 0.209141 0.607829
vt 0.202152 0.599876
vt 0.193355 0.592959
vt 0.191837 0.601852
vt 0.198175 0.605852
vt 0.205936 0.612070
vt 0.220878 0.615348
vt 0.232687 0.616119
vt 0.246544 0.616095
vt 0.260667 0.614239
vt 0.280550 0.609419
vt 0.303421 0.601924
vt 0.330726 0.593489
vt 0.367671 0.591802
vt 0.364828 0.614721
vt 0.326508 0.616770
vt 0.298745 0.619180
vt 0.274139 0.626048
vt 0.255365 0.629446
vt 0.240206 0.629133
vt 0.219600 0.623686
vt 0.229433 0.626579
vt 0.209141 0.675743
vt 0.245171 0.667500
vt 0.285586 0.656366
vt 0.324653 0.630820
vt 0.341957 0.630362
vt 0.200031 0.643738
vt 0.182149 0.669211
vt 0.169255 0.681864
vt 0.179305 0.712182
vt 0.141010 0.669718
vt 0.158217 0.690010
vt 0.150795 0.657547
vt 0.180968 0.642822
vt 0.194777 0.632411
vt 0.204610 0.619445
vt 0.192705 0.615300
vt 0.185306 0.611660
vt 0.182968 0.629085
vt 0.166797 0.624361
vt 0.161808 0.636459
vt 0.141396 0.631856
vt 0.119489 0.644461
vt 0.116307 0.653354
vt 0.133105 0.675863
vt 0.112451 0.662222
vt 0.127779 0.681912
vt 0.109680 0.669236
vt 0.163905 0.713339
vt 0.148987 0.696324
vt 0.152747 0.715243
vt 0.152361 0.731221
vt 0.154169 0.744018
vt 0.144914 0.720472
vt 0.138383 0.725895
vt 0.144529 0.748621
vt 0.136985 0.753586
vt 0.131659 0.730787
vt 0.123995 0.735318
vt 0.119175 0.720448
vt 0.112186 0.726136
vt 0.095822 0.714062
vt 0.102715 0.708181
vt 0.110090 0.701120
vt 0.126405 0.714182
vt 0.133708 0.707868
vt 0.116163 0.693601
vt 0.094328 0.690179
vt 0.087869 0.696541
vt 0.081314 0.701964
vt 0.067818 0.691456
vt 0.074928 0.685575
vt 0.080543 0.679864
vt 0.099582 0.681888
vt 0.083483 0.670609
vt 0.062853 0.669501
vt 0.059552 0.673983
vt 0.053743 0.678129
vt 0.046682 0.666175
vt 0.035283 0.667115
vt 0.047935 0.660391
vt 0.064974 0.661042
vt 0.068372 0.650871
vt 0.090255 0.664319
vt 0.106306 0.676056
vt 0.122332 0.687262
vt 0.140962 0.701626
vt 0.092063 0.656463
vt 0.092087 0.648823
vt 0.060660 0.640075
vt 0.092448 0.636749
vt 0.092521 0.627109
vt 0.060395 0.622891
vt 0.049357 0.646292
vt 0.050538 0.653233
vt 0.036632 0.653185
vt 0.034415 0.633857
vt 0.018581 0.650437
vt 0.014436 0.662970
vt 0.001567 0.649931
vt 0.008676 0.633857
vt 0.023546 0.600092
vt 0.036705 0.612070
vt 0.048731 0.609949
vt 0.073867 0.609636
vt 0.045477 0.584018
vt 0.075120 0.587729
vt 0.081796 0.573197
vt 0.096401 0.596140
vt 0.119489 0.620553
vt 0.134358 0.616288
vt 0.115464 0.600237
vt 0.102859 0.582379
vt 0.087749 0.566160
vt 0.096859 0.554302
vt 0.118356 0.529142
vt 0.136262 0.512850
vt 0.126574 0.538975
vt 0.140383 0.525141
vt 0.165664 0.515549
vt 0.145758 0.534323
vt 0.143444 0.547530
vt 0.172485 0.529817
vt 0.154892 0.544228
vt 0.153759 0.552856
vt 0.174003 0.539770
vt 0.165279 0.550085
vt 0.197139 0.552929
vt 0.182342 0.557869
vt 0.197308 0.534637
vt 0.195693 0.521020
vt 0.136576 0.502776
vt 0.169328 0.562376
vt 0.182173 0.574522
vt 0.160555 0.561942
vt 0.163616 0.573004
vt 0.176943 0.584885
vt 0.173015 0.597923
vt 0.170942 0.607202
vt 0.155542 0.604792
vt 0.157422 0.594381
vt 0.164339 0.583343
vt 0.153181 0.575848
vt 0.152795 0.568618
vt 0.153205 0.560857
vt 0.145734 0.560086
vt 0.136696 0.558713
vt 0.144119 0.570931
vt 0.154000 0.587030
vt 0.149710 0.594598
vt 0.149590 0.620553
vt 0.146625 0.604985
vt 0.133081 0.602527
vt 0.138672 0.595875
vt 0.137829 0.588862
vt 0.136600 0.578788
vt 0.123369 0.572281
vt 0.108957 0.562135
vt 0.106981 0.575920
vt 0.123778 0.583801
vt 0.120742 0.588524
vt 0.856494 0.339570
vt 0.859771 0.344439
vt 0.837190 0.363526
vt 0.833117 0.359935
vt 0.842733 0.324701
vt 0.815283 0.378540
vt 0.817452 0.382999
vt 0.817958 0.346873
vt 0.825188 0.310337
vt 0.803980 0.334461
vt 0.802413 0.364683
vt 0.786170 0.387096
vt 0.801112 0.403966
vt 0.805619 0.407725
vt 0.788098 0.417125
vt 0.793448 0.421197
vt 0.791496 0.436814
vt 0.786194 0.425656
vt 0.776963 0.424330
vt 0.770384 0.400013
vt 0.758937 0.407509
vt 0.762238 0.391385
vt 0.761250 0.367599
vt 0.789206 0.349331
vt 0.789254 0.339474
vt 0.799907 0.324845
vt 0.814849 0.304360
vt 0.781277 0.305059
vt 0.801859 0.280742
vt 0.765901 0.291756
vt 0.791303 0.267077
vt 0.765540 0.255003
vt 0.745971 0.274910
vt 0.745368 0.244086
vt 0.728595 0.258257
vt 0.731414 0.227264
vt 0.731655 0.290237
vt 0.716062 0.273126
vt 0.746814 0.306746
vt 0.760913 0.320893
vt 0.773204 0.337209
vt 0.749369 0.354151
vt 0.747923 0.374564
vt 0.745706 0.393844
vt 0.737728 0.363936
vt 0.738909 0.380035
vt 0.729558 0.371021
vt 0.719388 0.385650
vt 0.719533 0.360248
vt 0.727582 0.351500
vt 0.735535 0.341498
vt 0.747634 0.330702
vt 0.734933 0.316169
vt 0.720569 0.300360
vt 0.704350 0.282790
vt 0.689914 0.266234
vt 0.698903 0.253485
vt 0.707579 0.234952
vt 0.708833 0.214467
vt 0.728811 0.213503
vt 0.687094 0.230879
vt 0.685142 0.250231
vt 0.669115 0.225987
vt 0.686564 0.212900
vt 0.690444 0.197573
vt 0.713436 0.199717
vt 0.733463 0.199621
vt 0.719605 0.186462
vt 0.736451 0.187788
vt 0.706302 0.186727
vt 0.719750 0.179497
vt 0.738138 0.181739
vt 0.722377 0.162941
vt 0.741416 0.165327
vt 0.742235 0.157205
vt 0.723124 0.154723
vt 0.743898 0.130767
vt 0.703868 0.162242
vt 0.702494 0.179377
vt 0.687745 0.190053
vt 0.667163 0.194825
vt 0.662488 0.210008
vt 0.656246 0.234349
vt 0.680057 0.254111
vt 0.671887 0.276549
vt 0.690203 0.294479
vt 0.707218 0.311807
vt 0.721919 0.327207
vt 0.698445 0.321857
vt 0.713845 0.336871
vt 0.691119 0.329689
vt 0.705964 0.345860
vt 0.703651 0.369262
vt 0.692155 0.358344
vt 0.679021 0.343354
vt 0.667501 0.330244
vt 0.672851 0.312289
vt 0.680997 0.304384
vt 0.663307 0.287345
vt 0.656174 0.297130
vt 0.654101 0.315061
vt 0.657764 0.339305
vt 0.662054 0.354898
vt 0.670682 0.372877
vt 0.685383 0.383167
vt 0.703386 0.394591
vt 0.690179 0.402255
vt 0.676442 0.396495
vt 0.662922 0.392277
vt 0.672393 0.402785
vt 0.687263 0.411172
vt 0.700084 0.405725
vt 0.714785 0.401893
vt 0.733993 0.401435
vt 0.749031 0.411967
vt 0.763250 0.417149
vt 0.747754 0.420860
vt 0.734764 0.419053
vt 0.734475 0.409894
vt 0.721364 0.410376
vt 0.722280 0.420209
vt 0.710327 0.412353
vt 0.700638 0.415100
vt 0.711242 0.423752
vt 0.724160 0.430596
vt 0.745537 0.431512
vt 0.759660 0.425415
vt 0.769300 0.432211
vt 0.762166 0.441827
vt 0.728860 0.447033
vt 0.746043 0.455395
vt 0.701000 0.456287
vt 0.704229 0.436164
vt 0.700904 0.427994
vt 0.679985 0.421149
vt 0.667115 0.413196
vt 0.672730 0.426861
vt 0.682828 0.431488
vt 0.695770 0.433778
vt 0.681816 0.435465
vt 0.695818 0.437851
vt 0.694180 0.443490
vt 0.687793 0.449636
vt 0.664271 0.459276
vt 0.654366 0.436863
vt 0.652631 0.419824
vt 0.657258 0.407340
vt 0.659066 0.396929
vt 0.652438 0.406593
vt 0.646341 0.421149
vt 0.620265 0.449491
vt 0.617324 0.431006
vt 0.640846 0.415437
vt 0.648944 0.402809
vt 0.649498 0.398013
vt 0.655499 0.388253
vt 0.658680 0.385819
vt 0.656921 0.373311
vt 0.649426 0.381697
vt 0.650414 0.387313
vt 0.647931 0.392325
vt 0.647208 0.388397
vt 0.638484 0.385457
vt 0.646678 0.375648
vt 0.643593 0.360899
vt 0.634508 0.379432
vt 0.640171 0.396447
vt 0.602696 0.396904
vt 0.602792 0.392301
vt 0.605973 0.375865
vt 0.627639 0.364321
vt 0.638340 0.346174
vt 0.631736 0.326122
vt 0.637400 0.298094
vt 0.641352 0.284478
vt 0.646726 0.271295
vt 0.652197 0.255967
vt 0.620747 0.254666
vt 0.653788 0.239724
vt 0.619276 0.235386
vt 0.638966 0.215262
vt 0.639063 0.210321
vt 0.617927 0.214250
vt 0.595393 0.217310
vt 0.584331 0.246713
vt 0.590091 0.263583
vt 0.596550 0.276139
vt 0.620747 0.270957
vt 0.622361 0.285417
vt 0.609492 0.287635
vt 0.617686 0.302962
vt 0.603925 0.294310
vt 0.606961 0.312723
vt 0.619397 0.337956
vt 0.622891 0.348849
vt 0.612504 0.359043
vt 0.606455 0.346487
vt 0.591947 0.331858
vt 0.591128 0.357453
vt 0.602623 0.361815
vt 0.597345 0.377504
vt 0.593489 0.394398
vt 0.581078 0.385963
vt 0.576764 0.372804
vt 0.568256 0.356705
vt 0.581680 0.342703
vt 0.566112 0.336847
vt 0.574715 0.333425
vt 0.579632 0.326990
vt 0.581945 0.315808
vt 0.590140 0.305469
vt 0.569847 0.309638
vt 0.556640 0.326098
vt 0.556640 0.350681
vt 0.546494 0.343041
vt 0.552929 0.360296
vt 0.553363 0.380035
vt 0.555532 0.396374
vt 0.582235 0.399218
vt 0.591007 0.400905
vt 0.582066 0.411485
vt 0.561436 0.410762
vt 0.543361 0.393386
vt 0.545651 0.413991
vt 0.539216 0.379094
vt 0.541626 0.355260
vt 0.534926 0.352488
vt 0.531094 0.360224
vt 0.533890 0.339426
vt 0.545289 0.322218
vt 0.561267 0.299757
vt 0.581222 0.294624
vt 0.597321 0.300239
vt 0.576475 0.281007
vt 0.572667 0.256329
vt 0.554086 0.287153
vt 0.542108 0.305131
vt 0.537698 0.305107
vt 0.531287 0.328123
vt 0.514272 0.354729
vt 0.514152 0.371334
vt 0.528491 0.371455
vt 0.522828 0.393868
vt 0.514320 0.382661
vt 0.501644 0.406882
vt 0.506416 0.377697
vt 0.504319 0.358296
vt 0.505910 0.330195
vt 0.514200 0.330147
vt 0.517116 0.305637
vt 0.523961 0.273705
vt 0.551796 0.270572
vt 0.567052 0.250087
vt 0.529889 0.251581
vt 0.515164 0.272138
vt 0.509380 0.303155
vt 0.482388 0.356151
vt 0.484701 0.326653
vt 0.477688 0.374082
vt 0.490919 0.404038
vt 0.507428 0.419631
vt 0.532179 0.412714
vt 0.535962 0.405653
vt 0.537794 0.420619
vt 0.554327 0.430620
vt 0.568980 0.423680
vt 0.583464 0.432741
vt 0.574378 0.433464
vt 0.565630 0.443056
vt 0.577342 0.449105
vt 0.569630 0.461155
vt 0.558062 0.453853
vt 0.542180 0.438815
vt 0.520321 0.434934
vt 0.505138 0.432139
vt 0.486437 0.422692
vt 0.474845 0.398519
vt 0.480773 0.457613
vt 0.502126 0.468361
vt 0.479857 0.485400
vt 0.524250 0.452889
vt 0.543289 0.458046
vt 0.559894 0.465710
vt 0.555243 0.460890
vt 0.568112 0.474965
vt 0.579439 0.471422
vt 0.590525 0.452407
vt 0.595080 0.437682
vt 0.600406 0.452793
vt 0.596333 0.462866
vt 0.588115 0.472723
vt 0.581849 0.479664
vt 0.557291 0.480146
vt 0.564328 0.489111
vt 0.547699 0.488605
vt 0.550182 0.472338
vt 0.546422 0.467928
vt 0.529986 0.465084
vt 0.519647 0.480146
vt 0.534974 0.478459
vt 0.540421 0.481689
vt 0.532685 0.494341
vt 0.526443 0.491088
vt 0.509742 0.497812
vt 0.522611 0.507331
vt 0.528443 0.509283
vt 0.540782 0.499812
vt 0.550977 0.505234
vt 0.537192 0.512489
vt 0.527817 0.524731
vt 0.522683 0.525165
vt 0.512971 0.519044
vt 0.497210 0.514561
vt 0.498559 0.494582
vt 0.477640 0.514706
vt 0.516996 0.541818
vt 0.527310 0.541361
vt 0.524418 0.564762
vt 0.538180 0.557821
vt 0.547241 0.577679
vt 0.543120 0.599249
vt 0.569100 0.597682
vt 0.563533 0.617613
vt 0.581198 0.622433
vt 0.594236 0.599851
vt 0.580042 0.577414
vt 0.555074 0.568762
vt 0.545506 0.561002
vt 0.538927 0.550880
vt 0.531624 0.539047
vt 0.536902 0.524972
vt 0.539457 0.535842
vt 0.549362 0.526346
vt 0.559340 0.509476
vt 0.591200 0.498342
vt 0.595104 0.523430
vt 0.559123 0.534323
vt 0.553001 0.546952
vt 0.543506 0.544710
vt 0.564208 0.553700
vt 0.590115 0.558496
vt 0.613227 0.544277
vt 0.609516 0.516706
vt 0.607998 0.506367
vt 0.625398 0.509066
vt 0.618144 0.491208
vt 0.625976 0.499981
vt 0.633279 0.525093
vt 0.641569 0.514465
vt 0.660247 0.504078
vt 0.636942 0.482243
vt 0.630507 0.472507
vt 0.607154 0.480243
vt 0.590887 0.475736
vt 0.597249 0.481375
vt 0.600984 0.467325
vt 0.679936 0.467397
vt 0.702880 0.474121
vt 0.692854 0.496534
vt 0.677695 0.514923
vt 0.660560 0.523551
vt 0.647594 0.530419
vt 0.660150 0.535601
vt 0.674104 0.532275
vt 0.688612 0.520972
vt 0.693119 0.511404
vt 0.711242 0.505355
vt 0.719629 0.486412
vt 0.729004 0.470699
vt 0.716352 0.460890
vt 0.741898 0.485256
vt 0.725823 0.497257
vt 0.773903 0.461204
vt 0.775421 0.441104
vt 0.779783 0.449780
vt 0.793327 0.453347
vt 0.787519 0.447491
vt 0.782820 0.436043
vt 0.703145 0.520080
vt 0.718207 0.516345
vt 0.731101 0.511886
vt 0.735367 0.529551
vt 0.715099 0.534203
vt 0.726859 0.545964
vt 0.703097 0.538926
vt 0.710495 0.548181
vt 0.718665 0.560255
vt 0.704012 0.559580
vt 0.709700 0.571317
vt 0.701096 0.549193
vt 0.695361 0.541505
vt 0.692348 0.531263
vt 0.685600 0.532516
vt 0.689552 0.540541
vt 0.692059 0.548422
vt 0.696373 0.555507
vt 0.695457 0.567461
vt 0.696300 0.579921
vt 0.683335 0.571389
vt 0.678828 0.585367
vt 0.687480 0.557821
vt 0.682708 0.547410
vt 0.681744 0.537745
vt 0.671525 0.543602
vt 0.673068 0.559387
vt 0.670610 0.573100
vt 0.663838 0.583584
vt 0.658777 0.566545
vt 0.639159 0.572787
vt 0.648896 0.550928
vt 0.662175 0.548856
vt 0.652077 0.540758
vt 0.638267 0.538348
vt 0.626699 0.538276
vt 0.621903 0.556327
vt 0.634435 0.550687
vt 0.629591 0.578017
vt 0.618867 0.581632
vt 0.641376 0.404472
vt 0.617830 0.423342
vt 0.609564 0.413775
vt 0.605973 0.406713
vt 0.599225 0.413871
vt 0.602720 0.417414
vt 0.602455 0.422764
vt 0.591007 0.419269
vt 0.599129 0.426765
vt 0.611396 0.434139
vt 0.588501 0.409316
vt 0.596839 0.407725
vt 0.595008 0.403797
vt 0.591730 0.404135
vt 0.463325 0.504897
vt 0.452793 0.500752
vt 0.438212 0.498101
vt 0.448768 0.510440
vt 0.434790 0.519381
vt 0.427150 0.517935
vt 0.443611 0.524852
vt 0.504319 0.000000
vt 0.500608 0.010917
vt 0.488485 0.000265
vt 0.487449 0.008387
vt 0.471977 0.008580
vt 0.503018 0.037186
vt 0.516538 0.041621
vt 0.475254 0.018943
vt 0.452480 0.022317
vt 0.456625 0.032463
vt 0.430428 0.032294
vt 0.490052 0.046393
vt 0.509669 0.047935
vt 0.523768 0.050972
vt 0.529214 0.044778
vt 0.536131 0.062998
vt 0.513140 0.058033
vt 0.527527 0.062588
vt 0.544205 0.082398
vt 0.530347 0.090520
vt 0.546856 0.088255
vt 0.517743 0.097027
vt 0.538396 0.099075
vt 0.522876 0.109366
vt 0.551314 0.113126
vt 0.541505 0.124670
vt 0.564184 0.106137
vt 0.562521 0.125128
vt 0.578716 0.118018
vt 0.584187 0.110137
vt 0.569582 0.097509
vt 0.553025 0.078446
vt 0.499981 0.062106
vt 0.483713 0.075746
vt 0.497450 0.105679
vt 0.521792 0.142817
vt 0.497764 0.116355
vt 0.540011 0.148384
vt 0.556206 0.133539
vt 0.564473 0.132213
vt 0.584717 0.140046
vt 0.594188 0.129731
vt 0.599659 0.122525
vt 0.598020 0.100497
vt 0.608817 0.140214
vt 0.600647 0.153686
vt 0.581584 0.145806
vt 0.572281 0.151565
vt 0.561846 0.134936
vt 0.565075 0.148505
vt 0.561870 0.156867
vt 0.565895 0.163591
vt 0.557195 0.161326
vt 0.537987 0.155566
vt 0.522177 0.149421
vt 0.502945 0.150384
vt 0.499571 0.145733
vt 0.491112 0.153735
vt 0.476773 0.134985
vt 0.485015 0.165785
vt 0.495619 0.160724
vt 0.506801 0.166267
vt 0.520972 0.167640
vt 0.533817 0.174099
vt 0.515068 0.191644
vt 0.499885 0.181522
vt 0.491401 0.175690
vt 0.472459 0.155132
vt 0.476411 0.169978
vt 0.462554 0.171858
vt 0.461710 0.156096
vt 0.453154 0.139395
vt 0.452962 0.168484
vt 0.464578 0.195620
vt 0.450287 0.180703
vt 0.478532 0.192873
vt 0.489015 0.215503
vt 0.497547 0.214708
vt 0.508392 0.214708
vt 0.527407 0.195837
vt 0.546301 0.184390
vt 0.556255 0.186318
vt 0.589850 0.177714
vt 0.597779 0.160001
vt 0.614842 0.165037
vt 0.611323 0.171183
vt 0.603298 0.185619
vt 0.590597 0.212924
vt 0.547844 0.208538
vt 0.539336 0.204007
vt 0.520828 0.218419
vt 0.502560 0.238085
vt 0.489811 0.239724
vt 0.484485 0.229963
vt 0.480339 0.220058
vt 0.465590 0.223793
vt 0.465108 0.233602
vt 0.463036 0.245917
vt 0.486148 0.264065
vt 0.496342 0.264908
vt 0.522756 0.246062
vt 0.530444 0.226276
vt 0.536252 0.231867
vt 0.578764 0.231746
vt 0.615589 0.209864
vt 0.625976 0.181353
vt 0.629447 0.175931
vt 0.645112 0.193018
vt 0.489015 0.299251
vt 0.479906 0.297660
vt 0.460144 0.267800
vt 0.442141 0.269608
vt 0.450769 0.297805
vt 0.453805 0.328364
vt 0.475351 0.325351
vt 0.472073 0.353910
vt 0.454480 0.344005
vt 0.432573 0.337426
vt 0.427030 0.305782
vt 0.420499 0.278452
vt 0.408979 0.320001
vt 0.405436 0.293539
vt 0.419535 0.255099
vt 0.401098 0.257702
vt 0.411341 0.231939
vt 0.429536 0.229120
vt 0.438478 0.247677
vt 0.451275 0.223432
vt 0.459324 0.215696
vt 0.445033 0.195428
vt 0.428211 0.198826
vt 0.409413 0.199838
vt 0.395555 0.232783
vt 0.393579 0.198826
vt 0.412980 0.173256
vt 0.429922 0.173135
vt 0.442550 0.168484
vt 0.433971 0.158868
vt 0.446431 0.161326
vt 0.435272 0.154241
vt 0.416522 0.156458
vt 0.394182 0.174653
vt 0.398182 0.157398
vt 0.372347 0.191933
vt 0.375456 0.230108
vt 0.386349 0.241170
vt 0.391121 0.250834
vt 0.388036 0.261149
vt 0.383385 0.251822
vt 0.375986 0.245604
vt 0.374540 0.237097
vt 0.363888 0.242278
vt 0.356417 0.236036
vt 0.352488 0.206297
vt 0.349837 0.187306
vt 0.368756 0.178196
vt 0.382469 0.157735
vt 0.398254 0.152602
vt 0.416474 0.151855
vt 0.435152 0.129369
vt 0.454311 0.125417
vt 0.474989 0.121561
vt 0.473615 0.112427
vt 0.460891 0.087339
vt 0.451949 0.115946
vt 0.432525 0.119657
vt 0.416908 0.133394
vt 0.399459 0.134960
vt 0.381409 0.153012
vt 0.382589 0.136286
vt 0.367527 0.158434
vt 0.355284 0.165568
vt 0.353525 0.160579
vt 0.367069 0.153542
vt 0.364803 0.137202
vt 0.347259 0.144528
vt 0.331642 0.153084
vt 0.339547 0.168050
vt 0.343113 0.172942
vt 0.327159 0.181450
vt 0.324219 0.176389
vt 0.316314 0.160892
vt 0.328388 0.143733
vt 0.345620 0.135708
vt 0.364563 0.130647
vt 0.380565 0.127032
vt 0.397676 0.125995
vt 0.415269 0.124115
vt 0.413245 0.106064
vt 0.394639 0.108619
vt 0.375167 0.113415
vt 0.359935 0.119199
vt 0.341426 0.124453
vt 0.355236 0.098883
vt 0.380926 0.094713
vt 0.405677 0.092351
vt 0.434139 0.094545
vt 0.449564 0.067263
vt 0.424138 0.074132
vt 0.396326 0.074807
vt 0.371527 0.075168
vt 0.386759 0.047694
vt 0.411052 0.047309
vt 0.433585 0.042512
vt 0.472676 0.056997
vt 0.408135 0.036704
vt 0.387578 0.036656
vt 0.363237 0.034584
vt 0.362104 0.045332
vt 0.346102 0.069938
vt 0.335594 0.031884
vt 0.337763 0.040633
vt 0.319158 0.058515
vt 0.310988 0.051140
vt 0.299179 0.076807
vt 0.291804 0.068034
vt 0.326653 0.090616
vt 0.328677 0.112451
vt 0.304746 0.106980
vt 0.281031 0.089797
vt 0.276043 0.079338
vt 0.284671 0.120717
vt 0.266837 0.097292
vt 0.262764 0.087459
vt 0.246014 0.093725
vt 0.246352 0.104257
vt 0.267993 0.127706
vt 0.283875 0.142721
vt 0.304577 0.127610
vt 0.324267 0.133418
vt 0.313808 0.151325
vt 0.309349 0.140793
vt 0.295612 0.158265
vt 0.299613 0.168219
vt 0.308698 0.184534
vt 0.312771 0.190029
vt 0.298456 0.200730
vt 0.293925 0.195211
vt 0.282068 0.176003
vt 0.277874 0.166026
vt 0.266547 0.149276
vt 0.244231 0.132599
vt 0.221721 0.100642
vt 0.219383 0.129490
vt 0.239507 0.155181
vt 0.259366 0.172918
vt 0.263029 0.182365
vt 0.272596 0.194464
vt 0.282887 0.216515
vt 0.292166 0.217142
vt 0.311759 0.210852
vt 0.333184 0.197814
vt 0.336341 0.219094
vt 0.315109 0.234614
vt 0.338245 0.243700
vt 0.320845 0.254618
vt 0.301179 0.246399
vt 0.291732 0.244279
vt 0.274187 0.224251
vt 0.272404 0.210249
vt 0.251172 0.196946
vt 0.243339 0.187282
vt 0.239869 0.177401
vt 0.223288 0.190945
vt 0.222059 0.179449
vt 0.215238 0.154289
vt 0.204393 0.179690
vt 0.195741 0.152072
vt 0.201501 0.126212
vt 0.202610 0.088953
vt 0.223697 0.090183
vt 0.206996 0.079530
vt 0.257341 0.212852
vt 0.258618 0.227216
vt 0.278863 0.248617
vt 0.293202 0.268379
vt 0.332196 0.271584
vt 0.282670 0.271753
vt 0.263390 0.251436
vt 0.267584 0.275512
vt 0.256715 0.271054
vt 0.241363 0.255702
vt 0.249292 0.248617
vt 0.243797 0.218515
vt 0.230638 0.215069
vt 0.236181 0.223745
vt 0.217937 0.255847
vt 0.226541 0.284309
vt 0.195548 0.289683
vt 0.199935 0.264812
vt 0.193934 0.242519
vt 0.212226 0.228445
vt 0.210611 0.221721
vt 0.194223 0.234494
vt 0.176317 0.251750
vt 0.174485 0.257558
vt 0.178727 0.270548
vt 0.178365 0.292455
vt 0.159880 0.270789
vt 0.149879 0.263438
vt 0.168147 0.244182
vt 0.174003 0.241507
vt 0.180365 0.224227
vt 0.192391 0.208514
vt 0.200947 0.190246
vt 0.189620 0.180341
vt 0.197717 0.172725
vt 0.181739 0.197307
vt 0.173521 0.214876
vt 0.175545 0.226204
vt 0.171641 0.223167
vt 0.157470 0.238495
vt 0.152578 0.235386
vt 0.158073 0.204754
vt 0.171930 0.186366
vt 0.183908 0.167110
vt 0.190945 0.157084
vt 0.165640 0.179184
vt 0.177522 0.156217
vt 0.151469 0.198127
vt 0.141516 0.224613
vt 0.135033 0.218564
vt 0.126020 0.238157
vt 0.135226 0.252111
vt 0.138817 0.255509
vt 0.132936 0.277922
vt 0.147083 0.285707
vt 0.171183 0.311879
vt 0.140335 0.304408
vt 0.118308 0.299106
vt 0.108041 0.286237
vt 0.123224 0.270234
vt 0.119971 0.266378
vt 0.109704 0.248617
vt 0.104233 0.241941
vt 0.119730 0.231048
vt 0.111295 0.223866
vt 0.123152 0.204031
vt 0.145131 0.190873
vt 0.156410 0.174557
vt 0.161881 0.157591
vt 0.153831 0.154000
vt 0.136142 0.172292
vt 0.131756 0.183739
vt 0.102402 0.219383
vt 0.111343 0.194729
vt 0.089604 0.236904
vt 0.100642 0.254979
vt 0.102016 0.264185
vt 0.106812 0.280621
vt 0.090496 0.297251
vt 0.085965 0.284959
vt 0.070855 0.279248
vt 0.070445 0.265077
vt 0.073216 0.257052
vt 0.049550 0.250882
vt 0.052056 0.242688
vt 0.048899 0.267848
vt 0.067890 0.284333
vt 0.068710 0.296094
vt 0.046007 0.284164
vt 0.046634 0.273054
vt 0.029933 0.272644
vt 0.030752 0.267439
vt 0.030487 0.251364
vt 0.029161 0.243555
vt 0.011713 0.253702
vt 0.012195 0.268644
vt 0.012364 0.274163
vt 0.028535 0.284068
vt 0.011568 0.285321
vt 0.025546 0.299227
vt 0.047212 0.302336
vt 0.065962 0.310963
vt 0.100811 0.315784
vt 0.126092 0.325761
vt 0.143926 0.332509
vt 0.161784 0.339329
vt 0.010171 0.246640
vt 0.001784 0.222637
vt 0.027740 0.216371
vt 0.000000 0.213503
vt 0.025257 0.206923
vt 0.047453 0.202079
vt 0.052153 0.211478
vt 0.068854 0.203742
vt 0.062299 0.196078
vt 0.073265 0.187402
vt 0.082157 0.192728
vt 0.087604 0.180871
vt 0.076663 0.178413
vt 0.075964 0.160699
vt 0.083435 0.153855
vt 0.071096 0.149445
vt 0.079145 0.141925
vt 0.115608 0.155807
vt 0.115030 0.167520
vt 0.648654 0.187161
vt 0.652535 0.174436
vt 0.684588 0.176702
vt 0.681768 0.167713
vt 0.701000 0.153831
vt 0.719798 0.128092
vt 0.745055 0.121440
vt 0.719774 0.118500
vt 0.691842 0.124501
vt 0.664030 0.147926
vt 0.656559 0.165664
vt 0.639207 0.155662
vt 0.623663 0.148746
vt 0.630724 0.141395
vt 0.615059 0.133105
vt 0.609926 0.116211
vt 0.627760 0.132792
vt 0.646534 0.150939
vt 0.647112 0.143853
vt 0.668200 0.120741
vt 0.651498 0.115656
vt 0.633616 0.106546
vt 0.618891 0.089002
vt 0.614360 0.066203
vt 0.624097 0.072469
vt 0.627230 0.086784
vt 0.638629 0.100955
vt 0.654655 0.109438
vt 0.671381 0.112692
vt 0.693432 0.115415
vt 0.464361 0.372804
vt 0.439707 0.359405
vt 0.416715 0.347523
vt 0.386807 0.334051
vt 0.389964 0.360465
vt 0.372588 0.323544
vt 0.385072 0.328653
vt 0.395844 0.322315
vt 0.384325 0.320025
vt 0.366876 0.313880
vt 0.376227 0.313301
vt 0.369985 0.302528
vt 0.357670 0.297275
vt 0.355212 0.265246
vt 0.361068 0.253268
vt 0.366780 0.262788
vt 0.379360 0.275681
vt 0.380758 0.288671
vt 0.381216 0.296335
vt 0.382300 0.305469
vt 0.390277 0.312337
vt 0.394133 0.300504
vt 0.399435 0.310963
vt 0.378565 0.266643
vt 0.378034 0.260136
vt 0.370202 0.253364
vt 0.007977 0.299781
vt 0.008604 0.315061
vt 0.026342 0.316723
vt 0.013882 0.335618
vt 0.047863 0.319447
vt 0.025787 0.329593
vt 0.024558 0.350994
vt 0.034030 0.345933
vt 0.061552 0.341137
vt 0.043139 0.334268
vt 0.063769 0.326942
vt 0.092014 0.336582
vt 0.916913 0.170074
vt 0.938241 0.174798
vt 0.918311 0.182221
vt 0.897440 0.171207
vt 0.940772 0.193958
vt 0.895560 0.190849
vt 0.879606 0.176871
vt 0.952701 0.202007
vt 0.881678 0.199115
vt 0.865531 0.185354
vt 0.865459 0.211454
vt 0.851601 0.198898
vt 0.900019 0.246833
vt 0.851866 0.227336
vt 0.840997 0.217045
vt 0.836009 0.235289
vt 0.842781 0.246327
vt 0.835262 0.246761
vt 0.836274 0.258257
vt 0.839214 0.270403
vt 0.902501 0.280356
vt 0.932144 0.245387
vt 0.955208 0.183763
vt 0.963161 0.210249
vt 0.966728 0.193668
vt 0.846082 0.285225
vt 0.856253 0.298528
vt 0.867363 0.308216
vt 0.883510 0.316940
vt 0.903995 0.321833
vt 0.923902 0.321206
vt 0.943013 0.315398
vt 0.934771 0.277826
vt 0.957955 0.306336
vt 0.967909 0.297154
vt 0.975837 0.286743
vt 0.980320 0.278501
vt 0.979501 0.246809
vt 0.972680 0.227963
vt 0.974922 0.203959
vt 0.982417 0.218588
vt 0.987116 0.238205
vt 0.987164 0.254352
vt 0.985429 0.263920
s 1
usemtl models_monsters_darklord_mech_darklord_mech_arm
f 111/1/1 112/2/2 34/3/3
f 34/3/3 36/4/4 35/5/5
f 112/2/2 109/6/6 34/3/3
f 34/3/3 109/6/6 36/4/4
f 112/2/2 113/7/7 109/6/6
f 1177/8/8 1172/9/9 112/2/2
f 1172/9/9 113/7/7 112/2/2
f 1177/8/8 1191/10/10 1172/9/9
f 1172/9/9 114/11/11 113/7/7
f 113/7/7 114/11/11 109/6/6
f 109/6/6 110/12/12 36/4/4
f 109/6/6 114/11/11 110/12/12
f 114/11/11 115/13/13 110/12/12
f 1172/9/9 118/14/14 114/11/11
f 115/13/13 114/11/11 118/14/14
f 1172/9/9 1173/15/15 118/14/14
f 1191/10/10 1173/15/15 1172/9/9
f 1191/10/10 1194/16/16 1173/15/15
f 1173/15/15 1171/17/17 118/14/14
f 1194/16/16 1178/18/18 1173/15/15
f 1173/15/15 1178/18/18 1171/17/17
f 1194/16/16 1195/19/19 1178/18/18
f 1178/18/18 1174/20/20 1171/17/17
f 1195/19/19 1126/21/21 1178/18/18
f 1178/18/18 1126/21/21 1174/20/20
f 1195/19/19 1014/22/22 1126/21/21
f 1126/21/21 1124/23/23 1174/20/20
f 1124/23/23 1126/21/21 1014/22/22
f 1124/23/23 1175/24/24 1174/20/20
f 1171/17/17 1174/20/20 1169/25/25
f 1174/20/20 1175/24/24 1169/25/25
f 1171/17/17 1169/25/25 117/26/26
f 118/14/14 1171/17/17 117/26/26
f 117/26/26 115/13/13 118/14/14
f 115/13/13 117/26/26 119/27/27
f 115/13/13 119/27/27 110/12/12
f 117/26/26 121/28/28 119/27/27
f 117/26/26 1169/25/25 121/28/28
f 1169/25/25 1170/29/29 121/28/28
f 1169/25/25 1175/24/24 1133/30/30
f 1169/25/25 1133/30/30 1170/29/29
f 1175/24/24 1108/31/31 1133/30/30
f 1133/30/30 1134/32/32 1170/29/29
f 1108/31/31 1132/33/33 1133/30/30
f 1132/33/33 1134/32/32 1133/30/30
f 1108/31/31 1109/34/34 1132/33/33
f 1092/35/35 1109/34/34 1108/31/31
f 1092/35/35 1108/31/31 1175/24/24
f 1090/36/36 1092/35/35 1175/24/24
f 1124/23/23 1090/36/36 1175/24/24
f 1090/36/36 1091/37/37 1092/35/35
f 1109/34/34 1092/35/35 1091/37/37
f 1091/37/37 1137/38/38 1109/34/34
f 1132/33/33 1109/34/34 1135/39/39
f 1137/38/38 1135/39/39 1109/34/34
f 1132/33/33 1135/39/39 1117/40/40
f 1134/32/32 1132/33/33 1117/40/40
f 1135/39/39 1137/38/38 1117/40/40
f 1137/38/38 1116/41/41 1117/40/40
f 1137/38/38 1091/37/37 1138/42/42
f 1116/41/41 1137/38/38 1138/42/42
f 1091/37/37 1093/43/43 1138/42/42
f 1093/43/43 1091/37/37 1090/36/36
f 1093/43/43 1090/36/36 1083/44/44
f 1083/44/44 1090/36/36 1073/45/45
f 1073/45/45 1090/36/36 1124/23/23
f 1012/46/46 1073/45/45 1124/23/23
f 1012/46/46 1124/23/23 1014/22/22
f 1012/46/46 1074/47/47 1073/45/45
f 1075/48/48 1083/44/44 1073/45/45
f 1074/47/47 1075/48/48 1073/45/45
f 1074/47/47 1076/49/49 1075/48/48
f 1075/48/48 1040/50/50 1083/44/44
f 1076/49/49 1040/50/50 1075/48/48
f 1083/44/44 1039/51/51 1084/52/52
f 1040/50/50 1039/51/51 1083/44/44
f 1084/52/52 1093/43/43 1083/44/44
f 1084/52/52 1187/53/53 1093/43/43
f 1187/53/53 1188/54/54 1093/43/43
f 1188/54/54 1138/42/42 1093/43/43
f 1138/42/42 1188/54/54 1193/55/55
f 1116/41/41 1138/42/42 1193/55/55
f 1188/54/54 1197/56/56 1193/55/55
f 1188/54/54 1187/53/53 1197/56/56
f 1187/53/53 1058/57/57 1189/58/58
f 1197/56/56 1187/53/53 1189/58/58
f 1187/53/53 1084/52/52 1058/57/57
f 1039/51/51 1046/59/59 1084/52/52
f 1084/52/52 1046/59/59 1058/57/57
f 1039/51/51 1041/60/60 1046/59/59
f 1046/59/59 1042/61/61 1058/57/57
f 1041/60/60 1042/61/61 1046/59/59
f 1042/61/61 1056/62/62 1058/57/57
f 1058/57/57 1056/62/62 1189/58/58
f 1056/62/62 1183/63/63 1189/58/58
f 1189/58/58 1183/63/63 1184/64/64
f 1197/56/56 1189/58/58 1184/64/64
f 1181/65/65 1197/56/56 1184/64/64
f 1193/55/55 1197/56/56 1181/65/65
f 1184/64/64 1145/66/66 1181/65/65
f 1183/63/63 1182/67/67 1184/64/64
f 1184/64/64 1182/67/67 1145/66/66
f 1183/63/63 1089/68/68 1182/67/67
f 1182/67/67 1165/69/69 1145/66/66
f 1089/68/68 1068/70/70 1182/67/67
f 1068/70/70 1165/69/69 1182/67/67
f 1089/68/68 1063/71/71 1068/70/70
f 1062/72/72 1063/71/71 1089/68/68
f 1062/72/72 1089/68/68 1183/63/63
f 1055/73/73 1062/72/72 1183/63/63
f 1056/62/62 1055/73/73 1183/63/63
f 1026/74/74 1055/73/73 1056/62/62
f 1042/61/61 1026/74/74 1056/62/62
f 1025/75/75 1026/74/74 1042/61/61
f 1041/60/60 1025/75/75 1042/61/61
f 1025/75/75 1023/76/76 1026/74/74
f 1026/74/74 1027/77/77 1055/73/73
f 1023/76/76 1027/77/77 1026/74/74
f 1027/77/77 1048/78/78 1055/73/73
f 1062/72/72 1055/73/73 1061/79/79
f 1055/73/73 1048/78/78 1061/79/79
f 1061/79/79 1059/80/80 1062/72/72
f 1062/72/72 1059/80/80 1063/71/71
f 1061/79/79 1060/81/81 1059/80/80
f 1048/78/78 1060/81/81 1061/79/79
f 1048/78/78 1047/82/82 1185/83/83
f 1060/81/81 1048/78/78 1185/83/83
f 1048/78/78 1027/77/77 1047/82/82
f 1027/77/77 1028/84/84 1047/82/82
f 1028/84/84 1027/77/77 1023/76/76
f 1021/85/85 1028/84/84 1023/76/76
f 1021/85/85 1023/76/76 1020/86/86
f 1020/86/86 1023/76/76 1025/75/75
f 1034/87/87 1020/86/86 1025/75/75
f 1034/87/87 1025/75/75 1041/60/60
f 1037/88/88 1034/87/87 1041/60/60
f 1037/88/88 1041/60/60 1039/51/51
f 1037/88/88 1036/89/89 1034/87/87
f 1034/87/87 1036/89/89 1020/86/86
f 1037/88/88 1038/90/90 1036/89/89
f 1038/90/90 1037/88/88 1039/51/51
f 1040/50/50 1038/90/90 1039/51/51
f 1076/49/49 1038/90/90 1040/50/50
f 1038/90/90 1076/49/49 1077/91/91
f 1077/91/91 1078/92/92 1038/90/90
f 1078/92/92 1036/89/89 1038/90/90
f 1078/92/92 556/93/93 1036/89/89
f 1036/89/89 1035/94/94 1020/86/86
f 556/93/93 1035/94/94 1036/89/89
f 1020/86/86 1019/95/95 1021/85/85
f 1020/86/86 1035/94/94 1019/95/95
f 1019/95/95 1024/96/96 1021/85/85
f 1049/97/97 1028/84/84 1021/85/85
f 1024/96/96 1049/97/97 1021/85/85
f 1028/84/84 1053/98/98 1047/82/82
f 1053/98/98 1028/84/84 1049/97/97
f 1053/98/98 1052/99/99 1047/82/82
f 1052/99/99 1053/98/98 1050/100/100
f 1050/100/100 1053/98/98 1049/97/97
f 1049/97/97 1051/101/101 1050/100/100
f 1051/101/101 1049/97/97 1024/96/96
f 560/102/102 1051/101/101 1024/96/96
f 560/102/102 1024/96/96 561/103/103
f 561/103/103 1024/96/96 1019/95/95
f 1035/94/94 561/103/103 1019/95/95
f 556/93/93 557/104/104 1035/94/94
f 557/104/104 561/103/103 1035/94/94
f 557/104/104 559/105/105 561/103/103
f 559/105/105 560/102/102 561/103/103
f 558/106/106 560/102/102 559/105/105
f 560/102/102 558/106/106 1051/101/101
f 559/105/105 544/107/107 558/106/106
f 557/104/104 545/108/108 559/105/105
f 559/105/105 545/108/108 544/107/107
f 557/104/104 556/93/93 547/109/109
f 547/109/109 545/108/108 557/104/104
f 556/93/93 548/110/110 547/109/109
f 1078/92/92 550/111/111 556/93/93
f 550/111/111 548/110/110 556/93/93
f 1078/92/92 553/112/112 550/111/111
f 1077/91/91 553/112/112 1078/92/92
f 1076/49/49 555/113/113 1077/91/91
f 555/113/113 553/112/112 1077/91/91
f 1076/49/49 1074/47/47 555/113/113
f 1012/46/46 1015/114/114 1074/47/47
f 1074/47/47 1015/114/114 555/113/113
f 1012/46/46 1013/115/115 1015/114/114
f 1015/114/114 1013/115/115 555/113/113
f 555/113/113 554/116/116 553/112/112
f 1013/115/115 554/116/116 555/113/113
f 553/112/112 552/117/117 550/111/111
f 554/116/116 552/117/117 553/112/112
f 550/111/111 549/118/118 548/110/110
f 552/117/117 551/119/119 550/111/111
f 551/119/119 549/118/118 550/111/111
f 552/117/117 678/120/120 551/119/119
f 552/117/117 554/116/116 679/121/121
f 678/120/120 552/117/117 679/121/121
f 554/116/116 690/122/122 679/121/121
f 690/122/122 554/116/116 1013/115/115
f 690/122/122 1013/115/115 704/123/123
f 1010/124/124 1013/115/115 1012/46/46
f 1013/115/115 1010/124/124 704/123/123
f 1012/46/46 1014/22/22 1010/124/124
f 1011/125/125 1010/124/124 1014/22/22
f 1014/22/22 1195/19/19 1011/125/125
f 1195/19/19 1194/16/16 1011/125/125
f 1194/16/16 1125/126/126 1011/125/125
f 1125/126/126 924/127/127 1011/125/125
f 1010/124/124 1011/125/125 926/128/128
f 924/127/127 926/128/128 1011/125/125
f 712/129/129 925/130/130 924/127/127
f 925/130/130 926/128/128 924/127/127
f 712/129/129 710/131/131 925/130/130
f 710/131/131 712/129/129 711/132/132
f 709/133/133 710/131/131 711/132/132
f 470/134/134 708/135/135 709/133/133
f 708/135/135 710/131/131 709/133/133
f 708/135/135 927/136/136 710/131/131
f 927/136/136 925/130/130 710/131/131
f 925/130/130 927/136/136 706/137/137
f 707/138/138 925/130/130 706/137/137
f 926/128/128 925/130/130 707/138/138
f 702/139/139 926/128/128 707/138/138
f 1010/124/124 926/128/128 702/139/139
f 703/140/140 1010/124/124 702/139/139
f 1010/124/124 703/140/140 704/123/123
f 690/122/122 704/123/123 701/141/141
f 704/123/123 703/140/140 701/141/141
f 690/122/122 701/141/141 689/142/142
f 679/121/121 690/122/122 689/142/142
f 670/143/143 679/121/121 689/142/142
f 678/120/120 679/121/121 670/143/143
f 689/142/142 669/144/144 670/143/143
f 689/142/142 701/141/141 692/145/145
f 669/144/144 689/142/142 692/145/145
f 701/141/141 700/146/146 692/145/145
f 703/140/140 700/146/146 701/141/141
f 703/140/140 702/139/139 699/147/147
f 703/140/140 699/147/147 700/146/146
f 699/147/147 691/148/148 700/146/146
f 691/148/148 692/145/145 700/146/146
f 699/147/147 647/149/149 691/148/148
f 699/147/147 702/139/139 647/149/149
f 647/149/149 702/139/139 644/150/150
f 702/139/139 707/138/138 644/150/150
f 707/138/138 706/137/137 644/150/150
f 473/151/151 706/137/137 705/152/152
f 706/137/137 473/151/151 644/150/150
f 706/137/137 927/136/136 705/152/152
f 927/136/136 708/135/135 705/152/152
f 705/152/152 708/135/135 469/153/153
f 708/135/135 470/134/134 469/153/153
f 469/153/153 473/151/151 705/152/152
f 472/154/154 473/151/151 469/153/153
f 473/151/151 472/154/154 644/150/150
f 472/154/154 645/155/155 644/150/150
f 647/149/149 644/150/150 645/155/155
f 647/149/149 645/155/155 691/148/148
f 646/156/156 645/155/155 472/154/154
f 645/155/155 646/156/156 691/148/148
f 691/148/148 693/157/157 692/145/145
f 646/156/156 693/157/157 691/148/148
f 693/157/157 694/158/158 692/145/145
f 669/144/144 692/145/145 694/158/158
f 671/159/159 669/144/144 694/158/158
f 669/144/144 671/159/159 670/143/143
f 671/159/159 672/160/160 670/143/143
f 672/160/160 678/120/120 670/143/143
f 680/161/161 678/120/120 672/160/160
f 680/161/161 551/119/119 678/120/120
f 672/160/160 675/162/162 680/161/161
f 551/119/119 680/161/161 681/163/163
f 681/163/163 680/161/161 675/162/162
f 681/163/163 549/118/118 551/119/119
f 675/162/162 676/164/164 681/163/163
f 549/118/118 681/163/163 683/165/165
f 683/165/165 681/163/163 676/164/164
f 683/165/165 688/166/166 549/118/118
f 549/118/118 546/167/167 548/110/110
f 546/167/167 549/118/118 688/166/166
f 546/167/167 547/109/109 548/110/110
f 545/108/108 547/109/109 546/167/167
f 541/168/168 545/108/108 546/167/167
f 541/168/168 546/167/167 540/169/169
f 546/167/167 688/166/166 687/170/170
f 546/167/167 687/170/170 540/169/169
f 688/166/166 683/165/165 687/170/170
f 683/165/165 682/171/171 684/172/172
f 684/172/172 687/170/170 683/165/165
f 682/171/171 683/165/165 676/164/164
f 687/170/170 686/173/173 540/169/169
f 687/170/170 684/172/172 686/173/173
f 686/173/173 684/172/172 682/171/171
f 685/174/174 686/173/173 682/171/171
f 540/169/169 686/173/173 685/174/174
f 542/175/175 540/169/169 685/174/174
f 540/169/169 542/175/175 541/168/168
f 539/176/176 541/168/168 542/175/175
f 541/168/168 539/176/176 545/108/108
f 539/176/176 544/107/107 545/108/108
f 544/107/107 539/176/176 543/177/177
f 544/107/107 543/177/177 558/106/106
f 543/177/177 930/178/178 558/106/106
f 558/106/106 930/178/178 1051/101/101
f 543/177/177 539/176/176 452/179/179
f 543/177/177 452/179/179 930/178/178
f 452/179/179 454/180/180 930/178/178
f 930/178/178 454/180/180 1051/101/101
f 1051/101/101 276/181/181 1050/100/100
f 454/180/180 276/181/181 1051/101/101
f 1050/100/100 277/182/182 1052/99/99
f 276/181/181 277/182/182 1050/100/100
f 275/183/183 277/182/182 276/181/181
f 441/184/184 275/183/183 276/181/181
f 454/180/180 441/184/184 276/181/181
f 454/180/180 452/179/179 453/185/185
f 454/180/180 453/185/185 441/184/184
f 452/179/179 445/186/186 451/187/187
f 452/179/179 451/187/187 453/185/185
f 452/179/179 539/176/176 445/186/186
f 445/186/186 539/176/176 931/188/188
f 931/188/188 539/176/176 542/175/175
f 685/174/174 931/188/188 542/175/175
f 931/188/188 685/174/174 858/189/189
f 682/171/171 859/190/190 685/174/174
f 858/189/189 685/174/174 859/190/190
f 682/171/171 677/191/191 859/190/190
f 676/164/164 677/191/191 682/171/171
f 675/162/162 674/192/192 676/164/164
f 674/192/192 677/191/191 676/164/164
f 675/162/162 672/160/160 674/192/192
f 673/193/193 672/160/160 671/159/159
f 673/193/193 674/192/192 672/160/160
f 674/192/192 673/193/193 938/194/194
f 939/195/195 674/192/192 938/194/194
f 677/191/191 674/192/192 939/195/195
f 940/196/196 677/191/191 939/195/195
f 940/196/196 859/190/190 677/191/191
f 861/197/197 859/190/190 940/196/196
f 851/198/198 859/190/190 861/197/197
f 859/190/190 851/198/198 858/189/189
f 851/198/198 850/199/199 858/189/189
f 858/189/189 860/200/200 941/201/201
f 858/189/189 850/199/199 860/200/200
f 941/201/201 931/188/188 858/189/189
f 931/188/188 941/201/201 506/202/202
f 506/202/202 445/186/186 931/188/188
f 445/186/186 506/202/202 444/203/203
f 443/204/204 445/186/186 444/203/203
f 443/204/204 451/187/187 445/186/186
f 443/204/204 479/205/205 451/187/187
f 479/205/205 453/185/185 451/187/187
f 443/204/204 480/206/206 479/205/205
f 453/185/185 479/205/205 478/207/207
f 479/205/205 480/206/206 478/207/207
f 453/185/185 478/207/207 440/208/208
f 453/185/185 440/208/208 441/184/184
f 478/207/207 442/209/209 440/208/208
f 440/208/208 442/209/209 441/184/184
f 478/207/207 480/206/206 524/210/210
f 524/210/210 442/209/209 478/207/207
f 480/206/206 447/211/211 524/210/210
f 442/209/209 524/210/210 455/212/212
f 524/210/210 447/211/211 455/212/212
f 442/209/209 455/212/212 457/213/213
f 442/209/209 457/213/213 441/184/184
f 271/214/214 441/184/184 457/213/213
f 441/184/184 271/214/214 275/183/183
f 457/213/213 536/215/215 271/214/214
f 275/183/183 271/214/214 272/216/216
f 536/215/215 273/217/217 271/214/214
f 271/214/214 273/217/217 272/216/216
f 536/215/215 266/218/218 273/217/217
f 272/216/216 273/217/217 311/219/219
f 273/217/217 266/218/218 311/219/219
f 272/216/216 311/219/219 338/220/220
f 272/216/216 338/220/220 275/183/183
f 311/219/219 1016/221/221 338/220/220
f 275/183/183 338/220/220 314/222/222
f 1016/221/221 319/223/223 338/220/220
f 314/222/222 338/220/220 319/223/223
f 314/222/222 319/223/223 313/224/224
f 312/225/225 314/222/222 313/224/224
f 312/225/225 275/183/183 314/222/222
f 275/183/183 312/225/225 321/226/226
f 277/182/182 275/183/183 321/226/226
f 277/182/182 321/226/226 1080/227/227
f 1052/99/99 277/182/182 1080/227/227
f 321/226/226 320/228/228 1080/227/227
f 321/226/226 312/225/225 320/228/228
f 315/229/229 312/225/225 313/224/224
f 312/225/225 315/229/229 320/228/228
f 313/224/224 322/230/230 315/229/229
f 315/229/229 332/231/231 320/228/228
f 322/230/230 332/231/231 315/229/229
f 320/228/228 332/231/231 333/232/232
f 333/232/232 1080/227/227 320/228/228
f 1079/233/233 1080/227/227 333/232/232
f 1052/99/99 1080/227/227 1079/233/233
f 1054/234/234 1052/99/99 1079/233/233
f 1054/234/234 1047/82/82 1052/99/99
f 1047/82/82 1054/234/234 1186/235/235
f 1185/83/83 1047/82/82 1186/235/235
f 1185/83/83 1186/235/235 1158/236/236
f 1060/81/81 1185/83/83 1158/236/236
f 1186/235/235 1161/237/237 1158/236/236
f 1186/235/235 1054/234/234 1161/237/237
f 1088/238/238 1054/234/234 1079/233/233
f 1054/234/234 1088/238/238 1161/237/237
f 1079/233/233 1122/239/239 1088/238/238
f 1122/239/239 1079/233/233 335/240/240
f 335/240/240 1079/233/233 333/232/232
f 333/232/232 334/241/241 335/240/240
f 332/231/231 334/241/241 333/232/232
f 337/242/242 334/241/241 332/231/231
f 337/242/242 332/231/231 322/230/230
f 337/242/242 336/243/243 334/241/241
f 334/241/241 336/243/243 335/240/240
f 335/240/240 336/243/243 329/244/244
f 329/244/244 1122/239/239 335/240/240
f 336/243/243 331/245/245 329/244/244
f 337/242/242 331/245/245 336/243/243
f 331/245/245 328/246/246 329/244/244
f 337/242/242 328/246/246 331/245/245
f 328/246/246 330/247/247 329/244/244
f 330/247/247 1121/248/248 329/244/244
f 1121/248/248 1122/239/239 329/244/244
f 1121/248/248 1087/249/249 1122/239/239
f 1087/249/249 1088/238/238 1122/239/239
f 1087/249/249 1085/250/250 1088/238/238
f 1088/238/238 1085/250/250 1162/251/251
f 1161/237/237 1088/238/238 1162/251/251
f 1161/237/237 1162/251/251 1160/252/252
f 1157/253/253 1161/237/237 1160/252/252
f 1161/237/237 1157/253/253 1158/236/236
f 1154/254/254 1158/236/236 1157/253/253
f 1158/236/236 1154/254/254 1094/255/255
f 1094/255/255 1060/81/81 1158/236/236
f 1060/81/81 1094/255/255 1065/256/256
f 1065/256/256 1059/80/80 1060/81/81
f 1094/255/255 1070/257/257 1065/256/256
f 1070/257/257 1094/255/255 1154/254/254
f 1153/258/258 1070/257/257 1154/254/254
f 1154/254/254 1155/259/259 1153/258/258
f 1155/259/259 1154/254/254 1157/253/253
f 1155/259/259 1157/253/253 1159/260/260
f 1157/253/253 1160/252/252 1159/260/260
f 1155/259/259 1159/260/260 1156/261/261
f 1155/259/259 1156/261/261 1153/258/258
f 1159/260/260 151/262/262 1156/261/261
f 1153/258/258 1156/261/261 1168/263/263
f 151/262/262 1136/264/264 1156/261/261
f 1156/261/261 1136/264/264 1168/263/263
f 151/262/262 149/265/265 1136/264/264
f 1168/263/263 1136/264/264 1127/266/266
f 149/265/265 1119/267/267 1136/264/264
f 1136/264/264 1119/267/267 1127/266/266
f 1119/267/267 1098/268/268 1127/266/266
f 1098/268/268 1096/269/269 1127/266/266
f 1139/270/270 1168/263/263 1127/266/266
f 1096/269/269 1139/270/270 1127/266/266
f 1139/270/270 1140/271/271 1168/263/263
f 1168/263/263 1140/271/271 1153/258/258
f 1153/258/258 1140/271/271 1069/272/272
f 1070/257/257 1153/258/258 1069/272/272
f 1067/273/273 1070/257/257 1069/272/272
f 1070/257/257 1067/273/273 1065/256/256
f 1059/80/80 1065/256/256 1064/274/274
f 1067/273/273 1064/274/274 1065/256/256
f 1059/80/80 1064/274/274 1063/71/71
f 1067/273/273 1063/71/71 1064/274/274
f 1063/71/71 1067/273/273 1068/70/70
f 1067/273/273 1069/272/272 1068/70/70
f 1069/272/272 1140/271/271 1165/69/69
f 1068/70/70 1069/272/272 1165/69/69
f 1140/271/271 1141/275/275 1165/69/69
f 1139/270/270 1141/275/275 1140/271/271
f 1141/275/275 1145/66/66 1165/69/69
f 1139/270/270 1142/276/276 1141/275/275
f 1142/276/276 1145/66/66 1141/275/275
f 1139/270/270 1143/277/277 1142/276/276
f 1139/270/270 1096/269/269 1143/277/277
f 1095/278/278 1097/279/279 1096/269/269
f 1096/269/269 1097/279/279 1143/277/277
f 1096/269/269 1098/268/268 1095/278/278
f 1098/268/268 1120/280/280 1395/281/281
f 1098/268/268 1395/281/281 1095/278/278
f 1098/268/268 1119/267/267 1120/280/280
f 1120/280/280 1396/282/282 1395/281/281
f 1396/282/282 1095/278/278 1395/281/281
f 1396/282/282 1394/283/283 1095/278/278
f 1097/279/279 1095/278/278 1394/283/283
f 1097/279/279 1394/283/283 1151/284/284
f 1143/277/277 1097/279/279 1151/284/284
f 1394/283/283 1397/285/285 1151/284/284
f 1394/283/283 1396/282/282 1397/285/285
f 1396/282/282 1398/286/286 1397/285/285
f 1398/286/286 1396/282/282 1120/280/280
f 1120/280/280 1118/287/287 1398/286/286
f 1118/287/287 1120/280/280 1119/267/267
f 147/288/288 1118/287/287 1119/267/267
f 149/265/265 147/288/288 1119/267/267
f 1118/287/287 147/288/288 145/289/289
f 1398/286/286 1118/287/287 145/289/289
f 1398/286/286 145/289/289 146/290/290
f 1399/291/291 1398/286/286 146/290/290
f 1397/285/285 1398/286/286 1399/291/291
f 1397/285/285 1399/291/291 140/292/292
f 140/292/292 1151/284/284 1397/285/285
f 1399/291/291 141/293/293 140/292/292
f 146/290/290 142/294/294 1399/291/291
f 142/294/294 141/293/293 1399/291/291
f 146/290/290 143/295/295 142/294/294
f 145/289/289 144/296/296 146/290/290
f 144/296/296 143/295/295 146/290/290
f 145/289/289 148/297/297 144/296/296
f 147/288/288 148/297/297 145/289/289
f 149/265/265 150/298/298 147/288/288
f 150/298/298 148/297/297 147/288/288
f 149/265/265 152/299/299 150/298/298
f 151/262/262 152/299/299 149/265/265
f 153/300/300 152/299/299 151/262/262
f 1159/260/260 153/300/300 151/262/262
f 153/300/300 1159/260/260 154/301/301
f 1159/260/260 1160/252/252 154/301/301
f 1162/251/251 155/302/302 1160/252/252
f 155/302/302 154/301/301 1160/252/252
f 1162/251/251 1085/250/250 155/302/302
f 1085/250/250 1087/249/249 1086/303/303
f 1085/250/250 1086/303/303 155/302/302
f 1086/303/303 108/304/304 155/302/302
f 155/302/302 77/305/305 154/301/301
f 108/304/304 77/305/305 155/302/302
f 154/301/301 107/306/306 153/300/300
f 77/305/305 107/306/306 154/301/301
f 153/300/300 105/307/307 152/299/299
f 107/306/306 105/307/307 153/300/300
f 152/299/299 103/308/308 150/298/298
f 105/307/307 103/308/308 152/299/299
f 150/298/298 102/309/309 148/297/297
f 103/308/308 102/309/309 150/298/298
f 148/297/297 96/310/310 144/296/296
f 102/309/309 97/311/311 148/297/297
f 148/297/297 97/311/311 96/310/310
f 102/309/309 98/312/312 97/311/311
f 102/309/309 103/308/308 98/312/312
f 103/308/308 104/313/313 98/312/312
f 105/307/307 104/313/313 103/308/308
f 104/313/313 105/307/307 106/314/314
f 105/307/307 107/306/306 106/314/314
f 106/314/314 107/306/306 78/315/315
f 107/306/306 77/305/305 78/315/315
f 77/305/305 79/316/316 78/315/315
f 108/304/304 79/316/316 77/305/305
f 96/310/310 97/311/311 83/317/317
f 97/311/311 98/312/312 83/317/317
f 184/318/318 98/312/312 172/319/319
f 184/318/318 83/317/317 98/312/312
f 98/312/312 175/320/320 172/319/319
f 170/321/321 172/319/319 171/322/322
f 172/319/319 175/320/320 171/322/322
f 170/321/321 184/318/318 172/319/319
f 23/323/323 184/318/318 170/321/321
f 184/318/318 23/323/323 29/324/324
f 83/317/317 184/318/318 29/324/324
f 83/317/317 29/324/324 84/325/325
f 96/310/310 83/317/317 84/325/325
f 95/326/326 96/310/310 84/325/325
f 144/296/296 96/310/310 95/326/326
f 143/295/295 144/296/296 95/326/326
f 143/295/295 95/326/326 94/327/327
f 84/325/325 94/327/327 95/326/326
f 94/327/327 142/294/294 143/295/295
f 142/294/294 94/327/327 93/328/328
f 141/293/293 142/294/294 93/328/328
f 94/327/327 85/329/329 93/328/328
f 94/327/327 84/325/325 85/329/329
f 29/324/324 85/329/329 84/325/325
f 86/330/330 85/329/329 29/324/324
f 93/328/328 85/329/329 86/330/330
f 29/324/324 24/331/331 86/330/330
f 23/323/323 24/331/331 29/324/324
f 23/323/323 18/332/332 24/331/331
f 170/321/321 20/333/333 23/323/323
f 23/323/323 20/333/333 18/332/332
f 170/321/321 182/334/334 20/333/333
f 171/322/322 173/335/335 170/321/321
f 182/334/334 170/321/321 174/336/336
f 170/321/321 173/335/335 174/336/336
f 173/335/335 234/337/337 233/338/338
f 174/336/336 173/335/335 233/338/338
f 173/335/335 171/322/322 234/337/337
f 175/320/320 176/339/339 171/322/322
f 171/322/322 236/340/340 234/337/337
f 171/322/322 176/339/339 236/340/340
f 175/320/320 201/341/341 176/339/339
f 236/340/340 176/339/339 201/341/341
f 175/320/320 199/342/342 201/341/341
f 175/320/320 200/343/343 199/342/342
f 201/341/341 199/342/342 262/344/344
f 200/343/343 259/345/345 199/342/342
f 259/345/345 262/344/344 199/342/342
f 200/343/343 156/346/346 259/345/345
f 156/346/346 158/347/347 157/348/348
f 157/348/348 259/345/345 156/346/346
f 158/347/347 159/349/349 157/348/348
f 157/348/348 190/350/350 259/345/345
f 157/348/348 159/349/349 190/350/350
f 159/349/349 191/351/351 190/350/350
f 191/351/351 193/352/352 192/353/353
f 190/350/350 191/351/351 192/353/353
f 192/353/353 260/354/354 190/350/350
f 260/354/354 261/355/355 190/350/350
f 190/350/350 261/355/355 259/345/345
f 262/344/344 259/345/345 261/355/355
f 242/356/356 262/344/344 261/355/355
f 201/341/341 262/344/344 242/356/356
f 261/355/355 260/354/354 242/356/356
f 240/357/357 242/356/356 260/354/354
f 240/357/357 260/354/354 263/358/358
f 263/358/358 260/354/354 192/353/353
f 194/359/359 263/358/358 192/353/353
f 192/353/353 193/352/352 194/359/359
f 193/352/352 195/360/360 194/359/359
f 195/360/360 197/361/361 196/362/362
f 194/359/359 195/360/360 196/362/362
f 196/362/362 264/363/363 194/359/359
f 264/363/363 263/358/358 194/359/359
f 241/364/364 263/358/358 264/363/363
f 241/364/364 240/357/357 263/358/358
f 264/363/363 244/365/365 241/364/364
f 264/363/363 196/362/362 167/366/366
f 244/365/365 264/363/363 167/366/366
f 196/362/362 168/367/367 167/366/366
f 196/362/362 197/361/361 168/367/367
f 197/361/361 198/368/368 168/367/367
f 167/366/366 168/367/367 164/369/369
f 168/367/367 198/368/368 164/369/369
f 198/368/368 162/370/370 164/369/369
f 163/371/371 164/369/369 162/370/370
f 163/371/371 167/366/366 164/369/369
f 169/372/372 167/366/366 163/371/371
f 169/372/372 244/365/365 167/366/366
f 169/372/372 245/373/373 244/365/365
f 244/365/365 243/374/374 241/364/364
f 245/373/373 243/374/374 244/365/365
f 241/364/364 237/375/375 240/357/357
f 243/374/374 237/375/375 241/364/364
f 237/375/375 238/376/376 240/357/357
f 238/376/376 239/377/377 240/357/357
f 239/377/377 242/356/356 240/357/357
f 239/377/377 201/341/341 242/356/356
f 239/377/377 236/340/340 201/341/341
f 236/340/340 239/377/377 238/376/376
f 234/337/337 236/340/340 238/376/376
f 234/337/337 238/376/376 237/375/375
f 233/338/338 234/337/337 237/375/375
f 233/338/338 237/375/375 243/374/374
f 235/378/378 233/338/338 243/374/374
f 235/378/378 243/374/374 245/373/373
f 235/378/378 174/336/336 233/338/338
f 211/379/379 174/336/336 235/378/378
f 182/334/334 174/336/336 211/379/379
f 235/378/378 180/380/380 211/379/379
f 180/380/380 235/378/378 245/373/373
f 180/380/380 177/381/381 211/379/379
f 177/381/381 182/334/334 211/379/379
f 20/333/333 182/334/334 177/381/381
f 11/382/382 20/333/333 177/381/381
f 11/382/382 177/381/381 10/383/383
f 177/381/381 180/380/380 10/383/383
f 10/383/383 180/380/380 166/384/384
f 180/380/380 245/373/373 166/384/384
f 166/384/384 245/373/373 165/385/385
f 245/373/373 169/372/372 165/385/385
f 165/385/385 169/372/372 163/371/371
f 162/370/370 161/386/386 163/371/371
f 163/371/371 161/386/386 165/385/385
f 165/385/385 161/386/386 166/384/384
f 10/383/383 166/384/384 15/387/387
f 15/387/387 166/384/384 161/386/386
f 15/387/387 161/386/386 187/388/388
f 187/388/388 161/386/386 162/370/370
f 217/389/389 187/388/388 162/370/370
f 187/388/388 217/389/389 218/390/390
f 17/391/391 187/388/388 218/390/390
f 17/391/391 15/387/387 187/388/388
f 17/391/391 14/392/392 15/387/387
f 14/392/392 16/393/393 15/387/387
f 15/387/387 16/393/393 10/383/383
f 14/392/392 35/5/5 16/393/393
f 16/393/393 40/394/394 10/383/383
f 35/5/5 40/394/394 16/393/393
f 10/383/383 9/395/395 11/382/382
f 9/395/395 10/383/383 40/394/394
f 41/396/396 9/395/395 40/394/394
f 35/5/5 41/396/396 40/394/394
f 36/4/4 41/396/396 35/5/5
f 41/396/396 36/4/4 9/395/395
f 9/395/395 101/397/397 11/382/382
f 36/4/4 101/397/397 9/395/395
f 101/397/397 36/4/4 110/12/12
f 123/398/398 101/397/397 110/12/12
f 119/27/27 123/398/398 110/12/12
f 101/397/397 100/399/399 11/382/382
f 100/399/399 101/397/397 123/398/398
f 100/399/399 19/400/400 11/382/382
f 20/333/333 11/382/382 19/400/400
f 18/332/332 20/333/333 19/400/400
f 19/400/400 88/401/401 18/332/332
f 100/399/399 99/402/402 19/400/400
f 19/400/400 99/402/402 88/401/401
f 100/399/399 123/398/398 124/403/403
f 99/402/402 100/399/399 124/403/403
f 123/398/398 120/404/404 124/403/403
f 123/398/398 119/27/27 120/404/404
f 119/27/27 121/28/28 120/404/404
f 121/28/28 122/405/405 120/404/404
f 1176/406/406 122/405/405 121/28/28
f 1170/29/29 1176/406/406 121/28/28
f 1170/29/29 1134/32/32 1190/407/407
f 1170/29/29 1190/407/407 1176/406/406
f 1176/406/406 1166/408/408 122/405/405
f 1190/407/407 1179/409/409 1176/406/406
f 1176/406/406 1179/409/409 1166/408/408
f 1190/407/407 1180/410/410 1179/409/409
f 1179/409/409 1167/411/411 1166/408/408
f 1179/409/409 1180/410/410 1167/411/411
f 1166/408/408 1167/411/411 1107/412/412
f 1180/410/410 1147/413/413 1167/411/411
f 1167/411/411 1104/414/414 1107/412/412
f 1167/411/411 1147/413/413 1104/414/414
f 1104/414/414 1100/415/415 1107/412/412
f 1147/413/413 1148/416/416 1104/414/414
f 1100/415/415 1104/414/414 1103/417/417
f 1148/416/416 1103/417/417 1104/414/414
f 1149/418/418 1150/419/419 1148/416/416
f 1103/417/417 1148/416/416 1150/419/419
f 1148/416/416 1146/420/420 1149/418/418
f 1148/416/416 1147/413/413 1146/420/420
f 1147/413/413 1144/421/421 1146/420/420
f 1144/421/421 1147/413/413 1180/410/410
f 1181/65/65 1144/421/421 1180/410/410
f 1180/410/410 1193/55/55 1181/65/65
f 1190/407/407 1193/55/55 1180/410/410
f 1193/55/55 1190/407/407 1116/41/41
f 1190/407/407 1115/422/422 1116/41/41
f 1134/32/32 1115/422/422 1190/407/407
f 1117/40/40 1115/422/422 1134/32/32
f 1115/422/422 1117/40/40 1116/41/41
f 1145/66/66 1144/421/421 1181/65/65
f 1144/421/421 1145/66/66 1142/276/276
f 1146/420/420 1144/421/421 1142/276/276
f 1146/420/420 1142/276/276 1143/277/277
f 1149/418/418 1146/420/420 1143/277/277
f 1143/277/277 1151/284/284 1149/418/418
f 1149/418/418 1151/284/284 1150/419/419
f 1131/423/423 1150/419/419 1152/424/424
f 1151/284/284 1152/424/424 1150/419/419
f 1131/423/423 1103/417/417 1150/419/419
f 1099/425/425 1103/417/417 1131/423/423
f 1103/417/417 1099/425/425 1100/415/415
f 1131/423/423 1106/426/426 1099/425/425
f 1106/426/426 1131/423/423 1152/424/424
f 1106/426/426 1152/424/424 138/427/427
f 1152/424/424 1151/284/284 140/292/292
f 138/427/427 1152/424/424 140/292/292
f 138/427/427 140/292/292 139/428/428
f 140/292/292 141/293/293 139/428/428
f 141/293/293 93/328/328 139/428/428
f 92/429/429 93/328/328 86/330/330
f 93/328/328 92/429/429 139/428/428
f 86/330/330 89/430/430 92/429/429
f 139/428/428 92/429/429 137/431/431
f 92/429/429 89/430/430 137/431/431
f 139/428/428 137/431/431 136/432/432
f 138/427/427 139/428/428 136/432/432
f 136/432/432 1106/426/426 138/427/427
f 1105/433/433 1106/426/426 136/432/432
f 1105/433/433 1102/434/434 1106/426/426
f 1099/425/425 1106/426/426 1102/434/434
f 1099/425/425 1102/434/434 1101/435/435
f 1099/425/425 1101/435/435 1100/415/415
f 1102/434/434 1128/436/436 1101/435/435
f 1128/436/436 1100/415/415 1101/435/435
f 1128/436/436 1107/412/412 1100/415/415
f 1107/412/412 1128/436/436 1129/437/437
f 1166/408/408 1107/412/412 1129/437/437
f 1128/436/436 1130/438/438 1129/437/437
f 1130/438/438 1128/436/436 1102/434/434
f 1102/434/434 1105/433/433 1130/438/438
f 1130/438/438 1105/433/433 134/439/439
f 134/439/439 1105/433/433 136/432/432
f 136/432/432 137/431/431 134/439/439
f 137/431/431 135/440/440 134/439/439
f 137/431/431 89/430/430 135/440/440
f 89/430/430 87/441/441 90/442/442
f 89/430/430 90/442/442 135/440/440
f 89/430/430 86/330/330 87/441/441
f 87/441/441 86/330/330 24/331/331
f 18/332/332 87/441/441 24/331/331
f 88/401/401 87/441/441 18/332/332
f 87/441/441 88/401/401 90/442/442
f 90/442/442 88/401/401 91/443/443
f 99/402/402 91/443/443 88/401/401
f 90/442/442 131/444/444 135/440/440
f 90/442/442 91/443/443 131/444/444
f 135/440/440 131/444/444 132/445/445
f 134/439/439 135/440/440 132/445/445
f 134/439/439 132/445/445 133/446/446
f 133/446/446 1130/438/438 134/439/439
f 1129/437/437 1130/438/438 133/446/446
f 129/447/447 1129/437/437 133/446/446
f 129/447/447 126/448/448 1129/437/437
f 126/448/448 1166/408/408 1129/437/437
f 1166/408/408 126/448/448 122/405/405
f 122/405/405 126/448/448 120/404/404
f 126/448/448 125/449/449 120/404/404
f 126/448/448 129/447/447 125/449/449
f 120/404/404 125/449/449 124/403/403
f 129/447/447 128/450/450 125/449/449
f 129/447/447 133/446/446 128/450/450
f 133/446/446 132/445/445 128/450/450
f 128/450/450 132/445/445 127/451/451
f 132/445/445 131/444/444 127/451/451
f 127/451/451 131/444/444 91/443/443
f 99/402/402 127/451/451 91/443/443
f 127/451/451 99/402/402 124/403/403
f 124/403/403 125/449/449 127/451/451
f 125/449/449 128/450/450 127/451/451
f 1009/452/126 1196/453/16 1192/454/452
f 1006/455/453 1009/452/126 1192/454/452
f 928/456/454 1009/452/126 1006/455/453
f 1192/454/452 1005/457/455 1006/455/453
f 1163/458/8 1005/457/455 1192/454/452
f 1005/457/455 929/459/456 1006/455/453
f 929/459/456 928/456/454 1006/455/453
f 928/456/454 929/459/456 714/460/457
f 929/459/456 713/461/458 714/460/457
f 713/461/458 929/459/456 1008/462/459
f 1008/462/459 929/459/456 1005/457/455
f 1030/463/460 1008/462/459 1005/457/455
f 1029/464/461 1030/463/460 1005/457/455
f 1005/457/455 1163/458/8 1029/464/461
f 1163/458/8 1164/465/462 1029/464/461
f 1030/463/460 1029/464/461 130/466/463
f 130/466/463 1029/464/461 1164/465/462
f 116/467/1 130/466/463 1164/465/462
f 116/467/1 31/468/464 46/469/465
f 130/466/463 116/467/1 46/469/465
f 50/470/466 130/466/463 46/469/465
f 1045/471/467 130/466/463 50/470/466
f 1045/471/467 1030/463/460 130/466/463
f 50/470/466 1043/472/468 1045/471/467
f 1045/471/467 1007/473/469 1030/463/460
f 1045/471/467 1043/472/468 1007/473/469
f 1007/473/469 951/474/470 1030/463/460
f 1008/462/459 1030/463/460 945/475/471
f 1030/463/460 951/474/470 945/475/471
f 945/475/471 713/461/458 1008/462/459
f 945/475/471 666/476/472 713/461/458
f 713/461/458 667/477/473 714/460/457
f 666/476/472 667/477/473 713/461/458
f 667/477/473 668/478/474 714/460/457
f 666/476/472 664/479/475 667/477/473
f 668/478/474 667/477/473 664/479/475
f 663/480/133 668/478/474 664/479/475
f 663/480/133 664/479/475 655/481/476
f 653/482/477 663/480/133 655/481/476
f 653/482/477 655/481/476 654/483/478
f 655/481/476 656/484/479 654/483/478
f 654/483/478 656/484/479 657/485/480
f 656/484/479 658/486/481 657/485/480
f 657/485/480 658/486/481 650/487/482
f 656/484/479 660/488/483 661/489/484
f 661/489/484 658/486/481 656/484/479
f 660/488/483 656/484/479 655/481/476
f 659/490/485 660/488/483 655/481/476
f 665/491/486 659/490/485 655/481/476
f 664/479/475 665/491/486 655/481/476
f 665/491/486 664/479/475 666/476/472
f 944/492/487 665/491/486 666/476/472
f 945/475/471 944/492/487 666/476/472
f 944/492/487 945/475/471 951/474/470
f 950/493/488 944/492/487 951/474/470
f 951/474/470 340/494/489 950/493/488
f 951/474/470 1007/473/469 340/494/489
f 1043/472/468 433/495/490 1007/473/469
f 1007/473/469 433/495/490 340/494/489
f 318/496/491 340/494/489 317/497/492
f 433/495/490 317/497/492 340/494/489
f 318/496/491 950/493/488 340/494/489
f 317/497/492 316/498/493 318/496/491
f 433/495/490 353/499/494 317/497/492
f 316/498/493 317/497/492 353/499/494
f 352/500/495 316/498/493 353/499/494
f 316/498/493 352/500/495 318/496/491
f 352/500/495 946/501/496 318/496/491
f 318/496/491 946/501/496 950/493/488
f 946/501/496 948/502/497 950/493/488
f 937/503/498 944/492/487 950/493/488
f 937/503/498 950/493/488 948/502/497
f 937/503/498 665/491/486 944/492/487
f 937/503/498 935/504/499 665/491/486
f 935/504/499 659/490/485 665/491/486
f 935/504/499 936/505/500 659/490/485
f 936/505/500 660/488/483 659/490/485
f 936/505/500 952/506/501 660/488/483
f 952/506/501 661/489/484 660/488/483
f 952/506/501 984/507/502 661/489/484
f 661/489/484 662/508/503 658/486/481
f 984/507/502 662/508/503 661/489/484
f 658/486/481 649/509/504 650/487/482
f 662/508/503 649/509/504 658/486/481
f 649/509/504 651/510/505 650/487/482
f 651/510/505 652/511/506 650/487/482
f 649/509/504 486/512/507 651/510/505
f 649/509/504 662/508/503 486/512/507
f 662/508/503 487/513/508 486/512/507
f 662/508/503 984/507/502 487/513/508
f 487/513/508 484/514/509 486/512/507
f 486/512/507 484/514/509 485/515/510
f 486/512/507 485/515/510 651/510/505
f 485/515/510 896/516/511 651/510/505
f 651/510/505 905/517/512 652/511/506
f 896/516/511 905/517/512 651/510/505
f 905/517/512 904/518/513 652/511/506
f 905/517/512 898/519/514 904/518/513
f 898/519/514 899/520/515 904/518/513
f 905/517/512 895/521/516 898/519/514
f 896/516/511 895/521/516 905/517/512
f 895/521/516 758/522/517 898/519/514
f 898/519/514 758/522/517 899/520/515
f 758/522/517 770/523/518 899/520/515
f 758/522/517 580/524/519 770/523/518
f 580/524/519 582/525/520 770/523/518
f 582/525/520 580/524/519 581/526/521
f 580/524/519 579/527/522 581/526/521
f 581/526/521 579/527/522 600/528/523
f 580/524/519 566/529/524 579/527/522
f 566/529/524 580/524/519 758/522/517
f 756/530/525 566/529/524 758/522/517
f 756/530/525 758/522/517 895/521/516
f 757/531/526 756/530/525 895/521/516
f 896/516/511 757/531/526 895/521/516
f 897/532/527 757/531/526 896/516/511
f 897/532/527 896/516/511 485/515/510
f 482/533/528 897/532/527 485/515/510
f 484/514/509 482/533/528 485/515/510
f 484/514/509 481/534/529 482/533/528
f 481/534/529 484/514/509 487/513/508
f 487/513/508 971/535/530 481/534/529
f 984/507/502 971/535/530 487/513/508
f 971/535/530 984/507/502 958/536/531
f 958/536/531 984/507/502 957/537/532
f 984/507/502 952/506/501 957/537/532
f 957/537/532 952/506/501 936/505/500
f 954/538/533 957/537/532 936/505/500
f 936/505/500 935/504/499 954/538/533
f 935/504/499 937/503/498 949/539/534
f 935/504/499 949/539/534 954/538/533
f 937/503/498 948/502/497 949/539/534
f 954/538/533 949/539/534 953/540/535
f 948/502/497 947/541/536 949/539/534
f 949/539/534 947/541/536 953/540/535
f 948/502/497 946/501/496 947/541/536
f 953/540/535 947/541/536 728/542/537
f 946/501/496 730/543/538 947/541/536
f 947/541/536 730/543/538 728/542/537
f 946/501/496 352/500/495 730/543/538
f 354/544/539 352/500/495 353/499/494
f 730/543/538 352/500/495 354/544/539
f 628/545/540 730/543/538 354/544/539
f 628/545/540 729/546/541 730/543/538
f 729/546/541 728/542/537 730/543/538
f 729/546/541 727/547/542 728/542/537
f 727/547/542 720/548/543 728/542/537
f 728/542/537 720/548/543 953/540/535
f 720/548/543 955/549/535 953/540/535
f 953/540/535 955/549/535 954/538/533
f 955/549/535 957/537/532 954/538/533
f 955/549/535 956/550/544 957/537/532
f 956/550/544 958/536/531 957/537/532
f 955/549/535 718/551/545 956/550/544
f 955/549/535 720/548/543 718/551/545
f 720/548/543 719/552/546 718/551/545
f 719/552/546 720/548/543 727/547/542
f 726/553/547 719/552/546 727/547/542
f 727/547/542 729/546/541 726/553/547
f 729/546/541 636/554/548 726/553/547
f 636/554/548 729/546/541 628/545/540
f 420/555/549 636/554/548 628/545/540
f 420/555/549 628/545/540 419/556/550
f 628/545/540 354/544/539 419/556/550
f 419/556/550 354/544/539 431/557/551
f 354/544/539 353/499/494 431/557/551
f 431/557/551 429/558/552 419/556/550
f 419/556/550 421/559/553 420/555/549
f 429/558/552 421/559/553 419/556/550
f 421/559/553 422/560/554 420/555/549
f 429/558/552 378/561/555 421/559/553
f 422/560/554 421/559/553 378/561/555
f 429/558/552 376/562/556 378/561/555
f 431/557/551 430/563/557 429/558/552
f 376/562/556 429/558/552 430/563/557
f 431/557/551 424/564/558 430/563/557
f 424/564/558 431/557/551 353/499/494
f 423/565/559 424/564/558 353/499/494
f 353/499/494 433/495/490 423/565/559
f 433/495/490 1043/472/468 423/565/559
f 1043/472/468 1044/566/560 423/565/559
f 1043/472/468 50/470/466 56/567/561
f 1044/566/560 1043/472/468 56/567/561
f 1044/566/560 56/567/561 1066/568/562
f 1044/566/560 1066/568/562 397/569/563
f 398/570/564 1044/566/560 397/569/563
f 1044/566/560 398/570/564 423/565/559
f 387/571/565 424/564/558 423/565/559
f 398/570/564 387/571/565 423/565/559
f 387/571/565 398/570/564 397/569/563
f 386/572/566 387/571/565 397/569/563
f 385/573/567 387/571/565 386/572/566
f 424/564/558 387/571/565 385/573/567
f 424/564/558 385/573/567 430/563/557
f 389/574/568 376/562/556 430/563/557
f 385/573/567 389/574/568 430/563/557
f 386/572/566 388/575/569 385/573/567
f 389/574/568 385/573/567 388/575/569
f 386/572/566 399/576/570 388/575/569
f 386/572/566 397/569/563 399/576/570
f 397/569/563 61/577/571 399/576/570
f 1066/568/562 61/577/571 397/569/563
f 1066/568/562 57/578/572 61/577/571
f 56/567/561 57/578/572 1066/568/562
f 56/567/561 50/470/466 49/579/573
f 57/578/572 56/567/561 49/579/573
f 49/579/573 59/580/574 57/578/572
f 57/578/572 59/580/574 61/577/571
f 60/581/575 61/577/571 55/582/576
f 61/577/571 59/580/574 55/582/576
f 60/581/575 399/576/570 61/577/571
f 399/576/570 60/581/575 188/583/577
f 399/576/570 188/583/577 308/584/578
f 388/575/569 399/576/570 308/584/578
f 362/585/579 388/575/569 308/584/578
f 362/585/579 389/574/568 388/575/569
f 376/562/556 389/574/568 362/585/579
f 363/586/580 376/562/556 362/585/579
f 376/562/556 363/586/580 377/587/581
f 378/561/555 376/562/556 377/587/581
f 363/586/580 411/588/582 377/587/581
f 362/585/579 361/589/583 363/586/580
f 363/586/580 361/589/583 411/588/582
f 362/585/579 364/590/584 361/589/583
f 364/590/584 362/585/579 308/584/578
f 364/590/584 342/591/585 361/589/583
f 411/588/582 361/589/583 342/591/585
f 364/590/584 309/592/586 342/591/585
f 309/592/586 364/590/584 308/584/578
f 308/584/578 310/593/587 309/592/586
f 308/584/578 188/583/577 310/593/587
f 310/593/587 342/591/585 309/592/586
f 188/583/577 341/594/588 310/593/587
f 342/591/585 310/593/587 341/594/588
f 342/591/585 341/594/588 349/595/589
f 351/596/590 342/591/585 349/595/589
f 351/596/590 411/588/582 342/591/585
f 411/588/582 351/596/590 413/597/591
f 377/587/581 411/588/582 413/597/591
f 369/598/592 377/587/581 413/597/591
f 378/561/555 377/587/581 369/598/592
f 367/599/593 378/561/555 369/598/592
f 367/599/593 422/560/554 378/561/555
f 369/598/592 368/600/594 367/599/593
f 368/600/594 369/598/592 413/597/591
f 403/601/595 368/600/594 413/597/591
f 351/596/590 403/601/595 413/597/591
f 349/595/589 350/602/596 351/596/590
f 351/596/590 401/603/597 403/601/595
f 350/602/596 401/603/597 351/596/590
f 403/601/595 402/604/598 368/600/594
f 402/604/598 403/601/595 401/603/597
f 402/604/598 371/605/599 368/600/594
f 368/600/594 371/605/599 370/606/600
f 367/599/593 368/600/594 370/606/600
f 367/599/593 370/606/600 392/607/601
f 367/599/593 392/607/601 422/560/554
f 392/607/601 428/608/602 422/560/554
f 420/555/549 422/560/554 428/608/602
f 432/609/603 420/555/549 428/608/602
f 432/609/603 636/554/548 420/555/549
f 428/608/602 426/610/604 432/609/603
f 428/608/602 392/607/601 426/610/604
f 390/611/605 392/607/601 391/612/606
f 392/607/601 390/611/605 426/610/604
f 392/607/601 370/606/600 391/612/606
f 391/612/606 393/613/607 390/611/605
f 390/611/605 393/613/607 426/610/604
f 391/612/606 409/614/608 393/613/607
f 393/613/607 409/614/608 426/610/604
f 426/610/604 409/614/608 427/615/609
f 426/610/604 427/615/609 432/609/603
f 432/609/603 427/615/609 635/616/610
f 636/554/548 432/609/603 635/616/610
f 427/615/609 416/617/611 635/616/610
f 409/614/608 416/617/611 427/615/609
f 391/612/606 406/618/612 409/614/608
f 409/614/608 408/619/613 416/617/611
f 408/619/613 409/614/608 406/618/612
f 408/619/613 417/620/614 416/617/611
f 417/620/614 425/621/615 416/617/611
f 425/621/615 632/622/616 416/617/611
f 632/622/616 635/616/610 416/617/611
f 725/623/617 635/616/610 632/622/616
f 636/554/548 635/616/610 725/623/617
f 726/553/547 636/554/548 725/623/617
f 725/623/617 724/624/618 726/553/547
f 724/624/618 719/552/546 726/553/547
f 719/552/546 724/624/618 715/625/619
f 719/552/546 715/625/619 718/551/545
f 718/551/545 715/625/619 716/626/620
f 718/551/545 716/626/620 956/550/544
f 716/626/620 959/627/621 956/550/544
f 956/550/544 959/627/621 958/536/531
f 959/627/621 960/628/622 958/536/531
f 960/628/622 971/535/530 958/536/531
f 959/627/621 962/629/623 960/628/622
f 960/628/622 961/630/624 971/535/530
f 961/630/624 960/628/622 962/629/623
f 961/630/624 481/534/529 971/535/530
f 962/629/623 963/631/625 961/630/624
f 961/630/624 970/632/626 481/534/529
f 961/630/624 963/631/625 970/632/626
f 970/632/626 483/633/627 481/534/529
f 481/534/529 483/633/627 482/533/528
f 970/632/626 963/631/625 969/634/628
f 483/633/627 970/632/626 969/634/628
f 963/631/625 968/635/629 969/634/628
f 963/631/625 962/629/623 964/636/630
f 964/636/630 968/635/629 963/631/625
f 962/629/623 965/637/631 964/636/630
f 965/637/631 962/629/623 624/638/632
f 962/629/623 966/639/633 624/638/632
f 966/639/633 962/629/623 959/627/621
f 966/639/633 959/627/621 716/626/620
f 717/640/634 966/639/633 716/626/620
f 715/625/619 717/640/634 716/626/620
f 966/639/633 717/640/634 623/641/635
f 624/638/632 966/639/633 623/641/635
f 715/625/619 621/642/636 717/640/634
f 621/642/636 623/641/635 717/640/634
f 715/625/619 724/624/618 621/642/636
f 621/642/636 619/643/637 623/641/635
f 619/643/637 624/638/632 623/641/635
f 621/642/636 620/644/638 619/643/637
f 620/644/638 621/642/636 724/624/618
f 634/645/639 620/644/638 724/624/618
f 634/645/639 724/624/618 725/623/617
f 633/646/640 634/645/639 725/623/617
f 633/646/640 725/623/617 632/622/616
f 631/647/641 633/646/640 632/622/616
f 425/621/615 631/647/641 632/622/616
f 633/646/640 631/647/641 629/648/642
f 634/645/639 633/646/640 629/648/642
f 629/648/642 612/649/643 634/645/639
f 612/649/643 620/644/638 634/645/639
f 629/648/642 723/650/644 612/649/643
f 629/648/642 631/647/641 630/651/645
f 723/650/644 629/648/642 630/651/645
f 631/647/641 425/621/615 630/651/645
f 425/621/615 359/652/646 630/651/645
f 359/652/646 723/650/644 630/651/645
f 425/621/615 417/620/614 359/652/646
f 357/653/647 417/620/614 408/619/613
f 417/620/614 357/653/647 359/652/646
f 359/652/646 357/653/647 358/654/648
f 358/654/648 722/655/649 359/652/646
f 722/655/649 723/650/644 359/652/646
f 722/655/649 721/656/650 723/650/644
f 721/656/650 614/657/651 723/650/644
f 723/650/644 614/657/651 612/649/643
f 721/656/650 627/658/652 614/657/651
f 612/649/643 614/657/651 613/659/653
f 614/657/651 627/658/652 613/659/653
f 613/659/653 615/660/654 612/649/643
f 620/644/638 612/649/643 618/661/655
f 618/661/655 612/649/643 615/660/654
f 618/661/655 626/662/656 620/644/638
f 615/660/654 617/663/657 618/661/655
f 618/661/655 617/663/657 626/662/656
f 615/660/654 613/659/653 616/664/658
f 617/663/657 615/660/654 616/664/658
f 613/659/653 627/658/652 616/664/658
f 627/658/652 462/665/659 458/666/660
f 616/664/658 627/658/652 458/666/660
f 462/665/659 627/658/652 721/656/650
f 463/667/661 462/665/659 721/656/650
f 307/668/662 463/667/661 721/656/650
f 307/668/662 721/656/650 722/655/649
f 284/669/663 307/668/662 722/655/649
f 722/655/649 358/654/648 284/669/663
f 357/653/647 356/670/664 358/654/648
f 358/654/648 356/670/664 284/669/663
f 357/653/647 408/619/613 418/671/665
f 356/670/664 357/653/647 418/671/665
f 287/672/666 356/670/664 418/671/665
f 355/673/667 356/670/664 287/672/666
f 356/670/664 355/673/667 284/669/663
f 283/674/668 284/669/663 282/675/669
f 355/673/667 282/675/669 284/669/663
f 283/674/668 307/668/662 284/669/663
f 306/676/670 307/668/662 283/674/668
f 463/667/661 307/668/662 306/676/670
f 460/677/671 463/667/661 306/676/670
f 463/667/661 460/677/671 462/665/659
f 460/677/671 458/666/660 462/665/659
f 458/666/660 460/677/671 459/678/672
f 306/676/670 464/679/673 460/677/671
f 464/679/673 459/678/672 460/677/671
f 461/680/674 459/678/672 464/679/673
f 461/680/674 458/666/660 459/678/672
f 461/680/674 973/681/675 458/666/660
f 973/681/675 616/664/658 458/666/660
f 616/664/658 973/681/675 972/682/676
f 617/663/657 616/664/658 972/682/676
f 617/663/657 972/682/676 625/683/677
f 617/663/657 625/683/677 626/662/656
f 626/662/656 625/683/677 622/684/678
f 620/644/638 626/662/656 622/684/678
f 622/684/678 619/643/637 620/644/638
f 622/684/678 625/683/677 619/643/637
f 625/683/677 624/638/632 619/643/637
f 625/683/677 967/685/679 624/638/632
f 972/682/676 967/685/679 625/683/677
f 967/685/679 965/637/631 624/638/632
f 967/685/679 975/686/680 965/637/631
f 975/686/680 964/636/630 965/637/631
f 967/685/679 974/687/681 975/686/680
f 972/682/676 974/687/681 967/685/679
f 972/682/676 973/681/675 977/688/682
f 974/687/681 972/682/676 977/688/682
f 977/688/682 933/689/683 974/687/681
f 933/689/683 977/688/682 973/681/675
f 465/690/684 933/689/683 973/681/675
f 461/680/674 465/690/684 973/681/675
f 465/690/684 461/680/674 464/679/673
f 465/690/684 464/679/673 466/691/685
f 464/679/673 468/692/686 466/691/685
f 464/679/673 306/676/670 538/693/687
f 468/692/686 464/679/673 538/693/687
f 306/676/670 299/694/688 538/693/687
f 306/676/670 283/674/668 299/694/688
f 299/694/688 300/695/689 538/693/687
f 300/695/689 468/692/686 538/693/687
f 299/694/688 278/696/690 300/695/689
f 468/692/686 300/695/689 526/697/691
f 526/697/691 300/695/689 278/696/690
f 526/697/691 525/698/692 468/692/686
f 466/691/685 468/692/686 525/698/692
f 466/691/685 525/698/692 527/699/693
f 467/700/694 466/691/685 527/699/693
f 467/700/694 465/690/684 466/691/685
f 467/700/694 932/701/695 465/690/684
f 932/701/695 933/689/683 465/690/684
f 467/700/694 527/699/693 932/701/695
f 932/701/695 923/702/696 933/689/683
f 933/689/683 934/703/697 974/687/681
f 923/702/696 934/703/697 933/689/683
f 974/687/681 934/703/697 975/686/680
f 934/703/697 942/704/698 975/686/680
f 975/686/680 942/704/698 964/636/630
f 934/703/697 923/702/696 918/705/699
f 918/705/699 942/704/698 934/703/697
f 923/702/696 922/706/700 918/705/699
f 976/707/701 922/706/700 923/702/696
f 932/701/695 976/707/701 923/702/696
f 527/699/693 976/707/701 932/701/695
f 528/708/702 529/709/703 527/699/693
f 527/699/693 529/709/703 976/707/701
f 527/699/693 525/698/692 528/708/702
f 537/710/704 528/708/702 525/698/692
f 526/697/691 537/710/704 525/698/692
f 537/710/704 526/697/691 267/711/705
f 267/711/705 526/697/691 278/696/690
f 278/696/690 269/712/706 267/711/705
f 278/696/690 299/694/688 279/713/707
f 278/696/690 279/713/707 269/712/706
f 299/694/688 281/714/708 279/713/707
f 283/674/668 281/714/708 299/694/688
f 281/714/708 283/674/668 282/675/669
f 281/714/708 282/675/669 279/713/707
f 279/713/707 280/715/709 269/712/706
f 282/675/669 280/715/709 279/713/707
f 280/715/709 282/675/669 360/716/710
f 360/716/710 282/675/669 355/673/667
f 285/717/711 360/716/710 355/673/667
f 285/717/711 355/673/667 287/672/666
f 285/717/711 287/672/666 286/718/712
f 288/719/713 285/717/711 286/718/712
f 288/719/713 292/720/714 285/717/711
f 292/720/714 360/716/710 285/717/711
f 288/719/713 291/721/715 292/720/714
f 288/719/713 286/718/712 291/721/715
f 291/721/715 293/722/716 292/720/714
f 293/722/716 294/723/717 292/720/714
f 292/720/714 294/723/717 360/716/710
f 296/724/718 280/715/709 360/716/710
f 294/723/717 296/724/718 360/716/710
f 280/715/709 343/725/719 269/712/706
f 343/725/719 280/715/709 296/724/718
f 343/725/719 270/726/720 269/712/706
f 268/727/721 267/711/705 269/712/706
f 270/726/720 268/727/721 269/712/706
f 267/711/705 266/218/218 265/728/722
f 267/711/705 268/727/721 266/218/218
f 265/728/722 537/710/704 267/711/705
f 265/728/722 536/215/215 537/710/704
f 536/215/215 265/728/722 266/218/218
f 266/218/218 268/727/721 311/219/219
f 268/727/721 270/726/720 274/729/723
f 268/727/721 274/729/723 311/219/219
f 311/219/219 274/729/723 1016/221/221
f 274/729/723 1031/730/724 1082/731/725
f 274/729/723 1082/731/725 1016/221/221
f 274/729/723 270/726/720 1031/730/724
f 343/725/719 297/732/726 270/726/720
f 297/732/726 1031/730/724 270/726/720
f 343/725/719 296/724/718 297/732/726
f 295/733/727 296/724/718 294/723/717
f 296/724/718 295/733/727 297/732/726
f 294/723/717 305/734/728 304/735/729
f 295/733/727 294/723/717 304/735/729
f 294/723/717 293/722/716 305/734/728
f 394/736/730 305/734/728 293/722/716
f 372/737/731 394/736/730 293/722/716
f 372/737/731 293/722/716 291/721/715
f 374/738/732 372/737/731 291/721/715
f 374/738/732 291/721/715 384/739/733
f 291/721/715 286/718/712 384/739/733
f 374/738/732 384/739/733 410/740/734
f 373/741/735 374/738/732 410/740/734
f 372/737/731 374/738/732 373/741/735
f 375/742/736 372/737/731 373/741/735
f 372/737/731 375/742/736 415/743/737
f 372/737/731 415/743/737 394/736/730
f 394/736/730 395/744/738 305/734/728
f 415/743/737 414/745/739 394/736/730
f 395/744/738 394/736/730 414/745/739
f 396/746/740 395/744/738 414/745/739
f 395/744/738 396/746/740 301/747/741
f 395/744/738 301/747/741 305/734/728
f 305/734/728 301/747/741 304/735/729
f 301/747/741 302/748/742 304/735/729
f 302/748/742 295/733/727 304/735/729
f 295/733/727 302/748/742 298/749/743
f 295/733/727 298/749/743 297/732/726
f 1123/750/744 1031/730/724 297/732/726
f 298/749/743 1123/750/744 297/732/726
f 302/748/742 339/751/745 298/749/743
f 1123/750/744 298/749/743 339/751/745
f 302/748/742 303/752/746 339/751/745
f 301/747/741 303/752/746 302/748/742
f 396/746/740 303/752/746 301/747/741
f 1110/753/747 303/752/746 396/746/740
f 339/751/745 303/752/746 1110/753/747
f 1111/754/748 339/751/745 1110/753/747
f 1111/754/748 1123/750/744 339/751/745
f 1123/750/744 1111/754/748 1033/755/749
f 1031/730/724 1123/750/744 1033/755/749
f 1111/754/748 1112/756/750 1033/755/749
f 1111/754/748 1110/753/747 1112/756/750
f 1110/753/747 1113/757/751 1112/756/750
f 396/746/740 1057/758/752 1110/753/747
f 1113/757/751 1110/753/747 1057/758/752
f 396/746/740 68/759/753 1057/758/752
f 68/759/753 396/746/740 414/745/739
f 68/759/753 74/760/754 1057/758/752
f 74/760/754 1113/757/751 1057/758/752
f 44/761/755 1113/757/751 74/760/754
f 1113/757/751 44/761/755 1114/762/756
f 1112/756/750 1113/757/751 1114/762/756
f 1114/762/756 1072/763/757 1112/756/750
f 1072/763/757 1033/755/749 1112/756/750
f 1072/763/757 1071/764/758 1033/755/749
f 1031/730/724 1033/755/749 1032/765/759
f 1071/764/758 1032/765/759 1033/755/749
f 1031/730/724 1032/765/759 1082/731/725
f 1082/731/725 1032/765/759 1071/764/758
f 1081/766/760 1082/731/725 1071/764/758
f 1071/764/758 1072/763/757 76/767/316
f 1072/763/757 1114/762/756 76/767/316
f 1114/762/756 44/761/755 75/768/761
f 1114/762/756 75/768/761 76/767/316
f 73/769/762 76/767/316 75/768/761
f 71/770/763 73/769/762 75/768/761
f 73/769/762 71/770/763 70/771/764
f 72/772/765 73/769/762 70/771/764
f 72/772/765 70/771/764 8/773/766
f 13/774/313 72/772/765 8/773/766
f 12/775/312 13/774/313 8/773/766
f 6/776/767 12/775/312 8/773/766
f 8/773/766 5/777/768 6/776/767
f 8/773/766 70/771/764 69/778/769
f 5/777/768 8/773/766 69/778/769
f 70/771/764 63/779/770 69/778/769
f 70/771/764 71/770/763 63/779/770
f 63/779/770 71/770/763 51/780/771
f 51/780/771 71/770/763 75/768/761
f 42/781/772 51/780/771 75/768/761
f 44/761/755 42/781/772 75/768/761
f 74/760/754 43/782/773 44/761/755
f 42/781/772 44/761/755 43/782/773
f 45/783/774 42/781/772 43/782/773
f 51/780/771 42/781/772 45/783/774
f 43/782/773 67/784/775 45/783/774
f 74/760/754 67/784/775 43/782/773
f 67/784/775 74/760/754 68/759/753
f 67/784/775 68/759/753 66/785/776
f 414/745/739 66/785/776 68/759/753
f 414/745/739 415/743/737 22/786/777
f 66/785/776 414/745/739 22/786/777
f 66/785/776 22/786/777 3/787/778
f 65/788/779 66/785/776 3/787/778
f 65/788/779 67/784/775 66/785/776
f 62/789/780 67/784/775 65/788/779
f 62/789/780 45/783/774 67/784/775
f 45/783/774 62/789/780 52/790/781
f 52/790/781 51/780/771 45/783/774
f 51/780/771 52/790/781 62/789/780
f 63/779/770 51/780/771 62/789/780
f 63/779/770 62/789/780 64/791/782
f 69/778/769 63/779/770 64/791/782
f 5/777/768 69/778/769 64/791/782
f 1/792/783 5/777/768 64/791/782
f 64/791/782 65/788/779 1/792/783
f 64/791/782 62/789/780 65/788/779
f 65/788/779 3/787/778 1/792/783
f 1/792/783 3/787/778 2/793/784
f 25/794/785 3/787/778 21/795/786
f 2/793/784 3/787/778 25/794/785
f 3/787/778 22/786/777 21/795/786
f 21/795/786 225/796/787 25/794/785
f 22/786/777 1022/797/788 21/795/786
f 21/795/786 228/798/789 225/796/787
f 1022/797/788 228/798/789 21/795/786
f 225/796/787 224/799/790 25/794/785
f 228/798/789 230/800/791 225/796/787
f 230/800/791 224/799/790 225/796/787
f 228/798/789 226/801/792 230/800/791
f 226/801/792 228/798/789 227/802/793
f 227/802/793 228/798/789 1022/797/788
f 348/803/794 227/802/793 1022/797/788
f 347/804/795 348/803/794 1022/797/788
f 22/786/777 347/804/795 1022/797/788
f 415/743/737 345/805/796 22/786/777
f 22/786/777 346/806/797 347/804/795
f 346/806/797 22/786/777 345/805/796
f 346/806/797 344/807/798 347/804/795
f 347/804/795 344/807/798 348/803/794
f 346/806/797 345/805/796 344/807/798
f 345/805/796 375/742/736 344/807/798
f 375/742/736 345/805/796 415/743/737
f 375/742/736 373/741/735 344/807/798
f 373/741/735 410/740/734 344/807/798
f 344/807/798 350/602/596 348/803/794
f 410/740/734 350/602/596 344/807/798
f 348/803/794 350/602/596 349/595/589
f 348/803/794 349/595/589 227/802/793
f 229/808/799 226/801/792 227/802/793
f 349/595/589 229/808/799 227/802/793
f 349/595/589 341/594/588 229/808/799
f 341/594/588 188/583/577 229/808/799
f 229/808/799 188/583/577 232/809/800
f 232/809/800 231/810/801 229/808/799
f 231/810/801 226/801/792 229/808/799
f 181/811/802 226/801/792 231/810/801
f 181/811/802 247/812/803 226/801/792
f 247/812/803 230/800/791 226/801/792
f 247/812/803 257/813/804 230/800/791
f 257/813/804 224/799/790 230/800/791
f 247/812/803 256/814/805 257/813/804
f 181/811/802 81/815/806 247/812/803
f 81/815/806 256/814/805 247/812/803
f 181/811/802 179/816/807 81/815/806
f 231/810/801 183/817/808 181/811/802
f 179/816/807 181/811/802 183/817/808
f 231/810/801 246/818/809 183/817/808
f 232/809/800 219/819/810 231/810/801
f 246/818/809 231/810/801 219/819/810
f 232/809/800 53/820/811 219/819/810
f 188/583/577 189/821/812 232/809/800
f 189/821/812 53/820/811 232/809/800
f 188/583/577 60/581/575 189/821/812
f 189/821/812 60/581/575 53/820/811
f 60/581/575 55/582/576 53/820/811
f 53/820/811 55/582/576 54/822/813
f 53/820/811 54/822/813 219/819/810
f 54/822/813 204/823/814 219/819/810
f 204/823/814 246/818/809 219/819/810
f 54/822/813 55/582/576 58/824/815
f 59/580/574 58/824/815 55/582/576
f 49/579/573 47/825/816 59/580/574
f 47/825/816 58/824/815 59/580/574
f 48/826/817 58/824/815 47/825/816
f 58/824/815 48/826/817 30/827/818
f 47/825/816 32/828/819 48/826/817
f 48/826/817 32/828/819 30/827/818
f 30/827/818 32/828/819 31/468/464
f 32/828/819 33/829/820 31/468/464
f 33/829/820 32/828/819 47/825/816
f 33/829/820 47/825/816 49/579/573
f 50/470/466 33/829/820 49/579/573
f 33/829/820 50/470/466 46/469/465
f 31/468/464 33/829/820 46/469/465
f 179/816/807 183/817/808 185/830/821
f 185/830/821 183/817/808 246/818/809
f 185/830/821 246/818/809 202/831/822
f 202/831/822 246/818/809 204/823/814
f 202/831/822 204/823/814 203/832/823
f 205/833/370 202/831/822 203/832/823
f 206/834/824 202/831/822 205/833/370
f 206/834/824 185/830/821 202/831/822
f 205/833/370 207/835/368 206/834/824
f 206/834/824 249/836/825 185/830/821
f 207/835/368 208/837/826 206/834/824
f 249/836/825 206/834/824 208/837/826
f 207/835/368 209/838/361 208/837/826
f 210/839/827 208/837/826 209/838/361
f 212/840/828 210/839/827 209/838/361
f 210/839/827 252/841/829 208/837/826
f 252/841/829 249/836/825 208/837/826
f 248/842/829 249/836/825 252/841/829
f 248/842/829 178/843/830 249/836/825
f 178/843/830 185/830/821 249/836/825
f 178/843/830 179/816/807 185/830/821
f 178/843/830 81/815/806 179/816/807
f 80/844/831 81/815/806 178/843/830
f 80/844/831 178/843/830 186/845/832
f 186/845/832 178/843/830 248/842/829
f 186/845/832 248/842/829 250/846/833
f 250/846/833 248/842/829 252/841/829
f 250/846/833 252/841/829 253/847/834
f 253/847/834 252/841/829 210/839/827
f 253/847/834 210/839/827 213/848/835
f 213/848/835 210/839/827 212/840/828
f 214/849/352 213/848/835 212/840/828
f 38/850/836 213/848/835 214/849/352
f 215/851/837 38/850/836 214/849/352
f 213/848/835 39/852/838 253/847/834
f 39/852/838 213/848/835 38/850/836
f 39/852/838 250/846/833 253/847/834
f 251/853/839 250/846/833 39/852/838
f 186/845/832 250/846/833 251/853/839
f 82/854/840 186/845/832 251/853/839
f 82/854/840 80/844/831 186/845/832
f 80/844/831 82/854/840 81/815/806
f 81/815/806 82/854/840 254/855/841
f 82/854/840 251/853/839 254/855/841
f 81/815/806 254/855/841 256/814/805
f 251/853/839 37/856/842 254/855/841
f 251/853/839 39/852/838 37/856/842
f 37/856/842 39/852/838 38/850/836
f 37/856/842 38/850/836 216/857/843
f 216/857/843 38/850/836 215/851/837
f 220/858/844 216/857/843 215/851/837
f 221/859/845 216/857/843 220/858/844
f 37/856/842 216/857/843 221/859/845
f 220/858/844 160/860/846 221/859/845
f 222/861/847 221/859/845 160/860/846
f 255/862/848 221/859/845 222/861/847
f 255/862/848 37/856/842 221/859/845
f 254/855/841 37/856/842 255/862/848
f 254/855/841 255/862/848 256/814/805
f 256/814/805 255/862/848 258/863/849
f 258/863/849 255/862/848 222/861/847
f 258/863/849 257/813/804 256/814/805
f 258/863/849 222/861/847 223/864/850
f 257/813/804 258/863/849 223/864/850
f 257/813/804 223/864/850 224/799/790
f 224/799/790 223/864/850 26/865/851
f 25/794/785 224/799/790 26/865/851
f 26/865/851 2/793/784 25/794/785
f 4/866/852 2/793/784 26/865/851
f 4/866/852 1/792/783 2/793/784
f 26/865/851 27/867/853 4/866/852
f 26/865/851 223/864/850 27/867/853
f 223/864/850 222/861/847 27/867/853
f 27/867/853 222/861/847 160/860/846
f 4/866/852 27/867/853 160/860/846
f 4/866/852 160/860/846 28/868/854
f 4/866/852 28/868/854 7/869/855
f 1/792/783 4/866/852 7/869/855
f 5/777/768 1/792/783 7/869/855
f 5/777/768 7/869/855 6/776/767
f 391/612/606 370/606/600 406/618/612
f 370/606/600 407/870/856 406/618/612
f 370/606/600 371/605/599 407/870/856
f 371/605/599 402/604/598 407/870/856
f 407/870/856 402/604/598 400/871/857
f 400/871/857 402/604/598 401/603/597
f 400/871/857 405/872/858 407/870/856
f 407/870/856 405/872/858 406/618/612
f 404/873/859 408/619/613 406/618/612
f 405/872/858 404/873/859 406/618/612
f 405/872/858 379/874/860 404/873/859
f 400/871/857 380/875/861 405/872/858
f 380/875/861 379/874/860 405/872/858
f 400/871/857 366/876/862 380/875/861
f 401/603/597 366/876/862 400/871/857
f 380/875/861 366/876/862 379/874/860
f 289/877/863 366/876/862 365/878/864
f 366/876/862 289/877/863 379/874/860
f 366/876/862 401/603/597 365/878/864
f 412/879/865 365/878/864 401/603/597
f 412/879/865 401/603/597 350/602/596
f 410/740/734 412/879/865 350/602/596
f 410/740/734 384/739/733 412/879/865
f 384/739/733 365/878/864 412/879/865
f 384/739/733 286/718/712 365/878/864
f 286/718/712 289/877/863 365/878/864
f 289/877/863 286/718/712 287/672/666
f 290/880/866 289/877/863 287/672/666
f 379/874/860 289/877/863 290/880/866
f 381/881/867 379/874/860 290/880/866
f 379/874/860 381/881/867 404/873/859
f 404/873/859 381/881/867 408/619/613
f 381/881/867 383/882/868 408/619/613
f 418/671/665 408/619/613 383/882/868
f 381/881/867 382/883/869 383/882/868
f 381/881/867 290/880/866 382/883/869
f 382/883/869 418/671/665 383/882/868
f 382/883/869 290/880/866 418/671/665
f 290/880/866 287/672/666 418/671/665
f 1081/766/760 1018/884/870 1082/731/725
f 1018/884/870 1016/221/221 1082/731/725
f 1016/221/221 1018/884/870 1017/885/871
f 319/223/223 1016/221/221 1017/885/871
f 319/223/223 1017/885/871 324/886/872
f 1017/885/871 326/887/873 324/886/872
f 319/223/223 324/886/872 313/224/224
f 326/887/873 325/888/874 324/886/872
f 324/886/872 323/889/875 313/224/224
f 325/888/874 323/889/875 324/886/872
f 323/889/875 322/230/230 313/224/224
f 337/242/242 322/230/230 323/889/875
f 337/242/242 323/889/875 325/888/874
f 337/242/242 325/888/874 327/890/876
f 327/890/876 325/888/874 326/887/873
f 1221/891/877 1222/892/878 1216/893/879
f 1216/893/879 1217/894/880 1214/895/881
f 1222/892/878 1217/894/880 1216/893/879
f 1307/896/882 1217/894/880 1222/892/878
f 1308/897/883 1307/896/882 1222/892/878
f 1217/894/880 1215/898/884 1214/895/881
f 1215/898/884 1217/894/880 1307/896/882
f 1215/898/884 1212/899/885 1214/895/881
f 1215/898/884 1213/900/886 1212/899/885
f 1212/899/885 1213/900/886 1210/901/887
f 1215/898/884 1306/902/888 1213/900/886
f 1306/902/888 1215/898/884 1307/896/882
f 1307/896/882 1351/903/889 1306/902/888
f 1308/897/883 1351/903/889 1307/896/882
f 1354/904/890 1351/903/889 1308/897/883
f 1363/905/891 1354/904/890 1308/897/883
f 1363/905/891 1390/906/892 1354/904/890
f 1351/903/889 1354/904/890 1353/907/893
f 1390/906/892 1355/908/894 1354/904/890
f 1354/904/890 1355/908/894 1353/907/893
f 1390/906/892 1391/909/895 1368/910/896
f 1355/908/894 1390/906/892 1368/910/896
f 1391/909/895 1381/911/897 1368/910/896
f 1368/910/896 1329/912/898 1355/908/894
f 1381/911/897 781/913/899 1368/910/896
f 1329/912/898 1368/910/896 779/914/900
f 1368/910/896 781/913/899 779/914/900
f 781/913/899 782/915/901 780/916/902
f 779/914/900 781/913/899 780/916/902
f 781/913/899 1372/917/903 782/915/901
f 1381/911/897 1372/917/903 781/913/899
f 782/915/901 739/918/904 780/916/902
f 782/915/901 1372/917/903 739/918/904
f 738/919/905 1372/917/903 1344/920/891
f 1372/917/903 738/919/905 739/918/904
f 1372/917/903 1380/921/906 1344/920/891
f 1372/917/903 1381/911/897 1380/921/906
f 1381/911/897 1382/922/895 1380/921/906
f 1329/912/898 1353/907/893 1355/908/894
f 1353/907/893 1329/912/898 1352/923/907
f 1351/903/889 1353/907/893 1352/923/907
f 1351/903/889 1352/923/907 1306/902/888
f 1352/923/907 1356/924/908 1306/902/888
f 1352/923/907 1329/912/898 1356/924/908
f 1329/912/898 779/914/900 1328/925/909
f 1329/912/898 1328/925/909 1356/924/908
f 779/914/900 776/926/910 777/927/911
f 779/914/900 777/927/911 1328/925/909
f 779/914/900 780/916/902 776/926/910
f 746/928/912 780/916/902 743/929/913
f 780/916/902 746/928/912 776/926/910
f 780/916/902 739/918/904 743/929/913
f 743/929/913 739/918/904 820/930/914
f 737/931/915 739/918/904 738/919/905
f 739/918/904 737/931/915 820/930/914
f 738/919/905 593/932/916 737/931/915
f 593/932/916 738/919/905 1344/920/891
f 592/933/917 593/932/916 1344/920/891
f 1344/920/891 1313/934/918 592/933/917
f 592/933/917 591/935/919 593/932/916
f 737/931/915 593/932/916 736/936/920
f 593/932/916 591/935/919 736/936/920
f 737/931/915 736/936/920 821/937/921
f 737/931/915 821/937/921 820/930/914
f 817/938/922 819/939/923 820/930/914
f 821/937/921 817/938/922 820/930/914
f 819/939/923 743/929/913 820/930/914
f 817/938/922 745/940/924 819/939/923
f 745/940/924 743/929/913 819/939/923
f 743/929/913 745/940/924 744/941/925
f 746/928/912 743/929/913 744/941/925
f 745/940/924 817/938/922 744/941/925
f 818/942/926 744/941/925 817/938/922
f 816/943/927 744/941/925 818/942/926
f 746/928/912 744/941/925 816/943/927
f 746/928/912 816/943/927 815/944/928
f 815/944/928 814/945/929 746/928/912
f 814/945/929 776/926/910 746/928/912
f 776/926/910 814/945/929 786/946/930
f 778/947/931 776/926/910 786/946/930
f 776/926/910 778/947/931 777/927/911
f 786/946/930 785/948/932 778/947/931
f 778/947/931 784/949/933 777/927/911
f 784/949/933 778/947/931 785/948/932
f 792/950/934 784/949/933 785/948/932
f 785/948/932 787/951/935 792/950/934
f 787/951/935 785/948/932 786/946/930
f 787/951/935 786/946/930 812/952/936
f 812/952/936 786/946/930 814/945/929
f 827/953/937 812/952/936 814/945/929
f 827/953/937 814/945/929 815/944/928
f 828/954/938 827/953/937 815/944/928
f 828/954/938 815/944/928 816/943/927
f 828/954/938 910/955/939 827/953/937
f 812/952/936 827/953/937 910/955/939
f 810/956/940 812/952/936 910/955/939
f 810/956/940 793/957/941 812/952/936
f 793/957/941 787/951/935 812/952/936
f 787/951/935 793/957/941 792/950/934
f 784/949/933 792/950/934 795/958/942
f 793/957/941 797/959/943 792/950/934
f 795/958/942 792/950/934 797/959/943
f 795/958/942 797/959/943 796/960/944
f 794/961/945 795/958/942 796/960/944
f 784/949/933 795/958/942 794/961/945
f 775/962/946 784/949/933 794/961/945
f 794/961/945 790/963/947 775/962/946
f 794/961/945 796/960/944 790/963/947
f 796/960/944 798/964/948 791/965/949
f 790/963/947 796/960/944 791/965/949
f 796/960/944 797/959/943 798/964/948
f 797/959/943 799/966/950 798/964/948
f 799/966/950 797/959/943 793/957/941
f 793/957/941 807/967/951 799/966/950
f 807/967/951 793/957/941 810/956/940
f 806/968/952 807/967/951 810/956/940
f 806/968/952 810/956/940 910/955/939
f 912/969/953 806/968/952 910/955/939
f 912/969/953 910/955/939 911/970/954
f 911/970/954 910/955/939 828/954/938
f 911/970/954 828/954/938 831/971/955
f 831/971/955 828/954/938 816/943/927
f 829/972/956 831/971/955 816/943/927
f 818/942/926 829/972/956 816/943/927
f 817/938/922 826/973/957 818/942/926
f 818/942/926 826/973/957 829/972/956
f 817/938/922 821/937/921 822/974/958
f 826/973/957 817/938/922 822/974/958
f 821/937/921 736/936/920 822/974/958
f 822/974/958 736/936/920 747/975/959
f 823/976/960 822/974/958 747/975/959
f 826/973/957 822/974/958 823/976/960
f 906/977/961 826/973/957 823/976/960
f 830/978/962 826/973/957 906/977/961
f 826/973/957 830/978/962 829/972/956
f 831/971/955 829/972/956 908/979/963
f 908/979/963 829/972/956 830/978/962
f 908/979/963 909/980/964 831/971/955
f 909/980/964 911/970/954 831/971/955
f 914/981/965 911/970/954 909/980/964
f 914/981/965 912/969/953 911/970/954
f 912/969/953 914/981/965 913/982/966
f 806/968/952 912/969/953 913/982/966
f 805/983/967 806/968/952 913/982/966
f 805/983/967 803/984/968 806/968/952
f 803/984/968 807/967/951 806/968/952
f 800/985/969 807/967/951 803/984/968
f 807/967/951 800/985/969 799/966/950
f 798/964/948 799/966/950 800/985/969
f 801/986/970 798/964/948 800/985/969
f 801/986/970 800/985/969 802/987/971
f 800/985/969 803/984/968 802/987/971
f 803/984/968 805/983/967 804/988/972
f 802/987/971 803/984/968 804/988/972
f 805/983/967 919/989/973 804/988/972
f 919/989/973 805/983/967 921/990/974
f 805/983/967 913/982/966 921/990/974
f 913/982/966 914/981/965 917/991/975
f 921/990/974 913/982/966 917/991/975
f 914/981/965 915/992/976 917/991/975
f 915/992/976 914/981/965 909/980/964
f 915/992/976 909/980/964 908/979/963
f 916/993/977 915/992/976 908/979/963
f 915/992/976 916/993/977 917/991/975
f 908/979/963 943/994/978 916/993/977
f 943/994/978 908/979/963 830/978/962
f 830/978/962 968/635/629 943/994/978
f 906/977/961 907/995/979 830/978/962
f 830/978/962 907/995/979 968/635/629
f 823/976/960 824/996/980 906/977/961
f 907/995/979 906/977/961 824/996/980
f 823/976/960 752/997/981 824/996/980
f 747/975/959 752/997/981 823/976/960
f 824/996/980 752/997/981 825/998/982
f 824/996/980 825/998/982 483/633/627
f 907/995/979 824/996/980 483/633/627
f 907/995/979 483/633/627 969/634/628
f 907/995/979 969/634/628 968/635/629
f 968/635/629 964/636/630 943/994/978
f 942/704/698 916/993/977 943/994/978
f 942/704/698 943/994/978 964/636/630
f 942/704/698 918/705/699 916/993/977
f 916/993/977 918/705/699 917/991/975
f 922/706/700 921/990/974 917/991/975
f 922/706/700 917/991/975 918/705/699
f 922/706/700 978/999/983 921/990/974
f 979/1000/984 919/989/973 921/990/974
f 978/999/983 979/1000/984 921/990/974
f 919/989/973 920/1001/985 804/988/972
f 920/1001/985 919/989/973 979/1000/984
f 920/1001/985 981/1002/986 804/988/972
f 979/1000/984 980/1003/987 920/1001/985
f 981/1002/986 920/1001/985 980/1003/987
f 979/1000/984 533/1004/988 980/1003/987
f 978/999/983 531/1005/989 979/1000/984
f 531/1005/989 533/1004/988 979/1000/984
f 978/999/983 529/709/703 531/1005/989
f 529/709/703 978/999/983 976/707/701
f 976/707/701 978/999/983 922/706/700
f 529/709/703 528/708/702 530/1006/990
f 531/1005/989 529/709/703 530/1006/990
f 531/1005/989 530/1006/990 532/1007/991
f 533/1004/988 531/1005/989 532/1007/991
f 534/1008/992 533/1004/988 532/1007/991
f 534/1008/992 982/1009/993 533/1004/988
f 982/1009/993 980/1003/987 533/1004/988
f 980/1003/987 982/1009/993 981/1002/986
f 982/1009/993 983/1010/994 981/1002/986
f 534/1008/992 509/1011/995 982/1009/993
f 982/1009/993 508/1012/996 983/1010/994
f 509/1011/995 508/1012/996 982/1009/993
f 983/1010/994 989/1013/997 981/1002/986
f 508/1012/996 513/1014/998 983/1010/994
f 513/1014/998 989/1013/997 983/1010/994
f 988/1015/746 989/1013/997 513/1014/998
f 989/1013/997 988/1015/746 991/1016/999
f 990/1017/1000 989/1013/997 991/1016/999
f 989/1013/997 990/1017/1000 981/1002/986
f 990/1017/1000 804/988/972 981/1002/986
f 991/1016/999 808/1018/1001 990/1017/1000
f 808/1018/1001 804/988/972 990/1017/1000
f 802/987/971 804/988/972 808/1018/1001
f 809/1019/1002 802/987/971 808/1018/1001
f 809/1019/1002 801/986/970 802/987/971
f 798/964/948 801/986/970 809/1019/1002
f 791/965/949 798/964/948 809/1019/1002
f 791/965/949 809/1019/1002 811/1020/1003
f 809/1019/1002 808/1018/1001 811/1020/1003
f 1004/1021/1004 811/1020/1003 808/1018/1001
f 991/1016/999 1004/1021/1004 808/1018/1001
f 1004/1021/1004 991/1016/999 988/1015/746
f 1003/1022/1005 1004/1021/1004 988/1015/746
f 988/1015/746 517/1023/1006 1003/1022/1005
f 517/1023/1006 988/1015/746 513/1014/998
f 517/1023/1006 877/1024/1007 1003/1022/1005
f 1003/1022/1005 877/1024/1007 836/1025/1008
f 1003/1022/1005 836/1025/1008 1004/1021/1004
f 811/1020/1003 1004/1021/1004 813/1026/1009
f 836/1025/1008 813/1026/1009 1004/1021/1004
f 813/1026/1009 791/965/949 811/1020/1003
f 789/1027/1010 791/965/949 813/1026/1009
f 791/965/949 789/1027/1010 790/963/947
f 813/1026/1009 788/1028/1011 789/1027/1010
f 789/1027/1010 774/1029/1012 790/963/947
f 774/1029/1012 789/1027/1010 788/1028/1011
f 774/1029/1012 775/962/946 790/963/947
f 774/1029/1012 763/1030/1013 775/962/946
f 763/1030/1013 774/1029/1012 788/1028/1011
f 788/1028/1011 835/1031/1014 763/1030/1013
f 835/1031/1014 788/1028/1011 813/1026/1009
f 836/1025/1008 835/1031/1014 813/1026/1009
f 836/1025/1008 837/1032/1015 832/1033/1016
f 835/1031/1014 836/1025/1008 832/1033/1016
f 836/1025/1008 877/1024/1007 837/1032/1015
f 837/1032/1015 877/1024/1007 875/1034/1017
f 875/1034/1017 877/1024/1007 515/1035/1018
f 877/1024/1007 517/1023/1006 515/1035/1018
f 515/1035/1018 517/1023/1006 491/1036/1019
f 513/1014/998 519/1037/1020 517/1023/1006
f 519/1037/1020 491/1036/1019 517/1023/1006
f 513/1014/998 493/1038/1021 519/1037/1020
f 519/1037/1020 520/1039/1022 491/1036/1019
f 493/1038/1021 520/1039/1022 519/1037/1020
f 491/1036/1019 490/1040/1023 488/1041/1024
f 491/1036/1019 520/1039/1022 490/1040/1023
f 488/1041/1024 515/1035/1018 491/1036/1019
f 488/1041/1024 490/1040/1023 489/1042/1025
f 488/1041/1024 489/1042/1025 515/1035/1018
f 489/1042/1025 516/1043/1026 515/1035/1018
f 516/1043/1026 876/1044/1027 515/1035/1018
f 876/1044/1027 875/1034/1017 515/1035/1018
f 876/1044/1027 870/1045/1028 875/1034/1017
f 870/1045/1028 838/1046/1029 875/1034/1017
f 838/1046/1029 837/1032/1015 875/1034/1017
f 838/1046/1029 834/1047/1030 837/1032/1015
f 834/1047/1030 832/1033/1016 837/1032/1015
f 832/1033/1016 834/1047/1030 833/1048/1031
f 832/1033/1016 833/1048/1031 762/1049/1032
f 835/1031/1014 832/1033/1016 762/1049/1032
f 835/1031/1014 762/1049/1032 763/1030/1013
f 761/1050/1033 763/1030/1013 762/1049/1032
f 763/1030/1013 761/1050/1033 775/962/946
f 775/962/946 841/1051/1034 784/949/933
f 761/1050/1033 841/1051/1034 775/962/946
f 784/949/933 840/1052/1035 777/927/911
f 841/1051/1034 840/1052/1035 784/949/933
f 777/927/911 840/1052/1035 1330/1053/1036
f 1330/1053/1036 840/1052/1035 841/1051/1034
f 1330/1053/1036 1328/925/909 777/927/911
f 1356/924/908 1328/925/909 1330/1053/1036
f 1348/1054/1037 1356/924/908 1330/1053/1036
f 1330/1053/1036 1331/1055/1038 1348/1054/1037
f 1331/1055/1038 1330/1053/1036 841/1051/1034
f 1331/1055/1038 841/1051/1034 761/1050/1033
f 1332/1056/1039 1331/1055/1038 761/1050/1033
f 1332/1056/1039 761/1050/1033 1333/1057/1040
f 1333/1057/1040 761/1050/1033 762/1049/1032
f 1333/1057/1040 762/1049/1032 1378/1058/1041
f 762/1049/1032 833/1048/1031 1378/1058/1041
f 1374/1059/1042 1375/1060/1043 833/1048/1031
f 1375/1060/1043 1378/1058/1041 833/1048/1031
f 833/1048/1031 834/1047/1030 1374/1059/1042
f 834/1047/1030 838/1046/1029 839/1061/1044
f 1374/1059/1042 834/1047/1030 839/1061/1044
f 838/1046/1029 869/1062/1045 839/1061/1044
f 869/1062/1045 838/1046/1029 870/1045/1028
f 869/1062/1045 1371/1063/1046 839/1061/1044
f 1371/1063/1046 1377/1064/1047 839/1061/1044
f 1377/1064/1047 1374/1059/1042 839/1061/1044
f 1374/1059/1042 1377/1064/1047 1375/1060/1043
f 1379/1065/1048 1377/1064/1047 1370/1066/1049
f 1377/1064/1047 1379/1065/1048 1375/1060/1043
f 1377/1064/1047 1371/1063/1046 1370/1066/1049
f 1369/1067/1050 1370/1066/1049 1371/1063/1046
f 1376/1068/1051 1369/1067/1050 1371/1063/1046
f 1376/1068/1051 1371/1063/1046 869/1062/1045
f 871/1069/1052 1376/1068/1051 869/1062/1045
f 871/1069/1052 869/1062/1045 870/1045/1028
f 872/1070/1053 871/1069/1052 870/1045/1028
f 1376/1068/1051 871/1069/1052 872/1070/1053
f 1373/1071/1054 1376/1068/1051 872/1070/1053
f 1369/1067/1050 1376/1068/1051 1373/1071/1054
f 1326/1072/1055 1369/1067/1050 1373/1071/1054
f 1369/1067/1050 1326/1072/1055 1364/1073/1056
f 1369/1067/1050 1364/1073/1056 1370/1066/1049
f 1364/1073/1056 1365/1074/1057 1370/1066/1049
f 1370/1066/1049 1365/1074/1057 1379/1065/1048
f 1375/1060/1043 1379/1065/1048 1366/1075/1058
f 1365/1074/1057 1366/1075/1058 1379/1065/1048
f 1366/1075/1058 1367/1076/1059 1375/1060/1043
f 1378/1058/1041 1375/1060/1043 1367/1076/1059
f 1362/1077/1060 1378/1058/1041 1367/1076/1059
f 1333/1057/1040 1378/1058/1041 1362/1077/1060
f 1333/1057/1040 1334/1078/1061 1332/1056/1039
f 1334/1078/1061 1333/1057/1040 1362/1077/1060
f 1334/1078/1061 1357/1079/1062 1332/1056/1039
f 1358/1080/1063 1357/1079/1062 1334/1078/1061
f 1362/1077/1060 1358/1080/1063 1334/1078/1061
f 1359/1081/1064 1358/1080/1063 1362/1077/1060
f 1367/1076/1059 1359/1081/1064 1362/1077/1060
f 1367/1076/1059 1366/1075/1058 1361/1082/1065
f 1359/1081/1064 1367/1076/1059 1361/1082/1065
f 1366/1075/1058 1365/1074/1057 1361/1082/1065
f 1365/1074/1057 1364/1073/1056 1350/1083/1066
f 1365/1074/1057 1350/1083/1066 1361/1082/1065
f 1342/1084/1067 1361/1082/1065 1350/1083/1066
f 1361/1082/1065 1342/1084/1067 1359/1081/1064
f 1359/1081/1064 1345/1085/1068 1358/1080/1063
f 1342/1084/1067 1345/1085/1068 1359/1081/1064
f 1358/1080/1063 1346/1086/1069 1357/1079/1062
f 1345/1085/1068 1346/1086/1069 1358/1080/1063
f 1357/1079/1062 1347/1087/1070 1332/1056/1039
f 1347/1087/1070 1357/1079/1062 1346/1086/1069
f 1347/1087/1070 1331/1055/1038 1332/1056/1039
f 1348/1054/1037 1331/1055/1038 1347/1087/1070
f 1348/1054/1037 1347/1087/1070 1302/1088/1071
f 1347/1087/1070 1346/1086/1069 1301/1089/1072
f 1347/1087/1070 1301/1089/1072 1302/1088/1071
f 1346/1086/1069 1345/1085/1068 1298/1090/1073
f 1346/1086/1069 1298/1090/1073 1301/1089/1072
f 1345/1085/1068 1342/1084/1067 1295/1091/1074
f 1345/1085/1068 1295/1091/1074 1298/1090/1073
f 1298/1090/1073 1295/1091/1074 1198/1092/1075
f 1298/1090/1073 1198/1092/1075 1209/1093/1076
f 1301/1089/1072 1298/1090/1073 1209/1093/1076
f 1301/1089/1072 1209/1093/1076 1211/1094/1077
f 1302/1088/1071 1301/1089/1072 1211/1094/1077
f 1302/1088/1071 1211/1094/1077 1213/900/886
f 1303/1095/1078 1302/1088/1071 1213/900/886
f 1348/1054/1037 1302/1088/1071 1303/1095/1078
f 1356/924/908 1348/1054/1037 1303/1095/1078
f 1356/924/908 1303/1095/1078 1306/902/888
f 1303/1095/1078 1213/900/886 1306/902/888
f 1213/900/886 1211/1094/1077 1210/901/887
f 1210/901/887 1211/1094/1077 1209/1093/1076
f 1202/1096/1079 1210/901/887 1209/1093/1076
f 1202/1096/1079 1209/1093/1076 1198/1092/1075
f 1201/1097/1080 1202/1096/1079 1198/1092/1075
f 1201/1097/1080 1198/1092/1075 1199/1098/1081
f 1198/1092/1075 1200/1099/1082 1199/1098/1081
f 1295/1091/1074 1200/1099/1082 1198/1092/1075
f 1342/1084/1067 1294/1100/1083 1295/1091/1074
f 1295/1091/1074 1294/1100/1083 1200/1099/1082
f 1199/1098/1081 1200/1099/1082 1206/1101/1084
f 1294/1100/1083 1207/1102/1085 1200/1099/1082
f 1200/1099/1082 1207/1102/1085 1206/1101/1084
f 1294/1100/1083 1289/1103/1086 1207/1102/1085
f 1207/1102/1085 1289/1103/1086 1206/1101/1084
f 1289/1103/1086 1290/1104/1087 1206/1101/1084
f 1289/1103/1086 1287/1105/1088 1290/1104/1087
f 1287/1105/1088 1288/1106/1089 1290/1104/1087
f 1289/1103/1086 1296/1107/1090 1287/1105/1088
f 1294/1100/1083 1296/1107/1090 1289/1103/1086
f 1296/1107/1090 1294/1100/1083 1342/1084/1067
f 1341/1108/1091 1296/1107/1090 1342/1084/1067
f 1341/1108/1091 1342/1084/1067 1350/1083/1066
f 1341/1108/1091 1297/1109/1092 1296/1107/1090
f 1296/1107/1090 1297/1109/1092 1287/1105/1088
f 1287/1105/1088 1286/1110/1093 1288/1106/1089
f 1287/1105/1088 1297/1109/1092 1286/1110/1093
f 1286/1110/1093 1285/1111/1094 1288/1106/1089
f 1297/1109/1092 1299/1112/1095 1286/1110/1093
f 1285/1111/1094 1286/1110/1093 1284/1113/1096
f 1286/1110/1093 1299/1112/1095 1284/1113/1096
f 1284/1113/1096 1283/1114/1097 1285/1111/1094
f 1283/1114/1097 1284/1113/1096 1281/1115/1098
f 1284/1113/1096 1282/1116/1099 1281/1115/1098
f 1284/1113/1096 1300/1117/1100 1282/1116/1099
f 1299/1112/1095 1300/1117/1100 1284/1113/1096
f 1300/1117/1100 1299/1112/1095 1339/1118/1101
f 1339/1118/1101 1299/1112/1095 1340/1119/1102
f 1299/1112/1095 1297/1109/1092 1340/1119/1102
f 1340/1119/1102 1297/1109/1092 1341/1108/1091
f 1340/1119/1102 1341/1108/1091 1349/1120/1103
f 1341/1108/1091 1350/1083/1066 1349/1120/1103
f 1364/1073/1056 1349/1120/1103 1350/1083/1066
f 1364/1073/1056 1327/1121/1104 1349/1120/1103
f 1326/1072/1055 1327/1121/1104 1364/1073/1056
f 1349/1120/1103 1360/1122/1105 1340/1119/1102
f 1327/1121/1104 1360/1122/1105 1349/1120/1103
f 1360/1122/1105 1339/1118/1101 1340/1119/1102
f 1360/1122/1105 1325/1123/1106 1339/1118/1101
f 1325/1123/1106 1360/1122/1105 1327/1121/1104
f 1325/1123/1106 1327/1121/1104 1326/1072/1055
f 772/1124/1107 1325/1123/1106 1326/1072/1055
f 773/1125/1108 772/1124/1107 1326/1072/1055
f 1373/1071/1054 773/1125/1108 1326/1072/1055
f 1373/1071/1054 872/1070/1053 868/1126/1109
f 773/1125/1108 1373/1071/1054 868/1126/1109
f 773/1125/1108 868/1126/1109 865/1127/1110
f 765/1128/1111 773/1125/1108 865/1127/1110
f 772/1124/1107 773/1125/1108 765/1128/1111
f 764/1129/1112 772/1124/1107 765/1128/1111
f 772/1124/1107 764/1129/1112 1325/1123/1106
f 764/1129/1112 1324/1130/1113 1325/1123/1106
f 1339/1118/1101 1325/1123/1106 1324/1130/1113
f 1338/1131/1114 1339/1118/1101 1324/1130/1113
f 1338/1131/1114 1300/1117/1100 1339/1118/1101
f 1304/1132/1115 1300/1117/1100 1338/1131/1114
f 1300/1117/1100 1304/1132/1115 1282/1116/1099
f 1281/1115/1098 1282/1116/1099 1280/1133/1116
f 1304/1132/1115 1305/1134/1117 1282/1116/1099
f 1280/1133/1116 1282/1116/1099 1305/1134/1117
f 1304/1132/1115 1337/1135/1118 1305/1134/1117
f 1337/1135/1118 1304/1132/1115 1338/1131/1114
f 1337/1135/1118 1338/1131/1114 1323/1136/1119
f 1338/1131/1114 1324/1130/1113 1323/1136/1119
f 741/1137/1120 1323/1136/1119 1324/1130/1113
f 764/1129/1112 741/1137/1120 1324/1130/1113
f 740/1138/1121 741/1137/1120 764/1129/1112
f 765/1128/1111 740/1138/1121 764/1129/1112
f 740/1138/1121 765/1128/1111 852/1139/1122
f 852/1139/1122 765/1128/1111 864/1140/1123
f 765/1128/1111 865/1127/1110 864/1140/1123
f 868/1126/1109 874/1141/1124 865/1127/1110
f 874/1141/1124 864/1140/1123 865/1127/1110
f 868/1126/1109 873/1142/1125 874/1141/1124
f 868/1126/1109 872/1070/1053 873/1142/1125
f 873/1142/1125 872/1070/1053 870/1045/1028
f 870/1045/1028 876/1044/1027 873/1142/1125
f 873/1142/1125 1002/1143/1126 874/1141/1124
f 876/1044/1027 1002/1143/1126 873/1142/1125
f 876/1044/1027 516/1043/1026 1002/1143/1126
f 1002/1143/1126 1001/1144/1127 874/1141/1124
f 516/1043/1026 985/1145/1128 1002/1143/1126
f 1002/1143/1126 985/1145/1128 1001/1144/1127
f 1001/1144/1127 986/1146/1129 862/1147/1130
f 985/1145/1128 986/1146/1129 1001/1144/1127
f 862/1147/1130 864/1140/1123 1001/1144/1127
f 864/1140/1123 874/1141/1124 1001/1144/1127
f 862/1147/1130 854/1148/1131 864/1140/1123
f 852/1139/1122 864/1140/1123 854/1148/1131
f 844/1149/1132 852/1139/1122 854/1148/1131
f 844/1149/1132 842/1150/1133 852/1139/1122
f 842/1150/1133 740/1138/1121 852/1139/1122
f 742/1151/1134 740/1138/1121 842/1150/1133
f 740/1138/1121 742/1151/1134 741/1137/1120
f 742/1151/1134 1292/1152/1135 741/1137/1120
f 741/1137/1120 1292/1152/1135 1323/1136/1119
f 1292/1152/1135 1322/1153/1136 1323/1136/1119
f 1337/1135/1118 1323/1136/1119 1322/1153/1136
f 1292/1152/1135 759/1154/1137 1322/1153/1136
f 1292/1152/1135 742/1151/1134 759/1154/1137
f 1322/1153/1136 1321/1155/1138 1337/1135/1118
f 759/1154/1137 1321/1155/1138 1322/1153/1136
f 1337/1135/1118 1335/1156/1139 1305/1134/1117
f 1335/1156/1139 1337/1135/1118 1321/1155/1138
f 1335/1156/1139 1321/1155/1138 1320/1157/1140
f 1320/1157/1140 1321/1155/1138 759/1154/1137
f 1320/1157/1140 1336/1158/1141 1335/1156/1139
f 1309/1159/1142 1305/1134/1117 1335/1156/1139
f 1336/1158/1141 1309/1159/1142 1335/1156/1139
f 1309/1159/1142 1280/1133/1116 1305/1134/1117
f 1278/1160/1143 1280/1133/1116 1309/1159/1142
f 1279/1161/1144 1280/1133/1116 1278/1160/1143
f 1279/1161/1144 1281/1115/1098 1280/1133/1116
f 1278/1160/1143 1277/1162/1145 1279/1161/1144
f 843/1163/1146 742/1151/1134 842/1150/1133
f 843/1163/1146 842/1150/1133 844/1149/1132
f 845/1164/1147 843/1163/1146 844/1149/1132
f 845/1164/1147 844/1149/1132 846/1165/1148
f 846/1165/1148 844/1149/1132 854/1148/1131
f 862/1147/1130 857/1166/1149 854/1148/1131
f 846/1165/1148 854/1148/1131 857/1166/1149
f 862/1147/1130 860/200/200 857/1166/1149
f 986/1146/1129 860/200/200 862/1147/1130
f 986/1146/1129 985/1145/1128 987/1167/1150
f 860/200/200 986/1146/1129 987/1167/1150
f 860/200/200 987/1167/1150 941/201/201
f 850/199/199 857/1166/1149 860/200/200
f 857/1166/1149 850/199/199 848/1168/208
f 848/1168/208 846/1165/1148 857/1166/1149
f 847/1169/1151 846/1165/1148 848/1168/208
f 847/1169/1151 845/1164/1147 846/1165/1148
f 848/1168/208 849/1170/1152 847/1169/1151
f 849/1170/1152 848/1168/208 850/199/199
f 851/198/198 849/1170/1152 850/199/199
f 851/198/198 856/1171/1153 849/1170/1152
f 847/1169/1151 849/1170/1152 856/1171/1153
f 851/198/198 861/197/197 856/1171/1153
f 856/1171/1153 861/197/197 863/1172/1154
f 855/1173/1155 856/1171/1153 863/1172/1154
f 855/1173/1155 847/1169/1151 856/1171/1153
f 845/1164/1147 847/1169/1151 855/1173/1155
f 853/1174/1156 845/1164/1147 855/1173/1155
f 843/1163/1146 845/1164/1147 853/1174/1156
f 742/1151/1134 843/1163/1146 853/1174/1156
f 853/1174/1156 760/1175/1157 742/1151/1134
f 742/1151/1134 760/1175/1157 759/1154/1137
f 853/1174/1156 855/1173/1155 866/1176/1158
f 853/1174/1156 866/1176/1158 760/1175/1157
f 855/1173/1155 863/1172/1154 866/1176/1158
f 994/1177/1159 863/1172/1154 993/1178/1160
f 866/1176/1158 863/1172/1154 994/1177/1159
f 863/1172/1154 861/197/197 993/1178/1160
f 993/1178/1160 861/197/197 940/196/196
f 993/1178/1160 940/196/196 939/195/195
f 992/1179/1161 993/1178/1160 939/195/195
f 939/195/195 938/194/194 992/1179/1161
f 993/1178/1160 992/1179/1161 995/1180/1162
f 994/1177/1159 993/1178/1160 995/1180/1162
f 995/1180/1162 1000/1181/1163 994/1177/1159
f 867/1182/1164 866/1176/1158 994/1177/1159
f 1000/1181/1163 867/1182/1164 994/1177/1159
f 867/1182/1164 760/1175/1157 866/1176/1158
f 768/1183/1165 760/1175/1157 867/1182/1164
f 760/1175/1157 768/1183/1165 759/1154/1137
f 867/1182/1164 1000/1181/1163 749/1184/1166
f 749/1184/1166 768/1183/1165 867/1182/1164
f 1000/1181/1163 751/1185/1167 749/1184/1166
f 1000/1181/1163 995/1180/1162 879/1186/1168
f 879/1186/1168 751/1185/1167 1000/1181/1163
f 995/1180/1162 997/1187/1169 879/1186/1168
f 997/1187/1169 995/1180/1162 992/1179/1161
f 996/1188/1170 997/1187/1169 992/1179/1161
f 996/1188/1170 992/1179/1161 938/194/194
f 996/1188/1170 999/1189/1171 997/1187/1169
f 879/1186/1168 997/1187/1169 999/1189/1171
f 999/1189/1171 886/1190/1172 879/1186/1168
f 751/1185/1167 879/1186/1168 878/1191/1173
f 886/1190/1172 878/1191/1173 879/1186/1168
f 751/1185/1167 748/1192/1174 749/1184/1166
f 748/1192/1174 751/1185/1167 878/1191/1173
f 748/1192/1174 750/1193/1175 749/1184/1166
f 768/1183/1165 749/1184/1166 783/1194/1176
f 749/1184/1166 750/1193/1175 783/1194/1176
f 768/1183/1165 769/1195/1177 759/1154/1137
f 783/1194/1176 769/1195/1177 768/1183/1165
f 769/1195/1177 1320/1157/1140 759/1154/1137
f 769/1195/1177 1387/1196/1178 1320/1157/1140
f 1387/1196/1178 1392/1197/1179 1320/1157/1140
f 769/1195/1177 1388/1198/1180 1387/1196/1178
f 769/1195/1177 783/1194/1176 1388/1198/1180
f 754/1199/1181 1388/1198/1180 783/1194/1176
f 750/1193/1175 754/1199/1181 783/1194/1176
f 750/1193/1175 880/1200/1182 881/1201/1183
f 754/1199/1181 750/1193/1175 881/1201/1183
f 750/1193/1175 748/1192/1174 880/1200/1182
f 748/1192/1174 878/1191/1173 880/1200/1182
f 881/1201/1183 880/1200/1182 878/1191/1173
f 882/1202/1184 881/1201/1183 878/1191/1173
f 882/1202/1184 878/1191/1173 886/1190/1172
f 882/1202/1184 735/1203/1185 881/1201/1183
f 735/1203/1185 754/1199/1181 881/1201/1183
f 753/1204/1186 754/1199/1181 735/1203/1185
f 754/1199/1181 753/1204/1186 1388/1198/1180
f 1388/1198/1180 1386/1205/1187 1387/1196/1178
f 753/1204/1186 1386/1205/1187 1388/1198/1180
f 1386/1205/1187 1385/1206/1188 1387/1196/1178
f 1387/1196/1178 1385/1206/1188 1392/1197/1179
f 1385/1206/1188 1393/1207/1189 1392/1197/1179
f 1384/1208/1190 1383/1209/1191 1385/1206/1188
f 1385/1206/1188 1386/1205/1187 1384/1208/1190
f 1384/1208/1190 1386/1205/1187 1293/1210/1192
f 1386/1205/1187 753/1204/1186 1293/1210/1192
f 753/1204/1186 590/1211/1193 589/1212/1194
f 1293/1210/1192 753/1204/1186 589/1212/1194
f 590/1211/1193 753/1204/1186 735/1203/1185
f 590/1211/1193 587/1213/1195 589/1212/1194
f 587/1213/1195 590/1211/1193 735/1203/1185
f 734/1214/1196 587/1213/1195 735/1203/1185
f 734/1214/1196 735/1203/1185 883/1215/1197
f 735/1203/1185 882/1202/1184 883/1215/1197
f 883/1215/1197 882/1202/1184 886/1190/1172
f 883/1215/1197 886/1190/1172 887/1216/1198
f 886/1190/1172 999/1189/1171 998/1217/1199
f 887/1216/1198 886/1190/1172 998/1217/1199
f 999/1189/1171 996/1188/1170 998/1217/1199
f 698/1218/1200 996/1188/1170 938/194/194
f 998/1217/1199 996/1188/1170 698/1218/1200
f 697/1219/1201 998/1217/1199 698/1218/1200
f 887/1216/1198 998/1217/1199 697/1219/1201
f 888/1220/1202 887/1216/1198 697/1219/1201
f 888/1220/1202 885/1221/1203 887/1216/1198
f 884/1222/1204 883/1215/1197 887/1216/1198
f 885/1221/1203 884/1222/1204 887/1216/1198
f 883/1215/1197 733/1223/1205 734/1214/1196
f 884/1222/1204 733/1223/1205 883/1215/1197
f 734/1214/1196 576/1224/1206 587/1213/1195
f 733/1223/1205 576/1224/1206 734/1214/1196
f 587/1213/1195 576/1224/1206 577/1225/1207
f 588/1226/1208 587/1213/1195 577/1225/1207
f 587/1213/1195 588/1226/1208 589/1212/1194
f 577/1225/1207 611/1227/1209 588/1226/1208
f 589/1212/1194 588/1226/1208 611/1227/1209
f 1315/1228/1210 589/1212/1194 611/1227/1209
f 589/1212/1194 1317/1229/1211 1293/1210/1192
f 1315/1228/1210 1317/1229/1211 589/1212/1194
f 1317/1229/1211 1384/1208/1190 1293/1210/1192
f 1319/1230/1212 1384/1208/1190 1317/1229/1211
f 1384/1208/1190 1319/1230/1212 1389/1231/1213
f 1383/1209/1191 1384/1208/1190 1389/1231/1213
f 1319/1230/1212 1343/1232/1214 1389/1231/1213
f 1318/1233/1215 1343/1232/1214 1319/1230/1212
f 1319/1230/1212 1317/1229/1211 1318/1233/1215
f 1315/1228/1210 1316/1234/1216 1317/1229/1211
f 1317/1229/1211 1316/1234/1216 1318/1233/1215
f 1315/1228/1210 610/1235/1217 1312/1236/1218
f 1315/1228/1210 1312/1236/1218 1316/1234/1216
f 1315/1228/1210 611/1227/1209 610/1235/1217
f 610/1235/1217 611/1227/1209 577/1225/1207
f 578/1237/1219 610/1235/1217 577/1225/1207
f 573/1238/1220 578/1237/1219 577/1225/1207
f 577/1225/1207 576/1224/1206 573/1238/1220
f 576/1224/1206 570/1239/1221 573/1238/1220
f 570/1239/1221 576/1224/1206 733/1223/1205
f 732/1240/1222 570/1239/1221 733/1223/1205
f 732/1240/1222 733/1223/1205 884/1222/1204
f 885/1221/1203 732/1240/1222 884/1222/1204
f 888/1220/1202 889/1241/1223 885/1221/1203
f 885/1221/1203 890/1242/1224 732/1240/1222
f 890/1242/1224 885/1221/1203 889/1241/1223
f 890/1242/1224 731/1243/1225 732/1240/1222
f 570/1239/1221 732/1240/1222 731/1243/1225
f 572/1244/1226 570/1239/1221 731/1243/1225
f 570/1239/1221 572/1244/1226 571/1245/1227
f 573/1238/1220 570/1239/1221 571/1245/1227
f 573/1238/1220 571/1245/1227 578/1237/1219
f 574/1246/1228 575/1247/1229 571/1245/1227
f 571/1245/1227 575/1247/1229 578/1237/1219
f 571/1245/1227 572/1244/1226 574/1246/1228
f 572/1244/1226 731/1243/1225 766/1248/1230
f 574/1246/1228 572/1244/1226 766/1248/1230
f 731/1243/1225 891/1249/1231 766/1248/1230
f 731/1243/1225 890/1242/1224 891/1249/1231
f 891/1249/1231 890/1242/1224 894/1250/1232
f 890/1242/1224 889/1241/1223 894/1250/1232
f 891/1249/1231 894/1250/1232 893/1251/1233
f 892/1252/1234 891/1249/1231 893/1251/1233
f 892/1252/1234 766/1248/1230 891/1249/1231
f 893/1251/1233 900/1253/1235 892/1252/1234
f 892/1252/1234 767/1254/1236 766/1248/1230
f 900/1253/1235 767/1254/1236 892/1252/1234
f 766/1248/1230 586/1255/1237 574/1246/1228
f 767/1254/1236 586/1255/1237 766/1248/1230
f 574/1246/1228 586/1255/1237 584/1256/1238
f 575/1247/1229 574/1246/1228 584/1256/1238
f 586/1255/1237 583/1257/520 584/1256/1238
f 583/1257/520 586/1255/1237 767/1254/1236
f 771/1258/1239 583/1257/520 767/1254/1236
f 771/1258/1239 767/1254/1236 900/1253/1235
f 901/1259/1240 771/1258/1239 900/1253/1235
f 901/1259/1240 900/1253/1235 902/1260/1241
f 902/1260/1241 900/1253/1235 893/1251/1233
f 902/1260/1241 903/1261/513 901/1259/1240
f 903/1261/513 902/1260/1241 476/1262/1242
f 902/1260/1241 893/1251/1233 476/1262/1242
f 893/1251/1233 641/1263/1243 476/1262/1242
f 893/1251/1233 894/1250/1232 641/1263/1243
f 889/1241/1223 642/1264/1244 894/1250/1232
f 894/1250/1232 642/1264/1244 641/1263/1243
f 889/1241/1223 643/1265/1245 642/1264/1244
f 643/1265/1245 889/1241/1223 888/1220/1202
f 648/1266/1246 643/1265/1245 888/1220/1202
f 697/1219/1201 648/1266/1246 888/1220/1202
f 696/1267/1247 648/1266/1246 697/1219/1201
f 696/1267/1247 697/1219/1201 698/1218/1200
f 696/1267/1247 693/157/157 648/1266/1246
f 643/1265/1245 648/1266/1246 646/156/156
f 646/156/156 648/1266/1246 693/157/157
f 694/158/158 693/157/157 696/1267/1247
f 695/1268/1248 694/158/158 696/1267/1247
f 696/1267/1247 698/1218/1200 695/1268/1248
f 695/1268/1248 671/159/159 694/158/158
f 698/1218/1200 673/193/193 695/1268/1248
f 673/193/193 671/159/159 695/1268/1248
f 698/1218/1200 938/194/194 673/193/193
f 583/1257/520 585/1269/1249 584/1256/1238
f 584/1256/1238 585/1269/1249 601/1270/523
f 602/1271/1250 584/1256/1238 601/1270/523
f 575/1247/1229 584/1256/1238 602/1271/1250
f 601/1270/523 637/1272/1251 602/1271/1250
f 1265/1273/1252 602/1271/1250 637/1272/1251
f 1265/1273/1252 1266/1274/1253 602/1271/1250
f 606/1275/1254 575/1247/1229 602/1271/1250
f 1266/1274/1253 606/1275/1254 602/1271/1250
f 606/1275/1254 578/1237/1219 575/1247/1229
f 1268/1276/1255 578/1237/1219 606/1275/1254
f 578/1237/1219 1268/1276/1255 610/1235/1217
f 606/1275/1254 1266/1274/1253 1267/1277/1256
f 1267/1277/1256 1268/1276/1255 606/1275/1254
f 1267/1277/1256 1269/1278/1257 1268/1276/1255
f 1269/1278/1257 1270/1279/1258 1268/1276/1255
f 1268/1276/1255 1270/1279/1258 610/1235/1217
f 610/1235/1217 1270/1279/1258 1312/1236/1218
f 1272/1280/1259 1270/1279/1258 1269/1278/1257
f 1270/1279/1258 1272/1280/1259 1312/1236/1218
f 1269/1278/1257 1271/1281/1260 1272/1280/1259
f 1271/1281/1260 1273/1282/1261 1272/1280/1259
f 1273/1282/1261 1274/1283/1262 1272/1280/1259
f 1274/1283/1262 1273/1282/1261 1276/1284/1263
f 1275/1285/1264 1274/1283/1262 1276/1284/1263
f 1275/1285/1264 1310/1286/1265 1274/1283/1262
f 1310/1286/1265 1311/1287/1266 1274/1283/1262
f 1272/1280/1259 1274/1283/1262 1311/1287/1266
f 1312/1236/1218 1272/1280/1259 1311/1287/1266
f 1312/1236/1218 1311/1287/1266 1316/1234/1216
f 1316/1234/1216 1311/1287/1266 1318/1233/1215
f 1311/1287/1266 1310/1286/1265 1318/1233/1215
f 483/633/627 825/998/982 482/533/528
f 825/998/982 897/532/527 482/533/528
f 755/1288/1267 897/532/527 825/998/982
f 757/531/526 897/532/527 755/1288/1267
f 825/998/982 752/997/981 755/1288/1267
f 562/1289/1268 755/1288/1267 752/997/981
f 562/1289/1268 565/1290/1269 755/1288/1267
f 565/1290/1269 757/531/526 755/1288/1267
f 757/531/526 565/1290/1269 756/530/525
f 565/1290/1269 566/529/524 756/530/525
f 565/1290/1269 562/1289/1268 563/1291/1270
f 566/529/524 565/1290/1269 563/1291/1270
f 567/1292/1271 566/529/524 563/1291/1270
f 566/529/524 567/1292/1271 579/527/522
f 579/527/522 567/1292/1271 598/1293/1272
f 579/527/522 598/1293/1272 600/528/523
f 638/1294/1273 600/528/523 598/1293/1272
f 639/1295/1274 638/1294/1273 598/1293/1272
f 639/1295/1274 598/1293/1272 599/1296/1275
f 567/1292/1271 599/1296/1275 598/1293/1272
f 567/1292/1271 563/1291/1270 597/1297/1276
f 567/1292/1271 597/1297/1276 599/1296/1275
f 563/1291/1270 562/1289/1268 564/1298/1277
f 563/1291/1270 564/1298/1277 597/1297/1276
f 562/1289/1268 568/1299/1278 564/1298/1277
f 568/1299/1278 562/1289/1268 752/997/981
f 752/997/981 747/975/959 568/1299/1278
f 747/975/959 736/936/920 595/1300/1279
f 747/975/959 595/1300/1279 568/1299/1278
f 736/936/920 591/935/919 595/1300/1279
f 568/1299/1278 595/1300/1279 596/1301/1280
f 591/935/919 594/1302/1281 595/1300/1279
f 596/1301/1280 595/1300/1279 594/1302/1281
f 591/935/919 592/933/917 594/1302/1281
f 592/933/917 1314/1303/1282 594/1302/1281
f 1313/934/918 1314/1303/1282 592/933/917
f 594/1302/1281 609/1304/1283 596/1301/1280
f 1314/1303/1282 609/1304/1283 594/1302/1281
f 596/1301/1280 569/1305/1284 568/1299/1278
f 609/1304/1283 607/1306/1285 596/1301/1280
f 607/1306/1285 569/1305/1284 596/1301/1280
f 597/1297/1276 569/1305/1284 607/1306/1285
f 564/1298/1277 569/1305/1284 597/1297/1276
f 568/1299/1278 569/1305/1284 564/1298/1277
f 597/1297/1276 605/1307/1286 599/1296/1275
f 605/1307/1286 597/1297/1276 607/1306/1285
f 608/1308/1287 605/1307/1286 607/1306/1285
f 607/1306/1285 609/1304/1283 608/1308/1287
f 609/1304/1283 1314/1303/1282 1264/1309/1288
f 609/1304/1283 1264/1309/1288 608/1308/1287
f 1314/1303/1282 1313/934/918 1261/1310/1289
f 1314/1303/1282 1261/1310/1289 1264/1309/1288
f 1313/934/918 1262/1311/1290 1261/1310/1289
f 1261/1310/1289 1262/1311/1290 1260/1312/1291
f 1259/1313/1292 1261/1310/1289 1260/1312/1291
f 1264/1309/1288 1261/1310/1289 1259/1313/1292
f 1263/1314/1293 1264/1309/1288 1259/1313/1292
f 608/1308/1287 1264/1309/1288 1263/1314/1293
f 604/1315/1294 608/1308/1287 1263/1314/1293
f 605/1307/1286 608/1308/1287 604/1315/1294
f 603/1316/1295 605/1307/1286 604/1315/1294
f 599/1296/1275 605/1307/1286 603/1316/1295
f 640/1317/1296 599/1296/1275 603/1316/1295
f 640/1317/1296 639/1295/1274 599/1296/1275
f 530/1006/990 528/708/702 537/710/704
f 535/1318/1297 530/1006/990 537/710/704
f 536/215/215 535/1318/1297 537/710/704
f 535/1318/1297 532/1007/991 530/1006/990
f 456/1319/1298 532/1007/991 535/1318/1297
f 456/1319/1298 534/1008/992 532/1007/991
f 535/1318/1297 457/213/213 456/1319/1298
f 535/1318/1297 536/215/215 457/213/213
f 457/213/213 455/212/212 456/1319/1298
f 456/1319/1298 455/212/212 450/1320/1299
f 534/1008/992 456/1319/1298 450/1320/1299
f 450/1320/1299 509/1011/995 534/1008/992
f 455/212/212 447/211/211 450/1320/1299
f 450/1320/1299 510/1321/1300 509/1011/995
f 447/211/211 444/203/203 450/1320/1299
f 444/203/203 510/1321/1300 450/1320/1299
f 447/211/211 446/1322/1301 444/203/203
f 447/211/211 480/206/206 446/1322/1301
f 446/1322/1301 443/204/204 444/203/203
f 446/1322/1301 480/206/206 443/204/204
f 444/203/203 506/202/202 510/1321/1300
f 503/1323/1302 500/1324/1303 510/1321/1300
f 506/202/202 503/1323/1302 510/1321/1300
f 500/1324/1303 501/1325/1304 510/1321/1300
f 509/1011/995 510/1321/1300 501/1325/1304
f 500/1324/1303 502/1326/1305 501/1325/1304
f 503/1323/1302 502/1326/1305 500/1324/1303
f 506/202/202 505/1327/1306 503/1323/1302
f 503/1323/1302 523/1328/1307 502/1326/1305
f 523/1328/1307 503/1323/1302 505/1327/1306
f 497/1329/1308 523/1328/1307 505/1327/1306
f 504/1330/1309 497/1329/1308 505/1327/1306
f 506/202/202 504/1330/1309 505/1327/1306
f 941/201/201 504/1330/1309 506/202/202
f 941/201/201 987/1167/1150 504/1330/1309
f 985/1145/1128 514/1331/1310 987/1167/1150
f 987/1167/1150 514/1331/1310 504/1330/1309
f 985/1145/1128 516/1043/1026 514/1331/1310
f 516/1043/1026 489/1042/1025 518/1332/1311
f 514/1331/1310 516/1043/1026 518/1332/1311
f 518/1332/1311 495/1333/1312 514/1331/1310
f 514/1331/1310 495/1333/1312 512/1334/772
f 504/1330/1309 514/1331/1310 512/1334/772
f 511/1335/1313 504/1330/1309 512/1334/772
f 497/1329/1308 504/1330/1309 511/1335/1313
f 496/1336/1314 497/1329/1308 511/1335/1313
f 496/1336/1314 498/1337/1315 497/1329/1308
f 523/1328/1307 497/1329/1308 498/1337/1315
f 523/1328/1307 498/1337/1315 502/1326/1305
f 522/1338/1316 501/1325/1304 502/1326/1305
f 522/1338/1316 502/1326/1305 498/1337/1315
f 499/1339/1019 522/1338/1316 498/1337/1315
f 499/1339/1019 498/1337/1315 496/1336/1314
f 496/1336/1314 511/1335/1313 499/1339/1019
f 511/1335/1313 508/1012/996 499/1339/1019
f 511/1335/1313 512/1334/772 508/1012/996
f 508/1012/996 507/1340/1317 499/1339/1019
f 522/1338/1316 499/1339/1019 507/1340/1317
f 501/1325/1304 522/1338/1316 507/1340/1317
f 509/1011/995 501/1325/1304 507/1340/1317
f 509/1011/995 507/1340/1317 508/1012/996
f 512/1334/772 513/1014/998 508/1012/996
f 493/1038/1021 513/1014/998 512/1334/772
f 492/1341/1318 493/1038/1021 512/1334/772
f 495/1333/1312 492/1341/1318 512/1334/772
f 492/1341/1318 494/1342/1319 493/1038/1021
f 495/1333/1312 494/1342/1319 492/1341/1318
f 518/1332/1311 521/1343/1320 495/1333/1312
f 495/1333/1312 521/1343/1320 494/1342/1319
f 518/1332/1311 489/1042/1025 521/1343/1320
f 521/1343/1320 489/1042/1025 490/1040/1023
f 521/1343/1320 490/1040/1023 494/1342/1319
f 520/1039/1022 494/1342/1319 490/1040/1023
f 520/1039/1022 493/1038/1021 494/1342/1319
f 475/1344/506 903/1261/513 476/1262/1242
f 475/1344/506 476/1262/1242 437/1345/482
f 476/1262/1242 434/1346/1321 437/1345/482
f 476/1262/1242 641/1263/1243 434/1346/1321
f 437/1345/482 434/1346/1321 435/1347/480
f 641/1263/1243 477/1348/1322 434/1346/1321
f 434/1346/1321 436/1349/1323 435/1347/480
f 434/1346/1321 477/1348/1322 436/1349/1323
f 435/1347/480 436/1349/1323 438/1350/1324
f 436/1349/1323 439/1351/1325 438/1350/1324
f 438/1350/1324 439/1351/1325 470/134/134
f 439/1351/1325 469/153/153 470/134/134
f 469/153/153 439/1351/1325 448/1352/1326
f 448/1352/1326 472/154/154 469/153/153
f 439/1351/1325 449/1353/1327 448/1352/1326
f 436/1349/1323 449/1353/1327 439/1351/1325
f 477/1348/1322 449/1353/1327 436/1349/1323
f 477/1348/1322 471/1354/1328 449/1353/1327
f 471/1354/1328 448/1352/1326 449/1353/1327
f 477/1348/1322 642/1264/1244 471/1354/1328
f 641/1263/1243 642/1264/1244 477/1348/1322
f 642/1264/1244 643/1265/1245 471/1354/1328
f 471/1354/1328 474/1355/1329 448/1352/1326
f 643/1265/1245 474/1355/1329 471/1354/1328
f 474/1355/1329 472/154/154 448/1352/1326
f 474/1355/1329 646/156/156 472/154/154
f 474/1355/1329 643/1265/1245 646/156/156
f 1203/1356/1330 1205/1357/1087 1204/1358/1331
f 1203/1356/1330 1204/1358/1331 1208/1359/1332
f 1205/1357/1087 1235/1360/1333 1204/1358/1331
f 1208/1359/1332 1204/1358/1331 1233/1361/1334
f 1204/1358/1331 1235/1360/1333 1233/1361/1334
f 1233/1361/1334 1234/1362/1080 1208/1359/1332
f 1235/1360/1333 1239/1363/1335 1233/1361/1334
f 1234/1362/1080 1233/1361/1334 1237/1364/1336
f 1237/1364/1336 1233/1361/1334 1239/1363/1335
f 1237/1364/1336 1238/1365/1337 1234/1362/1080
f 1237/1364/1336 1246/1366/1338 1238/1365/1337
f 1246/1366/1338 1247/1367/1339 1238/1365/1337
f 1237/1364/1336 1245/1368/1340 1246/1366/1338
f 1247/1367/1339 1246/1366/1338 1243/1369/1341
f 1246/1366/1338 1245/1368/1340 1243/1369/1341
f 1243/1369/1341 1244/1370/1342 1247/1367/1339
f 1242/1371/881 1244/1370/1342 1243/1369/1341
f 1229/1372/1343 1242/1371/881 1243/1369/1341
f 1229/1372/1343 1243/1369/1341 1245/1368/1340
f 1229/1372/1343 1241/1373/1344 1242/1371/881
f 1227/1374/1345 1241/1373/1344 1229/1372/1343
f 1227/1374/1345 1229/1372/1343 1228/1375/1346
f 1229/1372/1343 1232/1376/1347 1228/1375/1346
f 1232/1376/1347 1229/1372/1343 1245/1368/1340
f 1232/1376/1347 1245/1368/1340 1231/1377/1348
f 1245/1368/1340 1237/1364/1336 1231/1377/1348
f 1237/1364/1336 1239/1363/1335 1231/1377/1348
f 1235/1360/1333 1236/1378/1349 1239/1363/1335
f 1239/1363/1335 1249/1379/1350 1231/1377/1348
f 1236/1378/1349 1240/1380/1351 1239/1363/1335
f 1249/1379/1350 1239/1363/1335 1240/1380/1351
f 1236/1378/1349 1235/1360/1333 1205/1357/1087
f 1228/1375/1346 1232/1376/1347 1257/1381/1293
f 1257/1381/1293 1232/1376/1347 1256/1382/1294
f 1256/1382/1294 1232/1376/1347 1255/1383/1352
f 1255/1383/1352 1232/1376/1347 1254/1384/1353
f 1254/1384/1353 1232/1376/1347 1250/1385/1274
f 1250/1385/1274 1232/1376/1347 1251/1386/1354
f 1251/1386/1354 1232/1376/1347 1291/1387/1355
f 1230/1388/1356 1232/1376/1347 1231/1377/1348
f 1291/1387/1355 1232/1376/1347 1230/1388/1356
f 1252/1389/1253 1291/1387/1355 1230/1388/1356
f 1252/1389/1253 1230/1388/1356 1253/1390/1357
f 1253/1390/1357 1230/1388/1356 1258/1391/1358
f 1258/1391/1358 1230/1388/1356 1218/1392/1260
f 1218/1392/1260 1230/1388/1356 1220/1393/1359
f 1220/1393/1359 1230/1388/1356 1231/1377/1348
f 1223/1394/1360 1220/1393/1359 1231/1377/1348
f 1231/1377/1348 1249/1379/1350 1223/1394/1360
f 1248/1395/1361 1225/1396/1362 1249/1379/1350
f 1225/1396/1362 1223/1394/1360 1249/1379/1350
f 1248/1395/1361 1249/1379/1350 1240/1380/1351
f 1223/1394/1360 1225/1396/1362 1224/1397/1363
f 1220/1393/1359 1223/1394/1360 1224/1397/1363
f 1220/1393/1359 1224/1397/1363 1226/1398/1263
f 1219/1399/1364 1220/1393/1359 1226/1398/1263
f 1218/1392/1260 1220/1393/1359 1219/1399/1364
