# Blender 5.2.1 LTS
# www.blender.org
mtllib Shield.mtl
o Shield
v 4.767889 -4.256421 -12.940882
v 5.862797 -4.226319 -12.763151
v 4.799899 -3.897621 -13.060614
v -14.339764 -12.423019 -12.558273
v -13.289940 -12.198256 -12.473633
v -14.408779 -12.699451 -12.426462
v -14.300379 -12.539677 -12.781561
v -14.368908 -12.818470 -12.648884
v -13.250559 -12.314909 -12.696917
v -20.153307 -18.436213 -9.873970
v -19.073467 -19.902473 -8.287615
v -21.158272 -19.434427 -9.277082
v -22.033928 -20.591480 -8.832364
v -19.026241 -20.073011 -8.471014
v -21.112013 -19.599463 -9.464652
v -20.416645 -18.442633 -10.103420
v -21.437902 -19.446497 -9.512764
v -21.437902 -19.446497 -9.512764
v -22.373486 -20.440285 -8.889747
v 2.137151 -12.646133 -8.694632
v -1.792281 -13.570389 -9.012974
v 1.818453 -10.835323 -10.039482
v 2.189987 -12.801464 -8.889811
v 1.867555 -10.969405 -10.250507
v -1.740996 -13.726089 -9.208284
v -18.851000 -21.482872 -6.696945
v -22.914904 -21.412285 -7.947479
v -23.264482 -22.658186 -7.185114
v -18.802454 -21.661276 -6.873704
v -22.868633 -21.587132 -8.126879
v -18.160887 -17.269430 -10.308264
v -16.214037 -19.107533 -8.224304
v -16.505547 -17.130621 -10.339455
v -18.114731 -17.423082 -10.507278
v -16.165140 -19.278488 -8.406748
v -18.867617 -17.420343 -10.365267
v -20.109190 -18.597679 -10.065792
v -18.824326 -17.576307 -10.562874
v 19.727997 -7.626867 -7.735064
v 20.692001 -8.062979 -7.148592
v 16.817715 -9.109083 -7.425313
v 19.783932 -7.771654 -7.938154
v 16.874952 -9.262516 -7.619323
v 20.750689 -8.214479 -7.345740
v -17.157650 -14.849480 -12.054623
v -13.564180 -14.184586 -11.717148
v -16.050674 -13.987433 -12.335831
v 14.858549 -1.851089 -12.045298
v 16.869101 -1.641544 -11.765530
v 16.095928 -0.673046 -12.235302
v 14.815697 -1.766570 -11.807560
v 16.053246 -0.596780 -11.995890
v 16.826010 -1.555455 -11.529434
v 17.076063 -0.658994 -11.798664
v 17.338758 -1.209014 -11.562532
v 17.383028 -1.293160 -11.798534
v 18.204634 -0.857183 -11.532751
v 17.947498 -0.903363 -11.562244
v 17.940485 -0.655462 -11.649887
v 17.119484 -0.738418 -12.038000
v 17.985697 -0.736087 -11.887447
v 17.993080 -0.985566 -11.799768
v 25.599983 -8.344049 -5.466365
v 26.430155 -8.017691 -5.490738
v 26.163073 -8.778397 -4.903678
v 25.662014 -8.506188 -5.653436
v 26.225578 -8.943686 -5.087447
v 26.491697 -8.177465 -5.678670
v 27.351158 -8.376042 -4.886160
v 27.405714 -8.836153 -4.805222
v 27.413548 -8.540539 -5.070750
v 30.365095 -9.753534 -2.563954
v 29.320808 -9.298903 -3.371154
v 30.660452 -9.635383 -2.765794
v 29.610506 -9.218698 -3.535102
v 30.802025 -9.736778 -2.610433
v 30.660452 -9.635383 -2.765794
v 30.430452 -9.927102 -2.738507
v -23.775784 -22.677254 -7.130207
v -23.717436 -22.456604 -7.332690
v -23.311226 -22.480206 -7.009022
v -23.775784 -22.677254 -7.130207
v -23.717436 -22.456604 -7.332690
v 24.402096 -9.710717 -4.610246
v 27.534325 -9.610393 -3.674957
v 24.628193 -11.190771 -3.112350
v 27.759916 -10.408009 -2.814713
v -1.446923 -15.705803 -7.096171
v 2.485108 -14.779226 -6.775990
v -1.183113 -17.427248 -5.360846
v 2.750720 -16.501099 -5.041322
v -5.381729 -16.623663 -7.407670
v -5.117667 -18.345905 -5.673131
v -9.319061 -17.533604 -7.711269
v -9.055000 -19.255856 -5.976730
v -13.257114 -18.436058 -8.007631
v -12.994856 -20.157875 -6.272429
v -15.949976 -20.829767 -6.489770
v -19.125061 -16.134323 -11.503950
v -19.008099 -15.667603 -11.784508
v -18.351667 -15.997881 -11.272932
v -18.283108 -15.513910 -11.576305
v -16.091881 -13.861332 -12.117613
v -13.607664 -14.054903 -11.501574
v -17.199820 -14.717859 -11.840569
v -16.469145 -13.801120 -12.377155
v -17.606987 -14.668970 -12.105017
v -3.598864 -9.238113 -12.089220
v -1.714795 -8.381935 -12.135376
v -2.194364 -11.216309 -10.729431
v -6.109894 -12.270288 -10.963211
v -5.508487 -9.983164 -12.092752
v -7.443236 -10.592360 -12.162294
v 5.238366 -5.764025 -11.989460
v 2.193962 -6.498600 -12.244158
v 3.543367 -5.591056 -12.375076
v 5.286831 -3.431189 -12.864422
v 5.037810 -3.284176 -13.088303
v 6.095261 -3.004626 -12.873049
v 6.051539 -2.741888 -13.098854
v 5.821381 -4.140649 -12.526110
v 4.318830 -4.811780 -12.538130
v 19.996326 -7.527440 -7.895167
v 20.961813 -7.969862 -7.308556
v 21.265852 -10.401204 -4.978525
v 21.581501 -8.358195 -6.664000
v 22.662842 -8.605762 -6.142377
v 23.649572 -8.627046 -5.824652
v 24.829802 -8.514832 -5.557081
v 27.342970 -8.669291 -4.623107
v 28.095404 -8.930047 -4.135461
v 21.508415 -11.963881 -3.402510
v 26.508606 -7.881985 -5.753083
v 27.591360 -8.322888 -5.032191
v 28.408819 -8.818819 -4.316236
v 30.802025 -9.736778 -2.610433
v 27.655037 -8.591774 -4.770534
v 25.651373 -8.238523 -5.713792
v 24.886797 -8.384291 -5.824452
v 23.848555 -8.480671 -6.059048
v 18.134056 -6.362506 -8.965962
v 18.896437 -7.051882 -8.346705
v 16.288298 -7.346765 -8.795778
v 14.991310 -3.415762 -11.134954
v 16.083410 -2.735775 -11.211803
v 16.411003 -2.015745 -11.434090
v 14.990526 -0.572009 -12.181690
v 16.165974 -0.343206 -12.192305
v 15.082172 -0.311815 -12.381514
v 22.908829 -8.492282 -6.332053
v 21.819344 -8.255564 -6.843753
v 19.191946 -6.963074 -8.485793
v 18.493818 -6.343777 -9.042492
v 16.447613 -2.746565 -11.277290
v 16.716600 -2.146151 -11.465038
v 16.253422 -3.540998 -10.837776
v 15.346369 -5.385889 -10.134701
v 16.611261 -4.483778 -10.325548
v 17.322866 -5.450095 -9.674646
v 17.535810 -1.395034 -11.597496
v 17.067635 -1.721760 -11.561543
v 18.134497 -1.111603 -11.591463
v 18.746222 -1.010984 -11.517843
v 18.207829 -0.495070 -11.793194
v 17.210867 -0.415990 -11.992384
v 7.338382 -2.407087 -12.863770
v 8.533184 -3.246051 -12.378679
v 9.235535 -1.661678 -12.789696
v 13.278147 -0.684961 -12.434393
v 12.445574 -2.244877 -12.054691
v 11.163387 -1.111548 -12.646507
v 4.760895 -3.815522 -12.822540
v 4.308250 -3.784649 -13.043549
v 4.726843 -4.172324 -12.703800
v 4.281504 -4.191840 -12.908575
v 3.855238 -4.804314 -12.759167
v 3.232635 -5.421110 -12.636740
v 1.975821 -6.228444 -12.536640
v 2.193962 -6.498600 -12.244158
v 0.156687 -7.474107 -12.197401
v 1.975821 -6.228444 -12.536640
v -0.114846 -7.341320 -12.447527
v -1.753703 -8.116621 -12.407156
v -3.641591 -8.959012 -12.374380
v -5.552280 -9.696984 -12.385347
v -22.080919 -20.422516 -8.647316
v -19.027142 -17.299696 -10.658854
v -18.547102 -17.193474 -10.624744
v -16.768780 -15.674000 -11.136698
v -16.552055 -16.974598 -10.142925
v -18.670250 -16.257278 -11.324749
v -14.823961 -12.242140 -12.888182
v -13.332218 -11.916823 -12.770966
v -14.944452 -13.050909 -12.340767
v -14.884594 -12.628630 -12.701605
v -10.033857 -13.216560 -11.244419
v -11.327383 -11.738285 -12.332125
v -9.379824 -11.192903 -12.234455
v -7.484720 -10.308197 -12.457127
v -23.232071 -21.518312 -8.117649
v -22.373486 -20.440285 -8.889747
v -18.580267 -15.443224 -11.837317
v -15.324369 -12.962384 -12.609573
v -11.369661 -11.456862 -12.629457
v -9.422356 -10.910673 -12.531000
v 1.423970 -8.711550 -11.344545
v 7.298471 -2.148323 -13.084364
v 9.191883 -1.402067 -13.007351
v 13.341425 -0.399951 -12.641558
v 16.610746 -3.509662 -10.921061
v 16.969454 -4.456383 -10.407936
v 17.681906 -5.427431 -9.753691
v 11.119602 -0.851928 -12.862545
v 8.886991 -4.941264 -11.654409
v 12.799286 -3.994673 -11.312351
v 5.345970 -7.779693 -11.017893
v 5.744854 -9.901568 -9.711660
v 1.423970 -8.711550 -11.344545
v 1.818453 -10.835323 -10.039482
v 9.263640 -6.839493 -10.682684
v 9.667182 -8.960262 -9.376068
v 13.180342 -5.891008 -10.339455
v 13.587233 -8.011833 -9.033367
v -5.725282 -14.488678 -9.325130
v -9.660810 -15.399046 -9.629396
v -13.575846 -16.295189 -9.923044
v 6.065104 -11.712015 -8.366674
v 6.414865 -13.845526 -6.448696
v 2.137151 -12.646133 -8.694632
v 2.485108 -14.779226 -6.775990
v 9.988979 -10.770340 -8.030957
v 10.340294 -12.903488 -6.112849
v 13.912138 -9.821174 -7.687997
v 14.264750 -11.953161 -5.768968
v 17.205221 -11.235347 -5.505831
v 6.680224 -15.566607 -4.713241
v 2.750720 -16.501099 -5.041322
v 10.607204 -14.624199 -4.377259
v 14.531912 -13.674664 -4.034175
v 17.473936 -12.956482 -3.770908
v 27.823727 -10.581944 -2.989391
v 27.597658 -9.781180 -3.852937
v 24.692003 -11.364701 -3.287027
v 24.463528 -9.879518 -4.790832
v 29.386066 -9.470901 -3.548970
v 2.805218 -16.677240 -5.216771
v 2.540211 -14.948713 -6.957915
v -1.128362 -17.604181 -5.537082
v -1.393370 -15.875654 -7.278231
v -5.064720 -18.522415 -5.848711
v -5.329728 -16.793888 -7.589855
v -9.003605 -19.432724 -6.152439
v -9.268358 -17.704994 -7.894375
v -12.943209 -20.335541 -6.448930
v -13.208216 -18.607025 -8.190074
v -15.901682 -21.007380 -6.665733
v -19.125061 -16.134323 -11.503950
v -18.307440 -16.140516 -11.480265
v -19.008099 -15.667603 -11.784508
v -18.240210 -15.649462 -11.787844
v -16.469145 -13.801120 -12.377155
v -17.606987 -14.668970 -12.105017
v -2.148267 -11.342884 -10.945618
v -1.670911 -8.488456 -12.362385
v -3.557358 -9.349307 -12.313974
v -6.063426 -12.398442 -11.179356
v -5.465059 -10.095563 -12.317337
v -7.400869 -10.707503 -12.386145
v 3.584820 -5.684975 -12.608835
v 2.236628 -6.598820 -12.474541
v 5.280916 -5.863458 -12.220673
v 5.326898 -3.510558 -13.103228
v 6.134841 -3.081635 -13.112715
v 5.037810 -3.284176 -13.088303
v 6.051539 -2.741888 -13.098854
v 4.360736 -4.899821 -12.774313
v 19.996326 -7.527440 -7.895167
v 20.961813 -7.969862 -7.308556
v 21.327044 -10.568430 -5.160769
v 21.639233 -8.513994 -6.857147
v 23.711370 -8.787612 -6.013371
v 22.722595 -8.764336 -6.332088
v 24.890169 -8.676553 -5.745103
v 28.160049 -9.098892 -4.314965
v 21.570675 -12.138184 -3.577317
v 26.508606 -7.881985 -5.753083
v 27.591360 -8.322888 -5.032191
v 28.408819 -8.818819 -4.316236
v 29.610506 -9.218698 -3.535102
v 27.655037 -8.591774 -4.770534
v 25.651373 -8.238523 -5.713792
v 24.886797 -8.384291 -5.824452
v 23.848555 -8.480671 -6.059048
v 16.342165 -7.480527 -9.005583
v 18.951036 -7.189585 -8.554005
v 18.186968 -6.490760 -9.179941
v 15.038261 -3.513303 -11.364986
v 16.129639 -2.829381 -11.444351
v 16.456253 -2.104619 -11.668367
v 15.031534 -0.647861 -12.422054
v 16.165974 -0.343206 -12.192305
v 15.082172 -0.311815 -12.381514
v 22.908829 -8.492282 -6.332053
v 21.819344 -8.255564 -6.843753
v 19.191946 -6.963074 -8.485793
v 18.493818 -6.343777 -9.042492
v 16.447613 -2.746565 -11.277290
v 16.716600 -2.146151 -11.465038
v 16.300982 -3.641691 -11.066120
v 16.660662 -4.593139 -10.551271
v 15.396614 -5.499966 -10.357084
v 17.373959 -5.568905 -9.893684
v 17.067635 -1.721760 -11.561543
v 17.535810 -1.395034 -11.597496
v 18.134497 -1.111603 -11.591463
v 18.249964 -0.938599 -11.769484
v 18.746222 -1.010984 -11.517843
v 17.210867 -0.415990 -11.992384
v 18.207829 -0.495070 -11.793194
v 7.377723 -2.482516 -13.105089
v 8.574231 -3.330147 -12.615759
v 9.275802 -1.734377 -13.030134
v 12.487921 -2.327812 -12.290852
v 13.318419 -0.757655 -12.674835
v 11.203659 -1.184238 -12.886946
v 4.308250 -3.784649 -13.043549
v 4.281504 -4.191840 -12.908575
v 3.855238 -4.804314 -12.759167
v 3.232635 -5.421110 -12.636740
v 1.975821 -6.228444 -12.536640
v 0.199962 -7.577475 -12.426098
v -0.114846 -7.341320 -12.447527
v -1.753703 -8.116621 -12.407156
v -3.641591 -8.959012 -12.374380
v -5.552280 -9.696984 -12.385347
v -19.027142 -17.299696 -10.658854
v -18.547102 -17.193474 -10.624744
v -20.416645 -18.442633 -10.103420
v -16.726469 -15.815428 -11.344202
v -18.670250 -16.257278 -11.324749
v -14.823961 -12.242140 -12.888182
v -13.332218 -11.916823 -12.770966
v -14.904224 -13.172289 -12.560703
v -14.884594 -12.628630 -12.701605
v -11.286449 -11.854574 -12.555279
v -9.990374 -13.346239 -11.459997
v -9.337336 -11.308824 -12.457479
v -7.484720 -10.308197 -12.457127
v -23.232071 -21.518312 -8.117649
v -18.580267 -15.443224 -11.837317
v -15.324369 -12.962384 -12.609573
v -11.369661 -11.456862 -12.629457
v -9.422356 -10.910673 -12.531000
v 1.469678 -8.827531 -11.566483
v 7.298471 -2.148323 -13.084364
v 9.191883 -1.402067 -13.007351
v 13.341425 -0.399951 -12.641558
v 16.610746 -3.509662 -10.921061
v 16.969454 -4.456383 -10.407936
v 17.681906 -5.427431 -9.753691
v 11.119602 -0.851928 -12.862545
v 8.931091 -5.040334 -11.885489
v 12.844687 -4.092582 -11.542509
v 5.793957 -10.035650 -9.922680
v 5.391677 -7.895669 -11.239832
v 9.718088 -9.094768 -9.587749
v 9.312452 -6.954731 -10.904369
v 13.639441 -8.145178 -9.244133
v 13.229151 -6.006247 -10.561134
v -5.675549 -14.644747 -9.520570
v -9.612627 -15.555479 -9.824966
v -13.529213 -16.451990 -10.118732
v 6.469969 -14.015014 -6.630626
v 6.117941 -11.867341 -8.561865
v 10.398500 -13.072238 -6.294520
v 10.044921 -10.924934 -8.225878
v 14.324509 -12.121542 -5.950515
v 13.967827 -9.974976 -7.882132
v 17.265232 -11.404520 -5.688164
v 6.738080 -15.742804 -4.889223
v 10.666612 -14.800028 -4.553118
v 14.592617 -13.849332 -4.209112
v 17.534895 -13.131942 -3.946632
v 8.686035 -22.960424 6.921813
v 7.636736 -23.293188 7.062092
v 7.736747 -23.385618 7.416503
v -11.232132 -25.853212 1.874390
v -12.278875 -26.098423 1.811229
v -12.405231 -25.994368 1.543245
v -12.350077 -26.214802 1.427374
v -12.223616 -26.320421 1.698626
v -11.176876 -26.075211 1.761796
v -18.608002 -22.991154 -5.042163
v -19.220839 -24.623793 -3.372339
v -20.434666 -24.236073 -4.231731
v -18.558523 -23.176624 -5.209872
v -21.521904 -23.989109 -5.262294
v -20.384850 -24.424688 -4.394519
v -20.675079 -24.508347 -4.193994
v -19.445316 -24.888056 -3.330856
v -20.675079 -24.508347 -4.193994
v -21.824263 -24.084747 -5.060300
v -0.688978 -20.891558 -1.320219
v 3.240453 -19.967302 -1.001866
v 3.385562 -21.234165 0.887152
v 3.445918 -21.442928 0.754605
v 3.299332 -20.162722 -1.154926
v -0.631652 -21.087345 -1.473403
v -18.851000 -21.482872 -6.696945
v -22.632235 -23.287983 -5.976586
v -22.585018 -23.469107 -6.149376
v -17.040644 -24.703009 -2.497386
v -15.706160 -22.477646 -4.683145
v -16.987614 -24.902258 -2.648483
v -15.396202 -24.491873 -2.604570
v -15.655249 -22.661961 -4.851546
v -17.745356 -24.867290 -2.540348
v -19.171984 -24.816702 -3.531127
v -17.695551 -25.066490 -2.692516
v 21.819944 -15.547663 0.715971
v 21.025589 -16.237278 1.312370
v 17.921017 -16.430246 0.267442
v 17.984297 -16.623774 0.115563
v 21.090052 -16.438665 1.168745
v 21.885387 -15.743969 0.565910
v -11.894712 -25.262630 -0.076823
v -15.455841 -26.142147 -0.188789
v -14.208361 -26.212446 0.509654
v 19.676105 -20.267952 7.806270
v 17.720169 -20.839899 7.907295
v 19.126484 -20.782871 8.895205
v 19.059992 -20.548588 8.968576
v 17.654808 -20.606016 7.988096
v 19.610983 -20.035643 7.888720
v 20.166735 -19.974566 8.155466
v 20.022741 -20.212238 8.747017
v 20.233393 -20.207287 8.075586
v 20.805922 -19.870947 8.368046
v 21.059740 -19.802755 8.374413
v 20.847126 -19.942999 8.616594
v 20.874130 -20.103302 8.288298
v 20.915319 -20.176136 8.539289
v 20.089622 -20.447317 8.671228
v 27.195704 -13.097616 -0.152974
v 26.333187 -13.209368 -0.354107
v 26.739069 -12.600531 -0.887554
v 26.804180 -12.783110 -1.053152
v 26.398893 -13.395876 -0.515570
v 27.261154 -13.283338 -0.313645
v 27.956297 -12.391559 -0.666831
v 28.021412 -12.574137 -0.832423
v 27.932426 -12.331257 -1.132720
v 30.365095 -9.753534 -2.563954
v 30.700851 -9.903452 -2.484117
v 29.527657 -10.671474 -1.928916
v 29.846972 -10.787799 -1.886358
v 30.700851 -9.903452 -2.484117
v -23.657253 -22.855951 -6.913070
v -23.657253 -22.855951 -6.913070
v 24.839603 -12.613871 -1.559741
v 24.628193 -11.190771 -3.112350
v 27.780148 -11.241598 -1.960955
v 27.759916 -10.408009 -2.814713
v -0.939046 -19.075912 -3.555012
v -1.183113 -17.427248 -5.360846
v 2.992985 -18.149340 -3.234825
v 2.750720 -16.501099 -5.041322
v -4.873852 -19.993776 -3.866506
v -5.117667 -18.345905 -5.673131
v -8.811184 -20.903717 -4.170105
v -9.055000 -19.255856 -5.976730
v -12.749237 -21.806181 -4.466471
v -12.994856 -20.157875 -6.272429
v -15.949976 -20.829767 -6.489770
v -16.722633 -25.868732 -0.695926
v -17.422987 -26.185946 -0.732308
v -16.903620 -25.606663 -1.176444
v -17.645500 -25.952221 -1.187741
v -11.950991 -25.048059 0.049538
v -14.263311 -25.995150 0.632060
v -15.510332 -25.928776 -0.060649
v -15.862411 -26.245420 0.059002
v -14.585251 -26.302055 0.758271
v 0.587296 -23.657885 3.915910
v -1.385033 -23.928400 3.346678
v -0.493268 -22.504250 1.131436
v -3.358984 -24.246584 2.894612
v -4.439954 -23.351488 0.680416
v -5.328681 -24.623882 2.581399
v 4.696028 -23.101524 5.201456
v 7.741736 -22.375597 5.465236
v 6.164851 -22.986391 5.903175
v 9.131144 -23.177168 8.373627
v 8.060669 -23.342899 7.988502
v 9.103192 -22.964300 8.099686
v 8.250216 -23.095284 7.797728
v 7.058545 -22.991671 6.564489
v 8.622463 -22.727747 7.004390
v 22.121033 -15.662085 0.774091
v 21.326141 -16.351675 1.376945
v 22.576641 -14.961636 0.274595
v 21.727171 -13.462369 -1.761994
v 23.522213 -14.308302 -0.150399
v 24.437630 -13.856335 -0.329943
v 25.568813 -13.418670 -0.404346
v 27.867550 -12.150249 -0.965479
v 28.494289 -11.576921 -1.354240
v 21.508415 -11.963881 -3.402510
v 28.220551 -12.497990 -0.645183
v 27.330662 -13.336895 -0.021304
v 28.843838 -11.705465 -1.283080
v 30.700851 -9.903452 -2.484117
v 28.205799 -12.246458 -0.930352
v 26.435284 -13.440302 -0.247989
v 25.682791 -13.666251 -0.274404
v 24.688026 -14.051137 -0.205844
v 20.384291 -16.924807 2.027320
v 19.828163 -17.604073 2.846175
v 17.856709 -17.754253 2.139943
v 19.125248 -20.026617 7.490931
v 18.669592 -19.896849 6.820288
v 17.492785 -20.014757 6.306531
v 18.050936 -20.879938 9.156979
v 18.207388 -21.049749 9.408987
v 19.235386 -20.710878 9.209135
v 23.807297 -14.454239 -0.067493
v 22.850620 -15.098770 0.346781
v 20.706930 -17.016016 2.077400
v 20.194323 -17.627787 2.814246
v 19.410587 -20.022598 7.318734
v 19.034269 -19.910782 6.758110
v 18.666044 -19.550404 5.984193
v 17.412113 -19.093519 4.268672
v 18.806494 -19.050648 4.980663
v 19.268959 -18.363747 3.894441
v 20.338551 -19.993139 7.944569
v 19.828674 -20.043150 7.689752
v 20.963778 -19.885807 8.135622
v 21.565786 -19.720716 8.141512
v 21.152971 -20.038099 8.741741
v 20.217966 -20.370159 8.974564
v 11.381419 -22.146027 7.480575
v 10.403177 -22.744101 8.505457
v 12.354588 -22.358736 8.957848
v 16.396729 -21.378870 9.309843
v 15.304113 -21.213249 7.876424
v 14.297962 -21.911587 9.209246
v 7.269031 -23.431444 7.600426
v 7.674642 -23.150225 7.493506
v 7.573182 -23.059723 7.142228
v 7.165041 -23.326084 7.196831
v 6.638789 -23.275066 6.649083
v 5.923660 -23.277906 6.126379
v 4.564253 -23.404451 5.511142
v 2.347179 -23.678537 4.718895
v 2.556871 -23.400965 4.537832
v 2.347179 -23.678537 4.718895
v 0.627170 -23.915344 4.193438
v 2.556871 -23.400965 4.537832
v -1.344831 -24.199587 3.639737
v -3.317716 -24.524849 3.195112
v -22.632235 -23.287983 -5.976586
v -21.571501 -23.802841 -5.095411
v -17.360874 -25.064920 -2.353771
v -17.840555 -25.173504 -2.385406
v -15.328787 -25.229322 -1.096388
v -15.448872 -24.294975 -2.450992
v -17.244356 -25.719055 -1.382737
v -11.189348 -26.136225 2.170148
v -12.678013 -26.481979 2.074411
v -12.992201 -26.005436 1.271276
v -12.819914 -26.329187 1.694327
v -8.372803 -24.238792 0.337252
v -9.267206 -25.408966 2.032420
v -7.298441 -25.004301 2.277950
v -5.285104 -24.904150 2.879648
v -22.932346 -23.507212 -6.027812
v -23.657253 -22.855951 -6.913070
v -23.311226 -22.480206 -7.009022
v -21.824263 -24.084747 -5.060300
v -16.964584 -26.164377 -0.572011
v -13.311460 -26.319399 1.425392
v -9.224422 -25.691984 2.328169
v -7.255791 -25.287302 2.575317
v 3.494691 -22.452206 3.093523
v 10.433521 -22.951509 8.774696
v 12.381069 -22.564510 9.229198
v 16.529783 -21.556890 9.589209
v 19.032730 -19.581171 5.966157
v 19.173218 -19.079851 4.957750
v 19.635460 -18.390604 3.867434
v 14.324192 -22.116570 9.481382
v 11.379461 -21.480516 5.724304
v 15.291756 -20.533924 6.066357
v 7.416691 -21.520344 3.420169
v 3.494691 -22.452206 3.093523
v 7.311963 -20.300409 1.214979
v 7.311963 -20.300409 1.214979
v 11.334362 -20.580145 3.755378
v 11.234292 -19.359102 1.550572
v 15.251062 -19.631660 4.098612
v 15.154341 -18.410673 1.893268
v -4.621979 -21.809841 -1.632376
v -8.557507 -22.720221 -1.936632
v -12.472540 -23.616352 -2.230279
v 7.168406 -19.033178 -0.673919
v 3.240453 -19.967302 -1.001866
v 6.922743 -17.215639 -2.907536
v 6.922743 -17.215639 -2.907536
v 11.092283 -18.091509 -0.338192
v 10.848169 -16.273602 -2.571684
v 15.015440 -17.142342 0.004768
v 14.772629 -15.323269 -2.227808
v 17.713097 -14.605460 -1.964666
v 3.385562 -21.234165 0.887152
v 7.168406 -19.033178 -0.673919
v 2.992985 -18.149340 -3.234825
v 6.680224 -15.566607 -4.713241
v 6.680224 -15.566607 -4.713241
v 10.607204 -14.624199 -4.377259
v 14.531912 -13.674664 -4.034175
v 17.473936 -12.956482 -3.770908
v 27.844431 -11.418676 -2.132330
v 24.902811 -12.794461 -1.727938
v 29.593622 -10.848190 -2.101781
v 3.050101 -18.332186 -3.402714
v -0.883479 -19.259127 -3.723025
v -4.819837 -20.177361 -4.034653
v -8.758467 -21.088467 -4.339169
v -12.698326 -21.990498 -4.634872
v -16.668482 -26.078960 -0.828991
v -16.849680 -25.813763 -1.316050
v -17.422987 -26.185946 -0.732308
v -17.645500 -25.952221 -1.187741
v -15.862411 -26.245420 0.059002
v -14.585251 -26.302055 0.758271
v 0.648950 -23.882324 3.812800
v -0.433902 -22.718876 1.007775
v -1.326585 -24.152012 3.240042
v -3.299088 -24.468252 2.784848
v -4.380572 -23.565327 0.554309
v -5.270084 -24.846714 2.470709
v 4.757887 -23.329098 5.104882
v 6.226799 -23.216314 5.812310
v 7.803833 -22.604744 5.370326
v 9.131144 -23.177168 8.373627
v 9.166582 -23.199320 8.026045
v 8.060669 -23.342899 7.988502
v 8.313739 -23.330303 7.722478
v 7.122131 -23.223568 6.479466
v 22.121033 -15.662085 0.774091
v 21.326141 -16.351675 1.376945
v 22.639822 -15.153592 0.119443
v 21.790377 -13.642960 -1.930192
v 24.503336 -14.042849 -0.491406
v 23.586472 -14.496748 -0.308724
v 25.632849 -13.604759 -0.566756
v 28.560474 -11.755993 -1.523005
v 28.220551 -12.497990 -0.645183
v 27.330662 -13.336895 -0.021304
v 29.846972 -10.787799 -1.886358
v 28.843838 -11.705465 -1.283080
v 28.205799 -12.246458 -0.930352
v 26.435284 -13.440302 -0.247989
v 25.682791 -13.666251 -0.274404
v 24.688026 -14.051137 -0.205844
v 20.449196 -17.130901 1.891883
v 17.921837 -17.962698 2.008611
v 19.893633 -17.815655 2.719755
v 19.191824 -20.257000 7.405341
v 18.736076 -20.124880 6.728984
v 17.559280 -20.242006 6.212792
v 18.116112 -21.116158 9.085110
v 18.207388 -21.049749 9.408987
v 19.235386 -20.710878 9.209135
v 23.807297 -14.454239 -0.067493
v 22.850620 -15.098770 0.346781
v 20.706930 -17.016016 2.077400
v 20.194323 -17.627787 2.814246
v 19.034269 -19.910782 6.758110
v 19.410587 -20.022598 7.318734
v 18.732319 -19.775301 5.886359
v 18.872835 -19.272421 4.873061
v 17.478233 -19.312943 4.156976
v 19.334854 -18.580818 3.778655
v 19.828674 -20.043150 7.689752
v 20.338551 -19.993139 7.944569
v 20.963778 -19.885807 8.135622
v 21.565786 -19.720716 8.141512
v 21.127697 -20.034319 8.295450
v 20.217966 -20.370159 8.974564
v 21.152971 -20.038099 8.741741
v 11.444975 -22.379488 7.400439
v 10.466805 -22.980682 8.433470
v 12.419498 -22.594946 8.889217
v 15.369087 -21.446335 7.798031
v 16.461637 -21.615080 9.241219
v 14.362871 -22.147797 9.140619
v 7.269031 -23.431444 7.600426
v 7.165041 -23.326084 7.196831
v 6.638789 -23.275066 6.649083
v 5.923660 -23.277906 6.126379
v 4.564253 -23.404451 5.511142
v 2.347179 -23.678537 4.718895
v 2.618627 -23.626972 4.437990
v 0.627170 -23.915344 4.193438
v -1.344831 -24.199587 3.639737
v -3.317716 -24.524849 3.195112
v -17.360874 -25.064920 -2.353771
v -17.840555 -25.173504 -2.385406
v -19.445316 -24.888056 -3.330856
v -15.276527 -25.436790 -1.234494
v -17.244356 -25.719055 -1.382737
v -11.189348 -26.136225 2.170148
v -12.678013 -26.481979 2.074411
v -12.937281 -26.224295 1.153762
v -12.819914 -26.329187 1.694327
v -9.210516 -25.629814 1.919130
v -8.316406 -24.454157 0.211713
v -7.239959 -25.226349 2.166437
v -5.285104 -24.904150 2.879648
v -22.932346 -23.507212 -6.027812
v -16.964584 -26.164377 -0.572011
v -13.311460 -26.319399 1.425392
v -9.224422 -25.691984 2.328169
v -7.255791 -25.287302 2.575317
v 3.556155 -22.672731 2.981442
v 10.433521 -22.951509 8.774696
v 12.381069 -22.564510 9.229198
v 16.529783 -21.556890 9.589209
v 19.032730 -19.581171 5.966157
v 19.173218 -19.079851 4.957750
v 19.635460 -18.390604 3.867434
v 14.324192 -22.116570 9.481382
v 11.443110 -21.709293 5.629513
v 15.356705 -20.761541 5.972488
v 7.372321 -20.509172 1.082422
v 7.478154 -21.740873 3.308094
v 11.296452 -19.568291 1.417352
v 11.398930 -20.799936 3.643552
v 15.217802 -18.618700 1.760979
v 15.315628 -19.851446 3.986791
v -4.566205 -22.006008 -1.785689
v -8.503283 -22.916735 -2.090075
v -12.419868 -23.813246 -2.383852
v 6.979859 -17.398487 -3.075425
v 7.227285 -19.228603 -0.826974
v 10.908390 -16.455711 -2.739314
v 11.154265 -18.286190 -0.490998
v 14.834398 -15.505014 -2.395308
v 15.077169 -17.336233 -0.147251
v 17.775122 -14.787993 -2.132958
vn -0.2077 0.6991 0.6842
vn -0.2149 0.6975 0.6836
vn -0.2080 0.6533 0.7280
vn -0.2009 0.6549 0.7285
vn -0.2088 0.6988 0.6841
vn -0.1924 0.6023 0.7747
vn -0.2006 0.6068 0.7691
vn -0.1868 0.5308 0.8266
vn -0.1848 0.5178 0.8353
vn -0.1738 0.4617 0.8699
vn -0.1940 0.6031 0.7737
vn -0.1807 0.5263 0.8309
vn -0.1771 0.5355 0.8258
vn -0.1870 0.6038 0.7749
vn -0.2021 0.6547 0.7284
vn -0.2023 0.7003 0.6846
vn -0.1954 0.6562 0.7289
vn -0.2032 0.7001 0.6845
vn -0.1964 0.6559 0.7288
vn -0.1965 0.7015 0.6850
vn -0.1875 0.6034 0.7751
vn -0.1759 0.5408 0.8226
vn -0.1930 0.5102 0.8381
vn -0.1849 0.5040 0.8437
vn -0.1828 0.5114 0.8397
vn -0.1853 0.4955 0.8486
vn -0.1974 0.4865 0.8511
vn -0.1872 0.4750 0.8599
vn -0.1973 0.4623 0.8645
vn -0.1843 0.4320 0.8828
vn -0.2944 0.5858 0.7551
vn -0.3046 0.6630 0.6839
vn -0.2887 0.6665 0.6874
vn -0.2725 0.6657 0.6947
vn -0.2520 0.6771 0.6914
vn -0.2354 0.6814 0.6930
vn -0.2316 0.6935 0.6822
vn -0.2142 0.6976 0.6837
vn -0.2044 0.7053 0.6789
vn -0.1808 0.5192 0.8353
vn -0.2657 0.6108 0.7459
vn -0.2096 0.6090 0.7650
vn -0.3452 0.5726 0.7436
vn -0.1802 0.4790 0.8591
vn -0.1786 0.5340 0.8264
vn -0.3302 0.6544 0.6802
vn -0.1986 0.5229 0.8289
vn -0.3458 0.6711 0.6557
vn -0.1838 0.5542 0.8119
vn -0.3472 0.6829 0.6428
vn -0.3668 0.7174 0.5923
vn -0.2468 0.5706 0.7833
vn -0.3359 0.5520 0.7632
vn -0.1802 0.5589 0.8094
vn -0.1834 0.6167 0.7655
vn -0.1900 0.6575 0.7291
vn -0.1839 0.6264 0.7575
vn -0.2132 0.5666 0.7960
vn -0.3187 0.5172 0.7943
vn -0.4729 0.3783 0.7957
vn -0.4681 0.5770 0.6692
vn -0.2233 0.6705 0.7075
vn -0.4043 0.7633 0.5039
vn -0.1917 0.6681 0.7190
vn -0.1963 0.7005 0.6861
vn -0.1846 0.7239 0.6647
vn -0.1984 0.7091 0.6767
vn -0.2434 0.6893 0.6824
vn -0.4350 0.6858 0.5835
vn -0.4336 0.6266 0.6476
vn -0.4168 0.5603 0.7158
vn -0.5025 0.7135 0.4882
vn -0.4607 0.7397 0.4905
vn -0.2173 0.6746 0.7055
vn -0.2239 0.6620 0.7152
vn -0.2377 0.6543 0.7179
vn -0.4342 0.7575 0.4874
vn -0.4470 0.7485 0.4899
vn -0.2070 0.6535 0.7281
vn -0.2137 0.6977 0.6838
vn -0.2132 0.6979 0.6838
vn -0.2064 0.6537 0.7281
vn -0.2274 0.6945 0.6826
vn -0.1993 0.6071 0.7692
vn -0.1988 0.6073 0.7692
vn -0.1862 0.5320 0.8260
vn -0.2197 0.6505 0.7270
vn -0.2263 0.6947 0.6827
vn -0.2195 0.6506 0.7270
vn -0.2330 0.6931 0.6822
vn -0.2129 0.6039 0.7681
vn -0.1842 0.5245 0.8313
vn -0.1738 0.4648 0.8682
vn -0.1730 0.4637 0.8690
vn -0.1857 0.4456 0.8757
vn -0.1979 0.5211 0.8302
vn -0.2131 0.6042 0.7678
vn -0.2197 0.6079 0.7630
vn -0.2259 0.6492 0.7263
vn -0.2262 0.6545 0.7215
vn -0.2321 0.6933 0.6823
vn -0.2277 0.6661 0.7102
vn -0.2314 0.6932 0.6826
vn -0.2361 0.6753 0.6987
vn -0.2379 0.6918 0.6817
vn -0.2075 0.7146 0.6681
vn -0.2365 0.7412 0.6283
vn -0.2034 0.7417 0.6391
vn -0.2232 0.6739 0.7043
vn -0.2352 0.6582 0.7152
vn -0.1527 0.7375 0.6579
vn 0.0414 0.8374 0.5450
vn -0.0272 0.8772 0.4793
vn 0.0091 0.8908 0.4543
vn 0.0009 0.8670 0.4984
vn 0.0523 0.7328 0.6784
vn 0.0470 0.5453 0.8369
vn 0.1027 0.8477 0.5204
vn -0.2044 0.7586 0.6187
vn -0.0762 0.9059 0.4165
vn -0.2945 0.9002 0.3207
vn -0.2329 0.7315 0.6409
vn -0.2457 0.6952 0.6756
vn -0.1921 0.9020 0.3867
vn -0.1625 0.8961 0.4130
vn -0.2048 0.7050 0.6790
vn -0.0691 0.9018 0.4266
vn -0.2044 0.6572 0.7255
vn -0.0089 0.8793 0.4762
vn -0.1778 0.6610 0.7290
vn 0.0258 0.8532 0.5210
vn -0.2225 0.6146 0.7568
vn -0.2242 0.6021 0.7663
vn 0.0557 0.8097 0.5842
vn -0.1967 0.5503 0.8115
vn 0.0864 0.7532 0.6521
vn 0.1163 0.7131 0.6914
vn -0.1678 0.5203 0.8373
vn 0.1305 0.6529 0.7461
vn -0.1996 0.5287 0.8250
vn -0.1975 0.5213 0.8302
vn -0.1872 0.4604 0.8678
vn -0.1759 0.4017 0.8987
vn -0.1975 0.4140 0.8886
vn -0.2789 0.5889 0.7586
vn -0.3284 0.5652 0.7568
vn -0.3618 0.5075 0.7820
vn -0.1859 0.3995 0.8977
vn -0.3847 0.4179 0.8230
vn -0.1650 0.3512 0.9216
vn -0.2074 0.3619 0.9088
vn -0.2432 0.4040 0.8819
vn -0.3637 0.4335 0.8245
vn -0.3305 0.5734 0.7496
vn -0.1862 0.4159 0.8902
vn -0.1660 0.3754 0.9119
vn -0.2953 0.5931 0.7490
vn -0.1643 0.3417 0.9254
vn -0.1784 0.3779 0.9085
vn -0.2739 0.5996 0.7520
vn -0.1732 0.3541 0.9190
vn -0.2465 0.6016 0.7598
vn -0.1642 0.3736 0.9129
vn -0.2121 0.6042 0.7681
vn -0.1642 0.3417 0.9253
vn -0.1607 0.3738 0.9135
vn -0.1706 0.6057 0.7772
vn -0.1470 0.3918 0.9082
vn -0.1230 0.6342 0.7633
vn -0.1012 0.6386 0.7629
vn -0.1682 0.3863 0.9069
vn -0.1018 0.6630 0.7417
vn -0.1622 0.3423 0.9255
vn -0.1731 0.3893 0.9047
vn -0.1724 0.3890 0.9049
vn -0.1746 0.3952 0.9018
vn -0.1852 0.4545 0.8713
vn -0.1880 0.4597 0.8679
vn -0.1922 0.5171 0.8341
vn 0.1425 0.5801 0.8020
vn -0.1730 0.4613 0.8702
vn -0.1548 0.3472 0.9249
vn -0.1190 0.4143 0.9023
vn 0.1689 0.4845 0.8583
vn 0.1876 0.3373 0.9225
vn -0.1319 0.3394 0.9313
vn -0.1581 0.2782 0.9474
vn -0.1547 0.4489 0.8801
vn -0.1390 0.2313 0.9629
vn 0.1382 -0.0006 0.9904
vn 0.1798 0.1597 0.9707
vn 0.0900 -0.0929 0.9916
vn -0.0631 0.1177 0.9910
vn -0.0083 -0.1528 0.9882
vn -0.1130 0.5370 0.8360
vn 0.0340 0.6547 0.7551
vn 0.0895 0.3465 0.9338
vn 0.0882 0.3709 0.9245
vn -0.3042 0.6797 0.6674
vn -0.3081 0.7465 0.5897
vn -0.2319 0.8458 0.4804
vn -0.2513 0.8723 0.4195
vn -0.2359 0.8656 0.4417
vn -0.2677 0.8776 0.3978
vn -0.3555 0.7391 0.5721
vn -0.4016 0.7555 0.5175
vn -0.4396 0.7874 0.4321
vn -0.2578 0.8876 0.3817
vn -0.2492 0.8900 0.3819
vn -0.2331 0.8644 0.4456
vn -0.2289 0.8311 0.5068
vn -0.2471 0.8618 0.4430
vn -0.2424 0.8276 0.5063
vn -0.2489 0.8928 0.3754
vn -0.2425 0.9105 0.3348
vn -0.2924 0.8965 0.3328
vn -0.3111 0.8635 0.3969
vn -0.4177 0.7926 0.4441
vn -0.3549 0.7326 0.5808
vn -0.2716 0.8804 0.3888
vn -0.2506 0.9017 0.3524
vn -0.2490 0.9141 0.3200
vn -0.2405 0.8959 0.3734
vn -0.2454 0.8654 0.4368
vn -0.2415 0.8276 0.5068
vn -0.2472 0.8616 0.4432
vn -0.2412 0.8956 0.3737
vn -0.2487 0.9141 0.3203
vn -0.2304 0.9115 0.3406
vn -0.2392 0.8997 0.3651
vn -0.3175 0.7382 0.5952
vn -0.2960 0.7446 0.5983
vn -0.2703 0.7567 0.5952
vn -0.2251 0.9055 0.3596
vn -0.2368 0.7696 0.5930
vn -0.2476 0.9015 0.3549
vn -0.2490 0.9141 0.3201
vn -0.2462 0.8961 0.3693
vn -0.1970 0.7846 0.5879
vn -0.1441 0.7795 0.6096
vn -0.1286 0.7775 0.6156
vn -0.2506 0.8958 0.3671
vn -0.1160 0.7630 0.6359
vn -0.2059 0.8821 0.4237
vn -0.1574 0.8506 0.5017
vn 0.0138 0.7947 0.6069
vn -0.2445 0.9483 0.2022
vn -0.2550 0.9325 0.2558
vn -0.2324 0.9055 0.3550
vn -0.2205 0.9238 0.3129
vn -0.0139 0.9978 -0.0643
vn -0.0734 0.9863 -0.1478
vn 0.0490 0.9948 0.0897
vn 0.0919 0.9602 0.2637
vn -0.1931 0.8964 0.3990
vn 0.1025 0.9023 0.4186
vn -0.2236 0.8878 0.4023
vn 0.1017 0.8512 0.5148
vn -0.2285 0.8554 0.4648
vn 0.1057 0.7956 0.5966
vn -0.2160 0.8370 0.5028
vn 0.1120 0.7473 0.6550
vn -0.2355 0.8217 0.5190
vn -0.2364 0.7698 0.5929
vn -0.2378 0.7695 0.5927
vn -0.2232 0.7732 0.5936
vn -0.2323 0.8216 0.5206
vn -0.2305 0.7313 0.6419
vn -0.2315 0.7311 0.6418
vn -0.2420 0.7638 0.5984
vn -0.2574 0.7746 0.5777
vn 0.0943 0.7070 0.7009
vn 0.0827 0.6393 0.7645
vn -0.2237 0.7939 0.5654
vn -0.2430 0.7577 0.6057
vn 0.0690 0.5755 0.8149
vn -0.2351 0.7254 0.6470
vn -0.1879 0.7402 0.6456
vn 0.0453 0.5281 0.8480
vn -0.2557 0.7027 0.6640
vn -0.0034 0.4722 0.8815
vn -0.1968 0.6913 0.6952
vn -0.0872 0.4416 0.8930
vn -0.2342 0.7144 0.6594
vn -0.2460 0.6845 0.6863
vn -0.1190 0.4152 0.9019
vn -0.2103 0.3354 0.9183
vn -0.2208 0.6496 0.7275
vn -0.2428 0.7180 0.6523
vn -0.1783 0.6302 0.7557
vn -0.0081 0.4609 0.8874
vn 0.1433 0.5857 0.7978
vn -0.1402 0.7047 0.6955
vn 0.0775 0.6008 0.7957
vn -0.2265 0.7156 0.6608
vn -0.2392 0.7028 0.6700
vn -0.1912 0.6523 0.7334
vn 0.0315 0.5237 0.8513
vn -0.1975 0.6713 0.7144
vn 0.0720 0.5052 0.8600
vn 0.0532 0.5455 0.8364
vn -0.1795 0.6836 0.7075
vn -0.2382 0.6918 0.6816
vn -0.2315 0.6938 0.6820
vn -0.2321 0.6934 0.6821
vn -0.2330 0.6931 0.6821
vn -0.2378 0.7295 0.6413
vn -0.2263 0.6948 0.6827
vn -0.2173 0.7346 0.6427
vn -0.2135 0.6973 0.6842
vn -0.2133 0.7343 0.6444
vn -0.2175 0.7730 0.5959
vn -0.3116 0.6768 0.6670
vn -0.2297 0.8715 0.4333
vn -0.2918 0.6831 0.6695
vn -0.2273 0.8549 0.4663
vn -0.2326 0.8633 0.4478
vn -0.2770 0.6927 0.6659
vn -0.2450 0.8466 0.4725
vn -0.2548 0.6931 0.6743
vn -0.2321 0.8337 0.5011
vn -0.2336 0.8460 0.4792
vn -0.2381 0.6973 0.6761
vn -0.2289 0.8385 0.4945
vn -0.2320 0.6933 0.6823
vn -0.2250 0.8312 0.5084
vn -0.2268 0.8427 0.4883
vn -0.2144 0.6976 0.6837
vn -0.2260 0.8387 0.4955
vn -0.2020 0.6893 0.6957
vn -0.2270 0.8229 0.5209
vn -0.2187 0.7785 0.5883
vn -0.2188 0.7794 0.5871
vn -0.2381 0.8202 0.5202
vn -0.2346 0.8290 0.5077
vn -0.2249 0.7714 0.5953
vn -0.2299 0.7708 0.5941
vn -0.2182 0.7330 0.6443
vn -0.2210 0.7330 0.6434
vn -0.2109 0.7346 0.6448
vn -0.2141 0.7352 0.6431
vn -0.2132 0.7804 0.5877
vn -0.2190 0.8238 0.5229
vn -0.2204 0.8362 0.5023
vn -0.2341 0.7669 0.5976
vn -0.2851 0.7405 0.6086
vn -0.3683 0.7246 0.5825
vn -0.2382 0.8556 0.4596
vn -0.2395 0.8303 0.5032
vn -0.3335 0.6693 0.6639
vn -0.2365 0.8253 0.5129
vn -0.3429 0.6440 0.6839
vn -0.2391 0.8155 0.5271
vn -0.3407 0.6318 0.6962
vn -0.2789 0.7771 0.5643
vn -0.3475 0.5815 0.7356
vn -0.3652 0.7437 0.5600
vn -0.2516 0.7853 0.5657
vn -0.3577 0.7745 0.5217
vn -0.5237 0.7446 0.4138
vn -0.4768 0.6346 0.6082
vn -0.2021 0.7635 0.6133
vn -0.2186 0.8124 0.5405
vn -0.2209 0.7742 0.5931
vn -0.2066 0.7719 0.6012
vn -0.2064 0.7360 0.6447
vn -0.2005 0.7371 0.6454
vn -0.2012 0.7288 0.6545
vn -0.2540 0.7090 0.6579
vn -0.3686 0.4846 0.7933
vn -0.3915 0.4730 0.7893
vn -0.2096 0.7058 0.6767
vn -0.4071 0.4708 0.7827
vn -0.2339 0.7192 0.6542
vn -0.4218 0.4690 0.7760
vn -0.1920 0.6913 0.6966
vn -0.1663 0.6758 0.7181
vn -0.4660 0.4591 0.7563
vn -0.4177 0.5570 0.7178
vn -0.1529 0.7148 0.6825
vn -0.1973 0.7012 0.6852
vn -0.1965 0.7016 0.6849
vn -0.2097 0.7372 0.6423
vn -0.2088 0.6989 0.6841
vn -0.2143 0.6976 0.6837
vn -0.2152 0.6967 0.6843
vn 0.5194 -0.5805 -0.6270
vn 0.2692 -0.6625 -0.6990
vn 0.4442 -0.4236 -0.7895
vn 0.4933 -0.7380 -0.4605
vn 0.2675 -0.6400 -0.7203
vn 0.4413 -0.3551 -0.8241
vn 0.4138 -0.3572 -0.8373
vn 0.2514 -0.5941 -0.7641
vn 0.4761 -0.3902 -0.7880
vn 0.2356 -0.6758 -0.6984
vn 0.2372 -0.6865 -0.6874
vn 0.2499 -0.7391 -0.6255
vn 0.5056 -0.7690 -0.3912
vn 0.4785 -0.7858 -0.3918
vn 0.2942 -0.7301 -0.6167
vn 0.5284 -0.7303 -0.4330
vn 0.2389 -0.6917 -0.6815
vn 0.2306 -0.6881 -0.6880
vn 0.2280 -0.6662 -0.7101
vn 0.2351 -0.6582 -0.7152
vn 0.2239 -0.6595 -0.7176
vn 0.2959 -0.5537 -0.7784
vn 0.5139 -0.3176 -0.7969
vn 0.2803 -0.5008 -0.8189
vn 0.3317 -0.2337 -0.9140
vn 0.1150 -0.2179 -0.9692
vn 0.2073 -0.5607 -0.8017
vn 0.2211 -0.6107 -0.7603
vn 0.2140 -0.2514 -0.9439
vn 0.2447 -0.2548 -0.9355
vn 0.1965 -0.5975 -0.7774
vn 0.3296 -0.2269 -0.9165
vn 0.2325 -0.6300 -0.7409
vn 0.3896 -0.2272 -0.8925
vn 0.1604 -0.6012 -0.7828
vn 0.4159 -0.2293 -0.8800
vn 0.2265 -0.6546 -0.7213
vn 0.2313 -0.6880 -0.6879
vn 0.2334 -0.7040 -0.6708
vn 0.2322 -0.6879 -0.6877
vn 0.2352 -0.7147 -0.6587
vn 0.2037 -0.7613 -0.6155
vn 0.2365 -0.7193 -0.6532
vn 0.1950 -0.7739 -0.6025
vn 0.2419 -0.7544 -0.6102
vn 0.2127 -0.7566 -0.6183
vn 0.5095 -0.8212 -0.2569
vn 0.4837 -0.8374 -0.2546
vn 0.4282 -0.8700 -0.2446
vn 0.2571 -0.7538 -0.6048
vn 0.3434 -0.9028 -0.2590
vn 0.2641 -0.7449 -0.6127
vn 0.3146 -0.9155 -0.2508
vn 0.2645 -0.7875 -0.5566
vn 0.2180 -0.9553 -0.1997
vn 0.2436 -0.7072 -0.6637
vn 0.2317 -0.7116 -0.6633
vn 0.3248 -0.7576 -0.5661
vn 0.5782 -0.7294 -0.3656
vn 0.3260 -0.7951 -0.5114
vn 0.4289 -0.8677 -0.2512
vn 0.5323 -0.8028 -0.2686
vn 0.2213 -0.8134 -0.5380
vn 0.2364 -0.7948 -0.5589
vn 0.5520 -0.7864 -0.2772
vn 0.5691 -0.7774 -0.2678
vn 0.2612 -0.8260 -0.4995
vn 0.5692 -0.7772 -0.2681
vn 0.2431 -0.8144 -0.5270
vn 0.2288 -0.8706 -0.4356
vn 0.5765 -0.7680 -0.2788
vn 0.2493 -0.8691 -0.4272
vn 0.5750 -0.7551 -0.3150
vn 0.2481 -0.8548 -0.4558
vn 0.2425 -0.8195 -0.5193
vn 0.2327 -0.7616 -0.6049
vn 0.2297 -0.7214 -0.6533
vn 0.2256 -0.6894 -0.6884
vn 0.2316 -0.7207 -0.6534
vn 0.2364 -0.7601 -0.6052
vn 0.2435 -0.8192 -0.5192
vn 0.2467 -0.8550 -0.4562
vn 0.2461 -0.8586 -0.4497
vn 0.2479 -0.8902 -0.3822
vn 0.2486 -0.8899 -0.3825
vn 0.2996 -0.8675 -0.3970
vn 0.5594 -0.7214 -0.4083
vn 0.2405 -0.9001 -0.3633
vn 0.5157 -0.6668 -0.5379
vn 0.2485 -0.9093 -0.3337
vn 0.2713 -0.8925 -0.3604
vn 0.4325 -0.6283 -0.6466
vn 0.2404 -0.8996 -0.3647
vn 0.2927 -0.8718 -0.3927
vn 0.3643 -0.6099 -0.7037
vn 0.2707 -0.9320 -0.2408
vn 0.2401 -0.9458 -0.2184
vn 0.2741 -0.9356 -0.2225
vn 0.2489 -0.9093 -0.3334
vn 0.2509 -0.9089 -0.3332
vn 0.2487 -0.8871 -0.3888
vn 0.2517 -0.8837 -0.3947
vn 0.2401 -0.8566 -0.4567
vn 0.2369 -0.8208 -0.5198
vn 0.2299 -0.7617 -0.6058
vn 0.2389 -0.8156 -0.5269
vn 0.2415 -0.8562 -0.4568
vn 0.2407 -0.8902 -0.3868
vn 0.2288 -0.9178 -0.3244
vn 0.2361 -0.9136 -0.3311
vn 0.2472 -0.9062 -0.3431
vn 0.2375 -0.9373 -0.2550
vn 0.2372 -0.9448 -0.2261
vn 0.2254 -0.9406 -0.2538
vn 0.2458 -0.9432 -0.2237
vn 0.2732 -0.9565 0.1028
vn 0.2342 -0.9657 0.1118
vn 0.3160 -0.9433 0.1011
vn 0.3388 -0.9363 0.0926
vn 0.3466 -0.9328 0.0991
vn 0.2934 -0.9395 -0.1770
vn 0.3258 -0.9413 -0.0884
vn 0.4769 -0.8773 0.0540
vn 0.4919 -0.8142 -0.3084
vn 0.4978 -0.8193 -0.2847
vn 0.2562 -0.6273 -0.7354
vn 0.2893 -0.8040 -0.5195
vn 0.2015 -0.9740 0.1036
vn 0.1619 -0.9823 0.0941
vn 0.1343 -0.9881 0.0753
vn 0.1128 -0.9929 0.0366
vn 0.2212 -0.9513 -0.2146
vn 0.1893 -0.9587 -0.2122
vn 0.0585 -0.9890 -0.1359
vn 0.0355 -0.9823 -0.1839
vn 0.2138 -0.9321 -0.2923
vn 0.0714 -0.9898 -0.1232
vn 0.1132 -0.9894 -0.0911
vn 0.1592 -0.9806 -0.1142
vn 0.2390 -0.8981 -0.3691
vn 0.1461 -0.9882 -0.0452
vn 0.1596 -0.9840 -0.0789
vn 0.2274 -0.8797 -0.4176
vn 0.1714 -0.9790 -0.1105
vn 0.2343 -0.8790 -0.4154
vn 0.2021 -0.9704 -0.1318
vn 0.2375 -0.8246 -0.5135
vn 0.2253 -0.7729 -0.5932
vn 0.2311 -0.7614 -0.6057
vn 0.2257 -0.7220 -0.6540
vn 0.2246 -0.7223 -0.6541
vn 0.2266 -0.6891 -0.6883
vn 0.2200 -0.6907 -0.6889
vn 0.2134 -0.6524 -0.7272
vn 0.2198 -0.6505 -0.7270
vn 0.2196 -0.6506 -0.7270
vn 0.2259 -0.6492 -0.7263
vn 0.2198 -0.6078 -0.7631
vn 0.1923 -0.6201 -0.7606
vn 0.4455 -0.2281 -0.8657
vn 0.1792 -0.5402 -0.8222
vn 0.2009 -0.5611 -0.8030
vn 0.4670 -0.2370 -0.8519
vn 0.4836 -0.2248 -0.8459
vn 0.1963 -0.4831 -0.8533
vn 0.4839 -0.2250 -0.8457
vn 0.1992 -0.5289 -0.8250
vn 0.2116 -0.6042 -0.7682
vn 0.2129 -0.6039 -0.7681
vn 0.2079 -0.6054 -0.7683
vn 0.2076 -0.6052 -0.7685
vn 0.2151 -0.6517 -0.7274
vn 0.2211 -0.6904 -0.6888
vn 0.2222 -0.6907 -0.6881
vn 0.2268 -0.7218 -0.6539
vn 0.2233 -0.6899 -0.6886
vn 0.2162 -0.6514 -0.7273
vn 0.2078 -0.5972 -0.7747
vn 0.1941 -0.5296 -0.8257
vn 0.1920 -0.5227 -0.8306
vn 0.1985 -0.5211 -0.8301
vn 0.1975 -0.5213 -0.8302
vn 0.1875 -0.4601 -0.8679
vn 0.1654 -0.4432 -0.8811
vn 0.4937 -0.2341 -0.8375
vn 0.1825 -0.4325 -0.8829
vn 0.4999 -0.2689 -0.8232
vn 0.5047 -0.3606 -0.7844
vn 0.2152 -0.3781 -0.9004
vn 0.1725 -0.3864 -0.9060
vn 0.1605 -0.3693 -0.9154
vn 0.4899 -0.4919 -0.7197
vn 0.1760 -0.4006 -0.8992
vn 0.4306 -0.6093 -0.6658
vn 0.1643 -0.3417 -0.9253
vn 0.1881 -0.3455 -0.9194
vn 0.2192 -0.3944 -0.8924
vn 0.3748 -0.6748 -0.6358
vn 0.1736 -0.2490 -0.9528
vn 0.1572 -0.2339 -0.9595
vn 0.1619 -0.3419 -0.9257
vn 0.1667 -0.2307 -0.9586
vn 0.1719 -0.3865 -0.9061
vn 0.1851 -0.4542 -0.8715
vn 0.1872 -0.4603 -0.8678
vn 0.1754 -0.3949 -0.9018
vn 0.1674 -0.2528 -0.9529
vn 0.1599 -0.2296 -0.9601
vn 0.0673 0.0903 -0.9936
vn 0.1084 0.0873 -0.9903
vn 0.1526 0.0922 -0.9840
vn 0.1831 0.0883 -0.9791
vn 0.1845 0.0948 -0.9782
vn 0.1696 -0.1876 -0.9675
vn 0.1927 -0.0800 -0.9780
vn 0.2456 -0.5169 -0.8200
vn 0.2706 -0.7229 -0.6358
vn 0.4276 -0.2888 -0.8566
vn 0.4106 -0.2537 -0.8758
vn 0.3311 0.0727 -0.9408
vn 0.0435 0.0779 -0.9960
vn 0.0119 0.0647 -0.9978
vn 0.1346 -0.2381 -0.9619
vn -0.0130 0.0416 -0.9991
vn 0.1406 -0.2658 -0.9537
vn 0.1644 -0.3483 -0.9229
vn 0.1750 -0.4020 -0.8988
vn 0.1804 -0.4618 -0.8684
vn 0.1829 -0.4616 -0.8680
vn 0.1949 -0.3695 -0.9086
vn 0.1582 -0.3179 -0.9348
vn 0.1673 -0.3123 -0.9351
vn 0.1194 -0.3077 -0.9439
vn 0.0844 -0.2126 -0.9735
vn 0.1374 -0.2165 -0.9666
vn -0.0348 -0.0014 -0.9994
vn -0.0617 -0.1787 -0.9820
vn -0.0764 -0.2286 -0.9705
vn -0.0455 -0.1656 -0.9851
vn -0.0093 -0.1275 -0.9918
vn 0.0343 -0.1425 -0.9892
vn 0.1545 -0.3812 -0.9115
vn 0.0165 -0.0767 -0.9969
vn 0.0354 -0.1079 -0.9935
vn 0.1802 -0.4233 -0.8879
vn 0.1917 -0.5164 -0.8346
vn 0.1945 -0.5220 -0.8305
vn 0.2084 -0.5980 -0.7739
vn 0.2173 -0.6511 -0.7272
vn 0.2019 -0.5996 -0.7744
vn 0.1917 -0.5299 -0.8261
vn 0.1956 -0.4309 -0.8810
vn 0.1862 -0.4193 -0.8885
vn 0.1711 -0.4422 -0.8805
vn 0.1742 -0.4261 -0.8877
vn 0.0524 -0.1373 -0.9891
vn 0.0794 -0.1531 -0.9850
vn 0.0900 -0.1503 -0.9845
vn 0.0984 -0.1595 -0.9823
vn 0.1096 -0.1567 -0.9816
vn 0.1721 -0.4404 -0.8812
vn 0.1887 -0.5387 -0.8211
vn 0.2107 -0.6527 -0.7277
vn 0.2026 -0.5994 -0.7744
vn 0.1948 -0.5560 -0.8080
vn 0.2118 -0.6524 -0.7277
vn 0.1985 -0.6133 -0.7645
vn 0.1878 -0.6343 -0.7500
vn 0.2054 -0.6541 -0.7280
vn 0.2110 -0.6928 -0.6896
vn 0.2066 -0.6652 -0.7175
vn 0.1952 -0.5862 -0.7863
vn -0.0766 -0.5262 -0.8469
vn 0.1662 -0.5623 -0.8101
vn 0.1767 -0.4796 -0.8595
vn 0.1275 -0.4866 -0.8643
vn 0.1746 -0.4369 -0.8824
vn -0.0087 -0.2912 -0.9566
vn -0.0157 -0.2659 -0.9639
vn -0.0042 -0.2482 -0.9687
vn 0.1778 -0.4220 -0.8890
vn -0.0168 -0.3231 -0.9462
vn 0.1871 -0.4609 -0.8675
vn 0.1700 -0.4259 -0.8886
vn 0.1207 -0.2768 -0.9533
vn 0.0686 -0.2676 -0.9611
vn 0.1136 -0.1557 -0.9813
vn -0.0226 -0.2653 -0.9639
vn 0.0138 -0.5042 -0.8635
vn 0.0346 -0.5507 -0.8340
vn -0.1044 -0.6768 -0.7287
vn -0.0643 -0.3487 -0.9350
vn -0.0838 -0.3942 -0.9152
vn 0.2359 -0.5748 -0.7836
vn -0.0809 -0.4601 -0.8842
vn 0.1894 -0.6344 -0.7494
vn -0.0793 -0.5071 -0.8582
vn 0.1885 -0.6576 -0.7294
vn 0.2069 -0.6852 -0.6984
vn -0.1225 -0.5636 -0.8169
vn -0.0447 -0.6519 -0.7569
vn 0.2114 -0.6759 -0.7060
vn -0.0387 -0.7266 -0.6860
vn -0.0251 -0.7885 -0.6145
vn 0.2085 -0.6975 -0.6856
vn -0.0825 -0.8573 -0.5082
vn -0.0241 -0.8861 -0.4628
vn 0.2307 -0.7474 -0.6231
vn 0.2150 -0.7142 -0.6661
vn 0.2116 -0.6931 -0.6891
vn 0.2158 -0.7241 -0.6551
vn 0.2224 -0.7228 -0.6543
vn 0.2178 -0.6912 -0.6891
vn 0.2167 -0.6915 -0.6891
vn 0.2279 -0.7215 -0.6538
vn 0.2213 -0.7231 -0.6544
vn 0.2279 -0.7672 -0.5996
vn 0.2231 -0.7592 -0.6115
vn 0.2265 -0.7512 -0.6200
vn 0.2301 -0.7998 -0.5544
vn 0.2303 -0.8127 -0.5353
vn 0.2206 -0.7732 -0.5946
vn 0.2268 -0.7720 -0.5938
vn 0.2418 -0.8204 -0.5182
vn 0.2362 -0.8164 -0.5269
vn 0.2177 -0.8737 -0.4350
vn 0.2248 -0.8716 -0.4357
vn 0.2304 -0.8801 -0.4151
vn 0.2346 -0.8691 -0.4355
vn 0.2131 -0.9677 -0.1351
vn 0.2195 -0.9654 -0.1410
vn 0.2309 -0.9629 -0.1400
vn 0.2350 -0.9619 -0.1395
vn 0.2305 -0.8801 -0.4151
vn 0.2134 -0.9419 -0.2592
vn 0.2468 -0.8547 -0.4566
vn 0.2471 -0.8751 -0.4160
vn 0.0770 -0.9548 -0.2873
vn 0.1717 -0.9544 -0.2442
vn 0.1032 -0.9714 -0.2139
vn 0.2405 -0.8699 -0.4306
vn 0.0883 -0.9692 -0.2299
vn 0.2283 -0.8487 -0.4771
vn 0.0906 -0.9623 -0.2563
vn 0.2023 -0.8666 -0.4561
vn 0.0769 -0.9712 -0.2255
vn 0.0643 -0.8810 -0.4688
vn 0.2022 -0.8021 -0.5619
vn -0.0247 -0.8753 -0.4829
vn 0.2243 -0.7798 -0.5844
vn 0.0782 -0.8482 -0.5238
vn -0.0898 -0.7702 -0.6315
vn 0.0201 -0.9532 -0.3017
vn -0.0072 -0.9388 -0.3443
vn 0.2621 -0.7675 -0.5850
vn -0.0151 -0.9096 -0.4153
vn 0.2050 -0.7470 -0.6324
vn -0.1934 0.9779 0.0798
vn -0.1829 0.9637 -0.1944
vn -0.0086 0.9563 0.2922
vn -0.0033 0.9495 0.3139
vt -0.490389 1.413640
vt -0.490389 1.485361
vt -0.431175 1.485361
vt -0.431150 1.413640
vt -0.490389 1.341942
vt -0.361477 1.413688
vt -0.361549 1.485361
vt -0.305782 1.485361
vt -0.289249 1.413953
vt -0.242447 1.485386
vt -0.361284 1.342014
vt -0.292936 1.342134
vt -0.293635 1.270533
vt -0.360995 1.270340
vt -0.431054 1.341942
vt -0.490389 1.270196
vt -0.430910 1.270220
vt -0.490389 1.198546
vt -0.430741 1.198522
vt -0.490389 1.144779
vt -0.360610 1.199076
vt -0.293635 1.205415
vt -0.242736 1.252795
vt -0.240302 1.288608
vt -0.236253 1.324397
vt -0.231939 1.360186
vt -0.223673 1.395974
vt -0.212105 1.431763
vt -0.199067 1.467479
vt -0.185257 1.506328
vt -0.174725 1.503268
vt -0.191981 1.462996
vt -0.202826 1.431763
vt -0.213888 1.395974
vt -0.221889 1.360210
vt -0.226251 1.324421
vt -0.230276 1.288632
vt -0.232710 1.252844
vt -0.232638 1.217079
vt -0.242664 1.217055
vt -0.231891 1.190015
vt -0.242013 1.197992
vt -0.242447 1.187653
vt -0.249436 1.195871
vt -0.255895 1.185387
vt -0.248978 1.178880
vt -0.271439 1.162685
vt -0.265221 1.156178
vt -0.288695 1.140585
vt -0.282501 1.133476
vt -0.298335 1.114003
vt -0.304529 1.119136
vt -0.301998 1.105809
vt -0.318651 1.145140
vt -0.360248 1.144923
vt -0.430548 1.144755
vt -0.357934 1.115859
vt -0.318338 1.116413
vt -0.314892 1.102314
vt -0.321591 1.109882
vt -0.350439 1.109183
vt -0.357621 1.103013
vt -0.350295 1.100435
vt -0.435344 1.092337
vt -0.490389 1.091951
vt -0.456817 1.020736
vt -0.490389 1.010927
vt -0.523960 1.020736
vt -0.483231 1.003649
vt -0.490389 1.002058
vt -0.497522 1.003649
vt -0.454841 1.014711
vt -0.425366 1.032737
vt -0.429921 1.038112
vt -0.404616 1.057079
vt -0.380010 1.077515
vt -0.375672 1.072720
vt -0.400158 1.051945
vt -0.431175 0.485352
vt -0.490389 0.485352
vt -0.490389 0.557050
vt -0.431175 0.557050
vt -0.490389 0.628772
vt -0.361549 0.485352
vt -0.361525 0.557025
vt -0.305782 0.485376
vt -0.431102 0.628772
vt -0.490389 0.700469
vt -0.430982 0.700469
vt -0.490389 0.754285
vt -0.361405 0.628723
vt -0.305734 0.557001
vt -0.242447 0.485376
vt -0.242399 0.556953
vt -0.185257 0.506319
vt -0.305541 0.628627
vt -0.361164 0.700397
vt -0.360875 0.753538
vt -0.430885 0.754237
vt -0.436115 0.828079
vt -0.490389 0.828031
vt -0.438766 0.885221
vt -0.490389 0.885197
vt -0.461276 0.940723
vt -0.490389 0.942555
vt -0.490389 0.990297
vt -0.465831 0.973090
vt -0.443128 0.952484
vt -0.428307 0.939928
vt -0.422306 0.918840
vt -0.418739 0.940892
vt -0.425318 0.945302
vt -0.438935 0.957979
vt -0.462360 0.978078
vt -0.485593 0.995479
vt -0.490389 0.997720
vt -0.495160 0.995479
vt -0.416064 0.944941
vt -0.399844 0.925685
vt -0.393410 0.927155
vt -0.397989 0.911032
vt -0.403749 0.910140
vt -0.403170 0.896090
vt -0.396663 0.897150
vt -0.391650 0.878641
vt -0.397483 0.875026
vt -0.384806 0.862085
vt -0.389168 0.857698
vt -0.369261 0.843600
vt -0.373214 0.839406
vt -0.354175 0.829405
vt -0.357525 0.824681
vt -0.337329 0.809040
vt -0.333931 0.813812
vt -0.314361 0.796267
vt -0.311638 0.801449
vt -0.288888 0.791230
vt -0.288960 0.785109
vt -0.257148 0.780024
vt -0.304721 0.749682
vt -0.305203 0.700252
vt -0.242133 0.628506
vt -0.184896 0.561942
vt -0.168749 0.532998
vt -0.174725 0.503282
vt -0.160506 0.528009
vt -0.147372 0.540999
vt -0.152023 0.549241
vt -0.133056 0.550591
vt -0.143154 0.577776
vt -0.136768 0.558616
vt -0.126983 0.560496
vt -0.121850 0.552519
vt -0.112668 0.567027
vt -0.119681 0.571028
vt -0.113029 0.586620
vt -0.104184 0.586620
vt -0.136069 0.628193
vt -0.104522 0.610407
vt -0.095822 0.610431
vt -0.096135 0.646124
vt -0.087411 0.646100
vt -0.093484 0.681647
vt -0.084736 0.681599
vt -0.133924 0.699867
vt -0.095508 0.719966
vt -0.086784 0.721894
vt -0.103727 0.750188
vt -0.095798 0.752501
vt -0.103895 0.771227
vt -0.111463 0.768576
vt -0.112836 0.789158
vt -0.136262 0.742837
vt -0.183908 0.740090
vt -0.185571 0.699867
vt -0.186101 0.628386
vt -0.241700 0.700036
vt -0.241989 0.739584
vt -0.257220 0.773902
vt -0.224878 0.770818
vt -0.224926 0.764696
vt -0.172026 0.761491
vt -0.195885 0.761684
vt -0.195813 0.767781
vt -0.173279 0.767588
vt -0.153903 0.769733
vt -0.143685 0.778602
vt -0.120042 0.786169
vt -0.137322 0.788772
vt -0.148625 0.781976
vt -0.158217 0.774360
vt -0.142528 0.791303
vt -0.132743 0.800461
vt -0.138551 0.802750
vt -0.125706 0.801232
vt -0.121681 0.806221
vt -0.133153 0.805112
vt -0.139780 0.813740
vt 0.211214 0.462987
vt 0.193958 0.503282
vt 0.218299 0.467470
vt 0.204490 0.506319
vt 0.261679 0.485376
vt 0.187981 0.532998
vt 0.179739 0.528009
vt 0.166604 0.540999
vt 0.152289 0.550591
vt 0.171256 0.549241
vt 0.204128 0.561942
vt 0.261631 0.556953
vt 0.324966 0.557001
vt 0.261366 0.628506
vt 0.324773 0.628627
vt 0.205333 0.628386
vt 0.162387 0.577776
vt 0.156000 0.558616
vt 0.146216 0.560496
vt 0.141082 0.552519
vt 0.131900 0.567027
vt 0.138889 0.571028
vt 0.132262 0.586620
vt 0.155301 0.628193
vt 0.204779 0.699867
vt 0.260932 0.700084
vt 0.324436 0.700252
vt 0.261221 0.739584
vt 0.203140 0.740090
vt 0.153156 0.699867
vt 0.115392 0.646124
vt 0.123754 0.610407
vt 0.123441 0.586620
vt 0.115054 0.610431
vt 0.106643 0.646100
vt 0.112716 0.681647
vt 0.103968 0.681599
vt 0.114741 0.719966
vt 0.155470 0.742837
vt 0.122959 0.750188
vt 0.106017 0.721894
vt 0.115030 0.752501
vt 0.123128 0.771227
vt 0.130695 0.768576
vt 0.132069 0.789158
vt 0.139275 0.786169
vt 0.144938 0.801232
vt 0.140914 0.806221
vt 0.156555 0.788772
vt 0.162917 0.778602
vt 0.191259 0.761491
vt 0.173135 0.769733
vt 0.167882 0.781976
vt 0.161760 0.791303
vt 0.177449 0.774360
vt 0.192512 0.767588
vt 0.215118 0.761684
vt 0.215070 0.767781
vt 0.244158 0.764696
vt 0.244110 0.770818
vt 0.276428 0.773902
vt 0.276380 0.780024
vt 0.308168 0.785109
vt 0.308120 0.791230
vt 0.323954 0.749682
vt 0.380396 0.700397
vt 0.380637 0.628723
vt 0.380758 0.557025
vt 0.324990 0.485376
vt 0.450335 0.628772
vt 0.450238 0.700469
vt 0.380107 0.753538
vt 0.333594 0.796267
vt 0.330871 0.801449
vt 0.353163 0.813812
vt 0.356561 0.809040
vt 0.376757 0.824681
vt 0.373431 0.829405
vt 0.455348 0.828079
vt 0.392446 0.839406
vt 0.388470 0.843600
vt 0.408401 0.857698
vt 0.404038 0.862085
vt 0.416739 0.875026
vt 0.410883 0.878641
vt 0.457999 0.885221
vt 0.422379 0.896090
vt 0.415896 0.897150
vt 0.417221 0.911032
vt 0.423005 0.910140
vt 0.441538 0.918840
vt 0.419077 0.925685
vt 0.412618 0.927155
vt 0.435296 0.944941
vt 0.437995 0.940820
vt 0.444551 0.945302
vt 0.447539 0.939928
vt 0.480508 0.940723
vt 0.462361 0.952484
vt 0.458167 0.957979
vt 0.485063 0.973090
vt 0.481593 0.978078
vt 0.504825 0.995479
vt 0.509621 0.990297
vt 0.509621 0.942555
vt 0.509621 0.885197
vt 0.509621 0.828031
vt 0.509621 0.754285
vt 0.450118 0.754237
vt 0.509621 0.700469
vt 0.509621 0.628772
vt 0.450407 0.557050
vt 0.509621 0.557050
vt 0.450431 0.485352
vt 0.380782 0.485352
vt 0.211214 1.462996
vt 0.218299 1.467479
vt 0.222059 1.431763
vt 0.231361 1.431763
vt 0.261679 1.485386
vt 0.233121 1.395974
vt 0.242905 1.395974
vt 0.241122 1.360210
vt 0.308482 1.413953
vt 0.251172 1.360186
vt 0.245460 1.324421
vt 0.255485 1.324397
vt 0.249509 1.288632
vt 0.312169 1.342134
vt 0.259510 1.288608
vt 0.251967 1.252844
vt 0.261968 1.252820
vt 0.251870 1.217079
vt 0.312868 1.270533
vt 0.380517 1.342014
vt 0.380710 1.413688
vt 0.324990 1.485361
vt 0.324966 1.557011
vt 0.380782 1.485361
vt 0.380758 1.557035
vt 0.450431 1.485361
vt 0.450407 1.557059
vt 0.450383 1.413640
vt 0.450287 1.341942
vt 0.380228 1.270340
vt 0.312892 1.205415
vt 0.261896 1.217055
vt 0.261245 1.197992
vt 0.251123 1.190015
vt 0.261679 1.187653
vt 0.268668 1.195871
vt 0.275127 1.185387
vt 0.268210 1.178880
vt 0.290672 1.162685
vt 0.284454 1.156178
vt 0.307951 1.140585
vt 0.301734 1.133476
vt 0.323761 1.119136
vt 0.317567 1.114003
vt 0.321231 1.105809
vt 0.337570 1.116413
vt 0.334148 1.102314
vt 0.340824 1.109882
vt 0.369672 1.109183
vt 0.377167 1.115859
vt 0.338848 1.145068
vt 0.379842 1.199076
vt 0.379480 1.144923
vt 0.449973 1.198522
vt 0.449780 1.144755
vt 0.454576 1.092337
vt 0.376829 1.103013
vt 0.369551 1.100435
vt 0.394905 1.072720
vt 0.399243 1.077515
vt 0.419390 1.051945
vt 0.423849 1.057079
vt 0.444599 1.032737
vt 0.449154 1.038112
vt 0.476050 1.020736
vt 0.474049 1.014711
vt 0.502463 1.003649
vt 0.509621 1.010927
vt 0.509621 1.091951
vt 0.509621 1.144779
vt 0.509621 1.198546
vt 0.450166 1.270220
vt 0.509621 1.270196
vt 0.509621 1.341942
vt 0.509621 1.413640
vt 0.509621 1.485361
vt 0.509621 1.557059
vt 0.509621 0.997720
vt 0.514417 0.995479
vt 0.534179 0.973090
vt 0.537649 0.978078
vt 0.561075 0.957979
vt 0.556881 0.952484
vt 0.574667 0.945302
vt 0.538734 0.940723
vt 0.561243 0.885221
vt 0.577704 0.918840
vt 0.571703 0.939928
vt 0.581246 0.940892
vt 0.583946 0.944941
vt 0.600165 0.925685
vt 0.606600 0.927155
vt 0.601997 0.911032
vt 0.596237 0.910140
vt 0.596839 0.896090
vt 0.603346 0.897150
vt 0.608359 0.878641
vt 0.602503 0.875026
vt 0.615204 0.862085
vt 0.610841 0.857698
vt 0.630748 0.843600
vt 0.626796 0.839406
vt 0.645811 0.829405
vt 0.563894 0.828079
vt 0.509621 0.828152
vt 0.373407 0.829405
vt 0.388494 0.843600
vt 0.416715 0.875026
vt 0.422403 0.896090
vt 0.437995 0.940940
vt 0.412642 0.927155
vt 0.276453 0.773902
vt 0.215046 0.767781
vt 0.509621 0.700542
vt 0.204803 0.699867
vt 0.167857 0.781976
vt 0.325014 0.485376
vt 0.115367 0.646124
vt 0.152385 0.805112
vt 0.159013 0.813740
vt 0.157784 0.802750
vt 0.151976 0.800461
vt 0.123417 0.586620
vt 0.222059 0.431753
vt 0.231337 0.431753
vt 0.233121 0.395989
vt 0.242905 0.395965
vt 0.241146 0.360200
vt 0.308482 0.413967
vt 0.380710 0.413702
vt 0.450407 0.485352
vt 0.509621 0.628820
vt 0.509621 0.557074
vt 0.568835 0.557050
vt 0.568883 0.628772
vt 0.569004 0.700469
vt 0.569124 0.754237
vt 0.639135 0.753538
vt 0.642485 0.824681
vt 0.666055 0.813812
vt 0.662681 0.809040
vt 0.685648 0.796267
vt 0.688371 0.801449
vt 0.711098 0.791230
vt 0.711050 0.785109
vt 0.742862 0.780024
vt 0.695288 0.749682
vt 0.638846 0.700397
vt 0.638605 0.628723
vt 0.638460 0.557025
vt 0.638436 0.485352
vt 0.568811 0.485352
vt 0.509621 0.485352
vt 0.509621 0.413606
vt 0.450383 0.413630
vt 0.509621 0.341884
vt 0.568859 0.413630
vt 0.638532 0.413702
vt 0.694228 0.485376
vt 0.694276 0.557001
vt 0.694469 0.628627
vt 0.694806 0.700252
vt 0.758021 0.739584
vt 0.742789 0.773902
vt 0.775132 0.770818
vt 0.775060 0.764696
vt 0.804172 0.767781
vt 0.826706 0.767588
vt 0.804124 0.761684
vt 0.816102 0.740090
vt 0.827983 0.761491
vt 0.841769 0.774360
vt 0.846082 0.769733
vt 0.851360 0.781976
vt 0.863748 0.742837
vt 0.856325 0.778602
vt 0.862663 0.788772
vt 0.857458 0.791303
vt 0.888547 0.768576
vt 0.896283 0.750188
vt 0.866086 0.699867
vt 0.904501 0.719966
vt 0.814439 0.699867
vt 0.758310 0.700108
vt 0.757852 0.628506
vt 0.813909 0.628386
vt 0.863941 0.628193
vt 0.903850 0.646124
vt 0.906526 0.681647
vt 0.915250 0.681599
vt 0.913225 0.721894
vt 0.904212 0.752501
vt 0.896114 0.771227
vt 0.887173 0.789158
vt 0.879943 0.786169
vt 0.874304 0.801232
vt 0.867266 0.800461
vt 0.861434 0.802750
vt 0.866857 0.805112
vt 0.860229 0.813740
vt 0.878304 0.806221
vt 0.912575 0.646100
vt 0.904164 0.610431
vt 0.895488 0.610407
vt 0.895801 0.586620
vt 0.886956 0.586620
vt 0.856855 0.577776
vt 0.815090 0.561942
vt 0.757611 0.556953
vt 0.757563 0.485376
vt 0.814752 0.506319
vt 0.831261 0.532998
vt 0.847986 0.549241
vt 0.863242 0.558616
vt 0.873026 0.560496
vt 0.880329 0.571028
vt 0.887342 0.567027
vt 0.878136 0.552519
vt 0.866953 0.550591
vt 0.852614 0.540999
vt 0.839503 0.528009
vt 0.825260 0.503282
vt 0.800919 0.467470
vt 0.808028 0.462987
vt 0.797183 0.431753
vt 0.787881 0.431753
vt 0.710736 0.413967
vt 0.707049 0.342149
vt 0.638701 0.342004
vt 0.568931 0.341932
vt 0.638990 0.270331
vt 0.706374 0.270524
vt 0.759708 0.288599
vt 0.763732 0.324387
vt 0.768070 0.360176
vt 0.776313 0.395965
vt 0.786121 0.395989
vt 0.778096 0.360200
vt 0.773758 0.324436
vt 0.769709 0.288647
vt 0.767275 0.252858
vt 0.757274 0.252810
vt 0.706350 0.205429
vt 0.569076 0.270234
vt 0.639400 0.199067
vt 0.679406 0.145010
vt 0.569269 0.198537
vt 0.639737 0.144914
vt 0.642075 0.115873
vt 0.569437 0.144745
vt 0.509621 0.144649
vt 0.564666 0.092327
vt 0.642388 0.103028
vt 0.649570 0.109173
vt 0.681647 0.116427
vt 0.711291 0.140600
vt 0.695481 0.119127
vt 0.728570 0.162676
vt 0.717484 0.133490
vt 0.734788 0.156169
vt 0.751008 0.178895
vt 0.744091 0.185378
vt 0.757563 0.187643
vt 0.750574 0.195862
vt 0.757346 0.217045
vt 0.757973 0.197982
vt 0.768095 0.190005
vt 0.767372 0.217094
vt 0.701675 0.113993
vt 0.698012 0.105823
vt 0.685094 0.102305
vt 0.678418 0.109872
vt 0.649691 0.100449
vt 0.624337 0.072710
vt 0.619975 0.077506
vt 0.599852 0.051960
vt 0.595393 0.057069
vt 0.574643 0.032728
vt 0.570064 0.038102
vt 0.543192 0.020726
vt 0.545169 0.014701
vt 0.516755 0.003663
vt 0.509621 0.010917
vt 0.509621 0.002048
vt 0.502463 0.003663
vt 0.476050 0.020726
vt 0.474049 0.014701
vt 0.444599 0.032728
vt 0.449154 0.038102
vt 0.454576 0.092327
vt 0.509621 0.091966
vt 0.449805 0.144745
vt 0.449973 0.198537
vt 0.509621 0.198440
vt 0.509621 0.270186
vt 0.450287 0.341932
vt 0.450166 0.270234
vt 0.379842 0.199067
vt 0.379480 0.144914
vt 0.377167 0.115873
vt 0.338848 0.145083
vt 0.312868 0.205429
vt 0.380228 0.270331
vt 0.380517 0.342004
vt 0.312169 0.342149
vt 0.312868 0.270524
vt 0.261968 0.252810
vt 0.259534 0.288599
vt 0.255485 0.324387
vt 0.251172 0.360176
vt 0.245460 0.324436
vt 0.249509 0.288647
vt 0.251967 0.252858
vt 0.251870 0.217094
vt 0.261896 0.217045
vt 0.261245 0.197982
vt 0.268668 0.195862
vt 0.275127 0.185378
vt 0.261679 0.187643
vt 0.251123 0.190005
vt 0.268210 0.178895
vt 0.290672 0.162676
vt 0.284454 0.156169
vt 0.307927 0.140600
vt 0.301734 0.133490
vt 0.323761 0.119127
vt 0.317567 0.113993
vt 0.321231 0.105823
vt 0.337595 0.116427
vt 0.369672 0.109173
vt 0.376829 0.103028
vt 0.334124 0.102305
vt 0.340824 0.109872
vt 0.369527 0.100449
vt 0.394905 0.072710
vt 0.399243 0.077506
vt 0.419390 0.051960
vt 0.423849 0.057069
s 1
usemtl models_monsters_darklord_mech_darklord_mech_sword.001
f 90/1/1 91/2/2 89/3/3
f 88/4/4 90/1/1 89/3/3
f 93/5/5 90/1/1 88/4/4
f 89/3/3 21/6/6 88/4/4
f 20/7/7 21/6/6 89/3/3
f 20/7/7 22/8/8 21/6/6
f 21/6/6 22/8/8 110/9/9
f 206/10/10 110/9/9 22/8/8
f 21/6/6 224/11/11 88/4/4
f 110/9/9 111/12/12 21/6/6
f 224/11/11 21/6/6 111/12/12
f 224/11/11 111/12/12 196/13/13
f 225/14/14 224/11/11 196/13/13
f 92/15/15 224/11/11 225/14/14
f 92/15/15 88/4/4 224/11/11
f 92/15/15 93/5/5 88/4/4
f 95/16/16 93/5/5 92/15/15
f 94/17/17 95/16/16 92/15/15
f 94/17/17 92/15/15 225/14/14
f 94/17/17 97/18/18 95/16/16
f 96/19/19 97/18/18 94/17/17
f 98/20/20 97/18/18 96/19/19
f 94/17/17 226/21/21 96/19/19
f 94/17/17 225/14/14 226/21/21
f 226/21/21 225/14/14 104/22/22
f 225/14/14 196/13/13 104/22/22
f 196/13/13 197/23/23 104/22/22
f 111/12/12 198/24/24 196/13/13
f 198/24/24 197/23/23 196/13/13
f 111/12/12 113/25/25 198/24/24
f 111/12/12 110/9/9 112/26/26
f 113/25/25 111/12/12 112/26/26
f 110/9/9 108/27/27 112/26/26
f 108/27/27 110/9/9 109/28/28
f 109/28/28 110/9/9 206/10/10
f 180/29/29 109/28/28 206/10/10
f 179/30/30 180/29/29 206/10/10
f 179/30/30 181/31/31 180/29/29
f 181/31/31 182/32/32 180/29/29
f 180/29/29 182/32/32 183/33/33
f 109/28/28 180/29/29 183/33/33
f 109/28/28 183/33/33 184/34/34
f 108/27/27 109/28/28 184/34/34
f 108/27/27 184/34/34 185/35/35
f 112/26/26 108/27/27 185/35/35
f 112/26/26 185/35/35 199/36/36
f 113/25/25 112/26/26 199/36/36
f 199/36/36 205/37/37 113/25/25
f 205/37/37 198/24/24 113/25/25
f 205/37/37 204/38/38 198/24/24
f 204/38/38 197/23/23 198/24/24
f 204/38/38 193/39/39 197/23/23
f 197/23/23 5/40/40 104/22/22
f 193/39/39 5/40/40 197/23/23
f 192/41/41 4/42/42 193/39/39
f 4/42/42 5/40/40 193/39/39
f 192/41/41 195/43/43 4/42/42
f 4/42/42 6/44/44 5/40/40
f 6/44/44 4/42/42 195/43/43
f 6/44/44 104/22/22 5/40/40
f 6/44/44 194/45/45 104/22/22
f 194/45/45 6/44/44 195/43/43
f 203/46/46 194/45/45 195/43/43
f 103/47/47 194/45/45 203/46/46
f 194/45/45 103/47/47 104/22/22
f 203/46/46 106/48/48 103/47/47
f 103/47/47 105/49/49 104/22/22
f 103/47/47 106/48/48 105/49/49
f 106/48/48 107/50/50 105/49/49
f 202/51/51 102/52/52 107/50/50
f 102/52/52 105/49/49 107/50/50
f 202/51/51 100/53/53 102/52/52
f 105/49/49 102/52/52 189/54/54
f 189/54/54 104/22/22 105/49/49
f 226/21/21 104/22/22 189/54/54
f 190/55/55 226/21/21 189/54/54
f 96/19/19 226/21/21 190/55/55
f 32/56/56 96/19/19 190/55/55
f 32/56/56 98/20/20 96/19/19
f 190/55/55 31/57/57 32/56/56
f 31/57/57 190/55/55 189/54/54
f 101/58/58 31/57/57 189/54/54
f 102/52/52 101/58/58 189/54/54
f 101/58/58 102/52/52 100/53/53
f 99/59/59 101/58/58 100/53/53
f 191/60/60 101/58/58 99/59/59
f 101/58/58 191/60/60 188/61/61
f 31/57/57 101/58/58 188/61/61
f 36/62/62 31/57/57 188/61/61
f 187/63/63 36/62/62 188/61/61
f 31/57/57 11/64/64 32/56/56
f 31/57/57 36/62/62 11/64/64
f 11/64/64 98/20/20 32/56/56
f 26/65/65 98/20/20 11/64/64
f 11/64/64 27/66/66 26/65/65
f 26/65/65 81/67/67 562/68/68
f 27/66/66 81/67/67 26/65/65
f 80/69/69 81/67/67 27/66/66
f 79/70/70 81/67/67 80/69/69
f 458/71/71 81/67/67 79/70/70
f 80/69/69 27/66/66 200/72/72
f 200/72/72 27/66/66 201/73/73
f 27/66/66 11/64/64 186/74/74
f 27/66/66 186/74/74 201/73/73
f 11/64/64 12/75/75 186/74/74
f 201/73/73 186/74/74 12/75/75
f 11/64/64 10/76/76 12/75/75
f 36/62/62 10/76/76 11/64/64
f 10/76/76 36/62/62 16/77/77
f 36/62/62 187/63/63 16/77/77
f 16/77/77 17/78/78 10/76/76
f 17/78/78 12/75/75 10/76/76
f 17/78/78 201/73/73 12/75/75
f 230/79/79 237/80/80 236/81/81
f 228/82/82 230/79/79 236/81/81
f 228/82/82 236/81/81 238/83/83
f 228/82/82 229/84/84 230/79/79
f 227/85/85 229/84/84 228/82/82
f 219/86/86 229/84/84 227/85/85
f 228/82/82 232/87/87 227/85/85
f 232/87/87 228/82/82 238/83/83
f 232/87/87 238/83/83 239/88/88
f 234/89/89 232/87/87 239/88/88
f 234/89/89 239/88/88 240/90/90
f 234/89/89 231/91/91 232/87/87
f 231/91/91 227/85/85 232/87/87
f 217/92/92 227/85/85 231/91/91
f 217/92/92 219/86/86 227/85/85
f 218/93/93 219/86/86 217/92/92
f 216/94/94 218/93/93 217/92/92
f 115/95/95 218/93/93 216/94/94
f 217/92/92 221/96/96 216/94/94
f 221/96/96 217/92/92 231/91/91
f 221/96/96 231/91/91 233/97/97
f 233/97/97 231/91/91 234/89/89
f 233/97/97 234/89/89 41/98/98
f 235/99/99 234/89/89 240/90/90
f 234/89/89 235/99/99 41/98/98
f 240/90/90 125/100/100 235/99/99
f 41/98/98 235/99/99 125/100/100
f 240/90/90 132/101/101 125/100/100
f 125/100/100 132/101/101 84/102/102
f 132/101/101 86/103/103 84/102/102
f 84/102/102 86/103/103 85/104/104
f 86/103/103 87/105/105 85/104/104
f 72/106/106 73/107/107 87/105/105
f 73/107/107 85/104/104 87/105/105
f 73/107/107 131/108/108 85/104/104
f 85/104/104 131/108/108 130/109/109
f 65/110/110 85/104/104 130/109/109
f 65/110/110 84/102/102 85/104/104
f 130/109/109 69/111/111 65/110/110
f 130/109/109 137/112/112 69/111/111
f 130/109/109 131/108/108 137/112/112
f 131/108/108 73/107/107 135/113/113
f 131/108/108 135/113/113 137/112/112
f 73/107/107 75/114/114 135/113/113
f 72/106/106 74/115/115 73/107/107
f 74/115/115 75/114/114 73/107/107
f 72/106/106 136/116/116 74/115/115
f 136/116/116 72/106/106 512/117/117
f 137/112/112 134/118/118 69/111/111
f 64/119/119 65/110/110 69/111/111
f 64/119/119 69/111/111 134/118/118
f 133/120/120 64/119/119 134/118/118
f 133/120/120 138/121/121 64/119/119
f 63/122/122 65/110/110 64/119/119
f 138/121/121 63/122/122 64/119/119
f 65/110/110 129/123/123 84/102/102
f 65/110/110 63/122/122 129/123/123
f 138/121/121 139/124/124 63/122/122
f 139/124/124 129/123/123 63/122/122
f 139/124/124 140/125/125 129/123/123
f 140/125/125 128/126/126 129/123/123
f 128/126/126 84/102/102 129/123/123
f 140/125/125 150/127/127 128/126/126
f 84/102/102 128/126/126 127/128/128
f 127/128/128 128/126/126 150/127/127
f 127/128/128 125/100/100 84/102/102
f 151/129/129 126/130/130 127/128/128
f 127/128/128 126/130/130 125/100/100
f 127/128/128 150/127/127 151/129/129
f 126/130/130 151/129/129 124/131/131
f 40/132/132 126/130/130 124/131/131
f 125/100/100 126/130/130 40/132/132
f 41/98/98 125/100/100 40/132/132
f 39/133/133 41/98/98 40/132/132
f 39/133/133 40/132/132 123/134/134
f 40/132/132 124/131/131 123/134/134
f 39/133/133 123/134/134 142/135/135
f 39/133/133 142/135/135 41/98/98
f 123/134/134 152/136/136 142/135/135
f 142/135/135 152/136/136 153/137/137
f 141/138/138 142/135/135 153/137/137
f 153/137/137 212/139/139 141/138/138
f 141/138/138 143/140/140 142/135/135
f 142/135/135 143/140/140 41/98/98
f 233/97/97 41/98/98 143/140/140
f 223/141/141 233/97/97 143/140/140
f 223/141/141 221/96/96 233/97/97
f 220/142/142 221/96/96 223/141/141
f 220/142/142 216/94/94 221/96/96
f 114/143/143 216/94/94 220/142/142
f 114/143/143 115/95/95 216/94/94
f 114/143/143 116/144/144 115/95/95
f 115/95/95 116/144/144 178/145/145
f 116/144/144 177/146/146 178/145/145
f 176/147/147 177/146/146 116/144/144
f 122/148/148 176/147/147 116/144/144
f 122/148/148 116/144/144 114/143/143
f 122/148/148 175/149/149 176/147/147
f 114/143/143 121/150/150 122/148/148
f 122/148/148 174/151/151 175/149/149
f 174/151/151 122/148/148 121/150/150
f 174/151/151 172/152/152 175/149/149
f 174/151/151 121/150/150 172/152/152
f 172/152/152 173/153/153 175/149/149
f 118/154/154 173/153/153 172/152/152
f 117/155/155 118/154/154 172/152/152
f 172/152/152 121/150/150 117/155/155
f 117/155/155 119/156/156 118/154/154
f 117/155/155 121/150/150 119/156/156
f 119/156/156 120/157/157 118/154/154
f 121/150/150 167/158/158 119/156/156
f 120/157/157 119/156/156 166/159/159
f 166/159/159 119/156/156 167/158/158
f 166/159/159 207/160/160 120/157/157
f 167/158/158 168/161/161 166/159/159
f 207/160/160 166/159/159 168/161/161
f 208/162/162 207/160/160 168/161/161
f 168/161/161 171/163/163 208/162/162
f 171/163/163 213/164/164 208/162/162
f 168/161/161 170/165/165 171/163/163
f 168/161/161 167/158/158 170/165/165
f 170/165/165 169/166/166 171/163/163
f 171/163/163 169/166/166 213/164/164
f 169/166/166 209/167/167 213/164/164
f 209/167/167 169/166/166 147/168/168
f 149/169/169 209/167/167 147/168/168
f 148/170/170 149/169/169 147/168/168
f 52/171/171 148/170/170 147/168/168
f 165/172/172 148/170/170 52/171/171
f 147/168/168 51/173/173 52/171/171
f 147/168/168 169/166/166 51/173/173
f 169/166/166 170/165/165 51/173/173
f 51/173/173 170/165/165 144/174/174
f 170/165/165 167/158/158 215/175/175
f 170/165/165 215/175/175 144/174/174
f 167/158/158 121/150/150 214/176/176
f 167/158/158 214/176/176 215/175/175
f 121/150/150 114/143/143 214/176/176
f 214/176/176 114/143/143 220/142/142
f 214/176/176 220/142/142 222/177/177
f 215/175/175 214/176/176 222/177/177
f 215/175/175 222/177/177 157/178/178
f 144/174/174 215/175/175 157/178/178
f 222/177/177 223/141/141 157/178/178
f 222/177/177 220/142/142 223/141/141
f 223/141/141 143/140/140 157/178/178
f 141/138/138 159/179/179 143/140/140
f 159/179/179 157/178/178 143/140/140
f 141/138/138 212/139/139 159/179/179
f 212/139/139 211/180/180 159/179/179
f 159/179/179 158/181/181 157/178/178
f 211/180/180 158/181/181 159/179/179
f 157/178/178 158/181/181 144/174/174
f 144/174/174 145/182/182 51/173/173
f 158/181/181 156/183/183 144/174/174
f 156/183/183 145/182/182 144/174/174
f 158/181/181 210/184/184 156/183/183
f 211/180/180 210/184/184 158/181/181
f 210/184/184 154/185/185 156/183/183
f 154/185/185 145/182/182 156/183/183
f 145/182/182 154/185/185 146/186/186
f 145/182/182 146/186/186 51/173/173
f 51/173/173 53/187/187 52/171/171
f 146/186/186 53/187/187 51/173/173
f 52/171/171 54/188/188 165/172/172
f 53/187/187 55/189/189 52/171/171
f 54/188/188 52/171/171 55/189/189
f 53/187/187 161/190/190 55/189/189
f 161/190/190 53/187/187 146/186/186
f 155/191/191 161/190/190 146/186/186
f 154/185/185 155/191/191 146/186/186
f 161/190/190 160/192/192 55/189/189
f 55/189/189 160/192/192 58/193/193
f 160/192/192 162/194/194 58/193/193
f 55/189/189 58/193/193 59/195/195
f 54/188/188 55/189/189 59/195/195
f 165/172/172 54/188/188 59/195/195
f 164/196/196 165/172/172 59/195/195
f 59/195/195 57/197/197 164/196/196
f 57/197/197 59/195/195 58/193/193
f 58/193/193 162/194/194 57/197/197
f 162/194/194 163/198/198 57/197/197
f 57/197/197 163/198/198 164/196/196
f 555/199/199 554/200/200 556/201/201
f 554/200/200 490/202/202 556/201/201
f 596/203/203 556/201/201 490/202/202
f 554/200/200 492/204/204 490/202/202
f 554/200/200 553/205/205 492/204/204
f 553/205/205 552/206/206 492/204/204
f 552/206/206 551/207/207 497/208/208
f 552/206/206 497/208/208 492/204/204
f 490/202/202 492/204/204 491/209/209
f 492/204/204 497/208/208 491/209/209
f 491/209/209 595/210/210 490/202/202
f 595/210/210 596/203/203 490/202/202
f 595/210/210 597/211/211 596/203/203
f 599/212/212 600/213/213 595/210/210
f 600/213/213 597/211/211 595/210/210
f 599/212/212 595/210/210 491/209/209
f 593/214/214 599/212/212 491/209/209
f 593/214/214 491/209/209 498/215/215
f 497/208/208 498/215/215 491/209/209
f 551/207/207 550/216/216 497/208/208
f 498/215/215 497/208/208 550/216/216
f 551/207/207 549/217/217 550/216/216
f 549/217/217 498/215/215 550/216/216
f 551/207/207 548/218/218 549/217/217
f 548/218/218 494/219/219 549/217/217
f 494/219/219 496/220/220 549/217/217
f 496/220/220 498/215/215 549/217/217
f 494/219/219 495/221/221 496/220/220
f 495/221/221 498/215/215 496/220/220
f 498/215/215 495/221/221 542/222/222
f 542/222/222 593/214/214 498/215/215
f 594/223/223 593/214/214 542/222/222
f 594/223/223 601/224/224 593/214/214
f 601/224/224 599/212/212 593/214/214
f 601/224/224 602/225/225 599/212/212
f 602/225/225 600/213/213 599/212/212
f 601/224/224 533/226/226 602/225/225
f 533/226/226 601/224/224 594/223/223
f 522/227/227 533/226/226 594/223/223
f 522/227/227 594/223/223 546/228/228
f 546/228/228 594/223/223 542/222/222
f 542/222/222 544/229/229 546/228/228
f 495/221/221 543/230/230 542/222/222
f 542/222/222 543/230/230 544/229/229
f 495/221/221 494/219/219 493/231/231
f 495/221/221 493/231/231 543/230/230
f 493/231/231 586/232/232 543/230/230
f 543/230/230 586/232/232 544/229/229
f 586/232/232 587/233/233 544/229/229
f 544/229/229 547/234/234 546/228/228
f 547/234/234 544/229/229 587/233/233
f 592/235/235 547/234/234 587/233/233
f 545/236/236 547/234/234 592/235/235
f 546/228/228 547/234/234 545/236/236
f 433/237/237 546/228/228 545/236/236
f 433/237/237 522/227/227 546/228/228
f 545/236/236 523/238/238 433/237/237
f 592/235/235 588/239/239 545/236/236
f 523/238/238 545/236/236 588/239/239
f 524/240/240 523/238/238 588/239/239
f 524/240/240 525/241/241 523/238/238
f 523/238/238 432/242/242 433/237/237
f 525/241/241 432/242/242 523/238/238
f 432/242/242 525/241/241 541/243/243
f 436/244/244 432/242/242 541/243/243
f 440/245/245 436/244/244 541/243/243
f 540/246/246 440/245/245 541/243/243
f 436/244/244 435/247/247 432/242/242
f 436/244/244 440/245/245 435/247/247
f 435/247/247 434/248/248 432/242/242
f 432/242/242 434/248/248 433/237/237
f 521/249/249 522/227/227 433/237/237
f 520/250/250 521/249/249 433/237/237
f 433/237/237 434/248/248 520/250/250
f 537/251/251 434/248/248 435/247/247
f 434/248/248 537/251/251 520/250/250
f 435/247/247 536/252/252 537/251/251
f 537/251/251 530/253/253 520/250/250
f 530/253/253 531/254/254 520/250/250
f 531/254/254 521/249/249 520/250/250
f 532/255/255 521/249/249 531/254/254
f 522/227/227 521/249/249 532/255/255
f 531/254/254 589/256/256 532/255/255
f 522/227/227 532/255/255 534/257/257
f 532/255/255 589/256/256 534/257/257
f 534/257/257 533/226/226 522/227/227
f 589/256/256 590/258/258 534/257/257
f 533/226/226 534/257/257 535/259/259
f 534/257/257 590/258/258 535/259/259
f 590/258/258 591/260/260 535/259/259
f 535/259/259 591/260/260 518/261/261
f 591/260/260 529/262/262 518/261/261
f 535/259/259 518/261/261 519/263/263
f 533/226/226 535/259/259 519/263/263
f 519/263/263 602/225/225 533/226/226
f 612/264/264 602/225/225 519/263/263
f 602/225/225 612/264/264 600/213/213
f 600/213/213 610/265/265 597/211/211
f 612/264/264 610/265/265 600/213/213
f 597/211/211 606/266/266 615/267/267
f 610/265/265 606/266/266 597/211/211
f 610/265/265 611/268/268 606/266/266
f 613/269/269 611/268/268 610/265/265
f 612/264/264 613/269/269 610/265/265
f 613/269/269 612/264/264 422/270/270
f 422/270/270 612/264/264 519/263/263
f 519/263/263 517/271/271 422/270/270
f 517/271/271 519/263/263 518/261/261
f 518/261/261 529/262/262 517/271/271
f 529/262/262 528/272/272 517/271/271
f 528/272/272 500/273/273 517/271/271
f 500/273/273 421/274/274 517/271/271
f 517/271/271 421/274/274 422/270/270
f 500/273/273 420/275/275 421/274/274
f 420/275/275 422/270/270 421/274/274
f 500/273/273 499/276/276 420/275/275
f 420/275/275 502/277/277 422/270/270
f 499/276/276 501/278/278 420/275/275
f 501/278/278 502/277/277 420/275/275
f 499/276/276 527/279/279 501/278/278
f 502/277/277 501/278/278 503/280/280
f 501/278/278 527/279/279 503/280/280
f 527/279/279 526/281/281 503/280/280
f 503/280/280 526/281/281 504/282/282
f 526/281/281 516/283/283 504/282/282
f 503/280/280 504/282/282 460/284/284
f 502/277/277 503/280/280 460/284/284
f 504/282/282 505/285/285 460/284/284
f 504/282/282 516/283/283 505/285/285
f 516/283/283 515/286/286 505/285/285
f 514/287/287 445/288/288 515/286/286
f 445/288/288 505/285/285 515/286/286
f 505/285/285 445/288/288 446/289/289
f 460/284/284 505/285/285 446/289/289
f 445/288/288 444/290/290 446/289/289
f 444/290/290 445/288/288 514/287/287
f 510/291/291 444/290/290 514/287/287
f 444/290/290 510/291/291 509/292/292
f 450/293/293 444/290/290 509/292/292
f 450/293/293 446/289/289 444/290/290
f 509/292/292 513/294/294 450/293/293
f 450/293/293 506/295/295 446/289/289
f 513/294/294 506/295/295 450/293/293
f 506/295/295 462/296/296 446/289/289
f 462/296/296 460/284/284 446/289/289
f 506/295/295 507/297/297 462/296/296
f 507/297/297 506/295/295 513/294/294
f 511/298/298 507/297/297 513/294/294
f 455/299/299 507/297/297 511/298/298
f 462/296/296 507/297/297 455/299/299
f 511/298/298 456/300/300 455/299/299
f 455/299/299 456/300/300 454/301/301
f 453/302/302 455/299/299 454/301/301
f 455/299/299 453/302/302 463/303/303
f 462/296/296 455/299/299 463/303/303
f 462/296/296 463/303/303 461/304/304
f 460/284/284 462/296/296 461/304/304
f 461/304/304 508/305/305 460/284/284
f 508/305/305 502/277/277 460/284/284
f 508/305/305 622/306/306 502/277/277
f 502/277/277 614/307/307 422/270/270
f 622/306/306 614/307/307 502/277/277
f 614/307/307 613/269/269 422/270/270
f 614/307/307 622/306/306 613/269/269
f 622/306/306 621/308/308 613/269/269
f 613/269/269 621/308/308 611/268/268
f 621/308/308 620/309/83 611/268/268
f 611/268/268 620/309/83 608/310/309
f 620/309/83 618/311/310 608/310/309
f 611/268/268 608/310/309 606/266/266
f 618/311/310 617/312/311 608/310/309
f 606/266/266 608/310/309 607/313/312
f 557/314/313 559/315/314 558/316/315
f 559/315/314 484/317/316 558/316/315
f 484/317/316 559/315/314 585/318/317
f 484/317/316 560/319/318 558/316/315
f 484/317/316 485/320/319 560/319/318
f 560/319/318 485/320/319 561/321/320
f 484/317/316 486/322/321 485/320/319
f 486/322/321 484/317/316 585/318/317
f 486/322/321 487/323/322 485/320/319
f 485/320/319 487/323/322 561/321/320
f 561/321/320 487/323/322 576/324/323
f 487/323/322 489/325/324 576/324/323
f 584/326/325 576/324/323 489/325/324
f 487/323/322 488/327/326 489/325/324
f 486/322/321 488/327/326 487/323/322
f 488/327/326 575/328/327 489/325/324
f 575/328/327 584/326/325 489/325/324
f 583/329/328 584/326/325 575/328/327
f 574/330/329 583/329/328 575/328/327
f 569/331/330 583/329/328 574/330/329
f 575/328/327 573/332/331 574/330/329
f 573/332/331 575/328/327 488/327/326
f 573/332/331 488/327/326 603/333/332
f 603/333/332 488/327/326 403/334/333
f 488/327/326 486/322/321 403/334/333
f 486/322/321 405/335/334 403/334/333
f 405/335/334 486/322/321 585/318/317
f 598/336/335 405/335/334 585/318/317
f 403/334/333 405/335/334 404/337/336
f 616/338/337 404/337/336 405/335/334
f 404/337/336 466/339/338 403/334/333
f 609/340/339 466/339/338 404/337/336
f 403/334/333 464/341/340 603/333/332
f 466/339/338 464/341/340 403/334/333
f 464/341/340 468/342/341 603/333/332
f 604/343/342 573/332/331 603/333/332
f 604/343/342 603/333/332 468/342/341
f 604/343/342 479/344/343 573/332/331
f 573/332/331 479/344/343 574/330/329
f 479/344/343 387/345/344 574/330/329
f 387/345/344 569/331/330 574/330/329
f 387/345/344 388/346/345 569/331/330
f 388/346/345 570/347/346 569/331/330
f 570/347/346 388/346/345 572/348/347
f 387/345/344 389/349/348 388/346/345
f 388/346/345 389/349/348 572/348/347
f 387/345/344 479/344/343 389/349/348
f 389/349/348 571/350/349 572/348/347
f 479/344/343 571/350/349 389/349/348
f 571/350/349 582/351/350 572/348/347
f 479/344/343 480/352/351 571/350/349
f 571/350/349 480/352/351 582/351/350
f 480/352/351 483/353/352 582/351/350
f 479/344/343 481/354/353 480/352/351
f 483/353/352 480/352/351 481/354/353
f 482/355/354 483/353/352 481/354/353
f 481/354/353 475/356/355 482/355/354
f 475/356/355 581/357/356 482/355/354
f 475/356/355 476/358/357 581/357/356
f 475/356/355 477/359/358 476/358/357
f 477/359/358 478/360/359 476/358/357
f 478/360/359 477/359/358 568/361/360
f 564/362/361 568/361/360 477/359/358
f 412/363/362 564/362/361 477/359/358
f 477/359/358 566/364/363 412/363/362
f 477/359/358 475/356/355 566/364/363
f 475/356/355 481/354/353 566/364/363
f 481/354/353 479/344/343 566/364/363
f 605/365/364 479/344/343 604/343/342
f 566/364/363 479/344/343 605/365/364
f 567/366/365 566/364/363 605/365/364
f 566/364/363 567/366/365 412/363/362
f 605/365/364 472/367/366 567/366/365
f 412/363/362 567/366/365 413/368/367
f 413/368/367 567/366/365 472/367/366
f 413/368/367 393/369/368 412/363/362
f 412/363/362 417/370/369 564/362/361
f 393/369/368 417/370/369 412/363/362
f 417/370/369 565/371/370 564/362/361
f 565/371/370 417/370/369 400/372/371
f 417/370/369 394/373/372 400/372/371
f 393/369/368 394/373/372 417/370/369
f 394/373/372 399/374/373 400/372/371
f 393/369/368 395/375/374 394/373/372
f 395/375/374 399/374/373 394/373/372
f 580/376/375 399/374/373 395/375/374
f 563/377/376 580/376/375 395/375/374
f 393/369/368 563/377/376 395/375/374
f 563/377/376 393/369/368 410/378/377
f 580/376/375 563/377/376 410/378/377
f 577/379/378 580/376/375 410/378/377
f 577/379/378 410/378/377 578/380/379
f 410/378/377 579/381/380 578/380/379
f 393/369/368 409/382/381 410/378/377
f 413/368/367 474/383/382 393/369/368
f 474/383/382 409/382/381 393/369/368
f 413/368/367 472/367/366 474/383/382
f 472/367/366 473/384/18 474/383/382
f 472/367/366 470/385/383 473/384/18
f 472/367/366 605/365/364 470/385/383
f 605/365/364 604/343/342 470/385/383
f 470/385/383 604/343/342 468/342/341
f 470/385/383 468/342/341 471/386/16
f 470/385/383 471/386/16 473/384/18
f 468/342/341 469/387/384 471/386/16
f 468/342/341 464/341/340 469/387/384
f 464/341/340 465/388/1 469/387/384
f 464/341/340 466/339/338 465/388/1
f 466/339/338 467/389/385 465/388/1
f 619/390/386 467/389/385 466/339/338
f 76/391/387 78/302/388 77/392/389
f 457/301/390 78/302/388 76/391/387
f 78/302/388 245/393/391 77/392/389
f 245/393/391 289/394/392 77/392/389
f 288/395/393 289/394/392 245/393/391
f 284/396/394 288/395/393 245/393/391
f 290/397/395 288/395/393 284/396/394
f 245/393/391 242/398/396 284/396/394
f 78/302/388 241/303/397 245/393/391
f 241/303/397 242/398/396 245/393/391
f 78/302/388 625/299/398 241/303/397
f 78/302/388 457/301/390 625/299/398
f 457/301/390 661/300/399 625/299/398
f 661/300/399 662/298/400 625/299/398
f 662/298/400 658/297/401 625/299/398
f 662/298/400 663/294/402 658/297/401
f 658/297/401 623/296/403 625/299/398
f 623/296/403 241/303/397 625/299/398
f 241/303/397 623/296/403 243/304/404
f 241/303/397 243/304/404 242/398/396
f 243/304/404 244/399/405 242/398/396
f 244/399/405 67/400/406 242/398/396
f 67/400/406 70/401/407 242/398/396
f 284/396/394 242/398/396 70/401/407
f 70/401/407 290/397/395 284/396/394
f 70/401/407 67/400/406 71/402/408
f 70/401/407 71/402/408 290/397/395
f 71/402/408 287/403/409 290/397/395
f 67/400/406 68/404/410 71/402/408
f 287/403/409 71/402/408 68/404/410
f 286/405/411 287/403/409 68/404/410
f 291/406/412 286/405/411 68/404/410
f 66/407/413 291/406/412 68/404/410
f 66/407/413 68/404/410 67/400/406
f 66/407/413 67/400/406 283/408/414
f 67/400/406 244/399/405 283/408/414
f 283/408/414 292/409/415 66/407/413
f 292/409/415 291/406/412 66/407/413
f 283/408/414 293/410/416 292/409/415
f 283/408/414 281/411/417 293/410/416
f 281/411/417 283/408/414 244/399/405
f 281/411/417 303/412/418 293/410/416
f 281/411/417 244/399/405 282/413/419
f 281/411/417 282/413/419 303/412/418
f 303/412/418 282/413/419 304/414/420
f 282/413/419 280/415/421 304/414/420
f 304/414/420 280/415/421 278/416/422
f 282/413/419 244/399/405 279/417/423
f 280/415/421 282/413/419 279/417/423
f 244/399/405 285/418/424 279/417/423
f 244/399/405 243/304/404 285/418/424
f 623/296/403 624/284/425 243/304/404
f 243/304/404 624/284/425 285/418/424
f 279/417/423 285/418/424 383/306/426
f 624/284/425 654/277/427 285/418/424
f 285/418/424 654/277/427 383/306/426
f 624/284/425 656/280/428 654/277/427
f 654/277/427 752/307/429 383/306/426
f 656/280/428 653/278/430 654/277/427
f 654/277/427 423/270/431 752/307/429
f 653/278/430 425/275/432 654/277/427
f 425/275/432 423/270/431 654/277/427
f 653/278/430 651/419/433 425/275/432
f 656/280/428 677/420/434 653/278/430
f 677/420/434 651/419/433 653/278/430
f 656/280/428 676/281/435 677/420/434
f 624/284/425 655/421/436 656/280/428
f 676/281/435 656/280/428 655/421/436
f 666/283/437 676/281/435 655/421/436
f 655/421/436 657/422/438 666/283/437
f 624/284/425 657/422/438 655/421/436
f 657/422/438 665/286/439 666/283/437
f 657/422/438 448/288/440 665/286/439
f 448/288/440 664/287/441 665/286/439
f 657/422/438 447/289/442 448/288/440
f 657/422/438 624/284/425 447/289/442
f 623/296/403 447/289/442 624/284/425
f 658/297/401 452/295/443 623/296/403
f 623/296/403 452/295/443 447/289/442
f 658/297/401 663/294/402 452/295/443
f 452/295/443 451/423/444 447/289/442
f 451/423/444 452/295/443 663/294/402
f 659/292/445 451/423/444 663/294/402
f 451/423/444 659/292/445 449/290/446
f 451/423/444 449/290/446 447/289/442
f 447/289/442 449/290/446 448/288/440
f 448/288/440 449/290/446 664/287/441
f 449/290/446 660/424/447 664/287/441
f 659/292/445 660/424/447 449/290/446
f 651/419/433 652/273/448 425/275/432
f 423/270/431 425/275/432 424/274/449
f 652/273/448 424/274/449 425/275/432
f 667/271/450 424/274/449 652/273/448
f 423/270/431 424/274/449 667/271/450
f 652/273/448 678/272/451 667/271/450
f 678/272/451 679/262/452 667/271/450
f 679/262/452 669/261/453 667/271/450
f 669/261/453 679/262/452 733/260/454
f 669/261/453 668/263/455 667/271/450
f 668/263/455 423/270/431 667/271/450
f 669/261/453 685/425/456 668/263/455
f 685/425/456 669/261/453 733/260/454
f 685/425/456 733/260/454 732/258/457
f 683/257/458 685/425/456 732/258/457
f 683/257/458 732/258/457 731/426/459
f 683/257/458 684/226/460 685/425/456
f 684/226/460 668/263/455 685/425/456
f 668/263/455 684/226/460 741/225/461
f 668/263/455 741/225/461 751/264/462
f 423/270/431 668/263/455 751/264/462
f 423/270/431 751/264/462 750/269/463
f 752/307/429 423/270/431 750/269/463
f 383/306/426 752/307/429 750/269/463
f 382/427/464 383/306/426 750/269/463
f 382/427/464 750/269/463 748/268/465
f 748/268/465 750/269/463 749/265/466
f 750/269/463 751/264/462 749/265/466
f 749/265/466 751/264/462 739/213/467
f 751/264/462 741/225/461 739/213/467
f 739/213/467 741/225/461 740/212/468
f 684/226/460 742/224/469 741/225/461
f 741/225/461 742/224/469 740/212/468
f 684/226/460 736/428/470 742/224/469
f 683/257/458 672/227/471 684/226/460
f 684/226/460 672/227/471 736/428/470
f 683/257/458 682/255/472 672/227/471
f 682/255/472 683/257/458 731/426/459
f 682/255/472 731/426/459 680/254/473
f 671/249/474 682/255/472 680/254/473
f 671/249/474 672/227/471 682/255/472
f 680/254/473 681/253/475 671/249/474
f 671/249/474 430/237/476 672/227/471
f 681/253/475 670/250/477 671/249/474
f 670/250/477 430/237/476 671/249/474
f 681/253/475 686/429/478 670/250/477
f 430/237/476 670/250/477 429/248/479
f 429/248/479 670/250/477 686/429/478
f 429/248/479 686/429/478 437/247/480
f 686/429/478 687/252/481 437/247/480
f 437/247/480 431/242/482 429/248/479
f 429/248/479 431/242/482 430/237/476
f 673/238/483 430/237/476 431/242/482
f 430/237/476 673/238/483 697/236/484
f 696/228/485 430/237/476 697/236/484
f 672/227/471 430/237/476 696/228/485
f 736/428/470 672/227/471 696/228/485
f 736/428/470 696/228/485 693/222/486
f 735/214/487 736/428/470 693/222/486
f 742/224/469 736/428/470 735/214/487
f 740/212/468 742/224/469 735/214/487
f 740/212/468 735/214/487 645/209/488
f 738/210/489 740/212/468 645/209/488
f 739/213/467 740/212/468 738/210/489
f 737/211/490 739/213/467 738/210/489
f 749/265/466 739/213/467 737/211/490
f 747/266/491 749/265/466 737/211/490
f 748/268/465 749/265/466 747/266/491
f 737/211/490 406/430/492 747/266/491
f 406/430/492 737/211/490 727/203/493
f 737/211/490 738/210/489 727/203/493
f 727/203/493 738/210/489 643/202/494
f 738/210/489 645/209/488 643/202/494
f 643/202/494 645/209/488 644/204/495
f 644/204/495 645/209/488 650/208/496
f 645/209/488 735/214/487 384/215/497
f 645/209/488 384/215/497 650/208/496
f 735/214/487 693/222/486 384/215/497
f 384/215/497 693/222/486 647/221/498
f 693/222/486 694/230/499 647/221/498
f 693/222/486 696/228/485 695/431/500
f 693/222/486 695/431/500 694/230/499
f 696/228/485 698/234/501 695/431/500
f 696/228/485 697/236/484 698/234/501
f 730/239/502 734/235/503 697/236/484
f 734/235/503 698/234/501 697/236/484
f 697/236/484 673/238/483 730/239/502
f 673/238/483 674/240/504 730/239/502
f 674/240/504 673/238/483 675/241/505
f 673/238/483 431/242/482 675/241/505
f 675/241/505 431/242/482 691/243/506
f 437/247/480 443/244/507 431/242/482
f 431/242/482 443/244/507 691/243/506
f 437/247/480 442/245/508 443/244/507
f 443/244/507 442/245/508 691/243/506
f 442/245/508 692/246/509 691/243/506
f 692/246/509 442/245/508 690/432/510
f 689/433/511 692/246/509 690/432/510
f 689/433/511 690/432/510 688/434/512
f 690/432/510 441/435/513 688/434/512
f 441/435/513 690/432/510 442/245/508
f 441/435/513 442/245/508 437/247/480
f 441/435/513 437/247/480 687/252/481
f 688/434/512 441/435/513 687/252/481
f 734/235/503 729/233/514 698/234/501
f 729/233/514 695/431/500 698/234/501
f 695/431/500 729/233/514 728/232/515
f 694/230/499 695/431/500 728/232/515
f 694/230/499 728/232/515 646/436/516
f 647/221/498 694/230/499 646/436/516
f 646/436/516 648/219/517 647/221/498
f 648/219/517 649/220/518 647/221/498
f 647/221/498 649/220/518 384/215/497
f 648/219/517 386/217/519 649/220/518
f 649/220/518 386/217/519 384/215/497
f 648/219/517 699/218/520 386/217/519
f 699/218/520 700/207/521 386/217/519
f 384/215/497 386/217/519 385/216/522
f 700/207/521 385/216/522 386/217/519
f 384/215/497 385/216/522 650/208/496
f 650/208/496 385/216/522 700/207/521
f 701/206/523 650/208/496 700/207/521
f 644/204/495 650/208/496 701/206/523
f 702/205/524 644/204/495 701/206/523
f 702/205/524 703/200/525 644/204/495
f 703/200/525 643/202/494 644/204/495
f 705/201/526 643/202/494 703/200/525
f 705/201/526 727/203/493 643/202/494
f 703/200/525 704/199/527 705/201/526
f 704/199/527 706/437/528 705/201/526
f 706/437/528 637/438/529 705/201/526
f 727/203/493 705/201/526 637/438/529
f 706/437/528 707/439/530 637/438/529
f 707/439/530 639/440/531 637/438/529
f 707/439/530 708/441/532 639/440/531
f 637/438/529 639/440/531 638/442/533
f 638/442/533 727/203/493 637/438/529
f 406/430/492 727/203/493 638/442/533
f 638/442/533 408/443/534 406/430/492
f 406/430/492 408/443/534 407/313/535
f 407/313/535 747/266/491 406/430/492
f 408/443/534 626/444/536 407/313/535
f 407/313/535 746/310/537 747/266/491
f 626/444/536 746/310/537 407/313/535
f 746/310/537 748/268/465 747/266/491
f 381/445/538 748/268/465 746/310/537
f 381/445/538 382/427/464 748/268/465
f 746/310/537 380/446/539 381/445/538
f 380/446/539 746/310/537 626/444/536
f 380/446/539 373/447/540 381/445/538
f 381/445/538 375/448/541 382/427/464
f 373/447/540 375/448/541 381/445/538
f 375/448/541 377/449/542 382/427/464
f 382/427/464 377/449/542 383/306/426
f 377/449/542 379/450/543 383/306/426
f 379/450/543 279/417/423 383/306/426
f 377/449/542 43/451/544 379/450/543
f 379/450/543 43/451/544 279/417/423
f 43/451/544 44/452/545 279/417/423
f 44/452/545 280/415/421 279/417/423
f 280/415/421 44/452/545 278/416/422
f 277/453/546 278/416/422 44/452/545
f 42/454/547 277/453/546 44/452/545
f 42/454/547 44/452/545 43/451/544
f 42/454/547 295/455/548 277/453/546
f 42/454/547 43/451/544 295/455/548
f 295/455/548 305/456/549 277/453/546
f 305/456/549 295/455/548 306/457/550
f 295/455/548 296/458/551 306/457/550
f 306/457/550 296/458/551 360/459/552
f 295/455/548 294/460/553 296/458/551
f 43/451/544 294/460/553 295/455/548
f 377/449/542 378/461/554 43/451/544
f 294/460/553 43/451/544 378/461/554
f 377/449/542 376/462/555 378/461/554
f 375/448/541 376/462/555 377/449/542
f 373/447/540 374/463/556 375/448/541
f 374/463/556 376/462/555 375/448/541
f 373/447/540 23/464/557 374/463/556
f 380/446/539 247/465/558 373/447/540
f 247/465/558 23/464/557 373/447/540
f 380/446/539 246/466/559 247/465/558
f 246/466/559 380/446/539 626/444/536
f 246/466/559 248/467/560 247/465/558
f 246/466/559 626/444/536 248/467/560
f 626/444/536 627/468/561 248/467/560
f 627/468/561 626/444/536 408/443/534
f 627/468/561 250/469/562 248/467/560
f 248/467/560 249/470/563 247/465/558
f 248/467/560 250/469/562 249/470/563
f 249/470/563 25/471/564 247/465/558
f 25/471/564 23/464/557 247/465/558
f 23/464/557 25/471/564 24/472/565
f 23/464/557 24/472/565 374/463/556
f 24/472/565 364/473/566 374/463/556
f 374/463/556 364/473/566 376/462/555
f 364/473/566 366/474/567 376/462/555
f 376/462/555 366/474/567 378/461/554
f 366/474/567 368/475/568 378/461/554
f 368/475/568 294/460/553 378/461/554
f 311/476/569 294/460/553 368/475/568
f 294/460/553 311/476/569 312/477/570
f 296/458/551 294/460/553 312/477/570
f 296/458/551 312/477/570 360/459/552
f 360/459/552 312/477/570 359/478/571
f 312/477/570 311/476/569 310/479/572
f 312/477/570 310/479/572 359/478/571
f 359/478/571 310/479/572 358/480/573
f 307/481/574 358/480/573 309/482/575
f 310/479/572 309/482/575 358/480/573
f 309/482/575 310/479/572 297/483/576
f 310/479/572 311/476/569 297/483/576
f 309/482/575 297/483/576 298/484/577
f 298/484/577 307/481/574 309/482/575
f 307/481/574 298/484/577 308/485/578
f 298/484/577 299/486/579 308/485/578
f 308/485/578 299/486/579 313/487/580
f 298/484/577 297/483/576 48/488/581
f 48/488/581 299/486/579 298/484/577
f 49/489/582 299/486/579 48/488/581
f 299/486/579 49/489/582 313/487/580
f 49/489/582 56/490/583 313/487/580
f 56/490/583 314/491/584 313/487/580
f 49/489/582 50/492/585 56/490/583
f 48/488/581 50/492/585 49/489/582
f 50/492/585 48/488/581 300/493/586
f 323/494/587 324/495/588 48/488/581
f 324/495/588 300/493/586 48/488/581
f 323/494/587 48/488/581 297/483/576
f 363/496/589 323/494/587 297/483/576
f 363/496/589 297/483/576 311/476/569
f 369/497/590 363/496/589 311/476/569
f 369/497/590 311/476/569 368/475/568
f 367/498/591 369/497/590 368/475/568
f 366/474/567 367/498/591 368/475/568
f 367/498/591 362/499/592 369/497/590
f 362/499/592 363/496/589 369/497/590
f 362/499/592 321/500/581 363/496/589
f 321/500/581 323/494/587 363/496/589
f 323/494/587 321/500/581 322/501/593
f 325/502/594 323/494/587 322/501/593
f 325/502/594 324/495/588 323/494/587
f 325/502/594 361/503/595 324/495/588
f 324/495/588 357/504/596 300/493/586
f 361/503/595 357/504/596 324/495/588
f 357/504/596 302/505/597 300/493/586
f 50/492/585 300/493/586 301/506/598
f 300/493/586 302/505/597 301/506/598
f 301/506/598 318/507/599 50/492/585
f 50/492/585 60/508/600 56/490/583
f 318/507/599 60/508/600 50/492/585
f 60/508/600 61/509/601 56/490/583
f 60/508/600 318/507/599 61/509/601
f 61/509/601 62/510/602 56/490/583
f 56/490/583 62/510/602 314/491/584
f 62/510/602 315/511/603 314/491/584
f 62/510/602 316/512/604 315/511/603
f 61/509/601 316/512/604 62/510/602
f 316/512/604 317/513/605 315/511/603
f 319/514/606 317/513/605 316/512/604
f 61/509/601 319/514/606 316/512/604
f 318/507/599 319/514/606 61/509/601
f 356/515/607 361/503/595 325/502/594
f 322/501/593 356/515/607 325/502/594
f 356/515/607 322/501/593 355/516/608
f 320/517/609 322/501/593 321/500/581
f 322/501/593 320/517/609 355/516/608
f 355/516/608 320/517/609 275/518/610
f 320/517/609 321/500/581 273/519/611
f 320/517/609 273/519/611 275/518/610
f 321/500/581 2/520/612 273/519/611
f 2/520/612 321/500/581 362/499/592
f 271/521/613 2/520/612 362/499/592
f 271/521/613 362/499/592 367/498/591
f 365/522/614 271/521/613 367/498/591
f 365/522/614 367/498/591 366/474/567
f 364/473/566 365/522/614 366/474/567
f 24/472/565 354/523/615 364/473/566
f 354/523/615 365/522/614 364/473/566
f 354/523/615 270/524/616 365/522/614
f 270/524/616 271/521/613 365/522/614
f 269/525/617 271/521/613 270/524/616
f 271/521/613 269/525/617 276/526/618
f 2/520/612 271/521/613 276/526/618
f 276/526/618 1/527/619 2/520/612
f 1/527/619 3/528/620 2/520/612
f 2/520/612 3/528/620 272/529/621
f 2/520/612 272/529/621 273/519/611
f 272/529/621 274/530/622 273/519/611
f 274/530/622 275/518/610 273/519/611
f 272/529/621 3/528/620 274/530/622
f 3/528/620 326/531/623 274/530/622
f 326/531/623 3/528/620 327/532/624
f 3/528/620 1/527/619 327/532/624
f 1/527/619 276/526/618 327/532/624
f 276/526/618 328/533/625 327/532/624
f 276/526/618 269/525/617 328/533/625
f 269/525/617 329/534/626 328/533/625
f 329/534/626 269/525/617 330/535/627
f 269/525/617 270/524/616 330/535/627
f 270/524/616 331/536/628 330/535/627
f 270/524/616 354/523/615 331/536/628
f 331/536/628 332/537/629 330/535/627
f 333/538/630 332/537/629 331/536/628
f 264/539/631 333/538/630 331/536/628
f 331/536/628 354/523/615 264/539/631
f 354/523/615 263/540/632 264/539/631
f 263/540/632 354/523/615 24/472/565
f 24/472/565 25/471/564 263/540/632
f 263/540/632 25/471/564 266/541/633
f 25/471/564 249/470/563 370/542/634
f 25/471/564 370/542/634 266/541/633
f 249/470/563 250/469/562 251/543/635
f 249/470/563 251/543/635 370/542/634
f 370/542/634 251/543/635 371/544/636
f 370/542/634 371/544/636 346/545/637
f 266/541/633 370/542/634 346/545/637
f 266/541/633 346/545/637 347/546/638
f 268/547/639 266/541/633 347/546/638
f 266/541/633 268/547/639 267/548/640
f 266/541/633 267/548/640 263/540/632
f 263/540/632 265/549/641 264/539/631
f 267/548/640 265/549/641 263/540/632
f 265/549/641 334/550/642 264/539/631
f 334/550/642 333/538/630 264/539/631
f 265/549/641 335/551/643 334/550/642
f 267/548/640 335/551/643 265/549/641
f 348/552/644 335/551/643 267/548/640
f 268/547/639 348/552/644 267/548/640
f 348/552/644 268/547/639 353/553/645
f 268/547/639 347/546/638 353/553/645
f 353/553/645 347/546/638 352/554/646
f 347/546/638 346/545/637 345/555/647
f 347/546/638 345/555/647 352/554/646
f 346/545/637 46/556/648 345/555/647
f 346/545/637 371/544/636 46/556/648
f 251/543/635 253/557/649 371/544/636
f 371/544/636 372/558/650 46/556/648
f 371/544/636 253/557/649 372/558/650
f 46/556/648 372/558/650 339/559/651
f 253/557/649 255/560/652 372/558/650
f 372/558/650 33/561/653 339/559/651
f 372/558/650 255/560/652 33/561/653
f 33/561/653 34/562/654 339/559/651
f 255/560/652 35/563/655 33/561/653
f 33/561/653 35/563/655 34/562/654
f 255/560/652 256/564/656 35/563/655
f 35/563/655 14/565/657 34/562/654
f 14/565/657 35/563/655 256/564/656
f 14/565/657 38/566/658 34/562/654
f 337/567/659 34/562/654 38/566/658
f 258/568/660 34/562/654 337/567/659
f 34/562/654 258/568/660 339/559/651
f 45/569/661 339/559/651 260/570/662
f 339/559/651 258/568/660 260/570/662
f 45/569/661 46/556/648 339/559/651
f 45/569/661 47/571/663 46/556/648
f 260/570/662 262/572/664 45/569/661
f 47/571/663 45/569/661 261/573/665
f 45/569/661 262/572/664 261/573/665
f 261/573/665 351/574/666 47/571/663
f 47/571/663 343/575/667 46/556/648
f 351/574/666 343/575/667 47/571/663
f 351/574/666 344/576/668 343/575/667
f 343/575/667 8/577/669 46/556/648
f 344/576/668 8/577/669 343/575/667
f 46/556/648 9/578/670 345/555/647
f 8/577/669 9/578/670 46/556/648
f 7/579/671 9/578/670 8/577/669
f 8/577/669 344/576/668 7/579/671
f 344/576/668 341/580/672 7/579/671
f 341/580/672 342/581/673 7/579/671
f 342/581/673 9/578/670 7/579/671
f 345/555/647 9/578/670 342/581/673
f 352/554/646 345/555/647 342/581/673
f 350/582/674 262/572/664 260/570/662
f 350/582/674 260/570/662 259/583/675
f 259/583/675 260/570/662 258/568/660
f 257/584/676 259/583/675 258/568/660
f 340/585/677 257/584/676 258/568/660
f 340/585/677 258/568/660 337/567/659
f 336/586/678 337/567/659 38/566/658
f 338/587/679 336/586/678 38/566/658
f 37/588/680 338/587/679 38/566/658
f 37/588/680 38/566/658 14/565/657
f 37/588/680 18/589/681 338/587/679
f 14/565/657 15/590/682 37/588/680
f 37/588/680 15/590/682 18/589/681
f 18/589/681 15/590/682 19/591/683
f 13/592/684 15/590/682 14/565/657
f 15/590/682 13/592/684 19/591/683
f 14/565/657 30/593/685 13/592/684
f 13/592/684 30/593/685 19/591/683
f 30/593/685 349/594/686 19/591/683
f 83/595/687 349/594/686 30/593/685
f 28/596/688 83/595/687 30/593/685
f 82/597/689 83/595/687 28/596/688
f 28/596/688 459/598/690 82/597/689
f 28/596/688 411/599/691 459/598/690
f 411/599/691 722/600/692 459/598/690
f 402/601/693 722/600/692 411/599/691
f 397/602/694 402/601/693 411/599/691
f 397/602/694 411/599/691 396/603/695
f 29/604/696 411/599/691 28/596/688
f 396/603/695 411/599/691 29/604/696
f 28/596/688 30/593/685 29/604/696
f 29/604/696 30/593/685 14/565/657
f 29/604/696 14/565/657 256/564/656
f 396/603/695 29/604/696 256/564/656
f 416/605/697 396/603/695 256/564/656
f 630/606/698 416/605/697 256/564/656
f 254/607/699 630/606/698 256/564/656
f 254/607/699 256/564/656 255/560/652
f 254/607/699 255/560/652 253/557/649
f 252/608/700 254/607/699 253/557/649
f 252/608/700 253/557/649 251/543/635
f 250/469/562 252/608/700 251/543/635
f 627/468/561 628/609/701 250/469/562
f 250/469/562 628/609/701 252/608/700
f 628/609/701 629/610/702 252/608/700
f 252/608/700 629/610/702 254/607/699
f 629/610/702 630/606/698 254/607/699
f 745/611/703 630/606/698 629/610/702
f 745/611/703 415/612/704 630/606/698
f 415/612/704 416/605/697 630/606/698
f 414/613/705 416/605/697 415/612/704
f 414/613/705 396/603/695 416/605/697
f 415/612/704 712/614/706 414/613/705
f 712/614/706 415/612/704 745/611/703
f 426/615/707 712/614/706 745/611/703
f 426/615/707 745/611/703 744/616/708
f 744/616/708 745/611/703 629/610/702
f 744/616/708 629/610/702 628/609/701
f 743/617/709 744/616/708 628/609/701
f 743/617/709 628/609/701 627/468/561
f 408/443/534 743/617/709 627/468/561
f 638/442/533 641/618/710 408/443/534
f 641/618/710 743/617/709 408/443/534
f 641/618/710 719/619/711 743/617/709
f 719/619/711 744/616/708 743/617/709
f 719/619/711 426/615/707 744/616/708
f 426/615/707 719/619/711 718/620/712
f 719/619/711 641/618/710 720/621/713
f 718/620/712 719/619/711 720/621/713
f 641/618/710 642/622/714 720/621/713
f 638/442/533 640/623/715 641/618/710
f 640/623/715 642/622/714 641/618/710
f 638/442/533 639/440/531 640/623/715
f 708/441/532 640/623/715 639/440/531
f 708/441/532 721/624/716 640/623/715
f 721/624/716 642/622/714 640/623/715
f 642/622/714 721/624/716 726/625/717
f 720/621/713 642/622/714 726/625/717
f 720/621/713 726/625/717 725/626/718
f 718/620/712 720/621/713 725/626/718
f 718/620/712 725/626/718 714/627/719
f 392/628/720 718/620/712 714/627/719
f 392/628/720 426/615/707 718/620/712
f 714/627/719 391/629/721 392/628/720
f 426/615/707 392/628/720 390/630/722
f 390/630/722 392/628/720 391/629/721
f 390/630/722 716/631/723 426/615/707
f 390/630/722 717/632/724 716/631/723
f 717/632/724 390/630/722 391/629/721
f 715/633/725 717/632/724 391/629/721
f 714/627/719 715/633/725 391/629/721
f 717/632/724 724/634/726 716/631/723
f 426/615/707 716/631/723 428/635/727
f 716/631/723 724/634/726 428/635/727
f 724/634/726 636/636/728 428/635/727
f 426/615/707 428/635/727 427/637/729
f 427/637/729 428/635/727 636/636/728
f 427/637/729 712/614/706 426/615/707
f 636/636/728 635/638/730 427/637/729
f 712/614/706 427/637/729 631/639/731
f 427/637/729 635/638/730 631/639/731
f 635/638/730 723/640/732 631/639/731
f 633/641/733 631/639/731 723/640/732
f 631/639/731 633/641/733 632/642/734
f 632/642/734 712/614/706 631/639/731
f 712/614/706 632/642/734 414/613/705
f 414/613/705 709/643/735 419/644/736
f 709/643/735 414/613/705 632/642/734
f 419/644/736 396/603/695 414/613/705
f 632/642/734 633/641/733 634/645/737
f 632/642/734 634/645/737 713/646/738
f 713/646/738 709/643/735 632/642/734
f 709/643/735 710/647/739 419/644/736
f 710/647/739 711/648/740 419/644/736
f 396/603/695 419/644/736 418/649/741
f 711/648/740 418/649/741 419/644/736
f 418/649/741 711/648/740 401/650/742
f 398/651/743 418/649/741 401/650/742
f 396/603/695 418/649/741 398/651/743
f 396/603/695 398/651/743 397/602/694
f 402/601/693 397/602/694 398/651/743
f 401/650/742 402/601/693 398/651/743
f 536/252/252 435/247/247 438/435/744
f 440/245/245 438/435/744 435/247/247
f 438/435/744 538/434/745 536/252/252
f 438/435/744 440/245/245 439/432/746
f 538/434/745 438/435/744 439/432/746
f 440/245/245 540/246/246 439/432/746
f 539/433/747 439/432/746 540/246/246
f 539/433/747 538/434/745 439/432/746
